t,phase,master_x,master_y,master_z,master_qx,master_qy,master_qz,master_qw,pointing_x,pointing_y,pointing_z,clutch,ee_x,ee_y,ee_z,ee_qx,ee_qy,ee_qz,ee_qw,cmd_x,cmd_y,cmd_z,gripper_rad,autonomy_state,intent_top,intent_top_p,intent_margin,intent_ambiguous,intent_dist,intent_ids,grasp_offered,channels_live,ik_success,ik_fail,ik_rejected,clearance_m,payload_kg,estop
0.5036,reach,-0.29007061026511544,0.40793256054490246,1.0574801226951676,0.0,0.0,0.0,1.0,-0.5095101710852522,-0.4311239909182907,0.7446687115861406,1,-0.32805081050286966,0.3925621464392315,1.0845791684821569,-1.7911317563013014e-06,-4.132542907792081e-06,3.0181998247891256e-07,0.9999999999898114,-0.29007061026511544,0.40793256054490246,1.0574801226951676,0.7929,ASSIST,tag_0,1.0,1.0,0,[1.0],"[""tag_0""]",1,"{""j1"": true, ""j2"": true, ""j3"": true, ""j4"": true, ""j5"": true, ""j6"": true, ""j7"": true, ""accel"": true, ""gyro"": true, ""imu2"": true}",25345.0,4458.0,1.0,0.16944534188592164,0.0,0
0.5051,reach,-0.29007061026511544,0.40793256054490246,1.0574801226951676,0.0,0.0,0.0,1.0,-0.5095101710852522,-0.4311239909182907,0.7446687115861406,1,-0.32805081050286966,0.3925621464392315,1.0845791684821569,-1.7911317563013014e-06,-4.132542907792081e-06,3.0181998247891256e-07,0.9999999999898114,-0.29007061026511544,0.40793256054490246,1.0574801226951676,0.7929,ASSIST,tag_0,1.0,1.0,0,[1.0],"[""tag_0""]",1,"{""j1"": true, ""j2"": true, ""j3"": true, ""j4"": true, ""j5"": true, ""j6"": true, ""j7"": true, ""accel"": true, ""gyro"": true, ""imu2"": true}",25345.0,4458.0,1.0,0.16944534188592164,0.0,0
0.511,reach,-0.29007061026511544,0.40793256054490246,1.0574801226951676,0.0,0.0,0.0,1.0,-0.5095101710852522,-0.4311239909182907,0.7446687115861406,1,-0.32805081050286966,0.3925621464392315,1.0845791684821569,-1.7911317563013014e-06,-4.132542907792081e-06,3.0181998247891256e-07,0.9999999999898114,-0.29007061026511544,0.40793256054490246,1.0574801226951676,0.7929,ASSIST,tag_0,1.0,1.0,0,[1.0],"[""tag_0""]",1,"{""j1"": true, ""j2"": true, ""j3"": true, ""j4"": true, ""j5"": true, ""j6"": true, ""j7"": true, ""accel"": true, ""gyro"": true, ""imu2"": true}",25345.0,4458.0,1.0,0.16944534188592164,0.0,0
0.5136,reach,-0.29007061026511544,0.40793256054490246,1.0574801226951676,0.0,0.0,0.0,1.0,-0.5095101710852522,-0.4311239909182907,0.7446687115861406,1,-0.32805081050286966,0.3925621464392315,1.0845791684821569,-1.7911317563013014e-06,-4.132542907792081e-06,3.0181998247891256e-07,0.9999999999898114,-0.29007061026511544,0.40793256054490246,1.0574801226951676,0.7929,ASSIST,tag_0,1.0,1.0,0,[1.0],"[""tag_0""]",1,"{""j1"": true, ""j2"": true, ""j3"": true, ""j4"": true, ""j5"": true, ""j6"": true, ""j7"": true, ""accel"": true, ""gyro"": true, ""imu2"": true}",25345.0,4458.0,1.0,0.16944534188592164,0.0,0
0.5145,reach,-0.29007061026511544,0.40793256054490246,1.0574801226951676,0.0,0.0,0.0,1.0,-0.5095101710852522,-0.4311239909182907,0.7446687115861406,1,-0.32805081050286966,0.3925621464392315,1.0845791684821569,-1.7911317563013014e-06,-4.132542907792081e-06,3.0181998247891256e-07,0.9999999999898114,-0.29007061026511544,0.40793256054490246,1.0574801226951676,0.7929,ASSIST,tag_0,1.0,1.0,0,[1.0],"[""tag_0""]",1,"{""j1"": true, ""j2"": true, ""j3"": true, ""j4"": true, ""j5"": true, ""j6"": true, ""j7"": true, ""accel"": true, ""gyro"": true, ""imu2"": true}",25345.0,4458.0,1.0,0.16944534188592164,0.0,0
0.5179,reach,-0.29177302959779366,0.4067569860282613,1.0586965901100815,0.0,0.0,0.0,1.0,-0.5095101710852522,-0.4311239909182907,0.7446687115861406,1,-0.32805081050286966,0.3925621464392315,1.0845791684821569,-1.7911317563013014e-06,-4.132542907792081e-06,3.0181998247891256e-07,0.9999999999898114,-0.29177302959779366,0.4067569860282613,1.0586965901100815,0.7929,ASSIST,tag_0,1.0,1.0,0,[1.0],"[""tag_0""]",1,"{""j1"": true, ""j2"": true, ""j3"": true, ""j4"": true, ""j5"": true, ""j6"": true, ""j7"": true, ""accel"": true, ""gyro"": true, ""imu2"": true}",25345.0,4458.0,1.0,0.16944534188592164,0.0,0
0.5188,reach,-0.29177302959779366,0.4067569860282613,1.0586965901100815,0.0,0.0,0.0,1.0,-0.7093413886159275,-0.4898227152671285,0.506861422880816,1,-0.32805081050286966,0.3925621464392315,1.0845791684821569,-1.7911317563013014e-06,-4.132542907792081e-06,3.0181998247891256e-07,0.9999999999898114,-0.29177302959779366,0.4067569860282613,1.0586965901100815,0.7929,ASSIST,tag_0,1.0,1.0,0,[1.0],"[""tag_0""]",1,"{""j1"": true, ""j2"": true, ""j3"": true, ""j4"": true, ""j5"": true, ""j6"": true, ""j7"": true, ""accel"": true, ""gyro"": true, ""imu2"": true}",25345.0,4458.0,1.0,0.16944534188592164,0.0,0
0.5191,reach,-0.29177302959779366,0.4067569860282613,1.0586965901100815,0.0,0.0,0.0,1.0,-0.7093413886159275,-0.4898227152671285,0.506861422880816,1,-0.32805081050286966,0.3925621464392315,1.0845791684821569,-1.7911317563013014e-06,-4.132542907792081e-06,3.0181998247891256e-07,0.9999999999898114,-0.29177302959779366,0.4067569860282613,1.0586965901100815,0.7929,ASSIST,tag_0,1.0,1.0,0,[1.0],"[""tag_0""]",1,"{""j1"": true, ""j2"": true, ""j3"": true, ""j4"": true, ""j5"": true, ""j6"": true, ""j7"": true, ""accel"": true, ""gyro"": true, ""imu2"": true}",25345.0,4458.0,1.0,0.16944534188592164,0.0,0
0.5216,reach,-0.29177302959779366,0.4067569860282613,1.0586965901100815,0.0,0.0,0.0,1.0,-0.7093413886159275,-0.4898227152671285,0.506861422880816,1,-0.32805081050286966,0.3925621464392315,1.0845791684821569,-1.7911317563013014e-06,-4.132542907792081e-06,3.0181998247891256e-07,0.9999999999898114,-0.29177302959779366,0.4067569860282613,1.0586965901100815,0.7929,ASSIST,tag_0,1.0,1.0,0,[1.0],"[""tag_0""]",1,"{""j1"": true, ""j2"": true, ""j3"": true, ""j4"": true, ""j5"": true, ""j6"": true, ""j7"": true, ""accel"": true, ""gyro"": true, ""imu2"": true}",25345.0,4458.0,1.0,0.16944534188592164,0.0,0
0.5238,reach,-0.29177302959779366,0.4067569860282613,1.0586965901100815,0.0,0.0,0.0,1.0,-0.7093413886159275,-0.4898227152671285,0.506861422880816,1,-0.32805081050286966,0.3925621464392315,1.0845791684821569,-1.7911317563013014e-06,-4.132542907792081e-06,3.0181998247891256e-07,0.9999999999898114,-0.29177302959779366,0.4067569860282613,1.0586965901100815,0.7929,ASSIST,tag_0,1.0,1.0,0,[1.0],"[""tag_0""]",1,"{""j1"": true, ""j2"": true, ""j3"": true, ""j4"": true, ""j5"": true, ""j6"": true, ""j7"": true, ""accel"": true, ""gyro"": true, ""imu2"": true}",25345.0,4458.0,1.0,0.16944534188592164,0.0,0
0.5294,reach,-0.29177302959779366,0.4067569860282613,1.0586965901100815,0.0,0.0,0.0,1.0,-0.7093413886159275,-0.4898227152671285,0.506861422880816,1,-0.32805081050286966,0.3925621464392315,1.0845791684821569,-1.7911317563013014e-06,-4.132542907792081e-06,3.0181998247891256e-07,0.9999999999898114,-0.29177302959779366,0.4067569860282613,1.0586965901100815,0.7929,ASSIST,tag_0,1.0,1.0,0,[1.0],"[""tag_0""]",1,"{""j1"": true, ""j2"": true, ""j3"": true, ""j4"": true, ""j5"": true, ""j6"": true, ""j7"": true, ""accel"": true, ""gyro"": true, ""imu2"": true}",25345.0,4458.0,1.0,0.16944534188592164,0.0,0
0.5333,reach,-0.29177302959779366,0.4067569860282613,1.0586965901100815,0.0,0.0,0.0,1.0,-0.7093413886159275,-0.4898227152671285,0.506861422880816,1,-0.32805081050286966,0.3925621464392315,1.0845791684821569,-1.7911317563013014e-06,-4.132542907792081e-06,3.0181998247891256e-07,0.9999999999898114,-0.29177302959779366,0.4067569860282613,1.0586965901100815,0.7929,ASSIST,tag_0,1.0,1.0,0,[1.0],"[""tag_0""]",1,"{""j1"": true, ""j2"": true, ""j3"": true, ""j4"": true, ""j5"": true, ""j6"": true, ""j7"": true, ""accel"": true, ""gyro"": true, ""imu2"": true}",25345.0,4458.0,1.0,0.16944534188592164,0.0,0
0.5341,reach,-0.29177302959779366,0.4067569860282613,1.0586965901100815,0.0,0.0,0.0,1.0,-0.7093413886159275,-0.4898227152671285,0.506861422880816,1,-0.32805081050286966,0.3925621464392315,1.0845791684821569,-1.7911317563013014e-06,-4.132542907792081e-06,3.0181998247891256e-07,0.9999999999898114,-0.29177302959779366,0.4067569860282613,1.0586965901100815,0.7929,ASSIST,tag_0,1.0,1.0,0,[1.0],"[""tag_0""]",1,"{""j1"": true, ""j2"": true, ""j3"": true, ""j4"": true, ""j5"": true, ""j6"": true, ""j7"": true, ""accel"": true, ""gyro"": true, ""imu2"": true}",25345.0,4458.0,1.0,0.16944534188592164,0.0,0
0.5346,reach,-0.29177302959779366,0.4067569860282613,1.0586965901100815,0.0,0.0,0.0,1.0,-0.7093413886159275,-0.4898227152671285,0.506861422880816,1,-0.32805081050286966,0.3925621464392315,1.0845791684821569,-1.7911317563013014e-06,-4.132542907792081e-06,3.0181998247891256e-07,0.9999999999898114,-0.29177302959779366,0.4067569860282613,1.0586965901100815,0.7929,ASSIST,tag_0,1.0,1.0,0,[1.0],"[""tag_0""]",1,"{""j1"": true, ""j2"": true, ""j3"": true, ""j4"": true, ""j5"": true, ""j6"": true, ""j7"": true, ""accel"": true, ""gyro"": true, ""imu2"": true}",25345.0,4458.0,1.0,0.16944534188592164,0.0,0
0.5377,reach,-0.2934754489304719,0.4055814115116202,1.0599130575249955,0.0,0.0,0.0,1.0,-0.7093413886159275,-0.4898227152671285,0.506861422880816,1,-0.32805081050286966,0.3925621464392315,1.0845791684821569,-1.7911317563013014e-06,-4.132542907792081e-06,3.0181998247891256e-07,0.9999999999898114,-0.2934754489304719,0.4055814115116202,1.0599130575249955,0.7929,ASSIST,tag_0,1.0,1.0,0,[1.0],"[""tag_0""]",1,"{""j1"": true, ""j2"": true, ""j3"": true, ""j4"": true, ""j5"": true, ""j6"": true, ""j7"": true, ""accel"": true, ""gyro"": true, ""imu2"": true}",25345.0,4458.0,1.0,0.16944534188592164,0.0,0
0.5386,reach,-0.2934754489304719,0.4055814115116202,1.0599130575249955,0.0,0.0,0.0,1.0,-0.7093413886159278,-0.48982271526712834,0.5068614228808157,1,-0.32805081050286966,0.3925621464392315,1.0845791684821569,-1.7911317563013014e-06,-4.132542907792081e-06,3.0181998247891256e-07,0.9999999999898114,-0.2934754489304719,0.4055814115116202,1.0599130575249955,0.7929,ASSIST,tag_0,1.0,1.0,0,[1.0],"[""tag_0""]",1,"{""j1"": true, ""j2"": true, ""j3"": true, ""j4"": true, ""j5"": true, ""j6"": true, ""j7"": true, ""accel"": true, ""gyro"": true, ""imu2"": true}",25345.0,4458.0,1.0,0.16944534188592164,0.0,0
0.5389,reach,-0.2934754489304719,0.4055814115116202,1.0599130575249955,0.0,0.0,0.0,1.0,-0.7093413886159278,-0.48982271526712834,0.5068614228808157,1,-0.32805081050286966,0.3925621464392315,1.0845791684821569,-1.7911317563013014e-06,-4.132542907792081e-06,3.0181998247891256e-07,0.9999999999898114,-0.2934754489304719,0.4055814115116202,1.0599130575249955,0.7929,ASSIST,tag_0,1.0,1.0,0,[1.0],"[""tag_0""]",1,"{""j1"": true, ""j2"": true, ""j3"": true, ""j4"": true, ""j5"": true, ""j6"": true, ""j7"": true, ""accel"": true, ""gyro"": true, ""imu2"": true}",25345.0,4458.0,1.0,0.16944534188592164,0.0,0
0.5416,reach,-0.2934754489304719,0.4055814115116202,1.0599130575249955,0.0,0.0,0.0,1.0,-0.7093413886159278,-0.48982271526712834,0.5068614228808157,1,-0.32805081050286966,0.3925621464392315,1.0845791684821569,-1.7911317563013014e-06,-4.132542907792081e-06,3.0181998247891256e-07,0.9999999999898114,-0.2934754489304719,0.4055814115116202,1.0599130575249955,0.7929,ASSIST,tag_0,1.0,1.0,0,[1.0],"[""tag_0""]",1,"{""j1"": true, ""j2"": true, ""j3"": true, ""j4"": true, ""j5"": true, ""j6"": true, ""j7"": true, ""accel"": true, ""gyro"": true, ""imu2"": true}",25345.0,4459.0,1.0,0.16944534188592164,0.0,0
0.5438,reach,-0.2934754489304719,0.4055814115116202,1.0599130575249955,0.0,0.0,0.0,1.0,-0.7093413886159278,-0.48982271526712834,0.5068614228808157,1,-0.32805081050286966,0.3925621464392315,1.0845791684821569,-1.7911317563013014e-06,-4.132542907792081e-06,3.0181998247891256e-07,0.9999999999898114,-0.2934754489304719,0.4055814115116202,1.0599130575249955,0.7929,ASSIST,tag_0,1.0,1.0,0,[1.0],"[""tag_0""]",1,"{""j1"": true, ""j2"": true, ""j3"": true, ""j4"": true, ""j5"": true, ""j6"": true, ""j7"": true, ""accel"": true, ""gyro"": true, ""imu2"": true}",25345.0,4459.0,1.0,0.16944534188592164,0.0,0
0.55,reach,-0.2934754489304719,0.4055814115116202,1.0599130575249955,0.0,0.0,0.0,1.0,-0.7093413886159278,-0.48982271526712834,0.5068614228808157,1,-0.32805081050286966,0.3925621464392315,1.0845791684821569,-1.7911317563013014e-06,-4.132542907792081e-06,3.0181998247891256e-07,0.9999999999898114,-0.2934754489304719,0.4055814115116202,1.0599130575249955,0.7929,ASSIST,tag_0,1.0,1.0,0,[1.0],"[""tag_0""]",1,"{""j1"": true, ""j2"": true, ""j3"": true, ""j4"": true, ""j5"": true, ""j6"": true, ""j7"": true, ""accel"": true, ""gyro"": true, ""imu2"": true}",25345.0,4459.0,1.0,0.16944534188592164,0.0,0
0.5538,reach,-0.2934754489304719,0.4055814115116202,1.0599130575249955,0.0,0.0,0.0,1.0,-0.7093413886159278,-0.48982271526712834,0.5068614228808157,1,-0.32805081050286966,0.3925621464392315,1.0845791684821569,-1.7911317563013014e-06,-4.132542907792081e-06,3.0181998247891256e-07,0.9999999999898114,-0.2934754489304719,0.4055814115116202,1.0599130575249955,0.7929,ASSIST,tag_0,1.0,1.0,0,[1.0],"[""tag_0""]",1,"{""j1"": true, ""j2"": true, ""j3"": true, ""j4"": true, ""j5"": true, ""j6"": true, ""j7"": true, ""accel"": true, ""gyro"": true, ""imu2"": true}",25345.0,4459.0,1.0,0.16944534188592164,0.0,0
0.5549,reach,-0.2934754489304719,0.4055814115116202,1.0599130575249955,0.0,0.0,0.0,1.0,-0.7093413886159278,-0.48982271526712834,0.5068614228808157,1,-0.32805081050286966,0.3925621464392315,1.0845791684821569,-1.7911317563013014e-06,-4.132542907792081e-06,3.0181998247891256e-07,0.9999999999898114,-0.2934754489304719,0.4055814115116202,1.0599130575249955,0.7929,ASSIST,tag_0,1.0,1.0,0,[1.0],"[""tag_0""]",1,"{""j1"": true, ""j2"": true, ""j3"": true, ""j4"": true, ""j5"": true, ""j6"": true, ""j7"": true, ""accel"": true, ""gyro"": true, ""imu2"": true}",25345.0,4459.0,1.0,0.16944534188592164,0.0,0
0.5582,reach,-0.2951778682631501,0.40440583699497906,1.0611295249399095,0.0,0.0,0.0,1.0,-0.7093413886159278,-0.48982271526712834,0.5068614228808157,1,-0.32805081050286966,0.3925621464392315,1.0845791684821569,-1.7911317563013014e-06,-4.132542907792081e-06,3.0181998247891256e-07,0.9999999999898114,-0.2951778682631501,0.40440583699497906,1.0611295249399095,0.7929,ASSIST,tag_0,1.0,1.0,0,[1.0],"[""tag_0""]",1,"{""j1"": true, ""j2"": true, ""j3"": true, ""j4"": true, ""j5"": true, ""j6"": true, ""j7"": true, ""accel"": true, ""gyro"": true, ""imu2"": true}",25345.0,4459.0,1.0,0.16944534188592164,0.0,0
0.559,reach,-0.2951778682631501,0.40440583699497906,1.0611295249399095,0.0,0.0,0.0,1.0,-0.709341388615928,-0.4898227152671282,0.5068614228808154,1,-0.32805081050286966,0.3925621464392315,1.0845791684821569,-1.7911317563013014e-06,-4.132542907792081e-06,3.0181998247891256e-07,0.9999999999898114,-0.2951778682631501,0.40440583699497906,1.0611295249399095,0.7929,ASSIST,tag_0,1.0,1.0,0,[1.0],"[""tag_0""]",1,"{""j1"": true, ""j2"": true, ""j3"": true, ""j4"": true, ""j5"": true, ""j6"": true, ""j7"": true, ""accel"": true, ""gyro"": true, ""imu2"": true}",25345.0,4459.0,1.0,0.16944534188592164,0.0,0
0.5592,reach,-0.2951778682631501,0.40440583699497906,1.0611295249399095,0.0,0.0,0.0,1.0,-0.709341388615928,-0.4898227152671282,0.5068614228808154,1,-0.32805081050286966,0.3925621464392315,1.0845791684821569,-1.7911317563013014e-06,-4.132542907792081e-06,3.0181998247891256e-07,0.9999999999898114,-0.2951778682631501,0.40440583699497906,1.0611295249399095,0.7929,ASSIST,tag_0,1.0,1.0,0,[1.0],"[""tag_0""]",1,"{""j1"": true, ""j2"": true, ""j3"": true, ""j4"": true, ""j5"": true, ""j6"": true, ""j7"": true, ""accel"": true, ""gyro"": true, ""imu2"": true}",25345.0,4459.0,1.0,0.16944534188592164,0.0,0
0.5615,reach,-0.2951778682631501,0.40440583699497906,1.0611295249399095,0.0,0.0,0.0,1.0,-0.709341388615928,-0.4898227152671282,0.5068614228808154,1,-0.32805081050286966,0.3925621464392315,1.0845791684821569,-1.7911317563013014e-06,-4.132542907792081e-06,3.0181998247891256e-07,0.9999999999898114,-0.2951778682631501,0.40440583699497906,1.0611295249399095,0.7929,ASSIST,tag_0,1.0,1.0,0,[1.0],"[""tag_0""]",1,"{""j1"": true, ""j2"": true, ""j3"": true, ""j4"": true, ""j5"": true, ""j6"": true, ""j7"": true, ""accel"": true, ""gyro"": true, ""imu2"": true}",25345.0,4459.0,1.0,0.16944534188592164,0.0,0
0.5634,reach,-0.2951778682631501,0.40440583699497906,1.0611295249399095,0.0,0.0,0.0,1.0,-0.709341388615928,-0.4898227152671282,0.5068614228808154,1,-0.32805081050286966,0.3925621464392315,1.0845791684821569,-1.7911317563013014e-06,-4.132542907792081e-06,3.0181998247891256e-07,0.9999999999898114,-0.2951778682631501,0.40440583699497906,1.0611295249399095,0.7929,ASSIST,tag_0,1.0,1.0,0,[1.0],"[""tag_0""]",1,"{""j1"": true, ""j2"": true, ""j3"": true, ""j4"": true, ""j5"": true, ""j6"": true, ""j7"": true, ""accel"": true, ""gyro"": true, ""imu2"": true}",25345.0,4459.0,1.0,0.16944534188592164,0.0,0
0.5693,reach,-0.2951778682631501,0.40440583699497906,1.0611295249399095,0.0,0.0,0.0,1.0,-0.709341388615928,-0.4898227152671282,0.5068614228808154,1,-0.32805081050286966,0.3925621464392315,1.0845791684821569,-1.7911317563013014e-06,-4.132542907792081e-06,3.0181998247891256e-07,0.9999999999898114,-0.2951778682631501,0.40440583699497906,1.0611295249399095,0.7929,ASSIST,tag_0,1.0,1.0,0,[1.0],"[""tag_0""]",1,"{""j1"": true, ""j2"": true, ""j3"": true, ""j4"": true, ""j5"": true, ""j6"": true, ""j7"": true, ""accel"": true, ""gyro"": true, ""imu2"": true}",25345.0,4459.0,1.0,0.16944534188592164,0.0,0
0.573,reach,-0.2951778682631501,0.40440583699497906,1.0611295249399095,0.0,0.0,0.0,1.0,-0.709341388615928,-0.4898227152671282,0.5068614228808154,1,-0.32805081050286966,0.3925621464392315,1.0845791684821569,-1.7911317563013014e-06,-4.132542907792081e-06,3.0181998247891256e-07,0.9999999999898114,-0.2951778682631501,0.40440583699497906,1.0611295249399095,0.7929,ASSIST,tag_0,1.0,1.0,0,[1.0],"[""tag_0""]",1,"{""j1"": true, ""j2"": true, ""j3"": true, ""j4"": true, ""j5"": true, ""j6"": true, ""j7"": true, ""accel"": true, ""gyro"": true, ""imu2"": true}",25345.0,4459.0,1.0,0.16944534188592164,0.0,0
0.5747,reach,-0.2951778682631501,0.40440583699497906,1.0611295249399095,0.0,0.0,0.0,1.0,-0.709341388615928,-0.4898227152671282,0.5068614228808154,1,-0.32805081050286966,0.3925621464392315,1.0845791684821569,-1.7911317563013014e-06,-4.132542907792081e-06,3.0181998247891256e-07,0.9999999999898114,-0.2951778682631501,0.40440583699497906,1.0611295249399095,0.7929,ASSIST,tag_0,1.0,1.0,0,[1.0],"[""tag_0""]",1,"{""j1"": true, ""j2"": true, ""j3"": true, ""j4"": true, ""j5"": true, ""j6"": true, ""j7"": true, ""accel"": true, ""gyro"": true, ""imu2"": true}",25345.0,4459.0,1.0,0.16944534188592164,0.0,0
0.5753,reach,-0.2951778682631501,0.40440583699497906,1.0611295249399095,0.0,0.0,0.0,1.0,-0.709341388615928,-0.4898227152671282,0.5068614228808154,1,-0.32805081050286966,0.3925621464392315,1.0845791684821569,-1.7911317563013014e-06,-4.132542907792081e-06,3.0181998247891256e-07,0.9999999999898114,-0.2951778682631501,0.40440583699497906,1.0611295249399095,0.7929,ASSIST,tag_0,1.0,1.0,0,[1.0],"[""tag_0""]",1,"{""j1"": true, ""j2"": true, ""j3"": true, ""j4"": true, ""j5"": true, ""j6"": true, ""j7"": true, ""accel"": true, ""gyro"": true, ""imu2"": true}",25345.0,4459.0,1.0,0.16944534188592164,0.0,0
0.5769,reach,-0.29688028759582835,0.40323026247833793,1.0623459923548235,0.0,0.0,0.0,1.0,-0.709341388615928,-0.4898227152671282,0.5068614228808154,1,-0.32805081050286966,0.3925621464392315,1.0845791684821569,-1.7911317563013014e-06,-4.132542907792081e-06,3.0181998247891256e-07,0.9999999999898114,-0.29688028759582835,0.40323026247833793,1.0623459923548235,0.7929,ASSIST,tag_0,1.0,1.0,0,[1.0],"[""tag_0""]",1,"{""j1"": true, ""j2"": true, ""j3"": true, ""j4"": true, ""j5"": true, ""j6"": true, ""j7"": true, ""accel"": true, ""gyro"": true, ""imu2"": true}",25345.0,4459.0,1.0,0.16944534188592164,0.0,0
0.5788,reach,-0.29688028759582835,0.40323026247833793,1.0623459923548235,0.0,0.0,0.0,1.0,-0.7093413886159283,-0.489822715267128,0.506861422880815,1,-0.32805081050286966,0.3925621464392315,1.0845791684821569,-1.7911317563013014e-06,-4.132542907792081e-06,3.0181998247891256e-07,0.9999999999898114,-0.29688028759582835,0.40323026247833793,1.0623459923548235,0.7929,ASSIST,tag_0,1.0,1.0,0,[1.0],"[""tag_0""]",1,"{""j1"": true, ""j2"": true, ""j3"": true, ""j4"": true, ""j5"": true, ""j6"": true, ""j7"": true, ""accel"": true, ""gyro"": true, ""imu2"": true}",25345.0,4459.0,1.0,0.16944534188592164,0.0,0
0.5794,reach,-0.29688028759582835,0.40323026247833793,1.0623459923548235,0.0,0.0,0.0,1.0,-0.7093413886159283,-0.489822715267128,0.506861422880815,1,-0.32805081050286966,0.3925621464392315,1.0845791684821569,-1.7911317563013014e-06,-4.132542907792081e-06,3.0181998247891256e-07,0.9999999999898114,-0.29688028759582835,0.40323026247833793,1.0623459923548235,0.7929,ASSIST,tag_0,1.0,1.0,0,[1.0],"[""tag_0""]",1,"{""j1"": true, ""j2"": true, ""j3"": true, ""j4"": true, ""j5"": true, ""j6"": true, ""j7"": true, ""accel"": true, ""gyro"": true, ""imu2"": true}",25345.0,4459.0,1.0,0.16944534188592164,0.0,0
0.5814,reach,-0.29688028759582835,0.40323026247833793,1.0623459923548235,0.0,0.0,0.0,1.0,-0.7093413886159283,-0.489822715267128,0.506861422880815,1,-0.32805081050286966,0.3925621464392315,1.0845791684821569,-1.7911317563013014e-06,-4.132542907792081e-06,3.0181998247891256e-07,0.9999999999898114,-0.29688028759582835,0.40323026247833793,1.0623459923548235,0.7929,ASSIST,tag_0,1.0,1.0,0,[1.0],"[""tag_0""]",1,"{""j1"": true, ""j2"": true, ""j3"": true, ""j4"": true, ""j5"": true, ""j6"": true, ""j7"": true, ""accel"": true, ""gyro"": true, ""imu2"": true}",25345.0,4459.0,1.0,0.16944534188592164,0.0,0
0.5832,reach,-0.29688028759582835,0.40323026247833793,1.0623459923548235,0.0,0.0,0.0,1.0,-0.7093413886159283,-0.489822715267128,0.506861422880815,1,-0.32805081050286966,0.3925621464392315,1.0845791684821569,-1.7911317563013014e-06,-4.132542907792081e-06,3.0181998247891256e-07,0.9999999999898114,-0.29688028759582835,0.40323026247833793,1.0623459923548235,0.7929,ASSIST,tag_0,1.0,1.0,0,[1.0],"[""tag_0""]",1,"{""j1"": true, ""j2"": true, ""j3"": true, ""j4"": true, ""j5"": true, ""j6"": true, ""j7"": true, ""accel"": true, ""gyro"": true, ""imu2"": true}",25345.0,4459.0,1.0,0.16944534188592164,0.0,0
0.585,reach,-0.29688028759582835,0.40323026247833793,1.0623459923548235,0.0,0.0,0.0,1.0,-0.7093413886159283,-0.489822715267128,0.506861422880815,1,-0.32805081050286966,0.3925621464392315,1.0845791684821569,-1.7911317563013014e-06,-4.132542907792081e-06,3.0181998247891256e-07,0.9999999999898114,-0.29688028759582835,0.40323026247833793,1.0623459923548235,0.7929,ASSIST,tag_0,1.0,1.0,0,[1.0],"[""tag_0""]",1,"{""j1"": true, ""j2"": true, ""j3"": true, ""j4"": true, ""j5"": true, ""j6"": true, ""j7"": true, ""accel"": true, ""gyro"": true, ""imu2"": true}",25345.0,4459.0,1.0,0.16944534188592164,0.0,0
0.5909,reach,-0.29688028759582835,0.40323026247833793,1.0623459923548235,0.0,0.0,0.0,1.0,-0.7093413886159283,-0.489822715267128,0.506861422880815,1,-0.32805081050286966,0.3925621464392315,1.0845791684821569,-1.7911317563013014e-06,-4.132542907792081e-06,3.0181998247891256e-07,0.9999999999898114,-0.29688028759582835,0.40323026247833793,1.0623459923548235,0.7929,ASSIST,tag_0,1.0,1.0,0,[1.0],"[""tag_0""]",1,"{""j1"": true, ""j2"": true, ""j3"": true, ""j4"": true, ""j5"": true, ""j6"": true, ""j7"": true, ""accel"": true, ""gyro"": true, ""imu2"": true}",25345.0,4459.0,1.0,0.16944534188592164,0.0,0
0.5934,reach,-0.29688028759582835,0.40323026247833793,1.0623459923548235,0.0,0.0,0.0,1.0,-0.7093413886159283,-0.489822715267128,0.506861422880815,1,-0.32805081050286966,0.3925621464392315,1.0845791684821569,-1.7911317563013014e-06,-4.132542907792081e-06,3.0181998247891256e-07,0.9999999999898114,-0.29688028759582835,0.40323026247833793,1.0623459923548235,0.7929,ASSIST,tag_0,1.0,1.0,0,[1.0],"[""tag_0""]",1,"{""j1"": true, ""j2"": true, ""j3"": true, ""j4"": true, ""j5"": true, ""j6"": true, ""j7"": true, ""accel"": true, ""gyro"": true, ""imu2"": true}",25345.0,4459.0,1.0,0.16944534188592164,0.0,0
0.5949,reach,-0.29688028759582835,0.40323026247833793,1.0623459923548235,0.0,0.0,0.0,1.0,-0.7093413886159283,-0.489822715267128,0.506861422880815,1,-0.32805081050286966,0.3925621464392315,1.0845791684821569,-1.7911317563013014e-06,-4.132542907792081e-06,3.0181998247891256e-07,0.9999999999898114,-0.29688028759582835,0.40323026247833793,1.0623459923548235,0.7929,ASSIST,tag_0,1.0,1.0,0,[1.0],"[""tag_0""]",1,"{""j1"": true, ""j2"": true, ""j3"": true, ""j4"": true, ""j5"": true, ""j6"": true, ""j7"": true, ""accel"": true, ""gyro"": true, ""imu2"": true}",25345.0,4459.0,1.0,0.16944534188592164,0.0,0
0.598,reach,-0.2985827069285066,0.4020546879616968,1.0635624597697375,0.0,0.0,0.0,1.0,-0.7093413886159283,-0.489822715267128,0.506861422880815,1,-0.32805081050286966,0.3925621464392315,1.0845791684821569,-1.7911317563013014e-06,-4.132542907792081e-06,3.0181998247891256e-07,0.9999999999898114,-0.2985827069285066,0.4020546879616968,1.0635624597697375,0.7929,ASSIST,tag_0,1.0,1.0,0,[1.0],"[""tag_0""]",1,"{""j1"": true, ""j2"": true, ""j3"": true, ""j4"": true, ""j5"": true, ""j6"": true, ""j7"": true, ""accel"": true, ""gyro"": true, ""imu2"": true}",25345.0,4459.0,1.0,0.16944534188592164,0.0,0
0.5989,reach,-0.2985827069285066,0.4020546879616968,1.0635624597697375,0.0,0.0,0.0,1.0,-0.7093413886159288,-0.4898227152671279,0.5068614228808147,1,-0.32805081050286966,0.3925621464392315,1.0845791684821569,-1.7911317563013014e-06,-4.132542907792081e-06,3.0181998247891256e-07,0.9999999999898114,-0.2985827069285066,0.4020546879616968,1.0635624597697375,0.7929,ASSIST,tag_0,1.0,1.0,0,[1.0],"[""tag_0""]",1,"{""j1"": true, ""j2"": true, ""j3"": true, ""j4"": true, ""j5"": true, ""j6"": true, ""j7"": true, ""accel"": true, ""gyro"": true, ""imu2"": true}",25345.0,4459.0,1.0,0.16944534188592164,0.0,0
0.5992,reach,-0.2985827069285066,0.4020546879616968,1.0635624597697375,0.0,0.0,0.0,1.0,-0.7093413886159288,-0.4898227152671279,0.5068614228808147,1,-0.32805081050286966,0.3925621464392315,1.0845791684821569,-1.7911317563013014e-06,-4.132542907792081e-06,3.0181998247891256e-07,0.9999999999898114,-0.2985827069285066,0.4020546879616968,1.0635624597697375,0.7929,ASSIST,tag_0,1.0,1.0,0,[1.0],"[""tag_0""]",1,"{""j1"": true, ""j2"": true, ""j3"": true, ""j4"": true, ""j5"": true, ""j6"": true, ""j7"": true, ""accel"": true, ""gyro"": true, ""imu2"": true}",25345.0,4459.0,1.0,0.16944534188592164,0.0,0
0.6015,reach,-0.2985827069285066,0.4020546879616968,1.0635624597697375,0.0,0.0,0.0,1.0,-0.7093413886159288,-0.4898227152671279,0.5068614228808147,1,-0.32805081050286966,0.3925621464392315,1.0845791684821569,-1.7911317563013014e-06,-4.132542907792081e-06,3.0181998247891256e-07,0.9999999999898114,-0.2985827069285066,0.4020546879616968,1.0635624597697375,0.7929,ASSIST,tag_0,1.0,1.0,0,[1.0],"[""tag_0""]",1,"{""j1"": true, ""j2"": true, ""j3"": true, ""j4"": true, ""j5"": true, ""j6"": true, ""j7"": true, ""accel"": true, ""gyro"": true, ""imu2"": true}",25345.0,4460.0,1.0,0.16944534188592164,0.0,0
0.6032,reach,-0.2985827069285066,0.4020546879616968,1.0635624597697375,0.0,0.0,0.0,1.0,-0.7093413886159288,-0.4898227152671279,0.5068614228808147,1,-0.32805081050286966,0.3925621464392315,1.0845791684821569,-1.7911317563013014e-06,-4.132542907792081e-06,3.0181998247891256e-07,0.9999999999898114,-0.2985827069285066,0.4020546879616968,1.0635624597697375,0.7929,ASSIST,tag_0,1.0,1.0,0,[1.0],"[""tag_0""]",1,"{""j1"": true, ""j2"": true, ""j3"": true, ""j4"": true, ""j5"": true, ""j6"": true, ""j7"": true, ""accel"": true, ""gyro"": true, ""imu2"": true}",25345.0,4460.0,1.0,0.16944534188592164,0.0,0
0.6088,reach,-0.2985827069285066,0.4020546879616968,1.0635624597697375,0.0,0.0,0.0,1.0,-0.7093413886159288,-0.4898227152671279,0.5068614228808147,1,-0.32805081050286966,0.3925621464392315,1.0845791684821569,-1.7911317563013014e-06,-4.132542907792081e-06,3.0181998247891256e-07,0.9999999999898114,-0.2985827069285066,0.4020546879616968,1.0635624597697375,0.7929,ASSIST,tag_0,1.0,1.0,0,[1.0],"[""tag_0""]",1,"{""j1"": true, ""j2"": true, ""j3"": true, ""j4"": true, ""j5"": true, ""j6"": true, ""j7"": true, ""accel"": true, ""gyro"": true, ""imu2"": true}",25345.0,4460.0,1.0,0.16944534188592164,0.0,0
0.6138,reach,-0.2985827069285066,0.4020546879616968,1.0635624597697375,0.0,0.0,0.0,1.0,-0.7093413886159288,-0.4898227152671279,0.5068614228808147,1,-0.32805081050286966,0.3925621464392315,1.0845791684821569,-1.7911317563013014e-06,-4.132542907792081e-06,3.0181998247891256e-07,0.9999999999898114,-0.2985827069285066,0.4020546879616968,1.0635624597697375,0.7929,ASSIST,tag_0,1.0,1.0,0,[1.0],"[""tag_0""]",1,"{""j1"": true, ""j2"": true, ""j3"": true, ""j4"": true, ""j5"": true, ""j6"": true, ""j7"": true, ""accel"": true, ""gyro"": true, ""imu2"": true}",25345.0,4460.0,1.0,0.16944534188592164,0.0,0
0.6148,reach,-0.2985827069285066,0.4020546879616968,1.0635624597697375,0.0,0.0,0.0,1.0,-0.7093413886159288,-0.4898227152671279,0.5068614228808147,1,-0.32805081050286966,0.3925621464392315,1.0845791684821569,-1.7911317563013014e-06,-4.132542907792081e-06,3.0181998247891256e-07,0.9999999999898114,-0.2985827069285066,0.4020546879616968,1.0635624597697375,0.7929,ASSIST,tag_0,1.0,1.0,0,[1.0],"[""tag_0""]",1,"{""j1"": true, ""j2"": true, ""j3"": true, ""j4"": true, ""j5"": true, ""j6"": true, ""j7"": true, ""accel"": true, ""gyro"": true, ""imu2"": true}",25345.0,4460.0,1.0,0.16944534188592164,0.0,0
0.6179,reach,-0.3002851262611848,0.40087911344505567,1.0647789271846515,0.0,0.0,0.0,1.0,-0.7093413886159288,-0.4898227152671279,0.5068614228808147,1,-0.32805081050286966,0.3925621464392315,1.0845791684821569,-1.7911317563013014e-06,-4.132542907792081e-06,3.0181998247891256e-07,0.9999999999898114,-0.3002851262611848,0.40087911344505567,1.0647789271846515,0.7929,ASSIST,tag_0,1.0,1.0,0,[1.0],"[""tag_0""]",1,"{""j1"": true, ""j2"": true, ""j3"": true, ""j4"": true, ""j5"": true, ""j6"": true, ""j7"": true, ""accel"": true, ""gyro"": true, ""imu2"": true}",25345.0,4460.0,1.0,0.16944534188592164,0.0,0
0.6192,reach,-0.3002851262611848,0.40087911344505567,1.0647789271846515,0.0,0.0,0.0,1.0,-0.7093413886159291,-0.4898227152671277,0.5068614228808144,1,-0.32805081050286966,0.3925621464392315,1.0845791684821569,-1.7911317563013014e-06,-4.132542907792081e-06,3.0181998247891256e-07,0.9999999999898114,-0.3002851262611848,0.40087911344505567,1.0647789271846515,0.7929,ASSIST,tag_0,1.0,1.0,0,[1.0],"[""tag_0""]",1,"{""j1"": true, ""j2"": true, ""j3"": true, ""j4"": true, ""j5"": true, ""j6"": true, ""j7"": true, ""accel"": true, ""gyro"": true, ""imu2"": true}",25345.0,4460.0,1.0,0.16944534188592164,0.0,0
0.6195,reach,-0.3002851262611848,0.40087911344505567,1.0647789271846515,0.0,0.0,0.0,1.0,-0.7093413886159291,-0.4898227152671277,0.5068614228808144,1,-0.32805081050286966,0.3925621464392315,1.0845791684821569,-1.7911317563013014e-06,-4.132542907792081e-06,3.0181998247891256e-07,0.9999999999898114,-0.3002851262611848,0.40087911344505567,1.0647789271846515,0.7929,ASSIST,tag_0,1.0,1.0,0,[1.0],"[""tag_0""]",1,"{""j1"": true, ""j2"": true, ""j3"": true, ""j4"": true, ""j5"": true, ""j6"": true, ""j7"": true, ""accel"": true, ""gyro"": true, ""imu2"": true}",25345.0,4460.0,1.0,0.16944534188592164,0.0,0
0.6211,reach,-0.3002851262611848,0.40087911344505567,1.0647789271846515,0.0,0.0,0.0,1.0,-0.7093413886159291,-0.4898227152671277,0.5068614228808144,1,-0.32805081050286966,0.3925621464392315,1.0845791684821569,-1.7911317563013014e-06,-4.132542907792081e-06,3.0181998247891256e-07,0.9999999999898114,-0.3002851262611848,0.40087911344505567,1.0647789271846515,0.7929,ASSIST,tag_0,1.0,1.0,0,[1.0],"[""tag_0""]",1,"{""j1"": true, ""j2"": true, ""j3"": true, ""j4"": true, ""j5"": true, ""j6"": true, ""j7"": true, ""accel"": true, ""gyro"": true, ""imu2"": true}",25345.0,4460.0,1.0,0.16944534188592164,0.0,0
0.6231,reach,-0.3002851262611848,0.40087911344505567,1.0647789271846515,0.0,0.0,0.0,1.0,-0.7093413886159291,-0.4898227152671277,0.5068614228808144,1,-0.32805081050286966,0.3925621464392315,1.0845791684821569,-1.7911317563013014e-06,-4.132542907792081e-06,3.0181998247891256e-07,0.9999999999898114,-0.3002851262611848,0.40087911344505567,1.0647789271846515,0.7929,ASSIST,tag_0,1.0,1.0,0,[1.0],"[""tag_0""]",1,"{""j1"": true, ""j2"": true, ""j3"": true, ""j4"": true, ""j5"": true, ""j6"": true, ""j7"": true, ""accel"": true, ""gyro"": true, ""imu2"": true}",25345.0,4460.0,1.0,0.16944534188592164,0.0,0
0.6236,reach,-0.3002851262611848,0.40087911344505567,1.0647789271846515,0.0,0.0,0.0,1.0,-0.7093413886159291,-0.4898227152671277,0.5068614228808144,1,-0.32805081050286966,0.3925621464392315,1.0845791684821569,-1.7911317563013014e-06,-4.132542907792081e-06,3.0181998247891256e-07,0.9999999999898114,-0.3002851262611848,0.40087911344505567,1.0647789271846515,0.7929,ASSIST,tag_0,1.0,1.0,0,[1.0],"[""tag_0""]",1,"{""j1"": true, ""j2"": true, ""j3"": true, ""j4"": true, ""j5"": true, ""j6"": true, ""j7"": true, ""accel"": true, ""gyro"": true, ""imu2"": true}",25345.0,4460.0,1.0,0.16944534188592164,0.0,0
0.6295,reach,-0.3002851262611848,0.40087911344505567,1.0647789271846515,0.0,0.0,0.0,1.0,-0.7093413886159291,-0.4898227152671277,0.5068614228808144,1,-0.32805081050286966,0.3925621464392315,1.0845791684821569,-1.7911317563013014e-06,-4.132542907792081e-06,3.0181998247891256e-07,0.9999999999898114,-0.3002851262611848,0.40087911344505567,1.0647789271846515,0.7929,ASSIST,tag_0,1.0,1.0,0,[1.0],"[""tag_0""]",1,"{""j1"": true, ""j2"": true, ""j3"": true, ""j4"": true, ""j5"": true, ""j6"": true, ""j7"": true, ""accel"": true, ""gyro"": true, ""imu2"": true}",25345.0,4460.0,1.0,0.16944534188592164,0.0,0
0.6333,reach,-0.3002851262611848,0.40087911344505567,1.0647789271846515,0.0,0.0,0.0,1.0,-0.7093413886159291,-0.4898227152671277,0.5068614228808144,1,-0.32805081050286966,0.3925621464392315,1.0845791684821569,-1.7911317563013014e-06,-4.132542907792081e-06,3.0181998247891256e-07,0.9999999999898114,-0.3002851262611848,0.40087911344505567,1.0647789271846515,0.7929,ASSIST,tag_0,1.0,1.0,0,[1.0],"[""tag_0""]",1,"{""j1"": true, ""j2"": true, ""j3"": true, ""j4"": true, ""j5"": true, ""j6"": true, ""j7"": true, ""accel"": true, ""gyro"": true, ""imu2"": true}",25345.0,4460.0,1.0,0.16944534188592164,0.0,0
0.635,reach,-0.3002851262611848,0.40087911344505567,1.0647789271846515,0.0,0.0,0.0,1.0,-0.7093413886159291,-0.4898227152671277,0.5068614228808144,1,-0.32805081050286966,0.3925621464392315,1.0845791684821569,-1.7911317563013014e-06,-4.132542907792081e-06,3.0181998247891256e-07,0.9999999999898114,-0.3002851262611848,0.40087911344505567,1.0647789271846515,0.7929,ASSIST,tag_0,1.0,1.0,0,[1.0],"[""tag_0""]",1,"{""j1"": true, ""j2"": true, ""j3"": true, ""j4"": true, ""j5"": true, ""j6"": true, ""j7"": true, ""accel"": true, ""gyro"": true, ""imu2"": true}",25345.0,4460.0,1.0,0.16944534188592164,0.0,0
0.6357,reach,-0.3002851262611848,0.40087911344505567,1.0647789271846515,0.0,0.0,0.0,1.0,-0.7093413886159291,-0.4898227152671277,0.5068614228808144,1,-0.32805081050286966,0.3925621464392315,1.0845791684821569,-1.7911317563013014e-06,-4.132542907792081e-06,3.0181998247891256e-07,0.9999999999898114,-0.3002851262611848,0.40087911344505567,1.0647789271846515,0.7929,ASSIST,tag_0,1.0,1.0,0,[1.0],"[""tag_0""]",1,"{""j1"": true, ""j2"": true, ""j3"": true, ""j4"": true, ""j5"": true, ""j6"": true, ""j7"": true, ""accel"": true, ""gyro"": true, ""imu2"": true}",25345.0,4460.0,1.0,0.16944534188592164,0.0,0
0.6384,reach,-0.30198754559386304,0.39970353892841454,1.0659953945995655,0.0,0.0,0.0,1.0,-0.7093413886159291,-0.4898227152671277,0.5068614228808144,1,-0.32805081050286966,0.3925621464392315,1.0845791684821569,-1.7911317563013014e-06,-4.132542907792081e-06,3.0181998247891256e-07,0.9999999999898114,-0.30198754559386304,0.39970353892841454,1.0659953945995655,0.7929,ASSIST,tag_0,1.0,1.0,0,[1.0],"[""tag_0""]",1,"{""j1"": true, ""j2"": true, ""j3"": true, ""j4"": true, ""j5"": true, ""j6"": true, ""j7"": true, ""accel"": true, ""gyro"": true, ""imu2"": true}",25345.0,4460.0,1.0,0.16944534188592164,0.0,0
0.6397,reach,-0.30198754559386304,0.39970353892841454,1.0659953945995655,0.0,0.0,0.0,1.0,-0.7093413886159295,-0.4898227152671275,0.506861422880814,1,-0.32805081050286966,0.3925621464392315,1.0845791684821569,-1.7911317563013014e-06,-4.132542907792081e-06,3.0181998247891256e-07,0.9999999999898114,-0.30198754559386304,0.39970353892841454,1.0659953945995655,0.7929,ASSIST,tag_0,1.0,1.0,0,[1.0],"[""tag_0""]",1,"{""j1"": true, ""j2"": true, ""j3"": true, ""j4"": true, ""j5"": true, ""j6"": true, ""j7"": true, ""accel"": true, ""gyro"": true, ""imu2"": true}",25345.0,4460.0,1.0,0.16944534188592164,0.0,0
0.6402,reach,-0.30198754559386304,0.39970353892841454,1.0659953945995655,0.0,0.0,0.0,1.0,-0.7093413886159295,-0.4898227152671275,0.506861422880814,1,-0.32805081050286966,0.3925621464392315,1.0845791684821569,-1.7911317563013014e-06,-4.132542907792081e-06,3.0181998247891256e-07,0.9999999999898114,-0.30198754559386304,0.39970353892841454,1.0659953945995655,0.7929,ASSIST,tag_0,1.0,1.0,0,[1.0],"[""tag_0""]",1,"{""j1"": true, ""j2"": true, ""j3"": true, ""j4"": true, ""j5"": true, ""j6"": true, ""j7"": true, ""accel"": true, ""gyro"": true, ""imu2"": true}",25345.0,4460.0,1.0,0.16944534188592164,0.0,0
0.6412,reach,-0.30198754559386304,0.39970353892841454,1.0659953945995655,0.0,0.0,0.0,1.0,-0.7093413886159295,-0.4898227152671275,0.506861422880814,1,-0.32805081050286966,0.3925621464392315,1.0845791684821569,-1.7911317563013014e-06,-4.132542907792081e-06,3.0181998247891256e-07,0.9999999999898114,-0.30198754559386304,0.39970353892841454,1.0659953945995655,0.7929,ASSIST,tag_0,1.0,1.0,0,[1.0],"[""tag_0""]",1,"{""j1"": true, ""j2"": true, ""j3"": true, ""j4"": true, ""j5"": true, ""j6"": true, ""j7"": true, ""accel"": true, ""gyro"": true, ""imu2"": true}",25345.0,4460.0,1.0,0.16944534188592164,0.0,0
0.6435,reach,-0.30198754559386304,0.39970353892841454,1.0659953945995655,0.0,0.0,0.0,1.0,-0.7093413886159295,-0.4898227152671275,0.506861422880814,1,-0.32805081050286966,0.3925621464392315,1.0845791684821569,-1.7911317563013014e-06,-4.132542907792081e-06,3.0181998247891256e-07,0.9999999999898114,-0.30198754559386304,0.39970353892841454,1.0659953945995655,0.7929,ASSIST,tag_0,1.0,1.0,0,[1.0],"[""tag_0""]",1,"{""j1"": true, ""j2"": true, ""j3"": true, ""j4"": true, ""j5"": true, ""j6"": true, ""j7"": true, ""accel"": true, ""gyro"": true, ""imu2"": true}",25345.0,4460.0,1.0,0.16944534188592164,0.0,0
0.6451,reach,-0.30198754559386304,0.39970353892841454,1.0659953945995655,0.0,0.0,0.0,1.0,-0.7093413886159295,-0.4898227152671275,0.506861422880814,1,-0.32805081050286966,0.3925621464392315,1.0845791684821569,-1.7911317563013014e-06,-4.132542907792081e-06,3.0181998247891256e-07,0.9999999999898114,-0.30198754559386304,0.39970353892841454,1.0659953945995655,0.7929,ASSIST,tag_0,1.0,1.0,0,[1.0],"[""tag_0""]",1,"{""j1"": true, ""j2"": true, ""j3"": true, ""j4"": true, ""j5"": true, ""j6"": true, ""j7"": true, ""accel"": true, ""gyro"": true, ""imu2"": true}",25345.0,4460.0,1.0,0.16944534188592164,0.0,0
0.6508,reach,-0.30198754559386304,0.39970353892841454,1.0659953945995655,0.0,0.0,0.0,1.0,-0.7093413886159295,-0.4898227152671275,0.506861422880814,1,-0.32805081050286966,0.3925621464392315,1.0845791684821569,-1.7911317563013014e-06,-4.132542907792081e-06,3.0181998247891256e-07,0.9999999999898114,-0.30198754559386304,0.39970353892841454,1.0659953945995655,0.7929,ASSIST,tag_0,1.0,1.0,0,[1.0],"[""tag_0""]",1,"{""j1"": true, ""j2"": true, ""j3"": true, ""j4"": true, ""j5"": true, ""j6"": true, ""j7"": true, ""accel"": true, ""gyro"": true, ""imu2"": true}",25345.0,4460.0,1.0,0.16944534188592164,0.0,0
0.6539,reach,-0.30198754559386304,0.39970353892841454,1.0659953945995655,0.0,0.0,0.0,1.0,-0.7093413886159295,-0.4898227152671275,0.506861422880814,1,-0.32805081050286966,0.3925621464392315,1.0845791684821569,-1.7911317563013014e-06,-4.132542907792081e-06,3.0181998247891256e-07,0.9999999999898114,-0.30198754559386304,0.39970353892841454,1.0659953945995655,0.7929,ASSIST,tag_0,1.0,1.0,0,[1.0],"[""tag_0""]",1,"{""j1"": true, ""j2"": true, ""j3"": true, ""j4"": true, ""j5"": true, ""j6"": true, ""j7"": true, ""accel"": true, ""gyro"": true, ""imu2"": true}",25345.0,4460.0,1.0,0.16944534188592164,0.0,0
0.6548,reach,-0.30198754559386304,0.39970353892841454,1.0659953945995655,0.0,0.0,0.0,1.0,-0.7093413886159295,-0.4898227152671275,0.506861422880814,1,-0.32805081050286966,0.3925621464392315,1.0845791684821569,-1.7911317563013014e-06,-4.132542907792081e-06,3.0181998247891256e-07,0.9999999999898114,-0.30198754559386304,0.39970353892841454,1.0659953945995655,0.7929,ASSIST,tag_0,1.0,1.0,0,[1.0],"[""tag_0""]",1,"{""j1"": true, ""j2"": true, ""j3"": true, ""j4"": true, ""j5"": true, ""j6"": true, ""j7"": true, ""accel"": true, ""gyro"": true, ""imu2"": true}",25345.0,4460.0,1.0,0.16944534188592164,0.0,0
0.658,reach,-0.30368996492654127,0.3985279644117734,1.0672118620144795,0.0,0.0,0.0,1.0,-0.7093413886159295,-0.4898227152671275,0.506861422880814,1,-0.32805081050286966,0.3925621464392315,1.0845791684821569,-1.7911317563013014e-06,-4.132542907792081e-06,3.0181998247891256e-07,0.9999999999898114,-0.30368996492654127,0.3985279644117734,1.0672118620144795,0.7929,ASSIST,tag_0,1.0,1.0,0,[1.0],"[""tag_0""]",1,"{""j1"": true, ""j2"": true, ""j3"": true, ""j4"": true, ""j5"": true, ""j6"": true, ""j7"": true, ""accel"": true, ""gyro"": true, ""imu2"": true}",25345.0,4460.0,1.0,0.16944534188592164,0.0,0
0.6587,reach,-0.30368996492654127,0.3985279644117734,1.0672118620144795,0.0,0.0,0.0,1.0,-0.70934138861593,-0.4898227152671273,0.5068614228808135,1,-0.32805081050286966,0.3925621464392315,1.0845791684821569,-1.7911317563013014e-06,-4.132542907792081e-06,3.0181998247891256e-07,0.9999999999898114,-0.30368996492654127,0.3985279644117734,1.0672118620144795,0.7929,ASSIST,tag_0,1.0,1.0,0,[1.0],"[""tag_0""]",1,"{""j1"": true, ""j2"": true, ""j3"": true, ""j4"": true, ""j5"": true, ""j6"": true, ""j7"": true, ""accel"": true, ""gyro"": true, ""imu2"": true}",25345.0,4460.0,1.0,0.16944534188592164,0.0,0
0.6593,reach,-0.30368996492654127,0.3985279644117734,1.0672118620144795,0.0,0.0,0.0,1.0,-0.70934138861593,-0.4898227152671273,0.5068614228808135,1,-0.32805081050286966,0.3925621464392315,1.0845791684821569,-1.7911317563013014e-06,-4.132542907792081e-06,3.0181998247891256e-07,0.9999999999898114,-0.30368996492654127,0.3985279644117734,1.0672118620144795,0.7929,ASSIST,tag_0,1.0,1.0,0,[1.0],"[""tag_0""]",1,"{""j1"": true, ""j2"": true, ""j3"": true, ""j4"": true, ""j5"": true, ""j6"": true, ""j7"": true, ""accel"": true, ""gyro"": true, ""imu2"": true}",25345.0,4460.0,1.0,0.16944534188592164,0.0,0
0.6619,reach,-0.30368996492654127,0.3985279644117734,1.0672118620144795,0.0,0.0,0.0,1.0,-0.70934138861593,-0.4898227152671273,0.5068614228808135,1,-0.32805081050286966,0.3925621464392315,1.0845791684821569,-1.7911317563013014e-06,-4.132542907792081e-06,3.0181998247891256e-07,0.9999999999898114,-0.30368996492654127,0.3985279644117734,1.0672118620144795,0.7929,ASSIST,tag_0,1.0,1.0,0,[1.0],"[""tag_0""]",1,"{""j1"": true, ""j2"": true, ""j3"": true, ""j4"": true, ""j5"": true, ""j6"": true, ""j7"": true, ""accel"": true, ""gyro"": true, ""imu2"": true}",25345.0,4460.0,1.0,0.16944534188592164,0.0,0
0.6633,reach,-0.30368996492654127,0.3985279644117734,1.0672118620144795,0.0,0.0,0.0,1.0,-0.70934138861593,-0.4898227152671273,0.5068614228808135,1,-0.32805081050286966,0.3925621464392315,1.0845791684821569,-1.7911317563013014e-06,-4.132542907792081e-06,3.0181998247891256e-07,0.9999999999898114,-0.30368996492654127,0.3985279644117734,1.0672118620144795,0.7929,ASSIST,tag_0,1.0,1.0,0,[1.0],"[""tag_0""]",1,"{""j1"": true, ""j2"": true, ""j3"": true, ""j4"": true, ""j5"": true, ""j6"": true, ""j7"": true, ""accel"": true, ""gyro"": true, ""imu2"": true}",25345.0,4460.0,1.0,0.16944534188592164,0.0,0
0.6693,reach,-0.30368996492654127,0.3985279644117734,1.0672118620144795,0.0,0.0,0.0,1.0,-0.70934138861593,-0.4898227152671273,0.5068614228808135,1,-0.32805081050286966,0.3925621464392315,1.0845791684821569,-1.7911317563013014e-06,-4.132542907792081e-06,3.0181998247891256e-07,0.9999999999898114,-0.30368996492654127,0.3985279644117734,1.0672118620144795,0.7929,ASSIST,tag_0,1.0,1.0,0,[1.0],"[""tag_0""]",1,"{""j1"": true, ""j2"": true, ""j3"": true, ""j4"": true, ""j5"": true, ""j6"": true, ""j7"": true, ""accel"": true, ""gyro"": true, ""imu2"": true}",25345.0,4460.0,1.0,0.16944534188592164,0.0,0
0.6738,reach,-0.30368996492654127,0.3985279644117734,1.0672118620144795,0.0,0.0,0.0,1.0,-0.70934138861593,-0.4898227152671273,0.5068614228808135,1,-0.32805081050286966,0.3925621464392315,1.0845791684821569,-1.7911317563013014e-06,-4.132542907792081e-06,3.0181998247891256e-07,0.9999999999898114,-0.30368996492654127,0.3985279644117734,1.0672118620144795,0.7929,ASSIST,tag_0,1.0,1.0,0,[1.0],"[""tag_0""]",1,"{""j1"": true, ""j2"": true, ""j3"": true, ""j4"": true, ""j5"": true, ""j6"": true, ""j7"": true, ""accel"": true, ""gyro"": true, ""imu2"": true}",25345.0,4460.0,1.0,0.16944534188592164,0.0,0
0.6745,reach,-0.30368996492654127,0.3985279644117734,1.0672118620144795,0.0,0.0,0.0,1.0,-0.70934138861593,-0.4898227152671273,0.5068614228808135,1,-0.32805081050286966,0.3925621464392315,1.0845791684821569,-1.7911317563013014e-06,-4.132542907792081e-06,3.0181998247891256e-07,0.9999999999898114,-0.30368996492654127,0.3985279644117734,1.0672118620144795,0.7929,ASSIST,tag_0,1.0,1.0,0,[1.0],"[""tag_0""]",1,"{""j1"": true, ""j2"": true, ""j3"": true, ""j4"": true, ""j5"": true, ""j6"": true, ""j7"": true, ""accel"": true, ""gyro"": true, ""imu2"": true}",25345.0,4460.0,1.0,0.16944534188592164,0.0,0
0.6779,reach,-0.3053923842592195,0.3973523898951323,1.0684283294293935,0.0,0.0,0.0,1.0,-0.70934138861593,-0.4898227152671273,0.5068614228808135,1,-0.32805081050286966,0.3925621464392315,1.0845791684821569,-1.7911317563013014e-06,-4.132542907792081e-06,3.0181998247891256e-07,0.9999999999898114,-0.3053923842592195,0.3973523898951323,1.0684283294293935,0.7929,ASSIST,tag_0,1.0,1.0,0,[1.0],"[""tag_0""]",1,"{""j1"": true, ""j2"": true, ""j3"": true, ""j4"": true, ""j5"": true, ""j6"": true, ""j7"": true, ""accel"": true, ""gyro"": true, ""imu2"": true}",25345.0,4460.0,1.0,0.16944534188592164,0.0,0
0.6788,reach,-0.3053923842592195,0.3973523898951323,1.0684283294293935,0.0,0.0,0.0,1.0,-0.7093413886159304,-0.489822715267127,0.506861422880813,1,-0.32805081050286966,0.3925621464392315,1.0845791684821569,-1.7911317563013014e-06,-4.132542907792081e-06,3.0181998247891256e-07,0.9999999999898114,-0.3053923842592195,0.3973523898951323,1.0684283294293935,0.7929,ASSIST,tag_0,1.0,1.0,0,[1.0],"[""tag_0""]",1,"{""j1"": true, ""j2"": true, ""j3"": true, ""j4"": true, ""j5"": true, ""j6"": true, ""j7"": true, ""accel"": true, ""gyro"": true, ""imu2"": true}",25345.0,4460.0,1.0,0.16944534188592164,0.0,0
0.679,reach,-0.3053923842592195,0.3973523898951323,1.0684283294293935,0.0,0.0,0.0,1.0,-0.7093413886159304,-0.489822715267127,0.506861422880813,1,-0.32805081050286966,0.3925621464392315,1.0845791684821569,-1.7911317563013014e-06,-4.132542907792081e-06,3.0181998247891256e-07,0.9999999999898114,-0.3053923842592195,0.3973523898951323,1.0684283294293935,0.7929,ASSIST,tag_0,1.0,1.0,0,[1.0],"[""tag_0""]",1,"{""j1"": true, ""j2"": true, ""j3"": true, ""j4"": true, ""j5"": true, ""j6"": true, ""j7"": true, ""accel"": true, ""gyro"": true, ""imu2"": true}",25345.0,4460.0,1.0,0.16944534188592164,0.0,0
0.6816,reach,-0.3053923842592195,0.3973523898951323,1.0684283294293935,0.0,0.0,0.0,1.0,-0.7093413886159304,-0.489822715267127,0.506861422880813,1,-0.32805081050286966,0.3925621464392315,1.0845791684821569,-1.7911317563013014e-06,-4.132542907792081e-06,3.0181998247891256e-07,0.9999999999898114,-0.3053923842592195,0.3973523898951323,1.0684283294293935,0.7929,ASSIST,tag_0,1.0,1.0,0,[1.0],"[""tag_0""]",1,"{""j1"": true, ""j2"": true, ""j3"": true, ""j4"": true, ""j5"": true, ""j6"": true, ""j7"": true, ""accel"": true, ""gyro"": true, ""imu2"": true}",25345.0,4461.0,1.0,0.16944534188592164,0.0,0
0.6838,reach,-0.3053923842592195,0.3973523898951323,1.0684283294293935,0.0,0.0,0.0,1.0,-0.7093413886159304,-0.489822715267127,0.506861422880813,1,-0.32805081050286966,0.3925621464392315,1.0845791684821569,-1.7911317563013014e-06,-4.132542907792081e-06,3.0181998247891256e-07,0.9999999999898114,-0.3053923842592195,0.3973523898951323,1.0684283294293935,0.7929,ASSIST,tag_0,1.0,1.0,0,[1.0],"[""tag_0""]",1,"{""j1"": true, ""j2"": true, ""j3"": true, ""j4"": true, ""j5"": true, ""j6"": true, ""j7"": true, ""accel"": true, ""gyro"": true, ""imu2"": true}",25345.0,4461.0,1.0,0.16944534188592164,0.0,0
0.6853,reach,-0.3053923842592195,0.3973523898951323,1.0684283294293935,0.0,0.0,0.0,1.0,-0.7093413886159304,-0.489822715267127,0.506861422880813,1,-0.32805081050286966,0.3925621464392315,1.0845791684821569,-1.7911317563013014e-06,-4.132542907792081e-06,3.0181998247891256e-07,0.9999999999898114,-0.3053923842592195,0.3973523898951323,1.0684283294293935,0.7929,ASSIST,tag_0,1.0,1.0,0,[1.0],"[""tag_0""]",1,"{""j1"": true, ""j2"": true, ""j3"": true, ""j4"": true, ""j5"": true, ""j6"": true, ""j7"": true, ""accel"": true, ""gyro"": true, ""imu2"": true}",25345.0,4461.0,1.0,0.16944534188592164,0.0,0
0.6911,reach,-0.3053923842592195,0.3973523898951323,1.0684283294293935,0.0,0.0,0.0,1.0,-0.7093413886159304,-0.489822715267127,0.506861422880813,1,-0.32805081050286966,0.3925621464392315,1.0845791684821569,-1.7911317563013014e-06,-4.132542907792081e-06,3.0181998247891256e-07,0.9999999999898114,-0.3053923842592195,0.3973523898951323,1.0684283294293935,0.7929,ASSIST,tag_0,1.0,1.0,0,[1.0],"[""tag_0""]",1,"{""j1"": true, ""j2"": true, ""j3"": true, ""j4"": true, ""j5"": true, ""j6"": true, ""j7"": true, ""accel"": true, ""gyro"": true, ""imu2"": true}",25345.0,4461.0,1.0,0.16944534188592164,0.0,0
0.6938,reach,-0.3053923842592195,0.3973523898951323,1.0684283294293935,0.0,0.0,0.0,1.0,-0.7093413886159304,-0.489822715267127,0.506861422880813,1,-0.32805081050286966,0.3925621464392315,1.0845791684821569,-1.7911317563013014e-06,-4.132542907792081e-06,3.0181998247891256e-07,0.9999999999898114,-0.3053923842592195,0.3973523898951323,1.0684283294293935,0.7929,ASSIST,tag_0,1.0,1.0,0,[1.0],"[""tag_0""]",1,"{""j1"": true, ""j2"": true, ""j3"": true, ""j4"": true, ""j5"": true, ""j6"": true, ""j7"": true, ""accel"": true, ""gyro"": true, ""imu2"": true}",25345.0,4461.0,1.0,0.16944534188592164,0.0,0
0.6945,reach,-0.3053923842592195,0.3973523898951323,1.0684283294293935,0.0,0.0,0.0,1.0,-0.7093413886159304,-0.489822715267127,0.506861422880813,1,-0.32805081050286966,0.3925621464392315,1.0845791684821569,-1.7911317563013014e-06,-4.132542907792081e-06,3.0181998247891256e-07,0.9999999999898114,-0.3053923842592195,0.3973523898951323,1.0684283294293935,0.7929,ASSIST,tag_0,1.0,1.0,0,[1.0],"[""tag_0""]",1,"{""j1"": true, ""j2"": true, ""j3"": true, ""j4"": true, ""j5"": true, ""j6"": true, ""j7"": true, ""accel"": true, ""gyro"": true, ""imu2"": true}",25345.0,4461.0,1.0,0.16944534188592164,0.0,0
0.6981,reach,-0.3070948035918977,0.39617681537849114,1.0696447968443075,0.0,0.0,0.0,1.0,-0.7093413886159304,-0.489822715267127,0.506861422880813,1,-0.32805081050286966,0.3925621464392315,1.0845791684821569,-1.7911317563013014e-06,-4.132542907792081e-06,3.0181998247891256e-07,0.9999999999898114,-0.3070948035918977,0.39617681537849114,1.0696447968443075,0.7929,ASSIST,tag_0,1.0,1.0,0,[1.0],"[""tag_0""]",1,"{""j1"": true, ""j2"": true, ""j3"": true, ""j4"": true, ""j5"": true, ""j6"": true, ""j7"": true, ""accel"": true, ""gyro"": true, ""imu2"": true}",25345.0,4461.0,1.0,0.16944534188592164,0.0,0
0.6988,reach,-0.3070948035918977,0.39617681537849114,1.0696447968443075,0.0,0.0,0.0,1.0,-0.7093413886159311,-0.48982271526712684,0.5068614228808125,1,-0.32805081050286966,0.3925621464392315,1.0845791684821569,-1.7911317563013014e-06,-4.132542907792081e-06,3.0181998247891256e-07,0.9999999999898114,-0.3070948035918977,0.39617681537849114,1.0696447968443075,0.7929,ASSIST,tag_0,1.0,1.0,0,[1.0],"[""tag_0""]",1,"{""j1"": true, ""j2"": true, ""j3"": true, ""j4"": true, ""j5"": true, ""j6"": true, ""j7"": true, ""accel"": true, ""gyro"": true, ""imu2"": true}",25345.0,4461.0,1.0,0.16944534188592164,0.0,0
0.6991,reach,-0.3070948035918977,0.39617681537849114,1.0696447968443075,0.0,0.0,0.0,1.0,-0.7093413886159311,-0.48982271526712684,0.5068614228808125,1,-0.32805081050286966,0.3925621464392315,1.0845791684821569,-1.7911317563013014e-06,-4.132542907792081e-06,3.0181998247891256e-07,0.9999999999898114,-0.3070948035918977,0.39617681537849114,1.0696447968443075,0.7929,ASSIST,tag_0,1.0,1.0,0,[1.0],"[""tag_0""]",1,"{""j1"": true, ""j2"": true, ""j3"": true, ""j4"": true, ""j5"": true, ""j6"": true, ""j7"": true, ""accel"": true, ""gyro"": true, ""imu2"": true}",25345.0,4461.0,1.0,0.16944534188592164,0.0,0
0.7016,reach,-0.3070948035918977,0.39617681537849114,1.0696447968443075,0.0,0.0,0.0,1.0,-0.7093413886159311,-0.48982271526712684,0.5068614228808125,1,-0.32805081050286966,0.3925621464392315,1.0845791684821569,-1.7911317563013014e-06,-4.132542907792081e-06,3.0181998247891256e-07,0.9999999999898114,-0.3070948035918977,0.39617681537849114,1.0696447968443075,0.7929,ASSIST,tag_0,1.0,1.0,0,[1.0],"[""tag_0""]",1,"{""j1"": true, ""j2"": true, ""j3"": true, ""j4"": true, ""j5"": true, ""j6"": true, ""j7"": true, ""accel"": true, ""gyro"": true, ""imu2"": true}",25345.0,4461.0,1.0,0.16944534188592164,0.0,0
0.7036,reach,-0.3070948035918977,0.39617681537849114,1.0696447968443075,0.0,0.0,0.0,1.0,-0.7093413886159311,-0.48982271526712684,0.5068614228808125,1,-0.32805081050286966,0.3925621464392315,1.0845791684821569,-1.7911317563013014e-06,-4.132542907792081e-06,3.0181998247891256e-07,0.9999999999898114,-0.3070948035918977,0.39617681537849114,1.0696447968443075,0.7929,ASSIST,tag_0,1.0,1.0,0,[1.0],"[""tag_0""]",1,"{""j1"": true, ""j2"": true, ""j3"": true, ""j4"": true, ""j5"": true, ""j6"": true, ""j7"": true, ""accel"": true, ""gyro"": true, ""imu2"": true}",25345.0,4461.0,1.0,0.16944534188592164,0.0,0
0.7097,reach,-0.3070948035918977,0.39617681537849114,1.0696447968443075,0.0,0.0,0.0,1.0,-0.7093413886159311,-0.48982271526712684,0.5068614228808125,1,-0.32805081050286966,0.3925621464392315,1.0845791684821569,-1.7911317563013014e-06,-4.132542907792081e-06,3.0181998247891256e-07,0.9999999999898114,-0.3070948035918977,0.39617681537849114,1.0696447968443075,0.7929,ASSIST,tag_0,1.0,1.0,0,[1.0],"[""tag_0""]",1,"{""j1"": true, ""j2"": true, ""j3"": true, ""j4"": true, ""j5"": true, ""j6"": true, ""j7"": true, ""accel"": true, ""gyro"": true, ""imu2"": true}",25345.0,4461.0,1.0,0.16944534188592164,0.0,0
0.7137,reach,-0.3070948035918977,0.39617681537849114,1.0696447968443075,0.0,0.0,0.0,1.0,-0.7093413886159311,-0.48982271526712684,0.5068614228808125,1,-0.32805081050286966,0.3925621464392315,1.0845791684821569,-1.7911317563013014e-06,-4.132542907792081e-06,3.0181998247891256e-07,0.9999999999898114,-0.3070948035918977,0.39617681537849114,1.0696447968443075,0.7929,ASSIST,tag_0,1.0,1.0,0,[1.0],"[""tag_0""]",1,"{""j1"": true, ""j2"": true, ""j3"": true, ""j4"": true, ""j5"": true, ""j6"": true, ""j7"": true, ""accel"": true, ""gyro"": true, ""imu2"": true}",25345.0,4461.0,1.0,0.16944534188592164,0.0,0
0.7151,reach,-0.3070948035918977,0.39617681537849114,1.0696447968443075,0.0,0.0,0.0,1.0,-0.7093413886159311,-0.48982271526712684,0.5068614228808125,1,-0.32805081050286966,0.3925621464392315,1.0845791684821569,-1.7911317563013014e-06,-4.132542907792081e-06,3.0181998247891256e-07,0.9999999999898114,-0.3070948035918977,0.39617681537849114,1.0696447968443075,0.7929,ASSIST,tag_0,1.0,1.0,0,[1.0],"[""tag_0""]",1,"{""j1"": true, ""j2"": true, ""j3"": true, ""j4"": true, ""j5"": true, ""j6"": true, ""j7"": true, ""accel"": true, ""gyro"": true, ""imu2"": true}",25345.0,4461.0,1.0,0.16944534188592164,0.0,0
0.7153,reach,-0.3070948035918977,0.39617681537849114,1.0696447968443075,0.0,0.0,0.0,1.0,-0.7093413886159311,-0.48982271526712684,0.5068614228808125,1,-0.32805081050286966,0.3925621464392315,1.0845791684821569,-1.7911317563013014e-06,-4.132542907792081e-06,3.0181998247891256e-07,0.9999999999898114,-0.3070948035918977,0.39617681537849114,1.0696447968443075,0.7929,ASSIST,tag_0,1.0,1.0,0,[1.0],"[""tag_0""]",1,"{""j1"": true, ""j2"": true, ""j3"": true, ""j4"": true, ""j5"": true, ""j6"": true, ""j7"": true, ""accel"": true, ""gyro"": true, ""imu2"": true}",25345.0,4461.0,1.0,0.16944534188592164,0.0,0
0.7178,reach,-0.30879722292457595,0.39500124086185,1.0708612642592215,0.0,0.0,0.0,1.0,-0.7093413886159311,-0.48982271526712684,0.5068614228808125,1,-0.32805081050286966,0.3925621464392315,1.0845791684821569,-1.7911317563013014e-06,-4.132542907792081e-06,3.0181998247891256e-07,0.9999999999898114,-0.30879722292457595,0.39500124086185,1.0708612642592215,0.7929,ASSIST,tag_0,1.0,1.0,0,[1.0],"[""tag_0""]",1,"{""j1"": true, ""j2"": true, ""j3"": true, ""j4"": true, ""j5"": true, ""j6"": true, ""j7"": true, ""accel"": true, ""gyro"": true, ""imu2"": true}",25345.0,4461.0,1.0,0.16944534188592164,0.0,0
0.7188,reach,-0.30879722292457595,0.39500124086185,1.0708612642592215,0.0,0.0,0.0,1.0,-0.7093413886159317,-0.4898227152671265,0.5068614228808119,1,-0.32805081050286966,0.3925621464392315,1.0845791684821569,-1.7911317563013014e-06,-4.132542907792081e-06,3.0181998247891256e-07,0.9999999999898114,-0.30879722292457595,0.39500124086185,1.0708612642592215,0.7929,ASSIST,tag_0,1.0,1.0,0,[1.0],"[""tag_0""]",1,"{""j1"": true, ""j2"": true, ""j3"": true, ""j4"": true, ""j5"": true, ""j6"": true, ""j7"": true, ""accel"": true, ""gyro"": true, ""imu2"": true}",25345.0,4461.0,1.0,0.16944534188592164,0.0,0
0.719,reach,-0.30879722292457595,0.39500124086185,1.0708612642592215,0.0,0.0,0.0,1.0,-0.7093413886159317,-0.4898227152671265,0.5068614228808119,1,-0.32805081050286966,0.3925621464392315,1.0845791684821569,-1.7911317563013014e-06,-4.132542907792081e-06,3.0181998247891256e-07,0.9999999999898114,-0.30879722292457595,0.39500124086185,1.0708612642592215,0.7929,ASSIST,tag_0,1.0,1.0,0,[1.0],"[""tag_0""]",1,"{""j1"": true, ""j2"": true, ""j3"": true, ""j4"": true, ""j5"": true, ""j6"": true, ""j7"": true, ""accel"": true, ""gyro"": true, ""imu2"": true}",25345.0,4461.0,1.0,0.16944534188592164,0.0,0
0.7214,reach,-0.30879722292457595,0.39500124086185,1.0708612642592215,0.0,0.0,0.0,1.0,-0.7093413886159317,-0.4898227152671265,0.5068614228808119,1,-0.32805081050286966,0.3925621464392315,1.0845791684821569,-1.7911317563013014e-06,-4.132542907792081e-06,3.0181998247891256e-07,0.9999999999898114,-0.30879722292457595,0.39500124086185,1.0708612642592215,0.7929,ASSIST,tag_0,1.0,1.0,0,[1.0],"[""tag_0""]",1,"{""j1"": true, ""j2"": true, ""j3"": true, ""j4"": true, ""j5"": true, ""j6"": true, ""j7"": true, ""accel"": true, ""gyro"": true, ""imu2"": true}",25345.0,4461.0,1.0,0.16944534188592164,0.0,0
0.7234,reach,-0.30879722292457595,0.39500124086185,1.0708612642592215,0.0,0.0,0.0,1.0,-0.7093413886159317,-0.4898227152671265,0.5068614228808119,1,-0.32805081050286966,0.3925621464392315,1.0845791684821569,-1.7911317563013014e-06,-4.132542907792081e-06,3.0181998247891256e-07,0.9999999999898114,-0.30879722292457595,0.39500124086185,1.0708612642592215,0.7929,ASSIST,tag_0,1.0,1.0,0,[1.0],"[""tag_0""]",1,"{""j1"": true, ""j2"": true, ""j3"": true, ""j4"": true, ""j5"": true, ""j6"": true, ""j7"": true, ""accel"": true, ""gyro"": true, ""imu2"": true}",25345.0,4461.0,1.0,0.16944534188592164,0.0,0
0.729,reach,-0.30879722292457595,0.39500124086185,1.0708612642592215,0.0,0.0,0.0,1.0,-0.7093413886159317,-0.4898227152671265,0.5068614228808119,1,-0.32805081050286966,0.3925621464392315,1.0845791684821569,-1.7911317563013014e-06,-4.132542907792081e-06,3.0181998247891256e-07,0.9999999999898114,-0.30879722292457595,0.39500124086185,1.0708612642592215,0.7929,ASSIST,tag_0,1.0,1.0,0,[1.0],"[""tag_0""]",1,"{""j1"": true, ""j2"": true, ""j3"": true, ""j4"": true, ""j5"": true, ""j6"": true, ""j7"": true, ""accel"": true, ""gyro"": true, ""imu2"": true}",25345.0,4461.0,1.0,0.16944534188592164,0.0,0
0.7335,reach,-0.30879722292457595,0.39500124086185,1.0708612642592215,0.0,0.0,0.0,1.0,-0.7093413886159317,-0.4898227152671265,0.5068614228808119,1,-0.32805081050286966,0.3925621464392315,1.0845791684821569,-1.7911317563013014e-06,-4.132542907792081e-06,3.0181998247891256e-07,0.9999999999898114,-0.30879722292457595,0.39500124086185,1.0708612642592215,0.7929,ASSIST,tag_0,1.0,1.0,0,[1.0],"[""tag_0""]",1,"{""j1"": true, ""j2"": true, ""j3"": true, ""j4"": true, ""j5"": true, ""j6"": true, ""j7"": true, ""accel"": true, ""gyro"": true, ""imu2"": true}",25345.0,4461.0,1.0,0.16944534188592164,0.0,0
0.7345,reach,-0.30879722292457595,0.39500124086185,1.0708612642592215,0.0,0.0,0.0,1.0,-0.7093413886159317,-0.4898227152671265,0.5068614228808119,1,-0.32805081050286966,0.3925621464392315,1.0845791684821569,-1.7911317563013014e-06,-4.132542907792081e-06,3.0181998247891256e-07,0.9999999999898114,-0.30879722292457595,0.39500124086185,1.0708612642592215,0.7929,ASSIST,tag_0,1.0,1.0,0,[1.0],"[""tag_0""]",1,"{""j1"": true, ""j2"": true, ""j3"": true, ""j4"": true, ""j5"": true, ""j6"": true, ""j7"": true, ""accel"": true, ""gyro"": true, ""imu2"": true}",25345.0,4461.0,1.0,0.16944534188592164,0.0,0
0.7352,reach,-0.30879722292457595,0.39500124086185,1.0708612642592215,0.0,0.0,0.0,1.0,-0.7093413886159317,-0.4898227152671265,0.5068614228808119,1,-0.32805081050286966,0.3925621464392315,1.0845791684821569,-1.7911317563013014e-06,-4.132542907792081e-06,3.0181998247891256e-07,0.9999999999898114,-0.30879722292457595,0.39500124086185,1.0708612642592215,0.7929,ASSIST,tag_0,1.0,1.0,0,[1.0],"[""tag_0""]",1,"{""j1"": true, ""j2"": true, ""j3"": true, ""j4"": true, ""j5"": true, ""j6"": true, ""j7"": true, ""accel"": true, ""gyro"": true, ""imu2"": true}",25345.0,4461.0,1.0,0.16944534188592164,0.0,0
0.7378,reach,-0.3104996422572542,0.3938256663452089,1.0720777316741354,0.0,0.0,0.0,1.0,-0.7093413886159317,-0.4898227152671265,0.5068614228808119,1,-0.32805081050286966,0.3925621464392315,1.0845791684821569,-1.7911317563013014e-06,-4.132542907792081e-06,3.0181998247891256e-07,0.9999999999898114,-0.3104996422572542,0.3938256663452089,1.0720777316741354,0.7929,ASSIST,tag_0,1.0,1.0,0,[1.0],"[""tag_0""]",1,"{""j1"": true, ""j2"": true, ""j3"": true, ""j4"": true, ""j5"": true, ""j6"": true, ""j7"": true, ""accel"": true, ""gyro"": true, ""imu2"": true}",25345.0,4461.0,1.0,0.16944534188592164,0.0,0
0.7388,reach,-0.3104996422572542,0.3938256663452089,1.0720777316741354,0.0,0.0,0.0,1.0,-0.7093413886159324,-0.48982271526712623,0.5068614228808113,1,-0.32805081050286966,0.3925621464392315,1.0845791684821569,-1.7911317563013014e-06,-4.132542907792081e-06,3.0181998247891256e-07,0.9999999999898114,-0.3104996422572542,0.3938256663452089,1.0720777316741354,0.7929,ASSIST,tag_0,1.0,1.0,0,[1.0],"[""tag_0""]",1,"{""j1"": true, ""j2"": true, ""j3"": true, ""j4"": true, ""j5"": true, ""j6"": true, ""j7"": true, ""accel"": true, ""gyro"": true, ""imu2"": true}",25345.0,4461.0,1.0,0.16944534188592164,0.0,0
0.7392,reach,-0.3104996422572542,0.3938256663452089,1.0720777316741354,0.0,0.0,0.0,1.0,-0.7093413886159324,-0.48982271526712623,0.5068614228808113,1,-0.32805081050286966,0.3925621464392315,1.0845791684821569,-1.7911317563013014e-06,-4.132542907792081e-06,3.0181998247891256e-07,0.9999999999898114,-0.3104996422572542,0.3938256663452089,1.0720777316741354,0.7929,ASSIST,tag_0,1.0,1.0,0,[1.0],"[""tag_0""]",1,"{""j1"": true, ""j2"": true, ""j3"": true, ""j4"": true, ""j5"": true, ""j6"": true, ""j7"": true, ""accel"": true, ""gyro"": true, ""imu2"": true}",25345.0,4461.0,1.0,0.16944534188592164,0.0,0
0.7415,reach,-0.3104996422572542,0.3938256663452089,1.0720777316741354,0.0,0.0,0.0,1.0,-0.7093413886159324,-0.48982271526712623,0.5068614228808113,1,-0.32805081050286966,0.3925621464392315,1.0845791684821569,-1.7911317563013014e-06,-4.132542907792081e-06,3.0181998247891256e-07,0.9999999999898114,-0.3104996422572542,0.3938256663452089,1.0720777316741354,0.7929,ASSIST,tag_0,1.0,1.0,0,[1.0],"[""tag_0""]",1,"{""j1"": true, ""j2"": true, ""j3"": true, ""j4"": true, ""j5"": true, ""j6"": true, ""j7"": true, ""accel"": true, ""gyro"": true, ""imu2"": true}",25345.0,4461.0,1.0,0.16944534188592164,0.0,0
0.7432,reach,-0.3104996422572542,0.3938256663452089,1.0720777316741354,0.0,0.0,0.0,1.0,-0.7093413886159324,-0.48982271526712623,0.5068614228808113,1,-0.32805081050286966,0.3925621464392315,1.0845791684821569,-1.7911317563013014e-06,-4.132542907792081e-06,3.0181998247891256e-07,0.9999999999898114,-0.3104996422572542,0.3938256663452089,1.0720777316741354,0.7929,ASSIST,tag_0,1.0,1.0,0,[1.0],"[""tag_0""]",1,"{""j1"": true, ""j2"": true, ""j3"": true, ""j4"": true, ""j5"": true, ""j6"": true, ""j7"": true, ""accel"": true, ""gyro"": true, ""imu2"": true}",25345.0,4461.0,1.0,0.16944534188592164,0.0,0
0.7492,reach,-0.3104996422572542,0.3938256663452089,1.0720777316741354,0.0,0.0,0.0,1.0,-0.7093413886159324,-0.48982271526712623,0.5068614228808113,1,-0.32805081050286966,0.3925621464392315,1.0845791684821569,-1.7911317563013014e-06,-4.132542907792081e-06,3.0181998247891256e-07,0.9999999999898114,-0.3104996422572542,0.3938256663452089,1.0720777316741354,0.7929,ASSIST,tag_0,1.0,1.0,0,[1.0],"[""tag_0""]",1,"{""j1"": true, ""j2"": true, ""j3"": true, ""j4"": true, ""j5"": true, ""j6"": true, ""j7"": true, ""accel"": true, ""gyro"": true, ""imu2"": true}",25345.0,4461.0,1.0,0.16944534188592164,0.0,0
0.753,reach,-0.3104996422572542,0.3938256663452089,1.0720777316741354,0.0,0.0,0.0,1.0,-0.7093413886159324,-0.48982271526712623,0.5068614228808113,1,-0.32805081050286966,0.3925621464392315,1.0845791684821569,-1.7911317563013014e-06,-4.132542907792081e-06,3.0181998247891256e-07,0.9999999999898114,-0.3104996422572542,0.3938256663452089,1.0720777316741354,0.7929,ASSIST,tag_0,1.0,1.0,0,[1.0],"[""tag_0""]",1,"{""j1"": true, ""j2"": true, ""j3"": true, ""j4"": true, ""j5"": true, ""j6"": true, ""j7"": true, ""accel"": true, ""gyro"": true, ""imu2"": true}",25345.0,4461.0,1.0,0.16944534188592164,0.0,0
0.7544,reach,-0.3104996422572542,0.3938256663452089,1.0720777316741354,0.0,0.0,0.0,1.0,-0.7093413886159324,-0.48982271526712623,0.5068614228808113,1,-0.32805081050286966,0.3925621464392315,1.0845791684821569,-1.7911317563013014e-06,-4.132542907792081e-06,3.0181998247891256e-07,0.9999999999898114,-0.3104996422572542,0.3938256663452089,1.0720777316741354,0.7929,ASSIST,tag_0,1.0,1.0,0,[1.0],"[""tag_0""]",1,"{""j1"": true, ""j2"": true, ""j3"": true, ""j4"": true, ""j5"": true, ""j6"": true, ""j7"": true, ""accel"": true, ""gyro"": true, ""imu2"": true}",25345.0,4461.0,1.0,0.16944534188592164,0.0,0
0.758,reach,-0.3122020615899324,0.3926500918285678,1.0732941990890494,0.0,0.0,0.0,1.0,-0.7093413886159324,-0.48982271526712623,0.5068614228808113,1,-0.32805081050286966,0.3925621464392315,1.0845791684821569,-1.7911317563013014e-06,-4.132542907792081e-06,3.0181998247891256e-07,0.9999999999898114,-0.3122020615899324,0.3926500918285678,1.0732941990890494,0.7929,ASSIST,tag_0,1.0,1.0,0,[1.0],"[""tag_0""]",1,"{""j1"": true, ""j2"": true, ""j3"": true, ""j4"": true, ""j5"": true, ""j6"": true, ""j7"": true, ""accel"": true, ""gyro"": true, ""imu2"": true}",25345.0,4461.0,1.0,0.16944534188592164,0.0,0
0.7587,reach,-0.3122020615899324,0.3926500918285678,1.0732941990890494,0.0,0.0,0.0,1.0,-0.7093413886159327,-0.48982271526712695,0.5068614228808102,1,-0.32805081050286966,0.3925621464392315,1.0845791684821569,-1.7911317563013014e-06,-4.132542907792081e-06,3.0181998247891256e-07,0.9999999999898114,-0.3122020615899324,0.3926500918285678,1.0732941990890494,0.7929,ASSIST,tag_0,1.0,1.0,0,[1.0],"[""tag_0""]",1,"{""j1"": true, ""j2"": true, ""j3"": true, ""j4"": true, ""j5"": true, ""j6"": true, ""j7"": true, ""accel"": true, ""gyro"": true, ""imu2"": true}",25345.0,4461.0,1.0,0.16944534188592164,0.0,0
0.759,reach,-0.3122020615899324,0.3926500918285678,1.0732941990890494,0.0,0.0,0.0,1.0,-0.7093413886159327,-0.48982271526712695,0.5068614228808102,1,-0.32805081050286966,0.3925621464392315,1.0845791684821569,-1.7911317563013014e-06,-4.132542907792081e-06,3.0181998247891256e-07,0.9999999999898114,-0.3122020615899324,0.3926500918285678,1.0732941990890494,0.7929,ASSIST,tag_0,1.0,1.0,0,[1.0],"[""tag_0""]",1,"{""j1"": true, ""j2"": true, ""j3"": true, ""j4"": true, ""j5"": true, ""j6"": true, ""j7"": true, ""accel"": true, ""gyro"": true, ""imu2"": true}",25345.0,4461.0,1.0,0.16944534188592164,0.0,0
0.7615,reach,-0.3122020615899324,0.3926500918285678,1.0732941990890494,0.0,0.0,0.0,1.0,-0.7093413886159327,-0.48982271526712695,0.5068614228808102,1,-0.32805081050286966,0.3925621464392315,1.0845791684821569,-1.7911317563013014e-06,-4.132542907792081e-06,3.0181998247891256e-07,0.9999999999898114,-0.3122020615899324,0.3926500918285678,1.0732941990890494,0.7929,ASSIST,tag_0,1.0,1.0,0,[1.0],"[""tag_0""]",1,"{""j1"": true, ""j2"": true, ""j3"": true, ""j4"": true, ""j5"": true, ""j6"": true, ""j7"": true, ""accel"": true, ""gyro"": true, ""imu2"": true}",25345.0,4462.0,1.0,0.16944534188592164,0.0,0
0.7634,reach,-0.3122020615899324,0.3926500918285678,1.0732941990890494,0.0,0.0,0.0,1.0,-0.7093413886159327,-0.48982271526712695,0.5068614228808102,1,-0.32805081050286966,0.3925621464392315,1.0845791684821569,-1.7911317563013014e-06,-4.132542907792081e-06,3.0181998247891256e-07,0.9999999999898114,-0.3122020615899324,0.3926500918285678,1.0732941990890494,0.7929,ASSIST,tag_0,1.0,1.0,0,[1.0],"[""tag_0""]",1,"{""j1"": true, ""j2"": true, ""j3"": true, ""j4"": true, ""j5"": true, ""j6"": true, ""j7"": true, ""accel"": true, ""gyro"": true, ""imu2"": true}",25345.0,4462.0,1.0,0.16944534188592164,0.0,0
0.7694,reach,-0.3122020615899324,0.3926500918285678,1.0732941990890494,0.0,0.0,0.0,1.0,-0.7093413886159327,-0.48982271526712695,0.5068614228808102,1,-0.32805081050286966,0.3925621464392315,1.0845791684821569,-1.7911317563013014e-06,-4.132542907792081e-06,3.0181998247891256e-07,0.9999999999898114,-0.3122020615899324,0.3926500918285678,1.0732941990890494,0.7929,ASSIST,tag_0,1.0,1.0,0,[1.0],"[""tag_0""]",1,"{""j1"": true, ""j2"": true, ""j3"": true, ""j4"": true, ""j5"": true, ""j6"": true, ""j7"": true, ""accel"": true, ""gyro"": true, ""imu2"": true}",25345.0,4462.0,1.0,0.16944534188592164,0.0,0
0.7736,reach,-0.3122020615899324,0.3926500918285678,1.0732941990890494,0.0,0.0,0.0,1.0,-0.7093413886159327,-0.48982271526712695,0.5068614228808102,1,-0.32805081050286966,0.3925621464392315,1.0845791684821569,-1.7911317563013014e-06,-4.132542907792081e-06,3.0181998247891256e-07,0.9999999999898114,-0.3122020615899324,0.3926500918285678,1.0732941990890494,0.7929,ASSIST,tag_0,1.0,1.0,0,[1.0],"[""tag_0""]",1,"{""j1"": true, ""j2"": true, ""j3"": true, ""j4"": true, ""j5"": true, ""j6"": true, ""j7"": true, ""accel"": true, ""gyro"": true, ""imu2"": true}",25345.0,4462.0,1.0,0.16944534188592164,0.0,0
0.7745,reach,-0.3122020615899324,0.3926500918285678,1.0732941990890494,0.0,0.0,0.0,1.0,-0.7093413886159327,-0.48982271526712695,0.5068614228808102,1,-0.32805081050286966,0.3925621464392315,1.0845791684821569,-1.7911317563013014e-06,-4.132542907792081e-06,3.0181998247891256e-07,0.9999999999898114,-0.3122020615899324,0.3926500918285678,1.0732941990890494,0.7929,ASSIST,tag_0,1.0,1.0,0,[1.0],"[""tag_0""]",1,"{""j1"": true, ""j2"": true, ""j3"": true, ""j4"": true, ""j5"": true, ""j6"": true, ""j7"": true, ""accel"": true, ""gyro"": true, ""imu2"": true}",25345.0,4462.0,1.0,0.16944534188592164,0.0,0
0.7776,reach,-0.31390448092261064,0.3914745173119267,1.0745106665039634,0.0,0.0,0.0,1.0,-0.7093413886159327,-0.48982271526712695,0.5068614228808102,1,-0.32805081050286966,0.3925621464392315,1.0845791684821569,-1.7911317563013014e-06,-4.132542907792081e-06,3.0181998247891256e-07,0.9999999999898114,-0.31390448092261064,0.3914745173119267,1.0745106665039634,0.7929,ASSIST,tag_0,1.0,1.0,0,[1.0],"[""tag_0""]",1,"{""j1"": true, ""j2"": true, ""j3"": true, ""j4"": true, ""j5"": true, ""j6"": true, ""j7"": true, ""accel"": true, ""gyro"": true, ""imu2"": true}",25345.0,4462.0,1.0,0.16944534188592164,0.0,0
0.7785,reach,-0.31390448092261064,0.3914745173119267,1.0745106665039634,0.0,0.0,0.0,1.0,-0.7093413886159335,-0.4898227152671267,0.5068614228808093,1,-0.32805081050286966,0.3925621464392315,1.0845791684821569,-1.7911317563013014e-06,-4.132542907792081e-06,3.0181998247891256e-07,0.9999999999898114,-0.31390448092261064,0.3914745173119267,1.0745106665039634,0.7929,ASSIST,tag_0,1.0,1.0,0,[1.0],"[""tag_0""]",1,"{""j1"": true, ""j2"": true, ""j3"": true, ""j4"": true, ""j5"": true, ""j6"": true, ""j7"": true, ""accel"": true, ""gyro"": true, ""imu2"": true}",25345.0,4462.0,1.0,0.16944534188592164,0.0,0
0.7789,reach,-0.31390448092261064,0.3914745173119267,1.0745106665039634,0.0,0.0,0.0,1.0,-0.7093413886159335,-0.4898227152671267,0.5068614228808093,1,-0.32805081050286966,0.3925621464392315,1.0845791684821569,-1.7911317563013014e-06,-4.132542907792081e-06,3.0181998247891256e-07,0.9999999999898114,-0.31390448092261064,0.3914745173119267,1.0745106665039634,0.7929,ASSIST,tag_0,1.0,1.0,0,[1.0],"[""tag_0""]",1,"{""j1"": true, ""j2"": true, ""j3"": true, ""j4"": true, ""j5"": true, ""j6"": true, ""j7"": true, ""accel"": true, ""gyro"": true, ""imu2"": true}",25345.0,4462.0,1.0,0.16944534188592164,0.0,0
0.7816,reach,-0.31390448092261064,0.3914745173119267,1.0745106665039634,0.0,0.0,0.0,1.0,-0.7093413886159335,-0.4898227152671267,0.5068614228808093,1,-0.32805081050286966,0.3925621464392315,1.0845791684821569,-1.7911317563013014e-06,-4.132542907792081e-06,3.0181998247891256e-07,0.9999999999898114,-0.31390448092261064,0.3914745173119267,1.0745106665039634,0.7929,ASSIST,tag_0,1.0,1.0,0,[1.0],"[""tag_0""]",1,"{""j1"": true, ""j2"": true, ""j3"": true, ""j4"": true, ""j5"": true, ""j6"": true, ""j7"": true, ""accel"": true, ""gyro"": true, ""imu2"": true}",25346.0,4462.0,1.0,0.1497857126512227,0.0,0
0.7833,reach,-0.31390448092261064,0.3914745173119267,1.0745106665039634,0.0,0.0,0.0,1.0,-0.7093413886159335,-0.4898227152671267,0.5068614228808093,1,-0.32805081050286966,0.3925621464392315,1.0845791684821569,-1.7911317563013014e-06,-4.132542907792081e-06,3.0181998247891256e-07,0.9999999999898114,-0.31390448092261064,0.3914745173119267,1.0745106665039634,0.7929,ASSIST,tag_0,1.0,1.0,0,[1.0],"[""tag_0""]",1,"{""j1"": true, ""j2"": true, ""j3"": true, ""j4"": true, ""j5"": true, ""j6"": true, ""j7"": true, ""accel"": true, ""gyro"": true, ""imu2"": true}",25346.0,4462.0,1.0,0.1497857126512227,0.0,0
0.7854,reach,-0.31390448092261064,0.3914745173119267,1.0745106665039634,0.0,0.0,0.0,1.0,-0.7093413886159335,-0.4898227152671267,0.5068614228808093,1,-0.32582783968288453,0.39258548254318837,1.082931872430901,-1.2389656512235e-05,-3.059088203388737e-06,2.5565625104390085e-05,0.9999999995917686,-0.31390448092261064,0.3914745173119267,1.0745106665039634,0.7929,ASSIST,tag_0,1.0,1.0,0,[1.0],"[""tag_0""]",1,"{""j1"": true, ""j2"": true, ""j3"": true, ""j4"": true, ""j5"": true, ""j6"": true, ""j7"": true, ""accel"": true, ""gyro"": true, ""imu2"": true}",25346.0,4462.0,1.0,0.1497857126512227,0.0,0
0.7866,reach,-0.31390448092261064,0.3914745173119267,1.0745106665039634,0.0,0.0,0.0,1.0,-0.7093413886159335,-0.4898227152671267,0.5068614228808093,1,-0.32582783968288453,0.39258548254318837,1.082931872430901,-1.2389656512235e-05,-3.059088203388737e-06,2.5565625104390085e-05,0.9999999995917686,-0.31390448092261064,0.3914745173119267,1.0745106665039634,0.7929,ASSIST,tag_0,1.0,1.0,0,[1.0],"[""tag_0""]",1,"{""j1"": true, ""j2"": true, ""j3"": true, ""j4"": true, ""j5"": true, ""j6"": true, ""j7"": true, ""accel"": true, ""gyro"": true, ""imu2"": true}",25346.0,4462.0,1.0,0.1497857126512227,0.0,0
0.7925,reach,-0.31390448092261064,0.3914745173119267,1.0745106665039634,0.0,0.0,0.0,1.0,-0.7093413886159335,-0.4898227152671267,0.5068614228808093,1,-0.32582783968288453,0.39258548254318837,1.082931872430901,-1.2389656512235e-05,-3.059088203388737e-06,2.5565625104390085e-05,0.9999999995917686,-0.31390448092261064,0.3914745173119267,1.0745106665039634,0.7929,ASSIST,tag_0,1.0,1.0,0,[1.0],"[""tag_0""]",1,"{""j1"": true, ""j2"": true, ""j3"": true, ""j4"": true, ""j5"": true, ""j6"": true, ""j7"": true, ""accel"": true, ""gyro"": true, ""imu2"": true}",25346.0,4462.0,1.0,0.1497857126512227,0.0,0
0.7932,reach,-0.31390448092261064,0.3914745173119267,1.0745106665039634,0.0,0.0,0.0,1.0,-0.7093413886159335,-0.4898227152671267,0.5068614228808093,1,-0.32582783968288453,0.39258548254318837,1.082931872430901,-1.2389656512235e-05,-3.059088203388737e-06,2.5565625104390085e-05,0.9999999995917686,-0.31390448092261064,0.3914745173119267,1.0745106665039634,0.7929,ASSIST,tag_0,1.0,1.0,0,[1.0],"[""tag_0""]",1,"{""j1"": true, ""j2"": true, ""j3"": true, ""j4"": true, ""j5"": true, ""j6"": true, ""j7"": true, ""accel"": true, ""gyro"": true, ""imu2"": true}",25346.0,4462.0,1.0,0.1497857126512227,0.0,0
0.7946,reach,-0.31390448092261064,0.3914745173119267,1.0745106665039634,0.0,0.0,0.0,1.0,-0.7093413886159335,-0.4898227152671267,0.5068614228808093,1,-0.32582783968288453,0.39258548254318837,1.082931872430901,-1.2389656512235e-05,-3.059088203388737e-06,2.5565625104390085e-05,0.9999999995917686,-0.31390448092261064,0.3914745173119267,1.0745106665039634,0.7929,ASSIST,tag_0,1.0,1.0,0,[1.0],"[""tag_0""]",1,"{""j1"": true, ""j2"": true, ""j3"": true, ""j4"": true, ""j5"": true, ""j6"": true, ""j7"": true, ""accel"": true, ""gyro"": true, ""imu2"": true}",25346.0,4462.0,1.0,0.1497857126512227,0.0,0
0.7976,reach,-0.31560690025528887,0.39029894279528554,1.0757271339188774,0.0,0.0,0.0,1.0,-0.7093413886159335,-0.4898227152671267,0.5068614228808093,1,-0.32582783968288453,0.39258548254318837,1.082931872430901,-1.2389656512235e-05,-3.059088203388737e-06,2.5565625104390085e-05,0.9999999995917686,-0.31560690025528887,0.39029894279528554,1.0757271339188774,0.7929,ASSIST,tag_0,1.0,1.0,0,[1.0],"[""tag_0""]",1,"{""j1"": true, ""j2"": true, ""j3"": true, ""j4"": true, ""j5"": true, ""j6"": true, ""j7"": true, ""accel"": true, ""gyro"": true, ""imu2"": true}",25346.0,4462.0,1.0,0.1497857126512227,0.0,0
0.7986,reach,-0.31560690025528887,0.39029894279528554,1.0757271339188774,0.0,0.0,0.0,1.0,-0.7093413886159344,-0.48982271526712623,0.5068614228808083,1,-0.32582783968288453,0.39258548254318837,1.082931872430901,-1.2389656512235e-05,-3.059088203388737e-06,2.5565625104390085e-05,0.9999999995917686,-0.31560690025528887,0.39029894279528554,1.0757271339188774,0.7929,ASSIST,tag_0,1.0,1.0,0,[1.0],"[""tag_0""]",1,"{""j1"": true, ""j2"": true, ""j3"": true, ""j4"": true, ""j5"": true, ""j6"": true, ""j7"": true, ""accel"": true, ""gyro"": true, ""imu2"": true}",25346.0,4462.0,1.0,0.1497857126512227,0.0,0
0.7989,reach,-0.31560690025528887,0.39029894279528554,1.0757271339188774,0.0,0.0,0.0,1.0,-0.7093413886159344,-0.48982271526712623,0.5068614228808083,1,-0.32582783968288453,0.39258548254318837,1.082931872430901,-1.2389656512235e-05,-3.059088203388737e-06,2.5565625104390085e-05,0.9999999995917686,-0.31560690025528887,0.39029894279528554,1.0757271339188774,0.7929,ASSIST,tag_0,1.0,1.0,0,[1.0],"[""tag_0""]",1,"{""j1"": true, ""j2"": true, ""j3"": true, ""j4"": true, ""j5"": true, ""j6"": true, ""j7"": true, ""accel"": true, ""gyro"": true, ""imu2"": true}",25346.0,4462.0,1.0,0.1497857126512227,0.0,0
0.8016,reach,-0.31560690025528887,0.39029894279528554,1.0757271339188774,0.0,0.0,0.0,1.0,-0.7093413886159344,-0.48982271526712623,0.5068614228808083,1,-0.32582783968288453,0.39258548254318837,1.082931872430901,-1.2389656512235e-05,-3.059088203388737e-06,2.5565625104390085e-05,0.9999999995917686,-0.31560690025528887,0.39029894279528554,1.0757271339188774,0.7929,ASSIST,tag_0,1.0,1.0,0,[1.0],"[""tag_0""]",1,"{""j1"": true, ""j2"": true, ""j3"": true, ""j4"": true, ""j5"": true, ""j6"": true, ""j7"": true, ""accel"": true, ""gyro"": true, ""imu2"": true}",25347.0,4462.0,1.0,0.14937119506959545,0.0,0
0.8035,reach,-0.31560690025528887,0.39029894279528554,1.0757271339188774,0.0,0.0,0.0,1.0,-0.7093413886159344,-0.48982271526712623,0.5068614228808083,1,-0.32582783968288453,0.39258548254318837,1.082931872430901,-1.2389656512235e-05,-3.059088203388737e-06,2.5565625104390085e-05,0.9999999995917686,-0.31560690025528887,0.39029894279528554,1.0757271339188774,0.7929,ASSIST,tag_0,1.0,1.0,0,[1.0],"[""tag_0""]",1,"{""j1"": true, ""j2"": true, ""j3"": true, ""j4"": true, ""j5"": true, ""j6"": true, ""j7"": true, ""accel"": true, ""gyro"": true, ""imu2"": true}",25347.0,4462.0,1.0,0.14937119506959545,0.0,0
0.8095,reach,-0.31560690025528887,0.39029894279528554,1.0757271339188774,0.0,0.0,0.0,1.0,-0.7093413886159344,-0.48982271526712623,0.5068614228808083,1,-0.32582783968288453,0.39258548254318837,1.082931872430901,-1.2389656512235e-05,-3.059088203388737e-06,2.5565625104390085e-05,0.9999999995917686,-0.31560690025528887,0.39029894279528554,1.0757271339188774,0.7929,ASSIST,tag_0,1.0,1.0,0,[1.0],"[""tag_0""]",1,"{""j1"": true, ""j2"": true, ""j3"": true, ""j4"": true, ""j5"": true, ""j6"": true, ""j7"": true, ""accel"": true, ""gyro"": true, ""imu2"": true}",25347.0,4462.0,1.0,0.14937119506959545,0.0,0
0.8143,reach,-0.31560690025528887,0.39029894279528554,1.0757271339188774,0.0,0.0,0.0,1.0,-0.7093413886159344,-0.48982271526712623,0.5068614228808083,1,-0.32582783968288453,0.39258548254318837,1.082931872430901,-1.2389656512235e-05,-3.059088203388737e-06,2.5565625104390085e-05,0.9999999995917686,-0.31560690025528887,0.39029894279528554,1.0757271339188774,0.7929,ASSIST,tag_0,1.0,1.0,0,[1.0],"[""tag_0""]",1,"{""j1"": true, ""j2"": true, ""j3"": true, ""j4"": true, ""j5"": true, ""j6"": true, ""j7"": true, ""accel"": true, ""gyro"": true, ""imu2"": true}",25347.0,4462.0,1.0,0.14937119506959545,0.0,0
0.8152,reach,-0.31560690025528887,0.39029894279528554,1.0757271339188774,0.0,0.0,0.0,1.0,-0.7093413886159344,-0.48982271526712623,0.5068614228808083,1,-0.32582783968288453,0.39258548254318837,1.082931872430901,-1.2389656512235e-05,-3.059088203388737e-06,2.5565625104390085e-05,0.9999999995917686,-0.31560690025528887,0.39029894279528554,1.0757271339188774,0.7929,ASSIST,tag_0,1.0,1.0,0,[1.0],"[""tag_0""]",1,"{""j1"": true, ""j2"": true, ""j3"": true, ""j4"": true, ""j5"": true, ""j6"": true, ""j7"": true, ""accel"": true, ""gyro"": true, ""imu2"": true}",25347.0,4462.0,1.0,0.14937119506959545,0.0,0
0.8182,reach,-0.3173093195879671,0.38912336827864447,1.0769436013337914,0.0,0.0,0.0,1.0,-0.7093413886159344,-0.48982271526712623,0.5068614228808083,1,-0.32582783968288453,0.39258548254318837,1.082931872430901,-1.2389656512235e-05,-3.059088203388737e-06,2.5565625104390085e-05,0.9999999995917686,-0.3173093195879671,0.38912336827864447,1.0769436013337914,0.7929,ASSIST,tag_0,1.0,1.0,0,[1.0],"[""tag_0""]",1,"{""j1"": true, ""j2"": true, ""j3"": true, ""j4"": true, ""j5"": true, ""j6"": true, ""j7"": true, ""accel"": true, ""gyro"": true, ""imu2"": true}",25347.0,4462.0,1.0,0.14937119506959545,0.0,0
0.8188,reach,-0.3173093195879671,0.38912336827864447,1.0769436013337914,0.0,0.0,0.0,1.0,-0.7093413886159351,-0.4898227152671272,0.5068614228808067,1,-0.32582783968288453,0.39258548254318837,1.082931872430901,-1.2389656512235e-05,-3.059088203388737e-06,2.5565625104390085e-05,0.9999999995917686,-0.3173093195879671,0.38912336827864447,1.0769436013337914,0.7929,ASSIST,tag_0,1.0,1.0,0,[1.0],"[""tag_0""]",1,"{""j1"": true, ""j2"": true, ""j3"": true, ""j4"": true, ""j5"": true, ""j6"": true, ""j7"": true, ""accel"": true, ""gyro"": true, ""imu2"": true}",25347.0,4462.0,1.0,0.14937119506959545,0.0,0
0.819,reach,-0.3173093195879671,0.38912336827864447,1.0769436013337914,0.0,0.0,0.0,1.0,-0.7093413886159351,-0.4898227152671272,0.5068614228808067,1,-0.32582783968288453,0.39258548254318837,1.082931872430901,-1.2389656512235e-05,-3.059088203388737e-06,2.5565625104390085e-05,0.9999999995917686,-0.3173093195879671,0.38912336827864447,1.0769436013337914,0.7929,ASSIST,tag_0,1.0,1.0,0,[1.0],"[""tag_0""]",1,"{""j1"": true, ""j2"": true, ""j3"": true, ""j4"": true, ""j5"": true, ""j6"": true, ""j7"": true, ""accel"": true, ""gyro"": true, ""imu2"": true}",25347.0,4462.0,1.0,0.14937119506959545,0.0,0
0.8217,reach,-0.3173093195879671,0.38912336827864447,1.0769436013337914,0.0,0.0,0.0,1.0,-0.7093413886159351,-0.4898227152671272,0.5068614228808067,1,-0.32582783968288453,0.39258548254318837,1.082931872430901,-1.2389656512235e-05,-3.059088203388737e-06,2.5565625104390085e-05,0.9999999995917686,-0.3173093195879671,0.38912336827864447,1.0769436013337914,0.7929,ASSIST,tag_0,1.0,1.0,0,[1.0],"[""tag_0""]",1,"{""j1"": true, ""j2"": true, ""j3"": true, ""j4"": true, ""j5"": true, ""j6"": true, ""j7"": true, ""accel"": true, ""gyro"": true, ""imu2"": true}",25348.0,4462.0,1.0,0.14937119506959545,0.0,0
0.8236,reach,-0.3173093195879671,0.38912336827864447,1.0769436013337914,0.0,0.0,0.0,1.0,-0.7093413886159351,-0.4898227152671272,0.5068614228808067,1,-0.32582783968288453,0.39258548254318837,1.082931872430901,-1.2389656512235e-05,-3.059088203388737e-06,2.5565625104390085e-05,0.9999999995917686,-0.3173093195879671,0.38912336827864447,1.0769436013337914,0.7929,ASSIST,tag_0,1.0,1.0,0,[1.0],"[""tag_0""]",1,"{""j1"": true, ""j2"": true, ""j3"": true, ""j4"": true, ""j5"": true, ""j6"": true, ""j7"": true, ""accel"": true, ""gyro"": true, ""imu2"": true}",25348.0,4462.0,1.0,0.14937119506959545,0.0,0
0.8296,reach,-0.3173093195879671,0.38912336827864447,1.0769436013337914,0.0,0.0,0.0,1.0,-0.7093413886159351,-0.4898227152671272,0.5068614228808067,1,-0.32582783968288453,0.39258548254318837,1.082931872430901,-1.2389656512235e-05,-3.059088203388737e-06,2.5565625104390085e-05,0.9999999995917686,-0.3173093195879671,0.38912336827864447,1.0769436013337914,0.7929,ASSIST,tag_0,1.0,1.0,0,[1.0],"[""tag_0""]",1,"{""j1"": true, ""j2"": true, ""j3"": true, ""j4"": true, ""j5"": true, ""j6"": true, ""j7"": true, ""accel"": true, ""gyro"": true, ""imu2"": true}",25348.0,4462.0,1.0,0.14937119506959545,0.0,0
0.8319,reach,-0.3173093195879671,0.38912336827864447,1.0769436013337914,0.0,0.0,0.0,1.0,-0.7093413886159351,-0.4898227152671272,0.5068614228808067,1,-0.32582783968288453,0.39258548254318837,1.082931872430901,-1.2389656512235e-05,-3.059088203388737e-06,2.5565625104390085e-05,0.9999999995917686,-0.3173093195879671,0.38912336827864447,1.0769436013337914,0.7929,ASSIST,tag_0,1.0,1.0,0,[1.0],"[""tag_0""]",1,"{""j1"": true, ""j2"": true, ""j3"": true, ""j4"": true, ""j5"": true, ""j6"": true, ""j7"": true, ""accel"": true, ""gyro"": true, ""imu2"": true}",25348.0,4462.0,1.0,0.14937119506959545,0.0,0
0.834,reach,-0.3173093195879671,0.38912336827864447,1.0769436013337914,0.0,0.0,0.0,1.0,-0.7093413886159351,-0.4898227152671272,0.5068614228808067,1,-0.32582783968288453,0.39258548254318837,1.082931872430901,-1.2389656512235e-05,-3.059088203388737e-06,2.5565625104390085e-05,0.9999999995917686,-0.3173093195879671,0.38912336827864447,1.0769436013337914,0.7929,ASSIST,tag_0,1.0,1.0,0,[1.0],"[""tag_0""]",1,"{""j1"": true, ""j2"": true, ""j3"": true, ""j4"": true, ""j5"": true, ""j6"": true, ""j7"": true, ""accel"": true, ""gyro"": true, ""imu2"": true}",25348.0,4462.0,1.0,0.14937119506959545,0.0,0
0.835,reach,-0.3173093195879671,0.38912336827864447,1.0769436013337914,0.0,0.0,0.0,1.0,-0.7093413886159351,-0.4898227152671272,0.5068614228808067,1,-0.32582783968288453,0.39258548254318837,1.082931872430901,-1.2389656512235e-05,-3.059088203388737e-06,2.5565625104390085e-05,0.9999999995917686,-0.3173093195879671,0.38912336827864447,1.0769436013337914,0.7929,ASSIST,tag_0,1.0,1.0,0,[1.0],"[""tag_0""]",1,"{""j1"": true, ""j2"": true, ""j3"": true, ""j4"": true, ""j5"": true, ""j6"": true, ""j7"": true, ""accel"": true, ""gyro"": true, ""imu2"": true}",25348.0,4462.0,1.0,0.14937119506959545,0.0,0
0.8359,reach,-0.3173093195879671,0.38912336827864447,1.0769436013337914,0.0,0.0,0.0,1.0,-0.7093413886159351,-0.4898227152671272,0.5068614228808067,1,-0.32582783968288453,0.39258548254318837,1.082931872430901,-1.2389656512235e-05,-3.059088203388737e-06,2.5565625104390085e-05,0.9999999995917686,-0.3173093195879671,0.38912336827864447,1.0769436013337914,0.7929,ASSIST,tag_0,1.0,1.0,0,[1.0],"[""tag_0""]",1,"{""j1"": true, ""j2"": true, ""j3"": true, ""j4"": true, ""j5"": true, ""j6"": true, ""j7"": true, ""accel"": true, ""gyro"": true, ""imu2"": true}",25348.0,4462.0,1.0,0.14937119506959545,0.0,0
0.8384,reach,-0.3190117389206453,0.38794779376200333,1.0781600687487054,0.0,0.0,0.0,1.0,-0.7093413886159351,-0.4898227152671272,0.5068614228808067,1,-0.32582783968288453,0.39258548254318837,1.082931872430901,-1.2389656512235e-05,-3.059088203388737e-06,2.5565625104390085e-05,0.9999999995917686,-0.3190117389206453,0.38794779376200333,1.0781600687487054,0.7929,ASSIST,tag_0,1.0,1.0,0,[1.0],"[""tag_0""]",1,"{""j1"": true, ""j2"": true, ""j3"": true, ""j4"": true, ""j5"": true, ""j6"": true, ""j7"": true, ""accel"": true, ""gyro"": true, ""imu2"": true}",25348.0,4462.0,1.0,0.14937119506959545,0.0,0
0.8391,grasp,-0.3190117389206453,0.38794779376200333,1.0781600687487054,0.0,0.0,0.0,1.0,-0.7093413886159362,-0.4898227152671268,0.5068614228808054,1,-0.32582783968288453,0.39258548254318837,1.082931872430901,-1.2389656512235e-05,-3.059088203388737e-06,2.5565625104390085e-05,0.9999999995917686,-0.3190117389206453,0.38794779376200333,1.0781600687487054,0.7929,ASSIST,tag_0,1.0,1.0,0,[1.0],"[""tag_0""]",1,"{""j1"": true, ""j2"": true, ""j3"": true, ""j4"": true, ""j5"": true, ""j6"": true, ""j7"": true, ""accel"": true, ""gyro"": true, ""imu2"": true}",25348.0,4462.0,1.0,0.14937119506959545,0.0,0
0.8395,grasp,-0.3190117389206453,0.38794779376200333,1.0781600687487054,0.0,0.0,0.0,1.0,-0.7093413886159362,-0.4898227152671268,0.5068614228808054,1,-0.32582783968288453,0.39258548254318837,1.082931872430901,-1.2389656512235e-05,-3.059088203388737e-06,2.5565625104390085e-05,0.9999999995917686,-0.3190117389206453,0.38794779376200333,1.0781600687487054,0.7929,ASSIST,tag_0,1.0,1.0,0,[1.0],"[""tag_0""]",1,"{""j1"": true, ""j2"": true, ""j3"": true, ""j4"": true, ""j5"": true, ""j6"": true, ""j7"": true, ""accel"": true, ""gyro"": true, ""imu2"": true}",25348.0,4462.0,1.0,0.14937119506959545,0.0,0
0.8416,grasp,-0.3190117389206453,0.38794779376200333,1.0781600687487054,0.0,0.0,0.0,1.0,-0.7093413886159362,-0.4898227152671268,0.5068614228808054,1,-0.32582783968288453,0.39258548254318837,1.082931872430901,-1.2389656512235e-05,-3.059088203388737e-06,2.5565625104390085e-05,0.9999999995917686,-0.3190117389206453,0.38794779376200333,1.0781600687487054,0.7929,ASSIST,tag_0,1.0,1.0,0,[1.0],"[""tag_0""]",1,"{""j1"": true, ""j2"": true, ""j3"": true, ""j4"": true, ""j5"": true, ""j6"": true, ""j7"": true, ""accel"": true, ""gyro"": true, ""imu2"": true}",25349.0,4462.0,1.0,0.14937119506959545,0.0,0
0.8432,grasp,-0.3190117389206453,0.38794779376200333,1.0781600687487054,0.0,0.0,0.0,1.0,-0.7093413886159362,-0.4898227152671268,0.5068614228808054,1,-0.32582783968288453,0.39258548254318837,1.082931872430901,-1.2389656512235e-05,-3.059088203388737e-06,2.5565625104390085e-05,0.9999999995917686,-0.3190117389206453,0.38794779376200333,1.0781600687487054,0.7929,ASSIST,tag_0,1.0,1.0,0,[1.0],"[""tag_0""]",1,"{""j1"": true, ""j2"": true, ""j3"": true, ""j4"": true, ""j5"": true, ""j6"": true, ""j7"": true, ""accel"": true, ""gyro"": true, ""imu2"": true}",25349.0,4462.0,1.0,0.14937119506959545,0.0,0
0.8435,grasp,-0.3190117389206453,0.38794779376200333,1.0781600687487054,0.0,0.0,0.0,1.0,-0.7093413886159362,-0.4898227152671268,0.5068614228808054,1,-0.32582783968288453,0.39258548254318837,1.082931872430901,-1.2389656512235e-05,-3.059088203388737e-06,2.5565625104390085e-05,0.9999999995917686,-0.3190117389206453,0.38794779376200333,1.0781600687487054,0.7929,ASSIST,tag_0,1.0,1.0,0,[1.0],"[""tag_0""]",1,"{""j1"": true, ""j2"": true, ""j3"": true, ""j4"": true, ""j5"": true, ""j6"": true, ""j7"": true, ""accel"": true, ""gyro"": true, ""imu2"": true}",25349.0,4462.0,1.0,0.14937119506959545,0.0,0
0.8494,grasp,-0.3190117389206453,0.38794779376200333,1.0781600687487054,0.0,0.0,0.0,1.0,-0.7093413886159362,-0.4898227152671268,0.5068614228808054,1,-0.32582783968288453,0.39258548254318837,1.082931872430901,-1.2389656512235e-05,-3.059088203388737e-06,2.5565625104390085e-05,0.9999999995917686,-0.3190117389206453,0.38794779376200333,1.0781600687487054,0.7929,ASSIST,tag_0,1.0,1.0,0,[1.0],"[""tag_0""]",1,"{""j1"": true, ""j2"": true, ""j3"": true, ""j4"": true, ""j5"": true, ""j6"": true, ""j7"": true, ""accel"": true, ""gyro"": true, ""imu2"": true}",25349.0,4462.0,1.0,0.14937119506959545,0.0,0
0.8538,grasp,-0.3190117389206453,0.38794779376200333,1.0781600687487054,0.0,0.0,0.0,1.0,-0.7093413886159362,-0.4898227152671268,0.5068614228808054,1,-0.32582783968288453,0.39258548254318837,1.082931872430901,-1.2389656512235e-05,-3.059088203388737e-06,2.5565625104390085e-05,0.9999999995917686,-0.3190117389206453,0.38794779376200333,1.0781600687487054,0.7929,ASSIST,tag_0,1.0,1.0,0,[1.0],"[""tag_0""]",1,"{""j1"": true, ""j2"": true, ""j3"": true, ""j4"": true, ""j5"": true, ""j6"": true, ""j7"": true, ""accel"": true, ""gyro"": true, ""imu2"": true}",25349.0,4462.0,1.0,0.14937119506959545,0.0,0
0.8553,grasp,-0.3190117389206453,0.38794779376200333,1.0781600687487054,0.0,0.0,0.0,1.0,-0.7093413886159362,-0.4898227152671268,0.5068614228808054,1,-0.31811639132473757,0.39055909411438583,1.0774511934449649,2.0770691085747466e-05,-1.396294363728567e-05,2.494443301956361e-06,0.9999999996836961,-0.3190117389206453,0.38794779376200333,1.0781600687487054,0.7929,ASSIST,tag_0,1.0,1.0,0,[1.0],"[""tag_0""]",1,"{""j1"": true, ""j2"": true, ""j3"": true, ""j4"": true, ""j5"": true, ""j6"": true, ""j7"": true, ""accel"": true, ""gyro"": true, ""imu2"": true}",25349.0,4462.0,1.0,0.14937119506959545,0.0,0
0.8556,grasp,-0.3190117389206453,0.38794779376200333,1.0781600687487054,0.0,0.0,0.0,1.0,-0.7093413886159362,-0.4898227152671268,0.5068614228808054,1,-0.31811639132473757,0.39055909411438583,1.0774511934449649,2.0770691085747466e-05,-1.396294363728567e-05,2.494443301956361e-06,0.9999999996836961,-0.3190117389206453,0.38794779376200333,1.0781600687487054,0.7929,ASSIST,tag_0,1.0,1.0,0,[1.0],"[""tag_0""]",1,"{""j1"": true, ""j2"": true, ""j3"": true, ""j4"": true, ""j5"": true, ""j6"": true, ""j7"": true, ""accel"": true, ""gyro"": true, ""imu2"": true}",25349.0,4462.0,1.0,0.14937119506959545,0.0,0
0.8577,grasp,-0.32071415825332356,0.3867722192453622,1.0793765361636194,0.0,0.0,0.0,1.0,-0.7093413886159362,-0.4898227152671268,0.5068614228808054,1,-0.31811639132473757,0.39055909411438583,1.0774511934449649,2.0770691085747466e-05,-1.396294363728567e-05,2.494443301956361e-06,0.9999999996836961,-0.32071415825332356,0.3867722192453622,1.0793765361636194,0.7929,ASSIST,tag_0,1.0,1.0,0,[1.0],"[""tag_0""]",1,"{""j1"": true, ""j2"": true, ""j3"": true, ""j4"": true, ""j5"": true, ""j6"": true, ""j7"": true, ""accel"": true, ""gyro"": true, ""imu2"": true}",25349.0,4462.0,1.0,0.14937119506959545,0.0,0
0.8583,grasp,-0.32071415825332356,0.3867722192453622,1.0793765361636194,0.0,0.0,0.0,1.0,-0.7093413886159378,-0.4898227152671263,0.5068614228808037,1,-0.31811639132473757,0.39055909411438583,1.0774511934449649,2.0770691085747466e-05,-1.396294363728567e-05,2.494443301956361e-06,0.9999999996836961,-0.32071415825332356,0.3867722192453622,1.0793765361636194,0.7929,ASSIST,tag_0,1.0,1.0,0,[1.0],"[""tag_0""]",1,"{""j1"": true, ""j2"": true, ""j3"": true, ""j4"": true, ""j5"": true, ""j6"": true, ""j7"": true, ""accel"": true, ""gyro"": true, ""imu2"": true}",25349.0,4462.0,1.0,0.14937119506959545,0.0,0
0.8586,grasp,-0.32071415825332356,0.3867722192453622,1.0793765361636194,0.0,0.0,0.0,1.0,-0.7093413886159378,-0.4898227152671263,0.5068614228808037,1,-0.31811639132473757,0.39055909411438583,1.0774511934449649,2.0770691085747466e-05,-1.396294363728567e-05,2.494443301956361e-06,0.9999999996836961,-0.32071415825332356,0.3867722192453622,1.0793765361636194,0.7929,ASSIST,tag_0,1.0,1.0,0,[1.0],"[""tag_0""]",1,"{""j1"": true, ""j2"": true, ""j3"": true, ""j4"": true, ""j5"": true, ""j6"": true, ""j7"": true, ""accel"": true, ""gyro"": true, ""imu2"": true}",25349.0,4462.0,1.0,0.14937119506959545,0.0,0
0.8617,grasp,-0.32071415825332356,0.3867722192453622,1.0793765361636194,0.0,0.0,0.0,1.0,-0.7093413886159378,-0.4898227152671263,0.5068614228808037,1,-0.31811639132473757,0.39055909411438583,1.0774511934449649,2.0770691085747466e-05,-1.396294363728567e-05,2.494443301956361e-06,0.9999999996836961,-0.32071415825332356,0.3867722192453622,1.0793765361636194,0.7929,ASSIST,tag_0,1.0,1.0,0,[1.0],"[""tag_0""]",1,"{""j1"": true, ""j2"": true, ""j3"": true, ""j4"": true, ""j5"": true, ""j6"": true, ""j7"": true, ""accel"": true, ""gyro"": true, ""imu2"": true}",25350.0,4462.0,1.0,0.14937119506959545,0.0,0
0.8638,grasp,-0.32071415825332356,0.3867722192453622,1.0793765361636194,0.0,0.0,0.0,1.0,-0.7093413886159378,-0.4898227152671263,0.5068614228808037,1,-0.31811639132473757,0.39055909411438583,1.0774511934449649,2.0770691085747466e-05,-1.396294363728567e-05,2.494443301956361e-06,0.9999999996836961,-0.32071415825332356,0.3867722192453622,1.0793765361636194,0.7929,ASSIST,tag_0,1.0,1.0,0,[1.0],"[""tag_0""]",1,"{""j1"": true, ""j2"": true, ""j3"": true, ""j4"": true, ""j5"": true, ""j6"": true, ""j7"": true, ""accel"": true, ""gyro"": true, ""imu2"": true}",25350.0,4462.0,1.0,0.14937119506959545,0.0,0
0.8697,grasp,-0.32071415825332356,0.3867722192453622,1.0793765361636194,0.0,0.0,0.0,1.0,-0.7093413886159378,-0.4898227152671263,0.5068614228808037,1,-0.31811639132473757,0.39055909411438583,1.0774511934449649,2.0770691085747466e-05,-1.396294363728567e-05,2.494443301956361e-06,0.9999999996836961,-0.32071415825332356,0.3867722192453622,1.0793765361636194,0.7929,ASSIST,tag_0,1.0,1.0,0,[1.0],"[""tag_0""]",1,"{""j1"": true, ""j2"": true, ""j3"": true, ""j4"": true, ""j5"": true, ""j6"": true, ""j7"": true, ""accel"": true, ""gyro"": true, ""imu2"": true}",25350.0,4462.0,1.0,0.14937119506959545,0.0,0
0.8733,grasp,-0.32071415825332356,0.3867722192453622,1.0793765361636194,0.0,0.0,0.0,1.0,-0.7093413886159378,-0.4898227152671263,0.5068614228808037,1,-0.31811639132473757,0.39055909411438583,1.0774511934449649,2.0770691085747466e-05,-1.396294363728567e-05,2.494443301956361e-06,0.9999999996836961,-0.32071415825332356,0.3867722192453622,1.0793765361636194,0.7929,ASSIST,tag_0,1.0,1.0,0,[1.0],"[""tag_0""]",1,"{""j1"": true, ""j2"": true, ""j3"": true, ""j4"": true, ""j5"": true, ""j6"": true, ""j7"": true, ""accel"": true, ""gyro"": true, ""imu2"": true}",25350.0,4462.0,1.0,0.14937119506959545,0.0,0
0.8743,grasp,-0.32071415825332356,0.3867722192453622,1.0793765361636194,0.0,0.0,0.0,1.0,-0.7093413886159378,-0.4898227152671263,0.5068614228808037,1,-0.31811639132473757,0.39055909411438583,1.0774511934449649,2.0770691085747466e-05,-1.396294363728567e-05,2.494443301956361e-06,0.9999999996836961,-0.32071415825332356,0.3867722192453622,1.0793765361636194,0.7929,ASSIST,tag_0,1.0,1.0,0,[1.0],"[""tag_0""]",1,"{""j1"": true, ""j2"": true, ""j3"": true, ""j4"": true, ""j5"": true, ""j6"": true, ""j7"": true, ""accel"": true, ""gyro"": true, ""imu2"": true}",25350.0,4462.0,1.0,0.14937119506959545,0.0,0
0.8779,grasp,-0.3224165775860018,0.3855966447287211,1.0805930035785334,0.0,0.0,0.0,1.0,-0.7093413886159378,-0.4898227152671263,0.5068614228808037,1,-0.31811639132473757,0.39055909411438583,1.0774511934449649,2.0770691085747466e-05,-1.396294363728567e-05,2.494443301956361e-06,0.9999999996836961,-0.3224165775860018,0.3855966447287211,1.0805930035785334,0.7929,ASSIST,tag_0,1.0,1.0,0,[1.0],"[""tag_0""]",1,"{""j1"": true, ""j2"": true, ""j3"": true, ""j4"": true, ""j5"": true, ""j6"": true, ""j7"": true, ""accel"": true, ""gyro"": true, ""imu2"": true}",25350.0,4462.0,1.0,0.14937119506959545,0.0,0
0.8786,grasp,-0.3224165775860018,0.3855966447287211,1.0805930035785334,0.0,0.0,0.0,1.0,-0.7093413886159388,-0.4898227152671275,0.5068614228808013,1,-0.31811639132473757,0.39055909411438583,1.0774511934449649,2.0770691085747466e-05,-1.396294363728567e-05,2.494443301956361e-06,0.9999999996836961,-0.3224165775860018,0.3855966447287211,1.0805930035785334,0.7929,ASSIST,tag_0,1.0,1.0,0,[1.0],"[""tag_0""]",1,"{""j1"": true, ""j2"": true, ""j3"": true, ""j4"": true, ""j5"": true, ""j6"": true, ""j7"": true, ""accel"": true, ""gyro"": true, ""imu2"": true}",25350.0,4462.0,1.0,0.14937119506959545,0.0,0
0.8789,grasp,-0.3224165775860018,0.3855966447287211,1.0805930035785334,0.0,0.0,0.0,1.0,-0.7093413886159388,-0.4898227152671275,0.5068614228808013,1,-0.31811639132473757,0.39055909411438583,1.0774511934449649,2.0770691085747466e-05,-1.396294363728567e-05,2.494443301956361e-06,0.9999999996836961,-0.3224165775860018,0.3855966447287211,1.0805930035785334,0.7929,ASSIST,tag_0,1.0,1.0,0,[1.0],"[""tag_0""]",1,"{""j1"": true, ""j2"": true, ""j3"": true, ""j4"": true, ""j5"": true, ""j6"": true, ""j7"": true, ""accel"": true, ""gyro"": true, ""imu2"": true}",25350.0,4462.0,1.0,0.14937119506959545,0.0,0
0.8813,grasp,-0.3224165775860018,0.3855966447287211,1.0805930035785334,0.0,0.0,0.0,1.0,-0.7093413886159388,-0.4898227152671275,0.5068614228808013,1,-0.31811639132473757,0.39055909411438583,1.0774511934449649,2.0770691085747466e-05,-1.396294363728567e-05,2.494443301956361e-06,0.9999999996836961,-0.3224165775860018,0.3855966447287211,1.0805930035785334,0.7929,ASSIST,tag_0,1.0,1.0,0,[1.0],"[""tag_0""]",1,"{""j1"": true, ""j2"": true, ""j3"": true, ""j4"": true, ""j5"": true, ""j6"": true, ""j7"": true, ""accel"": true, ""gyro"": true, ""imu2"": true}",25351.0,4462.0,1.0,0.1467319930089767,0.0,0
0.8838,grasp,-0.3224165775860018,0.3855966447287211,1.0805930035785334,0.0,0.0,0.0,1.0,-0.7093413886159388,-0.4898227152671275,0.5068614228808013,1,-0.31811639132473757,0.39055909411438583,1.0774511934449649,2.0770691085747466e-05,-1.396294363728567e-05,2.494443301956361e-06,0.9999999996836961,-0.3224165775860018,0.3855966447287211,1.0805930035785334,0.7929,ASSIST,tag_0,1.0,1.0,0,[1.0],"[""tag_0""]",1,"{""j1"": true, ""j2"": true, ""j3"": true, ""j4"": true, ""j5"": true, ""j6"": true, ""j7"": true, ""accel"": true, ""gyro"": true, ""imu2"": true}",25351.0,4462.0,1.0,0.1467319930089767,0.0,0
0.8859,grasp,-0.3224165775860018,0.3855966447287211,1.0805930035785334,0.0,0.0,0.0,1.0,-0.7093413886159388,-0.4898227152671275,0.5068614228808013,1,-0.31811639132473757,0.39055909411438583,1.0774511934449649,2.0770691085747466e-05,-1.396294363728567e-05,2.494443301956361e-06,0.9999999996836961,-0.3224165775860018,0.3855966447287211,1.0805930035785334,0.7929,ASSIST,tag_0,1.0,1.0,0,[1.0],"[""tag_0""]",1,"{""j1"": true, ""j2"": true, ""j3"": true, ""j4"": true, ""j5"": true, ""j6"": true, ""j7"": true, ""accel"": true, ""gyro"": true, ""imu2"": true}",25351.0,4462.0,1.0,0.1467319930089767,0.0,0
0.8921,grasp,-0.3224165775860018,0.3855966447287211,1.0805930035785334,0.0,0.0,0.0,1.0,-0.7093413886159388,-0.4898227152671275,0.5068614228808013,1,-0.31811639132473757,0.39055909411438583,1.0774511934449649,2.0770691085747466e-05,-1.396294363728567e-05,2.494443301956361e-06,0.9999999996836961,-0.3224165775860018,0.3855966447287211,1.0805930035785334,0.7929,ASSIST,tag_0,1.0,1.0,0,[1.0],"[""tag_0""]",1,"{""j1"": true, ""j2"": true, ""j3"": true, ""j4"": true, ""j5"": true, ""j6"": true, ""j7"": true, ""accel"": true, ""gyro"": true, ""imu2"": true}",25351.0,4462.0,1.0,0.1467319930089767,0.0,0
0.8934,grasp,-0.3224165775860018,0.3855966447287211,1.0805930035785334,0.0,0.0,0.0,1.0,-0.7093413886159388,-0.4898227152671275,0.5068614228808013,1,-0.31811639132473757,0.39055909411438583,1.0774511934449649,2.0770691085747466e-05,-1.396294363728567e-05,2.494443301956361e-06,0.9999999996836961,-0.3224165775860018,0.3855966447287211,1.0805930035785334,0.7929,ASSIST,tag_0,1.0,1.0,0,[1.0],"[""tag_0""]",1,"{""j1"": true, ""j2"": true, ""j3"": true, ""j4"": true, ""j5"": true, ""j6"": true, ""j7"": true, ""accel"": true, ""gyro"": true, ""imu2"": true}",25351.0,4462.0,1.0,0.1467319930089767,0.0,0
0.8943,grasp,-0.3224165775860018,0.3855966447287211,1.0805930035785334,0.0,0.0,0.0,1.0,-0.7093413886159388,-0.4898227152671275,0.5068614228808013,1,-0.31811639132473757,0.39055909411438583,1.0774511934449649,2.0770691085747466e-05,-1.396294363728567e-05,2.494443301956361e-06,0.9999999996836961,-0.3224165775860018,0.3855966447287211,1.0805930035785334,0.7929,ASSIST,tag_0,1.0,1.0,0,[1.0],"[""tag_0""]",1,"{""j1"": true, ""j2"": true, ""j3"": true, ""j4"": true, ""j5"": true, ""j6"": true, ""j7"": true, ""accel"": true, ""gyro"": true, ""imu2"": true}",25351.0,4462.0,1.0,0.1467319930089767,0.0,0
0.8974,grasp,-0.32411899691868,0.38442107021208,1.0818094709934474,0.0,0.0,0.0,1.0,-0.7093413886159388,-0.4898227152671275,0.5068614228808013,1,-0.31811639132473757,0.39055909411438583,1.0774511934449649,2.0770691085747466e-05,-1.396294363728567e-05,2.494443301956361e-06,0.9999999996836961,-0.32411899691868,0.38442107021208,1.0818094709934474,0.7929,ASSIST,tag_0,1.0,1.0,0,[1.0],"[""tag_0""]",1,"{""j1"": true, ""j2"": true, ""j3"": true, ""j4"": true, ""j5"": true, ""j6"": true, ""j7"": true, ""accel"": true, ""gyro"": true, ""imu2"": true}",25351.0,4462.0,1.0,0.1467319930089767,0.0,0
0.8979,grasp,-0.32411899691868,0.38442107021208,1.0818094709934474,0.0,0.0,0.0,1.0,-0.7093413886159409,-0.489822715267127,0.5068614228807988,1,-0.31811639132473757,0.39055909411438583,1.0774511934449649,2.0770691085747466e-05,-1.396294363728567e-05,2.494443301956361e-06,0.9999999996836961,-0.32411899691868,0.38442107021208,1.0818094709934474,0.7929,ASSIST,tag_0,1.0,1.0,0,[1.0],"[""tag_0""]",1,"{""j1"": true, ""j2"": true, ""j3"": true, ""j4"": true, ""j5"": true, ""j6"": true, ""j7"": true, ""accel"": true, ""gyro"": true, ""imu2"": true}",25351.0,4462.0,1.0,0.1467319930089767,0.0,0
0.8981,grasp,-0.32411899691868,0.38442107021208,1.0818094709934474,0.0,0.0,0.0,1.0,-0.7093413886159409,-0.489822715267127,0.5068614228807988,1,-0.31811639132473757,0.39055909411438583,1.0774511934449649,2.0770691085747466e-05,-1.396294363728567e-05,2.494443301956361e-06,0.9999999996836961,-0.32411899691868,0.38442107021208,1.0818094709934474,0.7929,ASSIST,tag_0,1.0,1.0,0,[1.0],"[""tag_0""]",1,"{""j1"": true, ""j2"": true, ""j3"": true, ""j4"": true, ""j5"": true, ""j6"": true, ""j7"": true, ""accel"": true, ""gyro"": true, ""imu2"": true}",25351.0,4462.0,1.0,0.1467319930089767,0.0,0
0.9016,grasp,-0.32411899691868,0.38442107021208,1.0818094709934474,0.0,0.0,0.0,1.0,-0.7093413886159409,-0.489822715267127,0.5068614228807988,1,-0.31811639132473757,0.39055909411438583,1.0774511934449649,2.0770691085747466e-05,-1.396294363728567e-05,2.494443301956361e-06,0.9999999996836961,-0.32411899691868,0.38442107021208,1.0818094709934474,0.7929,ASSIST,tag_0,1.0,1.0,0,[1.0],"[""tag_0""]",1,"{""j1"": true, ""j2"": true, ""j3"": true, ""j4"": true, ""j5"": true, ""j6"": true, ""j7"": true, ""accel"": true, ""gyro"": true, ""imu2"": true}",25352.0,4462.0,1.0,0.1467319930089767,0.0,0
0.903,grasp,-0.32411899691868,0.38442107021208,1.0818094709934474,0.0,0.0,0.0,1.0,-0.7093413886159409,-0.489822715267127,0.5068614228807988,1,-0.31811639132473757,0.39055909411438583,1.0774511934449649,2.0770691085747466e-05,-1.396294363728567e-05,2.494443301956361e-06,0.9999999996836961,-0.32411899691868,0.38442107021208,1.0818094709934474,0.7929,ASSIST,tag_0,1.0,1.0,0,[1.0],"[""tag_0""]",1,"{""j1"": true, ""j2"": true, ""j3"": true, ""j4"": true, ""j5"": true, ""j6"": true, ""j7"": true, ""accel"": true, ""gyro"": true, ""imu2"": true}",25352.0,4462.0,1.0,0.1467319930089767,0.0,0
0.9092,grasp,-0.32411899691868,0.38442107021208,1.0818094709934474,0.0,0.0,0.0,1.0,-0.7093413886159409,-0.489822715267127,0.5068614228807988,1,-0.31811639132473757,0.39055909411438583,1.0774511934449649,2.0770691085747466e-05,-1.396294363728567e-05,2.494443301956361e-06,0.9999999996836961,-0.32411899691868,0.38442107021208,1.0818094709934474,0.7929,ASSIST,tag_0,1.0,1.0,0,[1.0],"[""tag_0""]",1,"{""j1"": true, ""j2"": true, ""j3"": true, ""j4"": true, ""j5"": true, ""j6"": true, ""j7"": true, ""accel"": true, ""gyro"": true, ""imu2"": true}",25352.0,4462.0,1.0,0.1467319930089767,0.0,0
0.9138,grasp,-0.32411899691868,0.38442107021208,1.0818094709934474,0.0,0.0,0.0,1.0,-0.7093413886159409,-0.489822715267127,0.5068614228807988,1,-0.31811639132473757,0.39055909411438583,1.0774511934449649,2.0770691085747466e-05,-1.396294363728567e-05,2.494443301956361e-06,0.9999999996836961,-0.32411899691868,0.38442107021208,1.0818094709934474,0.7929,ASSIST,tag_0,1.0,1.0,0,[1.0],"[""tag_0""]",1,"{""j1"": true, ""j2"": true, ""j3"": true, ""j4"": true, ""j5"": true, ""j6"": true, ""j7"": true, ""accel"": true, ""gyro"": true, ""imu2"": true}",25352.0,4462.0,1.0,0.1467319930089767,0.0,0
0.9144,grasp,-0.32411899691868,0.38442107021208,1.0818094709934474,0.0,0.0,0.0,1.0,-0.7093413886159409,-0.489822715267127,0.5068614228807988,1,-0.31811639132473757,0.39055909411438583,1.0774511934449649,2.0770691085747466e-05,-1.396294363728567e-05,2.494443301956361e-06,0.9999999996836961,-0.32411899691868,0.38442107021208,1.0818094709934474,0.7929,ASSIST,tag_0,1.0,1.0,0,[1.0],"[""tag_0""]",1,"{""j1"": true, ""j2"": true, ""j3"": true, ""j4"": true, ""j5"": true, ""j6"": true, ""j7"": true, ""accel"": true, ""gyro"": true, ""imu2"": true}",25352.0,4462.0,1.0,0.1467319930089767,0.0,0
0.9178,grasp,-0.3258214162513583,0.38324549569543886,1.0830259384083614,0.0,0.0,0.0,1.0,-0.7093413886159409,-0.489822715267127,0.5068614228807988,1,-0.31811639132473757,0.39055909411438583,1.0774511934449649,2.0770691085747466e-05,-1.396294363728567e-05,2.494443301956361e-06,0.9999999996836961,-0.3258214162513583,0.38324549569543886,1.0830259384083614,0.7929,ASSIST,tag_0,1.0,1.0,0,[1.0],"[""tag_0""]",1,"{""j1"": true, ""j2"": true, ""j3"": true, ""j4"": true, ""j5"": true, ""j6"": true, ""j7"": true, ""accel"": true, ""gyro"": true, ""imu2"": true}",25352.0,4462.0,1.0,0.1467319930089767,0.0,0
0.9187,grasp,-0.3258214162513583,0.38324549569543886,1.0830259384083614,0.0,0.0,0.0,1.0,-0.709341388615942,-0.4898227152671274,0.5068614228807968,1,-0.31811639132473757,0.39055909411438583,1.0774511934449649,2.0770691085747466e-05,-1.396294363728567e-05,2.494443301956361e-06,0.9999999996836961,-0.3258214162513583,0.38324549569543886,1.0830259384083614,0.7929,ASSIST,tag_0,1.0,1.0,0,[1.0],"[""tag_0""]",1,"{""j1"": true, ""j2"": true, ""j3"": true, ""j4"": true, ""j5"": true, ""j6"": true, ""j7"": true, ""accel"": true, ""gyro"": true, ""imu2"": true}",25352.0,4462.0,1.0,0.1467319930089767,0.0,0
0.9189,grasp,-0.3258214162513583,0.38324549569543886,1.0830259384083614,0.0,0.0,0.0,1.0,-0.709341388615942,-0.4898227152671274,0.5068614228807968,1,-0.31811639132473757,0.39055909411438583,1.0774511934449649,2.0770691085747466e-05,-1.396294363728567e-05,2.494443301956361e-06,0.9999999996836961,-0.3258214162513583,0.38324549569543886,1.0830259384083614,0.7929,ASSIST,tag_0,1.0,1.0,0,[1.0],"[""tag_0""]",1,"{""j1"": true, ""j2"": true, ""j3"": true, ""j4"": true, ""j5"": true, ""j6"": true, ""j7"": true, ""accel"": true, ""gyro"": true, ""imu2"": true}",25352.0,4462.0,1.0,0.1467319930089767,0.0,0
0.9215,grasp,-0.3258214162513583,0.38324549569543886,1.0830259384083614,0.0,0.0,0.0,1.0,-0.709341388615942,-0.4898227152671274,0.5068614228807968,1,-0.31811639132473757,0.39055909411438583,1.0774511934449649,2.0770691085747466e-05,-1.396294363728567e-05,2.494443301956361e-06,0.9999999996836961,-0.3258214162513583,0.38324549569543886,1.0830259384083614,0.7929,ASSIST,tag_0,1.0,1.0,0,[1.0],"[""tag_0""]",1,"{""j1"": true, ""j2"": true, ""j3"": true, ""j4"": true, ""j5"": true, ""j6"": true, ""j7"": true, ""accel"": true, ""gyro"": true, ""imu2"": true}",25353.0,4462.0,1.0,0.1467319930089767,0.0,0
0.9231,grasp,-0.3258214162513583,0.38324549569543886,1.0830259384083614,0.0,0.0,0.0,1.0,-0.709341388615942,-0.4898227152671274,0.5068614228807968,1,-0.31811639132473757,0.39055909411438583,1.0774511934449649,2.0770691085747466e-05,-1.396294363728567e-05,2.494443301956361e-06,0.9999999996836961,-0.3258214162513583,0.38324549569543886,1.0830259384083614,0.7929,ASSIST,tag_0,1.0,1.0,0,[1.0],"[""tag_0""]",1,"{""j1"": true, ""j2"": true, ""j3"": true, ""j4"": true, ""j5"": true, ""j6"": true, ""j7"": true, ""accel"": true, ""gyro"": true, ""imu2"": true}",25353.0,4462.0,1.0,0.1467319930089767,0.0,0
0.9257,grasp,-0.3258214162513583,0.38324549569543886,1.0830259384083614,0.0,0.0,0.0,1.0,-0.709341388615942,-0.4898227152671274,0.5068614228807968,1,-0.32129518252143474,0.3867247367611877,1.0797712483394752,4.127297712541723e-06,-4.45622655154132e-06,-3.814486793790595e-06,0.9999999999742786,-0.3258214162513583,0.38324549569543886,1.0830259384083614,0.7929,ASSIST,tag_0,1.0,1.0,0,[1.0],"[""tag_0""]",1,"{""j1"": true, ""j2"": true, ""j3"": true, ""j4"": true, ""j5"": true, ""j6"": true, ""j7"": true, ""accel"": true, ""gyro"": true, ""imu2"": true}",25353.0,4462.0,1.0,0.1467319930089767,0.0,0
0.9314,grasp,-0.3258214162513583,0.38324549569543886,1.0830259384083614,0.0,0.0,0.0,1.0,-0.709341388615942,-0.4898227152671274,0.5068614228807968,1,-0.32129518252143474,0.3867247367611877,1.0797712483394752,4.127297712541723e-06,-4.45622655154132e-06,-3.814486793790595e-06,0.9999999999742786,-0.3258214162513583,0.38324549569543886,1.0830259384083614,0.7929,ASSIST,tag_0,1.0,1.0,0,[1.0],"[""tag_0""]",1,"{""j1"": true, ""j2"": true, ""j3"": true, ""j4"": true, ""j5"": true, ""j6"": true, ""j7"": true, ""accel"": true, ""gyro"": true, ""imu2"": true}",25353.0,4462.0,1.0,0.1467319930089767,0.0,0
0.9338,grasp,-0.3258214162513583,0.38324549569543886,1.0830259384083614,0.0,0.0,0.0,1.0,-0.709341388615942,-0.4898227152671274,0.5068614228807968,1,-0.32129518252143474,0.3867247367611877,1.0797712483394752,4.127297712541723e-06,-4.45622655154132e-06,-3.814486793790595e-06,0.9999999999742786,-0.3258214162513583,0.38324549569543886,1.0830259384083614,0.7929,ASSIST,tag_0,1.0,1.0,0,[1.0],"[""tag_0""]",1,"{""j1"": true, ""j2"": true, ""j3"": true, ""j4"": true, ""j5"": true, ""j6"": true, ""j7"": true, ""accel"": true, ""gyro"": true, ""imu2"": true}",25353.0,4462.0,1.0,0.1467319930089767,0.0,0
0.935,grasp,-0.3258214162513583,0.38324549569543886,1.0830259384083614,0.0,0.0,0.0,1.0,-0.709341388615942,-0.4898227152671274,0.5068614228807968,1,-0.32129518252143474,0.3867247367611877,1.0797712483394752,4.127297712541723e-06,-4.45622655154132e-06,-3.814486793790595e-06,0.9999999999742786,-0.3258214162513583,0.38324549569543886,1.0830259384083614,0.7929,ASSIST,tag_0,1.0,1.0,0,[1.0],"[""tag_0""]",1,"{""j1"": true, ""j2"": true, ""j3"": true, ""j4"": true, ""j5"": true, ""j6"": true, ""j7"": true, ""accel"": true, ""gyro"": true, ""imu2"": true}",25353.0,4462.0,1.0,0.1467319930089767,0.0,0
0.9357,grasp,-0.3258214162513583,0.38324549569543886,1.0830259384083614,0.0,0.0,0.0,1.0,-0.709341388615942,-0.4898227152671274,0.5068614228807968,1,-0.32129518252143474,0.3867247367611877,1.0797712483394752,4.127297712541723e-06,-4.45622655154132e-06,-3.814486793790595e-06,0.9999999999742786,-0.3258214162513583,0.38324549569543886,1.0830259384083614,0.7929,ASSIST,tag_0,1.0,1.0,0,[1.0],"[""tag_0""]",1,"{""j1"": true, ""j2"": true, ""j3"": true, ""j4"": true, ""j5"": true, ""j6"": true, ""j7"": true, ""accel"": true, ""gyro"": true, ""imu2"": true}",25353.0,4462.0,1.0,0.1467319930089767,0.0,0
0.938,grasp,-0.3275238355840366,0.38206992117879773,1.0842424058232754,0.0,0.0,0.0,1.0,-0.709341388615942,-0.4898227152671274,0.5068614228807968,1,-0.32129518252143474,0.3867247367611877,1.0797712483394752,4.127297712541723e-06,-4.45622655154132e-06,-3.814486793790595e-06,0.9999999999742786,-0.3275238355840366,0.38206992117879773,1.0842424058232754,0.7929,ASSIST,tag_0,1.0,1.0,0,[1.0],"[""tag_0""]",1,"{""j1"": true, ""j2"": true, ""j3"": true, ""j4"": true, ""j5"": true, ""j6"": true, ""j7"": true, ""accel"": true, ""gyro"": true, ""imu2"": true}",25353.0,4462.0,1.0,0.1467319930089767,0.0,0
0.9387,grasp,-0.3275238355840366,0.38206992117879773,1.0842424058232754,0.0,0.0,0.0,1.0,-0.7093413886159435,-0.48982271526712784,0.5068614228807942,1,-0.32129518252143474,0.3867247367611877,1.0797712483394752,4.127297712541723e-06,-4.45622655154132e-06,-3.814486793790595e-06,0.9999999999742786,-0.3275238355840366,0.38206992117879773,1.0842424058232754,0.7929,ASSIST,tag_0,1.0,1.0,0,[1.0],"[""tag_0""]",1,"{""j1"": true, ""j2"": true, ""j3"": true, ""j4"": true, ""j5"": true, ""j6"": true, ""j7"": true, ""accel"": true, ""gyro"": true, ""imu2"": true}",25353.0,4462.0,1.0,0.1467319930089767,0.0,0
0.9389,grasp,-0.3275238355840366,0.38206992117879773,1.0842424058232754,0.0,0.0,0.0,1.0,-0.7093413886159435,-0.48982271526712784,0.5068614228807942,1,-0.32129518252143474,0.3867247367611877,1.0797712483394752,4.127297712541723e-06,-4.45622655154132e-06,-3.814486793790595e-06,0.9999999999742786,-0.3275238355840366,0.38206992117879773,1.0842424058232754,0.7929,ASSIST,tag_0,1.0,1.0,0,[1.0],"[""tag_0""]",1,"{""j1"": true, ""j2"": true, ""j3"": true, ""j4"": true, ""j5"": true, ""j6"": true, ""j7"": true, ""accel"": true, ""gyro"": true, ""imu2"": true}",25353.0,4462.0,1.0,0.1467319930089767,0.0,0
0.9418,grasp,-0.3275238355840366,0.38206992117879773,1.0842424058232754,0.0,0.0,0.0,1.0,-0.7093413886159435,-0.48982271526712784,0.5068614228807942,1,-0.32129518252143474,0.3867247367611877,1.0797712483394752,4.127297712541723e-06,-4.45622655154132e-06,-3.814486793790595e-06,0.9999999999742786,-0.3275238355840366,0.38206992117879773,1.0842424058232754,0.7929,ASSIST,tag_0,1.0,1.0,0,[1.0],"[""tag_0""]",1,"{""j1"": true, ""j2"": true, ""j3"": true, ""j4"": true, ""j5"": true, ""j6"": true, ""j7"": true, ""accel"": true, ""gyro"": true, ""imu2"": true}",25354.0,4462.0,1.0,0.14468846913193684,0.0,0
0.9441,grasp,-0.3275238355840366,0.38206992117879773,1.0842424058232754,0.0,0.0,0.0,1.0,-0.7093413886159435,-0.48982271526712784,0.5068614228807942,1,-0.32129518252143474,0.3867247367611877,1.0797712483394752,4.127297712541723e-06,-4.45622655154132e-06,-3.814486793790595e-06,0.9999999999742786,-0.3275238355840366,0.38206992117879773,1.0842424058232754,0.7929,ASSIST,tag_0,1.0,1.0,0,[1.0],"[""tag_0""]",1,"{""j1"": true, ""j2"": true, ""j3"": true, ""j4"": true, ""j5"": true, ""j6"": true, ""j7"": true, ""accel"": true, ""gyro"": true, ""imu2"": true}",25354.0,4462.0,1.0,0.14468846913193684,0.0,0
0.95,grasp,-0.3275238355840366,0.38206992117879773,1.0842424058232754,0.0,0.0,0.0,1.0,-0.7093413886159435,-0.48982271526712784,0.5068614228807942,1,-0.32129518252143474,0.3867247367611877,1.0797712483394752,4.127297712541723e-06,-4.45622655154132e-06,-3.814486793790595e-06,0.9999999999742786,-0.3275238355840366,0.38206992117879773,1.0842424058232754,0.7929,ASSIST,tag_0,1.0,1.0,0,[1.0],"[""tag_0""]",1,"{""j1"": true, ""j2"": true, ""j3"": true, ""j4"": true, ""j5"": true, ""j6"": true, ""j7"": true, ""accel"": true, ""gyro"": true, ""imu2"": true}",25354.0,4462.0,1.0,0.14468846913193684,0.0,0
0.9536,grasp,-0.3275238355840366,0.38206992117879773,1.0842424058232754,0.0,0.0,0.0,1.0,-0.7093413886159435,-0.48982271526712784,0.5068614228807942,1,-0.32129518252143474,0.3867247367611877,1.0797712483394752,4.127297712541723e-06,-4.45622655154132e-06,-3.814486793790595e-06,0.9999999999742786,-0.3275238355840366,0.38206992117879773,1.0842424058232754,0.7929,ASSIST,tag_0,1.0,1.0,0,[1.0],"[""tag_0""]",1,"{""j1"": true, ""j2"": true, ""j3"": true, ""j4"": true, ""j5"": true, ""j6"": true, ""j7"": true, ""accel"": true, ""gyro"": true, ""imu2"": true}",25354.0,4462.0,1.0,0.14468846913193684,0.0,0
0.9545,grasp,-0.3275238355840366,0.38206992117879773,1.0842424058232754,0.0,0.0,0.0,1.0,-0.7093413886159435,-0.48982271526712784,0.5068614228807942,1,-0.32129518252143474,0.3867247367611877,1.0797712483394752,4.127297712541723e-06,-4.45622655154132e-06,-3.814486793790595e-06,0.9999999999742786,-0.3275238355840366,0.38206992117879773,1.0842424058232754,0.7929,ASSIST,tag_0,1.0,1.0,0,[1.0],"[""tag_0""]",1,"{""j1"": true, ""j2"": true, ""j3"": true, ""j4"": true, ""j5"": true, ""j6"": true, ""j7"": true, ""accel"": true, ""gyro"": true, ""imu2"": true}",25354.0,4462.0,1.0,0.14468846913193684,0.0,0
0.9582,grasp,-0.32922625491671487,0.3808943466621566,1.0854588732381893,0.0,0.0,0.0,1.0,-0.7093413886159435,-0.48982271526712784,0.5068614228807942,1,-0.32129518252143474,0.3867247367611877,1.0797712483394752,4.127297712541723e-06,-4.45622655154132e-06,-3.814486793790595e-06,0.9999999999742786,-0.32922625491671487,0.3808943466621566,1.0854588732381893,0.7929,ASSIST,tag_0,1.0,1.0,0,[1.0],"[""tag_0""]",1,"{""j1"": true, ""j2"": true, ""j3"": true, ""j4"": true, ""j5"": true, ""j6"": true, ""j7"": true, ""accel"": true, ""gyro"": true, ""imu2"": true}",25354.0,4462.0,1.0,0.14468846913193684,0.0,0
0.9589,grasp,-0.32922625491671487,0.3808943466621566,1.0854588732381893,0.0,0.0,0.0,1.0,-0.7093413886159455,-0.4898227152671285,0.5068614228807907,1,-0.32129518252143474,0.3867247367611877,1.0797712483394752,4.127297712541723e-06,-4.45622655154132e-06,-3.814486793790595e-06,0.9999999999742786,-0.32922625491671487,0.3808943466621566,1.0854588732381893,0.7929,ASSIST,tag_0,1.0,1.0,0,[1.0],"[""tag_0""]",1,"{""j1"": true, ""j2"": true, ""j3"": true, ""j4"": true, ""j5"": true, ""j6"": true, ""j7"": true, ""accel"": true, ""gyro"": true, ""imu2"": true}",25354.0,4462.0,1.0,0.14468846913193684,0.0,0
0.9592,grasp,-0.32922625491671487,0.3808943466621566,1.0854588732381893,0.0,0.0,0.0,1.0,-0.7093413886159455,-0.4898227152671285,0.5068614228807907,1,-0.32129518252143474,0.3867247367611877,1.0797712483394752,4.127297712541723e-06,-4.45622655154132e-06,-3.814486793790595e-06,0.9999999999742786,-0.32922625491671487,0.3808943466621566,1.0854588732381893,0.7929,ASSIST,tag_0,1.0,1.0,0,[1.0],"[""tag_0""]",1,"{""j1"": true, ""j2"": true, ""j3"": true, ""j4"": true, ""j5"": true, ""j6"": true, ""j7"": true, ""accel"": true, ""gyro"": true, ""imu2"": true}",25354.0,4462.0,1.0,0.14468846913193684,0.0,0
0.9616,grasp,-0.32922625491671487,0.3808943466621566,1.0854588732381893,0.0,0.0,0.0,1.0,-0.7093413886159455,-0.4898227152671285,0.5068614228807907,1,-0.32129518252143474,0.3867247367611877,1.0797712483394752,4.127297712541723e-06,-4.45622655154132e-06,-3.814486793790595e-06,0.9999999999742786,-0.32922625491671487,0.3808943466621566,1.0854588732381893,0.7929,ASSIST,tag_0,1.0,1.0,0,[1.0],"[""tag_0""]",1,"{""j1"": true, ""j2"": true, ""j3"": true, ""j4"": true, ""j5"": true, ""j6"": true, ""j7"": true, ""accel"": true, ""gyro"": true, ""imu2"": true}",25355.0,4462.0,1.0,0.14468846913193684,0.0,0
0.963,grasp,-0.32922625491671487,0.3808943466621566,1.0854588732381893,0.0,0.0,0.0,1.0,-0.7093413886159455,-0.4898227152671285,0.5068614228807907,1,-0.32129518252143474,0.3867247367611877,1.0797712483394752,4.127297712541723e-06,-4.45622655154132e-06,-3.814486793790595e-06,0.9999999999742786,-0.32922625491671487,0.3808943466621566,1.0854588732381893,0.7929,ASSIST,tag_0,1.0,1.0,0,[1.0],"[""tag_0""]",1,"{""j1"": true, ""j2"": true, ""j3"": true, ""j4"": true, ""j5"": true, ""j6"": true, ""j7"": true, ""accel"": true, ""gyro"": true, ""imu2"": true}",25355.0,4462.0,1.0,0.14468846913193684,0.0,0
0.969,grasp,-0.32922625491671487,0.3808943466621566,1.0854588732381893,0.0,0.0,0.0,1.0,-0.7093413886159455,-0.4898227152671285,0.5068614228807907,1,-0.32129518252143474,0.3867247367611877,1.0797712483394752,4.127297712541723e-06,-4.45622655154132e-06,-3.814486793790595e-06,0.9999999999742786,-0.32922625491671487,0.3808943466621566,1.0854588732381893,0.7929,ASSIST,tag_0,1.0,1.0,0,[1.0],"[""tag_0""]",1,"{""j1"": true, ""j2"": true, ""j3"": true, ""j4"": true, ""j5"": true, ""j6"": true, ""j7"": true, ""accel"": true, ""gyro"": true, ""imu2"": true}",25355.0,4462.0,1.0,0.14468846913193684,0.0,0
0.9732,grasp,-0.32922625491671487,0.3808943466621566,1.0854588732381893,0.0,0.0,0.0,1.0,-0.7093413886159455,-0.4898227152671285,0.5068614228807907,1,-0.32129518252143474,0.3867247367611877,1.0797712483394752,4.127297712541723e-06,-4.45622655154132e-06,-3.814486793790595e-06,0.9999999999742786,-0.32922625491671487,0.3808943466621566,1.0854588732381893,0.7929,ASSIST,tag_0,1.0,1.0,0,[1.0],"[""tag_0""]",1,"{""j1"": true, ""j2"": true, ""j3"": true, ""j4"": true, ""j5"": true, ""j6"": true, ""j7"": true, ""accel"": true, ""gyro"": true, ""imu2"": true}",25355.0,4462.0,1.0,0.14468846913193684,0.0,0
0.9745,grasp,-0.32922625491671487,0.3808943466621566,1.0854588732381893,0.0,0.0,0.0,1.0,-0.7093413886159455,-0.4898227152671285,0.5068614228807907,1,-0.32129518252143474,0.3867247367611877,1.0797712483394752,4.127297712541723e-06,-4.45622655154132e-06,-3.814486793790595e-06,0.9999999999742786,-0.32922625491671487,0.3808943466621566,1.0854588732381893,0.7929,ASSIST,tag_0,1.0,1.0,0,[1.0],"[""tag_0""]",1,"{""j1"": true, ""j2"": true, ""j3"": true, ""j4"": true, ""j5"": true, ""j6"": true, ""j7"": true, ""accel"": true, ""gyro"": true, ""imu2"": true}",25355.0,4462.0,1.0,0.14468846913193684,0.0,0
0.9781,grasp,-0.33092867424939315,0.37971877214551547,1.0866753406531033,0.0,0.0,0.0,1.0,-0.7093413886159455,-0.4898227152671285,0.5068614228807907,1,-0.32129518252143474,0.3867247367611877,1.0797712483394752,4.127297712541723e-06,-4.45622655154132e-06,-3.814486793790595e-06,0.9999999999742786,-0.33092867424939315,0.37971877214551547,1.0866753406531033,0.7929,ASSIST,tag_0,1.0,1.0,0,[1.0],"[""tag_0""]",1,"{""j1"": true, ""j2"": true, ""j3"": true, ""j4"": true, ""j5"": true, ""j6"": true, ""j7"": true, ""accel"": true, ""gyro"": true, ""imu2"": true}",25355.0,4462.0,1.0,0.14468846913193684,0.0,0
0.9787,grasp,-0.33092867424939315,0.37971877214551547,1.0866753406531033,0.0,0.0,0.0,1.0,-0.7093413886159483,-0.4898227152671294,0.506861422880786,1,-0.32129518252143474,0.3867247367611877,1.0797712483394752,4.127297712541723e-06,-4.45622655154132e-06,-3.814486793790595e-06,0.9999999999742786,-0.33092867424939315,0.37971877214551547,1.0866753406531033,0.7929,ASSIST,tag_0,1.0,1.0,0,[1.0],"[""tag_0""]",1,"{""j1"": true, ""j2"": true, ""j3"": true, ""j4"": true, ""j5"": true, ""j6"": true, ""j7"": true, ""accel"": true, ""gyro"": true, ""imu2"": true}",25355.0,4462.0,1.0,0.14468846913193684,0.0,0
0.9793,grasp,-0.33092867424939315,0.37971877214551547,1.0866753406531033,0.0,0.0,0.0,1.0,-0.7093413886159483,-0.4898227152671294,0.506861422880786,1,-0.32129518252143474,0.3867247367611877,1.0797712483394752,4.127297712541723e-06,-4.45622655154132e-06,-3.814486793790595e-06,0.9999999999742786,-0.33092867424939315,0.37971877214551547,1.0866753406531033,0.7929,ASSIST,tag_0,1.0,1.0,0,[1.0],"[""tag_0""]",1,"{""j1"": true, ""j2"": true, ""j3"": true, ""j4"": true, ""j5"": true, ""j6"": true, ""j7"": true, ""accel"": true, ""gyro"": true, ""imu2"": true}",25355.0,4462.0,1.0,0.14468846913193684,0.0,0
0.9814,grasp,-0.33092867424939315,0.37971877214551547,1.0866753406531033,0.0,0.0,0.0,1.0,-0.7093413886159483,-0.4898227152671294,0.506861422880786,1,-0.32129518252143474,0.3867247367611877,1.0797712483394752,4.127297712541723e-06,-4.45622655154132e-06,-3.814486793790595e-06,0.9999999999742786,-0.33092867424939315,0.37971877214551547,1.0866753406531033,0.7929,ASSIST,tag_0,1.0,1.0,0,[1.0],"[""tag_0""]",1,"{""j1"": true, ""j2"": true, ""j3"": true, ""j4"": true, ""j5"": true, ""j6"": true, ""j7"": true, ""accel"": true, ""gyro"": true, ""imu2"": true}",25356.0,4462.0,1.0,0.14468846913193684,0.0,0
0.9832,grasp,-0.33092867424939315,0.37971877214551547,1.0866753406531033,0.0,0.0,0.0,1.0,-0.7093413886159483,-0.4898227152671294,0.506861422880786,1,-0.32129518252143474,0.3867247367611877,1.0797712483394752,4.127297712541723e-06,-4.45622655154132e-06,-3.814486793790595e-06,0.9999999999742786,-0.33092867424939315,0.37971877214551547,1.0866753406531033,0.7929,ASSIST,tag_0,1.0,1.0,0,[1.0],"[""tag_0""]",1,"{""j1"": true, ""j2"": true, ""j3"": true, ""j4"": true, ""j5"": true, ""j6"": true, ""j7"": true, ""accel"": true, ""gyro"": true, ""imu2"": true}",25356.0,4462.0,1.0,0.14468846913193684,0.0,0
0.985,grasp,-0.33092867424939315,0.37971877214551547,1.0866753406531033,0.0,0.0,0.0,1.0,-0.7093413886159483,-0.4898227152671294,0.506861422880786,1,-0.32129518252143474,0.3867247367611877,1.0797712483394752,4.127297712541723e-06,-4.45622655154132e-06,-3.814486793790595e-06,0.9999999999742786,-0.33092867424939315,0.37971877214551547,1.0866753406531033,0.7929,ASSIST,tag_0,1.0,1.0,0,[1.0],"[""tag_0""]",1,"{""j1"": true, ""j2"": true, ""j3"": true, ""j4"": true, ""j5"": true, ""j6"": true, ""j7"": true, ""accel"": true, ""gyro"": true, ""imu2"": true}",25356.0,4462.0,1.0,0.14468846913193684,0.0,0
0.9911,grasp,-0.33092867424939315,0.37971877214551547,1.0866753406531033,0.0,0.0,0.0,1.0,-0.7093413886159483,-0.4898227152671294,0.506861422880786,1,-0.32129518252143474,0.3867247367611877,1.0797712483394752,4.127297712541723e-06,-4.45622655154132e-06,-3.814486793790595e-06,0.9999999999742786,-0.33092867424939315,0.37971877214551547,1.0866753406531033,0.7929,ASSIST,tag_0,1.0,1.0,0,[1.0],"[""tag_0""]",1,"{""j1"": true, ""j2"": true, ""j3"": true, ""j4"": true, ""j5"": true, ""j6"": true, ""j7"": true, ""accel"": true, ""gyro"": true, ""imu2"": true}",25356.0,4462.0,1.0,0.14468846913193684,0.0,0
0.9935,grasp,-0.33092867424939315,0.37971877214551547,1.0866753406531033,0.0,0.0,0.0,1.0,-0.7093413886159483,-0.4898227152671294,0.506861422880786,1,-0.32129518252143474,0.3867247367611877,1.0797712483394752,4.127297712541723e-06,-4.45622655154132e-06,-3.814486793790595e-06,0.9999999999742786,-0.33092867424939315,0.37971877214551547,1.0866753406531033,0.7929,ASSIST,tag_0,1.0,1.0,0,[1.0],"[""tag_0""]",1,"{""j1"": true, ""j2"": true, ""j3"": true, ""j4"": true, ""j5"": true, ""j6"": true, ""j7"": true, ""accel"": true, ""gyro"": true, ""imu2"": true}",25356.0,4462.0,1.0,0.14468846913193684,0.0,0
0.9947,grasp,-0.33092867424939315,0.37971877214551547,1.0866753406531033,0.0,0.0,0.0,1.0,-0.7093413886159483,-0.4898227152671294,0.506861422880786,1,-0.32674884547912664,0.38268067419981566,1.083673750041587,-5.457789207963248e-06,-4.396076884460864e-07,-1.8474329691875455e-06,0.9999999999833031,-0.33092867424939315,0.37971877214551547,1.0866753406531033,0.7929,ASSIST,tag_0,1.0,1.0,0,[1.0],"[""tag_0""]",1,"{""j1"": true, ""j2"": true, ""j3"": true, ""j4"": true, ""j5"": true, ""j6"": true, ""j7"": true, ""accel"": true, ""gyro"": true, ""imu2"": true}",25356.0,4462.0,1.0,0.14468846913193684,0.0,0
0.9949,grasp,-0.33092867424939315,0.37971877214551547,1.0866753406531033,0.0,0.0,0.0,1.0,-0.7093413886159483,-0.4898227152671294,0.506861422880786,1,-0.32674884547912664,0.38268067419981566,1.083673750041587,-5.457789207963248e-06,-4.396076884460864e-07,-1.8474329691875455e-06,0.9999999999833031,-0.33092867424939315,0.37971877214551547,1.0866753406531033,0.7929,ASSIST,tag_0,1.0,1.0,0,[1.0],"[""tag_0""]",1,"{""j1"": true, ""j2"": true, ""j3"": true, ""j4"": true, ""j5"": true, ""j6"": true, ""j7"": true, ""accel"": true, ""gyro"": true, ""imu2"": true}",25356.0,4462.0,1.0,0.14468846913193684,0.0,0
0.9977,grasp,-0.33263109358207144,0.37854319762887434,1.0878918080680173,0.0,0.0,0.0,1.0,-0.7093413886159483,-0.4898227152671294,0.506861422880786,1,-0.32674884547912664,0.38268067419981566,1.083673750041587,-5.457789207963248e-06,-4.396076884460864e-07,-1.8474329691875455e-06,0.9999999999833031,-0.33263109358207144,0.37854319762887434,1.0878918080680173,0.7929,ASSIST,tag_0,1.0,1.0,0,[1.0],"[""tag_0""]",1,"{""j1"": true, ""j2"": true, ""j3"": true, ""j4"": true, ""j5"": true, ""j6"": true, ""j7"": true, ""accel"": true, ""gyro"": true, ""imu2"": true}",25356.0,4462.0,1.0,0.14468846913193684,0.0,0
0.9984,grasp,-0.33263109358207144,0.37854319762887434,1.0878918080680173,0.0,0.0,0.0,1.0,-0.7093413886159524,-0.4898227152671307,0.5068614228807787,1,-0.32674884547912664,0.38268067419981566,1.083673750041587,-5.457789207963248e-06,-4.396076884460864e-07,-1.8474329691875455e-06,0.9999999999833031,-0.33263109358207144,0.37854319762887434,1.0878918080680173,0.7929,ASSIST,tag_0,1.0,1.0,0,[1.0],"[""tag_0""]",1,"{""j1"": true, ""j2"": true, ""j3"": true, ""j4"": true, ""j5"": true, ""j6"": true, ""j7"": true, ""accel"": true, ""gyro"": true, ""imu2"": true}",25356.0,4462.0,1.0,0.14468846913193684,0.0,0
0.999,grasp,-0.33263109358207144,0.37854319762887434,1.0878918080680173,0.0,0.0,0.0,1.0,-0.7093413886159524,-0.4898227152671307,0.5068614228807787,1,-0.32674884547912664,0.38268067419981566,1.083673750041587,-5.457789207963248e-06,-4.396076884460864e-07,-1.8474329691875455e-06,0.9999999999833031,-0.33263109358207144,0.37854319762887434,1.0878918080680173,0.7929,ASSIST,tag_0,1.0,1.0,0,[1.0],"[""tag_0""]",1,"{""j1"": true, ""j2"": true, ""j3"": true, ""j4"": true, ""j5"": true, ""j6"": true, ""j7"": true, ""accel"": true, ""gyro"": true, ""imu2"": true}",25356.0,4462.0,1.0,0.14468846913193684,0.0,0
1.0016,grasp,-0.33263109358207144,0.37854319762887434,1.0878918080680173,0.0,0.0,0.0,1.0,-0.7093413886159524,-0.4898227152671307,0.5068614228807787,1,-0.32674884547912664,0.38268067419981566,1.083673750041587,-5.457789207963248e-06,-4.396076884460864e-07,-1.8474329691875455e-06,0.9999999999833031,-0.33263109358207144,0.37854319762887434,1.0878918080680173,0.7929,ASSIST,tag_0,1.0,1.0,0,[1.0],"[""tag_0""]",1,"{""j1"": true, ""j2"": true, ""j3"": true, ""j4"": true, ""j5"": true, ""j6"": true, ""j7"": true, ""accel"": true, ""gyro"": true, ""imu2"": true}",25357.0,4462.0,1.0,0.14468846913193684,0.0,0
1.0031,grasp,-0.33263109358207144,0.37854319762887434,1.0878918080680173,0.0,0.0,0.0,1.0,-0.7093413886159524,-0.4898227152671307,0.5068614228807787,1,-0.32674884547912664,0.38268067419981566,1.083673750041587,-5.457789207963248e-06,-4.396076884460864e-07,-1.8474329691875455e-06,0.9999999999833031,-0.33263109358207144,0.37854319762887434,1.0878918080680173,0.7929,ASSIST,tag_0,1.0,1.0,0,[1.0],"[""tag_0""]",1,"{""j1"": true, ""j2"": true, ""j3"": true, ""j4"": true, ""j5"": true, ""j6"": true, ""j7"": true, ""accel"": true, ""gyro"": true, ""imu2"": true}",25357.0,4462.0,1.0,0.14468846913193684,0.0,0
1.0091,grasp,-0.33263109358207144,0.37854319762887434,1.0878918080680173,0.0,0.0,0.0,1.0,-0.7093413886159524,-0.4898227152671307,0.5068614228807787,1,-0.32674884547912664,0.38268067419981566,1.083673750041587,-5.457789207963248e-06,-4.396076884460864e-07,-1.8474329691875455e-06,0.9999999999833031,-0.33263109358207144,0.37854319762887434,1.0878918080680173,0.7929,ASSIST,tag_0,1.0,1.0,0,[1.0],"[""tag_0""]",1,"{""j1"": true, ""j2"": true, ""j3"": true, ""j4"": true, ""j5"": true, ""j6"": true, ""j7"": true, ""accel"": true, ""gyro"": true, ""imu2"": true}",25357.0,4462.0,1.0,0.14468846913193684,0.0,0
1.0146,grasp,-0.33263109358207144,0.37854319762887434,1.0878918080680173,0.0,0.0,0.0,1.0,-0.7093413886159524,-0.4898227152671307,0.5068614228807787,1,-0.32674884547912664,0.38268067419981566,1.083673750041587,-5.457789207963248e-06,-4.396076884460864e-07,-1.8474329691875455e-06,0.9999999999833031,-0.33263109358207144,0.37854319762887434,1.0878918080680173,0.7929,ASSIST,tag_0,1.0,1.0,0,[1.0],"[""tag_0""]",1,"{""j1"": true, ""j2"": true, ""j3"": true, ""j4"": true, ""j5"": true, ""j6"": true, ""j7"": true, ""accel"": true, ""gyro"": true, ""imu2"": true}",25357.0,4462.0,1.0,0.14468846913193684,0.0,0
1.0152,grasp,-0.33263109358207144,0.37854319762887434,1.0878918080680173,0.0,0.0,0.0,1.0,-0.7093413886159524,-0.4898227152671307,0.5068614228807787,1,-0.32674884547912664,0.38268067419981566,1.083673750041587,-5.457789207963248e-06,-4.396076884460864e-07,-1.8474329691875455e-06,0.9999999999833031,-0.33263109358207144,0.37854319762887434,1.0878918080680173,0.7929,ASSIST,tag_0,1.0,1.0,0,[1.0],"[""tag_0""]",1,"{""j1"": true, ""j2"": true, ""j3"": true, ""j4"": true, ""j5"": true, ""j6"": true, ""j7"": true, ""accel"": true, ""gyro"": true, ""imu2"": true}",25357.0,4462.0,1.0,0.14468846913193684,0.0,0
1.0181,grasp,-0.3343335129147497,0.3773676231122332,1.089108275482931,0.0,0.0,0.0,1.0,-0.7093413886159524,-0.4898227152671307,0.5068614228807787,1,-0.32674884547912664,0.38268067419981566,1.083673750041587,-5.457789207963248e-06,-4.396076884460864e-07,-1.8474329691875455e-06,0.9999999999833031,-0.3343335129147497,0.3773676231122332,1.089108275482931,0.7929,ASSIST,tag_0,1.0,1.0,0,[1.0],"[""tag_0""]",1,"{""j1"": true, ""j2"": true, ""j3"": true, ""j4"": true, ""j5"": true, ""j6"": true, ""j7"": true, ""accel"": true, ""gyro"": true, ""imu2"": true}",25357.0,4462.0,1.0,0.14468846913193684,0.0,0
1.019,grasp,-0.3343335129147497,0.3773676231122332,1.089108275482931,0.0,0.0,0.0,1.0,-0.7093413886159485,-0.48982271526712545,0.5068614228807895,1,-0.32674884547912664,0.38268067419981566,1.083673750041587,-5.457789207963248e-06,-4.396076884460864e-07,-1.8474329691875455e-06,0.9999999999833031,-0.3343335129147497,0.3773676231122332,1.089108275482931,0.7929,ASSIST,tag_0,1.0,1.0,0,[1.0],"[""tag_0""]",1,"{""j1"": true, ""j2"": true, ""j3"": true, ""j4"": true, ""j5"": true, ""j6"": true, ""j7"": true, ""accel"": true, ""gyro"": true, ""imu2"": true}",25357.0,4462.0,1.0,0.14468846913193684,0.0,0
1.0193,grasp,-0.3343335129147497,0.3773676231122332,1.089108275482931,0.0,0.0,0.0,1.0,-0.7093413886159485,-0.48982271526712545,0.5068614228807895,1,-0.32674884547912664,0.38268067419981566,1.083673750041587,-5.457789207963248e-06,-4.396076884460864e-07,-1.8474329691875455e-06,0.9999999999833031,-0.3343335129147497,0.3773676231122332,1.089108275482931,0.7929,ASSIST,tag_0,1.0,1.0,0,[1.0],"[""tag_0""]",1,"{""j1"": true, ""j2"": true, ""j3"": true, ""j4"": true, ""j5"": true, ""j6"": true, ""j7"": true, ""accel"": true, ""gyro"": true, ""imu2"": true}",25357.0,4462.0,1.0,0.14468846913193684,0.0,0
1.0216,grasp,-0.3343335129147497,0.3773676231122332,1.089108275482931,0.0,0.0,0.0,1.0,-0.7093413886159485,-0.48982271526712545,0.5068614228807895,1,-0.32674884547912664,0.38268067419981566,1.083673750041587,-5.457789207963248e-06,-4.396076884460864e-07,-1.8474329691875455e-06,0.9999999999833031,-0.3343335129147497,0.3773676231122332,1.089108275482931,0.7929,ASSIST,tag_0,1.0,1.0,0,[1.0],"[""tag_0""]",1,"{""j1"": true, ""j2"": true, ""j3"": true, ""j4"": true, ""j5"": true, ""j6"": true, ""j7"": true, ""accel"": true, ""gyro"": true, ""imu2"": true}",25358.0,4462.0,1.0,0.1429536895372282,0.0,0
1.0239,grasp,-0.3343335129147497,0.3773676231122332,1.089108275482931,0.0,0.0,0.0,1.0,-0.7093413886159485,-0.48982271526712545,0.5068614228807895,1,-0.32674884547912664,0.38268067419981566,1.083673750041587,-5.457789207963248e-06,-4.396076884460864e-07,-1.8474329691875455e-06,0.9999999999833031,-0.3343335129147497,0.3773676231122332,1.089108275482931,0.7929,ASSIST,tag_0,1.0,1.0,0,[1.0],"[""tag_0""]",1,"{""j1"": true, ""j2"": true, ""j3"": true, ""j4"": true, ""j5"": true, ""j6"": true, ""j7"": true, ""accel"": true, ""gyro"": true, ""imu2"": true}",25358.0,4462.0,1.0,0.1429536895372282,0.0,0
1.0298,grasp,-0.3343335129147497,0.3773676231122332,1.089108275482931,0.0,0.0,0.0,1.0,-0.7093413886159485,-0.48982271526712545,0.5068614228807895,1,-0.32674884547912664,0.38268067419981566,1.083673750041587,-5.457789207963248e-06,-4.396076884460864e-07,-1.8474329691875455e-06,0.9999999999833031,-0.3343335129147497,0.3773676231122332,1.089108275482931,0.7929,ASSIST,tag_0,1.0,1.0,0,[1.0],"[""tag_0""]",1,"{""j1"": true, ""j2"": true, ""j3"": true, ""j4"": true, ""j5"": true, ""j6"": true, ""j7"": true, ""accel"": true, ""gyro"": true, ""imu2"": true}",25358.0,4462.0,1.0,0.1429536895372282,0.0,0
1.0337,grasp,-0.3343335129147497,0.3773676231122332,1.089108275482931,0.0,0.0,0.0,1.0,-0.7093413886159485,-0.48982271526712545,0.5068614228807895,1,-0.32674884547912664,0.38268067419981566,1.083673750041587,-5.457789207963248e-06,-4.396076884460864e-07,-1.8474329691875455e-06,0.9999999999833031,-0.3343335129147497,0.3773676231122332,1.089108275482931,0.7929,ASSIST,tag_0,1.0,1.0,0,[1.0],"[""tag_0""]",1,"{""j1"": true, ""j2"": true, ""j3"": true, ""j4"": true, ""j5"": true, ""j6"": true, ""j7"": true, ""accel"": true, ""gyro"": true, ""imu2"": true}",25358.0,4462.0,1.0,0.1429536895372282,0.0,0
1.0345,grasp,-0.3343335129147497,0.3773676231122332,1.089108275482931,0.0,0.0,0.0,1.0,-0.7093413886159485,-0.48982271526712545,0.5068614228807895,1,-0.32674884547912664,0.38268067419981566,1.083673750041587,-5.457789207963248e-06,-4.396076884460864e-07,-1.8474329691875455e-06,0.9999999999833031,-0.3343335129147497,0.3773676231122332,1.089108275482931,0.7929,ASSIST,tag_0,1.0,1.0,0,[1.0],"[""tag_0""]",1,"{""j1"": true, ""j2"": true, ""j3"": true, ""j4"": true, ""j5"": true, ""j6"": true, ""j7"": true, ""accel"": true, ""gyro"": true, ""imu2"": true}",25358.0,4462.0,1.0,0.1429536895372282,0.0,0
1.0352,grasp,-0.3343335129147497,0.3773676231122332,1.089108275482931,0.0,0.0,0.0,1.0,-0.7093413886159485,-0.48982271526712545,0.5068614228807895,1,-0.32674884547912664,0.38268067419981566,1.083673750041587,-5.457789207963248e-06,-4.396076884460864e-07,-1.8474329691875455e-06,0.9999999999833031,-0.3343335129147497,0.3773676231122332,1.089108275482931,0.7929,ASSIST,tag_0,1.0,1.0,0,[1.0],"[""tag_0""]",1,"{""j1"": true, ""j2"": true, ""j3"": true, ""j4"": true, ""j5"": true, ""j6"": true, ""j7"": true, ""accel"": true, ""gyro"": true, ""imu2"": true}",25358.0,4462.0,1.0,0.1429536895372282,0.0,0
1.0377,grasp,-0.336035932247428,0.37619204859559213,1.090324742897845,0.0,0.0,0.0,1.0,-0.7093413886159485,-0.48982271526712545,0.5068614228807895,1,-0.32674884547912664,0.38268067419981566,1.083673750041587,-5.457789207963248e-06,-4.396076884460864e-07,-1.8474329691875455e-06,0.9999999999833031,-0.336035932247428,0.37619204859559213,1.090324742897845,0.7929,ASSIST,tag_0,1.0,1.0,0,[1.0],"[""tag_0""]",1,"{""j1"": true, ""j2"": true, ""j3"": true, ""j4"": true, ""j5"": true, ""j6"": true, ""j7"": true, ""accel"": true, ""gyro"": true, ""imu2"": true}",25358.0,4462.0,1.0,0.1429536895372282,0.0,0
1.0384,grasp,-0.336035932247428,0.37619204859559213,1.090324742897845,0.0,0.0,0.0,1.0,-0.709341388615953,-0.48982271526713483,0.5068614228807741,1,-0.32674884547912664,0.38268067419981566,1.083673750041587,-5.457789207963248e-06,-4.396076884460864e-07,-1.8474329691875455e-06,0.9999999999833031,-0.336035932247428,0.37619204859559213,1.090324742897845,0.7929,ASSIST,tag_0,1.0,1.0,0,[1.0],"[""tag_0""]",1,"{""j1"": true, ""j2"": true, ""j3"": true, ""j4"": true, ""j5"": true, ""j6"": true, ""j7"": true, ""accel"": true, ""gyro"": true, ""imu2"": true}",25358.0,4462.0,1.0,0.1429536895372282,0.0,0
1.0387,grasp,-0.336035932247428,0.37619204859559213,1.090324742897845,0.0,0.0,0.0,1.0,-0.709341388615953,-0.48982271526713483,0.5068614228807741,1,-0.32674884547912664,0.38268067419981566,1.083673750041587,-5.457789207963248e-06,-4.396076884460864e-07,-1.8474329691875455e-06,0.9999999999833031,-0.336035932247428,0.37619204859559213,1.090324742897845,0.7929,ASSIST,tag_0,1.0,1.0,0,[1.0],"[""tag_0""]",1,"{""j1"": true, ""j2"": true, ""j3"": true, ""j4"": true, ""j5"": true, ""j6"": true, ""j7"": true, ""accel"": true, ""gyro"": true, ""imu2"": true}",25358.0,4462.0,1.0,0.1429536895372282,0.0,0
1.0417,grasp,-0.336035932247428,0.37619204859559213,1.090324742897845,0.0,0.0,0.0,1.0,-0.709341388615953,-0.48982271526713483,0.5068614228807741,1,-0.32674884547912664,0.38268067419981566,1.083673750041587,-5.457789207963248e-06,-4.396076884460864e-07,-1.8474329691875455e-06,0.9999999999833031,-0.336035932247428,0.37619204859559213,1.090324742897845,0.7929,ASSIST,tag_0,1.0,1.0,0,[1.0],"[""tag_0""]",1,"{""j1"": true, ""j2"": true, ""j3"": true, ""j4"": true, ""j5"": true, ""j6"": true, ""j7"": true, ""accel"": true, ""gyro"": true, ""imu2"": true}",25359.0,4462.0,1.0,0.1429536895372282,0.0,0
1.0433,grasp,-0.336035932247428,0.37619204859559213,1.090324742897845,0.0,0.0,0.0,1.0,-0.709341388615953,-0.48982271526713483,0.5068614228807741,1,-0.32674884547912664,0.38268067419981566,1.083673750041587,-5.457789207963248e-06,-4.396076884460864e-07,-1.8474329691875455e-06,0.9999999999833031,-0.336035932247428,0.37619204859559213,1.090324742897845,0.7929,ASSIST,tag_0,1.0,1.0,0,[1.0],"[""tag_0""]",1,"{""j1"": true, ""j2"": true, ""j3"": true, ""j4"": true, ""j5"": true, ""j6"": true, ""j7"": true, ""accel"": true, ""gyro"": true, ""imu2"": true}",25359.0,4462.0,1.0,0.1429536895372282,0.0,0
1.0496,grasp,-0.336035932247428,0.37619204859559213,1.090324742897845,0.0,0.0,0.0,1.0,-0.709341388615953,-0.48982271526713483,0.5068614228807741,1,-0.32674884547912664,0.38268067419981566,1.083673750041587,-5.457789207963248e-06,-4.396076884460864e-07,-1.8474329691875455e-06,0.9999999999833031,-0.336035932247428,0.37619204859559213,1.090324742897845,0.7929,ASSIST,tag_0,1.0,1.0,0,[1.0],"[""tag_0""]",1,"{""j1"": true, ""j2"": true, ""j3"": true, ""j4"": true, ""j5"": true, ""j6"": true, ""j7"": true, ""accel"": true, ""gyro"": true, ""imu2"": true}",25359.0,4462.0,1.0,0.1429536895372282,0.0,0
1.054,grasp,-0.336035932247428,0.37619204859559213,1.090324742897845,0.0,0.0,0.0,1.0,-0.709341388615953,-0.48982271526713483,0.5068614228807741,1,-0.32674884547912664,0.38268067419981566,1.083673750041587,-5.457789207963248e-06,-4.396076884460864e-07,-1.8474329691875455e-06,0.9999999999833031,-0.336035932247428,0.37619204859559213,1.090324742897845,0.7929,ASSIST,tag_0,1.0,1.0,0,[1.0],"[""tag_0""]",1,"{""j1"": true, ""j2"": true, ""j3"": true, ""j4"": true, ""j5"": true, ""j6"": true, ""j7"": true, ""accel"": true, ""gyro"": true, ""imu2"": true}",25359.0,4462.0,1.0,0.1429536895372282,0.0,0
1.0548,grasp,-0.336035932247428,0.37619204859559213,1.090324742897845,0.0,0.0,0.0,1.0,-0.709341388615953,-0.48982271526713483,0.5068614228807741,1,-0.32674884547912664,0.38268067419981566,1.083673750041587,-5.457789207963248e-06,-4.396076884460864e-07,-1.8474329691875455e-06,0.9999999999833031,-0.336035932247428,0.37619204859559213,1.090324742897845,0.7929,ASSIST,tag_0,1.0,1.0,0,[1.0],"[""tag_0""]",1,"{""j1"": true, ""j2"": true, ""j3"": true, ""j4"": true, ""j5"": true, ""j6"": true, ""j7"": true, ""accel"": true, ""gyro"": true, ""imu2"": true}",25359.0,4462.0,1.0,0.1429536895372282,0.0,0
1.0584,grasp,-0.3377383515801063,0.375016474078951,1.0915412103127589,0.0,0.0,0.0,1.0,-0.709341388615953,-0.48982271526713483,0.5068614228807741,1,-0.32674884547912664,0.38268067419981566,1.083673750041587,-5.457789207963248e-06,-4.396076884460864e-07,-1.8474329691875455e-06,0.9999999999833031,-0.3377383515801063,0.375016474078951,1.0915412103127589,0.7929,ASSIST,tag_0,1.0,1.0,0,[1.0],"[""tag_0""]",1,"{""j1"": true, ""j2"": true, ""j3"": true, ""j4"": true, ""j5"": true, ""j6"": true, ""j7"": true, ""accel"": true, ""gyro"": true, ""imu2"": true}",25359.0,4462.0,1.0,0.1429536895372282,0.0,0
1.0593,grasp,-0.3377383515801063,0.375016474078951,1.0915412103127589,0.0,0.0,0.0,1.0,-0.7093413886159416,-0.48982271526712323,0.5068614228808012,1,-0.32674884547912664,0.38268067419981566,1.083673750041587,-5.457789207963248e-06,-4.396076884460864e-07,-1.8474329691875455e-06,0.9999999999833031,-0.3377383515801063,0.375016474078951,1.0915412103127589,0.7929,ASSIST,tag_0,1.0,1.0,0,[1.0],"[""tag_0""]",1,"{""j1"": true, ""j2"": true, ""j3"": true, ""j4"": true, ""j5"": true, ""j6"": true, ""j7"": true, ""accel"": true, ""gyro"": true, ""imu2"": true}",25359.0,4462.0,1.0,0.1429536895372282,0.0,0
1.0596,grasp,-0.3377383515801063,0.375016474078951,1.0915412103127589,0.0,0.0,0.0,1.0,-0.7093413886159416,-0.48982271526712323,0.5068614228808012,1,-0.32674884547912664,0.38268067419981566,1.083673750041587,-5.457789207963248e-06,-4.396076884460864e-07,-1.8474329691875455e-06,0.9999999999833031,-0.3377383515801063,0.375016474078951,1.0915412103127589,0.7929,ASSIST,tag_0,1.0,1.0,0,[1.0],"[""tag_0""]",1,"{""j1"": true, ""j2"": true, ""j3"": true, ""j4"": true, ""j5"": true, ""j6"": true, ""j7"": true, ""accel"": true, ""gyro"": true, ""imu2"": true}",25359.0,4462.0,1.0,0.1429536895372282,0.0,0
1.0615,grasp,-0.3377383515801063,0.375016474078951,1.0915412103127589,0.0,0.0,0.0,1.0,-0.7093413886159416,-0.48982271526712323,0.5068614228808012,1,-0.32674884547912664,0.38268067419981566,1.083673750041587,-5.457789207963248e-06,-4.396076884460864e-07,-1.8474329691875455e-06,0.9999999999833031,-0.3377383515801063,0.375016474078951,1.0915412103127589,0.7929,ASSIST,tag_0,1.0,1.0,0,[1.0],"[""tag_0""]",1,"{""j1"": true, ""j2"": true, ""j3"": true, ""j4"": true, ""j5"": true, ""j6"": true, ""j7"": true, ""accel"": true, ""gyro"": true, ""imu2"": true}",25360.0,4462.0,1.0,0.1429536895372282,0.0,0
1.0637,grasp,-0.3377383515801063,0.375016474078951,1.0915412103127589,0.0,0.0,0.0,1.0,-0.7093413886159416,-0.48982271526712323,0.5068614228808012,1,-0.32674884547912664,0.38268067419981566,1.083673750041587,-5.457789207963248e-06,-4.396076884460864e-07,-1.8474329691875455e-06,0.9999999999833031,-0.3377383515801063,0.375016474078951,1.0915412103127589,0.7929,ASSIST,tag_0,1.0,1.0,0,[1.0],"[""tag_0""]",1,"{""j1"": true, ""j2"": true, ""j3"": true, ""j4"": true, ""j5"": true, ""j6"": true, ""j7"": true, ""accel"": true, ""gyro"": true, ""imu2"": true}",25360.0,4462.0,1.0,0.1429536895372282,0.0,0
1.0659,grasp,-0.3377383515801063,0.375016474078951,1.0915412103127589,0.0,0.0,0.0,1.0,-0.7093413886159416,-0.48982271526712323,0.5068614228808012,1,-0.3326108936689094,0.37858847155272846,1.087861115459586,-9.617995712474235e-06,9.283797666320701e-07,-4.2601542241116336e-07,0.9999999999532253,-0.3377383515801063,0.375016474078951,1.0915412103127589,0.7929,ASSIST,tag_0,1.0,1.0,0,[1.0],"[""tag_0""]",1,"{""j1"": true, ""j2"": true, ""j3"": true, ""j4"": true, ""j5"": true, ""j6"": true, ""j7"": true, ""accel"": true, ""gyro"": true, ""imu2"": true}",25360.0,4462.0,1.0,0.1429536895372282,0.0,0
1.0717,grasp,-0.3377383515801063,0.375016474078951,1.0915412103127589,0.0,0.0,0.0,1.0,-0.7093413886159416,-0.48982271526712323,0.5068614228808012,1,-0.3326108936689094,0.37858847155272846,1.087861115459586,-9.617995712474235e-06,9.283797666320701e-07,-4.2601542241116336e-07,0.9999999999532253,-0.3377383515801063,0.375016474078951,1.0915412103127589,0.7929,ASSIST,tag_0,1.0,1.0,0,[1.0],"[""tag_0""]",1,"{""j1"": true, ""j2"": true, ""j3"": true, ""j4"": true, ""j5"": true, ""j6"": true, ""j7"": true, ""accel"": true, ""gyro"": true, ""imu2"": true}",25360.0,4462.0,1.0,0.1429536895372282,0.0,0
1.0742,grasp,-0.3377383515801063,0.375016474078951,1.0915412103127589,0.0,0.0,0.0,1.0,-0.7093413886159416,-0.48982271526712323,0.5068614228808012,1,-0.3326108936689094,0.37858847155272846,1.087861115459586,-9.617995712474235e-06,9.283797666320701e-07,-4.2601542241116336e-07,0.9999999999532253,-0.3377383515801063,0.375016474078951,1.0915412103127589,0.7929,ASSIST,tag_0,1.0,1.0,0,[1.0],"[""tag_0""]",1,"{""j1"": true, ""j2"": true, ""j3"": true, ""j4"": true, ""j5"": true, ""j6"": true, ""j7"": true, ""accel"": true, ""gyro"": true, ""imu2"": true}",25360.0,4462.0,1.0,0.1429536895372282,0.0,0
1.0752,grasp,-0.3377383515801063,0.375016474078951,1.0915412103127589,0.0,0.0,0.0,1.0,-0.7093413886159416,-0.48982271526712323,0.5068614228808012,1,-0.3326108936689094,0.37858847155272846,1.087861115459586,-9.617995712474235e-06,9.283797666320701e-07,-4.2601542241116336e-07,0.9999999999532253,-0.3377383515801063,0.375016474078951,1.0915412103127589,0.7929,ASSIST,tag_0,1.0,1.0,0,[1.0],"[""tag_0""]",1,"{""j1"": true, ""j2"": true, ""j3"": true, ""j4"": true, ""j5"": true, ""j6"": true, ""j7"": true, ""accel"": true, ""gyro"": true, ""imu2"": true}",25360.0,4462.0,1.0,0.1429536895372282,0.0,0
1.0783,grasp,-0.3394407709127846,0.3738408995623099,1.0927576777276728,0.0,0.0,0.0,1.0,-0.7093413886159416,-0.48982271526712323,0.5068614228808012,1,-0.3326108936689094,0.37858847155272846,1.087861115459586,-9.617995712474235e-06,9.283797666320701e-07,-4.2601542241116336e-07,0.9999999999532253,-0.3394407709127846,0.3738408995623099,1.0927576777276728,0.7929,ASSIST,tag_0,1.0,1.0,0,[1.0],"[""tag_0""]",1,"{""j1"": true, ""j2"": true, ""j3"": true, ""j4"": true, ""j5"": true, ""j6"": true, ""j7"": true, ""accel"": true, ""gyro"": true, ""imu2"": true}",25360.0,4462.0,1.0,0.1429536895372282,0.0,0
1.0789,grasp,-0.3394407709127846,0.3738408995623099,1.0927576777276728,0.0,0.0,0.0,1.0,-0.7093413886160074,-0.4898227152676081,0.5068614228802407,1,-0.3326108936689094,0.37858847155272846,1.087861115459586,-9.617995712474235e-06,9.283797666320701e-07,-4.2601542241116336e-07,0.9999999999532253,-0.3394407709127846,0.3738408995623099,1.0927576777276728,0.7929,ASSIST,tag_0,1.0,1.0,0,[1.0],"[""tag_0""]",1,"{""j1"": true, ""j2"": true, ""j3"": true, ""j4"": true, ""j5"": true, ""j6"": true, ""j7"": true, ""accel"": true, ""gyro"": true, ""imu2"": true}",25360.0,4462.0,1.0,0.1429536895372282,0.0,0
1.0792,grasp,-0.3394407709127846,0.3738408995623099,1.0927576777276728,0.0,0.0,0.0,1.0,-0.7093413886160074,-0.4898227152676081,0.5068614228802407,1,-0.3326108936689094,0.37858847155272846,1.087861115459586,-9.617995712474235e-06,9.283797666320701e-07,-4.2601542241116336e-07,0.9999999999532253,-0.3394407709127846,0.3738408995623099,1.0927576777276728,0.7929,ASSIST,tag_0,1.0,1.0,0,[1.0],"[""tag_0""]",1,"{""j1"": true, ""j2"": true, ""j3"": true, ""j4"": true, ""j5"": true, ""j6"": true, ""j7"": true, ""accel"": true, ""gyro"": true, ""imu2"": true}",25360.0,4462.0,1.0,0.1429536895372282,0.0,0
1.081,grasp,-0.3394407709127846,0.3738408995623099,1.0927576777276728,0.0,0.0,0.0,1.0,-0.7093413886160074,-0.4898227152676081,0.5068614228802407,1,-0.3326108936689094,0.37858847155272846,1.087861115459586,-9.617995712474235e-06,9.283797666320701e-07,-4.2601542241116336e-07,0.9999999999532253,-0.3394407709127846,0.3738408995623099,1.0927576777276728,0.7929,ASSIST,tag_0,1.0,1.0,0,[1.0],"[""tag_0""]",1,"{""j1"": true, ""j2"": true, ""j3"": true, ""j4"": true, ""j5"": true, ""j6"": true, ""j7"": true, ""accel"": true, ""gyro"": true, ""imu2"": true}",25360.0,4462.0,1.0,0.1429536895372282,0.0,0
1.0817,grasp,-0.3394407709127846,0.3738408995623099,1.0927576777276728,0.0,0.0,0.0,1.0,-0.7093413886160074,-0.4898227152676081,0.5068614228802407,1,-0.3326108936689094,0.37858847155272846,1.087861115459586,-9.617995712474235e-06,9.283797666320701e-07,-4.2601542241116336e-07,0.9999999999532253,-0.3394407709127846,0.3738408995623099,1.0927576777276728,0.7929,ASSIST,tag_0,1.0,1.0,0,[1.0],"[""tag_0""]",1,"{""j1"": true, ""j2"": true, ""j3"": true, ""j4"": true, ""j5"": true, ""j6"": true, ""j7"": true, ""accel"": true, ""gyro"": true, ""imu2"": true}",25361.0,4462.0,1.0,0.1413204153808828,0.0,0
1.0833,grasp,-0.3394407709127846,0.3738408995623099,1.0927576777276728,0.0,0.0,0.0,1.0,-0.7093413886160074,-0.4898227152676081,0.5068614228802407,1,-0.3326108936689094,0.37858847155272846,1.087861115459586,-9.617995712474235e-06,9.283797666320701e-07,-4.2601542241116336e-07,0.9999999999532253,-0.3394407709127846,0.3738408995623099,1.0927576777276728,0.7929,ASSIST,tag_0,1.0,1.0,0,[1.0],"[""tag_0""]",1,"{""j1"": true, ""j2"": true, ""j3"": true, ""j4"": true, ""j5"": true, ""j6"": true, ""j7"": true, ""accel"": true, ""gyro"": true, ""imu2"": true}",25361.0,4462.0,1.0,0.1413204153808828,0.0,0
1.0861,grasp,-0.3394407709127846,0.3738408995623099,1.0927576777276728,0.0,0.0,0.0,1.0,-0.7093413886160074,-0.4898227152676081,0.5068614228802407,1,-0.3326108936689094,0.37858847155272846,1.087861115459586,-9.617995712474235e-06,9.283797666320701e-07,-4.2601542241116336e-07,0.9999999999532253,-0.3394407709127846,0.3738408995623099,1.0927576777276728,0.7929,ASSIST,tag_0,1.0,1.0,0,[1.0],"[""tag_0""]",1,"{""j1"": true, ""j2"": true, ""j3"": true, ""j4"": true, ""j5"": true, ""j6"": true, ""j7"": true, ""accel"": true, ""gyro"": true, ""imu2"": true}",25361.0,4462.0,1.0,0.1413204153808828,0.0,0
1.092,grasp,-0.3394407709127846,0.3738408995623099,1.0927576777276728,0.0,0.0,0.0,1.0,-0.7093413886160074,-0.4898227152676081,0.5068614228802407,1,-0.3326108936689094,0.37858847155272846,1.087861115459586,-9.617995712474235e-06,9.283797666320701e-07,-4.2601542241116336e-07,0.9999999999532253,-0.3394407709127846,0.3738408995623099,1.0927576777276728,0.7929,ASSIST,tag_0,1.0,1.0,0,[1.0],"[""tag_0""]",1,"{""j1"": true, ""j2"": true, ""j3"": true, ""j4"": true, ""j5"": true, ""j6"": true, ""j7"": true, ""accel"": true, ""gyro"": true, ""imu2"": true}",25361.0,4462.0,1.0,0.1413204153808828,0.0,0
1.0935,grasp,-0.3394407709127846,0.3738408995623099,1.0927576777276728,0.0,0.0,0.0,1.0,-0.7093413886160074,-0.4898227152676081,0.5068614228802407,1,-0.3326108936689094,0.37858847155272846,1.087861115459586,-9.617995712474235e-06,9.283797666320701e-07,-4.2601542241116336e-07,0.9999999999532253,-0.3394407709127846,0.3738408995623099,1.0927576777276728,0.7929,ASSIST,tag_0,1.0,1.0,0,[1.0],"[""tag_0""]",1,"{""j1"": true, ""j2"": true, ""j3"": true, ""j4"": true, ""j5"": true, ""j6"": true, ""j7"": true, ""accel"": true, ""gyro"": true, ""imu2"": true}",25361.0,4462.0,1.0,0.1413204153808828,0.0,0
1.0945,grasp,-0.3394407709127846,0.3738408995623099,1.0927576777276728,0.0,0.0,0.0,1.0,-0.7093413886160074,-0.4898227152676081,0.5068614228802407,1,-0.3326108936689094,0.37858847155272846,1.087861115459586,-9.617995712474235e-06,9.283797666320701e-07,-4.2601542241116336e-07,0.9999999999532253,-0.3394407709127846,0.3738408995623099,1.0927576777276728,0.7929,ASSIST,tag_0,1.0,1.0,0,[1.0],"[""tag_0""]",1,"{""j1"": true, ""j2"": true, ""j3"": true, ""j4"": true, ""j5"": true, ""j6"": true, ""j7"": true, ""accel"": true, ""gyro"": true, ""imu2"": true}",25361.0,4462.0,1.0,0.1413204153808828,0.0,0
1.0978,grasp,-0.3395,0.3738,1.0928,0.0,0.0,0.0,1.0,-0.7093413886160074,-0.4898227152676081,0.5068614228802407,1,-0.3326108936689094,0.37858847155272846,1.087861115459586,-9.617995712474235e-06,9.283797666320701e-07,-4.2601542241116336e-07,0.9999999999532253,-0.3395,0.3738,1.0928,0.7929,ASSIST,tag_0,1.0,1.0,0,[1.0],"[""tag_0""]",1,"{""j1"": true, ""j2"": true, ""j3"": true, ""j4"": true, ""j5"": true, ""j6"": true, ""j7"": true, ""accel"": true, ""gyro"": true, ""imu2"": true}",25361.0,4462.0,1.0,0.1413204153808828,0.0,0
1.0985,grasp,-0.3395,0.3738,1.0928,0.0,0.0,0.0,1.0,0.0,1.0,0.0,1,-0.3326108936689094,0.37858847155272846,1.087861115459586,-9.617995712474235e-06,9.283797666320701e-07,-4.2601542241116336e-07,0.9999999999532253,-0.3395,0.3738,1.0928,0.7929,ASSIST,tag_0,1.0,1.0,0,[1.0],"[""tag_0""]",1,"{""j1"": true, ""j2"": true, ""j3"": true, ""j4"": true, ""j5"": true, ""j6"": true, ""j7"": true, ""accel"": true, ""gyro"": true, ""imu2"": true}",25361.0,4462.0,1.0,0.1413204153808828,0.0,0
1.0987,grasp,-0.3395,0.3738,1.0928,0.0,0.0,0.0,1.0,0.0,1.0,0.0,1,-0.3326108936689094,0.37858847155272846,1.087861115459586,-9.617995712474235e-06,9.283797666320701e-07,-4.2601542241116336e-07,0.9999999999532253,-0.3395,0.3738,1.0928,0.7929,ASSIST,tag_0,1.0,1.0,0,[1.0],"[""tag_0""]",1,"{""j1"": true, ""j2"": true, ""j3"": true, ""j4"": true, ""j5"": true, ""j6"": true, ""j7"": true, ""accel"": true, ""gyro"": true, ""imu2"": true}",25361.0,4462.0,1.0,0.1413204153808828,0.0,0
1.1014,grasp,-0.3395,0.3738,1.0928,0.0,0.0,0.0,1.0,0.0,1.0,0.0,1,-0.3326108936689094,0.37858847155272846,1.087861115459586,-9.617995712474235e-06,9.283797666320701e-07,-4.2601542241116336e-07,0.9999999999532253,-0.3395,0.3738,1.0928,0.7929,ASSIST,tag_0,1.0,1.0,0,[1.0],"[""tag_0""]",1,"{""j1"": true, ""j2"": true, ""j3"": true, ""j4"": true, ""j5"": true, ""j6"": true, ""j7"": true, ""accel"": true, ""gyro"": true, ""imu2"": true}",25362.0,4462.0,1.0,0.1413204153808828,0.0,0
1.1053,grasp,-0.3395,0.3738,1.0928,0.0,0.0,0.0,1.0,0.0,1.0,0.0,1,-0.3326108936689094,0.37858847155272846,1.087861115459586,-9.617995712474235e-06,9.283797666320701e-07,-4.2601542241116336e-07,0.9999999999532253,-0.3395,0.3738,1.0928,0.7929,ASSIST,tag_0,1.0,1.0,0,[1.0],"[""tag_0""]",1,"{""j1"": true, ""j2"": true, ""j3"": true, ""j4"": true, ""j5"": true, ""j6"": true, ""j7"": true, ""accel"": true, ""gyro"": true, ""imu2"": true}",25362.0,4462.0,1.0,0.1413204153808828,0.0,0
1.1113,grasp,-0.3395,0.3738,1.0928,0.0,0.0,0.0,1.0,0.0,1.0,0.0,1,-0.3326108936689094,0.37858847155272846,1.087861115459586,-9.617995712474235e-06,9.283797666320701e-07,-4.2601542241116336e-07,0.9999999999532253,-0.3395,0.3738,1.0928,0.7929,ASSIST,tag_0,1.0,1.0,0,[1.0],"[""tag_0""]",1,"{""j1"": true, ""j2"": true, ""j3"": true, ""j4"": true, ""j5"": true, ""j6"": true, ""j7"": true, ""accel"": true, ""gyro"": true, ""imu2"": true}",25362.0,4462.0,1.0,0.1413204153808828,0.0,0
1.1133,grasp,-0.3395,0.3738,1.0928,0.0,0.0,0.0,1.0,0.0,1.0,0.0,1,-0.3326108936689094,0.37858847155272846,1.087861115459586,-9.617995712474235e-06,9.283797666320701e-07,-4.2601542241116336e-07,0.9999999999532253,-0.3395,0.3738,1.0928,0.7929,ASSIST,tag_0,1.0,1.0,0,[1.0],"[""tag_0""]",1,"{""j1"": true, ""j2"": true, ""j3"": true, ""j4"": true, ""j5"": true, ""j6"": true, ""j7"": true, ""accel"": true, ""gyro"": true, ""imu2"": true}",25362.0,4462.0,1.0,0.1413204153808828,0.0,0
1.1144,grasp,-0.3395,0.3738,1.0928,0.0,0.0,0.0,1.0,0.0,1.0,0.0,1,-0.3326108936689094,0.37858847155272846,1.087861115459586,-9.617995712474235e-06,9.283797666320701e-07,-4.2601542241116336e-07,0.9999999999532253,-0.3395,0.3738,1.0928,0.7929,ASSIST,tag_0,1.0,1.0,0,[1.0],"[""tag_0""]",1,"{""j1"": true, ""j2"": true, ""j3"": true, ""j4"": true, ""j5"": true, ""j6"": true, ""j7"": true, ""accel"": true, ""gyro"": true, ""imu2"": true}",25362.0,4462.0,1.0,0.1413204153808828,0.0,0
1.118,grasp,-0.3395,0.3738,1.0928,0.0,0.0,0.0,1.0,0.0,1.0,0.0,1,-0.3326108936689094,0.37858847155272846,1.087861115459586,-9.617995712474235e-06,9.283797666320701e-07,-4.2601542241116336e-07,0.9999999999532253,-0.3395,0.3738,1.0928,0.7929,ASSIST,tag_0,1.0,1.0,0,[1.0],"[""tag_0""]",1,"{""j1"": true, ""j2"": true, ""j3"": true, ""j4"": true, ""j5"": true, ""j6"": true, ""j7"": true, ""accel"": true, ""gyro"": true, ""imu2"": true}",25362.0,4462.0,1.0,0.1413204153808828,0.0,0
1.1186,grasp,-0.3395,0.3738,1.0928,0.0,0.0,0.0,1.0,0.0,1.0,0.0,1,-0.3326108936689094,0.37858847155272846,1.087861115459586,-9.617995712474235e-06,9.283797666320701e-07,-4.2601542241116336e-07,0.9999999999532253,-0.3395,0.3738,1.0928,0.7929,ASSIST,tag_0,1.0,1.0,0,[1.0],"[""tag_0""]",1,"{""j1"": true, ""j2"": true, ""j3"": true, ""j4"": true, ""j5"": true, ""j6"": true, ""j7"": true, ""accel"": true, ""gyro"": true, ""imu2"": true}",25362.0,4462.0,1.0,0.1413204153808828,0.0,0
1.1189,grasp,-0.3395,0.3738,1.0928,0.0,0.0,0.0,1.0,0.0,1.0,0.0,1,-0.3326108936689094,0.37858847155272846,1.087861115459586,-9.617995712474235e-06,9.283797666320701e-07,-4.2601542241116336e-07,0.9999999999532253,-0.3395,0.3738,1.0928,0.7929,ASSIST,tag_0,1.0,1.0,0,[1.0],"[""tag_0""]",1,"{""j1"": true, ""j2"": true, ""j3"": true, ""j4"": true, ""j5"": true, ""j6"": true, ""j7"": true, ""accel"": true, ""gyro"": true, ""imu2"": true}",25362.0,4462.0,1.0,0.1413204153808828,0.0,0
1.1216,grasp,-0.3395,0.3738,1.0928,0.0,0.0,0.0,1.0,0.0,1.0,0.0,1,-0.3326108936689094,0.37858847155272846,1.087861115459586,-9.617995712474235e-06,9.283797666320701e-07,-4.2601542241116336e-07,0.9999999999532253,-0.3395,0.3738,1.0928,0.7929,ASSIST,tag_0,1.0,1.0,0,[1.0],"[""tag_0""]",1,"{""j1"": true, ""j2"": true, ""j3"": true, ""j4"": true, ""j5"": true, ""j6"": true, ""j7"": true, ""accel"": true, ""gyro"": true, ""imu2"": true}",25363.0,4462.0,1.0,0.1413204153808828,0.0,0
1.1236,grasp,-0.3395,0.3738,1.0928,0.0,0.0,0.0,1.0,0.0,1.0,0.0,1,-0.3326108936689094,0.37858847155272846,1.087861115459586,-9.617995712474235e-06,9.283797666320701e-07,-4.2601542241116336e-07,0.9999999999532253,-0.3395,0.3738,1.0928,0.7929,ASSIST,tag_0,1.0,1.0,0,[1.0],"[""tag_0""]",1,"{""j1"": true, ""j2"": true, ""j3"": true, ""j4"": true, ""j5"": true, ""j6"": true, ""j7"": true, ""accel"": true, ""gyro"": true, ""imu2"": true}",25363.0,4462.0,1.0,0.1413204153808828,0.0,0
1.1294,grasp,-0.3395,0.3738,1.0928,0.0,0.0,0.0,1.0,0.0,1.0,0.0,1,-0.3326108936689094,0.37858847155272846,1.087861115459586,-9.617995712474235e-06,9.283797666320701e-07,-4.2601542241116336e-07,0.9999999999532253,-0.3395,0.3738,1.0928,0.7929,ASSIST,tag_0,1.0,1.0,0,[1.0],"[""tag_0""]",1,"{""j1"": true, ""j2"": true, ""j3"": true, ""j4"": true, ""j5"": true, ""j6"": true, ""j7"": true, ""accel"": true, ""gyro"": true, ""imu2"": true}",25363.0,4462.0,1.0,0.1413204153808828,0.0,0
1.1335,grasp,-0.3395,0.3738,1.0928,0.0,0.0,0.0,1.0,0.0,1.0,0.0,1,-0.3326108936689094,0.37858847155272846,1.087861115459586,-9.617995712474235e-06,9.283797666320701e-07,-4.2601542241116336e-07,0.9999999999532253,-0.3395,0.3738,1.0928,0.7929,ASSIST,tag_0,1.0,1.0,0,[1.0],"[""tag_0""]",1,"{""j1"": true, ""j2"": true, ""j3"": true, ""j4"": true, ""j5"": true, ""j6"": true, ""j7"": true, ""accel"": true, ""gyro"": true, ""imu2"": true}",25363.0,4462.0,1.0,0.1413204153808828,0.0,0
1.1357,grasp,-0.3395,0.3738,1.0928,0.0,0.0,0.0,1.0,0.0,1.0,0.0,1,-0.33794796483149714,0.3748880399831368,1.0916798300141162,-7.379776977234352e-06,1.3402945656243446e-06,3.54732713689354e-08,0.9999999999718706,-0.3395,0.3738,1.0928,0.7929,ASSIST,tag_0,1.0,1.0,0,[1.0],"[""tag_0""]",1,"{""j1"": true, ""j2"": true, ""j3"": true, ""j4"": true, ""j5"": true, ""j6"": true, ""j7"": true, ""accel"": true, ""gyro"": true, ""imu2"": true}",25363.0,4462.0,1.0,0.1413204153808828,0.0,0
1.136,grasp,-0.3395,0.3738,1.0928,0.0,0.0,0.0,1.0,0.0,1.0,0.0,1,-0.33794796483149714,0.3748880399831368,1.0916798300141162,-7.379776977234352e-06,1.3402945656243446e-06,3.54732713689354e-08,0.9999999999718706,-0.3395,0.3738,1.0928,0.7929,ASSIST,tag_0,1.0,1.0,0,[1.0],"[""tag_0""]",1,"{""j1"": true, ""j2"": true, ""j3"": true, ""j4"": true, ""j5"": true, ""j6"": true, ""j7"": true, ""accel"": true, ""gyro"": true, ""imu2"": true}",25363.0,4462.0,1.0,0.1413204153808828,0.0,0
1.1366,grasp,-0.3395,0.3738,1.0928,0.0,0.0,0.0,1.0,0.0,1.0,0.0,1,-0.33794796483149714,0.3748880399831368,1.0916798300141162,-7.379776977234352e-06,1.3402945656243446e-06,3.54732713689354e-08,0.9999999999718706,-0.3395,0.3738,1.0928,0.7929,ASSIST,tag_0,1.0,1.0,0,[1.0],"[""tag_0""]",1,"{""j1"": true, ""j2"": true, ""j3"": true, ""j4"": true, ""j5"": true, ""j6"": true, ""j7"": true, ""accel"": true, ""gyro"": true, ""imu2"": true}",25363.0,4462.0,1.0,0.1413204153808828,0.0,0
1.139,grasp,-0.3395,0.3738,1.0928,0.0,0.0,0.0,1.0,0.0,1.0,0.0,1,-0.33794796483149714,0.3748880399831368,1.0916798300141162,-7.379776977234352e-06,1.3402945656243446e-06,3.54732713689354e-08,0.9999999999718706,-0.3395,0.3738,1.0928,0.7929,ASSIST,tag_0,1.0,1.0,0,[1.0],"[""tag_0""]",1,"{""j1"": true, ""j2"": true, ""j3"": true, ""j4"": true, ""j5"": true, ""j6"": true, ""j7"": true, ""accel"": true, ""gyro"": true, ""imu2"": true}",25363.0,4462.0,1.0,0.1413204153808828,0.0,0
1.1393,grasp,-0.3395,0.3738,1.0928,0.0,0.0,0.0,1.0,0.0,1.0,0.0,1,-0.33794796483149714,0.3748880399831368,1.0916798300141162,-7.379776977234352e-06,1.3402945656243446e-06,3.54732713689354e-08,0.9999999999718706,-0.3395,0.3738,1.0928,0.7929,ASSIST,tag_0,1.0,1.0,0,[1.0],"[""tag_0""]",1,"{""j1"": true, ""j2"": true, ""j3"": true, ""j4"": true, ""j5"": true, ""j6"": true, ""j7"": true, ""accel"": true, ""gyro"": true, ""imu2"": true}",25363.0,4462.0,1.0,0.1413204153808828,0.0,0
1.1395,grasp,-0.3395,0.3738,1.0928,0.0,0.0,0.0,1.0,0.0,1.0,0.0,1,-0.33794796483149714,0.3748880399831368,1.0916798300141162,-7.379776977234352e-06,1.3402945656243446e-06,3.54732713689354e-08,0.9999999999718706,-0.3395,0.3738,1.0928,0.7929,ASSIST,tag_0,1.0,1.0,0,[1.0],"[""tag_0""]",1,"{""j1"": true, ""j2"": true, ""j3"": true, ""j4"": true, ""j5"": true, ""j6"": true, ""j7"": true, ""accel"": true, ""gyro"": true, ""imu2"": true}",25363.0,4462.0,1.0,0.1413204153808828,0.0,0
1.1415,grasp,-0.3395,0.3738,1.0928,0.0,0.0,0.0,1.0,0.0,1.0,0.0,1,-0.33794796483149714,0.3748880399831368,1.0916798300141162,-7.379776977234352e-06,1.3402945656243446e-06,3.54732713689354e-08,0.9999999999718706,-0.3395,0.3738,1.0928,0.7929,ASSIST,tag_0,1.0,1.0,0,[1.0],"[""tag_0""]",1,"{""j1"": true, ""j2"": true, ""j3"": true, ""j4"": true, ""j5"": true, ""j6"": true, ""j7"": true, ""accel"": true, ""gyro"": true, ""imu2"": true}",25364.0,4462.0,1.0,0.1413204153808828,0.0,0
1.1432,grasp,-0.3395,0.3738,1.0928,0.0,0.0,0.0,1.0,0.0,1.0,0.0,1,-0.33794796483149714,0.3748880399831368,1.0916798300141162,-7.379776977234352e-06,1.3402945656243446e-06,3.54732713689354e-08,0.9999999999718706,-0.3395,0.3738,1.0928,0.7929,ASSIST,tag_0,1.0,1.0,0,[1.0],"[""tag_0""]",1,"{""j1"": true, ""j2"": true, ""j3"": true, ""j4"": true, ""j5"": true, ""j6"": true, ""j7"": true, ""accel"": true, ""gyro"": true, ""imu2"": true}",25364.0,4462.0,1.0,0.1413204153808828,0.0,0
1.149,grasp,-0.3395,0.3738,1.0928,0.0,0.0,0.0,1.0,0.0,1.0,0.0,1,-0.33794796483149714,0.3748880399831368,1.0916798300141162,-7.379776977234352e-06,1.3402945656243446e-06,3.54732713689354e-08,0.9999999999718706,-0.3395,0.3738,1.0928,0.7929,ASSIST,tag_0,1.0,1.0,0,[1.0],"[""tag_0""]",1,"{""j1"": true, ""j2"": true, ""j3"": true, ""j4"": true, ""j5"": true, ""j6"": true, ""j7"": true, ""accel"": true, ""gyro"": true, ""imu2"": true}",25364.0,4462.0,1.0,0.1413204153808828,0.0,0
1.1538,grasp,-0.3395,0.3738,1.0928,0.0,0.0,0.0,1.0,0.0,1.0,0.0,1,-0.33794796483149714,0.3748880399831368,1.0916798300141162,-7.379776977234352e-06,1.3402945656243446e-06,3.54732713689354e-08,0.9999999999718706,-0.3395,0.3738,1.0928,0.7929,ASSIST,tag_0,1.0,1.0,0,[1.0],"[""tag_0""]",1,"{""j1"": true, ""j2"": true, ""j3"": true, ""j4"": true, ""j5"": true, ""j6"": true, ""j7"": true, ""accel"": true, ""gyro"": true, ""imu2"": true}",25364.0,4462.0,1.0,0.1413204153808828,0.0,0
1.1543,grasp,-0.3395,0.3738,1.0928,0.0,0.0,0.0,1.0,0.0,1.0,0.0,1,-0.33794796483149714,0.3748880399831368,1.0916798300141162,-7.379776977234352e-06,1.3402945656243446e-06,3.54732713689354e-08,0.9999999999718706,-0.3395,0.3738,1.0928,0.7929,ASSIST,tag_0,1.0,1.0,0,[1.0],"[""tag_0""]",1,"{""j1"": true, ""j2"": true, ""j3"": true, ""j4"": true, ""j5"": true, ""j6"": true, ""j7"": true, ""accel"": true, ""gyro"": true, ""imu2"": true}",25364.0,4462.0,1.0,0.1413204153808828,0.0,0
1.1574,grasp,-0.3395,0.3738,1.0928,0.0,0.0,0.0,1.0,0.0,1.0,0.0,1,-0.33794796483149714,0.3748880399831368,1.0916798300141162,-7.379776977234352e-06,1.3402945656243446e-06,3.54732713689354e-08,0.9999999999718706,-0.3395,0.3738,1.0928,0.7929,ASSIST,tag_0,1.0,1.0,0,[1.0],"[""tag_0""]",1,"{""j1"": true, ""j2"": true, ""j3"": true, ""j4"": true, ""j5"": true, ""j6"": true, ""j7"": true, ""accel"": true, ""gyro"": true, ""imu2"": true}",25364.0,4462.0,1.0,0.1413204153808828,0.0,0
1.1579,grasp,-0.3395,0.3738,1.0928,0.0,0.0,0.0,1.0,0.0,1.0,0.0,1,-0.33794796483149714,0.3748880399831368,1.0916798300141162,-7.379776977234352e-06,1.3402945656243446e-06,3.54732713689354e-08,0.9999999999718706,-0.3395,0.3738,1.0928,0.7929,ASSIST,tag_0,1.0,1.0,0,[1.0],"[""tag_0""]",1,"{""j1"": true, ""j2"": true, ""j3"": true, ""j4"": true, ""j5"": true, ""j6"": true, ""j7"": true, ""accel"": true, ""gyro"": true, ""imu2"": true}",25364.0,4462.0,1.0,0.1413204153808828,0.0,0
1.1584,grasp,-0.3395,0.3738,1.0928,0.0,0.0,0.0,1.0,0.0,1.0,0.0,1,-0.33794796483149714,0.3748880399831368,1.0916798300141162,-7.379776977234352e-06,1.3402945656243446e-06,3.54732713689354e-08,0.9999999999718706,-0.3395,0.3738,1.0928,0.7929,ASSIST,tag_0,1.0,1.0,0,[1.0],"[""tag_0""]",1,"{""j1"": true, ""j2"": true, ""j3"": true, ""j4"": true, ""j5"": true, ""j6"": true, ""j7"": true, ""accel"": true, ""gyro"": true, ""imu2"": true}",25364.0,4462.0,1.0,0.1413204153808828,0.0,0
1.1617,grasp,-0.3395,0.3738,1.0928,0.0,0.0,0.0,1.0,0.0,1.0,0.0,1,-0.33794796483149714,0.3748880399831368,1.0916798300141162,-7.379776977234352e-06,1.3402945656243446e-06,3.54732713689354e-08,0.9999999999718706,-0.3395,0.3738,1.0928,0.7929,ASSIST,tag_0,1.0,1.0,0,[1.0],"[""tag_0""]",1,"{""j1"": true, ""j2"": true, ""j3"": true, ""j4"": true, ""j5"": true, ""j6"": true, ""j7"": true, ""accel"": true, ""gyro"": true, ""imu2"": true}",25365.0,4462.0,1.0,0.1399583906686443,0.0,0
1.1633,grasp,-0.3395,0.3738,1.0928,0.0,0.0,0.0,1.0,0.0,1.0,0.0,1,-0.33794796483149714,0.3748880399831368,1.0916798300141162,-7.379776977234352e-06,1.3402945656243446e-06,3.54732713689354e-08,0.9999999999718706,-0.3395,0.3738,1.0928,0.7929,ASSIST,tag_0,1.0,1.0,0,[1.0],"[""tag_0""]",1,"{""j1"": true, ""j2"": true, ""j3"": true, ""j4"": true, ""j5"": true, ""j6"": true, ""j7"": true, ""accel"": true, ""gyro"": true, ""imu2"": true}",25365.0,4462.0,1.0,0.1399583906686443,0.0,0
1.1692,grasp,-0.3395,0.3738,1.0928,0.0,0.0,0.0,1.0,0.0,1.0,0.0,1,-0.33794796483149714,0.3748880399831368,1.0916798300141162,-7.379776977234352e-06,1.3402945656243446e-06,3.54732713689354e-08,0.9999999999718706,-0.3395,0.3738,1.0928,0.7929,ASSIST,tag_0,1.0,1.0,0,[1.0],"[""tag_0""]",1,"{""j1"": true, ""j2"": true, ""j3"": true, ""j4"": true, ""j5"": true, ""j6"": true, ""j7"": true, ""accel"": true, ""gyro"": true, ""imu2"": true}",25365.0,4462.0,1.0,0.1399583906686443,0.0,0
1.1733,grasp,-0.3395,0.3738,1.0928,0.0,0.0,0.0,1.0,0.0,1.0,0.0,1,-0.33794796483149714,0.3748880399831368,1.0916798300141162,-7.379776977234352e-06,1.3402945656243446e-06,3.54732713689354e-08,0.9999999999718706,-0.3395,0.3738,1.0928,0.7929,ASSIST,tag_0,1.0,1.0,0,[1.0],"[""tag_0""]",1,"{""j1"": true, ""j2"": true, ""j3"": true, ""j4"": true, ""j5"": true, ""j6"": true, ""j7"": true, ""accel"": true, ""gyro"": true, ""imu2"": true}",25365.0,4462.0,1.0,0.1399583906686443,0.0,0
1.1739,grasp,-0.3395,0.3738,1.0928,0.0,0.0,0.0,1.0,0.0,1.0,0.0,1,-0.33794796483149714,0.3748880399831368,1.0916798300141162,-7.379776977234352e-06,1.3402945656243446e-06,3.54732713689354e-08,0.9999999999718706,-0.3395,0.3738,1.0928,0.7929,ASSIST,tag_0,1.0,1.0,0,[1.0],"[""tag_0""]",1,"{""j1"": true, ""j2"": true, ""j3"": true, ""j4"": true, ""j5"": true, ""j6"": true, ""j7"": true, ""accel"": true, ""gyro"": true, ""imu2"": true}",25365.0,4462.0,1.0,0.1399583906686443,0.0,0
1.1782,grasp,-0.3395,0.3738,1.0928,0.0,0.0,0.0,1.0,0.0,1.0,0.0,1,-0.33794796483149714,0.3748880399831368,1.0916798300141162,-7.379776977234352e-06,1.3402945656243446e-06,3.54732713689354e-08,0.9999999999718706,-0.3395,0.3738,1.0928,0.7929,ASSIST,tag_0,1.0,1.0,0,[1.0],"[""tag_0""]",1,"{""j1"": true, ""j2"": true, ""j3"": true, ""j4"": true, ""j5"": true, ""j6"": true, ""j7"": true, ""accel"": true, ""gyro"": true, ""imu2"": true}",25365.0,4462.0,1.0,0.1399583906686443,0.0,0
1.1789,grasp,-0.3395,0.3738,1.0928,0.0,0.0,0.0,1.0,0.0,1.0,0.0,1,-0.33794796483149714,0.3748880399831368,1.0916798300141162,-7.379776977234352e-06,1.3402945656243446e-06,3.54732713689354e-08,0.9999999999718706,-0.3395,0.3738,1.0928,0.7929,ASSIST,tag_0,1.0,1.0,0,[1.0],"[""tag_0""]",1,"{""j1"": true, ""j2"": true, ""j3"": true, ""j4"": true, ""j5"": true, ""j6"": true, ""j7"": true, ""accel"": true, ""gyro"": true, ""imu2"": true}",25365.0,4462.0,1.0,0.1399583906686443,0.0,0
1.1791,grasp,-0.3395,0.3738,1.0928,0.0,0.0,0.0,1.0,0.0,1.0,0.0,1,-0.33794796483149714,0.3748880399831368,1.0916798300141162,-7.379776977234352e-06,1.3402945656243446e-06,3.54732713689354e-08,0.9999999999718706,-0.3395,0.3738,1.0928,0.7929,ASSIST,tag_0,1.0,1.0,0,[1.0],"[""tag_0""]",1,"{""j1"": true, ""j2"": true, ""j3"": true, ""j4"": true, ""j5"": true, ""j6"": true, ""j7"": true, ""accel"": true, ""gyro"": true, ""imu2"": true}",25365.0,4462.0,1.0,0.1399583906686443,0.0,0
1.1813,grasp,-0.3395,0.3738,1.0928,0.0,0.0,0.0,1.0,0.0,1.0,0.0,1,-0.33794796483149714,0.3748880399831368,1.0916798300141162,-7.379776977234352e-06,1.3402945656243446e-06,3.54732713689354e-08,0.9999999999718706,-0.3395,0.3738,1.0928,0.7929,ASSIST,tag_0,1.0,1.0,0,[1.0],"[""tag_0""]",1,"{""j1"": true, ""j2"": true, ""j3"": true, ""j4"": true, ""j5"": true, ""j6"": true, ""j7"": true, ""accel"": true, ""gyro"": true, ""imu2"": true}",25366.0,4462.0,1.0,0.1399583906686443,0.0,0
1.1841,grasp,-0.3395,0.3738,1.0928,0.0,0.0,0.0,1.0,0.0,1.0,0.0,1,-0.33794796483149714,0.3748880399831368,1.0916798300141162,-7.379776977234352e-06,1.3402945656243446e-06,3.54732713689354e-08,0.9999999999718706,-0.3395,0.3738,1.0928,0.7929,ASSIST,tag_0,1.0,1.0,0,[1.0],"[""tag_0""]",1,"{""j1"": true, ""j2"": true, ""j3"": true, ""j4"": true, ""j5"": true, ""j6"": true, ""j7"": true, ""accel"": true, ""gyro"": true, ""imu2"": true}",25366.0,4462.0,1.0,0.1399583906686443,0.0,0
1.1848,grasp,-0.3395,0.3738,1.0928,0.0,0.0,0.0,1.0,0.0,1.0,0.0,1,-0.33794796483149714,0.3748880399831368,1.0916798300141162,-7.379776977234352e-06,1.3402945656243446e-06,3.54732713689354e-08,0.9999999999718706,-0.3395,0.3738,1.0928,0.7929,ASSIST,tag_0,1.0,1.0,0,[1.0],"[""tag_0""]",1,"{""j1"": true, ""j2"": true, ""j3"": true, ""j4"": true, ""j5"": true, ""j6"": true, ""j7"": true, ""accel"": true, ""gyro"": true, ""imu2"": true}",25366.0,4462.0,1.0,0.1399583906686443,0.0,0
1.1908,grasp,-0.3395,0.3738,1.0928,0.0,0.0,0.0,1.0,0.0,1.0,0.0,1,-0.33794796483149714,0.3748880399831368,1.0916798300141162,-7.379776977234352e-06,1.3402945656243446e-06,3.54732713689354e-08,0.9999999999718706,-0.3395,0.3738,1.0928,0.7929,ASSIST,tag_0,1.0,1.0,0,[1.0],"[""tag_0""]",1,"{""j1"": true, ""j2"": true, ""j3"": true, ""j4"": true, ""j5"": true, ""j6"": true, ""j7"": true, ""accel"": true, ""gyro"": true, ""imu2"": true}",25366.0,4462.0,1.0,0.1399583906686443,0.0,0
1.1945,grasp,-0.3395,0.3738,1.0928,0.0,0.0,0.0,1.0,0.0,1.0,0.0,1,-0.33794796483149714,0.3748880399831368,1.0916798300141162,-7.379776977234352e-06,1.3402945656243446e-06,3.54732713689354e-08,0.9999999999718706,-0.3395,0.3738,1.0928,0.7929,ASSIST,tag_0,1.0,1.0,0,[1.0],"[""tag_0""]",1,"{""j1"": true, ""j2"": true, ""j3"": true, ""j4"": true, ""j5"": true, ""j6"": true, ""j7"": true, ""accel"": true, ""gyro"": true, ""imu2"": true}",25366.0,4462.0,1.0,0.1399583906686443,0.0,0
1.1954,grasp,-0.3395,0.3738,1.0928,0.0,0.0,0.0,1.0,0.0,1.0,0.0,1,-0.33794796483149714,0.3748880399831368,1.0916798300141162,-7.379776977234352e-06,1.3402945656243446e-06,3.54732713689354e-08,0.9999999999718706,-0.3395,0.3738,1.0928,0.7929,ASSIST,tag_0,1.0,1.0,0,[1.0],"[""tag_0""]",1,"{""j1"": true, ""j2"": true, ""j3"": true, ""j4"": true, ""j5"": true, ""j6"": true, ""j7"": true, ""accel"": true, ""gyro"": true, ""imu2"": true}",25366.0,4462.0,1.0,0.1399583906686443,0.0,0
1.1977,grasp,-0.3395,0.3738,1.0928,0.0,0.0,0.0,1.0,0.0,1.0,0.0,1,-0.33794796483149714,0.3748880399831368,1.0916798300141162,-7.379776977234352e-06,1.3402945656243446e-06,3.54732713689354e-08,0.9999999999718706,-0.3395,0.3738,1.0928,0.7929,ASSIST,tag_0,1.0,1.0,0,[1.0],"[""tag_0""]",1,"{""j1"": true, ""j2"": true, ""j3"": true, ""j4"": true, ""j5"": true, ""j6"": true, ""j7"": true, ""accel"": true, ""gyro"": true, ""imu2"": true}",25366.0,4462.0,1.0,0.1399583906686443,0.0,0
1.1983,grasp,-0.3395,0.3738,1.0928,0.0,0.0,0.0,1.0,0.0,1.0,0.0,1,-0.33794796483149714,0.3748880399831368,1.0916798300141162,-7.379776977234352e-06,1.3402945656243446e-06,3.54732713689354e-08,0.9999999999718706,-0.3395,0.3738,1.0928,0.7929,ASSIST,tag_0,1.0,1.0,0,[1.0],"[""tag_0""]",1,"{""j1"": true, ""j2"": true, ""j3"": true, ""j4"": true, ""j5"": true, ""j6"": true, ""j7"": true, ""accel"": true, ""gyro"": true, ""imu2"": true}",25366.0,4462.0,1.0,0.1399583906686443,0.0,0
1.1985,grasp,-0.3395,0.3738,1.0928,0.0,0.0,0.0,1.0,0.0,1.0,0.0,1,-0.33794796483149714,0.3748880399831368,1.0916798300141162,-7.379776977234352e-06,1.3402945656243446e-06,3.54732713689354e-08,0.9999999999718706,-0.3395,0.3738,1.0928,0.7929,ASSIST,tag_0,1.0,1.0,0,[1.0],"[""tag_0""]",1,"{""j1"": true, ""j2"": true, ""j3"": true, ""j4"": true, ""j5"": true, ""j6"": true, ""j7"": true, ""accel"": true, ""gyro"": true, ""imu2"": true}",25366.0,4462.0,1.0,0.1399583906686443,0.0,0
1.2013,grasp,-0.3395,0.3738,1.0928,0.0,0.0,0.0,1.0,0.0,1.0,0.0,1,-0.33794796483149714,0.3748880399831368,1.0916798300141162,-7.379776977234352e-06,1.3402945656243446e-06,3.54732713689354e-08,0.9999999999718706,-0.3395,0.3738,1.0928,0.7929,ASSIST,tag_0,1.0,1.0,0,[1.0],"[""tag_0""]",1,"{""j1"": true, ""j2"": true, ""j3"": true, ""j4"": true, ""j5"": true, ""j6"": true, ""j7"": true, ""accel"": true, ""gyro"": true, ""imu2"": true}",25367.0,4462.0,1.0,0.1399583906686443,0.0,0
1.2036,grasp,-0.3395,0.3738,1.0928,0.0,0.0,0.0,1.0,0.0,1.0,0.0,1,-0.33794796483149714,0.3748880399831368,1.0916798300141162,-7.379776977234352e-06,1.3402945656243446e-06,3.54732713689354e-08,0.9999999999718706,-0.3395,0.3738,1.0928,0.7929,ASSIST,tag_0,1.0,1.0,0,[1.0],"[""tag_0""]",1,"{""j1"": true, ""j2"": true, ""j3"": true, ""j4"": true, ""j5"": true, ""j6"": true, ""j7"": true, ""accel"": true, ""gyro"": true, ""imu2"": true}",25367.0,4462.0,1.0,0.1399583906686443,0.0,0
1.2061,grasp,-0.3395,0.3738,1.0928,0.0,0.0,0.0,1.0,0.0,1.0,0.0,1,-0.3392272922291457,0.3739922410447092,1.092603479679284,-1.06221662543593e-06,1.6160353915051216e-06,-2.8058112588880135e-07,0.9999999999980906,-0.3395,0.3738,1.0928,0.7929,ASSIST,tag_0,1.0,1.0,0,[1.0],"[""tag_0""]",1,"{""j1"": true, ""j2"": true, ""j3"": true, ""j4"": true, ""j5"": true, ""j6"": true, ""j7"": true, ""accel"": true, ""gyro"": true, ""imu2"": true}",25367.0,4462.0,1.0,0.1399583906686443,0.0,0
1.212,grasp,-0.3395,0.3738,1.0928,0.0,0.0,0.0,1.0,0.0,1.0,0.0,1,-0.3392272922291457,0.3739922410447092,1.092603479679284,-1.06221662543593e-06,1.6160353915051216e-06,-2.8058112588880135e-07,0.9999999999980906,-0.3395,0.3738,1.0928,0.7929,ASSIST,tag_0,1.0,1.0,0,[1.0],"[""tag_0""]",1,"{""j1"": true, ""j2"": true, ""j3"": true, ""j4"": true, ""j5"": true, ""j6"": true, ""j7"": true, ""accel"": true, ""gyro"": true, ""imu2"": true}",25367.0,4462.0,1.0,0.1399583906686443,0.0,0
1.2137,grasp,-0.3395,0.3738,1.0928,0.0,0.0,0.0,1.0,0.0,1.0,0.0,1,-0.3392272922291457,0.3739922410447092,1.092603479679284,-1.06221662543593e-06,1.6160353915051216e-06,-2.8058112588880135e-07,0.9999999999980906,-0.3395,0.3738,1.0928,0.7929,ASSIST,tag_0,1.0,1.0,0,[1.0],"[""tag_0""]",1,"{""j1"": true, ""j2"": true, ""j3"": true, ""j4"": true, ""j5"": true, ""j6"": true, ""j7"": true, ""accel"": true, ""gyro"": true, ""imu2"": true}",25367.0,4462.0,1.0,0.1399583906686443,0.0,0
1.2143,grasp,-0.3395,0.3738,1.0928,0.0,0.0,0.0,1.0,0.0,1.0,0.0,1,-0.3392272922291457,0.3739922410447092,1.092603479679284,-1.06221662543593e-06,1.6160353915051216e-06,-2.8058112588880135e-07,0.9999999999980906,-0.3395,0.3738,1.0928,0.7929,ASSIST,tag_0,1.0,1.0,0,[1.0],"[""tag_0""]",1,"{""j1"": true, ""j2"": true, ""j3"": true, ""j4"": true, ""j5"": true, ""j6"": true, ""j7"": true, ""accel"": true, ""gyro"": true, ""imu2"": true}",25367.0,4462.0,1.0,0.1399583906686443,0.0,0
1.2182,grasp,-0.3395,0.3738,1.0928,0.0,0.0,0.0,1.0,0.0,1.0,0.0,1,-0.3392272922291457,0.3739922410447092,1.092603479679284,-1.06221662543593e-06,1.6160353915051216e-06,-2.8058112588880135e-07,0.9999999999980906,-0.3395,0.3738,1.0928,0.7929,ASSIST,tag_0,1.0,1.0,0,[1.0],"[""tag_0""]",1,"{""j1"": true, ""j2"": true, ""j3"": true, ""j4"": true, ""j5"": true, ""j6"": true, ""j7"": true, ""accel"": true, ""gyro"": true, ""imu2"": true}",25367.0,4462.0,1.0,0.1399583906686443,0.0,0
1.2189,grasp,-0.3395,0.3738,1.0928,0.0,0.0,0.0,1.0,0.0,1.0,0.0,1,-0.3392272922291457,0.3739922410447092,1.092603479679284,-1.06221662543593e-06,1.6160353915051216e-06,-2.8058112588880135e-07,0.9999999999980906,-0.3395,0.3738,1.0928,0.7929,ASSIST,tag_0,1.0,1.0,0,[1.0],"[""tag_0""]",1,"{""j1"": true, ""j2"": true, ""j3"": true, ""j4"": true, ""j5"": true, ""j6"": true, ""j7"": true, ""accel"": true, ""gyro"": true, ""imu2"": true}",25367.0,4462.0,1.0,0.1399583906686443,0.0,0
1.2191,grasp,-0.3395,0.3738,1.0928,0.0,0.0,0.0,1.0,0.0,1.0,0.0,1,-0.3392272922291457,0.3739922410447092,1.092603479679284,-1.06221662543593e-06,1.6160353915051216e-06,-2.8058112588880135e-07,0.9999999999980906,-0.3395,0.3738,1.0928,0.7929,ASSIST,tag_0,1.0,1.0,0,[1.0],"[""tag_0""]",1,"{""j1"": true, ""j2"": true, ""j3"": true, ""j4"": true, ""j5"": true, ""j6"": true, ""j7"": true, ""accel"": true, ""gyro"": true, ""imu2"": true}",25367.0,4462.0,1.0,0.1399583906686443,0.0,0
1.2215,grasp,-0.3395,0.3738,1.0928,0.0,0.0,0.0,1.0,0.0,1.0,0.0,1,-0.3392272922291457,0.3739922410447092,1.092603479679284,-1.06221662543593e-06,1.6160353915051216e-06,-2.8058112588880135e-07,0.9999999999980906,-0.3395,0.3738,1.0928,0.7929,ASSIST,tag_0,1.0,1.0,0,[1.0],"[""tag_0""]",1,"{""j1"": true, ""j2"": true, ""j3"": true, ""j4"": true, ""j5"": true, ""j6"": true, ""j7"": true, ""accel"": true, ""gyro"": true, ""imu2"": true}",25368.0,4462.0,1.0,0.14002618617814627,0.0,0
1.224,grasp,-0.3395,0.3738,1.0928,0.0,0.0,0.0,1.0,0.0,1.0,0.0,1,-0.3392272922291457,0.3739922410447092,1.092603479679284,-1.06221662543593e-06,1.6160353915051216e-06,-2.8058112588880135e-07,0.9999999999980906,-0.3395,0.3738,1.0928,0.7929,ASSIST,tag_0,1.0,1.0,0,[1.0],"[""tag_0""]",1,"{""j1"": true, ""j2"": true, ""j3"": true, ""j4"": true, ""j5"": true, ""j6"": true, ""j7"": true, ""accel"": true, ""gyro"": true, ""imu2"": true}",25368.0,4462.0,1.0,0.14002618617814627,0.0,0
1.2299,grasp,-0.3395,0.3738,1.0928,0.0,0.0,0.0,1.0,0.0,1.0,0.0,1,-0.3392272922291457,0.3739922410447092,1.092603479679284,-1.06221662543593e-06,1.6160353915051216e-06,-2.8058112588880135e-07,0.9999999999980906,-0.3395,0.3738,1.0928,0.7929,ASSIST,tag_0,1.0,1.0,0,[1.0],"[""tag_0""]",1,"{""j1"": true, ""j2"": true, ""j3"": true, ""j4"": true, ""j5"": true, ""j6"": true, ""j7"": true, ""accel"": true, ""gyro"": true, ""imu2"": true}",25368.0,4462.0,1.0,0.14002618617814627,0.0,0
1.234,grasp,-0.3395,0.3738,1.0928,0.0,0.0,0.0,1.0,0.0,1.0,0.0,1,-0.3392272922291457,0.3739922410447092,1.092603479679284,-1.06221662543593e-06,1.6160353915051216e-06,-2.8058112588880135e-07,0.9999999999980906,-0.3395,0.3738,1.0928,0.7929,ASSIST,tag_0,1.0,1.0,0,[1.0],"[""tag_0""]",1,"{""j1"": true, ""j2"": true, ""j3"": true, ""j4"": true, ""j5"": true, ""j6"": true, ""j7"": true, ""accel"": true, ""gyro"": true, ""imu2"": true}",25368.0,4462.0,1.0,0.14002618617814627,0.0,0
1.2348,grasp,-0.3395,0.3738,1.0928,0.0,0.0,0.0,1.0,0.0,1.0,0.0,1,-0.3392272922291457,0.3739922410447092,1.092603479679284,-1.06221662543593e-06,1.6160353915051216e-06,-2.8058112588880135e-07,0.9999999999980906,-0.3395,0.3738,1.0928,0.7929,ASSIST,tag_0,1.0,1.0,0,[1.0],"[""tag_0""]",1,"{""j1"": true, ""j2"": true, ""j3"": true, ""j4"": true, ""j5"": true, ""j6"": true, ""j7"": true, ""accel"": true, ""gyro"": true, ""imu2"": true}",25368.0,4462.0,1.0,0.14002618617814627,0.0,0
1.2354,grasp,-0.3395,0.3738,1.0928,0.0,0.0,0.0,1.0,0.0,1.0,0.0,1,-0.3392272922291457,0.3739922410447092,1.092603479679284,-1.06221662543593e-06,1.6160353915051216e-06,-2.8058112588880135e-07,0.9999999999980906,-0.3395,0.3738,1.0928,0.7929,ASSIST,tag_0,1.0,1.0,0,[1.0],"[""tag_0""]",1,"{""j1"": true, ""j2"": true, ""j3"": true, ""j4"": true, ""j5"": true, ""j6"": true, ""j7"": true, ""accel"": true, ""gyro"": true, ""imu2"": true}",25368.0,4462.0,1.0,0.14002618617814627,0.0,0
1.2378,grasp,-0.3395,0.3738,1.0928,0.0,0.0,0.0,1.0,0.0,1.0,0.0,1,-0.3392272922291457,0.3739922410447092,1.092603479679284,-1.06221662543593e-06,1.6160353915051216e-06,-2.8058112588880135e-07,0.9999999999980906,-0.3395,0.3738,1.0928,0.7929,ASSIST,tag_0,1.0,1.0,0,[1.0],"[""tag_0""]",1,"{""j1"": true, ""j2"": true, ""j3"": true, ""j4"": true, ""j5"": true, ""j6"": true, ""j7"": true, ""accel"": true, ""gyro"": true, ""imu2"": true}",25368.0,4462.0,1.0,0.14002618617814627,0.0,0
1.2383,grasp,-0.3395,0.3738,1.0928,0.0,0.0,0.0,1.0,0.0,1.0,0.0,1,-0.3392272922291457,0.3739922410447092,1.092603479679284,-1.06221662543593e-06,1.6160353915051216e-06,-2.8058112588880135e-07,0.9999999999980906,-0.3395,0.3738,1.0928,0.7929,ASSIST,tag_0,1.0,1.0,0,[1.0],"[""tag_0""]",1,"{""j1"": true, ""j2"": true, ""j3"": true, ""j4"": true, ""j5"": true, ""j6"": true, ""j7"": true, ""accel"": true, ""gyro"": true, ""imu2"": true}",25368.0,4462.0,1.0,0.14002618617814627,0.0,0
1.2385,grasp,-0.3395,0.3738,1.0928,0.0,0.0,0.0,1.0,0.0,1.0,0.0,1,-0.3392272922291457,0.3739922410447092,1.092603479679284,-1.06221662543593e-06,1.6160353915051216e-06,-2.8058112588880135e-07,0.9999999999980906,-0.3395,0.3738,1.0928,0.7929,ASSIST,tag_0,1.0,1.0,0,[1.0],"[""tag_0""]",1,"{""j1"": true, ""j2"": true, ""j3"": true, ""j4"": true, ""j5"": true, ""j6"": true, ""j7"": true, ""accel"": true, ""gyro"": true, ""imu2"": true}",25368.0,4462.0,1.0,0.14002618617814627,0.0,0
