t,segment,block,arm,rep,direction,speed,sample_index,l_j1,l_j2,l_j3,l_j4,l_j5,l_j6,l_j7,r_j1,r_j2,r_j3,r_j4,r_j5,r_j6,r_j7,l_ax,l_ay,l_az,l_gx,l_gy,l_gz,r_ax,r_ay,r_az,r_gx,r_gy,r_gz,fsr1,fsr2,btn1,btn2,left_cmd_x,left_cmd_y,left_cmd_z,right_cmd_x,right_cmd_y,right_cmd_z,left_cmd_qx,left_cmd_qy,left_cmd_qz,left_cmd_qw,right_cmd_qx,right_cmd_qy,right_cmd_qz,right_cmd_qw,left_ee_x,left_ee_y,left_ee_z,right_ee_x,right_ee_y,right_ee_z,left_joint_1,left_joint_2,left_joint_3,left_joint_4,left_joint_5,left_joint_6,left_joint_7,right_joint_1,right_joint_2,right_joint_3,right_joint_4,right_joint_5,right_joint_6,right_joint_7,left_clutch,right_clutch,left_scale,right_scale,left_frame_valid,right_frame_valid,left_n_dropouts,right_n_dropouts,left_data_age_s,right_data_age_s,position_mode,orientation_mode,left_channels_live,right_channels_live,left_ik_success,right_ik_success,left_ik_fail,right_ik_fail,left_guard_direct,right_guard_direct,left_guard_slewed,right_guard_slewed,left_guard_rejected,right_guard_rejected,left_min_clearance,right_min_clearance,estop
1786017693.5219,A_left_j1,A,left,0,,,0,176.2000,344.2000,167.2000,353.7000,0.0000,0.0000,354.8000,337.2000,23.6000,0.0000,154.4000,0.0000,10.3000,0.0000,-0.87400,0.02400,0.37500,2.64000,1.79000,1.66000,-0.91200,0.06400,0.30500,-0.99000,0.25000,-0.80000,13.1,1.3,0.0,2.0,0.719011,0.257602,1.317829,-0.672256,0.289421,1.195476,-0.089600,0.486000,0.869300,0.003200,0.133500,0.542300,0.828800,0.034500,0.718624,0.257473,1.317638,-0.672256,0.289419,1.195474,-1.929375,-1.181639,-1.504111,-1.463845,-2.999071,0.151412,0.794829,-1.048589,1.402956,1.593677,1.311824,-0.836513,0.373802,2.808045,1,1,1.0000,1.0000,1,1,0,0,0.0000,0.0000,,,,,451,406,4,3,451,406,0,0,0,0,0.55658,0.49208,0
1786017693.5443,A_left_j1,A,left,0,,,1,176.2000,344.2000,167.2000,353.7000,0.0000,0.0000,354.8000,337.2000,23.6000,0.0000,154.4000,0.0000,10.3000,0.0000,-0.87400,0.02400,0.37500,2.64000,1.79000,1.66000,-0.91200,0.06400,0.30500,-0.99000,0.25000,-0.80000,13.4,1.8,0.0,0.0,0.719011,0.257602,1.317829,-0.672256,0.289421,1.195476,-0.089600,0.486000,0.869300,0.003200,0.133500,0.542300,0.828800,0.034500,0.718624,0.257473,1.317638,-0.672256,0.289419,1.195474,-1.929481,-1.181523,-1.504100,-1.463530,-2.999121,0.151644,0.794759,-1.048589,1.402956,1.593677,1.311824,-0.836513,0.373802,2.808045,1,1,1.0000,1.0000,1,1,0,0,0.0000,0.0000,,,,,119943,406,45,3,119663,406,280,0,0,0,0.55658,0.49208,0
1786017693.5667,A_left_j1,A,left,0,,,2,176.2000,344.2000,167.2000,353.7000,0.0000,0.0000,354.8000,337.2000,23.6000,0.0000,154.4000,0.0000,10.3000,0.0000,-0.87400,0.02400,0.37500,2.64000,1.79000,1.66000,-0.91200,0.06400,0.30500,-0.99000,0.25000,-0.80000,13.0,1.9,0.0,0.0,0.719011,0.257602,1.317829,-0.672256,0.289421,1.195476,-0.089600,0.486000,0.869300,0.003200,0.133500,0.542300,0.828800,0.034500,0.718624,0.257473,1.317638,-0.672256,0.289419,1.195474,-1.929560,-1.181424,-1.504097,-1.463273,-2.999164,0.151835,0.794701,-1.049429,1.408962,1.582507,1.323380,-0.841604,0.357390,2.809427,1,1,1.0000,1.0000,1,1,0,0,0.0000,0.0000,,,,,451,406,4,3,451,406,0,0,0,0,0.55658,0.49208,0
1786017693.5842,A_left_j1,A,left,0,,,3,176.2000,344.2000,167.2000,353.7000,0.0000,0.0000,354.8000,337.2000,23.6000,0.0000,154.4000,0.0000,10.3000,0.0000,-0.87400,0.02400,0.37500,2.64000,1.79000,1.66000,-0.91200,0.06400,0.30500,-0.99000,0.25000,-0.80000,13.0,1.6,0.0,0.0,0.719011,0.257602,1.317829,-0.672256,0.289421,1.195476,-0.089600,0.486000,0.869300,0.003200,0.133500,0.542300,0.828800,0.034500,0.718624,0.257473,1.317638,-0.672256,0.289419,1.195474,-1.929560,-1.181424,-1.504097,-1.463273,-2.999164,0.151835,0.794701,-1.049429,1.408962,1.582507,1.323380,-0.841604,0.357390,2.809427,1,1,1.0000,1.0000,1,1,0,0,0.0000,0.0000,,,,,451,406,4,3,451,406,0,0,0,0,0.55658,0.49208,0
1786017693.6140,A_left_j1,A,left,0,,,4,176.2000,344.2000,167.2000,353.7000,0.0000,0.0000,354.8000,337.2000,23.6000,0.0000,154.4000,0.0000,10.3000,0.0000,-0.87400,0.02400,0.37500,2.64000,1.79000,1.66000,-0.91200,0.06400,0.30500,-0.99000,0.25000,-0.80000,13.5,1.8,0.0,0.0,0.719011,0.257602,1.317829,-0.672256,0.289421,1.195476,-0.089600,0.486000,0.869300,0.003200,0.133500,0.542300,0.828800,0.034500,0.718624,0.257473,1.317638,-0.672256,0.289419,1.195474,-1.929569,-1.180925,-1.503365,-1.463282,-3.004123,0.151778,0.799138,-1.051189,1.424276,1.560174,1.349610,-0.859037,0.322150,2.816326,1,1,1.0000,1.0000,1,1,0,0,0.0000,0.0000,,,,,451,406,4,3,451,406,0,0,0,0,0.55658,0.49208,0
1786017693.6250,A_left_j1,A,left,0,,,5,176.2000,344.2000,167.2000,353.7000,0.0000,0.0000,354.8000,337.2000,23.6000,0.0000,154.4000,0.0000,10.3000,0.0000,-0.87400,0.02400,0.37500,2.64000,1.79000,1.66000,-0.91200,0.06400,0.30500,-0.99000,0.25000,-0.80000,13.8,2.0,0.0,0.0,0.719011,0.257602,1.317829,-0.672256,0.289421,1.195476,-0.089600,0.486000,0.869300,0.003200,0.133500,0.542300,0.828800,0.034500,0.718624,0.257473,1.317638,-0.672256,0.289419,1.195474,-1.929373,-1.181092,-1.503298,-1.463892,-3.004574,0.151311,0.799759,-1.050276,1.427958,1.572648,1.346033,-0.875797,0.333035,2.827435,1,1,1.0000,1.0000,1,1,0,0,0.0000,0.0000,,,,,451,406,4,3,451,406,0,0,0,0,0.55658,0.49208,0
1786017693.6483,A_left_j1,A,left,0,,,6,176.2000,344.2000,167.2000,353.7000,0.0000,0.0000,354.8000,337.2000,23.6000,0.0000,154.4000,0.0000,10.3000,0.0000,-0.87400,0.02400,0.37500,2.64000,1.79000,1.66000,-0.91200,0.06400,0.30500,-0.99000,0.25000,-0.80000,13.3,1.6,0.0,0.0,0.719011,0.257602,1.317829,-0.672256,0.289421,1.195476,-0.089600,0.486000,0.869300,0.003200,0.133500,0.542300,0.828800,0.034500,0.718624,0.257473,1.317638,-0.672256,0.289419,1.195474,-1.929250,-1.181197,-1.503256,-1.464274,-3.004857,0.151018,0.800148,-1.050023,1.423285,1.576157,1.340081,-0.868370,0.340092,2.823829,1,1,1.0000,1.0000,1,1,0,0,0.0000,0.0000,,,,,119943,116909,45,31,119663,116876,280,32,0,1,0.55658,0.49208,0
1786017693.6638,A_left_j1,A,left,0,,,7,176.2000,344.2000,167.2000,353.7000,0.0000,0.0000,354.8000,337.2000,23.6000,0.0000,154.4000,0.0000,10.3000,0.0000,-0.87400,0.02400,0.37500,2.64000,1.79000,1.66000,-0.91200,0.06400,0.30500,-0.99000,0.25000,-0.80000,13.0,1.9,0.0,0.0,0.719011,0.257602,1.317829,-0.672256,0.289421,1.195476,-0.089600,0.486000,0.869300,0.003200,0.133500,0.542300,0.828800,0.034500,0.718624,0.257473,1.317638,-0.672256,0.289419,1.195474,-1.929240,-1.181321,-1.503428,-1.464296,-3.003696,0.151019,0.799117,-1.049698,1.417279,1.580666,1.332431,-0.858823,0.349162,2.819196,1,1,1.0000,1.0000,1,1,0,0,0.0000,0.0000,,,,,119943,116909,45,31,119663,116876,280,32,0,1,0.55658,0.49208,0
1786017693.6827,A_left_j1,A,left,0,,,8,176.3000,3442.0000,67.0000,353.7000,0.0000,0.0000,355.0000,337.3000,24.0000,0.0000,154.2000,0.0000,109.3000,0.0000,-0.87000,0.02800,0.37700,2.47000,1.64000,1.61000,-0.91900,0.06600,0.30600,-1.33000,0.02000,-0.80000,13.0,1.9,0.0,0.0,0.718922,0.257600,1.317680,-0.592054,0.288683,1.195418,-0.089600,0.486000,0.869300,0.003200,0.133500,0.542300,0.828800,0.034500,0.718624,0.257473,1.317638,-0.672256,0.289419,1.195474,-1.929230,-1.181679,-1.503953,-1.464300,-3.000148,0.151067,0.795945,-1.048941,1.410825,1.586071,1.323020,-0.848252,0.359883,2.813711,0,1,1.0000,1.0000,1,1,0,0,0.0000,0.0000,,,,,452,406,4,3,452,406,0,0,0,0,0.55627,0.49208,0
1786017693.7040,A_left_j1,A,left,0,,,9,176.3000,3442.0000,67.0000,353.7000,0.0000,0.0000,355.0000,337.3000,24.0000,0.0000,154.2000,0.0000,109.3000,0.0000,-0.87000,0.02800,0.37700,2.47000,1.64000,1.61000,-0.91900,0.06600,0.30600,-1.33000,0.02000,-0.80000,13.0,1.9,0.0,0.0,0.718922,0.257600,1.317680,-0.592054,0.288683,1.195418,-0.089600,0.486000,0.869300,0.003200,0.133500,0.542300,0.828800,0.034500,0.718624,0.257473,1.317638,-0.672256,0.289419,1.195474,-1.929226,-1.181796,-1.504124,-1.464302,-2.998990,0.151083,0.794909,-1.047036,1.402664,1.593125,1.309050,-0.833492,0.374474,2.805143,0,1,1.0000,1.0000,1,1,0,0,0.0000,0.0000,,,,,119944,116910,45,31,119664,116877,280,32,0,1,0.55627,0.49995,0
1786017693.7358,A_left_j1,A,left,0,,,10,176.3000,3442.0000,67.0000,353.7000,0.0000,0.0000,355.0000,337.3000,24.0000,0.0000,154.2000,0.0000,109.3000,0.0000,-0.87000,0.02800,0.37700,2.47000,1.64000,1.61000,-0.91900,0.06600,0.30600,-1.33000,0.02000,-0.80000,13.0,1.9,0.0,0.0,0.718922,0.257600,1.317680,-0.592054,0.288683,1.195418,-0.089600,0.486000,0.869300,0.003200,0.133500,0.542300,0.828800,0.034500,0.718624,0.257473,1.317638,-0.672256,0.289419,1.195474,-1.929226,-1.181796,-1.504124,-1.464302,-2.998990,0.151083,0.794909,-1.047026,1.402622,1.593162,1.308978,-0.833417,0.374548,2.805099,0,1,1.0000,1.0000,1,1,0,0,0.0000,0.0000,,,,,452,407,4,3,452,407,0,0,0,0,0.55627,0.49995,0
1786017693.7468,A_left_j1,A,left,0,,,11,176.3000,3442.0000,67.0000,353.7000,0.0000,0.0000,355.0000,337.3000,24.0000,0.0000,154.2000,0.0000,109.3000,0.0000,-0.87000,0.02800,0.37700,2.47000,1.64000,1.61000,-0.91900,0.06600,0.30600,-1.33000,0.02000,-0.80000,13.0,1.9,0.0,0.0,0.718922,0.257600,1.317680,-0.592054,0.288683,1.195418,-0.089600,0.486000,0.869300,0.003200,0.133500,0.542300,0.828800,0.034500,0.718779,0.257539,1.317660,-0.669633,0.289620,1.195359,-1.929226,-1.181796,-1.504124,-1.464302,-2.998990,0.151083,0.794909,-1.047026,1.402622,1.593162,1.308978,-0.833417,0.374548,2.805099,0,1,1.0000,1.0000,1,1,0,0,0.0000,0.0000,,,,,452,116910,4,31,452,116877,0,32,0,1,0.55627,0.49995,0
1786017693.7740,A_left_j1,A,left,0,,,12,176.3000,3442.0000,67.0000,353.7000,0.0000,0.0000,355.0000,337.3000,24.0000,0.0000,154.2000,0.0000,109.3000,0.0000,-0.87000,0.02800,0.37700,2.47000,1.64000,1.61000,-0.91900,0.06600,0.30600,-1.33000,0.02000,-0.80000,13.0,1.9,0.0,0.0,0.718922,0.257600,1.317680,-0.592054,0.288683,1.195418,-0.089600,0.486000,0.869300,0.003200,0.133500,0.542300,0.828800,0.034500,0.718779,0.257539,1.317660,-0.669633,0.289620,1.195359,-1.929226,-1.181796,-1.504124,-1.464302,-2.998990,0.151083,0.794909,-1.047026,1.402622,1.593162,1.308978,-0.833417,0.374548,2.805099,0,1,1.0000,1.0000,1,1,0,0,0.0000,0.0000,,,,,119944,116910,45,31,119664,116877,280,32,0,1,0.55627,0.49995,0
1786017693.7832,A_left_j1,A,left,0,,,13,176.3000,3442.0000,67.0000,353.7000,0.0000,0.0000,355.0000,337.3000,24.0000,0.0000,154.2000,0.0000,109.3000,0.0000,-0.87000,0.02800,0.37700,2.47000,1.64000,1.61000,-0.91900,0.06600,0.30600,-1.33000,0.02000,-0.80000,13.0,1.9,0.0,0.0,0.718922,0.257600,1.317680,-0.592054,0.288683,1.195418,-0.089600,0.486000,0.869300,0.003200,0.133500,0.542300,0.828800,0.034500,0.718779,0.257539,1.317660,-0.669633,0.289620,1.195359,-1.929226,-1.181796,-1.504124,-1.464302,-2.998990,0.151083,0.794909,-1.047026,1.402622,1.593162,1.308978,-0.833417,0.374548,2.805099,0,1,1.0000,1.0000,1,1,0,0,0.0000,0.0000,,,,,452,407,4,3,452,407,0,0,0,0,0.55627,0.49995,0
1786017693.8058,A_left_j1,A,left,0,,,14,176.3000,3442.0000,67.0000,353.7000,0.0000,0.0000,355.0000,337.3000,24.0000,0.0000,154.2000,0.0000,109.3000,0.0000,-0.87000,0.02800,0.37700,2.47000,1.64000,1.61000,-0.91900,0.06600,0.30600,-1.33000,0.02000,-0.80000,13.2,1.4,0.0,0.0,0.718922,0.257600,1.317680,-0.592054,0.288683,1.195418,-0.089600,0.486000,0.869300,0.003200,0.133500,0.542300,0.828800,0.034500,0.718922,0.257600,1.317680,-0.652000,0.290577,1.194781,-1.929226,-1.181796,-1.504124,-1.464302,-2.998990,0.151083,0.794909,-1.047026,1.402622,1.593162,1.308978,-0.833417,0.374548,2.805099,0,1,1.0000,1.0000,1,1,0,0,0.0000,0.0000,,,,,119944,116910,45,31,119664,116877,280,32,0,1,0.55627,0.49995,0
1786017693.8237,A_left_j1,A,left,0,,,15,176.3000,3442.0000,67.0000,353.7000,0.0000,0.0000,355.0000,337.3000,24.0000,0.0000,154.2000,0.0000,109.3000,0.0000,-0.87000,0.02800,0.37700,2.47000,1.64000,1.61000,-0.91900,0.06600,0.30600,-1.33000,0.02000,-0.80000,13.2,1.4,0.0,0.0,0.718922,0.257600,1.317680,-0.592054,0.288683,1.195418,-0.089600,0.486000,0.869300,0.003200,0.133500,0.542300,0.828800,0.034500,0.718922,0.257600,1.317680,-0.652000,0.290577,1.194781,-1.929226,-1.181796,-1.504124,-1.464302,-2.998990,0.151083,0.794909,-1.047026,1.402622,1.593162,1.308978,-0.833417,0.374548,2.805099,0,1,1.0000,1.0000,1,1,0,0,0.0000,0.0000,,,,,119944,116910,45,31,119664,116877,280,32,0,1,0.55627,0.49995,0
1786017693.8433,A_left_j1,A,left,0,,,16,176.3000,3442.0000,67.0000,353.7000,0.0000,0.0000,355.0000,337.3000,24.0000,0.0000,154.2000,0.0000,109.3000,0.0000,-0.87000,0.02800,0.37700,2.47000,1.64000,1.61000,-0.91900,0.06600,0.30600,-1.33000,0.02000,-0.80000,13.2,1.4,0.0,0.0,0.718922,0.257600,1.317680,-0.592054,0.288683,1.195418,-0.089600,0.486000,0.869300,0.003200,0.133500,0.542300,0.828800,0.034500,0.718922,0.257600,1.317680,-0.652000,0.290577,1.194781,-1.929226,-1.181796,-1.504124,-1.464302,-2.998990,0.151083,0.794909,-1.047026,1.402622,1.593162,1.308978,-0.833417,0.374548,2.805099,0,1,1.0000,1.0000,1,1,0,0,0.0000,0.0000,,,,,119944,116910,45,31,119664,116877,280,32,0,1,0.55627,0.49995,0
1786017693.8664,A_left_j1,A,left,0,,,17,176.3000,3442.0000,67.0000,353.7000,0.0000,0.0000,355.0000,337.3000,24.0000,0.0000,154.2000,0.0000,109.3000,0.0000,-0.87000,0.02800,0.37700,2.47000,1.64000,1.61000,-0.91900,0.06600,0.30600,-1.33000,0.02000,-0.80000,13.2,1.4,0.0,0.0,0.718922,0.257600,1.317680,-0.592054,0.288683,1.195418,-0.089600,0.486000,0.869300,0.003200,0.133500,0.542300,0.828800,0.034500,0.718922,0.257600,1.317680,-0.634238,0.290850,1.194546,-1.929226,-1.181796,-1.504124,-1.464302,-2.998990,0.151083,0.794909,-1.047026,1.402622,1.593162,1.308978,-0.833417,0.374548,2.805099,0,1,1.0000,1.0000,1,1,0,0,0.0000,0.0000,,,,,119944,116910,45,31,119664,116877,280,32,0,1,0.55627,0.49995,0
1786017693.8864,A_left_j1,A,left,0,,,18,176.3000,3442.0000,67.0000,353.7000,0.0000,0.0000,355.0000,337.3000,24.0000,0.0000,154.2000,0.0000,109.3000,0.0000,-0.87000,0.02800,0.37700,2.47000,1.64000,1.61000,-0.91900,0.06600,0.30600,-1.33000,0.02000,-0.80000,13.2,1.4,0.0,0.0,0.718922,0.257600,1.317680,-0.592054,0.288683,1.195418,-0.089600,0.486000,0.869300,0.003200,0.133500,0.542300,0.828800,0.034500,0.718922,0.257600,1.317680,-0.634238,0.290850,1.194546,-1.929226,-1.181796,-1.504124,-1.464302,-2.998990,0.151083,0.794909,-1.047026,1.402622,1.593162,1.308978,-0.833417,0.374548,2.805099,0,1,1.0000,1.0000,1,1,0,0,0.0000,0.0000,,,,,452,116910,4,31,452,116877,0,32,0,1,0.55627,0.49995,0
1786017693.9033,A_left_j1,A,left,0,,,19,176.3000,3442.0000,67.0000,353.7000,0.0000,0.0000,355.0000,337.3000,24.0000,0.0000,154.2000,0.0000,109.3000,0.0000,-0.87000,0.02800,0.37700,2.47000,1.64000,1.61000,-0.91900,0.06600,0.30600,-1.33000,0.02000,-0.80000,13.2,1.4,0.0,0.0,0.718922,0.257600,1.317680,-0.592054,0.288683,1.195418,-0.089600,0.486000,0.869300,0.003200,0.133500,0.542300,0.828800,0.034500,0.718922,0.257600,1.317680,-0.634238,0.290850,1.194546,-1.929226,-1.181796,-1.504124,-1.464302,-2.998990,0.151083,0.794909,-1.047026,1.402622,1.593162,1.308978,-0.833417,0.374548,2.805099,0,1,1.0000,1.0000,1,1,0,0,0.0000,0.0000,,,,,119944,116910,45,31,119664,116877,280,32,0,1,0.55627,0.49995,0
1786017693.9320,A_left_j1,A,left,0,,,20,176.3000,3442.0000,67.0000,353.7000,0.0000,0.0000,355.0000,337.3000,24.0000,0.0000,154.2000,0.0000,109.3000,0.0000,-0.87000,0.02800,0.37700,2.47000,1.64000,1.61000,-0.91900,0.06600,0.30600,-1.33000,0.02000,-0.80000,13.2,1.4,0.0,0.0,0.718922,0.257600,1.317680,-0.592054,0.288683,1.195418,-0.089600,0.486000,0.869300,0.003200,0.133500,0.542300,0.828800,0.034500,0.718922,0.257600,1.317680,-0.616501,0.290426,1.194665,-1.929407,-1.181602,-1.504108,-1.463755,-2.999070,0.151483,0.794789,-1.047393,1.404795,1.589098,1.313277,-0.835251,0.368548,2.805601,0,1,1.0000,1.0000,1,1,0,0,0.0000,0.0000,,,,,452,407,4,3,452,407,0,0,0,0,0.55627,0.49995,0
1786017693.9427,A_left_j1,A,left,0,,,21,176.3000,3442.0000,67.0000,353.7000,0.0000,0.0000,355.0000,337.3000,24.0000,0.0000,154.2000,0.0000,109.3000,0.0000,-0.87000,0.02800,0.37700,2.47000,1.64000,1.61000,-0.91900,0.06600,0.30600,-1.33000,0.02000,-0.80000,13.2,1.4,0.0,0.0,0.718922,0.257600,1.317680,-0.592054,0.288683,1.195418,-0.089600,0.486000,0.869300,0.003200,0.133500,0.542300,0.828800,0.034500,0.718922,0.257600,1.317680,-0.616501,0.290426,1.194665,-1.929467,-1.181537,-1.504103,-1.463573,-2.999097,0.151615,0.794749,-1.047749,1.406898,1.585167,1.317436,-0.837025,0.362744,2.806087,0,1,1.0000,1.0000,1,1,0,0,0.0000,0.0000,,,,,452,407,4,3,452,407,0,0,0,0,0.55627,0.49995,0
1786017693.9638,A_left_j1,A,left,0,,,22,176.3000,3442.0000,67.0000,353.7000,0.0000,0.0000,355.0000,337.3000,24.0000,0.0000,154.2000,0.0000,109.3000,0.0000,-0.87000,0.02800,0.37700,2.47000,1.64000,1.61000,-0.91900,0.06600,0.30600,-1.33000,0.02000,-0.80000,13.2,1.4,0.0,0.0,0.718922,0.257600,1.317680,-0.592054,0.288683,1.195418,-0.089600,0.486000,0.869300,0.003200,0.133500,0.542300,0.828800,0.034500,0.718922,0.257600,1.317680,-0.616501,0.290426,1.194665,-1.929574,-1.181422,-1.504094,-1.463250,-2.999144,0.151851,0.794678,-1.049140,1.415129,1.569774,1.333719,-0.843971,0.340017,2.807991,0,1,1.0000,1.0000,1,1,0,0,0.0000,0.0000,,,,,119944,116910,45,31,119664,116877,280,32,0,1,0.55627,0.49995,0
1786017693.9866,A_left_j1,A,left,0,,,23,176.3000,3442.0000,67.0000,353.7000,0.0000,0.0000,355.0000,337.3000,24.0000,0.0000,154.2000,0.0000,109.3000,0.0000,-0.87000,0.02800,0.37700,2.47000,1.64000,1.61000,-0.91900,0.06600,0.30600,-1.33000,0.02000,-0.80000,13.2,1.4,0.0,0.0,0.718922,0.257600,1.317680,-0.592054,0.288683,1.195418,-0.089600,0.486000,0.869300,0.003200,0.133500,0.542300,0.828800,0.034500,0.718922,0.257600,1.317680,-0.616501,0.290426,1.194665,-1.929574,-1.181422,-1.504094,-1.463250,-2.999144,0.151851,0.794678,-1.050923,1.425678,1.550047,1.354587,-0.852874,0.310893,2.810430,0,1,1.0000,1.0000,1,1,0,0,0.0000,0.0000,,,,,452,407,4,3,452,407,0,0,0,0,0.55627,0.49995,0
1786017694.0128,A_left_j1,A,left,0,,,24,176.4000,344.1000,167.1000,353.6000,0.0000,0.0000,354.8000,337.3000,24.2000,0.0000,154.5000,0.0000,109.3000,0.0000,-0.86800,0.02300,0.37900,2.26000,1.47000,1.76000,-0.92300,0.05900,0.30700,-1.46000,-0.06000,-1.05000,14.6,1.5,0.0,0.0,0.718922,0.257600,1.317680,-0.591679,0.288696,1.195542,-0.089600,0.486000,0.869300,0.003200,0.133500,0.542300,0.828800,0.034500,0.718922,0.257600,1.317680,-0.598574,0.289282,1.195151,-1.929574,-1.181422,-1.504094,-1.463250,-2.999144,0.151851,0.794678,-1.051629,1.429857,1.542232,1.362854,-0.856400,0.299354,2.811396,0,1,1.0000,1.0000,1,1,0,0,0.0000,0.0000,,,,,452,407,4,3,452,407,0,0,0,0,0.55627,0.49995,0
1786017694.0492,A_left_j1,A,left,0,,,25,176.4000,344.1000,167.1000,353.5000,0.0000,0.0000,354.9000,337.4000,24.0000,0.0000,154.5000,0.0000,109.3000,0.0000,-0.86500,0.01800,0.38400,2.56000,1.44000,1.82000,-0.91700,0.06400,0.30300,-1.34000,-0.26000,-0.98000,13.3,1.2,0.0,0.0,0.718454,0.257420,1.317435,-0.671807,0.288788,1.195510,-0.089600,0.486000,0.869300,0.003200,0.133500,0.542300,0.828800,0.034500,0.718922,0.257600,1.317680,-0.598574,0.289282,1.195151,-1.929574,-1.181422,-1.504094,-1.463250,-2.999144,0.151851,0.794678,-1.052693,1.436153,1.530458,1.375310,-0.861714,0.281971,2.812852,1,1,1.0000,1.0000,1,1,0,0,0.0000,0.0000,,,,,119945,116910,45,31,119665,116877,280,32,0,1,0.55658,0.49995,0
1786017694.0511,A_left_j1,A,left,0,,,26,176.4000,344.1000,167.1000,353.5000,0.0000,0.0000,354.9000,337.4000,24.0000,0.0000,154.5000,0.0000,109.3000,0.0000,-0.86500,0.01800,0.38400,2.56000,1.44000,1.82000,-0.91700,0.06400,0.30300,-1.34000,-0.26000,-0.98000,13.3,1.2,0.0,0.0,0.718454,0.257420,1.317435,-0.671807,0.288788,1.195510,-0.089600,0.486000,0.869300,0.003200,0.133500,0.542300,0.828800,0.034500,0.718922,0.257600,1.317680,-0.598574,0.289282,1.195151,-1.929574,-1.181422,-1.504094,-1.463250,-2.999144,0.151851,0.794678,-1.052693,1.436153,1.530458,1.375310,-0.861714,0.281971,2.812852,1,1,1.0000,1.0000,1,1,0,0,0.0000,0.0000,,,,,119945,116910,45,31,119665,116877,280,32,0,1,0.55658,0.49995,0
1786017694.0726,A_left_j1,A,left,0,,,27,176.4000,344.1000,167.1000,353.5000,0.0000,0.0000,354.9000,337.4000,24.0000,0.0000,154.5000,0.0000,109.3000,0.0000,-0.86300,0.02100,0.37800,2.32000,1.40000,1.70000,-0.91700,0.06400,0.30300,-1.34000,-0.26000,-0.98000,13.1,2.8,0.0,0.0,0.718463,0.257429,1.317365,-0.671807,0.288788,1.195510,-0.089600,0.486000,0.869300,0.003200,0.133500,0.542300,0.828800,0.034500,0.718869,0.257575,1.317659,-0.591842,0.288691,1.195489,-1.929574,-1.181422,-1.504094,-1.463250,-2.999144,0.151851,0.794678,-1.053415,1.440424,1.522473,1.383757,-0.865318,0.270181,2.813839,1,1,1.0000,1.0000,1,1,0,0,0.0000,0.0000,,,,,119945,116911,45,31,119665,116878,280,32,0,1,0.55658,0.45200,0
1786017694.0850,A_left_j1,A,left,0,,,28,176.4000,344.1000,167.1000,353.5000,0.0000,0.0000,354.9000,337.4000,24.0000,0.0000,154.5000,0.0000,109.3000,0.0000,-0.86300,0.02100,0.37800,2.32000,1.40000,1.70000,-0.91700,0.06400,0.30300,-1.34000,-0.26000,-0.98000,13.3,2.9,0.0,0.0,0.718463,0.257429,1.317365,-0.671717,0.288839,1.195537,-0.089600,0.486000,0.869300,0.003200,0.133500,0.542300,0.828800,0.034500,0.718869,0.257575,1.317659,-0.591842,0.288691,1.195489,-1.929574,-1.181422,-1.504094,-1.463250,-2.999144,0.151851,0.794678,-1.053759,1.442458,1.518668,1.387782,-0.867035,0.264563,2.814309,1,1,1.0000,1.0000,1,1,0,0,0.0000,0.0000,,,,,453,408,4,3,453,408,0,0,0,0,0.55658,0.45200,0
1786017694.1106,A_left_j1,A,left,0,,,29,176.4000,344.1000,167.1000,353.6000,0.0000,0.0000,354.9000,337.3000,24.0000,0.0000,154.5000,0.0000,109.3000,0.0000,-0.87000,0.02000,0.37200,2.56000,1.26000,2.05000,-0.91100,0.06100,0.30200,-1.37000,-0.58000,-0.95000,12.9,2.0,0.0,0.0,0.718655,0.257515,1.317429,-0.671677,0.288829,1.195548,-0.089600,0.486000,0.869300,0.003200,0.133500,0.542300,0.828800,0.034500,0.718869,0.257575,1.317659,-0.591842,0.288691,1.195489,-1.929574,-1.181422,-1.504094,-1.463250,-2.999144,0.151851,0.794678,-1.054828,1.448783,1.506840,1.400295,-0.872372,0.247100,2.815772,1,1,1.0000,1.0000,1,1,0,0,0.0000,0.0000,,,,,119947,408,45,3,119667,408,280,0,0,0,0.55658,0.45200,0
1786017694.1244,A_left_j1,A,left,0,,,30,176.4000,344.1000,167.1000,353.6000,0.0000,0.0000,354.9000,337.3000,24.0000,0.0000,154.5000,0.0000,109.3000,0.0000,-0.87000,0.02000,0.37200,2.56000,1.26000,2.05000,-0.91100,0.06100,0.30200,-1.37000,-0.58000,-0.95000,12.9,2.0,0.0,0.0,0.718922,0.257600,1.317680,-0.671677,0.288829,1.195548,-0.089600,0.486000,0.869300,0.003200,0.133500,0.542300,0.828800,0.034500,0.718869,0.257575,1.317659,-0.591842,0.288691,1.195489,-1.929574,-1.181422,-1.504094,-1.463250,-2.999144,0.151851,0.794678,-1.055546,1.453033,1.498893,1.408702,-0.875959,0.235366,2.816754,1,1,1.0000,1.0000,1,1,0,0,0.0000,0.0000,,,,,455,116912,4,31,455,116879,0,32,0,1,0.55653,0.45200,0
1786017694.1487,A_left_j1,A,left,0,,,31,176.4000,344.1000,167.1000,353.6000,0.0000,0.0000,354.9000,337.3000,24.0000,0.0000,154.5000,0.0000,109.3000,0.0000,-0.86100,0.02700,0.38500,2.27000,1.24000,1.69000,-0.91100,0.06100,0.30200,-1.37000,-0.58000,-0.95000,12.9,2.0,0.0,0.0,0.718922,0.257600,1.317680,-0.671677,0.288829,1.195548,-0.089600,0.486000,0.869300,0.003200,0.133500,0.542300,0.828800,0.034500,0.718646,0.257489,1.317525,-0.609779,0.289942,1.194848,-1.929574,-1.181422,-1.504094,-1.463250,-2.999144,0.151851,0.794678,-1.056602,1.459281,1.487210,1.421060,-0.881231,0.218118,2.818199,0,1,1.0000,1.0000,1,1,0,0,0.0000,0.0000,,,,,456,409,4,3,456,409,0,0,0,0,0.55653,0.44536,0
1786017694.1634,A_left_j1,A,left,0,,,32,176.4000,344.1000,167.1000,353.6000,0.0000,0.0000,354.9000,337.3000,24.0000,0.0000,154.5000,0.0000,109.3000,0.0000,-0.86100,0.02700,0.38500,2.27000,1.24000,1.69000,-0.91100,0.06100,0.30200,-1.37000,-0.58000,-0.95000,12.9,2.0,0.0,0.0,0.718922,0.257600,1.317680,-0.671677,0.288829,1.195548,-0.089600,0.486000,0.869300,0.003200,0.133500,0.542300,0.828800,0.034500,0.718646,0.257489,1.317525,-0.609779,0.289942,1.194848,-1.929574,-1.181422,-1.504094,-1.463250,-2.999144,0.151851,0.794678,-1.057667,1.465581,1.475428,1.433524,-0.886548,0.200722,2.819656,0,1,1.0000,1.0000,1,1,0,0,0.0000,0.0000,,,,,119949,116913,45,31,119669,116880,280,32,0,1,0.55653,0.44536,0
1786017694.1860,A_left_j1,A,left,0,,,33,176.4000,344.2000,167.1000,353.8000,0.0000,0.0000,354.9000,337.4000,24.0000,0.0000,154.5000,0.0000,109.3000,0.0000,-0.87000,0.02100,0.38100,2.50000,1.81000,1.87000,-0.91700,0.05800,0.29300,-1.16000,-0.35000,-0.96000,13.8,1.4,0.0,0.0,0.718746,0.257518,1.317759,-0.672007,0.289198,1.195490,-0.089600,0.486000,0.869300,0.003200,0.133500,0.542300,0.828800,0.034500,0.718646,0.257489,1.317525,-0.609779,0.289942,1.194848,-1.929559,-1.181428,-1.504100,-1.463273,-2.999135,0.151837,0.794676,-1.058235,1.469110,1.468472,1.440727,-0.889280,0.190550,2.820277,1,1,1.0000,1.0000,1,1,0,0,0.0000,0.0000,,,,,119949,116913,45,31,119669,116880,280,32,0,1,0.55653,0.44536,0
1786017694.2154,A_left_j1,A,left,0,,,34,176.6000,344.2000,167.1000,353.7000,0.0000,0.0000,354.9000,337.4000,24.0000,0.0000,154.4000,0.0000,109.3000,0.0000,-0.86700,0.02800,0.37500,2.47000,1.60000,1.98000,-0.92000,0.05900,0.30300,-1.08000,-0.05000,-0.94000,13.8,1.4,0.0,0.0,0.718782,0.257600,1.317533,-0.671480,0.288854,1.195616,-0.089600,0.486000,0.869300,0.003200,0.133500,0.542300,0.828800,0.034500,0.718646,0.257489,1.317525,-0.609779,0.289942,1.194848,-1.929556,-1.181429,-1.504102,-1.463279,-2.999133,0.151833,0.794675,-1.058201,1.469064,1.468234,1.440838,-0.889017,0.190285,2.820091,1,1,1.0000,1.0000,1,1,0,0,0.0000,0.0000,,,,,457,410,4,3,457,410,0,0,0,0,0.55629,0.44536,0
1786017694.2265,A_left_j1,A,left,0,,,35,176.5000,344.2000,167.1000,353.7000,0.0000,0.0000,354.9000,337.4000,24.0000,0.0000,154.4000,0.0000,109.3000,0.0000,-0.86000,0.02500,0.38100,2.47000,1.90000,1.97000,-0.92000,0.05900,0.30300,-1.08000,-0.05000,-0.94000,13.8,1.8,0.0,0.0,0.718622,0.257539,1.317540,-0.671480,0.288854,1.195616,-0.089600,0.486000,0.869300,0.003200,0.133500,0.542300,0.828800,0.034500,0.718922,0.257600,1.317680,-0.627662,0.290646,1.194542,-1.929489,-1.181509,-1.504114,-1.463439,-2.999098,0.151727,0.794722,-1.058168,1.469020,1.467999,1.440947,-0.888759,0.190026,2.819907,1,1,1.0000,1.0000,1,1,0,0,0.0000,0.0000,,,,,119950,116913,45,31,119670,116880,280,32,0,1,0.55629,0.44536,0
1786017694.2472,A_left_j1,A,left,0,,,36,176.5000,344.2000,167.1000,353.7000,0.0000,0.0000,354.9000,337.4000,24.0000,0.0000,154.4000,0.0000,109.3000,0.0000,-0.86000,0.02500,0.38100,2.47000,1.90000,1.97000,-0.92000,0.06200,0.30200,-1.11000,0.02000,-0.84000,13.8,1.8,0.0,0.0,0.718622,0.257539,1.317540,-0.671589,0.288895,1.195574,-0.089600,0.486000,0.869300,0.003200,0.133500,0.542300,0.828800,0.034500,0.718922,0.257600,1.317680,-0.627662,0.290646,1.194542,-1.929376,-1.181645,-1.504133,-1.463713,-2.999038,0.151545,0.794802,-1.057500,1.464249,1.476696,1.431854,-0.884701,0.202882,2.818834,1,1,1.0000,1.0000,1,1,0,0,0.0000,0.0000,,,,,459,116914,4,31,459,116881,0,32,0,1,0.55658,0.46297,0
1786017694.2634,A_left_j1,A,left,0,,,37,176.5000,344.2000,167.1000,353.7000,0.0000,0.0000,354.9000,337.4000,24.0000,0.0000,154.4000,0.0000,109.3000,0.0000,-0.86000,0.02500,0.38100,2.47000,1.90000,1.97000,-0.92000,0.06200,0.30200,-1.11000,0.02000,-0.84000,13.8,1.8,0.0,0.0,0.718622,0.257539,1.317540,-0.671589,0.288895,1.195574,-0.089600,0.486000,0.869300,0.003200,0.133500,0.542300,0.828800,0.034500,0.718922,0.257600,1.317680,-0.627662,0.290646,1.194542,-1.929087,-1.182011,-1.504215,-1.464177,-2.998881,0.151317,0.795026,-1.056614,1.457928,1.488226,1.419804,-0.879332,0.219923,2.817419,1,1,1.0000,1.0000,1,1,0,0,0.0000,0.0000,,,,,459,411,4,3,459,411,0,0,0,0,0.55658,0.48040,0
1786017694.2842,A_left_j1,A,left,0,,,38,176.5000,344.2000,167.1000,353.7000,0.0000,0.0000,354.9000,337.4000,24.0000,0.0000,154.4000,0.0000,109.3000,0.0000,-0.86000,0.02500,0.38100,2.47000,1.90000,1.97000,-0.92000,0.06200,0.30200,-1.11000,0.02000,-0.84000,13.8,1.8,0.0,0.0,0.718622,0.257539,1.317540,-0.671589,0.288895,1.195574,-0.089600,0.486000,0.869300,0.003200,0.133500,0.542300,0.828800,0.034500,0.718694,0.257542,1.317596,-0.643696,0.290550,1.194630,-1.929297,-1.181727,-1.504161,-1.463815,-2.998995,0.151510,0.794847,-1.055207,1.448799,1.504902,1.402112,-0.871367,0.244675,2.815132,1,1,1.0000,1.0000,1,1,0,0,0.0000,0.0000,,,,,459,116915,4,31,459,116882,0,32,0,1,0.55658,0.48040,0
1786017694.3103,A_left_j1,A,left,0,,,39,176.5000,344.2000,167.1000,353.7000,0.0000,0.0000,354.9000,337.4000,24.0000,0.0000,154.4000,0.0000,109.3000,0.0000,-0.86000,0.02500,0.38100,2.47000,1.90000,1.97000,-0.92000,0.06200,0.30200,-1.11000,0.02000,-0.84000,13.8,1.8,0.0,0.0,0.718622,0.257539,1.317540,-0.671589,0.288895,1.195574,-0.089600,0.486000,0.869300,0.003200,0.133500,0.542300,0.828800,0.034500,0.718694,0.257542,1.317596,-0.643696,0.290550,1.194630,-1.929574,-1.181424,-1.504097,-1.463250,-2.999119,0.151852,0.794655,-1.053560,1.438816,1.523190,1.382499,-0.862496,0.271900,2.812435,1,1,1.0000,1.0000,1,1,0,0,0.0000,0.0000,,,,,459,411,4,3,459,411,0,0,0,0,0.55658,0.48040,0
1786017694.3271,A_left_j1,A,left,0,,,40,176.5000,344.2000,167.1000,353.7000,0.0000,0.0000,354.9000,337.4000,24.0000,0.0000,154.4000,0.0000,109.3000,0.0000,-0.86000,0.02500,0.38100,2.47000,1.90000,1.97000,-0.92000,0.06200,0.30200,-1.11000,0.02000,-0.84000,13.8,1.8,0.0,0.0,0.718622,0.257539,1.317540,-0.671589,0.288895,1.195574,-0.089600,0.486000,0.869300,0.003200,0.133500,0.542300,0.828800,0.034500,0.718694,0.257542,1.317596,-0.643696,0.290550,1.194630,-1.929486,-1.181541,-1.504088,-1.463650,-2.999062,0.151519,0.794716,-1.052422,1.431562,1.536149,1.368554,-0.855903,0.291272,2.810402,1,1,1.0000,1.0000,1,1,0,0,0.0000,0.0000,,,,,119951,411,45,3,119671,411,280,0,0,0,0.55658,0.48040,0
1786017694.3510,A_left_j1,A,left,0,,,41,176.4000,344.2000,167.1000,353.7000,0.0000,0.0000,354.9000,337.4000,24.0000,0.0000,154.4000,0.0000,109.3000,0.0000,-0.86300,0.02400,0.36900,2.37000,1.57000,1.67000,-0.91300,0.06400,0.30100,-1.27000,0.09000,-1.05000,14.5,1.6,0.0,0.0,0.718813,0.257612,1.317623,-0.671833,0.288940,1.195484,-0.089600,0.486000,0.869300,0.003200,0.133500,0.542300,0.828800,0.034500,0.718617,0.257530,1.317534,-0.661349,0.289697,1.195117,-1.929385,-1.181728,-1.504120,-1.463799,-2.998982,0.151446,0.794827,-1.051876,1.427255,1.543576,1.360691,-0.852003,0.302373,2.809286,1,1,1.0000,1.0000,1,1,0,0,0.0000,0.0000,,,,,119952,116915,45,31,119672,116882,280,32,0,1,0.55635,0.48040,0
1786017694.3619,A_left_j1,A,left,0,,,42,176.4000,344.2000,167.1000,353.7000,0.0000,0.0000,354.9000,337.4000,24.0000,0.0000,154.4000,0.0000,109.3000,0.0000,-0.86300,0.02400,0.36900,2.37000,1.57000,1.67000,-0.91300,0.06400,0.30100,-1.27000,0.09000,-1.05000,14.5,1.6,0.0,0.0,0.718813,0.257612,1.317623,-0.671833,0.288940,1.195484,-0.089600,0.486000,0.869300,0.003200,0.133500,0.542300,0.828800,0.034500,0.718617,0.257530,1.317534,-0.661349,0.289697,1.195117,-1.929280,-1.181922,-1.504153,-1.463953,-2.998899,0.151370,0.794943,-1.051312,1.422806,1.551250,1.352569,-0.847974,0.313840,2.808132,1,1,1.0000,1.0000,1,1,0,0,0.0000,0.0000,,,,,459,116915,4,31,459,116882,0,32,0,1,0.55658,0.48040,0
1786017694.3837,A_left_j1,A,left,0,,,43,176.4000,344.2000,167.1000,353.7000,0.0000,0.0000,354.9000,337.4000,24.0000,0.0000,154.4000,0.0000,109.3000,0.0000,-0.86300,0.02400,0.36900,2.37000,1.57000,1.67000,-0.91300,0.06400,0.30100,-1.27000,0.09000,-1.05000,14.5,1.6,0.0,0.0,0.718813,0.257612,1.317623,-0.671833,0.288940,1.195484,-0.089600,0.486000,0.869300,0.003200,0.133500,0.542300,0.828800,0.034500,0.718617,0.257530,1.317534,-0.661349,0.289697,1.195117,-1.929229,-1.182016,-1.504169,-1.464028,-2.998858,0.151334,0.795000,-1.050202,1.414053,1.566344,1.336590,-0.840047,0.336400,2.805863,1,1,1.0000,1.0000,1,1,0,0,0.0000,0.0000,,,,,119952,116916,45,31,119672,116883,280,32,0,1,0.55635,0.49743,0
1786017694.4035,A_left_j1,A,left,0,,,44,176.4000,344.2000,167.1000,353.7000,0.0000,0.0000,354.9000,337.4000,24.0000,0.0000,154.4000,0.0000,109.3000,0.0000,-0.86300,0.02400,0.36900,2.37000,1.57000,1.67000,-0.91300,0.06400,0.30100,-1.27000,0.09000,-1.05000,14.5,1.6,0.0,0.0,0.718813,0.257612,1.317623,-0.671833,0.288940,1.195484,-0.089600,0.486000,0.869300,0.003200,0.133500,0.542300,0.828800,0.034500,0.718617,0.257530,1.317534,-0.661349,0.289697,1.195117,-1.929327,-1.181898,-1.504151,-1.463815,-2.998905,0.151467,0.794925,-1.048953,1.404203,1.583330,1.318609,-0.831128,0.361786,2.803310,1,1,1.0000,1.0000,1,1,0,0,0.0000,0.0000,,,,,119952,116916,45,31,119672,116883,280,32,0,1,0.55635,0.49743,0
1786017694.4281,A_left_j1,A,left,0,,,45,176.4000,344.2000,167.1000,353.7000,0.0000,0.0000,354.9000,337.4000,24.0000,0.0000,154.4000,0.0000,109.3000,0.0000,-0.86300,0.02400,0.36900,2.37000,1.57000,1.67000,-0.91300,0.06400,0.30100,-1.27000,0.09000,-1.05000,14.5,1.6,0.0,0.0,0.718813,0.257612,1.317623,-0.671833,0.288940,1.195484,-0.089600,0.486000,0.869300,0.003200,0.133500,0.542300,0.828800,0.034500,0.718808,0.257603,1.317619,-0.671179,0.288987,1.195466,-1.929501,-1.181687,-1.504118,-1.463435,-2.998988,0.151703,0.794791,-1.048422,1.400686,1.589320,1.311714,-0.827188,0.371069,2.801576,1,1,1.0000,1.0000,1,1,0,0,0.0000,0.0000,,,,,460,412,4,3,460,412,0,0,0,0,0.55635,0.49743,0
1786017694.4448,A_left_j1,A,left,0,,,46,176.4000,344.2000,167.1000,353.7000,0.0000,0.0000,354.9000,337.4000,24.0000,0.0000,154.4000,0.0000,109.3000,0.0000,-0.86300,0.02400,0.36900,2.37000,1.57000,1.67000,-0.91300,0.06400,0.30100,-1.27000,0.09000,-1.05000,14.5,1.6,0.0,0.0,0.718813,0.257612,1.317623,-0.671833,0.288940,1.195484,-0.089600,0.486000,0.869300,0.003200,0.133500,0.542300,0.828800,0.034500,0.718808,0.257603,1.317619,-0.671179,0.288987,1.195466,-1.929501,-1.181687,-1.504118,-1.463435,-2.998988,0.151703,0.794791,-1.048422,1.400686,1.589320,1.311714,-0.827188,0.371069,2.801576,1,1,1.0000,1.0000,1,1,0,0,0.0000,0.0000,,,,,460,116916,4,31,460,116883,0,32,0,1,0.55635,0.49743,0
1786017694.4652,A_left_j1,A,left,0,,,47,176.4000,344.2000,167.1000,353.7000,0.0000,0.0000,354.9000,337.4000,24.0000,0.0000,154.4000,0.0000,109.3000,0.0000,-0.86300,0.02400,0.36900,2.37000,1.57000,1.67000,-0.91300,0.06400,0.30100,-1.27000,0.09000,-1.05000,14.5,1.6,0.0,0.0,0.718813,0.257612,1.317623,-0.671833,0.288940,1.195484,-0.089600,0.486000,0.869300,0.003200,0.133500,0.542300,0.828800,0.034500,0.718808,0.257603,1.317619,-0.671179,0.288987,1.195466,-1.929501,-1.181687,-1.504118,-1.463435,-2.998988,0.151703,0.794791,-1.048422,1.400686,1.589320,1.311714,-0.827188,0.371069,2.801576,1,1,1.0000,1.0000,1,1,0,0,0.0000,0.0000,,,,,119952,116916,45,31,119672,116883,280,32,0,1,0.55635,0.49743,0
1786017694.4875,A_left_j1,A,left,0,,,48,176.4000,344.2000,167.1000,353.7000,0.0000,0.0000,354.9000,337.4000,24.0000,0.0000,154.4000,0.0000,109.3000,0.0000,-0.86300,0.02400,0.36900,2.37000,1.57000,1.67000,-0.91300,0.06400,0.30100,-1.27000,0.09000,-1.05000,14.5,1.6,0.0,0.0,0.718813,0.257612,1.317623,-0.671833,0.288940,1.195484,-0.089600,0.486000,0.869300,0.003200,0.133500,0.542300,0.828800,0.034500,0.718808,0.257603,1.317619,-0.671179,0.288987,1.195466,-1.929501,-1.181687,-1.504118,-1.463435,-2.998988,0.151703,0.794791,-1.048422,1.400686,1.589320,1.311714,-0.827188,0.371069,2.801576,1,1,1.0000,1.0000,1,1,0,0,0.0000,0.0000,,,,,119952,116916,45,31,119672,116883,280,32,0,1,0.55635,0.49743,0
1786017694.5067,A_left_j1,A,left,0,,,49,176.4000,344.2000,167.1000,353.7000,0.0000,0.0000,354.9000,337.4000,24.0000,0.0000,154.4000,0.0000,109.3000,0.0000,-0.86300,0.02400,0.36900,2.37000,1.57000,1.67000,-0.91300,0.06400,0.30100,-1.27000,0.09000,-1.05000,14.5,1.6,0.0,0.0,0.718813,0.257612,1.317623,-0.671833,0.288940,1.195484,-0.089600,0.486000,0.869300,0.003200,0.133500,0.542300,0.828800,0.034500,0.718808,0.257603,1.317619,-0.671833,0.288939,1.195483,-1.929501,-1.181687,-1.504118,-1.463435,-2.998988,0.151703,0.794791,-1.048422,1.400686,1.589320,1.311714,-0.827188,0.371069,2.801576,1,1,1.0000,1.0000,1,1,0,0,0.0000,0.0000,,,,,460,116916,4,31,460,116883,0,32,0,1,0.55635,0.49743,0
1786017694.5269,A_left_j1,A,left,0,,,50,176.4000,344.2000,167.1000,353.7000,0.0000,0.0000,354.9000,337.4000,24.0000,0.0000,154.4000,0.0000,109.3000,0.0000,-0.86300,0.02400,0.36900,2.37000,1.57000,1.67000,-0.91300,0.06400,0.30100,-1.27000,0.09000,-1.05000,14.5,1.6,0.0,0.0,0.718813,0.257612,1.317623,-0.671833,0.288940,1.195484,-0.089600,0.486000,0.869300,0.003200,0.133500,0.542300,0.828800,0.034500,0.718808,0.257603,1.317619,-0.671833,0.288939,1.195483,-1.929501,-1.181687,-1.504118,-1.463435,-2.998988,0.151703,0.794791,-1.048422,1.400686,1.589320,1.311714,-0.827188,0.371069,2.801576,1,1,1.0000,1.0000,1,1,0,0,0.0000,0.0000,,,,,460,412,4,3,460,412,0,0,0,0,0.55635,0.49743,0
1786017694.5422,A_left_j1,A,left,0,,,51,176.4000,344.2000,167.1000,353.7000,0.0000,0.0000,354.9000,337.4000,24.0000,0.0000,154.4000,0.0000,109.3000,0.0000,-0.86300,0.02400,0.36900,2.37000,1.57000,1.67000,-0.91300,0.06400,0.30100,-1.27000,0.09000,-1.05000,14.5,1.6,0.0,0.0,0.718813,0.257612,1.317623,-0.671833,0.288940,1.195484,-0.089600,0.486000,0.869300,0.003200,0.133500,0.542300,0.828800,0.034500,0.718808,0.257603,1.317619,-0.671833,0.288939,1.195483,-1.929501,-1.181687,-1.504118,-1.463435,-2.998988,0.151703,0.794791,-1.048422,1.400686,1.589320,1.311714,-0.827188,0.371069,2.801576,1,1,1.0000,1.0000,1,1,0,0,0.0000,0.0000,,,,,460,412,4,3,460,412,0,0,0,0,0.55635,0.49743,0
1786017694.5620,A_left_j1,A,left,0,,,52,176.4000,344.2000,167.1000,353.7000,0.0000,0.0000,354.9000,337.4000,24.0000,0.0000,154.4000,0.0000,109.3000,0.0000,-0.86300,0.02400,0.36900,2.37000,1.57000,1.67000,-0.91300,0.06400,0.30100,-1.27000,0.09000,-1.05000,14.5,1.6,0.0,0.0,0.718813,0.257612,1.317623,-0.671833,0.288940,1.195484,-0.089600,0.486000,0.869300,0.003200,0.133500,0.542300,0.828800,0.034500,0.718808,0.257603,1.317619,-0.671833,0.288939,1.195483,-1.929501,-1.181687,-1.504118,-1.463435,-2.998988,0.151703,0.794791,-1.048422,1.400686,1.589320,1.311714,-0.827188,0.371069,2.801576,1,1,1.0000,1.0000,1,1,0,0,0.0000,0.0000,,,,,460,412,4,3,460,412,0,0,0,0,0.55635,0.49743,0
1786017694.5820,A_left_j1,A,left,0,,,53,176.4000,344.2000,167.1000,353.7000,0.0000,0.0000,354.9000,337.4000,24.0000,0.0000,154.4000,0.0000,109.3000,0.0000,-0.86300,0.02400,0.36900,2.37000,1.57000,1.67000,-0.91300,0.06400,0.30100,-1.27000,0.09000,-1.05000,14.5,1.6,0.0,0.0,0.718813,0.257612,1.317623,-0.671833,0.288940,1.195484,-0.089600,0.486000,0.869300,0.003200,0.133500,0.542300,0.828800,0.034500,0.718808,0.257603,1.317619,-0.671833,0.288939,1.195483,-1.929501,-1.181687,-1.504118,-1.463435,-2.998988,0.151703,0.794791,-1.048422,1.400686,1.589320,1.311714,-0.827188,0.371069,2.801576,1,1,1.0000,1.0000,1,1,0,0,0.0000,0.0000,,,,,460,412,4,3,460,412,0,0,0,0,0.55635,0.49743,0
1786017694.6020,A_left_j1,A,left,0,,,54,176.4000,344.2000,167.1000,353.7000,0.0000,0.0000,354.9000,337.4000,24.0000,0.0000,154.4000,0.0000,109.3000,0.0000,-0.86300,0.02400,0.36900,2.37000,1.57000,1.67000,-0.91300,0.06400,0.30100,-1.27000,0.09000,-1.05000,14.5,1.6,0.0,0.0,0.718813,0.257612,1.317623,-0.671833,0.288940,1.195484,-0.089600,0.486000,0.869300,0.003200,0.133500,0.542300,0.828800,0.034500,0.718808,0.257603,1.317619,-0.671833,0.288939,1.195483,-1.929501,-1.181687,-1.504118,-1.463435,-2.998988,0.151703,0.794791,-1.048422,1.400686,1.589320,1.311714,-0.827188,0.371069,2.801576,1,1,1.0000,1.0000,1,1,0,0,0.0000,0.0000,,,,,460,412,4,3,460,412,0,0,0,0,0.55635,0.49743,0
1786017694.6284,A_left_j1,A,left,0,,,55,176.4000,344.2000,167.1000,353.7000,0.0000,0.0000,354.9000,337.4000,24.0000,0.0000,154.4000,0.0000,109.3000,0.0000,-0.86300,0.02400,0.36900,2.37000,1.57000,1.67000,-0.91300,0.06400,0.30100,-1.27000,0.09000,-1.05000,14.5,1.6,0.0,0.0,0.718813,0.257612,1.317623,-0.671833,0.288940,1.195484,-0.089600,0.486000,0.869300,0.003200,0.133500,0.542300,0.828800,0.034500,0.718808,0.257603,1.317619,-0.671833,0.288939,1.195483,-1.929501,-1.181687,-1.504118,-1.463435,-2.998988,0.151703,0.794791,-1.048422,1.400686,1.589320,1.311714,-0.827188,0.371069,2.801576,1,1,1.0000,1.0000,1,1,0,0,0.0000,0.0000,,,,,119952,116916,45,31,119672,116883,280,32,0,1,0.55635,0.49743,0
1786017694.6512,A_left_j1,A,left,0,,,56,176.4000,344.2000,167.1000,353.7000,0.0000,0.0000,354.9000,337.4000,24.0000,0.0000,154.4000,0.0000,109.3000,0.0000,-0.86300,0.02400,0.36900,2.37000,1.57000,1.67000,-0.91300,0.06400,0.30100,-1.27000,0.09000,-1.05000,14.5,1.6,0.0,0.0,0.718813,0.257612,1.317623,-0.671833,0.288940,1.195484,-0.089600,0.486000,0.869300,0.003200,0.133500,0.542300,0.828800,0.034500,0.718808,0.257603,1.317619,-0.671833,0.288939,1.195483,-1.929501,-1.181687,-1.504118,-1.463435,-2.998988,0.151703,0.794791,-1.048422,1.400686,1.589320,1.311714,-0.827188,0.371069,2.801576,1,1,1.0000,1.0000,1,1,0,0,0.0000,0.0000,,,,,119952,116916,45,31,119672,116883,280,32,0,1,0.55635,0.49743,0
1786017694.6629,A_left_j1,A,left,0,,,57,176.4000,344.2000,167.1000,353.7000,0.0000,0.0000,354.9000,337.4000,24.0000,0.0000,154.4000,0.0000,109.3000,0.0000,-0.86300,0.02400,0.36900,2.37000,1.57000,1.67000,-0.91300,0.06400,0.30100,-1.27000,0.09000,-1.05000,14.5,1.6,0.0,0.0,0.718813,0.257612,1.317623,-0.671833,0.288940,1.195484,-0.089600,0.486000,0.869300,0.003200,0.133500,0.542300,0.828800,0.034500,0.718808,0.257603,1.317619,-0.671833,0.288939,1.195483,-1.929501,-1.181687,-1.504118,-1.463435,-2.998988,0.151703,0.794791,-1.048422,1.400686,1.589320,1.311714,-0.827188,0.371069,2.801576,1,1,1.0000,1.0000,1,1,0,0,0.0000,0.0000,,,,,460,412,4,3,460,412,0,0,0,0,0.55635,0.49743,0
1786017694.6829,A_left_j1,A,left,0,,,58,176.4000,344.1000,167.2000,353.7000,0.0000,0.0000,354.9000,337.4000,23.7000,0.0000,154.4000,0.0000,109.3000,0.0000,-0.86300,0.02400,0.37900,2.52000,1.70000,1.87000,-0.91700,0.06100,0.29500,-1.31000,-0.09000,-1.14000,13.3,2.5,0.0,0.0,0.718922,0.257600,1.317680,-0.591770,0.288789,1.195519,-0.089600,0.486000,0.869300,0.003200,0.133500,0.542300,0.828800,0.034500,0.718808,0.257603,1.317619,-0.671833,0.288939,1.195483,-1.929501,-1.181687,-1.504118,-1.463435,-2.998988,0.151703,0.794791,-1.048422,1.400686,1.589320,1.311714,-0.827188,0.371069,2.801576,0,1,1.0000,1.0000,1,1,0,0,0.0000,0.0000,,,,,119952,116916,45,31,119672,116883,280,32,0,1,0.55635,0.49743,0
1786017694.7045,A_left_j1,A,left,0,,,59,176.4000,344.1000,167.2000,353.7000,0.0000,0.0000,354.9000,337.4000,23.7000,0.0000,154.4000,0.0000,109.3000,0.0000,-0.86300,0.02400,0.37900,2.52000,1.70000,1.87000,-0.91700,0.06100,0.29500,-1.31000,-0.09000,-1.14000,13.3,2.5,0.0,0.0,0.718922,0.257600,1.317680,-0.591770,0.288789,1.195519,-0.089600,0.486000,0.869300,0.003200,0.133500,0.542300,0.828800,0.034500,0.718808,0.257603,1.317619,-0.671833,0.288939,1.195483,-1.929501,-1.181687,-1.504118,-1.463435,-2.998988,0.151703,0.794791,-1.048422,1.400686,1.589320,1.311714,-0.827188,0.371069,2.801576,0,1,1.0000,1.0000,1,1,0,0,0.0000,0.0000,,,,,460,412,4,3,460,412,0,0,0,0,0.55635,0.49743,0
1786017694.7239,A_left_j1,A,left,0,,,60,176.4000,344.1000,167.2000,353.7000,0.0000,0.0000,354.9000,337.4000,23.7000,0.0000,154.4000,0.0000,109.3000,0.0000,-0.86300,0.02400,0.37900,2.52000,1.70000,1.87000,-0.91700,0.06100,0.29500,-1.31000,-0.09000,-1.14000,13.3,2.5,0.0,0.0,0.718922,0.257600,1.317680,-0.591770,0.288789,1.195519,-0.089600,0.486000,0.869300,0.003200,0.133500,0.542300,0.828800,0.034500,0.718808,0.257603,1.317619,-0.671833,0.288939,1.195483,-1.929519,-1.181591,-1.504116,-1.463381,-2.999025,0.151750,0.794730,-1.048422,1.400686,1.589320,1.311714,-0.827188,0.371069,2.801576,0,1,1.0000,1.0000,1,1,0,0,0.0000,0.0000,,,,,119953,116917,45,31,119673,116884,280,32,0,1,0.55647,0.50075,0
1786017694.7497,A_left_j1,A,left,0,,,61,176.4000,344.1000,167.2000,353.7000,0.0000,0.0000,354.9000,337.4000,23.7000,0.0000,154.4000,0.0000,109.3000,0.0000,-0.86300,0.02400,0.37900,2.52000,1.70000,1.87000,-0.91700,0.06100,0.29500,-1.31000,-0.09000,-1.14000,13.3,2.5,0.0,0.0,0.718922,0.257600,1.317680,-0.591770,0.288789,1.195519,-0.089600,0.486000,0.869300,0.003200,0.133500,0.542300,0.828800,0.034500,0.718808,0.257603,1.317619,-0.671833,0.288939,1.195483,-1.929547,-1.181441,-1.504113,-1.463296,-2.999081,0.151822,0.794636,-1.049348,1.407305,1.577243,1.324383,-0.832641,0.353178,2.802888,0,1,1.0000,1.0000,1,1,0,0,0.0000,0.0000,,,,,119953,116917,45,31,119673,116884,280,32,0,1,0.55647,0.50075,0
1786017694.7658,A_left_j1,A,left,0,,,62,176.4000,344.1000,167.2000,353.7000,0.0000,0.0000,354.9000,337.4000,23.7000,0.0000,154.4000,0.0000,109.3000,0.0000,-0.86300,0.02400,0.37900,2.52000,1.70000,1.87000,-0.91700,0.06100,0.29500,-1.31000,-0.09000,-1.14000,13.3,2.5,0.0,0.0,0.718922,0.257600,1.317680,-0.591770,0.288789,1.195519,-0.089600,0.486000,0.869300,0.003200,0.133500,0.542300,0.828800,0.034500,0.718917,0.257591,1.317675,-0.658665,0.289878,1.194993,-1.929547,-1.181437,-1.504113,-1.463294,-2.999083,0.151824,0.794633,-1.049969,1.411749,1.569137,1.332888,-0.836302,0.341167,2.803768,0,1,1.0000,1.0000,1,1,0,0,0.0000,0.0000,,,,,461,413,4,3,461,413,0,0,0,0,0.55647,0.50075,0
1786017694.7843,A_left_j1,A,left,0,,,63,176.4000,344.1000,167.2000,353.7000,0.0000,0.0000,354.9000,337.4000,23.7000,0.0000,154.4000,0.0000,109.3000,0.0000,-0.86300,0.02400,0.37900,2.52000,1.70000,1.87000,-0.91700,0.06100,0.29500,-1.31000,-0.09000,-1.14000,13.3,2.5,0.0,0.0,0.718922,0.257600,1.317680,-0.591770,0.288789,1.195519,-0.089600,0.486000,0.869300,0.003200,0.133500,0.542300,0.828800,0.034500,0.718917,0.257591,1.317675,-0.658665,0.289878,1.194993,-1.929547,-1.181437,-1.504113,-1.463294,-2.999083,0.151824,0.794633,-1.050287,1.414023,1.564988,1.337240,-0.838176,0.335021,2.804219,0,1,1.0000,1.0000,1,1,0,0,0.0000,0.0000,,,,,119953,116917,45,31,119673,116884,280,32,0,1,0.55647,0.50075,0
1786017694.8027,A_left_j1,A,left,0,,,64,176.4000,344.1000,167.2000,353.7000,0.0000,0.0000,354.9000,337.4000,23.7000,0.0000,154.4000,0.0000,109.3000,0.0000,-0.86300,0.02400,0.37900,2.52000,1.70000,1.87000,-0.91700,0.06100,0.29500,-1.31000,-0.09000,-1.14000,13.3,2.5,0.0,0.0,0.718922,0.257600,1.317680,-0.591770,0.288789,1.195519,-0.089600,0.486000,0.869300,0.003200,0.133500,0.542300,0.828800,0.034500,0.718917,0.257591,1.317675,-0.658665,0.289878,1.194993,-1.929547,-1.181437,-1.504113,-1.463294,-2.999083,0.151824,0.794633,-1.051211,1.420630,1.552936,1.349884,-0.843618,0.317166,2.805527,0,1,1.0000,1.0000,1,1,0,0,0.0000,0.0000,,,,,119953,413,45,3,119673,413,280,0,0,0,0.55647,0.50075,0
1786017694.8246,A_left_j1,A,left,0,,,65,176.4000,344.1000,167.2000,353.7000,0.0000,0.0000,354.9000,337.4000,23.7000,0.0000,154.4000,0.0000,109.3000,0.0000,-0.86300,0.02400,0.37900,2.52000,1.70000,1.87000,-0.91700,0.06100,0.29500,-1.31000,-0.09000,-1.14000,13.3,2.5,0.0,0.0,0.718922,0.257600,1.317680,-0.591770,0.288789,1.195519,-0.089600,0.486000,0.869300,0.003200,0.133500,0.542300,0.828800,0.034500,0.718917,0.257591,1.317675,-0.658665,0.289878,1.194993,-1.929547,-1.181437,-1.504113,-1.463294,-2.999083,0.151824,0.794633,-1.051851,1.425201,1.544596,1.358633,-0.847384,0.304810,2.806433,0,1,1.0000,1.0000,1,1,0,0,0.0000,0.0000,,,,,461,413,4,3,461,413,0,0,0,0,0.55647,0.50075,0
1786017694.8442,A_left_j1,A,left,0,,,66,176.4000,344.1000,167.2000,353.7000,0.0000,0.0000,354.9000,337.4000,23.7000,0.0000,154.4000,0.0000,109.3000,0.0000,-0.86300,0.02400,0.37900,2.52000,1.70000,1.87000,-0.91700,0.06100,0.29500,-1.31000,-0.09000,-1.14000,13.3,2.5,0.0,0.0,0.718922,0.257600,1.317680,-0.591770,0.288789,1.195519,-0.089600,0.486000,0.869300,0.003200,0.133500,0.542300,0.828800,0.034500,0.718917,0.257591,1.317675,-0.640145,0.290561,1.194630,-1.929547,-1.181437,-1.504113,-1.463294,-2.999083,0.151824,0.794633,-1.052464,1.429589,1.536593,1.367030,-0.850998,0.292952,2.807302,0,1,1.0000,1.0000,1,1,0,0,0.0000,0.0000,,,,,119953,116917,45,31,119673,116884,280,32,0,1,0.55647,0.50075,0
1786017694.8623,A_left_j1,A,left,0,,,67,176.4000,344.1000,167.2000,353.7000,0.0000,0.0000,354.9000,337.4000,23.7000,0.0000,154.4000,0.0000,109.3000,0.0000,-0.86300,0.02400,0.37900,2.52000,1.70000,1.87000,-0.91700,0.06100,0.29500,-1.31000,-0.09000,-1.14000,13.3,2.5,0.0,0.0,0.718922,0.257600,1.317680,-0.591770,0.288789,1.195519,-0.089600,0.486000,0.869300,0.003200,0.133500,0.542300,0.828800,0.034500,0.718917,0.257591,1.317675,-0.640145,0.290561,1.194630,-1.929547,-1.181437,-1.504113,-1.463294,-2.999083,0.151824,0.794633,-1.053074,1.433953,1.528632,1.375382,-0.854593,0.281157,2.808167,0,1,1.0000,1.0000,1,1,0,0,0.0000,0.0000,,,,,461,413,4,3,461,413,0,0,0,0,0.55647,0.50075,0
1786017694.8839,A_left_j1,A,left,0,,,68,176.4000,344.1000,167.2000,353.7000,0.0000,0.0000,354.9000,337.4000,23.7000,0.0000,154.4000,0.0000,109.3000,0.0000,-0.86300,0.02400,0.37900,2.52000,1.70000,1.87000,-0.91700,0.06100,0.29500,-1.31000,-0.09000,-1.14000,13.3,2.5,0.0,0.0,0.718922,0.257600,1.317680,-0.591770,0.288789,1.195519,-0.089600,0.486000,0.869300,0.003200,0.133500,0.542300,0.828800,0.034500,0.718917,0.257591,1.317675,-0.640145,0.290561,1.194630,-1.929547,-1.181437,-1.504113,-1.463294,-2.999083,0.151824,0.794633,-1.053693,1.438379,1.520558,1.383852,-0.858239,0.269195,2.809044,0,1,1.0000,1.0000,1,1,0,0,0.0000,0.0000,,,,,461,413,4,3,461,413,0,0,0,0,0.55647,0.50075,0
1786017694.9075,A_left_j1,A,left,0,,,69,176.4000,344.1000,167.2000,353.7000,0.0000,0.0000,354.9000,337.4000,23.7000,0.0000,154.4000,0.0000,109.3000,0.0000,-0.86300,0.02400,0.37900,2.52000,1.70000,1.87000,-0.91700,0.06100,0.29500,-1.31000,-0.09000,-1.14000,13.3,2.5,0.0,0.0,0.718922,0.257600,1.317680,-0.591770,0.288789,1.195519,-0.089600,0.486000,0.869300,0.003200,0.133500,0.542300,0.828800,0.034500,0.718917,0.257591,1.317675,-0.640145,0.290561,1.194630,-1.929547,-1.181437,-1.504113,-1.463294,-2.999083,0.151824,0.794633,-1.054010,1.440640,1.516432,1.388181,-0.860102,0.263082,2.809492,0,1,1.0000,1.0000,1,1,0,0,0.0000,0.0000,,,,,461,116917,4,31,461,116884,0,32,0,1,0.55647,0.50075,0
1786017694.9373,A_left_j1,A,left,0,,,70,176.4000,344.2000,167.0000,353.8000,0.0000,0.0000,354.8000,337.3000,23.7000,0.0000,154.4000,0.0000,109.3000,0.0000,-0.86300,0.02600,0.36900,2.41000,1.79000,1.76000,-0.91100,0.06200,0.30200,-1.58000,0.01000,-1.02000,14.0,2.4,0.0,0.0,0.718962,0.257669,1.317750,-0.671840,0.288908,1.195494,-0.089600,0.486000,0.869300,0.003200,0.133500,0.542300,0.828800,0.034500,0.718917,0.257591,1.317675,-0.621543,0.290494,1.194654,-1.929547,-1.181437,-1.504113,-1.463294,-2.999083,0.151824,0.794633,-1.055248,1.449495,1.500279,1.405127,-0.867396,0.239151,2.811246,1,1,1.0000,1.0000,1,1,0,0,0.0000,0.0000,,,,,461,116917,4,31,461,116884,0,32,0,1,0.55647,0.50075,0
1786017694.9423,A_left_j1,A,left,0,,,71,176.4000,344.2000,167.0000,353.8000,0.0000,0.0000,354.8000,337.3000,23.7000,0.0000,154.4000,0.0000,109.3000,0.0000,-0.86300,0.02600,0.36900,2.41000,1.79000,1.76000,-0.91100,0.06200,0.30200,-1.58000,0.01000,-1.02000,14.0,2.4,0.0,0.0,0.718962,0.257669,1.317750,-0.671840,0.288908,1.195494,-0.089600,0.486000,0.869300,0.003200,0.133500,0.542300,0.828800,0.034500,0.718917,0.257591,1.317675,-0.621543,0.290494,1.194654,-1.929547,-1.181437,-1.504113,-1.463294,-2.999083,0.151824,0.794633,-1.055568,1.451786,1.496099,1.409512,-0.869284,0.232959,2.811700,1,1,1.0000,1.0000,1,1,0,0,0.0000,0.0000,,,,,462,413,4,3,462,413,0,0,0,0,0.55658,0.50075,0
1786017694.9625,A_left_j1,A,left,0,,,72,176.4000,344.2000,167.0000,353.8000,0.0000,0.0000,354.8000,337.3000,23.7000,0.0000,154.4000,0.0000,109.3000,0.0000,-0.86300,0.02600,0.36900,2.41000,1.79000,1.76000,-0.91100,0.06200,0.30200,-1.58000,0.01000,-1.02000,14.0,2.4,0.0,0.0,0.718962,0.257669,1.317750,-0.671840,0.288908,1.195494,-0.089600,0.486000,0.869300,0.003200,0.133500,0.542300,0.828800,0.034500,0.718917,0.257591,1.317675,-0.621543,0.290494,1.194654,-1.929635,-1.181403,-1.504083,-1.463194,-2.999093,0.151846,0.794604,-1.055553,1.451586,1.496302,1.409226,-0.868987,0.233325,2.811557,1,1,1.0000,1.0000,1,1,0,0,0.0000,0.0000,,,,,462,414,4,3,462,414,0,0,0,0,0.55658,0.47445,0
1786017694.9897,A_left_j1,A,left,0,,,73,176.4000,344.2000,167.0000,353.8000,0.0000,0.0000,354.8000,337.3000,23.7000,0.0000,154.4000,0.0000,109.3000,0.0000,-0.86300,0.02600,0.36900,2.41000,1.79000,1.76000,-0.91100,0.06200,0.30200,-1.58000,0.01000,-1.02000,14.0,2.4,0.0,0.0,0.718962,0.257669,1.317750,-0.671840,0.288908,1.195494,-0.089600,0.486000,0.869300,0.003200,0.133500,0.542300,0.828800,0.034500,0.718937,0.257626,1.317711,-0.613856,0.290240,1.194770,-1.929672,-1.181388,-1.504070,-1.463152,-2.999097,0.151855,0.794592,-1.055247,1.449310,1.500299,1.404963,-0.866986,0.239309,2.811007,1,1,1.0000,1.0000,1,1,0,0,0.0000,0.0000,,,,,119954,116918,45,31,119674,116885,280,32,0,1,0.55658,0.47445,0
1786017695.0035,A_left_j1,A,left,0,,,74,176.4000,344.2000,167.0000,353.8000,0.0000,0.0000,354.8000,337.3000,23.7000,0.0000,154.4000,0.0000,109.3000,0.0000,-0.86300,0.02600,0.36900,2.41000,1.79000,1.76000,-0.91100,0.06200,0.30200,-1.58000,0.01000,-1.02000,14.0,2.4,0.0,0.0,0.718962,0.257669,1.317750,-0.671840,0.288908,1.195494,-0.089600,0.486000,0.869300,0.003200,0.133500,0.542300,0.828800,0.034500,0.718937,0.257626,1.317711,-0.613856,0.290240,1.194770,-1.929789,-1.181342,-1.504031,-1.463020,-2.999111,0.151883,0.794553,-1.054330,1.442494,1.512271,1.392195,-0.860993,0.257234,2.809359,1,1,1.0000,1.0000,1,1,0,0,0.0000,0.0000,,,,,462,414,4,3,462,414,0,0,0,0,0.55658,0.47445,0
1786017695.0228,A_left_j1,A,left,0,,,75,176.4000,344.2000,167.0000,353.8000,0.0000,0.0000,354.8000,337.3000,23.7000,0.0000,154.4000,0.0000,109.3000,0.0000,-0.86300,0.02600,0.36900,2.41000,1.79000,1.76000,-0.91100,0.06200,0.30200,-1.58000,0.01000,-1.02000,14.0,2.4,0.0,0.0,0.718962,0.257669,1.317750,-0.671840,0.288908,1.195494,-0.089600,0.486000,0.869300,0.003200,0.133500,0.542300,0.828800,0.034500,0.718937,0.257626,1.317711,-0.613856,0.290240,1.194770,-1.929791,-1.181341,-1.504030,-1.463018,-2.999111,0.151884,0.794552,-1.053712,1.437895,1.520348,1.383582,-0.856950,0.269326,2.808248,1,1,1.0000,1.0000,1,1,0,0,0.0000,0.0000,,,,,119954,414,45,3,119674,414,280,0,0,0,0.55658,0.47445,0
1786017695.0530,A_left_j1,A,left,0,,,76,176.4000,344.2000,167.0000,353.8000,0.0000,0.0000,354.8000,337.3000,23.7000,0.0000,154.4000,0.0000,109.3000,0.0000,-0.86300,0.02600,0.36900,2.41000,1.79000,1.76000,-0.91100,0.06200,0.30200,-1.58000,0.01000,-1.02000,14.0,2.4,0.0,0.0,0.718962,0.257669,1.317750,-0.671840,0.288908,1.195494,-0.089600,0.486000,0.869300,0.003200,0.133500,0.542300,0.828800,0.034500,0.718957,0.257660,1.317746,-0.632376,0.290612,1.194563,-1.929791,-1.181341,-1.504030,-1.463018,-2.999111,0.151884,0.794552,-1.053108,1.433403,1.528237,1.375168,-0.853001,0.281138,2.807162,1,1,1.0000,1.0000,1,1,0,0,0.0000,0.0000,,,,,462,414,4,3,462,414,0,0,0,0,0.55658,0.47445,0
1786017695.0815,A_left_j1,A,left,0,,,77,176.4000,344.2000,167.2000,353.6000,0.0000,0.0000,354.8000,337.3000,23.9000,0.0000,154.4000,0.0000,109.3000,0.0000,-0.86900,0.02300,0.37500,2.74000,1.50000,1.99000,-0.91800,0.06200,0.30200,-1.39000,-0.27000,-0.91000,15.5,1.6,0.0,0.0,0.718966,0.257667,1.317682,-0.671846,0.288885,1.195493,-0.089600,0.486000,0.869300,0.003200,0.133500,0.542300,0.828800,0.034500,0.718957,0.257660,1.317746,-0.632376,0.290612,1.194563,-1.929791,-1.181341,-1.504030,-1.463018,-2.999111,0.151884,0.794552,-1.052797,1.431091,1.532297,1.370838,-0.850968,0.287217,2.806603,1,1,1.0000,1.0000,1,1,0,0,0.0000,0.0000,,,,,119954,116918,45,31,119674,116885,280,32,0,1,0.55658,0.47445,0
1786017695.0867,A_left_j1,A,left,0,,,78,176.4000,344.2000,167.2000,353.6000,0.0000,0.0000,354.8000,337.3000,23.9000,0.0000,154.4000,0.0000,109.3000,0.0000,-0.86900,0.02300,0.37500,2.74000,1.50000,1.99000,-0.91800,0.06200,0.30200,-1.39000,-0.27000,-0.91000,15.5,1.6,0.0,0.0,0.718966,0.257667,1.317682,-0.671846,0.288885,1.195493,-0.089600,0.486000,0.869300,0.003200,0.133500,0.542300,0.828800,0.034500,0.718957,0.257660,1.317746,-0.632376,0.290612,1.194563,-1.929791,-1.181341,-1.504030,-1.463018,-2.999111,0.151884,0.794552,-1.052178,1.426494,1.540371,1.362227,-0.846926,0.299306,2.805492,1,1,1.0000,1.0000,1,1,0,0,0.0000,0.0000,,,,,463,116918,4,31,463,116885,0,32,0,1,0.55663,0.47445,0
1786017695.1026,A_left_j1,A,left,0,,,79,176.4000,344.2000,167.2000,353.6000,0.0000,0.0000,354.8000,337.3000,23.9000,0.0000,154.4000,0.0000,109.3000,0.0000,-0.86900,0.02300,0.37500,2.74000,1.50000,1.99000,-0.91800,0.06200,0.30200,-1.39000,-0.27000,-0.91000,15.5,1.6,0.0,0.0,0.718966,0.257667,1.317682,-0.671846,0.288885,1.195493,-0.089600,0.486000,0.869300,0.003200,0.133500,0.542300,0.828800,0.034500,0.718957,0.257660,1.317746,-0.632376,0.290612,1.194563,-1.929759,-1.181374,-1.504049,-1.462996,-2.999094,0.151933,0.794571,-1.051285,1.419772,1.552070,1.349704,-0.840931,0.316866,2.803800,1,1,1.0000,1.0000,1,1,0,0,0.0000,0.0000,,,,,463,415,4,3,463,415,0,0,0,0,0.55663,0.48494,0
1786017695.1291,A_left_j1,A,left,0,,,80,176.4000,344.2000,167.2000,353.6000,0.0000,0.0000,354.8000,337.3000,23.9000,0.0000,154.4000,0.0000,109.3000,0.0000,-0.86900,0.02300,0.37500,2.74000,1.50000,1.99000,-0.91800,0.06200,0.30200,-1.39000,-0.27000,-0.91000,15.5,1.6,0.0,0.0,0.718966,0.257667,1.317682,-0.671846,0.288885,1.195493,-0.089600,0.486000,0.869300,0.003200,0.133500,0.542300,0.828800,0.034500,0.718959,0.257659,1.317710,-0.650680,0.290237,1.194762,-1.929730,-1.181405,-1.504067,-1.462976,-2.999079,0.151978,0.794589,-1.050714,1.415353,1.559605,1.341570,-0.836866,0.328241,2.802591,1,1,1.0000,1.0000,1,1,0,0,0.0000,0.0000,,,,,463,415,4,3,463,415,0,0,0,0,0.55663,0.48494,0
1786017695.1445,A_left_j1,A,left,0,,,81,176.4000,344.2000,167.1000,353.6000,0.0000,0.0000,354.8000,337.3000,23.9000,0.0000,154.4000,0.0000,109.3000,0.0000,-0.87000,0.02800,0.38000,2.56000,1.43000,1.63000,-0.91300,0.06200,0.30900,-1.29000,-0.47000,-1.14000,13.5,1.9,0.0,0.0,0.718922,0.257600,1.317680,-0.591666,0.288789,1.195557,-0.089600,0.486000,0.869300,0.003200,0.133500,0.542300,0.828800,0.034500,0.718959,0.257659,1.317710,-0.650680,0.290237,1.194762,-1.929717,-1.181419,-1.504075,-1.462967,-2.999072,0.151999,0.794596,-1.050457,1.413366,1.562994,1.337913,-0.835037,0.333356,2.802048,0,1,1.0000,1.0000,1,1,0,0,0.0000,0.0000,,,,,463,116919,4,31,463,116886,0,32,0,1,0.55663,0.48494,0
1786017695.1639,A_left_j1,A,left,0,,,82,176.4000,344.2000,167.1000,353.6000,0.0000,0.0000,354.8000,337.3000,23.9000,0.0000,154.4000,0.0000,109.3000,0.0000,-0.86700,0.02400,0.37500,2.47000,1.40000,1.48000,-0.91700,0.05600,0.30300,-1.21000,-0.48000,-0.96000,14.6,1.9,0.0,0.0,0.718922,0.257600,1.317680,-0.591246,0.288754,1.195710,-0.089600,0.486000,0.869300,0.003200,0.133500,0.542300,0.828800,0.034500,0.718959,0.257659,1.317710,-0.650680,0.290237,1.194762,-1.929704,-1.181433,-1.504083,-1.462957,-2.999064,0.152020,0.794605,-1.049917,1.409192,1.570112,1.330230,-0.831198,0.344100,2.800906,0,1,1.0000,1.0000,1,1,0,0,0.0000,0.0000,,,,,464,415,4,3,464,415,0,0,0,0,0.55663,0.48494,0
1786017695.1892,A_left_j1,A,left,0,,,83,176.4000,344.2000,167.2000,353.6000,0.0000,0.0000,354.8000,337.3000,23.9000,0.0000,544.0000,0.0000,109.3000,0.0000,-0.87000,0.02700,0.38500,2.60000,1.53000,1.69000,-0.92300,0.06300,0.30100,-1.27000,0.02000,-0.99000,14.1,1.3,0.0,0.0,0.718922,0.257600,1.317680,-0.591525,0.288787,1.195610,-0.089600,0.486000,0.869300,0.003200,0.133500,0.542300,0.828800,0.034500,0.718935,0.257619,1.317676,-0.657625,0.289896,1.194953,-1.929611,-1.181438,-1.504103,-1.463156,-2.999057,0.151905,0.794605,-1.050237,1.411476,1.565749,1.334719,-0.832793,0.337702,2.801101,0,1,1.0000,1.0000,1,0,0,1,0.0000,0.0196,,,,,119957,416,45,3,119677,416,280,0,0,0,0.55663,0.49454,0
1786017695.2062,A_left_j1,A,left,0,,,84,176.4000,344.2000,167.1000,353.6000,0.0000,0.0000,354.8000,337.3000,23.9000,0.0000,154.4000,0.0000,109.3000,0.0000,-0.86200,0.02500,0.37900,2.35000,1.69000,1.54000,-0.92000,0.05800,0.29900,-1.32000,-0.07000,-0.95000,13.6,2.5,0.0,0.0,0.718836,0.257608,1.317599,-0.671594,0.288844,1.195584,-0.089600,0.486000,0.869300,0.003200,0.133500,0.542300,0.828800,0.034500,0.718935,0.257619,1.317676,-0.657625,0.289896,1.194953,-1.929585,-1.181439,-1.504108,-1.463210,-2.999054,0.151874,0.794604,-1.050817,1.415775,1.557968,1.342907,-0.836265,0.326135,2.801865,1,1,1.0000,1.0000,1,1,0,0,0.0000,0.0000,,,,,465,417,4,3,465,417,0,0,0,0,0.55663,0.49682,0
1786017695.2279,A_left_j1,A,left,0,,,85,176.4000,344.2000,167.1000,353.6000,0.0000,0.0000,354.8000,337.3000,23.9000,0.0000,154.4000,0.0000,109.3000,0.0000,-0.86200,0.02500,0.37900,2.35000,1.69000,1.54000,-0.92000,0.05800,0.29900,-1.32000,-0.07000,-0.95000,13.6,2.5,0.0,0.0,0.718836,0.257608,1.317599,-0.671594,0.288844,1.195584,-0.089600,0.486000,0.869300,0.003200,0.133500,0.542300,0.828800,0.034500,0.718935,0.257619,1.317676,-0.657625,0.289896,1.194953,-1.929559,-1.181440,-1.504114,-1.463265,-2.999050,0.151843,0.794603,-1.051388,1.420048,1.550187,1.351077,-0.839694,0.314581,2.802610,1,1,1.0000,1.0000,1,1,0,0,0.0000,0.0000,,,,,466,116921,4,31,466,116888,0,32,0,1,0.55660,0.49682,0
1786017695.2421,A_left_j1,A,left,0,,,86,176.4000,344.2000,167.1000,353.6000,0.0000,0.0000,354.8000,337.3000,23.9000,0.0000,154.4000,0.0000,109.3000,0.0000,-0.86200,0.02500,0.37900,2.35000,1.69000,1.54000,-0.92000,0.05800,0.29900,-1.32000,-0.07000,-0.95000,13.6,2.5,0.0,0.0,0.718836,0.257608,1.317599,-0.671594,0.288844,1.195584,-0.089600,0.486000,0.869300,0.003200,0.133500,0.542300,0.828800,0.034500,0.718935,0.257619,1.317676,-0.657625,0.289896,1.194953,-1.929526,-1.181530,-1.504127,-1.463305,-2.999010,0.151827,0.794655,-1.051949,1.424238,1.542558,1.359088,-0.843057,0.303251,2.803341,1,1,1.0000,1.0000,1,1,0,0,0.0000,0.0000,,,,,119958,116922,45,31,119678,116889,280,32,0,1,0.55660,0.49682,0
1786017695.2633,A_left_j1,A,left,0,,,87,176.4000,344.2000,167.1000,353.6000,0.0000,0.0000,354.8000,337.3000,23.9000,0.0000,154.4000,0.0000,109.3000,0.0000,-0.86200,0.02500,0.37900,2.35000,1.69000,1.54000,-0.92000,0.05800,0.29900,-1.32000,-0.07000,-0.95000,13.6,2.5,0.0,0.0,0.718836,0.257608,1.317599,-0.671594,0.288844,1.195584,-0.089600,0.486000,0.869300,0.003200,0.133500,0.542300,0.828800,0.034500,0.718874,0.257598,1.317633,-0.645375,0.290405,1.194712,-1.929511,-1.181570,-1.504132,-1.463322,-2.998992,0.151820,0.794678,-1.051628,1.421686,1.546920,1.354423,-0.840820,0.309813,2.802763,1,1,1.0000,1.0000,1,1,0,0,0.0000,0.0000,,,,,119958,116922,45,31,119678,116889,280,32,0,1,0.55660,0.49682,0
1786017695.2857,A_left_j1,A,left,0,,,88,176.4000,344.2000,167.1000,353.6000,0.0000,0.0000,354.8000,337.3000,23.9000,0.0000,154.4000,0.0000,109.3000,0.0000,-0.86200,0.02500,0.37900,2.35000,1.69000,1.54000,-0.92000,0.05800,0.29900,-1.32000,-0.07000,-0.95000,13.6,2.5,0.0,0.0,0.718836,0.257608,1.317599,-0.671594,0.288844,1.195584,-0.089600,0.486000,0.869300,0.003200,0.133500,0.542300,0.828800,0.034500,0.718874,0.257598,1.317633,-0.645375,0.290405,1.194712,-1.929466,-1.181691,-1.504149,-1.463375,-2.998939,0.151799,0.794748,-1.050656,1.413963,1.560117,1.340308,-0.834051,0.329667,2.801011,1,1,1.0000,1.0000,1,1,0,0,0.0000,0.0000,,,,,119958,418,45,3,119678,418,280,0,0,0,0.55660,0.49682,0
1786017695.3024,A_left_j1,A,left,0,,,89,176.4000,344.2000,167.1000,353.6000,0.0000,0.0000,354.8000,337.3000,23.9000,0.0000,154.4000,0.0000,109.3000,0.0000,-0.86200,0.02500,0.37900,2.35000,1.69000,1.54000,-0.92000,0.05800,0.29900,-1.32000,-0.07000,-0.95000,13.6,2.5,0.0,0.0,0.718836,0.257608,1.317599,-0.671594,0.288844,1.195584,-0.089600,0.486000,0.869300,0.003200,0.133500,0.542300,0.828800,0.034500,0.718874,0.257598,1.317633,-0.645375,0.290405,1.194712,-1.929466,-1.181691,-1.504149,-1.463375,-2.998939,0.151799,0.794748,-1.050010,1.408826,1.568895,1.330920,-0.829548,0.342873,2.799846,1,1,1.0000,1.0000,1,1,0,0,0.0000,0.0000,,,,,466,418,4,3,466,418,0,0,0,0,0.55660,0.49682,0
1786017695.3225,A_left_j1,A,left,0,,,90,176.4000,344.2000,167.1000,353.6000,0.0000,0.0000,354.8000,337.3000,23.9000,0.0000,154.4000,0.0000,109.3000,0.0000,-0.86200,0.02500,0.37900,2.35000,1.69000,1.54000,-0.92000,0.05800,0.29900,-1.32000,-0.07000,-0.95000,13.6,2.5,0.0,0.0,0.718836,0.257608,1.317599,-0.671594,0.288844,1.195584,-0.089600,0.486000,0.869300,0.003200,0.133500,0.542300,0.828800,0.034500,0.718874,0.257598,1.317633,-0.645375,0.290405,1.194712,-1.929466,-1.181691,-1.504149,-1.463375,-2.998939,0.151799,0.794748,-1.050010,1.408826,1.568895,1.330920,-0.829548,0.342873,2.799846,1,1,1.0000,1.0000,1,1,0,0,0.0000,0.0000,,,,,466,418,4,3,466,418,0,0,0,0,0.55660,0.49682,0
1786017695.3463,A_left_j1,A,left,0,,,91,176.4000,344.2000,167.1000,353.6000,0.0000,0.0000,354.9000,337.2000,23.9000,0.0000,154.4000,0.0000,109.3000,0.0000,-0.86800,0.02600,0.37200,2.50000,1.69000,1.84000,-0.91700,0.05800,0.30700,-1.37000,0.02000,-0.87000,13.2,2.1,0.0,0.0,0.718935,0.257607,1.317728,-0.671572,0.289001,1.195633,-0.089600,0.486000,0.869300,0.003200,0.133500,0.542300,0.828800,0.034500,0.718832,0.257600,1.317594,-0.666039,0.289298,1.195330,-1.929466,-1.181691,-1.504149,-1.463375,-2.998939,0.151799,0.794748,-1.048759,1.398873,1.585904,1.312728,-0.820824,0.368463,2.797589,1,1,1.0000,1.0000,1,1,0,0,0.0000,0.0000,,,,,119958,116922,45,31,119678,116889,280,32,0,1,0.55660,0.49682,0
1786017695.3659,A_left_j1,A,left,0,,,92,176.4000,344.2000,167.1000,353.6000,0.0000,0.0000,354.9000,337.2000,23.9000,0.0000,154.4000,0.0000,109.3000,0.0000,-0.86800,0.02600,0.37200,2.50000,1.69000,1.84000,-0.91700,0.05800,0.30700,-1.37000,0.02000,-0.87000,13.2,2.1,0.0,0.0,0.718935,0.257607,1.317728,-0.671572,0.289001,1.195633,-0.089600,0.486000,0.869300,0.003200,0.133500,0.542300,0.828800,0.034500,0.718832,0.257600,1.317594,-0.666039,0.289298,1.195330,-1.929497,-1.181624,-1.504136,-1.463356,-2.998964,0.151794,0.794705,-1.048759,1.398873,1.585904,1.312728,-0.820824,0.368463,2.797589,1,1,1.0000,1.0000,1,1,0,0,0.0000,0.0000,,,,,467,419,4,3,467,419,0,0,0,0,0.55649,0.49967,0
1786017695.3840,A_left_j1,A,left,0,,,93,176.3000,344.2000,167.0000,353.6000,0.0000,0.0000,354.9000,337.2000,23.9000,0.0000,154.4000,0.0000,109.3000,0.0000,-0.87100,0.02600,0.38000,2.44000,1.62000,1.95000,-0.91900,0.06300,0.30400,-1.22000,-0.04000,-0.82000,13.5,2.0,0.0,0.0,0.718830,0.257590,1.317562,-0.671721,0.288798,1.195540,-0.089600,0.486000,0.869300,0.003200,0.133500,0.542300,0.828800,0.034500,0.718832,0.257600,1.317594,-0.666039,0.289298,1.195330,-1.929546,-1.181519,-1.504116,-1.463326,-2.999004,0.151787,0.794637,-1.048613,1.398869,1.585838,1.312551,-0.820679,0.368457,2.797445,1,1,1.0000,1.0000,1,1,0,0,0.0000,0.0000,,,,,467,419,4,3,467,419,0,0,0,0,0.55649,0.49967,0
1786017695.4140,A_left_j1,A,left,0,,,94,176.3000,344.2000,167.0000,353.6000,0.0000,0.0000,354.9000,337.2000,23.9000,0.0000,154.4000,0.0000,109.3000,0.0000,-0.87100,0.02600,0.38000,2.44000,1.62000,1.95000,-0.91900,0.06300,0.30400,-1.22000,-0.04000,-0.82000,13.5,2.0,0.0,0.0,0.718830,0.257590,1.317562,-0.671721,0.288798,1.195540,-0.089600,0.486000,0.869300,0.003200,0.133500,0.542300,0.828800,0.034500,0.718894,0.257599,1.317676,-0.671582,0.288925,1.195609,-1.929584,-1.181440,-1.504100,-1.463304,-2.999034,0.151781,0.794585,-1.048483,1.398866,1.585779,1.312393,-0.820550,0.368452,2.797317,1,1,1.0000,1.0000,1,1,0,0,0.0000,0.0000,,,,,468,419,4,3,468,419,0,0,0,0,0.55649,0.49967,0
1786017695.4259,A_left_j1,A,left,0,,,95,176.3000,344.2000,167.0000,353.6000,0.0000,0.0000,354.9000,337.2000,23.9000,0.0000,154.4000,0.0000,109.3000,0.0000,-0.87100,0.02600,0.38000,2.44000,1.62000,1.95000,-0.91900,0.06300,0.30400,-1.22000,-0.04000,-0.82000,13.5,2.0,0.0,0.0,0.718830,0.257590,1.317562,-0.671721,0.288798,1.195540,-0.089600,0.486000,0.869300,0.003200,0.133500,0.542300,0.828800,0.034500,0.718894,0.257599,1.317676,-0.671582,0.288925,1.195609,-1.929511,-1.181546,-1.504131,-1.463347,-2.998989,0.151797,0.794650,-1.048354,1.398864,1.585719,1.312235,-0.820420,0.368447,2.797189,1,1,1.0000,1.0000,1,1,0,0,0.0000,0.0000,,,,,468,420,4,3,468,420,0,0,0,0,0.55649,0.50142,0
1786017695.4445,A_left_j1,A,left,0,,,96,176.3000,344.2000,167.0000,353.6000,0.0000,0.0000,354.9000,337.2000,23.9000,0.0000,154.4000,0.0000,109.3000,0.0000,-0.87100,0.02600,0.38000,2.44000,1.62000,1.95000,-0.91900,0.06300,0.30400,-1.22000,-0.04000,-0.82000,13.5,2.0,0.0,0.0,0.718830,0.257590,1.317562,-0.671721,0.288798,1.195540,-0.089600,0.486000,0.869300,0.003200,0.133500,0.542300,0.828800,0.034500,0.718894,0.257599,1.317676,-0.671582,0.288925,1.195609,-1.929430,-1.181664,-1.504167,-1.463395,-2.998938,0.151815,0.794723,-1.048561,1.398788,1.585805,1.312378,-0.820363,0.368538,2.797196,1,1,1.0000,1.0000,1,1,0,0,0.0000,0.0000,,,,,468,420,4,3,468,420,0,0,0,0,0.55649,0.50142,0
1786017695.4623,A_left_j1,A,left,0,,,97,176.3000,344.2000,167.0000,353.6000,0.0000,0.0000,354.9000,337.2000,23.9000,0.0000,154.4000,0.0000,109.3000,0.0000,-0.87100,0.02600,0.38000,2.44000,1.62000,1.95000,-0.91900,0.06300,0.30400,-1.22000,-0.04000,-0.82000,13.5,2.0,0.0,0.0,0.718830,0.257590,1.317562,-0.671721,0.288798,1.195540,-0.089600,0.486000,0.869300,0.003200,0.133500,0.542300,0.828800,0.034500,0.718894,0.257599,1.317676,-0.671582,0.288925,1.195609,-1.929387,-1.181726,-1.504185,-1.463420,-2.998911,0.151825,0.794761,-1.048667,1.398749,1.585849,1.312451,-0.820334,0.368584,2.797200,1,1,1.0000,1.0000,1,1,0,0,0.0000,0.0000,,,,,468,116924,4,31,468,116891,0,32,0,1,0.55649,0.50142,0
1786017695.4826,A_left_j1,A,left,0,,,98,176.3000,344.2000,167.0000,353.6000,0.0000,0.0000,354.9000,337.2000,23.9000,0.0000,154.4000,0.0000,109.3000,0.0000,-0.87100,0.02600,0.38000,2.44000,1.62000,1.95000,-0.91900,0.06300,0.30400,-1.22000,-0.04000,-0.82000,13.5,2.0,0.0,0.0,0.718830,0.257590,1.317562,-0.671721,0.288798,1.195540,-0.089600,0.486000,0.869300,0.003200,0.133500,0.542300,0.828800,0.034500,0.718825,0.257582,1.317557,-0.671691,0.288838,1.195559,-1.929378,-1.181739,-1.504189,-1.463425,-2.998906,0.151826,0.794769,-1.048870,1.398675,1.585933,1.312590,-0.820278,0.368673,2.797207,1,1,1.0000,1.0000,1,1,0,0,0.0000,0.0000,,,,,468,420,4,3,468,420,0,0,0,0,0.55649,0.50142,0
1786017695.5031,A_left_j1,A,left,0,,,99,176.3000,344.2000,167.0000,353.6000,0.0000,0.0000,354.9000,337.2000,23.9000,0.0000,154.4000,0.0000,109.3000,0.0000,-0.87100,0.02600,0.38000,2.44000,1.62000,1.95000,-0.91900,0.06300,0.30400,-1.22000,-0.04000,-0.82000,13.5,2.0,0.0,0.0,0.718830,0.257590,1.317562,-0.671721,0.288798,1.195540,-0.089600,0.486000,0.869300,0.003200,0.133500,0.542300,0.828800,0.034500,0.718825,0.257582,1.317557,-0.671691,0.288838,1.195559,-1.929378,-1.181739,-1.504189,-1.463425,-2.998906,0.151826,0.794769,-1.048870,1.398675,1.585933,1.312590,-0.820278,0.368673,2.797207,1,1,1.0000,1.0000,1,1,0,0,0.0000,0.0000,,,,,468,420,4,3,468,420,0,0,0,0,0.55649,0.50142,0
1786017695.5251,A_left_j1,A,left,0,,,100,176.3000,344.2000,167.0000,353.6000,0.0000,0.0000,354.9000,337.2000,23.9000,0.0000,154.4000,0.0000,109.3000,0.0000,-0.87100,0.02600,0.38000,2.44000,1.62000,1.95000,-0.91900,0.06300,0.30400,-1.22000,-0.04000,-0.82000,13.5,2.0,0.0,0.0,0.718830,0.257590,1.317562,-0.671721,0.288798,1.195540,-0.089600,0.486000,0.869300,0.003200,0.133500,0.542300,0.828800,0.034500,0.718825,0.257582,1.317557,-0.671691,0.288838,1.195559,-1.929378,-1.181739,-1.504189,-1.463425,-2.998906,0.151826,0.794769,-1.048870,1.398675,1.585933,1.312590,-0.820278,0.368673,2.797207,1,1,1.0000,1.0000,1,1,0,0,0.0000,0.0000,,,,,468,420,4,3,468,420,0,0,0,0,0.55649,0.50142,0
1786017695.5601,A_left_j1,A,left,0,,,101,176.3000,344.2000,167.0000,353.6000,0.0000,0.0000,354.9000,337.2000,23.9000,0.0000,154.4000,0.0000,109.3000,0.0000,-0.87100,0.02600,0.38000,2.44000,1.62000,1.95000,-0.91900,0.06300,0.30400,-1.22000,-0.04000,-0.82000,13.5,2.0,0.0,0.0,0.718830,0.257590,1.317562,-0.671721,0.288798,1.195540,-0.089600,0.486000,0.869300,0.003200,0.133500,0.542300,0.828800,0.034500,0.718825,0.257582,1.317557,-0.671721,0.288798,1.195540,-1.929378,-1.181739,-1.504189,-1.463425,-2.998906,0.151826,0.794769,-1.048870,1.398675,1.585933,1.312590,-0.820278,0.368673,2.797207,1,1,1.0000,1.0000,1,1,0,0,0.0000,0.0000,,,,,119960,116924,45,31,119680,116891,280,32,0,1,0.55655,0.50142,0
1786017695.5650,A_left_j1,A,left,0,,,102,176.3000,344.2000,167.0000,353.6000,0.0000,0.0000,354.9000,337.2000,23.9000,0.0000,154.4000,0.0000,109.3000,0.0000,-0.87100,0.02600,0.38000,2.44000,1.62000,1.95000,-0.91900,0.06300,0.30400,-1.22000,-0.04000,-0.82000,13.5,2.0,0.0,0.0,0.718830,0.257590,1.317562,-0.671721,0.288798,1.195540,-0.089600,0.486000,0.869300,0.003200,0.133500,0.542300,0.828800,0.034500,0.718825,0.257582,1.317557,-0.671721,0.288798,1.195540,-1.929378,-1.181739,-1.504189,-1.463425,-2.998906,0.151826,0.794769,-1.048870,1.398675,1.585933,1.312590,-0.820278,0.368673,2.797207,1,1,1.0000,1.0000,1,1,0,0,0.0000,0.0000,,,,,468,420,4,3,468,420,0,0,0,0,0.55649,0.50142,0
1786017695.5825,A_left_j1,A,left,0,,,103,176.3000,344.2000,167.0000,353.6000,0.0000,0.0000,354.9000,337.2000,23.9000,0.0000,154.4000,0.0000,109.3000,0.0000,-0.87100,0.02600,0.38000,2.44000,1.62000,1.95000,-0.91900,0.06300,0.30400,-1.22000,-0.04000,-0.82000,13.5,2.0,0.0,0.0,0.718830,0.257590,1.317562,-0.671721,0.288798,1.195540,-0.089600,0.486000,0.869300,0.003200,0.133500,0.542300,0.828800,0.034500,0.718825,0.257582,1.317557,-0.671721,0.288798,1.195540,-1.929378,-1.181739,-1.504189,-1.463425,-2.998906,0.151826,0.794769,-1.048870,1.398675,1.585933,1.312590,-0.820278,0.368673,2.797207,1,1,1.0000,1.0000,1,1,0,0,0.0000,0.0000,,,,,468,116924,4,31,468,116891,0,32,0,1,0.55649,0.50142,0
1786017695.6060,A_left_j1,A,left,0,,,104,176.3000,344.2000,167.0000,353.6000,0.0000,0.0000,354.9000,337.2000,23.9000,0.0000,154.4000,0.0000,109.3000,0.0000,-0.87100,0.02600,0.38000,2.44000,1.62000,1.95000,-0.91900,0.06300,0.30400,-1.22000,-0.04000,-0.82000,13.5,2.0,0.0,0.0,0.718830,0.257590,1.317562,-0.671721,0.288798,1.195540,-0.089600,0.486000,0.869300,0.003200,0.133500,0.542300,0.828800,0.034500,0.718825,0.257582,1.317557,-0.671721,0.288798,1.195540,-1.929378,-1.181739,-1.504189,-1.463425,-2.998906,0.151826,0.794769,-1.048870,1.398675,1.585933,1.312590,-0.820278,0.368673,2.797207,1,1,1.0000,1.0000,1,1,0,0,0.0000,0.0000,,,,,119960,116924,45,31,119680,116891,280,32,0,1,0.55655,0.50142,0
1786017695.6246,A_left_j1,A,left,0,,,105,176.3000,344.2000,167.0000,353.6000,0.0000,0.0000,354.9000,337.2000,23.9000,0.0000,154.4000,0.0000,109.3000,0.0000,-0.87100,0.02600,0.38000,2.44000,1.62000,1.95000,-0.91900,0.06300,0.30400,-1.22000,-0.04000,-0.82000,13.5,2.0,0.0,0.0,0.718830,0.257590,1.317562,-0.671721,0.288798,1.195540,-0.089600,0.486000,0.869300,0.003200,0.133500,0.542300,0.828800,0.034500,0.718825,0.257582,1.317557,-0.671721,0.288798,1.195540,-1.929378,-1.181739,-1.504189,-1.463425,-2.998906,0.151826,0.794769,-1.048870,1.398675,1.585933,1.312590,-0.820278,0.368673,2.797207,1,1,1.0000,1.0000,1,1,0,0,0.0000,0.0000,,,,,119960,116924,45,31,119680,116891,280,32,0,1,0.55655,0.50142,0
1786017695.6477,A_left_j1,A,left,0,,,106,176.3000,344.2000,167.0000,353.6000,0.0000,0.0000,354.9000,337.2000,23.9000,0.0000,154.4000,0.0000,109.3000,0.0000,-0.87100,0.02600,0.38000,2.44000,1.62000,1.95000,-0.91900,0.06300,0.30400,-1.22000,-0.04000,-0.82000,13.5,2.0,0.0,0.0,0.718830,0.257590,1.317562,-0.671721,0.288798,1.195540,-0.089600,0.486000,0.869300,0.003200,0.133500,0.542300,0.828800,0.034500,0.718825,0.257582,1.317557,-0.671721,0.288798,1.195540,-1.929378,-1.181739,-1.504189,-1.463425,-2.998906,0.151826,0.794769,-1.048870,1.398675,1.585933,1.312590,-0.820278,0.368673,2.797207,1,1,1.0000,1.0000,1,1,0,0,0.0000,0.0000,,,,,119960,116924,45,31,119680,116891,280,32,0,1,0.55655,0.50142,0
1786017695.6684,A_left_j1,A,left,0,,,107,176.4000,344.3000,167.1000,353.7000,0.0000,0.0000,354.9000,337.2000,23.9000,0.0000,154.3000,0.0000,109.4000,0.0000,-0.86700,0.02900,0.37500,2.29000,1.85000,1.88000,-0.92400,0.06200,0.30100,-1.27000,0.21000,-0.89000,14.1,1.6,0.0,0.0,0.718931,0.257636,1.317624,-0.671786,0.288763,1.195518,-0.089600,0.486000,0.869300,0.003200,0.133500,0.542300,0.828800,0.034500,0.718825,0.257582,1.317557,-0.671721,0.288798,1.195540,-1.929378,-1.181739,-1.504189,-1.463425,-2.998906,0.151826,0.794769,-1.048870,1.398675,1.585933,1.312590,-0.820278,0.368673,2.797207,1,1,1.0000,1.0000,1,1,0,0,0.0000,0.0000,,,,,119960,116924,45,31,119680,116891,280,32,0,1,0.55655,0.50142,0
1786017695.7003,A_left_j1,A,left,0,,,108,176.4000,344.3000,167.1000,353.7000,0.0000,0.0000,354.9000,337.2000,23.9000,0.0000,154.3000,0.0000,109.4000,0.0000,-0.86700,0.02900,0.37500,2.29000,1.85000,1.88000,-0.92400,0.06200,0.30100,-1.27000,0.21000,-0.89000,14.1,1.6,0.0,0.0,0.718931,0.257636,1.317624,-0.671786,0.288763,1.195518,-0.089600,0.486000,0.869300,0.003200,0.133500,0.542300,0.828800,0.034500,0.718845,0.257591,1.317569,-0.671721,0.288798,1.195540,-1.929444,-1.181669,-1.504173,-1.463308,-2.998931,0.151889,0.794722,-1.048870,1.398675,1.585933,1.312590,-0.820278,0.368673,2.797207,1,1,1.0000,1.0000,1,1,0,0,0.0000,0.0000,,,,,469,421,4,3,469,421,0,0,0,0,0.55648,0.50151,0
1786017695.7028,A_left_j1,A,left,0,,,109,176.4000,344.3000,167.1000,353.7000,0.0000,0.0000,354.9000,337.2000,23.9000,0.0000,154.3000,0.0000,109.4000,0.0000,-0.86700,0.02900,0.37500,2.29000,1.85000,1.88000,-0.92400,0.06200,0.30100,-1.27000,0.21000,-0.89000,14.1,1.6,0.0,0.0,0.718931,0.257636,1.317624,-0.671786,0.288763,1.195518,-0.089600,0.486000,0.869300,0.003200,0.133500,0.542300,0.828800,0.034500,0.718845,0.257591,1.317569,-0.671721,0.288798,1.195540,-1.929475,-1.181636,-1.504166,-1.463252,-2.998944,0.151919,0.794700,-1.048887,1.398649,1.585929,1.312585,-0.820210,0.368688,2.797163,1,1,1.0000,1.0000,1,1,0,0,0.0000,0.0000,,,,,119961,116925,45,31,119681,116892,280,32,0,1,0.55648,0.50151,0
1786017695.7251,A_left_j1,A,left,0,,,110,176.4000,344.3000,167.1000,353.7000,0.0000,0.0000,354.9000,337.2000,23.9000,0.0000,154.3000,0.0000,109.4000,0.0000,-0.86700,0.02900,0.37500,2.29000,1.85000,1.88000,-0.92400,0.06200,0.30100,-1.27000,0.21000,-0.89000,14.1,1.6,0.0,0.0,0.718931,0.257636,1.317624,-0.671786,0.288763,1.195518,-0.089600,0.486000,0.869300,0.003200,0.133500,0.542300,0.828800,0.034500,0.718845,0.257591,1.317569,-0.671721,0.288798,1.195540,-1.929530,-1.181577,-1.504152,-1.463153,-2.998965,0.151972,0.794660,-1.048913,1.398610,1.585924,1.312577,-0.820109,0.368711,2.797098,1,1,1.0000,1.0000,1,1,0,0,0.0000,0.0000,,,,,469,421,4,3,469,421,0,0,0,0,0.55648,0.50151,0
1786017695.7440,A_left_j1,A,left,0,,,111,176.4000,344.3000,167.1000,353.7000,0.0000,0.0000,354.9000,337.2000,23.9000,0.0000,154.3000,0.0000,109.4000,0.0000,-0.86700,0.02900,0.37500,2.29000,1.85000,1.88000,-0.92400,0.06200,0.30100,-1.27000,0.21000,-0.89000,14.1,1.6,0.0,0.0,0.718931,0.257636,1.317624,-0.671786,0.288763,1.195518,-0.089600,0.486000,0.869300,0.003200,0.133500,0.542300,0.828800,0.034500,0.718845,0.257591,1.317569,-0.671721,0.288798,1.195540,-1.929560,-1.181546,-1.504145,-1.463100,-2.998977,0.152000,0.794639,-1.048935,1.398578,1.585919,1.312571,-0.820024,0.368730,2.797043,1,1,1.0000,1.0000,1,1,0,0,0.0000,0.0000,,,,,119961,116925,45,31,119681,116892,280,32,0,1,0.55648,0.50151,0
1786017695.7638,A_left_j1,A,left,0,,,112,176.4000,344.3000,167.1000,353.7000,0.0000,0.0000,354.9000,337.2000,23.9000,0.0000,154.3000,0.0000,109.4000,0.0000,-0.86700,0.02900,0.37500,2.29000,1.85000,1.88000,-0.92400,0.06200,0.30100,-1.27000,0.21000,-0.89000,14.1,1.6,0.0,0.0,0.718931,0.257636,1.317624,-0.671786,0.288763,1.195518,-0.089600,0.486000,0.869300,0.003200,0.133500,0.542300,0.828800,0.034500,0.718926,0.257627,1.317619,-0.671778,0.288767,1.195521,-1.929560,-1.181546,-1.504145,-1.463100,-2.998977,0.152000,0.794639,-1.048946,1.398561,1.585917,1.312567,-0.819981,0.368740,2.797016,1,1,1.0000,1.0000,1,1,0,0,0.0000,0.0000,,,,,469,421,4,3,469,421,0,0,0,0,0.55648,0.50151,0
1786017695.7843,A_left_j1,A,left,0,,,113,176.4000,344.3000,167.1000,353.7000,0.0000,0.0000,354.9000,337.3000,23.9000,0.0000,154.5000,0.0000,109.5000,0.0000,-0.86900,0.02900,0.38400,2.58000,1.37000,1.96000,-0.91800,0.05900,0.29600,-1.27000,-0.30000,-0.85000,13.6,1.9,0.0,0.0,0.718922,0.257600,1.317680,-0.591494,0.288788,1.195621,-0.089600,0.486000,0.869300,0.003200,0.133500,0.542300,0.828800,0.034500,0.718926,0.257627,1.317619,-0.671778,0.288767,1.195521,-1.929560,-1.181546,-1.504145,-1.463100,-2.998977,0.152000,0.794639,-1.048956,1.398545,1.585915,1.312564,-0.819939,0.368749,2.796988,0,1,1.0000,1.0000,1,1,0,0,0.0000,0.0000,,,,,119961,116925,45,31,119681,116892,280,32,0,1,0.55648,0.50151,0
1786017695.8052,A_left_j1,A,left,0,,,114,176.4000,344.2000,167.1000,353.7000,0.0000,0.0000,354.9000,337.3000,23.9000,0.0000,154.4000,0.0000,109.4000,0.0000,-0.87300,0.02700,0.37100,2.53000,1.40000,1.85000,-0.91700,0.05700,0.30400,-1.44000,-0.27000,-0.98000,13.6,1.7,0.0,0.0,0.719139,0.257700,1.317792,-0.671239,0.288909,1.195742,-0.089600,0.486000,0.869300,0.003200,0.133500,0.542300,0.828800,0.034500,0.718926,0.257627,1.317619,-0.671778,0.288767,1.195521,-1.929557,-1.181526,-1.504141,-1.463139,-2.998983,0.151965,0.794624,-1.048956,1.398545,1.585915,1.312564,-0.819939,0.368749,2.796988,1,1,1.0000,1.0000,1,1,0,0,0.0000,0.0000,,,,,119962,116926,45,31,119682,116893,280,32,0,1,0.55659,0.50156,0
1786017695.8258,A_left_j1,A,left,0,,,115,176.4000,344.2000,167.1000,353.7000,0.0000,0.0000,354.9000,337.3000,23.9000,0.0000,154.4000,0.0000,109.4000,0.0000,-0.87300,0.02700,0.37100,2.53000,1.40000,1.85000,-0.91700,0.05700,0.30400,-1.44000,-0.27000,-0.98000,13.6,1.7,0.0,0.0,0.719139,0.257700,1.317792,-0.671239,0.288909,1.195742,-0.089600,0.486000,0.869300,0.003200,0.133500,0.542300,0.828800,0.034500,0.718921,0.257608,1.317648,-0.669137,0.288987,1.195406,-1.929553,-1.181494,-1.504134,-1.463201,-2.998992,0.151910,0.794601,-1.049243,1.400792,1.581888,1.316803,-0.821756,0.362749,2.797381,1,1,1.0000,1.0000,1,1,0,0,0.0000,0.0000,,,,,470,116926,4,31,470,116893,0,32,0,1,0.55659,0.50156,0
1786017695.8460,A_left_j1,A,left,0,,,116,176.4000,344.2000,167.1000,353.8000,0.0000,0.0000,354.9000,337.3000,23.9000,0.0000,154.4000,0.0000,109.4000,0.0000,-0.86800,0.01900,0.37800,2.49000,1.59000,1.79000,-0.91500,0.06300,0.30800,-1.36000,-0.29000,-1.13000,12.8,1.9,0.0,0.0,0.718746,0.257560,1.317694,-0.671780,0.288794,1.195519,-0.089600,0.486000,0.869300,0.003200,0.133500,0.542300,0.828800,0.034500,0.718921,0.257608,1.317648,-0.669137,0.288987,1.195406,-1.929545,-1.181535,-1.504132,-1.463245,-2.998972,0.151870,0.794622,-1.049551,1.403800,1.576308,1.322596,-0.824195,0.354462,2.797964,1,1,1.0000,1.0000,1,1,0,0,0.0000,0.0000,,,,,119963,422,45,3,119683,422,280,0,0,0,0.55659,0.50156,0
1786017695.8646,A_left_j1,A,left,0,,,117,176.4000,344.2000,167.1000,353.8000,0.0000,0.0000,354.9000,337.3000,23.9000,0.0000,154.4000,0.0000,109.4000,0.0000,-0.86800,0.01900,0.37800,2.49000,1.59000,1.79000,-0.91500,0.06300,0.30800,-1.36000,-0.29000,-1.13000,12.8,1.9,0.0,0.0,0.718746,0.257560,1.317694,-0.671780,0.288794,1.195519,-0.089600,0.486000,0.869300,0.003200,0.133500,0.542300,0.828800,0.034500,0.718921,0.257608,1.317648,-0.669137,0.288987,1.195406,-1.929540,-1.181560,-1.504131,-1.463273,-2.998960,0.151845,0.794635,-1.049068,1.401209,1.580569,1.317950,-0.822113,0.360861,2.797630,1,1,1.0000,1.0000,1,1,0,0,0.0000,0.0000,,,,,472,422,4,3,472,422,0,0,0,0,0.55658,0.50156,0
1786017695.9068,A_left_j1,A,left,0,,,118,17.4000,344.2000,167.1000,353.8000,0.0000,0.0000,354.5000,337.3000,23.9000,0.0000,154.4000,0.0000,109.4000,0.0000,-0.86300,0.02600,0.38100,2.66000,1.75000,1.57000,-0.92200,0.06600,0.29300,-1.10000,-0.07000,-1.37000,13.4,1.3,0.0,0.0,0.718922,0.257600,1.317680,-0.592059,0.288847,1.195419,-0.089600,0.486000,0.869300,0.003200,0.133500,0.542300,0.828800,0.034500,0.718834,0.257591,1.317659,-0.670226,0.288967,1.195611,-1.929517,-1.181598,-1.504105,-1.463534,-2.998938,0.151603,0.794648,-1.048855,1.399345,1.583671,1.314508,-0.820280,0.365631,2.797006,0,1,1.0000,1.0000,1,1,0,0,0.0000,0.0000,,,,,119964,116928,45,31,119684,116895,280,32,0,1,0.55658,0.50074,0
1786017695.9083,A_left_j1,A,left,0,,,119,17.4000,344.2000,167.1000,353.8000,0.0000,0.0000,354.5000,337.3000,23.9000,0.0000,154.4000,0.0000,109.4000,0.0000,-0.86300,0.02600,0.38100,2.66000,1.75000,1.57000,-0.92200,0.06600,0.29300,-1.10000,-0.07000,-1.37000,13.4,1.3,0.0,0.0,0.718922,0.257600,1.317680,-0.592059,0.288847,1.195419,-0.089600,0.486000,0.869300,0.003200,0.133500,0.542300,0.828800,0.034500,0.718834,0.257591,1.317659,-0.670226,0.288967,1.195611,-1.929517,-1.181598,-1.504105,-1.463534,-2.998938,0.151603,0.794648,-1.048855,1.399345,1.583671,1.314508,-0.820280,0.365631,2.797006,0,1,1.0000,1.0000,1,1,0,0,0.0000,0.0000,,,,,119964,116928,45,31,119684,116895,280,32,0,1,0.55658,0.50074,0
1786017695.9250,A_left_j1,A,left,0,,,120,17.4000,344.2000,167.1000,353.8000,0.0000,0.0000,354.5000,337.3000,23.9000,0.0000,154.4000,0.0000,109.4000,0.0000,-0.86300,0.02600,0.38100,2.66000,1.75000,1.57000,-0.92200,0.06600,0.29300,-1.10000,-0.07000,-1.37000,13.4,1.3,0.0,0.0,0.718922,0.257600,1.317680,-0.592059,0.288847,1.195419,-0.089600,0.486000,0.869300,0.003200,0.133500,0.542300,0.828800,0.034500,0.718834,0.257591,1.317659,-0.670226,0.288967,1.195611,-1.929511,-1.181586,-1.504097,-1.463616,-2.998939,0.151527,0.794636,-1.048888,1.398540,1.585015,1.312948,-0.819154,0.367812,2.796364,0,1,1.0000,1.0000,1,1,0,0,0.0000,0.0000,,,,,119965,424,45,3,119685,424,280,0,0,0,0.55649,0.50116,0
1786017695.9420,A_left_j1,A,left,0,,,121,17.4000,344.2000,167.1000,353.8000,0.0000,0.0000,354.5000,337.3000,23.9000,0.0000,154.4000,0.0000,109.4000,0.0000,-0.86300,0.02600,0.38100,2.66000,1.75000,1.57000,-0.92200,0.06600,0.29300,-1.10000,-0.07000,-1.37000,13.4,1.3,0.0,0.0,0.718922,0.257600,1.317680,-0.592059,0.288847,1.195419,-0.089600,0.486000,0.869300,0.003200,0.133500,0.542300,0.828800,0.034500,0.718834,0.257591,1.317659,-0.670226,0.288967,1.195611,-1.929529,-1.181517,-1.504111,-1.463458,-2.998967,0.151674,0.794597,-1.049474,1.403048,1.577086,1.321341,-0.822794,0.355965,2.797122,0,1,1.0000,1.0000,1,1,0,0,0.0000,0.0000,,,,,473,424,4,3,473,424,0,0,0,0,0.55649,0.50116,0
1786017695.9660,A_left_j1,A,left,0,,,122,17.4000,344.2000,167.1000,353.8000,0.0000,0.0000,354.5000,337.3000,23.9000,0.0000,154.4000,0.0000,109.4000,0.0000,-0.86300,0.02600,0.38100,2.66000,1.75000,1.57000,-0.92200,0.06600,0.29300,-1.10000,-0.07000,-1.37000,13.4,1.3,0.0,0.0,0.718922,0.257600,1.317680,-0.592059,0.288847,1.195419,-0.089600,0.486000,0.869300,0.003200,0.133500,0.542300,0.828800,0.034500,0.718887,0.257586,1.317677,-0.663571,0.289443,1.195199,-1.929547,-1.181447,-1.504125,-1.463296,-2.998996,0.151823,0.794557,-1.050050,1.407480,1.569290,1.329594,-0.826373,0.344316,2.797867,0,1,1.0000,1.0000,1,1,0,0,0.0000,0.0000,,,,,119965,424,45,3,119685,424,280,0,0,0,0.55649,0.50116,0
1786017695.9823,A_left_j1,A,left,0,,,123,17.4000,344.2000,167.1000,353.8000,0.0000,0.0000,354.5000,337.3000,23.9000,0.0000,154.4000,0.0000,109.4000,0.0000,-0.86300,0.02600,0.38100,2.66000,1.75000,1.57000,-0.92200,0.06600,0.29300,-1.10000,-0.07000,-1.37000,13.4,1.3,0.0,0.0,0.718922,0.257600,1.317680,-0.592059,0.288847,1.195419,-0.089600,0.486000,0.869300,0.003200,0.133500,0.542300,0.828800,0.034500,0.718887,0.257586,1.317677,-0.663571,0.289443,1.195199,-1.929547,-1.181446,-1.504125,-1.463293,-2.998996,0.151826,0.794556,-1.050625,1.411903,1.561509,1.337831,-0.829945,0.332689,2.798610,0,1,1.0000,1.0000,1,1,0,0,0.0000,0.0000,,,,,473,424,4,3,473,424,0,0,0,0,0.55649,0.50116,0
1786017696.0027,A_left_j1,A,left,0,,,124,17.4000,344.2000,167.1000,353.8000,0.0000,0.0000,354.5000,337.3000,23.9000,0.0000,154.4000,0.0000,109.4000,0.0000,-0.86300,0.02600,0.38100,2.66000,1.75000,1.57000,-0.92200,0.06600,0.29300,-1.10000,-0.07000,-1.37000,13.4,1.3,0.0,0.0,0.718922,0.257600,1.317680,-0.592059,0.288847,1.195419,-0.089600,0.486000,0.869300,0.003200,0.133500,0.542300,0.828800,0.034500,0.718887,0.257586,1.317677,-0.663571,0.289443,1.195199,-1.929547,-1.181446,-1.504125,-1.463293,-2.998996,0.151826,0.794556,-1.051205,1.416373,1.553647,1.346154,-0.833555,0.320943,2.799361,0,1,1.0000,1.0000,1,1,0,0,0.0000,0.0000,,,,,473,424,4,3,473,424,0,0,0,0,0.55649,0.50116,0
1786017696.0298,A_left_j1,A,left,0,,,125,17.4000,344.2000,167.1000,353.8000,0.0000,0.0000,354.5000,337.3000,23.9000,0.0000,154.4000,0.0000,109.4000,0.0000,-0.86300,0.02600,0.38100,2.66000,1.75000,1.57000,-0.92200,0.06600,0.29300,-1.10000,-0.07000,-1.37000,13.4,1.3,0.0,0.0,0.718922,0.257600,1.317680,-0.592059,0.288847,1.195419,-0.089600,0.486000,0.869300,0.003200,0.133500,0.542300,0.828800,0.034500,0.718917,0.257591,1.317675,-0.645517,0.290342,1.194696,-1.929547,-1.181446,-1.504125,-1.463293,-2.998996,0.151826,0.794556,-1.051778,1.420781,1.545894,1.354362,-0.837114,0.309358,2.800102,0,1,1.0000,1.0000,1,1,0,0,0.0000,0.0000,,,,,119965,116929,45,31,119685,116896,280,32,0,1,0.55649,0.50116,0
1786017696.0441,A_left_j1,A,left,0,,,126,176.4000,344.1000,167.1000,353.7000,0.0000,0.0000,354.8000,337.2000,24.0000,0.0000,154.5000,0.0000,109.3000,0.0000,-0.86500,0.02200,0.37600,2.60000,1.66000,2.20000,-0.91800,0.06400,0.29900,-1.18000,0.08000,-0.73000,13.5,1.8,0.0,0.0,0.719013,0.257650,1.317772,-0.671634,0.288859,1.195589,-0.089600,0.486000,0.869300,0.003200,0.133500,0.542300,0.828800,0.034500,0.718917,0.257591,1.317675,-0.645517,0.290342,1.194696,-1.929547,-1.181446,-1.504125,-1.463293,-2.998996,0.151826,0.794556,-1.052064,1.422983,1.542020,1.358463,-0.838892,0.303569,2.800472,1,1,1.0000,1.0000,1,1,0,0,0.0000,0.0000,,,,,119965,116929,45,31,119685,116896,280,32,0,1,0.55649,0.50116,0
1786017696.0677,A_left_j1,A,left,0,,,127,176.4000,344.1000,167.1000,353.7000,0.0000,0.0000,354.8000,337.2000,24.0000,0.0000,154.5000,0.0000,109.3000,0.0000,-0.86500,0.02200,0.37600,2.60000,1.66000,2.20000,-0.91800,0.06400,0.29900,-1.18000,0.08000,-0.73000,13.5,1.8,0.0,0.0,0.719013,0.257650,1.317772,-0.671634,0.288859,1.195589,-0.089600,0.486000,0.869300,0.003200,0.133500,0.542300,0.828800,0.034500,0.718917,0.257591,1.317675,-0.645517,0.290342,1.194696,-1.929547,-1.181446,-1.504125,-1.463293,-2.998996,0.151826,0.794556,-1.052642,1.427434,1.534191,1.366751,-0.842487,0.291871,2.801220,1,1,1.0000,1.0000,1,1,0,0,0.0000,0.0000,,,,,119966,116929,45,31,119686,116896,280,32,0,1,0.55658,0.50116,0
1786017696.0835,A_left_j1,A,left,0,,,128,176.4000,344.1000,167.1000,353.7000,0.0000,0.0000,354.8000,337.2000,24.0000,0.0000,154.5000,0.0000,109.3000,0.0000,-0.86500,0.02200,0.37600,2.60000,1.66000,2.20000,-0.91800,0.06400,0.29900,-1.18000,0.08000,-0.73000,13.5,1.8,0.0,0.0,0.719013,0.257650,1.317772,-0.671634,0.288859,1.195589,-0.089600,0.486000,0.869300,0.003200,0.133500,0.542300,0.828800,0.034500,0.718917,0.257591,1.317675,-0.645517,0.290342,1.194696,-1.929593,-1.181402,-1.504111,-1.463233,-2.999013,0.151847,0.794527,-1.052943,1.429752,1.530114,1.371067,-0.844359,0.285778,2.801610,1,1,1.0000,1.0000,1,1,0,0,0.0000,0.0000,,,,,474,424,4,3,474,424,0,0,0,0,0.55658,0.50116,0
1786017696.1044,A_left_j1,A,left,0,,,129,176.4000,344.1000,167.1000,353.7000,0.0000,0.0000,354.8000,337.2000,24.0000,0.0000,154.5000,0.0000,109.3000,0.0000,-0.86500,0.02200,0.37600,2.60000,1.66000,2.20000,-0.91800,0.06400,0.29900,-1.18000,0.08000,-0.73000,13.5,1.8,0.0,0.0,0.719013,0.257650,1.317772,-0.671634,0.288859,1.195589,-0.089600,0.486000,0.869300,0.003200,0.133500,0.542300,0.828800,0.034500,0.718978,0.257625,1.317737,-0.638196,0.290513,1.194598,-1.929700,-1.181300,-1.504076,-1.463094,-2.999051,0.151896,0.794457,-1.052578,1.426939,1.534694,1.366016,-0.841770,0.292783,2.800883,1,1,1.0000,1.0000,1,1,0,0,0.0000,0.0000,,,,,119966,116930,45,31,119686,116897,280,32,0,1,0.55658,0.49341,0
1786017696.1221,A_left_j1,A,left,0,,,130,176.4000,344.1000,167.1000,353.7000,0.0000,0.0000,354.8000,337.2000,24.0000,0.0000,154.5000,0.0000,109.3000,0.0000,-0.86500,0.02200,0.37600,2.60000,1.66000,2.20000,-0.91800,0.06400,0.29900,-1.18000,0.08000,-0.73000,13.5,1.8,0.0,0.0,0.719013,0.257650,1.317772,-0.671634,0.288859,1.195589,-0.089600,0.486000,0.869300,0.003200,0.133500,0.542300,0.828800,0.034500,0.718978,0.257625,1.317737,-0.638196,0.290513,1.194598,-1.929776,-1.181227,-1.504052,-1.462996,-2.999078,0.151931,0.794407,-1.051605,1.419452,1.547330,1.352346,-0.835262,0.311898,2.799255,1,1,1.0000,1.0000,1,1,0,0,0.0000,0.0000,,,,,474,425,4,3,474,425,0,0,0,0,0.55658,0.49341,0
1786017696.1495,A_left_j1,A,left,0,,,131,176.4000,344.1000,167.1000,353.7000,0.0000,0.0000,354.8000,337.2000,24.0000,0.0000,154.5000,0.0000,109.3000,0.0000,-0.86500,0.02200,0.37600,2.60000,1.66000,2.20000,-0.91800,0.06400,0.29900,-1.18000,0.08000,-0.73000,13.5,1.8,0.0,0.0,0.719013,0.257650,1.317772,-0.671634,0.288859,1.195589,-0.089600,0.486000,0.869300,0.003200,0.133500,0.542300,0.828800,0.034500,0.718978,0.257625,1.317737,-0.638196,0.290513,1.194598,-1.929776,-1.181227,-1.504052,-1.462996,-2.999078,0.151931,0.794407,-1.050944,1.414361,1.555920,1.343052,-0.830838,0.324894,2.798148,1,1,1.0000,1.0000,1,1,0,0,0.0000,0.0000,,,,,474,425,4,3,474,425,0,0,0,0,0.55658,0.49341,0
1786017696.1885,A_left_j1,A,left,0,,,132,176.4000,344.1000,167.1000,353.7000,0.0000,0.0000,354.8000,337.2000,24.0000,0.0000,154.5000,0.0000,109.3000,0.0000,-0.86500,0.02200,0.37600,2.60000,1.66000,2.20000,-0.91800,0.06400,0.29900,-1.18000,0.08000,-0.73000,13.5,1.8,0.0,0.0,0.719013,0.257650,1.317772,-0.671634,0.288859,1.195589,-0.089600,0.486000,0.869300,0.003200,0.133500,0.542300,0.828800,0.034500,0.718978,0.257625,1.317737,-0.638196,0.290513,1.194598,-1.929776,-1.181227,-1.504052,-1.462996,-2.999078,0.151931,0.794407,-1.050616,1.411842,1.560172,1.338451,-0.828648,0.331326,2.797600,1,1,1.0000,1.0000,1,1,0,0,0.0000,0.0000,,,,,119966,116930,45,31,119686,116897,280,32,0,1,0.55658,0.49341,0
1786017696.1958,A_left_j1,A,left,0,,,133,176.4000,344.1000,167.1000,353.7000,0.0000,0.0000,354.8000,337.2000,24.0000,0.0000,154.5000,0.0000,109.3000,0.0000,-0.86500,0.02200,0.37600,2.60000,1.66000,2.20000,-0.91800,0.06400,0.29900,-1.18000,0.08000,-0.73000,14.1,1.6,0.0,0.0,0.719013,0.257650,1.317772,-0.671634,0.288859,1.195589,-0.089600,0.486000,0.869300,0.003200,0.133500,0.542300,0.828800,0.034500,0.719008,0.257641,1.317767,-0.658403,0.289800,1.195034,-1.929776,-1.181227,-1.504052,-1.462996,-2.999078,0.151931,0.794407,-1.049963,1.406819,1.568649,1.329280,-0.824282,0.344150,2.796508,1,1,1.0000,1.0000,1,1,0,0,0.0000,0.0000,,,,,119966,116930,45,31,119686,116897,280,32,0,1,0.55658,0.49341,0
1786017696.2090,A_left_j1,A,left,0,,,134,176.4000,344.1000,167.1000,353.7000,0.0000,0.0000,354.9000,337.2000,24.0000,0.0000,154.5000,0.0000,109.3000,0.0000,-0.86500,0.01900,0.37500,2.53000,1.34000,1.63000,-0.91800,0.06400,0.29900,-1.18000,0.08000,-0.73000,14.1,1.6,0.0,0.0,0.718905,0.257607,1.317753,-0.671634,0.288859,1.195589,-0.089600,0.486000,0.869300,0.003200,0.133500,0.542300,0.828800,0.034500,0.719008,0.257641,1.317767,-0.658403,0.289800,1.195034,-1.929776,-1.181227,-1.504052,-1.462996,-2.999078,0.151931,0.794407,-1.049963,1.406819,1.568649,1.329280,-0.824282,0.344150,2.796508,1,1,1.0000,1.0000,1,1,0,0,0.0000,0.0000,,,,,119966,116930,45,31,119686,116897,280,32,0,1,0.55658,0.49341,0
1786017696.2261,A_left_j1,A,left,0,,,135,176.4000,344.1000,167.1000,353.7000,0.0000,0.0000,354.9000,337.4000,24.0000,0.0000,154.3000,0.0000,109.2000,0.0000,-0.86500,0.01900,0.37500,2.53000,1.34000,1.63000,-0.91300,0.06100,0.29300,-1.08000,-0.18000,-1.23000,14.1,1.6,0.0,0.0,0.718905,0.257607,1.317753,-0.671541,0.288907,1.195602,-0.089600,0.486000,0.869300,0.003200,0.133500,0.542300,0.828800,0.034500,0.719008,0.257641,1.317767,-0.658403,0.289800,1.195034,-1.929776,-1.181227,-1.504052,-1.462996,-2.999078,0.151931,0.794407,-1.049308,1.401776,1.577160,1.320073,-0.819899,0.357024,2.795412,1,1,1.0000,1.0000,1,1,0,0,0.0000,0.0000,,,,,119966,116930,45,31,119686,116897,280,32,0,1,0.55658,0.49341,0
1786017696.2549,A_left_j1,A,left,0,,,136,176.4000,344.1000,167.0000,353.6000,0.0000,0.0000,354.9000,337.3000,24.1000,0.0000,154.4000,0.0000,109.2000,0.0000,-0.86700,0.02700,0.37600,2.53000,1.53000,1.66000,-0.91400,0.05800,0.30700,-1.16000,-0.03000,-1.44000,15.0,1.6,0.0,0.0,0.718922,0.257600,1.317680,-0.591598,0.288803,1.195578,-0.089600,0.486000,0.869300,0.003200,0.133500,0.542300,0.828800,0.034500,0.718969,0.257626,1.317760,-0.671634,0.288857,1.195588,-1.929751,-1.181256,-1.504055,-1.463069,-2.999064,0.151878,0.794422,-1.048777,1.397687,1.584060,1.312607,-0.816345,0.367463,2.794522,0,1,1.0000,1.0000,1,1,0,0,0.0000,0.0000,,,,,475,426,4,3,475,426,0,0,0,0,0.55667,0.49764,0
1786017696.2653,A_left_j1,A,left,0,,,137,176.4000,344.1000,167.0000,353.6000,0.0000,0.0000,354.9000,337.3000,24.1000,0.0000,154.4000,0.0000,109.2000,0.0000,-0.86700,0.02700,0.37600,2.53000,1.53000,1.66000,-0.91400,0.05800,0.30700,-1.16000,-0.03000,-1.44000,15.0,1.6,0.0,0.0,0.718922,0.257600,1.317680,-0.591598,0.288803,1.195578,-0.089600,0.486000,0.869300,0.003200,0.133500,0.542300,0.828800,0.034500,0.718969,0.257626,1.317760,-0.671634,0.288857,1.195588,-1.929731,-1.181280,-1.504056,-1.463127,-2.999052,0.151836,0.794435,-1.048777,1.397687,1.584060,1.312607,-0.816345,0.367463,2.794522,0,1,1.0000,1.0000,1,1,0,0,0.0000,0.0000,,,,,119967,116931,45,31,119687,116898,280,32,0,1,0.55667,0.49764,0
1786017696.2837,A_left_j1,A,left,0,,,138,176.4000,344.1000,167.0000,353.6000,0.0000,0.0000,354.9000,337.3000,24.1000,0.0000,154.4000,0.0000,109.2000,0.0000,-0.86700,0.02700,0.37600,2.53000,1.53000,1.66000,-0.91400,0.05800,0.30700,-1.16000,-0.03000,-1.44000,15.0,1.6,0.0,0.0,0.718922,0.257600,1.317680,-0.591598,0.288803,1.195578,-0.089600,0.486000,0.869300,0.003200,0.133500,0.542300,0.828800,0.034500,0.718969,0.257626,1.317760,-0.671634,0.288857,1.195588,-1.929668,-1.181353,-1.504063,-1.463312,-2.999016,0.151702,0.794473,-1.048788,1.397674,1.583635,1.313029,-0.816265,0.366886,2.794565,0,1,1.0000,1.0000,1,1,0,0,0.0000,0.0000,,,,,476,426,4,3,476,426,0,0,0,0,0.55663,0.49764,0
1786017696.3115,A_left_j1,A,left,0,,,139,176.4000,344.1000,167.0000,353.6000,0.0000,0.0000,354.9000,337.3000,24.1000,0.0000,154.4000,0.0000,109.2000,0.0000,-0.86700,0.02700,0.37600,2.53000,1.53000,1.66000,-0.91400,0.05800,0.30700,-1.16000,-0.03000,-1.44000,15.0,1.6,0.0,0.0,0.718922,0.257600,1.317680,-0.591598,0.288803,1.195578,-0.089600,0.486000,0.869300,0.003200,0.133500,0.542300,0.828800,0.034500,0.718916,0.257597,1.317705,-0.664423,0.289405,1.195360,-1.929596,-1.181410,-1.504101,-1.463299,-2.998990,0.151778,0.794510,-1.049563,1.403658,1.572982,1.324318,-0.821037,0.350961,2.795530,0,1,1.0000,1.0000,1,1,0,0,0.0000,0.0000,,,,,476,427,4,3,476,427,0,0,0,0,0.55663,0.50187,0
1786017696.3243,A_left_j1,A,left,0,,,140,176.4000,344.1000,167.0000,353.6000,0.0000,0.0000,354.9000,337.3000,24.1000,0.0000,154.4000,0.0000,109.2000,0.0000,-0.86700,0.02700,0.37600,2.53000,1.53000,1.66000,-0.91400,0.05800,0.30700,-1.16000,-0.03000,-1.44000,15.0,1.6,0.0,0.0,0.718922,0.257600,1.317680,-0.591598,0.288803,1.195578,-0.089600,0.486000,0.869300,0.003200,0.133500,0.542300,0.828800,0.034500,0.718916,0.257597,1.317705,-0.664423,0.289405,1.195360,-1.929577,-1.181425,-1.504112,-1.463296,-2.998983,0.151799,0.794520,-1.049848,1.405866,1.569091,1.328443,-0.822804,0.345139,2.795882,0,1,1.0000,1.0000,1,1,0,0,0.0000,0.0000,,,,,476,427,4,3,476,427,0,0,0,0,0.55663,0.50187,0
1786017696.3421,A_left_j1,A,left,0,,,141,176.4000,344.1000,167.0000,353.6000,0.0000,0.0000,354.9000,337.3000,24.1000,0.0000,154.4000,0.0000,109.2000,0.0000,-0.86700,0.02700,0.37600,2.53000,1.53000,1.66000,-0.91400,0.05800,0.30700,-1.16000,-0.03000,-1.44000,15.0,1.6,0.0,0.0,0.718922,0.257600,1.317680,-0.591598,0.288803,1.195578,-0.089600,0.486000,0.869300,0.003200,0.133500,0.542300,0.828800,0.034500,0.718916,0.257597,1.317705,-0.664423,0.289405,1.195360,-1.929548,-1.181448,-1.504128,-1.463290,-2.998973,0.151829,0.794535,-1.050698,1.412458,1.557476,1.340758,-0.828080,0.327762,2.796933,0,1,1.0000,1.0000,1,1,0,0,0.0000,0.0000,,,,,476,427,4,3,476,427,0,0,0,0,0.55663,0.50187,0
1786017696.3655,A_left_j1,A,left,0,,,142,176.4000,344.1000,167.0000,353.6000,0.0000,0.0000,354.9000,337.3000,24.1000,0.0000,154.4000,0.0000,109.2000,0.0000,-0.86700,0.02700,0.37600,2.53000,1.53000,1.66000,-0.91400,0.05800,0.30700,-1.16000,-0.03000,-1.44000,15.0,1.6,0.0,0.0,0.718922,0.257600,1.317680,-0.591598,0.288803,1.195578,-0.089600,0.486000,0.869300,0.003200,0.133500,0.542300,0.828800,0.034500,0.718916,0.257597,1.317705,-0.664423,0.289405,1.195360,-1.929548,-1.181448,-1.504128,-1.463290,-2.998973,0.151829,0.794535,-1.050971,1.414574,1.553750,1.344709,-0.829773,0.322186,2.797271,0,1,1.0000,1.0000,1,1,0,0,0.0000,0.0000,,,,,119968,116932,45,31,119688,116899,280,32,0,1,0.55663,0.50187,0
1786017696.3897,A_left_j1,A,left,0,,,143,176.4000,344.1000,167.0000,353.6000,0.0000,0.0000,354.9000,337.3000,24.1000,0.0000,154.4000,0.0000,109.2000,0.0000,-0.86700,0.02700,0.37600,2.53000,1.53000,1.66000,-0.91400,0.05800,0.30700,-1.16000,-0.03000,-1.44000,15.0,1.6,0.0,0.0,0.718922,0.257600,1.317680,-0.591598,0.288803,1.195578,-0.089600,0.486000,0.869300,0.003200,0.133500,0.542300,0.828800,0.034500,0.718917,0.257592,1.317675,-0.646375,0.290331,1.194846,-1.929548,-1.181448,-1.504128,-1.463290,-2.998973,0.151829,0.794535,-1.051553,1.419084,1.545803,1.353135,-0.833383,0.310296,2.797990,0,1,1.0000,1.0000,1,1,0,0,0.0000,0.0000,,,,,476,116932,4,31,476,116899,0,32,0,1,0.55663,0.50187,0
1786017696.4845,A_left_j1,A,left,0,,,144,176.4000,344.1000,167.0000,353.6000,0.0000,0.0000,354.9000,337.3000,24.1000,0.0000,154.4000,0.0000,109.2000,0.0000,-0.86700,0.02700,0.37600,2.53000,1.53000,1.66000,-0.91400,0.05800,0.30700,-1.16000,-0.03000,-1.44000,13.7,1.7,0.0,0.0,0.718922,0.257600,1.317680,-0.591598,0.288803,1.195578,-0.089600,0.486000,0.869300,0.003200,0.133500,0.542300,0.828800,0.034500,0.718917,0.257592,1.317675,-0.646375,0.290331,1.194846,-1.929548,-1.181448,-1.504128,-1.463290,-2.998973,0.151829,0.794535,-1.052391,1.425581,1.534356,1.365272,-0.838584,0.293169,2.799026,0,1,1.0000,1.0000,1,1,0,0,0.0000,0.0000,,,,,476,427,4,3,476,427,0,0,0,0,0.55663,0.50187,0
1786017696.4878,A_left_j1,A,left,0,,,145,176.4000,344.1000,167.0000,353.6000,0.0000,0.0000,354.9000,337.3000,24.1000,0.0000,154.4000,0.0000,109.2000,0.0000,-0.86700,0.02700,0.37600,2.53000,1.53000,1.66000,-0.91400,0.05800,0.30700,-1.16000,-0.03000,-1.44000,13.7,1.7,0.0,0.0,0.718922,0.257600,1.317680,-0.591598,0.288803,1.195578,-0.089600,0.486000,0.869300,0.003200,0.133500,0.542300,0.828800,0.034500,0.718917,0.257592,1.317675,-0.646375,0.290331,1.194846,-1.929548,-1.181448,-1.504128,-1.463290,-2.998973,0.151829,0.794535,-1.052391,1.425581,1.534356,1.365272,-0.838584,0.293169,2.799026,0,1,1.0000,1.0000,1,1,0,0,0.0000,0.0000,,,,,476,427,4,3,476,427,0,0,0,0,0.55663,0.50187,0
1786017696.4885,A_left_j1,A,left,0,,,146,176.4000,344.1000,167.0000,353.6000,0.0000,0.0000,354.9000,337.3000,24.1000,0.0000,154.4000,0.0000,109.2000,0.0000,-0.86700,0.02700,0.37600,2.53000,1.53000,1.66000,-0.91400,0.05800,0.30700,-1.16000,-0.03000,-1.44000,13.7,1.7,0.0,0.0,0.718922,0.257600,1.317680,-0.591598,0.288803,1.195578,-0.089600,0.486000,0.869300,0.003200,0.133500,0.542300,0.828800,0.034500,0.718917,0.257592,1.317675,-0.646375,0.290331,1.194846,-1.929548,-1.181448,-1.504128,-1.463290,-2.998973,0.151829,0.794535,-1.052391,1.425581,1.534356,1.365272,-0.838584,0.293169,2.799026,0,1,1.0000,1.0000,1,1,0,0,0.0000,0.0000,,,,,476,427,4,3,476,427,0,0,0,0,0.55663,0.50187,0
1786017696.4891,A_left_j1,A,left,0,,,147,176.4000,344.1000,167.0000,353.6000,0.0000,0.0000,354.9000,337.3000,24.1000,0.0000,154.4000,0.0000,109.2000,0.0000,-0.86700,0.02700,0.37600,2.53000,1.53000,1.66000,-0.91400,0.05800,0.30700,-1.16000,-0.03000,-1.44000,13.7,1.7,0.0,0.0,0.718922,0.257600,1.317680,-0.591598,0.288803,1.195578,-0.089600,0.486000,0.869300,0.003200,0.133500,0.542300,0.828800,0.034500,0.718917,0.257592,1.317675,-0.646375,0.290331,1.194846,-1.929548,-1.181448,-1.504128,-1.463290,-2.998973,0.151829,0.794535,-1.052391,1.425581,1.534356,1.365272,-0.838584,0.293169,2.799026,0,1,1.0000,1.0000,1,1,0,0,0.0000,0.0000,,,,,476,427,4,3,476,427,0,0,0,0,0.55663,0.50187,0
1786017696.4897,A_left_j1,A,left,0,,,148,176.4000,344.1000,167.0000,353.6000,0.0000,0.0000,354.9000,337.3000,24.1000,0.0000,154.4000,0.0000,109.2000,0.0000,-0.86700,0.02700,0.37600,2.53000,1.53000,1.66000,-0.91400,0.05800,0.30700,-1.16000,-0.03000,-1.44000,13.7,1.7,0.0,0.0,0.718922,0.257600,1.317680,-0.591598,0.288803,1.195578,-0.089600,0.486000,0.869300,0.003200,0.133500,0.542300,0.828800,0.034500,0.718917,0.257592,1.317675,-0.646375,0.290331,1.194846,-1.929548,-1.181448,-1.504128,-1.463290,-2.998973,0.151829,0.794535,-1.052391,1.425581,1.534356,1.365272,-0.838584,0.293169,2.799026,0,1,1.0000,1.0000,1,1,0,0,0.0000,0.0000,,,,,476,427,4,3,476,427,0,0,0,0,0.55663,0.50187,0
1786017696.5122,A_left_j1,A,left,0,,,149,176.4000,344.1000,167.0000,353.6000,0.0000,0.0000,354.9000,337.3000,24.1000,0.0000,154.4000,0.0000,109.2000,0.0000,-0.86700,0.02700,0.37600,2.53000,1.53000,1.66000,-0.91400,0.05800,0.30700,-1.16000,-0.03000,-1.44000,13.7,1.7,0.0,0.0,0.718922,0.257600,1.317680,-0.591598,0.288803,1.195578,-0.089600,0.486000,0.869300,0.003200,0.133500,0.542300,0.828800,0.034500,0.718917,0.257592,1.317675,-0.646375,0.290331,1.194846,-1.929548,-1.181448,-1.504128,-1.463290,-2.998973,0.151829,0.794535,-1.052391,1.425581,1.534356,1.365272,-0.838584,0.293169,2.799026,0,1,1.0000,1.0000,1,1,0,0,0.0000,0.0000,,,,,476,427,4,3,476,427,0,0,0,0,0.55663,0.50187,0
1786017696.5252,A_left_j1,A,left,0,,,150,176.4000,344.1000,167.0000,353.6000,0.0000,0.0000,354.9000,337.3000,24.1000,0.0000,154.4000,0.0000,109.2000,0.0000,-0.86700,0.02700,0.37600,2.53000,1.53000,1.66000,-0.91400,0.05800,0.30700,-1.16000,-0.03000,-1.44000,13.7,1.7,0.0,0.0,0.718922,0.257600,1.317680,-0.591598,0.288803,1.195578,-0.089600,0.486000,0.869300,0.003200,0.133500,0.542300,0.828800,0.034500,0.718917,0.257592,1.317675,-0.646375,0.290331,1.194846,-1.929548,-1.181448,-1.504128,-1.463290,-2.998973,0.151829,0.794535,-1.052391,1.425581,1.534356,1.365272,-0.838584,0.293169,2.799026,0,1,1.0000,1.0000,1,1,0,0,0.0000,0.0000,,,,,476,427,4,3,476,427,0,0,0,0,0.55663,0.50187,0
1786017696.5583,A_left_j1,A,left,0,,,151,176.4000,344.1000,167.0000,353.6000,0.0000,0.0000,354.9000,337.3000,24.1000,0.0000,154.4000,0.0000,109.2000,0.0000,-0.86700,0.02700,0.37600,2.53000,1.53000,1.66000,-0.91400,0.05800,0.30700,-1.16000,-0.03000,-1.44000,13.7,1.7,0.0,0.0,0.718922,0.257600,1.317680,-0.591598,0.288803,1.195578,-0.089600,0.486000,0.869300,0.003200,0.133500,0.542300,0.828800,0.034500,0.718917,0.257592,1.317675,-0.646375,0.290331,1.194846,-1.929548,-1.181448,-1.504128,-1.463290,-2.998973,0.151829,0.794535,-1.052391,1.425581,1.534356,1.365272,-0.838584,0.293169,2.799026,0,1,1.0000,1.0000,1,1,0,0,0.0000,0.0000,,,,,476,427,4,3,476,427,0,0,0,0,0.55663,0.50187,0
1786017696.5862,A_left_j1,A,left,0,,,152,176.4000,344.1000,167.0000,353.6000,0.0000,0.0000,354.9000,337.3000,24.1000,0.0000,154.4000,0.0000,109.2000,0.0000,-0.86700,0.02700,0.37600,2.53000,1.53000,1.66000,-0.91400,0.05800,0.30700,-1.16000,-0.03000,-1.44000,13.7,1.7,0.0,0.0,0.718922,0.257600,1.317680,-0.591598,0.288803,1.195578,-0.089600,0.486000,0.869300,0.003200,0.133500,0.542300,0.828800,0.034500,0.718917,0.257592,1.317675,-0.646375,0.290331,1.194846,-1.929548,-1.181448,-1.504128,-1.463290,-2.998973,0.151829,0.794535,-1.052391,1.425581,1.534356,1.365272,-0.838584,0.293169,2.799026,0,1,1.0000,1.0000,1,1,0,0,0.0000,0.0000,,,,,476,427,4,3,476,427,0,0,0,0,0.55663,0.50187,0
1786017696.6780,A_left_j1,A,left,0,,,153,176.4000,344.1000,167.0000,353.6000,0.0000,0.0000,354.9000,337.3000,24.1000,0.0000,154.4000,0.0000,109.2000,0.0000,-0.86700,0.02700,0.37600,2.53000,1.53000,1.66000,-0.91400,0.05800,0.30700,-1.16000,-0.03000,-1.44000,13.8,2.0,0.0,0.0,0.718922,0.257600,1.317680,-0.591598,0.288803,1.195578,-0.089600,0.486000,0.869300,0.003200,0.133500,0.542300,0.828800,0.034500,0.718917,0.257592,1.317675,-0.625641,0.290526,1.194713,-1.929548,-1.181448,-1.504128,-1.463290,-2.998973,0.151829,0.794535,-1.052679,1.427818,1.530415,1.369450,-0.840374,0.287273,2.799382,0,1,1.0000,1.0000,1,1,0,0,0.0000,0.0000,,,,,119968,427,45,3,119688,427,280,0,0,0,0.55663,0.50187,0
1786017696.6791,A_left_j1,A,left,0,,,154,176.4000,344.1000,167.0000,353.6000,0.0000,0.0000,354.9000,337.3000,24.1000,0.0000,154.4000,0.0000,109.2000,0.0000,-0.86700,0.02700,0.37600,2.53000,1.53000,1.66000,-0.91400,0.05800,0.30700,-1.16000,-0.03000,-1.44000,13.8,2.0,0.0,0.0,0.718922,0.257600,1.317680,-0.591598,0.288803,1.195578,-0.089600,0.486000,0.869300,0.003200,0.133500,0.542300,0.828800,0.034500,0.718917,0.257592,1.317675,-0.625641,0.290526,1.194713,-1.929548,-1.181448,-1.504128,-1.463290,-2.998973,0.151829,0.794535,-1.052679,1.427818,1.530415,1.369450,-0.840374,0.287273,2.799382,0,1,1.0000,1.0000,1,1,0,0,0.0000,0.0000,,,,,119968,427,45,3,119688,427,280,0,0,0,0.55663,0.50187,0
1786017696.6863,A_left_j1,A,left,0,,,155,176.4000,344.1000,167.2000,353.6000,0.0000,0.0000,355.0000,337.3000,24.0000,0.0000,154.4000,0.0000,109.3000,0.0000,-0.86200,0.02600,0.38200,2.56000,1.45000,1.98000,-0.92000,0.06200,0.29900,-1.10000,-0.26000,-0.81000,13.9,2.0,0.0,0.0,0.718922,0.257600,1.317680,-0.591727,0.288817,1.195529,-0.089600,0.486000,0.869300,0.003200,0.133500,0.542300,0.828800,0.034500,0.718917,0.257592,1.317675,-0.625641,0.290526,1.194713,-1.929548,-1.181448,-1.504128,-1.463290,-2.998973,0.151829,0.794535,-1.053840,1.436820,1.514555,1.386266,-0.847579,0.263543,2.800818,0,1,1.0000,1.0000,1,1,0,0,0.0000,0.0000,,,,,119968,116932,45,31,119688,116899,280,32,0,1,0.55663,0.50187,0
1786017696.6869,A_left_j1,A,left,0,,,156,176.4000,344.1000,167.2000,353.6000,0.0000,0.0000,355.0000,337.3000,24.0000,0.0000,154.4000,0.0000,109.3000,0.0000,-0.86200,0.02600,0.38200,2.56000,1.45000,1.98000,-0.92000,0.06200,0.29900,-1.10000,-0.26000,-0.81000,13.9,2.0,0.0,0.0,0.718922,0.257600,1.317680,-0.591727,0.288817,1.195529,-0.089600,0.486000,0.869300,0.003200,0.133500,0.542300,0.828800,0.034500,0.718917,0.257592,1.317675,-0.625641,0.290526,1.194713,-1.929548,-1.181448,-1.504128,-1.463290,-2.998973,0.151829,0.794535,-1.053840,1.436820,1.514555,1.386266,-0.847579,0.263543,2.800818,0,1,1.0000,1.0000,1,1,0,0,0.0000,0.0000,,,,,119968,116932,45,31,119688,116899,280,32,0,1,0.55663,0.50187,0
1786017696.6930,A_left_j1,A,left,0,,,157,176.4000,344.1000,167.2000,353.6000,0.0000,0.0000,355.0000,337.3000,24.0000,0.0000,154.4000,0.0000,109.3000,0.0000,-0.87000,0.02900,0.38000,2.27000,1.50000,2.08000,-0.92000,0.06200,0.29900,-1.10000,-0.26000,-0.81000,13.4,1.7,0.0,0.0,0.718831,0.257577,1.317675,-0.591727,0.288817,1.195529,-0.089600,0.486000,0.869300,0.003200,0.133500,0.542300,0.828800,0.034500,0.718917,0.257592,1.317675,-0.625641,0.290526,1.194713,-1.929548,-1.181448,-1.504128,-1.463290,-2.998973,0.151829,0.794535,-1.055513,1.449788,1.491708,1.410491,-0.857958,0.229359,2.802885,0,1,1.0000,1.0000,1,1,0,0,0.0000,0.0000,,,,,476,427,4,3,476,427,0,0,0,0,0.55663,0.50187,0
1786017696.6935,A_left_j1,A,left,0,,,158,176.4000,344.1000,167.2000,353.6000,0.0000,0.0000,355.0000,337.3000,24.0000,0.0000,154.4000,0.0000,109.3000,0.0000,-0.87000,0.02900,0.38000,2.27000,1.50000,2.08000,-0.92000,0.06200,0.29900,-1.10000,-0.26000,-0.81000,13.4,1.7,0.0,0.0,0.718831,0.257577,1.317675,-0.591727,0.288817,1.195529,-0.089600,0.486000,0.869300,0.003200,0.133500,0.542300,0.828800,0.034500,0.718917,0.257592,1.317675,-0.625641,0.290526,1.194713,-1.929548,-1.181448,-1.504128,-1.463290,-2.998973,0.151829,0.794535,-1.055513,1.449788,1.491708,1.410491,-0.857958,0.229359,2.802885,0,1,1.0000,1.0000,1,1,0,0,0.0000,0.0000,,,,,476,427,4,3,476,427,0,0,0,0,0.55663,0.50187,0
1786017696.7090,A_left_j1,A,left,0,,,159,176.4000,344.1000,167.2000,353.6000,0.0000,0.0000,355.0000,337.3000,24.0000,0.0000,154.4000,0.0000,109.3000,0.0000,-0.87000,0.02900,0.38000,2.27000,1.50000,2.08000,-0.92000,0.06200,0.29900,-1.10000,-0.26000,-0.81000,13.4,1.7,0.0,0.0,0.718831,0.257577,1.317675,-0.591727,0.288817,1.195529,-0.089600,0.486000,0.869300,0.003200,0.133500,0.542300,0.828800,0.034500,0.718917,0.257592,1.317675,-0.625641,0.290526,1.194713,-1.929548,-1.181448,-1.504128,-1.463290,-2.998973,0.151829,0.794535,-1.055513,1.449788,1.491708,1.410491,-0.857958,0.229359,2.802885,0,1,1.0000,1.0000,1,1,0,0,0.0000,0.0000,,,,,476,427,4,3,476,427,0,0,0,0,0.55663,0.50187,0
1786017696.7238,A_left_j1,A,left,0,,,160,176.4000,344.1000,167.2000,353.6000,0.0000,0.0000,355.0000,337.3000,24.0000,0.0000,154.4000,0.0000,109.3000,0.0000,-0.87000,0.03200,0.38600,2.44000,1.60000,2.12000,-0.91300,0.06600,0.30100,-1.15000,-0.66000,-0.70000,13.6,2.0,0.0,0.0,0.718922,0.257600,1.317680,-0.672126,0.288838,1.195391,-0.089600,0.486000,0.869300,0.003200,0.133500,0.542300,0.828800,0.034500,0.718917,0.257592,1.317675,-0.625641,0.290526,1.194713,-1.929548,-1.181448,-1.504128,-1.463290,-2.998973,0.151829,0.794535,-1.055513,1.449788,1.491708,1.410491,-0.857958,0.229359,2.802885,1,1,1.0000,1.0000,1,1,0,0,0.0000,0.0000,,,,,476,116932,4,31,476,116899,0,32,0,1,0.55663,0.50187,0
1786017696.7430,A_left_j1,A,left,0,,,161,176.4000,344.1000,167.2000,353.6000,0.0000,0.0000,355.0000,337.3000,24.0000,0.0000,154.4000,0.0000,109.3000,0.0000,-0.87300,0.02700,0.37500,2.48000,1.27000,2.00000,-0.91800,0.05900,0.31100,-1.57000,-0.29000,-0.79000,16.1,1.6,0.0,0.0,0.718911,0.257631,1.317675,-0.671245,0.288846,1.195706,-0.089600,0.486000,0.869300,0.003200,0.133500,0.542300,0.828800,0.034500,0.718917,0.257592,1.317675,-0.625641,0.290526,1.194713,-1.929548,-1.181448,-1.504128,-1.463290,-2.998973,0.151829,0.794535,-1.055513,1.449788,1.491708,1.410491,-0.857958,0.229359,2.802885,1,1,1.0000,1.0000,1,1,0,0,0.0000,0.0000,,,,,476,427,4,3,476,427,0,0,0,0,0.55663,0.50187,0
1786017696.7882,A_left_j1,A,left,0,,,162,176.4000,344.1000,167.2000,353.7000,0.0000,0.0000,354.9000,337.3000,24.0000,0.0000,154.4000,0.0000,109.3000,0.0000,-0.87200,0.02200,0.37200,2.47000,1.65000,1.89000,-0.91800,0.05900,0.31100,-1.57000,-0.29000,-0.79000,16.1,1.5,0.0,0.0,0.718922,0.257600,1.317680,-0.671245,0.288846,1.195706,-0.089600,0.486000,0.869300,0.003200,0.133500,0.542300,0.828800,0.034500,0.718917,0.257592,1.317675,-0.625641,0.290526,1.194713,-1.929548,-1.181448,-1.504128,-1.463290,-2.998973,0.151829,0.794535,-1.055513,1.449788,1.491708,1.410491,-0.857958,0.229359,2.802885,0,1,1.0000,1.0000,1,1,0,0,0.0000,0.0000,,,,,119968,427,45,3,119688,427,280,0,0,0,0.55663,0.50187,0
1786017696.8022,A_left_j1,A,left,0,,,163,176.4000,344.1000,167.0000,353.7000,0.0000,0.0000,354.9000,337.3000,24.0000,0.0000,154.4000,0.0000,109.3000,0.0000,-0.86800,0.02700,0.37800,2.37000,1.57000,1.72000,-0.92400,0.05700,0.29800,-1.40000,0.15000,-0.91000,14.5,1.7,0.0,0.0,0.718924,0.257637,1.317700,-0.591450,0.288790,1.195628,-0.089600,0.486000,0.869300,0.003200,0.133500,0.542300,0.828800,0.034500,0.718917,0.257592,1.317675,-0.591593,0.288804,1.195582,-1.929548,-1.181448,-1.504128,-1.463290,-2.998973,0.151829,0.794535,-1.057618,1.466112,1.462948,1.440984,-0.871023,0.186328,2.805488,0,1,1.0000,1.0000,1,1,0,0,0.0000,0.0000,,,,,476,116932,4,31,476,116899,0,32,0,1,0.55663,0.50187,0
1786017696.8038,A_left_j1,A,left,0,,,164,176.4000,344.1000,167.0000,353.7000,0.0000,0.0000,354.9000,337.3000,24.0000,0.0000,154.4000,0.0000,109.3000,0.0000,-0.86800,0.02700,0.37800,2.37000,1.57000,1.72000,-0.92400,0.05700,0.29800,-1.40000,0.15000,-0.91000,14.5,1.7,0.0,0.0,0.718924,0.257637,1.317700,-0.591450,0.288790,1.195628,-0.089600,0.486000,0.869300,0.003200,0.133500,0.542300,0.828800,0.034500,0.718917,0.257592,1.317675,-0.591593,0.288804,1.195582,-1.929548,-1.181448,-1.504128,-1.463290,-2.998973,0.151829,0.794535,-1.057618,1.466112,1.462948,1.440984,-0.871023,0.186328,2.805488,0,1,1.0000,1.0000,1,1,0,0,0.0000,0.0000,,,,,476,116932,4,31,476,116899,0,32,0,1,0.55663,0.50187,0
1786017696.8508,A_left_j1,A,left,0,,,165,176.4000,344.1000,167.0000,353.7000,0.0000,0.0000,354.9000,337.3000,24.0000,0.0000,154.4000,0.0000,109.3000,0.0000,-0.87000,0.02300,0.36700,2.39000,1.50000,1.00000,-0.91900,0.05900,0.31300,-1.23000,-0.23000,-1.00000,14.7,1.7,0.0,0.0,0.719073,0.257682,1.317763,-0.671618,0.288794,1.195572,-0.089600,0.486000,0.869300,0.003200,0.133500,0.542300,0.828800,0.034500,0.718917,0.257592,1.317675,-0.591593,0.288804,1.195582,-1.929548,-1.181448,-1.504128,-1.463290,-2.998973,0.151829,0.794535,-1.057618,1.466112,1.462948,1.440984,-0.871023,0.186328,2.805488,1,1,1.0000,1.0000,1,1,0,0,0.0000,0.0000,,,,,119968,116932,45,31,119688,116899,280,32,0,1,0.55663,0.50187,0
1786017696.8516,A_left_j1,A,left,0,,,166,176.4000,344.1000,167.0000,353.7000,0.0000,0.0000,354.9000,337.3000,24.0000,0.0000,154.4000,0.0000,109.3000,0.0000,-0.87000,0.02300,0.36700,2.39000,1.50000,1.00000,-0.91900,0.05900,0.31300,-1.23000,-0.23000,-1.00000,14.7,1.7,0.0,0.0,0.719073,0.257682,1.317763,-0.671618,0.288794,1.195572,-0.089600,0.486000,0.869300,0.003200,0.133500,0.542300,0.828800,0.034500,0.718917,0.257592,1.317675,-0.591593,0.288804,1.195582,-1.929548,-1.181448,-1.504128,-1.463290,-2.998973,0.151829,0.794535,-1.057618,1.466112,1.462948,1.440984,-0.871023,0.186328,2.805488,1,1,1.0000,1.0000,1,1,0,0,0.0000,0.0000,,,,,119968,116932,45,31,119688,116899,280,32,0,1,0.55663,0.50187,0
1786017696.8739,A_left_j1,A,left,0,,,167,176.4000,344.1000,167.0000,353.7000,0.0000,0.0000,354.9000,337.3000,24.0000,0.0000,154.4000,0.0000,109.3000,0.0000,-0.86200,0.02500,0.37000,2.65000,1.73000,1.69000,-0.91400,0.06700,0.30100,-1.22000,-0.34000,-1.00000,14.3,1.8,0.0,0.0,0.719003,0.257672,1.317736,-0.672090,0.288845,1.195401,-0.089600,0.486000,0.869300,0.003200,0.133500,0.542300,0.828800,0.034500,0.718917,0.257592,1.317675,-0.591593,0.288804,1.195582,-1.929548,-1.181448,-1.504128,-1.463290,-2.998973,0.151829,0.794535,-1.057618,1.466112,1.462948,1.440984,-0.871023,0.186328,2.805488,1,1,1.0000,1.0000,1,1,0,0,0.0000,0.0000,,,,,476,116932,4,31,476,116899,0,32,0,1,0.55663,0.50187,0
1786017696.8963,A_left_j1,A,left,0,,,168,176.4000,344.1000,167.0000,353.7000,0.0000,0.0000,354.9000,337.3000,24.0000,0.0000,154.4000,0.0000,109.3000,0.0000,-0.86200,0.02500,0.37000,2.65000,1.73000,1.69000,-0.91500,0.06200,0.30000,-1.17000,0.13000,-1.05000,14.2,1.6,0.0,0.0,0.719003,0.257672,1.317736,-0.591435,0.288790,1.195632,-0.089600,0.486000,0.869300,0.003200,0.133500,0.542300,0.828800,0.034500,0.718917,0.257592,1.317675,-0.591593,0.288804,1.195582,-1.929548,-1.181448,-1.504128,-1.463290,-2.998973,0.151829,0.794535,-1.057620,1.465998,1.462880,1.440887,-0.870268,0.186359,2.804842,1,1,1.0000,1.0000,1,1,0,0,0.0000,0.0000,,,,,119968,116932,45,31,119688,116899,280,32,0,1,0.55663,0.50187,0
1786017696.9060,A_left_j1,A,left,0,,,169,176.3000,344.2000,167.0000,353.7000,0.0000,0.0000,355.0000,337.3000,24.0000,0.0000,154.4000,0.0000,109.3000,0.0000,-0.87300,0.02400,0.37100,2.31000,1.56000,1.69000,-0.91400,0.06500,0.30000,-1.05000,0.06000,-0.90000,13.6,1.7,0.0,0.0,0.719198,0.257723,1.317805,-0.672284,0.288868,1.195329,-0.089600,0.486000,0.869300,0.003200,0.133500,0.542300,0.828800,0.034500,0.718917,0.257592,1.317675,-0.591593,0.288804,1.195582,-1.929548,-1.181448,-1.504128,-1.463290,-2.998973,0.151829,0.794535,-1.057620,1.465988,1.462874,1.440878,-0.870198,0.186362,2.804782,1,1,1.0000,1.0000,1,1,0,0,0.0000,0.0000,,,,,119968,427,45,3,119688,427,280,0,0,0,0.55663,0.50187,0
1786017696.9421,A_left_j1,A,left,0,,,170,176.3000,344.2000,167.0000,353.7000,0.0000,0.0000,355.0000,337.3000,24.0000,0.0000,154.4000,0.0000,109.3000,0.0000,-0.87300,0.02400,0.37100,2.31000,1.56000,1.69000,-0.91400,0.06500,0.30000,-1.05000,0.06000,-0.90000,13.6,1.7,0.0,0.0,0.719198,0.257723,1.317805,-0.672284,0.288868,1.195329,-0.089600,0.486000,0.869300,0.003200,0.133500,0.542300,0.828800,0.034500,0.718917,0.257592,1.317675,-0.591593,0.288804,1.195582,-1.929548,-1.181448,-1.504128,-1.463290,-2.998973,0.151829,0.794535,-1.057620,1.465988,1.462874,1.440878,-0.870198,0.186362,2.804782,1,1,1.0000,1.0000,1,1,0,0,0.0000,0.0000,,,,,119968,427,45,3,119688,427,280,0,0,0,0.55663,0.50187,0
1786017696.9456,A_left_j1,A,left,0,,,171,176.3000,344.2000,167.0000,353.7000,0.0000,0.0000,355.0000,337.3000,24.0000,0.0000,154.4000,0.0000,109.3000,0.0000,-0.87300,0.02400,0.37100,2.31000,1.56000,1.69000,-0.91400,0.06500,0.30000,-1.05000,0.06000,-0.90000,13.6,1.7,0.0,0.0,0.719198,0.257723,1.317805,-0.672284,0.288868,1.195329,-0.089600,0.486000,0.869300,0.003200,0.133500,0.542300,0.828800,0.034500,0.718917,0.257592,1.317675,-0.591593,0.288804,1.195582,-1.929548,-1.181448,-1.504128,-1.463290,-2.998973,0.151829,0.794535,-1.057620,1.465988,1.462874,1.440878,-0.870198,0.186362,2.804782,1,1,1.0000,1.0000,1,1,0,0,0.0000,0.0000,,,,,119968,427,45,3,119688,427,280,0,0,0,0.55663,0.50187,0
1786017696.9709,A_left_j1,A,left,0,,,172,176.4000,344.2000,167.0000,353.7000,0.0000,0.0000,354.9000,337.3000,24.0000,0.0000,154.4000,0.0000,109.3000,0.0000,-0.86100,0.02500,0.37900,2.34000,1.53000,1.53000,-0.92300,0.06200,0.30000,-1.02000,-0.02000,-1.15000,13.4,1.2,0.0,0.0,0.718839,0.257602,1.317697,-0.672393,0.288881,1.195289,-0.089600,0.486000,0.869300,0.003200,0.133500,0.542300,0.828800,0.034500,0.718917,0.257592,1.317675,-0.591593,0.288804,1.195582,-1.929548,-1.181448,-1.504128,-1.463290,-2.998973,0.151829,0.794535,-1.057623,1.465769,1.462743,1.440690,-0.868741,0.186422,2.803535,1,1,1.0000,1.0000,1,1,0,0,0.0000,0.0000,,,,,476,116933,4,31,476,116900,0,32,0,1,0.55663,0.47842,0
1786017696.9888,A_left_j1,A,left,0,,,173,176.3000,344.2000,167.1000,353.7000,0.0000,0.0000,355.0000,337.3000,24.0000,0.0000,154.4000,0.0000,109.3000,0.0000,-0.86500,0.02400,0.38000,2.46000,1.63000,1.69000,-0.92200,0.06400,0.29700,-1.33000,0.07000,-1.05000,13.3,1.2,0.0,0.0,0.718730,0.257542,1.317669,-0.591511,0.288798,1.195603,-0.089600,0.486000,0.869300,0.003200,0.133500,0.542300,0.828800,0.034500,0.718917,0.257592,1.317675,-0.591723,0.288817,1.195533,-1.929548,-1.181448,-1.504128,-1.463290,-2.998973,0.151829,0.794535,-1.057623,1.465769,1.462743,1.440690,-0.868738,0.186422,2.803533,1,1,1.0000,1.0000,1,1,0,0,0.0000,0.0000,,,,,119968,427,45,3,119688,427,280,0,0,0,0.55663,0.50187,0
1786017697.0030,A_left_j1,A,left,0,,,174,176.3000,344.2000,167.1000,353.7000,0.0000,0.0000,355.0000,337.3000,24.0000,0.0000,154.4000,0.0000,109.3000,0.0000,-0.86400,0.01800,0.38100,2.41000,1.79000,1.73000,-0.91800,0.06200,0.31100,-1.22000,0.00000,-1.03000,13.5,1.6,0.0,0.0,0.718922,0.257600,1.317680,-0.671424,0.288841,1.195639,-0.089600,0.486000,0.869300,0.003200,0.133500,0.542300,0.828800,0.034500,0.718917,0.257592,1.317675,-0.591723,0.288817,1.195533,-1.929548,-1.181448,-1.504128,-1.463290,-2.998973,0.151829,0.794535,-1.057623,1.465767,1.462742,1.440688,-0.868725,0.186422,2.803521,0,1,1.0000,1.0000,1,1,0,0,0.0000,0.0000,,,,,476,427,4,3,476,427,0,0,0,0,0.55663,0.50187,0
1786017697.0405,A_left_j1,A,left,0,,,175,176.3000,344.1000,167.1000,353.7000,0.0000,0.0000,355.0000,337.3000,24.0000,0.0000,154.4000,0.0000,109.3000,0.0000,-0.86800,0.02600,0.37700,2.48000,1.71000,1.98000,-0.91700,0.05800,0.30200,-1.21000,-0.15000,-0.66000,14.2,1.3,0.0,0.0,0.718781,0.257554,1.317691,-0.671924,0.288836,1.195457,-0.089600,0.486000,0.869300,0.003200,0.133500,0.542300,0.828800,0.034500,0.718917,0.257592,1.317675,-0.591725,0.288817,1.195532,-1.929548,-1.181448,-1.504128,-1.463290,-2.998973,0.151829,0.794535,-1.057623,1.465765,1.462741,1.440686,-0.868712,0.186423,2.803510,1,1,1.0000,1.0000,1,1,0,0,0.0000,0.0000,,,,,476,427,4,3,476,427,0,0,0,0,0.55663,0.50187,0
1786017697.0531,A_left_j1,A,left,0,,,176,176.3000,344.1000,167.1000,353.7000,0.0000,0.0000,355.0000,337.3000,24.0000,0.0000,154.4000,0.0000,109.3000,0.0000,-0.86800,0.02600,0.37700,2.48000,1.71000,1.98000,-0.91800,0.06300,0.30100,-1.25000,-0.27000,-0.82000,14.1,1.2,0.0,0.0,0.718781,0.257554,1.317691,-0.671648,0.288848,1.195557,-0.089600,0.486000,0.869300,0.003200,0.133500,0.542300,0.828800,0.034500,0.718917,0.257592,1.317675,-0.591725,0.288817,1.195532,-1.929557,-1.181450,-1.504127,-1.463276,-2.998970,0.151839,0.794533,-1.057623,1.465765,1.462741,1.440686,-0.868712,0.186423,2.803510,1,1,1.0000,1.0000,1,1,0,0,0.0000,0.0000,,,,,477,116933,4,31,477,116900,0,32,0,1,0.55658,0.47842,0
1786017697.0694,A_left_j1,A,left,0,,,177,176.3000,344.1000,167.1000,353.7000,0.0000,0.0000,355.0000,337.3000,24.0000,0.0000,154.4000,0.0000,109.3000,0.0000,-0.86800,0.02600,0.37700,2.48000,1.71000,1.98000,-0.92400,0.06300,0.30200,-1.36000,-0.21000,-0.66000,13.8,0.9,0.0,0.0,0.718781,0.257554,1.317691,-0.591694,0.288816,1.195537,-0.089600,0.486000,0.869300,0.003200,0.133500,0.542300,0.828800,0.034500,0.718917,0.257592,1.317675,-0.591725,0.288817,1.195532,-1.929564,-1.181451,-1.504125,-1.463263,-2.998968,0.151847,0.794532,-1.057623,1.465765,1.462741,1.440686,-0.868712,0.186423,2.803510,1,1,1.0000,1.0000,1,1,0,0,0.0000,0.0000,,,,,119968,428,45,3,119688,428,280,0,0,0,0.55663,0.44515,0
1786017697.0840,A_left_j1,A,left,0,,,178,176.3000,344.1000,167.1000,353.7000,0.0000,0.0000,355.0000,337.3000,24.0000,0.0000,154.4000,0.0000,109.3000,0.0000,-0.86800,0.02600,0.37700,2.48000,1.71000,1.98000,-0.92400,0.06300,0.30200,-1.36000,-0.21000,-0.66000,14.4,0.9,0.0,7.0,0.718781,0.257554,1.317691,-0.591694,0.288816,1.195537,-0.089600,0.486000,0.869300,0.003200,0.133500,0.542300,0.828800,0.034500,0.718919,0.257600,1.317677,-0.598001,0.289322,1.195260,-1.929569,-1.181452,-1.504125,-1.463255,-2.998967,0.151852,0.794531,-1.056942,1.460295,1.472221,1.430564,-0.864272,0.200681,2.802602,1,1,1.0000,1.0000,1,1,0,0,0.0000,0.0000,,,,,119968,116933,45,31,119688,116900,280,32,0,1,0.55663,0.47842,0
