t,phase,master_x,master_y,master_z,master_qx,master_qy,master_qz,master_qw,pointing_x,pointing_y,pointing_z,clutch,ee_x,ee_y,ee_z,ee_qx,ee_qy,ee_qz,ee_qw,cmd_x,cmd_y,cmd_z,gripper_rad,autonomy_state,intent_top,intent_top_p,intent_margin,intent_ambiguous,intent_dist,intent_ids,grasp_offered,channels_live,ik_success,ik_fail,ik_rejected,clearance_m,payload_kg,estop
0.5028,reach,-0.38649143474154535,0.338495529929801,1.1600350107977027,0.0,0.0,0.0,1.0,-0.4498572456924246,-0.4217411678366473,0.7872501799617491,1,-0.38218834337408836,0.34256424318244594,1.1524536338621227,-1.4711483596885344e-05,1.7251477564678153e-06,5.3126511450896086e-06,0.9999999998761859,-0.38649143474154535,0.338495529929801,1.1600350107977027,0.7929,ASSIST,tag_0,1.0,1.0,0,[1.0],"[""tag_0""]",1,"{""j1"": true, ""j2"": true, ""j3"": true, ""j4"": true, ""j5"": true, ""j6"": true, ""j7"": true, ""accel"": true, ""gyro"": true, ""imu2"": true}",26791.0,4490.0,2.0,0.15441042417751022,0.0,0
0.5088,reach,-0.38649143474154535,0.338495529929801,1.1600350107977027,0.0,0.0,0.0,1.0,-0.4498572456924246,-0.4217411678366473,0.7872501799617491,1,-0.38218834337408836,0.34256424318244594,1.1524536338621227,-1.4711483596885344e-05,1.7251477564678153e-06,5.3126511450896086e-06,0.9999999998761859,-0.38649143474154535,0.338495529929801,1.1600350107977027,0.7929,ASSIST,tag_0,1.0,1.0,0,[1.0],"[""tag_0""]",1,"{""j1"": true, ""j2"": true, ""j3"": true, ""j4"": true, ""j5"": true, ""j6"": true, ""j7"": true, ""accel"": true, ""gyro"": true, ""imu2"": true}",26791.0,4490.0,2.0,0.15441042417751022,0.0,0
0.5123,reach,-0.38649143474154535,0.338495529929801,1.1600350107977027,0.0,0.0,0.0,1.0,-0.4498572456924246,-0.4217411678366473,0.7872501799617491,1,-0.38218834337408836,0.34256424318244594,1.1524536338621227,-1.4711483596885344e-05,1.7251477564678153e-06,5.3126511450896086e-06,0.9999999998761859,-0.38649143474154535,0.338495529929801,1.1600350107977027,0.7929,ASSIST,tag_0,1.0,1.0,0,[1.0],"[""tag_0""]",1,"{""j1"": true, ""j2"": true, ""j3"": true, ""j4"": true, ""j5"": true, ""j6"": true, ""j7"": true, ""accel"": true, ""gyro"": true, ""imu2"": true}",26791.0,4490.0,2.0,0.15441042417751022,0.0,0
0.5129,reach,-0.38649143474154535,0.338495529929801,1.1600350107977027,0.0,0.0,0.0,1.0,-0.4498572456924246,-0.4217411678366473,0.7872501799617491,1,-0.38218834337408836,0.34256424318244594,1.1524536338621227,-1.4711483596885344e-05,1.7251477564678153e-06,5.3126511450896086e-06,0.9999999998761859,-0.38649143474154535,0.338495529929801,1.1600350107977027,0.7929,ASSIST,tag_0,1.0,1.0,0,[1.0],"[""tag_0""]",1,"{""j1"": true, ""j2"": true, ""j3"": true, ""j4"": true, ""j5"": true, ""j6"": true, ""j7"": true, ""accel"": true, ""gyro"": true, ""imu2"": true}",26791.0,4490.0,2.0,0.15441042417751022,0.0,0
0.514,reach,-0.38649143474154535,0.338495529929801,1.1600350107977027,0.0,0.0,0.0,1.0,-0.4498572456924246,-0.4217411678366473,0.7872501799617491,1,-0.38218834337408836,0.34256424318244594,1.1524536338621227,-1.4711483596885344e-05,1.7251477564678153e-06,5.3126511450896086e-06,0.9999999998761859,-0.38649143474154535,0.338495529929801,1.1600350107977027,0.7929,ASSIST,tag_0,1.0,1.0,0,[1.0],"[""tag_0""]",1,"{""j1"": true, ""j2"": true, ""j3"": true, ""j4"": true, ""j5"": true, ""j6"": true, ""j7"": true, ""accel"": true, ""gyro"": true, ""imu2"": true}",26791.0,4490.0,2.0,0.15441042417751022,0.0,0
0.5186,reach,-0.3854117773518835,0.339507708732609,1.1581456103657946,0.0,0.0,0.0,1.0,-0.4498572456924246,-0.4217411678366473,0.7872501799617491,1,-0.38218834337408836,0.34256424318244594,1.1524536338621227,-1.4711483596885344e-05,1.7251477564678153e-06,5.3126511450896086e-06,0.9999999998761859,-0.3854117773518835,0.339507708732609,1.1581456103657946,0.7929,ASSIST,tag_0,1.0,1.0,0,[1.0],"[""tag_0""]",1,"{""j1"": true, ""j2"": true, ""j3"": true, ""j4"": true, ""j5"": true, ""j6"": true, ""j7"": true, ""accel"": true, ""gyro"": true, ""imu2"": true}",26791.0,4490.0,2.0,0.15441042417751022,0.0,0
0.5192,reach,-0.3854117773518835,0.339507708732609,1.1581456103657946,0.0,0.0,0.0,1.0,0.44985724569243546,0.4217411678366625,-0.7872501799617349,1,-0.38218834337408836,0.34256424318244594,1.1524536338621227,-1.4711483596885344e-05,1.7251477564678153e-06,5.3126511450896086e-06,0.9999999998761859,-0.3854117773518835,0.339507708732609,1.1581456103657946,0.7929,ASSIST,tag_0,1.0,1.0,0,[1.0],"[""tag_0""]",1,"{""j1"": true, ""j2"": true, ""j3"": true, ""j4"": true, ""j5"": true, ""j6"": true, ""j7"": true, ""accel"": true, ""gyro"": true, ""imu2"": true}",26791.0,4490.0,2.0,0.15441042417751022,0.0,0
0.5195,reach,-0.3854117773518835,0.339507708732609,1.1581456103657946,0.0,0.0,0.0,1.0,0.44985724569243546,0.4217411678366625,-0.7872501799617349,1,-0.38218834337408836,0.34256424318244594,1.1524536338621227,-1.4711483596885344e-05,1.7251477564678153e-06,5.3126511450896086e-06,0.9999999998761859,-0.3854117773518835,0.339507708732609,1.1581456103657946,0.7929,ASSIST,tag_0,1.0,1.0,0,[1.0],"[""tag_0""]",1,"{""j1"": true, ""j2"": true, ""j3"": true, ""j4"": true, ""j5"": true, ""j6"": true, ""j7"": true, ""accel"": true, ""gyro"": true, ""imu2"": true}",26791.0,4490.0,2.0,0.15441042417751022,0.0,0
0.5216,reach,-0.3854117773518835,0.339507708732609,1.1581456103657946,0.0,0.0,0.0,1.0,0.44985724569243546,0.4217411678366625,-0.7872501799617349,1,-0.38218834337408836,0.34256424318244594,1.1524536338621227,-1.4711483596885344e-05,1.7251477564678153e-06,5.3126511450896086e-06,0.9999999998761859,-0.3854117773518835,0.339507708732609,1.1581456103657946,0.7929,ASSIST,tag_0,1.0,1.0,0,[1.0],"[""tag_0""]",1,"{""j1"": true, ""j2"": true, ""j3"": true, ""j4"": true, ""j5"": true, ""j6"": true, ""j7"": true, ""accel"": true, ""gyro"": true, ""imu2"": true}",26792.0,4490.0,2.0,0.15441042417751022,0.0,0
0.5234,reach,-0.3854117773518835,0.339507708732609,1.1581456103657946,0.0,0.0,0.0,1.0,0.44985724569243546,0.4217411678366625,-0.7872501799617349,1,-0.38218834337408836,0.34256424318244594,1.1524536338621227,-1.4711483596885344e-05,1.7251477564678153e-06,5.3126511450896086e-06,0.9999999998761859,-0.3854117773518835,0.339507708732609,1.1581456103657946,0.7929,ASSIST,tag_0,1.0,1.0,0,[1.0],"[""tag_0""]",1,"{""j1"": true, ""j2"": true, ""j3"": true, ""j4"": true, ""j5"": true, ""j6"": true, ""j7"": true, ""accel"": true, ""gyro"": true, ""imu2"": true}",26792.0,4490.0,2.0,0.15441042417751022,0.0,0
0.5293,reach,-0.3854117773518835,0.339507708732609,1.1581456103657946,0.0,0.0,0.0,1.0,0.44985724569243546,0.4217411678366625,-0.7872501799617349,1,-0.38218834337408836,0.34256424318244594,1.1524536338621227,-1.4711483596885344e-05,1.7251477564678153e-06,5.3126511450896086e-06,0.9999999998761859,-0.3854117773518835,0.339507708732609,1.1581456103657946,0.7929,ASSIST,tag_0,1.0,1.0,0,[1.0],"[""tag_0""]",1,"{""j1"": true, ""j2"": true, ""j3"": true, ""j4"": true, ""j5"": true, ""j6"": true, ""j7"": true, ""accel"": true, ""gyro"": true, ""imu2"": true}",26792.0,4490.0,2.0,0.15441042417751022,0.0,0
0.5324,reach,-0.3854117773518835,0.339507708732609,1.1581456103657946,0.0,0.0,0.0,1.0,0.44985724569243546,0.4217411678366625,-0.7872501799617349,1,-0.38218834337408836,0.34256424318244594,1.1524536338621227,-1.4711483596885344e-05,1.7251477564678153e-06,5.3126511450896086e-06,0.9999999998761859,-0.3854117773518835,0.339507708732609,1.1581456103657946,0.7929,ASSIST,tag_0,1.0,1.0,0,[1.0],"[""tag_0""]",1,"{""j1"": true, ""j2"": true, ""j3"": true, ""j4"": true, ""j5"": true, ""j6"": true, ""j7"": true, ""accel"": true, ""gyro"": true, ""imu2"": true}",26792.0,4490.0,2.0,0.15441042417751022,0.0,0
0.534,reach,-0.3854117773518835,0.339507708732609,1.1581456103657946,0.0,0.0,0.0,1.0,0.44985724569243546,0.4217411678366625,-0.7872501799617349,1,-0.38218834337408836,0.34256424318244594,1.1524536338621227,-1.4711483596885344e-05,1.7251477564678153e-06,5.3126511450896086e-06,0.9999999998761859,-0.3854117773518835,0.339507708732609,1.1581456103657946,0.7929,ASSIST,tag_0,1.0,1.0,0,[1.0],"[""tag_0""]",1,"{""j1"": true, ""j2"": true, ""j3"": true, ""j4"": true, ""j5"": true, ""j6"": true, ""j7"": true, ""accel"": true, ""gyro"": true, ""imu2"": true}",26792.0,4490.0,2.0,0.15441042417751022,0.0,0
0.5385,reach,-0.3843321199622216,0.340519887535417,1.1562562099338864,0.0,0.0,0.0,1.0,0.44985724569243546,0.4217411678366625,-0.7872501799617349,1,-0.38218834337408836,0.34256424318244594,1.1524536338621227,-1.4711483596885344e-05,1.7251477564678153e-06,5.3126511450896086e-06,0.9999999998761859,-0.3843321199622216,0.340519887535417,1.1562562099338864,0.7929,ASSIST,tag_0,1.0,1.0,0,[1.0],"[""tag_0""]",1,"{""j1"": true, ""j2"": true, ""j3"": true, ""j4"": true, ""j5"": true, ""j6"": true, ""j7"": true, ""accel"": true, ""gyro"": true, ""imu2"": true}",26792.0,4490.0,2.0,0.15441042417751022,0.0,0
0.5391,reach,-0.3843321199622216,0.340519887535417,1.1562562099338864,0.0,0.0,0.0,1.0,0.44985724569243485,0.4217411678366619,-0.7872501799617355,1,-0.38218834337408836,0.34256424318244594,1.1524536338621227,-1.4711483596885344e-05,1.7251477564678153e-06,5.3126511450896086e-06,0.9999999998761859,-0.3843321199622216,0.340519887535417,1.1562562099338864,0.7929,ASSIST,tag_0,1.0,1.0,0,[1.0],"[""tag_0""]",1,"{""j1"": true, ""j2"": true, ""j3"": true, ""j4"": true, ""j5"": true, ""j6"": true, ""j7"": true, ""accel"": true, ""gyro"": true, ""imu2"": true}",26792.0,4490.0,2.0,0.15441042417751022,0.0,0
0.5393,reach,-0.3843321199622216,0.340519887535417,1.1562562099338864,0.0,0.0,0.0,1.0,0.44985724569243485,0.4217411678366619,-0.7872501799617355,1,-0.38218834337408836,0.34256424318244594,1.1524536338621227,-1.4711483596885344e-05,1.7251477564678153e-06,5.3126511450896086e-06,0.9999999998761859,-0.3843321199622216,0.340519887535417,1.1562562099338864,0.7929,ASSIST,tag_0,1.0,1.0,0,[1.0],"[""tag_0""]",1,"{""j1"": true, ""j2"": true, ""j3"": true, ""j4"": true, ""j5"": true, ""j6"": true, ""j7"": true, ""accel"": true, ""gyro"": true, ""imu2"": true}",26792.0,4490.0,2.0,0.15441042417751022,0.0,0
0.5415,reach,-0.3843321199622216,0.340519887535417,1.1562562099338864,0.0,0.0,0.0,1.0,0.44985724569243485,0.4217411678366619,-0.7872501799617355,1,-0.38218834337408836,0.34256424318244594,1.1524536338621227,-1.4711483596885344e-05,1.7251477564678153e-06,5.3126511450896086e-06,0.9999999998761859,-0.3843321199622216,0.340519887535417,1.1562562099338864,0.7929,ASSIST,tag_0,1.0,1.0,0,[1.0],"[""tag_0""]",1,"{""j1"": true, ""j2"": true, ""j3"": true, ""j4"": true, ""j5"": true, ""j6"": true, ""j7"": true, ""accel"": true, ""gyro"": true, ""imu2"": true}",26793.0,4490.0,2.0,0.15441042417751022,0.0,0
0.5426,reach,-0.3843321199622216,0.340519887535417,1.1562562099338864,0.0,0.0,0.0,1.0,0.44985724569243485,0.4217411678366619,-0.7872501799617355,1,-0.38218834337408836,0.34256424318244594,1.1524536338621227,-1.4711483596885344e-05,1.7251477564678153e-06,5.3126511450896086e-06,0.9999999998761859,-0.3843321199622216,0.340519887535417,1.1562562099338864,0.7929,ASSIST,tag_0,1.0,1.0,0,[1.0],"[""tag_0""]",1,"{""j1"": true, ""j2"": true, ""j3"": true, ""j4"": true, ""j5"": true, ""j6"": true, ""j7"": true, ""accel"": true, ""gyro"": true, ""imu2"": true}",26793.0,4490.0,2.0,0.15441042417751022,0.0,0
0.545,reach,-0.3843321199622216,0.340519887535417,1.1562562099338864,0.0,0.0,0.0,1.0,0.44985724569243485,0.4217411678366619,-0.7872501799617355,1,-0.38218834337408836,0.34256424318244594,1.1524536338621227,-1.4711483596885344e-05,1.7251477564678153e-06,5.3126511450896086e-06,0.9999999998761859,-0.3843321199622216,0.340519887535417,1.1562562099338864,0.7929,ASSIST,tag_0,1.0,1.0,0,[1.0],"[""tag_0""]",1,"{""j1"": true, ""j2"": true, ""j3"": true, ""j4"": true, ""j5"": true, ""j6"": true, ""j7"": true, ""accel"": true, ""gyro"": true, ""imu2"": true}",26793.0,4490.0,2.0,0.15441042417751022,0.0,0
0.5511,reach,-0.3843321199622216,0.340519887535417,1.1562562099338864,0.0,0.0,0.0,1.0,0.44985724569243485,0.4217411678366619,-0.7872501799617355,1,-0.38218834337408836,0.34256424318244594,1.1524536338621227,-1.4711483596885344e-05,1.7251477564678153e-06,5.3126511450896086e-06,0.9999999998761859,-0.3843321199622216,0.340519887535417,1.1562562099338864,0.7929,ASSIST,tag_0,1.0,1.0,0,[1.0],"[""tag_0""]",1,"{""j1"": true, ""j2"": true, ""j3"": true, ""j4"": true, ""j5"": true, ""j6"": true, ""j7"": true, ""accel"": true, ""gyro"": true, ""imu2"": true}",26793.0,4490.0,2.0,0.15441042417751022,0.0,0
0.5524,reach,-0.3843321199622216,0.340519887535417,1.1562562099338864,0.0,0.0,0.0,1.0,0.44985724569243485,0.4217411678366619,-0.7872501799617355,1,-0.38218834337408836,0.34256424318244594,1.1524536338621227,-1.4711483596885344e-05,1.7251477564678153e-06,5.3126511450896086e-06,0.9999999998761859,-0.3843321199622216,0.340519887535417,1.1562562099338864,0.7929,ASSIST,tag_0,1.0,1.0,0,[1.0],"[""tag_0""]",1,"{""j1"": true, ""j2"": true, ""j3"": true, ""j4"": true, ""j5"": true, ""j6"": true, ""j7"": true, ""accel"": true, ""gyro"": true, ""imu2"": true}",26793.0,4490.0,2.0,0.15441042417751022,0.0,0
0.5535,reach,-0.3843321199622216,0.340519887535417,1.1562562099338864,0.0,0.0,0.0,1.0,0.44985724569243485,0.4217411678366619,-0.7872501799617355,1,-0.385101859257882,0.3398184855232408,1.1575740171555537,-8.102900665607479e-06,8.677419831015772e-07,2.4871843351675907e-06,0.9999999999637019,-0.3843321199622216,0.340519887535417,1.1562562099338864,0.7929,ASSIST,tag_0,1.0,1.0,0,[1.0],"[""tag_0""]",1,"{""j1"": true, ""j2"": true, ""j3"": true, ""j4"": true, ""j5"": true, ""j6"": true, ""j7"": true, ""accel"": true, ""gyro"": true, ""imu2"": true}",26793.0,4490.0,2.0,0.15441042417751022,0.0,0
0.5541,reach,-0.3843321199622216,0.340519887535417,1.1562562099338864,0.0,0.0,0.0,1.0,0.44985724569243485,0.4217411678366619,-0.7872501799617355,1,-0.385101859257882,0.3398184855232408,1.1575740171555537,-8.102900665607479e-06,8.677419831015772e-07,2.4871843351675907e-06,0.9999999999637019,-0.3843321199622216,0.340519887535417,1.1562562099338864,0.7929,ASSIST,tag_0,1.0,1.0,0,[1.0],"[""tag_0""]",1,"{""j1"": true, ""j2"": true, ""j3"": true, ""j4"": true, ""j5"": true, ""j6"": true, ""j7"": true, ""accel"": true, ""gyro"": true, ""imu2"": true}",26793.0,4490.0,2.0,0.15441042417751022,0.0,0
0.5584,reach,-0.38325246257255974,0.34153206633822497,1.1543668095019783,0.0,0.0,0.0,1.0,0.44985724569243485,0.4217411678366619,-0.7872501799617355,1,-0.385101859257882,0.3398184855232408,1.1575740171555537,-8.102900665607479e-06,8.677419831015772e-07,2.4871843351675907e-06,0.9999999999637019,-0.38325246257255974,0.34153206633822497,1.1543668095019783,0.7929,ASSIST,tag_0,1.0,1.0,0,[1.0],"[""tag_0""]",1,"{""j1"": true, ""j2"": true, ""j3"": true, ""j4"": true, ""j5"": true, ""j6"": true, ""j7"": true, ""accel"": true, ""gyro"": true, ""imu2"": true}",26793.0,4490.0,2.0,0.15441042417751022,0.0,0
0.5591,reach,-0.38325246257255974,0.34153206633822497,1.1543668095019783,0.0,0.0,0.0,1.0,0.44985724569243396,0.42174116783666205,-0.7872501799617361,1,-0.385101859257882,0.3398184855232408,1.1575740171555537,-8.102900665607479e-06,8.677419831015772e-07,2.4871843351675907e-06,0.9999999999637019,-0.38325246257255974,0.34153206633822497,1.1543668095019783,0.7929,ASSIST,tag_0,1.0,1.0,0,[1.0],"[""tag_0""]",1,"{""j1"": true, ""j2"": true, ""j3"": true, ""j4"": true, ""j5"": true, ""j6"": true, ""j7"": true, ""accel"": true, ""gyro"": true, ""imu2"": true}",26793.0,4490.0,2.0,0.15441042417751022,0.0,0
0.5593,reach,-0.38325246257255974,0.34153206633822497,1.1543668095019783,0.0,0.0,0.0,1.0,0.44985724569243396,0.42174116783666205,-0.7872501799617361,1,-0.385101859257882,0.3398184855232408,1.1575740171555537,-8.102900665607479e-06,8.677419831015772e-07,2.4871843351675907e-06,0.9999999999637019,-0.38325246257255974,0.34153206633822497,1.1543668095019783,0.7929,ASSIST,tag_0,1.0,1.0,0,[1.0],"[""tag_0""]",1,"{""j1"": true, ""j2"": true, ""j3"": true, ""j4"": true, ""j5"": true, ""j6"": true, ""j7"": true, ""accel"": true, ""gyro"": true, ""imu2"": true}",26793.0,4490.0,2.0,0.15441042417751022,0.0,0
0.5613,reach,-0.38325246257255974,0.34153206633822497,1.1543668095019783,0.0,0.0,0.0,1.0,0.44985724569243396,0.42174116783666205,-0.7872501799617361,1,-0.385101859257882,0.3398184855232408,1.1575740171555537,-8.102900665607479e-06,8.677419831015772e-07,2.4871843351675907e-06,0.9999999999637019,-0.38325246257255974,0.34153206633822497,1.1543668095019783,0.7929,ASSIST,tag_0,1.0,1.0,0,[1.0],"[""tag_0""]",1,"{""j1"": true, ""j2"": true, ""j3"": true, ""j4"": true, ""j5"": true, ""j6"": true, ""j7"": true, ""accel"": true, ""gyro"": true, ""imu2"": true}",26794.0,4490.0,2.0,0.15441042417751022,0.0,0
0.5624,reach,-0.38325246257255974,0.34153206633822497,1.1543668095019783,0.0,0.0,0.0,1.0,0.44985724569243396,0.42174116783666205,-0.7872501799617361,1,-0.385101859257882,0.3398184855232408,1.1575740171555537,-8.102900665607479e-06,8.677419831015772e-07,2.4871843351675907e-06,0.9999999999637019,-0.38325246257255974,0.34153206633822497,1.1543668095019783,0.7929,ASSIST,tag_0,1.0,1.0,0,[1.0],"[""tag_0""]",1,"{""j1"": true, ""j2"": true, ""j3"": true, ""j4"": true, ""j5"": true, ""j6"": true, ""j7"": true, ""accel"": true, ""gyro"": true, ""imu2"": true}",26794.0,4490.0,2.0,0.15441042417751022,0.0,0
0.5684,reach,-0.38325246257255974,0.34153206633822497,1.1543668095019783,0.0,0.0,0.0,1.0,0.44985724569243396,0.42174116783666205,-0.7872501799617361,1,-0.385101859257882,0.3398184855232408,1.1575740171555537,-8.102900665607479e-06,8.677419831015772e-07,2.4871843351675907e-06,0.9999999999637019,-0.38325246257255974,0.34153206633822497,1.1543668095019783,0.7929,ASSIST,tag_0,1.0,1.0,0,[1.0],"[""tag_0""]",1,"{""j1"": true, ""j2"": true, ""j3"": true, ""j4"": true, ""j5"": true, ""j6"": true, ""j7"": true, ""accel"": true, ""gyro"": true, ""imu2"": true}",26794.0,4490.0,2.0,0.15441042417751022,0.0,0
0.5722,reach,-0.38325246257255974,0.34153206633822497,1.1543668095019783,0.0,0.0,0.0,1.0,0.44985724569243396,0.42174116783666205,-0.7872501799617361,1,-0.385101859257882,0.3398184855232408,1.1575740171555537,-8.102900665607479e-06,8.677419831015772e-07,2.4871843351675907e-06,0.9999999999637019,-0.38325246257255974,0.34153206633822497,1.1543668095019783,0.7929,ASSIST,tag_0,1.0,1.0,0,[1.0],"[""tag_0""]",1,"{""j1"": true, ""j2"": true, ""j3"": true, ""j4"": true, ""j5"": true, ""j6"": true, ""j7"": true, ""accel"": true, ""gyro"": true, ""imu2"": true}",26794.0,4490.0,2.0,0.15441042417751022,0.0,0
0.574,reach,-0.38325246257255974,0.34153206633822497,1.1543668095019783,0.0,0.0,0.0,1.0,0.44985724569243396,0.42174116783666205,-0.7872501799617361,1,-0.385101859257882,0.3398184855232408,1.1575740171555537,-8.102900665607479e-06,8.677419831015772e-07,2.4871843351675907e-06,0.9999999999637019,-0.38325246257255974,0.34153206633822497,1.1543668095019783,0.7929,ASSIST,tag_0,1.0,1.0,0,[1.0],"[""tag_0""]",1,"{""j1"": true, ""j2"": true, ""j3"": true, ""j4"": true, ""j5"": true, ""j6"": true, ""j7"": true, ""accel"": true, ""gyro"": true, ""imu2"": true}",26794.0,4490.0,2.0,0.15441042417751022,0.0,0
0.5784,reach,-0.3821728051828979,0.34254424514103293,1.1524774090700702,0.0,0.0,0.0,1.0,0.44985724569243396,0.42174116783666205,-0.7872501799617361,1,-0.385101859257882,0.3398184855232408,1.1575740171555537,-8.102900665607479e-06,8.677419831015772e-07,2.4871843351675907e-06,0.9999999999637019,-0.3821728051828979,0.34254424514103293,1.1524774090700702,0.7929,ASSIST,tag_0,1.0,1.0,0,[1.0],"[""tag_0""]",1,"{""j1"": true, ""j2"": true, ""j3"": true, ""j4"": true, ""j5"": true, ""j6"": true, ""j7"": true, ""accel"": true, ""gyro"": true, ""imu2"": true}",26794.0,4490.0,2.0,0.15441042417751022,0.0,0
0.5791,reach,-0.3821728051828979,0.34254424514103293,1.1524774090700702,0.0,0.0,0.0,1.0,0.4498572456924338,0.42174116783666193,-0.7872501799617361,1,-0.385101859257882,0.3398184855232408,1.1575740171555537,-8.102900665607479e-06,8.677419831015772e-07,2.4871843351675907e-06,0.9999999999637019,-0.3821728051828979,0.34254424514103293,1.1524774090700702,0.7929,ASSIST,tag_0,1.0,1.0,0,[1.0],"[""tag_0""]",1,"{""j1"": true, ""j2"": true, ""j3"": true, ""j4"": true, ""j5"": true, ""j6"": true, ""j7"": true, ""accel"": true, ""gyro"": true, ""imu2"": true}",26794.0,4490.0,2.0,0.15441042417751022,0.0,0
0.5793,reach,-0.3821728051828979,0.34254424514103293,1.1524774090700702,0.0,0.0,0.0,1.0,0.4498572456924338,0.42174116783666193,-0.7872501799617361,1,-0.385101859257882,0.3398184855232408,1.1575740171555537,-8.102900665607479e-06,8.677419831015772e-07,2.4871843351675907e-06,0.9999999999637019,-0.3821728051828979,0.34254424514103293,1.1524774090700702,0.7929,ASSIST,tag_0,1.0,1.0,0,[1.0],"[""tag_0""]",1,"{""j1"": true, ""j2"": true, ""j3"": true, ""j4"": true, ""j5"": true, ""j6"": true, ""j7"": true, ""accel"": true, ""gyro"": true, ""imu2"": true}",26794.0,4490.0,2.0,0.15441042417751022,0.0,0
0.5812,reach,-0.3821728051828979,0.34254424514103293,1.1524774090700702,0.0,0.0,0.0,1.0,0.4498572456924338,0.42174116783666193,-0.7872501799617361,1,-0.385101859257882,0.3398184855232408,1.1575740171555537,-8.102900665607479e-06,8.677419831015772e-07,2.4871843351675907e-06,0.9999999999637019,-0.3821728051828979,0.34254424514103293,1.1524774090700702,0.7929,ASSIST,tag_0,1.0,1.0,0,[1.0],"[""tag_0""]",1,"{""j1"": true, ""j2"": true, ""j3"": true, ""j4"": true, ""j5"": true, ""j6"": true, ""j7"": true, ""accel"": true, ""gyro"": true, ""imu2"": true}",26795.0,4490.0,2.0,0.15367781144660592,0.0,0
0.5833,reach,-0.3821728051828979,0.34254424514103293,1.1524774090700702,0.0,0.0,0.0,1.0,0.4498572456924338,0.42174116783666193,-0.7872501799617361,1,-0.385101859257882,0.3398184855232408,1.1575740171555537,-8.102900665607479e-06,8.677419831015772e-07,2.4871843351675907e-06,0.9999999999637019,-0.3821728051828979,0.34254424514103293,1.1524774090700702,0.7929,ASSIST,tag_0,1.0,1.0,0,[1.0],"[""tag_0""]",1,"{""j1"": true, ""j2"": true, ""j3"": true, ""j4"": true, ""j5"": true, ""j6"": true, ""j7"": true, ""accel"": true, ""gyro"": true, ""imu2"": true}",26795.0,4490.0,2.0,0.15367781144660592,0.0,0
0.5892,reach,-0.3821728051828979,0.34254424514103293,1.1524774090700702,0.0,0.0,0.0,1.0,0.4498572456924338,0.42174116783666193,-0.7872501799617361,1,-0.385101859257882,0.3398184855232408,1.1575740171555537,-8.102900665607479e-06,8.677419831015772e-07,2.4871843351675907e-06,0.9999999999637019,-0.3821728051828979,0.34254424514103293,1.1524774090700702,0.7929,ASSIST,tag_0,1.0,1.0,0,[1.0],"[""tag_0""]",1,"{""j1"": true, ""j2"": true, ""j3"": true, ""j4"": true, ""j5"": true, ""j6"": true, ""j7"": true, ""accel"": true, ""gyro"": true, ""imu2"": true}",26795.0,4490.0,2.0,0.15367781144660592,0.0,0
0.5926,reach,-0.3821728051828979,0.34254424514103293,1.1524774090700702,0.0,0.0,0.0,1.0,0.4498572456924338,0.42174116783666193,-0.7872501799617361,1,-0.385101859257882,0.3398184855232408,1.1575740171555537,-8.102900665607479e-06,8.677419831015772e-07,2.4871843351675907e-06,0.9999999999637019,-0.3821728051828979,0.34254424514103293,1.1524774090700702,0.7929,ASSIST,tag_0,1.0,1.0,0,[1.0],"[""tag_0""]",1,"{""j1"": true, ""j2"": true, ""j3"": true, ""j4"": true, ""j5"": true, ""j6"": true, ""j7"": true, ""accel"": true, ""gyro"": true, ""imu2"": true}",26795.0,4490.0,2.0,0.15367781144660592,0.0,0
0.5941,reach,-0.3821728051828979,0.34254424514103293,1.1524774090700702,0.0,0.0,0.0,1.0,0.4498572456924338,0.42174116783666193,-0.7872501799617361,1,-0.385101859257882,0.3398184855232408,1.1575740171555537,-8.102900665607479e-06,8.677419831015772e-07,2.4871843351675907e-06,0.9999999999637019,-0.3821728051828979,0.34254424514103293,1.1524774090700702,0.7929,ASSIST,tag_0,1.0,1.0,0,[1.0],"[""tag_0""]",1,"{""j1"": true, ""j2"": true, ""j3"": true, ""j4"": true, ""j5"": true, ""j6"": true, ""j7"": true, ""accel"": true, ""gyro"": true, ""imu2"": true}",26795.0,4490.0,2.0,0.15367781144660592,0.0,0
0.5952,reach,-0.3821728051828979,0.34254424514103293,1.1524774090700702,0.0,0.0,0.0,1.0,0.4498572456924338,0.42174116783666193,-0.7872501799617361,1,-0.385101859257882,0.3398184855232408,1.1575740171555537,-8.102900665607479e-06,8.677419831015772e-07,2.4871843351675907e-06,0.9999999999637019,-0.3821728051828979,0.34254424514103293,1.1524774090700702,0.7929,ASSIST,tag_0,1.0,1.0,0,[1.0],"[""tag_0""]",1,"{""j1"": true, ""j2"": true, ""j3"": true, ""j4"": true, ""j5"": true, ""j6"": true, ""j7"": true, ""accel"": true, ""gyro"": true, ""imu2"": true}",26795.0,4490.0,2.0,0.15367781144660592,0.0,0
0.5982,reach,-0.3810931477932361,0.3435564239438409,1.1505880086381621,0.0,0.0,0.0,1.0,0.4498572456924338,0.42174116783666193,-0.7872501799617361,1,-0.385101859257882,0.3398184855232408,1.1575740171555537,-8.102900665607479e-06,8.677419831015772e-07,2.4871843351675907e-06,0.9999999999637019,-0.3810931477932361,0.3435564239438409,1.1505880086381621,0.7929,ASSIST,tag_0,1.0,1.0,0,[1.0],"[""tag_0""]",1,"{""j1"": true, ""j2"": true, ""j3"": true, ""j4"": true, ""j5"": true, ""j6"": true, ""j7"": true, ""accel"": true, ""gyro"": true, ""imu2"": true}",26795.0,4490.0,2.0,0.15367781144660592,0.0,0
0.5988,reach,-0.3810931477932361,0.3435564239438409,1.1505880086381621,0.0,0.0,0.0,1.0,0.44985724569243374,0.4217411678366619,-0.7872501799617362,1,-0.385101859257882,0.3398184855232408,1.1575740171555537,-8.102900665607479e-06,8.677419831015772e-07,2.4871843351675907e-06,0.9999999999637019,-0.3810931477932361,0.3435564239438409,1.1505880086381621,0.7929,ASSIST,tag_0,1.0,1.0,0,[1.0],"[""tag_0""]",1,"{""j1"": true, ""j2"": true, ""j3"": true, ""j4"": true, ""j5"": true, ""j6"": true, ""j7"": true, ""accel"": true, ""gyro"": true, ""imu2"": true}",26795.0,4490.0,2.0,0.15367781144660592,0.0,0
0.599,reach,-0.3810931477932361,0.3435564239438409,1.1505880086381621,0.0,0.0,0.0,1.0,0.44985724569243374,0.4217411678366619,-0.7872501799617362,1,-0.385101859257882,0.3398184855232408,1.1575740171555537,-8.102900665607479e-06,8.677419831015772e-07,2.4871843351675907e-06,0.9999999999637019,-0.3810931477932361,0.3435564239438409,1.1505880086381621,0.7929,ASSIST,tag_0,1.0,1.0,0,[1.0],"[""tag_0""]",1,"{""j1"": true, ""j2"": true, ""j3"": true, ""j4"": true, ""j5"": true, ""j6"": true, ""j7"": true, ""accel"": true, ""gyro"": true, ""imu2"": true}",26795.0,4490.0,2.0,0.15367781144660592,0.0,0
0.6014,reach,-0.3810931477932361,0.3435564239438409,1.1505880086381621,0.0,0.0,0.0,1.0,0.44985724569243374,0.4217411678366619,-0.7872501799617362,1,-0.385101859257882,0.3398184855232408,1.1575740171555537,-8.102900665607479e-06,8.677419831015772e-07,2.4871843351675907e-06,0.9999999999637019,-0.3810931477932361,0.3435564239438409,1.1505880086381621,0.7929,ASSIST,tag_0,1.0,1.0,0,[1.0],"[""tag_0""]",1,"{""j1"": true, ""j2"": true, ""j3"": true, ""j4"": true, ""j5"": true, ""j6"": true, ""j7"": true, ""accel"": true, ""gyro"": true, ""imu2"": true}",26796.0,4490.0,2.0,0.15367781144660592,0.0,0
0.6028,reach,-0.3810931477932361,0.3435564239438409,1.1505880086381621,0.0,0.0,0.0,1.0,0.44985724569243374,0.4217411678366619,-0.7872501799617362,1,-0.385101859257882,0.3398184855232408,1.1575740171555537,-8.102900665607479e-06,8.677419831015772e-07,2.4871843351675907e-06,0.9999999999637019,-0.3810931477932361,0.3435564239438409,1.1505880086381621,0.7929,ASSIST,tag_0,1.0,1.0,0,[1.0],"[""tag_0""]",1,"{""j1"": true, ""j2"": true, ""j3"": true, ""j4"": true, ""j5"": true, ""j6"": true, ""j7"": true, ""accel"": true, ""gyro"": true, ""imu2"": true}",26796.0,4490.0,2.0,0.15367781144660592,0.0,0
0.6089,reach,-0.3810931477932361,0.3435564239438409,1.1505880086381621,0.0,0.0,0.0,1.0,0.44985724569243374,0.4217411678366619,-0.7872501799617362,1,-0.385101859257882,0.3398184855232408,1.1575740171555537,-8.102900665607479e-06,8.677419831015772e-07,2.4871843351675907e-06,0.9999999999637019,-0.3810931477932361,0.3435564239438409,1.1505880086381621,0.7929,ASSIST,tag_0,1.0,1.0,0,[1.0],"[""tag_0""]",1,"{""j1"": true, ""j2"": true, ""j3"": true, ""j4"": true, ""j5"": true, ""j6"": true, ""j7"": true, ""accel"": true, ""gyro"": true, ""imu2"": true}",26796.0,4490.0,2.0,0.15367781144660592,0.0,0
0.6122,reach,-0.3810931477932361,0.3435564239438409,1.1505880086381621,0.0,0.0,0.0,1.0,0.44985724569243374,0.4217411678366619,-0.7872501799617362,1,-0.385101859257882,0.3398184855232408,1.1575740171555537,-8.102900665607479e-06,8.677419831015772e-07,2.4871843351675907e-06,0.9999999999637019,-0.3810931477932361,0.3435564239438409,1.1505880086381621,0.7929,ASSIST,tag_0,1.0,1.0,0,[1.0],"[""tag_0""]",1,"{""j1"": true, ""j2"": true, ""j3"": true, ""j4"": true, ""j5"": true, ""j6"": true, ""j7"": true, ""accel"": true, ""gyro"": true, ""imu2"": true}",26796.0,4490.0,2.0,0.15367781144660592,0.0,0
0.6141,reach,-0.3810931477932361,0.3435564239438409,1.1505880086381621,0.0,0.0,0.0,1.0,0.44985724569243374,0.4217411678366619,-0.7872501799617362,1,-0.385101859257882,0.3398184855232408,1.1575740171555537,-8.102900665607479e-06,8.677419831015772e-07,2.4871843351675907e-06,0.9999999999637019,-0.3810931477932361,0.3435564239438409,1.1505880086381621,0.7929,ASSIST,tag_0,1.0,1.0,0,[1.0],"[""tag_0""]",1,"{""j1"": true, ""j2"": true, ""j3"": true, ""j4"": true, ""j5"": true, ""j6"": true, ""j7"": true, ""accel"": true, ""gyro"": true, ""imu2"": true}",26796.0,4490.0,2.0,0.15367781144660592,0.0,0
0.6184,reach,-0.3800134904035743,0.34456860274664886,1.148698608206254,0.0,0.0,0.0,1.0,0.44985724569243374,0.4217411678366619,-0.7872501799617362,1,-0.385101859257882,0.3398184855232408,1.1575740171555537,-8.102900665607479e-06,8.677419831015772e-07,2.4871843351675907e-06,0.9999999999637019,-0.3800134904035743,0.34456860274664886,1.148698608206254,0.7929,ASSIST,tag_0,1.0,1.0,0,[1.0],"[""tag_0""]",1,"{""j1"": true, ""j2"": true, ""j3"": true, ""j4"": true, ""j5"": true, ""j6"": true, ""j7"": true, ""accel"": true, ""gyro"": true, ""imu2"": true}",26796.0,4490.0,2.0,0.15367781144660592,0.0,0
0.6193,reach,-0.3800134904035743,0.34456860274664886,1.148698608206254,0.0,0.0,0.0,1.0,0.4498572456924336,0.4217411678366618,-0.7872501799617363,1,-0.385101859257882,0.3398184855232408,1.1575740171555537,-8.102900665607479e-06,8.677419831015772e-07,2.4871843351675907e-06,0.9999999999637019,-0.3800134904035743,0.34456860274664886,1.148698608206254,0.7929,ASSIST,tag_0,1.0,1.0,0,[1.0],"[""tag_0""]",1,"{""j1"": true, ""j2"": true, ""j3"": true, ""j4"": true, ""j5"": true, ""j6"": true, ""j7"": true, ""accel"": true, ""gyro"": true, ""imu2"": true}",26796.0,4490.0,2.0,0.15367781144660592,0.0,0
0.6195,reach,-0.3800134904035743,0.34456860274664886,1.148698608206254,0.0,0.0,0.0,1.0,0.4498572456924336,0.4217411678366618,-0.7872501799617363,1,-0.385101859257882,0.3398184855232408,1.1575740171555537,-8.102900665607479e-06,8.677419831015772e-07,2.4871843351675907e-06,0.9999999999637019,-0.3800134904035743,0.34456860274664886,1.148698608206254,0.7929,ASSIST,tag_0,1.0,1.0,0,[1.0],"[""tag_0""]",1,"{""j1"": true, ""j2"": true, ""j3"": true, ""j4"": true, ""j5"": true, ""j6"": true, ""j7"": true, ""accel"": true, ""gyro"": true, ""imu2"": true}",26796.0,4490.0,2.0,0.15367781144660592,0.0,0
0.6216,reach,-0.3800134904035743,0.34456860274664886,1.148698608206254,0.0,0.0,0.0,1.0,0.4498572456924336,0.4217411678366618,-0.7872501799617363,1,-0.385101859257882,0.3398184855232408,1.1575740171555537,-8.102900665607479e-06,8.677419831015772e-07,2.4871843351675907e-06,0.9999999999637019,-0.3800134904035743,0.34456860274664886,1.148698608206254,0.7929,ASSIST,tag_0,1.0,1.0,0,[1.0],"[""tag_0""]",1,"{""j1"": true, ""j2"": true, ""j3"": true, ""j4"": true, ""j5"": true, ""j6"": true, ""j7"": true, ""accel"": true, ""gyro"": true, ""imu2"": true}",26797.0,4490.0,2.0,0.15367781144660592,0.0,0
0.6246,reach,-0.3800134904035743,0.34456860274664886,1.148698608206254,0.0,0.0,0.0,1.0,0.4498572456924336,0.4217411678366618,-0.7872501799617363,1,-0.38291632371621587,0.34186435814255056,1.1537526440916008,-7.449904418199706e-06,5.971851171765464e-07,3.0053209746777618e-06,0.9999999999675552,-0.3800134904035743,0.34456860274664886,1.148698608206254,0.7929,ASSIST,tag_0,1.0,1.0,0,[1.0],"[""tag_0""]",1,"{""j1"": true, ""j2"": true, ""j3"": true, ""j4"": true, ""j5"": true, ""j6"": true, ""j7"": true, ""accel"": true, ""gyro"": true, ""imu2"": true}",26797.0,4490.0,2.0,0.15367781144660592,0.0,0
0.625,reach,-0.3800134904035743,0.34456860274664886,1.148698608206254,0.0,0.0,0.0,1.0,0.4498572456924336,0.4217411678366618,-0.7872501799617363,1,-0.38291632371621587,0.34186435814255056,1.1537526440916008,-7.449904418199706e-06,5.971851171765464e-07,3.0053209746777618e-06,0.9999999999675552,-0.3800134904035743,0.34456860274664886,1.148698608206254,0.7929,ASSIST,tag_0,1.0,1.0,0,[1.0],"[""tag_0""]",1,"{""j1"": true, ""j2"": true, ""j3"": true, ""j4"": true, ""j5"": true, ""j6"": true, ""j7"": true, ""accel"": true, ""gyro"": true, ""imu2"": true}",26797.0,4490.0,2.0,0.15367781144660592,0.0,0
0.6308,reach,-0.3800134904035743,0.34456860274664886,1.148698608206254,0.0,0.0,0.0,1.0,0.4498572456924336,0.4217411678366618,-0.7872501799617363,1,-0.38291632371621587,0.34186435814255056,1.1537526440916008,-7.449904418199706e-06,5.971851171765464e-07,3.0053209746777618e-06,0.9999999999675552,-0.3800134904035743,0.34456860274664886,1.148698608206254,0.7929,ASSIST,tag_0,1.0,1.0,0,[1.0],"[""tag_0""]",1,"{""j1"": true, ""j2"": true, ""j3"": true, ""j4"": true, ""j5"": true, ""j6"": true, ""j7"": true, ""accel"": true, ""gyro"": true, ""imu2"": true}",26797.0,4490.0,2.0,0.15367781144660592,0.0,0
0.6325,reach,-0.3800134904035743,0.34456860274664886,1.148698608206254,0.0,0.0,0.0,1.0,0.4498572456924336,0.4217411678366618,-0.7872501799617363,1,-0.38291632371621587,0.34186435814255056,1.1537526440916008,-7.449904418199706e-06,5.971851171765464e-07,3.0053209746777618e-06,0.9999999999675552,-0.3800134904035743,0.34456860274664886,1.148698608206254,0.7929,ASSIST,tag_0,1.0,1.0,0,[1.0],"[""tag_0""]",1,"{""j1"": true, ""j2"": true, ""j3"": true, ""j4"": true, ""j5"": true, ""j6"": true, ""j7"": true, ""accel"": true, ""gyro"": true, ""imu2"": true}",26797.0,4490.0,2.0,0.15367781144660592,0.0,0
0.634,reach,-0.3800134904035743,0.34456860274664886,1.148698608206254,0.0,0.0,0.0,1.0,0.4498572456924336,0.4217411678366618,-0.7872501799617363,1,-0.38291632371621587,0.34186435814255056,1.1537526440916008,-7.449904418199706e-06,5.971851171765464e-07,3.0053209746777618e-06,0.9999999999675552,-0.3800134904035743,0.34456860274664886,1.148698608206254,0.7929,ASSIST,tag_0,1.0,1.0,0,[1.0],"[""tag_0""]",1,"{""j1"": true, ""j2"": true, ""j3"": true, ""j4"": true, ""j5"": true, ""j6"": true, ""j7"": true, ""accel"": true, ""gyro"": true, ""imu2"": true}",26797.0,4490.0,2.0,0.15367781144660592,0.0,0
0.6386,reach,-0.3789338330139125,0.3455807815494568,1.146809207774346,0.0,0.0,0.0,1.0,0.4498572456924336,0.4217411678366618,-0.7872501799617363,1,-0.38291632371621587,0.34186435814255056,1.1537526440916008,-7.449904418199706e-06,5.971851171765464e-07,3.0053209746777618e-06,0.9999999999675552,-0.3789338330139125,0.3455807815494568,1.146809207774346,0.7929,ASSIST,tag_0,1.0,1.0,0,[1.0],"[""tag_0""]",1,"{""j1"": true, ""j2"": true, ""j3"": true, ""j4"": true, ""j5"": true, ""j6"": true, ""j7"": true, ""accel"": true, ""gyro"": true, ""imu2"": true}",26797.0,4490.0,2.0,0.15367781144660592,0.0,0
0.6391,reach,-0.3789338330139125,0.3455807815494568,1.146809207774346,0.0,0.0,0.0,1.0,0.4498572456924334,0.4217411678366617,-0.7872501799617363,1,-0.38291632371621587,0.34186435814255056,1.1537526440916008,-7.449904418199706e-06,5.971851171765464e-07,3.0053209746777618e-06,0.9999999999675552,-0.3789338330139125,0.3455807815494568,1.146809207774346,0.7929,ASSIST,tag_0,1.0,1.0,0,[1.0],"[""tag_0""]",1,"{""j1"": true, ""j2"": true, ""j3"": true, ""j4"": true, ""j5"": true, ""j6"": true, ""j7"": true, ""accel"": true, ""gyro"": true, ""imu2"": true}",26797.0,4490.0,2.0,0.15367781144660592,0.0,0
0.6397,reach,-0.3789338330139125,0.3455807815494568,1.146809207774346,0.0,0.0,0.0,1.0,0.4498572456924334,0.4217411678366617,-0.7872501799617363,1,-0.38291632371621587,0.34186435814255056,1.1537526440916008,-7.449904418199706e-06,5.971851171765464e-07,3.0053209746777618e-06,0.9999999999675552,-0.3789338330139125,0.3455807815494568,1.146809207774346,0.7929,ASSIST,tag_0,1.0,1.0,0,[1.0],"[""tag_0""]",1,"{""j1"": true, ""j2"": true, ""j3"": true, ""j4"": true, ""j5"": true, ""j6"": true, ""j7"": true, ""accel"": true, ""gyro"": true, ""imu2"": true}",26797.0,4490.0,2.0,0.15367781144660592,0.0,0
0.6413,reach,-0.3789338330139125,0.3455807815494568,1.146809207774346,0.0,0.0,0.0,1.0,0.4498572456924334,0.4217411678366617,-0.7872501799617363,1,-0.38291632371621587,0.34186435814255056,1.1537526440916008,-7.449904418199706e-06,5.971851171765464e-07,3.0053209746777618e-06,0.9999999999675552,-0.3789338330139125,0.3455807815494568,1.146809207774346,0.7929,ASSIST,tag_0,1.0,1.0,0,[1.0],"[""tag_0""]",1,"{""j1"": true, ""j2"": true, ""j3"": true, ""j4"": true, ""j5"": true, ""j6"": true, ""j7"": true, ""accel"": true, ""gyro"": true, ""imu2"": true}",26798.0,4490.0,2.0,0.15431051035458515,0.0,0
0.6424,reach,-0.3789338330139125,0.3455807815494568,1.146809207774346,0.0,0.0,0.0,1.0,0.4498572456924334,0.4217411678366617,-0.7872501799617363,1,-0.38291632371621587,0.34186435814255056,1.1537526440916008,-7.449904418199706e-06,5.971851171765464e-07,3.0053209746777618e-06,0.9999999999675552,-0.3789338330139125,0.3455807815494568,1.146809207774346,0.7929,ASSIST,tag_0,1.0,1.0,0,[1.0],"[""tag_0""]",1,"{""j1"": true, ""j2"": true, ""j3"": true, ""j4"": true, ""j5"": true, ""j6"": true, ""j7"": true, ""accel"": true, ""gyro"": true, ""imu2"": true}",26798.0,4490.0,2.0,0.15431051035458515,0.0,0
0.6455,reach,-0.3789338330139125,0.3455807815494568,1.146809207774346,0.0,0.0,0.0,1.0,0.4498572456924334,0.4217411678366617,-0.7872501799617363,1,-0.38291632371621587,0.34186435814255056,1.1537526440916008,-7.449904418199706e-06,5.971851171765464e-07,3.0053209746777618e-06,0.9999999999675552,-0.3789338330139125,0.3455807815494568,1.146809207774346,0.7929,ASSIST,tag_0,1.0,1.0,0,[1.0],"[""tag_0""]",1,"{""j1"": true, ""j2"": true, ""j3"": true, ""j4"": true, ""j5"": true, ""j6"": true, ""j7"": true, ""accel"": true, ""gyro"": true, ""imu2"": true}",26798.0,4490.0,2.0,0.15431051035458515,0.0,0
0.6468,reach,-0.3789338330139125,0.3455807815494568,1.146809207774346,0.0,0.0,0.0,1.0,0.4498572456924334,0.4217411678366617,-0.7872501799617363,1,-0.38291632371621587,0.34186435814255056,1.1537526440916008,-7.449904418199706e-06,5.971851171765464e-07,3.0053209746777618e-06,0.9999999999675552,-0.3789338330139125,0.3455807815494568,1.146809207774346,0.7929,ASSIST,tag_0,1.0,1.0,0,[1.0],"[""tag_0""]",1,"{""j1"": true, ""j2"": true, ""j3"": true, ""j4"": true, ""j5"": true, ""j6"": true, ""j7"": true, ""accel"": true, ""gyro"": true, ""imu2"": true}",26798.0,4490.0,2.0,0.15431051035458515,0.0,0
0.6521,reach,-0.3789338330139125,0.3455807815494568,1.146809207774346,0.0,0.0,0.0,1.0,0.4498572456924334,0.4217411678366617,-0.7872501799617363,1,-0.38291632371621587,0.34186435814255056,1.1537526440916008,-7.449904418199706e-06,5.971851171765464e-07,3.0053209746777618e-06,0.9999999999675552,-0.3789338330139125,0.3455807815494568,1.146809207774346,0.7929,ASSIST,tag_0,1.0,1.0,0,[1.0],"[""tag_0""]",1,"{""j1"": true, ""j2"": true, ""j3"": true, ""j4"": true, ""j5"": true, ""j6"": true, ""j7"": true, ""accel"": true, ""gyro"": true, ""imu2"": true}",26798.0,4490.0,2.0,0.15431051035458515,0.0,0
0.6541,reach,-0.3789338330139125,0.3455807815494568,1.146809207774346,0.0,0.0,0.0,1.0,0.4498572456924334,0.4217411678366617,-0.7872501799617363,1,-0.38291632371621587,0.34186435814255056,1.1537526440916008,-7.449904418199706e-06,5.971851171765464e-07,3.0053209746777618e-06,0.9999999999675552,-0.3789338330139125,0.3455807815494568,1.146809207774346,0.7929,ASSIST,tag_0,1.0,1.0,0,[1.0],"[""tag_0""]",1,"{""j1"": true, ""j2"": true, ""j3"": true, ""j4"": true, ""j5"": true, ""j6"": true, ""j7"": true, ""accel"": true, ""gyro"": true, ""imu2"": true}",26798.0,4490.0,2.0,0.15431051035458515,0.0,0
0.6583,reach,-0.37785417562425067,0.3465929603522648,1.1449198073424378,0.0,0.0,0.0,1.0,0.4498572456924334,0.4217411678366617,-0.7872501799617363,1,-0.38291632371621587,0.34186435814255056,1.1537526440916008,-7.449904418199706e-06,5.971851171765464e-07,3.0053209746777618e-06,0.9999999999675552,-0.37785417562425067,0.3465929603522648,1.1449198073424378,0.7929,ASSIST,tag_0,1.0,1.0,0,[1.0],"[""tag_0""]",1,"{""j1"": true, ""j2"": true, ""j3"": true, ""j4"": true, ""j5"": true, ""j6"": true, ""j7"": true, ""accel"": true, ""gyro"": true, ""imu2"": true}",26798.0,4490.0,2.0,0.15431051035458515,0.0,0
0.6589,reach,-0.37785417562425067,0.3465929603522648,1.1449198073424378,0.0,0.0,0.0,1.0,0.4498572456924333,0.42174116783666166,-0.7872501799617364,1,-0.38291632371621587,0.34186435814255056,1.1537526440916008,-7.449904418199706e-06,5.971851171765464e-07,3.0053209746777618e-06,0.9999999999675552,-0.37785417562425067,0.3465929603522648,1.1449198073424378,0.7929,ASSIST,tag_0,1.0,1.0,0,[1.0],"[""tag_0""]",1,"{""j1"": true, ""j2"": true, ""j3"": true, ""j4"": true, ""j5"": true, ""j6"": true, ""j7"": true, ""accel"": true, ""gyro"": true, ""imu2"": true}",26798.0,4490.0,2.0,0.15431051035458515,0.0,0
0.6593,reach,-0.37785417562425067,0.3465929603522648,1.1449198073424378,0.0,0.0,0.0,1.0,0.4498572456924333,0.42174116783666166,-0.7872501799617364,1,-0.38291632371621587,0.34186435814255056,1.1537526440916008,-7.449904418199706e-06,5.971851171765464e-07,3.0053209746777618e-06,0.9999999999675552,-0.37785417562425067,0.3465929603522648,1.1449198073424378,0.7929,ASSIST,tag_0,1.0,1.0,0,[1.0],"[""tag_0""]",1,"{""j1"": true, ""j2"": true, ""j3"": true, ""j4"": true, ""j5"": true, ""j6"": true, ""j7"": true, ""accel"": true, ""gyro"": true, ""imu2"": true}",26798.0,4490.0,2.0,0.15431051035458515,0.0,0
0.6617,reach,-0.37785417562425067,0.3465929603522648,1.1449198073424378,0.0,0.0,0.0,1.0,0.4498572456924333,0.42174116783666166,-0.7872501799617364,1,-0.38291632371621587,0.34186435814255056,1.1537526440916008,-7.449904418199706e-06,5.971851171765464e-07,3.0053209746777618e-06,0.9999999999675552,-0.37785417562425067,0.3465929603522648,1.1449198073424378,0.7929,ASSIST,tag_0,1.0,1.0,0,[1.0],"[""tag_0""]",1,"{""j1"": true, ""j2"": true, ""j3"": true, ""j4"": true, ""j5"": true, ""j6"": true, ""j7"": true, ""accel"": true, ""gyro"": true, ""imu2"": true}",26799.0,4490.0,2.0,0.15431051035458515,0.0,0
0.664,reach,-0.37785417562425067,0.3465929603522648,1.1449198073424378,0.0,0.0,0.0,1.0,0.4498572456924333,0.42174116783666166,-0.7872501799617364,1,-0.38291632371621587,0.34186435814255056,1.1537526440916008,-7.449904418199706e-06,5.971851171765464e-07,3.0053209746777618e-06,0.9999999999675552,-0.37785417562425067,0.3465929603522648,1.1449198073424378,0.7929,ASSIST,tag_0,1.0,1.0,0,[1.0],"[""tag_0""]",1,"{""j1"": true, ""j2"": true, ""j3"": true, ""j4"": true, ""j5"": true, ""j6"": true, ""j7"": true, ""accel"": true, ""gyro"": true, ""imu2"": true}",26799.0,4490.0,2.0,0.15431051035458515,0.0,0
0.6702,reach,-0.37785417562425067,0.3465929603522648,1.1449198073424378,0.0,0.0,0.0,1.0,0.4498572456924333,0.42174116783666166,-0.7872501799617364,1,-0.38291632371621587,0.34186435814255056,1.1537526440916008,-7.449904418199706e-06,5.971851171765464e-07,3.0053209746777618e-06,0.9999999999675552,-0.37785417562425067,0.3465929603522648,1.1449198073424378,0.7929,ASSIST,tag_0,1.0,1.0,0,[1.0],"[""tag_0""]",1,"{""j1"": true, ""j2"": true, ""j3"": true, ""j4"": true, ""j5"": true, ""j6"": true, ""j7"": true, ""accel"": true, ""gyro"": true, ""imu2"": true}",26799.0,4490.0,2.0,0.15431051035458515,0.0,0
0.6723,reach,-0.37785417562425067,0.3465929603522648,1.1449198073424378,0.0,0.0,0.0,1.0,0.4498572456924333,0.42174116783666166,-0.7872501799617364,1,-0.38291632371621587,0.34186435814255056,1.1537526440916008,-7.449904418199706e-06,5.971851171765464e-07,3.0053209746777618e-06,0.9999999999675552,-0.37785417562425067,0.3465929603522648,1.1449198073424378,0.7929,ASSIST,tag_0,1.0,1.0,0,[1.0],"[""tag_0""]",1,"{""j1"": true, ""j2"": true, ""j3"": true, ""j4"": true, ""j5"": true, ""j6"": true, ""j7"": true, ""accel"": true, ""gyro"": true, ""imu2"": true}",26799.0,4490.0,2.0,0.15431051035458515,0.0,0
0.6741,reach,-0.37785417562425067,0.3465929603522648,1.1449198073424378,0.0,0.0,0.0,1.0,0.4498572456924333,0.42174116783666166,-0.7872501799617364,1,-0.38291632371621587,0.34186435814255056,1.1537526440916008,-7.449904418199706e-06,5.971851171765464e-07,3.0053209746777618e-06,0.9999999999675552,-0.37785417562425067,0.3465929603522648,1.1449198073424378,0.7929,ASSIST,tag_0,1.0,1.0,0,[1.0],"[""tag_0""]",1,"{""j1"": true, ""j2"": true, ""j3"": true, ""j4"": true, ""j5"": true, ""j6"": true, ""j7"": true, ""accel"": true, ""gyro"": true, ""imu2"": true}",26799.0,4490.0,2.0,0.15431051035458515,0.0,0
0.6786,reach,-0.37677451823458885,0.34760513915507274,1.1430304069105297,0.0,0.0,0.0,1.0,0.4498572456924333,0.42174116783666166,-0.7872501799617364,1,-0.38291632371621587,0.34186435814255056,1.1537526440916008,-7.449904418199706e-06,5.971851171765464e-07,3.0053209746777618e-06,0.9999999999675552,-0.37677451823458885,0.34760513915507274,1.1430304069105297,0.7929,ASSIST,tag_0,1.0,1.0,0,[1.0],"[""tag_0""]",1,"{""j1"": true, ""j2"": true, ""j3"": true, ""j4"": true, ""j5"": true, ""j6"": true, ""j7"": true, ""accel"": true, ""gyro"": true, ""imu2"": true}",26799.0,4490.0,2.0,0.15431051035458515,0.0,0
0.6792,reach,-0.37677451823458885,0.34760513915507274,1.1430304069105297,0.0,0.0,0.0,1.0,0.4498572456924331,0.42174116783666155,-0.7872501799617366,1,-0.38291632371621587,0.34186435814255056,1.1537526440916008,-7.449904418199706e-06,5.971851171765464e-07,3.0053209746777618e-06,0.9999999999675552,-0.37677451823458885,0.34760513915507274,1.1430304069105297,0.7929,ASSIST,tag_0,1.0,1.0,0,[1.0],"[""tag_0""]",1,"{""j1"": true, ""j2"": true, ""j3"": true, ""j4"": true, ""j5"": true, ""j6"": true, ""j7"": true, ""accel"": true, ""gyro"": true, ""imu2"": true}",26799.0,4490.0,2.0,0.15431051035458515,0.0,0
0.6795,reach,-0.37677451823458885,0.34760513915507274,1.1430304069105297,0.0,0.0,0.0,1.0,0.4498572456924331,0.42174116783666155,-0.7872501799617366,1,-0.38291632371621587,0.34186435814255056,1.1537526440916008,-7.449904418199706e-06,5.971851171765464e-07,3.0053209746777618e-06,0.9999999999675552,-0.37677451823458885,0.34760513915507274,1.1430304069105297,0.7929,ASSIST,tag_0,1.0,1.0,0,[1.0],"[""tag_0""]",1,"{""j1"": true, ""j2"": true, ""j3"": true, ""j4"": true, ""j5"": true, ""j6"": true, ""j7"": true, ""accel"": true, ""gyro"": true, ""imu2"": true}",26799.0,4490.0,2.0,0.15431051035458515,0.0,0
0.6815,reach,-0.37677451823458885,0.34760513915507274,1.1430304069105297,0.0,0.0,0.0,1.0,0.4498572456924331,0.42174116783666155,-0.7872501799617366,1,-0.38291632371621587,0.34186435814255056,1.1537526440916008,-7.449904418199706e-06,5.971851171765464e-07,3.0053209746777618e-06,0.9999999999675552,-0.37677451823458885,0.34760513915507274,1.1430304069105297,0.7929,ASSIST,tag_0,1.0,1.0,0,[1.0],"[""tag_0""]",1,"{""j1"": true, ""j2"": true, ""j3"": true, ""j4"": true, ""j5"": true, ""j6"": true, ""j7"": true, ""accel"": true, ""gyro"": true, ""imu2"": true}",26800.0,4490.0,2.0,0.15431051035458515,0.0,0
0.6827,reach,-0.37677451823458885,0.34760513915507274,1.1430304069105297,0.0,0.0,0.0,1.0,0.4498572456924331,0.42174116783666155,-0.7872501799617366,1,-0.38291632371621587,0.34186435814255056,1.1537526440916008,-7.449904418199706e-06,5.971851171765464e-07,3.0053209746777618e-06,0.9999999999675552,-0.37677451823458885,0.34760513915507274,1.1430304069105297,0.7929,ASSIST,tag_0,1.0,1.0,0,[1.0],"[""tag_0""]",1,"{""j1"": true, ""j2"": true, ""j3"": true, ""j4"": true, ""j5"": true, ""j6"": true, ""j7"": true, ""accel"": true, ""gyro"": true, ""imu2"": true}",26800.0,4490.0,2.0,0.15431051035458515,0.0,0
0.6888,reach,-0.37677451823458885,0.34760513915507274,1.1430304069105297,0.0,0.0,0.0,1.0,0.4498572456924331,0.42174116783666155,-0.7872501799617366,1,-0.38291632371621587,0.34186435814255056,1.1537526440916008,-7.449904418199706e-06,5.971851171765464e-07,3.0053209746777618e-06,0.9999999999675552,-0.37677451823458885,0.34760513915507274,1.1430304069105297,0.7929,ASSIST,tag_0,1.0,1.0,0,[1.0],"[""tag_0""]",1,"{""j1"": true, ""j2"": true, ""j3"": true, ""j4"": true, ""j5"": true, ""j6"": true, ""j7"": true, ""accel"": true, ""gyro"": true, ""imu2"": true}",26800.0,4490.0,2.0,0.15431051035458515,0.0,0
0.6923,reach,-0.37677451823458885,0.34760513915507274,1.1430304069105297,0.0,0.0,0.0,1.0,0.4498572456924331,0.42174116783666155,-0.7872501799617366,1,-0.38291632371621587,0.34186435814255056,1.1537526440916008,-7.449904418199706e-06,5.971851171765464e-07,3.0053209746777618e-06,0.9999999999675552,-0.37677451823458885,0.34760513915507274,1.1430304069105297,0.7929,ASSIST,tag_0,1.0,1.0,0,[1.0],"[""tag_0""]",1,"{""j1"": true, ""j2"": true, ""j3"": true, ""j4"": true, ""j5"": true, ""j6"": true, ""j7"": true, ""accel"": true, ""gyro"": true, ""imu2"": true}",26800.0,4490.0,2.0,0.15431051035458515,0.0,0
0.6938,reach,-0.37677451823458885,0.34760513915507274,1.1430304069105297,0.0,0.0,0.0,1.0,0.4498572456924331,0.42174116783666155,-0.7872501799617366,1,-0.3793901804960842,0.34517998670492367,1.1475672761325382,-1.184217934563359e-05,1.0680449840927422e-06,4.68773571624809e-06,0.9999999999183236,-0.37677451823458885,0.34760513915507274,1.1430304069105297,0.7929,ASSIST,tag_0,1.0,1.0,0,[1.0],"[""tag_0""]",1,"{""j1"": true, ""j2"": true, ""j3"": true, ""j4"": true, ""j5"": true, ""j6"": true, ""j7"": true, ""accel"": true, ""gyro"": true, ""imu2"": true}",26800.0,4490.0,2.0,0.15431051035458515,0.0,0
0.6944,reach,-0.37677451823458885,0.34760513915507274,1.1430304069105297,0.0,0.0,0.0,1.0,0.4498572456924331,0.42174116783666155,-0.7872501799617366,1,-0.3793901804960842,0.34517998670492367,1.1475672761325382,-1.184217934563359e-05,1.0680449840927422e-06,4.68773571624809e-06,0.9999999999183236,-0.37677451823458885,0.34760513915507274,1.1430304069105297,0.7929,ASSIST,tag_0,1.0,1.0,0,[1.0],"[""tag_0""]",1,"{""j1"": true, ""j2"": true, ""j3"": true, ""j4"": true, ""j5"": true, ""j6"": true, ""j7"": true, ""accel"": true, ""gyro"": true, ""imu2"": true}",26800.0,4490.0,2.0,0.15431051035458515,0.0,0
0.6949,reach,-0.37677451823458885,0.34760513915507274,1.1430304069105297,0.0,0.0,0.0,1.0,0.4498572456924331,0.42174116783666155,-0.7872501799617366,1,-0.3793901804960842,0.34517998670492367,1.1475672761325382,-1.184217934563359e-05,1.0680449840927422e-06,4.68773571624809e-06,0.9999999999183236,-0.37677451823458885,0.34760513915507274,1.1430304069105297,0.7929,ASSIST,tag_0,1.0,1.0,0,[1.0],"[""tag_0""]",1,"{""j1"": true, ""j2"": true, ""j3"": true, ""j4"": true, ""j5"": true, ""j6"": true, ""j7"": true, ""accel"": true, ""gyro"": true, ""imu2"": true}",26800.0,4490.0,2.0,0.15431051035458515,0.0,0
0.6988,reach,-0.37569486084492704,0.3486173179578807,1.1411410064786216,0.0,0.0,0.0,1.0,0.4498572456924331,0.42174116783666155,-0.7872501799617366,1,-0.3793901804960842,0.34517998670492367,1.1475672761325382,-1.184217934563359e-05,1.0680449840927422e-06,4.68773571624809e-06,0.9999999999183236,-0.37569486084492704,0.3486173179578807,1.1411410064786216,0.7929,ASSIST,tag_0,1.0,1.0,0,[1.0],"[""tag_0""]",1,"{""j1"": true, ""j2"": true, ""j3"": true, ""j4"": true, ""j5"": true, ""j6"": true, ""j7"": true, ""accel"": true, ""gyro"": true, ""imu2"": true}",26800.0,4490.0,2.0,0.15431051035458515,0.0,0
0.7,reach,-0.37569486084492704,0.3486173179578807,1.1411410064786216,0.0,0.0,0.0,1.0,0.4498572456924329,0.42174116783666143,-0.7872501799617369,1,-0.3793901804960842,0.34517998670492367,1.1475672761325382,-1.184217934563359e-05,1.0680449840927422e-06,4.68773571624809e-06,0.9999999999183236,-0.37569486084492704,0.3486173179578807,1.1411410064786216,0.7929,ASSIST,tag_0,1.0,1.0,0,[1.0],"[""tag_0""]",1,"{""j1"": true, ""j2"": true, ""j3"": true, ""j4"": true, ""j5"": true, ""j6"": true, ""j7"": true, ""accel"": true, ""gyro"": true, ""imu2"": true}",26800.0,4490.0,2.0,0.15431051035458515,0.0,0
0.7005,reach,-0.37569486084492704,0.3486173179578807,1.1411410064786216,0.0,0.0,0.0,1.0,0.4498572456924329,0.42174116783666143,-0.7872501799617369,1,-0.3793901804960842,0.34517998670492367,1.1475672761325382,-1.184217934563359e-05,1.0680449840927422e-06,4.68773571624809e-06,0.9999999999183236,-0.37569486084492704,0.3486173179578807,1.1411410064786216,0.7929,ASSIST,tag_0,1.0,1.0,0,[1.0],"[""tag_0""]",1,"{""j1"": true, ""j2"": true, ""j3"": true, ""j4"": true, ""j5"": true, ""j6"": true, ""j7"": true, ""accel"": true, ""gyro"": true, ""imu2"": true}",26800.0,4490.0,2.0,0.15431051035458515,0.0,0
0.7009,reach,-0.37569486084492704,0.3486173179578807,1.1411410064786216,0.0,0.0,0.0,1.0,0.4498572456924329,0.42174116783666143,-0.7872501799617369,1,-0.3793901804960842,0.34517998670492367,1.1475672761325382,-1.184217934563359e-05,1.0680449840927422e-06,4.68773571624809e-06,0.9999999999183236,-0.37569486084492704,0.3486173179578807,1.1411410064786216,0.7929,ASSIST,tag_0,1.0,1.0,0,[1.0],"[""tag_0""]",1,"{""j1"": true, ""j2"": true, ""j3"": true, ""j4"": true, ""j5"": true, ""j6"": true, ""j7"": true, ""accel"": true, ""gyro"": true, ""imu2"": true}",26800.0,4490.0,2.0,0.15431051035458515,0.0,0
0.7026,reach,-0.37569486084492704,0.3486173179578807,1.1411410064786216,0.0,0.0,0.0,1.0,0.4498572456924329,0.42174116783666143,-0.7872501799617369,1,-0.3793901804960842,0.34517998670492367,1.1475672761325382,-1.184217934563359e-05,1.0680449840927422e-06,4.68773571624809e-06,0.9999999999183236,-0.37569486084492704,0.3486173179578807,1.1411410064786216,0.7929,ASSIST,tag_0,1.0,1.0,0,[1.0],"[""tag_0""]",1,"{""j1"": true, ""j2"": true, ""j3"": true, ""j4"": true, ""j5"": true, ""j6"": true, ""j7"": true, ""accel"": true, ""gyro"": true, ""imu2"": true}",26801.0,4490.0,2.0,0.15431051035458515,0.0,0
0.7037,reach,-0.37569486084492704,0.3486173179578807,1.1411410064786216,0.0,0.0,0.0,1.0,0.4498572456924329,0.42174116783666143,-0.7872501799617369,1,-0.3793901804960842,0.34517998670492367,1.1475672761325382,-1.184217934563359e-05,1.0680449840927422e-06,4.68773571624809e-06,0.9999999999183236,-0.37569486084492704,0.3486173179578807,1.1411410064786216,0.7929,ASSIST,tag_0,1.0,1.0,0,[1.0],"[""tag_0""]",1,"{""j1"": true, ""j2"": true, ""j3"": true, ""j4"": true, ""j5"": true, ""j6"": true, ""j7"": true, ""accel"": true, ""gyro"": true, ""imu2"": true}",26801.0,4490.0,2.0,0.15431051035458515,0.0,0
0.7094,reach,-0.37569486084492704,0.3486173179578807,1.1411410064786216,0.0,0.0,0.0,1.0,0.4498572456924329,0.42174116783666143,-0.7872501799617369,1,-0.3793901804960842,0.34517998670492367,1.1475672761325382,-1.184217934563359e-05,1.0680449840927422e-06,4.68773571624809e-06,0.9999999999183236,-0.37569486084492704,0.3486173179578807,1.1411410064786216,0.7929,ASSIST,tag_0,1.0,1.0,0,[1.0],"[""tag_0""]",1,"{""j1"": true, ""j2"": true, ""j3"": true, ""j4"": true, ""j5"": true, ""j6"": true, ""j7"": true, ""accel"": true, ""gyro"": true, ""imu2"": true}",26801.0,4490.0,2.0,0.15431051035458515,0.0,0
0.7124,reach,-0.37569486084492704,0.3486173179578807,1.1411410064786216,0.0,0.0,0.0,1.0,0.4498572456924329,0.42174116783666143,-0.7872501799617369,1,-0.3793901804960842,0.34517998670492367,1.1475672761325382,-1.184217934563359e-05,1.0680449840927422e-06,4.68773571624809e-06,0.9999999999183236,-0.37569486084492704,0.3486173179578807,1.1411410064786216,0.7929,ASSIST,tag_0,1.0,1.0,0,[1.0],"[""tag_0""]",1,"{""j1"": true, ""j2"": true, ""j3"": true, ""j4"": true, ""j5"": true, ""j6"": true, ""j7"": true, ""accel"": true, ""gyro"": true, ""imu2"": true}",26801.0,4490.0,2.0,0.15431051035458515,0.0,0
0.7148,reach,-0.37569486084492704,0.3486173179578807,1.1411410064786216,0.0,0.0,0.0,1.0,0.4498572456924329,0.42174116783666143,-0.7872501799617369,1,-0.3793901804960842,0.34517998670492367,1.1475672761325382,-1.184217934563359e-05,1.0680449840927422e-06,4.68773571624809e-06,0.9999999999183236,-0.37569486084492704,0.3486173179578807,1.1411410064786216,0.7929,ASSIST,tag_0,1.0,1.0,0,[1.0],"[""tag_0""]",1,"{""j1"": true, ""j2"": true, ""j3"": true, ""j4"": true, ""j5"": true, ""j6"": true, ""j7"": true, ""accel"": true, ""gyro"": true, ""imu2"": true}",26801.0,4490.0,2.0,0.15431051035458515,0.0,0
0.7187,reach,-0.3746152034552652,0.34962949676068866,1.1392516060467135,0.0,0.0,0.0,1.0,0.4498572456924329,0.42174116783666143,-0.7872501799617369,1,-0.3793901804960842,0.34517998670492367,1.1475672761325382,-1.184217934563359e-05,1.0680449840927422e-06,4.68773571624809e-06,0.9999999999183236,-0.3746152034552652,0.34962949676068866,1.1392516060467135,0.7929,ASSIST,tag_0,1.0,1.0,0,[1.0],"[""tag_0""]",1,"{""j1"": true, ""j2"": true, ""j3"": true, ""j4"": true, ""j5"": true, ""j6"": true, ""j7"": true, ""accel"": true, ""gyro"": true, ""imu2"": true}",26801.0,4490.0,2.0,0.15431051035458515,0.0,0
0.7195,reach,-0.3746152034552652,0.34962949676068866,1.1392516060467135,0.0,0.0,0.0,1.0,0.44985724569243274,0.4217411678366614,-0.7872501799617371,1,-0.3793901804960842,0.34517998670492367,1.1475672761325382,-1.184217934563359e-05,1.0680449840927422e-06,4.68773571624809e-06,0.9999999999183236,-0.3746152034552652,0.34962949676068866,1.1392516060467135,0.7929,ASSIST,tag_0,1.0,1.0,0,[1.0],"[""tag_0""]",1,"{""j1"": true, ""j2"": true, ""j3"": true, ""j4"": true, ""j5"": true, ""j6"": true, ""j7"": true, ""accel"": true, ""gyro"": true, ""imu2"": true}",26801.0,4490.0,2.0,0.15431051035458515,0.0,0
0.72,reach,-0.3746152034552652,0.34962949676068866,1.1392516060467135,0.0,0.0,0.0,1.0,0.44985724569243274,0.4217411678366614,-0.7872501799617371,1,-0.3793901804960842,0.34517998670492367,1.1475672761325382,-1.184217934563359e-05,1.0680449840927422e-06,4.68773571624809e-06,0.9999999999183236,-0.3746152034552652,0.34962949676068866,1.1392516060467135,0.7929,ASSIST,tag_0,1.0,1.0,0,[1.0],"[""tag_0""]",1,"{""j1"": true, ""j2"": true, ""j3"": true, ""j4"": true, ""j5"": true, ""j6"": true, ""j7"": true, ""accel"": true, ""gyro"": true, ""imu2"": true}",26801.0,4490.0,2.0,0.15431051035458515,0.0,0
0.7213,reach,-0.3746152034552652,0.34962949676068866,1.1392516060467135,0.0,0.0,0.0,1.0,0.44985724569243274,0.4217411678366614,-0.7872501799617371,1,-0.3793901804960842,0.34517998670492367,1.1475672761325382,-1.184217934563359e-05,1.0680449840927422e-06,4.68773571624809e-06,0.9999999999183236,-0.3746152034552652,0.34962949676068866,1.1392516060467135,0.7929,ASSIST,tag_0,1.0,1.0,0,[1.0],"[""tag_0""]",1,"{""j1"": true, ""j2"": true, ""j3"": true, ""j4"": true, ""j5"": true, ""j6"": true, ""j7"": true, ""accel"": true, ""gyro"": true, ""imu2"": true}",26802.0,4490.0,2.0,0.15527641656536262,0.0,0
0.7223,reach,-0.3746152034552652,0.34962949676068866,1.1392516060467135,0.0,0.0,0.0,1.0,0.44985724569243274,0.4217411678366614,-0.7872501799617371,1,-0.3793901804960842,0.34517998670492367,1.1475672761325382,-1.184217934563359e-05,1.0680449840927422e-06,4.68773571624809e-06,0.9999999999183236,-0.3746152034552652,0.34962949676068866,1.1392516060467135,0.7929,ASSIST,tag_0,1.0,1.0,0,[1.0],"[""tag_0""]",1,"{""j1"": true, ""j2"": true, ""j3"": true, ""j4"": true, ""j5"": true, ""j6"": true, ""j7"": true, ""accel"": true, ""gyro"": true, ""imu2"": true}",26802.0,4490.0,2.0,0.15527641656536262,0.0,0
0.7281,reach,-0.3746152034552652,0.34962949676068866,1.1392516060467135,0.0,0.0,0.0,1.0,0.44985724569243274,0.4217411678366614,-0.7872501799617371,1,-0.3793901804960842,0.34517998670492367,1.1475672761325382,-1.184217934563359e-05,1.0680449840927422e-06,4.68773571624809e-06,0.9999999999183236,-0.3746152034552652,0.34962949676068866,1.1392516060467135,0.7929,ASSIST,tag_0,1.0,1.0,0,[1.0],"[""tag_0""]",1,"{""j1"": true, ""j2"": true, ""j3"": true, ""j4"": true, ""j5"": true, ""j6"": true, ""j7"": true, ""accel"": true, ""gyro"": true, ""imu2"": true}",26802.0,4490.0,2.0,0.15527641656536262,0.0,0
0.7332,reach,-0.3746152034552652,0.34962949676068866,1.1392516060467135,0.0,0.0,0.0,1.0,0.44985724569243274,0.4217411678366614,-0.7872501799617371,1,-0.3793901804960842,0.34517998670492367,1.1475672761325382,-1.184217934563359e-05,1.0680449840927422e-06,4.68773571624809e-06,0.9999999999183236,-0.3746152034552652,0.34962949676068866,1.1392516060467135,0.7929,ASSIST,tag_0,1.0,1.0,0,[1.0],"[""tag_0""]",1,"{""j1"": true, ""j2"": true, ""j3"": true, ""j4"": true, ""j5"": true, ""j6"": true, ""j7"": true, ""accel"": true, ""gyro"": true, ""imu2"": true}",26802.0,4490.0,2.0,0.15527641656536262,0.0,0
0.7341,reach,-0.3746152034552652,0.34962949676068866,1.1392516060467135,0.0,0.0,0.0,1.0,0.44985724569243274,0.4217411678366614,-0.7872501799617371,1,-0.3793901804960842,0.34517998670492367,1.1475672761325382,-1.184217934563359e-05,1.0680449840927422e-06,4.68773571624809e-06,0.9999999999183236,-0.3746152034552652,0.34962949676068866,1.1392516060467135,0.7929,ASSIST,tag_0,1.0,1.0,0,[1.0],"[""tag_0""]",1,"{""j1"": true, ""j2"": true, ""j3"": true, ""j4"": true, ""j5"": true, ""j6"": true, ""j7"": true, ""accel"": true, ""gyro"": true, ""imu2"": true}",26802.0,4490.0,2.0,0.15527641656536262,0.0,0
0.7382,reach,-0.3735355460656034,0.3506416755634966,1.1373622056148054,0.0,0.0,0.0,1.0,0.44985724569243274,0.4217411678366614,-0.7872501799617371,1,-0.3793901804960842,0.34517998670492367,1.1475672761325382,-1.184217934563359e-05,1.0680449840927422e-06,4.68773571624809e-06,0.9999999999183236,-0.3735355460656034,0.3506416755634966,1.1373622056148054,0.7929,ASSIST,tag_0,1.0,1.0,0,[1.0],"[""tag_0""]",1,"{""j1"": true, ""j2"": true, ""j3"": true, ""j4"": true, ""j5"": true, ""j6"": true, ""j7"": true, ""accel"": true, ""gyro"": true, ""imu2"": true}",26802.0,4490.0,2.0,0.15527641656536262,0.0,0
0.7388,reach,-0.3735355460656034,0.3506416755634966,1.1373622056148054,0.0,0.0,0.0,1.0,0.4498572456924324,0.4217411678366612,-0.7872501799617372,1,-0.3793901804960842,0.34517998670492367,1.1475672761325382,-1.184217934563359e-05,1.0680449840927422e-06,4.68773571624809e-06,0.9999999999183236,-0.3735355460656034,0.3506416755634966,1.1373622056148054,0.7929,ASSIST,tag_0,1.0,1.0,0,[1.0],"[""tag_0""]",1,"{""j1"": true, ""j2"": true, ""j3"": true, ""j4"": true, ""j5"": true, ""j6"": true, ""j7"": true, ""accel"": true, ""gyro"": true, ""imu2"": true}",26802.0,4490.0,2.0,0.15527641656536262,0.0,0
0.7391,reach,-0.3735355460656034,0.3506416755634966,1.1373622056148054,0.0,0.0,0.0,1.0,0.4498572456924324,0.4217411678366612,-0.7872501799617372,1,-0.3793901804960842,0.34517998670492367,1.1475672761325382,-1.184217934563359e-05,1.0680449840927422e-06,4.68773571624809e-06,0.9999999999183236,-0.3735355460656034,0.3506416755634966,1.1373622056148054,0.7929,ASSIST,tag_0,1.0,1.0,0,[1.0],"[""tag_0""]",1,"{""j1"": true, ""j2"": true, ""j3"": true, ""j4"": true, ""j5"": true, ""j6"": true, ""j7"": true, ""accel"": true, ""gyro"": true, ""imu2"": true}",26802.0,4490.0,2.0,0.15527641656536262,0.0,0
0.7417,reach,-0.3735355460656034,0.3506416755634966,1.1373622056148054,0.0,0.0,0.0,1.0,0.4498572456924324,0.4217411678366612,-0.7872501799617372,1,-0.3793901804960842,0.34517998670492367,1.1475672761325382,-1.184217934563359e-05,1.0680449840927422e-06,4.68773571624809e-06,0.9999999999183236,-0.3735355460656034,0.3506416755634966,1.1373622056148054,0.7929,ASSIST,tag_0,1.0,1.0,0,[1.0],"[""tag_0""]",1,"{""j1"": true, ""j2"": true, ""j3"": true, ""j4"": true, ""j5"": true, ""j6"": true, ""j7"": true, ""accel"": true, ""gyro"": true, ""imu2"": true}",26803.0,4490.0,2.0,0.15527641656536262,0.0,0
0.7424,reach,-0.3735355460656034,0.3506416755634966,1.1373622056148054,0.0,0.0,0.0,1.0,0.4498572456924324,0.4217411678366612,-0.7872501799617372,1,-0.3793901804960842,0.34517998670492367,1.1475672761325382,-1.184217934563359e-05,1.0680449840927422e-06,4.68773571624809e-06,0.9999999999183236,-0.3735355460656034,0.3506416755634966,1.1373622056148054,0.7929,ASSIST,tag_0,1.0,1.0,0,[1.0],"[""tag_0""]",1,"{""j1"": true, ""j2"": true, ""j3"": true, ""j4"": true, ""j5"": true, ""j6"": true, ""j7"": true, ""accel"": true, ""gyro"": true, ""imu2"": true}",26803.0,4490.0,2.0,0.15527641656536262,0.0,0
0.745,reach,-0.3735355460656034,0.3506416755634966,1.1373622056148054,0.0,0.0,0.0,1.0,0.4498572456924324,0.4217411678366612,-0.7872501799617372,1,-0.3793901804960842,0.34517998670492367,1.1475672761325382,-1.184217934563359e-05,1.0680449840927422e-06,4.68773571624809e-06,0.9999999999183236,-0.3735355460656034,0.3506416755634966,1.1373622056148054,0.7929,ASSIST,tag_0,1.0,1.0,0,[1.0],"[""tag_0""]",1,"{""j1"": true, ""j2"": true, ""j3"": true, ""j4"": true, ""j5"": true, ""j6"": true, ""j7"": true, ""accel"": true, ""gyro"": true, ""imu2"": true}",26803.0,4490.0,2.0,0.15527641656536262,0.0,0
0.751,reach,-0.3735355460656034,0.3506416755634966,1.1373622056148054,0.0,0.0,0.0,1.0,0.4498572456924324,0.4217411678366612,-0.7872501799617372,1,-0.3793901804960842,0.34517998670492367,1.1475672761325382,-1.184217934563359e-05,1.0680449840927422e-06,4.68773571624809e-06,0.9999999999183236,-0.3735355460656034,0.3506416755634966,1.1373622056148054,0.7929,ASSIST,tag_0,1.0,1.0,0,[1.0],"[""tag_0""]",1,"{""j1"": true, ""j2"": true, ""j3"": true, ""j4"": true, ""j5"": true, ""j6"": true, ""j7"": true, ""accel"": true, ""gyro"": true, ""imu2"": true}",26803.0,4490.0,2.0,0.15527641656536262,0.0,0
0.7523,reach,-0.3735355460656034,0.3506416755634966,1.1373622056148054,0.0,0.0,0.0,1.0,0.4498572456924324,0.4217411678366612,-0.7872501799617372,1,-0.3793901804960842,0.34517998670492367,1.1475672761325382,-1.184217934563359e-05,1.0680449840927422e-06,4.68773571624809e-06,0.9999999999183236,-0.3735355460656034,0.3506416755634966,1.1373622056148054,0.7929,ASSIST,tag_0,1.0,1.0,0,[1.0],"[""tag_0""]",1,"{""j1"": true, ""j2"": true, ""j3"": true, ""j4"": true, ""j5"": true, ""j6"": true, ""j7"": true, ""accel"": true, ""gyro"": true, ""imu2"": true}",26803.0,4490.0,2.0,0.15527641656536262,0.0,0
0.7544,reach,-0.3735355460656034,0.3506416755634966,1.1373622056148054,0.0,0.0,0.0,1.0,0.4498572456924324,0.4217411678366612,-0.7872501799617372,1,-0.3793901804960842,0.34517998670492367,1.1475672761325382,-1.184217934563359e-05,1.0680449840927422e-06,4.68773571624809e-06,0.9999999999183236,-0.3735355460656034,0.3506416755634966,1.1373622056148054,0.7929,ASSIST,tag_0,1.0,1.0,0,[1.0],"[""tag_0""]",1,"{""j1"": true, ""j2"": true, ""j3"": true, ""j4"": true, ""j5"": true, ""j6"": true, ""j7"": true, ""accel"": true, ""gyro"": true, ""imu2"": true}",26803.0,4490.0,2.0,0.15527641656536262,0.0,0
0.7584,reach,-0.3724558886759416,0.3516538543663046,1.1354728051828973,0.0,0.0,0.0,1.0,0.4498572456924324,0.4217411678366612,-0.7872501799617372,1,-0.3793901804960842,0.34517998670492367,1.1475672761325382,-1.184217934563359e-05,1.0680449840927422e-06,4.68773571624809e-06,0.9999999999183236,-0.3724558886759416,0.3516538543663046,1.1354728051828973,0.7929,ASSIST,tag_0,1.0,1.0,0,[1.0],"[""tag_0""]",1,"{""j1"": true, ""j2"": true, ""j3"": true, ""j4"": true, ""j5"": true, ""j6"": true, ""j7"": true, ""accel"": true, ""gyro"": true, ""imu2"": true}",26803.0,4490.0,2.0,0.15527641656536262,0.0,0
0.7591,grasp,-0.3724558886759416,0.3516538543663046,1.1354728051828973,0.0,0.0,0.0,1.0,0.44985724569243213,0.42174116783666105,-0.7872501799617375,1,-0.3793901804960842,0.34517998670492367,1.1475672761325382,-1.184217934563359e-05,1.0680449840927422e-06,4.68773571624809e-06,0.9999999999183236,-0.3724558886759416,0.3516538543663046,1.1354728051828973,0.7929,ASSIST,tag_0,1.0,1.0,0,[1.0],"[""tag_0""]",1,"{""j1"": true, ""j2"": true, ""j3"": true, ""j4"": true, ""j5"": true, ""j6"": true, ""j7"": true, ""accel"": true, ""gyro"": true, ""imu2"": true}",26803.0,4490.0,2.0,0.15527641656536262,0.0,0
0.7593,grasp,-0.3724558886759416,0.3516538543663046,1.1354728051828973,0.0,0.0,0.0,1.0,0.44985724569243213,0.42174116783666105,-0.7872501799617375,1,-0.3793901804960842,0.34517998670492367,1.1475672761325382,-1.184217934563359e-05,1.0680449840927422e-06,4.68773571624809e-06,0.9999999999183236,-0.3724558886759416,0.3516538543663046,1.1354728051828973,0.7929,ASSIST,tag_0,1.0,1.0,0,[1.0],"[""tag_0""]",1,"{""j1"": true, ""j2"": true, ""j3"": true, ""j4"": true, ""j5"": true, ""j6"": true, ""j7"": true, ""accel"": true, ""gyro"": true, ""imu2"": true}",26803.0,4490.0,2.0,0.15527641656536262,0.0,0
0.7617,grasp,-0.3724558886759416,0.3516538543663046,1.1354728051828973,0.0,0.0,0.0,1.0,0.44985724569243213,0.42174116783666105,-0.7872501799617375,1,-0.3793901804960842,0.34517998670492367,1.1475672761325382,-1.184217934563359e-05,1.0680449840927422e-06,4.68773571624809e-06,0.9999999999183236,-0.3724558886759416,0.3516538543663046,1.1354728051828973,0.7929,ASSIST,tag_0,1.0,1.0,0,[1.0],"[""tag_0""]",1,"{""j1"": true, ""j2"": true, ""j3"": true, ""j4"": true, ""j5"": true, ""j6"": true, ""j7"": true, ""accel"": true, ""gyro"": true, ""imu2"": true}",26804.0,4490.0,2.0,0.15527641656536262,0.0,0
0.7628,grasp,-0.3724558886759416,0.3516538543663046,1.1354728051828973,0.0,0.0,0.0,1.0,0.44985724569243213,0.42174116783666105,-0.7872501799617375,1,-0.3793901804960842,0.34517998670492367,1.1475672761325382,-1.184217934563359e-05,1.0680449840927422e-06,4.68773571624809e-06,0.9999999999183236,-0.3724558886759416,0.3516538543663046,1.1354728051828973,0.7929,ASSIST,tag_0,1.0,1.0,0,[1.0],"[""tag_0""]",1,"{""j1"": true, ""j2"": true, ""j3"": true, ""j4"": true, ""j5"": true, ""j6"": true, ""j7"": true, ""accel"": true, ""gyro"": true, ""imu2"": true}",26804.0,4490.0,2.0,0.15527641656536262,0.0,0
0.7653,grasp,-0.3724558886759416,0.3516538543663046,1.1354728051828973,0.0,0.0,0.0,1.0,0.44985724569243213,0.42174116783666105,-0.7872501799617375,1,-0.37572059285050985,0.34862916739531047,1.1411328256788615,-1.5704179534170578e-05,1.606280884039468e-06,6.069016211376897e-06,0.9999999998569828,-0.3724558886759416,0.3516538543663046,1.1354728051828973,0.7929,ASSIST,tag_0,1.0,1.0,0,[1.0],"[""tag_0""]",1,"{""j1"": true, ""j2"": true, ""j3"": true, ""j4"": true, ""j5"": true, ""j6"": true, ""j7"": true, ""accel"": true, ""gyro"": true, ""imu2"": true}",26804.0,4490.0,2.0,0.15527641656536262,0.0,0
0.7713,grasp,-0.3724558886759416,0.3516538543663046,1.1354728051828973,0.0,0.0,0.0,1.0,0.44985724569243213,0.42174116783666105,-0.7872501799617375,1,-0.37572059285050985,0.34862916739531047,1.1411328256788615,-1.5704179534170578e-05,1.606280884039468e-06,6.069016211376897e-06,0.9999999998569828,-0.3724558886759416,0.3516538543663046,1.1354728051828973,0.7929,ASSIST,tag_0,1.0,1.0,0,[1.0],"[""tag_0""]",1,"{""j1"": true, ""j2"": true, ""j3"": true, ""j4"": true, ""j5"": true, ""j6"": true, ""j7"": true, ""accel"": true, ""gyro"": true, ""imu2"": true}",26804.0,4490.0,2.0,0.15527641656536262,0.0,0
0.7724,grasp,-0.3724558886759416,0.3516538543663046,1.1354728051828973,0.0,0.0,0.0,1.0,0.44985724569243213,0.42174116783666105,-0.7872501799617375,1,-0.37572059285050985,0.34862916739531047,1.1411328256788615,-1.5704179534170578e-05,1.606280884039468e-06,6.069016211376897e-06,0.9999999998569828,-0.3724558886759416,0.3516538543663046,1.1354728051828973,0.7929,ASSIST,tag_0,1.0,1.0,0,[1.0],"[""tag_0""]",1,"{""j1"": true, ""j2"": true, ""j3"": true, ""j4"": true, ""j5"": true, ""j6"": true, ""j7"": true, ""accel"": true, ""gyro"": true, ""imu2"": true}",26804.0,4490.0,2.0,0.15527641656536262,0.0,0
0.7741,grasp,-0.3724558886759416,0.3516538543663046,1.1354728051828973,0.0,0.0,0.0,1.0,0.44985724569243213,0.42174116783666105,-0.7872501799617375,1,-0.37572059285050985,0.34862916739531047,1.1411328256788615,-1.5704179534170578e-05,1.606280884039468e-06,6.069016211376897e-06,0.9999999998569828,-0.3724558886759416,0.3516538543663046,1.1354728051828973,0.7929,ASSIST,tag_0,1.0,1.0,0,[1.0],"[""tag_0""]",1,"{""j1"": true, ""j2"": true, ""j3"": true, ""j4"": true, ""j5"": true, ""j6"": true, ""j7"": true, ""accel"": true, ""gyro"": true, ""imu2"": true}",26804.0,4490.0,2.0,0.15527641656536262,0.0,0
0.7791,grasp,-0.3713762312862798,0.35266603316911255,1.1335834047509892,0.0,0.0,0.0,1.0,0.44985724569243213,0.42174116783666105,-0.7872501799617375,1,-0.37572059285050985,0.34862916739531047,1.1411328256788615,-1.5704179534170578e-05,1.606280884039468e-06,6.069016211376897e-06,0.9999999998569828,-0.3713762312862798,0.35266603316911255,1.1335834047509892,0.7929,ASSIST,tag_0,1.0,1.0,0,[1.0],"[""tag_0""]",1,"{""j1"": true, ""j2"": true, ""j3"": true, ""j4"": true, ""j5"": true, ""j6"": true, ""j7"": true, ""accel"": true, ""gyro"": true, ""imu2"": true}",26804.0,4490.0,2.0,0.15527641656536262,0.0,0
0.7797,grasp,-0.3713762312862798,0.35266603316911255,1.1335834047509892,0.0,0.0,0.0,1.0,0.4498572456924318,0.4217411678366609,-0.7872501799617379,1,-0.37572059285050985,0.34862916739531047,1.1411328256788615,-1.5704179534170578e-05,1.606280884039468e-06,6.069016211376897e-06,0.9999999998569828,-0.3713762312862798,0.35266603316911255,1.1335834047509892,0.7929,ASSIST,tag_0,1.0,1.0,0,[1.0],"[""tag_0""]",1,"{""j1"": true, ""j2"": true, ""j3"": true, ""j4"": true, ""j5"": true, ""j6"": true, ""j7"": true, ""accel"": true, ""gyro"": true, ""imu2"": true}",26804.0,4490.0,2.0,0.15527641656536262,0.0,0
0.7801,grasp,-0.3713762312862798,0.35266603316911255,1.1335834047509892,0.0,0.0,0.0,1.0,0.4498572456924318,0.4217411678366609,-0.7872501799617379,1,-0.37572059285050985,0.34862916739531047,1.1411328256788615,-1.5704179534170578e-05,1.606280884039468e-06,6.069016211376897e-06,0.9999999998569828,-0.3713762312862798,0.35266603316911255,1.1335834047509892,0.7929,ASSIST,tag_0,1.0,1.0,0,[1.0],"[""tag_0""]",1,"{""j1"": true, ""j2"": true, ""j3"": true, ""j4"": true, ""j5"": true, ""j6"": true, ""j7"": true, ""accel"": true, ""gyro"": true, ""imu2"": true}",26804.0,4490.0,2.0,0.15527641656536262,0.0,0
0.7814,grasp,-0.3713762312862798,0.35266603316911255,1.1335834047509892,0.0,0.0,0.0,1.0,0.4498572456924318,0.4217411678366609,-0.7872501799617379,1,-0.37572059285050985,0.34862916739531047,1.1411328256788615,-1.5704179534170578e-05,1.606280884039468e-06,6.069016211376897e-06,0.9999999998569828,-0.3713762312862798,0.35266603316911255,1.1335834047509892,0.7929,ASSIST,tag_0,1.0,1.0,0,[1.0],"[""tag_0""]",1,"{""j1"": true, ""j2"": true, ""j3"": true, ""j4"": true, ""j5"": true, ""j6"": true, ""j7"": true, ""accel"": true, ""gyro"": true, ""imu2"": true}",26805.0,4490.0,2.0,0.15624363951803943,0.0,0
0.7823,grasp,-0.3713762312862798,0.35266603316911255,1.1335834047509892,0.0,0.0,0.0,1.0,0.4498572456924318,0.4217411678366609,-0.7872501799617379,1,-0.37572059285050985,0.34862916739531047,1.1411328256788615,-1.5704179534170578e-05,1.606280884039468e-06,6.069016211376897e-06,0.9999999998569828,-0.3713762312862798,0.35266603316911255,1.1335834047509892,0.7929,ASSIST,tag_0,1.0,1.0,0,[1.0],"[""tag_0""]",1,"{""j1"": true, ""j2"": true, ""j3"": true, ""j4"": true, ""j5"": true, ""j6"": true, ""j7"": true, ""accel"": true, ""gyro"": true, ""imu2"": true}",26805.0,4490.0,2.0,0.15624363951803943,0.0,0
0.7883,grasp,-0.3713762312862798,0.35266603316911255,1.1335834047509892,0.0,0.0,0.0,1.0,0.4498572456924318,0.4217411678366609,-0.7872501799617379,1,-0.37572059285050985,0.34862916739531047,1.1411328256788615,-1.5704179534170578e-05,1.606280884039468e-06,6.069016211376897e-06,0.9999999998569828,-0.3713762312862798,0.35266603316911255,1.1335834047509892,0.7929,ASSIST,tag_0,1.0,1.0,0,[1.0],"[""tag_0""]",1,"{""j1"": true, ""j2"": true, ""j3"": true, ""j4"": true, ""j5"": true, ""j6"": true, ""j7"": true, ""accel"": true, ""gyro"": true, ""imu2"": true}",26805.0,4490.0,2.0,0.15624363951803943,0.0,0
0.7924,grasp,-0.3713762312862798,0.35266603316911255,1.1335834047509892,0.0,0.0,0.0,1.0,0.4498572456924318,0.4217411678366609,-0.7872501799617379,1,-0.37572059285050985,0.34862916739531047,1.1411328256788615,-1.5704179534170578e-05,1.606280884039468e-06,6.069016211376897e-06,0.9999999998569828,-0.3713762312862798,0.35266603316911255,1.1335834047509892,0.7929,ASSIST,tag_0,1.0,1.0,0,[1.0],"[""tag_0""]",1,"{""j1"": true, ""j2"": true, ""j3"": true, ""j4"": true, ""j5"": true, ""j6"": true, ""j7"": true, ""accel"": true, ""gyro"": true, ""imu2"": true}",26805.0,4490.0,2.0,0.15624363951803943,0.0,0
0.7941,grasp,-0.3713762312862798,0.35266603316911255,1.1335834047509892,0.0,0.0,0.0,1.0,0.4498572456924318,0.4217411678366609,-0.7872501799617379,1,-0.37572059285050985,0.34862916739531047,1.1411328256788615,-1.5704179534170578e-05,1.606280884039468e-06,6.069016211376897e-06,0.9999999998569828,-0.3713762312862798,0.35266603316911255,1.1335834047509892,0.7929,ASSIST,tag_0,1.0,1.0,0,[1.0],"[""tag_0""]",1,"{""j1"": true, ""j2"": true, ""j3"": true, ""j4"": true, ""j5"": true, ""j6"": true, ""j7"": true, ""accel"": true, ""gyro"": true, ""imu2"": true}",26805.0,4490.0,2.0,0.15624363951803943,0.0,0
0.7955,grasp,-0.3713762312862798,0.35266603316911255,1.1335834047509892,0.0,0.0,0.0,1.0,0.4498572456924318,0.4217411678366609,-0.7872501799617379,1,-0.37572059285050985,0.34862916739531047,1.1411328256788615,-1.5704179534170578e-05,1.606280884039468e-06,6.069016211376897e-06,0.9999999998569828,-0.3713762312862798,0.35266603316911255,1.1335834047509892,0.7929,ASSIST,tag_0,1.0,1.0,0,[1.0],"[""tag_0""]",1,"{""j1"": true, ""j2"": true, ""j3"": true, ""j4"": true, ""j5"": true, ""j6"": true, ""j7"": true, ""accel"": true, ""gyro"": true, ""imu2"": true}",26805.0,4490.0,2.0,0.15624363951803943,0.0,0
0.7984,grasp,-0.37029657389661796,0.3536782119719205,1.131694004319081,0.0,0.0,0.0,1.0,0.4498572456924318,0.4217411678366609,-0.7872501799617379,1,-0.37572059285050985,0.34862916739531047,1.1411328256788615,-1.5704179534170578e-05,1.606280884039468e-06,6.069016211376897e-06,0.9999999998569828,-0.37029657389661796,0.3536782119719205,1.131694004319081,0.7929,ASSIST,tag_0,1.0,1.0,0,[1.0],"[""tag_0""]",1,"{""j1"": true, ""j2"": true, ""j3"": true, ""j4"": true, ""j5"": true, ""j6"": true, ""j7"": true, ""accel"": true, ""gyro"": true, ""imu2"": true}",26805.0,4490.0,2.0,0.15624363951803943,0.0,0
0.7994,grasp,-0.37029657389661796,0.3536782119719205,1.131694004319081,0.0,0.0,0.0,1.0,0.44985724569243135,0.4217411678366606,-0.7872501799617381,1,-0.37572059285050985,0.34862916739531047,1.1411328256788615,-1.5704179534170578e-05,1.606280884039468e-06,6.069016211376897e-06,0.9999999998569828,-0.37029657389661796,0.3536782119719205,1.131694004319081,0.7929,ASSIST,tag_0,1.0,1.0,0,[1.0],"[""tag_0""]",1,"{""j1"": true, ""j2"": true, ""j3"": true, ""j4"": true, ""j5"": true, ""j6"": true, ""j7"": true, ""accel"": true, ""gyro"": true, ""imu2"": true}",26805.0,4490.0,2.0,0.15624363951803943,0.0,0
0.7997,grasp,-0.37029657389661796,0.3536782119719205,1.131694004319081,0.0,0.0,0.0,1.0,0.44985724569243135,0.4217411678366606,-0.7872501799617381,1,-0.37572059285050985,0.34862916739531047,1.1411328256788615,-1.5704179534170578e-05,1.606280884039468e-06,6.069016211376897e-06,0.9999999998569828,-0.37029657389661796,0.3536782119719205,1.131694004319081,0.7929,ASSIST,tag_0,1.0,1.0,0,[1.0],"[""tag_0""]",1,"{""j1"": true, ""j2"": true, ""j3"": true, ""j4"": true, ""j5"": true, ""j6"": true, ""j7"": true, ""accel"": true, ""gyro"": true, ""imu2"": true}",26805.0,4490.0,2.0,0.15624363951803943,0.0,0
0.8016,grasp,-0.37029657389661796,0.3536782119719205,1.131694004319081,0.0,0.0,0.0,1.0,0.44985724569243135,0.4217411678366606,-0.7872501799617381,1,-0.37572059285050985,0.34862916739531047,1.1411328256788615,-1.5704179534170578e-05,1.606280884039468e-06,6.069016211376897e-06,0.9999999998569828,-0.37029657389661796,0.3536782119719205,1.131694004319081,0.7929,ASSIST,tag_0,1.0,1.0,0,[1.0],"[""tag_0""]",1,"{""j1"": true, ""j2"": true, ""j3"": true, ""j4"": true, ""j5"": true, ""j6"": true, ""j7"": true, ""accel"": true, ""gyro"": true, ""imu2"": true}",26806.0,4490.0,2.0,0.15624363951803943,0.0,0
0.8033,grasp,-0.37029657389661796,0.3536782119719205,1.131694004319081,0.0,0.0,0.0,1.0,0.44985724569243135,0.4217411678366606,-0.7872501799617381,1,-0.37572059285050985,0.34862916739531047,1.1411328256788615,-1.5704179534170578e-05,1.606280884039468e-06,6.069016211376897e-06,0.9999999998569828,-0.37029657389661796,0.3536782119719205,1.131694004319081,0.7929,ASSIST,tag_0,1.0,1.0,0,[1.0],"[""tag_0""]",1,"{""j1"": true, ""j2"": true, ""j3"": true, ""j4"": true, ""j5"": true, ""j6"": true, ""j7"": true, ""accel"": true, ""gyro"": true, ""imu2"": true}",26806.0,4490.0,2.0,0.15624363951803943,0.0,0
0.8094,grasp,-0.37029657389661796,0.3536782119719205,1.131694004319081,0.0,0.0,0.0,1.0,0.44985724569243135,0.4217411678366606,-0.7872501799617381,1,-0.37572059285050985,0.34862916739531047,1.1411328256788615,-1.5704179534170578e-05,1.606280884039468e-06,6.069016211376897e-06,0.9999999998569828,-0.37029657389661796,0.3536782119719205,1.131694004319081,0.7929,ASSIST,tag_0,1.0,1.0,0,[1.0],"[""tag_0""]",1,"{""j1"": true, ""j2"": true, ""j3"": true, ""j4"": true, ""j5"": true, ""j6"": true, ""j7"": true, ""accel"": true, ""gyro"": true, ""imu2"": true}",26806.0,4490.0,2.0,0.15624363951803943,0.0,0
0.8126,grasp,-0.37029657389661796,0.3536782119719205,1.131694004319081,0.0,0.0,0.0,1.0,0.44985724569243135,0.4217411678366606,-0.7872501799617381,1,-0.37572059285050985,0.34862916739531047,1.1411328256788615,-1.5704179534170578e-05,1.606280884039468e-06,6.069016211376897e-06,0.9999999998569828,-0.37029657389661796,0.3536782119719205,1.131694004319081,0.7929,ASSIST,tag_0,1.0,1.0,0,[1.0],"[""tag_0""]",1,"{""j1"": true, ""j2"": true, ""j3"": true, ""j4"": true, ""j5"": true, ""j6"": true, ""j7"": true, ""accel"": true, ""gyro"": true, ""imu2"": true}",26806.0,4490.0,2.0,0.15624363951803943,0.0,0
0.8142,grasp,-0.37029657389661796,0.3536782119719205,1.131694004319081,0.0,0.0,0.0,1.0,0.44985724569243135,0.4217411678366606,-0.7872501799617381,1,-0.37572059285050985,0.34862916739531047,1.1411328256788615,-1.5704179534170578e-05,1.606280884039468e-06,6.069016211376897e-06,0.9999999998569828,-0.37029657389661796,0.3536782119719205,1.131694004319081,0.7929,ASSIST,tag_0,1.0,1.0,0,[1.0],"[""tag_0""]",1,"{""j1"": true, ""j2"": true, ""j3"": true, ""j4"": true, ""j5"": true, ""j6"": true, ""j7"": true, ""accel"": true, ""gyro"": true, ""imu2"": true}",26806.0,4490.0,2.0,0.15624363951803943,0.0,0
0.8189,grasp,-0.36921691650695615,0.35469039077472847,1.129804603887173,0.0,0.0,0.0,1.0,0.44985724569243135,0.4217411678366606,-0.7872501799617381,1,-0.37572059285050985,0.34862916739531047,1.1411328256788615,-1.5704179534170578e-05,1.606280884039468e-06,6.069016211376897e-06,0.9999999998569828,-0.36921691650695615,0.35469039077472847,1.129804603887173,0.7929,ASSIST,tag_0,1.0,1.0,0,[1.0],"[""tag_0""]",1,"{""j1"": true, ""j2"": true, ""j3"": true, ""j4"": true, ""j5"": true, ""j6"": true, ""j7"": true, ""accel"": true, ""gyro"": true, ""imu2"": true}",26806.0,4490.0,2.0,0.15624363951803943,0.0,0
0.8197,grasp,-0.36921691650695615,0.35469039077472847,1.129804603887173,0.0,0.0,0.0,1.0,0.44985724569243085,0.4217411678366603,-0.7872501799617386,1,-0.37572059285050985,0.34862916739531047,1.1411328256788615,-1.5704179534170578e-05,1.606280884039468e-06,6.069016211376897e-06,0.9999999998569828,-0.36921691650695615,0.35469039077472847,1.129804603887173,0.7929,ASSIST,tag_0,1.0,1.0,0,[1.0],"[""tag_0""]",1,"{""j1"": true, ""j2"": true, ""j3"": true, ""j4"": true, ""j5"": true, ""j6"": true, ""j7"": true, ""accel"": true, ""gyro"": true, ""imu2"": true}",26806.0,4490.0,2.0,0.15624363951803943,0.0,0
0.8202,grasp,-0.36921691650695615,0.35469039077472847,1.129804603887173,0.0,0.0,0.0,1.0,0.44985724569243085,0.4217411678366603,-0.7872501799617386,1,-0.37572059285050985,0.34862916739531047,1.1411328256788615,-1.5704179534170578e-05,1.606280884039468e-06,6.069016211376897e-06,0.9999999998569828,-0.36921691650695615,0.35469039077472847,1.129804603887173,0.7929,ASSIST,tag_0,1.0,1.0,0,[1.0],"[""tag_0""]",1,"{""j1"": true, ""j2"": true, ""j3"": true, ""j4"": true, ""j5"": true, ""j6"": true, ""j7"": true, ""accel"": true, ""gyro"": true, ""imu2"": true}",26806.0,4490.0,2.0,0.15624363951803943,0.0,0
0.823,grasp,-0.36921691650695615,0.35469039077472847,1.129804603887173,0.0,0.0,0.0,1.0,0.44985724569243085,0.4217411678366603,-0.7872501799617386,1,-0.37572059285050985,0.34862916739531047,1.1411328256788615,-1.5704179534170578e-05,1.606280884039468e-06,6.069016211376897e-06,0.9999999998569828,-0.36921691650695615,0.35469039077472847,1.129804603887173,0.7929,ASSIST,tag_0,1.0,1.0,0,[1.0],"[""tag_0""]",1,"{""j1"": true, ""j2"": true, ""j3"": true, ""j4"": true, ""j5"": true, ""j6"": true, ""j7"": true, ""accel"": true, ""gyro"": true, ""imu2"": true}",26807.0,4490.0,2.0,0.15624363951803943,0.0,0
0.8237,grasp,-0.36921691650695615,0.35469039077472847,1.129804603887173,0.0,0.0,0.0,1.0,0.44985724569243085,0.4217411678366603,-0.7872501799617386,1,-0.37572059285050985,0.34862916739531047,1.1411328256788615,-1.5704179534170578e-05,1.606280884039468e-06,6.069016211376897e-06,0.9999999998569828,-0.36921691650695615,0.35469039077472847,1.129804603887173,0.7929,ASSIST,tag_0,1.0,1.0,0,[1.0],"[""tag_0""]",1,"{""j1"": true, ""j2"": true, ""j3"": true, ""j4"": true, ""j5"": true, ""j6"": true, ""j7"": true, ""accel"": true, ""gyro"": true, ""imu2"": true}",26807.0,4490.0,2.0,0.15624363951803943,0.0,0
0.8297,grasp,-0.36921691650695615,0.35469039077472847,1.129804603887173,0.0,0.0,0.0,1.0,0.44985724569243085,0.4217411678366603,-0.7872501799617386,1,-0.37572059285050985,0.34862916739531047,1.1411328256788615,-1.5704179534170578e-05,1.606280884039468e-06,6.069016211376897e-06,0.9999999998569828,-0.36921691650695615,0.35469039077472847,1.129804603887173,0.7929,ASSIST,tag_0,1.0,1.0,0,[1.0],"[""tag_0""]",1,"{""j1"": true, ""j2"": true, ""j3"": true, ""j4"": true, ""j5"": true, ""j6"": true, ""j7"": true, ""accel"": true, ""gyro"": true, ""imu2"": true}",26807.0,4490.0,2.0,0.15624363951803943,0.0,0
0.833,grasp,-0.36921691650695615,0.35469039077472847,1.129804603887173,0.0,0.0,0.0,1.0,0.44985724569243085,0.4217411678366603,-0.7872501799617386,1,-0.37572059285050985,0.34862916739531047,1.1411328256788615,-1.5704179534170578e-05,1.606280884039468e-06,6.069016211376897e-06,0.9999999998569828,-0.36921691650695615,0.35469039077472847,1.129804603887173,0.7929,ASSIST,tag_0,1.0,1.0,0,[1.0],"[""tag_0""]",1,"{""j1"": true, ""j2"": true, ""j3"": true, ""j4"": true, ""j5"": true, ""j6"": true, ""j7"": true, ""accel"": true, ""gyro"": true, ""imu2"": true}",26807.0,4490.0,2.0,0.15624363951803943,0.0,0
0.835,grasp,-0.36921691650695615,0.35469039077472847,1.129804603887173,0.0,0.0,0.0,1.0,0.44985724569243085,0.4217411678366603,-0.7872501799617386,1,-0.37195300477556037,0.35216322728708294,1.1345374620233686,-1.649035501810614e-05,1.96388732241759e-06,6.169344575021607e-06,0.9999999998430752,-0.36921691650695615,0.35469039077472847,1.129804603887173,0.7929,ASSIST,tag_0,1.0,1.0,0,[1.0],"[""tag_0""]",1,"{""j1"": true, ""j2"": true, ""j3"": true, ""j4"": true, ""j5"": true, ""j6"": true, ""j7"": true, ""accel"": true, ""gyro"": true, ""imu2"": true}",26807.0,4490.0,2.0,0.15624363951803943,0.0,0
0.8357,grasp,-0.36921691650695615,0.35469039077472847,1.129804603887173,0.0,0.0,0.0,1.0,0.44985724569243085,0.4217411678366603,-0.7872501799617386,1,-0.37195300477556037,0.35216322728708294,1.1345374620233686,-1.649035501810614e-05,1.96388732241759e-06,6.169344575021607e-06,0.9999999998430752,-0.36921691650695615,0.35469039077472847,1.129804603887173,0.7929,ASSIST,tag_0,1.0,1.0,0,[1.0],"[""tag_0""]",1,"{""j1"": true, ""j2"": true, ""j3"": true, ""j4"": true, ""j5"": true, ""j6"": true, ""j7"": true, ""accel"": true, ""gyro"": true, ""imu2"": true}",26807.0,4490.0,2.0,0.15624363951803943,0.0,0
0.8388,grasp,-0.36813725911729434,0.35570256957753643,1.1279152034552649,0.0,0.0,0.0,1.0,0.44985724569243085,0.4217411678366603,-0.7872501799617386,1,-0.37195300477556037,0.35216322728708294,1.1345374620233686,-1.649035501810614e-05,1.96388732241759e-06,6.169344575021607e-06,0.9999999998430752,-0.36813725911729434,0.35570256957753643,1.1279152034552649,0.7929,ASSIST,tag_0,1.0,1.0,0,[1.0],"[""tag_0""]",1,"{""j1"": true, ""j2"": true, ""j3"": true, ""j4"": true, ""j5"": true, ""j6"": true, ""j7"": true, ""accel"": true, ""gyro"": true, ""imu2"": true}",26807.0,4490.0,2.0,0.15624363951803943,0.0,0
0.8396,grasp,-0.36813725911729434,0.35570256957753643,1.1279152034552649,0.0,0.0,0.0,1.0,0.44985724569243024,0.42174116783666005,-0.7872501799617392,1,-0.37195300477556037,0.35216322728708294,1.1345374620233686,-1.649035501810614e-05,1.96388732241759e-06,6.169344575021607e-06,0.9999999998430752,-0.36813725911729434,0.35570256957753643,1.1279152034552649,0.7929,ASSIST,tag_0,1.0,1.0,0,[1.0],"[""tag_0""]",1,"{""j1"": true, ""j2"": true, ""j3"": true, ""j4"": true, ""j5"": true, ""j6"": true, ""j7"": true, ""accel"": true, ""gyro"": true, ""imu2"": true}",26807.0,4490.0,2.0,0.15624363951803943,0.0,0
0.8404,grasp,-0.36813725911729434,0.35570256957753643,1.1279152034552649,0.0,0.0,0.0,1.0,0.44985724569243024,0.42174116783666005,-0.7872501799617392,1,-0.37195300477556037,0.35216322728708294,1.1345374620233686,-1.649035501810614e-05,1.96388732241759e-06,6.169344575021607e-06,0.9999999998430752,-0.36813725911729434,0.35570256957753643,1.1279152034552649,0.7929,ASSIST,tag_0,1.0,1.0,0,[1.0],"[""tag_0""]",1,"{""j1"": true, ""j2"": true, ""j3"": true, ""j4"": true, ""j5"": true, ""j6"": true, ""j7"": true, ""accel"": true, ""gyro"": true, ""imu2"": true}",26807.0,4490.0,2.0,0.15624363951803943,0.0,0
0.8417,grasp,-0.36813725911729434,0.35570256957753643,1.1279152034552649,0.0,0.0,0.0,1.0,0.44985724569243024,0.42174116783666005,-0.7872501799617392,1,-0.37195300477556037,0.35216322728708294,1.1345374620233686,-1.649035501810614e-05,1.96388732241759e-06,6.169344575021607e-06,0.9999999998430752,-0.36813725911729434,0.35570256957753643,1.1279152034552649,0.7929,ASSIST,tag_0,1.0,1.0,0,[1.0],"[""tag_0""]",1,"{""j1"": true, ""j2"": true, ""j3"": true, ""j4"": true, ""j5"": true, ""j6"": true, ""j7"": true, ""accel"": true, ""gyro"": true, ""imu2"": true}",26808.0,4490.0,2.0,0.15624363951803943,0.0,0
0.8431,grasp,-0.36813725911729434,0.35570256957753643,1.1279152034552649,0.0,0.0,0.0,1.0,0.44985724569243024,0.42174116783666005,-0.7872501799617392,1,-0.37195300477556037,0.35216322728708294,1.1345374620233686,-1.649035501810614e-05,1.96388732241759e-06,6.169344575021607e-06,0.9999999998430752,-0.36813725911729434,0.35570256957753643,1.1279152034552649,0.7929,ASSIST,tag_0,1.0,1.0,0,[1.0],"[""tag_0""]",1,"{""j1"": true, ""j2"": true, ""j3"": true, ""j4"": true, ""j5"": true, ""j6"": true, ""j7"": true, ""accel"": true, ""gyro"": true, ""imu2"": true}",26808.0,4490.0,2.0,0.15624363951803943,0.0,0
0.8457,grasp,-0.36813725911729434,0.35570256957753643,1.1279152034552649,0.0,0.0,0.0,1.0,0.44985724569243024,0.42174116783666005,-0.7872501799617392,1,-0.37195300477556037,0.35216322728708294,1.1345374620233686,-1.649035501810614e-05,1.96388732241759e-06,6.169344575021607e-06,0.9999999998430752,-0.36813725911729434,0.35570256957753643,1.1279152034552649,0.7929,ASSIST,tag_0,1.0,1.0,0,[1.0],"[""tag_0""]",1,"{""j1"": true, ""j2"": true, ""j3"": true, ""j4"": true, ""j5"": true, ""j6"": true, ""j7"": true, ""accel"": true, ""gyro"": true, ""imu2"": true}",26808.0,4490.0,2.0,0.15624363951803943,0.0,0
0.8516,grasp,-0.36813725911729434,0.35570256957753643,1.1279152034552649,0.0,0.0,0.0,1.0,0.44985724569243024,0.42174116783666005,-0.7872501799617392,1,-0.37195300477556037,0.35216322728708294,1.1345374620233686,-1.649035501810614e-05,1.96388732241759e-06,6.169344575021607e-06,0.9999999998430752,-0.36813725911729434,0.35570256957753643,1.1279152034552649,0.7929,ASSIST,tag_0,1.0,1.0,0,[1.0],"[""tag_0""]",1,"{""j1"": true, ""j2"": true, ""j3"": true, ""j4"": true, ""j5"": true, ""j6"": true, ""j7"": true, ""accel"": true, ""gyro"": true, ""imu2"": true}",26808.0,4490.0,2.0,0.15624363951803943,0.0,0
0.8522,grasp,-0.36813725911729434,0.35570256957753643,1.1279152034552649,0.0,0.0,0.0,1.0,0.44985724569243024,0.42174116783666005,-0.7872501799617392,1,-0.37195300477556037,0.35216322728708294,1.1345374620233686,-1.649035501810614e-05,1.96388732241759e-06,6.169344575021607e-06,0.9999999998430752,-0.36813725911729434,0.35570256957753643,1.1279152034552649,0.7929,ASSIST,tag_0,1.0,1.0,0,[1.0],"[""tag_0""]",1,"{""j1"": true, ""j2"": true, ""j3"": true, ""j4"": true, ""j5"": true, ""j6"": true, ""j7"": true, ""accel"": true, ""gyro"": true, ""imu2"": true}",26808.0,4490.0,2.0,0.15624363951803943,0.0,0
0.8542,grasp,-0.36813725911729434,0.35570256957753643,1.1279152034552649,0.0,0.0,0.0,1.0,0.44985724569243024,0.42174116783666005,-0.7872501799617392,1,-0.37195300477556037,0.35216322728708294,1.1345374620233686,-1.649035501810614e-05,1.96388732241759e-06,6.169344575021607e-06,0.9999999998430752,-0.36813725911729434,0.35570256957753643,1.1279152034552649,0.7929,ASSIST,tag_0,1.0,1.0,0,[1.0],"[""tag_0""]",1,"{""j1"": true, ""j2"": true, ""j3"": true, ""j4"": true, ""j5"": true, ""j6"": true, ""j7"": true, ""accel"": true, ""gyro"": true, ""imu2"": true}",26808.0,4490.0,2.0,0.15624363951803943,0.0,0
0.8587,grasp,-0.3670576017276325,0.3567147483803444,1.1260258030233568,0.0,0.0,0.0,1.0,0.44985724569243024,0.42174116783666005,-0.7872501799617392,1,-0.37195300477556037,0.35216322728708294,1.1345374620233686,-1.649035501810614e-05,1.96388732241759e-06,6.169344575021607e-06,0.9999999998430752,-0.3670576017276325,0.3567147483803444,1.1260258030233568,0.7929,ASSIST,tag_0,1.0,1.0,0,[1.0],"[""tag_0""]",1,"{""j1"": true, ""j2"": true, ""j3"": true, ""j4"": true, ""j5"": true, ""j6"": true, ""j7"": true, ""accel"": true, ""gyro"": true, ""imu2"": true}",26808.0,4490.0,2.0,0.15624363951803943,0.0,0
0.8612,grasp,-0.3670576017276325,0.3567147483803444,1.1260258030233568,0.0,0.0,0.0,1.0,0.44985724569242935,0.42174116783665955,-0.7872501799617397,1,-0.37195300477556037,0.35216322728708294,1.1345374620233686,-1.649035501810614e-05,1.96388732241759e-06,6.169344575021607e-06,0.9999999998430752,-0.3670576017276325,0.3567147483803444,1.1260258030233568,0.7929,ASSIST,tag_0,1.0,1.0,0,[1.0],"[""tag_0""]",1,"{""j1"": true, ""j2"": true, ""j3"": true, ""j4"": true, ""j5"": true, ""j6"": true, ""j7"": true, ""accel"": true, ""gyro"": true, ""imu2"": true}",26808.0,4490.0,2.0,0.15624363951803943,0.0,0
0.8616,grasp,-0.3670576017276325,0.3567147483803444,1.1260258030233568,0.0,0.0,0.0,1.0,0.44985724569242935,0.42174116783665955,-0.7872501799617397,1,-0.37195300477556037,0.35216322728708294,1.1345374620233686,-1.649035501810614e-05,1.96388732241759e-06,6.169344575021607e-06,0.9999999998430752,-0.3670576017276325,0.3567147483803444,1.1260258030233568,0.7929,ASSIST,tag_0,1.0,1.0,0,[1.0],"[""tag_0""]",1,"{""j1"": true, ""j2"": true, ""j3"": true, ""j4"": true, ""j5"": true, ""j6"": true, ""j7"": true, ""accel"": true, ""gyro"": true, ""imu2"": true}",26808.0,4490.0,2.0,0.15624363951803943,0.0,0
0.8626,grasp,-0.3670576017276325,0.3567147483803444,1.1260258030233568,0.0,0.0,0.0,1.0,0.44985724569242935,0.42174116783665955,-0.7872501799617397,1,-0.37195300477556037,0.35216322728708294,1.1345374620233686,-1.649035501810614e-05,1.96388732241759e-06,6.169344575021607e-06,0.9999999998430752,-0.3670576017276325,0.3567147483803444,1.1260258030233568,0.7929,ASSIST,tag_0,1.0,1.0,0,[1.0],"[""tag_0""]",1,"{""j1"": true, ""j2"": true, ""j3"": true, ""j4"": true, ""j5"": true, ""j6"": true, ""j7"": true, ""accel"": true, ""gyro"": true, ""imu2"": true}",26808.0,4490.0,2.0,0.15624363951803943,0.0,0
0.863,grasp,-0.3670576017276325,0.3567147483803444,1.1260258030233568,0.0,0.0,0.0,1.0,0.44985724569242935,0.42174116783665955,-0.7872501799617397,1,-0.37195300477556037,0.35216322728708294,1.1345374620233686,-1.649035501810614e-05,1.96388732241759e-06,6.169344575021607e-06,0.9999999998430752,-0.3670576017276325,0.3567147483803444,1.1260258030233568,0.7929,ASSIST,tag_0,1.0,1.0,0,[1.0],"[""tag_0""]",1,"{""j1"": true, ""j2"": true, ""j3"": true, ""j4"": true, ""j5"": true, ""j6"": true, ""j7"": true, ""accel"": true, ""gyro"": true, ""imu2"": true}",26809.0,4490.0,2.0,0.15719828181534246,0.0,0
0.8693,grasp,-0.3670576017276325,0.3567147483803444,1.1260258030233568,0.0,0.0,0.0,1.0,0.44985724569242935,0.42174116783665955,-0.7872501799617397,1,-0.37195300477556037,0.35216322728708294,1.1345374620233686,-1.649035501810614e-05,1.96388732241759e-06,6.169344575021607e-06,0.9999999998430752,-0.3670576017276325,0.3567147483803444,1.1260258030233568,0.7929,ASSIST,tag_0,1.0,1.0,0,[1.0],"[""tag_0""]",1,"{""j1"": true, ""j2"": true, ""j3"": true, ""j4"": true, ""j5"": true, ""j6"": true, ""j7"": true, ""accel"": true, ""gyro"": true, ""imu2"": true}",26809.0,4490.0,2.0,0.15719828181534246,0.0,0
0.8728,grasp,-0.3670576017276325,0.3567147483803444,1.1260258030233568,0.0,0.0,0.0,1.0,0.44985724569242935,0.42174116783665955,-0.7872501799617397,1,-0.37195300477556037,0.35216322728708294,1.1345374620233686,-1.649035501810614e-05,1.96388732241759e-06,6.169344575021607e-06,0.9999999998430752,-0.3670576017276325,0.3567147483803444,1.1260258030233568,0.7929,ASSIST,tag_0,1.0,1.0,0,[1.0],"[""tag_0""]",1,"{""j1"": true, ""j2"": true, ""j3"": true, ""j4"": true, ""j5"": true, ""j6"": true, ""j7"": true, ""accel"": true, ""gyro"": true, ""imu2"": true}",26809.0,4490.0,2.0,0.15719828181534246,0.0,0
0.874,grasp,-0.3670576017276325,0.3567147483803444,1.1260258030233568,0.0,0.0,0.0,1.0,0.44985724569242935,0.42174116783665955,-0.7872501799617397,1,-0.37195300477556037,0.35216322728708294,1.1345374620233686,-1.649035501810614e-05,1.96388732241759e-06,6.169344575021607e-06,0.9999999998430752,-0.3670576017276325,0.3567147483803444,1.1260258030233568,0.7929,ASSIST,tag_0,1.0,1.0,0,[1.0],"[""tag_0""]",1,"{""j1"": true, ""j2"": true, ""j3"": true, ""j4"": true, ""j5"": true, ""j6"": true, ""j7"": true, ""accel"": true, ""gyro"": true, ""imu2"": true}",26809.0,4490.0,2.0,0.15719828181534246,0.0,0
0.8784,grasp,-0.3659779443379707,0.35772692718315235,1.1241364025914486,0.0,0.0,0.0,1.0,0.44985724569242935,0.42174116783665955,-0.7872501799617397,1,-0.37195300477556037,0.35216322728708294,1.1345374620233686,-1.649035501810614e-05,1.96388732241759e-06,6.169344575021607e-06,0.9999999998430752,-0.3659779443379707,0.35772692718315235,1.1241364025914486,0.7929,ASSIST,tag_0,1.0,1.0,0,[1.0],"[""tag_0""]",1,"{""j1"": true, ""j2"": true, ""j3"": true, ""j4"": true, ""j5"": true, ""j6"": true, ""j7"": true, ""accel"": true, ""gyro"": true, ""imu2"": true}",26809.0,4490.0,2.0,0.15719828181534246,0.0,0
0.8793,grasp,-0.3659779443379707,0.35772692718315235,1.1241364025914486,0.0,0.0,0.0,1.0,0.44985724569242824,0.421741167836659,-0.7872501799617407,1,-0.37195300477556037,0.35216322728708294,1.1345374620233686,-1.649035501810614e-05,1.96388732241759e-06,6.169344575021607e-06,0.9999999998430752,-0.3659779443379707,0.35772692718315235,1.1241364025914486,0.7929,ASSIST,tag_0,1.0,1.0,0,[1.0],"[""tag_0""]",1,"{""j1"": true, ""j2"": true, ""j3"": true, ""j4"": true, ""j5"": true, ""j6"": true, ""j7"": true, ""accel"": true, ""gyro"": true, ""imu2"": true}",26809.0,4490.0,2.0,0.15719828181534246,0.0,0
0.8795,grasp,-0.3659779443379707,0.35772692718315235,1.1241364025914486,0.0,0.0,0.0,1.0,0.44985724569242824,0.421741167836659,-0.7872501799617407,1,-0.37195300477556037,0.35216322728708294,1.1345374620233686,-1.649035501810614e-05,1.96388732241759e-06,6.169344575021607e-06,0.9999999998430752,-0.3659779443379707,0.35772692718315235,1.1241364025914486,0.7929,ASSIST,tag_0,1.0,1.0,0,[1.0],"[""tag_0""]",1,"{""j1"": true, ""j2"": true, ""j3"": true, ""j4"": true, ""j5"": true, ""j6"": true, ""j7"": true, ""accel"": true, ""gyro"": true, ""imu2"": true}",26809.0,4490.0,2.0,0.15719828181534246,0.0,0
0.8814,grasp,-0.3659779443379707,0.35772692718315235,1.1241364025914486,0.0,0.0,0.0,1.0,0.44985724569242824,0.421741167836659,-0.7872501799617407,1,-0.37195300477556037,0.35216322728708294,1.1345374620233686,-1.649035501810614e-05,1.96388732241759e-06,6.169344575021607e-06,0.9999999998430752,-0.3659779443379707,0.35772692718315235,1.1241364025914486,0.7929,ASSIST,tag_0,1.0,1.0,0,[1.0],"[""tag_0""]",1,"{""j1"": true, ""j2"": true, ""j3"": true, ""j4"": true, ""j5"": true, ""j6"": true, ""j7"": true, ""accel"": true, ""gyro"": true, ""imu2"": true}",26810.0,4490.0,2.0,0.15719828181534246,0.0,0
0.8823,grasp,-0.3659779443379707,0.35772692718315235,1.1241364025914486,0.0,0.0,0.0,1.0,0.44985724569242824,0.421741167836659,-0.7872501799617407,1,-0.37195300477556037,0.35216322728708294,1.1345374620233686,-1.649035501810614e-05,1.96388732241759e-06,6.169344575021607e-06,0.9999999998430752,-0.3659779443379707,0.35772692718315235,1.1241364025914486,0.7929,ASSIST,tag_0,1.0,1.0,0,[1.0],"[""tag_0""]",1,"{""j1"": true, ""j2"": true, ""j3"": true, ""j4"": true, ""j5"": true, ""j6"": true, ""j7"": true, ""accel"": true, ""gyro"": true, ""imu2"": true}",26810.0,4490.0,2.0,0.15719828181534246,0.0,0
0.8885,grasp,-0.3659779443379707,0.35772692718315235,1.1241364025914486,0.0,0.0,0.0,1.0,0.44985724569242824,0.421741167836659,-0.7872501799617407,1,-0.37195300477556037,0.35216322728708294,1.1345374620233686,-1.649035501810614e-05,1.96388732241759e-06,6.169344575021607e-06,0.9999999998430752,-0.3659779443379707,0.35772692718315235,1.1241364025914486,0.7929,ASSIST,tag_0,1.0,1.0,0,[1.0],"[""tag_0""]",1,"{""j1"": true, ""j2"": true, ""j3"": true, ""j4"": true, ""j5"": true, ""j6"": true, ""j7"": true, ""accel"": true, ""gyro"": true, ""imu2"": true}",26810.0,4490.0,2.0,0.15719828181534246,0.0,0
0.8927,grasp,-0.3659779443379707,0.35772692718315235,1.1241364025914486,0.0,0.0,0.0,1.0,0.44985724569242824,0.421741167836659,-0.7872501799617407,1,-0.37195300477556037,0.35216322728708294,1.1345374620233686,-1.649035501810614e-05,1.96388732241759e-06,6.169344575021607e-06,0.9999999998430752,-0.3659779443379707,0.35772692718315235,1.1241364025914486,0.7929,ASSIST,tag_0,1.0,1.0,0,[1.0],"[""tag_0""]",1,"{""j1"": true, ""j2"": true, ""j3"": true, ""j4"": true, ""j5"": true, ""j6"": true, ""j7"": true, ""accel"": true, ""gyro"": true, ""imu2"": true}",26810.0,4490.0,2.0,0.15719828181534246,0.0,0
0.8953,grasp,-0.3659779443379707,0.35772692718315235,1.1241364025914486,0.0,0.0,0.0,1.0,0.44985724569242824,0.421741167836659,-0.7872501799617407,1,-0.37195300477556037,0.35216322728708294,1.1345374620233686,-1.649035501810614e-05,1.96388732241759e-06,6.169344575021607e-06,0.9999999998430752,-0.3659779443379707,0.35772692718315235,1.1241364025914486,0.7929,ASSIST,tag_0,1.0,1.0,0,[1.0],"[""tag_0""]",1,"{""j1"": true, ""j2"": true, ""j3"": true, ""j4"": true, ""j5"": true, ""j6"": true, ""j7"": true, ""accel"": true, ""gyro"": true, ""imu2"": true}",26810.0,4490.0,2.0,0.15719828181534246,0.0,0
0.8959,grasp,-0.3659779443379707,0.35772692718315235,1.1241364025914486,0.0,0.0,0.0,1.0,0.44985724569242824,0.421741167836659,-0.7872501799617407,1,-0.37195300477556037,0.35216322728708294,1.1345374620233686,-1.649035501810614e-05,1.96388732241759e-06,6.169344575021607e-06,0.9999999998430752,-0.3659779443379707,0.35772692718315235,1.1241364025914486,0.7929,ASSIST,tag_0,1.0,1.0,0,[1.0],"[""tag_0""]",1,"{""j1"": true, ""j2"": true, ""j3"": true, ""j4"": true, ""j5"": true, ""j6"": true, ""j7"": true, ""accel"": true, ""gyro"": true, ""imu2"": true}",26810.0,4490.0,2.0,0.15719828181534246,0.0,0
0.8992,grasp,-0.3648982869483089,0.3587391059859603,1.1222470021595405,0.0,0.0,0.0,1.0,0.44985724569242824,0.421741167836659,-0.7872501799617407,1,-0.37195300477556037,0.35216322728708294,1.1345374620233686,-1.649035501810614e-05,1.96388732241759e-06,6.169344575021607e-06,0.9999999998430752,-0.3648982869483089,0.3587391059859603,1.1222470021595405,0.7929,ASSIST,tag_0,1.0,1.0,0,[1.0],"[""tag_0""]",1,"{""j1"": true, ""j2"": true, ""j3"": true, ""j4"": true, ""j5"": true, ""j6"": true, ""j7"": true, ""accel"": true, ""gyro"": true, ""imu2"": true}",26810.0,4490.0,2.0,0.15719828181534246,0.0,0
0.8998,grasp,-0.3648982869483089,0.3587391059859603,1.1222470021595405,0.0,0.0,0.0,1.0,0.4498572456924267,0.4217411678366581,-0.7872501799617421,1,-0.37195300477556037,0.35216322728708294,1.1345374620233686,-1.649035501810614e-05,1.96388732241759e-06,6.169344575021607e-06,0.9999999998430752,-0.3648982869483089,0.3587391059859603,1.1222470021595405,0.7929,ASSIST,tag_0,1.0,1.0,0,[1.0],"[""tag_0""]",1,"{""j1"": true, ""j2"": true, ""j3"": true, ""j4"": true, ""j5"": true, ""j6"": true, ""j7"": true, ""accel"": true, ""gyro"": true, ""imu2"": true}",26810.0,4490.0,2.0,0.15719828181534246,0.0,0
0.9001,grasp,-0.3648982869483089,0.3587391059859603,1.1222470021595405,0.0,0.0,0.0,1.0,0.4498572456924267,0.4217411678366581,-0.7872501799617421,1,-0.37195300477556037,0.35216322728708294,1.1345374620233686,-1.649035501810614e-05,1.96388732241759e-06,6.169344575021607e-06,0.9999999998430752,-0.3648982869483089,0.3587391059859603,1.1222470021595405,0.7929,ASSIST,tag_0,1.0,1.0,0,[1.0],"[""tag_0""]",1,"{""j1"": true, ""j2"": true, ""j3"": true, ""j4"": true, ""j5"": true, ""j6"": true, ""j7"": true, ""accel"": true, ""gyro"": true, ""imu2"": true}",26810.0,4490.0,2.0,0.15719828181534246,0.0,0
0.9014,grasp,-0.3648982869483089,0.3587391059859603,1.1222470021595405,0.0,0.0,0.0,1.0,0.4498572456924267,0.4217411678366581,-0.7872501799617421,1,-0.37195300477556037,0.35216322728708294,1.1345374620233686,-1.649035501810614e-05,1.96388732241759e-06,6.169344575021607e-06,0.9999999998430752,-0.3648982869483089,0.3587391059859603,1.1222470021595405,0.7929,ASSIST,tag_0,1.0,1.0,0,[1.0],"[""tag_0""]",1,"{""j1"": true, ""j2"": true, ""j3"": true, ""j4"": true, ""j5"": true, ""j6"": true, ""j7"": true, ""accel"": true, ""gyro"": true, ""imu2"": true}",26811.0,4490.0,2.0,0.15719828181534246,0.0,0
0.9031,grasp,-0.3648982869483089,0.3587391059859603,1.1222470021595405,0.0,0.0,0.0,1.0,0.4498572456924267,0.4217411678366581,-0.7872501799617421,1,-0.36824207073879733,0.3556430118554831,1.1280431234430166,-1.66687005282995e-05,2.3175254351276435e-06,6.0069136643067806e-06,0.9999999998403502,-0.3648982869483089,0.3587391059859603,1.1222470021595405,0.7929,ASSIST,tag_0,1.0,1.0,0,[1.0],"[""tag_0""]",1,"{""j1"": true, ""j2"": true, ""j3"": true, ""j4"": true, ""j5"": true, ""j6"": true, ""j7"": true, ""accel"": true, ""gyro"": true, ""imu2"": true}",26811.0,4490.0,2.0,0.15719828181534246,0.0,0
0.9034,grasp,-0.3648982869483089,0.3587391059859603,1.1222470021595405,0.0,0.0,0.0,1.0,0.4498572456924267,0.4217411678366581,-0.7872501799617421,1,-0.36824207073879733,0.3556430118554831,1.1280431234430166,-1.66687005282995e-05,2.3175254351276435e-06,6.0069136643067806e-06,0.9999999998403502,-0.3648982869483089,0.3587391059859603,1.1222470021595405,0.7929,ASSIST,tag_0,1.0,1.0,0,[1.0],"[""tag_0""]",1,"{""j1"": true, ""j2"": true, ""j3"": true, ""j4"": true, ""j5"": true, ""j6"": true, ""j7"": true, ""accel"": true, ""gyro"": true, ""imu2"": true}",26811.0,4490.0,2.0,0.15719828181534246,0.0,0
0.9095,grasp,-0.3648982869483089,0.3587391059859603,1.1222470021595405,0.0,0.0,0.0,1.0,0.4498572456924267,0.4217411678366581,-0.7872501799617421,1,-0.36824207073879733,0.3556430118554831,1.1280431234430166,-1.66687005282995e-05,2.3175254351276435e-06,6.0069136643067806e-06,0.9999999998403502,-0.3648982869483089,0.3587391059859603,1.1222470021595405,0.7929,ASSIST,tag_0,1.0,1.0,0,[1.0],"[""tag_0""]",1,"{""j1"": true, ""j2"": true, ""j3"": true, ""j4"": true, ""j5"": true, ""j6"": true, ""j7"": true, ""accel"": true, ""gyro"": true, ""imu2"": true}",26811.0,4490.0,2.0,0.15719828181534246,0.0,0
0.9128,grasp,-0.3648982869483089,0.3587391059859603,1.1222470021595405,0.0,0.0,0.0,1.0,0.4498572456924267,0.4217411678366581,-0.7872501799617421,1,-0.36824207073879733,0.3556430118554831,1.1280431234430166,-1.66687005282995e-05,2.3175254351276435e-06,6.0069136643067806e-06,0.9999999998403502,-0.3648982869483089,0.3587391059859603,1.1222470021595405,0.7929,ASSIST,tag_0,1.0,1.0,0,[1.0],"[""tag_0""]",1,"{""j1"": true, ""j2"": true, ""j3"": true, ""j4"": true, ""j5"": true, ""j6"": true, ""j7"": true, ""accel"": true, ""gyro"": true, ""imu2"": true}",26811.0,4490.0,2.0,0.15719828181534246,0.0,0
0.9147,grasp,-0.3648982869483089,0.3587391059859603,1.1222470021595405,0.0,0.0,0.0,1.0,0.4498572456924267,0.4217411678366581,-0.7872501799617421,1,-0.36824207073879733,0.3556430118554831,1.1280431234430166,-1.66687005282995e-05,2.3175254351276435e-06,6.0069136643067806e-06,0.9999999998403502,-0.3648982869483089,0.3587391059859603,1.1222470021595405,0.7929,ASSIST,tag_0,1.0,1.0,0,[1.0],"[""tag_0""]",1,"{""j1"": true, ""j2"": true, ""j3"": true, ""j4"": true, ""j5"": true, ""j6"": true, ""j7"": true, ""accel"": true, ""gyro"": true, ""imu2"": true}",26811.0,4490.0,2.0,0.15719828181534246,0.0,0
0.9188,grasp,-0.3638186295586471,0.3597512847887683,1.1203576017276324,0.0,0.0,0.0,1.0,0.4498572456924267,0.4217411678366581,-0.7872501799617421,1,-0.36824207073879733,0.3556430118554831,1.1280431234430166,-1.66687005282995e-05,2.3175254351276435e-06,6.0069136643067806e-06,0.9999999998403502,-0.3638186295586471,0.3597512847887683,1.1203576017276324,0.7929,ASSIST,tag_0,1.0,1.0,0,[1.0],"[""tag_0""]",1,"{""j1"": true, ""j2"": true, ""j3"": true, ""j4"": true, ""j5"": true, ""j6"": true, ""j7"": true, ""accel"": true, ""gyro"": true, ""imu2"": true}",26811.0,4490.0,2.0,0.15719828181534246,0.0,0
0.9195,grasp,-0.3638186295586471,0.3597512847887683,1.1203576017276324,0.0,0.0,0.0,1.0,0.4498572456924244,0.42174116783665694,-0.7872501799617442,1,-0.36824207073879733,0.3556430118554831,1.1280431234430166,-1.66687005282995e-05,2.3175254351276435e-06,6.0069136643067806e-06,0.9999999998403502,-0.3638186295586471,0.3597512847887683,1.1203576017276324,0.7929,ASSIST,tag_0,1.0,1.0,0,[1.0],"[""tag_0""]",1,"{""j1"": true, ""j2"": true, ""j3"": true, ""j4"": true, ""j5"": true, ""j6"": true, ""j7"": true, ""accel"": true, ""gyro"": true, ""imu2"": true}",26811.0,4490.0,2.0,0.15719828181534246,0.0,0
0.9197,grasp,-0.3638186295586471,0.3597512847887683,1.1203576017276324,0.0,0.0,0.0,1.0,0.4498572456924244,0.42174116783665694,-0.7872501799617442,1,-0.36824207073879733,0.3556430118554831,1.1280431234430166,-1.66687005282995e-05,2.3175254351276435e-06,6.0069136643067806e-06,0.9999999998403502,-0.3638186295586471,0.3597512847887683,1.1203576017276324,0.7929,ASSIST,tag_0,1.0,1.0,0,[1.0],"[""tag_0""]",1,"{""j1"": true, ""j2"": true, ""j3"": true, ""j4"": true, ""j5"": true, ""j6"": true, ""j7"": true, ""accel"": true, ""gyro"": true, ""imu2"": true}",26811.0,4490.0,2.0,0.15719828181534246,0.0,0
0.9219,grasp,-0.3638186295586471,0.3597512847887683,1.1203576017276324,0.0,0.0,0.0,1.0,0.4498572456924244,0.42174116783665694,-0.7872501799617442,1,-0.36824207073879733,0.3556430118554831,1.1280431234430166,-1.66687005282995e-05,2.3175254351276435e-06,6.0069136643067806e-06,0.9999999998403502,-0.3638186295586471,0.3597512847887683,1.1203576017276324,0.7929,ASSIST,tag_0,1.0,1.0,0,[1.0],"[""tag_0""]",1,"{""j1"": true, ""j2"": true, ""j3"": true, ""j4"": true, ""j5"": true, ""j6"": true, ""j7"": true, ""accel"": true, ""gyro"": true, ""imu2"": true}",26812.0,4490.0,2.0,0.15810055148816687,0.0,0
0.9226,grasp,-0.3638186295586471,0.3597512847887683,1.1203576017276324,0.0,0.0,0.0,1.0,0.4498572456924244,0.42174116783665694,-0.7872501799617442,1,-0.36824207073879733,0.3556430118554831,1.1280431234430166,-1.66687005282995e-05,2.3175254351276435e-06,6.0069136643067806e-06,0.9999999998403502,-0.3638186295586471,0.3597512847887683,1.1203576017276324,0.7929,ASSIST,tag_0,1.0,1.0,0,[1.0],"[""tag_0""]",1,"{""j1"": true, ""j2"": true, ""j3"": true, ""j4"": true, ""j5"": true, ""j6"": true, ""j7"": true, ""accel"": true, ""gyro"": true, ""imu2"": true}",26812.0,4490.0,2.0,0.15810055148816687,0.0,0
0.9283,grasp,-0.3638186295586471,0.3597512847887683,1.1203576017276324,0.0,0.0,0.0,1.0,0.4498572456924244,0.42174116783665694,-0.7872501799617442,1,-0.36824207073879733,0.3556430118554831,1.1280431234430166,-1.66687005282995e-05,2.3175254351276435e-06,6.0069136643067806e-06,0.9999999998403502,-0.3638186295586471,0.3597512847887683,1.1203576017276324,0.7929,ASSIST,tag_0,1.0,1.0,0,[1.0],"[""tag_0""]",1,"{""j1"": true, ""j2"": true, ""j3"": true, ""j4"": true, ""j5"": true, ""j6"": true, ""j7"": true, ""accel"": true, ""gyro"": true, ""imu2"": true}",26812.0,4490.0,2.0,0.15810055148816687,0.0,0
0.9325,grasp,-0.3638186295586471,0.3597512847887683,1.1203576017276324,0.0,0.0,0.0,1.0,0.4498572456924244,0.42174116783665694,-0.7872501799617442,1,-0.36824207073879733,0.3556430118554831,1.1280431234430166,-1.66687005282995e-05,2.3175254351276435e-06,6.0069136643067806e-06,0.9999999998403502,-0.3638186295586471,0.3597512847887683,1.1203576017276324,0.7929,ASSIST,tag_0,1.0,1.0,0,[1.0],"[""tag_0""]",1,"{""j1"": true, ""j2"": true, ""j3"": true, ""j4"": true, ""j5"": true, ""j6"": true, ""j7"": true, ""accel"": true, ""gyro"": true, ""imu2"": true}",26812.0,4490.0,2.0,0.15810055148816687,0.0,0
0.9344,grasp,-0.3638186295586471,0.3597512847887683,1.1203576017276324,0.0,0.0,0.0,1.0,0.4498572456924244,0.42174116783665694,-0.7872501799617442,1,-0.36824207073879733,0.3556430118554831,1.1280431234430166,-1.66687005282995e-05,2.3175254351276435e-06,6.0069136643067806e-06,0.9999999998403502,-0.3638186295586471,0.3597512847887683,1.1203576017276324,0.7929,ASSIST,tag_0,1.0,1.0,0,[1.0],"[""tag_0""]",1,"{""j1"": true, ""j2"": true, ""j3"": true, ""j4"": true, ""j5"": true, ""j6"": true, ""j7"": true, ""accel"": true, ""gyro"": true, ""imu2"": true}",26812.0,4490.0,2.0,0.15810055148816687,0.0,0
0.9386,grasp,-0.36273897216898526,0.36076346359157624,1.1184682012957243,0.0,0.0,0.0,1.0,0.4498572456924244,0.42174116783665694,-0.7872501799617442,1,-0.36824207073879733,0.3556430118554831,1.1280431234430166,-1.66687005282995e-05,2.3175254351276435e-06,6.0069136643067806e-06,0.9999999998403502,-0.36273897216898526,0.36076346359157624,1.1184682012957243,0.7929,ASSIST,tag_0,1.0,1.0,0,[1.0],"[""tag_0""]",1,"{""j1"": true, ""j2"": true, ""j3"": true, ""j4"": true, ""j5"": true, ""j6"": true, ""j7"": true, ""accel"": true, ""gyro"": true, ""imu2"": true}",26812.0,4490.0,2.0,0.15810055148816687,0.0,0
0.9398,grasp,-0.36273897216898526,0.36076346359157624,1.1184682012957243,0.0,0.0,0.0,1.0,0.44985724569242047,0.42174116783665483,-0.7872501799617474,1,-0.36824207073879733,0.3556430118554831,1.1280431234430166,-1.66687005282995e-05,2.3175254351276435e-06,6.0069136643067806e-06,0.9999999998403502,-0.36273897216898526,0.36076346359157624,1.1184682012957243,0.7929,ASSIST,tag_0,1.0,1.0,0,[1.0],"[""tag_0""]",1,"{""j1"": true, ""j2"": true, ""j3"": true, ""j4"": true, ""j5"": true, ""j6"": true, ""j7"": true, ""accel"": true, ""gyro"": true, ""imu2"": true}",26812.0,4490.0,2.0,0.15810055148816687,0.0,0
0.9403,grasp,-0.36273897216898526,0.36076346359157624,1.1184682012957243,0.0,0.0,0.0,1.0,0.44985724569242047,0.42174116783665483,-0.7872501799617474,1,-0.36824207073879733,0.3556430118554831,1.1280431234430166,-1.66687005282995e-05,2.3175254351276435e-06,6.0069136643067806e-06,0.9999999998403502,-0.36273897216898526,0.36076346359157624,1.1184682012957243,0.7929,ASSIST,tag_0,1.0,1.0,0,[1.0],"[""tag_0""]",1,"{""j1"": true, ""j2"": true, ""j3"": true, ""j4"": true, ""j5"": true, ""j6"": true, ""j7"": true, ""accel"": true, ""gyro"": true, ""imu2"": true}",26812.0,4490.0,2.0,0.15810055148816687,0.0,0
0.9415,grasp,-0.36273897216898526,0.36076346359157624,1.1184682012957243,0.0,0.0,0.0,1.0,0.44985724569242047,0.42174116783665483,-0.7872501799617474,1,-0.36824207073879733,0.3556430118554831,1.1280431234430166,-1.66687005282995e-05,2.3175254351276435e-06,6.0069136643067806e-06,0.9999999998403502,-0.36273897216898526,0.36076346359157624,1.1184682012957243,0.7929,ASSIST,tag_0,1.0,1.0,0,[1.0],"[""tag_0""]",1,"{""j1"": true, ""j2"": true, ""j3"": true, ""j4"": true, ""j5"": true, ""j6"": true, ""j7"": true, ""accel"": true, ""gyro"": true, ""imu2"": true}",26813.0,4490.0,2.0,0.15810055148816687,0.0,0
0.9428,grasp,-0.36273897216898526,0.36076346359157624,1.1184682012957243,0.0,0.0,0.0,1.0,0.44985724569242047,0.42174116783665483,-0.7872501799617474,1,-0.36824207073879733,0.3556430118554831,1.1280431234430166,-1.66687005282995e-05,2.3175254351276435e-06,6.0069136643067806e-06,0.9999999998403502,-0.36273897216898526,0.36076346359157624,1.1184682012957243,0.7929,ASSIST,tag_0,1.0,1.0,0,[1.0],"[""tag_0""]",1,"{""j1"": true, ""j2"": true, ""j3"": true, ""j4"": true, ""j5"": true, ""j6"": true, ""j7"": true, ""accel"": true, ""gyro"": true, ""imu2"": true}",26813.0,4490.0,2.0,0.15810055148816687,0.0,0
0.9456,grasp,-0.36273897216898526,0.36076346359157624,1.1184682012957243,0.0,0.0,0.0,1.0,0.44985724569242047,0.42174116783665483,-0.7872501799617474,1,-0.36824207073879733,0.3556430118554831,1.1280431234430166,-1.66687005282995e-05,2.3175254351276435e-06,6.0069136643067806e-06,0.9999999998403502,-0.36273897216898526,0.36076346359157624,1.1184682012957243,0.7929,ASSIST,tag_0,1.0,1.0,0,[1.0],"[""tag_0""]",1,"{""j1"": true, ""j2"": true, ""j3"": true, ""j4"": true, ""j5"": true, ""j6"": true, ""j7"": true, ""accel"": true, ""gyro"": true, ""imu2"": true}",26813.0,4490.0,2.0,0.15810055148816687,0.0,0
0.9516,grasp,-0.36273897216898526,0.36076346359157624,1.1184682012957243,0.0,0.0,0.0,1.0,0.44985724569242047,0.42174116783665483,-0.7872501799617474,1,-0.36824207073879733,0.3556430118554831,1.1280431234430166,-1.66687005282995e-05,2.3175254351276435e-06,6.0069136643067806e-06,0.9999999998403502,-0.36273897216898526,0.36076346359157624,1.1184682012957243,0.7929,ASSIST,tag_0,1.0,1.0,0,[1.0],"[""tag_0""]",1,"{""j1"": true, ""j2"": true, ""j3"": true, ""j4"": true, ""j5"": true, ""j6"": true, ""j7"": true, ""accel"": true, ""gyro"": true, ""imu2"": true}",26813.0,4490.0,2.0,0.15810055148816687,0.0,0
0.9529,grasp,-0.36273897216898526,0.36076346359157624,1.1184682012957243,0.0,0.0,0.0,1.0,0.44985724569242047,0.42174116783665483,-0.7872501799617474,1,-0.36824207073879733,0.3556430118554831,1.1280431234430166,-1.66687005282995e-05,2.3175254351276435e-06,6.0069136643067806e-06,0.9999999998403502,-0.36273897216898526,0.36076346359157624,1.1184682012957243,0.7929,ASSIST,tag_0,1.0,1.0,0,[1.0],"[""tag_0""]",1,"{""j1"": true, ""j2"": true, ""j3"": true, ""j4"": true, ""j5"": true, ""j6"": true, ""j7"": true, ""accel"": true, ""gyro"": true, ""imu2"": true}",26813.0,4490.0,2.0,0.15810055148816687,0.0,0
0.9544,grasp,-0.36273897216898526,0.36076346359157624,1.1184682012957243,0.0,0.0,0.0,1.0,0.44985724569242047,0.42174116783665483,-0.7872501799617474,1,-0.36824207073879733,0.3556430118554831,1.1280431234430166,-1.66687005282995e-05,2.3175254351276435e-06,6.0069136643067806e-06,0.9999999998403502,-0.36273897216898526,0.36076346359157624,1.1184682012957243,0.7929,ASSIST,tag_0,1.0,1.0,0,[1.0],"[""tag_0""]",1,"{""j1"": true, ""j2"": true, ""j3"": true, ""j4"": true, ""j5"": true, ""j6"": true, ""j7"": true, ""accel"": true, ""gyro"": true, ""imu2"": true}",26813.0,4490.0,2.0,0.15810055148816687,0.0,0
0.9594,grasp,-0.36165931477932345,0.3617756423943842,1.1165788008638162,0.0,0.0,0.0,1.0,0.44985724569242047,0.42174116783665483,-0.7872501799617474,1,-0.36824207073879733,0.3556430118554831,1.1280431234430166,-1.66687005282995e-05,2.3175254351276435e-06,6.0069136643067806e-06,0.9999999998403502,-0.36165931477932345,0.3617756423943842,1.1165788008638162,0.7929,ASSIST,tag_0,1.0,1.0,0,[1.0],"[""tag_0""]",1,"{""j1"": true, ""j2"": true, ""j3"": true, ""j4"": true, ""j5"": true, ""j6"": true, ""j7"": true, ""accel"": true, ""gyro"": true, ""imu2"": true}",26813.0,4490.0,2.0,0.15810055148816687,0.0,0
0.9605,grasp,-0.36165931477932345,0.3617756423943842,1.1165788008638162,0.0,0.0,0.0,1.0,0.44985724569241275,0.42174116783665067,-0.7872501799617541,1,-0.36824207073879733,0.3556430118554831,1.1280431234430166,-1.66687005282995e-05,2.3175254351276435e-06,6.0069136643067806e-06,0.9999999998403502,-0.36165931477932345,0.3617756423943842,1.1165788008638162,0.7929,ASSIST,tag_0,1.0,1.0,0,[1.0],"[""tag_0""]",1,"{""j1"": true, ""j2"": true, ""j3"": true, ""j4"": true, ""j5"": true, ""j6"": true, ""j7"": true, ""accel"": true, ""gyro"": true, ""imu2"": true}",26813.0,4490.0,2.0,0.15810055148816687,0.0,0
0.9612,grasp,-0.36165931477932345,0.3617756423943842,1.1165788008638162,0.0,0.0,0.0,1.0,0.44985724569241275,0.42174116783665067,-0.7872501799617541,1,-0.36824207073879733,0.3556430118554831,1.1280431234430166,-1.66687005282995e-05,2.3175254351276435e-06,6.0069136643067806e-06,0.9999999998403502,-0.36165931477932345,0.3617756423943842,1.1165788008638162,0.7929,ASSIST,tag_0,1.0,1.0,0,[1.0],"[""tag_0""]",1,"{""j1"": true, ""j2"": true, ""j3"": true, ""j4"": true, ""j5"": true, ""j6"": true, ""j7"": true, ""accel"": true, ""gyro"": true, ""imu2"": true}",26813.0,4490.0,2.0,0.15810055148816687,0.0,0
0.9618,grasp,-0.36165931477932345,0.3617756423943842,1.1165788008638162,0.0,0.0,0.0,1.0,0.44985724569241275,0.42174116783665067,-0.7872501799617541,1,-0.36824207073879733,0.3556430118554831,1.1280431234430166,-1.66687005282995e-05,2.3175254351276435e-06,6.0069136643067806e-06,0.9999999998403502,-0.36165931477932345,0.3617756423943842,1.1165788008638162,0.7929,ASSIST,tag_0,1.0,1.0,0,[1.0],"[""tag_0""]",1,"{""j1"": true, ""j2"": true, ""j3"": true, ""j4"": true, ""j5"": true, ""j6"": true, ""j7"": true, ""accel"": true, ""gyro"": true, ""imu2"": true}",26814.0,4490.0,2.0,0.15810055148816687,0.0,0
0.9627,grasp,-0.36165931477932345,0.3617756423943842,1.1165788008638162,0.0,0.0,0.0,1.0,0.44985724569241275,0.42174116783665067,-0.7872501799617541,1,-0.36824207073879733,0.3556430118554831,1.1280431234430166,-1.66687005282995e-05,2.3175254351276435e-06,6.0069136643067806e-06,0.9999999998403502,-0.36165931477932345,0.3617756423943842,1.1165788008638162,0.7929,ASSIST,tag_0,1.0,1.0,0,[1.0],"[""tag_0""]",1,"{""j1"": true, ""j2"": true, ""j3"": true, ""j4"": true, ""j5"": true, ""j6"": true, ""j7"": true, ""accel"": true, ""gyro"": true, ""imu2"": true}",26814.0,4490.0,2.0,0.15810055148816687,0.0,0
0.9687,grasp,-0.36165931477932345,0.3617756423943842,1.1165788008638162,0.0,0.0,0.0,1.0,0.44985724569241275,0.42174116783665067,-0.7872501799617541,1,-0.36824207073879733,0.3556430118554831,1.1280431234430166,-1.66687005282995e-05,2.3175254351276435e-06,6.0069136643067806e-06,0.9999999998403502,-0.36165931477932345,0.3617756423943842,1.1165788008638162,0.7929,ASSIST,tag_0,1.0,1.0,0,[1.0],"[""tag_0""]",1,"{""j1"": true, ""j2"": true, ""j3"": true, ""j4"": true, ""j5"": true, ""j6"": true, ""j7"": true, ""accel"": true, ""gyro"": true, ""imu2"": true}",26814.0,4490.0,2.0,0.15810055148816687,0.0,0
0.9726,grasp,-0.36165931477932345,0.3617756423943842,1.1165788008638162,0.0,0.0,0.0,1.0,0.44985724569241275,0.42174116783665067,-0.7872501799617541,1,-0.36824207073879733,0.3556430118554831,1.1280431234430166,-1.66687005282995e-05,2.3175254351276435e-06,6.0069136643067806e-06,0.9999999998403502,-0.36165931477932345,0.3617756423943842,1.1165788008638162,0.7929,ASSIST,tag_0,1.0,1.0,0,[1.0],"[""tag_0""]",1,"{""j1"": true, ""j2"": true, ""j3"": true, ""j4"": true, ""j5"": true, ""j6"": true, ""j7"": true, ""accel"": true, ""gyro"": true, ""imu2"": true}",26814.0,4490.0,2.0,0.15810055148816687,0.0,0
0.9741,grasp,-0.36165931477932345,0.3617756423943842,1.1165788008638162,0.0,0.0,0.0,1.0,0.44985724569241275,0.42174116783665067,-0.7872501799617541,1,-0.3643980253849708,0.35925405869429644,1.1213067546063589,-1.9480576804342675e-05,3.0885612254255568e-06,6.761865598683969e-06,0.9999999997826226,-0.36165931477932345,0.3617756423943842,1.1165788008638162,0.7929,ASSIST,tag_0,1.0,1.0,0,[1.0],"[""tag_0""]",1,"{""j1"": true, ""j2"": true, ""j3"": true, ""j4"": true, ""j5"": true, ""j6"": true, ""j7"": true, ""accel"": true, ""gyro"": true, ""imu2"": true}",26814.0,4490.0,2.0,0.15810055148816687,0.0,0
0.9747,grasp,-0.36165931477932345,0.3617756423943842,1.1165788008638162,0.0,0.0,0.0,1.0,0.44985724569241275,0.42174116783665067,-0.7872501799617541,1,-0.3643980253849708,0.35925405869429644,1.1213067546063589,-1.9480576804342675e-05,3.0885612254255568e-06,6.761865598683969e-06,0.9999999997826226,-0.36165931477932345,0.3617756423943842,1.1165788008638162,0.7929,ASSIST,tag_0,1.0,1.0,0,[1.0],"[""tag_0""]",1,"{""j1"": true, ""j2"": true, ""j3"": true, ""j4"": true, ""j5"": true, ""j6"": true, ""j7"": true, ""accel"": true, ""gyro"": true, ""imu2"": true}",26814.0,4490.0,2.0,0.15810055148816687,0.0,0
0.9789,grasp,-0.36057965738966163,0.36278782119719216,1.1146894004319081,0.0,0.0,0.0,1.0,0.44985724569241275,0.42174116783665067,-0.7872501799617541,1,-0.3643980253849708,0.35925405869429644,1.1213067546063589,-1.9480576804342675e-05,3.0885612254255568e-06,6.761865598683969e-06,0.9999999997826226,-0.36057965738966163,0.36278782119719216,1.1146894004319081,0.7929,ASSIST,tag_0,1.0,1.0,0,[1.0],"[""tag_0""]",1,"{""j1"": true, ""j2"": true, ""j3"": true, ""j4"": true, ""j5"": true, ""j6"": true, ""j7"": true, ""accel"": true, ""gyro"": true, ""imu2"": true}",26814.0,4490.0,2.0,0.15810055148816687,0.0,0
0.9796,grasp,-0.36057965738966163,0.36278782119719216,1.1146894004319081,0.0,0.0,0.0,1.0,0.44985724569238944,0.42174116783663823,-0.787250179961774,1,-0.3643980253849708,0.35925405869429644,1.1213067546063589,-1.9480576804342675e-05,3.0885612254255568e-06,6.761865598683969e-06,0.9999999997826226,-0.36057965738966163,0.36278782119719216,1.1146894004319081,0.7929,ASSIST,tag_0,1.0,1.0,0,[1.0],"[""tag_0""]",1,"{""j1"": true, ""j2"": true, ""j3"": true, ""j4"": true, ""j5"": true, ""j6"": true, ""j7"": true, ""accel"": true, ""gyro"": true, ""imu2"": true}",26814.0,4490.0,2.0,0.15810055148816687,0.0,0
0.9799,grasp,-0.36057965738966163,0.36278782119719216,1.1146894004319081,0.0,0.0,0.0,1.0,0.44985724569238944,0.42174116783663823,-0.787250179961774,1,-0.3643980253849708,0.35925405869429644,1.1213067546063589,-1.9480576804342675e-05,3.0885612254255568e-06,6.761865598683969e-06,0.9999999997826226,-0.36057965738966163,0.36278782119719216,1.1146894004319081,0.7929,ASSIST,tag_0,1.0,1.0,0,[1.0],"[""tag_0""]",1,"{""j1"": true, ""j2"": true, ""j3"": true, ""j4"": true, ""j5"": true, ""j6"": true, ""j7"": true, ""accel"": true, ""gyro"": true, ""imu2"": true}",26814.0,4490.0,2.0,0.15810055148816687,0.0,0
0.9823,grasp,-0.36057965738966163,0.36278782119719216,1.1146894004319081,0.0,0.0,0.0,1.0,0.44985724569238944,0.42174116783663823,-0.787250179961774,1,-0.3643980253849708,0.35925405869429644,1.1213067546063589,-1.9480576804342675e-05,3.0885612254255568e-06,6.761865598683969e-06,0.9999999997826226,-0.36057965738966163,0.36278782119719216,1.1146894004319081,0.7929,ASSIST,tag_0,1.0,1.0,0,[1.0],"[""tag_0""]",1,"{""j1"": true, ""j2"": true, ""j3"": true, ""j4"": true, ""j5"": true, ""j6"": true, ""j7"": true, ""accel"": true, ""gyro"": true, ""imu2"": true}",26815.0,4490.0,2.0,0.15810055148816687,0.0,0
0.983,grasp,-0.36057965738966163,0.36278782119719216,1.1146894004319081,0.0,0.0,0.0,1.0,0.44985724569238944,0.42174116783663823,-0.787250179961774,1,-0.3643980253849708,0.35925405869429644,1.1213067546063589,-1.9480576804342675e-05,3.0885612254255568e-06,6.761865598683969e-06,0.9999999997826226,-0.36057965738966163,0.36278782119719216,1.1146894004319081,0.7929,ASSIST,tag_0,1.0,1.0,0,[1.0],"[""tag_0""]",1,"{""j1"": true, ""j2"": true, ""j3"": true, ""j4"": true, ""j5"": true, ""j6"": true, ""j7"": true, ""accel"": true, ""gyro"": true, ""imu2"": true}",26815.0,4490.0,2.0,0.15810055148816687,0.0,0
0.9889,grasp,-0.36057965738966163,0.36278782119719216,1.1146894004319081,0.0,0.0,0.0,1.0,0.44985724569238944,0.42174116783663823,-0.787250179961774,1,-0.3643980253849708,0.35925405869429644,1.1213067546063589,-1.9480576804342675e-05,3.0885612254255568e-06,6.761865598683969e-06,0.9999999997826226,-0.36057965738966163,0.36278782119719216,1.1146894004319081,0.7929,ASSIST,tag_0,1.0,1.0,0,[1.0],"[""tag_0""]",1,"{""j1"": true, ""j2"": true, ""j3"": true, ""j4"": true, ""j5"": true, ""j6"": true, ""j7"": true, ""accel"": true, ""gyro"": true, ""imu2"": true}",26815.0,4490.0,2.0,0.15810055148816687,0.0,0
0.9923,grasp,-0.36057965738966163,0.36278782119719216,1.1146894004319081,0.0,0.0,0.0,1.0,0.44985724569238944,0.42174116783663823,-0.787250179961774,1,-0.3643980253849708,0.35925405869429644,1.1213067546063589,-1.9480576804342675e-05,3.0885612254255568e-06,6.761865598683969e-06,0.9999999997826226,-0.36057965738966163,0.36278782119719216,1.1146894004319081,0.7929,ASSIST,tag_0,1.0,1.0,0,[1.0],"[""tag_0""]",1,"{""j1"": true, ""j2"": true, ""j3"": true, ""j4"": true, ""j5"": true, ""j6"": true, ""j7"": true, ""accel"": true, ""gyro"": true, ""imu2"": true}",26815.0,4490.0,2.0,0.15810055148816687,0.0,0
0.994,grasp,-0.36057965738966163,0.36278782119719216,1.1146894004319081,0.0,0.0,0.0,1.0,0.44985724569238944,0.42174116783663823,-0.787250179961774,1,-0.3643980253849708,0.35925405869429644,1.1213067546063589,-1.9480576804342675e-05,3.0885612254255568e-06,6.761865598683969e-06,0.9999999997826226,-0.36057965738966163,0.36278782119719216,1.1146894004319081,0.7929,ASSIST,tag_0,1.0,1.0,0,[1.0],"[""tag_0""]",1,"{""j1"": true, ""j2"": true, ""j3"": true, ""j4"": true, ""j5"": true, ""j6"": true, ""j7"": true, ""accel"": true, ""gyro"": true, ""imu2"": true}",26815.0,4490.0,2.0,0.15810055148816687,0.0,0
0.9954,grasp,-0.36057965738966163,0.36278782119719216,1.1146894004319081,0.0,0.0,0.0,1.0,0.44985724569238944,0.42174116783663823,-0.787250179961774,1,-0.3643980253849708,0.35925405869429644,1.1213067546063589,-1.9480576804342675e-05,3.0885612254255568e-06,6.761865598683969e-06,0.9999999997826226,-0.36057965738966163,0.36278782119719216,1.1146894004319081,0.7929,ASSIST,tag_0,1.0,1.0,0,[1.0],"[""tag_0""]",1,"{""j1"": true, ""j2"": true, ""j3"": true, ""j4"": true, ""j5"": true, ""j6"": true, ""j7"": true, ""accel"": true, ""gyro"": true, ""imu2"": true}",26815.0,4490.0,2.0,0.15810055148816687,0.0,0
0.9986,grasp,-0.3595,0.3638,1.1128,0.0,0.0,0.0,1.0,0.44985724569238944,0.42174116783663823,-0.787250179961774,1,-0.3643980253849708,0.35925405869429644,1.1213067546063589,-1.9480576804342675e-05,3.0885612254255568e-06,6.761865598683969e-06,0.9999999997826226,-0.3595,0.3638,1.1128,0.7929,ASSIST,tag_0,1.0,1.0,0,[1.0],"[""tag_0""]",1,"{""j1"": true, ""j2"": true, ""j3"": true, ""j4"": true, ""j5"": true, ""j6"": true, ""j7"": true, ""accel"": true, ""gyro"": true, ""imu2"": true}",26815.0,4490.0,2.0,0.15810055148816687,0.0,0
0.9993,grasp,-0.3595,0.3638,1.1128,0.0,0.0,0.0,1.0,0.0,1.0,0.0,1,-0.3643980253849708,0.35925405869429644,1.1213067546063589,-1.9480576804342675e-05,3.0885612254255568e-06,6.761865598683969e-06,0.9999999997826226,-0.3595,0.3638,1.1128,0.7929,ASSIST,tag_0,1.0,1.0,0,[1.0],"[""tag_0""]",1,"{""j1"": true, ""j2"": true, ""j3"": true, ""j4"": true, ""j5"": true, ""j6"": true, ""j7"": true, ""accel"": true, ""gyro"": true, ""imu2"": true}",26815.0,4490.0,2.0,0.15810055148816687,0.0,0
0.9995,grasp,-0.3595,0.3638,1.1128,0.0,0.0,0.0,1.0,0.0,1.0,0.0,1,-0.3643980253849708,0.35925405869429644,1.1213067546063589,-1.9480576804342675e-05,3.0885612254255568e-06,6.761865598683969e-06,0.9999999997826226,-0.3595,0.3638,1.1128,0.7929,ASSIST,tag_0,1.0,1.0,0,[1.0],"[""tag_0""]",1,"{""j1"": true, ""j2"": true, ""j3"": true, ""j4"": true, ""j5"": true, ""j6"": true, ""j7"": true, ""accel"": true, ""gyro"": true, ""imu2"": true}",26815.0,4490.0,2.0,0.15810055148816687,0.0,0
1.0015,grasp,-0.3595,0.3638,1.1128,0.0,0.0,0.0,1.0,0.0,1.0,0.0,1,-0.3643980253849708,0.35925405869429644,1.1213067546063589,-1.9480576804342675e-05,3.0885612254255568e-06,6.761865598683969e-06,0.9999999997826226,-0.3595,0.3638,1.1128,0.7929,ASSIST,tag_0,1.0,1.0,0,[1.0],"[""tag_0""]",1,"{""j1"": true, ""j2"": true, ""j3"": true, ""j4"": true, ""j5"": true, ""j6"": true, ""j7"": true, ""accel"": true, ""gyro"": true, ""imu2"": true}",26816.0,4490.0,2.0,0.15899457874076195,0.0,0
1.0024,grasp,-0.3595,0.3638,1.1128,0.0,0.0,0.0,1.0,0.0,1.0,0.0,1,-0.3643980253849708,0.35925405869429644,1.1213067546063589,-1.9480576804342675e-05,3.0885612254255568e-06,6.761865598683969e-06,0.9999999997826226,-0.3595,0.3638,1.1128,0.7929,ASSIST,tag_0,1.0,1.0,0,[1.0],"[""tag_0""]",1,"{""j1"": true, ""j2"": true, ""j3"": true, ""j4"": true, ""j5"": true, ""j6"": true, ""j7"": true, ""accel"": true, ""gyro"": true, ""imu2"": true}",26816.0,4490.0,2.0,0.15899457874076195,0.0,0
1.0031,grasp,-0.3595,0.3638,1.1128,0.0,0.0,0.0,1.0,0.0,1.0,0.0,1,-0.3643980253849708,0.35925405869429644,1.1213067546063589,-1.9480576804342675e-05,3.0885612254255568e-06,6.761865598683969e-06,0.9999999997826226,-0.3595,0.3638,1.1128,0.7929,ASSIST,tag_0,1.0,1.0,0,[1.0],"[""tag_0""]",1,"{""j1"": true, ""j2"": true, ""j3"": true, ""j4"": true, ""j5"": true, ""j6"": true, ""j7"": true, ""accel"": true, ""gyro"": true, ""imu2"": true}",26816.0,4490.0,2.0,0.15899457874076195,0.0,0
1.009,grasp,-0.3595,0.3638,1.1128,0.0,0.0,0.0,1.0,0.0,1.0,0.0,1,-0.3643980253849708,0.35925405869429644,1.1213067546063589,-1.9480576804342675e-05,3.0885612254255568e-06,6.761865598683969e-06,0.9999999997826226,-0.3595,0.3638,1.1128,0.7929,ASSIST,tag_0,1.0,1.0,0,[1.0],"[""tag_0""]",1,"{""j1"": true, ""j2"": true, ""j3"": true, ""j4"": true, ""j5"": true, ""j6"": true, ""j7"": true, ""accel"": true, ""gyro"": true, ""imu2"": true}",26816.0,4490.0,2.0,0.15899457874076195,0.0,0
1.0127,grasp,-0.3595,0.3638,1.1128,0.0,0.0,0.0,1.0,0.0,1.0,0.0,1,-0.3643980253849708,0.35925405869429644,1.1213067546063589,-1.9480576804342675e-05,3.0885612254255568e-06,6.761865598683969e-06,0.9999999997826226,-0.3595,0.3638,1.1128,0.7929,ASSIST,tag_0,1.0,1.0,0,[1.0],"[""tag_0""]",1,"{""j1"": true, ""j2"": true, ""j3"": true, ""j4"": true, ""j5"": true, ""j6"": true, ""j7"": true, ""accel"": true, ""gyro"": true, ""imu2"": true}",26816.0,4490.0,2.0,0.15899457874076195,0.0,0
1.0139,grasp,-0.3595,0.3638,1.1128,0.0,0.0,0.0,1.0,0.0,1.0,0.0,1,-0.3643980253849708,0.35925405869429644,1.1213067546063589,-1.9480576804342675e-05,3.0885612254255568e-06,6.761865598683969e-06,0.9999999997826226,-0.3595,0.3638,1.1128,0.7929,ASSIST,tag_0,1.0,1.0,0,[1.0],"[""tag_0""]",1,"{""j1"": true, ""j2"": true, ""j3"": true, ""j4"": true, ""j5"": true, ""j6"": true, ""j7"": true, ""accel"": true, ""gyro"": true, ""imu2"": true}",26816.0,4490.0,2.0,0.15899457874076195,0.0,0
1.0182,grasp,-0.3595,0.3638,1.1128,0.0,0.0,0.0,1.0,0.0,1.0,0.0,1,-0.3643980253849708,0.35925405869429644,1.1213067546063589,-1.9480576804342675e-05,3.0885612254255568e-06,6.761865598683969e-06,0.9999999997826226,-0.3595,0.3638,1.1128,0.7929,ASSIST,tag_0,1.0,1.0,0,[1.0],"[""tag_0""]",1,"{""j1"": true, ""j2"": true, ""j3"": true, ""j4"": true, ""j5"": true, ""j6"": true, ""j7"": true, ""accel"": true, ""gyro"": true, ""imu2"": true}",26816.0,4490.0,2.0,0.15899457874076195,0.0,0
1.0188,grasp,-0.3595,0.3638,1.1128,0.0,0.0,0.0,1.0,0.0,1.0,0.0,1,-0.3643980253849708,0.35925405869429644,1.1213067546063589,-1.9480576804342675e-05,3.0885612254255568e-06,6.761865598683969e-06,0.9999999997826226,-0.3595,0.3638,1.1128,0.7929,ASSIST,tag_0,1.0,1.0,0,[1.0],"[""tag_0""]",1,"{""j1"": true, ""j2"": true, ""j3"": true, ""j4"": true, ""j5"": true, ""j6"": true, ""j7"": true, ""accel"": true, ""gyro"": true, ""imu2"": true}",26816.0,4490.0,2.0,0.15899457874076195,0.0,0
1.0191,grasp,-0.3595,0.3638,1.1128,0.0,0.0,0.0,1.0,0.0,1.0,0.0,1,-0.3643980253849708,0.35925405869429644,1.1213067546063589,-1.9480576804342675e-05,3.0885612254255568e-06,6.761865598683969e-06,0.9999999997826226,-0.3595,0.3638,1.1128,0.7929,ASSIST,tag_0,1.0,1.0,0,[1.0],"[""tag_0""]",1,"{""j1"": true, ""j2"": true, ""j3"": true, ""j4"": true, ""j5"": true, ""j6"": true, ""j7"": true, ""accel"": true, ""gyro"": true, ""imu2"": true}",26816.0,4490.0,2.0,0.15899457874076195,0.0,0
1.0215,grasp,-0.3595,0.3638,1.1128,0.0,0.0,0.0,1.0,0.0,1.0,0.0,1,-0.3643980253849708,0.35925405869429644,1.1213067546063589,-1.9480576804342675e-05,3.0885612254255568e-06,6.761865598683969e-06,0.9999999997826226,-0.3595,0.3638,1.1128,0.7929,ASSIST,tag_0,1.0,1.0,0,[1.0],"[""tag_0""]",1,"{""j1"": true, ""j2"": true, ""j3"": true, ""j4"": true, ""j5"": true, ""j6"": true, ""j7"": true, ""accel"": true, ""gyro"": true, ""imu2"": true}",26817.0,4490.0,2.0,0.15899457874076195,0.0,0
1.0232,grasp,-0.3595,0.3638,1.1128,0.0,0.0,0.0,1.0,0.0,1.0,0.0,1,-0.3643980253849708,0.35925405869429644,1.1213067546063589,-1.9480576804342675e-05,3.0885612254255568e-06,6.761865598683969e-06,0.9999999997826226,-0.3595,0.3638,1.1128,0.7929,ASSIST,tag_0,1.0,1.0,0,[1.0],"[""tag_0""]",1,"{""j1"": true, ""j2"": true, ""j3"": true, ""j4"": true, ""j5"": true, ""j6"": true, ""j7"": true, ""accel"": true, ""gyro"": true, ""imu2"": true}",26817.0,4490.0,2.0,0.15899457874076195,0.0,0
1.0294,grasp,-0.3595,0.3638,1.1128,0.0,0.0,0.0,1.0,0.0,1.0,0.0,1,-0.3643980253849708,0.35925405869429644,1.1213067546063589,-1.9480576804342675e-05,3.0885612254255568e-06,6.761865598683969e-06,0.9999999997826226,-0.3595,0.3638,1.1128,0.7929,ASSIST,tag_0,1.0,1.0,0,[1.0],"[""tag_0""]",1,"{""j1"": true, ""j2"": true, ""j3"": true, ""j4"": true, ""j5"": true, ""j6"": true, ""j7"": true, ""accel"": true, ""gyro"": true, ""imu2"": true}",26817.0,4490.0,2.0,0.15899457874076195,0.0,0
1.0328,grasp,-0.3595,0.3638,1.1128,0.0,0.0,0.0,1.0,0.0,1.0,0.0,1,-0.3643980253849708,0.35925405869429644,1.1213067546063589,-1.9480576804342675e-05,3.0885612254255568e-06,6.761865598683969e-06,0.9999999997826226,-0.3595,0.3638,1.1128,0.7929,ASSIST,tag_0,1.0,1.0,0,[1.0],"[""tag_0""]",1,"{""j1"": true, ""j2"": true, ""j3"": true, ""j4"": true, ""j5"": true, ""j6"": true, ""j7"": true, ""accel"": true, ""gyro"": true, ""imu2"": true}",26817.0,4490.0,2.0,0.15899457874076195,0.0,0
1.034,grasp,-0.3595,0.3638,1.1128,0.0,0.0,0.0,1.0,0.0,1.0,0.0,1,-0.3643980253849708,0.35925405869429644,1.1213067546063589,-1.9480576804342675e-05,3.0885612254255568e-06,6.761865598683969e-06,0.9999999997826226,-0.3595,0.3638,1.1128,0.7929,ASSIST,tag_0,1.0,1.0,0,[1.0],"[""tag_0""]",1,"{""j1"": true, ""j2"": true, ""j3"": true, ""j4"": true, ""j5"": true, ""j6"": true, ""j7"": true, ""accel"": true, ""gyro"": true, ""imu2"": true}",26817.0,4490.0,2.0,0.15899457874076195,0.0,0
1.0389,grasp,-0.3595,0.3638,1.1128,0.0,0.0,0.0,1.0,0.0,1.0,0.0,1,-0.3643980253849708,0.35925405869429644,1.1213067546063589,-1.9480576804342675e-05,3.0885612254255568e-06,6.761865598683969e-06,0.9999999997826226,-0.3595,0.3638,1.1128,0.7929,ASSIST,tag_0,1.0,1.0,0,[1.0],"[""tag_0""]",1,"{""j1"": true, ""j2"": true, ""j3"": true, ""j4"": true, ""j5"": true, ""j6"": true, ""j7"": true, ""accel"": true, ""gyro"": true, ""imu2"": true}",26817.0,4490.0,2.0,0.15899457874076195,0.0,0
1.0394,grasp,-0.3595,0.3638,1.1128,0.0,0.0,0.0,1.0,0.0,1.0,0.0,1,-0.3643980253849708,0.35925405869429644,1.1213067546063589,-1.9480576804342675e-05,3.0885612254255568e-06,6.761865598683969e-06,0.9999999997826226,-0.3595,0.3638,1.1128,0.7929,ASSIST,tag_0,1.0,1.0,0,[1.0],"[""tag_0""]",1,"{""j1"": true, ""j2"": true, ""j3"": true, ""j4"": true, ""j5"": true, ""j6"": true, ""j7"": true, ""accel"": true, ""gyro"": true, ""imu2"": true}",26817.0,4490.0,2.0,0.15899457874076195,0.0,0
1.0396,grasp,-0.3595,0.3638,1.1128,0.0,0.0,0.0,1.0,0.0,1.0,0.0,1,-0.3643980253849708,0.35925405869429644,1.1213067546063589,-1.9480576804342675e-05,3.0885612254255568e-06,6.761865598683969e-06,0.9999999997826226,-0.3595,0.3638,1.1128,0.7929,ASSIST,tag_0,1.0,1.0,0,[1.0],"[""tag_0""]",1,"{""j1"": true, ""j2"": true, ""j3"": true, ""j4"": true, ""j5"": true, ""j6"": true, ""j7"": true, ""accel"": true, ""gyro"": true, ""imu2"": true}",26817.0,4490.0,2.0,0.15899457874076195,0.0,0
1.0414,grasp,-0.3595,0.3638,1.1128,0.0,0.0,0.0,1.0,0.0,1.0,0.0,1,-0.3643980253849708,0.35925405869429644,1.1213067546063589,-1.9480576804342675e-05,3.0885612254255568e-06,6.761865598683969e-06,0.9999999997826226,-0.3595,0.3638,1.1128,0.7929,ASSIST,tag_0,1.0,1.0,0,[1.0],"[""tag_0""]",1,"{""j1"": true, ""j2"": true, ""j3"": true, ""j4"": true, ""j5"": true, ""j6"": true, ""j7"": true, ""accel"": true, ""gyro"": true, ""imu2"": true}",26818.0,4490.0,2.0,0.15899457874076195,0.0,0
1.0423,grasp,-0.3595,0.3638,1.1128,0.0,0.0,0.0,1.0,0.0,1.0,0.0,1,-0.3643980253849708,0.35925405869429644,1.1213067546063589,-1.9480576804342675e-05,3.0885612254255568e-06,6.761865598683969e-06,0.9999999997826226,-0.3595,0.3638,1.1128,0.7929,ASSIST,tag_0,1.0,1.0,0,[1.0],"[""tag_0""]",1,"{""j1"": true, ""j2"": true, ""j3"": true, ""j4"": true, ""j5"": true, ""j6"": true, ""j7"": true, ""accel"": true, ""gyro"": true, ""imu2"": true}",26818.0,4490.0,2.0,0.15899457874076195,0.0,0
1.0437,grasp,-0.3595,0.3638,1.1128,0.0,0.0,0.0,1.0,0.0,1.0,0.0,1,-0.3608126886255869,0.3626148913685743,1.115034163583343,-1.8855882422175174e-05,3.44968577165039e-06,6.169857267819545e-06,0.9999999997972441,-0.3595,0.3638,1.1128,0.7929,ASSIST,tag_0,1.0,1.0,0,[1.0],"[""tag_0""]",1,"{""j1"": true, ""j2"": true, ""j3"": true, ""j4"": true, ""j5"": true, ""j6"": true, ""j7"": true, ""accel"": true, ""gyro"": true, ""imu2"": true}",26818.0,4490.0,2.0,0.15899457874076195,0.0,0
1.0463,grasp,-0.3595,0.3638,1.1128,0.0,0.0,0.0,1.0,0.0,1.0,0.0,1,-0.3608126886255869,0.3626148913685743,1.115034163583343,-1.8855882422175174e-05,3.44968577165039e-06,6.169857267819545e-06,0.9999999997972441,-0.3595,0.3638,1.1128,0.7929,ASSIST,tag_0,1.0,1.0,0,[1.0],"[""tag_0""]",1,"{""j1"": true, ""j2"": true, ""j3"": true, ""j4"": true, ""j5"": true, ""j6"": true, ""j7"": true, ""accel"": true, ""gyro"": true, ""imu2"": true}",26818.0,4490.0,2.0,0.15899457874076195,0.0,0
1.0525,grasp,-0.3595,0.3638,1.1128,0.0,0.0,0.0,1.0,0.0,1.0,0.0,1,-0.3608126886255869,0.3626148913685743,1.115034163583343,-1.8855882422175174e-05,3.44968577165039e-06,6.169857267819545e-06,0.9999999997972441,-0.3595,0.3638,1.1128,0.7929,ASSIST,tag_0,1.0,1.0,0,[1.0],"[""tag_0""]",1,"{""j1"": true, ""j2"": true, ""j3"": true, ""j4"": true, ""j5"": true, ""j6"": true, ""j7"": true, ""accel"": true, ""gyro"": true, ""imu2"": true}",26818.0,4490.0,2.0,0.15899457874076195,0.0,0
1.0532,grasp,-0.3595,0.3638,1.1128,0.0,0.0,0.0,1.0,0.0,1.0,0.0,1,-0.3608126886255869,0.3626148913685743,1.115034163583343,-1.8855882422175174e-05,3.44968577165039e-06,6.169857267819545e-06,0.9999999997972441,-0.3595,0.3638,1.1128,0.7929,ASSIST,tag_0,1.0,1.0,0,[1.0],"[""tag_0""]",1,"{""j1"": true, ""j2"": true, ""j3"": true, ""j4"": true, ""j5"": true, ""j6"": true, ""j7"": true, ""accel"": true, ""gyro"": true, ""imu2"": true}",26818.0,4490.0,2.0,0.15899457874076195,0.0,0
1.054,grasp,-0.3595,0.3638,1.1128,0.0,0.0,0.0,1.0,0.0,1.0,0.0,1,-0.3608126886255869,0.3626148913685743,1.115034163583343,-1.8855882422175174e-05,3.44968577165039e-06,6.169857267819545e-06,0.9999999997972441,-0.3595,0.3638,1.1128,0.7929,ASSIST,tag_0,1.0,1.0,0,[1.0],"[""tag_0""]",1,"{""j1"": true, ""j2"": true, ""j3"": true, ""j4"": true, ""j5"": true, ""j6"": true, ""j7"": true, ""accel"": true, ""gyro"": true, ""imu2"": true}",26818.0,4490.0,2.0,0.15899457874076195,0.0,0
1.0603,grasp,-0.3595,0.3638,1.1128,0.0,0.0,0.0,1.0,0.0,1.0,0.0,1,-0.3608126886255869,0.3626148913685743,1.115034163583343,-1.8855882422175174e-05,3.44968577165039e-06,6.169857267819545e-06,0.9999999997972441,-0.3595,0.3638,1.1128,0.7929,ASSIST,tag_0,1.0,1.0,0,[1.0],"[""tag_0""]",1,"{""j1"": true, ""j2"": true, ""j3"": true, ""j4"": true, ""j5"": true, ""j6"": true, ""j7"": true, ""accel"": true, ""gyro"": true, ""imu2"": true}",26818.0,4490.0,2.0,0.15899457874076195,0.0,0
1.0612,grasp,-0.3595,0.3638,1.1128,0.0,0.0,0.0,1.0,0.0,1.0,0.0,1,-0.3608126886255869,0.3626148913685743,1.115034163583343,-1.8855882422175174e-05,3.44968577165039e-06,6.169857267819545e-06,0.9999999997972441,-0.3595,0.3638,1.1128,0.7929,ASSIST,tag_0,1.0,1.0,0,[1.0],"[""tag_0""]",1,"{""j1"": true, ""j2"": true, ""j3"": true, ""j4"": true, ""j5"": true, ""j6"": true, ""j7"": true, ""accel"": true, ""gyro"": true, ""imu2"": true}",26818.0,4490.0,2.0,0.15899457874076195,0.0,0
1.0622,grasp,-0.3595,0.3638,1.1128,0.0,0.0,0.0,1.0,0.0,1.0,0.0,1,-0.3608126886255869,0.3626148913685743,1.115034163583343,-1.8855882422175174e-05,3.44968577165039e-06,6.169857267819545e-06,0.9999999997972441,-0.3595,0.3638,1.1128,0.7929,ASSIST,tag_0,1.0,1.0,0,[1.0],"[""tag_0""]",1,"{""j1"": true, ""j2"": true, ""j3"": true, ""j4"": true, ""j5"": true, ""j6"": true, ""j7"": true, ""accel"": true, ""gyro"": true, ""imu2"": true}",26818.0,4490.0,2.0,0.15899457874076195,0.0,0
1.0633,grasp,-0.3595,0.3638,1.1128,0.0,0.0,0.0,1.0,0.0,1.0,0.0,1,-0.3608126886255869,0.3626148913685743,1.115034163583343,-1.8855882422175174e-05,3.44968577165039e-06,6.169857267819545e-06,0.9999999997972441,-0.3595,0.3638,1.1128,0.7929,ASSIST,tag_0,1.0,1.0,0,[1.0],"[""tag_0""]",1,"{""j1"": true, ""j2"": true, ""j3"": true, ""j4"": true, ""j5"": true, ""j6"": true, ""j7"": true, ""accel"": true, ""gyro"": true, ""imu2"": true}",26818.0,4490.0,2.0,0.15899457874076195,0.0,0
1.0638,grasp,-0.3595,0.3638,1.1128,0.0,0.0,0.0,1.0,0.0,1.0,0.0,1,-0.3608126886255869,0.3626148913685743,1.115034163583343,-1.8855882422175174e-05,3.44968577165039e-06,6.169857267819545e-06,0.9999999997972441,-0.3595,0.3638,1.1128,0.7929,ASSIST,tag_0,1.0,1.0,0,[1.0],"[""tag_0""]",1,"{""j1"": true, ""j2"": true, ""j3"": true, ""j4"": true, ""j5"": true, ""j6"": true, ""j7"": true, ""accel"": true, ""gyro"": true, ""imu2"": true}",26819.0,4490.0,2.0,0.15978674867327008,0.0,0
1.0697,grasp,-0.3595,0.3638,1.1128,0.0,0.0,0.0,1.0,0.0,1.0,0.0,1,-0.3608126886255869,0.3626148913685743,1.115034163583343,-1.8855882422175174e-05,3.44968577165039e-06,6.169857267819545e-06,0.9999999997972441,-0.3595,0.3638,1.1128,0.7929,ASSIST,tag_0,1.0,1.0,0,[1.0],"[""tag_0""]",1,"{""j1"": true, ""j2"": true, ""j3"": true, ""j4"": true, ""j5"": true, ""j6"": true, ""j7"": true, ""accel"": true, ""gyro"": true, ""imu2"": true}",26819.0,4490.0,2.0,0.15978674867327008,0.0,0
1.0725,grasp,-0.3595,0.3638,1.1128,0.0,0.0,0.0,1.0,0.0,1.0,0.0,1,-0.3608126886255869,0.3626148913685743,1.115034163583343,-1.8855882422175174e-05,3.44968577165039e-06,6.169857267819545e-06,0.9999999997972441,-0.3595,0.3638,1.1128,0.7929,ASSIST,tag_0,1.0,1.0,0,[1.0],"[""tag_0""]",1,"{""j1"": true, ""j2"": true, ""j3"": true, ""j4"": true, ""j5"": true, ""j6"": true, ""j7"": true, ""accel"": true, ""gyro"": true, ""imu2"": true}",26819.0,4490.0,2.0,0.15978674867327008,0.0,0
1.0745,grasp,-0.3595,0.3638,1.1128,0.0,0.0,0.0,1.0,0.0,1.0,0.0,1,-0.3608126886255869,0.3626148913685743,1.115034163583343,-1.8855882422175174e-05,3.44968577165039e-06,6.169857267819545e-06,0.9999999997972441,-0.3595,0.3638,1.1128,0.7929,ASSIST,tag_0,1.0,1.0,0,[1.0],"[""tag_0""]",1,"{""j1"": true, ""j2"": true, ""j3"": true, ""j4"": true, ""j5"": true, ""j6"": true, ""j7"": true, ""accel"": true, ""gyro"": true, ""imu2"": true}",26819.0,4490.0,2.0,0.15978674867327008,0.0,0
1.0782,grasp,-0.3595,0.3638,1.1128,0.0,0.0,0.0,1.0,0.0,1.0,0.0,1,-0.3608126886255869,0.3626148913685743,1.115034163583343,-1.8855882422175174e-05,3.44968577165039e-06,6.169857267819545e-06,0.9999999997972441,-0.3595,0.3638,1.1128,0.7929,ASSIST,tag_0,1.0,1.0,0,[1.0],"[""tag_0""]",1,"{""j1"": true, ""j2"": true, ""j3"": true, ""j4"": true, ""j5"": true, ""j6"": true, ""j7"": true, ""accel"": true, ""gyro"": true, ""imu2"": true}",26819.0,4490.0,2.0,0.15978674867327008,0.0,0
1.0787,grasp,-0.3595,0.3638,1.1128,0.0,0.0,0.0,1.0,0.0,1.0,0.0,1,-0.3608126886255869,0.3626148913685743,1.115034163583343,-1.8855882422175174e-05,3.44968577165039e-06,6.169857267819545e-06,0.9999999997972441,-0.3595,0.3638,1.1128,0.7929,ASSIST,tag_0,1.0,1.0,0,[1.0],"[""tag_0""]",1,"{""j1"": true, ""j2"": true, ""j3"": true, ""j4"": true, ""j5"": true, ""j6"": true, ""j7"": true, ""accel"": true, ""gyro"": true, ""imu2"": true}",26819.0,4490.0,2.0,0.15978674867327008,0.0,0
1.079,grasp,-0.3595,0.3638,1.1128,0.0,0.0,0.0,1.0,0.0,1.0,0.0,1,-0.3608126886255869,0.3626148913685743,1.115034163583343,-1.8855882422175174e-05,3.44968577165039e-06,6.169857267819545e-06,0.9999999997972441,-0.3595,0.3638,1.1128,0.7929,ASSIST,tag_0,1.0,1.0,0,[1.0],"[""tag_0""]",1,"{""j1"": true, ""j2"": true, ""j3"": true, ""j4"": true, ""j5"": true, ""j6"": true, ""j7"": true, ""accel"": true, ""gyro"": true, ""imu2"": true}",26819.0,4490.0,2.0,0.15978674867327008,0.0,0
1.0816,grasp,-0.3595,0.3638,1.1128,0.0,0.0,0.0,1.0,0.0,1.0,0.0,1,-0.3608126886255869,0.3626148913685743,1.115034163583343,-1.8855882422175174e-05,3.44968577165039e-06,6.169857267819545e-06,0.9999999997972441,-0.3595,0.3638,1.1128,0.7929,ASSIST,tag_0,1.0,1.0,0,[1.0],"[""tag_0""]",1,"{""j1"": true, ""j2"": true, ""j3"": true, ""j4"": true, ""j5"": true, ""j6"": true, ""j7"": true, ""accel"": true, ""gyro"": true, ""imu2"": true}",26820.0,4490.0,2.0,0.15978674867327008,0.0,0
1.0823,grasp,-0.3595,0.3638,1.1128,0.0,0.0,0.0,1.0,0.0,1.0,0.0,1,-0.3608126886255869,0.3626148913685743,1.115034163583343,-1.8855882422175174e-05,3.44968577165039e-06,6.169857267819545e-06,0.9999999997972441,-0.3595,0.3638,1.1128,0.7929,ASSIST,tag_0,1.0,1.0,0,[1.0],"[""tag_0""]",1,"{""j1"": true, ""j2"": true, ""j3"": true, ""j4"": true, ""j5"": true, ""j6"": true, ""j7"": true, ""accel"": true, ""gyro"": true, ""imu2"": true}",26820.0,4490.0,2.0,0.15978674867327008,0.0,0
1.0882,grasp,-0.3595,0.3638,1.1128,0.0,0.0,0.0,1.0,0.0,1.0,0.0,1,-0.3608126886255869,0.3626148913685743,1.115034163583343,-1.8855882422175174e-05,3.44968577165039e-06,6.169857267819545e-06,0.9999999997972441,-0.3595,0.3638,1.1128,0.7929,ASSIST,tag_0,1.0,1.0,0,[1.0],"[""tag_0""]",1,"{""j1"": true, ""j2"": true, ""j3"": true, ""j4"": true, ""j5"": true, ""j6"": true, ""j7"": true, ""accel"": true, ""gyro"": true, ""imu2"": true}",26820.0,4490.0,2.0,0.15978674867327008,0.0,0
1.0927,grasp,-0.3595,0.3638,1.1128,0.0,0.0,0.0,1.0,0.0,1.0,0.0,1,-0.3608126886255869,0.3626148913685743,1.115034163583343,-1.8855882422175174e-05,3.44968577165039e-06,6.169857267819545e-06,0.9999999997972441,-0.3595,0.3638,1.1128,0.7929,ASSIST,tag_0,1.0,1.0,0,[1.0],"[""tag_0""]",1,"{""j1"": true, ""j2"": true, ""j3"": true, ""j4"": true, ""j5"": true, ""j6"": true, ""j7"": true, ""accel"": true, ""gyro"": true, ""imu2"": true}",26820.0,4490.0,2.0,0.15978674867327008,0.0,0
1.0949,grasp,-0.3595,0.3638,1.1128,0.0,0.0,0.0,1.0,0.0,1.0,0.0,1,-0.3608126886255869,0.3626148913685743,1.115034163583343,-1.8855882422175174e-05,3.44968577165039e-06,6.169857267819545e-06,0.9999999997972441,-0.3595,0.3638,1.1128,0.7929,ASSIST,tag_0,1.0,1.0,0,[1.0],"[""tag_0""]",1,"{""j1"": true, ""j2"": true, ""j3"": true, ""j4"": true, ""j5"": true, ""j6"": true, ""j7"": true, ""accel"": true, ""gyro"": true, ""imu2"": true}",26820.0,4490.0,2.0,0.15978674867327008,0.0,0
1.0956,grasp,-0.3595,0.3638,1.1128,0.0,0.0,0.0,1.0,0.0,1.0,0.0,1,-0.3608126886255869,0.3626148913685743,1.115034163583343,-1.8855882422175174e-05,3.44968577165039e-06,6.169857267819545e-06,0.9999999997972441,-0.3595,0.3638,1.1128,0.7929,ASSIST,tag_0,1.0,1.0,0,[1.0],"[""tag_0""]",1,"{""j1"": true, ""j2"": true, ""j3"": true, ""j4"": true, ""j5"": true, ""j6"": true, ""j7"": true, ""accel"": true, ""gyro"": true, ""imu2"": true}",26820.0,4490.0,2.0,0.15978674867327008,0.0,0
1.0992,grasp,-0.3595,0.3638,1.1128,0.0,0.0,0.0,1.0,0.0,1.0,0.0,1,-0.3608126886255869,0.3626148913685743,1.115034163583343,-1.8855882422175174e-05,3.44968577165039e-06,6.169857267819545e-06,0.9999999997972441,-0.3595,0.3638,1.1128,0.7929,ASSIST,tag_0,1.0,1.0,0,[1.0],"[""tag_0""]",1,"{""j1"": true, ""j2"": true, ""j3"": true, ""j4"": true, ""j5"": true, ""j6"": true, ""j7"": true, ""accel"": true, ""gyro"": true, ""imu2"": true}",26820.0,4490.0,2.0,0.15978674867327008,0.0,0
1.1,grasp,-0.3595,0.3638,1.1128,0.0,0.0,0.0,1.0,0.0,1.0,0.0,1,-0.3608126886255869,0.3626148913685743,1.115034163583343,-1.8855882422175174e-05,3.44968577165039e-06,6.169857267819545e-06,0.9999999997972441,-0.3595,0.3638,1.1128,0.7929,ASSIST,tag_0,1.0,1.0,0,[1.0],"[""tag_0""]",1,"{""j1"": true, ""j2"": true, ""j3"": true, ""j4"": true, ""j5"": true, ""j6"": true, ""j7"": true, ""accel"": true, ""gyro"": true, ""imu2"": true}",26820.0,4490.0,2.0,0.15978674867327008,0.0,0
1.1003,grasp,-0.3595,0.3638,1.1128,0.0,0.0,0.0,1.0,0.0,1.0,0.0,1,-0.3608126886255869,0.3626148913685743,1.115034163583343,-1.8855882422175174e-05,3.44968577165039e-06,6.169857267819545e-06,0.9999999997972441,-0.3595,0.3638,1.1128,0.7929,ASSIST,tag_0,1.0,1.0,0,[1.0],"[""tag_0""]",1,"{""j1"": true, ""j2"": true, ""j3"": true, ""j4"": true, ""j5"": true, ""j6"": true, ""j7"": true, ""accel"": true, ""gyro"": true, ""imu2"": true}",26820.0,4490.0,2.0,0.15978674867327008,0.0,0
1.1013,grasp,-0.3595,0.3638,1.1128,0.0,0.0,0.0,1.0,0.0,1.0,0.0,1,-0.3608126886255869,0.3626148913685743,1.115034163583343,-1.8855882422175174e-05,3.44968577165039e-06,6.169857267819545e-06,0.9999999997972441,-0.3595,0.3638,1.1128,0.7929,ASSIST,tag_0,1.0,1.0,0,[1.0],"[""tag_0""]",1,"{""j1"": true, ""j2"": true, ""j3"": true, ""j4"": true, ""j5"": true, ""j6"": true, ""j7"": true, ""accel"": true, ""gyro"": true, ""imu2"": true}",26821.0,4490.0,2.0,0.15978674867327008,0.0,0
1.1023,grasp,-0.3595,0.3638,1.1128,0.0,0.0,0.0,1.0,0.0,1.0,0.0,1,-0.3608126886255869,0.3626148913685743,1.115034163583343,-1.8855882422175174e-05,3.44968577165039e-06,6.169857267819545e-06,0.9999999997972441,-0.3595,0.3638,1.1128,0.7929,ASSIST,tag_0,1.0,1.0,0,[1.0],"[""tag_0""]",1,"{""j1"": true, ""j2"": true, ""j3"": true, ""j4"": true, ""j5"": true, ""j6"": true, ""j7"": true, ""accel"": true, ""gyro"": true, ""imu2"": true}",26821.0,4490.0,2.0,0.15978674867327008,0.0,0
1.1079,grasp,-0.3595,0.3638,1.1128,0.0,0.0,0.0,1.0,0.0,1.0,0.0,1,-0.3608126886255869,0.3626148913685743,1.115034163583343,-1.8855882422175174e-05,3.44968577165039e-06,6.169857267819545e-06,0.9999999997972441,-0.3595,0.3638,1.1128,0.7929,ASSIST,tag_0,1.0,1.0,0,[1.0],"[""tag_0""]",1,"{""j1"": true, ""j2"": true, ""j3"": true, ""j4"": true, ""j5"": true, ""j6"": true, ""j7"": true, ""accel"": true, ""gyro"": true, ""imu2"": true}",26821.0,4490.0,2.0,0.15978674867327008,0.0,0
1.1125,grasp,-0.3595,0.3638,1.1128,0.0,0.0,0.0,1.0,0.0,1.0,0.0,1,-0.3608126886255869,0.3626148913685743,1.115034163583343,-1.8855882422175174e-05,3.44968577165039e-06,6.169857267819545e-06,0.9999999997972441,-0.3595,0.3638,1.1128,0.7929,ASSIST,tag_0,1.0,1.0,0,[1.0],"[""tag_0""]",1,"{""j1"": true, ""j2"": true, ""j3"": true, ""j4"": true, ""j5"": true, ""j6"": true, ""j7"": true, ""accel"": true, ""gyro"": true, ""imu2"": true}",26821.0,4490.0,2.0,0.15978674867327008,0.0,0
1.1139,grasp,-0.3595,0.3638,1.1128,0.0,0.0,0.0,1.0,0.0,1.0,0.0,1,-0.35972043554673916,0.3636037007171241,1.1131716329677515,-4.184110604987801e-06,9.363574935278285e-07,1.1752831951122866e-06,0.9999999999901176,-0.3595,0.3638,1.1128,0.7929,ASSIST,tag_0,1.0,1.0,0,[1.0],"[""tag_0""]",1,"{""j1"": true, ""j2"": true, ""j3"": true, ""j4"": true, ""j5"": true, ""j6"": true, ""j7"": true, ""accel"": true, ""gyro"": true, ""imu2"": true}",26821.0,4490.0,2.0,0.15978674867327008,0.0,0
1.1145,grasp,-0.3595,0.3638,1.1128,0.0,0.0,0.0,1.0,0.0,1.0,0.0,1,-0.35972043554673916,0.3636037007171241,1.1131716329677515,-4.184110604987801e-06,9.363574935278285e-07,1.1752831951122866e-06,0.9999999999901176,-0.3595,0.3638,1.1128,0.7929,ASSIST,tag_0,1.0,1.0,0,[1.0],"[""tag_0""]",1,"{""j1"": true, ""j2"": true, ""j3"": true, ""j4"": true, ""j5"": true, ""j6"": true, ""j7"": true, ""accel"": true, ""gyro"": true, ""imu2"": true}",26821.0,4490.0,2.0,0.15978674867327008,0.0,0
1.1186,grasp,-0.3595,0.3638,1.1128,0.0,0.0,0.0,1.0,0.0,1.0,0.0,1,-0.35972043554673916,0.3636037007171241,1.1131716329677515,-4.184110604987801e-06,9.363574935278285e-07,1.1752831951122866e-06,0.9999999999901176,-0.3595,0.3638,1.1128,0.7929,ASSIST,tag_0,1.0,1.0,0,[1.0],"[""tag_0""]",1,"{""j1"": true, ""j2"": true, ""j3"": true, ""j4"": true, ""j5"": true, ""j6"": true, ""j7"": true, ""accel"": true, ""gyro"": true, ""imu2"": true}",26821.0,4490.0,2.0,0.15978674867327008,0.0,0
1.1195,grasp,-0.3595,0.3638,1.1128,0.0,0.0,0.0,1.0,0.0,1.0,0.0,1,-0.35972043554673916,0.3636037007171241,1.1131716329677515,-4.184110604987801e-06,9.363574935278285e-07,1.1752831951122866e-06,0.9999999999901176,-0.3595,0.3638,1.1128,0.7929,ASSIST,tag_0,1.0,1.0,0,[1.0],"[""tag_0""]",1,"{""j1"": true, ""j2"": true, ""j3"": true, ""j4"": true, ""j5"": true, ""j6"": true, ""j7"": true, ""accel"": true, ""gyro"": true, ""imu2"": true}",26821.0,4490.0,2.0,0.15978674867327008,0.0,0
1.1198,grasp,-0.3595,0.3638,1.1128,0.0,0.0,0.0,1.0,0.0,1.0,0.0,1,-0.35972043554673916,0.3636037007171241,1.1131716329677515,-4.184110604987801e-06,9.363574935278285e-07,1.1752831951122866e-06,0.9999999999901176,-0.3595,0.3638,1.1128,0.7929,ASSIST,tag_0,1.0,1.0,0,[1.0],"[""tag_0""]",1,"{""j1"": true, ""j2"": true, ""j3"": true, ""j4"": true, ""j5"": true, ""j6"": true, ""j7"": true, ""accel"": true, ""gyro"": true, ""imu2"": true}",26821.0,4490.0,2.0,0.15978674867327008,0.0,0
1.1216,grasp,-0.3595,0.3638,1.1128,0.0,0.0,0.0,1.0,0.0,1.0,0.0,1,-0.35972043554673916,0.3636037007171241,1.1131716329677515,-4.184110604987801e-06,9.363574935278285e-07,1.1752831951122866e-06,0.9999999999901176,-0.3595,0.3638,1.1128,0.7929,ASSIST,tag_0,1.0,1.0,0,[1.0],"[""tag_0""]",1,"{""j1"": true, ""j2"": true, ""j3"": true, ""j4"": true, ""j5"": true, ""j6"": true, ""j7"": true, ""accel"": true, ""gyro"": true, ""imu2"": true}",26822.0,4490.0,2.0,0.15978674867327008,0.0,0
1.1226,grasp,-0.3595,0.3638,1.1128,0.0,0.0,0.0,1.0,0.0,1.0,0.0,1,-0.35972043554673916,0.3636037007171241,1.1131716329677515,-4.184110604987801e-06,9.363574935278285e-07,1.1752831951122866e-06,0.9999999999901176,-0.3595,0.3638,1.1128,0.7929,ASSIST,tag_0,1.0,1.0,0,[1.0],"[""tag_0""]",1,"{""j1"": true, ""j2"": true, ""j3"": true, ""j4"": true, ""j5"": true, ""j6"": true, ""j7"": true, ""accel"": true, ""gyro"": true, ""imu2"": true}",26822.0,4490.0,2.0,0.15978674867327008,0.0,0
1.1284,grasp,-0.3595,0.3638,1.1128,0.0,0.0,0.0,1.0,0.0,1.0,0.0,1,-0.35972043554673916,0.3636037007171241,1.1131716329677515,-4.184110604987801e-06,9.363574935278285e-07,1.1752831951122866e-06,0.9999999999901176,-0.3595,0.3638,1.1128,0.7929,ASSIST,tag_0,1.0,1.0,0,[1.0],"[""tag_0""]",1,"{""j1"": true, ""j2"": true, ""j3"": true, ""j4"": true, ""j5"": true, ""j6"": true, ""j7"": true, ""accel"": true, ""gyro"": true, ""imu2"": true}",26822.0,4490.0,2.0,0.15978674867327008,0.0,0
1.1324,grasp,-0.3595,0.3638,1.1128,0.0,0.0,0.0,1.0,0.0,1.0,0.0,1,-0.35972043554673916,0.3636037007171241,1.1131716329677515,-4.184110604987801e-06,9.363574935278285e-07,1.1752831951122866e-06,0.9999999999901176,-0.3595,0.3638,1.1128,0.7929,ASSIST,tag_0,1.0,1.0,0,[1.0],"[""tag_0""]",1,"{""j1"": true, ""j2"": true, ""j3"": true, ""j4"": true, ""j5"": true, ""j6"": true, ""j7"": true, ""accel"": true, ""gyro"": true, ""imu2"": true}",26822.0,4490.0,2.0,0.15978674867327008,0.0,0
1.134,grasp,-0.3595,0.3638,1.1128,0.0,0.0,0.0,1.0,0.0,1.0,0.0,1,-0.35972043554673916,0.3636037007171241,1.1131716329677515,-4.184110604987801e-06,9.363574935278285e-07,1.1752831951122866e-06,0.9999999999901176,-0.3595,0.3638,1.1128,0.7929,ASSIST,tag_0,1.0,1.0,0,[1.0],"[""tag_0""]",1,"{""j1"": true, ""j2"": true, ""j3"": true, ""j4"": true, ""j5"": true, ""j6"": true, ""j7"": true, ""accel"": true, ""gyro"": true, ""imu2"": true}",26822.0,4490.0,2.0,0.15978674867327008,0.0,0
1.138,grasp,-0.3595,0.3638,1.1128,0.0,0.0,0.0,1.0,0.0,1.0,0.0,1,-0.35972043554673916,0.3636037007171241,1.1131716329677515,-4.184110604987801e-06,9.363574935278285e-07,1.1752831951122866e-06,0.9999999999901176,-0.3595,0.3638,1.1128,0.7929,ASSIST,tag_0,1.0,1.0,0,[1.0],"[""tag_0""]",1,"{""j1"": true, ""j2"": true, ""j3"": true, ""j4"": true, ""j5"": true, ""j6"": true, ""j7"": true, ""accel"": true, ""gyro"": true, ""imu2"": true}",26822.0,4490.0,2.0,0.15978674867327008,0.0,0
1.1386,grasp,-0.3595,0.3638,1.1128,0.0,0.0,0.0,1.0,0.0,1.0,0.0,1,-0.35972043554673916,0.3636037007171241,1.1131716329677515,-4.184110604987801e-06,9.363574935278285e-07,1.1752831951122866e-06,0.9999999999901176,-0.3595,0.3638,1.1128,0.7929,ASSIST,tag_0,1.0,1.0,0,[1.0],"[""tag_0""]",1,"{""j1"": true, ""j2"": true, ""j3"": true, ""j4"": true, ""j5"": true, ""j6"": true, ""j7"": true, ""accel"": true, ""gyro"": true, ""imu2"": true}",26822.0,4490.0,2.0,0.15978674867327008,0.0,0
1.1389,grasp,-0.3595,0.3638,1.1128,0.0,0.0,0.0,1.0,0.0,1.0,0.0,1,-0.35972043554673916,0.3636037007171241,1.1131716329677515,-4.184110604987801e-06,9.363574935278285e-07,1.1752831951122866e-06,0.9999999999901176,-0.3595,0.3638,1.1128,0.7929,ASSIST,tag_0,1.0,1.0,0,[1.0],"[""tag_0""]",1,"{""j1"": true, ""j2"": true, ""j3"": true, ""j4"": true, ""j5"": true, ""j6"": true, ""j7"": true, ""accel"": true, ""gyro"": true, ""imu2"": true}",26822.0,4490.0,2.0,0.15978674867327008,0.0,0
1.1417,grasp,-0.3595,0.3638,1.1128,0.0,0.0,0.0,1.0,0.0,1.0,0.0,1,-0.35972043554673916,0.3636037007171241,1.1131716329677515,-4.184110604987801e-06,9.363574935278285e-07,1.1752831951122866e-06,0.9999999999901176,-0.3595,0.3638,1.1128,0.7929,ASSIST,tag_0,1.0,1.0,0,[1.0],"[""tag_0""]",1,"{""j1"": true, ""j2"": true, ""j3"": true, ""j4"": true, ""j5"": true, ""j6"": true, ""j7"": true, ""accel"": true, ""gyro"": true, ""imu2"": true}",26823.0,4490.0,2.0,0.15999794855415267,0.0,0
1.1426,grasp,-0.3595,0.3638,1.1128,0.0,0.0,0.0,1.0,0.0,1.0,0.0,1,-0.35972043554673916,0.3636037007171241,1.1131716329677515,-4.184110604987801e-06,9.363574935278285e-07,1.1752831951122866e-06,0.9999999999901176,-0.3595,0.3638,1.1128,0.7929,ASSIST,tag_0,1.0,1.0,0,[1.0],"[""tag_0""]",1,"{""j1"": true, ""j2"": true, ""j3"": true, ""j4"": true, ""j5"": true, ""j6"": true, ""j7"": true, ""accel"": true, ""gyro"": true, ""imu2"": true}",26823.0,4490.0,2.0,0.15999794855415267,0.0,0
1.1448,grasp,-0.3595,0.3638,1.1128,0.0,0.0,0.0,1.0,0.0,1.0,0.0,1,-0.35972043554673916,0.3636037007171241,1.1131716329677515,-4.184110604987801e-06,9.363574935278285e-07,1.1752831951122866e-06,0.9999999999901176,-0.3595,0.3638,1.1128,0.7929,ASSIST,tag_0,1.0,1.0,0,[1.0],"[""tag_0""]",1,"{""j1"": true, ""j2"": true, ""j3"": true, ""j4"": true, ""j5"": true, ""j6"": true, ""j7"": true, ""accel"": true, ""gyro"": true, ""imu2"": true}",26823.0,4490.0,2.0,0.15999794855415267,0.0,0
1.1503,grasp,-0.3595,0.3638,1.1128,0.0,0.0,0.0,1.0,0.0,1.0,0.0,1,-0.35972043554673916,0.3636037007171241,1.1131716329677515,-4.184110604987801e-06,9.363574935278285e-07,1.1752831951122866e-06,0.9999999999901176,-0.3595,0.3638,1.1128,0.7929,ASSIST,tag_0,1.0,1.0,0,[1.0],"[""tag_0""]",1,"{""j1"": true, ""j2"": true, ""j3"": true, ""j4"": true, ""j5"": true, ""j6"": true, ""j7"": true, ""accel"": true, ""gyro"": true, ""imu2"": true}",26823.0,4490.0,2.0,0.15999794855415267,0.0,0
1.1526,grasp,-0.3595,0.3638,1.1128,0.0,0.0,0.0,1.0,0.0,1.0,0.0,1,-0.35972043554673916,0.3636037007171241,1.1131716329677515,-4.184110604987801e-06,9.363574935278285e-07,1.1752831951122866e-06,0.9999999999901176,-0.3595,0.3638,1.1128,0.7929,ASSIST,tag_0,1.0,1.0,0,[1.0],"[""tag_0""]",1,"{""j1"": true, ""j2"": true, ""j3"": true, ""j4"": true, ""j5"": true, ""j6"": true, ""j7"": true, ""accel"": true, ""gyro"": true, ""imu2"": true}",26823.0,4490.0,2.0,0.15999794855415267,0.0,0
1.1541,grasp,-0.3595,0.3638,1.1128,0.0,0.0,0.0,1.0,0.0,1.0,0.0,1,-0.35972043554673916,0.3636037007171241,1.1131716329677515,-4.184110604987801e-06,9.363574935278285e-07,1.1752831951122866e-06,0.9999999999901176,-0.3595,0.3638,1.1128,0.7929,ASSIST,tag_0,1.0,1.0,0,[1.0],"[""tag_0""]",1,"{""j1"": true, ""j2"": true, ""j3"": true, ""j4"": true, ""j5"": true, ""j6"": true, ""j7"": true, ""accel"": true, ""gyro"": true, ""imu2"": true}",26823.0,4490.0,2.0,0.15999794855415267,0.0,0
1.1586,grasp,-0.3595,0.3638,1.1128,0.0,0.0,0.0,1.0,0.0,1.0,0.0,1,-0.35972043554673916,0.3636037007171241,1.1131716329677515,-4.184110604987801e-06,9.363574935278285e-07,1.1752831951122866e-06,0.9999999999901176,-0.3595,0.3638,1.1128,0.7929,ASSIST,tag_0,1.0,1.0,0,[1.0],"[""tag_0""]",1,"{""j1"": true, ""j2"": true, ""j3"": true, ""j4"": true, ""j5"": true, ""j6"": true, ""j7"": true, ""accel"": true, ""gyro"": true, ""imu2"": true}",26823.0,4490.0,2.0,0.15999794855415267,0.0,0
