t,segment,block,arm,rep,direction,speed,station,sample_index,l_j1,l_j2,l_j3,l_j4,l_j5,l_j6,l_j7,r_j1,r_j2,r_j3,r_j4,r_j5,r_j6,r_j7,l_ax,l_ay,l_az,l_gx,l_gy,l_gz,r_ax,r_ay,r_az,r_gx,r_gy,r_gz,fsr1,fsr2,btn1,btn2,left_cmd_x,left_cmd_y,left_cmd_z,right_cmd_x,right_cmd_y,right_cmd_z,left_cmd_qx,left_cmd_qy,left_cmd_qz,left_cmd_qw,right_cmd_qx,right_cmd_qy,right_cmd_qz,right_cmd_qw,left_ee_x,left_ee_y,left_ee_z,right_ee_x,right_ee_y,right_ee_z,left_joint_1,left_joint_2,left_joint_3,left_joint_4,left_joint_5,left_joint_6,left_joint_7,right_joint_1,right_joint_2,right_joint_3,right_joint_4,right_joint_5,right_joint_6,right_joint_7,left_clutch,right_clutch,left_scale,right_scale,left_elev_deg,right_elev_deg,left_azim_deg,right_azim_deg,left_reach_m,right_reach_m,left_elev_held,right_elev_held,left_frame_valid,right_frame_valid,left_n_dropouts,right_n_dropouts,left_data_age_s,right_data_age_s,position_mode,orientation_mode,left_channels_live,right_channels_live,left_ik_success,right_ik_success,left_ik_fail,right_ik_fail,left_guard_direct,right_guard_direct,left_guard_slewed,right_guard_slewed,left_guard_rejected,right_guard_rejected,left_min_clearance,right_min_clearance,left_real_joint_1,left_real_joint_2,left_real_joint_3,left_real_joint_4,left_real_joint_5,left_real_joint_6,left_real_joint_7,right_real_joint_1,right_real_joint_2,right_real_joint_3,right_real_joint_4,right_real_joint_5,right_real_joint_6,right_real_joint_7,left_real_ee_x,left_real_ee_y,left_real_ee_z,right_real_ee_x,right_real_ee_y,right_real_ee_z,real_bridge_enabled,real_session_connected,t_mono,master_seq_left,master_seq_right,n_rejected_raw,estop
1788271844.5684,G_left_centre_left_right,G,left,0,left_right,,centre,0,141.7000,344.2000,59.3000,217.1000,218.9000,0.0000,344.9000,314.8000,23.7000,0.0000,169.3000,0.0000,114.4000,0.0000,0.31100,-0.15200,0.88800,4.22000,0.22000,4.54000,-0.94700,-0.03900,0.21300,1.69000,-2.04000,1.40000,15.2,6.0,1.0,0.0,0.736365,0.321979,1.317856,-0.731209,0.338838,1.182797,-0.089600,0.486000,0.869300,0.003200,0.133500,0.542300,0.828800,0.034500,0.736381,0.321978,1.317918,-0.731285,0.338885,1.182786,1.107827,0.751925,2.281445,-1.648594,-1.983310,-0.711647,-0.558336,1.962061,-1.264541,1.600815,-1.454752,2.675586,0.126881,2.490922,1,1,1.0000,1.0000,-16.5098,-64.7969,-11.6000,-28.2000,0.040000,0.268949,0,0,1,1,0,0,0.0000,0.0000,,,,,1493,1493,0,0,1433,1444,60,36,0,13,0.53055,0.54003,,,,,,,,,,,,,,,,,,,,,,,140341.0913,906,906,0,0
1788271844.5935,G_left_centre_left_right,G,left,0,left_right,,centre,1,141.7000,344.2000,59.3000,217.1000,218.9000,0.0000,344.9000,314.8000,23.6000,0.0000,169.4000,0.0000,113.5000,0.0000,0.31900,-0.16400,0.90000,5.92000,-0.28000,3.75000,-0.95900,-0.03900,0.22700,1.62000,-2.40000,1.79000,14.7,8.8,1.0,0.0,0.736360,0.321978,1.317838,-0.731226,0.338847,1.182789,-0.089600,0.486000,0.869300,0.003200,0.133500,0.542300,0.828800,0.034500,0.736381,0.321978,1.317918,-0.731285,0.338885,1.182786,1.107871,0.751979,2.281430,-1.648582,-1.983243,-0.711656,-0.558347,1.962046,-1.264551,1.600817,-1.454764,2.675571,0.126881,2.490933,1,1,1.0000,1.0000,-16.3253,-64.8510,-11.6000,-28.2000,0.040000,0.268918,0,0,1,1,0,0,0.0000,0.0000,,,,,1493,1493,0,0,1433,1444,60,36,0,13,0.53055,0.54003,,,,,,,,,,,,,,,,,,,,,,,140341.1163,907,907,0,0
1788271844.6140,G_left_centre_left_right,G,left,0,left_right,,centre,2,141.7000,344.2000,59.3000,217.1000,218.9000,0.0000,344.9000,314.8000,23.7000,0.0000,169.4000,0.0000,112.9000,0.0000,0.33900,-0.19000,0.90600,9.99000,-0.60000,-1.55000,-0.95300,-0.02700,0.21800,0.53000,-2.98000,2.29000,15.5,8.1,1.0,0.0,0.736367,0.321975,1.317863,-0.731479,0.338983,1.182658,-0.089600,0.486000,0.869300,0.003200,0.133500,0.542300,0.828800,0.034500,0.736381,0.321978,1.317918,-0.731285,0.338885,1.182786,1.107901,0.752003,2.281412,-1.648572,-1.983227,-0.711662,-0.558354,1.962023,-1.264565,1.600793,-1.454848,2.675541,0.126808,2.490960,1,1,1.0000,1.0000,-15.4064,-65.5233,-11.6000,-28.2000,0.040000,0.268920,0,0,1,1,0,0,0.0000,0.0000,,,,,1494,1494,0,0,1434,1445,60,36,0,13,0.53055,0.53958,,,,,,,,,,,,,,,,,,,,,,,140341.1368,908,908,0,0
1788271844.6312,G_left_centre_left_right,G,left,0,left_right,,centre,3,141.7000,344.2000,59.3000,217.1000,218.9000,0.0000,344.8000,314.8000,23.7000,0.0000,169.3000,0.0000,112.2000,0.0000,0.34200,-0.20500,0.90200,15.49000,-0.78000,-7.50000,-0.95000,-0.03200,0.21300,-1.00000,-3.14000,2.34000,15.9,7.1,1.0,0.0,0.736377,0.321972,1.317897,-0.731577,0.339036,1.182604,-0.089600,0.486000,0.869300,0.003200,0.133500,0.542300,0.828800,0.034500,0.736381,0.321978,1.317918,-0.731285,0.338885,1.182786,1.107966,0.752077,2.281350,-1.648563,-1.983140,-0.711644,-0.558342,1.962007,-1.264575,1.600750,-1.455004,2.675494,0.126623,2.491006,1,1,1.0000,1.0000,-15.1981,-65.2131,-11.6000,-28.2000,0.040000,0.268949,0,0,1,1,0,0,0.0000,0.0000,,,,,1496,1496,0,0,1436,1447,60,36,0,13,0.53055,0.53958,,,,,,,,,,,,,,,,,,,,,,,140341.1540,909,909,0,0
1788271844.6485,G_left_centre_left_right,G,left,0,left_right,,centre,4,141.7000,344.2000,59.3000,217.1000,218.9000,0.0000,344.8000,314.8000,23.7000,0.0000,169.3000,0.0000,111.6000,0.0000,0.37800,-0.19800,0.90700,21.21000,2.95000,-15.26000,-0.95200,-0.04400,0.22300,-1.44000,-3.24000,2.41000,16.2,7.0,1.0,0.0,0.736414,0.321963,1.318042,-0.731463,0.338975,1.182664,-0.089600,0.486000,0.869300,0.003200,0.133500,0.542300,0.828800,0.034500,0.736363,0.321977,1.317849,-0.731243,0.338855,1.182796,1.107968,0.752063,2.281302,-1.648579,-1.983187,-0.711604,-0.558304,1.962025,-1.264580,1.600805,-1.454876,2.675479,0.126782,2.491008,1,1,1.0000,1.0000,-13.3520,-64.5379,-11.6000,-28.2000,0.040000,0.268949,0,0,1,1,0,0,0.0000,0.0000,,,,,1497,1497,0,0,1437,1448,60,36,0,13,0.53055,0.53958,,,,,,,,,,,,,,,,,,,,,,,140341.1713,910,910,0,0
1788271844.6691,G_left_centre_left_right,G,left,0,left_right,,centre,5,141.7000,344.2000,59.3000,217.1000,218.9000,0.0000,344.8000,314.8000,23.7000,0.0000,169.3000,0.0000,111.6000,0.0000,0.37800,-0.19800,0.90700,21.21000,2.95000,-15.26000,-0.95200,-0.04400,0.22300,-1.44000,-3.24000,2.41000,16.1,6.3,1.0,0.0,0.736414,0.321963,1.318042,-0.731463,0.338975,1.182664,-0.089600,0.486000,0.869300,0.003200,0.133500,0.542300,0.828800,0.034500,0.736363,0.321977,1.317849,-0.731243,0.338855,1.182796,1.107944,0.752010,2.281246,-1.648611,-1.983272,-0.711544,-0.558243,1.962058,-1.264587,1.600972,-1.454427,2.675467,0.127259,2.490994,1,1,1.0000,1.0000,-13.3520,-64.5379,-11.6000,-28.2000,0.040000,0.268949,0,0,1,1,0,0,0.0000,0.0000,,,,,1497,1497,0,0,1437,1448,60,36,0,13,0.53055,0.53958,,,,,,,,,,,,,,,,,,,,,,,140341.1919,910,910,0,0
1788271844.6894,G_left_centre_left_right,G,left,0,left_right,,centre,6,141.7000,344.2000,59.3000,217.1000,218.9000,0.0000,344.9000,314.8000,23.7000,0.0000,169.2000,0.0000,110.8000,0.0000,0.26300,-0.13900,0.89000,24.10000,5.66000,-15.92000,-0.93100,-0.04900,0.20600,0.84000,-2.13000,-0.34000,16.1,6.2,1.0,0.0,0.736352,0.321973,1.317842,-0.730596,0.338510,1.183124,-0.089600,0.486000,0.869300,0.003200,0.133500,0.542300,0.828800,0.034500,0.736363,0.321977,1.317849,-0.731243,0.338855,1.182796,1.107923,0.751974,2.281222,-1.648632,-1.983317,-0.711513,-0.558209,1.962071,-1.264591,1.601090,-1.453924,2.675454,0.127807,2.490995,1,1,1.0000,1.0000,-19.2803,-64.1475,-11.6000,-28.2000,0.040000,0.268979,0,0,1,1,0,0,0.0000,0.0000,,,,,1499,1499,0,0,1439,1450,60,36,0,13,0.53053,0.53954,,,,,,,,,,,,,,,,,,,,,,,140341.2123,912,912,0,0
1788271844.7088,G_left_centre_left_right,G,left,0,left_right,,centre,7,141.7000,344.2000,59.3000,217.1000,218.9000,0.0000,344.9000,314.8000,23.7000,0.0000,169.2000,0.0000,110.8000,0.0000,0.26300,-0.13900,0.89000,24.10000,5.66000,-15.92000,-0.93100,-0.04900,0.20600,0.84000,-2.13000,-0.34000,15.1,5.7,1.0,0.0,0.736352,0.321973,1.317842,-0.730596,0.338510,1.183124,-0.089600,0.486000,0.869300,0.003200,0.133500,0.542300,0.828800,0.034500,0.736363,0.321977,1.317849,-0.731243,0.338855,1.182796,1.107902,0.751931,2.281182,-1.648657,-1.983423,-0.711467,-0.558162,1.962057,-1.264589,1.601037,-1.453909,2.675443,0.127884,2.491015,1,1,1.0000,1.0000,-19.2803,-64.1475,-11.6000,-28.2000,0.040000,0.268979,0,0,1,1,0,0,0.0000,0.0000,,,,,1499,1499,0,0,1439,1450,60,36,0,13,0.53053,0.53954,,,,,,,,,,,,,,,,,,,,,,,140341.2317,912,912,0,0
1788271844.7295,G_left_centre_left_right,G,left,0,left_right,,centre,8,141.7000,344.2000,59.3000,217.1000,218.9000,0.0000,345.0000,314.8000,23.7000,0.0000,169.1000,0.0000,110.1000,0.0000,0.24100,-0.10500,0.87400,18.21000,-2.49000,-7.77000,-0.94600,-0.03000,0.21000,-0.26000,-2.76000,0.08000,15.6,5.2,1.0,0.0,0.736183,0.322005,1.317308,-0.730880,0.338662,1.182962,-0.089600,0.486000,0.869300,0.003200,0.133500,0.542300,0.828800,0.034500,0.736407,0.321966,1.318001,-0.731402,0.338969,1.182566,1.107885,0.751850,2.281088,-1.648693,-1.983567,-0.711375,-0.558066,1.961986,-1.264578,1.600722,-1.454516,2.675399,0.127425,2.491109,1,1,1.0000,1.0000,-20.2191,-65.3165,-11.6000,-28.2000,0.040000,0.269008,0,0,1,1,0,0,0.0000,0.0000,,,,,1501,1501,0,0,1441,1452,60,36,0,13,0.53057,0.53970,,,,,,,,,,,,,,,,,,,,,,,140341.2523,914,914,0,0
1788271844.7496,G_left_centre_left_right,G,left,0,left_right,,centre,9,141.7000,344.2000,59.3000,217.1000,218.9000,0.0000,345.0000,314.8000,23.7000,0.0000,169.1000,0.0000,110.1000,0.0000,0.24100,-0.10500,0.87400,18.21000,-2.49000,-7.77000,-0.94600,-0.03000,0.21000,-0.26000,-2.76000,0.08000,15.6,5.2,1.0,0.0,0.736183,0.322005,1.317308,-0.730880,0.338662,1.182962,-0.089600,0.486000,0.869300,0.003200,0.133500,0.542300,0.828800,0.034500,0.736407,0.321966,1.318001,-0.731402,0.338969,1.182566,1.107955,0.751970,2.281115,-1.648650,-1.983386,-0.711438,-0.558123,1.961968,-1.264577,1.600621,-1.454974,2.675387,0.126898,2.491133,1,1,1.0000,1.0000,-20.2191,-65.3165,-11.6000,-28.2000,0.040000,0.269008,0,0,1,1,0,0,0.0000,0.0000,,,,,1501,1501,0,0,1441,1452,60,36,0,13,0.53057,0.53970,,,,,,,,,,,,,,,,,,,,,,,140341.2724,914,914,0,0
1788271844.7742,G_left_centre_left_right,G,left,0,left_right,,centre,10,141.7000,344.2000,59.3000,217.1000,218.9000,0.0000,345.0000,314.8000,23.7000,0.0000,169.1000,0.0000,110.3000,0.0000,0.39600,-0.11000,0.87700,16.12000,-6.55000,-8.33000,-0.91700,-0.03100,0.20500,-5.76000,-1.60000,0.32000,15.0,5.7,1.0,0.0,0.735889,0.322062,1.316711,-0.731209,0.338839,1.182776,-0.089600,0.486000,0.869300,0.003200,0.133500,0.542300,0.828800,0.034500,0.736407,0.321966,1.318001,-0.731402,0.338969,1.182566,1.108200,0.752408,2.281204,-1.648497,-1.982692,-0.711651,-0.558313,1.961935,-1.264578,1.600446,-1.456125,2.675357,0.125333,2.491183,1,1,1.0000,1.0000,-11.4048,-65.2044,-11.6000,-28.2000,0.040000,0.269008,0,0,1,1,0,0,0.0000,0.0000,,,,,1503,1503,0,0,1443,1454,60,36,0,13,0.53057,0.53970,,,,,,,,,,,,,,,,,,,,,,,140341.2970,916,916,0,0
1788271844.7887,G_left_centre_left_right,G,left,0,left_right,,centre,11,141.7000,344.2000,59.3000,217.1000,218.9000,0.0000,345.0000,314.8000,23.7000,0.0000,169.1000,0.0000,111.5000,0.0000,0.32700,-0.08400,0.88700,14.60000,-4.30000,-8.35000,-0.95400,-0.06200,0.21400,-3.72000,0.13000,-0.74000,15.5,6.3,1.0,0.0,0.735925,0.322054,1.316804,-0.730616,0.338520,1.183096,-0.089600,0.486000,0.869300,0.003200,0.133500,0.542300,0.828800,0.034500,0.736245,0.321983,1.317574,-0.731046,0.338720,1.183010,1.108466,0.752871,2.281330,-1.648313,-1.981998,-0.711895,-0.558504,1.961932,-1.264585,1.600441,-1.456351,2.675339,0.124518,2.491194,1,1,1.0000,1.0000,-15.3352,-63.4690,-11.6000,-28.2000,0.040000,0.269008,0,0,1,1,0,0,0.0000,0.0000,,,,,1504,1504,0,0,1444,1455,60,36,0,13,0.53057,0.53932,,,,,,,,,,,,,,,,,,,,,,,140341.3115,917,917,0,0
1788271844.8086,G_left_centre_left_right,G,left,0,left_right,,centre,12,141.7000,344.2000,59.3000,217.1000,218.9000,0.0000,345.0000,314.8000,23.7000,0.0000,169.1000,0.0000,112.1000,0.0000,0.32700,-0.06300,0.88500,11.02000,-4.09000,-5.16000,-0.93800,-0.03500,0.19400,-1.03000,-0.24000,-1.09000,15.9,6.2,1.0,0.0,0.735966,0.322045,1.316915,-0.730688,0.338559,1.183053,-0.089600,0.486000,0.869300,0.003200,0.133500,0.542300,0.828800,0.034500,0.736245,0.321983,1.317574,-0.731046,0.338720,1.183010,1.108725,0.753857,2.281450,-1.648141,-1.980571,-0.712257,-0.558647,1.961939,-1.264596,1.600496,-1.456146,2.675320,0.124333,2.491195,1,1,1.0000,1.0000,-15.1999,-64.9438,-11.6000,-28.2000,0.040000,0.269008,0,0,1,1,0,0,0.0000,0.0000,,,,,1505,1505,0,0,1445,1456,60,36,0,13,0.53043,0.53932,,,,,,,,,,,,,,,,,,,,,,,140341.3314,918,918,0,0
1788271844.8295,G_left_centre_left_right,G,left,0,left_right,,centre,13,141.7000,344.2000,59.3000,217.1000,218.9000,0.0000,345.0000,314.8000,23.7000,0.0000,169.1000,0.0000,112.0000,0.0000,0.33700,-0.08100,0.90600,7.63000,-2.92000,-3.69000,-0.94900,-0.04000,0.21200,0.79000,0.04000,1.95000,16.1,6.2,1.0,0.0,0.736004,0.322037,1.317018,-0.730711,0.338572,1.183036,-0.089600,0.486000,0.869300,0.003200,0.133500,0.542300,0.828800,0.034500,0.736245,0.321983,1.317574,-0.731046,0.338720,1.183010,1.108813,0.754300,2.281493,-1.648080,-1.979743,-0.712374,-0.558680,1.961929,-1.264598,1.600514,-1.455933,2.675307,0.124763,2.491209,1,1,1.0000,1.0000,-15.1489,-64.7385,-11.6000,-28.2000,0.040000,0.269008,0,0,1,1,0,0,0.0000,0.0000,,,,,1506,1506,0,0,1446,1457,60,36,0,13,0.53043,0.53932,,,,,,,,,,,,,,,,,,,,,,,140341.3524,919,919,0,0
1788271844.8568,G_left_centre_left_right,G,left,0,left_right,,centre,14,141.7000,344.2000,59.3000,217.1000,218.9000,0.0000,345.0000,314.8000,23.7000,0.0000,169.2000,0.0000,111.7000,0.0000,0.33900,-0.09200,0.89100,6.36000,-1.22000,-2.42000,-0.94100,-0.04000,0.20800,0.55000,0.63000,2.21000,16.1,5.9,1.0,0.0,0.736045,0.322028,1.317134,-0.730724,0.338579,1.183028,-0.089600,0.486000,0.869300,0.003200,0.133500,0.542300,0.828800,0.034500,0.735665,0.321977,1.316977,-0.731013,0.338722,1.182931,1.108831,0.754313,2.281485,-1.648069,-1.979532,-0.712358,-0.558652,1.961909,-1.264599,1.600425,-1.455969,2.675291,0.125573,2.491235,1,1,1.0000,1.0000,-14.7764,-64.7112,-11.6000,-28.2000,0.040000,0.268979,0,0,1,1,0,0,0.0000,0.0000,,,,,1507,1507,0,0,1447,1458,60,36,0,13,0.53043,0.53932,,,,,,,,,,,,,,,,,,,,,,,140341.3796,920,920,0,0
1788271844.8685,G_left_centre_left_right,G,left,0,left_right,,centre,15,141.7000,344.2000,59.3000,217.1000,218.9000,0.0000,345.0000,314.8000,23.7000,0.0000,169.3000,0.0000,111.8000,0.0000,0.32300,-0.09400,0.90800,5.40000,-0.72000,-1.61000,-0.95000,-0.03400,0.21200,-0.63000,2.04000,0.46000,16.3,5.4,1.0,0.0,0.736067,0.322023,1.317181,-0.730851,0.338646,1.182962,-0.089600,0.486000,0.869300,0.003200,0.133500,0.542300,0.828800,0.034500,0.735665,0.321977,1.316977,-0.731013,0.338722,1.182931,1.108837,0.754169,2.281436,-1.648076,-1.979906,-0.712301,-0.558596,1.961889,-1.264602,1.600347,-1.456145,2.675272,0.126320,2.491261,1,1,1.0000,1.0000,-16.0202,-65.0926,-11.6000,-28.2000,0.040000,0.268949,0,0,1,1,0,0,0.0000,0.0000,,,,,1508,1508,0,0,1448,1459,60,36,0,13,0.53001,0.53935,,,,,,,,,,,,,,,,,,,,,,,140341.3913,921,921,0,0
1788271844.8885,G_left_centre_left_right,G,left,0,left_right,,centre,16,141.7000,344.2000,59.3000,217.1000,218.9000,0.0000,345.0000,314.8000,23.7000,0.0000,169.3000,0.0000,112.9000,0.0000,0.30500,-0.08800,0.90000,4.04000,-1.04000,-1.52000,-0.95600,-0.03500,0.20800,-0.73000,2.36000,0.12000,16.8,5.3,1.0,0.0,0.736075,0.322021,1.317185,-0.730933,0.338691,1.182919,-0.089600,0.486000,0.869300,0.003200,0.133500,0.542300,0.828800,0.034500,0.735665,0.321977,1.316977,-0.731013,0.338722,1.182931,1.108837,0.754090,2.281404,-1.648084,-1.980188,-0.712265,-0.558564,1.961870,-1.264607,1.600275,-1.456306,2.675247,0.126605,2.491290,1,1,1.0000,1.0000,-16.8561,-65.0284,-11.6000,-28.2000,0.040000,0.268949,0,0,1,1,0,0,0.0000,0.0000,,,,,1509,1509,0,0,1449,1460,60,36,0,13,0.53001,0.53935,,,,,,,,,,,,,,,,,,,,,,,140341.4113,922,922,0,0
1788271844.9101,G_left_centre_left_right,G,left,0,left_right,,centre,17,141.7000,344.2000,59.3000,217.1000,218.9000,0.0000,345.0000,314.8000,23.7000,0.0000,169.3000,0.0000,113.8000,0.0000,0.31800,-0.09200,0.89400,2.18000,-1.02000,-1.07000,-0.93700,-0.04000,0.22500,-0.25000,2.64000,0.27000,17.6,5.2,1.0,0.0,0.736092,0.322017,1.317224,-0.730940,0.338694,1.182916,-0.089600,0.486000,0.869300,0.003200,0.133500,0.542300,0.828800,0.034500,0.735665,0.321977,1.316977,-0.731013,0.338722,1.182931,1.108818,0.753811,2.281287,-1.648125,-1.981092,-0.712122,-0.558459,1.961863,-1.264611,1.600245,-1.456395,2.675227,0.126234,2.491309,1,1,1.0000,1.0000,-16.0191,-64.7430,-11.6000,-28.2000,0.040000,0.268949,0,0,1,1,0,0,0.0000,0.0000,,,,,1510,1510,0,0,1450,1461,60,36,0,13,0.53001,0.53935,,,,,,,,,,,,,,,,,,,,,,,140341.4330,923,923,0,0
1788271844.9488,G_left_centre_left_right,G,left,0,left_right,,centre,18,141.7000,344.2000,59.3000,217.1000,218.9000,0.0000,345.0000,314.8000,23.9000,0.0000,169.3000,0.0000,113.9000,0.0000,0.32200,-0.09600,0.89400,1.03000,-0.34000,-1.03000,-0.93400,-0.03500,0.21500,1.05000,2.27000,-0.30000,17.2,5.7,1.0,0.0,0.736114,0.322012,1.317276,-0.731021,0.338738,1.182873,-0.089600,0.486000,0.869300,0.003200,0.133500,0.542300,0.828800,0.034500,0.736019,0.322030,1.317112,-0.730802,0.338617,1.183023,1.108802,0.753597,2.281199,-1.648157,-1.981597,-0.712014,-0.558389,1.961863,-1.264617,1.600252,-1.456370,2.675207,0.125574,2.491323,1,1,1.0000,1.0000,-15.8092,-65.0168,-11.6000,-28.2000,0.040000,0.268953,0,0,1,1,0,0,0.0000,0.0000,,,,,1511,1511,0,0,1451,1462,60,36,0,13,0.53001,0.53927,,,,,,,,,,,,,,,,,,,,,,,140341.4717,924,924,0,0
1788271844.9500,G_left_centre_left_right,G,left,0,left_right,,centre,19,141.7000,344.2000,59.3000,217.1000,218.9000,0.0000,345.0000,314.8000,23.9000,0.0000,169.3000,0.0000,113.9000,0.0000,0.32200,-0.09600,0.89400,1.03000,-0.34000,-1.03000,-0.93400,-0.03500,0.21500,1.05000,2.27000,-0.30000,17.2,5.7,1.0,0.0,0.736114,0.322012,1.317276,-0.731021,0.338738,1.182873,-0.089600,0.486000,0.869300,0.003200,0.133500,0.542300,0.828800,0.034500,0.736019,0.322030,1.317112,-0.730802,0.338617,1.183023,1.108802,0.753597,2.281199,-1.648157,-1.981597,-0.712014,-0.558389,1.961863,-1.264617,1.600252,-1.456370,2.675207,0.125574,2.491323,1,1,1.0000,1.0000,-15.8092,-65.0168,-11.6000,-28.2000,0.040000,0.268953,0,0,1,1,0,0,0.0000,0.0000,,,,,1511,1511,0,0,1451,1462,60,36,0,13,0.53001,0.53927,,,,,,,,,,,,,,,,,,,,,,,140341.4729,924,924,0,0
1788271844.9690,G_left_centre_left_right,G,left,0,left_right,,centre,20,141.7000,344.2000,59.3000,217.1000,218.9000,0.0000,345.0000,314.8000,23.7000,0.0000,169.3000,0.0000,112.8000,0.0000,0.32700,-0.10500,0.88600,0.89000,0.75000,-2.21000,-0.94000,-0.03000,0.22800,-0.27000,1.74000,-1.62000,14.4,6.1,1.0,0.0,0.736151,0.322004,1.317368,-0.731373,0.338926,1.182689,-0.089600,0.486000,0.869300,0.003200,0.133500,0.542300,0.828800,0.034500,0.736019,0.322030,1.317112,-0.730802,0.338617,1.183023,1.108763,0.753423,2.281107,-1.648210,-1.981767,-0.711900,-0.558325,1.961872,-1.264628,1.600314,-1.456200,2.675163,0.124825,2.491347,1,1,1.0000,1.0000,-15.4010,-65.3446,-11.6000,-28.2000,0.040000,0.268949,0,0,1,1,0,0,0.0000,0.0000,,,,,1513,1513,0,0,1453,1464,60,36,0,13,0.53022,0.53927,,,,,,,,,,,,,,,,,,,,,,,140341.4919,926,926,0,0
1788271844.9981,G_left_centre_left_right,G,left,0,left_right,,centre,21,141.7000,344.2000,59.3000,217.1000,218.9000,0.0000,345.0000,314.8000,23.7000,0.0000,169.3000,0.0000,112.4000,0.0000,0.33000,-0.10400,0.88500,0.96000,1.16000,-3.82000,-0.94600,-0.03500,0.22900,-1.51000,1.24000,-1.76000,14.8,5.5,1.0,0.0,0.736173,0.321999,1.317430,-0.731427,0.338955,1.182660,-0.089600,0.486000,0.869300,0.003200,0.133500,0.542300,0.828800,0.034500,0.736127,0.322012,1.317295,-0.731036,0.338739,1.182892,1.108703,0.753254,2.281017,-1.648275,-1.981997,-0.711781,-0.558255,1.961911,-1.264640,1.600490,-1.455770,2.675141,0.125568,2.491335,1,1,1.0000,1.0000,-15.2069,-65.0615,-11.6000,-28.2000,0.040000,0.268949,0,0,1,1,0,0,0.0000,0.0000,,,,,1514,1514,0,0,1454,1465,60,36,0,13,0.53022,0.53927,,,,,,,,,,,,,,,,,,,,,,,140341.5209,927,927,0,0
1788271845.0449,G_left_centre_left_right,G,left,0,left_right,,centre,22,141.7000,344.2000,59.3000,217.1000,218.9000,0.0000,345.0000,314.8000,23.7000,0.0000,169.5000,0.0000,112.2000,0.0000,0.32600,-0.11300,0.87600,1.05000,1.02000,-5.38000,-0.93700,-0.02600,0.22800,-2.53000,0.39000,-2.05000,15.1,5.9,1.0,0.0,0.736195,0.321994,1.317491,-0.731706,0.339105,1.182521,-0.089600,0.486000,0.869300,0.003200,0.133500,0.542300,0.828800,0.034500,0.736127,0.322012,1.317295,-0.731036,0.338739,1.182892,1.108703,0.753254,2.281017,-1.648275,-1.981997,-0.711781,-0.558255,1.961911,-1.264640,1.600490,-1.455770,2.675141,0.125568,2.491335,1,1,1.0000,1.0000,-15.2829,-65.5769,-11.6000,-28.2000,0.040000,0.268890,0,0,1,1,0,0,0.0000,0.0000,,,,,1514,1514,0,0,1454,1465,60,36,0,13,0.53022,0.53927,,,,,,,,,,,,,,,,,,,,,,,140341.5677,928,928,0,0
1788271845.0604,G_left_centre_left_right,G,left,0,left_right,,centre,23,141.7000,344.2000,59.3000,217.1000,218.9000,0.0000,345.0000,314.8000,23.7000,0.0000,169.5000,0.0000,113.0000,0.0000,0.32500,-0.10900,0.89500,1.27000,1.43000,-5.89000,-0.94300,-0.02700,0.22300,-3.62000,0.18000,-2.24000,15.1,5.9,1.0,0.0,0.736209,0.321991,1.317524,-0.731918,0.339218,1.182416,-0.089600,0.486000,0.869300,0.003200,0.133500,0.542300,0.828800,0.034500,0.736127,0.322012,1.317295,-0.731036,0.338739,1.182892,1.108683,0.753206,2.280985,-1.648296,-1.982064,-0.711743,-0.558228,1.961928,-1.264644,1.600572,-1.455550,2.675135,0.125916,2.491327,1,1,1.0000,1.0000,-15.7110,-65.5208,-11.6000,-28.2000,0.040000,0.268890,0,0,1,1,0,0,0.0000,0.0000,,,,,1515,1515,0,0,1455,1466,60,36,0,13,0.53032,0.53934,,,,,,,,,,,,,,,,,,,,,,,140341.5833,929,929,0,0
1788271845.0657,G_left_centre_left_right,G,left,0,left_right,,centre,24,141.7000,344.2000,59.3000,217.1000,218.9000,0.0000,345.0000,314.8000,23.7000,0.0000,170.0000,0.0000,114.1000,0.0000,0.32400,-0.10800,0.90400,1.12000,1.49000,-6.14000,-0.93700,-0.02700,0.22500,-3.58000,0.15000,-3.05000,13.3,6.0,1.0,0.0,0.736219,0.321989,1.317545,-0.732116,0.339325,1.182333,-0.089600,0.486000,0.869300,0.003200,0.133500,0.542300,0.828800,0.034500,0.736208,0.321993,1.317510,-0.731467,0.338986,1.182584,1.108665,0.753165,2.280958,-1.648315,-1.982123,-0.711708,-0.558204,1.961950,-1.264649,1.600681,-1.455231,2.675128,0.126345,2.491317,1,1,1.0000,1.0000,-15.9410,-65.5150,-11.6000,-28.2000,0.040000,0.268736,0,0,1,1,0,0,0.0000,0.0000,,,,,1516,1516,0,0,1456,1467,60,36,0,13,0.53032,0.53934,,,,,,,,,,,,,,,,,,,,,,,140341.5885,930,930,0,0
1788271845.0685,G_left_centre_left_right,G,left,0,left_right,,centre,25,141.7000,344.2000,59.3000,217.1000,218.9000,0.0000,345.0000,314.8000,23.7000,0.0000,170.0000,0.0000,114.0000,0.0000,0.31400,-0.11200,0.90500,1.24000,1.48000,-5.87000,-0.93900,-0.02900,0.22400,-3.46000,-0.11000,-3.30000,14.0,5.7,1.0,0.0,0.736221,0.321988,1.317540,-0.732242,0.339392,1.182285,-0.089600,0.486000,0.869300,0.003200,0.133500,0.542300,0.828800,0.034500,0.736208,0.321993,1.317510,-0.731467,0.338986,1.182584,1.108603,0.753021,2.280860,-1.648380,-1.982330,-0.711589,-0.558122,1.962025,-1.264660,1.601036,-1.454246,2.675116,0.127495,2.491276,1,1,1.0000,1.0000,-16.5352,-65.3981,-11.6000,-28.2000,0.040000,0.268736,0,0,1,1,0,0,0.0000,0.0000,,,,,1518,1518,0,0,1458,1469,60,36,0,13,0.53032,0.53934,,,,,,,,,,,,,,,,,,,,,,,140341.5913,931,931,0,0
1788271845.0918,G_left_centre_left_right,G,left,0,left_right,,centre,26,141.7000,344.2000,59.3000,217.1000,218.9000,0.0000,345.0000,314.8000,23.7000,0.0000,170.0000,0.0000,113.8000,0.0000,0.32100,-0.10000,0.89800,1.75000,1.47000,-5.89000,-0.93700,-0.02200,0.22300,-2.92000,0.02000,-2.70000,14.5,6.3,1.0,0.0,0.736231,0.321986,1.317560,-0.732575,0.339571,1.182133,-0.089600,0.486000,0.869300,0.003200,0.133500,0.542300,0.828800,0.034500,0.736208,0.321993,1.317510,-0.731467,0.338986,1.182584,1.108587,0.752951,2.280768,-1.648417,-1.982419,-0.711503,-0.558073,1.962175,-1.264662,1.601666,-1.452578,2.675116,0.129200,2.491196,1,1,1.0000,1.0000,-15.9606,-65.8098,-11.6000,-28.2000,0.040000,0.268736,0,0,1,1,0,0,0.0000,0.0000,,,,,1519,1519,0,0,1459,1470,60,36,0,13,0.53039,0.53972,,,,,,,,,,,,,,,,,,,,,,,140341.6146,932,932,0,0
1788271845.1214,G_left_centre_left_right,G,left,0,left_right,,centre,27,141.7000,344.2000,59.3000,217.1000,218.9000,0.0000,345.0000,314.8000,23.7000,0.0000,170.0000,0.0000,113.5000,0.0000,0.32600,-0.07500,0.90000,-0.11000,1.15000,-4.94000,-0.94200,-0.02500,0.22300,-2.85000,0.38000,-2.63000,13.1,6.0,1.0,0.0,0.736252,0.321981,1.317614,-0.732748,0.339664,1.182058,-0.089600,0.486000,0.869300,0.003200,0.133500,0.542300,0.828800,0.034500,0.736208,0.321993,1.317510,-0.731467,0.338986,1.182584,1.108598,0.752945,2.280730,-1.648422,-1.982427,-0.711474,-0.558064,1.962262,-1.264650,1.601987,-1.451747,2.675122,0.130007,2.491162,1,1,1.0000,1.0000,-15.8659,-65.6377,-11.6000,-28.2000,0.040000,0.268736,0,0,1,1,0,0,0.0000,0.0000,,,,,1520,1520,0,0,1460,1471,60,36,0,13,0.53039,0.53972,,,,,,,,,,,,,,,,,,,,,,,140341.6443,934,933,0,0
1788271845.1438,G_left_centre_left_right,G,left,0,left_right,,centre,28,141.7000,344.2000,59.3000,217.1000,218.9000,0.0000,345.0000,314.8000,23.7000,0.0000,170.0000,0.0000,115.1000,0.0000,0.32000,-0.08300,0.89700,-1.50000,1.50000,-4.84000,-0.94600,-0.03600,0.22300,-1.76000,1.04000,-1.91000,12.3,6.0,1.0,0.0,0.736260,0.321980,1.317629,-0.732793,0.339688,1.182055,-0.089600,0.486000,0.869300,0.003200,0.133500,0.542300,0.828800,0.034500,0.736233,0.321986,1.317566,-0.732176,0.339371,1.182207,1.108602,0.752923,2.280682,-1.648433,-1.982458,-0.711431,-0.558045,1.962349,-1.264635,1.602292,-1.451010,2.675135,0.130709,2.491123,1,1,1.0000,1.0000,-15.9277,-64.9949,-11.6000,-28.2000,0.040000,0.268736,0,0,1,1,0,0,0.0000,0.0000,,,,,1521,1521,0,0,1461,1472,60,36,0,13,0.53039,0.53972,,,,,,,,,,,,,,,,,,,,,,,140341.6667,935,935,0,0
1788271845.1505,G_left_centre_left_right,G,left,0,left_right,,centre,29,141.7000,344.2000,59.3000,217.1000,218.9000,0.0000,345.0000,314.8000,23.7000,0.0000,170.0000,0.0000,115.1000,0.0000,0.32000,-0.08300,0.89700,-1.50000,1.50000,-4.84000,-0.94600,-0.03600,0.22300,-1.76000,1.04000,-1.91000,12.3,6.0,1.0,0.0,0.736260,0.321980,1.317629,-0.732793,0.339688,1.182055,-0.089600,0.486000,0.869300,0.003200,0.133500,0.542300,0.828800,0.034500,0.736233,0.321986,1.317566,-0.732176,0.339371,1.182207,1.108603,0.752910,2.280658,-1.648440,-1.982480,-0.711409,-0.558033,1.962400,-1.264625,1.602467,-1.450581,2.675143,0.131145,2.491100,1,1,1.0000,1.0000,-15.9277,-64.9949,-11.6000,-28.2000,0.040000,0.268736,0,0,1,1,0,0,0.0000,0.0000,,,,,1522,1522,0,0,1462,1473,60,36,0,13,0.53041,0.54024,,,,,,,,,,,,,,,,,,,,,,,140341.6733,935,935,0,0
1788271845.1747,G_left_centre_left_right,G,left,0,left_right,,centre,30,141.7000,344.2000,59.3000,217.1000,218.9000,0.0000,345.0000,314.8000,23.7000,0.0000,170.0000,0.0000,115.8000,0.0000,0.31000,-0.08400,0.88900,-3.12000,1.58000,-4.08000,-0.94600,-0.03600,0.21300,-0.47000,1.39000,-1.82000,12.5,6.0,1.0,0.0,0.736262,0.321979,1.317627,-0.732742,0.339660,1.182090,-0.089600,0.486000,0.869300,0.003200,0.133500,0.542300,0.828800,0.034500,0.736233,0.321986,1.317566,-0.732176,0.339371,1.182207,1.108595,0.752864,2.280592,-1.648464,-1.982553,-0.711346,-0.557993,1.962537,-1.264595,1.602924,-1.449418,2.675166,0.132295,2.491044,1,1,1.0000,1.0000,-16.3430,-64.9719,-11.6000,-28.2000,0.040000,0.268736,0,0,1,1,0,0,0.0000,0.0000,,,,,1523,1523,0,0,1463,1474,60,36,0,13,0.53041,0.54024,,,,,,,,,,,,,,,,,,,,,,,140341.6975,936,936,0,0
1788271845.1905,G_left_centre_left_right,G,left,0,left_right,,centre,31,141.7000,344.2000,59.3000,217.1000,218.9000,0.0000,345.0000,314.8000,23.7000,0.0000,169.9000,0.0000,115.5000,0.0000,0.31000,-0.09700,0.89500,-4.69000,1.94000,-3.14000,-0.94900,-0.03400,0.21400,1.16000,1.18000,-1.66000,11.6,6.2,1.0,0.0,0.736261,0.321979,1.317617,-0.732722,0.339650,1.182106,-0.089600,0.486000,0.869300,0.003200,0.133500,0.542300,0.828800,0.034500,0.736233,0.321986,1.317566,-0.732176,0.339371,1.182207,1.108603,0.752851,2.280547,-1.648473,-1.982575,-0.711310,-0.557975,1.962601,-1.264576,1.603183,-1.448798,2.675176,0.132862,2.491025,1,1,1.0000,1.0000,-16.5127,-65.0971,-11.6000,-28.2000,0.040000,0.268767,0,0,1,1,0,0,0.0000,0.0000,,,,,1524,1524,0,0,1464,1475,60,36,0,13,0.53041,0.54024,,,,,,,,,,,,,,,,,,,,,,,140341.7134,937,937,0,0
1788271845.2127,G_left_centre_left_right,G,left,0,left_right,,centre,32,141.7000,344.2000,59.3000,217.1000,218.9000,0.0000,345.0000,314.8000,23.7000,0.0000,169.8000,0.0000,114.4000,0.0000,0.30900,-0.11600,0.89300,-4.59000,2.05000,-2.76000,-0.94900,-0.03100,0.22800,1.63000,1.24000,-1.69000,13.5,5.9,1.0,0.0,0.736260,0.321979,1.317603,-0.732757,0.339669,1.182090,-0.089600,0.486000,0.869300,0.003200,0.133500,0.542300,0.828800,0.034500,0.736262,0.321979,1.317627,-0.732767,0.339683,1.181947,1.108624,0.752863,2.280519,-1.648471,-1.982560,-0.711293,-0.557972,1.962630,-1.264555,1.603209,-1.448735,2.675182,0.132899,2.491027,1,1,1.0000,1.0000,-16.6028,-65.3008,-11.6000,-28.2000,0.040000,0.268798,0,0,1,1,0,0,0.0000,0.0000,,,,,1525,1525,0,0,1465,1476,60,36,0,13,0.53041,0.54024,,,,,,,,,,,,,,,,,,,,,,,140341.7356,938,938,0,0
1788271845.2294,G_left_centre_left_right,G,left,0,left_right,,centre,33,141.7000,344.2000,59.3000,217.1000,218.9000,0.0000,345.0000,314.8000,23.7000,0.0000,169.7000,0.0000,113.5000,0.0000,0.30500,-0.12700,0.89000,-3.83000,2.04000,-2.68000,-0.95100,-0.03900,0.21600,1.43000,1.01000,-1.69000,14.1,6.5,1.0,0.0,0.736256,0.321980,1.317581,-0.732654,0.339613,1.182145,-0.089600,0.486000,0.869300,0.003200,0.133500,0.542300,0.828800,0.034500,0.736262,0.321979,1.317627,-0.732767,0.339683,1.181947,1.108655,0.752890,2.280488,-1.648463,-1.982523,-0.711280,-0.557975,1.962652,-1.264531,1.603188,-1.448967,2.675184,0.132648,2.491041,1,1,1.0000,1.0000,-16.8117,-64.8124,-11.6000,-28.2000,0.040000,0.268829,0,0,1,1,0,0,0.0000,0.0000,,,,,1526,1526,0,0,1466,1477,60,36,0,13,0.53043,0.54067,,,,,,,,,,,,,,,,,,,,,,,140341.7522,939,939,0,0
1788271845.2485,G_left_centre_left_right,G,left,0,left_right,,centre,34,141.7000,344.2000,59.3000,217.1000,218.9000,0.0000,345.0000,314.8000,23.7000,0.0000,169.6000,0.0000,112.8000,0.0000,0.31000,-0.13000,0.88900,-2.06000,1.78000,-3.24000,-0.94800,-0.04000,0.22300,0.53000,0.36000,-1.58000,13.6,6.6,1.0,0.0,0.736256,0.321980,1.317574,-0.732534,0.339549,1.182207,-0.089600,0.486000,0.869300,0.003200,0.133500,0.542300,0.828800,0.034500,0.736262,0.321979,1.317627,-0.732767,0.339683,1.181947,1.108685,0.752919,2.280463,-1.648453,-1.982488,-0.711273,-0.557983,1.962669,-1.264516,1.603188,-1.449149,2.675186,0.132474,2.491048,1,1,1.0000,1.0000,-16.5172,-64.7636,-11.6000,-28.2000,0.040000,0.268859,0,0,1,1,0,0,0.0000,0.0000,,,,,1527,1527,0,0,1467,1478,60,36,0,13,0.53043,0.54067,,,,,,,,,,,,,,,,,,,,,,,140341.7713,940,940,0,0
1788271845.2685,G_left_centre_left_right,G,left,0,left_right,,centre,35,141.7000,344.2000,59.3000,217.1000,218.9000,0.0000,345.0000,314.8000,23.7000,0.0000,169.5000,0.0000,112.4000,0.0000,0.32000,-0.12200,0.89200,-0.48000,1.33000,-4.80000,-0.96000,-0.03700,0.21700,-0.27000,-0.68000,-0.99000,12.2,6.2,1.0,0.0,0.736263,0.321978,1.317590,-0.732489,0.339525,1.182227,-0.089600,0.486000,0.869300,0.003200,0.133500,0.542300,0.828800,0.034500,0.736257,0.321980,1.317584,-0.732735,0.339658,1.182072,1.108719,0.752952,2.280435,-1.648441,-1.982444,-0.711265,-0.557989,1.962669,-1.264509,1.603165,-1.449068,2.675184,0.132556,2.491059,1,1,1.0000,1.0000,-15.9809,-64.9472,-11.6000,-28.2000,0.040000,0.268890,0,0,1,1,0,0,0.0000,0.0000,,,,,1528,1528,0,0,1468,1479,60,36,0,13,0.53043,0.54067,,,,,,,,,,,,,,,,,,,,,,,140341.7914,941,941,0,0
1788271845.3013,G_left_centre_left_right,G,left,0,left_right,,centre,36,141.7000,344.2000,59.3000,217.1000,218.9000,0.0000,345.0000,314.8000,23.7000,0.0000,169.5000,0.0000,112.4000,0.0000,0.32000,-0.12200,0.89200,-0.48000,1.33000,-4.80000,-0.96000,-0.03700,0.21700,-0.27000,-0.68000,-0.99000,12.2,6.2,1.0,0.0,0.736263,0.321978,1.317590,-0.732489,0.339525,1.182227,-0.089600,0.486000,0.869300,0.003200,0.133500,0.542300,0.828800,0.034500,0.736257,0.321980,1.317584,-0.732735,0.339658,1.182072,1.108719,0.752952,2.280435,-1.648441,-1.982444,-0.711265,-0.557989,1.962669,-1.264509,1.603165,-1.449068,2.675184,0.132556,2.491059,1,1,1.0000,1.0000,-15.9809,-64.9472,-11.6000,-28.2000,0.040000,0.268890,0,0,1,1,0,0,0.0000,0.0000,,,,,1528,1528,0,0,1468,1479,60,36,0,13,0.53043,0.54067,,,,,,,,,,,,,,,,,,,,,,,140341.8241,941,941,0,0
1788271845.3091,G_left_centre_left_right,G,left,0,left_right,,centre,37,141.5000,344.2000,59.3000,217.1000,218.9000,0.0000,345.0000,314.8000,23.7000,0.0000,169.6000,0.0000,111.9000,0.0000,0.32200,-0.10000,0.87900,0.34000,0.19000,-6.05000,-0.95300,-0.04000,0.21600,-1.63000,-2.24000,-0.11000,13.0,7.2,1.0,0.0,0.736276,0.321962,1.317633,-0.732375,0.339463,1.182282,-0.089600,0.486000,0.869300,0.003200,0.133500,0.542300,0.828800,0.034500,0.736257,0.321980,1.317584,-0.732735,0.339658,1.182072,1.108752,0.752960,2.280365,-1.648448,-1.982439,-0.711219,-0.557966,1.962633,-1.264499,1.602983,-1.449452,2.675173,0.132179,2.491102,1,1,1.0000,1.0000,-15.5224,-64.7575,-11.8000,-28.2000,0.040000,0.268859,0,0,1,1,0,0,0.0000,0.0000,,,,,1530,1530,0,0,1470,1481,60,36,0,13,0.53043,0.54064,,,,,,,,,,,,,,,,,,,,,,,140341.8319,943,943,0,0
1788271845.3341,G_left_centre_left_right,G,left,0,left_right,,centre,38,141.4000,344.2000,59.3000,217.1000,218.9000,0.0000,345.0000,314.8000,23.7000,0.0000,169.7000,0.0000,111.6000,0.0000,0.32700,-0.10100,0.87800,0.14000,0.37000,-6.14000,-0.96100,-0.04000,0.21300,-2.87000,-2.78000,0.30000,14.2,6.9,1.0,0.0,0.736289,0.321946,1.317684,-0.732280,0.339412,1.182334,-0.089600,0.486000,0.869300,0.003200,0.133500,0.542300,0.828800,0.034500,0.736257,0.321980,1.317584,-0.732735,0.339658,1.182072,1.108760,0.752957,2.280339,-1.648456,-1.982448,-0.711204,-0.557952,1.962620,-1.264499,1.602927,-1.449675,2.675168,0.131941,2.491115,1,1,1.0000,1.0000,-15.2204,-64.7625,-11.9000,-28.2000,0.040000,0.268829,0,0,1,1,0,0,0.0000,0.0000,,,,,1531,1531,0,0,1471,1482,60,36,0,13,0.53043,0.54064,,,,,,,,,,,,,,,,,,,,,,,140341.8569,944,944,0,0
1788271845.3530,G_left_centre_left_right,G,left,0,left_right,,centre,39,141.4000,344.2000,59.3000,217.1000,218.9000,0.0000,345.0000,314.8000,23.7000,0.0000,169.7000,0.0000,111.6000,0.0000,0.32700,-0.10100,0.87800,0.14000,0.37000,-6.14000,-0.96100,-0.04000,0.21300,-2.87000,-2.78000,0.30000,14.2,6.9,1.0,0.0,0.736289,0.321946,1.317684,-0.732280,0.339412,1.182334,-0.089600,0.486000,0.869300,0.003200,0.133500,0.542300,0.828800,0.034500,0.736271,0.321967,1.317615,-0.732511,0.339534,1.182227,1.108760,0.752940,2.280326,-1.648475,-1.982479,-0.711194,-0.557933,1.962610,-1.264499,1.602880,-1.449861,2.675163,0.131741,2.491126,1,1,1.0000,1.0000,-15.2204,-64.7625,-11.9000,-28.2000,0.040000,0.268829,0,0,1,1,0,0,0.0000,0.0000,,,,,1531,1531,0,0,1471,1482,60,36,0,13,0.53043,0.54064,,,,,,,,,,,,,,,,,,,,,,,140341.8759,944,944,0,0
1788271845.3693,G_left_centre_left_right,G,left,0,left_right,,centre,40,141.2000,344.2000,59.3000,217.1000,218.9000,0.0000,345.0000,314.8000,23.6000,0.0000,168.5000,0.0000,108.8000,0.0000,0.34500,-0.11200,0.90700,-3.67000,9.50000,-19.37000,-0.94300,-0.05200,0.21200,-2.87000,-2.24000,-2.39000,14.3,5.7,1.0,0.0,0.736311,0.321907,1.317777,-0.731741,0.339124,1.182579,-0.089600,0.486000,0.869300,0.003200,0.133500,0.542300,0.828800,0.034500,0.736271,0.321967,1.317615,-0.732511,0.339534,1.182227,1.108748,0.752819,2.280235,-1.648601,-1.982701,-0.711130,-0.557797,1.962548,-1.264493,1.602613,-1.450581,2.675140,0.131017,2.491189,1,1,1.0000,1.0000,-14.8537,-64.0186,-12.1000,-28.2000,0.040000,0.269178,0,0,1,1,0,0,0.0000,0.0000,,,,,1533,1533,0,0,1473,1484,60,36,0,13,0.53044,0.54047,,,,,,,,,,,,,,,,,,,,,,,140341.8921,946,946,0,0
1788271845.4000,G_left_centre_left_right,G,left,0,left_right,,centre,41,141.2000,344.2000,59.3000,217.1000,218.9000,0.0000,345.0000,314.8000,23.6000,0.0000,168.6000,0.0000,108.9000,0.0000,0.33100,-0.12500,0.90900,-3.44000,11.67000,-19.75000,-0.94300,-0.04500,0.21200,-2.05000,-2.38000,-3.44000,13.8,6.0,1.0,0.0,0.736313,0.321888,1.317793,-0.731560,0.339027,1.182648,-0.089600,0.486000,0.869300,0.003200,0.133500,0.542300,0.828800,0.034500,0.736271,0.321967,1.317615,-0.732511,0.339534,1.182227,1.108737,0.752721,2.280173,-1.648708,-1.982843,-0.711090,-0.557689,1.962485,-1.264494,1.602366,-1.451168,2.675116,0.130446,2.491246,1,1,1.0000,1.0000,-15.7120,-64.4321,-12.1000,-28.2000,0.040000,0.269150,0,0,1,1,0,0,0.0000,0.0000,,,,,1534,1534,0,0,1474,1485,60,36,0,13,0.53044,0.54047,,,,,,,,,,,,,,,,,,,,,,,140341.9228,947,947,0,0
1788271845.4214,G_left_centre_left_right,G,left,0,left_right,,centre,42,141.2000,344.2000,59.3000,217.1000,218.9000,0.0000,345.0000,314.8000,23.6000,0.0000,168.6000,0.0000,108.9000,0.0000,0.30400,-0.11100,0.89000,-2.27000,11.41000,-19.17000,-0.94200,-0.04600,0.20800,-2.42000,-2.59000,-4.36000,15.0,4.6,1.0,0.0,0.736282,0.321858,1.317701,-0.731362,0.338920,1.182728,-0.089600,0.486000,0.869300,0.003200,0.133500,0.542300,0.828800,0.034500,0.736304,0.321912,1.317754,-0.732174,0.339355,1.182399,1.108745,0.752647,2.280117,-1.648820,-1.983000,-0.711072,-0.557584,1.962425,-1.264506,1.602156,-1.451691,2.675092,0.129965,2.491286,1,1,1.0000,1.0000,-16.8127,-64.3577,-12.1000,-28.2000,0.040000,0.269150,0,0,1,1,0,0,0.0000,0.0000,,,,,1535,1535,0,0,1475,1486,60,36,0,13,0.53044,0.54047,,,,,,,,,,,,,,,,,,,,,,,140341.9443,949,948,0,0
1788271845.4287,G_left_centre_left_right,G,left,0,left_right,,centre,43,141.2000,344.2000,59.3000,217.1000,218.9000,0.0000,345.0000,314.6000,23.6000,0.0000,168.6000,0.0000,108.9000,0.0000,0.30400,-0.11100,0.89000,-2.27000,11.41000,-19.17000,-0.95400,-0.03200,0.19500,-4.10000,-2.68000,-4.01000,15.0,4.6,1.0,0.0,0.736282,0.321858,1.317701,-0.731457,0.338938,1.182667,-0.089600,0.486000,0.869300,0.003200,0.133500,0.542300,0.828800,0.034500,0.736304,0.321912,1.317754,-0.732174,0.339355,1.182399,1.108769,0.752640,2.280106,-1.648847,-1.983005,-0.711082,-0.557564,1.962389,-1.264515,1.602034,-1.452025,2.675078,0.129657,2.491307,1,1,1.0000,1.0000,-16.8127,-65.1424,-12.1000,-28.4000,0.040000,0.269150,0,0,1,1,0,0,0.0000,0.0000,,,,,1536,1536,0,0,1476,1487,60,36,0,13,0.53045,0.54022,,,,,,,,,,,,,,,,,,,,,,,140341.9515,949,949,0,0
1788271845.4485,G_left_centre_left_right,G,left,0,left_right,,centre,44,141.2000,344.2000,59.3000,217.1000,218.9000,0.0000,345.0000,314.9000,23.6000,0.0000,168.7000,0.0000,108.9000,0.0000,0.29300,-0.09400,0.90000,-2.57000,11.31000,-19.25000,-0.95700,-0.03000,0.20300,-5.76000,-2.10000,-3.60000,16.0,4.7,1.0,0.0,0.736260,0.321846,1.317633,-0.731578,0.339024,1.182583,-0.089600,0.486000,0.869300,0.003200,0.133500,0.542300,0.828800,0.034500,0.736304,0.321912,1.317754,-0.732174,0.339355,1.182399,1.108845,0.752669,2.280086,-1.648894,-1.982960,-0.711119,-0.557538,1.962301,-1.264542,1.601738,-1.452883,2.675039,0.128741,2.491357,1,1,1.0000,1.0000,-17.5650,-65.3010,-12.1000,-28.1000,0.040000,0.269122,0,0,1,1,0,0,0.0000,0.0000,,,,,1537,1537,0,0,1477,1488,60,36,0,13,0.53045,0.54022,,,,,,,,,,,,,,,,,,,,,,,140341.9713,950,950,0,0
1788271845.4732,G_left_centre_left_right,G,left,0,left_right,,centre,45,141.2000,344.2000,59.3000,217.1000,218.9000,0.0000,345.0000,314.9000,23.6000,0.0000,168.7000,0.0000,109.0000,0.0000,0.29700,-0.10200,0.89500,-2.83000,10.90000,-19.19000,-0.95300,-0.03500,0.20300,-7.35000,-1.27000,-3.26000,16.0,5.0,1.0,0.0,0.736243,0.321834,1.317584,-0.731597,0.339049,1.182557,-0.089600,0.486000,0.869300,0.003200,0.133500,0.542300,0.828800,0.034500,0.736304,0.321912,1.317754,-0.732174,0.339355,1.182399,1.108936,0.752741,2.280077,-1.648923,-1.982861,-0.711175,-0.557533,1.962231,-1.264563,1.601497,-1.453769,2.675012,0.127824,2.491387,1,1,1.0000,1.0000,-17.2745,-65.0043,-12.1000,-28.1000,0.040000,0.269122,0,0,1,1,0,0,0.0000,0.0000,,,,,1538,1538,0,0,1478,1489,60,36,0,13,0.53045,0.54022,,,,,,,,,,,,,,,,,,,,,,,140341.9960,951,951,0,0
1788271845.4885,G_left_centre_left_right,G,left,0,left_right,,centre,46,141.3000,344.2000,59.3000,217.1000,218.9000,0.0000,345.0000,314.8000,23.6000,0.0000,168.7000,0.0000,109.1000,0.0000,0.28900,-0.11000,0.90600,-2.43000,11.04000,-19.47000,-0.94900,-0.03600,0.19600,-7.07000,-0.06000,-3.08000,17.0,5.3,1.0,0.0,0.736216,0.321829,1.317496,-0.731597,0.339049,1.182545,-0.089600,0.486000,0.869300,0.003200,0.133500,0.542300,0.828800,0.034500,0.736273,0.321854,1.317668,-0.731587,0.339004,1.182807,1.109030,0.752821,2.280071,-1.648943,-1.982749,-0.711235,-0.557535,1.962194,-1.264589,1.601458,-1.454220,2.674991,0.127339,2.491392,1,1,1.0000,1.0000,-17.9615,-64.9077,-12.0000,-28.2000,0.040000,0.269122,0,0,1,1,0,0,0.0000,0.0000,,,,,1539,1539,0,0,1479,1490,60,36,0,13,0.53045,0.53975,,,,,,,,,,,,,,,,,,,,,,,140342.0113,952,952,0,0
1788271845.5096,G_left_centre_left_right,G,left,0,left_right,,centre,47,141.3000,344.2000,59.3000,217.1000,218.9000,0.0000,345.0000,314.8000,23.6000,0.0000,168.8000,0.0000,109.3000,0.0000,0.28500,-0.11900,0.89700,-1.06000,10.60000,-20.60000,-0.94500,-0.05000,0.19900,-4.88000,1.50000,-2.92000,15.7,5.7,1.0,0.0,0.736192,0.321826,1.317417,-0.731267,0.338872,1.182710,-0.089600,0.486000,0.869300,0.003200,0.133500,0.542300,0.828800,0.034500,0.736273,0.321854,1.317668,-0.731587,0.339004,1.182807,1.109121,0.752906,2.280068,-1.648953,-1.982641,-0.711292,-0.557544,1.962175,-1.264628,1.601468,-1.454107,2.674964,0.127462,2.491385,1,1,1.0000,1.0000,-18.0617,-64.0907,-12.0000,-28.2000,0.040000,0.269093,0,0,1,1,0,0,0.0000,0.0000,,,,,1540,1540,0,0,1480,1491,60,36,0,13,0.53041,0.53975,,,,,,,,,,,,,,,,,,,,,,,140342.0324,953,953,0,0
1788271845.5286,G_left_centre_left_right,G,left,0,left_right,,centre,48,141.3000,344.2000,59.3000,217.1000,218.9000,0.0000,345.0000,314.8000,23.6000,0.0000,168.9000,0.0000,109.4000,0.0000,0.24600,-0.11900,0.89200,-1.60000,9.24000,-20.02000,-0.94400,-0.04700,0.20000,-2.00000,2.84000,-2.47000,15.3,6.0,1.0,0.0,0.736112,0.321832,1.317173,-0.731054,0.338758,1.182816,-0.089600,0.486000,0.869300,0.003200,0.133500,0.542300,0.828800,0.034500,0.736273,0.321854,1.317668,-0.731587,0.339004,1.182807,1.109203,0.753001,2.280073,-1.648945,-1.982503,-0.711349,-0.557569,1.962153,-1.264680,1.601487,-1.453771,2.674930,0.127922,2.491370,1,1,1.0000,1.0000,-20.2557,-64.2704,-12.0000,-28.2000,0.040000,0.269064,0,0,1,1,0,0,0.0000,0.0000,,,,,1541,1541,0,0,1481,1492,60,36,0,13,0.53041,0.53975,,,,,,,,,,,,,,,,,,,,,,,140342.0514,954,954,0,0
1788271845.5534,G_left_centre_left_right,G,left,0,left_right,,centre,49,141.3000,344.2000,59.3000,217.1000,218.9000,0.0000,345.0000,314.8000,23.6000,0.0000,168.8000,0.0000,109.2000,0.0000,0.19900,-0.12000,0.89600,-2.41000,5.79000,-15.99000,-0.94500,-0.04500,0.21200,1.53000,3.70000,-2.51000,15.0,6.8,1.0,0.0,0.735938,0.321857,1.316686,-0.730945,0.338699,1.182865,-0.089600,0.486000,0.869300,0.003200,0.133500,0.542300,0.828800,0.034500,0.736211,0.321828,1.317489,-0.731570,0.339033,1.182582,1.109246,0.753052,2.280075,-1.648937,-1.982414,-0.711377,-0.557584,1.962121,-1.264704,1.601449,-1.453520,2.674909,0.128273,2.491380,1,1,1.0000,1.0000,-23.1302,-64.4364,-12.0000,-28.2000,0.040000,0.269093,0,0,1,1,0,0,0.0000,0.0000,,,,,1542,1542,0,0,1482,1493,60,36,0,13,0.53041,0.53975,,,,,,,,,,,,,,,,,,,,,,,140342.0762,955,955,0,0
1788271845.5713,G_left_centre_left_right,G,left,0,left_right,,centre,50,141.3000,344.2000,59.3000,217.1000,218.9000,0.0000,344.6000,314.8000,23.6000,0.0000,168.8000,0.0000,109.2000,0.0000,0.21900,-0.09900,0.89800,-3.40000,1.47000,-11.45000,-0.96300,-0.03500,0.21900,3.04000,4.34000,-2.47000,15.5,6.6,1.0,0.0,0.735846,0.321869,1.316414,-0.731026,0.338742,1.182815,-0.089600,0.486000,0.869300,0.003200,0.133500,0.542300,0.828800,0.034500,0.736211,0.321828,1.317489,-0.731570,0.339033,1.182582,1.109440,0.753341,2.280140,-1.648851,-1.981976,-0.711543,-0.557696,1.962075,-1.264716,1.601284,-1.453702,2.674882,0.128145,2.491415,1,1,1.0000,1.0000,-21.8885,-65.0732,-12.0000,-28.2000,0.040000,0.269093,0,0,1,1,0,0,0.0000,0.0000,,,,,1543,1543,0,0,1483,1494,60,36,0,13,0.53034,0.53978,,,,,,,,,,,,,,,,,,,,,,,140342.0942,956,956,0,0
1788271845.5887,G_left_centre_left_right,G,left,0,left_right,,centre,51,141.3000,344.2000,59.3000,217.1000,218.9000,0.0000,344.7000,314.8000,23.6000,0.0000,168.8000,0.0000,109.2000,0.0000,0.28400,-0.09500,0.90500,-3.88000,0.99000,-9.89000,-0.97500,-0.03700,0.21800,2.87000,4.38000,-1.68000,14.9,6.4,1.0,0.0,0.735847,0.321862,1.316410,-0.731085,0.338774,1.182777,-0.089600,0.486000,0.869300,0.003200,0.133500,0.542300,0.828800,0.034500,0.736211,0.321828,1.317489,-0.731570,0.339033,1.182582,1.109680,0.753746,2.280238,-1.648725,-1.981366,-0.711769,-0.557848,1.962017,-1.264731,1.601068,-1.454345,2.674849,0.127481,2.491462,1,1,1.0000,1.0000,-18.1742,-64.9734,-12.0000,-28.2000,0.040000,0.269093,0,0,1,1,0,0,0.0000,0.0000,,,,,1544,1544,0,0,1484,1495,60,36,0,13,0.53034,0.53978,,,,,,,,,,,,,,,,,,,,,,,140342.1115,957,957,0,0
1788271845.6103,G_left_centre_left_right,G,left,0,left_right,,centre,52,141.3000,344.2000,59.3000,217.1000,218.9000,0.0000,344.8000,314.8000,23.6000,0.0000,168.8000,0.0000,109.4000,0.0000,0.28500,-0.09000,0.91300,-3.60000,1.16000,-8.60000,-0.96900,-0.04100,0.22300,2.82000,4.20000,-0.62000,15.4,6.6,1.0,0.0,0.735848,0.321857,1.316404,-0.731080,0.338771,1.182774,-0.089600,0.486000,0.869300,0.003200,0.133500,0.542300,0.828800,0.034500,0.736211,0.321828,1.317489,-0.731570,0.339033,1.182582,1.109776,0.753925,2.280281,-1.648670,-1.981102,-0.711865,-0.557912,1.961998,-1.264737,1.600988,-1.454702,2.674836,0.127053,2.491476,1,1,1.0000,1.0000,-18.2375,-64.7471,-12.0000,-28.2000,0.040000,0.269093,0,0,1,1,0,0,0.0000,0.0000,,,,,1545,1545,0,0,1485,1496,60,36,0,13,0.53034,0.53978,,,,,,,,,,,,,,,,,,,,,,,140342.1332,958,958,0,0
1788271845.6285,G_left_centre_left_right,G,left,0,left_right,,centre,53,141.3000,344.2000,59.3000,217.1000,218.9000,0.0000,344.8000,314.8000,23.6000,0.0000,168.8000,0.0000,109.3000,0.0000,0.27300,-0.08100,0.90000,-3.87000,-0.32000,-7.15000,-0.94500,-0.03800,0.22500,3.41000,3.66000,-0.36000,15.6,8.2,1.0,0.0,0.735841,0.321853,1.316377,-0.731103,0.338783,1.182757,-0.089600,0.486000,0.869300,0.003200,0.133500,0.542300,0.828800,0.034500,0.735956,0.321838,1.316846,-0.731211,0.338828,1.182814,1.110049,0.754400,2.280380,-1.648535,-1.980424,-0.712115,-0.558074,1.961961,-1.264759,1.600875,-1.455361,2.674800,0.126047,2.491506,1,1,1.0000,1.0000,-18.6660,-64.8783,-12.0000,-28.2000,0.040000,0.269093,0,0,1,1,0,0,0.0000,0.0000,,,,,1546,1546,0,0,1486,1497,60,36,0,13,0.53012,0.53978,,,,,,,,,,,,,,,,,,,,,,,140342.1514,959,959,0,0
1788271845.6485,G_left_centre_left_right,G,left,0,left_right,,centre,54,141.3000,344.2000,59.3000,217.1000,218.9000,0.0000,344.9000,314.9000,23.6000,0.0000,168.8000,0.0000,109.0000,0.0000,0.27400,-0.08100,0.90400,-5.44000,-1.15000,-5.20000,-0.95500,-0.04200,0.23300,4.32000,2.30000,1.15000,14.9,6.1,1.0,0.0,0.735834,0.321849,1.316347,-0.731064,0.338781,1.182767,-0.089600,0.486000,0.869300,0.003200,0.133500,0.542300,0.828800,0.034500,0.735956,0.321838,1.316846,-0.731211,0.338828,1.182814,1.110340,0.754768,2.280493,-1.648386,-1.980026,-0.712363,-0.558254,1.961941,-1.264775,1.600841,-1.455422,2.674775,0.125843,2.491520,1,1,1.0000,1.0000,-18.6768,-64.6750,-12.0000,-28.1000,0.040000,0.269093,0,0,1,1,0,0,0.0000,0.0000,,,,,1547,1547,0,0,1487,1498,60,36,0,13,0.53012,0.53947,,,,,,,,,,,,,,,,,,,,,,,140342.1713,960,960,0,0
1788271845.6688,G_left_centre_left_right,G,left,0,left_right,,centre,55,141.2000,344.2000,59.3000,217.1000,218.9000,0.0000,344.9000,314.9000,23.9000,0.0000,168.7000,0.0000,108.7000,0.0000,0.27800,-0.09600,0.90600,-6.46000,-1.69000,-3.88000,-0.95500,-0.04000,0.23000,5.47000,-0.02000,2.81000,15.4,6.1,1.0,0.0,0.735829,0.321842,1.316331,-0.731063,0.338793,1.182758,-0.089600,0.486000,0.869300,0.003200,0.133500,0.542300,0.828800,0.034500,0.735956,0.321838,1.316846,-0.731211,0.338828,1.182814,1.110377,0.754815,2.280508,-1.648367,-1.979975,-0.712395,-0.558277,1.961921,-1.264798,1.600819,-1.455383,2.674745,0.126077,2.491533,1,1,1.0000,1.0000,-18.5400,-64.7885,-12.1000,-28.1000,0.040000,0.269128,0,0,1,1,0,0,0.0000,0.0000,,,,,1548,1548,0,0,1488,1499,60,36,0,13,0.53012,0.53947,,,,,,,,,,,,,,,,,,,,,,,140342.1916,961,961,0,0
1788271845.7026,G_left_centre_left_right,G,left,0,left_right,,centre,56,141.2000,344.2000,59.3000,217.1000,218.9000,0.0000,344.9000,314.9000,23.9000,0.0000,168.7000,0.0000,108.7000,0.0000,0.27800,-0.09600,0.90600,-6.46000,-1.69000,-3.88000,-0.95500,-0.04000,0.23000,5.47000,-0.02000,2.81000,15.8,6.3,1.0,0.0,0.735829,0.321842,1.316331,-0.731063,0.338793,1.182758,-0.089600,0.486000,0.869300,0.003200,0.133500,0.542300,0.828800,0.034500,0.735956,0.321838,1.316846,-0.731211,0.338828,1.182814,1.110400,0.754836,2.280507,-1.648366,-1.979941,-0.712407,-0.558285,1.961916,-1.264812,1.600805,-1.455375,2.674727,0.126237,2.491539,1,1,1.0000,1.0000,-18.5400,-64.7885,-12.1000,-28.1000,0.040000,0.269128,0,0,1,1,0,0,0.0000,0.0000,,,,,1548,1548,0,0,1488,1499,60,36,0,13,0.53012,0.53947,,,,,,,,,,,,,,,,,,,,,,,140342.2254,961,961,0,0
1788271845.7188,G_left_centre_left_right,G,left,0,left_right,,centre,57,141.2000,344.2000,59.3000,217.1000,218.9000,0.0000,344.9000,314.9000,23.8000,0.0000,168.7000,0.0000,108.5000,0.0000,0.31200,-0.13900,0.90900,-4.37000,-2.68000,-5.08000,-0.96400,-0.02700,0.22300,1.79000,-3.89000,3.08000,15.9,6.0,1.0,0.0,0.735851,0.321821,1.316396,-0.731456,0.339037,1.182524,-0.089600,0.486000,0.869300,0.003200,0.133500,0.542300,0.828800,0.034500,0.735837,0.321849,1.316360,-0.731101,0.338782,1.182799,1.110492,0.754901,2.280508,-1.648376,-1.979824,-0.712466,-0.558307,1.961913,-1.264845,1.600779,-1.455355,2.674689,0.126429,2.491549,1,1,1.0000,1.0000,-16.8141,-65.5468,-12.1000,-28.1000,0.040000,0.269126,0,0,1,1,0,0,0.0000,0.0000,,,,,1550,1550,0,0,1490,1501,60,36,0,13,0.52999,0.53941,,,,,,,,,,,,,,,,,,,,,,,140342.2416,963,963,0,0
1788271845.7450,G_left_centre_left_right,G,left,0,left_right,,centre,58,141.1000,344.2000,59.3000,217.1000,218.9000,0.0000,345.0000,314.8000,23.8000,0.0000,168.8000,0.0000,108.5000,0.0000,0.30600,-0.14300,0.91100,-1.85000,-1.60000,-6.73000,-0.95500,-0.02900,0.23100,-1.72000,-6.08000,2.57000,15.4,6.2,1.0,0.0,0.735861,0.321810,1.316430,-0.731614,0.339116,1.182439,-0.089600,0.486000,0.869300,0.003200,0.133500,0.542300,0.828800,0.034500,0.735837,0.321849,1.316360,-0.731101,0.338782,1.182799,1.110483,0.754867,2.280526,-1.648411,-1.979874,-0.712482,-0.558291,1.961933,-1.264886,1.600802,-1.455248,2.674647,0.126434,2.491546,1,1,1.0000,1.0000,-17.1989,-65.4302,-12.2000,-28.2000,0.040000,0.269098,0,0,1,1,0,0,0.0000,0.0000,,,,,1550,1550,0,0,1490,1501,60,36,0,13,0.52999,0.53941,,,,,,,,,,,,,,,,,,,,,,,140342.2678,964,964,0,0
1788271845.7586,G_left_centre_left_right,G,left,0,left_right,,centre,59,141.0000,344.2000,59.3000,217.1000,218.9000,0.0000,345.0000,314.8000,23.8000,0.0000,168.9000,0.0000,108.6000,0.0000,0.30600,-0.12100,0.89800,-0.79000,-1.00000,-8.14000,-0.94500,-0.03500,0.21700,-4.16000,-7.51000,2.45000,15.8,6.7,1.0,0.0,0.735878,0.321789,1.316490,-0.731651,0.339132,1.182418,-0.089600,0.486000,0.869300,0.003200,0.133500,0.542300,0.828800,0.034500,0.735837,0.321849,1.316360,-0.731101,0.338782,1.182799,1.110479,0.754840,2.280512,-1.648433,-1.979912,-0.712471,-0.558274,1.961955,-1.264900,1.600865,-1.455085,2.674638,0.126596,2.491532,1,1,1.0000,1.0000,-16.8862,-65.0399,-12.3000,-28.2000,0.040000,0.269069,0,0,1,1,0,0,0.0000,0.0000,,,,,1551,1551,0,0,1491,1502,60,36,0,13,0.52999,0.53941,,,,,,,,,,,,,,,,,,,,,,,140342.2815,965,965,0,0
1788271845.7691,G_left_centre_left_right,G,left,0,left_right,,centre,60,140.9000,344.2000,59.3000,217.1000,218.9000,0.0000,345.0000,314.8000,23.8000,0.0000,168.9000,0.0000,108.7000,0.0000,0.30400,-0.10900,0.88500,-0.56000,-0.50000,-8.83000,-0.93700,-0.02900,0.21500,-5.27000,-9.03000,2.65000,15.8,6.8,1.0,0.0,0.735892,0.321769,1.316542,-0.731790,0.339202,1.182345,-0.089600,0.486000,0.869300,0.003200,0.133500,0.542300,0.828800,0.034500,0.735855,0.321820,1.316399,-0.731235,0.338894,1.182662,1.110455,0.754712,2.280458,-1.648536,-1.980106,-0.712428,-0.558186,1.962024,-1.264938,1.601118,-1.454392,2.674616,0.127330,2.491485,1,1,1.0000,1.0000,-16.7092,-65.3789,-12.4000,-28.2000,0.040000,0.269069,0,0,1,1,0,0,0.0000,0.0000,,,,,1553,1553,0,0,1493,1504,60,36,0,13,0.52999,0.53951,,,,,,,,,,,,,,,,,,,,,,,140342.2919,966,966,0,0
1788271845.7885,G_left_centre_left_right,G,left,0,left_right,,centre,61,140.8000,344.2000,59.3000,217.1000,218.9000,0.0000,345.0000,314.8000,24.1000,0.0000,168.9000,0.0000,108.9000,0.0000,0.30900,-0.09200,0.87000,-1.23000,0.66000,-9.35000,-0.93600,-0.03700,0.19400,-5.54000,-9.34000,2.60000,14.9,6.8,1.0,0.0,0.735914,0.321743,1.316624,-0.731758,0.339181,1.182361,-0.089600,0.486000,0.869300,0.003200,0.133500,0.542300,0.828800,0.034500,0.735855,0.321820,1.316399,-0.731235,0.338894,1.182662,1.110434,0.754607,2.280419,-1.648631,-1.980263,-0.712398,-0.558104,1.962077,-1.264964,1.601372,-1.453657,2.674600,0.128123,2.491446,1,1,1.0000,1.0000,-16.0564,-64.8222,-12.5000,-28.2000,0.040000,0.269074,0,0,1,1,0,0,0.0000,0.0000,,,,,1554,1554,0,0,1494,1505,60,36,0,13,0.53000,0.53951,,,,,,,,,,,,,,,,,,,,,,,140342.3114,967,967,0,0
1788271845.8148,G_left_centre_left_right,G,left,0,left_right,,centre,62,140.8000,344.2000,59.3000,217.1000,218.9000,0.0000,345.0000,314.8000,24.1000,0.0000,168.9000,0.0000,108.9000,0.0000,0.30900,-0.09200,0.87000,-1.23000,0.66000,-9.35000,-0.93600,-0.03700,0.19400,-5.54000,-9.34000,2.60000,14.2,6.6,1.0,0.0,0.735914,0.321743,1.316624,-0.731758,0.339181,1.182361,-0.089600,0.486000,0.869300,0.003200,0.133500,0.542300,0.828800,0.034500,0.735855,0.321820,1.316399,-0.731235,0.338894,1.182662,1.110424,0.754556,2.280400,-1.648678,-1.980340,-0.712384,-0.558063,1.962107,-1.264977,1.601521,-1.453272,2.674594,0.128520,2.491422,1,1,1.0000,1.0000,-16.0564,-64.8222,-12.5000,-28.2000,0.040000,0.269074,0,0,1,1,0,0,0.0000,0.0000,,,,,1554,1554,0,0,1494,1505,60,36,0,13,0.53000,0.53951,,,,,,,,,,,,,,,,,,,,,,,140342.3376,967,967,0,0
1788271845.8443,G_left_centre_left_right,G,left,0,left_right,,centre,63,140.5000,344.2000,59.3000,217.1000,218.9000,0.0000,345.0000,314.8000,23.9000,0.0000,168.9000,0.0000,108.9000,0.0000,0.32100,-0.08400,0.89200,-2.91000,1.20000,-7.89000,-0.94700,-0.03700,0.18700,-5.40000,-7.29000,0.47000,13.4,7.1,1.0,0.0,0.735943,0.321671,1.316756,-0.731687,0.339137,1.182398,-0.089600,0.486000,0.869300,0.003200,0.133500,0.542300,0.828800,0.034500,0.735907,0.321748,1.316587,-0.731723,0.339171,1.182309,1.110395,0.754391,2.280342,-1.648845,-1.980600,-0.712349,-0.557918,1.962163,-1.265000,1.601843,-1.452439,2.674578,0.129341,2.491378,1,1,1.0000,1.0000,-15.7762,-64.7955,-12.8000,-28.2000,0.040000,0.269071,0,0,1,1,0,0,0.0000,0.0000,,,,,1556,1556,0,0,1496,1507,60,36,0,13,0.53000,0.53951,,,,,,,,,,,,,,,,,,,,,,,140342.3671,969,969,0,0
1788271845.8491,G_left_centre_left_right,G,left,0,left_right,,centre,64,140.4000,344.2000,59.3000,217.1000,218.9000,0.0000,345.0000,314.8000,23.8000,0.0000,168.7000,0.0000,108.9000,0.0000,0.32800,-0.08200,0.88600,-4.25000,2.47000,-7.68000,-0.94600,-0.04200,0.18200,-4.50000,-5.99000,-0.23000,13.4,7.1,1.0,0.0,0.735971,0.321624,1.316877,-0.731533,0.339051,1.182475,-0.089600,0.486000,0.869300,0.003200,0.133500,0.542300,0.828800,0.034500,0.735907,0.321748,1.316587,-0.731723,0.339171,1.182309,1.110382,0.754265,2.280299,-1.648989,-1.980797,-0.712333,-0.557796,1.962173,-1.265009,1.601881,-1.452344,2.674563,0.129413,2.491375,1,1,1.0000,1.0000,-15.2495,-64.4667,-12.9000,-28.2000,0.040000,0.269126,0,0,1,1,0,0,0.0000,0.0000,,,,,1557,1557,0,0,1497,1508,60,36,0,13,0.53002,0.53987,,,,,,,,,,,,,,,,,,,,,,,140342.3720,970,970,0,0
1788271845.8730,G_left_centre_left_right,G,left,0,left_right,,centre,65,140.3000,344.2000,59.3000,217.1000,218.9000,0.0000,345.0000,314.8000,23.8000,0.0000,168.5000,0.0000,108.9000,0.0000,0.32900,-0.08900,0.90600,-5.65000,3.39000,-6.79000,-0.93800,-0.04600,0.19200,-3.31000,-4.44000,-0.52000,13.3,6.6,1.0,0.0,0.735991,0.321579,1.316968,-0.731301,0.338922,1.182588,-0.089600,0.486000,0.869300,0.003200,0.133500,0.542300,0.828800,0.034500,0.735907,0.321748,1.316587,-0.731723,0.339171,1.182309,1.110359,0.754118,2.280250,-1.649145,-1.981035,-0.712310,-0.557660,1.962172,-1.265016,1.601879,-1.452557,2.674543,0.129209,2.491386,1,1,1.0000,1.0000,-15.6265,-64.2785,-13.0000,-28.2000,0.040000,0.269183,0,0,1,1,0,0,0.0000,0.0000,,,,,1558,1558,0,0,1498,1509,60,36,0,13,0.53002,0.53987,,,,,,,,,,,,,,,,,,,,,,,140342.3958,971,971,0,0
1788271845.9096,G_left_centre_left_right,G,left,0,left_right,,centre,66,140.3000,344.2000,59.3000,217.1000,218.9000,0.0000,345.0000,314.8000,23.8000,0.0000,168.5000,0.0000,108.9000,0.0000,0.32900,-0.08900,0.90600,-5.65000,3.39000,-6.79000,-0.93800,-0.04600,0.19200,-3.31000,-4.44000,-0.52000,13.3,6.6,1.0,0.0,0.735991,0.321579,1.316968,-0.731301,0.338922,1.182588,-0.089600,0.486000,0.869300,0.003200,0.133500,0.542300,0.828800,0.034500,0.735907,0.321748,1.316587,-0.731723,0.339171,1.182309,1.110343,0.754035,2.280223,-1.649229,-1.981178,-0.712295,-0.557584,1.962161,-1.265017,1.601846,-1.452709,2.674533,0.129067,2.491399,1,1,1.0000,1.0000,-15.6265,-64.2785,-13.0000,-28.2000,0.040000,0.269183,0,0,1,1,0,0,0.0000,0.0000,,,,,1558,1558,0,0,1498,1509,60,36,0,13,0.53002,0.53987,,,,,,,,,,,,,,,,,,,,,,,140342.4324,971,971,0,0
1788271845.9130,G_left_centre_left_right,G,left,0,left_right,,centre,67,140.2000,344.2000,59.3000,217.1000,218.9000,0.0000,345.0000,314.8000,23.8000,0.0000,168.5000,0.0000,108.9000,0.0000,0.32500,-0.09100,0.89700,-6.39000,4.09000,-7.60000,-0.93500,-0.04300,0.19000,-2.24000,-2.57000,-0.79000,14.2,6.7,1.0,0.0,0.736006,0.321533,1.317046,-0.731173,0.338851,1.182647,-0.089600,0.486000,0.869300,0.003200,0.133500,0.542300,0.828800,0.034500,0.735973,0.321625,1.316855,-0.731609,0.339091,1.182443,1.110327,0.753928,2.280190,-1.649343,-1.981358,-0.712280,-0.557483,1.962150,-1.265018,1.601813,-1.452861,2.674524,0.128926,2.491412,1,1,1.0000,1.0000,-15.6796,-64.4412,-13.1000,-28.2000,0.040000,0.269183,0,0,1,1,0,0,0.0000,0.0000,,,,,1559,1559,0,0,1499,1510,60,36,0,13,0.53002,0.53987,,,,,,,,,,,,,,,,,,,,,,,140342.4358,972,972,0,0
1788271845.9435,G_left_centre_left_right,G,left,0,left_right,,centre,68,140.1000,344.2000,59.3000,217.1000,218.9000,0.0000,345.0000,314.8000,23.8000,0.0000,168.3000,0.0000,108.8000,0.0000,0.30900,-0.12300,0.89100,-4.09000,5.05000,-10.80000,-0.94000,-0.03800,0.19200,-1.16000,1.82000,-1.25000,13.6,6.8,1.0,0.0,0.736018,0.321451,1.317135,-0.731324,0.338927,1.182545,-0.089600,0.486000,0.869300,0.003200,0.133500,0.542300,0.828800,0.034500,0.735973,0.321625,1.316855,-0.731609,0.339091,1.182443,1.110302,0.753734,2.280129,-1.649561,-1.981676,-0.712258,-0.557293,1.962108,-1.265021,1.601666,-1.453262,2.674503,0.128485,2.491449,1,1,1.0000,1.0000,-16.5890,-64.7572,-13.2000,-28.2000,0.040000,0.269239,0,0,1,1,0,0,0.0000,0.0000,,,,,1561,1561,0,0,1501,1512,60,36,0,13,0.53004,0.53977,,,,,,,,,,,,,,,,,,,,,,,140342.4663,974,974,0,0
1788271845.9490,G_left_centre_left_right,G,left,0,left_right,,centre,69,140.1000,344.2000,59.3000,217.1000,218.9000,0.0000,345.0000,314.8000,23.8000,0.0000,168.2000,0.0000,108.6000,0.0000,0.31200,-0.11500,0.88400,-2.63000,4.87000,-12.85000,-0.94000,-0.04100,0.20100,-0.73000,3.57000,-2.05000,13.7,6.6,1.0,0.0,0.736023,0.321413,1.317172,-0.731258,0.338889,1.182567,-0.089600,0.486000,0.869300,0.003200,0.133500,0.542300,0.828800,0.034500,0.735973,0.321625,1.316855,-0.731609,0.339091,1.182443,1.110285,0.753543,2.280067,-1.649792,-1.981975,-0.712242,-0.557097,1.962051,-1.265025,1.601454,-1.453894,2.674476,0.127851,2.491498,1,1,1.0000,1.0000,-16.2526,-64.6230,-13.2000,-28.2000,0.040000,0.269267,0,0,1,1,0,0,0.0000,0.0000,,,,,1562,1562,0,0,1502,1513,60,36,0,13,0.53004,0.53977,,,,,,,,,,,,,,,,,,,,,,,140342.4719,975,975,0,0
1788271845.9766,G_left_centre_left_right,G,left,0,left_right,,centre,70,140.1000,344.2000,59.3000,217.1000,218.9000,0.0000,345.0000,314.8000,23.8000,0.0000,168.2000,0.0000,108.7000,0.0000,0.31100,-0.10600,0.88500,-2.11000,5.58000,-13.38000,-0.94600,-0.03500,0.22300,-0.18000,5.15000,-2.50000,14.8,6.0,1.0,0.0,0.736026,0.321378,1.317204,-0.731315,0.338919,1.182525,-0.089600,0.486000,0.869300,0.003200,0.133500,0.542300,0.828800,0.034500,0.736009,0.321453,1.317128,-0.731268,0.338876,1.182738,1.110315,0.753219,2.279937,-1.650279,-1.982457,-0.712263,-0.556705,1.961996,-1.265056,1.601301,-1.454605,2.674433,0.127197,2.491527,1,1,1.0000,1.0000,-16.2959,-65.0537,-13.2000,-28.2000,0.040000,0.269267,0,0,1,1,0,0,0.0000,0.0000,,,,,1563,1563,0,0,1503,1514,60,36,0,13,0.53004,0.53977,,,,,,,,,,,,,,,,,,,,,,,140342.4995,976,976,0,0
1788271846.0014,G_left_centre_left_right,G,left,0,left_right,,centre,71,140.1000,344.2000,59.3000,217.1000,218.9000,0.0000,345.0000,314.8000,23.8000,0.0000,168.4000,0.0000,108.9000,0.0000,0.30300,-0.08900,0.87600,-2.82000,5.73000,-13.66000,-0.94300,-0.03300,0.20800,-0.05000,5.93000,-2.19000,14.1,6.5,1.0,0.0,0.736026,0.321346,1.317223,-0.731394,0.338959,1.182477,-0.089600,0.486000,0.869300,0.003200,0.133500,0.542300,0.828800,0.034500,0.736009,0.321453,1.317128,-0.731268,0.338876,1.182738,1.110330,0.753173,2.279913,-1.650362,-1.982539,-0.712272,-0.556637,1.961985,-1.265064,1.601297,-1.454501,2.674424,0.127318,2.491531,1,1,1.0000,1.0000,-16.5127,-65.1289,-13.2000,-28.2000,0.040000,0.269211,0,0,1,1,0,0,0.0000,0.0000,,,,,1563,1563,0,0,1503,1514,60,36,0,13,0.53004,0.53977,,,,,,,,,,,,,,,,,,,,,,,140342.5243,977,977,0,0
1788271846.0114,G_left_centre_left_right,G,left,0,left_right,,centre,72,140.1000,344.2000,59.3000,217.1000,218.9000,0.0000,345.0000,314.8000,23.8000,0.0000,168.4000,0.0000,108.9000,0.0000,0.30900,-0.09600,0.87900,-4.39000,6.16000,-13.31000,-0.94300,-0.03300,0.20800,-0.05000,5.93000,-2.19000,14.6,6.8,1.0,0.0,0.736030,0.321316,1.317253,-0.731394,0.338959,1.182477,-0.089600,0.486000,0.869300,0.003200,0.133500,0.542300,0.828800,0.034500,0.736009,0.321453,1.317128,-0.731268,0.338876,1.182738,1.110346,0.753127,2.279889,-1.650446,-1.982620,-0.712281,-0.556570,1.961968,-1.265084,1.601309,-1.454380,2.674405,0.127473,2.491529,1,1,1.0000,1.0000,-16.2531,-65.1289,-13.2000,-28.2000,0.040000,0.269211,0,0,1,1,0,0,0.0000,0.0000,,,,,1564,1564,0,0,1504,1515,60,36,0,13,0.53003,0.53949,,,,,,,,,,,,,,,,,,,,,,,140342.5342,978,977,0,0
1788271846.0291,G_left_centre_left_right,G,left,0,left_right,,centre,73,140.1000,344.2000,59.3000,217.1000,218.9000,0.0000,345.0000,314.8000,23.8000,0.0000,168.5000,0.0000,108.9000,0.0000,0.30300,-0.10100,0.88000,-5.65000,7.34000,-12.88000,-0.94000,-0.02800,0.22500,-0.92000,7.15000,-2.29000,14.9,6.9,1.0,0.0,0.736028,0.321289,1.317263,-0.731668,0.339102,1.182324,-0.089600,0.486000,0.869300,0.003200,0.133500,0.542300,0.828800,0.034500,0.736009,0.321453,1.317128,-0.731268,0.338876,1.182738,1.110399,0.753019,2.279826,-1.650650,-1.982798,-0.712310,-0.556405,1.961941,-1.265131,1.601380,-1.454108,2.674365,0.127750,2.491519,1,1,1.0000,1.0000,-16.6394,-65.4601,-13.2000,-28.2000,0.040000,0.269183,0,0,1,1,0,0,0.0000,0.0000,,,,,1566,1566,0,0,1506,1517,60,36,0,13,0.53003,0.53949,,,,,,,,,,,,,,,,,,,,,,,140342.5520,979,979,0,0
1788271846.0677,G_left_centre_left_right,G,left,0,left_right,,centre,74,140.1000,344.2000,59.3000,217.1000,218.9000,0.0000,345.0000,314.8000,23.8000,0.0000,168.5000,0.0000,108.9000,0.0000,0.30300,-0.10100,0.88000,-5.65000,7.34000,-12.88000,-0.94000,-0.02800,0.22500,-0.92000,7.15000,-2.29000,14.9,6.9,1.0,0.0,0.736028,0.321289,1.317263,-0.731668,0.339102,1.182324,-0.089600,0.486000,0.869300,0.003200,0.133500,0.542300,0.828800,0.034500,0.736022,0.321331,1.317238,-0.731361,0.338944,1.182506,1.110413,0.752987,2.279806,-1.650706,-1.982852,-0.712316,-0.556357,1.961944,-1.265139,1.601423,-1.454011,2.674359,0.127844,2.491513,1,1,1.0000,1.0000,-16.6394,-65.4601,-13.2000,-28.2000,0.040000,0.269183,0,0,1,1,0,0,0.0000,0.0000,,,,,1566,1566,0,0,1506,1517,60,36,0,13,0.53003,0.53949,,,,,,,,,,,,,,,,,,,,,,,140342.5905,979,979,0,0
1788271846.0693,G_left_centre_left_right,G,left,0,left_right,,centre,75,140.1000,344.2000,59.3000,217.1000,218.9000,0.0000,345.0000,314.8000,23.8000,0.0000,168.5000,0.0000,108.6000,0.0000,0.28400,-0.10100,0.89300,-6.30000,7.69000,-12.40000,-0.93900,-0.03300,0.22300,-0.90000,7.51000,-2.38000,14.2,6.9,1.0,0.0,0.736005,0.321267,1.317204,-0.731732,0.339135,1.182287,-0.089600,0.486000,0.869300,0.003200,0.133500,0.542300,0.828800,0.034500,0.736022,0.321331,1.317238,-0.731361,0.338944,1.182506,1.110435,0.752959,2.279784,-1.650773,-1.982903,-0.712325,-0.556304,1.961948,-1.265146,1.601467,-1.453913,2.674352,0.127938,2.491507,1,1,1.0000,1.0000,-17.9835,-65.1596,-13.2000,-28.2000,0.040000,0.269183,0,0,1,1,0,0,0.0000,0.0000,,,,,1567,1567,0,0,1507,1518,60,36,0,13,0.53003,0.53949,,,,,,,,,,,,,,,,,,,,,,,140342.5922,980,980,0,0
1788271846.1000,G_left_centre_left_right,G,left,0,left_right,,centre,76,140.1000,344.2000,59.3000,217.1000,218.9000,0.0000,345.0000,314.8000,23.7000,0.0000,168.6000,0.0000,108.3000,0.0000,0.28800,-0.11700,0.89700,-6.82000,7.09000,-14.75000,-0.94100,-0.02900,0.23800,-0.13000,6.59000,-2.96000,15.5,6.6,1.0,0.0,0.735978,0.321227,1.317140,-0.732023,0.339288,1.182133,-0.089600,0.486000,0.869300,0.003200,0.133500,0.542300,0.828800,0.034500,0.736022,0.321331,1.317238,-0.731361,0.338944,1.182506,1.110530,0.752937,2.279747,-1.650891,-1.982938,-0.712386,-0.556219,1.961987,-1.265170,1.601709,-1.453324,2.674338,0.128633,2.491469,1,1,1.0000,1.0000,-17.8823,-65.4073,-13.2000,-28.2000,0.040000,0.269152,0,0,1,1,0,0,0.0000,0.0000,,,,,1568,1568,0,0,1508,1519,60,36,0,13,0.53001,0.53958,,,,,,,,,,,,,,,,,,,,,,,140342.6228,982,982,0,0
1788271846.1090,G_left_centre_left_right,G,left,0,left_right,,centre,77,140.1000,344.2000,59.3000,217.1000,218.9000,0.0000,345.0000,314.8000,23.7000,0.0000,168.5000,0.0000,108.3000,0.0000,0.27300,-0.14200,0.89100,-7.82000,6.66000,-13.84000,-0.94200,-0.03200,0.23200,-0.12000,6.54000,-2.99000,14.9,6.7,1.0,0.0,0.735947,0.321213,1.317051,-0.732080,0.339318,1.182100,-0.089600,0.486000,0.869300,0.003200,0.133500,0.542300,0.828800,0.034500,0.735995,0.321244,1.317176,-0.731706,0.339128,1.182267,1.110664,0.753005,2.279727,-1.650993,-1.982864,-0.712477,-0.556159,1.962040,-1.265192,1.602017,-1.452513,2.674328,0.129461,2.491420,1,1,1.0000,1.0000,-18.7218,-65.2324,-13.2000,-28.2000,0.040000,0.269181,0,0,1,1,0,0,0.0000,0.0000,,,,,1570,1570,0,0,1510,1521,60,36,0,13,0.53001,0.53958,,,,,,,,,,,,,,,,,,,,,,,140342.6319,983,983,0,0
1788271846.1285,G_left_centre_left_right,G,left,0,left_right,,centre,78,140.1000,344.2000,59.3000,217.1000,218.9000,0.0000,345.0000,314.8000,23.7000,0.0000,168.6000,0.0000,108.4000,0.0000,0.29000,-0.15300,0.91400,-6.72000,6.27000,-13.15000,-0.94900,-0.02800,0.23900,-0.38000,5.85000,-3.41000,15.7,6.3,1.0,0.0,0.735927,0.321197,1.316999,-0.732235,0.339400,1.182018,-0.089600,0.486000,0.869300,0.003200,0.133500,0.542300,0.828800,0.034500,0.735995,0.321244,1.317176,-0.731706,0.339128,1.182267,1.110748,0.753068,2.279726,-1.651028,-1.982784,-0.712541,-0.556145,1.962084,-1.265205,1.602245,-1.451952,2.674325,0.130031,2.491381,1,1,1.0000,1.0000,-18.1791,-65.4806,-13.2000,-28.2000,0.040000,0.269152,0,0,1,1,0,0,0.0000,0.0000,,,,,1571,1571,0,0,1511,1522,60,36,0,13,0.52995,0.53984,,,,,,,,,,,,,,,,,,,,,,,140342.6513,984,984,0,0
1788271846.1524,G_left_centre_left_right,G,left,0,left_right,,centre,79,140.1000,344.2000,59.3000,217.1000,218.9000,0.0000,345.0000,314.8000,23.7000,0.0000,168.6000,0.0000,108.4000,0.0000,0.29000,-0.15300,0.91400,-6.72000,6.27000,-13.15000,-0.94900,-0.02800,0.23900,-0.38000,5.85000,-3.41000,16.0,6.2,1.0,0.0,0.735927,0.321197,1.316999,-0.732235,0.339400,1.182018,-0.089600,0.486000,0.869300,0.003200,0.133500,0.542300,0.828800,0.034500,0.735995,0.321244,1.317176,-0.731706,0.339128,1.182267,1.110795,0.753109,2.279727,-1.651039,-1.982724,-0.712576,-0.556145,1.962106,-1.265212,1.602359,-1.451685,2.674323,0.130300,2.491362,1,1,1.0000,1.0000,-18.1791,-65.4806,-13.2000,-28.2000,0.040000,0.269152,0,0,1,1,0,0,0.0000,0.0000,,,,,1571,1571,0,0,1511,1522,60,36,0,13,0.52995,0.53984,,,,,,,,,,,,,,,,,,,,,,,140342.6753,984,984,0,0
1788271846.1715,G_left_centre_left_right,G,left,0,left_right,,centre,80,139.0000,344.2000,59.3000,217.1000,218.9000,0.0000,345.2000,314.9000,23.6000,0.0000,168.7000,0.0000,108.1000,0.0000,0.31900,-0.08000,0.90200,4.86000,0.62000,-10.61000,-0.95500,-0.03000,0.21200,-3.73000,-3.29000,-0.73000,14.9,7.6,1.0,0.0,0.735917,0.321104,1.317032,-0.732524,0.339571,1.181869,-0.089600,0.486000,0.869300,0.003200,0.133500,0.542300,0.828800,0.034500,0.735995,0.321244,1.317176,-0.731706,0.339128,1.182267,1.110966,0.753251,2.279731,-1.651094,-1.982543,-0.712703,-0.556133,1.962165,-1.265229,1.602652,-1.451043,2.674321,0.130928,2.491310,1,1,1.0000,1.0000,-16.0694,-65.3332,-14.3000,-28.1000,0.040000,0.269122,0,0,1,1,0,0,0.0000,0.0000,,,,,1573,1573,0,0,1513,1524,60,36,0,13,0.52995,0.53984,,,,,,,,,,,,,,,,,,,,,,,140342.6943,986,986,0,0
1788271846.1886,G_left_centre_left_right,G,left,0,left_right,,centre,81,139.0000,344.2000,59.3000,217.1000,218.9000,0.0000,345.2000,314.9000,23.6000,0.0000,168.8000,0.0000,108.3000,0.0000,0.32400,-0.08300,0.91100,4.94000,1.85000,-12.34000,-0.95600,-0.03400,0.20100,-2.60000,-3.18000,0.43000,16.4,8.0,1.0,0.0,0.735920,0.321032,1.317096,-0.732495,0.339568,1.181885,-0.089600,0.486000,0.869300,0.003200,0.133500,0.542300,0.828800,0.034500,0.735920,0.321187,1.316975,-0.732141,0.339352,1.182036,1.111023,0.753266,2.279717,-1.651164,-1.982535,-0.712746,-0.556086,1.962212,-1.265236,1.602848,-1.450618,2.674325,0.131391,2.491270,1,1,1.0000,1.0000,-15.9776,-65.0573,-14.3000,-28.1000,0.040000,0.269093,0,0,1,1,0,0,0.0000,0.0000,,,,,1574,1574,0,0,1514,1525,60,36,0,13,0.52995,0.53984,,,,,,,,,,,,,,,,,,,,,,,140342.7114,987,987,0,0
1788271846.2279,G_left_centre_left_right,G,left,0,left_right,,centre,82,139.0000,344.2000,59.3000,217.1000,218.9000,0.0000,345.1000,314.9000,23.6000,0.0000,168.7000,0.0000,108.5000,0.0000,0.29400,-0.09100,0.92000,4.31000,2.11000,-12.90000,-0.95700,-0.03900,0.20400,-0.22000,-2.21000,0.30000,16.9,6.2,1.0,0.0,0.735891,0.320967,1.317051,-0.732375,0.339519,1.181946,-0.089600,0.486000,0.869300,0.003200,0.133500,0.542300,0.828800,0.034500,0.735920,0.321187,1.316975,-0.732141,0.339352,1.182036,1.111057,0.753188,2.279685,-1.651341,-1.982689,-0.712779,-0.555948,1.962277,-1.265247,1.603075,-1.449976,2.674329,0.132023,2.491223,1,1,1.0000,1.0000,-17.8546,-64.7802,-14.3000,-28.1000,0.040000,0.269122,0,0,1,1,0,0,0.0000,0.0000,,,,,1575,1575,0,0,1515,1526,60,36,0,13,0.52986,0.54015,,,,,,,,,,,,,,,,,,,,,,,140342.7507,988,988,0,0
1788271846.2291,G_left_centre_left_right,G,left,0,left_right,,centre,83,139.0000,344.2000,59.3000,217.1000,218.9000,0.0000,345.1000,314.9000,23.6000,0.0000,168.7000,0.0000,108.5000,0.0000,0.29400,-0.09100,0.92000,4.31000,2.11000,-12.90000,-0.95700,-0.03900,0.20400,-0.22000,-2.21000,0.30000,16.9,6.2,1.0,0.0,0.735891,0.320967,1.317051,-0.732375,0.339519,1.181946,-0.089600,0.486000,0.869300,0.003200,0.133500,0.542300,0.828800,0.034500,0.735920,0.321187,1.316975,-0.732141,0.339352,1.182036,1.111057,0.753188,2.279685,-1.651341,-1.982689,-0.712779,-0.555948,1.962277,-1.265247,1.603075,-1.449976,2.674329,0.132023,2.491223,1,1,1.0000,1.0000,-17.8546,-64.7802,-14.3000,-28.1000,0.040000,0.269122,0,0,1,1,0,0,0.0000,0.0000,,,,,1575,1575,0,0,1515,1526,60,36,0,13,0.52986,0.54015,,,,,,,,,,,,,,,,,,,,,,,140342.7520,988,988,0,0
1788271846.2604,G_left_centre_left_right,G,left,0,left_right,,centre,84,139.0000,344.2000,59.3000,217.1000,218.9000,0.0000,345.0000,314.9000,23.6000,0.0000,168.6000,0.0000,108.6000,0.0000,0.28500,-0.11400,0.89600,3.39000,1.18000,-8.98000,-0.95600,-0.04100,0.19700,2.20000,-1.20000,-0.56000,17.1,6.9,1.0,0.0,0.735837,0.320868,1.316953,-0.732160,0.339427,1.182053,-0.089600,0.486000,0.869300,0.003200,0.133500,0.542300,0.828800,0.034500,0.735873,0.320980,1.317034,-0.732455,0.339552,1.181823,1.111266,0.753000,2.279620,-1.651939,-1.983080,-0.712991,-0.555520,1.962354,-1.265262,1.603243,-1.449390,2.674325,0.132531,2.491186,1,1,1.0000,1.0000,-18.0267,-64.6289,-14.3000,-28.1000,0.040000,0.269150,0,0,1,1,0,0,0.0000,0.0000,,,,,1576,1576,0,0,1516,1527,60,36,0,13,0.52986,0.54015,,,,,,,,,,,,,,,,,,,,,,,140342.7833,990,990,0,0
1788271846.2685,G_left_centre_left_right,G,left,0,left_right,,centre,85,139.0000,344.2000,59.3000,217.1000,218.9000,0.0000,345.0000,314.9000,23.6000,0.0000,168.6000,0.0000,108.5000,0.0000,0.29400,-0.10100,0.90300,3.73000,0.72000,-7.11000,-0.96100,-0.03100,0.21100,1.72000,-0.83000,-0.03000,17.6,7.2,1.0,0.0,0.735821,0.320822,1.316937,-0.732217,0.339469,1.182020,-0.089600,0.486000,0.869300,0.003200,0.133500,0.542300,0.828800,0.034500,0.735873,0.320980,1.317034,-0.732455,0.339552,1.181823,1.111417,0.752986,2.279605,-1.652148,-1.983105,-0.713136,-0.555382,1.962374,-1.265271,1.603191,-1.449636,2.674315,0.132238,2.491189,1,1,1.0000,1.0000,-17.5894,-65.2783,-14.3000,-28.1000,0.040000,0.269150,0,0,1,1,0,0,0.0000,0.0000,,,,,1578,1578,0,0,1518,1529,60,36,0,13,0.52976,0.54038,,,,,,,,,,,,,,,,,,,,,,,140342.7913,991,991,0,0
1788271846.2931,G_left_centre_left_right,G,left,0,left_right,,centre,86,139.0000,344.2000,59.3000,217.1000,218.9000,0.0000,345.0000,314.9000,23.6000,0.0000,168.4000,0.0000,108.3000,0.0000,0.30200,-0.07300,0.90800,3.82000,-0.11000,-5.98000,-0.96200,-0.03600,0.20900,0.62000,-1.21000,0.27000,19.0,7.6,1.0,0.0,0.735814,0.320775,1.316948,-0.732185,0.339461,1.182029,-0.089600,0.486000,0.869300,0.003200,0.133500,0.542300,0.828800,0.034500,0.735873,0.320980,1.317034,-0.732455,0.339552,1.181823,1.111544,0.752989,2.279592,-1.652324,-1.983119,-0.713252,-0.555264,1.962375,-1.265278,1.603081,-1.449988,2.674303,0.131832,2.491206,1,1,1.0000,1.0000,-17.1124,-64.9819,-14.3000,-28.1000,0.040000,0.269206,0,0,1,1,0,0,0.0000,0.0000,,,,,1578,1578,0,0,1518,1529,60,36,0,13,0.52976,0.54038,,,,,,,,,,,,,,,,,,,,,,,140342.8159,992,992,0,0
1788271846.3108,G_left_centre_left_right,G,left,0,left_right,,centre,87,139.0000,344.2000,59.3000,217.1000,218.9000,0.0000,345.0000,314.9000,23.6000,0.0000,168.4000,0.0000,108.3000,0.0000,0.28900,-0.05300,0.90400,3.20000,-2.02000,-4.22000,-0.95200,-0.03400,0.21100,-0.06000,-1.49000,0.82000,18.5,7.7,1.0,0.0,0.735798,0.320733,1.316926,-0.732183,0.339469,1.182023,-0.089600,0.486000,0.869300,0.003200,0.133500,0.542300,0.828800,0.034500,0.735873,0.320980,1.317034,-0.732455,0.339552,1.181823,1.111635,0.752969,2.279572,-1.652493,-1.983177,-0.713332,-0.555143,1.962384,-1.265286,1.602993,-1.450376,2.674295,0.131412,2.491212,1,1,1.0000,1.0000,-17.6889,-65.0921,-14.3000,-28.1000,0.040000,0.269206,0,0,1,1,0,0,0.0000,0.0000,,,,,1580,1580,0,0,1520,1531,60,36,0,13,0.52976,0.54038,,,,,,,,,,,,,,,,,,,,,,,140342.8336,993,993,0,0
1788271846.3335,G_left_centre_left_right,G,left,0,left_right,,centre,88,139.0000,344.2000,59.3000,217.1000,218.9000,0.0000,345.0000,314.9000,23.6000,0.0000,168.4000,0.0000,108.3000,0.0000,0.32500,-0.04900,0.91300,2.11000,-1.79000,-3.67000,-0.95800,-0.03000,0.19400,-1.25000,-1.53000,1.24000,18.6,8.1,1.0,0.0,0.735811,0.320694,1.316999,-0.732226,0.339500,1.181994,-0.089600,0.486000,0.869300,0.003200,0.133500,0.542300,0.828800,0.034500,0.735809,0.320798,1.316948,-0.732233,0.339450,1.182058,1.111679,0.752949,2.279557,-1.652594,-1.983228,-0.713370,-0.555068,1.962398,-1.265302,1.602951,-1.450439,2.674283,0.131329,2.491213,1,1,1.0000,1.0000,-15.8078,-65.2570,-14.3000,-28.1000,0.040000,0.269206,0,0,1,1,0,0,0.0000,0.0000,,,,,1581,1581,0,0,1521,1532,60,36,0,13,0.52976,0.54019,,,,,,,,,,,,,,,,,,,,,,,140342.8564,994,994,0,0
1788271846.3527,G_left_centre_left_right,G,left,0,left_right,,centre,89,139.0000,344.2000,59.3000,217.1000,218.9000,0.0000,345.0000,314.9000,23.6000,0.0000,168.3000,0.0000,108.3000,0.0000,0.32400,-0.05900,0.89800,0.89000,-0.85000,-3.63000,-0.95800,-0.04000,0.20800,-1.77000,-1.66000,1.80000,17.9,8.3,1.0,0.0,0.735828,0.320652,1.317086,-0.732123,0.339453,1.182040,-0.089600,0.486000,0.869300,0.003200,0.133500,0.542300,0.828800,0.034500,0.735809,0.320798,1.316948,-0.732233,0.339450,1.182058,1.111776,0.752929,2.279527,-1.652750,-1.983288,-0.713443,-0.554953,1.962423,-1.265332,1.602912,-1.450344,2.674268,0.131441,2.491203,1,1,1.0000,1.0000,-15.6149,-64.7397,-14.3000,-28.1000,0.040000,0.269234,0,0,1,1,0,0,0.0000,0.0000,,,,,1581,1581,0,0,1521,1532,60,36,0,13,0.52976,0.54019,,,,,,,,,,,,,,,,,,,,,,,140342.8756,995,995,0,0
1788271846.3833,G_left_centre_left_right,G,left,0,left_right,,centre,90,139.0000,344.2000,59.3000,217.1000,218.9000,0.0000,345.0000,314.9000,23.6000,0.0000,168.3000,0.0000,108.4000,0.0000,0.31600,-0.08900,0.90300,0.94000,-0.58000,-3.81000,-0.94300,-0.03600,0.19300,-1.83000,-1.87000,1.90000,17.9,8.2,1.0,0.0,0.735833,0.320621,1.317123,-0.732076,0.339435,1.182058,-0.089600,0.486000,0.869300,0.003200,0.133500,0.542300,0.828800,0.034500,0.735809,0.320798,1.316948,-0.732233,0.339450,1.182058,1.111807,0.752827,2.279478,-1.652915,-1.983479,-0.713464,-0.554809,1.962439,-1.265349,1.602913,-1.450281,2.674261,0.131470,2.491192,1,1,1.0000,1.0000,-16.2953,-64.8850,-14.3000,-28.1000,0.040000,0.269234,0,0,1,1,0,0,0.0000,0.0000,,,,,1583,1583,0,0,1523,1534,60,36,0,13,0.52964,0.54019,,,,,,,,,,,,,,,,,,,,,,,140342.9062,996,996,0,0
1788271846.3896,G_left_centre_left_right,G,left,0,left_right,,centre,91,139.0000,344.2000,59.3000,217.1000,218.9000,0.0000,345.0000,314.9000,23.7000,0.0000,168.3000,0.0000,108.4000,0.0000,0.30900,-0.08800,0.89000,0.76000,-0.73000,-4.58000,-0.94600,-0.03900,0.19700,-2.11000,-1.85000,0.83000,17.9,8.2,1.0,0.0,0.735836,0.320589,1.317154,-0.731975,0.339388,1.182104,-0.089600,0.486000,0.869300,0.003200,0.133500,0.542300,0.828800,0.034500,0.735818,0.320668,1.317040,-0.732200,0.339487,1.181989,1.111812,0.752754,2.279447,-1.653016,-1.983621,-0.713465,-0.554719,1.962440,-1.265354,1.602907,-1.450249,2.674257,0.131482,2.491192,1,1,1.0000,1.0000,-16.4365,-64.7321,-14.3000,-28.1000,0.040000,0.269236,0,0,1,1,0,0,0.0000,0.0000,,,,,1584,1584,0,0,1524,1535,60,36,0,13,0.52964,0.54019,,,,,,,,,,,,,,,,,,,,,,,140342.9125,997,997,0,0
1788271846.4242,G_left_centre_left_right,G,left,0,left_right,,centre,92,139.0000,344.2000,59.3000,217.1000,218.9000,0.0000,345.0000,314.9000,23.7000,0.0000,168.3000,0.0000,108.4000,0.0000,0.30900,-0.08800,0.89000,0.76000,-0.73000,-4.58000,-0.94600,-0.03900,0.19700,-2.11000,-1.85000,0.83000,18.4,8.2,1.0,0.0,0.735836,0.320589,1.317154,-0.731975,0.339388,1.182104,-0.089600,0.486000,0.869300,0.003200,0.133500,0.542300,0.828800,0.034500,0.735818,0.320668,1.317040,-0.732200,0.339487,1.181989,1.111810,0.752613,2.279393,-1.653212,-1.983877,-0.713457,-0.554543,1.962438,-1.265367,1.602870,-1.450306,2.674246,0.131415,2.491195,1,1,1.0000,1.0000,-16.4365,-64.7321,-14.3000,-28.1000,0.040000,0.269236,0,0,1,1,0,0,0.0000,0.0000,,,,,1584,1584,0,0,1524,1535,60,36,0,13,0.52964,0.54019,,,,,,,,,,,,,,,,,,,,,,,140342.9470,997,997,0,0
1788271846.4329,G_left_centre_left_right,G,left,0,left_right,,centre,93,139.0000,344.2000,59.3000,217.1000,218.9000,0.0000,345.0000,314.9000,23.7000,0.0000,168.3000,0.0000,108.4000,0.0000,0.30600,-0.09400,0.90000,-0.36000,-0.85000,-2.78000,-0.94400,-0.04400,0.20700,-2.26000,-1.24000,-0.80000,18.3,8.6,1.0,0.0,0.735841,0.320534,1.317209,-0.731610,0.339208,1.182279,-0.089600,0.486000,0.869300,0.003200,0.133500,0.542300,0.828800,0.034500,0.735818,0.320668,1.317040,-0.732200,0.339487,1.181989,1.111828,0.752453,2.279307,-1.653456,-1.984124,-0.713455,-0.554330,1.962422,-1.265387,1.602742,-1.450689,2.674226,0.131045,2.491210,1,1,1.0000,1.0000,-16.8235,-64.4765,-14.3000,-28.1000,0.040000,0.269236,0,0,1,1,0,0,0.0000,0.0000,,,,,1586,1586,0,0,1526,1537,60,36,0,13,0.52961,0.54018,,,,,,,,,,,,,,,,,,,,,,,140342.9557,999,999,0,0
1788271846.4485,G_left_centre_left_right,G,left,0,left_right,,centre,94,138.9000,344.2000,59.3000,217.1000,218.9000,0.0000,345.0000,314.9000,23.7000,0.0000,168.3000,0.0000,108.4000,0.0000,0.30100,-0.09100,0.90200,-0.37000,-0.69000,0.69000,-0.95100,-0.04600,0.20900,-2.71000,-0.63000,-1.70000,18.0,8.2,1.0,0.0,0.735831,0.320508,1.317198,-0.731407,0.339107,1.182381,-0.089600,0.486000,0.869300,0.003200,0.133500,0.542300,0.828800,0.034500,0.735818,0.320668,1.317040,-0.732200,0.339487,1.181989,1.111848,0.752382,2.279259,-1.653579,-1.984248,-0.713456,-0.554221,1.962397,-1.265399,1.602594,-1.451071,2.674207,0.130662,2.491234,1,1,1.0000,1.0000,-17.1332,-64.3800,-14.4000,-28.1000,0.040000,0.269236,0,0,1,1,0,0,0.0000,0.0000,,,,,1587,1587,0,0,1527,1538,60,36,0,13,0.52961,0.54018,,,,,,,,,,,,,,,,,,,,,,,140342.9713,1000,1000,0,0
1788271846.4735,G_left_centre_left_right,G,left,0,left_right,,centre,95,138.9000,344.2000,59.3000,217.1000,218.9000,0.0000,345.0000,314.9000,23.7000,0.0000,168.3000,0.0000,108.4000,0.0000,0.31800,-0.07000,0.91700,0.76000,-1.14000,4.40000,-0.95400,-0.03900,0.21400,-3.23000,-0.66000,-2.06000,17.7,7.7,1.0,0.0,0.735834,0.320481,1.317225,-0.731386,0.339100,1.182387,-0.089600,0.486000,0.869300,0.003200,0.133500,0.542300,0.828800,0.034500,0.735833,0.320547,1.317199,-0.731909,0.339347,1.182164,1.111898,0.752338,2.279211,-1.653704,-1.984336,-0.713474,-0.554117,1.962359,-1.265410,1.602390,-1.451590,2.674186,0.130098,2.491271,1,1,1.0000,1.0000,-16.3702,-64.8120,-14.4000,-28.1000,0.040000,0.269236,0,0,1,1,0,0,0.0000,0.0000,,,,,1588,1588,0,0,1528,1539,60,36,0,13,0.52961,0.53996,,,,,,,,,,,,,,,,,,,,,,,140342.9964,1001,1001,0,0
1788271846.4886,G_left_centre_left_right,G,left,0,left_right,,centre,96,138.9000,344.2000,59.3000,217.1000,218.9000,0.0000,345.1000,314.9000,23.7000,0.0000,168.3000,0.0000,108.4000,0.0000,0.30800,-0.05400,0.89900,1.72000,-3.02000,9.72000,-0.95400,-0.03100,0.20900,-4.08000,-0.40000,-1.63000,18.0,8.0,1.0,0.0,0.735834,0.320457,1.317243,-0.731500,0.339165,1.182322,-0.089600,0.486000,0.869300,0.003200,0.133500,0.542300,0.828800,0.034500,0.735833,0.320547,1.317199,-0.731909,0.339347,1.182164,1.111935,0.752326,2.279186,-1.653762,-1.984360,-0.713488,-0.554068,1.962314,-1.265417,1.602149,-1.452223,2.674162,0.129448,2.491316,1,1,1.0000,1.0000,-16.5159,-65.2634,-14.4000,-28.1000,0.040000,0.269236,0,0,1,1,0,0,0.0000,0.0000,,,,,1589,1589,0,0,1529,1540,60,36,0,13,0.52959,0.53996,,,,,,,,,,,,,,,,,,,,,,,140343.0114,1002,1002,0,0
1788271846.5227,G_left_centre_left_right,G,left,0,left_right,,centre,97,138.9000,344.2000,59.3000,217.1000,218.9000,0.0000,345.1000,314.9000,23.7000,0.0000,168.3000,0.0000,108.4000,0.0000,0.30800,-0.05400,0.89900,1.72000,-3.02000,9.72000,-0.95400,-0.03100,0.20900,-4.08000,-0.40000,-1.63000,18.0,7.8,1.0,0.0,0.735834,0.320457,1.317243,-0.731500,0.339165,1.182322,-0.089600,0.486000,0.869300,0.003200,0.133500,0.542300,0.828800,0.034500,0.735833,0.320547,1.317199,-0.731909,0.339347,1.182164,1.111968,0.752297,2.279145,-1.653843,-1.984431,-0.713497,-0.553993,1.962269,-1.265429,1.601895,-1.452854,2.674134,0.128810,2.491364,1,1,1.0000,1.0000,-16.5159,-65.2634,-14.4000,-28.1000,0.040000,0.269236,0,0,1,1,0,0,0.0000,0.0000,,,,,1589,1589,0,0,1529,1540,60,36,0,13,0.52959,0.53996,,,,,,,,,,,,,,,,,,,,,,,140343.0455,1002,1002,0,0
1788271846.5429,G_left_centre_left_right,G,left,0,left_right,,centre,98,138.9000,344.2000,59.3000,217.1000,218.9000,0.0000,345.1000,314.9000,23.6000,0.0000,168.4000,0.0000,108.4000,0.0000,0.35900,-0.04300,0.89600,2.55000,-2.53000,9.54000,-0.95500,-0.03100,0.21900,-4.88000,-0.48000,-0.13000,18.8,7.8,1.0,0.0,0.735883,0.320416,1.317453,-0.731609,0.339228,1.182262,-0.089600,0.486000,0.869300,0.003200,0.133500,0.542300,0.828800,0.034500,0.735833,0.320547,1.317199,-0.731909,0.339347,1.182164,1.111983,0.752270,2.279121,-1.653906,-1.984488,-0.713500,-0.553938,1.962263,-1.265434,1.601813,-1.452994,2.674127,0.128688,2.491372,1,1,1.0000,1.0000,-13.5492,-65.2943,-14.4000,-28.1000,0.040000,0.269206,0,0,1,1,0,0,0.0000,0.0000,,,,,1590,1590,0,0,1530,1541,60,36,0,13,0.52959,0.53996,,,,,,,,,,,,,,,,,,,,,,,140343.0658,1003,1003,0,0
1788271846.5514,G_left_centre_left_right,G,left,0,left_right,,centre,99,138.9000,344.2000,59.3000,217.1000,218.9000,0.0000,345.2000,314.8000,23.6000,0.0000,168.4000,0.0000,108.5000,0.0000,0.32500,-0.04700,0.88400,4.51000,2.50000,5.79000,-0.93800,-0.03800,0.21400,-4.08000,0.37000,1.10000,17.1,8.1,1.0,0.0,0.735956,0.320351,1.317775,-0.731569,0.339197,1.182283,-0.089600,0.486000,0.869300,0.003200,0.133500,0.542300,0.828800,0.034500,0.735840,0.320464,1.317253,-0.731417,0.339117,1.182418,1.111954,0.752095,2.279032,-1.654063,-1.984651,-0.713450,-0.553785,1.962267,-1.265452,1.601782,-1.452979,2.674110,0.128735,2.491374,1,1,1.0000,1.0000,-15.2158,-64.8427,-14.4000,-28.2000,0.040000,0.269206,0,0,1,1,0,0,0.0000,0.0000,,,,,1592,1592,0,0,1532,1543,60,36,0,13,0.52957,0.53960,,,,,,,,,,,,,,,,,,,,,,,140343.0743,1005,1005,0,0
1788271846.5726,G_left_centre_left_right,G,left,0,left_right,,centre,100,138.8000,344.2000,59.3000,217.1000,218.9000,0.0000,345.3000,314.8000,23.6000,0.0000,168.4000,0.0000,108.0000,0.0000,0.30200,-0.05700,0.85900,3.69000,2.18000,6.08000,-0.94000,-0.03300,0.21000,-3.18000,1.20000,-0.25000,17.1,8.3,1.0,0.0,0.735952,0.320331,1.317774,-0.731623,0.339215,1.182256,-0.089600,0.486000,0.869300,0.003200,0.133500,0.542300,0.828800,0.034500,0.735840,0.320464,1.317253,-0.731417,0.339117,1.182418,1.111920,0.752029,2.279008,-1.654112,-1.984712,-0.713419,-0.553731,1.962273,-1.265457,1.601825,-1.452777,2.674106,0.128943,2.491370,1,1,1.0000,1.0000,-16.0854,-65.1314,-14.5000,-28.2000,0.040000,0.269206,0,0,1,1,0,0,0.0000,0.0000,,,,,1593,1593,0,0,1533,1544,60,36,0,13,0.52957,0.53960,,,,,,,,,,,,,,,,,,,,,,,140343.0954,1006,1006,0,0
1788271846.5891,G_left_centre_left_right,G,left,0,left_right,,centre,101,138.8000,344.2000,59.3000,217.1000,218.9000,0.0000,345.3000,314.8000,23.6000,0.0000,168.4000,0.0000,108.1000,0.0000,0.32100,-0.05300,0.85500,2.71000,1.99000,8.02000,-0.93500,-0.04100,0.21700,-2.21000,2.72000,-1.02000,17.3,8.0,1.0,0.0,0.735965,0.320307,1.317833,-0.731555,0.339167,1.182294,-0.089600,0.486000,0.869300,0.003200,0.133500,0.542300,0.828800,0.034500,0.735840,0.320464,1.317253,-0.731417,0.339117,1.182418,1.111804,0.751723,2.278896,-1.654370,-1.985403,-0.713302,-0.553425,1.962278,-1.265466,1.601901,-1.452418,2.674094,0.129362,2.491369,1,1,1.0000,1.0000,-14.8629,-64.6656,-14.5000,-28.2000,0.040000,0.269206,0,0,1,1,0,0,0.0000,0.0000,,,,,1594,1594,0,0,1534,1545,60,36,0,13,0.52957,0.53960,,,,,,,,,,,,,,,,,,,,,,,140343.1119,1007,1007,0,0
1788271846.6086,G_left_centre_left_right,G,left,0,left_right,,centre,102,138.8000,344.2000,59.3000,217.1000,218.9000,0.0000,345.3000,314.8000,23.6000,0.0000,168.4000,0.0000,108.1000,0.0000,0.34000,-0.03500,0.87000,1.84000,2.95000,11.62000,-0.93500,-0.03800,0.21500,-1.05000,3.28000,-1.91000,18.0,8.0,1.0,0.0,0.735991,0.320278,1.317948,-0.731538,0.339149,1.182305,-0.089600,0.486000,0.869300,0.003200,0.133500,0.542300,0.828800,0.034500,0.735938,0.320378,1.317619,-0.731550,0.339200,1.182264,1.111716,0.751455,2.278796,-1.654623,-1.985954,-0.713214,-0.553148,1.962276,-1.265468,1.601947,-1.452417,2.674089,0.129336,2.491369,1,1,1.0000,1.0000,-14.0014,-64.8397,-14.5000,-28.2000,0.040000,0.269206,0,0,1,1,0,0,0.0000,0.0000,,,,,1595,1595,0,0,1535,1546,60,36,0,13,0.52957,0.53960,,,,,,,,,,,,,,,,,,,,,,,140343.1315,1008,1008,0,0
1788271846.6293,G_left_centre_left_right,G,left,0,left_right,,centre,103,138.7000,344.2000,59.3000,217.1000,218.9000,0.0000,345.3000,314.8000,23.6000,0.0000,168.4000,0.0000,108.1000,0.0000,0.34900,-0.00200,0.88200,0.73000,4.05000,15.73000,-0.93600,-0.03400,0.23500,-0.44000,3.15000,-2.30000,17.0,8.5,1.0,0.0,0.736020,0.320243,1.318083,-0.731590,0.339168,1.182278,-0.089600,0.486000,0.869300,0.003200,0.133500,0.542300,0.828800,0.034500,0.735938,0.320378,1.317619,-0.731550,0.339200,1.182264,1.111665,0.751281,2.278726,-1.654798,-1.986223,-0.713158,-0.552972,1.962259,-1.265466,1.601958,-1.452410,2.674081,0.129246,2.491380,1,1,1.0000,1.0000,-13.5780,-65.1023,-14.6000,-28.2000,0.040000,0.269206,0,0,1,1,0,0,0.0000,0.0000,,,,,1595,1595,0,0,1535,1546,60,36,0,13,0.52957,0.53960,,,,,,,,,,,,,,,,,,,,,,,140343.1521,1009,1009,0,0
1788271846.6492,G_left_centre_left_right,G,left,0,left_right,,centre,104,138.7000,344.2000,59.3000,217.1000,218.9000,0.0000,345.3000,314.8000,23.6000,0.0000,168.5000,0.0000,108.2000,0.0000,0.35600,0.01300,0.87500,0.38000,5.07000,19.15000,-0.94900,-0.02500,0.22800,-1.08000,3.00000,-1.53000,18.2,8.6,1.0,0.0,0.736056,0.320209,1.318247,-0.731867,0.339304,1.182138,-0.089600,0.486000,0.869300,0.003200,0.133500,0.542300,0.828800,0.034500,0.735938,0.320378,1.317619,-0.731550,0.339200,1.182264,1.111610,0.751124,2.278655,-1.654942,-1.986476,-0.713097,-0.552820,1.962227,-1.265459,1.601942,-1.452562,2.674070,0.129158,2.491403,1,1,1.0000,1.0000,-12.9423,-65.6527,-14.6000,-28.2000,0.040000,0.269178,0,0,1,1,0,0,0.0000,0.0000,,,,,1597,1597,0,0,1537,1548,60,36,0,13,0.52962,0.53971,,,,,,,,,,,,,,,,,,,,,,,140343.1721,1010,1010,0,0
1788271846.6728,G_left_centre_left_right,G,left,0,left_right,,centre,105,138.7000,344.2000,59.3000,217.1000,218.9000,0.0000,345.3000,314.8000,23.6000,0.0000,168.5000,0.0000,108.0000,0.0000,0.34900,0.02700,0.87500,0.22000,5.68000,20.77000,-0.94800,-0.01700,0.22900,-2.98000,2.27000,-0.36000,18.7,9.0,1.0,0.0,0.736085,0.320178,1.318377,-0.732415,0.339583,1.181861,-0.089600,0.486000,0.869300,0.003200,0.133500,0.542300,0.828800,0.034500,0.736012,0.320267,1.317991,-0.731543,0.339151,1.182324,1.111538,0.750937,2.278573,-1.655101,-1.986825,-0.713021,-0.552639,1.962210,-1.265455,1.601955,-1.452700,2.674065,0.129113,2.491413,1,1,1.0000,1.0000,-13.2498,-66.1220,-14.6000,-28.2000,0.040000,0.269178,0,0,1,1,0,0,0.0000,0.0000,,,,,1597,1597,0,0,1537,1548,60,36,0,13,0.52962,0.53971,,,,,,,,,,,,,,,,,,,,,,,140343.1957,1011,1011,0,0
1788271846.6893,G_left_centre_left_right,G,left,0,left_right,,centre,106,138.7000,344.2000,59.3000,217.1000,218.9000,0.0000,345.3000,314.8000,23.6000,0.0000,168.6000,0.0000,108.1000,0.0000,0.32800,0.01800,0.88300,-0.67000,6.27000,21.68000,-0.95000,-0.02000,0.22200,-4.56000,2.37000,0.92000,19.0,9.0,1.0,0.0,0.736089,0.320158,1.318405,-0.732793,0.339773,1.181673,-0.089600,0.486000,0.869300,0.003200,0.133500,0.542300,0.828800,0.034500,0.736012,0.320267,1.317991,-0.731543,0.339151,1.182324,1.111498,0.750835,2.278532,-1.655186,-1.987016,-0.712980,-0.552541,1.962216,-1.265454,1.602001,-1.452587,2.674067,0.129223,2.491406,1,1,1.0000,1.0000,-14.6645,-65.9389,-14.6000,-28.2000,0.040000,0.269150,0,0,1,1,0,0,0.0000,0.0000,,,,,1599,1599,0,0,1539,1550,60,36,0,13,0.52966,0.53969,,,,,,,,,,,,,,,,,,,,,,,140343.2122,1012,1012,0,0
1788271846.7124,G_left_centre_left_right,G,left,0,left_right,,centre,107,138.7000,344.2000,59.3000,217.1000,218.9000,0.0000,345.3000,314.8000,23.6000,0.0000,168.7000,0.0000,108.4000,0.0000,0.31100,-0.00900,0.88000,-1.85000,6.61000,24.93000,-0.93300,-0.02300,0.22900,-5.11000,2.78000,0.45000,19.2,9.5,1.0,0.0,0.736080,0.320146,1.318377,-0.732982,0.339867,1.181583,-0.089600,0.486000,0.869300,0.003200,0.133500,0.542300,0.828800,0.034500,0.736012,0.320267,1.317991,-0.731543,0.339151,1.182324,1.111405,0.750598,2.278438,-1.655380,-1.987450,-0.712885,-0.552315,1.962243,-1.265452,1.602165,-1.452180,2.674075,0.129637,2.491378,1,1,1.0000,1.0000,-15.7334,-65.7502,-14.6000,-28.2000,0.040000,0.269122,0,0,1,1,0,0,0.0000,0.0000,,,,,1599,1599,0,0,1539,1550,60,36,0,13,0.52966,0.53969,,,,,,,,,,,,,,,,,,,,,,,140343.2353,1013,1013,0,0
1788271846.7341,G_left_centre_left_right,G,left,0,left_right,,centre,108,138.7000,344.2000,59.3000,217.1000,218.9000,0.0000,345.3000,314.8000,23.6000,0.0000,168.7000,0.0000,108.4000,0.0000,0.29600,-0.02500,0.88600,-2.55000,7.25000,29.89000,-0.92600,-0.04000,0.21800,-3.15000,4.09000,-1.22000,19.4,9.4,1.0,0.0,0.736056,0.320138,1.318298,-0.732811,0.339769,1.181680,-0.089600,0.486000,0.869300,0.003200,0.133500,0.542300,0.828800,0.034500,0.736012,0.320267,1.317991,-0.731543,0.339151,1.182324,1.111329,0.750331,2.278293,-1.655658,-1.987833,-0.712779,-0.552027,1.962332,-1.265450,1.602652,-1.450914,2.674099,0.130958,2.491295,1,1,1.0000,1.0000,-16.8081,-64.7081,-14.6000,-28.2000,0.040000,0.269122,0,0,1,1,0,0,0.0000,0.0000,,,,,1600,1600,0,0,1540,1551,60,36,0,13,0.52966,0.53969,,,,,,,,,,,,,,,,,,,,,,,140343.2569,1014,1014,0,0
1788271846.7497,G_left_centre_left_right,G,left,0,left_right,,centre,109,138.7000,344.2000,59.3000,217.1000,218.9000,0.0000,345.3000,314.8000,23.6000,0.0000,168.7000,0.0000,108.3000,0.0000,0.30200,-0.01700,0.90700,-1.13000,6.76000,37.81000,-0.92900,-0.04200,0.21300,0.49000,4.46000,-2.91000,18.8,9.3,1.0,0.0,0.736033,0.320131,1.318223,-0.732598,0.339649,1.181798,-0.089600,0.486000,0.869300,0.003200,0.133500,0.542300,0.828800,0.034500,0.736089,0.320153,1.318388,-0.732144,0.339461,1.181946,1.111365,0.750334,2.278252,-1.655710,-1.987811,-0.712780,-0.551985,1.962413,-1.265445,1.603092,-1.449677,2.674124,0.132278,2.491221,1,1,1.0000,1.0000,-16.8196,-64.5837,-14.6000,-28.2000,0.040000,0.269122,0,0,1,1,0,0,0.0000,0.0000,,,,,1602,1602,0,0,1542,1553,60,36,0,13,0.52966,0.53969,,,,,,,,,,,,,,,,,,,,,,,140343.2725,1015,1015,0,0
1788271846.7695,G_left_centre_left_right,G,left,0,left_right,,centre,110,138.7000,344.2000,59.3000,217.1000,218.9000,0.0000,345.3000,314.8000,23.6000,0.0000,168.8000,0.0000,108.1000,0.0000,0.33300,0.00800,0.91000,3.50000,5.26000,43.93000,-0.94000,-0.03200,0.22300,2.93000,3.96000,-2.88000,19.4,9.2,1.0,0.0,0.736037,0.320117,1.318244,-0.732612,0.339651,1.181798,-0.089600,0.486000,0.869300,0.003200,0.133500,0.542300,0.828800,0.034500,0.736089,0.320153,1.318388,-0.732144,0.339461,1.181946,1.111465,0.750437,2.278236,-1.655713,-1.987664,-0.712826,-0.551996,1.962459,-1.265438,1.603460,-1.448513,2.674139,0.133525,2.491178,1,1,1.0000,1.0000,-15.0033,-65.2205,-14.6000,-28.2000,0.040000,0.269093,0,0,1,1,0,0,0.0000,0.0000,,,,,1603,1603,0,0,1543,1554,60,36,0,13,0.52971,0.54015,,,,,,,,,,,,,,,,,,,,,,,140343.2924,1016,1016,0,0
1788271846.7999,G_left_centre_left_right,G,left,0,left_right,,centre,111,138.7000,344.2000,59.3000,217.1000,218.9000,0.0000,345.4000,314.8000,23.6000,0.0000,168.8000,0.0000,107.9000,0.0000,0.29000,0.04700,0.92900,8.68000,0.82000,50.62000,-0.95200,-0.01300,0.22400,1.90000,2.37000,-1.40000,19.5,9.2,1.0,0.0,0.736006,0.320114,1.318140,-0.733197,0.339956,1.181510,-0.089600,0.486000,0.869300,0.003200,0.133500,0.542300,0.828800,0.034500,0.736089,0.320153,1.318388,-0.732144,0.339461,1.181946,1.111557,0.750529,2.278213,-1.655724,-1.987546,-0.712865,-0.551996,1.962470,-1.265427,1.603549,-1.447769,2.674147,0.134378,2.491170,1,1,1.0000,1.0000,-17.5107,-66.3538,-14.6000,-28.2000,0.040000,0.269093,0,0,1,1,0,0,0.0000,0.0000,,,,,1603,1603,0,0,1543,1554,60,36,0,13,0.52971,0.54015,,,,,,,,,,,,,,,,,,,,,,,140343.3227,1017,1017,0,0
1788271846.8085,G_left_centre_left_right,G,left,0,left_right,,centre,112,138.7000,344.2000,59.3000,217.1000,218.9000,0.0000,345.5000,314.8000,23.6000,0.0000,168.8000,0.0000,107.9000,0.0000,0.28600,0.10700,0.90900,7.05000,-3.18000,59.07000,-0.96400,-0.00800,0.22700,-1.15000,1.37000,-0.49000,19.9,9.1,1.0,0.0,0.735985,0.320109,1.318071,-0.733958,0.340357,1.181135,-0.089600,0.486000,0.869300,0.003200,0.133500,0.542300,0.828800,0.034500,0.736033,0.320124,1.318223,-0.732643,0.339748,1.181464,1.111615,0.750564,2.278190,-1.655741,-1.987543,-0.712886,-0.551984,1.962476,-1.265412,1.603569,-1.447731,2.674156,0.134494,2.491169,1,1,1.0000,1.0000,-16.9410,-66.6526,-14.6000,-28.2000,0.040000,0.269093,0,0,1,1,0,0,0.0000,0.0000,,,,,1605,1605,0,0,1545,1556,60,36,0,13,0.52971,0.54015,,,,,,,,,,,,,,,,,,,,,,,140343.3313,1018,1018,0,0
1788271846.8644,G_left_centre_left_right,G,left,0,left_right,,centre,113,138.7000,344.2000,59.3000,217.1000,218.9000,0.0000,345.6000,314.8000,23.6000,0.0000,168.8000,0.0000,108.1000,0.0000,0.30100,0.07000,0.92900,-14.55000,-2.18000,72.44000,-0.95300,-0.02900,0.22400,-4.23000,0.37000,-0.70000,19.6,9.1,1.0,0.0,0.735967,0.320095,1.318013,-0.734190,0.340473,1.181029,-0.089600,0.486000,0.869300,0.003200,0.133500,0.542300,0.828800,0.034500,0.736033,0.320124,1.318223,-0.732643,0.339748,1.181464,1.111724,0.750674,2.278172,-1.655734,-1.987412,-0.712938,-0.552001,1.962530,-1.265399,1.603744,-1.448180,2.674177,0.133807,2.491129,1,1,1.0000,1.0000,-16.7464,-65.4185,-14.6000,-28.2000,0.040000,0.269093,0,0,1,1,0,0,0.0000,0.0000,,,,,1607,1607,0,0,1547,1558,60,36,0,13,0.52964,0.54059,,,,,,,,,,,,,,,,,,,,,,,140343.3872,1020,1020,0,0
1788271846.8656,G_left_centre_left_right,G,left,0,left_right,,centre,114,138.7000,344.2000,59.3000,217.1000,218.9000,0.0000,345.6000,314.8000,23.6000,0.0000,168.8000,0.0000,108.1000,0.0000,0.30100,0.07000,0.92900,-14.55000,-2.18000,72.44000,-0.95300,-0.02900,0.22400,-4.23000,0.37000,-0.70000,19.6,9.1,1.0,0.0,0.735967,0.320095,1.318013,-0.734190,0.340473,1.181029,-0.089600,0.486000,0.869300,0.003200,0.133500,0.542300,0.828800,0.034500,0.736033,0.320124,1.318223,-0.732643,0.339748,1.181464,1.111724,0.750674,2.278172,-1.655734,-1.987412,-0.712938,-0.552001,1.962530,-1.265399,1.603744,-1.448180,2.674177,0.133807,2.491129,1,1,1.0000,1.0000,-16.7464,-65.4185,-14.6000,-28.2000,0.040000,0.269093,0,0,1,1,0,0,0.0000,0.0000,,,,,1607,1607,0,0,1547,1558,60,36,0,13,0.52964,0.54059,,,,,,,,,,,,,,,,,,,,,,,140343.3884,1020,1020,0,0
1788271846.8696,G_left_centre_left_right,G,left,0,left_right,,centre,115,138.7000,344.2000,59.3000,217.1000,218.9000,0.0000,345.5000,314.8000,23.6000,0.0000,168.7000,0.0000,108.1000,0.0000,0.27500,-0.01700,0.93000,-24.10000,-0.12000,80.61000,-0.93500,-0.04400,0.21500,-1.40000,0.24000,-1.73000,19.4,8.6,1.0,0.0,0.735917,0.320099,1.317851,-0.733798,0.340259,1.181236,-0.089600,0.486000,0.869300,0.003200,0.133500,0.542300,0.828800,0.034500,0.736033,0.320124,1.318223,-0.732643,0.339748,1.181464,1.111844,0.750790,2.278152,-1.655739,-1.987188,-0.712994,-0.552012,1.962638,-1.265384,1.604168,-1.448067,2.674213,0.133177,2.491045,1,1,1.0000,1.0000,-18.7530,-64.4822,-14.6000,-28.2000,0.040000,0.269122,0,0,1,1,0,0,0.0000,0.0000,,,,,1608,1608,0,0,1548,1559,60,36,0,13,0.52964,0.54059,,,,,,,,,,,,,,,,,,,,,,,140343.3924,1021,1021,0,0
1788271846.8894,G_left_centre_left_right,G,left,0,left_right,,centre,116,138.7000,344.2000,59.3000,217.1000,218.9000,0.0000,345.5000,314.8000,23.6000,0.0000,168.6000,0.0000,108.1000,0.0000,0.23500,-0.10400,0.92600,-27.71000,0.70000,87.31000,-0.92100,-0.04700,0.20500,2.89000,0.12000,-3.47000,19.3,8.4,1.0,0.0,0.735791,0.320120,1.317469,-0.733264,0.339969,1.181516,-0.089600,0.486000,0.869300,0.003200,0.133500,0.542300,0.828800,0.034500,0.735984,0.320102,1.318066,-0.733097,0.339876,1.181683,1.111920,0.750872,2.278148,-1.655727,-1.987127,-0.713035,-0.552033,1.962716,-1.265372,1.604491,-1.447206,2.674243,0.133505,2.490982,1,1,1.0000,1.0000,-21.3637,-64.2409,-14.6000,-28.2000,0.040000,0.269150,0,0,1,1,0,0,0.0000,0.0000,,,,,1609,1609,0,0,1549,1560,60,36,0,13,0.52964,0.54059,,,,,,,,,,,,,,,,,,,,,,,140343.4122,1022,1022,0,0
1788271846.9168,G_left_centre_left_right,G,left,0,left_right,,centre,117,138.7000,344.2000,59.3000,217.1000,218.9000,0.0000,345.5000,314.8000,23.6000,0.0000,168.5000,0.0000,108.1000,0.0000,0.22800,-0.17300,0.91900,-24.37000,-2.34000,88.44000,-0.93700,-0.03100,0.21000,6.31000,-1.01000,-4.40000,19.0,8.3,1.0,0.0,0.735665,0.320143,1.317090,-0.733235,0.339952,1.181527,-0.089600,0.486000,0.869300,0.003200,0.133500,0.542300,0.828800,0.034500,0.735984,0.320102,1.318066,-0.733097,0.339876,1.181683,1.112114,0.751143,2.278191,-1.655642,-1.986693,-0.713175,-0.552139,1.962766,-1.265355,1.604773,-1.445810,2.674270,0.135285,2.490942,1,1,1.0000,1.0000,-21.8415,-65.2463,-14.6000,-28.2000,0.040000,0.269178,0,0,1,1,0,0,0.0000,0.0000,,,,,1610,1610,0,0,1550,1561,60,36,0,13,0.52959,0.54071,,,,,,,,,,,,,,,,,,,,,,,140343.4396,1023,1023,0,0
1788271846.9290,G_left_centre_left_right,G,left,0,left_right,,centre,118,138.7000,344.2000,59.3000,217.1000,218.9000,0.0000,345.5000,314.8000,23.6000,0.0000,168.3000,0.0000,108.0000,0.0000,0.27200,-0.22800,0.90800,-17.72000,-4.91000,84.95000,-0.94900,-0.02100,0.22000,5.98000,-2.92000,-3.88000,19.2,8.2,1.0,0.0,0.735628,0.320145,1.316968,-0.733447,0.340062,1.181404,-0.089600,0.486000,0.869300,0.003200,0.133500,0.542300,0.828800,0.034500,0.735984,0.320102,1.318066,-0.733097,0.339876,1.181683,1.112229,0.751348,2.278234,-1.655575,-1.986369,-0.713276,-0.552218,1.962768,-1.265349,1.604790,-1.445461,2.674275,0.135970,2.490940,1,1,1.0000,1.0000,-19.2272,-65.8756,-14.6000,-28.2000,0.040000,0.269234,0,0,1,1,0,0,0.0000,0.0000,,,,,1611,1611,0,0,1551,1562,60,36,0,13,0.52959,0.54071,,,,,,,,,,,,,,,,,,,,,,,140343.4518,1024,1024,0,0
1788271846.9524,G_left_centre_left_right,G,left,0,left_right,,centre,119,138.7000,344.2000,59.3000,217.1000,218.9000,0.0000,345.5000,314.8000,23.6000,0.0000,168.3000,0.0000,108.0000,0.0000,0.27200,-0.22800,0.90800,-17.72000,-4.91000,84.95000,-0.94900,-0.02100,0.22000,5.98000,-2.92000,-3.88000,19.2,8.2,1.0,0.0,0.735628,0.320145,1.316968,-0.733447,0.340062,1.181404,-0.089600,0.486000,0.869300,0.003200,0.133500,0.542300,0.828800,0.034500,0.735984,0.320102,1.318066,-0.733097,0.339876,1.181683,1.112344,0.751554,2.278277,-1.655508,-1.986043,-0.713377,-0.552298,1.962765,-1.265343,1.604778,-1.445375,2.674281,0.136736,2.490940,1,1,1.0000,1.0000,-19.2272,-65.8756,-14.6000,-28.2000,0.040000,0.269234,0,0,1,1,0,0,0.0000,0.0000,,,,,1611,1611,0,0,1551,1562,60,36,0,13,0.52959,0.54071,,,,,,,,,,,,,,,,,,,,,,,140343.4752,1024,1024,0,0
1788271846.9744,G_left_centre_left_right,G,left,0,left_right,,centre,120,139.1000,344.2000,59.3000,217.1000,218.9000,0.0000,345.9000,314.7000,23.6000,0.0000,167.2000,0.0000,107.5000,0.0000,0.28300,-0.11600,0.90900,1.22000,1.24000,0.67000,-0.94400,-0.02000,0.23600,1.61000,3.74000,-4.85000,17.2,7.4,1.0,0.0,0.735616,0.320158,1.316900,-0.734001,0.340331,1.181070,-0.089600,0.486000,0.869300,0.003200,0.133500,0.542300,0.828800,0.034500,0.735768,0.320111,1.317510,-0.733283,0.340040,1.181279,1.112768,0.752257,2.278410,-1.655282,-1.985004,-0.713730,-0.552577,1.962765,-1.265329,1.604772,-1.445426,2.674300,0.138700,2.490933,1,1,1.0000,1.0000,-18.3773,-65.9431,-14.2000,-28.3000,0.040000,0.269525,0,0,1,1,0,0,0.0000,0.0000,,,,,1613,1613,0,0,1553,1564,60,36,0,13,0.52941,0.54109,,,,,,,,,,,,,,,,,,,,,,,140343.4972,1026,1026,0,0
1788271846.9941,G_left_centre_left_right,G,left,0,left_right,,centre,121,139.1000,344.2000,59.3000,217.1000,218.9000,0.0000,345.9000,314.7000,23.6000,0.0000,167.3000,0.0000,107.4000,0.0000,0.27500,-0.12700,0.92200,1.02000,0.94000,1.13000,-0.93700,-0.01400,0.22400,-1.18000,2.08000,-5.38000,17.4,7.8,1.0,0.0,0.735593,0.320179,1.316806,-0.734351,0.340492,1.180853,-0.089600,0.486000,0.869300,0.003200,0.133500,0.542300,0.828800,0.034500,0.735768,0.320111,1.317510,-0.733283,0.340040,1.181279,1.112997,0.752574,2.278465,-1.655164,-1.984645,-0.713908,-0.552726,1.962795,-1.265326,1.604866,-1.445438,2.674319,0.139128,2.490897,1,1,1.0000,1.0000,-19.0873,-66.2865,-14.2000,-28.3000,0.040000,0.269500,0,0,1,1,0,0,0.0000,0.0000,,,,,1614,1614,0,0,1554,1565,60,36,0,13,0.52941,0.54109,,,,,,,,,,,,,,,,,,,,,,,140343.5170,1027,1027,0,0
1788271847.0085,G_left_centre_left_right,G,left,0,left_right,,centre,122,139.1000,344.2000,59.3000,217.1000,218.9000,0.0000,345.9000,314.8000,23.6000,0.0000,167.4000,0.0000,107.3000,0.0000,0.29400,-0.12800,0.90500,1.44000,0.88000,1.37000,-0.94900,-0.01800,0.23100,-3.79000,0.94000,-4.79000,17.8,7.8,1.0,0.0,0.735595,0.320191,1.316796,-0.734522,0.340587,1.180732,-0.089600,0.486000,0.869300,0.003200,0.133500,0.542300,0.828800,0.034500,0.735768,0.320111,1.317510,-0.733283,0.340040,1.181279,1.113093,0.752697,2.278485,-1.655084,-1.984559,-0.713974,-0.552808,1.962819,-1.265333,1.605055,-1.445077,2.674330,0.138903,2.490854,1,1,1.0000,1.0000,-17.7200,-66.0656,-14.2000,-28.2000,0.040000,0.269474,0,0,1,1,0,0,0.0000,0.0000,,,,,1615,1615,0,0,1555,1566,60,36,0,13,0.52941,0.54109,,,,,,,,,,,,,,,,,,,,,,,140343.5313,1028,1028,0,0
1788271847.0285,G_left_centre_left_right,G,left,0,left_right,,centre,123,139.1000,344.2000,59.3000,217.1000,218.9000,0.0000,345.9000,314.8000,23.6000,0.0000,167.5000,0.0000,107.4000,0.0000,0.28600,-0.13500,0.91400,1.73000,1.23000,2.00000,-0.94200,-0.02500,0.22900,-4.48000,-0.66000,-4.19000,17.3,7.6,1.0,0.0,0.735588,0.320204,1.316755,-0.734499,0.340577,1.180724,-0.089600,0.486000,0.869300,0.003200,0.133500,0.542300,0.828800,0.034500,0.735625,0.320153,1.316922,-0.733380,0.340055,1.181336,1.113131,0.752784,2.278493,-1.655002,-1.984444,-0.713979,-0.552871,1.962843,-1.265350,1.605263,-1.444598,2.674341,0.138384,2.490797,1,1,1.0000,1.0000,-18.3540,-65.6440,-14.2000,-28.2000,0.040000,0.269448,0,0,1,1,0,0,0.0000,0.0000,,,,,1616,1616,0,0,1556,1567,60,36,0,13,0.52941,0.54109,,,,,,,,,,,,,,,,,,,,,,,140343.5513,1029,1029,0,0
1788271847.0633,G_left_centre_left_right,G,left,0,left_right,,centre,124,139.1000,344.2000,59.3000,217.1000,218.9000,0.0000,345.9000,314.8000,23.6000,0.0000,167.5000,0.0000,107.4000,0.0000,0.28600,-0.13500,0.91400,1.73000,1.23000,2.00000,-0.94200,-0.02500,0.22900,-4.48000,-0.66000,-4.19000,17.3,7.6,1.0,0.0,0.735588,0.320204,1.316755,-0.734499,0.340577,1.180724,-0.089600,0.486000,0.869300,0.003200,0.133500,0.542300,0.828800,0.034500,0.735625,0.320153,1.316922,-0.733380,0.340055,1.181336,1.113153,0.752839,2.278497,-1.654955,-1.984336,-0.713980,-0.552911,1.962859,-1.265364,1.605394,-1.444326,2.674346,0.138169,2.490760,1,1,1.0000,1.0000,-18.3540,-65.6440,-14.2000,-28.2000,0.040000,0.269448,0,0,1,1,0,0,0.0000,0.0000,,,,,1616,1616,0,0,1556,1567,60,36,0,13,0.52941,0.54109,,,,,,,,,,,,,,,,,,,,,,,140343.5861,1029,1029,0,0
1788271847.0736,G_left_centre_left_right,G,left,0,left_right,,centre,125,139.1000,344.2000,59.3000,217.1000,218.9000,0.0000,345.9000,314.8000,23.4000,0.0000,167.7000,0.0000,108.0000,0.0000,0.28700,-0.14300,0.92400,2.84000,1.53000,1.33000,-0.94300,-0.03600,0.23600,-3.87000,-2.07000,-4.18000,16.0,7.7,1.0,0.0,0.735579,0.320218,1.316710,-0.734302,0.340473,1.180816,-0.089600,0.486000,0.869300,0.003200,0.133500,0.542300,0.828800,0.034500,0.735625,0.320153,1.316922,-0.733380,0.340055,1.181336,1.113178,0.752904,2.278504,-1.654894,-1.984192,-0.713983,-0.552964,1.962874,-1.265377,1.605524,-1.444056,2.674352,0.137957,2.490722,1,1,1.0000,1.0000,-18.4921,-64.9996,-14.2000,-28.2000,0.040000,0.269390,0,0,1,1,0,0,0.0000,0.0000,,,,,1617,1617,0,0,1557,1568,60,36,0,13,0.52926,0.54120,,,,,,,,,,,,,,,,,,,,,,,140343.5965,1030,1030,0,0
1788271847.0887,G_left_centre_left_right,G,left,0,left_right,,centre,126,139.1000,344.2000,59.3000,217.1000,218.9000,0.0000,346.1000,314.8000,23.4000,0.0000,167.9000,0.0000,108.3000,0.0000,0.28200,-0.14200,0.90100,5.45000,0.93000,-0.69000,-0.94500,-0.03300,0.22100,-3.69000,-3.85000,-3.45000,15.7,7.7,1.0,0.0,0.735560,0.320244,1.316621,-0.733988,0.340308,1.180966,-0.089600,0.486000,0.869300,0.003200,0.133500,0.542300,0.828800,0.034500,0.735575,0.320214,1.316721,-0.734120,0.340409,1.180901,1.113275,0.753137,2.278520,-1.654691,-1.983799,-0.713998,-0.553144,1.962915,-1.265439,1.606002,-1.442960,2.674371,0.138697,2.490577,1,1,1.0000,1.0000,-18.3764,-65.1663,-14.2000,-28.2000,0.040000,0.269337,0,0,1,1,0,0,0.0000,0.0000,,,,,1619,1619,0,0,1559,1570,60,36,0,13,0.52926,0.54120,,,,,,,,,,,,,,,,,,,,,,,140343.6115,1032,1032,0,0
1788271847.1099,G_left_centre_left_right,G,left,0,left_right,,centre,127,139.1000,344.2000,59.3000,217.1000,218.9000,0.0000,346.1000,314.8000,23.5000,0.0000,167.8000,0.0000,108.1000,0.0000,0.28400,-0.14100,0.88900,6.33000,0.60000,-1.11000,-0.96400,-0.03400,0.21800,-3.17000,-3.48000,-3.89000,18.3,7.3,1.0,0.0,0.735560,0.320251,1.316609,-0.733882,0.340253,1.181014,-0.089600,0.486000,0.869300,0.003200,0.133500,0.542300,0.828800,0.034500,0.735575,0.320214,1.316721,-0.734120,0.340409,1.180901,1.113299,0.753189,2.278523,-1.654651,-1.983722,-0.714004,-0.553180,1.962912,-1.265450,1.606028,-1.442884,2.674374,0.139165,2.490560,1,1,1.0000,1.0000,-18.0452,-65.1299,-14.2000,-28.2000,0.040000,0.269366,0,0,1,1,0,0,0.0000,0.0000,,,,,1620,1620,0,0,1560,1571,60,36,0,13,0.52924,0.54154,,,,,,,,,,,,,,,,,,,,,,,140343.6328,1033,1033,0,0
1788271847.1438,G_left_centre_left_right,G,left,0,left_right,,centre,128,139.1000,344.2000,59.3000,217.1000,218.9000,0.0000,346.1000,314.8000,23.5000,0.0000,167.8000,0.0000,108.1000,0.0000,0.28400,-0.14100,0.88900,6.33000,0.60000,-1.11000,-0.96400,-0.03400,0.21800,-3.17000,-3.48000,-3.89000,17.2,7.2,1.0,0.0,0.735560,0.320251,1.316609,-0.733882,0.340253,1.181014,-0.089600,0.486000,0.869300,0.003200,0.133500,0.542300,0.828800,0.034500,0.735575,0.320214,1.316721,-0.734120,0.340409,1.180901,1.113346,0.753290,2.278519,-1.654568,-1.983580,-0.714006,-0.553248,1.962900,-1.265473,1.606058,-1.442842,2.674380,0.140028,2.490528,1,1,1.0000,1.0000,-18.0452,-65.1299,-14.2000,-28.2000,0.040000,0.269366,0,0,1,1,0,0,0.0000,0.0000,,,,,1620,1620,0,0,1560,1571,60,36,0,13,0.52924,0.54154,,,,,,,,,,,,,,,,,,,,,,,140343.6666,1033,1033,0,0
1788271847.1495,G_left_centre_left_right,G,left,0,left_right,,centre,129,139.2000,344.2000,59.3000,217.1000,218.9000,0.0000,346.0000,314.8000,23.5000,0.0000,167.9000,0.0000,108.1000,0.0000,0.27900,-0.13100,0.88800,5.03000,1.76000,-0.11000,-0.94900,-0.03900,0.20800,-3.02000,-3.19000,-2.70000,17.1,7.4,1.0,0.0,0.735564,0.320275,1.316592,-0.733406,0.340001,1.181251,-0.089600,0.486000,0.869300,0.003200,0.133500,0.542300,0.828800,0.034500,0.735575,0.320214,1.316721,-0.734120,0.340409,1.180901,1.113372,0.753340,2.278514,-1.654515,-1.983512,-0.714001,-0.553293,1.962867,-1.265509,1.606039,-1.443025,2.674385,0.140697,2.490490,1,1,1.0000,1.0000,-18.2874,-64.7837,-14.1000,-28.2000,0.040000,0.269340,0,0,1,1,0,0,0.0000,0.0000,,,,,1622,1622,0,0,1562,1573,60,36,0,13,0.52924,0.54154,,,,,,,,,,,,,,,,,,,,,,,140343.6724,1035,1035,0,0
1788271847.1728,G_left_centre_left_right,G,left,0,left_right,,centre,130,139.2000,344.2000,59.3000,217.1000,218.9000,0.0000,346.0000,314.8000,23.5000,0.0000,167.9000,0.0000,108.1000,0.0000,0.27900,-0.13100,0.88800,5.03000,1.76000,-0.11000,-0.94900,-0.03900,0.20800,-3.02000,-3.19000,-2.70000,17.1,7.4,1.0,0.0,0.735564,0.320275,1.316592,-0.733406,0.340001,1.181251,-0.089600,0.486000,0.869300,0.003200,0.133500,0.542300,0.828800,0.034500,0.735563,0.320253,1.316615,-0.733815,0.340242,1.181029,1.113371,0.753349,2.278502,-1.654492,-1.983498,-0.713981,-0.553305,1.962847,-1.265520,1.605997,-1.443155,2.674383,0.140426,2.490488,1,1,1.0000,1.0000,-18.2874,-64.7837,-14.1000,-28.2000,0.040000,0.269340,0,0,1,1,0,0,0.0000,0.0000,,,,,1622,1622,0,0,1562,1573,60,36,0,13,0.52924,0.54154,,,,,,,,,,,,,,,,,,,,,,,140343.6957,1035,1035,0,0
1788271847.1905,G_left_centre_left_right,G,left,0,left_right,,centre,131,139.1000,344.2000,59.3000,217.1000,218.9000,0.0000,346.0000,314.8000,23.5000,0.0000,167.9000,0.0000,108.0000,0.0000,0.26400,-0.14600,0.89200,4.70000,1.52000,2.08000,-0.95600,-0.04400,0.21000,-1.85000,-2.26000,-1.94000,17.7,7.2,1.0,0.0,0.735541,0.320293,1.316501,-0.732957,0.339762,1.181479,-0.089600,0.486000,0.869300,0.003200,0.133500,0.542300,0.828800,0.034500,0.735563,0.320253,1.316615,-0.733815,0.340242,1.181029,1.113377,0.753393,2.278480,-1.654424,-1.983426,-0.713948,-0.553354,1.962767,-1.265550,1.605783,-1.443835,2.674371,0.139109,2.490501,1,1,1.0000,1.0000,-19.2744,-64.5104,-14.2000,-28.2000,0.040000,0.269340,0,0,1,1,0,0,0.0000,0.0000,,,,,1624,1624,0,0,1564,1575,60,36,0,13,0.52924,0.54149,,,,,,,,,,,,,,,,,,,,,,,140343.7134,1037,1037,0,0
1788271847.2093,G_left_centre_left_right,G,left,0,left_right,,centre,132,139.3000,344.2000,59.3000,217.1000,218.9000,0.0000,346.0000,314.8000,23.5000,0.0000,167.7000,0.0000,108.0000,0.0000,0.26500,-0.14400,0.88700,5.69000,0.53000,3.20000,-0.95800,-0.04100,0.21300,-1.56000,-1.60000,-1.18000,17.8,7.1,1.0,0.0,0.735526,0.320313,1.316439,-0.732750,0.339652,1.181579,-0.089600,0.486000,0.869300,0.003200,0.133500,0.542300,0.828800,0.034500,0.735563,0.320253,1.316615,-0.733815,0.340242,1.181029,1.113409,0.753467,2.278473,-1.654364,-1.983343,-0.713945,-0.553402,1.962697,-1.265566,1.605541,-1.444607,2.674360,0.137867,2.490527,1,1,1.0000,1.0000,-19.1257,-64.6992,-14.0000,-28.2000,0.040000,0.269393,0,0,1,1,0,0,0.0000,0.0000,,,,,1625,1625,0,0,1565,1576,60,36,0,13,0.52924,0.54149,,,,,,,,,,,,,,,,,,,,,,,140343.7322,1038,1038,0,0
1788271847.2304,G_left_centre_left_right,G,left,0,left_right,,centre,133,139.2000,344.2000,59.3000,217.1000,218.9000,0.0000,346.0000,314.8000,23.6000,0.0000,167.7000,0.0000,107.9000,0.0000,0.28400,-0.14600,0.88700,6.79000,0.30000,3.83000,-0.96700,-0.05000,0.20700,-0.85000,-0.63000,-0.86000,16.8,7.1,1.0,0.0,0.735529,0.320320,1.316440,-0.732324,0.339426,1.181796,-0.089600,0.486000,0.869300,0.003200,0.133500,0.542300,0.828800,0.034500,0.735557,0.320287,1.316548,-0.733478,0.340032,1.181280,1.113425,0.753501,2.278472,-1.654338,-1.983314,-0.713947,-0.553424,1.962618,-1.265576,1.605253,-1.445463,2.674349,0.136735,2.490567,1,1,1.0000,1.0000,-18.0234,-64.1726,-14.1000,-28.2000,0.040000,0.269396,0,0,1,1,0,0,0.0000,0.0000,,,,,1626,1626,0,0,1566,1577,60,36,0,13,0.52924,0.54149,,,,,,,,,,,,,,,,,,,,,,,140343.7532,1039,1039,0,0
1788271847.2526,G_left_centre_left_right,G,left,0,left_right,,centre,134,139.2000,344.2000,59.3000,217.1000,218.9000,0.0000,346.0000,314.8000,23.6000,0.0000,167.7000,0.0000,107.9000,0.0000,0.28400,-0.14600,0.88700,6.79000,0.30000,3.83000,-0.96700,-0.05000,0.20700,-0.85000,-0.63000,-0.86000,16.6,7.1,1.0,0.0,0.735529,0.320320,1.316440,-0.732324,0.339426,1.181796,-0.089600,0.486000,0.869300,0.003200,0.133500,0.542300,0.828800,0.034500,0.735557,0.320287,1.316548,-0.733478,0.340032,1.181280,1.113444,0.753545,2.278477,-1.654307,-1.983241,-0.713955,-0.553452,1.962571,-1.265581,1.605068,-1.446006,2.674343,0.136145,2.490592,1,1,1.0000,1.0000,-18.0234,-64.1726,-14.1000,-28.2000,0.040000,0.269396,0,0,1,1,0,0,0.0000,0.0000,,,,,1626,1626,0,0,1566,1577,60,36,0,13,0.52924,0.54149,,,,,,,,,,,,,,,,,,,,,,,140343.7755,1039,1039,0,0
1788271847.2831,G_left_centre_left_right,G,left,0,left_right,,centre,135,139.1000,344.2000,59.3000,217.1000,218.9000,0.0000,346.0000,314.8000,23.6000,0.0000,167.6000,0.0000,107.8000,0.0000,0.28000,-0.12300,0.87800,8.95000,0.16000,4.84000,-0.96400,-0.04300,0.21400,0.11000,0.24000,0.40000,16.0,7.3,1.0,0.0,0.735541,0.320328,1.316462,-0.731628,0.339055,1.182147,-0.089600,0.486000,0.869300,0.003200,0.133500,0.542300,0.828800,0.034500,0.735557,0.320287,1.316548,-0.733478,0.340032,1.181280,1.113479,0.753695,2.278511,-1.654153,-1.982966,-0.713970,-0.553583,1.962421,-1.265591,1.604468,-1.447678,2.674319,0.134416,2.490684,1,1,1.0000,1.0000,-18.0228,-64.5972,-14.2000,-28.2000,0.040000,0.269422,0,0,1,1,0,0,0.0000,0.0000,,,,,1627,1627,0,0,1567,1578,60,36,0,13,0.52924,0.54108,,,,,,,,,,,,,,,,,,,,,,,140343.8059,1041,1041,0,0
1788271847.2894,G_left_centre_left_right,G,left,0,left_right,,centre,136,139.1000,344.2000,59.3000,217.1000,218.9000,0.0000,346.0000,314.8000,23.6000,0.0000,167.6000,0.0000,107.7000,0.0000,0.28200,-0.10900,0.87700,8.45000,-0.19000,6.39000,-0.95100,-0.04900,0.20400,0.21000,0.35000,0.98000,16.2,7.2,1.0,0.0,0.735545,0.320329,1.316471,-0.731288,0.338873,1.182318,-0.089600,0.486000,0.869300,0.003200,0.133500,0.542300,0.828800,0.034500,0.735557,0.320287,1.316548,-0.733478,0.340032,1.181280,1.113481,0.753701,2.278489,-1.654133,-1.982962,-0.713943,-0.553595,1.962304,-1.265590,1.603994,-1.448876,2.674297,0.133173,2.490771,1,1,1.0000,1.0000,-17.8382,-64.1845,-14.2000,-28.2000,0.040000,0.269422,0,0,1,1,0,0,0.0000,0.0000,,,,,1629,1629,0,0,1569,1580,60,36,0,13,0.52924,0.54108,,,,,,,,,,,,,,,,,,,,,,,140343.8122,1042,1042,0,0
1788271847.3085,G_left_centre_left_right,G,left,0,left_right,,centre,137,139.1000,344.2000,59.3000,217.1000,218.9000,0.0000,346.0000,314.8000,23.7000,0.0000,167.5000,0.0000,107.6000,0.0000,0.29900,-0.10700,0.88800,7.71000,0.11000,6.03000,-0.96300,-0.04900,0.21100,0.53000,0.25000,1.50000,17.2,6.7,1.0,0.0,0.735559,0.320328,1.316511,-0.731043,0.338743,1.182436,-0.089600,0.486000,0.869300,0.003200,0.133500,0.542300,0.828800,0.034500,0.735541,0.320328,1.316462,-0.732511,0.339502,1.181870,1.113481,0.753696,2.278475,-1.654129,-1.982964,-0.713929,-0.553596,1.962183,-1.265591,1.603489,-1.450219,2.674274,0.131802,2.490859,1,1,1.0000,1.0000,-17.0470,-64.2376,-14.2000,-28.2000,0.040000,0.269451,0,0,1,1,0,0,0.0000,0.0000,,,,,1630,1630,0,0,1570,1581,60,36,0,13,0.52924,0.54034,,,,,,,,,,,,,,,,,,,,,,,140343.8313,1043,1043,0,0
1788271847.3532,G_left_centre_left_right,G,left,0,left_right,,centre,138,139.1000,344.2000,59.3000,217.1000,218.9000,0.0000,346.0000,314.8000,23.7000,0.0000,167.4000,0.0000,107.6000,0.0000,0.30100,-0.12400,0.89100,7.30000,1.23000,3.93000,-0.96100,-0.04700,0.22300,0.65000,-0.10000,1.99000,16.4,7.0,1.0,0.0,0.735571,0.320327,1.316546,-0.730898,0.338666,1.182500,-0.089600,0.486000,0.869300,0.003200,0.133500,0.542300,0.828800,0.034500,0.735541,0.320328,1.316462,-0.732511,0.339502,1.181870,1.113473,0.753679,2.278452,-1.654131,-1.982987,-0.713903,-0.553584,1.962057,-1.265591,1.602965,-1.451576,2.674248,0.130436,2.490954,1,1,1.0000,1.0000,-17.0494,-64.3839,-14.2000,-28.2000,0.040000,0.269477,0,0,1,1,0,0,0.0000,0.0000,,,,,1631,1631,0,0,1571,1582,60,36,0,13,0.52924,0.54034,,,,,,,,,,,,,,,,,,,,,,,140343.8761,1044,1044,0,0
1788271847.3543,G_left_centre_left_right,G,left,0,left_right,,centre,139,139.1000,344.2000,59.3000,217.1000,218.9000,0.0000,346.0000,314.8000,23.7000,0.0000,167.4000,0.0000,107.6000,0.0000,0.30100,-0.12400,0.89100,7.30000,1.23000,3.93000,-0.96100,-0.04700,0.22300,0.65000,-0.10000,1.99000,16.4,7.0,1.0,0.0,0.735571,0.320327,1.316546,-0.730898,0.338666,1.182500,-0.089600,0.486000,0.869300,0.003200,0.133500,0.542300,0.828800,0.034500,0.735541,0.320328,1.316462,-0.732511,0.339502,1.181870,1.113473,0.753679,2.278452,-1.654131,-1.982987,-0.713903,-0.553584,1.962057,-1.265591,1.602965,-1.451576,2.674248,0.130436,2.490954,1,1,1.0000,1.0000,-17.0494,-64.3839,-14.2000,-28.2000,0.040000,0.269477,0,0,1,1,0,0,0.0000,0.0000,,,,,1631,1631,0,0,1571,1582,60,36,0,13,0.52924,0.54034,,,,,,,,,,,,,,,,,,,,,,,140343.8772,1044,1044,0,0
1788271847.3749,G_left_centre_left_right,G,left,0,left_right,,centre,140,139.1000,344.2000,59.3000,217.1000,218.9000,0.0000,346.0000,314.8000,23.7000,0.0000,167.4000,0.0000,107.6000,0.0000,0.26200,-0.14700,0.87700,5.37000,1.08000,1.96000,-0.94300,-0.05200,0.22400,0.03000,0.12000,0.83000,18.7,7.6,1.0,0.0,0.735540,0.320339,1.316441,-0.730431,0.338416,1.182724,-0.089600,0.486000,0.869300,0.003200,0.133500,0.542300,0.828800,0.034500,0.735566,0.320328,1.316525,-0.731357,0.338884,1.182497,1.113436,0.753607,2.278405,-1.654155,-1.983113,-0.713837,-0.553544,1.961794,-1.265599,1.601902,-1.454189,2.674186,0.127860,2.491148,1,1,1.0000,1.0000,-19.1388,-64.0471,-14.2000,-28.2000,0.040000,0.269477,0,0,1,1,0,0,0.0000,0.0000,,,,,1633,1633,0,0,1573,1584,60,36,0,13,0.52924,0.54034,,,,,,,,,,,,,,,,,,,,,,,140343.8977,1046,1046,0,0
1788271847.4160,G_left_centre_left_right,G,left,0,left_right,,centre,141,139.1000,344.2000,59.3000,217.1000,218.9000,0.0000,346.0000,314.8000,23.7000,0.0000,167.4000,0.0000,107.5000,0.0000,0.27000,-0.15700,0.88100,4.62000,1.78000,2.41000,-0.94000,-0.04900,0.20800,0.31000,0.11000,-0.18000,19.0,7.9,1.0,0.0,0.735532,0.320343,1.316411,-0.730268,0.338330,1.182802,-0.089600,0.486000,0.869300,0.003200,0.133500,0.542300,0.828800,0.034500,0.735566,0.320328,1.316525,-0.731357,0.338884,1.182497,1.113467,0.753663,2.278400,-1.654125,-1.983015,-0.713843,-0.553568,1.961669,-1.265609,1.601427,-1.455218,2.674151,0.126868,2.491238,1,1,1.0000,1.0000,-18.7620,-64.1756,-14.2000,-28.2000,0.040000,0.269477,0,0,1,1,0,0,0.0000,0.0000,,,,,1634,1634,0,0,1574,1585,60,36,0,13,0.52926,0.53949,,,,,,,,,,,,,,,,,,,,,,,140343.9389,1047,1047,0,0
1788271847.4178,G_left_centre_left_right,G,left,0,left_right,,centre,142,139.1000,344.2000,59.3000,217.1000,218.9000,0.0000,346.0000,314.8000,23.7000,0.0000,167.4000,0.0000,107.5000,0.0000,0.27000,-0.15700,0.88100,4.62000,1.78000,2.41000,-0.94000,-0.04900,0.20800,0.31000,0.11000,-0.18000,19.0,7.9,1.0,0.0,0.735532,0.320343,1.316411,-0.730268,0.338330,1.182802,-0.089600,0.486000,0.869300,0.003200,0.133500,0.542300,0.828800,0.034500,0.735566,0.320328,1.316525,-0.731357,0.338884,1.182497,1.113467,0.753663,2.278400,-1.654125,-1.983015,-0.713843,-0.553568,1.961669,-1.265609,1.601427,-1.455218,2.674151,0.126868,2.491238,1,1,1.0000,1.0000,-18.7620,-64.1756,-14.2000,-28.2000,0.040000,0.269477,0,0,1,1,0,0,0.0000,0.0000,,,,,1634,1634,0,0,1574,1585,60,36,0,13,0.52926,0.53949,,,,,,,,,,,,,,,,,,,,,,,140343.9406,1047,1047,0,0
1788271847.4308,G_left_centre_left_right,G,left,0,left_right,,centre,143,139.0000,344.2000,59.3000,217.1000,218.9000,0.0000,345.9000,314.8000,23.7000,0.0000,167.2000,0.0000,107.1000,0.0000,0.27800,-0.15700,0.89000,4.05000,2.41000,1.82000,-0.95200,-0.04400,0.21900,-1.23000,-0.72000,-1.08000,20.3,8.3,1.0,0.0,0.735519,0.320340,1.316372,-0.730019,0.338197,1.182910,-0.089600,0.486000,0.869300,0.003200,0.133500,0.542300,0.828800,0.034500,0.735566,0.320328,1.316525,-0.731357,0.338884,1.182497,1.113534,0.753794,2.278412,-1.654062,-1.982822,-0.713885,-0.553631,1.961505,-1.265621,1.600819,-1.456518,2.674098,0.125586,2.491364,1,1,1.0000,1.0000,-18.4540,-64.5293,-14.3000,-28.2000,0.040000,0.269529,0,0,1,1,0,0,0.0000,0.0000,,,,,1635,1636,0,0,1575,1587,60,36,0,13,0.52926,0.53949,,,,,,,,,,,,,,,,,,,,,,,140343.9537,1049,1049,0,0
1788271847.4556,G_left_centre_left_right,G,left,0,left_right,,centre,144,139.0000,344.2000,59.3000,217.1000,218.9000,0.0000,345.8000,314.8000,23.7000,0.0000,167.2000,0.0000,107.0000,0.0000,0.27700,-0.14400,0.88700,3.77000,2.71000,1.27000,-0.95300,-0.03600,0.21300,-3.21000,-1.12000,-0.95000,19.2,8.0,1.0,0.0,0.735516,0.320338,1.316361,-0.730121,0.338252,1.182848,-0.089600,0.486000,0.869300,0.003200,0.133500,0.542300,0.828800,0.034500,0.735526,0.320341,1.316398,-0.730517,0.338451,1.182817,1.113615,0.753887,2.278404,-1.654035,-1.982712,-0.713922,-0.553657,1.961328,-1.265638,1.600182,-1.458077,2.674027,0.124023,2.491509,1,1,1.0000,1.0000,-18.4244,-64.9828,-14.3000,-28.2000,0.040000,0.269529,0,0,1,1,0,0,0.0000,0.0000,,,,,1637,1637,0,0,1577,1588,60,36,0,13,0.52926,0.53890,,,,,,,,,,,,,,,,,,,,,,,140343.9784,1050,1050,0,0
1788271847.4790,G_left_centre_left_right,G,left,0,left_right,,centre,145,139.0000,344.2000,59.3000,217.1000,218.9000,0.0000,345.8000,314.8000,23.7000,0.0000,167.2000,0.0000,107.0000,0.0000,0.27900,-0.13100,0.90400,3.69000,2.57000,0.93000,-0.95300,-0.03300,0.20300,-4.88000,-0.82000,-0.89000,18.7,7.7,1.0,0.0,0.735510,0.320337,1.316342,-0.730275,0.338335,1.182757,-0.089600,0.486000,0.869300,0.003200,0.133500,0.542300,0.828800,0.034500,0.735526,0.320341,1.316398,-0.730517,0.338451,1.182817,1.113624,0.753896,2.278401,-1.654035,-1.982701,-0.713924,-0.553657,1.961288,-1.265645,1.600038,-1.458462,2.674007,0.123637,2.491542,1,1,1.0000,1.0000,-18.5681,-65.1215,-14.3000,-28.2000,0.040000,0.269529,0,0,1,1,0,0,0.0000,0.0000,,,,,1637,1637,0,0,1577,1588,60,36,0,13,0.52926,0.53890,,,,,,,,,,,,,,,,,,,,,,,140344.0018,1051,1051,0,0
1788271847.4980,G_left_centre_left_right,G,left,0,left_right,,centre,146,139.0000,344.2000,59.3000,217.1000,218.9000,0.0000,345.7000,314.8000,23.7000,0.0000,167.2000,0.0000,107.1000,0.0000,0.28300,-0.13500,0.89700,3.34000,2.50000,0.46000,-0.95200,-0.04200,0.21200,-4.76000,-0.65000,-1.17000,18.0,8.0,1.0,0.0,0.735510,0.320335,1.316342,-0.730284,0.338340,1.182743,-0.089600,0.486000,0.869300,0.003200,0.133500,0.542300,0.828800,0.034500,0.735526,0.320341,1.316398,-0.730517,0.338451,1.182817,1.113647,0.753921,2.278394,-1.654033,-1.982669,-0.713931,-0.553658,1.961240,-1.265661,1.599882,-1.458826,2.673977,0.123269,2.491579,1,1,1.0000,1.0000,-18.2280,-64.6266,-14.3000,-28.2000,0.040000,0.269529,0,0,1,1,0,0,0.0000,0.0000,,,,,1638,1638,0,0,1578,1589,60,36,0,13,0.52923,0.53890,,,,,,,,,,,,,,,,,,,,,,,140344.0208,1052,1052,0,0
1788271847.5085,G_left_centre_left_right,G,left,0,left_right,,centre,147,139.0000,344.2000,59.3000,217.1000,218.9000,0.0000,345.7000,314.8000,23.7000,0.0000,167.2000,0.0000,107.2000,0.0000,0.28000,-0.13800,0.90500,2.79000,2.27000,-0.29000,-0.94700,-0.05000,0.21500,-2.62000,-0.55000,-1.18000,16.5,7.8,1.0,0.0,0.735505,0.320334,1.316326,-0.730108,0.338245,1.182828,-0.089600,0.486000,0.869300,0.003200,0.133500,0.542300,0.828800,0.034500,0.735510,0.320336,1.316343,-0.730147,0.338252,1.182955,1.113670,0.753942,2.278383,-1.654034,-1.982644,-0.713936,-0.553657,1.961229,-1.265681,1.599920,-1.458667,2.673952,0.123451,2.491585,1,1,1.0000,1.0000,-18.5490,-64.1554,-14.3000,-28.2000,0.040000,0.269529,0,0,1,1,0,0,0.0000,0.0000,,,,,1640,1640,0,0,1580,1591,60,36,0,13,0.52923,0.53890,,,,,,,,,,,,,,,,,,,,,,,140344.0313,1053,1053,0,0
1788271847.5427,G_left_centre_left_right,G,left,0,left_right,,centre,148,139.0000,344.2000,59.3000,217.1000,218.9000,0.0000,345.7000,314.8000,23.7000,0.0000,167.2000,0.0000,107.4000,0.0000,0.29200,-0.14800,0.90800,3.35000,1.60000,-0.76000,-0.95100,-0.04500,0.21300,-0.47000,-0.02000,-0.91000,16.4,8.1,1.0,0.0,0.735509,0.320331,1.316339,-0.730073,0.338227,1.182838,-0.089600,0.486000,0.869300,0.003200,0.133500,0.542300,0.828800,0.034500,0.735510,0.320336,1.316343,-0.730147,0.338252,1.182955,1.113677,0.753945,2.278377,-1.654037,-1.982642,-0.713937,-0.553654,1.961225,-1.265696,1.599963,-1.458471,2.673934,0.123692,2.491586,1,1,1.0000,1.0000,-17.9471,-64.4521,-14.3000,-28.2000,0.040000,0.269529,0,0,1,1,0,0,0.0000,0.0000,,,,,1640,1640,0,0,1580,1591,60,36,0,13,0.52923,0.53890,,,,,,,,,,,,,,,,,,,,,,,140344.0655,1054,1054,0,0
1788271847.5566,G_left_centre_left_right,G,left,0,left_right,,centre,149,139.0000,344.2000,59.3000,217.1000,218.9000,0.0000,345.7000,314.8000,23.7000,0.0000,167.2000,0.0000,107.7000,0.0000,0.27900,-0.14400,0.91900,3.86000,1.15000,-0.92000,-0.95000,-0.03500,0.21100,0.88000,0.15000,-0.63000,17.3,7.8,1.0,0.0,0.735499,0.320332,1.316309,-0.730192,0.338291,1.182769,-0.089600,0.486000,0.869300,0.003200,0.133500,0.542300,0.828800,0.034500,0.735510,0.320336,1.316343,-0.730147,0.338252,1.182955,1.113700,0.753965,2.278360,-1.654039,-1.982622,-0.713936,-0.553647,1.961204,-1.265725,1.600029,-1.457958,2.673891,0.124310,2.491603,1,1,1.0000,1.0000,-18.8607,-65.0306,-14.3000,-28.2000,0.040000,0.269529,0,0,1,1,0,0,0.0000,0.0000,,,,,1642,1642,0,0,1582,1593,60,36,0,13,0.52921,0.53863,,,,,,,,,,,,,,,,,,,,,,,140344.0795,1055,1055,0,0
1788271847.5877,G_left_centre_left_right,G,left,0,left_right,,centre,150,139.0000,344.2000,59.3000,217.1000,218.9000,0.0000,345.7000,314.8000,23.7000,0.0000,167.2000,0.0000,107.7000,0.0000,0.27800,-0.12100,0.90400,2.34000,0.19000,0.65000,-0.95800,-0.03100,0.22600,0.63000,-0.02000,-0.34000,18.5,7.5,1.0,0.0,0.735483,0.320332,1.316258,-0.730422,0.338414,1.182640,-0.089600,0.486000,0.869300,0.003200,0.133500,0.542300,0.828800,0.034500,0.735503,0.320331,1.316322,-0.730180,0.338290,1.182784,1.113712,0.753974,2.278350,-1.654043,-1.982611,-0.713934,-0.553642,1.961181,-1.265742,1.599970,-1.458033,2.673860,0.124251,2.491626,1,1,1.0000,1.0000,-18.5939,-65.3124,-14.3000,-28.2000,0.040000,0.269529,0,0,1,1,0,0,0.0000,0.0000,,,,,1643,1643,0,0,1583,1594,60,36,0,13,0.52921,0.53863,,,,,,,,,,,,,,,,,,,,,,,140344.1105,1057,1056,0,0
1788271847.5889,G_left_centre_left_right,G,left,0,left_right,,centre,151,139.0000,344.2000,59.3000,217.1000,218.9000,0.0000,345.7000,314.8000,23.7000,0.0000,167.2000,0.0000,107.7000,0.0000,0.27800,-0.12100,0.90400,2.34000,0.19000,0.65000,-0.95800,-0.03100,0.22600,0.63000,-0.02000,-0.34000,18.5,7.5,1.0,0.0,0.735483,0.320332,1.316258,-0.730422,0.338414,1.182640,-0.089600,0.486000,0.869300,0.003200,0.133500,0.542300,0.828800,0.034500,0.735503,0.320331,1.316322,-0.730180,0.338290,1.182784,1.113712,0.753974,2.278350,-1.654043,-1.982611,-0.713934,-0.553642,1.961181,-1.265742,1.599970,-1.458033,2.673860,0.124251,2.491626,1,1,1.0000,1.0000,-18.5939,-65.3124,-14.3000,-28.2000,0.040000,0.269529,0,0,1,1,0,0,0.0000,0.0000,,,,,1643,1643,0,0,1583,1594,60,36,0,13,0.52921,0.53863,,,,,,,,,,,,,,,,,,,,,,,140344.1117,1057,1056,0,0
1788271847.6223,G_left_centre_left_right,G,left,0,left_right,,centre,152,139.0000,344.2000,59.3000,217.1000,218.9000,0.0000,345.7000,314.8000,23.7000,0.0000,167.3000,0.0000,108.0000,0.0000,0.28300,-0.12400,0.90700,1.47000,-0.63000,1.53000,-0.95200,-0.03100,0.21900,-0.91000,0.23000,0.91000,16.9,7.8,1.0,0.0,0.735482,0.320331,1.316256,-0.730871,0.338656,1.182394,-0.089600,0.486000,0.869300,0.003200,0.133500,0.542300,0.828800,0.034500,0.735503,0.320331,1.316322,-0.730180,0.338290,1.182784,1.113780,0.754073,2.278352,-1.654014,-1.982477,-0.713973,-0.553671,1.961181,-1.265773,1.600016,-1.458443,2.673817,0.123624,2.491632,1,1,1.0000,1.0000,-18.3691,-65.2902,-14.3000,-28.2000,0.040000,0.269503,0,0,1,1,0,0,0.0000,0.0000,,,,,1644,1644,0,0,1584,1595,60,36,0,13,0.52921,0.53863,,,,,,,,,,,,,,,,,,,,,,,140344.1452,1058,1058,0,0
1788271847.6285,G_left_centre_left_right,G,left,0,left_right,,centre,153,139.0000,344.2000,59.3000,217.1000,218.9000,0.0000,345.7000,314.8000,23.7000,0.0000,167.5000,0.0000,108.4000,0.0000,0.28800,-0.13200,0.91500,1.67000,-0.93000,1.78000,-0.94700,-0.02800,0.21900,-0.35000,-0.20000,1.27000,18.2,7.9,1.0,0.0,0.735484,0.320329,1.316260,-0.731118,0.338788,1.182265,-0.089600,0.486000,0.869300,0.003200,0.133500,0.542300,0.828800,0.034500,0.735503,0.320331,1.316322,-0.730180,0.338290,1.182784,1.113800,0.754098,2.278352,-1.654006,-1.982447,-0.713984,-0.553678,1.961226,-1.265800,1.600263,-1.457807,2.673797,0.124128,2.491595,1,1,1.0000,1.0000,-18.2491,-65.4598,-14.3000,-28.2000,0.040000,0.269451,0,0,1,1,0,0,0.0000,0.0000,,,,,1646,1646,0,0,1586,1597,60,36,0,13,0.52920,0.53868,,,,,,,,,,,,,,,,,,,,,,,140344.1513,1059,1059,0,0
1788271847.6578,G_left_centre_left_right,G,left,0,left_right,,centre,154,139.0000,344.2000,59.3000,217.1000,218.9000,0.0000,345.7000,314.8000,23.7000,0.0000,167.5000,0.0000,108.9000,0.0000,0.29600,-0.13200,0.91500,2.70000,-0.95000,1.34000,-0.94600,-0.03100,0.22200,-0.08000,-0.30000,1.54000,18.4,7.4,1.0,0.0,0.735490,0.320327,1.316282,-0.731257,0.338863,1.182193,-0.089600,0.486000,0.869300,0.003200,0.133500,0.542300,0.828800,0.034500,0.735483,0.320330,1.316259,-0.730417,0.338401,1.182700,1.113814,0.754101,2.278327,-1.654016,-1.982451,-0.713972,-0.553664,1.961271,-1.265821,1.600506,-1.457123,2.673787,0.124891,2.491556,1,1,1.0000,1.0000,-17.7983,-65.2875,-14.3000,-28.2000,0.040000,0.269451,0,0,1,1,0,0,0.0000,0.0000,,,,,1647,1647,0,0,1587,1598,60,36,0,13,0.52920,0.53868,,,,,,,,,,,,,,,,,,,,,,,140344.1807,1060,1060,0,0
1788271847.6723,G_left_centre_left_right,G,left,0,left_right,,centre,155,139.0000,344.2000,59.3000,217.1000,218.9000,0.0000,345.7000,314.8000,23.7000,0.0000,167.5000,0.0000,108.9000,0.0000,0.29600,-0.13200,0.91500,2.70000,-0.95000,1.34000,-0.94600,-0.03100,0.22200,-0.08000,-0.30000,1.54000,19.0,7.1,1.0,0.0,0.735490,0.320327,1.316282,-0.731257,0.338863,1.182193,-0.089600,0.486000,0.869300,0.003200,0.133500,0.542300,0.828800,0.034500,0.735483,0.320330,1.316259,-0.730417,0.338401,1.182700,1.113814,0.754101,2.278327,-1.654016,-1.982451,-0.713972,-0.553664,1.961271,-1.265821,1.600506,-1.457123,2.673787,0.124891,2.491556,1,1,1.0000,1.0000,-17.7983,-65.2875,-14.3000,-28.2000,0.040000,0.269451,0,0,1,1,0,0,0.0000,0.0000,,,,,1647,1647,0,0,1587,1598,60,36,0,13,0.52920,0.53868,,,,,,,,,,,,,,,,,,,,,,,140344.1951,1060,1060,0,0
1788271847.6925,G_left_centre_left_right,G,left,0,left_right,,centre,156,139.0000,344.2000,59.3000,217.1000,218.9000,0.0000,345.9000,314.8000,23.7000,0.0000,167.5000,0.0000,108.4000,0.0000,0.28700,-0.11100,0.90800,2.60000,-0.59000,-0.09000,-0.94500,-0.02400,0.22200,-0.19000,-0.47000,1.60000,19.3,7.0,1.0,0.0,0.735498,0.320322,1.316307,-0.731790,0.339149,1.181915,-0.089600,0.486000,0.869300,0.003200,0.133500,0.542300,0.828800,0.034500,0.735483,0.320330,1.316259,-0.730417,0.338401,1.182700,1.113800,0.754060,2.278299,-1.654041,-1.982518,-0.713942,-0.553631,1.961375,-1.265856,1.601053,-1.455550,2.673775,0.126784,2.491470,1,1,1.0000,1.0000,-18.1144,-65.6987,-14.3000,-28.2000,0.040000,0.269451,0,0,1,1,0,0,0.0000,0.0000,,,,,1648,1648,0,0,1588,1599,60,36,0,13,0.52918,0.53880,,,,,,,,,,,,,,,,,,,,,,,140344.2153,1062,1062,0,0
1788271847.7095,G_left_centre_left_right,G,left,0,left_right,,centre,157,139.0000,344.2000,59.3000,217.1000,218.9000,0.0000,345.9000,314.8000,23.7000,0.0000,167.4000,0.0000,108.1000,0.0000,0.29100,-0.11100,0.90900,1.59000,-0.27000,-0.77000,-0.94300,-0.02900,0.22100,-0.42000,-0.93000,1.50000,18.5,7.3,1.0,0.0,0.735503,0.320320,1.316322,-0.731919,0.339218,1.181846,-0.089600,0.486000,0.869300,0.003200,0.133500,0.542300,0.828800,0.034500,0.735483,0.320330,1.316259,-0.730417,0.338401,1.182700,1.113795,0.754043,2.278283,-1.654052,-1.982546,-0.713927,-0.553616,1.961416,-1.265867,1.601257,-1.454990,2.673773,0.127379,2.491437,1,1,1.0000,1.0000,-17.9045,-65.3994,-14.3000,-28.2000,0.040000,0.269477,0,0,1,1,0,0,0.0000,0.0000,,,,,1649,1649,0,0,1589,1600,60,36,0,13,0.52918,0.53880,,,,,,,,,,,,,,,,,,,,,,,140344.2323,1063,1063,0,0
1788271847.7400,G_left_centre_left_right,G,left,0,left_right,,centre,158,139.0000,344.2000,59.3000,217.1000,218.9000,0.0000,345.9000,314.8000,23.7000,0.0000,167.3000,0.0000,107.9000,0.0000,0.28500,-0.11400,0.89600,1.15000,0.11000,-1.45000,-0.93900,-0.03400,0.21100,-0.85000,-0.99000,1.15000,18.8,7.2,1.0,0.0,0.735506,0.320318,1.316331,-0.731929,0.339224,1.181837,-0.089600,0.486000,0.869300,0.003200,0.133500,0.542300,0.828800,0.034500,0.735498,0.320323,1.316305,-0.731193,0.338844,1.182125,1.113791,0.754024,2.278260,-1.654068,-1.982580,-0.713906,-0.553595,1.961544,-1.265895,1.601872,-1.453388,2.673774,0.129032,2.491332,1,1,1.0000,1.0000,-18.0267,-65.0736,-14.3000,-28.2000,0.040000,0.269503,0,0,1,1,0,0,0.0000,0.0000,,,,,1650,1650,0,0,1590,1601,60,36,0,13,0.52918,0.53880,,,,,,,,,,,,,,,,,,,,,,,140344.2629,1064,1064,0,0
1788271847.7535,G_left_centre_left_right,G,left,0,left_right,,centre,159,139.0000,344.2000,59.3000,217.1000,218.9000,0.0000,345.9000,314.8000,23.7000,0.0000,167.3000,0.0000,107.7000,0.0000,0.27500,-0.11500,0.90500,0.90000,0.20000,-2.73000,-0.93300,-0.03200,0.21500,-1.00000,-1.13000,0.16000,18.1,7.7,1.0,0.0,0.735498,0.320320,1.316306,-0.731972,0.339246,1.181811,-0.089600,0.486000,0.869300,0.003200,0.133500,0.542300,0.828800,0.034500,0.735498,0.320323,1.316305,-0.731193,0.338844,1.182125,1.113786,0.754003,2.278237,-1.654084,-1.982614,-0.713885,-0.553573,1.961678,-1.265924,1.602488,-1.451965,2.673773,0.130438,2.491226,1,1,1.0000,1.0000,-18.7637,-65.1943,-14.3000,-28.2000,0.040000,0.269503,0,0,1,1,0,0,0.0000,0.0000,,,,,1652,1652,0,0,1592,1603,60,36,0,13,0.52920,0.53943,,,,,,,,,,,,,,,,,,,,,,,140344.2764,1065,1065,0,0
1788271847.7729,G_left_centre_left_right,G,left,0,left_right,,centre,160,138.9000,344.2000,59.3000,217.1000,218.9000,0.0000,345.9000,314.8000,23.7000,0.0000,167.3000,0.0000,107.7000,0.0000,0.29400,-0.12200,0.90100,6.32000,0.18000,-0.31000,-0.93300,-0.03200,0.21500,-1.00000,-1.13000,0.16000,16.1,6.4,1.0,0.0,0.735505,0.320313,1.316332,-0.731972,0.339246,1.181811,-0.089600,0.486000,0.869300,0.003200,0.133500,0.542300,0.828800,0.034500,0.735498,0.320323,1.316305,-0.731193,0.338844,1.182125,1.113786,0.754003,2.278237,-1.654084,-1.982614,-0.713885,-0.553573,1.961678,-1.265924,1.602488,-1.451965,2.673773,0.130438,2.491226,1,1,1.0000,1.0000,-18.7637,-65.1943,-14.3000,-28.2000,0.040000,0.269503,0,0,1,1,0,0,0.0000,0.0000,,,,,1652,1652,0,0,1592,1603,60,36,0,13,0.52920,0.53943,,,,,,,,,,,,,,,,,,,,,,,140344.2958,1066,1065,0,0
1788271847.7966,G_left_centre_left_right,G,left,0,left_right,,centre,161,138.9000,344.2000,59.3000,217.1000,218.9000,0.0000,345.9000,314.8000,23.6000,0.0000,167.8000,0.0000,107.9000,0.0000,0.29400,-0.12200,0.90100,6.32000,0.18000,-0.31000,-0.94900,-0.04900,0.23000,0.91000,1.99000,1.26000,16.1,6.4,1.0,0.0,0.735505,0.320313,1.316332,-0.731668,0.339084,1.181985,-0.089600,0.486000,0.869300,0.003200,0.133500,0.542300,0.828800,0.034500,0.735498,0.320323,1.316305,-0.731193,0.338844,1.182125,1.113803,0.754024,2.278231,-1.654078,-1.982593,-0.713889,-0.553576,1.961749,-1.265943,1.602829,-1.451380,2.673770,0.130986,2.491169,1,1,1.0000,1.0000,-17.6279,-64.2483,-14.4000,-28.2000,0.040000,0.269369,0,0,1,1,0,0,0.0000,0.0000,,,,,1653,1653,0,0,1593,1604,60,36,0,13,0.52920,0.53943,,,,,,,,,,,,,,,,,,,,,,,140344.3194,1066,1066,0,0
1788271847.8085,G_left_centre_left_right,G,left,0,left_right,,centre,162,138.8000,344.2000,59.3000,217.1000,218.9000,0.0000,345.8000,314.8000,23.6000,0.0000,167.7000,0.0000,107.6000,0.0000,0.29000,-0.10200,0.90500,4.45000,0.77000,2.33000,-0.94300,-0.04400,0.22200,-0.19000,0.00000,1.34000,15.5,6.6,1.0,0.0,0.735507,0.320294,1.316349,-0.731496,0.338992,1.182088,-0.089600,0.486000,0.869300,0.003200,0.133500,0.542300,0.828800,0.034500,0.735501,0.320317,1.316319,-0.731936,0.339212,1.181806,1.113812,0.754009,2.278209,-1.654115,-1.982615,-0.713883,-0.553540,1.961781,-1.265950,1.602948,-1.451209,2.673760,0.131148,2.491149,1,1,1.0000,1.0000,-17.8575,-64.5154,-14.5000,-28.2000,0.040000,0.269396,0,0,1,1,0,0,0.0000,0.0000,,,,,1655,1655,0,0,1595,1606,60,36,0,13,0.52920,0.53994,,,,,,,,,,,,,,,,,,,,,,,140344.3313,1068,1068,0,0
1788271847.8287,G_left_centre_left_right,G,left,0,left_right,,centre,163,138.8000,344.2000,59.3000,217.1000,218.9000,0.0000,345.8000,314.8000,23.6000,0.0000,167.7000,0.0000,107.6000,0.0000,0.29300,-0.10200,0.89600,3.85000,1.24000,2.70000,-0.94800,-0.03400,0.22800,-1.44000,-0.91000,1.34000,16.6,6.4,1.0,0.0,0.735514,0.320284,1.316378,-0.731551,0.339021,1.182062,-0.089600,0.486000,0.869300,0.003200,0.133500,0.542300,0.828800,0.034500,0.735501,0.320317,1.316319,-0.731936,0.339212,1.181806,1.113820,0.753986,2.278191,-1.654151,-1.982660,-0.713881,-0.553508,1.961766,-1.265941,1.602800,-1.451603,2.673750,0.130740,2.491181,1,1,1.0000,1.0000,-17.5226,-65.1230,-14.5000,-28.2000,0.040000,0.269396,0,0,1,1,0,0,0.0000,0.0000,,,,,1656,1656,0,0,1596,1607,60,36,0,13,0.52920,0.53994,,,,,,,,,,,,,,,,,,,,,,,140344.3516,1069,1069,0,0
1788271847.8620,G_left_centre_left_right,G,left,0,left_right,,centre,164,138.8000,344.2000,59.3000,217.1000,218.9000,0.0000,345.8000,314.8000,23.6000,0.0000,167.7000,0.0000,107.6000,0.0000,0.29300,-0.10200,0.89600,3.85000,1.24000,2.70000,-0.94800,-0.03400,0.22800,-1.44000,-0.91000,1.34000,16.6,6.4,1.0,0.0,0.735514,0.320284,1.316378,-0.731551,0.339021,1.182062,-0.089600,0.486000,0.869300,0.003200,0.133500,0.542300,0.828800,0.034500,0.735501,0.320317,1.316319,-0.731936,0.339212,1.181806,1.113822,0.753977,2.278185,-1.654162,-1.982668,-0.713880,-0.553497,1.961752,-1.265934,1.602702,-1.451888,2.673744,0.130421,2.491204,1,1,1.0000,1.0000,-17.5226,-65.1230,-14.5000,-28.2000,0.040000,0.269396,0,0,1,1,0,0,0.0000,0.0000,,,,,1656,1656,0,0,1596,1607,60,36,0,13,0.52920,0.53994,,,,,,,,,,,,,,,,,,,,,,,140344.3848,1069,1069,0,0
1788271847.8688,G_left_centre_left_right,G,left,0,left_right,,centre,165,138.8000,344.2000,59.3000,217.1000,218.9000,0.0000,345.8000,314.8000,23.6000,0.0000,167.6000,0.0000,107.3000,0.0000,0.27900,-0.11100,0.89400,3.42000,1.22000,2.42000,-0.94100,-0.04100,0.22400,-2.80000,-2.31000,0.38000,17.8,6.7,1.0,0.0,0.735504,0.320271,1.316358,-0.731497,0.338992,1.182093,-0.089600,0.486000,0.869300,0.003200,0.133500,0.542300,0.828800,0.034500,0.735512,0.320289,1.316364,-0.731654,0.339064,1.182038,1.113819,0.753933,2.278160,-1.654214,-1.982764,-0.713866,-0.553446,1.961731,-1.265923,1.602532,-1.452454,2.673735,0.129820,2.491242,1,1,1.0000,1.0000,-18.3277,-64.6913,-14.5000,-28.2000,0.040000,0.269422,0,0,1,1,0,0,0.0000,0.0000,,,,,1657,1658,0,0,1597,1609,60,36,0,13,0.52920,0.53994,,,,,,,,,,,,,,,,,,,,,,,140344.3917,1071,1071,0,0
1788271847.8925,G_left_centre_left_right,G,left,0,left_right,,centre,166,138.8000,344.2000,59.3000,217.1000,218.9000,0.0000,345.8000,314.8000,23.6000,0.0000,167.6000,0.0000,107.3000,0.0000,0.27900,-0.11100,0.89400,3.42000,1.22000,2.42000,-0.94100,-0.04100,0.22400,-2.80000,-2.31000,0.38000,17.8,6.7,1.0,0.0,0.735504,0.320271,1.316358,-0.731497,0.338992,1.182093,-0.089600,0.486000,0.869300,0.003200,0.133500,0.542300,0.828800,0.034500,0.735512,0.320289,1.316364,-0.731654,0.339064,1.182038,1.113838,0.753924,2.278146,-1.654251,-1.982776,-0.713874,-0.553416,1.961722,-1.265915,1.602443,-1.452817,2.673729,0.129462,2.491265,1,1,1.0000,1.0000,-18.3277,-64.6913,-14.5000,-28.2000,0.040000,0.269422,0,0,1,1,0,0,0.0000,0.0000,,,,,1658,1658,0,0,1598,1609,60,36,0,13,0.52920,0.53994,,,,,,,,,,,,,,,,,,,,,,,140344.4153,1071,1071,0,0
1788271847.9140,G_left_centre_left_right,G,left,0,left_right,,centre,167,138.8000,344.2000,59.3000,217.1000,218.9000,0.0000,345.8000,314.8000,23.6000,0.0000,167.6000,0.0000,107.2000,0.0000,0.28700,-0.10900,0.89800,3.21000,1.00000,1.72000,-0.93900,-0.04400,0.21100,-2.33000,-2.70000,-1.21000,18.8,7.1,1.0,0.0,0.735502,0.320258,1.316360,-0.731344,0.338910,1.182177,-0.089600,0.486000,0.869300,0.003200,0.133500,0.542300,0.828800,0.034500,0.735512,0.320289,1.316364,-0.731654,0.339064,1.182038,1.113866,0.753936,2.278134,-1.654277,-1.982769,-0.713888,-0.553395,1.961710,-1.265905,1.602377,-1.452775,2.673722,0.129533,2.491292,1,1,1.0000,1.0000,-17.9296,-64.4798,-14.5000,-28.2000,0.040000,0.269422,0,0,1,1,0,0,0.0000,0.0000,,,,,1660,1660,0,0,1600,1611,60,36,0,13,0.52920,0.53972,,,,,,,,,,,,,,,,,,,,,,,140344.4368,1073,1073,0,0
1788271847.9285,G_left_centre_left_right,G,left,0,left_right,,centre,168,138.8000,344.2000,59.3000,217.1000,218.9000,0.0000,345.8000,314.8000,23.6000,0.0000,167.6000,0.0000,107.3000,0.0000,0.27900,-0.11700,0.90200,2.89000,0.90000,0.89000,-0.94100,-0.03900,0.20400,-1.50000,-2.39000,-1.78000,17.6,6.5,1.0,0.0,0.735496,0.320254,1.316346,-0.731312,0.338893,1.182195,-0.089600,0.486000,0.869300,0.003200,0.133500,0.542300,0.828800,0.034500,0.735502,0.320265,1.316355,-0.731537,0.339014,1.182070,1.113886,0.753940,2.278118,-1.654301,-1.982776,-0.713893,-0.553372,1.961699,-1.265898,1.602320,-1.452777,2.673715,0.129588,2.491313,1,1,1.0000,1.0000,-18.4885,-64.7557,-14.5000,-28.2000,0.040000,0.269422,0,0,1,1,0,0,0.0000,0.0000,,,,,1660,1660,0,0,1600,1611,60,36,0,13,0.52920,0.53972,,,,,,,,,,,,,,,,,,,,,,,140344.4513,1074,1074,0,0
1788271847.9538,G_left_centre_left_right,G,left,0,left_right,,centre,169,138.8000,344.2000,59.3000,217.1000,218.9000,0.0000,345.8000,314.8000,23.6000,0.0000,167.6000,0.0000,107.4000,0.0000,0.29000,-0.11200,0.91000,2.96000,1.15000,-0.05000,-0.94500,-0.03900,0.20800,-1.08000,-2.01000,-2.02000,17.4,6.7,1.0,0.0,0.735498,0.320248,1.316356,-0.731288,0.338880,1.182208,-0.089600,0.486000,0.869300,0.003200,0.133500,0.542300,0.828800,0.034500,0.735502,0.320265,1.316355,-0.731537,0.339014,1.182070,1.113908,0.753943,2.278102,-1.654325,-1.982782,-0.713898,-0.553349,1.961676,-1.265889,1.602216,-1.453019,2.673704,0.129308,2.491347,1,1,1.0000,1.0000,-17.9825,-64.7772,-14.5000,-28.2000,0.040000,0.269422,0,0,1,1,0,0,0.0000,0.0000,,,,,1662,1662,0,0,1602,1613,60,36,0,13,0.52918,0.53965,,,,,,,,,,,,,,,,,,,,,,,140344.4766,1075,1075,0,0
1788271847.9738,G_left_centre_left_right,G,left,0,left_right,,centre,170,138.8000,344.2000,59.3000,217.1000,218.9000,0.0000,345.8000,314.8000,23.6000,0.0000,167.6000,0.0000,107.4000,0.0000,0.29000,-0.11200,0.91000,2.96000,1.15000,-0.05000,-0.94500,-0.03900,0.20800,-1.08000,-2.01000,-2.02000,17.4,6.7,1.0,0.0,0.735498,0.320248,1.316356,-0.731288,0.338880,1.182208,-0.089600,0.486000,0.869300,0.003200,0.133500,0.542300,0.828800,0.034500,0.735502,0.320265,1.316355,-0.731537,0.339014,1.182070,1.113920,0.753949,2.278096,-1.654334,-1.982776,-0.713902,-0.553341,1.961662,-1.265885,1.602147,-1.453218,2.673697,0.129084,2.491367,1,1,1.0000,1.0000,-17.9825,-64.7772,-14.5000,-28.2000,0.040000,0.269422,0,0,1,1,0,0,0.0000,0.0000,,,,,1662,1662,0,0,1602,1613,60,36,0,13,0.52918,0.53965,,,,,,,,,,,,,,,,,,,,,,,140344.4966,1075,1075,0,0
1788271847.9894,G_left_centre_left_right,G,left,0,left_right,,centre,171,138.8000,344.2000,59.3000,217.1000,218.9000,0.0000,345.8000,314.8000,23.6000,0.0000,167.6000,0.0000,107.5000,0.0000,0.28100,-0.11700,0.90500,2.63000,1.48000,-0.44000,-0.93600,-0.03600,0.21600,-1.48000,-1.66000,-2.28000,15.4,7.9,1.0,0.0,0.735495,0.320244,1.316347,-0.731309,0.338892,1.182198,-0.089600,0.486000,0.869300,0.003200,0.133500,0.542300,0.828800,0.034500,0.735502,0.320265,1.316355,-0.731537,0.339014,1.182070,1.113939,0.753948,2.278076,-1.654362,-1.982790,-0.713903,-0.553314,1.961621,-1.265873,1.601937,-1.453741,2.673669,0.128541,2.491435,1,1,1.0000,1.0000,-18.4257,-64.9630,-14.5000,-28.2000,0.040000,0.269422,0,0,1,1,0,0,0.0000,0.0000,,,,,1663,1663,0,0,1603,1614,60,36,0,13,0.52918,0.53965,,,,,,,,,,,,,,,,,,,,,,,140344.5123,1076,1076,0,0
1788271848.0085,G_left_centre_left_right,G,left,0,left_right,,centre,172,138.8000,344.2000,59.3000,217.1000,218.9000,0.0000,345.9000,314.8000,23.6000,0.0000,167.6000,0.0000,107.5000,0.0000,0.28800,-0.11600,0.91300,1.28000,1.47000,-0.48000,-0.94700,-0.03000,0.20900,-1.54000,-1.04000,-2.75000,16.3,8.0,1.0,0.0,0.735492,0.320235,1.316346,-0.731461,0.338973,1.182118,-0.089600,0.486000,0.869300,0.003200,0.133500,0.542300,0.828800,0.034500,0.735495,0.320244,1.316347,-0.731301,0.338889,1.182209,1.113949,0.753950,2.278069,-1.654372,-1.982791,-0.713905,-0.553304,1.961616,-1.265871,1.601907,-1.453769,2.673664,0.128518,2.491447,1,1,1.0000,1.0000,-18.2623,-65.3143,-14.5000,-28.2000,0.040000,0.269422,0,0,1,1,0,0,0.0000,0.0000,,,,,1664,1664,0,0,1604,1615,60,36,0,13,0.52918,0.53965,,,,,,,,,,,,,,,,,,,,,,,140344.5313,1078,1077,0,0
1788271848.0351,G_left_centre_left_right,G,left,0,left_right,,centre,173,138.8000,344.2000,59.3000,217.1000,218.9000,0.0000,345.9000,314.8000,23.6000,0.0000,167.6000,0.0000,107.6000,0.0000,0.29200,-0.12300,0.90600,1.35000,1.34000,-0.74000,-0.94200,-0.02100,0.21100,-1.76000,-0.05000,-2.93000,16.7,7.2,1.0,0.0,0.735496,0.320230,1.316361,-0.731948,0.339234,1.181866,-0.089600,0.486000,0.869300,0.003200,0.133500,0.542300,0.828800,0.034500,0.735495,0.320244,1.316347,-0.731301,0.338889,1.182209,1.113972,0.753957,2.278044,-1.654395,-1.982796,-0.713903,-0.553277,1.961641,-1.265873,1.602038,-1.453412,2.673651,0.128890,2.491442,1,1,1.0000,1.0000,-17.8353,-65.8482,-14.5000,-28.2000,0.040000,0.269422,0,0,1,1,0,0,0.0000,0.0000,,,,,1666,1666,0,0,1606,1617,60,36,0,13,0.52917,0.53948,,,,,,,,,,,,,,,,,,,,,,,140344.5579,1079,1079,0,0
1788271848.0551,G_left_centre_left_right,G,left,0,left_right,,centre,174,138.8000,344.2000,59.3000,217.1000,218.9000,0.0000,345.9000,314.8000,23.6000,0.0000,167.6000,0.0000,107.6000,0.0000,0.29200,-0.12300,0.90600,1.35000,1.34000,-0.74000,-0.94200,-0.02100,0.21100,-1.76000,-0.05000,-2.93000,16.6,6.9,1.0,0.0,0.735496,0.320230,1.316361,-0.731948,0.339234,1.181866,-0.089600,0.486000,0.869300,0.003200,0.133500,0.542300,0.828800,0.034500,0.735495,0.320244,1.316347,-0.731301,0.338889,1.182209,1.113977,0.753957,2.278036,-1.654403,-1.982800,-0.713902,-0.553269,1.961655,-1.265875,1.602108,-1.453216,2.673648,0.129098,2.491434,1,1,1.0000,1.0000,-17.8353,-65.8482,-14.5000,-28.2000,0.040000,0.269422,0,0,1,1,0,0,0.0000,0.0000,,,,,1666,1666,0,0,1606,1617,60,36,0,13,0.52917,0.53948,,,,,,,,,,,,,,,,,,,,,,,140344.5779,1079,1079,0,0
1788271848.0937,G_left_centre_left_right,G,left,0,left_right,,centre,175,138.8000,344.2000,59.3000,217.1000,218.9000,0.0000,345.9000,314.8000,23.6000,0.0000,167.6000,0.0000,107.9000,0.0000,0.28800,-0.12900,0.90300,0.98000,1.50000,-2.08000,-0.94200,-0.03800,0.20900,-0.59000,1.34000,-2.63000,16.1,6.5,1.0,0.0,0.735497,0.320223,1.316367,-0.731897,0.339207,1.181893,-0.089600,0.486000,0.869300,0.003200,0.133500,0.542300,0.828800,0.034500,0.735495,0.320230,1.316356,-0.731552,0.339026,1.182051,1.113983,0.753940,2.278014,-1.654430,-1.982835,-0.713891,-0.553240,1.961702,-1.265881,1.602306,-1.452724,2.673652,0.129572,2.491399,1,1,1.0000,1.0000,-18.0292,-64.8348,-14.5000,-28.2000,0.040000,0.269422,0,0,1,1,0,0,0.0000,0.0000,,,,,1668,1668,0,0,1608,1619,60,36,0,13,0.52917,0.53948,,,,,,,,,,,,,,,,,,,,,,,140344.6165,1081,1081,0,0
1788271848.0949,G_left_centre_left_right,G,left,0,left_right,,centre,176,138.8000,344.2000,59.3000,217.1000,218.9000,0.0000,345.9000,314.8000,23.6000,0.0000,167.6000,0.0000,107.9000,0.0000,0.28800,-0.12900,0.90300,0.98000,1.50000,-2.08000,-0.94200,-0.03800,0.20900,-0.59000,1.34000,-2.63000,16.1,6.5,1.0,0.0,0.735497,0.320223,1.316367,-0.731897,0.339207,1.181893,-0.089600,0.486000,0.869300,0.003200,0.133500,0.542300,0.828800,0.034500,0.735495,0.320230,1.316356,-0.731552,0.339026,1.182051,1.113983,0.753940,2.278014,-1.654430,-1.982835,-0.713891,-0.553240,1.961702,-1.265881,1.602306,-1.452724,2.673652,0.129572,2.491399,1,1,1.0000,1.0000,-18.0292,-64.8348,-14.5000,-28.2000,0.040000,0.269422,0,0,1,1,0,0,0.0000,0.0000,,,,,1668,1668,0,0,1608,1619,60,36,0,13,0.52917,0.53948,,,,,,,,,,,,,,,,,,,,,,,140344.6178,1081,1081,0,0
1788271848.1177,G_left_centre_left_right,G,left,0,left_right,,centre,177,138.8000,344.2000,59.3000,217.1000,218.9000,0.0000,345.9000,314.8000,23.6000,0.0000,167.6000,0.0000,108.0000,0.0000,0.28500,-0.13200,0.89400,1.31000,1.56000,-2.73000,-0.95100,-0.03100,0.21300,0.02000,1.76000,-2.75000,15.6,7.4,1.0,0.0,0.735497,0.320220,1.316372,-0.731966,0.339244,1.181857,-0.089600,0.486000,0.869300,0.003200,0.133500,0.542300,0.828800,0.034500,0.735495,0.320230,1.316356,-0.731552,0.339026,1.182051,1.113995,0.753927,2.277982,-1.654460,-1.982868,-0.713877,-0.553204,1.961768,-1.265888,1.602624,-1.451809,2.673655,0.130540,2.491350,1,1,1.0000,1.0000,-18.0502,-65.2731,-14.5000,-28.2000,0.040000,0.269422,0,0,1,1,0,0,0.0000,0.0000,,,,,1669,1669,0,0,1609,1620,60,36,0,13,0.52916,0.53966,,,,,,,,,,,,,,,,,,,,,,,140344.6406,1082,1082,0,0
1788271848.1311,G_left_centre_left_right,G,left,0,left_right,,centre,178,138.8000,344.2000,59.3000,217.1000,218.9000,0.0000,345.9000,314.8000,23.6000,0.0000,167.7000,0.0000,108.0000,0.0000,0.28000,-0.11800,0.89700,1.46000,1.98000,-3.13000,-0.94700,-0.02600,0.22200,-0.46000,1.91000,-2.44000,14.7,7.5,1.0,0.0,0.735498,0.320214,1.316376,-0.732144,0.339340,1.181768,-0.089600,0.486000,0.869300,0.003200,0.133500,0.542300,0.828800,0.034500,0.735495,0.320230,1.316356,-0.731552,0.339026,1.182051,1.113999,0.753922,2.277972,-1.654471,-1.982880,-0.713872,-0.553192,1.961801,-1.265892,1.602758,-1.451396,2.673656,0.130990,2.491326,1,1,1.0000,1.0000,-18.3468,-65.5832,-14.5000,-28.2000,0.040000,0.269396,0,0,1,1,0,0,0.0000,0.0000,,,,,1670,1670,0,0,1610,1621,60,36,0,13,0.52916,0.53966,,,,,,,,,,,,,,,,,,,,,,,140344.6540,1084,1084,0,0
1788271848.1495,G_left_centre_left_right,G,left,0,left_right,,centre,179,138.8000,344.2000,59.3000,217.1000,218.9000,0.0000,345.9000,314.8000,23.6000,0.0000,167.7000,0.0000,108.0000,0.0000,0.28500,-0.10700,0.88900,0.27000,1.80000,-1.18000,-0.94400,-0.03000,0.22100,-1.26000,1.53000,-2.06000,15.0,7.7,1.0,0.0,0.735501,0.320210,1.316389,-0.732233,0.339387,1.181724,-0.089600,0.486000,0.869300,0.003200,0.133500,0.542300,0.828800,0.034500,0.735500,0.320217,1.316382,-0.731907,0.339218,1.181841,1.114000,0.753905,2.277949,-1.654492,-1.982915,-0.713857,-0.553165,1.961833,-1.265895,1.602890,-1.451237,2.673656,0.131132,2.491306,1,1,1.0000,1.0000,-17.8754,-65.3417,-14.5000,-28.2000,0.040000,0.269396,0,0,1,1,0,0,0.0000,0.0000,,,,,1671,1671,0,0,1611,1622,60,36,0,13,0.52916,0.53966,,,,,,,,,,,,,,,,,,,,,,,140344.6723,1085,1085,0,0
1788271848.1715,G_left_centre_left_right,G,left,0,left_right,,centre,180,138.8000,344.2000,59.3000,217.1000,218.9000,0.0000,345.9000,314.8000,23.4000,0.0000,167.6000,0.0000,107.9000,0.0000,0.29300,-0.10700,0.89500,-0.76000,2.21000,0.41000,-0.95200,-0.03000,0.21400,-1.85000,1.20000,-1.35000,15.8,7.5,1.0,0.0,0.735508,0.320206,1.316414,-0.732297,0.339421,1.181690,-0.089600,0.486000,0.869300,0.003200,0.133500,0.542300,0.828800,0.034500,0.735500,0.320217,1.316382,-0.731907,0.339218,1.181841,1.114015,0.753916,2.277942,-1.654498,-1.982904,-0.713861,-0.553159,1.961864,-1.265897,1.603013,-1.451118,2.673657,0.131193,2.491286,1,1,1.0000,1.0000,-17.5229,-65.3359,-14.5000,-28.2000,0.040000,0.269416,0,0,1,1,0,0,0.0000,0.0000,,,,,1672,1672,0,0,1612,1623,60,36,0,13,0.52916,0.53966,,,,,,,,,,,,,,,,,,,,,,,140344.6943,1086,1086,0,0
1788271848.1934,G_left_centre_left_right,G,left,0,left_right,,centre,181,138.8000,344.2000,59.3000,217.1000,218.9000,0.0000,345.9000,314.8000,23.5000,0.0000,167.6000,0.0000,107.9000,0.0000,0.28700,-0.10300,0.90100,-1.50000,2.73000,1.15000,-0.94900,-0.03500,0.22700,-2.61000,0.73000,-0.60000,16.1,6.6,1.0,0.0,0.735509,0.320203,1.316419,-0.732283,0.339414,1.181697,-0.089600,0.486000,0.869300,0.003200,0.133500,0.542300,0.828800,0.034500,0.735500,0.320217,1.316382,-0.731907,0.339218,1.181841,1.114006,0.753888,2.277925,-1.654523,-1.982949,-0.713846,-0.553132,1.961911,-1.265899,1.603164,-1.450696,2.673664,0.131587,2.491251,1,1,1.0000,1.0000,-17.9615,-65.0650,-14.5000,-28.2000,0.040000,0.269419,0,0,1,1,0,0,0.0000,0.0000,,,,,1674,1674,0,0,1614,1625,60,36,0,13,0.52917,0.53993,,,,,,,,,,,,,,,,,,,,,,,140344.7163,1087,1087,0,0
1788271848.2102,G_left_centre_left_right,G,left,0,left_right,,centre,182,138.8000,344.2000,59.3000,217.1000,218.9000,0.0000,345.9000,314.8000,23.5000,0.0000,167.6000,0.0000,107.8000,0.0000,0.28500,-0.11800,0.88100,-0.45000,2.24000,0.63000,-0.95400,-0.03900,0.22700,-3.11000,-0.05000,-0.02000,15.8,7.0,1.0,0.0,0.735513,0.320200,1.316433,-0.732210,0.339375,1.181736,-0.089600,0.486000,0.869300,0.003200,0.133500,0.542300,0.828800,0.034500,0.735506,0.320207,1.316408,-0.732177,0.339361,1.181720,1.113998,0.753866,2.277912,-1.654539,-1.982988,-0.713833,-0.553113,1.961954,-1.265902,1.603340,-1.450212,2.673672,0.132120,2.491217,1,1,1.0000,1.0000,-17.7680,-64.8409,-14.5000,-28.2000,0.040000,0.269419,0,0,1,1,0,0,0.0000,0.0000,,,,,1675,1675,0,0,1615,1626,60,36,0,13,0.52917,0.53993,,,,,,,,,,,,,,,,,,,,,,,140344.7330,1088,1088,0,0
1788271848.2372,G_left_centre_left_right,G,left,0,left_right,,centre,183,138.8000,344.2000,59.3000,217.1000,218.9000,0.0000,345.9000,314.8000,23.5000,0.0000,167.7000,0.0000,107.9000,0.0000,0.27700,-0.12400,0.87600,0.66000,1.66000,-1.22000,-0.95800,-0.04200,0.22700,-3.08000,-0.09000,0.62000,16.6,7.2,1.0,0.0,0.735512,0.320198,1.316429,-0.732081,0.339306,1.181807,-0.089600,0.486000,0.869300,0.003200,0.133500,0.542300,0.828800,0.034500,0.735506,0.320207,1.316408,-0.732177,0.339361,1.181720,1.113997,0.753844,2.277888,-1.654560,-1.983030,-0.713817,-0.553088,1.961978,-1.265903,1.603453,-1.449861,2.673678,0.132455,2.491195,1,1,1.0000,1.0000,-18.1662,-64.6747,-14.5000,-28.2000,0.040000,0.269393,0,0,1,1,0,0,0.0000,0.0000,,,,,1675,1675,0,0,1615,1626,60,36,0,13,0.52917,0.53993,,,,,,,,,,,,,,,,,,,,,,,140344.7600,1089,1089,0,0
1788271848.2611,G_left_centre_left_right,G,left,0,left_right,,centre,184,138.8000,344.2000,59.3000,217.1000,218.9000,0.0000,345.9000,314.8000,23.6000,0.0000,167.8000,0.0000,108.0000,0.0000,0.27400,-0.13300,0.88400,2.48000,0.24000,-1.60000,-0.95200,-0.04100,0.22000,-2.55000,-0.22000,0.91000,17.5,6.7,1.0,0.0,0.735495,0.320198,1.316380,-0.731980,0.339251,1.181864,-0.089600,0.486000,0.869300,0.003200,0.133500,0.542300,0.828800,0.034500,0.735506,0.320207,1.316408,-0.732177,0.339361,1.181720,1.113989,0.753827,2.277893,-1.654573,-1.983050,-0.713819,-0.553079,1.961983,-1.265902,1.603460,-1.449886,2.673680,0.132420,2.491192,1,1,1.0000,1.0000,-18.5144,-64.7071,-14.5000,-28.2000,0.040000,0.269369,0,0,1,1,0,0,0.0000,0.0000,,,,,1677,1677,0,0,1617,1628,60,36,0,13,0.52917,0.54012,,,,,,,,,,,,,,,,,,,,,,,140344.7839,1091,1090,0,0
1788271848.2794,G_left_centre_left_right,G,left,0,left_right,,centre,185,138.8000,344.2000,59.3000,217.1000,218.9000,0.0000,345.9000,314.8000,23.6000,0.0000,167.8000,0.0000,108.0000,0.0000,0.27400,-0.13300,0.88400,2.48000,0.24000,-1.60000,-0.95200,-0.04100,0.22000,-2.55000,-0.22000,0.91000,17.5,6.7,1.0,0.0,0.735495,0.320198,1.316380,-0.731821,0.339167,1.181953,-0.089600,0.486000,0.869300,0.003200,0.133500,0.542300,0.828800,0.034500,0.735506,0.320207,1.316408,-0.732177,0.339361,1.181720,1.113989,0.753827,2.277893,-1.654573,-1.983050,-0.713819,-0.553079,1.961983,-1.265902,1.603460,-1.449886,2.673680,0.132420,2.491192,1,1,1.0000,1.0000,-18.5144,-64.7071,-14.5000,-28.2000,0.040000,0.269369,0,0,1,1,0,0,0.0000,0.0000,,,,,1677,1677,0,0,1617,1628,60,36,0,13,0.52917,0.54012,,,,,,,,,,,,,,,,,,,,,,,140344.8023,1091,1090,0,0
1788271848.2903,G_left_centre_left_right,G,left,0,left_right,,centre,186,138.8000,344.2000,59.3000,217.1000,218.9000,0.0000,345.9000,314.8000,23.6000,0.0000,167.8000,0.0000,108.0000,0.0000,0.26800,-0.13500,0.89100,4.18000,-0.08000,-1.56000,-0.95400,-0.04500,0.22200,0.04000,-0.61000,0.73000,17.1,6.8,1.0,0.0,0.735482,0.320200,1.316341,-0.731648,0.339074,1.182049,-0.089600,0.486000,0.869300,0.003200,0.133500,0.542300,0.828800,0.034500,0.735505,0.320201,1.316412,-0.732155,0.339343,1.181767,1.114026,0.753880,2.277906,-1.654562,-1.982975,-0.713849,-0.553094,1.961943,-1.265890,1.603244,-1.450604,2.673674,0.131668,2.491236,1,1,1.0000,1.0000,-18.9933,-64.4820,-14.5000,-28.2000,0.040000,0.269369,0,0,1,1,0,0,0.0000,0.0000,,,,,1679,1679,0,0,1619,1630,60,36,0,13,0.52917,0.54012,,,,,,,,,,,,,,,,,,,,,,,140344.8131,1092,1092,0,0
1788271848.3090,G_left_centre_left_right,G,left,0,left_right,,centre,187,138.8000,344.2000,59.3000,217.1000,218.9000,0.0000,345.9000,314.8000,23.6000,0.0000,167.8000,0.0000,108.0000,0.0000,0.27300,-0.16400,0.89900,7.98000,-1.35000,-3.48000,-0.95700,-0.03800,0.22100,0.84000,-0.69000,1.05000,16.9,6.8,1.0,0.0,0.735471,0.320201,1.316309,-0.731636,0.339067,1.182058,-0.089600,0.486000,0.869300,0.003200,0.133500,0.542300,0.828800,0.034500,0.735505,0.320201,1.316412,-0.732155,0.339343,1.181767,1.114056,0.753916,2.277905,-1.654554,-1.982931,-0.713868,-0.553104,1.961908,-1.265878,1.603066,-1.451086,2.673668,0.131181,2.491275,1,1,1.0000,1.0000,-18.9157,-64.8939,-14.5000,-28.2000,0.040000,0.269369,0,0,1,1,0,0,0.0000,0.0000,,,,,1680,1680,0,0,1620,1631,60,36,0,13,0.52917,0.54010,,,,,,,,,,,,,,,,,,,,,,,140344.8318,1093,1093,0,0
1788271848.3294,G_left_centre_left_right,G,left,0,left_right,,centre,188,138.8000,344.2000,59.3000,217.1000,218.9000,0.0000,345.9000,314.8000,23.6000,0.0000,167.9000,0.0000,108.0000,0.0000,0.26600,-0.18400,0.89300,13.85000,-2.15000,-7.94000,-0.95400,-0.04200,0.22500,1.00000,-1.44000,1.76000,16.9,6.9,1.0,0.0,0.735455,0.320203,1.316261,-0.731553,0.339023,1.182107,-0.089600,0.486000,0.869300,0.003200,0.133500,0.542300,0.828800,0.034500,0.735505,0.320201,1.316412,-0.732155,0.339343,1.181767,1.114064,0.753926,2.277907,-1.654549,-1.982920,-0.713877,-0.553110,1.961887,-1.265871,1.602957,-1.451361,2.673664,0.130893,2.491300,1,1,1.0000,1.0000,-19.2590,-64.6627,-14.5000,-28.2000,0.040000,0.269343,0,0,1,1,0,0,0.0000,0.0000,,,,,1681,1681,0,0,1621,1632,60,36,0,13,0.52917,0.54010,,,,,,,,,,,,,,,,,,,,,,,140344.8522,1094,1094,0,0
1788271848.3560,G_left_centre_left_right,G,left,0,left_right,,centre,189,138.7000,344.2000,59.3000,217.1000,218.9000,0.0000,345.9000,314.8000,23.6000,0.0000,167.9000,0.0000,108.0000,0.0000,0.25200,-0.17000,0.89100,20.08000,-3.43000,-12.47000,-0.95900,-0.03900,0.22500,0.64000,-1.61000,2.53000,17.7,6.7,1.0,0.0,0.735424,0.320204,1.316174,-0.731535,0.339013,1.182120,-0.089600,0.486000,0.869300,0.003200,0.133500,0.542300,0.828800,0.034500,0.735468,0.320200,1.316309,-0.731728,0.339111,1.182052,1.114131,0.754037,2.277917,-1.654518,-1.982758,-0.713919,-0.553142,1.961820,-1.265848,1.602617,-1.452204,2.673653,0.130039,2.491378,1,1,1.0000,1.0000,-20.0153,-64.8476,-14.6000,-28.2000,0.040000,0.269343,0,0,1,1,0,0,0.0000,0.0000,,,,,1682,1682,0,0,1622,1633,60,36,0,13,0.52917,0.54010,,,,,,,,,,,,,,,,,,,,,,,140344.8788,1095,1095,0,0
1788271848.3718,G_left_centre_left_right,G,left,0,left_right,,centre,190,138.7000,344.2000,59.3000,217.1000,218.9000,0.0000,345.9000,314.8000,23.6000,0.0000,167.9000,0.0000,108.0000,0.0000,0.25200,-0.17000,0.89100,20.08000,-3.43000,-12.47000,-0.95900,-0.03900,0.22500,0.64000,-1.61000,2.53000,17.7,6.7,1.0,0.0,0.735424,0.320204,1.316174,-0.731535,0.339013,1.182120,-0.089600,0.486000,0.869300,0.003200,0.133500,0.542300,0.828800,0.034500,0.735468,0.320200,1.316309,-0.731728,0.339111,1.182052,1.114151,0.754071,2.277925,-1.654506,-1.982713,-0.713937,-0.553155,1.961803,-1.265841,1.602529,-1.452371,2.673650,0.129877,2.491399,1,1,1.0000,1.0000,-20.0153,-64.8476,-14.6000,-28.2000,0.040000,0.269343,0,0,1,1,0,0,0.0000,0.0000,,,,,1682,1682,0,0,1622,1633,60,36,0,13,0.52917,0.54010,,,,,,,,,,,,,,,,,,,,,,,140344.8946,1095,1095,0,0
1788271848.3890,G_left_centre_left_right,G,left,0,left_right,,centre,191,138.6000,344.2000,59.3000,217.1000,218.9000,0.0000,345.9000,314.8000,23.7000,0.0000,167.9000,0.0000,108.0000,0.0000,0.29100,-0.09600,0.90200,21.77000,-5.44000,-11.40000,-0.94500,-0.04700,0.22400,0.44000,-2.09000,1.62000,16.9,6.9,1.0,0.0,0.735425,0.320189,1.316188,-0.731320,0.338898,1.182244,-0.089600,0.486000,0.869300,0.003200,0.133500,0.542300,0.828800,0.034500,0.735468,0.320200,1.316309,-0.731728,0.339111,1.182052,1.114254,0.754223,2.277953,-1.654467,-1.982504,-0.714023,-0.553200,1.961756,-1.265816,1.602308,-1.452810,2.673641,0.129441,2.491466,1,1,1.0000,1.0000,-17.7236,-64.3470,-14.7000,-28.2000,0.040000,0.269346,0,0,1,1,0,0,0.0000,0.0000,,,,,1684,1684,0,0,1624,1635,60,36,0,13,0.52913,0.53978,,,,,,,,,,,,,,,,,,,,,,,140344.9118,1097,1097,0,0
1788271848.4087,G_left_centre_left_right,G,left,0,left_right,,centre,192,138.6000,344.2000,59.3000,217.1000,218.9000,0.0000,345.9000,314.8000,23.7000,0.0000,167.9000,0.0000,108.0000,0.0000,0.30900,-0.06200,0.90700,18.44000,-4.21000,-8.36000,-0.95100,-0.04000,0.22200,0.43000,-2.60000,1.55000,16.7,7.4,1.0,0.0,0.735449,0.320173,1.316273,-0.731298,0.338886,1.182259,-0.089600,0.486000,0.869300,0.003200,0.133500,0.542300,0.828800,0.034500,0.735468,0.320200,1.316309,-0.731728,0.339111,1.182052,1.114294,0.754263,2.277959,-1.654470,-1.982465,-0.714054,-0.553203,1.961734,-1.265795,1.602228,-1.452922,2.673633,0.129335,2.491508,1,1,1.0000,1.0000,-16.6490,-64.7679,-14.7000,-28.2000,0.040000,0.269346,0,0,1,1,0,0,0.0000,0.0000,,,,,1685,1685,0,0,1625,1636,60,36,0,13,0.52913,0.53978,,,,,,,,,,,,,,,,,,,,,,,140344.9316,1098,1098,0,0
1788271848.4335,G_left_centre_left_right,G,left,0,left_right,,centre,193,138.6000,344.2000,59.3000,217.1000,218.9000,0.0000,345.9000,314.8000,23.7000,0.0000,167.9000,0.0000,108.0000,0.0000,0.30900,-0.06200,0.90700,18.44000,-4.21000,-8.36000,-0.95100,-0.04000,0.22200,0.43000,-2.60000,1.55000,16.7,7.4,1.0,0.0,0.735449,0.320173,1.316273,-0.731298,0.338886,1.182259,-0.089600,0.486000,0.869300,0.003200,0.133500,0.542300,0.828800,0.034500,0.735468,0.320200,1.316309,-0.731728,0.339111,1.182052,1.114295,0.754251,2.277955,-1.654483,-1.982490,-0.714054,-0.553192,1.961726,-1.265792,1.602214,-1.452937,2.673630,0.129321,2.491515,1,1,1.0000,1.0000,-16.6490,-64.7679,-14.7000,-28.2000,0.040000,0.269346,0,0,1,1,0,0,0.0000,0.0000,,,,,1685,1685,0,0,1625,1636,60,36,0,13,0.52913,0.53978,,,,,,,,,,,,,,,,,,,,,,,140344.9564,1098,1098,0,0
1788271848.4485,G_left_centre_left_right,G,left,0,left_right,,centre,194,138.7000,344.2000,59.3000,217.1000,218.9000,0.0000,345.9000,314.8000,23.7000,0.0000,167.8000,0.0000,107.8000,0.0000,0.33200,-0.04400,0.90900,8.83000,0.07000,-2.76000,-0.94700,-0.04100,0.21100,-0.63000,-3.42000,2.00000,16.4,7.6,1.0,0.0,0.735530,0.320137,1.316559,-0.731184,0.338825,1.182323,-0.089600,0.486000,0.869300,0.003200,0.133500,0.542300,0.828800,0.034500,0.735423,0.320195,1.316172,-0.731526,0.339008,1.182123,1.114239,0.754104,2.277903,-1.654587,-1.982736,-0.713993,-0.553080,1.961697,-1.265780,1.602080,-1.453229,2.673618,0.129039,2.491556,1,1,1.0000,1.0000,-15.3161,-64.6729,-14.6000,-28.2000,0.040000,0.269372,0,0,1,1,0,0,0.0000,0.0000,,,,,1687,1687,0,0,1627,1638,60,36,0,13,0.52908,0.53965,,,,,,,,,,,,,,,,,,,,,,,140344.9713,1100,1100,0,0
1788271848.4727,G_left_centre_left_right,G,left,0,left_right,,centre,195,138.7000,344.2000,59.3000,217.1000,218.9000,0.0000,345.9000,314.8000,23.7000,0.0000,167.9000,0.0000,107.8000,0.0000,0.32800,-0.06300,0.90900,5.51000,2.21000,-1.72000,-0.94600,-0.04200,0.21200,-1.73000,-3.10000,1.43000,15.6,8.0,1.0,0.0,0.735565,0.320125,1.316679,-0.731123,0.338792,1.182358,-0.089600,0.486000,0.869300,0.003200,0.133500,0.542300,0.828800,0.034500,0.735423,0.320195,1.316172,-0.731526,0.339008,1.182123,1.114161,0.753934,2.277850,-1.654687,-1.983020,-0.713918,-0.552969,1.961671,-1.265770,1.601932,-1.453673,2.673604,0.128550,2.491599,1,1,1.0000,1.0000,-15.6282,-64.6153,-14.6000,-28.2000,0.040000,0.269346,0,0,1,1,0,0,0.0000,0.0000,,,,,1687,1688,0,0,1627,1639,60,36,0,13,0.52908,0.53965,,,,,,,,,,,,,,,,,,,,,,,140344.9955,1101,1101,0,0
1788271848.4929,G_left_centre_left_right,G,left,0,left_right,,centre,196,138.6000,344.2000,59.3000,217.1000,218.9000,0.0000,345.9000,314.8000,23.7000,0.0000,167.9000,0.0000,107.8000,0.0000,0.30900,-0.08000,0.90000,3.45000,2.82000,-0.34000,-0.93500,-0.03800,0.20800,-2.67000,-3.06000,0.32000,15.7,7.5,1.0,0.0,0.735580,0.320113,1.316731,-0.731127,0.338794,1.182358,-0.089600,0.486000,0.869300,0.003200,0.133500,0.542300,0.828800,0.034500,0.735520,0.320152,1.316464,-0.731251,0.338856,1.182314,1.114062,0.753734,2.277788,-1.654794,-1.983348,-0.713822,-0.552843,1.961641,-1.265759,1.601764,-1.454129,2.673587,0.128083,2.491650,1,1,1.0000,1.0000,-16.5956,-64.8198,-14.7000,-28.2000,0.040000,0.269346,0,0,1,1,0,0,0.0000,0.0000,,,,,1689,1689,0,0,1629,1640,60,36,0,13,0.52908,0.53965,,,,,,,,,,,,,,,,,,,,,,,140345.0158,1102,1102,0,0
1788271848.5095,G_left_centre_left_right,G,left,0,left_right,,centre,197,138.6000,344.2000,59.3000,217.1000,218.9000,0.0000,345.9000,314.8000,23.7000,0.0000,167.8000,0.0000,107.7000,0.0000,0.31300,-0.09500,0.90300,2.58000,3.66000,-0.76000,-0.93500,-0.03600,0.20700,-3.03000,-2.58000,-0.41000,15.2,7.6,1.0,0.0,0.735595,0.320102,1.316786,-0.731156,0.338810,1.182343,-0.089600,0.486000,0.869300,0.003200,0.133500,0.542300,0.828800,0.034500,0.735520,0.320152,1.316464,-0.731251,0.338856,1.182314,1.113955,0.753518,2.277720,-1.654914,-1.983679,-0.713718,-0.552704,1.961616,-1.265750,1.601636,-1.454398,2.673572,0.127820,2.491691,1,1,1.0000,1.0000,-16.4885,-64.9358,-14.7000,-28.2000,0.040000,0.269372,0,0,1,1,0,0,0.0000,0.0000,,,,,1690,1690,0,0,1630,1641,60,36,0,13,0.52916,0.53944,,,,,,,,,,,,,,,,,,,,,,,140345.0323,1103,1103,0,0
1788271848.5365,G_left_centre_left_right,G,left,0,left_right,,centre,198,138.6000,344.2000,59.3000,217.1000,218.9000,0.0000,345.9000,314.8000,23.6000,0.0000,167.9000,0.0000,107.8000,0.0000,0.31800,-0.09100,0.90200,2.24000,4.19000,-2.07000,-0.92900,-0.03500,0.20800,-3.02000,-1.86000,-1.46000,15.7,7.5,1.0,0.0,0.735614,0.320090,1.316855,-0.731198,0.338833,1.182322,-0.089600,0.486000,0.869300,0.003200,0.133500,0.542300,0.828800,0.034500,0.735520,0.320152,1.316464,-0.731251,0.338856,1.182314,1.113903,0.753410,2.277684,-1.654978,-1.983833,-0.713667,-0.552632,1.961608,-1.265746,1.601599,-1.454481,2.673564,0.127737,2.491709,1,1,1.0000,1.0000,-16.1716,-64.9896,-14.7000,-28.2000,0.040000,0.269343,0,0,1,1,0,0,0.0000,0.0000,,,,,1691,1691,0,0,1631,1642,60,36,0,13,0.52916,0.53944,,,,,,,,,,,,,,,,,,,,,,,140345.0593,1104,1104,0,0
1788271848.5599,G_left_centre_left_right,G,left,0,left_right,,centre,199,138.6000,344.2000,59.3000,217.1000,218.9000,0.0000,345.9000,314.8000,23.6000,0.0000,167.9000,0.0000,107.8000,0.0000,0.31800,-0.09100,0.90200,2.24000,4.19000,-2.07000,-0.92900,-0.03500,0.20800,-3.02000,-1.86000,-1.46000,15.8,7.1,1.0,0.0,0.735614,0.320090,1.316855,-0.731198,0.338833,1.182322,-0.089600,0.486000,0.869300,0.003200,0.133500,0.542300,0.828800,0.034500,0.735520,0.320152,1.316464,-0.731251,0.338856,1.182314,1.113841,0.753297,2.277639,-1.655064,-1.983969,-0.713606,-0.552546,1.961599,-1.265740,1.601560,-1.454534,2.673549,0.127688,2.491735,1,1,1.0000,1.0000,-16.1716,-64.9896,-14.7000,-28.2000,0.040000,0.269343,0,0,1,1,0,0,0.0000,0.0000,,,,,1691,1691,0,0,1631,1642,60,36,0,13,0.52916,0.53944,,,,,,,,,,,,,,,,,,,,,,,140345.0828,1104,1104,0,0
1788271848.5719,G_left_centre_left_right,G,left,0,left_right,,centre,200,138.6000,344.2000,59.3000,217.1000,218.9000,0.0000,345.9000,314.8000,23.6000,0.0000,167.9000,0.0000,107.8000,0.0000,0.31800,-0.09100,0.90700,1.21000,5.24000,-3.93000,-0.93500,-0.03400,0.21200,-2.82000,-0.63000,-2.70000,16.4,7.4,1.0,0.0,0.735630,0.320079,1.316912,-0.731261,0.338866,1.182291,-0.089600,0.486000,0.869300,0.003200,0.133500,0.542300,0.828800,0.034500,0.735605,0.320101,1.316797,-0.731157,0.338812,1.182341,1.113819,0.753246,2.277617,-1.655099,-1.984056,-0.713582,-0.552508,1.961598,-1.265739,1.601558,-1.454508,2.673542,0.127719,2.491744,1,1,1.0000,1.0000,-16.2682,-65.0705,-14.7000,-28.2000,0.040000,0.269343,0,0,1,1,0,0,0.0000,0.0000,,,,,1692,1692,0,0,1632,1643,60,36,0,13,0.52916,0.53944,,,,,,,,,,,,,,,,,,,,,,,140345.0948,1105,1105,0,0
1788271848.5885,G_left_centre_left_right,G,left,0,left_right,,centre,201,137.0000,344.2000,59.3000,217.1000,218.9000,0.0000,345.9000,314.9000,23.8000,0.0000,168.3000,0.0000,109.2000,0.0000,0.28300,-0.09400,0.90100,1.64000,4.45000,-16.56000,-0.94000,-0.02000,0.23500,-2.10000,0.91000,-5.07000,16.3,7.0,1.0,0.0,0.735561,0.319928,1.316824,-0.732113,0.339371,1.181866,-0.089600,0.486000,0.869300,0.003200,0.133500,0.542300,0.828800,0.034500,0.735605,0.320101,1.316797,-0.731157,0.338812,1.182341,1.113757,0.753052,2.277534,-1.655278,-1.984363,-0.713503,-0.552331,1.961623,-1.265739,1.601679,-1.454189,2.673521,0.128044,2.491749,1,1,1.0000,1.0000,-18.1573,-65.9381,-16.3000,-28.1000,0.040000,0.269239,0,0,1,1,0,0,0.0000,0.0000,,,,,1694,1694,0,0,1634,1645,60,36,0,13,0.52923,0.53938,,,,,,,,,,,,,,,,,,,,,,,140345.1113,1107,1107,0,0
1788271848.6139,G_left_centre_left_right,G,left,0,left_right,,centre,202,136.9000,344.2000,59.3000,217.1000,218.9000,0.0000,345.9000,314.9000,23.8000,0.0000,168.4000,0.0000,109.6000,0.0000,0.28200,-0.10200,0.88600,1.07000,4.23000,-16.55000,-0.95400,-0.02700,0.22700,-2.24000,0.21000,-3.40000,16.4,7.0,1.0,0.0,0.735533,0.319853,1.316799,-0.732277,0.339475,1.181790,-0.089600,0.486000,0.869300,0.003200,0.133500,0.542300,0.828800,0.034500,0.735605,0.320101,1.316797,-0.731157,0.338812,1.182341,1.113832,0.753020,2.277521,-1.655460,-1.984423,-0.713584,-0.552206,1.961669,-1.265743,1.601812,-1.453922,2.673523,0.128313,2.491725,1,1,1.0000,1.0000,-17.9771,-65.5411,-16.4000,-28.1000,0.040000,0.269211,0,0,1,1,0,0,0.0000,0.0000,,,,,1694,1694,0,0,1634,1645,60,36,0,13,0.52923,0.53938,,,,,,,,,,,,,,,,,,,,,,,140345.1368,1108,1108,0,0
1788271848.6331,G_left_centre_left_right,G,left,0,left_right,,centre,203,136.8000,344.2000,59.3000,217.1000,218.9000,0.0000,345.9000,314.9000,23.8000,0.0000,168.5000,0.0000,110.4000,0.0000,0.28100,-0.09900,0.89400,0.09000,3.31000,-16.28000,-0.96100,-0.02100,0.23300,-1.63000,-0.32000,-2.45000,16.3,6.8,1.0,0.0,0.735502,0.319781,1.316766,-0.732607,0.339669,1.181632,-0.089600,0.486000,0.869300,0.003200,0.133500,0.542300,0.828800,0.034500,0.735560,0.319948,1.316846,-0.731457,0.338982,1.182199,1.113977,0.753007,2.277515,-1.655734,-1.984488,-0.713751,-0.552027,1.961755,-1.265748,1.602078,-1.453240,2.673531,0.128953,2.491675,1,1,1.0000,1.0000,-18.1678,-65.9044,-16.5000,-28.1000,0.040000,0.269183,0,0,1,1,0,0,0.0000,0.0000,,,,,1696,1696,0,0,1636,1647,60,36,0,13,0.52923,0.53938,,,,,,,,,,,,,,,,,,,,,,,140345.1559,1109,1109,0,0
1788271848.6545,G_left_centre_left_right,G,left,0,left_right,,centre,204,136.7000,344.2000,59.3000,217.1000,218.9000,0.0000,345.9000,314.9000,23.8000,0.0000,168.6000,0.0000,111.5000,0.0000,0.28900,-0.10500,0.89400,-0.64000,3.04000,-16.60000,-0.96100,-0.02400,0.22900,-0.85000,-0.45000,-1.75000,16.5,6.8,1.0,0.0,0.735479,0.319704,1.316758,-0.732813,0.339794,1.181540,-0.089600,0.486000,0.869300,0.003200,0.133500,0.542300,0.828800,0.034500,0.735560,0.319948,1.316846,-0.731457,0.338982,1.182199,1.114134,0.752985,2.277508,-1.656034,-1.984573,-0.713927,-0.551824,1.961864,-1.265753,1.602419,-1.452197,2.673542,0.129990,2.491614,1,1,1.0000,1.0000,-17.7275,-65.7269,-16.6000,-28.1000,0.040000,0.269155,0,0,1,1,0,0,0.0000,0.0000,,,,,1697,1697,0,0,1637,1648,60,36,0,13,0.52915,0.53960,,,,,,,,,,,,,,,,,,,,,,,140345.1773,1110,1110,0,0
1788271848.6745,G_left_centre_left_right,G,left,0,left_right,,centre,205,136.6000,344.2000,59.3000,217.1000,218.9000,0.0000,345.9000,314.9000,23.8000,0.0000,168.6000,0.0000,111.4000,0.0000,0.27900,-0.12200,0.89900,-0.69000,3.15000,-16.89000,-0.95400,-0.02300,0.22700,-0.02000,-0.63000,-1.44000,15.4,7.1,1.0,0.0,0.735443,0.319631,1.316712,-0.733019,0.339917,1.181446,-0.089600,0.486000,0.869300,0.003200,0.133500,0.542300,0.828800,0.034500,0.735560,0.319948,1.316846,-0.731457,0.338982,1.182199,1.114278,0.752953,2.277499,-1.656313,-1.984675,-0.714086,-0.551626,1.961993,-1.265755,1.602806,-1.451004,2.673560,0.131210,2.491542,1,1,1.0000,1.0000,-18.4529,-65.7746,-16.7000,-28.1000,0.040000,0.269155,0,0,1,1,0,0,0.0000,0.0000,,,,,1698,1698,0,0,1638,1649,60,36,0,13,0.52915,0.53960,,,,,,,,,,,,,,,,,,,,,,,140345.1974,1111,1111,0,0
1788271848.6891,G_left_centre_left_right,G,left,0,left_right,,centre,206,136.6000,344.2000,59.3000,217.1000,218.9000,0.0000,345.9000,314.9000,23.8000,0.0000,168.7000,0.0000,111.4000,0.0000,0.29100,-0.13800,0.90400,-0.06000,3.28000,-16.87000,-0.94800,-0.02800,0.22200,0.46000,-0.84000,-0.44000,15.8,7.3,1.0,0.0,0.735419,0.319558,1.316698,-0.733075,0.339958,1.181430,-0.089600,0.486000,0.869300,0.003200,0.133500,0.542300,0.828800,0.034500,0.735560,0.319948,1.316846,-0.731457,0.338982,1.182199,1.114425,0.752920,2.277489,-1.656593,-1.984780,-0.714243,-0.551428,1.962141,-1.265753,1.603247,-1.449654,2.673582,0.132531,2.491461,1,1,1.0000,1.0000,-17.9037,-65.4669,-16.7000,-28.1000,0.040000,0.269126,0,0,1,1,0,0,0.0000,0.0000,,,,,1699,1699,0,0,1639,1650,60,36,0,13,0.52915,0.53960,,,,,,,,,,,,,,,,,,,,,,,140345.2119,1112,1112,0,0
1788271848.7087,G_left_centre_left_right,G,left,0,left_right,,centre,207,136.6000,344.2000,59.3000,217.1000,218.9000,0.0000,345.9000,314.9000,24.0000,0.0000,168.5000,0.0000,110.8000,0.0000,0.29100,-0.14500,0.90900,1.47000,3.60000,-17.23000,-0.95600,-0.03300,0.22200,0.79000,-1.20000,0.53000,16.6,6.8,1.0,0.0,0.735394,0.319490,1.316679,-0.733035,0.339944,1.181455,-0.089600,0.486000,0.869300,0.003200,0.133500,0.542300,0.828800,0.034500,0.735445,0.319674,1.316743,-0.732391,0.339563,1.181572,1.114573,0.752890,2.277479,-1.656867,-1.984877,-0.714402,-0.551234,1.962302,-1.265749,1.603708,-1.448332,2.673609,0.133793,2.491376,1,1,1.0000,1.0000,-18.0130,-65.1857,-16.7000,-28.1000,0.040000,0.269187,0,0,1,1,0,0,0.0000,0.0000,,,,,1700,1700,0,0,1640,1651,60,36,0,13,0.52915,0.54032,,,,,,,,,,,,,,,,,,,,,,,140345.2316,1113,1113,0,0
1788271848.7413,G_left_centre_left_right,G,left,0,left_right,,centre,208,136.6000,344.2000,59.3000,217.1000,218.9000,0.0000,345.9000,314.9000,23.9000,0.0000,168.6000,0.0000,110.3000,0.0000,0.27300,-0.13100,0.90400,3.50000,3.44000,-17.77000,-0.95800,-0.03000,0.21600,0.64000,-1.79000,1.52000,17.2,6.8,1.0,0.0,0.735361,0.319441,1.316621,-0.733043,0.339955,1.181457,-0.089600,0.486000,0.869300,0.003200,0.133500,0.542300,0.828800,0.034500,0.735445,0.319674,1.316743,-0.732391,0.339563,1.181572,1.114654,0.752870,2.277473,-1.657019,-1.984934,-0.714487,-0.551125,1.962475,-1.265738,1.604156,-1.447225,2.673640,0.134800,2.491294,1,1,1.0000,1.0000,-18.9130,-65.3487,-16.7000,-28.1000,0.040000,0.269157,0,0,1,1,0,0,0.0000,0.0000,,,,,1700,1701,0,0,1640,1652,60,36,0,13,0.52915,0.54032,,,,,,,,,,,,,,,,,,,,,,,140345.2642,1114,1114,0,0
1788271848.7649,G_left_centre_left_right,G,left,0,left_right,,centre,209,136.6000,344.2000,59.3000,217.1000,218.9000,0.0000,345.9000,314.9000,23.9000,0.0000,168.6000,0.0000,110.3000,0.0000,0.27300,-0.13100,0.90400,3.50000,3.44000,-17.77000,-0.95800,-0.03000,0.21600,0.64000,-1.79000,1.52000,16.4,6.9,1.0,0.0,0.735361,0.319441,1.316621,-0.733043,0.339955,1.181457,-0.089600,0.486000,0.869300,0.003200,0.133500,0.542300,0.828800,0.034500,0.735445,0.319674,1.316743,-0.732391,0.339563,1.181572,1.114834,0.752841,2.277457,-1.657325,-1.985043,-0.714672,-0.550907,1.962613,-1.265727,1.604567,-1.446606,2.673665,0.135327,2.491234,1,1,1.0000,1.0000,-18.9130,-65.3487,-16.7000,-28.1000,0.040000,0.269157,0,0,1,1,0,0,0.0000,0.0000,,,,,1701,1701,0,0,1641,1652,60,36,0,13,0.52895,0.54032,,,,,,,,,,,,,,,,,,,,,,,140345.2877,1114,1114,0,0
1788271848.7692,G_left_centre_left_right,G,left,0,left_right,,centre,210,136.4000,344.2000,59.3000,217.1000,218.9000,0.0000,345.9000,314.9000,23.8000,0.0000,168.7000,0.0000,109.7000,0.0000,0.25500,-0.09900,0.90600,3.63000,0.50000,-16.21000,-0.95900,-0.03000,0.21300,0.11000,-2.48000,2.51000,16.5,6.7,1.0,0.0,0.735249,0.319331,1.316391,-0.733016,0.339954,1.181488,-0.089600,0.486000,0.869300,0.003200,0.133500,0.542300,0.828800,0.034500,0.735358,0.319443,1.316610,-0.733069,0.339940,1.181410,1.115022,0.752864,2.277458,-1.657557,-1.985061,-0.714864,-0.550750,1.962675,-1.265717,1.604624,-1.446573,2.673681,0.135339,2.491208,1,1,1.0000,1.0000,-19.8827,-65.3409,-16.9000,-28.1000,0.040000,0.269126,0,0,1,1,0,0,0.0000,0.0000,,,,,1703,1703,0,0,1643,1654,60,36,0,13,0.52895,0.54032,,,,,,,,,,,,,,,,,,,,,,,140345.2920,1116,1116,0,0
1788271848.7892,G_left_centre_left_right,G,left,0,left_right,,centre,211,136.3000,344.2000,59.3000,217.1000,218.9000,0.0000,345.9000,315.0000,23.8000,0.0000,168.7000,0.0000,109.5000,0.0000,0.27300,-0.08900,0.90500,2.81000,-0.31000,-16.32000,-0.96300,-0.03500,0.21800,-0.97000,-2.56000,2.67000,17.4,6.7,1.0,0.0,0.735224,0.319277,1.316359,-0.732959,0.339941,1.181520,-0.089600,0.486000,0.869300,0.003200,0.133500,0.542300,0.828800,0.034500,0.735358,0.319443,1.316610,-0.733069,0.339940,1.181410,1.115111,0.752899,2.277465,-1.657632,-1.985025,-0.714952,-0.550703,1.962732,-1.265699,1.604553,-1.446673,2.673702,0.135205,2.491195,1,1,1.0000,1.0000,-18.7839,-65.0706,-17.0000,-28.0000,0.040000,0.269126,0,0,1,1,0,0,0.0000,0.0000,,,,,1704,1704,0,0,1644,1655,60,36,0,13,0.52879,0.54078,,,,,,,,,,,,,,,,,,,,,,,140345.3120,1117,1117,0,0
1788271848.8135,G_left_centre_left_right,G,left,0,left_right,,centre,212,136.2000,344.2000,59.3000,217.1000,218.9000,0.0000,345.9000,314.9000,23.8000,0.0000,168.7000,0.0000,109.3000,0.0000,0.26900,-0.11200,0.91100,3.34000,-1.21000,-18.02000,-0.95800,-0.04100,0.21700,-1.30000,-2.61000,3.05000,16.1,6.8,1.0,0.0,0.735188,0.319219,1.316303,-0.732771,0.339846,1.181628,-0.089600,0.486000,0.869300,0.003200,0.133500,0.542300,0.828800,0.034500,0.735358,0.319443,1.316610,-0.733069,0.339940,1.181410,1.115352,0.753037,2.277494,-1.657859,-1.984880,-0.715201,-0.550569,1.962771,-1.265681,1.604520,-1.446703,2.673725,0.135164,2.491184,1,1,1.0000,1.0000,-19.1995,-64.7112,-17.1000,-28.1000,0.040000,0.269126,0,0,1,1,0,0,0.0000,0.0000,,,,,1705,1705,0,0,1645,1656,60,36,0,13,0.52879,0.54078,,,,,,,,,,,,,,,,,,,,,,,140345.3363,1118,1118,0,0
1788271848.8428,G_left_centre_left_right,G,left,0,left_right,,centre,213,136.1000,344.2000,59.3000,217.1000,218.9000,0.0000,346.0000,314.9000,23.8000,0.0000,168.5000,0.0000,109.1000,0.0000,0.27200,-0.11400,0.91100,4.44000,-1.95000,-19.40000,-0.95200,-0.04500,0.19400,-1.06000,-2.90000,3.31000,16.3,6.8,1.0,0.0,0.735160,0.319166,1.316265,-0.732475,0.339692,1.181788,-0.089600,0.486000,0.869300,0.003200,0.133500,0.542300,0.828800,0.034500,0.735205,0.319247,1.316340,-0.732978,0.339942,1.181497,1.115613,0.753117,2.277512,-1.658189,-1.984854,-0.715470,-0.550352,1.962786,-1.265668,1.604434,-1.446799,2.673743,0.135011,2.491185,1,1,1.0000,1.0000,-19.0340,-64.3727,-17.2000,-28.1000,0.040000,0.269183,0,0,1,1,0,0,0.0000,0.0000,,,,,1706,1706,0,0,1646,1657,60,36,0,13,0.52879,0.54078,,,,,,,,,,,,,,,,,,,,,,,140345.3656,1119,1119,0,0
1788271848.8493,G_left_centre_left_right,G,left,0,left_right,,centre,214,136.1000,344.2000,59.3000,217.1000,218.9000,0.0000,346.0000,314.9000,23.8000,0.0000,168.5000,0.0000,109.1000,0.0000,0.27200,-0.11400,0.91100,4.44000,-1.95000,-19.40000,-0.95200,-0.04500,0.19400,-1.06000,-2.90000,3.31000,16.3,6.8,1.0,0.0,0.735160,0.319166,1.316265,-0.732475,0.339692,1.181788,-0.089600,0.486000,0.869300,0.003200,0.133500,0.542300,0.828800,0.034500,0.735205,0.319247,1.316340,-0.732978,0.339942,1.181497,1.115613,0.753117,2.277512,-1.658189,-1.984854,-0.715470,-0.550352,1.962786,-1.265668,1.604434,-1.446799,2.673743,0.135011,2.491185,1,1,1.0000,1.0000,-19.0340,-64.3727,-17.2000,-28.1000,0.040000,0.269183,0,0,1,1,0,0,0.0000,0.0000,,,,,1706,1706,0,0,1646,1657,60,36,0,13,0.52879,0.54078,,,,,,,,,,,,,,,,,,,,,,,140345.3721,1119,1119,0,0
1788271848.8685,G_left_centre_left_right,G,left,0,left_right,,centre,215,135.8000,344.2000,59.3000,217.1000,218.9000,0.0000,346.0000,314.9000,23.8000,0.0000,168.1000,0.0000,108.8000,0.0000,0.27500,-0.12000,0.91300,4.91000,-1.60000,-18.98000,-0.94400,-0.05400,0.19700,1.26000,-2.63000,1.84000,17.0,6.7,1.0,0.0,0.735086,0.319038,1.316160,-0.731316,0.339085,1.182394,-0.089600,0.486000,0.869300,0.003200,0.133500,0.542300,0.828800,0.034500,0.735205,0.319247,1.316340,-0.732978,0.339942,1.181497,1.115737,0.753134,2.277516,-1.658367,-1.984863,-0.715597,-0.550229,1.962753,-1.265652,1.604187,-1.447418,2.673747,0.134349,2.491228,1,1,1.0000,1.0000,-18.9156,-63.8426,-17.5000,-28.1000,0.040000,0.269294,0,0,1,1,0,0,0.0000,0.0000,,,,,1708,1708,0,0,1648,1659,60,36,0,13,0.52859,0.54072,,,,,,,,,,,,,,,,,,,,,,,140345.3914,1121,1121,0,0
1788271848.8904,G_left_centre_left_right,G,left,0,left_right,,centre,216,135.6000,344.2000,59.3000,217.1000,218.9000,0.0000,346.0000,314.9000,23.8000,0.0000,167.8000,0.0000,108.8000,0.0000,0.27600,-0.10300,0.91600,3.90000,-0.94000,-18.37000,-0.94800,-0.04600,0.20200,2.12000,-2.48000,0.90000,16.8,7.0,1.0,0.0,0.735060,0.318970,1.316141,-0.731124,0.338986,1.182479,-0.089600,0.486000,0.869300,0.003200,0.133500,0.542300,0.828800,0.034500,0.735205,0.319247,1.316340,-0.732978,0.339942,1.181497,1.115901,0.753177,2.277523,-1.658568,-1.984856,-0.715766,-0.550094,1.962693,-1.265638,1.603878,-1.448223,2.673738,0.133503,2.491292,1,1,1.0000,1.0000,-18.8506,-64.3461,-17.7000,-28.1000,0.040000,0.269375,0,0,1,1,0,0,0.0000,0.0000,,,,,1709,1709,0,0,1649,1660,60,36,0,13,0.52859,0.54072,,,,,,,,,,,,,,,,,,,,,,,140345.4132,1122,1122,0,0
1788271848.9330,G_left_centre_left_right,G,left,0,left_right,,centre,217,135.6000,344.2000,59.3000,217.1000,218.9000,0.0000,346.0000,314.9000,23.8000,0.0000,167.8000,0.0000,108.8000,0.0000,0.27600,-0.10300,0.91600,3.90000,-0.94000,-18.37000,-0.94800,-0.04600,0.20200,2.12000,-2.48000,0.90000,17.3,6.8,1.0,0.0,0.735060,0.318970,1.316141,-0.731124,0.338986,1.182479,-0.089600,0.486000,0.869300,0.003200,0.133500,0.542300,0.828800,0.034500,0.735205,0.319247,1.316340,-0.732978,0.339942,1.181497,1.115970,0.753187,2.277525,-1.658675,-1.984866,-0.715840,-0.550018,1.962648,-1.265631,1.603647,-1.448824,2.673729,0.132877,2.491339,1,1,1.0000,1.0000,-18.8506,-64.3461,-17.7000,-28.1000,0.040000,0.269375,0,0,1,1,0,0,0.0000,0.0000,,,,,1709,1709,0,0,1649,1660,60,36,0,13,0.52859,0.54072,,,,,,,,,,,,,,,,,,,,,,,140345.4558,1122,1122,0,0
1788271848.9334,G_left_centre_left_right,G,left,0,left_right,,centre,218,135.6000,344.2000,59.3000,217.1000,218.9000,0.0000,346.0000,314.9000,23.8000,0.0000,167.8000,0.0000,108.8000,0.0000,0.27600,-0.10300,0.91600,3.90000,-0.94000,-18.37000,-0.94800,-0.04600,0.20200,2.12000,-2.48000,0.90000,17.3,6.8,1.0,0.0,0.735060,0.318970,1.316141,-0.731124,0.338986,1.182479,-0.089600,0.486000,0.869300,0.003200,0.133500,0.542300,0.828800,0.034500,0.735205,0.319247,1.316340,-0.732978,0.339942,1.181497,1.115970,0.753187,2.277525,-1.658675,-1.984866,-0.715840,-0.550018,1.962648,-1.265631,1.603647,-1.448824,2.673729,0.132877,2.491339,1,1,1.0000,1.0000,-18.8506,-64.3461,-17.7000,-28.1000,0.040000,0.269375,0,0,1,1,0,0,0.0000,0.0000,,,,,1709,1709,0,0,1649,1660,60,36,0,13,0.52859,0.54072,,,,,,,,,,,,,,,,,,,,,,,140345.4563,1122,1122,0,0
1788271848.9533,G_left_centre_left_right,G,left,0,left_right,,centre,219,135.3000,344.2000,59.3000,217.1000,218.9000,0.0000,346.0000,314.9000,23.8000,0.0000,167.4000,0.0000,108.6000,0.0000,0.27700,-0.08600,0.89800,-1.12000,-0.47000,-16.34000,-0.95900,-0.03900,0.20900,-0.24000,-2.73000,-0.11000,18.1,6.6,1.0,0.0,0.735006,0.318756,1.316165,-0.730948,0.338898,1.182530,-0.089600,0.486000,0.869300,0.003200,0.133500,0.542300,0.828800,0.034500,0.735094,0.319057,1.316187,-0.732356,0.339614,1.181906,1.116198,0.753150,2.277514,-1.659149,-1.985031,-0.716092,-0.549678,1.962415,-1.265614,1.602485,-1.451989,2.673673,0.129568,2.491556,1,1,1.0000,1.0000,-18.4196,-64.8033,-18.0000,-28.1000,0.040000,0.269480,0,0,1,1,0,0,0.0000,0.0000,,,,,1711,1711,0,0,1651,1662,60,36,0,13,0.52843,0.54025,,,,,,,,,,,,,,,,,,,,,,,140345.4762,1125,1124,0,0
1788271848.9846,G_left_centre_left_right,G,left,0,left_right,,centre,220,135.3000,344.2000,59.3000,217.1000,218.9000,0.0000,346.0000,314.9000,23.8000,0.0000,167.3000,0.0000,108.5000,0.0000,0.28100,-0.09600,0.89400,-2.46000,-0.61000,-16.19000,-0.95100,-0.03900,0.19900,-2.10000,-2.75000,-0.28000,18.3,6.2,1.0,0.0,0.734993,0.318692,1.316182,-0.730935,0.338893,1.182518,-0.089600,0.486000,0.869300,0.003200,0.133500,0.542300,0.828800,0.034500,0.734998,0.318812,1.316171,-0.731266,0.339020,1.182625,1.116241,0.753120,2.277504,-1.659271,-1.985108,-0.716139,-0.549582,1.962415,-1.265614,1.602485,-1.451989,2.673673,0.129568,2.491556,1,1,1.0000,1.0000,-18.1564,-64.7488,-18.0000,-28.1000,0.040000,0.269506,0,0,1,1,0,0,0.0000,0.0000,,,,,1712,1712,0,0,1652,1663,60,36,0,13,0.52843,0.54025,,,,,,,,,,,,,,,,,,,,,,,140345.5074,1126,1125,0,0
1788271848.9919,G_left_centre_left_right,G,left,0,left_right,,centre,221,135.3000,344.2000,59.3000,217.1000,218.9000,0.0000,346.0000,314.9000,23.8000,0.0000,167.3000,0.0000,108.5000,0.0000,0.28100,-0.09600,0.89400,-2.46000,-0.61000,-16.19000,-0.95100,-0.03900,0.19900,-2.10000,-2.75000,-0.28000,18.3,6.2,1.0,0.0,0.734993,0.318692,1.316182,-0.730935,0.338893,1.182518,-0.089600,0.486000,0.869300,0.003200,0.133500,0.542300,0.828800,0.034500,0.734998,0.318812,1.316171,-0.731266,0.339020,1.182625,1.116241,0.753120,2.277504,-1.659271,-1.985108,-0.716139,-0.549582,1.962415,-1.265614,1.602485,-1.451989,2.673673,0.129568,2.491556,1,1,1.0000,1.0000,-18.1564,-64.7488,-18.0000,-28.1000,0.040000,0.269506,0,0,1,1,0,0,0.0000,0.0000,,,,,1712,1712,0,0,1652,1663,60,36,0,13,0.52843,0.54025,,,,,,,,,,,,,,,,,,,,,,,140345.5147,1126,1125,0,0
1788271849.0113,G_left_centre_left_right,G,left,0,left_right,,centre,222,135.1000,344.2000,59.3000,217.1000,218.9000,0.0000,345.9000,314.8000,23.8000,0.0000,167.3000,0.0000,108.6000,0.0000,0.28300,-0.11400,0.90900,-2.44000,-1.74000,-16.31000,-0.93800,-0.04000,0.19900,-4.38000,-1.68000,-1.39000,15.6,7.0,1.0,0.0,0.734954,0.318571,1.316174,-0.730881,0.338823,1.182508,-0.089600,0.486000,0.869300,0.003200,0.133500,0.542300,0.828800,0.034500,0.734998,0.318812,1.316171,-0.731266,0.339020,1.182625,1.116599,0.752880,2.277435,-1.660226,-1.985662,-0.716549,-0.548864,1.962121,-1.265676,1.601297,-1.454695,2.673579,0.127039,2.491738,1,1,1.0000,1.0000,-18.3705,-64.6703,-18.2000,-28.2000,0.040000,0.269506,0,0,1,1,0,0,0.0000,0.0000,,,,,1715,1715,0,0,1655,1666,60,36,0,13,0.52826,0.53943,,,,,,,,,,,,,,,,,,,,,,,140345.5341,1128,1128,0,0
1788271849.0324,G_left_centre_left_right,G,left,0,left_right,,centre,223,135.1000,344.2000,59.3000,217.1000,218.9000,0.0000,345.9000,314.8000,23.8000,0.0000,167.3000,0.0000,108.6000,0.0000,0.28300,-0.11400,0.90900,-2.44000,-1.74000,-16.31000,-0.93800,-0.04000,0.19900,-4.38000,-1.68000,-1.39000,15.6,7.0,1.0,0.0,0.734954,0.318571,1.316174,-0.730881,0.338823,1.182508,-0.089600,0.486000,0.869300,0.003200,0.133500,0.542300,0.828800,0.034500,0.734998,0.318812,1.316171,-0.731266,0.339020,1.182625,1.116599,0.752880,2.277435,-1.660226,-1.985662,-0.716549,-0.548864,1.962121,-1.265676,1.601297,-1.454695,2.673579,0.127039,2.491738,1,1,1.0000,1.0000,-18.3705,-64.6703,-18.2000,-28.2000,0.040000,0.269506,0,0,1,1,0,0,0.0000,0.0000,,,,,1715,1715,0,0,1655,1666,60,36,0,13,0.52826,0.53943,,,,,,,,,,,,,,,,,,,,,,,140345.5552,1128,1128,0,0
1788271849.0489,G_left_centre_left_right,G,left,0,left_right,,centre,224,134.8000,344.2000,59.3000,217.1000,218.9000,0.0000,345.9000,314.8000,23.8000,0.0000,167.3000,0.0000,108.7000,0.0000,0.30000,-0.11400,0.90400,0.69000,-1.41000,-18.53000,-0.94800,-0.03900,0.20700,-2.65000,-0.44000,-1.66000,16.2,7.2,1.0,0.0,0.734941,0.318417,1.316274,-0.730806,0.338759,1.182523,-0.089600,0.486000,0.869300,0.003200,0.133500,0.542300,0.828800,0.034500,0.734939,0.318579,1.316185,-0.730953,0.338888,1.182517,1.116785,0.752750,2.277386,-1.660697,-1.985946,-0.716751,-0.548498,1.962011,-1.265713,1.601191,-1.454652,2.673543,0.127206,2.491769,1,1,1.0000,1.0000,-17.3139,-64.7784,-18.5000,-28.2000,0.040000,0.269506,0,0,1,1,0,0,0.0000,0.0000,,,,,1717,1717,0,0,1657,1668,60,36,0,13,0.52826,0.53943,,,,,,,,,,,,,,,,,,,,,,,140345.5717,1130,1130,0,0
1788271849.0687,G_left_centre_left_right,G,left,0,left_right,,centre,225,134.7000,344.2000,59.3000,217.1000,218.9000,0.0000,345.9000,314.8000,23.8000,0.0000,167.2000,0.0000,108.7000,0.0000,0.29700,-0.09300,0.88600,0.62000,-1.12000,-18.53000,-0.94700,-0.03900,0.21100,-1.69000,0.34000,-1.59000,15.4,7.6,1.0,0.0,0.734940,0.318336,1.316346,-0.730820,0.338757,1.182504,-0.089600,0.486000,0.869300,0.003200,0.133500,0.542300,0.828800,0.034500,0.734939,0.318579,1.316185,-0.730953,0.338888,1.182517,1.116857,0.752637,2.277349,-1.660987,-1.986182,-0.716835,-0.548267,1.961934,-1.265736,1.601113,-1.454945,2.673516,0.126939,2.491792,1,1,1.0000,1.0000,-17.0703,-64.7907,-18.6000,-28.2000,0.040000,0.269532,0,0,1,1,0,0,0.0000,0.0000,,,,,1718,1718,0,0,1658,1669,60,36,0,13,0.52814,0.53925,,,,,,,,,,,,,,,,,,,,,,,140345.5916,1131,1131,0,0
1788271849.1089,G_left_centre_left_right,G,left,0,left_right,,centre,226,134.6000,344.2000,59.3000,217.1000,218.9000,0.0000,345.9000,314.8000,23.8000,0.0000,167.3000,0.0000,108.9000,0.0000,0.30600,-0.07400,0.89000,-0.98000,-0.95000,-17.73000,-0.95000,-0.03500,0.21300,-1.44000,1.04000,-1.85000,15.6,7.7,1.0,0.0,0.734946,0.318254,1.316443,-0.730893,0.338787,1.182457,-0.089600,0.486000,0.869300,0.003200,0.133500,0.542300,0.828800,0.034500,0.734939,0.318579,1.316185,-0.730953,0.338888,1.182517,1.116889,0.752575,2.277329,-1.661133,-1.986312,-0.716873,-0.548150,1.961900,-1.265748,1.601084,-1.455104,2.673503,0.126768,2.491800,1,1,1.0000,1.0000,-16.5484,-65.0369,-18.7000,-28.2000,0.040000,0.269506,0,0,1,1,0,0,0.0000,0.0000,,,,,1719,1719,0,0,1659,1670,60,36,0,13,0.52814,0.53925,,,,,,,,,,,,,,,,,,,,,,,140345.6318,1132,1132,0,0
1788271849.1108,G_left_centre_left_right,G,left,0,left_right,,centre,227,134.6000,344.2000,59.3000,217.1000,218.9000,0.0000,345.9000,314.8000,23.8000,0.0000,167.3000,0.0000,108.9000,0.0000,0.30600,-0.07400,0.89000,-0.98000,-0.95000,-17.73000,-0.95000,-0.03500,0.21300,-1.44000,1.04000,-1.85000,15.6,7.7,1.0,0.0,0.734946,0.318254,1.316443,-0.730893,0.338787,1.182457,-0.089600,0.486000,0.869300,0.003200,0.133500,0.542300,0.828800,0.034500,0.734939,0.318579,1.316185,-0.730953,0.338888,1.182517,1.116889,0.752575,2.277329,-1.661133,-1.986312,-0.716873,-0.548150,1.961900,-1.265748,1.601084,-1.455104,2.673503,0.126768,2.491800,1,1,1.0000,1.0000,-16.5484,-65.0369,-18.7000,-28.2000,0.040000,0.269506,0,0,1,1,0,0,0.0000,0.0000,,,,,1719,1719,0,0,1659,1670,60,36,0,13,0.52814,0.53925,,,,,,,,,,,,,,,,,,,,,,,140345.6336,1132,1132,0,0
1788271849.1409,G_left_centre_left_right,G,left,0,left_right,,centre,228,134.4000,344.2000,59.3000,217.1000,218.9000,0.0000,346.0000,314.8000,23.8000,0.0000,167.4000,0.0000,108.7000,0.0000,0.30200,-0.07200,0.89100,-4.81000,-1.19000,-16.83000,-0.94500,-0.03400,0.21200,-1.79000,1.89000,-0.87000,15.1,7.4,1.0,0.0,0.734943,0.318098,1.316581,-0.731128,0.338897,1.182314,-0.089600,0.486000,0.869300,0.003200,0.133500,0.542300,0.828800,0.034500,0.734918,0.318332,1.316357,-0.730838,0.338772,1.182528,1.116939,0.752425,2.277282,-1.661431,-1.986600,-0.716937,-0.547904,1.961839,-1.265773,1.601052,-1.455280,2.673474,0.126586,2.491814,1,1,1.0000,1.0000,-16.7884,-65.0854,-18.9000,-28.2000,0.040000,0.269480,0,0,1,1,0,0,0.0000,0.0000,,,,,1720,1720,0,0,1660,1671,60,36,0,13,0.52814,0.53925,,,,,,,,,,,,,,,,,,,,,,,140345.6638,1134,1134,0,0
1788271849.1575,G_left_centre_left_right,G,left,0,left_right,,centre,229,134.3000,344.2000,59.3000,217.1000,218.9000,0.0000,346.0000,314.8000,23.8000,0.0000,167.5000,0.0000,108.8000,0.0000,0.30800,-0.08900,0.90000,-5.56000,-1.30000,-17.18000,-0.94300,-0.02300,0.22000,-1.92000,2.05000,-0.40000,14.3,7.3,1.0,0.0,0.734941,0.318020,1.316650,-0.731515,0.339093,1.182107,-0.089600,0.486000,0.869300,0.003200,0.133500,0.542300,0.828800,0.034500,0.734918,0.318332,1.316357,-0.730838,0.338772,1.182528,1.116958,0.752335,2.277253,-1.661591,-1.986770,-0.716963,-0.547769,1.961813,-1.265785,1.601048,-1.455302,2.673461,0.126568,2.491818,1,1,1.0000,1.0000,-16.6898,-65.7522,-19.0000,-28.2000,0.040000,0.269454,0,0,1,1,0,0,0.0000,0.0000,,,,,1721,1721,0,0,1661,1672,60,36,0,13,0.52814,0.53925,,,,,,,,,,,,,,,,,,,,,,,140345.6803,1135,1135,0,0
1788271849.1867,G_left_centre_left_right,G,left,0,left_right,,centre,230,134.1000,344.2000,59.3000,217.1000,218.9000,0.0000,346.0000,314.8000,23.8000,0.0000,167.6000,0.0000,108.9000,0.0000,0.32700,-0.09100,0.90200,-5.88000,-0.47000,-16.74000,-0.94700,-0.03100,0.22600,-1.86000,2.24000,-0.25000,15.0,7.2,1.0,0.0,0.734952,0.317926,1.316781,-0.731631,0.339148,1.182044,-0.089600,0.486000,0.869300,0.003200,0.133500,0.542300,0.828800,0.034500,0.734918,0.318332,1.316357,-0.730838,0.338772,1.182528,1.116997,0.752149,2.277195,-1.661924,-1.987122,-0.717019,-0.547489,1.961782,-1.265808,1.601091,-1.455237,2.673440,0.126747,2.491816,1,1,1.0000,1.0000,-15.6670,-65.2951,-19.2000,-28.2000,0.040000,0.269428,0,0,1,1,0,0,0.0000,0.0000,,,,,1723,1723,0,0,1663,1674,60,36,0,13,0.52804,0.53915,,,,,,,,,,,,,,,,,,,,,,,140345.7096,1136,1136,0,0
1788271849.1937,G_left_centre_left_right,G,left,0,left_right,,centre,231,133.8000,344.2000,59.3000,217.1000,218.9000,0.0000,346.0000,314.8000,23.8000,0.0000,167.7000,0.0000,108.9000,0.0000,0.33700,-0.09100,0.89800,-6.68000,1.31000,-16.27000,-0.94500,-0.02300,0.23000,-1.63000,2.28000,0.02000,15.5,7.4,1.0,0.0,0.734968,0.317814,1.316948,-0.731968,0.339319,1.181870,-0.089600,0.486000,0.869300,0.003200,0.133500,0.542300,0.828800,0.034500,0.734917,0.318048,1.316625,-0.731125,0.338904,1.182310,1.117018,0.752046,2.277162,-1.662110,-1.987317,-0.717050,-0.547333,1.961781,-1.265818,1.601149,-1.455095,2.673433,0.126899,2.491806,1,1,1.0000,1.0000,-15.0285,-65.7667,-19.5000,-28.2000,0.040000,0.269402,0,0,1,1,0,0,0.0000,0.0000,,,,,1723,1723,0,0,1663,1674,60,36,0,13,0.52804,0.53915,,,,,,,,,,,,,,,,,,,,,,,140345.7165,1137,1137,0,0
1788271849.2118,G_left_centre_left_right,G,left,0,left_right,,centre,232,133.7000,344.2000,59.3000,217.1000,218.9000,0.0000,346.0000,314.8000,23.8000,0.0000,167.8000,0.0000,108.9000,0.0000,0.32700,-0.08600,0.89600,-7.60000,2.87000,-15.53000,-0.93900,-0.02800,0.23200,-1.79000,2.59000,0.27000,14.9,7.6,1.0,0.0,0.734971,0.317715,1.317059,-0.732115,0.339391,1.181797,-0.089600,0.486000,0.869300,0.003200,0.133500,0.542300,0.828800,0.034500,0.734917,0.318048,1.316625,-0.731125,0.338904,1.182310,1.117144,0.751370,2.276936,-1.663278,-1.988537,-0.717238,-0.546335,1.961849,-1.265880,1.601877,-1.453342,2.673411,0.128785,2.491684,1,1,1.0000,1.0000,-15.5263,-65.4634,-19.6000,-28.2000,0.040000,0.269375,0,0,1,1,0,0,0.0000,0.0000,,,,,1725,1725,0,0,1665,1676,60,36,0,13,0.52795,0.53936,,,,,,,,,,,,,,,,,,,,,,,140345.7347,1138,1138,0,0
1788271849.2285,G_left_centre_left_right,G,left,0,left_right,,centre,233,133.6000,344.2000,59.3000,217.1000,218.9000,0.0000,346.0000,314.8000,23.8000,0.0000,168.0000,0.0000,108.9000,0.0000,0.31000,-0.08700,0.88900,-7.80000,3.19000,-14.49000,-0.94000,-0.02700,0.22900,-1.52000,2.37000,0.82000,16.7,7.4,1.0,0.0,0.734957,0.317625,1.317108,-0.732270,0.339468,1.181724,-0.089600,0.486000,0.869300,0.003200,0.133500,0.542300,0.828800,0.034500,0.734917,0.318048,1.316625,-0.731125,0.338904,1.182310,1.117155,0.751117,2.276857,-1.663670,-1.989029,-0.717275,-0.545988,1.961900,-1.265893,1.602195,-1.452558,2.673417,0.129642,2.491626,1,1,1.0000,1.0000,-16.3556,-65.5229,-19.7000,-28.2000,0.040000,0.269321,0,0,1,1,0,0,0.0000,0.0000,,,,,1726,1726,0,0,1666,1677,60,36,0,13,0.52795,0.53936,,,,,,,,,,,,,,,,,,,,,,,140345.7513,1139,1139,0,0
1788271849.2485,G_left_centre_left_right,G,left,0,left_right,,centre,234,133.5000,344.2000,59.3000,217.1000,218.9000,0.0000,346.0000,314.8000,23.8000,0.0000,168.2000,0.0000,109.0000,0.0000,0.29700,-0.08400,0.89000,-7.70000,2.86000,-14.38000,-0.94600,-0.02700,0.22500,-2.02000,2.07000,1.28000,16.5,7.1,1.0,0.0,0.734932,0.317549,1.317105,-0.732410,0.339538,1.181664,-0.089600,0.486000,0.869300,0.003200,0.133500,0.542300,0.828800,0.034500,0.734917,0.318048,1.316625,-0.731125,0.338904,1.182310,1.117182,0.750852,2.276775,-1.664140,-1.989539,-0.717332,-0.545581,1.961960,-1.265902,1.602557,-1.451619,2.673427,0.130621,2.491562,1,1,1.0000,1.0000,-17.1091,-65.5277,-19.8000,-28.2000,0.040000,0.269267,0,0,1,1,0,0,0.0000,0.0000,,,,,1726,1726,0,0,1666,1677,60,36,0,13,0.52795,0.53936,,,,,,,,,,,,,,,,,,,,,,,140345.7713,1140,1140,0,0
1788271849.2732,G_left_centre_left_right,G,left,0,left_right,,centre,235,133.5000,344.2000,59.3000,217.1000,218.9000,0.0000,346.0000,314.8000,23.7000,0.0000,168.2000,0.0000,108.9000,0.0000,0.29300,-0.09300,0.89500,-7.11000,2.24000,-14.55000,-0.94800,-0.02200,0.23900,-1.97000,2.02000,1.34000,16.9,7.3,1.0,0.0,0.734901,0.317479,1.317081,-0.732694,0.339685,1.181532,-0.089600,0.486000,0.869300,0.003200,0.133500,0.542300,0.828800,0.034500,0.734921,0.317727,1.316995,-0.731838,0.339269,1.181852,1.117246,0.750617,2.276698,-1.664631,-1.989958,-0.717431,-0.545168,1.962027,-1.265907,1.602936,-1.450679,2.673440,0.131571,2.491497,1,1,1.0000,1.0000,-17.4694,-65.8302,-19.8000,-28.2000,0.040000,0.269264,0,0,1,1,0,0,0.0000,0.0000,,,,,1727,1727,0,0,1667,1678,60,36,0,13,0.52795,0.53936,,,,,,,,,,,,,,,,,,,,,,,140345.7960,1141,1141,0,0
1788271849.2996,G_left_centre_left_right,G,left,0,left_right,,centre,236,133.5000,344.2000,59.3000,217.1000,218.9000,0.0000,346.0000,314.8000,23.7000,0.0000,168.2000,0.0000,108.9000,0.0000,0.29300,-0.09300,0.89500,-7.11000,2.24000,-14.55000,-0.94800,-0.02200,0.23900,-1.97000,2.02000,1.34000,15.9,7.2,1.0,0.0,0.734901,0.317479,1.317081,-0.732694,0.339685,1.181532,-0.089600,0.486000,0.869300,0.003200,0.133500,0.542300,0.828800,0.034500,0.734921,0.317727,1.316995,-0.731838,0.339269,1.181852,1.117290,0.750516,2.276663,-1.664861,-1.990127,-0.717492,-0.544976,1.962061,-1.265905,1.603110,-1.450264,2.673449,0.131966,2.491468,1,1,1.0000,1.0000,-17.4694,-65.8302,-19.8000,-28.2000,0.040000,0.269264,0,0,1,1,0,0,0.0000,0.0000,,,,,1728,1728,0,0,1668,1679,60,36,0,13,0.52795,0.53936,,,,,,,,,,,,,,,,,,,,,,,140345.8225,1141,1141,0,0
1788271849.3091,G_left_centre_left_right,G,left,0,left_right,,centre,237,133.3000,344.2000,59.3000,217.1000,218.9000,0.0000,346.1000,314.8000,23.7000,0.0000,168.2000,0.0000,108.8000,0.0000,0.30000,-0.09700,0.89500,-5.52000,1.50000,-15.95000,-0.93700,-0.02900,0.22700,-1.89000,1.90000,1.22000,15.2,7.2,1.0,0.0,0.734858,0.317331,1.317097,-0.732901,0.339787,1.181445,-0.089600,0.486000,0.869300,0.003200,0.133500,0.542300,0.828800,0.034500,0.734921,0.317727,1.316995,-0.731838,0.339269,1.181852,1.117481,0.750392,2.276586,-1.665315,-1.990373,-0.717696,-0.544620,1.962163,-1.265895,1.603576,-1.449211,2.673479,0.132989,2.491387,1,1,1.0000,1.0000,-17.0833,-65.3981,-20.0000,-28.2000,0.040000,0.269264,0,0,1,1,0,0,0.0000,0.0000,,,,,1730,1730,0,0,1670,1681,60,36,0,13,0.52786,0.53990,,,,,,,,,,,,,,,,,,,,,,,140345.8320,1143,1143,0,0
1788271849.3297,G_left_centre_left_right,G,left,0,left_right,,centre,238,133.2000,344.2000,59.3000,217.1000,218.9000,0.0000,346.2000,314.8000,23.7000,0.0000,168.2000,0.0000,108.7000,0.0000,0.30400,-0.10600,0.89300,-3.44000,1.44000,-17.15000,-0.94100,-0.03000,0.22800,-1.32000,1.28000,1.58000,14.4,6.9,1.0,0.0,0.734840,0.317264,1.317110,-0.732922,0.339795,1.181441,-0.089600,0.486000,0.869300,0.003200,0.133500,0.542300,0.828800,0.034500,0.734859,0.317416,1.317094,-0.732538,0.339617,1.181513,1.117600,0.750325,2.276539,-1.665605,-1.990540,-0.717814,-0.544384,1.962236,-1.265883,1.603875,-1.448514,2.673504,0.133720,2.491333,1,1,1.0000,1.0000,-16.8513,-65.3463,-20.1000,-28.2000,0.040000,0.269264,0,0,1,1,0,0,0.0000,0.0000,,,,,1731,1731,0,0,1671,1682,60,36,0,13,0.52786,0.53990,,,,,,,,,,,,,,,,,,,,,,,140345.8525,1144,1144,0,0
1788271849.3523,G_left_centre_left_right,G,left,0,left_right,,centre,239,133.2000,344.2000,59.3000,217.1000,218.9000,0.0000,346.3000,314.8000,23.7000,0.0000,168.2000,0.0000,108.5000,0.0000,0.28800,-0.12000,0.89200,-0.99000,1.31000,-18.33000,-0.94000,-0.03100,0.22700,-0.63000,1.21000,1.67000,13.8,7.2,1.0,0.0,0.734806,0.317206,1.317066,-0.732924,0.339793,1.181446,-0.089600,0.486000,0.869300,0.003200,0.133500,0.542300,0.828800,0.034500,0.734859,0.317416,1.317094,-0.732538,0.339617,1.181513,1.117714,0.750258,2.276493,-1.665893,-1.990717,-0.717926,-0.544149,1.962314,-1.265863,1.604189,-1.447772,2.673535,0.134444,2.491278,1,1,1.0000,1.0000,-17.8020,-65.2845,-20.1000,-28.2000,0.040000,0.269264,0,0,1,1,0,0,0.0000,0.0000,,,,,1732,1732,0,0,1672,1683,60,36,0,13,0.52771,0.54040,,,,,,,,,,,,,,,,,,,,,,,140345.8752,1145,1145,0,0
1788271849.3829,G_left_centre_left_right,G,left,0,left_right,,centre,240,133.3000,344.2000,59.3000,217.1000,218.9000,0.0000,346.6000,314.6000,23.8000,0.0000,168.2000,0.0000,108.5000,0.0000,0.29800,-0.06000,0.89900,2.07000,2.30000,-25.15000,-0.94500,-0.03100,0.21200,-0.67000,6.44000,0.21000,16.0,8.6,1.0,0.0,0.734787,0.317101,1.317112,-0.733305,0.339910,1.181283,-0.089600,0.486000,0.869300,0.003200,0.133500,0.542300,0.828800,0.034500,0.734859,0.317416,1.317094,-0.732538,0.339617,1.181513,1.117835,0.750214,2.276454,-1.666149,-1.990852,-0.718039,-0.543943,1.962385,-1.265837,1.604449,-1.447354,2.673572,0.134830,2.491229,1,1,1.0000,1.0000,-17.1145,-65.2625,-20.0000,-28.4000,0.040000,0.269267,0,0,1,1,0,0,0.0000,0.0000,,,,,1733,1733,0,0,1673,1684,60,36,0,13,0.52771,0.54040,,,,,,,,,,,,,,,,,,,,,,,140345.9057,1147,1147,0,0
1788271849.4002,G_left_centre_left_right,G,left,0,left_right,,centre,241,133.3000,344.2000,59.3000,217.1000,218.9000,0.0000,346.6000,314.6000,23.8000,0.0000,168.2000,0.0000,108.5000,0.0000,0.29800,-0.06000,0.89900,2.07000,2.30000,-25.15000,-0.94500,-0.03100,0.21200,-0.67000,6.44000,0.21000,16.0,8.6,1.0,0.0,0.734787,0.317101,1.317112,-0.733305,0.339910,1.181283,-0.089600,0.486000,0.869300,0.003200,0.133500,0.542300,0.828800,0.034500,0.734802,0.317191,1.317081,-0.732943,0.339798,1.181446,1.117956,0.750177,2.276415,-1.666368,-1.990949,-0.718149,-0.543764,1.962421,-1.265806,1.604504,-1.447294,2.673607,0.134880,2.491203,1,1,1.0000,1.0000,-17.1145,-65.2625,-20.0000,-28.4000,0.040000,0.269267,0,0,1,1,0,0,0.0000,0.0000,,,,,1734,1734,0,0,1674,1685,60,36,0,13,0.52771,0.54040,,,,,,,,,,,,,,,,,,,,,,,140345.9230,1147,1147,0,0
1788271849.4085,G_left_centre_left_right,G,left,0,left_right,,centre,242,133.3000,344.2000,59.3000,217.1000,218.9000,0.0000,346.6000,314.6000,23.8000,0.0000,168.2000,0.0000,108.6000,0.0000,0.33400,-0.02900,0.90500,1.48000,2.25000,-24.08000,-0.94400,-0.02700,0.21900,0.29000,6.82000,-0.06000,17.0,8.4,1.0,0.0,0.734807,0.317039,1.317247,-0.733368,0.339909,1.181263,-0.089600,0.486000,0.869300,0.003200,0.133500,0.542300,0.828800,0.034500,0.734802,0.317191,1.317081,-0.732943,0.339798,1.181446,1.118034,0.750128,2.276371,-1.666557,-1.991073,-0.718215,-0.543600,1.962433,-1.265790,1.604570,-1.447234,2.673628,0.134926,2.491180,1,1,1.0000,1.0000,-15.0488,-65.5150,-20.0000,-28.4000,0.040000,0.269267,0,0,1,1,0,0,0.0000,0.0000,,,,,1735,1735,0,0,1675,1686,60,36,0,13,0.52771,0.54068,,,,,,,,,,,,,,,,,,,,,,,140345.9314,1148,1148,0,0
1788271849.4295,G_left_centre_left_right,G,left,0,left_right,,centre,243,133.3000,344.2000,59.3000,217.1000,218.9000,0.0000,346.6000,314.6000,23.8000,0.0000,168.2000,0.0000,108.6000,0.0000,0.33300,-0.02400,0.91800,0.58000,2.01000,-24.06000,-0.94100,-0.02800,0.22500,1.50000,6.51000,0.36000,15.8,9.1,1.0,0.0,0.734819,0.316990,1.317337,-0.733403,0.339899,1.181255,-0.089600,0.486000,0.869300,0.003200,0.133500,0.542300,0.828800,0.034500,0.734802,0.317191,1.317081,-0.732943,0.339798,1.181446,1.118077,0.750050,2.276318,-1.666762,-1.991269,-0.718248,-0.543415,1.962429,-1.265765,1.604729,-1.446870,2.673659,0.135307,2.491158,1,1,1.0000,1.0000,-15.3390,-65.4615,-20.0000,-28.4000,0.040000,0.269267,0,0,1,1,0,0,0.0000,0.0000,,,,,1735,1735,0,0,1675,1686,60,36,0,13,0.52771,0.54068,,,,,,,,,,,,,,,,,,,,,,,140345.9524,1149,1149,0,0
1788271849.4527,G_left_centre_left_right,G,left,0,left_right,,centre,244,133.3000,344.2000,59.3000,217.1000,218.9000,0.0000,346.6000,314.7000,23.8000,0.0000,168.2000,0.0000,108.6000,0.0000,0.33100,-0.02600,0.91500,0.50000,1.63000,-23.85000,-0.94300,-0.02600,0.22900,2.05000,5.98000,0.38000,15.1,6.8,1.0,0.0,0.734828,0.316948,1.317412,-0.733468,0.339925,1.181227,-0.089600,0.486000,0.869300,0.003200,0.133500,0.542300,0.828800,0.034500,0.734802,0.317191,1.317081,-0.732943,0.339798,1.181446,1.118093,0.749991,2.276286,-1.666876,-1.991391,-0.718259,-0.543310,1.962406,-1.265722,1.604918,-1.446438,2.673709,0.135903,2.491133,1,1,1.0000,1.0000,-15.4001,-65.5864,-20.0000,-28.3000,0.040000,0.269267,0,0,1,1,0,0,0.0000,0.0000,,,,,1736,1736,0,0,1676,1687,60,36,0,13,0.52758,0.54068,,,,,,,,,,,,,,,,,,,,,,,140345.9755,1150,1150,0,0
1788271849.4689,G_left_centre_left_right,G,left,0,left_right,,centre,245,133.3000,344.2000,59.3000,217.1000,218.9000,0.0000,346.5000,314.7000,23.8000,0.0000,168.3000,0.0000,108.6000,0.0000,0.33300,-0.03900,0.91500,0.36000,1.44000,-24.61000,-0.95600,-0.03200,0.22900,2.02000,5.15000,0.46000,15.8,7.6,1.0,0.0,0.734839,0.316905,1.317492,-0.733431,0.339898,1.181253,-0.089600,0.486000,0.869300,0.003200,0.133500,0.542300,0.828800,0.034500,0.734801,0.317033,1.317254,-0.733320,0.339898,1.181269,1.118078,0.749774,2.276200,-1.667170,-1.991836,-0.718253,-0.543019,1.962365,-1.265661,1.605082,-1.446125,2.673802,0.136294,2.491087,1,1,1.0000,1.0000,-15.3557,-65.2551,-20.0000,-28.3000,0.040000,0.269239,0,0,1,1,0,0,0.0000,0.0000,,,,,1738,1738,0,0,1678,1689,60,36,0,13,0.52758,0.54068,,,,,,,,,,,,,,,,,,,,,,,140345.9917,1151,1151,0,0
1788271849.4887,G_left_centre_left_right,G,left,0,left_right,,centre,246,133.3000,344.2000,59.3000,217.1000,218.9000,0.0000,346.5000,314.7000,23.8000,0.0000,168.3000,0.0000,108.5000,0.0000,0.31500,-0.02800,0.90900,-0.07000,1.19000,-24.61000,-0.94800,-0.02600,0.23300,1.97000,3.49000,0.05000,15.3,8.0,1.0,0.0,0.734834,0.316873,1.317511,-0.733507,0.339930,1.181222,-0.089600,0.486000,0.869300,0.003200,0.133500,0.542300,0.828800,0.034500,0.734801,0.317033,1.317254,-0.733320,0.339898,1.181269,1.118068,0.749571,2.276110,-1.667449,-1.992222,-0.718240,-0.542749,1.962345,-1.265627,1.605192,-1.445978,2.673889,0.136451,2.491064,1,1,1.0000,1.0000,-16.1833,-65.5960,-20.0000,-28.3000,0.040000,0.269239,0,0,1,1,0,0,0.0000,0.0000,,,,,1739,1739,0,0,1679,1690,60,36,0,13,0.52753,0.54097,,,,,,,,,,,,,,,,,,,,,,,140346.0115,1152,1152,0,0
1788271849.5085,G_left_centre_left_right,G,left,0,left_right,,centre,247,133.3000,344.2000,59.3000,217.1000,218.9000,0.0000,346.5000,314.7000,23.7000,0.0000,168.3000,0.0000,108.2000,0.0000,0.31900,-0.03900,0.92000,-1.69000,1.50000,-23.26000,-0.95100,-0.02700,0.23800,0.73000,2.11000,-0.41000,16.0,8.0,1.0,0.0,0.734830,0.316848,1.317522,-0.733546,0.339946,1.181208,-0.089600,0.486000,0.869300,0.003200,0.133500,0.542300,0.828800,0.034500,0.734801,0.317033,1.317254,-0.733320,0.339898,1.181269,1.118063,0.749459,2.276058,-1.667600,-1.992419,-0.718231,-0.542607,1.962328,-1.265606,1.605215,-1.445918,2.673878,0.136535,2.491063,1,1,1.0000,1.0000,-16.2266,-65.5428,-20.0000,-28.3000,0.040000,0.269236,0,0,1,1,0,0,0.0000,0.0000,,,,,1740,1740,0,0,1680,1691,60,36,0,13,0.52753,0.54097,,,,,,,,,,,,,,,,,,,,,,,140346.0313,1153,1153,0,0
1788271849.5286,G_left_centre_left_right,G,left,0,left_right,,centre,248,133.3000,344.2000,59.3000,217.1000,218.9000,0.0000,346.5000,314.7000,23.7000,0.0000,168.2000,0.0000,108.0000,0.0000,0.31500,-0.03500,0.88900,-3.63000,1.83000,-20.56000,-0.94800,-0.02000,0.24000,-0.98000,0.68000,-0.51000,15.5,8.5,1.0,0.0,0.734832,0.316819,1.317560,-0.733777,0.340061,1.181095,-0.089600,0.486000,0.869300,0.003200,0.133500,0.542300,0.828800,0.034500,0.734801,0.317033,1.317254,-0.733320,0.339898,1.181269,1.118098,0.749337,2.275946,-1.667835,-1.992629,-0.718228,-0.542383,1.962322,-1.265588,1.605239,-1.445946,2.673905,0.136466,2.491043,1,1,1.0000,1.0000,-15.8267,-65.9468,-20.0000,-28.3000,0.040000,0.269264,0,0,1,1,0,0,0.0000,0.0000,,,,,1740,1740,0,0,1680,1691,60,36,0,13,0.52753,0.54097,,,,,,,,,,,,,,,,,,,,,,,140346.0514,1154,1154,0,0
1788271849.5485,G_left_centre_left_right,G,left,0,left_right,,centre,249,133.3000,344.2000,59.3000,217.1000,218.9000,0.0000,346.5000,314.7000,23.7000,0.0000,168.3000,0.0000,108.0000,0.0000,0.31100,-0.03300,0.89100,-5.71000,2.14000,-18.42000,-0.94500,-0.03300,0.22600,-2.47000,-0.70000,-0.69000,15.9,8.6,1.0,0.0,0.734830,0.316794,1.317578,-0.733701,0.340015,1.181139,-0.089600,0.486000,0.869300,0.003200,0.133500,0.542300,0.828800,0.034500,0.734825,0.316861,1.317516,-0.733466,0.339918,1.181243,1.118129,0.749259,2.275875,-1.667995,-1.992779,-0.718230,-0.542232,1.962324,-1.265570,1.605282,-1.445830,2.673935,0.136535,2.491022,1,1,1.0000,1.0000,-16.0845,-65.1741,-20.0000,-28.3000,0.040000,0.269236,0,0,1,1,0,0,0.0000,0.0000,,,,,1742,1742,0,0,1682,1693,60,36,0,13,0.52753,0.54106,,,,,,,,,,,,,,,,,,,,,,,140346.0713,1155,1155,0,0
1788271849.5695,G_left_centre_left_right,G,left,0,left_right,,centre,250,133.3000,344.2000,59.3000,217.1000,218.9000,0.0000,346.5000,314.7000,23.7000,0.0000,168.3000,0.0000,108.0000,0.0000,0.31100,-0.03300,0.89100,-5.71000,2.14000,-18.42000,-0.94500,-0.03300,0.22600,-2.47000,-0.70000,-0.69000,15.9,8.6,1.0,0.0,0.734830,0.316794,1.317578,-0.733701,0.340015,1.181139,-0.089600,0.486000,0.869300,0.003200,0.133500,0.542300,0.828800,0.034500,0.734825,0.316861,1.317516,-0.733466,0.339918,1.181243,1.118129,0.749259,2.275875,-1.667995,-1.992779,-0.718230,-0.542232,1.962324,-1.265570,1.605282,-1.445830,2.673935,0.136535,2.491022,1,1,1.0000,1.0000,-16.0845,-65.1741,-20.0000,-28.3000,0.040000,0.269236,0,0,1,1,0,0,0.0000,0.0000,,,,,1742,1742,0,0,1682,1693,60,36,0,13,0.52753,0.54106,,,,,,,,,,,,,,,,,,,,,,,140346.0923,1155,1155,0,0
1788271849.5888,G_left_centre_left_right,G,left,0,left_right,,centre,251,133.3000,344.2000,59.3000,217.1000,218.9000,0.0000,346.5000,314.7000,23.7000,0.0000,168.5000,0.0000,108.2000,0.0000,0.33400,-0.02900,0.89800,-6.25000,0.48000,-17.53000,-0.95900,-0.03100,0.21100,-3.89000,-3.48000,0.24000,15.9,8.5,1.0,0.0,0.734844,0.316749,1.317674,-0.733724,0.340019,1.181142,-0.089600,0.486000,0.869300,0.003200,0.133500,0.542300,0.828800,0.034500,0.734825,0.316861,1.317516,-0.733466,0.339918,1.181243,1.118187,0.749193,2.275763,-1.668170,-1.992949,-0.718217,-0.542039,1.962356,-1.265545,1.605488,-1.445103,2.673991,0.137372,2.490961,1,1,1.0000,1.0000,-14.9055,-65.2760,-20.0000,-28.3000,0.040000,0.269181,0,0,1,1,0,0,0.0000,0.0000,,,,,1744,1744,0,0,1684,1695,60,36,0,13,0.52750,0.54106,,,,,,,,,,,,,,,,,,,,,,,140346.1116,1157,1157,0,0
1788271849.6098,G_left_centre_left_right,G,left,0,left_right,,centre,252,133.3000,344.2000,59.3000,217.1000,218.9000,0.0000,346.4000,314.7000,23.7000,0.0000,168.6000,0.0000,108.4000,0.0000,0.31100,-0.02100,0.91400,-6.42000,0.04000,-18.33000,-0.95600,-0.02700,0.20300,-3.14000,-3.85000,-0.30000,15.9,7.9,1.0,0.0,0.734836,0.316734,1.317660,-0.733730,0.340018,1.181150,-0.089600,0.486000,0.869300,0.003200,0.133500,0.542300,0.828800,0.034500,0.734829,0.316777,1.317603,-0.733728,0.340057,1.181026,1.118216,0.749131,2.275698,-1.668292,-1.993065,-0.718205,-0.541921,1.962370,-1.265524,1.605563,-1.444759,2.674032,0.137594,2.490929,1,1,1.0000,1.0000,-16.4661,-65.4754,-20.0000,-28.3000,0.040000,0.269152,0,0,1,1,0,0,0.0000,0.0000,,,,,1745,1745,0,0,1685,1696,60,36,0,13,0.52750,0.54106,,,,,,,,,,,,,,,,,,,,,,,140346.1326,1158,1158,0,0
1788271849.6313,G_left_centre_left_right,G,left,0,left_right,,centre,253,133.3000,344.2000,59.3000,217.1000,218.9000,0.0000,346.4000,314.7000,23.7000,0.0000,168.5000,0.0000,108.4000,0.0000,0.31800,-0.04300,0.89600,-6.05000,-0.64000,-18.41000,-0.95800,-0.02400,0.20600,-2.43000,-4.34000,-0.98000,17.0,7.7,1.0,0.0,0.734837,0.316716,1.317684,-0.733805,0.340054,1.181121,-0.089600,0.486000,0.869300,0.003200,0.133500,0.542300,0.828800,0.034500,0.734829,0.316777,1.317603,-0.733728,0.340057,1.181026,1.118223,0.749102,2.275673,-1.668339,-1.993110,-0.718199,-0.541875,1.962373,-1.265503,1.605605,-1.444809,2.674062,0.137571,2.490913,1,1,1.0000,1.0000,-15.8363,-65.6644,-20.0000,-28.3000,0.040000,0.269181,0,0,1,1,0,0,0.0000,0.0000,,,,,1746,1746,0,0,1686,1697,60,36,0,13,0.52748,0.54127,,,,,,,,,,,,,,,,,,,,,,,140346.1541,1159,1159,0,0
1788271849.6485,G_left_centre_left_right,G,left,0,left_right,,centre,254,133.3000,344.2000,59.3000,217.1000,218.9000,0.0000,346.1000,314.7000,23.7000,0.0000,168.6000,0.0000,108.4000,0.0000,0.31100,-0.04600,0.90200,-5.20000,-1.54000,-18.24000,-0.95500,-0.02900,0.20800,-1.98000,-5.04000,-0.62000,16.2,7.5,1.0,0.0,0.734831,0.316704,1.317675,-0.733780,0.340037,1.181142,-0.089600,0.486000,0.869300,0.003200,0.133500,0.542300,0.828800,0.034500,0.734829,0.316777,1.317603,-0.733728,0.340057,1.181026,1.118242,0.749065,2.275607,-1.668431,-1.993238,-0.718180,-0.541764,1.962374,-1.265461,1.605604,-1.444990,2.674117,0.137469,2.490901,1,1,1.0000,1.0000,-16.3647,-65.3778,-20.0000,-28.3000,0.040000,0.269152,0,0,1,1,0,0,0.0000,0.0000,,,,,1747,1747,0,0,1687,1698,60,36,0,13,0.52748,0.54127,,,,,,,,,,,,,,,,,,,,,,,140346.1714,1160,1160,0,0
1788271849.6688,G_left_centre_left_right,G,left,0,left_right,,centre,255,133.3000,344.2000,59.3000,217.1000,218.9000,0.0000,346.2000,314.7000,23.7000,0.0000,168.6000,0.0000,108.5000,0.0000,0.31600,-0.04900,0.92500,-3.92000,-2.52000,-19.90000,-0.95400,-0.02800,0.19600,-1.99000,-4.95000,-0.63000,15.7,7.9,1.0,0.0,0.734823,0.316694,1.317659,-0.733758,0.340023,1.181161,-0.089600,0.486000,0.869300,0.003200,0.133500,0.542300,0.828800,0.034500,0.734829,0.316777,1.317603,-0.733728,0.340057,1.181026,1.118272,0.749022,2.275530,-1.668539,-1.993360,-0.718159,-0.541645,1.962385,-1.265437,1.605637,-1.444933,2.674151,0.137520,2.490881,1,1,1.0000,1.0000,-16.5353,-65.3820,-20.0000,-28.3000,0.040000,0.269152,0,0,1,1,0,0,0.0000,0.0000,,,,,1748,1748,0,0,1688,1699,60,36,0,13,0.52748,0.54127,,,,,,,,,,,,,,,,,,,,,,,140346.1916,1161,1161,0,0
1788271849.6966,G_left_centre_left_right,G,left,0,left_right,,centre,256,133.3000,344.2000,59.3000,217.1000,218.9000,0.0000,346.3000,314.7000,23.7000,0.0000,168.4000,0.0000,108.5000,0.0000,0.32200,-0.06600,0.91600,-0.96000,-3.31000,-22.74000,-0.95600,-0.03100,0.18800,-1.81000,-4.66000,-0.50000,15.0,8.4,1.0,0.0,0.734821,0.316682,1.317666,-0.733681,0.339978,1.181204,-0.089600,0.486000,0.869300,0.003200,0.133500,0.542300,0.828800,0.034500,0.734834,0.316715,1.317678,-0.733763,0.340035,1.181130,1.118314,0.749015,2.275480,-1.668588,-1.993386,-0.718150,-0.541593,1.962387,-1.265414,1.605643,-1.444869,2.674195,0.137659,2.490860,1,1,1.0000,1.0000,-16.1112,-65.1618,-20.0000,-28.3000,0.040000,0.269209,0,0,1,1,0,0,0.0000,0.0000,,,,,1749,1749,0,0,1689,1700,60,36,0,13,0.52746,0.54127,,,,,,,,,,,,,,,,,,,,,,,140346.2194,1162,1162,0,0
1788271849.7087,G_left_centre_left_right,G,left,0,left_right,,centre,257,133.3000,344.2000,59.3000,217.1000,218.9000,0.0000,346.3000,314.7000,23.7000,0.0000,168.2000,0.0000,108.6000,0.0000,0.32700,-0.08400,0.91700,3.03000,-3.47000,-27.56000,-0.94100,-0.03400,0.18800,-0.85000,-4.29000,-0.95000,16.5,8.6,1.0,0.0,0.734822,0.316670,1.317681,-0.733543,0.339902,1.181275,-0.089600,0.486000,0.869300,0.003200,0.133500,0.542300,0.828800,0.034500,0.734834,0.316715,1.317678,-0.733763,0.340035,1.181130,1.118369,0.749048,2.275443,-1.668627,-1.993369,-0.718160,-0.541550,1.962388,-1.265409,1.605642,-1.444866,2.674204,0.137676,2.490857,1,1,1.0000,1.0000,-15.9316,-64.9730,-20.0000,-28.3000,0.040000,0.269264,0,0,1,1,0,0,0.0000,0.0000,,,,,1750,1750,0,0,1690,1701,60,36,0,13,0.52746,0.54130,,,,,,,,,,,,,,,,,,,,,,,140346.2316,1163,1163,0,0
1788271849.7382,G_left_centre_left_right,G,left,0,left_right,,centre,258,133.3000,344.2000,59.3000,217.1000,218.9000,0.0000,346.3000,314.7000,23.7000,0.0000,168.2000,0.0000,108.6000,0.0000,0.32700,-0.08400,0.91700,3.03000,-3.47000,-27.56000,-0.94100,-0.03400,0.18800,-0.85000,-4.29000,-0.95000,16.4,8.4,1.0,0.0,0.734838,0.316652,1.317753,-0.733543,0.339902,1.181275,-0.089600,0.486000,0.869300,0.003200,0.133500,0.542300,0.828800,0.034500,0.734834,0.316715,1.317678,-0.733763,0.340035,1.181130,1.118396,0.749059,2.275416,-1.668650,-1.993378,-0.718150,-0.541523,1.962372,-1.265390,1.605573,-1.445050,2.674237,0.137425,2.490851,1,1,1.0000,1.0000,-15.9316,-64.9730,-20.0000,-28.3000,0.040000,0.269264,0,0,1,1,0,0,0.0000,0.0000,,,,,1750,1750,0,0,1690,1701,60,36,0,13,0.52746,0.54130,,,,,,,,,,,,,,,,,,,,,,,140346.2610,1163,1163,0,0
1788271849.7584,G_left_centre_left_right,G,left,0,left_right,,centre,259,133.3000,344.2000,59.3000,217.1000,218.9000,0.0000,346.4000,314.7000,23.8000,0.0000,168.1000,0.0000,108.6000,0.0000,0.33200,-0.08500,0.90000,8.16000,-0.31000,-34.24000,-0.93000,-0.02600,0.18700,1.05000,-1.89000,-2.36000,16.3,8.8,1.0,0.0,0.734846,0.316640,1.317795,-0.733503,0.339876,1.181290,-0.089600,0.486000,0.869300,0.003200,0.133500,0.542300,0.828800,0.034500,0.734822,0.316675,1.317678,-0.733659,0.339966,1.181222,1.118432,0.749028,2.275305,-1.668745,-1.993483,-0.718108,-0.541389,1.962321,-1.265369,1.605372,-1.445607,2.674271,0.136846,2.490865,1,1,1.0000,1.0000,-15.3227,-65.4369,-20.0000,-28.3000,0.040000,0.269294,0,0,1,1,0,0,0.0000,0.0000,,,,,1752,1752,0,0,1692,1703,60,36,0,13,0.52746,0.54130,,,,,,,,,,,,,,,,,,,,,,,140346.2812,1165,1165,0,0
1788271849.8056,G_left_centre_left_right,G,left,0,left_right,,centre,260,133.3000,344.2000,59.3000,217.1000,218.9000,0.0000,346.4000,314.7000,23.8000,0.0000,168.1000,0.0000,108.6000,0.0000,0.33200,-0.08500,0.90000,8.16000,-0.31000,-34.24000,-0.93000,-0.02600,0.18700,1.05000,-1.89000,-2.36000,16.3,8.8,1.0,0.0,0.734846,0.316640,1.317795,-0.733503,0.339876,1.181290,-0.089600,0.486000,0.869300,0.003200,0.133500,0.542300,0.828800,0.034500,0.734822,0.316675,1.317678,-0.733659,0.339966,1.181222,1.118432,0.749028,2.275305,-1.668745,-1.993483,-0.718108,-0.541389,1.962321,-1.265369,1.605372,-1.445607,2.674271,0.136846,2.490865,1,1,1.0000,1.0000,-15.3227,-65.4369,-20.0000,-28.3000,0.040000,0.269294,0,0,1,1,0,0,0.0000,0.0000,,,,,1752,1752,0,0,1692,1703,60,36,0,13,0.52746,0.54130,,,,,,,,,,,,,,,,,,,,,,,140346.3284,1165,1165,0,0
1788271849.8077,G_left_centre_left_right,G,left,0,left_right,,centre,261,133.3000,344.2000,59.3000,217.1000,218.9000,0.0000,346.5000,314.7000,23.8000,0.0000,168.0000,0.0000,108.6000,0.0000,0.29500,-0.07000,0.89500,8.80000,0.29000,-34.40000,-0.94100,-0.02600,0.19200,1.34000,-1.35000,-3.36000,16.7,8.4,1.0,0.0,0.734826,0.316639,1.317732,-0.733520,0.339882,1.181276,-0.089600,0.486000,0.869300,0.003200,0.133500,0.542300,0.828800,0.034500,0.734822,0.316675,1.317678,-0.733659,0.339966,1.181222,1.118432,0.749004,2.275281,-1.668776,-1.993534,-0.718091,-0.541353,1.962302,-1.265364,1.605302,-1.445799,2.674280,0.136647,2.490870,1,1,1.0000,1.0000,-17.2575,-65.4709,-20.0000,-28.3000,0.040000,0.269321,0,0,1,1,0,0,0.0000,0.0000,,,,,1753,1753,0,0,1693,1704,60,36,0,13,0.52744,0.54122,,,,,,,,,,,,,,,,,,,,,,,140346.3306,1166,1166,0,0
1788271849.8096,G_left_centre_left_right,G,left,0,left_right,,centre,262,133.3000,344.2000,59.3000,217.1000,218.9000,0.0000,346.5000,314.7000,23.7000,0.0000,167.9000,0.0000,108.5000,0.0000,0.27800,-0.03900,0.87000,7.12000,-0.60000,-32.84000,-0.95200,-0.00700,0.19500,-0.28000,-1.75000,-3.30000,15.8,8.3,1.0,0.0,0.734806,0.316639,1.317666,-0.734055,0.340167,1.180994,-0.089600,0.486000,0.869300,0.003200,0.133500,0.542300,0.828800,0.034500,0.734822,0.316675,1.317678,-0.733659,0.339966,1.181222,1.118427,0.748970,2.275241,-1.668815,-1.993620,-0.718062,-0.541297,1.962288,-1.265362,1.605254,-1.445935,2.674291,0.136523,2.490867,1,1,1.0000,1.0000,-17.6359,-66.6083,-20.0000,-28.3000,0.040000,0.269346,0,0,1,1,0,0,0.0000,0.0000,,,,,1754,1754,0,0,1694,1705,60,36,0,13,0.52744,0.54122,,,,,,,,,,,,,,,,,,,,,,,140346.3325,1167,1167,0,0
1788271849.8321,G_left_centre_left_right,G,left,0,left_right,,centre,263,133.3000,344.2000,59.3000,217.1000,218.9000,0.0000,346.5000,314.7000,23.7000,0.0000,167.8000,0.0000,108.5000,0.0000,0.31000,-0.00700,0.88500,2.73000,-4.98000,-28.76000,-0.94900,-0.01200,0.21000,-5.24000,-0.88000,-1.92000,16.1,8.9,1.0,0.0,0.734796,0.316630,1.317643,-0.734636,0.340475,1.180672,-0.089600,0.486000,0.869300,0.003200,0.133500,0.542300,0.828800,0.034500,0.734826,0.316640,1.317726,-0.733528,0.339889,1.181288,1.118558,0.749078,2.275137,-1.668860,-1.993511,-0.718054,-0.541220,1.962272,-1.265366,1.605241,-1.445908,2.674346,0.136575,2.490802,1,1,1.0000,1.0000,-15.8805,-66.3791,-20.0000,-28.3000,0.040000,0.269372,0,0,1,1,0,0,0.0000,0.0000,,,,,1756,1756,0,0,1696,1707,60,36,0,13,0.52744,0.54122,,,,,,,,,,,,,,,,,,,,,,,140346.3549,1169,1169,0,0
1788271849.8528,G_left_centre_left_right,G,left,0,left_right,,centre,264,133.3000,344.2000,59.3000,217.1000,218.9000,0.0000,346.5000,314.7000,23.7000,0.0000,167.9000,0.0000,108.8000,0.0000,0.33900,-0.00700,0.89000,1.04000,-5.15000,-30.08000,-0.95200,-0.02700,0.19800,-5.23000,-0.10000,-2.56000,17.1,8.4,1.0,0.0,0.734823,0.316613,1.317754,-0.734569,0.340438,1.180702,-0.089600,0.486000,0.869300,0.003200,0.133500,0.542300,0.828800,0.034500,0.734826,0.316640,1.317726,-0.733528,0.339889,1.181288,1.118634,0.749169,2.275107,-1.668853,-1.993402,-0.718071,-0.541224,1.962323,-1.265376,1.605468,-1.445462,2.674367,0.136972,2.490741,1,1,1.0000,1.0000,-14.3394,-65.4494,-20.0000,-28.3000,0.040000,0.269346,0,0,1,1,0,0,0.0000,0.0000,,,,,1756,1756,0,0,1696,1707,60,36,0,13,0.52744,0.54122,,,,,,,,,,,,,,,,,,,,,,,140346.3757,1170,1170,0,0
1788271849.8685,G_left_centre_left_right,G,left,0,left_right,,centre,265,133.3000,344.2000,59.3000,217.1000,218.9000,0.0000,346.5000,314.9000,23.7000,0.0000,167.9000,0.0000,109.0000,0.0000,0.35400,-0.00800,0.89300,-1.00000,-4.48000,-29.10000,-0.93600,-0.03400,0.20300,-2.79000,0.54000,-2.05000,16.8,7.3,1.0,0.0,0.734860,0.316592,1.317912,-0.734367,0.340362,1.180794,-0.089600,0.486000,0.869300,0.003200,0.133500,0.542300,0.828800,0.034500,0.734826,0.316640,1.317726,-0.733528,0.339889,1.181288,1.118652,0.749163,2.275056,-1.668882,-1.993456,-0.718048,-0.541178,1.962395,-1.265389,1.605794,-1.444551,2.674397,0.137891,2.490653,1,1,1.0000,1.0000,-13.5755,-65.0418,-20.0000,-28.1000,0.040000,0.269346,0,0,1,1,0,0,0.0000,0.0000,,,,,1758,1758,0,0,1698,1709,60,36,0,13,0.52743,0.54113,,,,,,,,,,,,,,,,,,,,,,,140346.3913,1171,1171,0,0
1788271849.9001,G_left_centre_left_right,G,left,0,left_right,,centre,266,133.3000,344.2000,59.3000,217.1000,218.9000,0.0000,346.5000,314.9000,23.7000,0.0000,167.9000,0.0000,108.9000,0.0000,0.34200,-0.01000,0.89500,-3.04000,-3.03000,-27.76000,-0.94300,-0.02600,0.20400,-0.24000,0.93000,-1.27000,16.5,7.5,1.0,0.0,0.734884,0.316577,1.318011,-0.734317,0.340367,1.180808,-0.089600,0.486000,0.869300,0.003200,0.133500,0.542300,0.828800,0.034500,0.734817,0.316620,1.317721,-0.734095,0.340203,1.180879,1.118612,0.749062,2.274987,-1.668955,-1.993668,-0.717981,-0.541072,1.962450,-1.265400,1.606102,-1.443456,2.674421,0.139096,2.490580,1,1,1.0000,1.0000,-14.2948,-65.5285,-20.0000,-28.1000,0.040000,0.269346,0,0,1,1,0,0,0.0000,0.0000,,,,,1759,1759,0,0,1699,1710,60,36,0,13,0.52743,0.54113,,,,,,,,,,,,,,,,,,,,,,,140346.4229,1172,1172,0,0
1788271849.9092,G_left_centre_left_right,G,left,0,left_right,,centre,267,133.3000,344.2000,59.3000,217.1000,218.9000,0.0000,346.5000,314.9000,23.7000,0.0000,167.9000,0.0000,108.8000,0.0000,0.31800,-0.01900,0.87800,-5.62000,-1.85000,-25.24000,-0.95000,-0.02600,0.20500,0.74000,1.27000,-0.95000,16.5,7.5,1.0,0.0,0.734888,0.316571,1.318029,-0.734281,0.340372,1.180817,-0.089600,0.486000,0.869300,0.003200,0.133500,0.542300,0.828800,0.034500,0.734817,0.316620,1.317721,-0.734095,0.340203,1.180879,1.118540,0.748902,2.274900,-1.669061,-1.993985,-0.717884,-0.540920,1.962485,-1.265415,1.606238,-1.442605,2.674437,0.140215,2.490531,1,1,1.0000,1.0000,-15.3455,-65.5379,-20.0000,-28.1000,0.040000,0.269346,0,0,1,1,0,0,0.0000,0.0000,,,,,1760,1760,0,0,1700,1711,60,36,0,13,0.52742,0.54156,,,,,,,,,,,,,,,,,,,,,,,140346.4320,1173,1173,0,0
1788271849.9397,G_left_centre_left_right,G,left,0,left_right,,centre,268,133.3000,344.2000,59.3000,217.1000,218.9000,0.0000,346.5000,314.9000,23.7000,0.0000,168.0000,0.0000,108.7000,0.0000,0.31800,-0.03000,0.86500,-7.97000,-1.17000,-22.88000,-0.95200,-0.02100,0.20600,-0.12000,2.05000,-0.90000,15.3,8.4,1.0,0.0,0.734895,0.316564,1.318058,-0.734340,0.340434,1.180778,-0.089600,0.486000,0.869300,0.003200,0.133500,0.542300,0.828800,0.034500,0.734817,0.316620,1.317721,-0.734095,0.340203,1.180879,1.118498,0.748810,2.274852,-1.669122,-1.994165,-0.717830,-0.540834,1.962505,-1.265425,1.606275,-1.442473,2.674443,0.140520,2.490507,1,1,1.0000,1.0000,-15.1331,-65.8367,-20.0000,-28.1000,0.040000,0.269319,0,0,1,1,0,0,0.0000,0.0000,,,,,1760,1760,0,0,1700,1711,60,36,0,13,0.52742,0.54156,,,,,,,,,,,,,,,,,,,,,,,140346.4626,1174,1174,0,0
1788271849.9491,G_left_centre_left_right,G,left,0,left_right,,centre,269,133.3000,344.2000,59.3000,217.1000,218.9000,0.0000,346.5000,314.9000,23.7000,0.0000,168.1000,0.0000,108.7000,0.0000,0.31600,-0.03400,0.86900,-8.82000,-0.52000,-22.89000,-0.96000,-0.02200,0.22000,-1.41000,2.29000,-0.75000,16.5,8.8,1.0,0.0,0.734898,0.316559,1.318073,-0.734391,0.340489,1.180747,-0.089600,0.486000,0.869300,0.003200,0.133500,0.542300,0.828800,0.034500,0.734817,0.316620,1.317721,-0.734095,0.340203,1.180879,1.118423,0.748632,2.274707,-1.669270,-1.994427,-0.717693,-0.540636,1.962573,-1.265465,1.606372,-1.442350,2.674459,0.140822,2.490433,1,1,1.0000,1.0000,-15.3548,-65.8263,-20.0000,-28.1000,0.040000,0.269291,0,0,1,1,0,0,0.0000,0.0000,,,,,1762,1762,0,0,1702,1713,60,36,0,13,0.52742,0.54156,,,,,,,,,,,,,,,,,,,,,,,140346.4719,1175,1175,0,0
1788271849.9730,G_left_centre_left_right,G,left,0,left_right,,centre,270,133.2000,344.2000,59.3000,217.1000,218.9000,0.0000,346.5000,314.7000,23.7000,0.0000,168.0000,0.0000,108.5000,0.0000,0.30000,-0.05200,0.87600,-7.66000,-1.15000,-24.29000,-0.95400,-0.02600,0.23000,-1.54000,1.95000,-0.41000,15.9,8.8,1.0,0.0,0.734884,0.316555,1.318029,-0.734378,0.340469,1.180754,-0.089600,0.486000,0.869300,0.003200,0.133500,0.542300,0.828800,0.034500,0.734890,0.316568,1.318036,-0.734221,0.340329,1.180722,1.118413,0.748610,2.274680,-1.669293,-1.994448,-0.717671,-0.540609,1.962597,-1.265478,1.606401,-1.442352,2.674462,0.140608,2.490411,1,1,1.0000,1.0000,-16.5199,-65.6028,-20.1000,-28.3000,0.040000,0.269319,0,0,1,1,0,0,0.0000,0.0000,,,,,1762,1762,0,0,1702,1713,60,36,0,13,0.52742,0.54156,,,,,,,,,,,,,,,,,,,,,,,140346.4958,1176,1176,0,0
1788271850.0056,G_left_centre_left_right,G,left,0,left_right,,centre,271,133.2000,344.2000,59.3000,217.1000,218.9000,0.0000,346.5000,314.7000,23.7000,0.0000,168.0000,0.0000,108.5000,0.0000,0.30000,-0.05200,0.87600,-7.66000,-1.15000,-24.29000,-0.95400,-0.02600,0.23000,-1.54000,1.95000,-0.41000,15.9,8.8,1.0,0.0,0.734884,0.316555,1.318029,-0.734378,0.340469,1.180754,-0.089600,0.486000,0.869300,0.003200,0.133500,0.542300,0.828800,0.034500,0.734890,0.316568,1.318036,-0.734221,0.340329,1.180722,1.118419,0.748603,2.274638,-1.669311,-1.994485,-0.717644,-0.540575,1.962666,-1.265511,1.606479,-1.442287,2.674470,0.140059,2.490353,1,1,1.0000,1.0000,-16.5199,-65.6028,-20.1000,-28.3000,0.040000,0.269319,0,0,1,1,0,0,0.0000,0.0000,,,,,1763,1763,0,0,1703,1714,60,36,0,13,0.52742,0.54156,,,,,,,,,,,,,,,,,,,,,,,140346.5285,1176,1176,0,0
1788271850.0092,G_left_centre_left_right,G,left,0,left_right,,centre,272,133.2000,344.2000,59.3000,217.1000,218.9000,0.0000,346.4000,314.7000,23.7000,0.0000,168.0000,0.0000,108.3000,0.0000,0.31400,-0.03600,0.89400,-4.82000,-6.69000,-23.37000,-0.94800,-0.02800,0.23300,-0.36000,1.27000,1.11000,15.1,9.5,1.0,0.0,0.734861,0.316548,1.317957,-0.734278,0.340396,1.180807,-0.089600,0.486000,0.869300,0.003200,0.133500,0.542300,0.828800,0.034500,0.734890,0.316568,1.318036,-0.734221,0.340329,1.180722,1.118454,0.748607,2.274556,-1.669346,-1.994532,-0.717595,-0.540513,1.962695,-1.265524,1.606513,-1.442232,2.674478,0.140001,2.490326,1,1,1.0000,1.0000,-15.9883,-65.4787,-20.1000,-28.3000,0.040000,0.269319,0,0,1,1,0,0,0.0000,0.0000,,,,,1765,1765,0,0,1705,1716,60,36,0,13,0.52747,0.54171,,,,,,,,,,,,,,,,,,,,,,,140346.5320,1178,1178,0,0
1788271850.0288,G_left_centre_left_right,G,left,0,left_right,,centre,273,133.1000,344.2000,59.3000,217.1000,218.9000,0.0000,346.4000,314.7000,23.7000,0.0000,168.1000,0.0000,108.2000,0.0000,0.34700,-0.01600,0.90900,-3.74000,-8.88000,-22.00000,-0.95800,-0.02300,0.22900,-0.27000,0.50000,1.93000,14.6,9.1,1.0,0.0,0.734878,0.316528,1.318041,-0.734334,0.340415,1.180781,-0.089600,0.486000,0.869300,0.003200,0.133500,0.542300,0.828800,0.034500,0.734868,0.316552,1.317986,-0.734353,0.340434,1.180730,1.118576,0.748748,2.274520,-1.669330,-1.994343,-0.717632,-0.540525,1.962764,-1.265557,1.606590,-1.442109,2.674505,0.140159,2.490249,1,1,1.0000,1.0000,-14.3454,-65.7815,-20.2000,-28.3000,0.040000,0.269291,0,0,1,1,0,0,0.0000,0.0000,,,,,1766,1766,0,0,1706,1717,60,36,0,13,0.52747,0.54171,,,,,,,,,,,,,,,,,,,,,,,140346.5517,1179,1179,0,0
1788271850.0525,G_left_centre_left_right,G,left,0,left_right,,centre,274,133.1000,344.2000,59.3000,217.1000,218.9000,0.0000,346.4000,314.9000,23.7000,0.0000,168.2000,0.0000,108.4000,0.0000,0.38400,0.00500,0.91300,-3.80000,-8.70000,-21.62000,-0.96400,-0.02700,0.23300,-0.11000,-0.20000,3.04000,14.9,8.6,1.0,0.0,0.734928,0.316493,1.318274,-0.734302,0.340422,1.180795,-0.089600,0.486000,0.869300,0.003200,0.133500,0.542300,0.828800,0.034500,0.734868,0.316552,1.317986,-0.734353,0.340434,1.180730,1.118617,0.748788,2.274495,-1.669329,-1.994303,-0.717636,-0.540520,1.962765,-1.265561,1.606583,-1.442150,2.674514,0.140240,2.490238,1,1,1.0000,1.0000,-12.3217,-65.5613,-20.2000,-28.1000,0.040000,0.269264,0,0,1,1,0,0,0.0000,0.0000,,,,,1766,1766,0,0,1706,1717,60,36,0,13,0.52747,0.54171,,,,,,,,,,,,,,,,,,,,,,,140346.5753,1180,1180,0,0
1788271850.0695,G_left_centre_left_right,G,left,0,left_right,,centre,275,133.1000,344.2000,59.3000,217.1000,218.9000,0.0000,346.4000,314.9000,23.7000,0.0000,168.2000,0.0000,108.4000,0.0000,0.39100,0.02600,0.91100,-5.24000,-7.60000,-20.97000,-0.96400,-0.02700,0.23300,-0.11000,-0.20000,3.04000,15.7,8.7,1.0,0.0,0.734979,0.316461,1.318513,-0.734302,0.340422,1.180795,-0.089600,0.486000,0.869300,0.003200,0.133500,0.542300,0.828800,0.034500,0.734868,0.316552,1.317986,-0.734353,0.340434,1.180730,1.118633,0.748788,2.274448,-1.669368,-1.994338,-0.717611,-0.540461,1.962766,-1.265565,1.606577,-1.442215,2.674533,0.140237,2.490216,1,1,1.0000,1.0000,-11.7879,-65.5613,-20.2000,-28.1000,0.040000,0.269264,0,0,1,1,0,0,0.0000,0.0000,,,,,1767,1767,0,0,1707,1718,60,36,0,13,0.52745,0.54172,,,,,,,,,,,,,,,,,,,,,,,140346.5923,1181,1180,0,0
1788271850.1038,G_left_centre_left_right,G,left,0,left_right,,centre,276,133.1000,344.2000,59.3000,217.1000,218.9000,0.0000,346.4000,314.8000,23.7000,0.0000,168.2000,0.0000,108.5000,0.0000,0.39100,0.02600,0.91100,-5.24000,-7.60000,-20.97000,-0.95200,-0.03800,0.22700,0.09000,-1.02000,3.19000,16.8,8.8,1.0,0.0,0.734979,0.316461,1.318513,-0.734062,0.340299,1.180923,-0.089600,0.486000,0.869300,0.003200,0.133500,0.542300,0.828800,0.034500,0.734868,0.316552,1.317986,-0.734353,0.340434,1.180730,1.118571,0.748646,2.274380,-1.669470,-1.994614,-0.717543,-0.540332,1.962773,-1.265568,1.606577,-1.442244,2.674556,0.140045,2.490189,1,1,1.0000,1.0000,-11.7879,-64.8952,-20.2000,-28.2000,0.040000,0.269264,0,0,1,1,0,0,0.0000,0.0000,,,,,1768,1768,0,0,1708,1719,60,36,0,13,0.52745,0.54172,,,,,,,,,,,,,,,,,,,,,,,140346.6267,1181,1181,0,0
1788271850.1094,G_left_centre_left_right,G,left,0,left_right,,centre,277,132.9000,344.2000,59.3000,217.1000,218.9000,0.0000,346.4000,314.8000,23.7000,0.0000,168.0000,0.0000,108.3000,0.0000,0.36200,0.03800,0.89700,-12.36000,-6.31000,-18.17000,-0.93700,-0.03100,0.22500,0.34000,-1.95000,2.64000,17.6,8.6,1.0,0.0,0.735039,0.316396,1.318821,-0.733924,0.340234,1.180991,-0.089600,0.486000,0.869300,0.003200,0.133500,0.542300,0.828800,0.034500,0.734923,0.316510,1.318198,-0.734315,0.340419,1.180775,1.118460,0.748428,2.274285,-1.669622,-1.995078,-0.717430,-0.540117,1.962776,-1.265571,1.606547,-1.442291,2.674576,0.139929,2.490170,1,1,1.0000,1.0000,-12.9565,-65.2774,-20.4000,-28.2000,0.040000,0.269319,0,0,1,1,0,0,0.0000,0.0000,,,,,1770,1770,0,0,1710,1721,60,36,0,13,0.52745,0.54172,,,,,,,,,,,,,,,,,,,,,,,140346.6322,1183,1183,0,0
1788271850.1287,G_left_centre_left_right,G,left,0,left_right,,centre,278,132.9000,344.2000,59.3000,217.1000,218.9000,0.0000,346.4000,314.8000,23.7000,0.0000,168.0000,0.0000,108.3000,0.0000,0.36200,0.03800,0.89700,-12.36000,-6.31000,-18.17000,-0.93700,-0.03100,0.22500,0.34000,-1.95000,2.64000,17.6,8.6,1.0,0.0,0.735039,0.316396,1.318821,-0.733924,0.340234,1.180991,-0.089600,0.486000,0.869300,0.003200,0.133500,0.542300,0.828800,0.034500,0.734923,0.316510,1.318198,-0.734315,0.340419,1.180775,1.118308,0.748129,2.274171,-1.669828,-1.995687,-0.717289,-0.539832,1.962765,-1.265570,1.606465,-1.442471,2.674587,0.139910,2.490169,1,1,1.0000,1.0000,-12.9565,-65.2774,-20.4000,-28.2000,0.040000,0.269319,0,0,1,1,0,0,0.0000,0.0000,,,,,1770,1770,0,0,1710,1721,60,36,0,13,0.52745,0.54172,,,,,,,,,,,,,,,,,,,,,,,140346.6515,1183,1183,0,0
1788271850.1510,G_left_centre_left_right,G,left,0,left_right,,centre,279,132.7000,344.2000,59.3000,217.1000,218.9000,0.0000,346.4000,314.8000,23.7000,0.0000,168.1000,0.0000,108.1000,0.0000,0.38400,-0.02500,0.90100,-17.56000,-7.25000,-18.88000,-0.94200,-0.03200,0.21700,-0.12000,-2.25000,0.46000,18.3,8.6,1.0,0.0,0.735080,0.316320,1.319074,-0.733798,0.340174,1.181054,-0.089600,0.486000,0.869300,0.003200,0.133500,0.542300,0.828800,0.034500,0.734923,0.316510,1.318198,-0.734315,0.340419,1.180775,1.118098,0.747669,2.273985,-1.670197,-1.996526,-0.717093,-0.539358,1.962736,-1.265570,1.606274,-1.442960,2.674606,0.139514,2.490177,1,1,1.0000,1.0000,-12.2118,-65.2124,-20.6000,-28.2000,0.040000,0.269291,0,0,1,1,0,0,0.0000,0.0000,,,,,1772,1772,0,0,1712,1723,60,36,0,13,0.52748,0.54169,,,,,,,,,,,,,,,,,,,,,,,140346.6738,1185,1185,0,0
1788271850.1695,G_left_centre_left_right,G,left,0,left_right,,centre,280,131.9000,344.2000,59.3000,217.1000,218.9000,0.0000,345.9000,314.8000,23.7000,0.0000,167.7000,0.0000,108.4000,0.0000,0.35900,-0.02100,0.88400,11.27000,0.63000,-26.04000,-0.95500,-0.03200,0.20100,-8.40000,-6.46000,1.11000,15.2,7.5,1.0,0.0,0.735068,0.316243,1.319134,-0.733707,0.340128,1.181093,-0.089600,0.486000,0.869300,0.003200,0.133500,0.542300,0.828800,0.034500,0.735060,0.316388,1.318815,-0.734022,0.340277,1.180956,1.117994,0.747427,2.273876,-1.670422,-1.996934,-0.716994,-0.539092,1.962712,-1.265570,1.606111,-1.443389,2.674620,0.138909,2.490183,1,1,1.0000,1.0000,-13.1705,-65.1732,-21.4000,-28.2000,0.040000,0.269399,0,0,1,1,0,0,0.0000,0.0000,,,,,1773,1773,0,0,1713,1724,60,36,0,13,0.52748,0.54169,,,,,,,,,,,,,,,,,,,,,,,140346.6924,1186,1186,0,0
1788271850.2006,G_left_centre_left_right,G,left,0,left_right,,centre,281,131.8000,344.2000,59.3000,217.1000,218.9000,0.0000,345.9000,314.8000,23.7000,0.0000,167.7000,0.0000,108.5000,0.0000,0.36100,0.03000,0.87000,10.99000,1.34000,-26.16000,-0.97000,-0.03500,0.20500,-7.85000,-5.71000,1.16000,14.9,7.7,1.0,0.0,0.735065,0.316156,1.319242,-0.733566,0.340057,1.181157,-0.089600,0.486000,0.869300,0.003200,0.133500,0.542300,0.828800,0.034500,0.735060,0.316388,1.318815,-0.734022,0.340277,1.180956,1.117922,0.747222,2.273784,-1.670664,-1.997304,-0.716930,-0.538830,1.962683,-1.265570,1.605932,-1.443854,2.674633,0.138366,2.490193,1,1,1.0000,1.0000,-12.4451,-65.0332,-21.5000,-28.2000,0.040000,0.269399,0,0,1,1,0,0,0.0000,0.0000,,,,,1774,1774,0,0,1714,1725,60,36,0,13,0.52756,0.54148,,,,,,,,,,,,,,,,,,,,,,,140346.7235,1187,1187,0,0
1788271850.2126,G_left_centre_left_right,G,left,0,left_right,,centre,282,131.7000,344.2000,59.3000,217.1000,218.9000,0.0000,345.9000,314.8000,23.7000,0.0000,167.7000,0.0000,108.6000,0.0000,0.35700,0.05000,0.87300,8.72000,1.92000,-25.41000,-0.95800,-0.04400,0.20200,-6.81000,-4.56000,1.16000,15.4,8.0,1.0,0.0,0.735057,0.316076,1.319325,-0.733167,0.339848,1.181357,-0.089600,0.486000,0.869300,0.003200,0.133500,0.542300,0.828800,0.034500,0.735060,0.316388,1.318815,-0.734022,0.340277,1.180956,1.117896,0.747041,2.273700,-1.670962,-1.997666,-0.716916,-0.538535,1.962650,-1.265575,1.605759,-1.444268,2.674645,0.137948,2.490200,1,1,1.0000,1.0000,-12.6119,-64.4814,-21.6000,-28.2000,0.040000,0.269399,0,0,1,1,0,0,0.0000,0.0000,,,,,1775,1775,0,0,1715,1726,60,36,0,13,0.52756,0.54148,,,,,,,,,,,,,,,,,,,,,,,140346.7354,1188,1188,0,0
1788271850.2471,G_left_centre_left_right,G,left,0,left_right,,centre,283,131.6000,344.2000,59.3000,217.1000,218.9000,0.0000,345.9000,314.8000,23.7000,0.0000,167.3000,0.0000,108.5000,0.0000,0.35700,0.03600,0.88900,2.95000,1.93000,-22.45000,-0.94300,-0.04300,0.19200,-0.73000,-1.56000,0.39000,16.9,7.6,1.0,0.0,0.735048,0.315928,1.319503,-0.732306,0.339395,1.181777,-0.089600,0.486000,0.869300,0.003200,0.133500,0.542300,0.828800,0.034500,0.735042,0.316158,1.319206,-0.733643,0.340090,1.181154,1.117899,0.746853,2.273607,-1.671326,-1.998069,-0.716933,-0.538183,1.962612,-1.265582,1.605597,-1.444644,2.674651,0.137582,2.490209,1,1,1.0000,1.0000,-13.0642,-64.4650,-21.7000,-28.2000,0.040000,0.269503,0,0,1,1,0,0,0.0000,0.0000,,,,,1776,1776,0,0,1716,1727,60,36,0,13,0.52756,0.54148,,,,,,,,,,,,,,,,,,,,,,,140346.7699,1190,1190,0,0
1788271850.2600,G_left_centre_left_right,G,left,0,left_right,,centre,284,131.6000,344.2000,59.3000,217.1000,218.9000,0.0000,345.9000,314.8000,23.7000,0.0000,167.3000,0.0000,108.5000,0.0000,0.35700,0.03600,0.88900,2.95000,1.93000,-22.45000,-0.94300,-0.04300,0.19200,-0.73000,-1.56000,0.39000,16.7,8.2,1.0,0.0,0.735048,0.315928,1.319503,-0.732306,0.339395,1.181777,-0.089600,0.486000,0.869300,0.003200,0.133500,0.542300,0.828800,0.034500,0.735042,0.316158,1.319206,-0.733643,0.340090,1.181154,1.117905,0.746755,2.273559,-1.671518,-1.998285,-0.716945,-0.537995,1.962585,-1.265584,1.605490,-1.444877,2.674650,0.137339,2.490224,1,1,1.0000,1.0000,-13.0642,-64.4650,-21.7000,-28.2000,0.040000,0.269503,0,0,1,1,0,0,0.0000,0.0000,,,,,1777,1777,0,0,1717,1728,60,36,0,13,0.52756,0.54148,,,,,,,,,,,,,,,,,,,,,,,140346.7829,1190,1190,0,0
1788271850.2707,G_left_centre_left_right,G,left,0,left_right,,centre,285,131.6000,344.2000,59.3000,217.1000,218.9000,0.0000,345.9000,314.8000,23.7000,0.0000,167.2000,0.0000,108.5000,0.0000,0.33800,0.03400,0.89200,1.73000,1.16000,-21.12000,-0.94400,-0.04600,0.18900,2.56000,0.15000,0.09000,16.7,8.2,1.0,0.0,0.735020,0.315879,1.319463,-0.731919,0.339191,1.181959,-0.089600,0.486000,0.869300,0.003200,0.133500,0.542300,0.828800,0.034500,0.735042,0.316158,1.319206,-0.733643,0.340090,1.181154,1.117904,0.746655,2.273512,-1.671688,-1.998492,-0.716953,-0.537827,1.962557,-1.265586,1.605383,-1.445111,2.674648,0.137094,2.490238,1,1,1.0000,1.0000,-14.1951,-64.2720,-21.7000,-28.2000,0.040000,0.269529,0,0,1,1,0,0,0.0000,0.0000,,,,,1778,1778,0,0,1718,1729,60,36,0,13,0.52749,0.54120,,,,,,,,,,,,,,,,,,,,,,,140346.7936,1191,1191,0,0
1788271850.2941,G_left_centre_left_right,G,left,0,left_right,,centre,286,131.5000,344.2000,59.3000,217.1000,218.9000,0.0000,345.9000,314.8000,23.7000,0.0000,167.2000,0.0000,108.7000,0.0000,0.36000,0.01100,0.89100,0.90000,0.48000,-19.41000,-0.95400,-0.03000,0.20200,4.17000,1.63000,-0.24000,15.8,8.2,1.0,0.0,0.735005,0.315813,1.319495,-0.731988,0.339230,1.181909,-0.089600,0.486000,0.869300,0.003200,0.133500,0.542300,0.828800,0.034500,0.735042,0.316158,1.319206,-0.733643,0.340090,1.181154,1.117970,0.746324,2.273321,-1.672384,-1.999214,-0.717028,-0.537154,1.962385,-1.265594,1.604673,-1.447016,2.674618,0.135150,2.490360,1,1,1.0000,1.0000,-13.0932,-65.2938,-21.8000,-28.2000,0.040000,0.269529,0,0,1,1,0,0,0.0000,0.0000,,,,,1779,1779,0,0,1719,1730,60,36,0,13,0.52749,0.54120,,,,,,,,,,,,,,,,,,,,,,,140346.8169,1192,1192,0,0
1788271850.3126,G_left_centre_left_right,G,left,0,left_right,,centre,287,131.5000,344.2000,59.3000,217.1000,218.9000,0.0000,345.9000,314.8000,23.7000,0.0000,167.2000,0.0000,108.7000,0.0000,0.36000,0.01100,0.89100,0.90000,0.48000,-19.41000,-0.95400,-0.03000,0.20200,4.17000,1.63000,-0.24000,16.3,8.9,1.0,0.0,0.735005,0.315813,1.319495,-0.731988,0.339230,1.181909,-0.089600,0.486000,0.869300,0.003200,0.133500,0.542300,0.828800,0.034500,0.735042,0.316158,1.319206,-0.733643,0.340090,1.181154,1.118016,0.746267,2.273274,-1.672563,-1.999342,-0.717068,-0.536995,1.962326,-1.265599,1.604431,-1.447695,2.674604,0.134444,2.490400,1,1,1.0000,1.0000,-13.0932,-65.2938,-21.8000,-28.2000,0.040000,0.269529,0,0,1,1,0,0,0.0000,0.0000,,,,,1779,1779,0,0,1719,1730,60,36,0,13,0.52749,0.54120,,,,,,,,,,,,,,,,,,,,,,,140346.8354,1192,1192,0,0
1788271850.3293,G_left_centre_left_right,G,left,0,left_right,,centre,288,131.5000,344.2000,59.3000,217.1000,218.9000,0.0000,345.8000,314.8000,23.7000,0.0000,167.2000,0.0000,108.8000,0.0000,0.34900,0.02100,0.89200,2.16000,-0.67000,-20.40000,-0.95200,-0.01900,0.20600,2.48000,2.72000,-0.22000,15.8,9.2,1.0,0.0,0.734967,0.315720,1.319476,-0.732448,0.339481,1.181640,-0.089600,0.486000,0.869300,0.003200,0.133500,0.542300,0.828800,0.034500,0.735004,0.315894,1.319459,-0.732808,0.339639,1.181656,1.118152,0.746203,2.273177,-1.672837,-1.999448,-0.717162,-0.536754,1.962178,-1.265619,1.603754,-1.449778,2.674570,0.132276,2.490496,1,1,1.0000,1.0000,-13.6634,-65.9541,-21.8000,-28.2000,0.040000,0.269529,0,0,1,1,0,0,0.0000,0.0000,,,,,1781,1781,0,0,1721,1732,60,36,0,13,0.52738,0.54056,,,,,,,,,,,,,,,,,,,,,,,140346.8521,1194,1194,0,0
1788271850.3531,G_left_centre_left_right,G,left,0,left_right,,centre,289,131.4000,344.2000,59.3000,217.1000,218.9000,0.0000,345.8000,314.8000,23.7000,0.0000,167.2000,0.0000,108.7000,0.0000,0.35400,0.00700,0.88600,3.60000,-0.66000,-21.20000,-0.94700,-0.02500,0.20700,0.38000,2.73000,0.27000,16.8,8.9,1.0,0.0,0.734952,0.315672,1.319488,-0.732577,0.339552,1.181560,-0.089600,0.486000,0.869300,0.003200,0.133500,0.542300,0.828800,0.034500,0.735004,0.315894,1.319459,-0.732808,0.339639,1.181656,1.118199,0.746183,2.273138,-1.672947,-1.999520,-0.717193,-0.536651,1.962115,-1.265638,1.603538,-1.450785,2.674555,0.131145,2.490525,1,1,1.0000,1.0000,-13.3365,-65.6021,-21.9000,-28.2000,0.040000,0.269529,0,0,1,1,0,0,0.0000,0.0000,,,,,1781,1781,0,0,1721,1732,60,36,0,13,0.52738,0.54056,,,,,,,,,,,,,,,,,,,,,,,140346.8759,1195,1195,0,0
1788271850.3830,G_left_centre_left_right,G,left,0,left_right,,centre,290,131.4000,344.2000,59.3000,217.1000,218.9000,0.0000,345.8000,314.8000,23.7000,0.0000,167.2000,0.0000,108.7000,0.0000,0.34200,0.00600,0.88400,5.38000,-0.80000,-23.25000,-0.94700,-0.02500,0.20700,0.38000,2.73000,0.27000,17.9,8.7,1.0,0.0,0.734931,0.315631,1.319461,-0.732741,0.339642,1.181460,-0.089600,0.486000,0.869300,0.003200,0.133500,0.542300,0.828800,0.034500,0.735004,0.315894,1.319459,-0.732808,0.339639,1.181656,1.118259,0.746169,2.273100,-1.673078,-1.999596,-0.717230,-0.536533,1.962103,-1.265650,1.603503,-1.450864,2.674552,0.131015,2.490522,1,1,1.0000,1.0000,-13.9679,-65.6021,-21.9000,-28.2000,0.040000,0.269529,0,0,1,1,0,0,0.0000,0.0000,,,,,1782,1782,0,0,1722,1733,60,36,0,13,0.52738,0.54056,,,,,,,,,,,,,,,,,,,,,,,140346.9058,1196,1195,0,0
1788271850.4031,G_left_centre_left_right,G,left,0,left_right,,centre,291,131.5000,344.2000,59.3000,217.1000,218.9000,0.0000,345.9000,314.8000,23.7000,0.0000,167.2000,0.0000,108.8000,0.0000,0.33800,0.03200,0.89200,5.72000,-1.41000,-23.11000,-0.93800,-0.01400,0.22800,-1.97000,1.91000,0.36000,15.9,8.7,1.0,0.0,0.734913,0.315606,1.319429,-0.733161,0.339869,1.181232,-0.089600,0.486000,0.869300,0.003200,0.133500,0.542300,0.828800,0.034500,0.734947,0.315702,1.319480,-0.732320,0.339352,1.182039,1.118413,0.746126,2.272994,-1.673395,-1.999796,-0.717322,-0.536240,1.962092,-1.265675,1.603509,-1.450724,2.674550,0.131134,2.490502,1,1,1.0000,1.0000,-14.2076,-66.2903,-21.8000,-28.2000,0.040000,0.269529,0,0,1,1,0,0,0.0000,0.0000,,,,,1784,1784,0,0,1724,1735,60,36,0,13,0.52738,0.54014,,,,,,,,,,,,,,,,,,,,,,,140346.9260,1197,1197,0,0
1788271850.4204,G_left_centre_left_right,G,left,0,left_right,,centre,292,131.4000,344.2000,59.3000,217.1000,218.9000,0.0000,345.8000,314.8000,23.7000,0.0000,167.2000,0.0000,108.7000,0.0000,0.36000,0.05100,0.89800,3.50000,-0.96000,-20.58000,-0.94400,-0.03100,0.21200,-2.60000,1.78000,0.42000,15.9,8.8,1.0,0.0,0.734908,0.315567,1.319465,-0.733137,0.339857,1.181237,-0.089600,0.486000,0.869300,0.003200,0.133500,0.542300,0.828800,0.034500,0.734947,0.315702,1.319480,-0.732320,0.339352,1.182039,1.118613,0.746145,2.272869,-1.673645,-1.999876,-0.717408,-0.536004,1.962106,-1.265722,1.603686,-1.449803,2.674554,0.132273,2.490436,1,1,1.0000,1.0000,-13.0069,-65.2613,-21.9000,-28.2000,0.040000,0.269529,0,0,1,1,0,0,0.0000,0.0000,,,,,1785,1785,0,0,1725,1736,60,36,0,13,0.52727,0.54014,,,,,,,,,,,,,,,,,,,,,,,140346.9432,1198,1198,0,0
1788271850.4435,G_left_centre_left_right,G,left,0,left_right,,centre,293,131.4000,344.2000,59.3000,217.1000,218.9000,0.0000,345.8000,314.8000,23.7000,0.0000,167.2000,0.0000,108.7000,0.0000,0.36000,0.05100,0.89800,3.50000,-0.96000,-20.58000,-0.94400,-0.03100,0.21200,-2.60000,1.78000,0.42000,16.4,8.3,1.0,0.0,0.734908,0.315567,1.319465,-0.733137,0.339857,1.181237,-0.089600,0.486000,0.869300,0.003200,0.133500,0.542300,0.828800,0.034500,0.734947,0.315702,1.319480,-0.732320,0.339352,1.182039,1.118672,0.746161,2.272838,-1.673702,-1.999879,-0.717436,-0.535954,1.962128,-1.265739,1.603803,-1.449351,2.674559,0.132855,2.490398,1,1,1.0000,1.0000,-13.0069,-65.2613,-21.9000,-28.2000,0.040000,0.269529,0,0,1,1,0,0,0.0000,0.0000,,,,,1785,1785,0,0,1725,1736,60,36,0,13,0.52727,0.54014,,,,,,,,,,,,,,,,,,,,,,,140346.9664,1198,1198,0,0
1788271850.4492,G_left_centre_left_right,G,left,0,left_right,,centre,294,131.3000,344.2000,59.3000,217.1000,218.9000,0.0000,345.9000,314.8000,23.7000,0.0000,167.2000,0.0000,108.8000,0.0000,0.36400,0.06500,0.89900,0.17000,-0.14000,-17.14000,-0.95300,-0.02100,0.21000,-3.19000,1.32000,0.16000,16.6,8.0,1.0,0.0,0.734904,0.315522,1.319517,-0.733314,0.339954,1.181135,-0.089600,0.486000,0.869300,0.003200,0.133500,0.542300,0.828800,0.034500,0.734947,0.315702,1.319480,-0.732320,0.339352,1.182039,1.118696,0.746163,2.272808,-1.673749,-1.999900,-0.717445,-0.535908,1.962145,-1.265753,1.603898,-1.448983,2.674563,0.133331,2.490367,1,1,1.0000,1.0000,-12.7227,-65.8517,-22.0000,-28.2000,0.040000,0.269529,0,0,1,1,0,0,0.0000,0.0000,,,,,1786,1786,0,0,1726,1737,60,36,0,13,0.52727,0.54014,,,,,,,,,,,,,,,,,,,,,,,140346.9721,1199,1199,0,0
1788271850.4691,G_left_centre_left_right,G,left,0,left_right,,centre,295,131.1000,344.2000,59.3000,217.1000,218.9000,0.0000,345.9000,314.8000,23.7000,0.0000,167.3000,0.0000,109.1000,0.0000,0.36000,0.03600,0.90000,2.77000,-0.80000,-17.68000,-0.94300,-0.02100,0.21400,-3.40000,0.50000,-0.19000,15.9,8.5,1.0,0.0,0.734887,0.315428,1.319588,-0.733684,0.340155,1.180929,-0.089600,0.486000,0.869300,0.003200,0.133500,0.542300,0.828800,0.034500,0.734905,0.315574,1.319461,-0.732769,0.339660,1.181445,1.118741,0.746100,2.272716,-1.673963,-2.000129,-0.717457,-0.535666,1.962242,-1.265816,1.604432,-1.446890,2.674583,0.135359,2.490217,1,1,1.0000,1.0000,-13.1441,-65.8572,-22.2000,-28.2000,0.040000,0.269503,0,0,1,1,0,0,0.0000,0.0000,,,,,1787,1787,0,0,1727,1738,60,36,0,13,0.52727,0.54014,,,,,,,,,,,,,,,,,,,,,,,140346.9919,1201,1201,0,0
1788271850.4894,G_left_centre_left_right,G,left,0,left_right,,centre,296,131.0000,344.2000,59.3000,217.1000,218.9000,0.0000,346.0000,314.8000,23.7000,0.0000,167.3000,0.0000,109.0000,0.0000,0.35300,0.03400,0.90700,4.82000,-1.40000,-18.73000,-0.94200,-0.02100,0.21500,-2.71000,0.60000,0.37000,15.2,8.4,1.0,0.0,0.734866,0.315385,1.319569,-0.733810,0.340223,1.180859,-0.089600,0.486000,0.869300,0.003200,0.133500,0.542300,0.828800,0.034500,0.734905,0.315574,1.319461,-0.732769,0.339660,1.181445,1.118796,0.745972,2.272588,-1.674278,-2.000456,-0.717465,-0.535344,1.962302,-1.265846,1.604749,-1.446169,2.674595,0.136129,2.490136,1,1,1.0000,1.0000,-13.6896,-65.8590,-22.3000,-28.2000,0.040000,0.269503,0,0,1,1,0,0,0.0000,0.0000,,,,,1789,1789,0,0,1729,1740,60,36,0,13,0.52719,0.54057,,,,,,,,,,,,,,,,,,,,,,,140347.0122,1202,1202,0,0
1788271850.5348,G_left_centre_left_right,G,left,0,left_right,,centre,297,130.8000,344.2000,59.3000,217.1000,218.9000,0.0000,346.1000,314.8000,23.7000,0.0000,167.3000,0.0000,108.9000,0.0000,0.32300,0.04800,0.88700,5.38000,-1.43000,-18.42000,-0.93600,-0.02800,0.21200,-2.11000,0.63000,0.21000,14.7,7.8,1.0,0.0,0.734829,0.315345,1.319491,-0.733785,0.340210,1.180868,-0.089600,0.486000,0.869300,0.003200,0.133500,0.542300,0.828800,0.034500,0.734880,0.315447,1.319570,-0.733468,0.340051,1.180951,1.118808,0.745946,2.272562,-1.674341,-2.000520,-0.717467,-0.535281,1.962339,-1.265861,1.604932,-1.445765,2.674604,0.136570,2.490087,1,1,1.0000,1.0000,-14.8416,-65.4295,-22.5000,-28.2000,0.040000,0.269503,0,0,1,1,0,0,0.0000,0.0000,,,,,1790,1790,0,0,1730,1741,60,36,0,13,0.52719,0.54057,,,,,,,,,,,,,,,,,,,,,,,140347.0576,1203,1203,0,0
1788271850.5359,G_left_centre_left_right,G,left,0,left_right,,centre,298,130.8000,344.2000,59.3000,217.1000,218.9000,0.0000,346.1000,314.8000,23.7000,0.0000,167.3000,0.0000,108.9000,0.0000,0.32300,0.04800,0.88700,5.38000,-1.43000,-18.42000,-0.93600,-0.02800,0.21200,-2.11000,0.63000,0.21000,14.7,7.8,1.0,0.0,0.734829,0.315345,1.319491,-0.733785,0.340210,1.180868,-0.089600,0.486000,0.869300,0.003200,0.133500,0.542300,0.828800,0.034500,0.734880,0.315447,1.319570,-0.733468,0.340051,1.180951,1.118808,0.745946,2.272562,-1.674341,-2.000520,-0.717467,-0.535281,1.962339,-1.265861,1.604932,-1.445765,2.674604,0.136570,2.490087,1,1,1.0000,1.0000,-14.8416,-65.4295,-22.5000,-28.2000,0.040000,0.269503,0,0,1,1,0,0,0.0000,0.0000,,,,,1790,1790,0,0,1730,1741,60,36,0,13,0.52719,0.54057,,,,,,,,,,,,,,,,,,,,,,,140347.0588,1203,1203,0,0
1788271850.5488,G_left_centre_left_right,G,left,0,left_right,,centre,299,130.4000,344.2000,59.3000,217.1000,218.9000,0.0000,346.1000,314.8000,23.7000,0.0000,167.4000,0.0000,108.7000,0.0000,0.35900,0.06700,0.87900,0.85000,-1.40000,-15.64000,-0.95000,-0.02400,0.21500,-0.20000,0.72000,-1.82000,16.5,7.8,1.0,0.0,0.734785,0.315229,1.319501,-0.733927,0.340288,1.180792,-0.089600,0.486000,0.869300,0.003200,0.133500,0.542300,0.828800,0.034500,0.734880,0.315447,1.319570,-0.733468,0.340051,1.180951,1.119111,0.745999,2.272424,-1.674723,-2.000591,-0.717635,-0.534943,1.962520,-1.265934,1.605833,-1.443813,2.674657,0.138524,2.489845,1,1,1.0000,1.0000,-12.5287,-65.6886,-22.9000,-28.2000,0.040000,0.269477,0,0,1,1,0,0,0.0000,0.0000,,,,,1792,1792,0,0,1732,1743,60,36,0,13,0.52713,0.54108,,,,,,,,,,,,,,,,,,,,,,,140347.0716,1205,1205,0,0
1788271850.5788,G_left_centre_left_right,G,left,0,left_right,,centre,300,130.4000,344.2000,59.3000,217.1000,218.9000,0.0000,346.1000,314.8000,23.7000,0.0000,167.4000,0.0000,108.7000,0.0000,0.35900,0.06700,0.87900,0.85000,-1.40000,-15.64000,-0.95000,-0.02400,0.21500,-0.20000,0.72000,-1.82000,15.4,7.9,1.0,0.0,0.734785,0.315229,1.319501,-0.733927,0.340288,1.180792,-0.089600,0.486000,0.869300,0.003200,0.133500,0.542300,0.828800,0.034500,0.734880,0.315447,1.319570,-0.733468,0.340051,1.180951,1.119209,0.746034,2.272405,-1.674815,-2.000570,-0.717707,-0.534880,1.962534,-1.265939,1.605874,-1.443762,2.674663,0.138566,2.489825,1,1,1.0000,1.0000,-12.5287,-65.6886,-22.9000,-28.2000,0.040000,0.269477,0,0,1,1,0,0,0.0000,0.0000,,,,,1792,1792,0,0,1732,1743,60,36,0,13,0.52713,0.54108,,,,,,,,,,,,,,,,,,,,,,,140347.1016,1205,1205,0,0
1788271850.5899,G_left_centre_left_right,G,left,0,left_right,,centre,301,130.4000,344.2000,59.3000,217.1000,218.9000,0.0000,346.2000,314.8000,23.7000,0.0000,167.4000,0.0000,108.8000,0.0000,0.34700,0.05800,0.87500,-0.19000,-0.92000,-16.09000,-0.94900,-0.02200,0.22200,0.20000,0.47000,-2.34000,15.4,7.9,1.0,0.0,0.734765,0.315164,1.319523,-0.734014,0.340335,1.180746,-0.089600,0.486000,0.869300,0.003200,0.133500,0.542300,0.828800,0.034500,0.734880,0.315447,1.319570,-0.733468,0.340051,1.180951,1.119254,0.746046,2.272386,-1.674894,-2.000564,-0.717745,-0.534808,1.962544,-1.265943,1.605903,-1.443727,2.674668,0.138595,2.489811,1,1,1.0000,1.0000,-13.1640,-65.8206,-22.9000,-28.2000,0.040000,0.269477,0,0,1,1,0,0,0.0000,0.0000,,,,,1793,1793,0,0,1733,1744,60,36,0,13,0.52713,0.54108,,,,,,,,,,,,,,,,,,,,,,,140347.1127,1206,1206,0,0
1788271850.6108,G_left_centre_left_right,G,left,0,left_right,,centre,302,130.4000,344.2000,59.3000,217.1000,218.9000,0.0000,346.2000,314.8000,23.7000,0.0000,167.4000,0.0000,108.5000,0.0000,0.34700,0.03300,0.88600,1.26000,-2.32000,-18.83000,-0.94300,-0.00900,0.21400,-1.16000,-0.73000,-1.75000,16.0,8.6,1.0,0.0,0.734722,0.315076,1.319490,-0.734783,0.340749,1.180355,-0.089600,0.486000,0.869300,0.003200,0.133500,0.542300,0.828800,0.034500,0.734783,0.315263,1.319466,-0.733805,0.340207,1.180864,1.119408,0.745972,2.272256,-1.675359,-2.000904,-0.717849,-0.534355,1.962603,-1.265960,1.606072,-1.443603,2.674706,0.138702,2.489726,1,1,1.0000,1.0000,-13.5698,-66.5675,-22.9000,-28.2000,0.040000,0.269477,0,0,1,1,0,0,0.0000,0.0000,,,,,1794,1794,0,0,1734,1745,60,36,0,13,0.52713,0.54108,,,,,,,,,,,,,,,,,,,,,,,140347.1337,1208,1208,0,0
1788271850.6288,G_left_centre_left_right,G,left,0,left_right,,centre,303,130.4000,344.2000,59.3000,217.1000,218.9000,0.0000,346.2000,314.8000,23.7000,0.0000,167.5000,0.0000,108.5000,0.0000,0.36400,0.04200,0.88200,2.33000,-2.47000,-21.52000,-0.94700,-0.01400,0.22100,-1.98000,-1.22000,-1.52000,16.0,8.7,1.0,0.0,0.734717,0.315022,1.319555,-0.734996,0.340864,1.180248,-0.089600,0.486000,0.869300,0.003200,0.133500,0.542300,0.828800,0.034500,0.734783,0.315263,1.319466,-0.733805,0.340207,1.180864,1.119506,0.745945,2.272195,-1.675592,-2.001042,-0.717915,-0.534138,1.962653,-1.265966,1.606219,-1.443163,2.674731,0.139157,2.489667,1,1,1.0000,1.0000,-12.4827,-66.2879,-22.9000,-28.2000,0.040000,0.269451,0,0,1,1,0,0,0.0000,0.0000,,,,,1796,1796,0,0,1736,1747,60,36,0,13,0.52698,0.54129,,,,,,,,,,,,,,,,,,,,,,,140347.1517,1209,1209,0,0
1788271850.6508,G_left_centre_left_right,G,left,0,left_right,,centre,304,130.4000,344.2000,59.3000,217.1000,218.9000,0.0000,346.2000,314.8000,23.7000,0.0000,167.6000,0.0000,108.5000,0.0000,0.37100,0.03300,0.88000,3.07000,-1.81000,-23.31000,-0.94800,-0.01200,0.21500,-2.07000,-1.39000,-1.45000,15.5,8.2,1.0,0.0,0.734717,0.314971,1.319637,-0.735240,0.340995,1.180130,-0.089600,0.486000,0.869300,0.003200,0.133500,0.542300,0.828800,0.034500,0.734783,0.315263,1.319466,-0.733805,0.340207,1.180864,1.119612,0.745904,2.272122,-1.675821,-2.001194,-0.717984,-0.533924,1.962732,-1.265971,1.606512,-1.442352,2.674765,0.139991,2.489587,1,1,1.0000,1.0000,-12.1070,-66.3933,-22.9000,-28.2000,0.040000,0.269425,0,0,1,1,0,0,0.0000,0.0000,,,,,1797,1797,0,0,1737,1748,60,36,0,13,0.52698,0.54129,,,,,,,,,,,,,,,,,,,,,,,140347.1736,1210,1210,0,0
1788271850.6685,G_left_centre_left_right,G,left,0,left_right,,centre,305,130.4000,344.2000,59.3000,217.1000,218.9000,0.0000,346.1000,314.8000,23.7000,0.0000,167.7000,0.0000,108.6000,0.0000,0.36000,0.01600,0.89100,2.52000,-0.46000,-22.79000,-0.94100,-0.01400,0.20900,-2.88000,-1.88000,-1.23000,16.6,7.9,1.0,0.0,0.734705,0.314933,1.319651,-0.735380,0.341071,1.180065,-0.089600,0.486000,0.869300,0.003200,0.133500,0.542300,0.828800,0.034500,0.734713,0.315060,1.319505,-0.734259,0.340469,1.180581,1.119659,0.745830,2.272045,-1.676013,-2.001408,-0.718008,-0.533718,1.962829,-1.265974,1.606884,-1.441239,2.674807,0.141135,2.489488,1,1,1.0000,1.0000,-13.0641,-66.2568,-22.9000,-28.2000,0.040000,0.269399,0,0,1,1,0,0,0.0000,0.0000,,,,,1798,1798,0,0,1738,1749,60,36,0,13,0.52698,0.54129,,,,,,,,,,,,,,,,,,,,,,,140347.1913,1211,1211,0,0
1788271850.6888,G_left_centre_left_right,G,left,0,left_right,,centre,306,130.4000,344.2000,59.3000,217.1000,218.9000,0.0000,346.1000,314.8000,23.7000,0.0000,167.7000,0.0000,108.6000,0.0000,0.36000,0.01600,0.89100,2.52000,-0.46000,-22.79000,-0.94100,-0.01400,0.20900,-2.88000,-1.88000,-1.23000,16.6,7.9,1.0,0.0,0.734705,0.314933,1.319651,-0.735380,0.341071,1.180065,-0.089600,0.486000,0.869300,0.003200,0.133500,0.542300,0.828800,0.034500,0.734713,0.315060,1.319505,-0.734259,0.340469,1.180581,1.119665,0.745785,2.272003,-1.676110,-2.001532,-0.718007,-0.533604,1.962887,-1.265974,1.607102,-1.440598,2.674832,0.141790,2.489431,1,1,1.0000,1.0000,-13.0641,-66.2568,-22.9000,-28.2000,0.040000,0.269399,0,0,1,1,0,0,0.0000,0.0000,,,,,1798,1798,0,0,1738,1749,60,36,0,13,0.52698,0.54129,,,,,,,,,,,,,,,,,,,,,,,140347.2117,1211,1211,0,0
1788271850.7100,G_left_centre_left_right,G,left,0,left_right,,centre,307,130.4000,344.2000,59.3000,217.1000,218.9000,0.0000,346.1000,314.8000,23.6000,0.0000,167.9000,0.0000,108.8000,0.0000,0.32900,0.01500,0.88500,3.05000,-1.00000,-21.47000,-0.95700,-0.02400,0.22000,-2.64000,-1.66000,-0.67000,14.1,8.4,1.0,0.0,0.734642,0.314889,1.319479,-0.735377,0.341070,1.180082,-0.089600,0.486000,0.869300,0.003200,0.133500,0.542300,0.828800,0.034500,0.734713,0.315060,1.319505,-0.734259,0.340469,1.180581,1.119702,0.745699,2.271906,-1.676352,-2.001782,-0.718015,-0.533343,1.963061,-1.265970,1.607742,-1.438762,2.674913,0.143613,2.489263,1,1,1.0000,1.0000,-14.6683,-65.7072,-22.9000,-28.2000,0.040000,0.269343,0,0,1,1,0,0,0.0000,0.0000,,,,,1800,1800,0,0,1740,1751,60,36,0,13,0.52685,0.54164,,,,,,,,,,,,,,,,,,,,,,,140347.2328,1213,1213,0,0
1788271850.7309,G_left_centre_left_right,G,left,0,left_right,,centre,308,130.4000,344.2000,59.3000,217.1000,218.9000,0.0000,346.1000,314.8000,23.6000,0.0000,168.1000,0.0000,108.9000,0.0000,0.33600,0.03000,0.89000,4.34000,-2.06000,-20.87000,-0.94800,-0.01900,0.20300,-1.83000,-1.34000,-0.50000,14.8,8.3,1.0,0.0,0.734623,0.314867,1.319439,-0.735381,0.341072,1.180093,-0.089600,0.486000,0.869300,0.003200,0.133500,0.542300,0.828800,0.034500,0.734679,0.314928,1.319575,-0.735222,0.341000,1.180001,1.119842,0.745750,2.271844,-1.676468,-2.001755,-0.718082,-0.533247,1.963184,-1.265958,1.608167,-1.437761,2.674986,0.144540,2.489138,1,1,1.0000,1.0000,-14.2890,-65.9408,-22.9000,-28.2000,0.040000,0.269289,0,0,1,1,0,0,0.0000,0.0000,,,,,1801,1801,0,0,1741,1752,60,36,0,13,0.52685,0.54164,,,,,,,,,,,,,,,,,,,,,,,140347.2538,1214,1214,0,0
1788271850.7639,G_left_centre_left_right,G,left,0,left_right,,centre,309,130.4000,344.2000,59.3000,217.1000,218.9000,0.0000,346.1000,314.8000,23.6000,0.0000,168.1000,0.0000,109.0000,0.0000,0.36400,0.06800,0.87000,6.22000,-2.09000,-23.33000,-0.95500,-0.02000,0.21100,-0.27000,-1.02000,0.48000,16.0,8.3,1.0,0.0,0.734625,0.314807,1.319543,-0.735359,0.341061,1.180127,-0.089600,0.486000,0.869300,0.003200,0.133500,0.542300,0.828800,0.034500,0.734679,0.314928,1.319575,-0.735222,0.341000,1.180001,1.120011,0.745854,2.271797,-1.676551,-2.001626,-0.718166,-0.533189,1.963267,-1.265947,1.608518,-1.437267,2.675039,0.144976,2.489051,1,1,1.0000,1.0000,-12.0352,-65.9146,-22.9000,-28.2000,0.040000,0.269289,0,0,1,1,0,0,0.0000,0.0000,,,,,1802,1802,0,0,1742,1753,60,36,0,13,0.52678,0.54236,,,,,,,,,,,,,,,,,,,,,,,140347.2867,1216,1216,0,0
1788271850.7726,G_left_centre_left_right,G,left,0,left_right,,centre,310,130.4000,344.2000,59.3000,217.1000,218.9000,0.0000,346.1000,314.8000,23.6000,0.0000,168.1000,0.0000,109.0000,0.0000,0.36400,0.06800,0.87000,6.22000,-2.09000,-23.33000,-0.95500,-0.02000,0.21100,-0.27000,-1.02000,0.48000,16.0,8.3,1.0,0.0,0.734625,0.314807,1.319543,-0.735359,0.341061,1.180127,-0.089600,0.486000,0.869300,0.003200,0.133500,0.542300,0.828800,0.034500,0.734679,0.314928,1.319575,-0.735222,0.341000,1.180001,1.120144,0.745937,2.271744,-1.676637,-2.001548,-0.718232,-0.533112,1.963306,-1.265923,1.608546,-1.437302,2.675096,0.144925,2.489011,1,1,1.0000,1.0000,-12.0352,-65.9146,-22.9000,-28.2000,0.040000,0.269289,0,0,1,1,0,0,0.0000,0.0000,,,,,1802,1803,0,0,1742,1754,60,36,0,13,0.52678,0.54236,,,,,,,,,,,,,,,,,,,,,,,140347.2954,1216,1216,0,0
1788271850.7902,G_left_centre_left_right,G,left,0,left_right,,centre,311,130.4000,344.2000,59.3000,217.1000,218.9000,0.0000,346.2000,314.9000,23.6000,0.0000,168.1000,0.0000,109.0000,0.0000,0.35800,0.07700,0.88700,6.05000,-1.93000,-24.15000,-0.95600,-0.02300,0.20900,0.09000,-0.87000,0.85000,15.0,8.7,1.0,0.0,0.734626,0.314781,1.319586,-0.735302,0.341046,1.180161,-0.089600,0.486000,0.869300,0.003200,0.133500,0.542300,0.828800,0.034500,0.734679,0.314928,1.319575,-0.735222,0.341000,1.180001,1.120188,0.745935,2.271676,-1.676736,-2.001616,-0.718234,-0.532995,1.963335,-1.265886,1.608454,-1.437459,2.675175,0.144738,2.488972,1,1,1.0000,1.0000,-12.7001,-65.7329,-22.9000,-28.1000,0.040000,0.269289,0,0,1,1,0,0,0.0000,0.0000,,,,,1804,1804,0,0,1744,1755,60,36,0,13,0.52678,0.54236,,,,,,,,,,,,,,,,,,,,,,,140347.3131,1217,1217,0,0
1788271850.8092,G_left_centre_left_right,G,left,0,left_right,,centre,312,130.4000,344.2000,59.3000,217.1000,218.9000,0.0000,346.2000,314.9000,23.6000,0.0000,168.1000,0.0000,108.9000,0.0000,0.35600,0.06400,0.87500,4.28000,-1.98000,-23.11000,-0.95600,-0.02800,0.20700,-0.16000,-0.65000,0.87000,14.5,8.5,1.0,0.0,0.734628,0.314757,1.319630,-0.735174,0.340992,1.180232,-0.089600,0.486000,0.869300,0.003200,0.133500,0.542300,0.828800,0.034500,0.734616,0.314831,1.319479,-0.735372,0.341064,1.180107,1.120196,0.745915,2.271642,-1.676786,-2.001677,-0.718222,-0.532932,1.963346,-1.265862,1.608418,-1.437504,2.675219,0.144687,2.488952,1,1,1.0000,1.0000,-12.6224,-65.4334,-22.9000,-28.1000,0.040000,0.269289,0,0,1,1,0,0,0.0000,0.0000,,,,,1804,1804,0,0,1744,1755,60,36,0,13,0.52678,0.54236,,,,,,,,,,,,,,,,,,,,,,,140347.3320,1218,1218,0,0
1788271850.8333,G_left_centre_left_right,G,left,0,left_right,,centre,313,130.4000,344.2000,59.3000,217.1000,218.9000,0.0000,346.2000,314.9000,23.6000,0.0000,168.1000,0.0000,108.9000,0.0000,0.35600,0.06400,0.87500,4.28000,-1.98000,-23.11000,-0.95600,-0.02800,0.20700,-0.16000,-0.65000,0.87000,14.5,8.5,1.0,0.0,0.734628,0.314757,1.319630,-0.735174,0.340992,1.180232,-0.089600,0.486000,0.869300,0.003200,0.133500,0.542300,0.828800,0.034500,0.734616,0.314831,1.319479,-0.735372,0.341064,1.180107,1.120197,0.745876,2.271597,-1.676853,-2.001795,-0.718202,-0.532844,1.963356,-1.265841,1.608385,-1.437544,2.675259,0.144641,2.488934,1,1,1.0000,1.0000,-12.6224,-65.4334,-22.9000,-28.1000,0.040000,0.269289,0,0,1,1,0,0,0.0000,0.0000,,,,,1805,1805,0,0,1745,1756,60,36,0,13,0.52678,0.54236,,,,,,,,,,,,,,,,,,,,,,,140347.3562,1218,1218,0,0
1788271850.8531,G_left_centre_left_right,G,left,0,left_right,,centre,314,130.3000,344.2000,59.3000,217.1000,218.9000,0.0000,346.1000,314.8000,23.6000,0.0000,168.2000,0.0000,108.9000,0.0000,0.36700,0.04700,0.88200,2.51000,-0.42000,-20.90000,-0.95300,-0.03900,0.20100,-0.18000,0.31000,0.22000,15.8,7.9,1.0,0.0,0.734630,0.314710,1.319709,-0.734667,0.340715,1.180518,-0.089600,0.486000,0.869300,0.003200,0.133500,0.542300,0.828800,0.034500,0.734616,0.314831,1.319479,-0.735372,0.341064,1.180107,1.120216,0.745732,2.271399,-1.677136,-2.002191,-0.718125,-0.532488,1.963362,-1.265825,1.608259,-1.437748,2.675306,0.144428,2.488908,1,1,1.0000,1.0000,-12.2865,-64.7610,-23.0000,-28.2000,0.040000,0.269261,0,0,1,1,0,0,0.0000,0.0000,,,,,1807,1807,0,0,1747,1758,60,36,0,13,0.52669,0.54244,,,,,,,,,,,,,,,,,,,,,,,140347.3759,1220,1220,0,0
1788271850.8686,G_left_centre_left_right,G,left,0,left_right,,centre,315,130.2000,344.2000,59.3000,217.1000,218.9000,0.0000,346.0000,314.8000,23.6000,0.0000,168.2000,0.0000,109.1000,0.0000,0.36300,0.06300,0.88500,2.56000,-0.61000,-20.39000,-0.95000,-0.02700,0.20200,-0.10000,0.59000,0.21000,14.8,7.9,1.0,0.0,0.734628,0.314681,1.319750,-0.734605,0.340680,1.180557,-0.089600,0.486000,0.869300,0.003200,0.133500,0.542300,0.828800,0.034500,0.734616,0.314831,1.319479,-0.735372,0.341064,1.180107,1.120234,0.745684,2.271313,-1.677242,-2.002310,-0.718092,-0.532366,1.963353,-1.265812,1.608128,-1.438069,2.675350,0.144039,2.488895,1,1,1.0000,1.0000,-12.4728,-65.4666,-23.1000,-28.2000,0.040000,0.269261,0,0,1,1,0,0,0.0000,0.0000,,,,,1807,1807,0,0,1747,1758,60,36,0,13,0.52669,0.54244,,,,,,,,,,,,,,,,,,,,,,,140347.3914,1221,1221,0,0
1788271850.8931,G_left_centre_left_right,G,left,0,left_right,,centre,316,130.1000,344.2000,59.3000,217.1000,218.9000,0.0000,346.0000,314.8000,23.6000,0.0000,168.2000,0.0000,109.2000,0.0000,0.36200,0.06100,0.89100,3.51000,-0.86000,-19.51000,-0.95400,-0.03500,0.20800,-0.63000,0.75000,0.17000,15.1,8.2,1.0,0.0,0.734623,0.314650,1.319777,-0.734363,0.340549,1.180692,-0.089600,0.486000,0.869300,0.003200,0.133500,0.542300,0.828800,0.034500,0.734624,0.314737,1.319656,-0.735224,0.341007,1.180212,1.120249,0.745633,2.271230,-1.677352,-2.002462,-0.718058,-0.532222,1.963314,-1.265796,1.607933,-1.438507,2.675371,0.143612,2.488917,1,1,1.0000,1.0000,-12.6772,-65.0257,-23.2000,-28.2000,0.040000,0.269261,0,0,1,1,0,0,0.0000,0.0000,,,,,1809,1809,0,0,1749,1760,60,36,0,13,0.52667,0.54234,,,,,,,,,,,,,,,,,,,,,,,140347.4160,1222,1222,0,0
1788271850.9101,G_left_centre_left_right,G,left,0,left_right,,centre,317,130.0000,344.2000,59.3000,217.1000,218.9000,0.0000,346.0000,314.8000,23.6000,0.0000,168.2000,0.0000,109.1000,0.0000,0.34700,0.06900,0.88100,4.89000,-0.79000,-19.24000,-0.95800,-0.02500,0.20400,-1.00000,0.33000,0.66000,15.8,8.1,1.0,0.0,0.734609,0.314621,1.319770,-0.734349,0.340540,1.180706,-0.089600,0.486000,0.869300,0.003200,0.133500,0.542300,0.828800,0.034500,0.734624,0.314737,1.319656,-0.735224,0.341007,1.180212,1.120272,0.745580,2.271142,-1.677493,-2.002635,-0.718033,-0.532043,1.963262,-1.265777,1.607682,-1.439172,2.675388,0.142959,2.488954,1,1,1.0000,1.0000,-13.2258,-65.5978,-23.3000,-28.2000,0.040000,0.269261,0,0,1,1,0,0,0.0000,0.0000,,,,,1810,1810,0,0,1750,1761,60,36,0,13,0.52667,0.54234,,,,,,,,,,,,,,,,,,,,,,,140347.4330,1223,1223,0,0
1788271850.9290,G_left_centre_left_right,G,left,0,left_right,,centre,318,129.9000,344.2000,59.3000,217.1000,218.9000,0.0000,346.1000,314.8000,23.6000,0.0000,168.2000,0.0000,109.1000,0.0000,0.36000,0.09000,0.87400,4.53000,-1.58000,-18.66000,-0.95200,-0.02700,0.21600,-1.73000,0.27000,0.62000,15.4,7.8,1.0,0.0,0.734606,0.314581,1.319823,-0.734318,0.340523,1.180726,-0.089600,0.486000,0.869300,0.003200,0.133500,0.542300,0.828800,0.034500,0.734624,0.314737,1.319656,-0.735224,0.341007,1.180212,1.120320,0.745541,2.271054,-1.677640,-2.002762,-0.718024,-0.531881,1.963199,-1.265755,1.607399,-1.439921,2.675403,0.142124,2.488999,1,1,1.0000,1.0000,-12.2016,-65.5172,-23.4000,-28.2000,0.040000,0.269261,0,0,1,1,0,0,0.0000,0.0000,,,,,1811,1811,0,0,1751,1762,60,36,0,13,0.52667,0.54234,,,,,,,,,,,,,,,,,,,,,,,140347.4518,1224,1224,0,0
1788271850.9492,G_left_centre_left_right,G,left,0,left_right,,centre,319,129.9000,344.2000,59.3000,217.1000,218.9000,0.0000,346.1000,314.8000,23.6000,0.0000,168.2000,0.0000,109.1000,0.0000,0.36000,0.09000,0.87400,4.53000,-1.58000,-18.66000,-0.95200,-0.02700,0.21600,-1.73000,0.27000,0.62000,14.3,8.6,1.0,0.0,0.734606,0.314581,1.319823,-0.734318,0.340523,1.180726,-0.089600,0.486000,0.869300,0.003200,0.133500,0.542300,0.828800,0.034500,0.734611,0.314634,1.319771,-0.734683,0.340714,1.180574,1.120353,0.745532,2.271014,-1.677702,-2.002800,-0.718025,-0.531816,1.963162,-1.265740,1.607223,-1.440401,2.675417,0.141635,2.489024,1,1,1.0000,1.0000,-12.2016,-65.5172,-23.4000,-28.2000,0.040000,0.269261,0,0,1,1,0,0,0.0000,0.0000,,,,,1811,1811,0,0,1751,1762,60,36,0,13,0.52667,0.54234,,,,,,,,,,,,,,,,,,,,,,,140347.4720,1224,1224,0,0
1788271850.9864,G_left_centre_left_right,G,left,0,left_right,,centre,320,129.1000,344.2000,59.3000,217.1000,218.9000,0.0000,346.0000,314.7000,23.5000,0.0000,167.7000,0.0000,108.5000,0.0000,0.30700,0.11000,0.89800,-2.18000,-3.83000,-8.56000,-0.95700,-0.02300,0.21600,-1.53000,-1.20000,-2.15000,16.9,10.5,1.0,0.0,0.734549,0.314478,1.319791,-0.734291,0.340490,1.180743,-0.089600,0.486000,0.869300,0.003200,0.133500,0.542300,0.828800,0.034500,0.734611,0.314634,1.319771,-0.734683,0.340714,1.180574,1.120391,0.745464,2.270909,-1.677889,-2.003015,-0.718007,-0.531597,1.963061,-1.265694,1.606737,-1.441532,2.675464,0.140526,2.489089,1,1,1.0000,1.0000,-15.5265,-65.7557,-24.2000,-28.3000,0.040000,0.269393,0,0,1,1,0,0,0.0000,0.0000,,,,,1813,1813,0,0,1753,1764,60,36,0,13,0.52662,0.54194,,,,,,,,,,,,,,,,,,,,,,,140347.5092,1226,1226,0,0
1788271850.9927,G_left_centre_left_right,G,left,0,left_right,,centre,321,129.1000,344.2000,59.3000,217.1000,218.9000,0.0000,346.0000,314.7000,23.5000,0.0000,167.7000,0.0000,108.5000,0.0000,0.30700,0.11000,0.89800,-2.18000,-3.83000,-8.56000,-0.95700,-0.02300,0.21600,-1.53000,-1.20000,-2.15000,16.9,10.5,1.0,0.0,0.734549,0.314478,1.319791,-0.734291,0.340490,1.180743,-0.089600,0.486000,0.869300,0.003200,0.133500,0.542300,0.828800,0.034500,0.734611,0.314634,1.319771,-0.734683,0.340714,1.180574,1.120391,0.745464,2.270909,-1.677889,-2.003015,-0.718007,-0.531597,1.963061,-1.265694,1.606737,-1.441532,2.675464,0.140526,2.489089,1,1,1.0000,1.0000,-15.5265,-65.7557,-24.2000,-28.3000,0.040000,0.269393,0,0,1,1,0,0,0.0000,0.0000,,,,,1813,1813,0,0,1753,1764,60,36,0,13,0.52662,0.54194,,,,,,,,,,,,,,,,,,,,,,,140347.5156,1226,1226,0,0
1788271851.0130,G_left_centre_left_right,G,left,0,left_right,,centre,322,129.0000,344.2000,59.3000,217.1000,218.9000,0.0000,346.0000,314.7000,23.5000,0.0000,167.5000,0.0000,108.5000,0.0000,0.34200,0.14200,0.89900,-1.40000,-4.57000,-7.93000,-0.94200,-0.02300,0.21000,-1.66000,-2.60000,-1.56000,17.4,10.1,1.0,0.0,0.734474,0.314351,1.319713,-0.734358,0.340494,1.180701,-0.089600,0.486000,0.869300,0.003200,0.133500,0.542300,0.828800,0.034500,0.734595,0.314531,1.319827,-0.734289,0.340505,1.180750,1.120503,0.745405,2.270807,-1.678180,-2.003406,-0.718070,-0.531286,1.962978,-1.265655,1.606499,-1.441891,2.675529,0.140237,2.489106,1,1,1.0000,1.0000,-13.3741,-65.7266,-24.3000,-28.3000,0.040000,0.269445,0,0,1,1,0,0,0.0000,0.0000,,,,,1814,1814,0,0,1754,1765,60,36,0,13,0.52662,0.54194,,,,,,,,,,,,,,,,,,,,,,,140347.5358,1228,1228,0,0
1788271851.0335,G_left_centre_left_right,G,left,0,left_right,,centre,323,128.8000,344.2000,59.3000,217.1000,218.9000,0.0000,346.0000,314.7000,23.5000,0.0000,167.5000,0.0000,108.6000,0.0000,0.33900,0.14200,0.90200,-0.61000,-5.51000,-8.54000,-0.94400,-0.02100,0.20200,-1.03000,-2.84000,-1.85000,17.0,9.6,1.0,0.0,0.734439,0.314283,1.319689,-0.734406,0.340506,1.180671,-0.089600,0.486000,0.869300,0.003200,0.133500,0.542300,0.828800,0.034500,0.734595,0.314531,1.319827,-0.734289,0.340505,1.180750,1.120577,0.745437,2.270791,-1.678262,-2.003396,-0.718129,-0.531238,1.962963,-1.265649,1.606502,-1.441904,2.675547,0.140201,2.489098,1,1,1.0000,1.0000,-13.6018,-65.8171,-24.5000,-28.3000,0.040000,0.269445,0,0,1,1,0,0,0.0000,0.0000,,,,,1816,1816,0,0,1756,1767,60,36,0,13,0.52656,0.54168,,,,,,,,,,,,,,,,,,,,,,,140347.5563,1229,1229,0,0
1788271851.0587,G_left_centre_left_right,G,left,0,left_right,,centre,324,128.7000,344.2000,59.3000,217.1000,218.9000,0.0000,346.0000,314.7000,23.5000,0.0000,167.5000,0.0000,108.7000,0.0000,0.34800,0.15500,0.90600,-0.69000,-6.40000,-9.35000,-0.94200,-0.02500,0.19500,-0.40000,-3.24000,-2.14000,16.3,9.9,1.0,0.0,0.734411,0.314211,1.319696,-0.734379,0.340481,1.180681,-0.089600,0.486000,0.869300,0.003200,0.133500,0.542300,0.828800,0.034500,0.734595,0.314531,1.319827,-0.734289,0.340505,1.180750,1.120749,0.745480,2.270757,-1.678526,-2.003258,-0.718274,-0.531024,1.962933,-1.265640,1.606524,-1.441883,2.675583,0.140234,2.489075,1,1,1.0000,1.0000,-13.1046,-65.5466,-24.6000,-28.3000,0.040000,0.269445,0,0,1,1,0,0,0.0000,0.0000,,,,,1816,1816,0,0,1756,1767,60,36,0,13,0.52656,0.54168,,,,,,,,,,,,,,,,,,,,,,,140347.5815,1230,1230,0,0
1788271851.0715,G_left_centre_left_right,G,left,0,left_right,,centre,325,128.6000,344.2000,59.3000,217.1000,218.9000,0.0000,345.9000,314.7000,23.5000,0.0000,167.5000,0.0000,108.6000,0.0000,0.35600,0.14500,0.90700,-3.34000,-6.85000,-9.37000,-0.94100,-0.02200,0.21600,-0.43000,-3.02000,-2.63000,16.2,9.7,1.0,0.0,0.734386,0.314138,1.319723,-0.734420,0.340491,1.180655,-0.089600,0.486000,0.869300,0.003200,0.133500,0.542300,0.828800,0.034500,0.734595,0.314531,1.319827,-0.734289,0.340505,1.180750,1.120991,0.745498,2.270693,-1.678986,-2.003379,-0.718498,-0.530626,1.962891,-1.265633,1.606609,-1.441732,2.675641,0.140484,2.489018,1,1,1.0000,1.0000,-12.7748,-65.8013,-24.7000,-28.3000,0.040000,0.269445,0,0,1,1,0,0,0.0000,0.0000,,,,,1817,1817,0,0,1757,1768,60,36,0,13,0.52656,0.54168,,,,,,,,,,,,,,,,,,,,,,,140347.5943,1231,1231,0,0
1788271851.0931,G_left_centre_left_right,G,left,0,left_right,,centre,326,128.5000,344.2000,59.3000,217.1000,218.9000,0.0000,345.9000,314.7000,23.5000,0.0000,167.5000,0.0000,108.6000,0.0000,0.35500,0.12900,0.90400,-5.71000,-6.27000,-8.45000,-0.94100,-0.02200,0.21600,-0.43000,-3.02000,-2.63000,16.2,9.8,1.0,0.0,0.734357,0.314061,1.319743,-0.734584,0.340608,1.180560,-0.089600,0.486000,0.869300,0.003200,0.133500,0.542300,0.828800,0.034500,0.734418,0.314262,1.319711,-0.734379,0.340502,1.180679,1.121063,0.745496,2.270666,-1.679141,-2.003455,-0.718563,-0.530485,1.962878,-1.265632,1.606622,-1.441692,2.675654,0.140527,2.489006,1,1,1.0000,1.0000,-12.8797,-65.8013,-24.8000,-28.3000,0.040000,0.269445,0,0,1,1,0,0,0.0000,0.0000,,,,,1818,1818,0,0,1758,1769,60,36,0,13,0.52656,0.54168,,,,,,,,,,,,,,,,,,,,,,,140347.6159,1232,1231,0,0
1788271851.1085,G_left_centre_left_right,G,left,0,left_right,,centre,327,128.4000,344.2000,59.3000,217.1000,218.9000,0.0000,346.0000,314.9000,23.5000,0.0000,167.6000,0.0000,108.5000,0.0000,0.37500,0.11500,0.90600,-6.56000,-5.36000,-8.33000,-0.94000,-0.00900,0.21400,-2.98000,-2.31000,-4.23000,16.1,9.8,1.0,0.0,0.734340,0.313974,1.319826,-0.734984,0.340855,1.180346,-0.089600,0.486000,0.869300,0.003200,0.133500,0.542300,0.828800,0.034500,0.734418,0.314262,1.319711,-0.734379,0.340502,1.180679,1.121224,0.745434,2.270569,-1.679585,-2.003774,-0.718706,-0.530064,1.962848,-1.265631,1.606648,-1.441759,2.675690,0.140486,2.488970,1,1,1.0000,1.0000,-11.9578,-66.5675,-24.9000,-28.1000,0.040000,0.269419,0,0,1,1,0,0,0.0000,0.0000,,,,,1820,1820,0,0,1760,1771,60,36,0,13,0.52634,0.54174,,,,,,,,,,,,,,,,,,,,,,,140347.6313,1233,1233,0,0
1788271851.1581,G_left_centre_left_right,G,left,0,left_right,,centre,328,128.3000,344.2000,59.3000,217.1000,218.9000,0.0000,346.1000,314.9000,23.5000,0.0000,167.6000,0.0000,108.5000,0.0000,0.35700,0.12300,0.90700,-6.09000,-3.17000,-9.78000,-0.94100,-0.01700,0.19800,-5.82000,-1.24000,-3.85000,16.3,9.2,1.0,0.0,0.734282,0.313853,1.319807,-0.735124,0.340967,1.180261,-0.089600,0.486000,0.869300,0.003200,0.133500,0.542300,0.828800,0.034500,0.734317,0.314006,1.319781,-0.734533,0.340576,1.180607,1.121354,0.745323,2.270447,-1.680041,-2.004168,-0.718818,-0.529611,1.962898,-1.265646,1.606808,-1.441388,2.675725,0.140860,2.488891,1,1,1.0000,1.0000,-12.8821,-66.0358,-25.0000,-28.1000,0.040000,0.269419,0,0,1,1,0,0,0.0000,0.0000,,,,,1821,1821,0,0,1761,1772,60,36,0,13,0.52634,0.54174,,,,,,,,,,,,,,,,,,,,,,,140347.6809,1235,1235,0,0
1788271851.1586,G_left_centre_left_right,G,left,0,left_right,,centre,329,128.3000,344.2000,59.3000,217.1000,218.9000,0.0000,346.1000,314.9000,23.5000,0.0000,167.6000,0.0000,108.5000,0.0000,0.35700,0.12300,0.90700,-6.09000,-3.17000,-9.78000,-0.94100,-0.01700,0.19800,-5.82000,-1.24000,-3.85000,16.3,9.2,1.0,0.0,0.734282,0.313853,1.319807,-0.735124,0.340967,1.180261,-0.089600,0.486000,0.869300,0.003200,0.133500,0.542300,0.828800,0.034500,0.734317,0.314006,1.319781,-0.734533,0.340576,1.180607,1.121354,0.745323,2.270447,-1.680041,-2.004168,-0.718818,-0.529611,1.962898,-1.265646,1.606808,-1.441388,2.675725,0.140860,2.488891,1,1,1.0000,1.0000,-12.8821,-66.0358,-25.0000,-28.1000,0.040000,0.269419,0,0,1,1,0,0,0.0000,0.0000,,,,,1821,1821,0,0,1761,1772,60,36,0,13,0.52634,0.54174,,,,,,,,,,,,,,,,,,,,,,,140347.6814,1235,1235,0,0
1788271851.1860,G_left_centre_left_right,G,left,0,left_right,,centre,330,128.2000,344.2000,59.3000,217.1000,218.9000,0.0000,346.1000,314.9000,23.5000,0.0000,167.6000,0.0000,108.6000,0.0000,0.35000,0.11600,0.89300,-5.77000,-3.51000,-9.44000,-0.94400,-0.01800,0.20500,-5.82000,-0.18000,-3.39000,18.3,9.6,1.0,0.0,0.734258,0.313797,1.319810,-0.735156,0.340999,1.180239,-0.089600,0.486000,0.869300,0.003200,0.133500,0.542300,0.828800,0.034500,0.734317,0.314006,1.319781,-0.734533,0.340576,1.180607,1.121448,0.745259,2.270375,-1.680350,-2.004423,-0.718899,-0.529314,1.962982,-1.265663,1.607037,-1.440641,2.675756,0.141583,2.488806,1,1,1.0000,1.0000,-13.0002,-66.0066,-25.1000,-28.1000,0.040000,0.269419,0,0,1,1,0,0,0.0000,0.0000,,,,,1823,1823,0,0,1763,1774,60,36,0,13,0.52616,0.54185,,,,,,,,,,,,,,,,,,,,,,,140347.7088,1236,1236,0,0
1788271851.1889,G_left_centre_left_right,G,left,0,left_right,,centre,331,128.2000,344.2000,59.3000,217.1000,218.9000,0.0000,346.0000,314.9000,23.5000,0.0000,167.6000,0.0000,108.6000,0.0000,0.35700,0.12500,0.88400,-6.11000,-3.95000,-8.89000,-0.95000,-0.01700,0.20000,-5.40000,0.82000,-2.89000,18.3,9.6,1.0,0.0,0.734240,0.313727,1.319859,-0.735207,0.341043,1.180206,-0.089600,0.486000,0.869300,0.003200,0.133500,0.542300,0.828800,0.034500,0.734317,0.314006,1.319781,-0.734533,0.340576,1.180607,1.121498,0.745240,2.270344,-1.680470,-2.004475,-0.718943,-0.529204,1.963023,-1.265671,1.607153,-1.440255,2.675769,0.141958,2.488766,1,1,1.0000,1.0000,-12.3494,-66.0458,-25.1000,-28.1000,0.040000,0.269419,0,0,1,1,0,0,0.0000,0.0000,,,,,1824,1824,0,0,1764,1775,60,36,0,13,0.52616,0.54185,,,,,,,,,,,,,,,,,,,,,,,140347.7117,1237,1237,0,0
1788271851.2227,G_left_centre_left_right,G,left,0,left_right,,centre,332,128.2000,344.2000,59.3000,217.1000,218.9000,0.0000,346.0000,314.9000,23.5000,0.0000,167.5000,0.0000,108.5000,0.0000,0.38100,0.13300,0.87800,-6.88000,-3.32000,-9.57000,-0.95500,-0.01900,0.19700,-4.68000,2.14000,-2.58000,19.2,9.4,1.0,0.0,0.734242,0.313662,1.319995,-0.735204,0.341053,1.180200,-0.089600,0.486000,0.869300,0.003200,0.133500,0.542300,0.828800,0.034500,0.734248,0.313820,1.319818,-0.735106,0.340961,1.180203,1.121647,0.745191,2.270246,-1.680817,-2.004678,-0.719060,-0.528869,1.963244,-1.265723,1.607684,-1.438572,2.675841,0.143517,2.488553,1,1,1.0000,1.0000,-10.8526,-65.9144,-25.1000,-28.1000,0.040000,0.269445,0,0,1,1,0,0,0.0000,0.0000,,,,,1825,1825,0,0,1765,1776,60,36,0,13,0.52616,0.54185,,,,,,,,,,,,,,,,,,,,,,,140347.7455,1238,1238,0,0
1788271851.2293,G_left_centre_left_right,G,left,0,left_right,,centre,333,128.2000,344.2000,59.3000,217.1000,218.9000,0.0000,346.0000,314.9000,23.5000,0.0000,167.5000,0.0000,108.5000,0.0000,0.38100,0.13300,0.87800,-6.88000,-3.32000,-9.57000,-0.95500,-0.01900,0.19700,-4.68000,2.14000,-2.58000,19.2,9.4,1.0,0.0,0.734242,0.313662,1.319995,-0.735204,0.341053,1.180200,-0.089600,0.486000,0.869300,0.003200,0.133500,0.542300,0.828800,0.034500,0.734248,0.313820,1.319818,-0.735106,0.340961,1.180203,1.121647,0.745191,2.270246,-1.680817,-2.004678,-0.719060,-0.528869,1.963244,-1.265723,1.607684,-1.438572,2.675841,0.143517,2.488553,1,1,1.0000,1.0000,-10.8526,-65.9144,-25.1000,-28.1000,0.040000,0.269445,0,0,1,1,0,0,0.0000,0.0000,,,,,1825,1825,0,0,1765,1776,60,36,0,13,0.52616,0.54185,,,,,,,,,,,,,,,,,,,,,,,140347.7521,1238,1238,0,0
1788271851.2593,G_left_centre_left_right,G,left,0,left_right,,centre,334,128.1000,344.2000,59.3000,217.1000,218.9000,0.0000,346.0000,314.9000,23.5000,0.0000,167.6000,0.0000,108.5000,0.0000,0.38900,0.09600,0.88100,-4.66000,1.32000,-14.50000,-0.95900,-0.02600,0.20500,-3.53000,2.97000,-1.92000,18.1,9.5,1.0,0.0,0.734252,0.313527,1.320302,-0.735105,0.341010,1.180247,-0.089600,0.486000,0.869300,0.003200,0.133500,0.542300,0.828800,0.034500,0.734248,0.313820,1.319818,-0.735106,0.340961,1.180203,1.121788,0.745031,2.270072,-1.681365,-2.005209,-0.719153,-0.528297,1.963381,-1.265765,1.607930,-1.438065,2.675910,0.143955,2.488391,1,1,1.0000,1.0000,-10.7520,-65.5443,-25.2000,-28.1000,0.040000,0.269419,0,0,1,1,0,0,0.0000,0.0000,,,,,1826,1826,0,0,1766,1777,60,36,0,13,0.52616,0.54228,,,,,,,,,,,,,,,,,,,,,,,140347.7821,1240,1239,0,0
1788271851.2694,G_left_centre_left_right,G,left,0,left_right,,centre,335,128.1000,344.2000,59.3000,217.1000,218.9000,0.0000,346.0000,314.8000,23.5000,0.0000,167.6000,0.0000,108.6000,0.0000,0.36500,0.09000,0.88400,-2.46000,3.06000,-15.41000,-0.95500,-0.02400,0.20600,-1.95000,4.77000,-0.54000,18.6,9.6,1.0,0.0,0.734237,0.313486,1.320312,-0.735072,0.340996,1.180259,-0.089600,0.486000,0.869300,0.003200,0.133500,0.542300,0.828800,0.034500,0.734248,0.313820,1.319818,-0.735106,0.340961,1.180203,1.121727,0.744703,2.269902,-1.681858,-2.006043,-0.719129,-0.527708,1.963459,-1.265793,1.608006,-1.437926,2.675967,0.144060,2.488289,1,1,1.0000,1.0000,-12.1606,-65.6625,-25.2000,-28.2000,0.040000,0.269419,0,0,1,1,0,0,0.0000,0.0000,,,,,1828,1828,0,0,1768,1779,60,36,0,13,0.52604,0.54228,,,,,,,,,,,,,,,,,,,,,,,140347.7922,1241,1241,0,0
1788271851.2913,G_left_centre_left_right,G,left,0,left_right,,centre,336,128.2000,344.2000,59.3000,217.1000,218.9000,0.0000,345.9000,314.8000,23.5000,0.0000,167.6000,0.0000,108.5000,0.0000,0.34500,0.09700,0.86200,-1.19000,4.01000,-15.44000,-0.95500,-0.02100,0.22100,-1.40000,5.47000,0.31000,18.9,9.0,1.0,0.0,0.734218,0.313455,1.320287,-0.735078,0.340993,1.180255,-0.089600,0.486000,0.869300,0.003200,0.133500,0.542300,0.828800,0.034500,0.734236,0.313590,1.320136,-0.735156,0.341029,1.180243,1.121715,0.744586,2.269839,-1.682074,-2.006329,-0.719128,-0.527465,1.963458,-1.265801,1.607945,-1.438113,2.675987,0.143848,2.488272,1,1,1.0000,1.0000,-12.7074,-65.8826,-25.1000,-28.2000,0.040000,0.269419,0,0,1,1,0,0,0.0000,0.0000,,,,,1829,1829,0,0,1769,1780,60,36,0,13,0.52604,0.54228,,,,,,,,,,,,,,,,,,,,,,,140347.8142,1242,1242,0,0
1788271851.3141,G_left_centre_left_right,G,left,0,left_right,,centre,337,128.2000,344.2000,59.3000,217.1000,218.9000,0.0000,346.0000,314.8000,23.5000,0.0000,167.6000,0.0000,108.4000,0.0000,0.33600,0.10000,0.86000,-0.47000,4.67000,-15.36000,-0.95900,-0.03000,0.22000,-0.53000,6.15000,0.63000,18.2,9.2,1.0,0.0,0.734197,0.313431,1.320243,-0.734935,0.340910,1.180329,-0.089600,0.486000,0.869300,0.003200,0.133500,0.542300,0.828800,0.034500,0.734236,0.313590,1.320136,-0.735156,0.341029,1.180243,1.121708,0.744498,2.269791,-1.682243,-2.006543,-0.719129,-0.527277,1.963452,-1.265804,1.607907,-1.438184,2.676010,0.143764,2.488254,1,1,1.0000,1.0000,-13.1479,-65.3602,-25.1000,-28.2000,0.040000,0.269419,0,0,1,1,0,0,0.0000,0.0000,,,,,1830,1830,0,0,1770,1781,60,36,0,13,0.52595,0.54230,,,,,,,,,,,,,,,,,,,,,,,140347.8369,1243,1243,0,0
1788271851.3292,G_left_centre_left_right,G,left,0,left_right,,centre,338,128.1000,344.2000,59.3000,217.1000,218.9000,0.0000,346.0000,314.8000,23.5000,0.0000,167.6000,0.0000,108.3000,0.0000,0.32100,0.10800,0.85600,-0.11000,4.45000,-15.47000,-0.94400,-0.02500,0.21300,-0.05000,6.68000,0.38000,17.1,9.7,1.0,0.0,0.734169,0.313409,1.320167,-0.734890,0.340881,1.180351,-0.089600,0.486000,0.869300,0.003200,0.133500,0.542300,0.828800,0.034500,0.734236,0.313590,1.320136,-0.735156,0.341029,1.180243,1.121797,0.744383,2.269620,-1.682607,-2.006788,-0.719172,-0.526930,1.963425,-1.265806,1.607815,-1.438349,2.676097,0.143631,2.488188,1,1,1.0000,1.0000,-13.8534,-65.6188,-25.2000,-28.2000,0.040000,0.269419,0,0,1,1,0,0,0.0000,0.0000,,,,,1831,1831,0,0,1771,1782,60,36,0,13,0.52595,0.54230,,,,,,,,,,,,,,,,,,,,,,,140347.8520,1244,1244,0,0
1788271851.3485,G_left_centre_left_right,G,left,0,left_right,,centre,339,128.1000,344.2000,59.3000,217.1000,218.9000,0.0000,346.0000,314.8000,23.5000,0.0000,167.6000,0.0000,108.3000,0.0000,0.30800,0.10600,0.85800,-0.57000,3.18000,-13.63000,-0.94700,-0.03000,0.22100,0.89000,6.44000,0.52000,16.9,10.0,1.0,0.0,0.734125,0.313391,1.320032,-0.734736,0.340793,1.180430,-0.089600,0.486000,0.869300,0.003200,0.133500,0.542300,0.828800,0.034500,0.734236,0.313590,1.320136,-0.735156,0.341029,1.180243,1.121894,0.744422,2.269559,-1.682679,-2.006757,-0.719205,-0.526872,1.963399,-1.265803,1.607749,-1.438377,2.676117,0.143541,2.488178,1,1,1.0000,1.0000,-14.6639,-65.3461,-25.2000,-28.2000,0.040000,0.269419,0,0,1,1,0,0,0.0000,0.0000,,,,,1832,1832,0,0,1772,1783,60,36,0,13,0.52595,0.54230,,,,,,,,,,,,,,,,,,,,,,,140347.8713,1245,1245,0,0
1788271851.3778,G_left_centre_left_right,G,left,0,left_right,,centre,340,128.1000,344.2000,59.3000,217.1000,218.9000,0.0000,346.0000,314.8000,23.5000,0.0000,167.6000,0.0000,108.3000,0.0000,0.30300,0.10300,0.84900,-1.81000,1.92000,-11.50000,-0.94900,-0.03000,0.21900,1.11000,6.02000,0.93000,17.9,10.0,1.0,0.0,0.734091,0.313378,1.319923,-0.734621,0.340727,1.180488,-0.089600,0.486000,0.869300,0.003200,0.133500,0.542300,0.828800,0.034500,0.734192,0.313431,1.320224,-0.735041,0.340975,1.180251,1.122043,0.744539,2.269513,-1.682715,-2.006613,-0.719257,-0.526836,1.963370,-1.265799,1.607658,-1.438624,2.676136,0.143273,2.488176,1,1,1.0000,1.0000,-14.7826,-65.3448,-25.2000,-28.2000,0.040000,0.269419,0,0,1,1,0,0,0.0000,0.0000,,,,,1833,1833,0,0,1773,1784,60,36,0,13,0.52595,0.54221,,,,,,,,,,,,,,,,,,,,,,,140347.9007,1246,1246,0,0
1788271851.3885,G_left_centre_left_right,G,left,0,left_right,,centre,341,128.1000,344.2000,59.3000,217.1000,218.9000,0.0000,346.0000,314.8000,23.5000,0.0000,167.6000,0.0000,108.1000,0.0000,0.30500,0.10000,0.84600,-3.31000,-0.11000,-8.52000,-0.95000,-0.02800,0.23200,0.96000,5.50000,0.31000,18.9,10.2,1.0,0.0,0.734061,0.313365,1.319830,-0.734557,0.340688,1.180521,-0.089600,0.486000,0.869300,0.003200,0.133500,0.542300,0.828800,0.034500,0.734192,0.313431,1.320224,-0.735041,0.340975,1.180251,1.122239,0.744722,2.269478,-1.682736,-2.006359,-0.719342,-0.526822,1.963325,-1.265793,1.607519,-1.439083,2.676162,0.142886,2.488178,1,1,1.0000,1.0000,-14.6227,-65.4815,-25.2000,-28.2000,0.040000,0.269419,0,0,1,1,0,0,0.0000,0.0000,,,,,1834,1834,0,0,1774,1785,60,36,0,13,0.52586,0.54221,,,,,,,,,,,,,,,,,,,,,,,140347.9114,1247,1247,0,0
1788271851.4145,G_left_centre_left_right,G,left,0,left_right,,centre,342,128.1000,344.2000,59.3000,217.1000,218.9000,0.0000,346.0000,314.8000,23.5000,0.0000,167.6000,0.0000,108.1000,0.0000,0.31600,0.09600,0.84100,-3.32000,-1.74000,-7.06000,-0.96000,-0.03400,0.22800,1.34000,4.17000,-0.09000,19.4,10.9,1.0,0.0,0.734043,0.313348,1.319783,-0.734366,0.340581,1.180619,-0.089600,0.486000,0.869300,0.003200,0.133500,0.542300,0.828800,0.034500,0.734192,0.313431,1.320224,-0.735041,0.340975,1.180251,1.122419,0.744900,2.269453,-1.682746,-2.006115,-0.719426,-0.526829,1.963269,-1.265787,1.607340,-1.439617,2.676182,0.142358,2.488189,1,1,1.0000,1.0000,-13.8952,-65.1444,-25.2000,-28.2000,0.040000,0.269419,0,0,1,1,0,0,0.0000,0.0000,,,,,1834,1835,0,0,1774,1786,60,36,0,13,0.52586,0.54221,,,,,,,,,,,,,,,,,,,,,,,140347.9374,1248,1248,0,0
1788271851.4362,G_left_centre_left_right,G,left,0,left_right,,centre,343,128.1000,344.2000,59.3000,217.1000,218.9000,0.0000,346.0000,314.8000,23.5000,0.0000,167.6000,0.0000,108.1000,0.0000,0.31600,0.09600,0.84100,-3.32000,-1.74000,-7.06000,-0.96000,-0.03400,0.22800,1.34000,4.17000,-0.09000,19.4,10.9,1.0,0.0,0.734043,0.313348,1.319783,-0.734366,0.340581,1.180619,-0.089600,0.486000,0.869300,0.003200,0.133500,0.542300,0.828800,0.034500,0.734192,0.313431,1.320224,-0.735041,0.340975,1.180251,1.122512,0.744993,2.269439,-1.682750,-2.005992,-0.719468,-0.526833,1.963238,-1.265783,1.607240,-1.439899,2.676193,0.142087,2.488195,1,1,1.0000,1.0000,-13.8952,-65.1444,-25.2000,-28.2000,0.040000,0.269419,0,0,1,1,0,0,0.0000,0.0000,,,,,1835,1835,0,0,1775,1786,60,36,0,13,0.52586,0.54221,,,,,,,,,,,,,,,,,,,,,,,140347.9590,1248,1248,0,0
1788271851.4527,G_left_centre_left_right,G,left,0,left_right,,centre,344,128.1000,344.2000,59.3000,217.1000,218.9000,0.0000,346.0000,314.8000,23.4000,0.0000,167.5000,0.0000,107.5000,0.0000,0.34100,0.10300,0.84600,-1.07000,-2.79000,-7.73000,-0.95700,-0.03000,0.24000,0.79000,0.83000,-0.37000,20.1,11.9,1.0,0.0,0.734034,0.313306,1.319818,-0.734190,0.340480,1.180705,-0.089600,0.486000,0.869300,0.003200,0.133500,0.542300,0.828800,0.034500,0.734065,0.313365,1.319845,-0.734670,0.340750,1.180511,1.122738,0.745182,2.269347,-1.682810,-2.005812,-0.719551,-0.526782,1.963153,-1.265774,1.606969,-1.440606,2.676217,0.141419,2.488221,1,1,1.0000,1.0000,-12.5120,-65.3786,-25.2000,-28.2000,0.040000,0.269442,0,0,1,1,0,0,0.0000,0.0000,,,,,1836,1836,0,0,1776,1787,60,36,0,13,0.52586,0.54221,,,,,,,,,,,,,,,,,,,,,,,140347.9755,1250,1250,0,0
1788271851.4730,G_left_centre_left_right,G,left,0,left_right,,centre,345,128.1000,344.2000,59.3000,217.1000,218.9000,0.0000,345.9000,314.8000,23.4000,0.0000,167.5000,0.0000,107.5000,0.0000,0.34400,0.09900,0.85800,-0.15000,-2.56000,-8.53000,-0.96000,-0.02500,0.22300,-0.24000,-0.97000,-0.20000,21.1,13.2,1.0,0.0,0.734032,0.313287,1.319839,-0.734197,0.340481,1.180700,-0.089600,0.486000,0.869300,0.003200,0.133500,0.542300,0.828800,0.034500,0.734065,0.313365,1.319845,-0.734670,0.340750,1.180511,1.122792,0.745199,2.269269,-1.682883,-2.005848,-0.719550,-0.526685,1.963086,-1.265768,1.606755,-1.441143,2.676232,0.140869,2.488243,1,1,1.0000,1.0000,-12.6556,-65.6583,-25.2000,-28.2000,0.040000,0.269442,0,0,1,1,0,0,0.0000,0.0000,,,,,1838,1838,0,0,1778,1789,60,36,0,13,0.52573,0.54194,,,,,,,,,,,,,,,,,,,,,,,140347.9958,1251,1251,0,0
1788271851.5097,G_left_centre_left_right,G,left,0,left_right,,centre,346,128.1000,344.2000,59.3000,217.1000,218.9000,0.0000,345.9000,314.8000,23.5000,0.0000,167.5000,0.0000,107.5000,0.0000,0.33600,0.07600,0.85900,1.46000,-2.23000,-6.98000,-0.96200,-0.02300,0.22200,-1.47000,-2.75000,-0.15000,22.7,14.1,1.0,0.0,0.734020,0.313258,1.319837,-0.734236,0.340498,1.180678,-0.089600,0.486000,0.869300,0.003200,0.133500,0.542300,0.828800,0.034500,0.734031,0.313296,1.319832,-0.734262,0.340517,1.180722,1.122829,0.745187,2.269179,-1.682975,-2.005945,-0.719522,-0.526558,1.963021,-1.265763,1.606553,-1.441670,2.676248,0.140358,2.488261,1,1,1.0000,1.0000,-13.2981,-65.7743,-25.2000,-28.2000,0.040000,0.269445,0,0,1,1,0,0,0.0000,0.0000,,,,,1839,1839,0,0,1779,1790,60,36,0,13,0.52573,0.54194,,,,,,,,,,,,,,,,,,,,,,,140348.0325,1253,1252,0,0
1788271851.5108,G_left_centre_left_right,G,left,0,left_right,,centre,347,128.1000,344.2000,59.3000,217.1000,218.9000,0.0000,345.9000,314.8000,23.5000,0.0000,167.5000,0.0000,107.5000,0.0000,0.33600,0.07600,0.85900,1.46000,-2.23000,-6.98000,-0.96200,-0.02300,0.22200,-1.47000,-2.75000,-0.15000,22.7,14.1,1.0,0.0,0.734020,0.313258,1.319837,-0.734236,0.340498,1.180678,-0.089600,0.486000,0.869300,0.003200,0.133500,0.542300,0.828800,0.034500,0.734031,0.313296,1.319832,-0.734262,0.340517,1.180722,1.122829,0.745187,2.269179,-1.682975,-2.005945,-0.719522,-0.526558,1.963021,-1.265763,1.606553,-1.441670,2.676248,0.140358,2.488261,1,1,1.0000,1.0000,-13.2981,-65.7743,-25.2000,-28.2000,0.040000,0.269445,0,0,1,1,0,0,0.0000,0.0000,,,,,1839,1839,0,0,1779,1790,60,36,0,13,0.52573,0.54194,,,,,,,,,,,,,,,,,,,,,,,140348.0336,1253,1252,0,0
1788271851.5285,G_left_centre_left_right,G,left,0,left_right,,centre,348,128.0000,344.2000,59.3000,217.1000,218.9000,0.0000,345.8000,314.8000,23.5000,0.0000,167.5000,0.0000,107.8000,0.0000,0.33800,0.07500,0.87600,2.78000,-2.20000,-6.72000,-0.96000,-0.03000,0.21900,-3.02000,-4.79000,-0.17000,22.3,14.8,1.0,0.0,0.734006,0.313243,1.319806,-0.734186,0.340467,1.180700,-0.089600,0.486000,0.869300,0.003200,0.133500,0.542300,0.828800,0.034500,0.734031,0.313296,1.319832,-0.734262,0.340517,1.180722,1.122923,0.745181,2.269005,-1.683126,-2.006082,-0.719467,-0.526352,1.962949,-1.265758,1.606385,-1.441982,2.676296,0.140090,2.488251,1,1,1.0000,1.0000,-13.5761,-65.3591,-25.3000,-28.2000,0.040000,0.269445,0,0,1,1,0,0,0.0000,0.0000,,,,,1841,1841,0,0,1781,1792,60,36,0,13,0.52567,0.54164,,,,,,,,,,,,,,,,,,,,,,,140348.0513,1254,1254,0,0
1788271851.5639,G_left_centre_left_right,G,left,0,left_right,,centre,349,128.0000,344.2000,59.3000,217.1000,218.9000,0.0000,345.6000,314.8000,23.5000,0.0000,167.5000,0.0000,107.9000,0.0000,0.35000,0.10900,0.87000,2.37000,-2.66000,-6.08000,-0.95500,-0.02800,0.20600,-2.56000,-5.76000,-0.73000,21.8,14.7,1.0,0.0,0.734005,0.313224,1.319834,-0.734134,0.340437,1.180725,-0.089600,0.486000,0.869300,0.003200,0.133500,0.542300,0.828800,0.034500,0.734031,0.313296,1.319832,-0.734262,0.340517,1.180722,1.123006,0.745224,2.268926,-1.683176,-2.006072,-0.719455,-0.526280,1.962943,-1.265757,1.606415,-1.441832,2.676327,0.140254,2.488220,1,1,1.0000,1.0000,-12.5272,-65.4286,-25.3000,-28.2000,0.040000,0.269445,0,0,1,1,0,0,0.0000,0.0000,,,,,1842,1842,0,0,1782,1793,60,36,0,13,0.52567,0.54164,,,,,,,,,,,,,,,,,,,,,,,140348.0867,1255,1255,0,0
1788271851.5730,G_left_centre_left_right,G,left,0,left_right,,centre,350,128.0000,344.2000,59.3000,217.1000,218.9000,0.0000,345.6000,314.8000,23.5000,0.0000,167.5000,0.0000,107.9000,0.0000,0.35000,0.10900,0.87000,2.37000,-2.66000,-6.08000,-0.95500,-0.02800,0.20600,-2.56000,-5.76000,-0.73000,21.8,14.7,1.0,0.0,0.734005,0.313224,1.319834,-0.734134,0.340437,1.180725,-0.089600,0.486000,0.869300,0.003200,0.133500,0.542300,0.828800,0.034500,0.734007,0.313241,1.319816,-0.734253,0.340511,1.180649,1.123006,0.745224,2.268926,-1.683176,-2.006072,-0.719455,-0.526280,1.962943,-1.265757,1.606415,-1.441832,2.676327,0.140254,2.488220,1,1,1.0000,1.0000,-12.5272,-65.4286,-25.3000,-28.2000,0.040000,0.269445,0,0,1,1,0,0,0.0000,0.0000,,,,,1842,1842,0,0,1782,1793,60,36,0,13,0.52567,0.54164,,,,,,,,,,,,,,,,,,,,,,,140348.0958,1255,1255,0,0
1788271851.5931,G_left_centre_left_right,G,left,0,left_right,,centre,351,128.0000,344.2000,59.3000,217.1000,218.9000,0.0000,345.3000,314.8000,23.5000,0.0000,167.4000,0.0000,108.0000,0.0000,0.35600,0.10600,0.88100,1.44000,-2.13000,-3.23000,-0.96100,-0.02600,0.20000,-1.11000,-6.80000,-0.58000,23.1,15.5,1.0,0.0,0.733998,0.313192,1.319861,-0.733847,0.340278,1.180867,-0.089600,0.486000,0.869300,0.003200,0.133500,0.542300,0.828800,0.034500,0.734007,0.313241,1.319816,-0.734253,0.340511,1.180649,1.123114,0.745272,2.268778,-1.683292,-2.006106,-0.719424,-0.526116,1.962904,-1.265756,1.606335,-1.442007,2.676358,0.140070,2.488205,1,1,1.0000,1.0000,-12.4721,-65.5230,-25.3000,-28.2000,0.040000,0.269471,0,0,1,1,0,0,0.0000,0.0000,,,,,1844,1844,0,0,1784,1795,60,36,0,13,0.52563,0.54165,,,,,,,,,,,,,,,,,,,,,,,140348.1159,1257,1257,0,0
1788271851.6220,G_left_centre_left_right,G,left,0,left_right,,centre,352,128.0000,344.2000,59.3000,217.1000,218.9000,0.0000,345.1000,314.8000,23.5000,0.0000,167.3000,0.0000,108.0000,0.0000,0.36900,0.10400,0.89600,2.14000,-1.06000,-3.06000,-0.95200,-0.02500,0.18800,-0.59000,-6.68000,-0.24000,25.7,19.1,1.0,0.0,0.734011,0.313156,1.319981,-0.733857,0.340280,1.180851,-0.089600,0.486000,0.869300,0.003200,0.133500,0.542300,0.828800,0.034500,0.734007,0.313241,1.319816,-0.734253,0.340511,1.180649,1.123157,0.745270,2.268693,-1.683364,-2.006182,-0.719396,-0.526009,1.962861,-1.265754,1.606201,-1.442389,2.676362,0.139688,2.488222,1,1,1.0000,1.0000,-12.1250,-65.5113,-25.3000,-28.2000,0.040000,0.269496,0,0,1,1,0,0,0.0000,0.0000,,,,,1845,1845,0,0,1785,1796,60,36,0,13,0.52563,0.54165,,,,,,,,,,,,,,,,,,,,,,,140348.1449,1259,1258,0,0
1788271851.6326,G_left_centre_left_right,G,left,0,left_right,,centre,353,128.0000,344.2000,59.3000,217.1000,218.9000,0.0000,345.1000,314.8000,23.5000,0.0000,167.2000,0.0000,108.0000,0.0000,0.36900,0.10400,0.89600,2.14000,-1.06000,-3.06000,-0.95500,-0.02400,0.19700,-0.11000,-7.27000,-0.11000,25.7,19.1,1.0,0.0,0.734011,0.313156,1.319981,-0.733857,0.340280,1.180851,-0.089600,0.486000,0.869300,0.003200,0.133500,0.542300,0.828800,0.034500,0.734007,0.313241,1.319816,-0.734253,0.340511,1.180649,1.123173,0.745242,2.268618,-1.683440,-2.006293,-0.719358,-0.525900,1.962810,-1.265754,1.606017,-1.442947,2.676368,0.139127,2.488240,1,1,1.0000,1.0000,-12.1250,-65.6218,-25.3000,-28.2000,0.040000,0.269522,0,0,1,1,0,0,0.0000,0.0000,,,,,1845,1846,0,0,1785,1797,60,36,0,13,0.52563,0.54165,,,,,,,,,,,,,,,,,,,,,,,140348.1554,1259,1259,0,0
1788271851.6550,G_left_centre_left_right,G,left,0,left_right,,centre,354,128.0000,344.2000,59.3000,217.1000,218.9000,0.0000,345.1000,314.8000,23.5000,0.0000,167.1000,0.0000,108.0000,0.0000,0.35400,0.08300,0.90100,1.98000,0.40000,-1.66000,-0.95000,-0.01700,0.20200,-0.20000,-7.56000,0.30000,27.2,19.3,1.0,0.0,0.734003,0.313147,1.319961,-0.734027,0.340369,1.180754,-0.089600,0.486000,0.869300,0.003200,0.133500,0.542300,0.828800,0.034500,0.734002,0.313187,1.319890,-0.733936,0.340324,1.180856,1.123170,0.745189,2.268527,-1.683531,-2.006465,-0.719302,-0.525757,1.962755,-1.265757,1.605839,-1.443393,2.676380,0.138713,2.488249,1,1,1.0000,1.0000,-13.1906,-66.0547,-25.3000,-28.2000,0.040000,0.269547,0,0,1,1,0,0,0.0000,0.0000,,,,,1847,1847,0,0,1787,1798,60,36,0,13,0.52563,0.54165,,,,,,,,,,,,,,,,,,,,,,,140348.1779,1260,1260,0,0
1788271851.6693,G_left_centre_left_right,G,left,0,left_right,,centre,355,128.0000,344.2000,59.3000,217.1000,218.9000,0.0000,345.1000,314.8000,23.5000,0.0000,167.0000,0.0000,108.0000,0.0000,0.34900,0.09700,0.87300,2.45000,0.52000,-0.60000,-0.94900,-0.01400,0.18500,-1.40000,-6.73000,0.68000,29.4,20.5,1.0,0.0,0.734000,0.313137,1.319965,-0.734215,0.340469,1.180646,-0.089600,0.486000,0.869300,0.003200,0.133500,0.542300,0.828800,0.034500,0.734002,0.313187,1.319890,-0.733936,0.340324,1.180856,1.123184,0.745154,2.268436,-1.683612,-2.006592,-0.719254,-0.525636,1.962727,-1.265764,1.605756,-1.443473,2.676392,0.138650,2.488241,1,1,1.0000,1.0000,-12.7386,-66.1390,-25.3000,-28.2000,0.040000,0.269572,0,0,1,1,0,0,0.0000,0.0000,,,,,1848,1848,0,0,1788,1799,60,36,0,13,0.52561,0.54141,,,,,,,,,,,,,,,,,,,,,,,140348.1922,1261,1261,0,0
1788271851.6886,G_left_centre_left_right,G,left,0,left_right,,centre,356,128.0000,344.2000,59.3000,217.1000,218.9000,0.0000,345.1000,314.8000,23.5000,0.0000,166.9000,0.0000,107.9000,0.0000,0.33800,0.07900,0.88000,4.36000,0.86000,-2.93000,-0.95100,-0.01900,0.18600,-2.80000,-5.87000,0.67000,29.6,22.4,1.0,0.0,0.733987,0.313133,1.319923,-0.734273,0.340498,1.180605,-0.089600,0.486000,0.869300,0.003200,0.133500,0.542300,0.828800,0.034500,0.734002,0.313187,1.319890,-0.733936,0.340324,1.180856,1.123227,0.745160,2.268350,-1.683665,-2.006614,-0.719221,-0.525558,1.962735,-1.265772,1.605844,-1.443300,2.676406,0.138828,2.488211,1,1,1.0000,1.0000,-13.6371,-65.8509,-25.3000,-28.2000,0.040000,0.269597,0,0,1,1,0,0,0.0000,0.0000,,,,,1849,1849,0,0,1789,1800,60,36,0,13,0.52561,0.54141,,,,,,,,,,,,,,,,,,,,,,,140348.2115,1262,1262,0,0
1788271851.7130,G_left_centre_left_right,G,left,0,left_right,,centre,357,128.0000,344.2000,59.3000,217.1000,218.9000,0.0000,345.0000,314.8000,23.5000,0.0000,166.9000,0.0000,108.0000,0.0000,0.33400,0.11800,0.86500,4.59000,0.73000,-3.24000,-0.94600,-0.01600,0.19200,-3.85000,-4.64000,0.34000,31.2,23.3,1.0,0.0,0.733980,0.313127,1.319905,-0.734404,0.340567,1.180526,-0.089600,0.486000,0.869300,0.003200,0.133500,0.542300,0.828800,0.034500,0.734001,0.313140,1.319958,-0.733985,0.340351,1.180771,1.123280,0.745194,2.268283,-1.683692,-2.006607,-0.719199,-0.525509,1.962764,-1.265784,1.605999,-1.442868,2.676424,0.139280,2.488160,1,1,1.0000,1.0000,-13.2407,-66.0643,-25.3000,-28.2000,0.040000,0.269597,0,0,1,1,0,0,0.0000,0.0000,,,,,1850,1850,0,0,1790,1801,60,36,0,13,0.52561,0.54141,,,,,,,,,,,,,,,,,,,,,,,140348.2358,1263,1263,0,0
1788271851.7314,G_left_centre_left_right,G,left,0,left_right,,centre,358,128.0000,344.2000,59.3000,217.1000,218.9000,0.0000,345.0000,314.8000,23.5000,0.0000,166.7000,0.0000,107.9000,0.0000,0.32400,0.11600,0.87200,3.26000,0.40000,-3.39000,-0.95200,-0.02500,0.19400,-3.93000,-3.71000,0.22000,31.9,24.2,1.0,0.0,0.733966,0.313125,1.319851,-0.734366,0.340545,1.180534,-0.089600,0.486000,0.869300,0.003200,0.133500,0.542300,0.828800,0.034500,0.734001,0.313140,1.319958,-0.733985,0.340351,1.180771,1.123307,0.745217,2.268258,-1.683698,-2.006609,-0.719193,-0.525493,1.962781,-1.265793,1.606101,-1.442581,2.676434,0.139587,2.488127,1,1,1.0000,1.0000,-13.9773,-65.5461,-25.3000,-28.2000,0.040000,0.269646,0,0,1,1,0,0,0.0000,0.0000,,,,,1850,1850,0,0,1790,1801,60,36,0,13,0.52561,0.54141,,,,,,,,,,,,,,,,,,,,,,,140348.2542,1264,1264,0,0
1788271851.7534,G_left_centre_left_right,G,left,0,left_right,,centre,359,128.0000,344.2000,59.3000,217.1000,218.9000,0.0000,344.9000,314.8000,23.5000,0.0000,166.6000,0.0000,108.0000,0.0000,0.31700,0.11300,0.87900,2.37000,-0.38000,-1.91000,-0.94000,-0.02000,0.19000,-3.28000,-3.03000,0.49000,32.9,24.6,1.0,0.0,0.733945,0.313126,1.319769,-0.734398,0.340562,1.180503,-0.089600,0.486000,0.869300,0.003200,0.133500,0.542300,0.828800,0.034500,0.734001,0.313140,1.319958,-0.733985,0.340351,1.180771,1.123440,0.745340,2.268154,-1.683706,-2.006464,-0.719176,-0.525459,1.962836,-1.265823,1.606425,-1.441730,2.676467,0.140472,2.488019,1,1,1.0000,1.0000,-14.5475,-65.8160,-25.3000,-28.2000,0.040000,0.269670,0,0,1,1,0,0,0.0000,0.0000,,,,,1852,1852,0,0,1792,1803,60,36,0,13,0.52559,0.54145,,,,,,,,,,,,,,,,,,,,,,,140348.2762,1265,1265,0,0
1788271851.7804,G_left_centre_left_right,G,left,0,left_right,,centre,360,128.0000,344.2000,59.3000,217.1000,218.9000,0.0000,344.9000,314.8000,23.5000,0.0000,166.6000,0.0000,108.0000,0.0000,0.31700,0.11300,0.87900,2.37000,-0.38000,-1.91000,-0.94000,-0.02000,0.19000,-3.28000,-3.03000,0.49000,32.9,24.6,1.0,0.0,0.733945,0.313126,1.319769,-0.734398,0.340562,1.180503,-0.089600,0.486000,0.869300,0.003200,0.133500,0.542300,0.828800,0.034500,0.734001,0.313140,1.319958,-0.733985,0.340351,1.180771,1.123440,0.745340,2.268154,-1.683706,-2.006464,-0.719176,-0.525459,1.962836,-1.265823,1.606425,-1.441730,2.676467,0.140472,2.488019,1,1,1.0000,1.0000,-14.5475,-65.8160,-25.3000,-28.2000,0.040000,0.269670,0,0,1,1,0,0,0.0000,0.0000,,,,,1852,1852,0,0,1792,1803,60,36,0,13,0.52559,0.54145,,,,,,,,,,,,,,,,,,,,,,,140348.3033,1265,1265,0,0
1788271851.7985,G_left_centre_left_right,G,left,0,left_right,,centre,361,127.1000,344.2000,59.3000,217.1000,218.9000,0.0000,345.2000,314.8000,23.4000,0.0000,167.2000,0.0000,107.9000,0.0000,0.35100,0.09400,0.87600,2.66000,0.56000,-0.53000,-0.95100,-0.02800,0.22500,-1.98000,1.45000,-1.97000,34.3,26.4,1.0,0.0,0.733903,0.313023,1.319797,-0.734269,0.340490,1.180567,-0.089600,0.486000,0.869300,0.003200,0.133500,0.542300,0.828800,0.034500,0.733954,0.313124,1.319820,-0.734362,0.340554,1.180480,1.123577,0.745494,2.268093,-1.683678,-2.006254,-0.719185,-0.525474,1.962857,-1.265852,1.606604,-1.441228,2.676487,0.140931,2.487948,1,1,1.0000,1.0000,-12.7178,-65.4758,-26.2000,-28.2000,0.040000,0.269518,0,0,1,1,0,0,0.0000,0.0000,,,,,1854,1854,0,0,1794,1805,60,36,0,13,0.52559,0.54145,,,,,,,,,,,,,,,,,,,,,,,140348.3213,1267,1267,0,0
1788271851.8085,G_left_centre_left_right,G,left,0,left_right,,centre,362,127.1000,344.2000,59.3000,217.1000,218.9000,0.0000,345.2000,314.8000,23.4000,0.0000,167.1000,0.0000,107.8000,0.0000,0.35400,0.10300,0.88500,2.91000,0.20000,-0.82000,-0.95000,-0.02900,0.22800,-1.65000,1.14000,-1.92000,34.5,27.8,1.0,0.0,0.733886,0.312975,1.319819,-0.734200,0.340453,1.180599,-0.089600,0.486000,0.869300,0.003200,0.133500,0.542300,0.828800,0.034500,0.733954,0.313124,1.319820,-0.734362,0.340554,1.180480,1.123690,0.745557,2.268026,-1.683797,-2.006216,-0.719232,-0.525347,1.962854,-1.265881,1.606645,-1.441261,2.676506,0.140857,2.487894,1,1,1.0000,1.0000,-12.6946,-65.4196,-26.2000,-28.2000,0.040000,0.269543,0,0,1,1,0,0,0.0000,0.0000,,,,,1855,1855,0,0,1795,1806,60,36,0,13,0.52555,0.54173,,,,,,,,,,,,,,,,,,,,,,,140348.3313,1268,1268,0,0
1788271851.8285,G_left_centre_left_right,G,left,0,left_right,,centre,363,127.1000,344.2000,59.3000,217.1000,218.9000,0.0000,345.3000,314.8000,23.4000,0.0000,167.1000,0.0000,107.8000,0.0000,0.36600,0.11100,0.88000,2.82000,0.23000,-1.44000,-0.94700,-0.03100,0.23000,-1.69000,0.98000,-2.11000,33.9,27.9,1.0,0.0,0.733881,0.312930,1.319882,-0.734105,0.340401,1.180646,-0.089600,0.486000,0.869300,0.003200,0.133500,0.542300,0.828800,0.034500,0.733954,0.313124,1.319820,-0.734362,0.340554,1.180480,1.123766,0.745532,2.267964,-1.684014,-2.006394,-0.719281,-0.525120,1.962838,-1.265893,1.606606,-1.441493,2.676519,0.140688,2.487874,1,1,1.0000,1.0000,-11.8669,-65.2992,-26.2000,-28.2000,0.040000,0.269543,0,0,1,1,0,0,0.0000,0.0000,,,,,1856,1856,0,0,1796,1807,60,36,0,13,0.52555,0.54173,,,,,,,,,,,,,,,,,,,,,,,140348.3514,1269,1269,0,0
1788271851.8533,G_left_centre_left_right,G,left,0,left_right,,centre,364,127.1000,344.2000,59.3000,217.1000,218.9000,0.0000,345.2000,314.8000,23.4000,0.0000,167.2000,0.0000,107.8000,0.0000,0.36000,0.10700,0.88700,2.12000,0.39000,-1.30000,-0.94700,-0.03000,0.23300,-1.57000,0.56000,-2.11000,35.4,27.4,1.0,0.0,0.733870,0.312889,1.319914,-0.734033,0.340361,1.180683,-0.089600,0.486000,0.869300,0.003200,0.133500,0.542300,0.828800,0.034500,0.733879,0.312986,1.319824,-0.734257,0.340481,1.180587,1.123829,0.745483,2.267894,-1.684243,-2.006610,-0.719323,-0.524880,1.962813,-1.265902,1.606526,-1.441769,2.676532,0.140424,2.487864,1,1,1.0000,1.0000,-12.3843,-65.3597,-26.2000,-28.2000,0.040000,0.269518,0,0,1,1,0,0,0.0000,0.0000,,,,,1856,1856,0,0,1796,1807,60,36,0,13,0.52555,0.54173,,,,,,,,,,,,,,,,,,,,,,,140348.3762,1270,1270,0,0
1788271851.8730,G_left_centre_left_right,G,left,0,left_right,,centre,365,127.1000,344.2000,59.3000,217.1000,218.9000,0.0000,345.2000,314.8000,23.4000,0.0000,167.2000,0.0000,107.8000,0.0000,0.36000,0.10700,0.88700,2.12000,0.39000,-1.30000,-0.94700,-0.03000,0.23300,-1.57000,0.56000,-2.11000,35.4,27.4,1.0,0.0,0.733870,0.312889,1.319914,-0.734033,0.340361,1.180683,-0.089600,0.486000,0.869300,0.003200,0.133500,0.542300,0.828800,0.034500,0.733879,0.312986,1.319824,-0.734257,0.340481,1.180587,1.123848,0.745458,2.267865,-1.684324,-2.006696,-0.719335,-0.524792,1.962797,-1.265904,1.606472,-1.441917,2.676537,0.140282,2.487864,1,1,1.0000,1.0000,-12.3843,-65.3597,-26.2000,-28.2000,0.040000,0.269518,0,0,1,1,0,0,0.0000,0.0000,,,,,1857,1857,0,0,1797,1808,60,36,0,13,0.52555,0.54173,,,,,,,,,,,,,,,,,,,,,,,140348.3959,1270,1270,0,0
1788271851.8959,G_left_centre_left_right,G,left,0,left_right,,centre,366,127.1000,344.2000,59.3000,217.1000,218.9000,0.0000,345.4000,314.8000,23.4000,0.0000,167.1000,0.0000,107.8000,0.0000,0.35400,0.08800,0.88700,2.67000,0.40000,-3.13000,-0.94200,-0.02400,0.22600,-1.23000,-0.54000,-1.70000,35.9,27.2,1.0,0.0,0.733843,0.312818,1.319942,-0.734087,0.340389,1.180651,-0.089600,0.486000,0.869300,0.003200,0.133500,0.542300,0.828800,0.034500,0.733879,0.312986,1.319824,-0.734257,0.340481,1.180587,1.123929,0.745333,2.267695,-1.684729,-2.007117,-0.719363,-0.524337,1.962739,-1.265908,1.606262,-1.442495,2.676560,0.139709,2.487866,1,1,1.0000,1.0000,-12.8447,-65.7006,-26.2000,-28.2000,0.040000,0.269543,0,0,1,1,0,0,0.0000,0.0000,,,,,1859,1859,0,0,1799,1810,60,36,0,13,0.52544,0.54163,,,,,,,,,,,,,,,,,,,,,,,140348.4187,1272,1272,0,0
1788271851.9283,G_left_centre_left_right,G,left,0,left_right,,centre,367,127.1000,344.2000,59.3000,217.1000,218.9000,0.0000,345.4000,314.8000,23.5000,0.0000,167.1000,0.0000,107.7000,0.0000,0.35300,0.09700,0.88800,3.21000,-0.34000,-4.85000,-0.95300,-0.02700,0.21700,-2.27000,-0.85000,-1.71000,34.5,26.4,1.0,0.0,0.733820,0.312766,1.319943,-0.734084,0.340387,1.180649,-0.089600,0.486000,0.869300,0.003200,0.133500,0.542300,0.828800,0.034500,0.733844,0.312839,1.319937,-0.734062,0.340374,1.180698,1.124003,0.745313,2.267593,-1.684879,-2.007222,-0.719371,-0.524163,1.962728,-1.265909,1.606228,-1.442567,2.676580,0.139648,2.487851,1,1,1.0000,1.0000,-12.8596,-65.5208,-26.2000,-28.2000,0.040000,0.269547,0,0,1,1,0,0,0.0000,0.0000,,,,,1860,1860,0,0,1800,1811,60,36,0,13,0.52544,0.54163,,,,,,,,,,,,,,,,,,,,,,,140348.4511,1274,1274,0,0
1788271851.9325,G_left_centre_left_right,G,left,0,left_right,,centre,368,127.1000,344.2000,59.3000,217.1000,218.9000,0.0000,345.4000,314.8000,23.5000,0.0000,167.1000,0.0000,107.7000,0.0000,0.35300,0.09700,0.88800,3.21000,-0.34000,-4.85000,-0.95300,-0.02700,0.21700,-2.27000,-0.85000,-1.71000,34.5,26.4,1.0,0.0,0.733820,0.312766,1.319943,-0.734084,0.340387,1.180649,-0.089600,0.486000,0.869300,0.003200,0.133500,0.542300,0.828800,0.034500,0.733844,0.312839,1.319937,-0.734062,0.340374,1.180698,1.124041,0.745308,2.267553,-1.684953,-2.007268,-0.719383,-0.524086,1.962725,-1.265910,1.606232,-1.442522,2.676592,0.139697,2.487839,1,1,1.0000,1.0000,-12.8596,-65.5208,-26.2000,-28.2000,0.040000,0.269547,0,0,1,1,0,0,0.0000,0.0000,,,,,1861,1861,0,0,1801,1812,60,36,0,13,0.52544,0.54149,,,,,,,,,,,,,,,,,,,,,,,140348.4553,1274,1274,0,0
1788271851.9538,G_left_centre_left_right,G,left,0,left_right,,centre,369,127.1000,344.2000,59.3000,217.1000,218.9000,0.0000,345.4000,314.8000,23.5000,0.0000,167.1000,0.0000,107.6000,0.0000,0.35300,0.09300,0.89300,1.43000,-0.82000,-3.55000,-0.94900,-0.02600,0.21900,-2.47000,-0.24000,-1.63000,34.1,26.3,1.0,0.0,0.733808,0.312744,1.319936,-0.734077,0.340382,1.180651,-0.089600,0.486000,0.869300,0.003200,0.133500,0.542300,0.828800,0.034500,0.733844,0.312839,1.319937,-0.734062,0.340374,1.180698,1.124111,0.745311,2.267473,-1.685065,-2.007335,-0.719392,-0.523957,1.962724,-1.265912,1.606263,-1.442360,2.676627,0.139860,2.487798,1,1,1.0000,1.0000,-12.9995,-65.5798,-26.2000,-28.2000,0.040000,0.269547,0,0,1,1,0,0,0.0000,0.0000,,,,,1862,1862,0,0,1802,1813,60,36,0,13,0.52536,0.54149,,,,,,,,,,,,,,,,,,,,,,,140348.4767,1275,1275,0,0
1788271851.9692,G_left_centre_left_right,G,left,0,left_right,,centre,370,127.0000,344.2000,59.3000,217.1000,218.9000,0.0000,345.4000,314.8000,23.5000,0.0000,167.1000,0.0000,107.7000,0.0000,0.36600,0.09900,0.89100,1.10000,-1.11000,-3.15000,-0.95400,-0.02600,0.21900,-2.40000,-0.40000,-1.64000,35.1,26.7,1.0,0.0,0.733802,0.312716,1.319969,-0.734071,0.340379,1.180652,-0.089600,0.486000,0.869300,0.003200,0.133500,0.542300,0.828800,0.034500,0.733844,0.312839,1.319937,-0.734062,0.340374,1.180698,1.124148,0.745318,2.267430,-1.685110,-2.007361,-0.719391,-0.523897,1.962714,-1.265915,1.606246,-1.442411,2.676662,0.139806,2.487765,1,1,1.0000,1.0000,-12.2063,-65.5852,-26.3000,-28.2000,0.040000,0.269547,0,0,1,1,0,0,0.0000,0.0000,,,,,1863,1863,0,0,1803,1814,60,36,0,13,0.52536,0.54149,,,,,,,,,,,,,,,,,,,,,,,140348.4920,1276,1276,0,0
1788271851.9905,G_left_centre_left_right,G,left,0,left_right,,centre,371,127.0000,344.2000,59.3000,217.1000,218.9000,0.0000,345.4000,314.8000,23.5000,0.0000,166.9000,0.0000,107.8000,0.0000,0.37300,0.10400,0.87700,1.08000,-1.13000,-3.55000,-0.95800,-0.03500,0.20900,-1.47000,-0.44000,-0.72000,34.3,27.0,1.0,0.0,0.733805,0.312681,1.320050,-0.733855,0.340263,1.180756,-0.089600,0.486000,0.869300,0.003200,0.133500,0.542300,0.828800,0.034500,0.733815,0.312750,1.319940,-0.734083,0.340386,1.180650,1.124238,0.745336,2.267337,-1.685226,-2.007425,-0.719402,-0.523770,1.962712,-1.265915,1.606239,-1.442430,2.676673,0.139787,2.487755,1,1,1.0000,1.0000,-11.4640,-65.0347,-26.3000,-28.2000,0.040000,0.269597,0,0,1,1,0,0,0.0000,0.0000,,,,,1864,1864,0,0,1804,1815,60,36,0,13,0.52536,0.54149,,,,,,,,,,,,,,,,,,,,,,,140348.5134,1277,1277,0,0
1788271852.0100,G_left_centre_left_right,G,left,0,left_right,,centre,372,127.0000,344.2000,59.3000,217.1000,218.9000,0.0000,345.4000,314.8000,23.5000,0.0000,166.9000,0.0000,107.8000,0.0000,0.37300,0.09700,0.89500,1.72000,-0.67000,-3.51000,-0.95300,-0.03000,0.21000,-0.83000,-0.47000,-0.17000,34.2,27.0,1.0,0.0,0.733803,0.312656,1.320090,-0.733795,0.340230,1.180782,-0.089600,0.486000,0.869300,0.003200,0.133500,0.542300,0.828800,0.034500,0.733815,0.312750,1.319940,-0.734083,0.340386,1.180650,1.124256,0.745314,2.267289,-1.685299,-2.007517,-0.719397,-0.523690,1.962703,-1.265915,1.606219,-1.442465,2.676716,0.139755,2.487714,1,1,1.0000,1.0000,-11.9350,-65.3244,-26.3000,-28.2000,0.040000,0.269597,0,0,1,1,0,0,0.0000,0.0000,,,,,1865,1865,0,0,1805,1816,60,36,0,13,0.52530,0.54151,,,,,,,,,,,,,,,,,,,,,,,140348.5328,1278,1278,0,0
1788271852.0302,G_left_centre_left_right,G,left,0,left_right,,centre,373,127.0000,344.2000,59.3000,217.1000,218.9000,0.0000,345.4000,314.8000,23.5000,0.0000,166.9000,0.0000,107.7000,0.0000,0.34400,0.09100,0.88400,2.92000,-0.35000,-2.66000,-0.94600,-0.02100,0.20700,-0.33000,-0.44000,0.48000,35.2,27.3,1.0,0.0,0.733786,0.312639,1.320053,-0.733890,0.340281,1.180727,-0.089600,0.486000,0.869300,0.003200,0.133500,0.542300,0.828800,0.034500,0.733815,0.312750,1.319940,-0.734083,0.340386,1.180650,1.124257,0.745249,2.267218,-1.685444,-2.007725,-0.719377,-0.523497,1.962681,-1.265918,1.606159,-1.442546,2.676720,0.139683,2.487719,1,1,1.0000,1.0000,-13.3079,-65.8375,-26.3000,-28.2000,0.040000,0.269597,0,0,1,1,0,0,0.0000,0.0000,,,,,1866,1866,0,0,1806,1817,60,36,0,13,0.52530,0.54151,,,,,,,,,,,,,,,,,,,,,,,140348.5530,1279,1279,0,0
1788271852.0488,G_left_centre_left_right,G,left,0,left_right,,centre,374,127.0000,344.2000,59.3000,217.1000,218.9000,0.0000,345.4000,314.8000,23.5000,0.0000,166.9000,0.0000,107.7000,0.0000,0.34400,0.09100,0.88400,2.92000,-0.35000,-2.66000,-0.94600,-0.02100,0.20700,-0.33000,-0.44000,0.48000,35.2,27.3,1.0,0.0,0.733786,0.312639,1.320053,-0.733890,0.340281,1.180727,-0.089600,0.486000,0.869300,0.003200,0.133500,0.542300,0.828800,0.034500,0.733815,0.312750,1.319940,-0.734083,0.340386,1.180650,1.124257,0.745249,2.267218,-1.685444,-2.007725,-0.719377,-0.523497,1.962681,-1.265918,1.606159,-1.442546,2.676720,0.139683,2.487719,1,1,1.0000,1.0000,-13.3079,-65.8375,-26.3000,-28.2000,0.040000,0.269597,0,0,1,1,0,0,0.0000,0.0000,,,,,1866,1866,0,0,1806,1817,60,36,0,13,0.52530,0.54151,,,,,,,,,,,,,,,,,,,,,,,140348.5716,1279,1279,0,0
1788271852.0739,G_left_centre_left_right,G,left,0,left_right,,centre,375,126.9000,344.2000,59.3000,217.1000,218.9000,0.0000,345.5000,314.8000,23.5000,0.0000,166.8000,0.0000,107.5000,0.0000,0.34700,0.12600,0.86800,2.27000,-0.82000,0.38000,-0.96000,-0.03500,0.21500,-0.23000,0.37000,0.66000,35.7,29.1,1.0,0.0,0.733762,0.312594,1.320041,-0.733628,0.340139,1.180848,-0.089600,0.486000,0.869300,0.003200,0.133500,0.542300,0.828800,0.034500,0.733795,0.312661,1.320049,-0.733929,0.340299,1.180740,1.124337,0.745202,2.267075,-1.685699,-2.007972,-0.719368,-0.523182,1.962632,-1.265926,1.605963,-1.443280,2.676725,0.138876,2.487729,1,1,1.0000,1.0000,-12.5215,-65.0576,-26.4000,-28.2000,0.040000,0.269621,0,0,1,1,0,0,0.0000,0.0000,,,,,1868,1868,0,0,1808,1819,60,36,0,13,0.52530,0.54139,,,,,,,,,,,,,,,,,,,,,,,140348.5968,1281,1281,0,0
1788271852.1037,G_left_centre_left_right,G,left,0,left_right,,centre,376,126.8000,344.2000,59.3000,217.1000,218.9000,0.0000,345.5000,314.8000,23.5000,0.0000,166.8000,0.0000,107.6000,0.0000,0.36200,0.13000,0.87100,0.18000,0.00000,1.50000,-0.96200,-0.02800,0.21600,0.55000,0.66000,0.26000,34.0,27.4,1.0,0.0,0.733760,0.312565,1.320093,-0.733621,0.340135,1.180847,-0.089600,0.486000,0.869300,0.003200,0.133500,0.542300,0.828800,0.034500,0.733795,0.312661,1.320049,-0.733929,0.340299,1.180740,1.124377,0.745217,2.267036,-1.685738,-2.007956,-0.719370,-0.523148,1.962612,-1.265934,1.605920,-1.443351,2.676731,0.138682,2.487724,1,1,1.0000,1.0000,-11.7350,-65.4694,-26.5000,-28.2000,0.040000,0.269621,0,0,1,1,0,0,0.0000,0.0000,,,,,1869,1869,0,0,1809,1820,60,36,0,13,0.52525,0.54139,,,,,,,,,,,,,,,,,,,,,,,140348.6265,1282,1282,0,0
1788271852.1099,G_left_centre_left_right,G,left,0,left_right,,centre,377,126.8000,344.2000,59.3000,217.1000,218.9000,0.0000,345.5000,314.8000,23.5000,0.0000,166.8000,0.0000,107.6000,0.0000,0.36200,0.13000,0.87100,0.18000,0.00000,1.50000,-0.96200,-0.02800,0.21600,0.55000,0.66000,0.26000,34.0,27.4,1.0,0.0,0.733760,0.312565,1.320093,-0.733621,0.340135,1.180847,-0.089600,0.486000,0.869300,0.003200,0.133500,0.542300,0.828800,0.034500,0.733795,0.312661,1.320049,-0.733929,0.340299,1.180740,1.124377,0.745217,2.267036,-1.685738,-2.007956,-0.719370,-0.523148,1.962612,-1.265934,1.605920,-1.443351,2.676731,0.138682,2.487724,1,1,1.0000,1.0000,-11.7350,-65.4694,-26.5000,-28.2000,0.040000,0.269621,0,0,1,1,0,0,0.0000,0.0000,,,,,1869,1869,0,0,1809,1820,60,36,0,13,0.52525,0.54139,,,,,,,,,,,,,,,,,,,,,,,140348.6327,1282,1282,0,0
1788271852.1293,G_left_centre_left_right,G,left,0,left_right,,centre,378,126.8000,344.2000,59.3000,217.1000,218.9000,0.0000,345.5000,314.7000,23.5000,0.0000,166.6000,0.0000,107.3000,0.0000,0.34800,0.10000,0.86700,-0.37000,0.82000,3.24000,-0.95100,-0.02500,0.19400,0.75000,-0.24000,0.06000,34.0,27.0,1.0,0.0,0.733745,0.312510,1.320141,-0.733634,0.340113,1.180832,-0.089600,0.486000,0.869300,0.003200,0.133500,0.542300,0.828800,0.034500,0.733761,0.312577,1.320075,-0.733765,0.340216,1.180780,1.124490,0.745200,2.266856,-1.685988,-2.008158,-0.719356,-0.522827,1.962545,-1.265950,1.605720,-1.443681,2.676735,0.138504,2.487733,1,1,1.0000,1.0000,-12.6340,-65.5457,-26.5000,-28.3000,0.040000,0.269670,0,0,1,1,0,0,0.0000,0.0000,,,,,1871,1871,0,0,1811,1822,60,36,0,13,0.52525,0.54139,,,,,,,,,,,,,,,,,,,,,,,140348.6522,1284,1284,0,0
1788271852.1494,G_left_centre_left_right,G,left,0,left_right,,centre,379,126.7000,344.2000,59.3000,217.1000,218.9000,0.0000,345.5000,314.7000,23.5000,0.0000,166.6000,0.0000,107.3000,0.0000,0.37200,0.10000,0.86100,0.33000,0.99000,3.56000,-0.95000,-0.03400,0.19800,0.15000,-0.31000,0.13000,33.0,26.0,1.0,0.0,0.733748,0.312480,1.320214,-0.733492,0.340020,1.180900,-0.089600,0.486000,0.869300,0.003200,0.133500,0.542300,0.828800,0.034500,0.733761,0.312577,1.320075,-0.733765,0.340216,1.180780,1.124504,0.745170,2.266806,-1.686078,-2.008277,-0.719347,-0.522714,1.962518,-1.265955,1.605667,-1.443888,2.676737,0.138338,2.487734,1,1,1.0000,1.0000,-11.1582,-65.0365,-26.6000,-28.3000,0.040000,0.269670,0,0,1,1,0,0,0.0000,0.0000,,,,,1872,1872,0,0,1812,1823,60,36,0,13,0.52520,0.54127,,,,,,,,,,,,,,,,,,,,,,,140348.6722,1285,1285,0,0
1788271852.2031,G_left_centre_left_right,G,left,0,left_right,,centre,380,126.7000,344.2000,59.3000,217.1000,218.9000,0.0000,345.5000,314.7000,23.5000,0.0000,166.6000,0.0000,107.3000,0.0000,0.37200,0.10000,0.86100,0.33000,0.99000,3.56000,-0.95000,-0.03400,0.19800,0.15000,-0.31000,0.13000,33.0,26.0,1.0,0.0,0.733748,0.312480,1.320214,-0.733492,0.340020,1.180900,-0.089600,0.486000,0.869300,0.003200,0.133500,0.542300,0.828800,0.034500,0.733761,0.312577,1.320075,-0.733765,0.340216,1.180780,1.124528,0.745158,2.266748,-1.686156,-2.008347,-0.719339,-0.522614,1.962469,-1.265962,1.605588,-1.444183,2.676744,0.138099,2.487733,1,1,1.0000,1.0000,-11.1582,-65.0365,-26.6000,-28.3000,0.040000,0.269670,0,0,1,1,0,0,0.0000,0.0000,,,,,1872,1872,0,0,1812,1823,60,36,0,13,0.52520,0.54127,,,,,,,,,,,,,,,,,,,,,,,140348.7260,1285,1285,0,0
1788271852.2053,G_left_centre_left_right,G,left,0,left_right,,centre,381,126.6000,344.2000,59.3000,217.1000,218.9000,0.0000,345.5000,314.8000,23.5000,0.0000,166.6000,0.0000,107.2000,0.0000,0.36900,0.10500,0.86200,0.96000,1.47000,3.71000,-0.95900,-0.03000,0.19400,-0.31000,-1.20000,0.27000,32.0,25.3,1.0,0.0,0.733747,0.312445,1.320279,-0.733432,0.339991,1.180923,-0.089600,0.486000,0.869300,0.003200,0.133500,0.542300,0.828800,0.034500,0.733747,0.312483,1.320197,-0.733591,0.340095,1.180843,1.124558,0.745132,2.266683,-1.686249,-2.008431,-0.719328,-0.522523,1.962447,-1.265965,1.605562,-1.444271,2.676748,0.138027,2.487730,1,1,1.0000,1.0000,-11.3130,-65.2577,-26.7000,-28.2000,0.040000,0.269670,0,0,1,1,0,0,0.0000,0.0000,,,,,1873,1873,0,0,1813,1824,60,36,0,13,0.52520,0.54127,,,,,,,,,,,,,,,,,,,,,,,140348.7282,1286,1286,0,0
1788271852.2131,G_left_centre_left_right,G,left,0,left_right,,centre,382,126.6000,344.2000,59.3000,217.1000,218.9000,0.0000,345.5000,314.8000,23.5000,0.0000,166.6000,0.0000,107.2000,0.0000,0.36900,0.10500,0.86200,0.96000,1.47000,3.71000,-0.95900,-0.03000,0.19400,-0.31000,-1.20000,0.27000,32.0,25.3,1.0,0.0,0.733747,0.312445,1.320279,-0.733432,0.339991,1.180923,-0.089600,0.486000,0.869300,0.003200,0.133500,0.542300,0.828800,0.034500,0.733747,0.312483,1.320197,-0.733591,0.340095,1.180843,1.124558,0.745132,2.266683,-1.686249,-2.008431,-0.719328,-0.522523,1.962447,-1.265965,1.605562,-1.444271,2.676748,0.138027,2.487730,1,1,1.0000,1.0000,-11.3130,-65.2577,-26.7000,-28.2000,0.040000,0.269670,0,0,1,1,0,0,0.0000,0.0000,,,,,1873,1873,0,0,1813,1824,60,36,0,13,0.52520,0.54127,,,,,,,,,,,,,,,,,,,,,,,140348.7360,1286,1286,0,0
1788271852.2329,G_left_centre_left_right,G,left,0,left_right,,centre,383,126.3000,344.2000,59.3000,217.1000,218.9000,0.0000,345.5000,314.8000,23.4000,0.0000,166.6000,0.0000,107.2000,0.0000,0.35400,0.10100,0.84800,3.40000,2.14000,3.08000,-0.95400,-0.02100,0.20400,-1.72000,-2.13000,-0.02000,29.1,23.3,1.0,0.0,0.733726,0.312368,1.320352,-0.733612,0.340093,1.180814,-0.089600,0.486000,0.869300,0.003200,0.133500,0.542300,0.828800,0.034500,0.733747,0.312483,1.320197,-0.733591,0.340095,1.180843,1.124566,0.744975,2.266517,-1.686574,-2.008906,-0.719285,-0.522104,1.962362,-1.265976,1.605420,-1.444615,2.676751,0.137776,2.487742,1,1,1.0000,1.0000,-11.8364,-65.8295,-27.0000,-28.2000,0.040000,0.269666,0,0,1,1,0,0,0.0000,0.0000,,,,,1875,1875,0,0,1815,1826,60,36,0,13,0.52520,0.54127,,,,,,,,,,,,,,,,,,,,,,,140348.7557,1288,1288,0,0
1788271852.2501,G_left_centre_left_right,G,left,0,left_right,,centre,384,126.2000,344.2000,59.3000,217.1000,218.9000,0.0000,345.4000,314.8000,23.4000,0.0000,166.7000,0.0000,107.4000,0.0000,0.36200,0.11000,0.83700,3.47000,2.18000,3.64000,-0.96000,-0.02200,0.20400,-3.10000,-3.47000,0.41000,30.1,22.5,1.0,0.0,0.733700,0.312285,1.320416,-0.733604,0.340094,1.180808,-0.089600,0.486000,0.869300,0.003200,0.133500,0.542300,0.828800,0.034500,0.733747,0.312483,1.320197,-0.733591,0.340095,1.180843,1.124609,0.744866,2.266394,-1.686924,-2.009260,-0.719302,-0.521700,1.962352,-1.265989,1.605426,-1.444791,2.676755,0.137323,2.487725,1,1,1.0000,1.0000,-11.0448,-65.7736,-27.1000,-28.2000,0.040000,0.269642,0,0,1,1,0,0,0.0000,0.0000,,,,,1877,1877,0,0,1817,1828,60,36,0,13,0.52516,0.54115,,,,,,,,,,,,,,,,,,,,,,,140348.7729,1290,1290,0,0
1788271852.2685,G_left_centre_left_right,G,left,0,left_right,,centre,385,126.2000,344.2000,59.3000,217.1000,218.9000,0.0000,345.4000,314.8000,23.4000,0.0000,166.6000,0.0000,107.4000,0.0000,0.36200,0.12200,0.85400,3.76000,2.44000,2.98000,-0.94700,-0.02700,0.20700,-3.44000,-3.48000,0.47000,28.5,22.1,1.0,0.0,0.733692,0.312247,1.320459,-0.733601,0.340094,1.180805,-0.089600,0.486000,0.869300,0.003200,0.133500,0.542300,0.828800,0.034500,0.733700,0.312334,1.320352,-0.733581,0.340076,1.180856,1.124657,0.744820,2.266317,-1.687106,-2.009409,-0.719322,-0.521512,1.962340,-1.266005,1.605432,-1.444666,2.676755,0.137378,2.487710,1,1,1.0000,1.0000,-11.3819,-65.4841,-27.1000,-28.2000,0.040000,0.269666,0,0,1,1,0,0,0.0000,0.0000,,,,,1878,1878,0,0,1818,1829,60,36,0,13,0.52516,0.54115,,,,,,,,,,,,,,,,,,,,,,,140348.7913,1291,1291,0,0
1788271852.2886,G_left_centre_left_right,G,left,0,left_right,,centre,386,126.2000,344.2000,59.3000,217.1000,218.9000,0.0000,345.3000,314.8000,23.4000,0.0000,166.6000,0.0000,107.4000,0.0000,0.35300,0.10300,0.86400,3.89000,2.26000,2.38000,-0.95500,-0.03400,0.20800,-3.21000,-3.31000,0.21000,28.7,21.1,1.0,0.0,0.733676,0.312218,1.320450,-0.733464,0.340023,1.180870,-0.089600,0.486000,0.869300,0.003200,0.133500,0.542300,0.828800,0.034500,0.733700,0.312334,1.320352,-0.733581,0.340076,1.180856,1.124685,0.744766,2.266242,-1.687261,-2.009596,-0.719325,-0.521323,1.962341,-1.266018,1.605457,-1.444654,2.676760,0.137621,2.487688,1,1,1.0000,1.0000,-12.2628,-65.0855,-27.1000,-28.2000,0.040000,0.269666,0,0,1,1,0,0,0.0000,0.0000,,,,,1879,1879,0,0,1819,1830,60,36,0,13,0.52507,0.54110,,,,,,,,,,,,,,,,,,,,,,,140348.8114,1292,1292,0,0
1788271852.3090,G_left_centre_left_right,G,left,0,left_right,,centre,387,126.2000,344.2000,59.3000,217.1000,218.9000,0.0000,345.3000,314.8000,23.4000,0.0000,166.6000,0.0000,107.4000,0.0000,0.34600,0.09800,0.86100,4.63000,2.03000,2.69000,-0.95300,-0.02600,0.20800,-3.24000,-3.35000,0.16000,27.7,20.8,1.0,0.0,0.733657,0.312194,1.320423,-0.733485,0.340036,1.180855,-0.089600,0.486000,0.869300,0.003200,0.133500,0.542300,0.828800,0.034500,0.733700,0.312334,1.320352,-0.733581,0.340076,1.180856,1.124723,0.744716,2.266151,-1.687452,-2.009795,-0.719331,-0.521093,1.962345,-1.266033,1.605499,-1.444522,2.676768,0.137855,2.487660,1,1,1.0000,1.0000,-12.6205,-65.5516,-27.1000,-28.2000,0.040000,0.269666,0,0,1,1,0,0,0.0000,0.0000,,,,,1880,1880,0,0,1820,1831,60,36,0,13,0.52507,0.54110,,,,,,,,,,,,,,,,,,,,,,,140348.8318,1293,1293,0,0
1788271852.3337,G_left_centre_left_right,G,left,0,left_right,,centre,388,126.2000,344.2000,59.3000,217.1000,218.9000,0.0000,345.2000,314.8000,23.4000,0.0000,166.6000,0.0000,107.3000,0.0000,0.35900,0.09700,0.86600,5.20000,2.05000,3.22000,-0.96000,-0.01800,0.20900,-3.84000,-2.92000,0.50000,27.8,20.4,1.0,0.0,0.733647,0.312169,1.320430,-0.733673,0.340138,1.180754,-0.089600,0.486000,0.869300,0.003200,0.133500,0.542300,0.828800,0.034500,0.733700,0.312334,1.320352,-0.733581,0.340076,1.180856,1.124752,0.744698,2.266104,-1.687555,-2.009876,-0.719339,-0.520981,1.962340,-1.266038,1.605494,-1.444435,2.676767,0.137940,2.487657,1,1,1.0000,1.0000,-12.0191,-66.0263,-27.1000,-28.2000,0.040000,0.269666,0,0,1,1,0,0,0.0000,0.0000,,,,,1880,1880,0,0,1820,1831,60,36,0,13,0.52507,0.54110,,,,,,,,,,,,,,,,,,,,,,,140348.8565,1294,1294,0,0
1788271852.3494,G_left_centre_left_right,G,left,0,left_right,,centre,389,126.2000,344.2000,59.3000,217.1000,218.9000,0.0000,345.2000,314.8000,23.1000,0.0000,166.7000,0.0000,107.4000,0.0000,0.35800,0.10900,0.87300,5.44000,1.79000,4.35000,-0.95600,-0.03100,0.19900,-3.54000,-2.31000,0.68000,27.9,19.5,1.0,0.0,0.733635,0.312146,1.320430,-0.733585,0.340093,1.180798,-0.089600,0.486000,0.869300,0.003200,0.133500,0.542300,0.828800,0.034500,0.733665,0.312210,1.320437,-0.733565,0.340081,1.180794,1.124827,0.744707,2.266042,-1.687640,-2.009908,-0.719359,-0.520902,1.962329,-1.266048,1.605467,-1.444412,2.676768,0.137955,2.487651,1,1,1.0000,1.0000,-12.1546,-65.2231,-27.1000,-28.2000,0.040000,0.269630,0,0,1,1,0,0,0.0000,0.0000,,,,,1882,1882,0,0,1822,1833,60,36,0,13,0.52507,0.54110,,,,,,,,,,,,,,,,,,,,,,,140348.8722,1295,1295,0,0
1788271852.3694,G_left_centre_left_right,G,left,0,left_right,,centre,390,126.2000,344.2000,59.3000,217.1000,218.9000,0.0000,345.1000,314.8000,23.2000,0.0000,166.8000,0.0000,107.5000,0.0000,0.34700,0.11700,0.88100,4.95000,1.21000,6.32000,-0.94800,-0.02500,0.21400,-2.82000,-1.64000,1.29000,28.9,18.9,1.0,0.0,0.733618,0.312130,1.320392,-0.733618,0.340112,1.180782,-0.089600,0.486000,0.869300,0.003200,0.133500,0.542300,0.828800,0.034500,0.733665,0.312210,1.320437,-0.733565,0.340081,1.180794,1.124939,0.744736,2.265925,-1.687791,-2.009965,-0.719371,-0.520704,1.962332,-1.266061,1.605456,-1.444692,2.676773,0.137657,2.487630,1,1,1.0000,1.0000,-12.8874,-65.6253,-27.1000,-28.2000,0.040000,0.269610,0,0,1,1,0,0,0.0000,0.0000,,,,,1883,1883,0,0,1823,1834,60,36,0,13,0.52500,0.54113,,,,,,,,,,,,,,,,,,,,,,,140348.8922,1296,1296,0,0
1788271852.3910,G_left_centre_left_right,G,left,0,left_right,,centre,391,126.2000,344.2000,59.3000,217.1000,218.9000,0.0000,345.1000,314.8000,23.2000,0.0000,166.8000,0.0000,107.5000,0.0000,0.34700,0.11700,0.88100,4.95000,1.21000,6.32000,-0.94800,-0.02500,0.21400,-2.82000,-1.64000,1.29000,27.9,18.7,1.0,0.0,0.733618,0.312130,1.320392,-0.733618,0.340112,1.180782,-0.089600,0.486000,0.869300,0.003200,0.133500,0.542300,0.828800,0.034500,0.733665,0.312210,1.320437,-0.733565,0.340081,1.180794,1.124977,0.744744,2.265884,-1.687852,-2.009996,-0.719376,-0.520633,1.962335,-1.266065,1.605475,-1.444661,2.676776,0.137674,2.487622,1,1,1.0000,1.0000,-12.8874,-65.6253,-27.1000,-28.2000,0.040000,0.269610,0,0,1,1,0,0,0.0000,0.0000,,,,,1883,1883,0,0,1823,1834,60,36,0,13,0.52500,0.54113,,,,,,,,,,,,,,,,,,,,,,,140348.9138,1296,1296,0,0
1788271852.4093,G_left_centre_left_right,G,left,0,left_right,,centre,392,126.2000,344.2000,59.3000,217.1000,218.9000,0.0000,345.1000,314.8000,23.3000,0.0000,166.8000,0.0000,107.5000,0.0000,0.37000,0.12100,0.88100,3.59000,0.18000,10.58000,-0.95100,-0.03100,0.22000,-0.15000,-0.28000,2.52000,28.2,18.2,1.0,0.0,0.733602,0.312091,1.320404,-0.733621,0.340116,1.180779,-0.089600,0.486000,0.869300,0.003200,0.133500,0.542300,0.828800,0.034500,0.733621,0.312130,1.320392,-0.733580,0.340086,1.180816,1.125111,0.744825,2.265785,-1.687932,-2.009976,-0.719391,-0.520534,1.962351,-1.266077,1.605539,-1.444401,2.676788,0.137962,2.487590,1,1,1.0000,1.0000,-11.6025,-65.2910,-27.1000,-28.2000,0.040000,0.269614,0,0,1,1,0,0,0.0000,0.0000,,,,,1885,1885,0,0,1825,1836,60,36,0,13,0.52500,0.54113,,,,,,,,,,,,,,,,,,,,,,,140348.9321,1298,1298,0,0
1788271852.4285,G_left_centre_left_right,G,left,0,left_right,,centre,393,126.2000,344.2000,59.3000,217.1000,218.9000,0.0000,345.1000,314.8000,23.3000,0.0000,166.7000,0.0000,107.5000,0.0000,0.36600,0.14100,0.90000,3.41000,0.08000,11.71000,-0.94800,-0.02600,0.22200,1.65000,0.31000,2.34000,27.1,17.7,1.0,0.0,0.733595,0.312074,1.320408,-0.733642,0.340128,1.180767,-0.089600,0.486000,0.869300,0.003200,0.133500,0.542300,0.828800,0.034500,0.733621,0.312130,1.320392,-0.733580,0.340086,1.180816,1.125179,0.744867,2.265716,-1.687994,-2.009970,-0.719390,-0.520450,1.962372,-1.266083,1.605617,-1.444123,2.676801,0.138253,2.487559,1,1,1.0000,1.0000,-12.1146,-65.5845,-27.1000,-28.2000,0.040000,0.269638,0,0,1,1,0,0,0.0000,0.0000,,,,,1886,1886,0,0,1826,1837,60,36,0,13,0.52493,0.54113,,,,,,,,,,,,,,,,,,,,,,,140348.9513,1299,1299,0,0
1788271852.4531,G_left_centre_left_right,G,left,0,left_right,,centre,394,126.2000,344.2000,59.3000,217.1000,218.9000,0.0000,345.2000,314.8000,23.0000,0.0000,166.8000,0.0000,107.5000,0.0000,0.38200,0.16000,0.89200,1.92000,0.49000,12.76000,-0.94200,-0.02100,0.23100,2.18000,0.42000,2.21000,27.1,17.5,1.0,0.0,0.733599,0.312052,1.320476,-0.733755,0.340190,1.180710,-0.089600,0.486000,0.869300,0.003200,0.133500,0.542300,0.828800,0.034500,0.733621,0.312130,1.320392,-0.733580,0.340086,1.180816,1.125218,0.744873,2.265642,-1.688070,-2.010033,-0.719375,-0.520341,1.962377,-1.266085,1.605650,-1.443947,2.676808,0.138413,2.487548,1,1,1.0000,1.0000,-10.9423,-65.8813,-27.1000,-28.2000,0.040000,0.269601,0,0,1,1,0,0,0.0000,0.0000,,,,,1887,1887,0,0,1827,1838,60,36,0,13,0.52493,0.54113,,,,,,,,,,,,,,,,,,,,,,,140348.9760,1300,1300,0,0
1788271852.4685,G_left_centre_left_right,G,left,0,left_right,,centre,395,126.2000,344.2000,59.3000,217.1000,218.9000,0.0000,345.3000,314.8000,23.1000,0.0000,167.0000,0.0000,107.4000,0.0000,0.39200,0.14000,0.88700,1.02000,1.11000,12.78000,-0.94200,-0.01700,0.22700,2.18000,0.45000,2.46000,26.3,17.6,1.0,0.0,0.733609,0.312028,1.320572,-0.733969,0.340306,1.180608,-0.089600,0.486000,0.869300,0.003200,0.133500,0.542300,0.828800,0.034500,0.733621,0.312130,1.320392,-0.733580,0.340086,1.180816,1.125244,0.744854,2.265561,-1.688153,-2.010137,-0.719349,-0.520218,1.962379,-1.266087,1.605643,-1.444068,2.676814,0.138285,2.487540,1,1,1.0000,1.0000,-10.4379,-66.1152,-27.1000,-28.2000,0.040000,0.269557,0,0,1,1,0,0,0.0000,0.0000,,,,,1888,1888,0,0,1828,1839,60,36,0,13,0.52493,0.54113,,,,,,,,,,,,,,,,,,,,,,,140348.9913,1301,1301,0,0
1788271852.4885,G_left_centre_left_right,G,left,0,left_right,,centre,396,126.2000,344.2000,59.3000,217.1000,218.9000,0.0000,345.3000,314.8000,23.2000,0.0000,167.0000,0.0000,107.3000,0.0000,0.38300,0.14300,0.88900,1.02000,2.48000,12.21000,-0.92800,-0.01900,0.22200,1.04000,0.45000,1.82000,26.0,17.5,1.0,0.0,0.733612,0.312009,1.320626,-0.734095,0.340375,1.180548,-0.089600,0.486000,0.869300,0.003200,0.133500,0.542300,0.828800,0.034500,0.733597,0.312068,1.320433,-0.733654,0.340129,1.180775,1.125241,0.744800,2.265484,-1.688250,-2.010312,-0.719307,-0.520078,1.962394,-1.266088,1.605678,-1.444130,2.676824,0.138195,2.487523,1,1,1.0000,1.0000,-10.9404,-65.9785,-27.1000,-28.2000,0.040000,0.269561,0,0,1,1,0,0,0.0000,0.0000,,,,,1889,1889,0,0,1829,1840,60,36,0,13,0.52493,0.54113,,,,,,,,,,,,,,,,,,,,,,,140349.0113,1302,1302,0,0
1788271852.5123,G_left_centre_left_right,G,left,0,left_right,,centre,397,126.2000,344.2000,59.3000,217.1000,218.9000,0.0000,345.3000,314.8000,23.2000,0.0000,167.0000,0.0000,107.2000,0.0000,0.37300,0.12500,0.89000,0.92000,3.71000,11.11000,-0.93100,-0.02200,0.22500,-0.59000,0.07000,1.40000,24.5,17.1,1.0,0.0,0.733609,0.311996,1.320638,-0.734148,0.340404,1.180524,-0.089600,0.486000,0.869300,0.003200,0.133500,0.542300,0.828800,0.034500,0.733597,0.312068,1.320433,-0.733654,0.340129,1.180775,1.125218,0.744718,2.265394,-1.688368,-2.010558,-0.719251,-0.519897,1.962428,-1.266086,1.605779,-1.443834,2.676840,0.138475,2.487492,1,1,1.0000,1.0000,-11.6247,-65.8049,-27.1000,-28.2000,0.040000,0.269561,0,0,1,1,0,0,0.0000,0.0000,,,,,1889,1889,0,0,1829,1840,60,36,0,13,0.52493,0.54113,,,,,,,,,,,,,,,,,,,,,,,140349.0351,1303,1303,0,0
1788271852.5526,G_left_centre_left_right,G,left,0,left_right,,centre,398,126.2000,344.2000,59.3000,217.1000,218.9000,0.0000,345.3000,314.8000,23.2000,0.0000,167.0000,0.0000,107.2000,0.0000,0.37300,0.12500,0.89000,0.92000,3.71000,11.11000,-0.93100,-0.02200,0.22500,-0.59000,0.07000,1.40000,24.5,17.1,1.0,0.0,0.733609,0.311996,1.320638,-0.734148,0.340404,1.180524,-0.089600,0.486000,0.869300,0.003200,0.133500,0.542300,0.828800,0.034500,0.733597,0.312068,1.320433,-0.733654,0.340129,1.180775,1.125205,0.744671,2.265342,-1.688437,-2.010697,-0.719218,-0.519788,1.962453,-1.266084,1.605868,-1.443545,2.676851,0.138780,2.487471,1,1,1.0000,1.0000,-11.6247,-65.8049,-27.1000,-28.2000,0.040000,0.269561,0,0,1,1,0,0,0.0000,0.0000,,,,,1890,1890,0,0,1830,1841,60,36,0,13,0.52489,0.54118,,,,,,,,,,,,,,,,,,,,,,,140349.0755,1303,1303,0,0
1788271852.5550,G_left_centre_left_right,G,left,0,left_right,,centre,399,126.2000,344.2000,59.3000,217.1000,218.9000,0.0000,345.3000,314.8000,23.3000,0.0000,166.9000,0.0000,107.1000,0.0000,0.35400,0.10400,0.88000,0.63000,4.57000,11.18000,-0.93100,-0.01900,0.21700,-2.69000,0.13000,0.93000,24.9,17.1,1.0,0.0,0.733597,0.311990,1.320601,-0.734255,0.340462,1.180471,-0.089600,0.486000,0.869300,0.003200,0.133500,0.542300,0.828800,0.034500,0.733607,0.311998,1.320624,-0.733989,0.340324,1.180554,1.125205,0.744641,2.265282,-1.688501,-2.010771,-0.719189,-0.519705,1.962478,-1.266082,1.605953,-1.443265,2.676862,0.139076,2.487450,1,1,1.0000,1.0000,-12.5732,-65.9738,-27.1000,-28.2000,0.040000,0.269589,0,0,1,1,0,0,0.0000,0.0000,,,,,1891,1891,0,0,1831,1842,60,36,0,13,0.52489,0.54118,,,,,,,,,,,,,,,,,,,,,,,140349.0778,1304,1304,0,0
1788271852.5786,G_left_centre_left_right,G,left,0,left_right,,centre,400,128.8000,344.2000,59.3000,217.1000,218.9000,0.0000,345.3000,314.9000,23.3000,0.0000,167.3000,0.0000,107.7000,0.0000,0.30700,0.07000,0.88700,2.73000,5.34000,20.76000,-0.93200,-0.02400,0.20500,-5.89000,-5.30000,-2.07000,30.8,22.5,1.0,0.0,0.733599,0.312135,1.320344,-0.734348,0.340527,1.180429,-0.089600,0.486000,0.869300,0.003200,0.133500,0.542300,0.828800,0.034500,0.733607,0.311998,1.320624,-0.733989,0.340324,1.180554,1.125309,0.744684,2.265128,-1.688591,-2.010771,-0.719136,-0.519583,1.962593,-1.266070,1.606353,-1.442052,2.676919,0.140271,2.487350,1,1,1.0000,1.0000,-15.5992,-65.6429,-24.5000,-28.1000,0.040000,0.269489,0,0,1,1,0,0,0.0000,0.0000,,,,,1892,1892,0,0,1832,1843,60,36,0,13,0.52489,0.54118,,,,,,,,,,,,,,,,,,,,,,,140349.1015,1306,1306,0,0
1788271852.5991,G_left_centre_left_right,G,left,0,left_right,,centre,401,128.9000,344.2000,59.3000,217.1000,218.9000,0.0000,345.3000,314.8000,23.3000,0.0000,167.3000,0.0000,107.7000,0.0000,0.32400,0.06600,0.88700,2.83000,4.04000,20.20000,-0.94900,-0.03300,0.19700,-3.89000,-4.46000,-2.32000,29.4,22.1,1.0,0.0,0.733626,0.312262,1.320211,-0.734145,0.340418,1.180545,-0.089600,0.486000,0.869300,0.003200,0.133500,0.542300,0.828800,0.034500,0.733607,0.311998,1.320624,-0.733989,0.340324,1.180554,1.125414,0.744853,2.265058,-1.688529,-2.010613,-0.719100,-0.519599,1.962674,-1.266063,1.606611,-1.441425,2.676959,0.140896,2.487277,1,1,1.0000,1.0000,-14.6642,-65.0893,-24.4000,-28.2000,0.040000,0.269489,0,0,1,1,0,0,0.0000,0.0000,,,,,1894,1894,0,0,1834,1845,60,36,0,13,0.52488,0.54144,,,,,,,,,,,,,,,,,,,,,,,140349.1219,1307,1307,0,0
1788271852.6153,G_left_centre_left_right,G,left,0,left_right,,centre,402,128.9000,344.2000,59.3000,217.1000,218.9000,0.0000,345.2000,314.8000,23.4000,0.0000,167.3000,0.0000,107.7000,0.0000,0.33800,0.08600,0.89500,2.65000,3.54000,20.66000,-0.95700,-0.03000,0.20400,-1.73000,-3.43000,-2.53000,29.3,21.4,1.0,0.0,0.733659,0.312372,1.320133,-0.734048,0.340365,1.180603,-0.089600,0.486000,0.869300,0.003200,0.133500,0.542300,0.828800,0.034500,0.733592,0.312072,1.320442,-0.734315,0.340506,1.180395,1.125432,0.744946,2.265053,-1.688368,-2.010442,-0.719060,-0.519744,1.962698,-1.266061,1.606674,-1.441264,2.676971,0.141049,2.487259,1,1,1.0000,1.0000,-13.9156,-65.3053,-24.4000,-28.2000,0.040000,0.269493,0,0,1,1,0,0,0.0000,0.0000,,,,,1895,1895,0,0,1835,1846,60,36,0,13,0.52488,0.54144,,,,,,,,,,,,,,,,,,,,,,,140349.1381,1308,1308,0,0
1788271852.6303,G_left_centre_left_right,G,left,0,left_right,,centre,403,129.0000,344.2000,59.3000,217.1000,218.9000,0.0000,345.3000,314.8000,23.3000,0.0000,167.2000,0.0000,107.6000,0.0000,0.35100,0.08000,0.89200,3.60000,4.61000,20.37000,-0.95200,-0.02400,0.21000,0.24000,-2.05000,-2.69000,29.9,20.8,1.0,0.0,0.733695,0.312459,1.320106,-0.734065,0.340374,1.180598,-0.089600,0.486000,0.869300,0.003200,0.133500,0.542300,0.828800,0.034500,0.733592,0.312072,1.320442,-0.734315,0.340506,1.180395,1.125464,0.745163,2.265038,-1.687964,-2.009946,-0.718950,-0.520115,1.962709,-1.266052,1.606640,-1.441339,2.676982,0.140955,2.487256,1,1,1.0000,1.0000,-13.1759,-65.6751,-24.3000,-28.2000,0.040000,0.269515,0,0,1,1,0,0,0.0000,0.0000,,,,,1895,1895,0,0,1835,1846,60,36,0,13,0.52488,0.54144,,,,,,,,,,,,,,,,,,,,,,,140349.1532,1309,1309,0,0
1788271852.6610,G_left_centre_left_right,G,left,0,left_right,,centre,404,129.0000,344.2000,59.3000,217.1000,218.9000,0.0000,345.3000,314.8000,23.3000,0.0000,167.2000,0.0000,107.6000,0.0000,0.35100,0.08000,0.89200,3.60000,4.61000,20.37000,-0.95200,-0.02400,0.21000,0.24000,-2.05000,-2.69000,29.9,20.8,1.0,0.0,0.733695,0.312459,1.320106,-0.734065,0.340374,1.180598,-0.089600,0.486000,0.869300,0.003200,0.133500,0.542300,0.828800,0.034500,0.733592,0.312072,1.320442,-0.734315,0.340506,1.180395,1.125464,0.745163,2.265038,-1.687964,-2.009946,-0.718950,-0.520115,1.962709,-1.266052,1.606640,-1.441339,2.676982,0.140955,2.487256,1,1,1.0000,1.0000,-13.1759,-65.6751,-24.3000,-28.2000,0.040000,0.269515,0,0,1,1,0,0,0.0000,0.0000,,,,,1896,1896,0,0,1836,1847,60,36,0,13,0.52488,0.54168,,,,,,,,,,,,,,,,,,,,,,,140349.1838,1309,1309,0,0
1788271852.6689,G_left_centre_left_right,G,left,0,left_right,,centre,405,129.1000,344.2000,59.3000,217.1000,218.9000,0.0000,345.3000,314.8000,23.3000,0.0000,167.2000,0.0000,107.5000,0.0000,0.31100,0.07000,0.90200,6.47000,6.24000,21.71000,-0.94700,-0.02000,0.19100,1.27000,-0.15000,-1.24000,29.0,20.2,1.0,0.0,0.733728,0.312678,1.319837,-0.734160,0.340424,1.180559,-0.089600,0.486000,0.869300,0.003200,0.133500,0.542300,0.828800,0.034500,0.733592,0.312072,1.320442,-0.734315,0.340506,1.180395,1.125490,0.745669,2.264990,-1.686840,-2.008651,-0.718594,-0.521122,1.962676,-1.266024,1.606386,-1.442201,2.677006,0.140004,2.487291,1,1,1.0000,1.0000,-15.6742,-65.8224,-24.2000,-28.2000,0.040000,0.269515,0,0,1,1,0,0,0.0000,0.0000,,,,,1898,1898,0,0,1838,1849,60,36,0,13,0.52488,0.54168,,,,,,,,,,,,,,,,,,,,,,,140349.1917,1311,1311,0,0
1788271852.6976,G_left_centre_left_right,G,left,0,left_right,,centre,406,129.2000,344.2000,59.3000,217.1000,218.9000,0.0000,345.3000,314.8000,23.4000,0.0000,167.2000,0.0000,107.4000,0.0000,0.31300,0.08600,0.87800,7.52000,6.97000,21.93000,-0.95200,-0.02000,0.20200,0.62000,0.71000,-0.66000,27.3,19.9,1.0,0.0,0.733750,0.312789,1.319719,-0.734240,0.340467,1.180522,-0.089600,0.486000,0.869300,0.003200,0.133500,0.542300,0.828800,0.034500,0.733728,0.312480,1.320086,-0.734121,0.340395,1.180602,1.125491,0.745800,2.264978,-1.686549,-2.008365,-0.718493,-0.521380,1.962675,-1.266017,1.606363,-1.442265,2.677015,0.139911,2.487292,1,1,1.0000,1.0000,-14.9561,-65.8789,-24.1000,-28.2000,0.040000,0.269518,0,0,1,1,0,0,0.0000,0.0000,,,,,1898,1898,0,0,1838,1849,60,36,0,13,0.52488,0.54168,,,,,,,,,,,,,,,,,,,,,,,140349.2205,1312,1312,0,0
1788271852.7113,G_left_centre_left_right,G,left,0,left_right,,centre,407,129.3000,344.2000,59.3000,217.1000,218.9000,0.0000,345.3000,314.8000,23.4000,0.0000,167.2000,0.0000,107.4000,0.0000,0.33200,0.11100,0.86200,8.15000,7.76000,20.27000,-0.95200,-0.02000,0.20200,0.62000,0.71000,-0.66000,27.5,19.2,1.0,0.0,0.733789,0.312873,1.319710,-0.734240,0.340467,1.180522,-0.089600,0.486000,0.869300,0.003200,0.133500,0.542300,0.828800,0.034500,0.733728,0.312480,1.320086,-0.734121,0.340395,1.180602,1.125527,0.746210,2.264971,-1.685831,-2.007529,-0.718271,-0.522043,1.962683,-1.265995,1.606341,-1.442224,2.677048,0.139973,2.487283,1,1,1.0000,1.0000,-13.3384,-65.8789,-24.0000,-28.2000,0.040000,0.269518,0,0,1,1,0,0,0.0000,0.0000,,,,,1899,1899,0,0,1839,1850,60,36,0,13,0.52488,0.54168,,,,,,,,,,,,,,,,,,,,,,,140349.2341,1313,1312,0,0
1788271852.7286,G_left_centre_left_right,G,left,0,left_right,,centre,408,129.4000,344.2000,59.3000,217.1000,218.9000,0.0000,345.3000,314.8000,23.4000,0.0000,167.2000,0.0000,107.4000,0.0000,0.32500,0.11800,0.85500,7.55000,8.88000,18.77000,-0.94500,-0.02500,0.21000,-0.38000,2.08000,-0.92000,27.3,17.9,1.0,0.0,0.733823,0.312951,1.319694,-0.734382,0.340543,1.180457,-0.089600,0.486000,0.869300,0.003200,0.133500,0.542300,0.828800,0.034500,0.733728,0.312480,1.320086,-0.734121,0.340395,1.180602,1.125545,0.746389,2.264970,-1.685524,-2.007148,-0.718185,-0.522332,1.962704,-1.265983,1.606398,-1.441991,2.677075,0.140257,2.487261,1,1,1.0000,1.0000,-13.5237,-65.6107,-23.9000,-28.2000,0.040000,0.269518,0,0,1,1,0,0,0.0000,0.0000,,,,,1900,1900,0,0,1840,1851,60,36,0,13,0.52514,0.54151,,,,,,,,,,,,,,,,,,,,,,,140349.2515,1314,1314,0,0
1788271852.7583,G_left_centre_left_right,G,left,0,left_right,,centre,409,129.4000,344.2000,59.3000,217.1000,218.9000,0.0000,345.3000,314.8000,23.4000,0.0000,167.2000,0.0000,107.4000,0.0000,0.32500,0.11800,0.85500,7.55000,8.88000,18.77000,-0.94500,-0.02500,0.21000,-0.38000,2.08000,-0.92000,27.8,17.9,1.0,0.0,0.733823,0.312951,1.319694,-0.734382,0.340543,1.180457,-0.089600,0.486000,0.869300,0.003200,0.133500,0.542300,0.828800,0.034500,0.733728,0.312480,1.320086,-0.734121,0.340395,1.180602,1.125545,0.746514,2.264959,-1.685253,-2.006889,-0.718088,-0.522564,1.962722,-1.265977,1.606456,-1.441806,2.677091,0.140437,2.487242,1,1,1.0000,1.0000,-13.5237,-65.6107,-23.9000,-28.2000,0.040000,0.269518,0,0,1,1,0,0,0.0000,0.0000,,,,,1901,1901,0,0,1841,1852,60,36,0,13,0.52514,0.54151,,,,,,,,,,,,,,,,,,,,,,,140349.2812,1314,1314,0,0
1788271852.7860,G_left_centre_left_right,G,left,0,left_right,,centre,410,129.5000,344.2000,59.3000,217.1000,218.9000,0.0000,345.3000,314.8000,23.4000,0.0000,167.2000,0.0000,107.5000,0.0000,0.30200,0.09700,0.87200,5.92000,8.80000,18.33000,-0.93600,-0.02000,0.20600,-1.74000,2.37000,-1.45000,27.1,17.9,1.0,0.0,0.733835,0.313046,1.319576,-0.734436,0.340571,1.180432,-0.089600,0.486000,0.869300,0.003200,0.133500,0.542300,0.828800,0.034500,0.733813,0.312833,1.319758,-0.734290,0.340499,1.180466,1.125532,0.746740,2.264935,-1.684744,-2.006457,-0.717877,-0.522992,1.962753,-1.265968,1.606560,-1.441453,2.677119,0.140814,2.487209,1,1,1.0000,1.0000,-15.3786,-65.8881,-23.8000,-28.2000,0.040000,0.269518,0,0,1,1,0,0,0.0000,0.0000,,,,,1902,1902,0,0,1842,1853,60,36,0,13,0.52514,0.54151,,,,,,,,,,,,,,,,,,,,,,,140349.3089,1315,1315,0,0
1788271852.7935,G_left_centre_left_right,G,left,0,left_right,,centre,411,129.7000,344.2000,59.3000,217.1000,218.9000,0.0000,345.2000,314.8000,23.4000,0.0000,167.2000,0.0000,107.3000,0.0000,0.29200,0.03800,0.89400,7.42000,7.36000,18.02000,-0.93700,-0.02400,0.22100,-3.27000,3.82000,-2.29000,25.6,17.9,1.0,0.0,0.733831,0.313279,1.319181,-0.734377,0.340539,1.180467,-0.089600,0.486000,0.869300,0.003200,0.133500,0.542300,0.828800,0.034500,0.733813,0.312833,1.319758,-0.734290,0.340499,1.180466,1.125513,0.746919,2.264918,-1.684359,-2.006124,-0.717696,-0.523325,1.962777,-1.265959,1.606636,-1.441243,2.677145,0.141095,2.487181,1,1,1.0000,1.0000,-16.8140,-65.6881,-23.6000,-28.2000,0.040000,0.269518,0,0,1,1,0,0,0.0000,0.0000,,,,,1904,1904,0,0,1844,1855,60,36,0,13,0.52532,0.54167,,,,,,,,,,,,,,,,,,,,,,,140349.3164,1317,1317,0,0
1788271852.8436,G_left_centre_left_right,G,left,0,left_right,,centre,412,129.8000,344.2000,59.3000,217.1000,218.9000,0.0000,345.2000,314.8000,23.4000,0.0000,167.2000,0.0000,107.3000,0.0000,0.30600,0.04900,0.90500,9.60000,6.69000,18.72000,-0.93700,-0.02400,0.22100,-3.27000,3.82000,-2.29000,25.7,17.2,1.0,0.0,0.733839,0.313377,1.319050,-0.734377,0.340539,1.180467,-0.089600,0.486000,0.869300,0.003200,0.133500,0.542300,0.828800,0.034500,0.733813,0.312833,1.319758,-0.734290,0.340499,1.180466,1.125522,0.747185,2.264911,-1.683900,-2.005587,-0.717539,-0.523758,1.962793,-1.265945,1.606669,-1.441217,2.677183,0.141077,2.487151,1,1,1.0000,1.0000,-16.1566,-65.6881,-23.5000,-28.2000,0.040000,0.269518,0,0,1,1,0,0,0.0000,0.0000,,,,,1904,1904,0,0,1844,1855,60,36,0,13,0.52532,0.54167,,,,,,,,,,,,,,,,,,,,,,,140349.3665,1318,1317,0,0
1788271852.8456,G_left_centre_left_right,G,left,0,left_right,,centre,413,129.9000,344.2000,59.3000,217.1000,218.9000,0.0000,345.3000,314.8000,23.4000,0.0000,167.2000,0.0000,107.3000,0.0000,0.31300,0.06800,0.91300,11.80000,6.88000,21.40000,-0.95800,-0.02600,0.22100,-2.94000,4.16000,-2.91000,26.0,17.2,1.0,0.0,0.733855,0.313467,1.318953,-0.734355,0.340528,1.180480,-0.089600,0.486000,0.869300,0.003200,0.133500,0.542300,0.828800,0.034500,0.733843,0.313137,1.319427,-0.734376,0.340539,1.180466,1.125548,0.747322,2.264917,-1.683706,-2.005303,-0.717505,-0.523938,1.962800,-1.265935,1.606673,-1.441215,2.677207,0.141041,2.487135,1,1,1.0000,1.0000,-15.7932,-65.5940,-23.4000,-28.2000,0.040000,0.269518,0,0,1,1,0,0,0.0000,0.0000,,,,,1905,1905,0,0,1845,1856,60,36,0,13,0.52532,0.54167,,,,,,,,,,,,,,,,,,,,,,,140349.3685,1319,1318,0,0
1788271852.8490,G_left_centre_left_right,G,left,0,left_right,,centre,414,129.9000,344.2000,59.3000,217.1000,218.9000,0.0000,345.3000,314.8000,23.4000,0.0000,167.2000,0.0000,107.2000,0.0000,0.33100,0.10000,0.89000,13.08000,7.42000,23.76000,-0.95100,-0.03100,0.21800,-1.71000,4.56000,-2.64000,24.2,17.1,1.0,0.0,0.733887,0.313526,1.318964,-0.734228,0.340459,1.180548,-0.089600,0.486000,0.869300,0.003200,0.133500,0.542300,0.828800,0.034500,0.733843,0.313137,1.319427,-0.734376,0.340539,1.180466,1.125591,0.747561,2.264931,-1.683355,-2.004790,-0.717445,-0.524275,1.962807,-1.265925,1.606676,-1.441213,2.677231,0.141004,2.487118,1,1,1.0000,1.0000,-14.0960,-65.2865,-23.4000,-28.2000,0.040000,0.269518,0,0,1,1,0,0,0.0000,0.0000,,,,,1906,1906,0,0,1846,1857,60,36,0,13,0.52532,0.54167,,,,,,,,,,,,,,,,,,,,,,,140349.3719,1320,1319,0,0
1788271852.8688,G_left_centre_left_right,G,left,0,left_right,,centre,415,130.0000,344.2000,59.3000,217.1000,218.9000,0.0000,345.3000,314.7000,23.4000,0.0000,167.2000,0.0000,107.1000,0.0000,0.32300,0.11800,0.90000,10.52000,8.34000,25.56000,-0.94800,-0.03700,0.21900,1.08000,3.67000,-1.66000,23.9,17.3,1.0,0.0,0.733917,0.313599,1.318945,-0.733812,0.340211,1.180775,-0.089600,0.486000,0.869300,0.003200,0.133500,0.542300,0.828800,0.034500,0.733843,0.313137,1.319427,-0.734376,0.340539,1.180466,1.125680,0.748209,2.264958,-1.682286,-2.003480,-0.717222,-0.525263,1.962786,-1.265916,1.606586,-1.441400,2.677259,0.140785,2.487112,1,1,1.0000,1.0000,-14.6170,-64.9319,-23.3000,-28.3000,0.040000,0.269518,0,0,1,1,0,0,0.0000,0.0000,,,,,1908,1908,0,0,1848,1859,60,36,0,13,0.52545,0.54172,,,,,,,,,,,,,,,,,,,,,,,140349.3917,1321,1321,0,0
1788271852.8990,G_left_centre_left_right,G,left,0,left_right,,centre,416,130.1000,344.2000,59.3000,217.1000,218.9000,0.0000,345.3000,314.7000,23.4000,0.0000,167.2000,0.0000,107.1000,0.0000,0.29000,0.10100,0.89300,6.83000,7.87000,28.21000,-0.95200,-0.03500,0.22200,2.13000,2.81000,-1.18000,23.4,16.8,1.0,0.0,0.733920,0.313680,1.318827,-0.733674,0.340121,1.180852,-0.089600,0.486000,0.869300,0.003200,0.133500,0.542300,0.828800,0.034500,0.733843,0.313137,1.319427,-0.734376,0.340539,1.180466,1.125699,0.748403,2.264964,-1.681936,-2.003114,-0.717137,-0.525575,1.962757,-1.265910,1.606467,-1.441740,2.677266,0.140451,2.487126,1,1,1.0000,1.0000,-16.4572,-65.0624,-23.2000,-28.3000,0.040000,0.269518,0,0,1,1,0,0,0.0000,0.0000,,,,,1908,1908,0,0,1848,1859,60,36,0,13,0.52545,0.54172,,,,,,,,,,,,,,,,,,,,,,,140349.4218,1322,1322,0,0
1788271852.9203,G_left_centre_left_right,G,left,0,left_right,,centre,417,130.2000,344.2000,59.3000,217.1000,218.9000,0.0000,345.3000,314.6000,23.4000,0.0000,167.2000,0.0000,107.0000,0.0000,0.28200,0.05100,0.89200,5.90000,6.89000,30.54000,-0.95800,-0.03000,0.22900,2.95000,1.92000,-1.32000,23.8,16.6,1.0,0.0,0.733910,0.313782,1.318641,-0.733652,0.340079,1.180871,-0.089600,0.486000,0.869300,0.003200,0.133500,0.542300,0.828800,0.034500,0.733907,0.313489,1.319022,-0.734193,0.340435,1.180583,1.125679,0.748559,2.264954,-1.681571,-2.002847,-0.716957,-0.525884,1.962662,-1.265889,1.606154,-1.442638,2.677271,0.139547,2.487186,1,1,1.0000,1.0000,-17.2647,-65.3746,-23.1000,-28.4000,0.040000,0.269518,0,0,1,1,0,0,0.0000,0.0000,,,,,1909,1909,0,0,1849,1860,60,36,0,13,0.52545,0.54172,,,,,,,,,,,,,,,,,,,,,,,140349.4431,1323,1323,0,0
1788271852.9342,G_left_centre_left_right,G,left,0,left_right,,centre,418,130.3000,344.2000,59.3000,217.1000,218.9000,0.0000,345.3000,314.6000,23.4000,0.0000,167.2000,0.0000,106.9000,0.0000,0.28800,0.03200,0.90200,6.34000,4.50000,32.18000,-0.95700,-0.03200,0.23100,2.18000,0.95000,-2.01000,24.4,16.4,1.0,0.0,0.733905,0.313872,1.318489,-0.733600,0.340022,1.180905,-0.089600,0.486000,0.869300,0.003200,0.133500,0.542300,0.828800,0.034500,0.733907,0.313489,1.319022,-0.734193,0.340435,1.180583,1.125689,0.748830,2.264965,-1.681112,-2.002319,-0.716806,-0.526304,1.962636,-1.265884,1.606072,-1.442879,2.677272,0.139307,2.487202,1,1,1.0000,1.0000,-17.2326,-65.2589,-23.0000,-28.4000,0.040000,0.269518,0,0,1,1,0,0,0.0000,0.0000,,,,,1911,1911,0,0,1851,1862,60,36,0,13,0.52561,0.54159,,,,,,,,,,,,,,,,,,,,,,,140349.4570,1324,1324,0,0
1788271852.9531,G_left_centre_left_right,G,left,0,left_right,,centre,419,130.3000,344.2000,59.3000,217.1000,218.9000,0.0000,345.3000,314.6000,23.4000,0.0000,167.2000,0.0000,106.9000,0.0000,0.31800,0.03600,0.90100,7.07000,3.24000,32.15000,-0.95700,-0.03200,0.23100,2.18000,0.95000,-2.01000,24.5,16.1,1.0,0.0,0.733929,0.313938,1.318461,-0.733600,0.340022,1.180905,-0.089600,0.486000,0.869300,0.003200,0.133500,0.542300,0.828800,0.034500,0.733907,0.313489,1.319022,-0.734193,0.340435,1.180583,1.125693,0.748888,2.264968,-1.681015,-2.002204,-0.716777,-0.526394,1.962584,-1.265870,1.605941,-1.443291,2.677277,0.138932,2.487232,1,1,1.0000,1.0000,-15.4876,-65.2589,-23.0000,-28.4000,0.040000,0.269518,0,0,1,1,0,0,0.0000,0.0000,,,,,1911,1911,0,0,1851,1862,60,36,0,13,0.52561,0.54159,,,,,,,,,,,,,,,,,,,,,,,140349.4759,1325,1324,0,0
1788271852.9786,G_left_centre_left_right,G,left,0,left_right,,centre,420,130.3000,344.2000,59.3000,217.1000,218.9000,0.0000,345.3000,314.6000,23.4000,0.0000,167.2000,0.0000,106.8000,0.0000,0.36200,0.07700,0.90000,8.60000,4.15000,29.46000,-0.96000,-0.02500,0.23000,0.72000,-0.50000,-2.35000,24.4,15.6,1.0,0.0,0.733981,0.313978,1.318581,-0.733663,0.340032,1.180879,-0.089600,0.486000,0.869300,0.003200,0.133500,0.542300,0.828800,0.034500,0.733920,0.313727,1.318742,-0.733668,0.340082,1.180931,1.125715,0.749017,2.264982,-1.680839,-2.001944,-0.716753,-0.526561,1.962528,-1.265855,1.605802,-1.443724,2.677281,0.138537,2.487262,1,1,1.0000,1.0000,-12.7749,-65.6688,-23.0000,-28.4000,0.040000,0.269518,0,0,1,1,0,0,0.0000,0.0000,,,,,1912,1912,0,0,1852,1863,60,36,0,13,0.52561,0.54159,,,,,,,,,,,,,,,,,,,,,,,140349.5014,1326,1325,0,0
1788271853.0065,G_left_centre_left_right,G,left,0,left_right,,centre,421,130.3000,344.2000,59.3000,217.1000,218.9000,0.0000,345.3000,314.6000,23.4000,0.0000,167.1000,0.0000,106.6000,0.0000,0.36200,0.07700,0.90000,8.60000,4.15000,29.46000,-0.94900,-0.02500,0.22800,-0.72000,-2.11000,-2.53000,24.4,15.6,1.0,0.0,0.733981,0.313978,1.318581,-0.733714,0.340038,1.180856,-0.089600,0.486000,0.869300,0.003200,0.133500,0.542300,0.828800,0.034500,0.733920,0.313727,1.318742,-0.733668,0.340082,1.180931,1.125737,0.749136,2.264994,-1.680677,-2.001703,-0.716730,-0.526716,1.962458,-1.265834,1.605661,-1.444106,2.677290,0.138203,2.487297,1,1,1.0000,1.0000,-12.7749,-65.6527,-23.0000,-28.4000,0.040000,0.269543,0,0,1,1,0,0,0.0000,0.0000,,,,,1913,1913,0,0,1853,1864,60,36,0,13,0.52561,0.54159,,,,,,,,,,,,,,,,,,,,,,,140349.5293,1326,1326,0,0
1788271853.0095,G_left_centre_left_right,G,left,0,left_right,,centre,422,130.4000,344.2000,59.3000,217.1000,218.9000,0.0000,345.3000,314.7000,23.2000,0.0000,167.1000,0.0000,106.7000,0.0000,0.35200,0.08000,0.90200,5.47000,9.19000,26.44000,-0.93400,-0.02300,0.20300,-2.66000,-5.49000,-1.56000,23.2,15.1,1.0,0.0,0.734073,0.314050,1.318787,-0.733887,0.340121,1.180768,-0.089600,0.486000,0.869300,0.003200,0.133500,0.542300,0.828800,0.034500,0.733920,0.313727,1.318742,-0.733668,0.340082,1.180931,1.125751,0.749271,2.265003,-1.680450,-2.001401,-0.716688,-0.526926,1.962353,-1.265801,1.605456,-1.444597,2.677306,0.137777,2.487344,1,1,1.0000,1.0000,-13.3414,-65.6968,-22.9000,-28.3000,0.040000,0.269536,0,0,1,1,0,0,0.0000,0.0000,,,,,1915,1915,0,0,1855,1866,60,36,0,13,0.52570,0.54120,,,,,,,,,,,,,,,,,,,,,,,140349.5324,1328,1328,0,0
1788271853.0285,G_left_centre_left_right,G,left,0,left_right,,centre,423,130.4000,344.2000,59.3000,217.1000,218.9000,0.0000,345.4000,314.7000,23.3000,0.0000,167.1000,0.0000,106.9000,0.0000,0.31700,0.07700,0.91100,5.04000,9.34000,28.18000,-0.94000,-0.02600,0.21200,-4.00000,-5.93000,-1.70000,22.9,14.6,1.0,0.0,0.734084,0.314106,1.318734,-0.733892,0.340119,1.180766,-0.089600,0.486000,0.869300,0.003200,0.133500,0.542300,0.828800,0.034500,0.733920,0.313727,1.318742,-0.733668,0.340082,1.180931,1.125525,0.749495,2.264932,-1.679622,-2.000976,-0.716175,-0.527583,1.962255,-1.265746,1.605494,-1.444487,2.677369,0.138011,2.487349,1,1,1.0000,1.0000,-15.4700,-65.5529,-22.9000,-28.3000,0.040000,0.269540,0,0,1,1,0,0,0.0000,0.0000,,,,,1916,1916,0,0,1856,1867,60,36,0,13,0.52570,0.54120,,,,,,,,,,,,,,,,,,,,,,,140349.5513,1329,1329,0,0
1788271853.0859,G_left_centre_left_right,G,left,0,left_right,,centre,424,130.6000,344.2000,59.3000,217.1000,218.9000,0.0000,345.4000,314.7000,23.3000,0.0000,167.1000,0.0000,107.1000,0.0000,0.29600,0.04400,0.90200,6.92000,6.98000,23.50000,-0.95500,-0.03000,0.21100,-5.55000,-5.58000,-2.76000,24.8,14.7,1.0,0.0,0.734089,0.314227,1.318561,-0.733911,0.340120,1.180757,-0.089600,0.486000,0.869300,0.003200,0.133500,0.542300,0.828800,0.034500,0.734013,0.313998,1.318678,-0.733737,0.340065,1.180843,1.125448,0.749467,2.264912,-1.679505,-2.001020,-0.716045,-0.527646,1.962258,-1.265735,1.605625,-1.444120,2.677389,0.138391,2.487326,1,1,1.0000,1.0000,-16.6978,-65.3299,-22.7000,-28.3000,0.040000,0.269540,0,0,1,1,0,0,0.0000,0.0000,,,,,1917,1917,0,0,1857,1868,60,36,0,13,0.52570,0.54127,,,,,,,,,,,,,,,,,,,,,,,140349.6088,1331,1331,0,0
1788271853.1052,G_left_centre_left_right,G,left,0,left_right,,centre,425,130.7000,344.2000,59.3000,217.1000,218.9000,0.0000,345.4000,314.7000,23.3000,0.0000,167.1000,0.0000,107.1000,0.0000,0.28100,0.02200,0.91900,8.02000,5.98000,22.93000,-0.94900,-0.03500,0.20000,-5.69000,-4.92000,-3.51000,23.8,15.2,1.0,0.0,0.734059,0.314319,1.318332,-0.733694,0.339998,1.180871,-0.089600,0.486000,0.869300,0.003200,0.133500,0.542300,0.828800,0.034500,0.734088,0.314187,1.318605,-0.733924,0.340131,1.180751,1.125394,0.749452,2.264901,-1.679407,-2.001034,-0.715949,-0.527702,1.962257,-1.265727,1.605692,-1.443991,2.677405,0.138514,2.487310,1,1,1.0000,1.0000,-18.0001,-64.9860,-22.6000,-28.3000,0.040000,0.269540,0,0,1,1,0,0,0.0000,0.0000,,,,,1918,1918,0,0,1858,1869,60,36,0,13,0.52586,0.54127,,,,,,,,,,,,,,,,,,,,,,,140349.6280,1332,1332,0,0
1788271853.1057,G_left_centre_left_right,G,left,0,left_right,,centre,426,130.7000,344.2000,59.3000,217.1000,218.9000,0.0000,345.4000,314.7000,23.3000,0.0000,167.1000,0.0000,107.1000,0.0000,0.28100,0.02200,0.91900,8.02000,5.98000,22.93000,-0.94900,-0.03500,0.20000,-5.69000,-4.92000,-3.51000,23.8,15.2,1.0,0.0,0.734059,0.314319,1.318332,-0.733694,0.339998,1.180871,-0.089600,0.486000,0.869300,0.003200,0.133500,0.542300,0.828800,0.034500,0.734088,0.314187,1.318605,-0.733924,0.340131,1.180751,1.125394,0.749452,2.264901,-1.679407,-2.001034,-0.715949,-0.527702,1.962257,-1.265727,1.605692,-1.443991,2.677405,0.138514,2.487310,1,1,1.0000,1.0000,-18.0001,-64.9860,-22.6000,-28.3000,0.040000,0.269540,0,0,1,1,0,0,0.0000,0.0000,,,,,1918,1918,0,0,1858,1869,60,36,0,13,0.52586,0.54127,,,,,,,,,,,,,,,,,,,,,,,140349.6285,1332,1332,0,0
1788271853.1091,G_left_centre_left_right,G,left,0,left_right,,centre,427,130.8000,344.2000,59.3000,217.1000,218.9000,0.0000,345.4000,314.7000,23.3000,0.0000,167.0000,0.0000,107.1000,0.0000,0.28700,0.04000,0.91700,8.30000,5.09000,24.79000,-0.94600,-0.03600,0.18500,-4.18000,-3.60000,-3.47000,22.9,15.7,1.0,0.0,0.734048,0.314387,1.318199,-0.733469,0.339872,1.180987,-0.089600,0.486000,0.869300,0.003200,0.133500,0.542300,0.828800,0.034500,0.734088,0.314187,1.318605,-0.733924,0.340131,1.180751,1.125356,0.749515,2.264877,-1.679184,-2.000838,-0.715891,-0.527884,1.962259,-1.265716,1.605775,-1.443836,2.677428,0.138661,2.487284,1,1,1.0000,1.0000,-17.5108,-64.8408,-22.5000,-28.3000,0.040000,0.269565,0,0,1,1,0,0,0.0000,0.0000,,,,,1920,1920,0,0,1860,1871,60,36,0,13,0.52586,0.54127,,,,,,,,,,,,,,,,,,,,,,,140349.6320,1333,1333,0,0
1788271853.1307,G_left_centre_left_right,G,left,0,left_right,,centre,428,130.8000,344.2000,59.3000,217.1000,218.9000,0.0000,345.4000,314.7000,23.3000,0.0000,167.0000,0.0000,107.1000,0.0000,0.28700,0.04000,0.91700,8.30000,5.09000,24.79000,-0.94600,-0.03600,0.18500,-4.18000,-3.60000,-3.47000,23.4,15.5,1.0,0.0,0.734048,0.314387,1.318199,-0.733469,0.339872,1.180987,-0.089600,0.486000,0.869300,0.003200,0.133500,0.542300,0.828800,0.034500,0.734088,0.314187,1.318605,-0.733924,0.340131,1.180751,1.125414,0.749869,2.264893,-1.678647,-2.000071,-0.715778,-0.528392,1.962241,-1.265707,1.605785,-1.443829,2.677442,0.138672,2.487280,1,1,1.0000,1.0000,-17.5108,-64.8408,-22.5000,-28.3000,0.040000,0.269565,0,0,1,1,0,0,0.0000,0.0000,,,,,1920,1920,0,0,1860,1871,60,36,0,13,0.52586,0.54127,,,,,,,,,,,,,,,,,,,,,,,140349.6535,1333,1333,0,0
1788271853.1495,G_left_centre_left_right,G,left,0,left_right,,centre,429,130.8000,344.2000,59.3000,217.1000,218.9000,0.0000,345.3000,314.7000,23.3000,0.0000,166.9000,0.0000,107.1000,0.0000,0.31500,0.08000,0.91700,7.76000,3.80000,27.15000,-0.94800,-0.03200,0.19000,-2.12000,-2.51000,-3.03000,23.4,15.5,1.0,0.0,0.734066,0.314433,1.318185,-0.733368,0.339814,1.181036,-0.089600,0.486000,0.869300,0.003200,0.133500,0.542300,0.828800,0.034500,0.734088,0.314187,1.318605,-0.733924,0.340131,1.180751,1.125450,0.750021,2.264911,-1.678466,-1.999767,-0.715770,-0.528570,1.962228,-1.265705,1.605749,-1.443907,2.677443,0.138627,2.487286,1,1,1.0000,1.0000,-15.6778,-65.1094,-22.5000,-28.3000,0.040000,0.269589,0,0,1,1,0,0,0.0000,0.0000,,,,,1921,1921,0,0,1861,1872,60,36,0,13,0.52599,0.54140,,,,,,,,,,,,,,,,,,,,,,,140349.6723,1334,1334,0,0
1788271853.1686,G_left_centre_left_right,G,left,0,left_right,,centre,430,131.0000,344.2000,59.3000,217.1000,218.9000,0.0000,345.3000,314.7000,23.4000,0.0000,166.9000,0.0000,107.1000,0.0000,0.31100,0.09800,0.92600,4.79000,1.77000,34.15000,-0.96100,-0.03200,0.19500,1.71000,-0.69000,-1.55000,23.4,15.2,1.0,0.0,0.734097,0.314537,1.318125,-0.733138,0.339683,1.181148,-0.089600,0.486000,0.869300,0.003200,0.133500,0.542300,0.828800,0.034500,0.734088,0.314187,1.318605,-0.733924,0.340131,1.180751,1.125531,0.750502,2.264960,-1.677763,-1.998857,-0.715680,-0.529224,1.962120,-1.265696,1.605380,-1.444984,2.677433,0.137534,2.487357,1,1,1.0000,1.0000,-15.9432,-65.1484,-22.3000,-28.3000,0.040000,0.269593,0,0,1,1,0,0,0.0000,0.0000,,,,,1923,1923,0,0,1863,1874,60,36,0,13,0.52599,0.54140,,,,,,,,,,,,,,,,,,,,,,,140349.6914,1336,1336,0,0
1788271853.2003,G_left_centre_left_right,G,left,0,left_right,,centre,431,131.1000,344.2000,59.3000,217.1000,218.9000,0.0000,345.5000,314.7000,23.4000,0.0000,166.9000,0.0000,107.0000,0.0000,0.31800,0.08000,0.93500,4.80000,2.40000,37.70000,-0.95000,-0.02900,0.20200,2.29000,0.11000,-0.85000,22.8,15.5,1.0,0.0,0.734115,0.314588,1.318107,-0.733140,0.339682,1.181143,-0.089600,0.486000,0.869300,0.003200,0.133500,0.542300,0.828800,0.034500,0.734085,0.314436,1.318223,-0.733550,0.339911,1.180990,1.125535,0.750733,2.264976,-1.677306,-1.998448,-0.715542,-0.529624,1.962006,-1.265693,1.604987,-1.446113,2.677415,0.136401,2.487431,1,1,1.0000,1.0000,-15.8608,-65.3490,-22.2000,-28.3000,0.040000,0.269593,0,0,1,1,0,0,0.0000,0.0000,,,,,1924,1924,0,0,1864,1875,60,36,0,13,0.52599,0.54140,,,,,,,,,,,,,,,,,,,,,,,140349.7231,1337,1337,0,0
1788271853.2209,G_left_centre_left_right,G,left,0,left_right,,centre,432,131.2000,344.2000,59.3000,217.1000,218.9000,0.0000,345.5000,314.7000,23.4000,0.0000,167.0000,0.0000,107.1000,0.0000,0.30800,0.04700,0.91800,7.42000,2.56000,36.68000,-0.95000,-0.02800,0.20200,2.07000,1.21000,-0.98000,23.6,15.7,1.0,0.0,0.734128,0.314646,1.318063,-0.733158,0.339690,1.181133,-0.089600,0.486000,0.869300,0.003200,0.133500,0.542300,0.828800,0.034500,0.734085,0.314436,1.318223,-0.733550,0.339911,1.180990,1.125523,0.750781,2.264977,-1.677193,-1.998354,-0.715492,-0.529721,1.961967,-1.265693,1.604855,-1.446475,2.677409,0.136053,2.487456,1,1,1.0000,1.0000,-16.3073,-65.4078,-22.1000,-28.3000,0.040000,0.269568,0,0,1,1,0,0,0.0000,0.0000,,,,,1925,1925,0,0,1865,1876,60,36,0,13,0.52606,0.54112,,,,,,,,,,,,,,,,,,,,,,,140349.7437,1338,1338,0,0
1788271853.2356,G_left_centre_left_right,G,left,0,left_right,,centre,433,131.2000,344.2000,59.3000,217.1000,218.9000,0.0000,345.5000,314.7000,23.4000,0.0000,167.0000,0.0000,107.1000,0.0000,0.30800,0.04700,0.91800,7.42000,2.56000,36.68000,-0.95000,-0.02800,0.20200,2.07000,1.21000,-0.98000,23.6,15.7,1.0,0.0,0.734128,0.314646,1.318063,-0.733158,0.339690,1.181133,-0.089600,0.486000,0.869300,0.003200,0.133500,0.542300,0.828800,0.034500,0.734085,0.314436,1.318223,-0.733550,0.339911,1.180990,1.125523,0.750781,2.264977,-1.677193,-1.998354,-0.715492,-0.529721,1.961967,-1.265693,1.604855,-1.446475,2.677409,0.136053,2.487456,1,1,1.0000,1.0000,-16.3073,-65.4078,-22.1000,-28.3000,0.040000,0.269568,0,0,1,1,0,0,0.0000,0.0000,,,,,1925,1925,0,0,1865,1876,60,36,0,13,0.52606,0.54112,,,,,,,,,,,,,,,,,,,,,,,140349.7584,1338,1338,0,0
1788271853.2532,G_left_centre_left_right,G,left,0,left_right,,centre,434,131.3000,344.2000,59.3000,217.1000,218.9000,0.0000,345.6000,314.8000,23.4000,0.0000,167.0000,0.0000,107.1000,0.0000,0.33900,0.09900,0.92000,10.04000,2.42000,36.15000,-0.95000,-0.03100,0.21600,0.79000,0.82000,-0.61000,24.7,15.5,1.0,0.0,0.734192,0.314733,1.318147,-0.733131,0.339702,1.181137,-0.089600,0.486000,0.869300,0.003200,0.133500,0.542300,0.828800,0.034500,0.734144,0.314638,1.318082,-0.733157,0.339690,1.181159,1.125468,0.750954,2.264977,-1.676750,-1.997984,-0.715304,-0.530097,1.961866,-1.265691,1.604603,-1.446911,2.677424,0.135673,2.487487,1,1,1.0000,1.0000,-14.2966,-65.2802,-22.0000,-28.2000,0.040000,0.269568,0,0,1,1,0,0,0.0000,0.0000,,,,,1927,1927,0,0,1867,1878,60,36,0,13,0.52606,0.54112,,,,,,,,,,,,,,,,,,,,,,,140349.7760,1340,1340,0,0
1788271853.2728,G_left_centre_left_right,G,left,0,left_right,,centre,435,131.3000,344.2000,59.3000,217.1000,218.9000,0.0000,345.6000,314.8000,23.4000,0.0000,167.0000,0.0000,107.1000,0.0000,0.33100,0.10500,0.89300,7.80000,3.88000,37.24000,-0.94700,-0.02800,0.20900,0.04000,0.95000,-0.98000,25.5,15.4,1.0,0.0,0.734229,0.314766,1.318220,-0.733148,0.339721,1.181125,-0.089600,0.486000,0.869300,0.003200,0.133500,0.542300,0.828800,0.034500,0.734144,0.314638,1.318082,-0.733157,0.339690,1.181159,1.125402,0.750993,2.264962,-1.676561,-1.997867,-0.715181,-0.530246,1.961865,-1.265705,1.604598,-1.446858,2.677412,0.135720,2.487491,1,1,1.0000,1.0000,-14.1238,-65.4322,-22.0000,-28.2000,0.040000,0.269568,0,0,1,1,0,0,0.0000,0.0000,,,,,1927,1927,0,0,1867,1878,60,36,0,13,0.52606,0.54112,,,,,,,,,,,,,,,,,,,,,,,140349.7956,1341,1341,0,0
1788271853.2897,G_left_centre_left_right,G,left,0,left_right,,centre,436,131.3000,344.2000,59.3000,217.1000,218.9000,0.0000,345.6000,314.8000,23.4000,0.0000,167.0000,0.0000,107.0000,0.0000,0.32600,0.10000,0.88200,5.21000,3.85000,38.41000,-0.93900,-0.03100,0.21500,-1.39000,0.69000,-1.76000,25.4,15.3,1.0,0.0,0.734261,0.314797,1.318284,-0.733119,0.339718,1.181136,-0.089600,0.486000,0.869300,0.003200,0.133500,0.542300,0.828800,0.034500,0.734144,0.314638,1.318082,-0.733157,0.339690,1.181159,1.125302,0.750965,2.264931,-1.676441,-1.997881,-0.715040,-0.530322,1.961878,-1.265720,1.604579,-1.446854,2.677384,0.135700,2.487495,1,1,1.0000,1.0000,-14.2030,-65.2627,-22.0000,-28.2000,0.040000,0.269568,0,0,1,1,0,0,0.0000,0.0000,,,,,1929,1929,0,0,1869,1880,60,36,0,13,0.52618,0.54084,,,,,,,,,,,,,,,,,,,,,,,140349.8125,1342,1342,0,0
1788271853.3150,G_left_centre_left_right,G,left,0,left_right,,centre,437,131.3000,344.2000,59.3000,217.1000,218.9000,0.0000,345.5000,314.8000,23.4000,0.0000,167.1000,0.0000,107.1000,0.0000,0.34800,0.09900,0.87900,3.23000,3.32000,38.44000,-0.94600,-0.02800,0.21700,-2.72000,0.08000,-1.95000,25.1,15.2,1.0,0.0,0.734309,0.314821,1.318416,-0.733142,0.339739,1.181123,-0.089600,0.486000,0.869300,0.003200,0.133500,0.542300,0.828800,0.034500,0.734144,0.314638,1.318082,-0.733157,0.339690,1.181159,1.125241,0.750934,2.264912,-1.676386,-1.997927,-0.714960,-0.530350,1.961888,-1.265726,1.604581,-1.446842,2.677384,0.135696,2.487490,1,1,1.0000,1.0000,-12.9171,-65.4541,-22.0000,-28.2000,0.040000,0.269543,0,0,1,1,0,0,0.0000,0.0000,,,,,1929,1929,0,0,1869,1880,60,36,0,13,0.52618,0.54084,,,,,,,,,,,,,,,,,,,,,,,140349.8379,1343,1343,0,0
1788271853.3307,G_left_centre_left_right,G,left,0,left_right,,centre,438,131.3000,344.2000,59.3000,217.1000,218.9000,0.0000,345.5000,314.8000,23.1000,0.0000,167.1000,0.0000,107.1000,0.0000,0.33700,0.07800,0.87600,2.20000,3.18000,37.99000,-0.94000,-0.02400,0.21300,-3.33000,-0.03000,-1.75000,24.5,15.4,1.0,0.0,0.734342,0.314845,1.318495,-0.733230,0.339796,1.181078,-0.089600,0.486000,0.869300,0.003200,0.133500,0.542300,0.828800,0.034500,0.734238,0.314782,1.318246,-0.733138,0.339711,1.181131,1.125056,0.750805,2.264837,-1.676240,-1.998091,-0.714734,-0.530414,1.961911,-1.265741,1.604576,-1.446799,2.677377,0.135762,2.487484,1,1,1.0000,1.0000,-13.6115,-65.6743,-22.0000,-28.2000,0.040000,0.269532,0,0,1,1,0,0,0.0000,0.0000,,,,,1930,1930,0,0,1870,1881,60,36,0,13,0.52618,0.54084,,,,,,,,,,,,,,,,,,,,,,,140349.8536,1344,1344,0,0
1788271853.3492,G_left_centre_left_right,G,left,0,left_right,,centre,439,131.3000,344.2000,59.3000,217.1000,218.9000,0.0000,345.5000,314.8000,23.2000,0.0000,167.2000,0.0000,107.2000,0.0000,0.33500,0.06400,0.89200,2.37000,3.15000,35.43000,-0.94300,-0.03100,0.22000,-4.31000,-0.22000,-2.10000,23.9,15.1,1.0,0.0,0.734365,0.314868,1.318537,-0.733203,0.339790,1.181093,-0.089600,0.486000,0.869300,0.003200,0.133500,0.542300,0.828800,0.034500,0.734238,0.314782,1.318246,-0.733138,0.339711,1.181131,1.124935,0.750694,2.264784,-1.676193,-1.998257,-0.714598,-0.530415,1.961928,-1.265749,1.604580,-1.446779,2.677371,0.135693,2.487482,1,1,1.0000,1.0000,-14.1681,-65.2794,-22.0000,-28.2000,0.040000,0.269511,0,0,1,1,0,0,0.0000,0.0000,,,,,1932,1932,0,0,1872,1883,60,36,0,13,0.52632,0.54083,,,,,,,,,,,,,,,,,,,,,,,140349.8720,1345,1345,0,0
1788271853.3694,G_left_centre_left_right,G,left,0,left_right,,centre,440,131.3000,344.2000,59.3000,217.1000,218.9000,0.0000,345.5000,314.8000,23.2000,0.0000,167.2000,0.0000,107.3000,0.0000,0.32100,0.05800,0.89200,3.11000,3.99000,34.20000,-0.94300,-0.02900,0.21500,-5.12000,-0.48000,-1.82000,22.2,15.5,1.0,0.0,0.734377,0.314895,1.318534,-0.733206,0.339799,1.181093,-0.089600,0.486000,0.869300,0.003200,0.133500,0.542300,0.828800,0.034500,0.734238,0.314782,1.318246,-0.733138,0.339711,1.181131,1.124803,0.750584,2.264727,-1.676131,-1.998412,-0.714442,-0.530419,1.961957,-1.265756,1.604623,-1.446668,2.677369,0.135755,2.487469,1,1,1.0000,1.0000,-14.9919,-65.3865,-22.0000,-28.2000,0.040000,0.269511,0,0,1,1,0,0,0.0000,0.0000,,,,,1933,1933,0,0,1873,1884,60,36,0,13,0.52632,0.54083,,,,,,,,,,,,,,,,,,,,,,,140349.8922,1346,1346,0,0
1788271853.3948,G_left_centre_left_right,G,left,0,left_right,,centre,441,135.1000,344.2000,59.3000,217.1000,218.9000,0.0000,345.2000,314.7000,23.5000,0.0000,167.8000,0.0000,106.3000,0.0000,0.34300,-0.01200,0.91900,17.82000,1.11000,29.63000,-0.93600,-0.01600,0.22600,-3.70000,-1.24000,-5.06000,23.9,16.1,1.0,0.0,0.734494,0.315195,1.318548,-0.733531,0.339963,1.180950,-0.089600,0.486000,0.869300,0.003200,0.133500,0.542300,0.828800,0.034500,0.734361,0.314870,1.318521,-0.733186,0.339767,1.181085,1.124719,0.750527,2.264687,-1.676048,-1.998469,-0.714336,-0.530455,1.961979,-1.265761,1.604654,-1.446481,2.677366,0.136011,2.487463,1,1,1.0000,1.0000,-14.7482,-66.1686,-18.2000,-28.3000,0.040000,0.269366,0,0,1,1,0,0,0.0000,0.0000,,,,,1933,1933,0,0,1873,1884,60,36,0,13,0.52632,0.54083,,,,,,,,,,,,,,,,,,,,,,,140349.9176,1347,1347,0,0
1788271853.4100,G_left_centre_left_right,G,left,0,left_right,,centre,442,135.1000,344.2000,59.3000,217.1000,218.9000,0.0000,345.3000,314.7000,23.5000,0.0000,167.9000,0.0000,106.4000,0.0000,0.33800,0.01200,0.91800,19.37000,0.69000,28.79000,-0.94500,-0.01700,0.22300,-5.58000,-2.10000,-4.01000,24.9,16.1,1.0,0.0,0.734593,0.315455,1.318551,-0.733784,0.340089,1.180843,-0.089600,0.486000,0.869300,0.003200,0.133500,0.542300,0.828800,0.034500,0.734361,0.314870,1.318521,-0.733186,0.339767,1.181085,1.124663,0.750548,2.264668,-1.675928,-1.998391,-0.714254,-0.530548,1.962011,-1.265767,1.604674,-1.446429,2.677362,0.136141,2.487457,1,1,1.0000,1.0000,-14.8673,-66.1131,-18.2000,-28.3000,0.040000,0.269340,0,0,1,1,0,0,0.0000,0.0000,,,,,1935,1935,0,0,1875,1886,60,36,0,13,0.52646,0.54087,,,,,,,,,,,,,,,,,,,,,,,140349.9328,1348,1348,0,0
1788271853.4328,G_left_centre_left_right,G,left,0,left_right,,centre,443,135.1000,344.2000,59.3000,217.1000,218.9000,0.0000,345.4000,314.7000,23.5000,0.0000,168.1000,0.0000,106.7000,0.0000,0.33200,0.01900,0.92900,18.00000,0.93000,30.12000,-0.94900,-0.01600,0.22100,-7.50000,-1.90000,-3.67000,25.2,16.8,1.0,0.0,0.734671,0.315686,1.318518,-0.734038,0.340217,1.180739,-0.089600,0.486000,0.869300,0.003200,0.133500,0.542300,0.828800,0.034500,0.734361,0.314870,1.318521,-0.733186,0.339767,1.181085,1.124627,0.750579,2.264662,-1.675847,-1.998310,-0.714200,-0.530615,1.962028,-1.265764,1.604711,-1.446341,2.677366,0.136112,2.487449,1,1,1.0000,1.0000,-15.3724,-66.1713,-18.2000,-28.3000,0.040000,0.269286,0,0,1,1,0,0,0.0000,0.0000,,,,,1936,1936,0,0,1876,1887,60,36,0,13,0.52646,0.54087,,,,,,,,,,,,,,,,,,,,,,,140349.9556,1349,1349,0,0
1788271853.4523,G_left_centre_left_right,G,left,0,left_right,,centre,444,135.1000,344.2000,59.3000,217.1000,218.9000,0.0000,345.4000,314.7000,23.5000,0.0000,168.3000,0.0000,107.1000,0.0000,0.32800,0.02400,0.92100,15.89000,0.84000,32.82000,-0.94700,-0.03800,0.23000,-8.31000,-1.65000,-3.31000,26.4,16.9,1.0,0.0,0.734741,0.315894,1.318486,-0.733794,0.340077,1.180896,-0.089600,0.486000,0.869300,0.003200,0.133500,0.542300,0.828800,0.034500,0.734361,0.314870,1.318521,-0.733186,0.339767,1.181085,1.124342,0.750778,2.264642,-1.674830,-1.997774,-0.713710,-0.531379,1.962093,-1.265745,1.604909,-1.445825,2.677387,0.136224,2.487416,1,1,1.0000,1.0000,-15.4043,-64.8882,-18.2000,-28.3000,0.040000,0.269231,0,0,1,1,0,0,0.0000,0.0000,,,,,1937,1937,0,0,1877,1888,60,36,0,13,0.52646,0.54087,,,,,,,,,,,,,,,,,,,,,,,140349.9752,1350,1350,0,0
1788271853.4806,G_left_centre_left_right,G,left,0,left_right,,centre,445,135.1000,344.2000,59.3000,217.1000,218.9000,0.0000,345.4000,314.7000,23.5000,0.0000,168.3000,0.0000,107.4000,0.0000,0.31800,0.02100,0.91100,13.97000,0.40000,34.73000,-0.95000,-0.03600,0.21300,-6.89000,-1.19000,-3.03000,27.0,17.4,1.0,0.0,0.734798,0.316089,1.318429,-0.733612,0.339972,1.181017,-0.089600,0.486000,0.869300,0.003200,0.133500,0.542300,0.828800,0.034500,0.734566,0.315284,1.318515,-0.733479,0.339933,1.180962,1.124111,0.750965,2.264632,-1.673895,-1.997254,-0.713307,-0.532075,1.962155,-1.265722,1.605121,-1.445266,2.677412,0.136814,2.487384,1,1,1.0000,1.0000,-15.7787,-64.9782,-18.2000,-28.3000,0.040000,0.269231,0,0,1,1,0,0,0.0000,0.0000,,,,,1937,1937,0,0,1877,1888,60,36,0,13,0.52646,0.54087,,,,,,,,,,,,,,,,,,,,,,,140350.0034,1351,1351,0,0
1788271853.4934,G_left_centre_left_right,G,left,0,left_right,,centre,446,135.1000,344.2000,59.3000,217.1000,218.9000,0.0000,345.5000,314.7000,23.5000,0.0000,168.3000,0.0000,107.5000,0.0000,0.31300,0.00800,0.91600,13.43000,-0.66000,36.36000,-0.95400,-0.03900,0.21400,-4.46000,-0.60000,-2.07000,25.8,17.8,1.0,0.0,0.734837,0.316255,1.318349,-0.733381,0.339841,1.181162,-0.089600,0.486000,0.869300,0.003200,0.133500,0.542300,0.828800,0.034500,0.734566,0.315284,1.318515,-0.733479,0.339933,1.180962,1.123856,0.751201,2.264628,-1.672863,-1.996606,-0.712864,-0.532874,1.962189,-1.265695,1.605300,-1.444543,2.677430,0.137756,2.487376,1,1,1.0000,1.0000,-16.2311,-64.8120,-18.2000,-28.3000,0.040000,0.269231,0,0,1,1,0,0,0.0000,0.0000,,,,,1939,1939,0,0,1879,1890,60,36,0,13,0.52676,0.54105,,,,,,,,,,,,,,,,,,,,,,,140350.0162,1352,1352,0,0
1788271853.5085,G_left_centre_left_right,G,left,0,left_right,,centre,447,135.1000,344.2000,59.3000,217.1000,218.9000,0.0000,345.6000,314.8000,23.5000,0.0000,168.2000,0.0000,107.5000,0.0000,0.29500,-0.02900,0.92800,17.48000,-3.05000,36.95000,-0.96300,-0.04200,0.20700,-1.79000,0.29000,-0.69000,25.8,18.1,1.0,0.0,0.734844,0.316431,1.318160,-0.733045,0.339680,1.181355,-0.089600,0.486000,0.869300,0.003200,0.133500,0.542300,0.828800,0.034500,0.734566,0.315284,1.318515,-0.733479,0.339933,1.180962,1.123608,0.751478,2.264636,-1.671864,-1.995887,-0.712435,-0.533682,1.962197,-1.265662,1.605300,-1.444056,2.677445,0.138647,2.487392,1,1,1.0000,1.0000,-17.6585,-64.6276,-18.2000,-28.2000,0.040000,0.269259,0,0,1,1,0,0,0.0000,0.0000,,,,,1940,1940,0,0,1880,1891,60,36,0,13,0.52676,0.54105,,,,,,,,,,,,,,,,,,,,,,,140350.0313,1353,1353,0,0
1788271853.5319,G_left_centre_left_right,G,left,0,left_right,,centre,448,135.1000,344.2000,59.3000,217.1000,218.9000,0.0000,345.7000,314.8000,23.5000,0.0000,168.2000,0.0000,107.5000,0.0000,0.29000,-0.01100,0.91300,22.34000,-5.50000,37.85000,-0.96900,-0.05000,0.22900,0.85000,1.12000,0.23000,26.6,18.6,1.0,0.0,0.734853,0.316589,1.317997,-0.732487,0.339401,1.181670,-0.089600,0.486000,0.869300,0.003200,0.133500,0.542300,0.828800,0.034500,0.734905,0.316110,1.318343,-0.733585,0.340020,1.180752,1.123409,0.751784,2.264663,-1.671036,-1.995179,-0.712085,-0.534377,1.962188,-1.265622,1.605229,-1.444163,2.677457,0.139056,2.487428,1,1,1.0000,1.0000,-17.5774,-64.2421,-18.2000,-28.2000,0.040000,0.269259,0,0,1,1,0,0,0.0000,0.0000,,,,,1941,1941,0,0,1881,1892,60,36,0,13,0.52676,0.54105,,,,,,,,,,,,,,,,,,,,,,,140350.0547,1354,1354,0,0
1788271853.5537,G_left_centre_left_right,G,left,0,left_right,,centre,449,135.0000,344.2000,59.3000,217.1000,218.9000,0.0000,345.8000,314.8000,23.5000,0.0000,168.2000,0.0000,107.5000,0.0000,0.32700,0.04000,0.91800,23.29000,-7.31000,39.58000,-0.97100,-0.04400,0.21300,2.81000,1.60000,0.64000,26.5,19.2,1.0,0.0,0.734902,0.316692,1.318027,-0.732216,0.339270,1.181826,-0.089600,0.486000,0.869300,0.003200,0.133500,0.542300,0.828800,0.034500,0.734905,0.316110,1.318343,-0.733585,0.340020,1.180752,1.123272,0.752132,2.264718,-1.670316,-1.994452,-0.711844,-0.535005,1.962164,-1.265580,1.605072,-1.444704,2.677461,0.138668,2.487488,1,1,1.0000,1.0000,-15.3019,-64.5490,-18.3000,-28.2000,0.040000,0.269259,0,0,1,1,0,0,0.0000,0.0000,,,,,1942,1942,0,0,1882,1893,60,36,0,13,0.52732,0.54129,,,,,,,,,,,,,,,,,,,,,,,140350.0766,1355,1355,0,0
1788271853.5686,G_left_centre_left_right,G,left,0,left_right,,centre,450,135.0000,344.2000,59.3000,217.1000,218.9000,0.0000,345.9000,314.7000,23.5000,0.0000,168.3000,0.0000,107.5000,0.0000,0.35000,0.07700,0.92300,20.46000,-5.90000,41.47000,-0.97100,-0.03800,0.22400,3.63000,1.58000,1.61000,26.4,19.6,1.0,0.0,0.734957,0.316760,1.318128,-0.732177,0.339240,1.181859,-0.089600,0.486000,0.869300,0.003200,0.133500,0.542300,0.828800,0.034500,0.734905,0.316110,1.318343,-0.733585,0.340020,1.180752,1.123205,0.752362,2.264762,-1.669874,-1.993982,-0.711731,-0.535395,1.962118,-1.265536,1.604788,-1.445571,2.677452,0.137550,2.487580,1,1,1.0000,1.0000,-13.9173,-64.9253,-18.3000,-28.3000,0.040000,0.269231,0,0,1,1,0,0,0.0000,0.0000,,,,,1943,1943,0,0,1883,1894,60,36,0,13,0.52732,0.54129,,,,,,,,,,,,,,,,,,,,,,,140350.0914,1356,1356,0,0
1788271853.6083,G_left_centre_left_right,G,left,0,left_right,,centre,451,134.8000,344.2000,59.3000,217.1000,218.9000,0.0000,346.0000,314.7000,23.5000,0.0000,168.3000,0.0000,107.6000,0.0000,0.33800,0.06900,0.91300,10.37000,-3.13000,49.04000,-0.95900,-0.03700,0.21900,3.70000,1.80000,2.85000,29.1,20.4,1.0,0.0,0.735069,0.316881,1.318356,-0.732031,0.339142,1.181966,-0.089600,0.486000,0.869300,0.003200,0.133500,0.542300,0.828800,0.034500,0.734959,0.316670,1.318061,-0.732946,0.339643,1.181374,1.122915,0.752829,2.264823,-1.668740,-1.993150,-0.711238,-0.536326,1.962021,-1.265460,1.604101,-1.447601,2.677428,0.134912,2.487769,1,1,1.0000,1.0000,-14.4111,-64.9508,-18.5000,-28.3000,0.040000,0.269231,0,0,1,1,0,0,0.0000,0.0000,,,,,1944,1944,0,0,1884,1895,60,36,0,13,0.52732,0.54129,,,,,,,,,,,,,,,,,,,,,,,140350.1311,1358,1357,0,0
1788271853.6095,G_left_centre_left_right,G,left,0,left_right,,centre,452,134.8000,344.2000,59.3000,217.1000,218.9000,0.0000,346.0000,314.7000,23.5000,0.0000,168.3000,0.0000,107.6000,0.0000,0.33800,0.06900,0.91300,10.37000,-3.13000,49.04000,-0.95900,-0.03700,0.21900,3.70000,1.80000,2.85000,29.1,20.4,1.0,0.0,0.735069,0.316881,1.318356,-0.732031,0.339142,1.181966,-0.089600,0.486000,0.869300,0.003200,0.133500,0.542300,0.828800,0.034500,0.734959,0.316670,1.318061,-0.732946,0.339643,1.181374,1.122915,0.752829,2.264823,-1.668740,-1.993150,-0.711238,-0.536326,1.962021,-1.265460,1.604101,-1.447601,2.677428,0.134912,2.487769,1,1,1.0000,1.0000,-14.4111,-64.9508,-18.5000,-28.3000,0.040000,0.269231,0,0,1,1,0,0,0.0000,0.0000,,,,,1944,1944,0,0,1884,1895,60,36,0,13,0.52732,0.54129,,,,,,,,,,,,,,,,,,,,,,,140350.1323,1358,1357,0,0
1788271853.6344,G_left_centre_left_right,G,left,0,left_right,,centre,453,134.7000,344.2000,59.3000,217.1000,218.9000,0.0000,346.1000,314.7000,23.3000,0.0000,168.3000,0.0000,107.5000,0.0000,0.32400,0.04100,0.92900,8.27000,-3.24000,51.68000,-0.94700,-0.04100,0.22000,2.92000,-0.03000,4.43000,29.1,20.3,1.0,0.0,0.735081,0.316933,1.318324,-0.731912,0.339069,1.182042,-0.089600,0.486000,0.869300,0.003200,0.133500,0.542300,0.828800,0.034500,0.734959,0.316670,1.318061,-0.732946,0.339643,1.181374,1.122534,0.752742,2.264789,-1.668383,-1.993266,-0.710817,-0.536538,1.961929,-1.265382,1.603479,-1.449432,2.677411,0.132743,2.487944,1,1,1.0000,1.0000,-15.6751,-64.6970,-18.6000,-28.3000,0.040000,0.269226,0,0,1,1,0,0,0.0000,0.0000,,,,,1946,1946,0,0,1886,1897,60,36,0,13,0.52755,0.54073,,,,,,,,,,,,,,,,,,,,,,,140350.1573,1359,1359,0,0
1788271853.6541,G_left_centre_left_right,G,left,0,left_right,,centre,454,134.4000,344.2000,59.3000,217.1000,218.9000,0.0000,345.8000,314.7000,23.3000,0.0000,168.2000,0.0000,107.4000,0.0000,0.32100,0.01100,0.89900,8.32000,-3.89000,55.44000,-0.96000,-0.04500,0.22700,1.57000,-0.82000,4.53000,30.8,20.7,1.0,0.0,0.735088,0.316955,1.318314,-0.731730,0.338962,1.182148,-0.089600,0.486000,0.869300,0.003200,0.133500,0.542300,0.828800,0.034500,0.734959,0.316670,1.318061,-0.732946,0.339643,1.181374,1.122349,0.752692,2.264770,-1.668202,-1.993338,-0.710611,-0.536645,1.961847,-1.265312,1.602992,-1.450675,2.677400,0.131465,2.488088,1,1,1.0000,1.0000,-15.4322,-64.5051,-18.9000,-28.3000,0.040000,0.269253,0,0,1,1,0,0,0.0000,0.0000,,,,,1947,1947,0,0,1887,1898,60,36,0,13,0.52755,0.54073,,,,,,,,,,,,,,,,,,,,,,,140350.1770,1360,1360,0,0
1788271853.6706,G_left_centre_left_right,G,left,0,left_right,,centre,455,134.4000,344.2000,59.3000,217.1000,218.9000,0.0000,345.8000,314.7000,23.3000,0.0000,168.2000,0.0000,107.4000,0.0000,0.32100,0.01100,0.89900,8.32000,-3.89000,55.44000,-0.96000,-0.04500,0.22700,1.57000,-0.82000,4.53000,30.1,21.3,1.0,0.0,0.735088,0.316955,1.318314,-0.731730,0.338962,1.182148,-0.089600,0.486000,0.869300,0.003200,0.133500,0.542300,0.828800,0.034500,0.734959,0.316670,1.318061,-0.732946,0.339643,1.181374,1.122254,0.752707,2.264762,-1.667955,-1.993199,-0.710499,-0.536856,1.961768,-1.265250,1.602595,-1.451493,2.677391,0.130681,2.488213,1,1,1.0000,1.0000,-15.4322,-64.5051,-18.9000,-28.3000,0.040000,0.269253,0,0,1,1,0,0,0.0000,0.0000,,,,,1947,1947,0,0,1887,1898,60,36,0,13,0.52755,0.54073,,,,,,,,,,,,,,,,,,,,,,,140350.1934,1360,1360,0,0
1788271853.6933,G_left_centre_left_right,G,left,0,left_right,,centre,456,134.0000,344.2000,59.3000,217.1000,218.9000,0.0000,345.9000,314.7000,23.4000,0.0000,168.2000,0.0000,107.2000,0.0000,0.33200,0.06400,0.90300,12.43000,-6.44000,56.66000,-0.96000,-0.04000,0.20800,-2.32000,-2.76000,3.78000,30.6,21.7,1.0,0.0,0.735107,0.316965,1.318350,-0.731589,0.338874,1.182236,-0.089600,0.486000,0.869300,0.003200,0.133500,0.542300,0.828800,0.034500,0.735074,0.316911,1.318317,-0.732093,0.339170,1.182015,1.122217,0.752725,2.264761,-1.667831,-1.993115,-0.710449,-0.536964,1.961701,-1.265205,1.602308,-1.452074,2.677378,0.130120,2.488311,1,1,1.0000,1.0000,-14.5664,-64.7429,-19.3000,-28.3000,0.040000,0.269256,0,0,1,1,0,0,0.0000,0.0000,,,,,1949,1949,0,0,1889,1900,60,36,0,13,0.52775,0.54008,,,,,,,,,,,,,,,,,,,,,,,140350.2161,1362,1362,0,0
1788271853.7189,G_left_centre_left_right,G,left,0,left_right,,centre,457,133.8000,344.2000,59.3000,217.1000,218.9000,0.0000,346.0000,314.7000,23.4000,0.0000,168.2000,0.0000,107.2000,0.0000,0.33900,0.10800,0.88500,8.68000,-6.16000,57.96000,-0.96000,-0.04000,0.20800,-2.32000,-2.76000,3.78000,31.2,22.3,1.0,0.0,0.735130,0.316941,1.318457,-0.731589,0.338874,1.182236,-0.089600,0.486000,0.869300,0.003200,0.133500,0.542300,0.828800,0.034500,0.735074,0.316911,1.318317,-0.732093,0.339170,1.182015,1.122176,0.752736,2.264774,-1.667751,-1.993070,-0.710406,-0.537042,1.961631,-1.265165,1.602058,-1.452669,2.677359,0.129526,2.488408,1,1,1.0000,1.0000,-13.4850,-64.7429,-19.5000,-28.3000,0.040000,0.269256,0,0,1,1,0,0,0.0000,0.0000,,,,,1949,1949,0,0,1889,1900,60,36,0,13,0.52775,0.54008,,,,,,,,,,,,,,,,,,,,,,,140350.2417,1363,1362,0,0
1788271853.7287,G_left_centre_left_right,G,left,0,left_right,,centre,458,133.6000,344.2000,59.3000,217.1000,218.9000,0.0000,346.1000,314.7000,23.4000,0.0000,168.4000,0.0000,107.3000,0.0000,0.36500,0.11800,0.88400,2.68000,-5.47000,59.40000,-0.94500,-0.05300,0.20900,-4.08000,-3.60000,3.36000,32.4,22.5,1.0,0.0,0.735162,0.316906,1.318621,-0.731026,0.338557,1.182561,-0.089600,0.486000,0.869300,0.003200,0.133500,0.542300,0.828800,0.034500,0.735074,0.316911,1.318317,-0.732093,0.339170,1.182015,1.122156,0.752734,2.264778,-1.667726,-1.993065,-0.710386,-0.537066,1.961557,-1.265123,1.601806,-1.453248,2.677338,0.128969,2.488510,1,1,1.0000,1.0000,-11.9652,-63.9547,-19.7000,-28.3000,0.040000,0.269201,0,0,1,1,0,0,0.0000,0.0000,,,,,1951,1951,0,0,1891,1902,60,36,0,13,0.52775,0.54008,,,,,,,,,,,,,,,,,,,,,,,140350.2515,1364,1364,0,0
1788271853.7494,G_left_centre_left_right,G,left,0,left_right,,centre,459,133.4000,344.2000,59.3000,217.1000,218.9000,0.0000,346.1000,314.7000,23.4000,0.0000,168.3000,0.0000,107.2000,0.0000,0.39200,0.09600,0.89500,-3.11000,-3.89000,60.32000,-0.92900,-0.05200,0.19500,-3.34000,-3.63000,2.32000,32.5,22.6,1.0,0.0,0.735212,0.316842,1.318912,-0.730547,0.338292,1.182832,-0.089600,0.486000,0.869300,0.003200,0.133500,0.542300,0.828800,0.034500,0.735108,0.316964,1.318354,-0.731620,0.338896,1.182260,1.122082,0.752576,2.264750,-1.667837,-1.993343,-0.710347,-0.536946,1.961507,-1.265099,1.601630,-1.453616,2.677316,0.128635,2.488580,1,1,1.0000,1.0000,-10.9299,-63.9167,-19.9000,-28.3000,0.040000,0.269228,0,0,1,1,0,0,0.0000,0.0000,,,,,1952,1952,0,0,1892,1903,60,36,0,13,0.52775,0.53976,,,,,,,,,,,,,,,,,,,,,,,140350.2722,1365,1365,0,0
1788271853.7695,G_left_centre_left_right,G,left,0,left_right,,centre,460,133.2000,344.2000,59.3000,217.1000,218.9000,0.0000,346.1000,314.7000,23.4000,0.0000,168.2000,0.0000,107.1000,0.0000,0.39900,0.02200,0.89900,-3.47000,-0.93000,57.20000,-0.93200,-0.05600,0.20000,-1.98000,-2.91000,0.95000,32.7,22.4,1.0,0.0,0.735243,0.316783,1.319116,-0.730051,0.338020,1.183107,-0.089600,0.486000,0.869300,0.003200,0.133500,0.542300,0.828800,0.034500,0.735108,0.316964,1.318354,-0.731620,0.338896,1.182260,1.122044,0.752496,2.264736,-1.667895,-1.993487,-0.710327,-0.536883,1.961475,-1.265085,1.601520,-1.453848,2.677304,0.128394,2.488622,1,1,1.0000,1.0000,-11.1094,-63.7076,-20.1000,-28.3000,0.040000,0.269256,0,0,1,1,0,0,0.0000,0.0000,,,,,1952,1952,0,0,1892,1903,60,36,0,13,0.52775,0.53976,,,,,,,,,,,,,,,,,,,,,,,140350.2924,1366,1366,0,0
1788271853.7893,G_left_centre_left_right,G,left,0,left_right,,centre,461,133.0000,344.2000,59.3000,217.1000,218.9000,0.0000,346.2000,314.7000,23.4000,0.0000,168.1000,0.0000,106.9000,0.0000,0.37300,-0.05400,0.90400,1.90000,0.51000,51.89000,-0.93700,-0.05300,0.19600,-0.10000,-2.14000,-1.07000,31.5,23.1,1.0,0.0,0.735243,0.316743,1.319163,-0.729796,0.337879,1.183245,-0.089600,0.486000,0.869300,0.003200,0.133500,0.542300,0.828800,0.034500,0.735108,0.316964,1.318354,-0.731620,0.338896,1.182260,1.121927,0.752259,2.264686,-1.668083,-1.993948,-0.710265,-0.536664,1.961372,-1.265043,1.601098,-1.454852,2.677266,0.127338,2.488758,1,1,1.0000,1.0000,-13.0154,-63.8805,-20.3000,-28.3000,0.040000,0.269283,0,0,1,1,0,0,0.0000,0.0000,,,,,1954,1954,0,0,1894,1905,60,36,0,13,0.52780,0.53976,,,,,,,,,,,,,,,,,,,,,,,140350.3121,1367,1367,0,0
1788271853.8105,G_left_centre_left_right,G,left,0,left_right,,centre,462,132.8000,344.2000,59.3000,217.1000,218.9000,0.0000,346.3000,314.7000,23.4000,0.0000,168.0000,0.0000,106.7000,0.0000,0.35600,-0.09000,0.88300,11.26000,-1.36000,46.01000,-0.93300,-0.04500,0.19000,1.04000,-1.52000,-2.78000,32.1,22.8,1.0,0.0,0.735233,0.316695,1.319180,-0.729754,0.337853,1.183262,-0.089600,0.486000,0.869300,0.003200,0.133500,0.542300,0.828800,0.034500,0.735217,0.316854,1.318821,-0.731001,0.338541,1.182636,1.121846,0.752084,2.264651,-1.668228,-1.994298,-0.710225,-0.536493,1.961317,-1.265024,1.600857,-1.455518,2.677246,0.126647,2.488828,1,1,1.0000,1.0000,-13.6489,-64.3183,-20.5000,-28.3000,0.040000,0.269310,0,0,1,1,0,0,0.0000,0.0000,,,,,1955,1955,0,0,1895,1906,60,36,0,13,0.52780,0.53976,,,,,,,,,,,,,,,,,,,,,,,140350.3334,1368,1368,0,0
1788271853.8285,G_left_centre_left_right,G,left,0,left_right,,centre,463,132.7000,344.2000,59.3000,217.1000,218.9000,0.0000,346.4000,314.7000,23.4000,0.0000,167.9000,0.0000,106.5000,0.0000,0.35000,-0.07300,0.87700,21.54000,-3.51000,40.10000,-0.94200,-0.04200,0.20800,1.28000,-1.05000,-3.92000,31.1,22.9,1.0,0.0,0.735221,0.316648,1.319190,-0.729817,0.337885,1.183222,-0.089600,0.486000,0.869300,0.003200,0.133500,0.542300,0.828800,0.034500,0.735217,0.316854,1.318821,-0.731001,0.338541,1.182636,1.121627,0.751501,2.264538,-1.668826,-1.995378,-0.710143,-0.535846,1.961172,-1.264975,1.600195,-1.457361,2.677195,0.124727,2.489010,1,1,1.0000,1.0000,-13.7766,-64.5945,-20.6000,-28.3000,0.040000,0.269337,0,0,1,1,0,0,0.0000,0.0000,,,,,1956,1956,0,0,1896,1907,60,36,0,13,0.52785,0.53931,,,,,,,,,,,,,,,,,,,,,,,140350.3513,1369,1369,0,0
1788271853.8527,G_left_centre_left_right,G,left,0,left_right,,centre,464,132.6000,344.2000,59.3000,217.1000,218.9000,0.0000,346.4000,314.7000,23.4000,0.0000,167.9000,0.0000,106.5000,0.0000,0.35000,-0.02200,0.87900,29.06000,-4.27000,35.10000,-0.94200,-0.04200,0.20800,1.28000,-1.05000,-3.92000,31.6,22.9,1.0,0.0,0.735210,0.316598,1.319209,-0.729817,0.337885,1.183222,-0.089600,0.486000,0.869300,0.003200,0.133500,0.542300,0.828800,0.034500,0.735217,0.316854,1.318821,-0.731001,0.338541,1.182636,1.121591,0.751367,2.264514,-1.669006,-1.995584,-0.710139,-0.535674,1.961113,-1.264959,1.599925,-1.458124,2.677172,0.123942,2.489084,1,1,1.0000,1.0000,-13.7766,-64.5945,-20.6000,-28.3000,0.040000,0.269337,0,0,1,1,0,0,0.0000,0.0000,,,,,1956,1956,0,0,1896,1907,60,36,0,13,0.52785,0.53931,,,,,,,,,,,,,,,,,,,,,,,140350.3756,1370,1369,0,0
1788271853.8687,G_left_centre_left_right,G,left,0,left_right,,centre,465,132.6000,344.2000,59.3000,217.1000,218.9000,0.0000,346.4000,314.7000,23.4000,0.0000,167.8000,0.0000,106.1000,0.0000,0.36000,0.04500,0.86800,30.64000,-2.37000,32.53000,-0.95800,-0.01700,0.20200,-4.58000,-1.85000,-3.44000,31.9,22.9,1.0,0.0,0.735212,0.316542,1.319292,-0.730736,0.338376,1.182723,-0.089600,0.486000,0.869300,0.003200,0.133500,0.542300,0.828800,0.034500,0.735217,0.316854,1.318821,-0.731001,0.338541,1.182636,1.121594,0.751155,2.264470,-1.669403,-1.995892,-0.710226,-0.535366,1.960972,-1.264923,1.599205,-1.460179,2.677111,0.121916,2.489263,1,1,1.0000,1.0000,-12.3601,-66.0556,-20.7000,-28.3000,0.040000,0.269363,0,0,1,1,0,0,0.0000,0.0000,,,,,1958,1958,0,0,1898,1909,60,36,0,13,0.52785,0.53931,,,,,,,,,,,,,,,,,,,,,,,140350.3915,1371,1371,0,0
1788271853.8894,G_left_centre_left_right,G,left,0,left_right,,centre,466,132.6000,344.2000,59.3000,217.1000,218.9000,0.0000,346.4000,314.7000,23.4000,0.0000,167.8000,0.0000,106.1000,0.0000,0.36000,0.08200,0.85400,27.76000,1.02000,31.05000,-0.94500,-0.00800,0.19500,-9.07000,-1.26000,-2.99000,32.2,23.7,1.0,0.0,0.735222,0.316481,1.319413,-0.731785,0.338938,1.182169,-0.089600,0.486000,0.869300,0.003200,0.133500,0.542300,0.828800,0.034500,0.735202,0.316626,1.319190,-0.730007,0.337961,1.183386,1.121615,0.751064,2.264447,-1.669593,-1.996067,-0.710283,-0.535204,1.960934,-1.264916,1.599065,-1.460892,2.677082,0.121303,2.489316,1,1,1.0000,1.0000,-11.7793,-66.5536,-20.7000,-28.3000,0.040000,0.269363,0,0,1,1,0,0,0.0000,0.0000,,,,,1959,1959,0,0,1899,1910,60,36,0,13,0.52785,0.53931,,,,,,,,,,,,,,,,,,,,,,,140350.4122,1372,1372,0,0
1788271853.9216,G_left_centre_left_right,G,left,0,left_right,,centre,467,132.5000,344.2000,59.3000,217.1000,218.9000,0.0000,346.5000,314.7000,23.4000,0.0000,167.8000,0.0000,106.2000,0.0000,0.33100,0.07000,0.85400,17.89000,2.87000,33.16000,-0.92000,-0.03000,0.19400,-9.35000,1.98000,-3.66000,32.6,23.4,1.0,0.0,0.735199,0.316403,1.319422,-0.732043,0.339074,1.182020,-0.089600,0.486000,0.869300,0.003200,0.133500,0.542300,0.828800,0.034500,0.735202,0.316626,1.319190,-0.730007,0.337961,1.183386,1.121604,0.750868,2.264402,-1.669889,-1.996476,-0.710322,-0.534923,1.960975,-1.264926,1.599323,-1.460279,2.677070,0.121975,2.489292,1,1,1.0000,1.0000,-13.5124,-65.2252,-20.8000,-28.3000,0.040000,0.269363,0,0,1,1,0,0,0.0000,0.0000,,,,,1960,1960,0,0,1900,1911,60,36,0,13,0.52779,0.53856,,,,,,,,,,,,,,,,,,,,,,,140350.4445,1374,1374,0,0
1788271853.9285,G_left_centre_left_right,G,left,0,left_right,,centre,468,132.5000,344.2000,59.3000,217.1000,218.9000,0.0000,346.5000,314.7000,23.4000,0.0000,167.8000,0.0000,106.2000,0.0000,0.33100,0.07000,0.85400,17.89000,2.87000,33.16000,-0.92000,-0.03000,0.19400,-9.35000,1.98000,-3.66000,32.6,23.4,1.0,0.0,0.735199,0.316403,1.319422,-0.732043,0.339074,1.182020,-0.089600,0.486000,0.869300,0.003200,0.133500,0.542300,0.828800,0.034500,0.735202,0.316626,1.319190,-0.730007,0.337961,1.183386,1.121604,0.750788,2.264384,-1.670030,-1.996641,-0.710344,-0.534793,1.961008,-1.264932,1.599495,-1.459797,2.677074,0.122468,2.489263,1,1,1.0000,1.0000,-13.5124,-65.2252,-20.8000,-28.3000,0.040000,0.269363,0,0,1,1,0,0,0.0000,0.0000,,,,,1961,1961,0,0,1901,1912,60,36,0,13,0.52779,0.53856,,,,,,,,,,,,,,,,,,,,,,,140350.4514,1374,1374,0,0
1788271853.9655,G_left_centre_left_right,G,left,0,left_right,,centre,469,132.5000,344.2000,59.3000,217.1000,218.9000,0.0000,346.5000,314.7000,23.4000,0.0000,167.8000,0.0000,106.7000,0.0000,0.33300,0.04400,0.86000,9.59000,2.54000,37.43000,-0.95000,-0.03800,0.20000,-0.07000,4.60000,-4.00000,32.2,23.2,1.0,0.0,0.735169,0.316338,1.319387,-0.731787,0.338934,1.182141,-0.089600,0.486000,0.869300,0.003200,0.133500,0.542300,0.828800,0.034500,0.735193,0.316453,1.319387,-0.730556,0.338256,1.183012,1.121623,0.750665,2.264356,-1.670280,-1.996874,-0.710402,-0.534578,1.961103,-1.264948,1.600020,-1.458178,2.677087,0.124138,2.489171,1,1,1.0000,1.0000,-13.7112,-64.8109,-20.8000,-28.3000,0.040000,0.269363,0,0,1,1,0,0,0.0000,0.0000,,,,,1962,1962,0,0,1902,1913,60,36,0,13,0.52779,0.53856,,,,,,,,,,,,,,,,,,,,,,,140350.4884,1376,1376,0,0
1788271853.9693,G_left_centre_left_right,G,left,0,left_right,,centre,470,132.5000,344.2000,59.3000,217.1000,218.9000,0.0000,346.5000,314.7000,23.4000,0.0000,167.8000,0.0000,106.7000,0.0000,0.33300,0.04400,0.86000,9.59000,2.54000,37.43000,-0.95000,-0.03800,0.20000,-0.07000,4.60000,-4.00000,32.2,23.2,1.0,0.0,0.735169,0.316338,1.319387,-0.731787,0.338934,1.182141,-0.089600,0.486000,0.869300,0.003200,0.133500,0.542300,0.828800,0.034500,0.735193,0.316453,1.319387,-0.730556,0.338256,1.183012,1.121623,0.750665,2.264356,-1.670280,-1.996874,-0.710402,-0.534578,1.961103,-1.264948,1.600020,-1.458178,2.677087,0.124138,2.489171,1,1,1.0000,1.0000,-13.7112,-64.8109,-20.8000,-28.3000,0.040000,0.269363,0,0,1,1,0,0,0.0000,0.0000,,,,,1962,1962,0,0,1902,1913,60,36,0,13,0.52779,0.53856,,,,,,,,,,,,,,,,,,,,,,,140350.4921,1376,1376,0,0
1788271853.9929,G_left_centre_left_right,G,left,0,left_right,,centre,471,132.5000,344.2000,59.3000,217.1000,218.9000,0.0000,346.5000,314.7000,23.4000,0.0000,167.8000,0.0000,106.7000,0.0000,0.33300,0.04400,0.86000,9.59000,2.54000,37.43000,-0.95000,-0.03800,0.20000,-0.07000,4.60000,-4.00000,30.9,23.2,1.0,0.0,0.735169,0.316338,1.319387,-0.731787,0.338934,1.182141,-0.089600,0.486000,0.869300,0.003200,0.133500,0.542300,0.828800,0.034500,0.735193,0.316453,1.319387,-0.730556,0.338256,1.183012,1.121722,0.750570,2.264331,-1.670541,-1.997018,-0.710537,-0.534381,1.961227,-1.264974,1.600788,-1.455455,2.677095,0.127049,2.489051,1,1,1.0000,1.0000,-13.7112,-64.8109,-20.8000,-28.3000,0.040000,0.269363,0,0,1,1,0,0,0.0000,0.0000,,,,,1963,1963,0,0,1903,1914,60,36,0,13,0.52773,0.53898,,,,,,,,,,,,,,,,,,,,,,,140350.5157,1376,1376,0,0
1788271854.0115,G_left_centre_left_right,G,left,0,left_right,,centre,472,132.6000,344.2000,59.3000,217.1000,218.9000,0.0000,346.5000,314.7000,23.4000,0.0000,167.9000,0.0000,106.6000,0.0000,0.34000,0.06100,0.87500,4.55000,1.60000,42.98000,-0.95200,-0.01500,0.21700,0.54000,5.75000,-3.90000,31.2,23.4,1.0,0.0,0.735153,0.316283,1.319391,-0.732667,0.339406,1.181674,-0.089600,0.486000,0.869300,0.003200,0.133500,0.542300,0.828800,0.034500,0.735193,0.316453,1.319387,-0.730556,0.338256,1.183012,1.121809,0.750556,2.264318,-1.670723,-1.997080,-0.710632,-0.534246,1.961292,-1.264997,1.601231,-1.453233,2.677077,0.129482,2.488998,1,1,1.0000,1.0000,-13.5369,-66.2231,-20.7000,-28.3000,0.040000,0.269337,0,0,1,1,0,0,0.0000,0.0000,,,,,1964,1964,0,0,1904,1915,60,36,0,13,0.52773,0.53898,,,,,,,,,,,,,,,,,,,,,,,140350.5343,1378,1378,0,0
1788271854.0333,G_left_centre_left_right,G,left,0,left_right,,centre,473,132.6000,344.2000,59.3000,217.1000,218.9000,0.0000,346.4000,314.7000,23.4000,0.0000,167.9000,0.0000,106.8000,0.0000,0.32900,0.06900,0.87600,2.70000,1.69000,43.24000,-0.95500,-0.02000,0.22300,-1.08000,5.70000,-3.52000,30.4,23.5,1.0,0.0,0.735141,0.316263,1.319370,-0.732968,0.339567,1.181514,-0.089600,0.486000,0.869300,0.003200,0.133500,0.542300,0.828800,0.034500,0.735156,0.316318,1.319387,-0.731536,0.338882,1.181943,1.121855,0.750532,2.264308,-1.670836,-1.997147,-0.710683,-0.534157,1.961343,-1.265016,1.601455,-1.452624,2.677065,0.130245,2.488958,1,1,1.0000,1.0000,-14.1253,-65.9448,-20.7000,-28.3000,0.040000,0.269337,0,0,1,1,0,0,0.0000,0.0000,,,,,1966,1966,0,0,1906,1917,60,36,0,13,0.52773,0.53898,,,,,,,,,,,,,,,,,,,,,,,140350.5562,1379,1379,0,0
1788271854.0493,G_left_centre_left_right,G,left,0,left_right,,centre,474,132.6000,344.2000,59.3000,217.1000,218.9000,0.0000,346.4000,314.7000,23.4000,0.0000,168.0000,0.0000,106.7000,0.0000,0.32800,0.05800,0.87700,0.32000,2.18000,44.39000,-0.94500,-0.01700,0.23000,-1.15000,5.73000,-2.29000,31.8,23.9,1.0,0.0,0.735128,0.316243,1.319342,-0.733345,0.339769,1.181320,-0.089600,0.486000,0.869300,0.003200,0.133500,0.542300,0.828800,0.034500,0.735156,0.316318,1.319387,-0.731536,0.338882,1.181943,1.121906,0.750517,2.264298,-1.670931,-1.997192,-0.710733,-0.534086,1.961411,-1.265033,1.601766,-1.452448,2.677060,0.130503,2.488903,1,1,1.0000,1.0000,-14.2789,-66.1200,-20.7000,-28.3000,0.040000,0.269310,0,0,1,1,0,0,0.0000,0.0000,,,,,1966,1967,0,0,1906,1918,60,36,0,13,0.52773,0.53984,,,,,,,,,,,,,,,,,,,,,,,140350.5722,1380,1380,0,0
1788271854.0711,G_left_centre_left_right,G,left,0,left_right,,centre,475,132.7000,344.2000,59.3000,217.1000,218.9000,0.0000,346.4000,314.7000,23.5000,0.0000,168.0000,0.0000,106.6000,0.0000,0.33400,0.04800,0.89200,-2.88000,1.89000,46.24000,-0.93300,-0.03100,0.22600,-0.21000,5.40000,-1.29000,32.1,23.9,1.0,0.0,0.735117,0.316231,1.319316,-0.733324,0.339757,1.181330,-0.089600,0.486000,0.869300,0.003200,0.133500,0.542300,0.828800,0.034500,0.735156,0.316318,1.319387,-0.731536,0.338882,1.181943,1.121964,0.750524,2.264293,-1.670999,-1.997193,-0.710785,-0.534041,1.961492,-1.265051,1.602129,-1.452261,2.677058,0.130639,2.488839,1,1,1.0000,1.0000,-14.3293,-65.2714,-20.6000,-28.3000,0.040000,0.269313,0,0,1,1,0,0,0.0000,0.0000,,,,,1968,1968,0,0,1908,1919,60,36,0,13,0.52765,0.53984,,,,,,,,,,,,,,,,,,,,,,,140350.5939,1381,1381,0,0
1788271854.0928,G_left_centre_left_right,G,left,0,left_right,,centre,476,132.8000,344.2000,59.3000,217.1000,218.9000,0.0000,346.4000,314.7000,23.5000,0.0000,168.1000,0.0000,107.0000,0.0000,0.34100,0.03100,0.90300,-5.08000,2.00000,48.34000,-0.95000,-0.02400,0.23800,1.21000,4.90000,-0.66000,33.6,23.9,1.0,0.0,0.735109,0.316223,1.319293,-0.733442,0.339820,1.181270,-0.089600,0.486000,0.869300,0.003200,0.133500,0.542300,0.828800,0.034500,0.735126,0.316241,1.319335,-0.732098,0.339090,1.182005,1.122026,0.750550,2.264291,-1.671050,-1.997161,-0.710836,-0.534014,1.961588,-1.265068,1.602547,-1.451606,2.677061,0.131061,2.488762,1,1,1.0000,1.0000,-14.2805,-65.7165,-20.5000,-28.3000,0.040000,0.269286,0,0,1,1,0,0,0.0000,0.0000,,,,,1969,1969,0,0,1909,1920,60,36,0,13,0.52765,0.53984,,,,,,,,,,,,,,,,,,,,,,,140350.6157,1382,1382,0,0
1788271854.1087,G_left_centre_left_right,G,left,0,left_right,,centre,477,132.9000,344.2000,59.3000,217.1000,218.9000,0.0000,346.4000,314.7000,23.5000,0.0000,168.1000,0.0000,107.1000,0.0000,0.33000,-0.00600,0.89900,-5.49000,1.53000,50.10000,-0.94800,-0.02200,0.22300,2.01000,4.24000,-0.90000,31.9,24.0,1.0,0.0,0.735094,0.316223,1.319233,-0.733595,0.339901,1.181193,-0.089600,0.486000,0.869300,0.003200,0.133500,0.542300,0.828800,0.034500,0.735126,0.316241,1.319335,-0.732098,0.339090,1.182005,1.122075,0.750579,2.264291,-1.671083,-1.997124,-0.710875,-0.534000,1.961683,-1.265085,1.602973,-1.450474,2.677064,0.132006,2.488685,1,1,1.0000,1.0000,-15.0254,-65.8213,-20.4000,-28.3000,0.040000,0.269286,0,0,1,1,0,0,0.0000,0.0000,,,,,1970,1970,0,0,1910,1921,60,36,0,13,0.52760,0.54015,,,,,,,,,,,,,,,,,,,,,,,140350.6315,1383,1383,0,0
1788271854.1285,G_left_centre_left_right,G,left,0,left_right,,centre,478,133.0000,344.2000,59.3000,217.1000,218.9000,0.0000,346.4000,314.7000,23.5000,0.0000,168.2000,0.0000,107.5000,0.0000,0.34700,-0.04300,0.90400,-2.23000,0.25000,47.95000,-0.95100,-0.02300,0.22600,0.87000,3.74000,-1.05000,31.4,23.5,1.0,0.0,0.735090,0.316224,1.319211,-0.733708,0.339962,1.181138,-0.089600,0.486000,0.869300,0.003200,0.133500,0.542300,0.828800,0.034500,0.735126,0.316241,1.319335,-0.732098,0.339090,1.182005,1.122117,0.750619,2.264293,-1.671088,-1.997062,-0.710904,-0.534007,1.961784,-1.265101,1.603423,-1.449140,2.677070,0.133344,2.488602,1,1,1.0000,1.0000,-14.3800,-65.7700,-20.3000,-28.3000,0.040000,0.269259,0,0,1,1,0,0,0.0000,0.0000,,,,,1971,1971,0,0,1911,1922,60,36,0,13,0.52760,0.54015,,,,,,,,,,,,,,,,,,,,,,,140350.6513,1384,1384,0,0
1788271854.1502,G_left_centre_left_right,G,left,0,left_right,,centre,479,133.1000,344.2000,59.3000,217.1000,218.9000,0.0000,346.4000,314.7000,23.5000,0.0000,168.1000,0.0000,107.5000,0.0000,0.35300,-0.07200,0.92400,3.01000,-1.18000,43.24000,-0.96300,-0.02900,0.24200,-0.40000,2.14000,-0.42000,29.6,23.4,1.0,0.0,0.735085,0.316231,1.319179,-0.733704,0.339959,1.181141,-0.089600,0.486000,0.869300,0.003200,0.133500,0.542300,0.828800,0.034500,0.735126,0.316241,1.319335,-0.732098,0.339090,1.182005,1.122143,0.750646,2.264296,-1.671084,-1.997016,-0.710919,-0.534019,1.961839,-1.265109,1.603666,-1.448435,2.677075,0.134071,2.488557,1,1,1.0000,1.0000,-14.5999,-65.4469,-20.2000,-28.3000,0.040000,0.269286,0,0,1,1,0,0,0.0000,0.0000,,,,,1971,1971,0,0,1911,1922,60,36,0,13,0.52760,0.54015,,,,,,,,,,,,,,,,,,,,,,,140350.6731,1385,1385,0,0
1788271854.1701,G_left_centre_left_right,G,left,0,left_right,,centre,480,133.2000,344.2000,59.3000,217.1000,218.9000,0.0000,346.4000,314.7000,23.5000,0.0000,168.1000,0.0000,107.6000,0.0000,0.34400,-0.07000,0.93400,7.88000,-1.97000,39.07000,-0.94900,-0.03600,0.24000,-0.72000,0.49000,0.10000,31.4,22.5,1.0,0.0,0.735073,0.316247,1.319112,-0.733571,0.339888,1.181211,-0.089600,0.486000,0.869300,0.003200,0.133500,0.542300,0.828800,0.034500,0.735089,0.316223,1.319223,-0.733164,0.339690,1.181269,1.122198,0.750716,2.264300,-1.671059,-1.996897,-0.710948,-0.534059,1.961951,-1.265123,1.604148,-1.447085,2.677087,0.135423,2.488467,1,1,1.0000,1.0000,-15.2748,-65.0125,-20.1000,-28.3000,0.040000,0.269286,0,0,1,1,0,0,0.0000,0.0000,,,,,1972,1972,0,0,1912,1923,60,36,0,13,0.52760,0.54015,,,,,,,,,,,,,,,,,,,,,,,140350.6929,1386,1386,0,0
1788271854.1895,G_left_centre_left_right,G,left,0,left_right,,centre,481,139.6000,344.2000,59.3000,217.1000,218.9000,0.0000,346.2000,314.7000,23.5000,0.0000,168.1000,0.0000,107.6000,0.0000,0.40100,-0.00600,0.86100,5.50000,-3.76000,45.38000,-0.94900,-0.03600,0.24000,-0.72000,0.49000,0.10000,35.5,25.8,1.0,0.0,0.735319,0.316791,1.319459,-0.733571,0.339888,1.181211,-0.089600,0.486000,0.869300,0.003200,0.133500,0.542300,0.828800,0.034500,0.735089,0.316223,1.319223,-0.733164,0.339690,1.181269,1.122222,0.750750,2.264303,-1.671036,-1.996876,-0.710959,-0.534088,1.962051,-1.265133,1.604575,-1.446032,2.677097,0.136428,2.488389,1,1,1.0000,1.0000,-10.2303,-65.0125,-13.7000,-28.3000,0.040000,0.269286,0,0,1,1,0,0,0.0000,0.0000,,,,,1973,1973,0,0,1913,1924,60,36,0,13,0.52760,0.54015,,,,,,,,,,,,,,,,,,,,,,,140350.7124,1387,1386,0,0
1788271854.2085,G_left_centre_left_right,G,left,0,left_right,,centre,482,139.9000,344.2000,59.3000,217.1000,218.9000,0.0000,346.1000,314.8000,23.8000,0.0000,168.1000,0.0000,106.8000,0.0000,0.40200,-0.04100,0.87900,2.47000,-0.03000,44.56000,-0.95300,-0.02600,0.20500,-1.78000,-3.01000,-2.21000,34.9,25.8,1.0,0.0,0.735537,0.317310,1.319716,-0.733514,0.339903,1.181232,-0.089600,0.486000,0.869300,0.003200,0.133500,0.542300,0.828800,0.034500,0.735089,0.316223,1.319223,-0.733164,0.339690,1.181269,1.122242,0.750842,2.264303,-1.670912,-1.996657,-0.710947,-0.534217,1.962146,-1.265142,1.604955,-1.445349,2.677102,0.137057,2.488319,1,1,1.0000,1.0000,-10.8094,-65.5401,-13.4000,-28.2000,0.040000,0.269294,0,0,1,1,0,0,0.0000,0.0000,,,,,1975,1975,0,0,1915,1926,60,36,0,13,0.52756,0.54093,,,,,,,,,,,,,,,,,,,,,,,140350.7313,1388,1388,0,0
1788271854.2285,G_left_centre_left_right,G,left,0,left_right,,centre,483,140.2000,344.2000,59.3000,217.1000,218.9000,0.0000,346.0000,314.7000,23.8000,0.0000,168.0000,0.0000,106.6000,0.0000,0.39700,-0.06200,0.83700,1.76000,3.08000,42.92000,-0.94800,-0.02600,0.21200,-2.93000,-3.43000,-0.83000,34.2,25.9,1.0,0.0,0.735729,0.317750,1.319983,-0.733553,0.339920,1.181210,-0.089600,0.486000,0.869300,0.003200,0.133500,0.542300,0.828800,0.034500,0.735089,0.316223,1.319223,-0.733164,0.339690,1.181269,1.122226,0.750868,2.264295,-1.670840,-1.996580,-0.710921,-0.534289,1.962157,-1.265147,1.604932,-1.445462,2.677097,0.136929,2.488318,1,1,1.0000,1.0000,-10.1313,-65.5606,-13.1000,-28.3000,0.040000,0.269321,0,0,1,1,0,0,0.0000,0.0000,,,,,1975,1975,0,0,1915,1926,60,36,0,13,0.52756,0.54093,,,,,,,,,,,,,,,,,,,,,,,140350.7514,1389,1389,0,0
1788271854.2528,G_left_centre_left_right,G,left,0,left_right,,centre,484,140.5000,344.2000,59.3000,217.1000,218.9000,0.0000,346.0000,314.7000,23.8000,0.0000,168.1000,0.0000,106.8000,0.0000,0.35100,-0.07500,0.83900,1.91000,4.23000,41.89000,-0.94900,-0.03100,0.20700,-3.64000,-3.13000,-0.09000,32.1,25.4,1.0,0.0,0.735856,0.318175,1.319977,-0.733513,0.339896,1.181231,-0.089600,0.486000,0.869300,0.003200,0.133500,0.542300,0.828800,0.034500,0.735122,0.316352,1.319220,-0.733597,0.339911,1.181131,1.121533,0.750953,2.264232,-1.669664,-1.996335,-0.710113,-0.535059,1.962195,-1.265162,1.604878,-1.445819,2.677086,0.136437,2.488310,1,1,1.0000,1.0000,-12.8587,-65.2506,-12.8000,-28.3000,0.040000,0.269294,0,0,1,1,0,0,0.0000,0.0000,,,,,1977,1977,0,0,1917,1928,60,36,0,13,0.52763,0.54122,,,,,,,,,,,,,,,,,,,,,,,140350.7756,1390,1390,0,0
1788271854.2800,G_left_centre_left_right,G,left,0,left_right,,centre,485,140.8000,344.2000,59.3000,217.1000,218.9000,0.0000,346.0000,314.7000,23.8000,0.0000,168.1000,0.0000,107.0000,0.0000,0.33700,-0.08600,0.84000,1.90000,3.66000,40.91000,-0.95000,-0.04400,0.19800,-3.46000,-2.63000,-0.47000,31.1,25.6,1.0,0.0,0.735956,0.318578,1.319894,-0.733110,0.339674,1.181446,-0.089600,0.486000,0.869300,0.003200,0.133500,0.542300,0.828800,0.034500,0.735122,0.316352,1.319220,-0.733597,0.339911,1.181131,1.121270,0.750982,2.264211,-1.669168,-1.996242,-0.709783,-0.535345,1.962208,-1.265168,1.604879,-1.445822,2.677084,0.136376,2.488305,1,1,1.0000,1.0000,-13.7479,-64.4488,-12.5000,-28.3000,0.040000,0.269294,0,0,1,1,0,0,0.0000,0.0000,,,,,1977,1977,0,0,1917,1928,60,36,0,13,0.52763,0.54122,,,,,,,,,,,,,,,,,,,,,,,140350.8029,1391,1391,0,0
1788271854.3030,G_left_centre_left_right,G,left,0,left_right,,centre,486,140.8000,344.2000,59.3000,217.1000,218.9000,0.0000,346.0000,314.7000,23.8000,0.0000,168.1000,0.0000,107.0000,0.0000,0.33700,-0.08600,0.84000,1.90000,3.66000,40.91000,-0.95000,-0.04400,0.19800,-3.46000,-2.63000,-0.47000,32.3,25.2,1.0,0.0,0.736041,0.318938,1.319809,-0.733110,0.339674,1.181446,-0.089600,0.486000,0.869300,0.003200,0.133500,0.542300,0.828800,0.034500,0.735122,0.316352,1.319220,-0.733597,0.339911,1.181131,1.120927,0.751042,2.264191,-1.668407,-1.996097,-0.709331,-0.535759,1.962219,-1.265172,1.604880,-1.445825,2.677082,0.136326,2.488300,1,1,1.0000,1.0000,-13.7479,-64.4488,-12.5000,-28.3000,0.040000,0.269294,0,0,1,1,0,0,0.0000,0.0000,,,,,1978,1978,0,0,1918,1929,60,36,0,13,0.52763,0.54122,,,,,,,,,,,,,,,,,,,,,,,140350.8258,1391,1391,0,0
1788271854.3091,G_left_centre_left_right,G,left,0,left_right,,centre,487,141.3000,344.2000,59.3000,217.1000,218.9000,0.0000,345.9000,314.7000,23.8000,0.0000,168.1000,0.0000,107.2000,0.0000,0.35900,-0.08300,0.88500,4.54000,0.82000,40.44000,-0.96300,-0.04200,0.20600,-3.53000,-1.47000,-0.31000,32.2,25.1,1.0,0.0,0.736135,0.319297,1.319769,-0.732690,0.339441,1.181669,-0.089600,0.486000,0.869300,0.003200,0.133500,0.542300,0.828800,0.034500,0.735796,0.317629,1.319597,-0.733511,0.339886,1.181220,1.119910,0.751330,2.264150,-1.665869,-1.995366,-0.707971,-0.537269,1.962218,-1.265176,1.604834,-1.445857,2.677077,0.136550,2.488306,1,1,1.0000,1.0000,-13.4960,-64.6235,-12.0000,-28.3000,0.040000,0.269294,0,0,1,1,0,0,0.0000,0.0000,,,,,1980,1980,0,0,1920,1931,60,36,0,13,0.52763,0.54122,,,,,,,,,,,,,,,,,,,,,,,140350.8319,1393,1393,0,0
1788271854.3288,G_left_centre_left_right,G,left,0,left_right,,centre,488,141.5000,344.2000,59.3000,217.1000,218.9000,0.0000,345.8000,314.7000,23.8000,0.0000,168.0000,0.0000,107.2000,0.0000,0.37000,-0.08700,0.89300,6.07000,0.36000,40.47000,-0.96700,-0.04900,0.19700,-3.01000,-1.05000,0.11000,32.9,24.6,1.0,0.0,0.736232,0.319637,1.319771,-0.732181,0.339162,1.181938,-0.089600,0.486000,0.869300,0.003200,0.133500,0.542300,0.828800,0.034500,0.735796,0.317629,1.319597,-0.733511,0.339886,1.181220,1.118984,0.751876,2.264145,-1.663169,-1.993986,-0.706694,-0.539162,1.962161,-1.265170,1.604596,-1.446376,2.677063,0.136239,2.488358,1,1,1.0000,1.0000,-13.0859,-64.1825,-11.8000,-28.3000,0.040000,0.269321,0,0,1,1,0,0,0.0000,0.0000,,,,,1981,1981,0,0,1921,1932,60,36,0,13,0.52859,0.54115,,,,,,,,,,,,,,,,,,,,,,,140350.8517,1394,1394,0,0
1788271854.3519,G_left_centre_left_right,G,left,0,left_right,,centre,489,141.5000,344.2000,59.3000,217.1000,218.9000,0.0000,345.8000,314.7000,23.8000,0.0000,168.0000,0.0000,107.2000,0.0000,0.37000,-0.08700,0.89300,6.07000,0.36000,40.47000,-0.96700,-0.04900,0.19700,-3.01000,-1.05000,0.11000,33.5,24.7,1.0,0.0,0.736232,0.319637,1.319771,-0.732181,0.339162,1.181938,-0.089600,0.486000,0.869300,0.003200,0.133500,0.542300,0.828800,0.034500,0.735796,0.317629,1.319597,-0.733511,0.339886,1.181220,1.118679,0.752084,2.264148,-1.662276,-1.993466,-0.706275,-0.539813,1.962130,-1.265166,1.604466,-1.446756,2.677055,0.135811,2.488387,1,1,1.0000,1.0000,-13.0859,-64.1825,-11.8000,-28.3000,0.040000,0.269321,0,0,1,1,0,0,0.0000,0.0000,,,,,1981,1981,0,0,1921,1932,60,36,0,13,0.52859,0.54115,,,,,,,,,,,,,,,,,,,,,,,140350.8748,1394,1394,0,0
1788271854.3835,G_left_centre_left_right,G,left,0,left_right,,centre,490,141.8000,344.2000,59.3000,217.1000,218.9000,0.0000,345.9000,314.7000,23.8000,0.0000,167.8000,0.0000,107.0000,0.0000,0.36400,-0.05600,0.87700,6.85000,-0.20000,45.37000,-0.95500,-0.04900,0.19400,0.18000,0.37000,1.15000,33.8,24.8,1.0,0.0,0.736377,0.320148,1.319782,-0.731380,0.338725,1.182350,-0.089600,0.486000,0.869300,0.003200,0.133500,0.542300,0.828800,0.034500,0.736407,0.319216,1.319651,-0.732975,0.339589,1.181555,1.117427,0.752959,2.264197,-1.658985,-1.991401,-0.704643,-0.542275,1.961947,-1.265144,1.603720,-1.448877,2.677007,0.133395,2.488557,1,1,1.0000,1.0000,-12.9141,-64.1439,-11.5000,-28.3000,0.040000,0.269375,0,0,1,1,0,0,0.0000,0.0000,,,,,1983,1983,0,0,1923,1934,60,36,0,13,0.52859,0.54115,,,,,,,,,,,,,,,,,,,,,,,140350.9064,1396,1396,0,0
1788271854.3931,G_left_centre_left_right,G,left,0,left_right,,centre,491,142.1000,344.2000,59.3000,217.1000,218.9000,0.0000,345.9000,314.7000,23.8000,0.0000,167.7000,0.0000,107.0000,0.0000,0.34500,-0.07100,0.86900,6.95000,-1.33000,48.82000,-0.95700,-0.04200,0.20800,1.36000,0.97000,1.49000,33.4,25.3,1.0,0.0,0.736438,0.320444,1.319703,-0.731285,0.338671,1.182389,-0.089600,0.486000,0.869300,0.003200,0.133500,0.542300,0.828800,0.034500,0.736407,0.319216,1.319651,-0.732975,0.339589,1.181555,1.117150,0.753152,2.264214,-1.658326,-1.990962,-0.704301,-0.542766,1.961894,-1.265138,1.603498,-1.449513,2.676993,0.132710,2.488607,1,1,1.0000,1.0000,-13.8729,-64.6215,-11.2000,-28.3000,0.040000,0.269402,0,0,1,1,0,0,0.0000,0.0000,,,,,1983,1983,0,0,1923,1934,60,36,0,13,0.52859,0.54115,,,,,,,,,,,,,,,,,,,,,,,140350.9159,1397,1397,0,0
1788271854.4136,G_left_centre_left_right,G,left,0,left_right,,centre,492,142.4000,344.2000,59.3000,217.1000,218.9000,0.0000,345.9000,314.7000,23.8000,0.0000,167.7000,0.0000,107.1000,0.0000,0.34300,-0.08700,0.87400,6.89000,-3.61000,51.08000,-0.96100,-0.04500,0.21100,1.07000,1.32000,2.24000,31.0,25.2,1.0,0.0,0.736483,0.320701,1.319616,-0.731145,0.338594,1.182455,-0.089600,0.486000,0.869300,0.003200,0.133500,0.542300,0.828800,0.034500,0.736407,0.319216,1.319651,-0.732975,0.339589,1.181555,1.116683,0.753498,2.264252,-1.657217,-1.990261,-0.703729,-0.543601,1.961778,-1.265127,1.603011,-1.450909,2.676962,0.131270,2.488712,1,1,1.0000,1.0000,-14.1680,-64.4654,-10.9000,-28.3000,0.040000,0.269402,0,0,1,1,0,0,0.0000,0.0000,,,,,1985,1985,0,0,1925,1936,60,36,0,13,0.52963,0.54075,,,,,,,,,,,,,,,,,,,,,,,140350.9364,1398,1398,0,0
1788271854.4297,G_left_centre_left_right,G,left,0,left_right,,centre,493,142.6000,344.2000,59.3000,217.1000,218.9000,0.0000,345.9000,314.7000,23.8000,0.0000,167.7000,0.0000,107.4000,0.0000,0.37500,-0.08800,0.86700,7.42000,-4.56000,50.72000,-0.96400,-0.04100,0.21300,-0.45000,1.56000,3.21000,32.3,24.9,1.0,0.0,0.736560,0.320914,1.319709,-0.731119,0.338579,1.182461,-0.089600,0.486000,0.869300,0.003200,0.133500,0.542300,0.828800,0.034500,0.736407,0.319216,1.319651,-0.732975,0.339589,1.181555,1.116364,0.753748,2.264283,-1.656460,-1.989806,-0.703340,-0.544177,1.961641,-1.265120,1.602441,-1.452520,2.676922,0.129659,2.488832,1,1,1.0000,1.0000,-12.2215,-64.7096,-10.7000,-28.3000,0.040000,0.269402,0,0,1,1,0,0,0.0000,0.0000,,,,,1986,1986,0,0,1926,1937,60,36,0,13,0.52963,0.54075,,,,,,,,,,,,,,,,,,,,,,,140350.9526,1399,1399,0,0
1788271854.4489,G_left_centre_left_right,G,left,0,left_right,,centre,494,142.6000,344.2000,59.3000,217.1000,218.9000,0.0000,345.9000,314.7000,23.8000,0.0000,167.7000,0.0000,107.4000,0.0000,0.37500,-0.08800,0.86700,7.42000,-4.56000,50.72000,-0.96400,-0.04100,0.21300,-0.45000,1.56000,3.21000,33.5,24.4,1.0,0.0,0.736560,0.320914,1.319709,-0.731119,0.338579,1.182461,-0.089600,0.486000,0.869300,0.003200,0.133500,0.542300,0.828800,0.034500,0.736580,0.320196,1.319672,-0.731779,0.338914,1.182345,1.116179,0.753941,2.264311,-1.655932,-1.989443,-0.703121,-0.544583,1.961559,-1.265117,1.602114,-1.453347,2.676897,0.128862,2.488901,1,1,1.0000,1.0000,-12.2215,-64.7096,-10.7000,-28.3000,0.040000,0.269402,0,0,1,1,0,0,0.0000,0.0000,,,,,1986,1986,0,0,1926,1937,60,36,0,13,0.52963,0.54075,,,,,,,,,,,,,,,,,,,,,,,140350.9717,1399,1399,0,0
1788271854.4904,G_left_centre_left_right,G,left,0,left_right,,centre,495,143.5000,344.2000,59.3000,217.1000,218.9000,0.0000,345.8000,314.7000,23.8000,0.0000,167.7000,0.0000,107.7000,0.0000,0.39400,-0.04600,0.88300,7.91000,-1.60000,48.56000,-0.95100,-0.04600,0.21100,-2.31000,1.34000,3.72000,33.0,25.1,1.0,0.0,0.736781,0.321574,1.319980,-0.730896,0.338455,1.182562,-0.089600,0.486000,0.869300,0.003200,0.133500,0.542300,0.828800,0.034500,0.736580,0.320196,1.319672,-0.731779,0.338914,1.182345,1.115368,0.754604,2.264406,-1.653903,-1.988168,-0.702160,-0.546062,1.961284,-1.265120,1.601103,-1.455327,2.676800,0.127026,2.489131,1,1,1.0000,1.0000,-11.3617,-64.4494,-9.8000,-28.3000,0.040000,0.269402,0,0,1,1,0,0,0.0000,0.0000,,,,,1988,1988,0,0,1928,1939,60,36,0,13,0.53013,0.53983,,,,,,,,,,,,,,,,,,,,,,,140351.0132,1402,1402,0,0
1788271854.4915,G_left_centre_left_right,G,left,0,left_right,,centre,496,143.5000,344.2000,59.3000,217.1000,218.9000,0.0000,345.8000,314.7000,23.8000,0.0000,167.7000,0.0000,107.7000,0.0000,0.39400,-0.04600,0.88300,7.91000,-1.60000,48.56000,-0.95100,-0.04600,0.21100,-2.31000,1.34000,3.72000,33.0,25.1,1.0,0.0,0.736781,0.321574,1.319980,-0.730896,0.338455,1.182562,-0.089600,0.486000,0.869300,0.003200,0.133500,0.542300,0.828800,0.034500,0.736580,0.320196,1.319672,-0.731779,0.338914,1.182345,1.115368,0.754604,2.264406,-1.653903,-1.988168,-0.702160,-0.546062,1.961284,-1.265120,1.601103,-1.455327,2.676800,0.127026,2.489131,1,1,1.0000,1.0000,-11.3617,-64.4494,-9.8000,-28.3000,0.040000,0.269402,0,0,1,1,0,0,0.0000,0.0000,,,,,1988,1988,0,0,1928,1939,60,36,0,13,0.53013,0.53983,,,,,,,,,,,,,,,,,,,,,,,140351.0143,1402,1402,0,0
1788271854.5123,G_left_centre_left_right,G,left,0,left_right,,centre,497,143.6000,344.2000,59.3000,217.1000,218.9000,0.0000,345.6000,314.7000,23.8000,0.0000,167.7000,0.0000,107.4000,0.0000,0.40700,-0.06100,0.88900,4.67000,0.15000,48.39000,-0.94000,-0.04400,0.21900,-1.36000,1.31000,3.31000,32.8,25.4,1.0,0.0,0.736874,0.321797,1.320175,-0.730806,0.338405,1.182604,-0.089600,0.486000,0.869300,0.003200,0.133500,0.542300,0.828800,0.034500,0.736768,0.321153,1.319762,-0.731130,0.338594,1.182465,1.114574,0.754955,2.264459,-1.652375,-1.987583,-0.701278,-0.547067,1.961206,-1.265129,1.600961,-1.455449,2.676753,0.126939,2.489202,1,1,1.0000,1.0000,-10.8824,-64.5026,-9.7000,-28.3000,0.040000,0.269402,0,0,1,1,0,0,0.0000,0.0000,,,,,1990,1990,0,0,1930,1941,60,36,0,13,0.53013,0.53983,,,,,,,,,,,,,,,,,,,,,,,140351.0352,1403,1403,0,0
1788271854.5435,G_left_centre_left_right,G,left,0,left_right,,centre,498,143.8000,344.2000,59.3000,217.1000,218.9000,0.0000,345.5000,314.7000,23.8000,0.0000,167.7000,0.0000,107.4000,0.0000,0.39200,-0.05900,0.87400,1.82000,3.05000,48.82000,-0.93300,-0.04800,0.21000,0.00000,1.48000,2.53000,34.0,25.1,1.0,0.0,0.736940,0.321984,1.320283,-0.730620,0.338304,1.182699,-0.089600,0.486000,0.869300,0.003200,0.133500,0.542300,0.828800,0.034500,0.736768,0.321153,1.319762,-0.731130,0.338594,1.182465,1.114266,0.755063,2.264472,-1.651829,-1.987398,-0.700942,-0.547412,1.961173,-1.265133,1.600918,-1.455482,2.676727,0.126939,2.489238,1,1,1.0000,1.0000,-11.3186,-64.2252,-9.5000,-28.3000,0.040000,0.269402,0,0,1,1,0,0,0.0000,0.0000,,,,,1991,1991,0,0,1931,1942,60,36,0,13,0.53062,0.53941,,,,,,,,,,,,,,,,,,,,,,,140351.0663,1404,1404,0,0
1788271854.5490,G_left_centre_left_right,G,left,0,left_right,,centre,499,144.0000,344.2000,59.3000,217.1000,218.9000,0.0000,345.4000,314.7000,23.8000,0.0000,167.4000,0.0000,107.1000,0.0000,0.35200,-0.07500,0.87200,0.02000,3.90000,50.50000,-0.93200,-0.04800,0.21600,0.98000,1.49000,0.92000,34.0,25.1,1.0,0.0,0.736956,0.322165,1.320178,-0.730453,0.338213,1.182775,-0.089600,0.486000,0.869300,0.003200,0.133500,0.542300,0.828800,0.034500,0.736768,0.321153,1.319762,-0.731130,0.338594,1.182465,1.113731,0.755140,2.264479,-1.651078,-1.987276,-0.700400,-0.547829,1.961133,-1.265140,1.600791,-1.455853,2.676689,0.126581,2.489287,1,1,1.0000,1.0000,-13.5624,-64.2389,-9.3000,-28.3000,0.040000,0.269480,0,0,1,1,0,0,0.0000,0.0000,,,,,1992,1992,0,0,1932,1943,60,36,0,13,0.53062,0.53941,,,,,,,,,,,,,,,,,,,,,,,140351.0718,1405,1405,0,0
1788271854.5735,G_left_centre_left_right,G,left,0,left_right,,centre,500,144.2000,344.2000,59.3000,217.1000,218.9000,0.0000,345.3000,314.7000,23.8000,0.0000,167.2000,0.0000,106.9000,0.0000,0.35400,-0.08700,0.87300,0.84000,4.10000,50.31000,-0.94000,-0.04100,0.22100,1.62000,1.02000,-0.31000,35.0,25.4,1.0,0.0,0.736974,0.322344,1.320088,-0.730473,0.338222,1.182750,-0.089600,0.486000,0.869300,0.003200,0.133500,0.542300,0.828800,0.034500,0.736768,0.321153,1.319762,-0.731130,0.338594,1.182465,1.113123,0.755216,2.264482,-1.650248,-1.987148,-0.699806,-0.548303,1.961074,-1.265145,1.600595,-1.456450,2.676639,0.125918,2.489358,1,1,1.0000,1.0000,-13.5262,-64.6842,-9.1000,-28.3000,0.040000,0.269532,0,0,1,1,0,0,0.0000,0.0000,,,,,1993,1993,0,0,1933,1944,60,36,0,13,0.53062,0.53941,,,,,,,,,,,,,,,,,,,,,,,140351.0964,1406,1406,0,0
1788271854.5975,G_left_centre_left_right,G,left,0,left_right,,centre,501,144.4000,344.2000,59.3000,217.1000,218.9000,0.0000,345.3000,314.7000,23.8000,0.0000,167.2000,0.0000,106.6000,0.0000,0.35000,-0.10400,0.88400,3.27000,3.22000,48.68000,-0.94100,-0.03600,0.21700,1.13000,0.33000,-0.78000,35.0,24.8,1.0,0.0,0.736980,0.322499,1.319976,-0.730544,0.338261,1.182702,-0.089600,0.486000,0.869300,0.003200,0.133500,0.542300,0.828800,0.034500,0.736941,0.321860,1.320158,-0.730815,0.338407,1.182637,1.112773,0.755403,2.264518,-1.649531,-1.986807,-0.699416,-0.548815,1.961012,-1.265153,1.600366,-1.457150,2.676590,0.125204,2.489429,1,1,1.0000,1.0000,-14.0631,-64.9740,-8.9000,-28.3000,0.040000,0.269532,0,0,1,1,0,0,0.0000,0.0000,,,,,1994,1994,0,0,1934,1945,60,36,0,13,0.53062,0.53917,,,,,,,,,,,,,,,,,,,,,,,140351.1203,1407,1407,0,0
1788271854.6096,G_left_centre_left_right,G,left,0,left_right,,centre,502,144.5000,344.2000,59.3000,217.1000,218.9000,0.0000,345.2000,314.7000,23.8000,0.0000,167.2000,0.0000,106.2000,0.0000,0.34500,-0.06900,0.89900,3.40000,2.15000,46.86000,-0.94400,-0.03600,0.22900,0.10000,-0.27000,-1.82000,35.5,24.8,1.0,0.0,0.736977,0.322659,1.319830,-0.730624,0.338303,1.182650,-0.089600,0.486000,0.869300,0.003200,0.133500,0.542300,0.828800,0.034500,0.736941,0.321860,1.320158,-0.730815,0.338407,1.182637,1.112598,0.755536,2.264544,-1.649101,-1.986546,-0.699224,-0.549135,1.960952,-1.265176,1.600166,-1.457959,2.676524,0.124426,2.489497,1,1,1.0000,1.0000,-14.5092,-64.9987,-8.8000,-28.3000,0.040000,0.269532,0,0,1,1,0,0,0.0000,0.0000,,,,,1995,1995,0,0,1935,1946,60,36,0,13,0.53103,0.53917,,,,,,,,,,,,,,,,,,,,,,,140351.1325,1408,1408,0,0
1788271854.6389,G_left_centre_left_right,G,left,0,left_right,,centre,503,144.7000,344.2000,59.3000,217.1000,218.9000,0.0000,345.2000,314.7000,23.8000,0.0000,167.2000,0.0000,106.2000,0.0000,0.36900,-0.07100,0.89600,1.22000,2.42000,48.25000,-0.94400,-0.03600,0.22900,0.10000,-0.27000,-1.82000,36.1,24.4,1.0,0.0,0.737007,0.322817,1.319820,-0.730804,0.338399,1.182546,-0.089600,0.486000,0.869300,0.003200,0.133500,0.542300,0.828800,0.034500,0.736941,0.321860,1.320158,-0.730815,0.338407,1.182637,1.112517,0.755676,2.264571,-1.648744,-1.986245,-0.699126,-0.549408,1.960945,-1.265180,1.600143,-1.458055,2.676515,0.124333,2.489505,1,1,1.0000,1.0000,-13.1355,-64.9987,-8.6000,-28.3000,0.040000,0.269532,0,0,1,1,0,0,0.0000,0.0000,,,,,1995,1995,0,0,1935,1946,60,36,0,13,0.53103,0.53917,,,,,,,,,,,,,,,,,,,,,,,140351.1617,1409,1408,0,0
1788271854.6507,G_left_centre_left_right,G,left,0,left_right,,centre,504,144.8000,344.2000,59.3000,217.1000,218.9000,0.0000,345.2000,314.7000,23.8000,0.0000,167.4000,0.0000,106.1000,0.0000,0.37900,-0.06700,0.90400,-2.67000,3.08000,49.94000,-0.93800,-0.02600,0.22200,-3.12000,-1.69000,-3.13000,35.6,24.8,1.0,0.0,0.737042,0.322961,1.319845,-0.731106,0.338562,1.182379,-0.089600,0.486000,0.869300,0.003200,0.133500,0.542300,0.828800,0.034500,0.737059,0.322479,1.319970,-0.730558,0.338250,1.182815,1.112231,0.756239,2.264693,-1.647445,-1.985075,-0.698773,-0.550422,1.960930,-1.265204,1.600167,-1.457944,2.676472,0.124471,2.489522,1,1,1.0000,1.0000,-12.7532,-65.5719,-8.5000,-28.3000,0.040000,0.269480,0,0,1,1,0,0,0.0000,0.0000,,,,,1997,1997,0,0,1937,1948,60,36,0,13,0.53103,0.53917,,,,,,,,,,,,,,,,,,,,,,,140351.1735,1410,1410,0,0
1788271854.6728,G_left_centre_left_right,G,left,0,left_right,,centre,505,144.8000,344.2000,59.3000,217.1000,218.9000,0.0000,345.2000,314.7000,23.8000,0.0000,167.4000,0.0000,106.1000,0.0000,0.37900,-0.06700,0.90400,-2.67000,3.08000,49.94000,-0.93800,-0.02600,0.22200,-3.12000,-1.69000,-3.13000,35.6,24.8,1.0,0.0,0.737042,0.322961,1.319845,-0.731106,0.338562,1.182379,-0.089600,0.486000,0.869300,0.003200,0.133500,0.542300,0.828800,0.034500,0.737059,0.322479,1.319970,-0.730558,0.338250,1.182815,1.112148,0.756396,2.264729,-1.647089,-1.984744,-0.698673,-0.550697,1.960932,-1.265220,1.600215,-1.457726,2.676449,0.124720,2.489524,1,1,1.0000,1.0000,-12.7532,-65.5719,-8.5000,-28.3000,0.040000,0.269480,0,0,1,1,0,0,0.0000,0.0000,,,,,1997,1997,0,0,1937,1948,60,36,0,13,0.53103,0.53917,,,,,,,,,,,,,,,,,,,,,,,140351.1957,1410,1410,0,0
1788271854.7038,G_left_centre_left_right,G,left,0,left_right,,centre,506,145.4000,344.2000,59.3000,217.1000,218.9000,0.0000,345.1000,314.7000,23.8000,0.0000,167.8000,0.0000,106.7000,0.0000,0.35600,-0.16800,0.87700,-5.52000,5.40000,49.38000,-0.93100,-0.02400,0.20600,-3.76000,-2.40000,-3.77000,35.0,24.5,1.0,0.0,0.737083,0.323390,1.319679,-0.731924,0.339001,1.181951,-0.089600,0.486000,0.869300,0.003200,0.133500,0.542300,0.828800,0.034500,0.737059,0.322479,1.319970,-0.730558,0.338250,1.182815,1.111644,0.756916,2.264876,-1.645640,-1.983904,-0.698123,-0.551735,1.960988,-1.265273,1.600609,-1.456483,2.676395,0.126061,2.489482,1,1,1.0000,1.0000,-13.8056,-65.6455,-7.9000,-28.3000,0.040000,0.269375,0,0,1,1,0,0,0.0000,0.0000,,,,,1999,1999,0,0,1939,1950,60,36,0,13,0.53133,0.53897,,,,,,,,,,,,,,,,,,,,,,,140351.2266,1413,1413,0,0
1788271854.7091,G_left_centre_left_right,G,left,0,left_right,,centre,507,145.4000,344.2000,59.3000,217.1000,218.9000,0.0000,345.1000,314.7000,23.8000,0.0000,167.8000,0.0000,106.7000,0.0000,0.35600,-0.16800,0.87700,-5.52000,5.40000,49.38000,-0.93100,-0.02400,0.20600,-3.76000,-2.40000,-3.77000,35.0,24.5,1.0,0.0,0.737083,0.323390,1.319679,-0.731924,0.339001,1.181951,-0.089600,0.486000,0.869300,0.003200,0.133500,0.542300,0.828800,0.034500,0.737059,0.322479,1.319970,-0.730558,0.338250,1.182815,1.111539,0.757042,2.264916,-1.645347,-1.983680,-0.698012,-0.551960,1.961012,-1.265285,1.600748,-1.456093,2.676386,0.126471,2.489464,1,1,1.0000,1.0000,-13.8056,-65.6455,-7.9000,-28.3000,0.040000,0.269375,0,0,1,1,0,0,0.0000,0.0000,,,,,2000,2000,0,0,1940,1951,60,36,0,13,0.53133,0.53897,,,,,,,,,,,,,,,,,,,,,,,140351.2320,1413,1413,0,0
1788271854.7452,G_left_centre_left_right,G,left,0,left_right,,centre,508,145.7000,344.2000,59.3000,217.1000,218.9000,0.0000,345.0000,314.7000,23.8000,0.0000,168.1000,0.0000,107.1000,0.0000,0.32700,-0.15800,0.88900,2.43000,3.95000,47.00000,-0.94500,-0.02300,0.21300,-2.60000,-1.60000,-5.24000,36.0,24.7,1.0,0.0,0.737036,0.323665,1.319308,-0.732316,0.339211,1.181763,-0.089600,0.486000,0.869300,0.003200,0.133500,0.542300,0.828800,0.034500,0.737141,0.323094,1.319797,-0.731035,0.338534,1.182380,1.111337,0.757302,2.265001,-1.644749,-1.983214,-0.697805,-0.552420,1.961080,-1.265306,1.601102,-1.455148,2.676373,0.127457,2.489414,1,1,1.0000,1.0000,-15.6438,-65.7378,-7.6000,-28.3000,0.040000,0.269294,0,0,1,1,0,0,0.0000,0.0000,,,,,2001,2001,0,0,1941,1952,60,36,0,13,0.53133,0.53897,,,,,,,,,,,,,,,,,,,,,,,140351.2681,1415,1415,0,0
1788271854.7490,G_left_centre_left_right,G,left,0,left_right,,centre,509,145.7000,344.2000,59.3000,217.1000,218.9000,0.0000,345.0000,314.7000,23.8000,0.0000,168.1000,0.0000,107.1000,0.0000,0.32700,-0.15800,0.88900,2.43000,3.95000,47.00000,-0.94500,-0.02300,0.21300,-2.60000,-1.60000,-5.24000,36.0,24.7,1.0,0.0,0.737036,0.323665,1.319308,-0.732316,0.339211,1.181763,-0.089600,0.486000,0.869300,0.003200,0.133500,0.542300,0.828800,0.034500,0.737141,0.323094,1.319797,-0.731035,0.338534,1.182380,1.111189,0.757558,2.265086,-1.644228,-1.982756,-0.697656,-0.552833,1.961166,-1.265326,1.601524,-1.454021,2.676363,0.128612,2.489354,1,1,1.0000,1.0000,-15.6438,-65.7378,-7.6000,-28.3000,0.040000,0.269294,0,0,1,1,0,0,0.0000,0.0000,,,,,2002,2002,0,0,1942,1953,60,36,0,13,0.53159,0.53935,,,,,,,,,,,,,,,,,,,,,,,140351.2719,1415,1415,0,0
1788271854.7729,G_left_centre_left_right,G,left,0,left_right,,centre,510,145.9000,344.2000,59.3000,217.1000,218.9000,0.0000,345.0000,314.8000,23.8000,0.0000,168.2000,0.0000,107.2000,0.0000,0.33900,-0.11400,0.90100,5.44000,2.93000,46.73000,-0.95700,-0.02300,0.20700,-2.63000,-1.24000,-5.69000,36.0,24.5,1.0,0.0,0.737030,0.323802,1.319195,-0.732543,0.339355,1.181652,-0.089600,0.486000,0.869300,0.003200,0.133500,0.542300,0.828800,0.034500,0.737141,0.323094,1.319797,-0.731035,0.338534,1.182380,1.111099,0.757852,2.265183,-1.643737,-1.982219,-0.697560,-0.553247,1.961251,-1.265340,1.601925,-1.452977,2.676356,0.129657,2.489300,1,1,1.0000,1.0000,-15.0697,-65.7261,-7.4000,-28.2000,0.040000,0.269267,0,0,1,1,0,0,0.0000,0.0000,,,,,2003,2003,0,0,1943,1954,60,36,0,13,0.53159,0.53935,,,,,,,,,,,,,,,,,,,,,,,140351.2957,1416,1416,0,0
1788271854.8016,G_left_centre_left_right,G,left,0,left_right,,centre,511,146.1000,344.2000,59.3000,217.1000,218.9000,0.0000,344.9000,314.8000,23.8000,0.0000,168.1000,0.0000,107.1000,0.0000,0.34600,-0.07800,0.90200,4.90000,1.58000,47.34000,-0.94800,-0.02000,0.19800,-2.50000,-0.64000,-5.01000,34.0,24.9,1.0,0.0,0.737039,0.323932,1.319144,-0.732803,0.339514,1.181522,-0.089600,0.486000,0.869300,0.003200,0.133500,0.542300,0.828800,0.034500,0.737105,0.323540,1.319472,-0.731904,0.339007,1.181838,1.111034,0.758184,2.265291,-1.643207,-1.981603,-0.697489,-0.553701,1.961344,-1.265348,1.602320,-1.452012,2.676353,0.130608,2.489244,1,1,1.0000,1.0000,-14.5567,-65.8594,-7.2000,-28.2000,0.040000,0.269294,0,0,1,1,0,0,0.0000,0.0000,,,,,2003,2003,0,0,1943,1954,60,36,0,13,0.53159,0.53935,,,,,,,,,,,,,,,,,,,,,,,140351.3245,1417,1417,0,0
1788271854.8265,G_left_centre_left_right,G,left,0,left_right,,centre,512,146.4000,344.2000,59.3000,217.1000,218.9000,0.0000,344.9000,314.8000,23.8000,0.0000,168.0000,0.0000,107.0000,0.0000,0.38800,-0.13200,0.88100,-0.33000,1.08000,48.23000,-0.95300,-0.02400,0.21000,-1.52000,0.02000,-3.04000,35.0,25.2,1.0,0.0,0.737126,0.324185,1.319338,-0.733262,0.339795,1.181288,-0.089600,0.486000,0.869300,0.003200,0.133500,0.542300,0.828800,0.034500,0.737105,0.323540,1.319472,-0.731904,0.339007,1.181838,1.110942,0.758536,2.265406,-1.642573,-1.980954,-0.697391,-0.554214,1.961454,-1.265355,1.602704,-1.451049,2.676354,0.131539,2.489185,1,1,1.0000,1.0000,-12.0195,-65.6759,-6.9000,-28.2000,0.040000,0.269321,0,0,1,1,0,0,0.0000,0.0000,,,,,2005,2005,0,0,1945,1956,60,36,0,13,0.53171,0.53999,,,,,,,,,,,,,,,,,,,,,,,140351.3493,1419,1419,0,0
1788271854.8288,G_left_centre_left_right,G,left,0,left_right,,centre,513,146.4000,344.2000,59.3000,217.1000,218.9000,0.0000,344.9000,314.8000,23.8000,0.0000,168.0000,0.0000,107.0000,0.0000,0.38800,-0.13200,0.88100,-0.33000,1.08000,48.23000,-0.95300,-0.02400,0.21000,-1.52000,0.02000,-3.04000,35.0,25.2,1.0,0.0,0.737126,0.324185,1.319338,-0.733262,0.339795,1.181288,-0.089600,0.486000,0.869300,0.003200,0.133500,0.542300,0.828800,0.034500,0.737105,0.323540,1.319472,-0.731904,0.339007,1.181838,1.110797,0.758829,2.265510,-1.641947,-1.980465,-0.697248,-0.554683,1.961575,-1.265362,1.603082,-1.450081,2.676356,0.132465,2.489122,1,1,1.0000,1.0000,-12.0195,-65.6759,-6.9000,-28.2000,0.040000,0.269321,0,0,1,1,0,0,0.0000,0.0000,,,,,2006,2006,0,0,1946,1957,60,36,0,13,0.53171,0.53999,,,,,,,,,,,,,,,,,,,,,,,140351.3517,1419,1419,0,0
1788271854.8489,G_left_centre_left_right,G,left,0,left_right,,centre,514,146.6000,344.2000,59.3000,217.1000,218.9000,0.0000,344.9000,314.8000,23.7000,0.0000,168.0000,0.0000,107.1000,0.0000,0.39200,-0.16300,0.87400,-0.24000,3.48000,44.37000,-0.95000,-0.01800,0.20300,-0.47000,0.17000,-2.05000,35.7,25.4,1.0,0.0,0.737191,0.324317,1.319528,-0.733550,0.339967,1.181141,-0.089600,0.486000,0.869300,0.003200,0.133500,0.542300,0.828800,0.034500,0.737105,0.323540,1.319472,-0.731904,0.339007,1.181838,1.110552,0.759050,2.265597,-1.641387,-1.980154,-0.697023,-0.555086,1.961706,-1.265371,1.603474,-1.449066,2.676363,0.133445,2.489050,1,1,1.0000,1.0000,-11.7532,-66.0002,-6.7000,-28.2000,0.040000,0.269319,0,0,1,1,0,0,0.0000,0.0000,,,,,2007,2007,0,0,1947,1958,60,36,0,13,0.53171,0.53999,,,,,,,,,,,,,,,,,,,,,,,140351.3718,1420,1420,0,0
1788271854.8685,G_left_centre_left_right,G,left,0,left_right,,centre,515,146.8000,344.2000,59.3000,217.1000,218.9000,0.0000,344.9000,314.8000,23.7000,0.0000,168.0000,0.0000,107.1000,0.0000,0.34700,-0.21300,0.84800,2.62000,4.15000,40.69000,-0.94200,-0.02300,0.21100,0.47000,1.03000,-2.15000,36.8,25.6,1.0,0.0,0.737202,0.324429,1.319503,-0.733634,0.340022,1.181098,-0.089600,0.486000,0.869300,0.003200,0.133500,0.542300,0.828800,0.034500,0.737118,0.324059,1.319226,-0.732753,0.339501,1.181392,1.110201,0.759109,2.265645,-1.640990,-1.980103,-0.696732,-0.555306,1.961852,-1.265383,1.603895,-1.447941,2.676370,0.134536,2.488969,1,1,1.0000,1.0000,-13.7886,-65.7297,-6.5000,-28.2000,0.040000,0.269319,0,0,1,1,0,0,0.0000,0.0000,,,,,2008,2008,0,0,1948,1959,60,36,0,13,0.53171,0.54061,,,,,,,,,,,,,,,,,,,,,,,140351.3913,1421,1421,0,0
1788271854.8891,G_left_centre_left_right,G,left,0,left_right,,centre,516,147.0000,344.2000,59.3000,217.1000,218.9000,0.0000,344.8000,314.8000,23.7000,0.0000,168.1000,0.0000,107.2000,0.0000,0.34500,-0.19600,0.84500,6.63000,4.65000,36.66000,-0.95500,-0.02200,0.20600,0.26000,0.90000,-2.19000,37.6,25.9,1.0,0.0,0.737215,0.324558,1.319478,-0.733747,0.340094,1.181042,-0.089600,0.486000,0.869300,0.003200,0.133500,0.542300,0.828800,0.034500,0.737118,0.324059,1.319226,-0.732753,0.339501,1.181392,1.109781,0.759082,2.265683,-1.640605,-1.980218,-0.696390,-0.555463,1.961992,-1.265395,1.604294,-1.446916,2.676380,0.135520,2.488888,1,1,1.0000,1.0000,-13.7916,-65.7795,-6.3000,-28.2000,0.040000,0.269291,0,0,1,1,0,0,0.0000,0.0000,,,,,2008,2008,0,0,1948,1959,60,36,0,13,0.53171,0.54061,,,,,,,,,,,,,,,,,,,,,,,140351.4119,1422,1422,0,0
1788271854.9175,G_left_centre_left_right,G,left,0,left_right,,centre,517,147.0000,344.2000,59.3000,217.1000,218.9000,0.0000,344.8000,314.8000,23.7000,0.0000,168.1000,0.0000,107.2000,0.0000,0.34500,-0.19600,0.84500,6.63000,4.65000,36.66000,-0.95500,-0.02200,0.20600,0.26000,0.90000,-2.19000,37.7,25.9,1.0,0.0,0.737215,0.324558,1.319478,-0.733747,0.340094,1.181042,-0.089600,0.486000,0.869300,0.003200,0.133500,0.542300,0.828800,0.034500,0.737118,0.324059,1.319226,-0.732753,0.339501,1.181392,1.109623,0.759075,2.265700,-1.640444,-1.980269,-0.696257,-0.555537,1.962068,-1.265401,1.604503,-1.446384,2.676386,0.136026,2.488843,1,1,1.0000,1.0000,-13.7916,-65.7795,-6.3000,-28.2000,0.040000,0.269291,0,0,1,1,0,0,0.0000,0.0000,,,,,2009,2009,0,0,1949,1960,60,36,0,13,0.53189,0.54061,,,,,,,,,,,,,,,,,,,,,,,140351.4404,1422,1422,0,0
1788271854.9449,G_left_centre_left_right,G,left,0,left_right,,centre,518,147.9000,344.2000,59.3000,217.1000,218.9000,0.0000,344.7000,314.8000,23.7000,0.0000,168.2000,0.0000,107.2000,0.0000,0.36000,-0.05900,0.88400,-3.03000,6.95000,48.01000,-0.95500,-0.02700,0.20800,-1.94000,0.99000,-0.57000,37.1,25.7,1.0,0.0,0.737263,0.325007,1.319429,-0.733707,0.340094,1.181071,-0.089600,0.486000,0.869300,0.003200,0.133500,0.542300,0.828800,0.034500,0.737237,0.324483,1.319461,-0.733561,0.339985,1.181002,1.109373,0.759242,2.265797,-1.639746,-1.979945,-0.696045,-0.555998,1.962260,-1.265416,1.605009,-1.445154,2.676403,0.137167,2.488733,1,1,1.0000,1.0000,-13.3080,-65.4947,-5.4000,-28.2000,0.040000,0.269264,0,0,1,1,0,0,0.0000,0.0000,,,,,2011,2011,0,0,1951,1962,60,36,0,13,0.53189,0.54061,,,,,,,,,,,,,,,,,,,,,,,140351.4677,1425,1425,0,0
1788271854.9605,G_left_centre_left_right,G,left,0,left_right,,centre,519,147.9000,344.2000,59.3000,217.1000,218.9000,0.0000,344.7000,314.8000,23.7000,0.0000,168.2000,0.0000,107.2000,0.0000,0.36000,-0.05900,0.88400,-3.03000,6.95000,48.01000,-0.95500,-0.02700,0.20800,-1.94000,0.99000,-0.57000,37.1,25.7,1.0,0.0,0.737263,0.325007,1.319429,-0.733707,0.340094,1.181071,-0.089600,0.486000,0.869300,0.003200,0.133500,0.542300,0.828800,0.034500,0.737237,0.324483,1.319461,-0.733561,0.339985,1.181002,1.109279,0.759324,2.265839,-1.639469,-1.979767,-0.695966,-0.556186,1.962311,-1.265420,1.605139,-1.444913,2.676407,0.137393,2.488705,1,1,1.0000,1.0000,-13.3080,-65.4947,-5.4000,-28.2000,0.040000,0.269264,0,0,1,1,0,0,0.0000,0.0000,,,,,2011,2011,0,0,1951,1962,60,36,0,13,0.53189,0.54061,,,,,,,,,,,,,,,,,,,,,,,140351.4833,1425,1425,0,0
1788271854.9685,G_left_centre_left_right,G,left,0,left_right,,centre,520,147.9000,344.2000,59.3000,217.1000,218.9000,0.0000,344.7000,314.8000,23.7000,0.0000,168.2000,0.0000,107.1000,0.0000,0.39800,-0.06900,0.86800,-9.97000,9.89000,52.71000,-0.95100,-0.02500,0.21200,-3.12000,0.68000,0.20000,36.9,26.3,1.0,0.0,0.737332,0.325134,1.319668,-0.733749,0.340123,1.181054,-0.089600,0.486000,0.869300,0.003200,0.133500,0.542300,0.828800,0.034500,0.737237,0.324483,1.319461,-0.733561,0.339985,1.181002,1.108936,0.759599,2.265958,-1.638609,-1.979248,-0.695675,-0.556770,1.962426,-1.265428,1.605325,-1.444608,2.676419,0.137662,2.488646,1,1,1.0000,1.0000,-10.8946,-65.6221,-5.4000,-28.2000,0.040000,0.269264,0,0,1,1,0,0,0.0000,0.0000,,,,,2013,2013,0,0,1953,1964,60,36,0,13,0.53213,0.54118,,,,,,,,,,,,,,,,,,,,,,,140351.4913,1426,1426,0,0
1788271854.9886,G_left_centre_left_right,G,left,0,left_right,,centre,521,161.0000,344.2000,59.3000,217.1000,218.9000,0.0000,344.1000,314.8000,23.7000,0.0000,167.4000,0.0000,107.0000,0.0000,0.30200,-0.18000,0.87900,-18.91000,18.97000,33.70000,-0.94900,-0.04800,0.22300,2.37000,7.79000,-3.03000,42.6,35.2,1.0,0.0,0.737172,0.327288,1.319119,-0.733206,0.339842,1.181320,-0.089600,0.486000,0.869300,0.003200,0.133500,0.542300,0.828800,0.034500,0.737237,0.324483,1.319461,-0.733561,0.339985,1.181002,1.108637,0.759737,2.266023,-1.638086,-1.979002,-0.695426,-0.557122,1.962473,-1.265428,1.605332,-1.444641,2.676427,0.137567,2.488628,1,1,1.0000,1.0000,-16.9233,-64.2966,7.7000,-28.2000,0.040000,0.269477,0,0,1,1,0,0,0.0000,0.0000,,,,,2014,2014,0,0,1954,1965,60,36,0,13,0.53213,0.54118,,,,,,,,,,,,,,,,,,,,,,,140351.5114,1427,1427,0,0
1788271855.0123,G_left_centre_left_right,G,left,0,left_right,,centre,522,161.3000,344.2000,59.3000,217.1000,218.9000,0.0000,344.1000,314.8000,23.7000,0.0000,167.4000,0.0000,107.1000,0.0000,0.27200,-0.24300,0.88300,-19.95000,23.31000,32.44000,-0.96400,-0.04300,0.23300,1.47000,7.19000,-2.72000,43.0,35.4,1.0,0.0,0.736951,0.329009,1.318406,-0.732938,0.339704,1.181445,-0.089600,0.486000,0.869300,0.003200,0.133500,0.542300,0.828800,0.034500,0.737322,0.324984,1.319484,-0.733718,0.340096,1.181055,1.108280,0.759787,2.266088,-1.637746,-1.978935,-0.695137,-0.557316,1.962508,-1.265425,1.605360,-1.444585,2.676438,0.137632,2.488611,1,1,1.0000,1.0000,-18.8123,-64.6381,8.0000,-28.2000,0.040000,0.269477,0,0,1,1,0,0,0.0000,0.0000,,,,,2015,2015,0,0,1955,1966,60,36,0,13,0.53213,0.54118,,,,,,,,,,,,,,,,,,,,,,,140351.5351,1428,1428,0,0
1788271855.0290,G_left_centre_left_right,G,left,0,left_right,,centre,523,161.7000,344.2000,59.3000,217.1000,218.9000,0.0000,344.1000,314.8000,23.7000,0.0000,167.5000,0.0000,107.2000,0.0000,0.23900,-0.28100,0.85100,-16.65000,23.68000,28.50000,-0.96100,-0.03800,0.23900,0.62000,5.89000,-1.71000,44.2,35.5,1.0,0.0,0.736711,0.330328,1.317686,-0.732834,0.339653,1.181490,-0.089600,0.486000,0.869300,0.003200,0.133500,0.542300,0.828800,0.034500,0.737322,0.324984,1.319484,-0.733718,0.340096,1.181055,1.107778,0.759951,2.266216,-1.637401,-1.978991,-0.694709,-0.557425,1.962497,-1.265428,1.605325,-1.444466,2.676433,0.137691,2.488625,1,1,1.0000,1.0000,-20.1852,-64.9236,8.4000,-28.2000,0.040000,0.269451,0,0,1,1,0,0,0.0000,0.0000,,,,,2015,2015,0,0,1955,1966,60,36,0,13,0.53213,0.54118,,,,,,,,,,,,,,,,,,,,,,,140351.5518,1429,1429,0,0
1788271855.0527,G_left_centre_left_right,G,left,0,left_right,,centre,524,161.9000,344.2000,59.3000,217.1000,218.9000,0.0000,344.1000,314.8000,23.7000,0.0000,167.6000,0.0000,107.3000,0.0000,0.21300,-0.26200,0.84700,-12.47000,21.89000,25.34000,-0.96000,-0.04500,0.23600,-0.94000,5.21000,-1.04000,43.2,36.2,1.0,0.0,0.736428,0.331424,1.316876,-0.732547,0.339505,1.181633,-0.089600,0.486000,0.869300,0.003200,0.133500,0.542300,0.828800,0.034500,0.737322,0.324984,1.319484,-0.733718,0.340096,1.181055,1.107077,0.760591,2.266433,-1.636606,-1.978842,-0.694101,-0.557792,1.962444,-1.265434,1.605090,-1.444714,2.676418,0.137344,2.488664,1,1,1.0000,1.0000,-21.7005,-64.5154,8.6000,-28.2000,0.040000,0.269425,0,0,1,1,0,0,0.0000,0.0000,,,,,2017,2017,0,0,1957,1968,60,36,0,13,0.53237,0.54128,,,,,,,,,,,,,,,,,,,,,,,140351.5755,1430,1430,0,0
1788271855.0709,G_left_centre_left_right,G,left,0,left_right,,centre,525,162.2000,344.2000,59.3000,217.1000,218.9000,0.0000,344.1000,314.8000,23.7000,0.0000,167.8000,0.0000,107.4000,0.0000,0.19000,-0.24600,0.85900,-9.84000,17.23000,25.11000,-0.96500,-0.04500,0.23100,-1.96000,3.73000,-0.79000,43.6,36.1,1.0,0.0,0.736102,0.332318,1.316004,-0.732294,0.339375,1.181765,-0.089600,0.486000,0.869300,0.003200,0.133500,0.542300,0.828800,0.034500,0.736760,0.325934,1.319445,-0.733448,0.339987,1.181102,1.106292,0.761725,2.266711,-1.635026,-1.978134,-0.693439,-0.558706,1.962384,-1.265444,1.604817,-1.445509,2.676401,0.136521,2.488706,1,1,1.0000,1.0000,-23.2964,-64.5228,8.9000,-28.2000,0.040000,0.269372,0,0,1,1,0,0,0.0000,0.0000,,,,,2018,2018,0,0,1958,1969,60,36,0,13,0.53237,0.54128,,,,,,,,,,,,,,,,,,,,,,,140351.5937,1431,1431,0,0
1788271855.0942,G_left_centre_left_right,G,left,0,left_right,,centre,526,162.6000,344.2000,59.3000,217.1000,218.9000,0.0000,344.1000,314.8000,23.7000,0.0000,167.8000,0.0000,107.5000,0.0000,0.22100,-0.22200,0.85600,-8.37000,13.89000,26.28000,-0.97400,-0.05300,0.23500,-2.19000,1.96000,-0.10000,43.2,36.6,1.0,0.0,0.735960,0.333057,1.315625,-0.731821,0.339126,1.182017,-0.089600,0.486000,0.869300,0.003200,0.133500,0.542300,0.828800,0.034500,0.736760,0.325934,1.319445,-0.733448,0.339987,1.181102,1.105426,0.763304,2.267059,-1.632364,-1.976522,-0.692720,-0.560271,1.962311,-1.265453,1.604494,-1.446639,2.676377,0.135409,2.488762,1,1,1.0000,1.0000,-21.3689,-64.0927,9.3000,-28.2000,0.040000,0.269372,0,0,1,1,0,0,0.0000,0.0000,,,,,2019,2019,0,0,1959,1970,60,36,0,13,0.53225,0.54108,,,,,,,,,,,,,,,,,,,,,,,140351.6170,1432,1432,0,0
1788271855.1097,G_left_centre_left_right,G,left,0,left_right,,centre,527,162.8000,344.2000,59.3000,217.1000,218.9000,0.0000,344.1000,314.8000,23.7000,0.0000,167.8000,0.0000,107.4000,0.0000,0.24100,-0.19000,0.86200,-8.57000,12.69000,27.98000,-0.96400,-0.05400,0.23400,-1.75000,0.75000,0.84000,45.7,36.9,1.0,0.0,0.735904,0.333687,1.315489,-0.731332,0.338869,1.182278,-0.089600,0.486000,0.869300,0.003200,0.133500,0.542300,0.828800,0.034500,0.736760,0.325934,1.319445,-0.733448,0.339987,1.181102,1.104498,0.765248,2.267461,-1.628685,-1.973914,-0.691949,-0.562332,1.962225,-1.265459,1.604093,-1.447904,2.676349,0.134131,2.488835,1,1,1.0000,1.0000,-20.2276,-64.0053,9.5000,-28.2000,0.040000,0.269372,0,0,1,1,0,0,0.0000,0.0000,,,,,2020,2020,0,0,1960,1971,60,36,0,13,0.53225,0.54108,,,,,,,,,,,,,,,,,,,,,,,140351.6326,1433,1433,0,0
1788271855.1458,G_left_centre_left_right,G,left,0,left_right,,centre,528,162.8000,344.2000,59.3000,217.1000,218.9000,0.0000,344.1000,314.8000,23.7000,0.0000,167.8000,0.0000,107.4000,0.0000,0.24100,-0.19000,0.86200,-8.57000,12.69000,27.98000,-0.96400,-0.05400,0.23400,-1.75000,0.75000,0.84000,46.5,38.7,1.0,0.0,0.735904,0.333687,1.315489,-0.731332,0.338869,1.182278,-0.089600,0.486000,0.869300,0.003200,0.133500,0.542300,0.828800,0.034500,0.736760,0.325934,1.319445,-0.733448,0.339987,1.181102,1.104054,0.766220,2.267657,-1.626784,-1.972496,-0.691580,-0.563369,1.962176,-1.265459,1.603863,-1.448555,2.676334,0.133480,2.488880,1,1,1.0000,1.0000,-20.2276,-64.0053,9.5000,-28.2000,0.040000,0.269372,0,0,1,1,0,0,0.0000,0.0000,,,,,2020,2020,0,0,1960,1971,60,36,0,13,0.53225,0.54108,,,,,,,,,,,,,,,,,,,,,,,140351.6687,1433,1433,0,0
1788271855.1494,G_left_centre_left_right,G,left,0,left_right,,centre,529,163.6000,344.2000,59.3000,217.1000,218.9000,0.0000,344.1000,314.8000,23.7000,0.0000,167.7000,0.0000,107.0000,0.0000,0.20200,-0.21400,0.89700,-6.18000,11.31000,34.72000,-0.96500,-0.03800,0.21800,-3.33000,-1.31000,2.36000,48.9,41.5,1.0,0.0,0.735603,0.334675,1.314792,-0.731249,0.338830,1.182316,-0.089600,0.486000,0.869300,0.003200,0.133500,0.542300,0.828800,0.034500,0.736922,0.329223,1.317694,-0.732442,0.339425,1.181842,1.102968,0.768484,2.268124,-1.622051,-1.968805,-0.690693,-0.565822,1.962071,-1.265455,1.603365,-1.449909,2.676302,0.132103,2.488980,1,1,1.0000,1.0000,-23.1008,-64.9002,10.3000,-28.2000,0.040000,0.269399,0,0,1,1,0,0,0.0000,0.0000,,,,,2022,2022,0,0,1962,1973,60,36,0,13,0.53225,0.54030,,,,,,,,,,,,,,,,,,,,,,,140351.6723,1435,1435,0,0
1788271855.1729,G_left_centre_left_right,G,left,0,left_right,,centre,530,163.6000,344.2000,59.3000,217.1000,218.9000,0.0000,344.1000,314.8000,23.7000,0.0000,167.7000,0.0000,107.0000,0.0000,0.20200,-0.21400,0.89700,-6.18000,11.31000,34.72000,-0.96500,-0.03800,0.21800,-3.33000,-1.31000,2.36000,48.9,41.5,1.0,0.0,0.735603,0.334675,1.314792,-0.731249,0.338830,1.182316,-0.089600,0.486000,0.869300,0.003200,0.133500,0.542300,0.828800,0.034500,0.736922,0.329223,1.317694,-0.732442,0.339425,1.181842,1.101789,0.770776,2.268620,-1.617158,-1.964930,-0.689761,-0.568322,1.961955,-1.265448,1.602805,-1.451377,2.676267,0.130598,2.489095,1,1,1.0000,1.0000,-23.1008,-64.9002,10.3000,-28.2000,0.040000,0.269399,0,0,1,1,0,0,0.0000,0.0000,,,,,2022,2022,0,0,1962,1973,60,36,0,13,0.53225,0.54030,,,,,,,,,,,,,,,,,,,,,,,140351.6957,1435,1435,0,0
1788271855.1889,G_left_centre_left_right,G,left,0,left_right,,centre,531,164.1000,344.2000,59.3000,217.1000,218.9000,0.0000,344.1000,314.8000,23.7000,0.0000,167.6000,0.0000,106.7000,0.0000,0.18500,-0.25400,0.85900,-3.68000,8.31000,37.37000,-0.95500,-0.05400,0.20700,-2.87000,-1.95000,3.18000,55.6,47.4,1.0,0.0,0.735246,0.335379,1.314004,-0.730406,0.338386,1.182758,-0.089600,0.486000,0.869300,0.003200,0.133500,0.542300,0.828800,0.034500,0.736922,0.329223,1.317694,-0.732442,0.339425,1.181842,1.100494,0.773330,2.269216,-1.612008,-1.960829,-0.688801,-0.571079,1.961797,-1.265440,1.601986,-1.453508,2.676217,0.128510,2.489253,1,1,1.0000,1.0000,-23.5930,-63.9134,10.8000,-28.2000,0.040000,0.269425,0,0,1,1,0,0,0.0000,0.0000,,,,,2024,2024,0,0,1964,1975,60,36,0,13,0.53322,0.54030,,,,,,,,,,,,,,,,,,,,,,,140351.7118,1437,1437,0,0
1788271855.2245,G_left_centre_left_right,G,left,0,left_right,,centre,532,164.4000,344.2000,59.3000,217.1000,218.9000,0.0000,344.1000,314.8000,23.7000,0.0000,167.4000,0.0000,106.7000,0.0000,0.19000,-0.26800,0.86500,-2.55000,8.40000,33.95000,-0.96200,-0.06000,0.22800,-0.02000,-2.24000,3.53000,58.0,48.1,1.0,0.0,0.735133,0.335681,1.313781,-0.729861,0.338097,1.183038,-0.089600,0.486000,0.869300,0.003200,0.133500,0.542300,0.828800,0.034500,0.737067,0.332763,1.315769,-0.731359,0.338852,1.182499,1.099359,0.775851,2.269838,-1.607708,-1.957330,-0.688028,-0.573580,1.961726,-1.265435,1.601692,-1.454247,2.676192,0.127862,2.489326,1,1,1.0000,1.0000,-23.3511,-63.6447,11.1000,-28.2000,0.040000,0.269477,0,0,1,1,0,0,0.0000,0.0000,,,,,2025,2025,0,0,1965,1976,60,36,0,13,0.53322,0.54030,,,,,,,,,,,,,,,,,,,,,,,140351.7474,1438,1438,0,0
1788271855.2294,G_left_centre_left_right,G,left,0,left_right,,centre,533,164.6000,344.2000,59.3000,217.1000,218.9000,0.0000,344.1000,314.8000,23.7000,0.0000,167.3000,0.0000,106.8000,0.0000,0.15800,-0.23400,0.90700,2.58000,7.03000,34.12000,-0.96800,-0.06000,0.20800,1.83000,-1.91000,3.96000,58.2,47.5,1.0,0.0,0.734920,0.335881,1.313337,-0.729476,0.337893,1.183234,-0.089600,0.486000,0.869300,0.003200,0.133500,0.542300,0.828800,0.034500,0.737067,0.332763,1.315769,-0.731359,0.338852,1.182499,1.098222,0.778577,2.270522,-1.603776,-1.953989,-0.687296,-0.576096,1.961647,-1.265428,1.601371,-1.454767,2.676164,0.127471,2.489407,1,1,1.0000,1.0000,-25.8222,-63.6030,11.3000,-28.2000,0.040000,0.269503,0,0,1,1,0,0,0.0000,0.0000,,,,,2026,2026,0,0,1966,1977,60,36,0,13,0.53432,0.53952,,,,,,,,,,,,,,,,,,,,,,,140351.7522,1439,1439,0,0
1788271855.2539,G_left_centre_left_right,G,left,0,left_right,,centre,534,164.9000,344.2000,59.3000,217.1000,218.9000,0.0000,344.1000,314.8000,23.8000,0.0000,167.0000,0.0000,106.8000,0.0000,0.18400,-0.25800,0.91800,4.08000,2.73000,31.12000,-0.96700,-0.05600,0.21600,3.21000,-2.18000,3.77000,54.4,46.4,1.0,0.0,0.734800,0.336131,1.313113,-0.729218,0.337756,1.183348,-0.089600,0.486000,0.869300,0.003200,0.133500,0.542300,0.828800,0.034500,0.737067,0.332763,1.315769,-0.731359,0.338852,1.182499,1.096419,0.782613,2.271656,-1.598998,-1.949670,-0.686176,-0.579396,1.961502,-1.265417,1.600759,-1.456011,2.676110,0.126508,2.489556,1,1,1.0000,1.0000,-24.3970,-63.8601,11.6000,-28.2000,0.040000,0.269583,0,0,1,1,0,0,0.0000,0.0000,,,,,2027,2027,0,0,1967,1978,60,36,0,13,0.53432,0.53952,,,,,,,,,,,,,,,,,,,,,,,140351.7768,1440,1440,0,0
1788271855.2701,G_left_centre_left_right,G,left,0,left_right,,centre,535,165.2000,344.2000,59.3000,217.1000,218.9000,0.0000,344.1000,314.8000,23.8000,0.0000,166.6000,0.0000,106.8000,0.0000,0.16500,-0.27700,0.87400,5.70000,-2.27000,33.82000,-0.95700,-0.04800,0.20800,3.75000,-1.91000,3.16000,52.1,44.3,1.0,0.0,0.734672,0.336343,1.312877,-0.729197,0.337746,1.183330,-0.089600,0.486000,0.869300,0.003200,0.133500,0.542300,0.828800,0.034500,0.737067,0.332763,1.315769,-0.731359,0.338852,1.182499,1.096107,0.783340,2.271924,-1.598268,-1.948893,-0.686018,-0.579928,1.961466,-1.265415,1.600604,-1.456373,2.676097,0.126194,2.489592,1,1,1.0000,1.0000,-24.9582,-64.2718,11.9000,-28.2000,0.040000,0.269681,0,0,1,1,0,0,0.0000,0.0000,,,,,2028,2028,0,0,1968,1979,60,36,0,13,0.53432,0.53952,,,,,,,,,,,,,,,,,,,,,,,140351.7930,1441,1441,0,0
1788271855.2927,G_left_centre_left_right,G,left,0,left_right,,centre,536,165.5000,344.2000,59.3000,217.1000,218.9000,0.0000,344.1000,314.8000,23.8000,0.0000,166.3000,0.0000,106.8000,0.0000,0.18900,-0.28700,0.90100,8.15000,-3.79000,32.11000,-0.95600,-0.05100,0.19600,4.44000,-1.58000,2.27000,48.5,41.5,1.0,0.0,0.734624,0.336572,1.312832,-0.729065,0.337678,1.183359,-0.089600,0.486000,0.869300,0.003200,0.133500,0.542300,0.828800,0.034500,0.735431,0.335499,1.313719,-0.730530,0.338439,1.182817,1.095590,0.784551,2.272421,-1.597002,-1.947576,-0.685783,-0.580811,1.961349,-1.265413,1.600081,-1.457714,2.676049,0.124731,2.489709,1,1,1.0000,1.0000,-23.8545,-64.0398,12.2000,-28.2000,0.040000,0.269753,0,0,1,1,0,0,0.0000,0.0000,,,,,2028,2028,0,0,1968,1979,60,36,0,13,0.53432,0.53952,,,,,,,,,,,,,,,,,,,,,,,140351.8156,1442,1442,0,0
1788271855.3092,G_left_centre_left_right,G,left,0,left_right,,centre,537,165.8000,344.2000,59.3000,217.1000,218.9000,0.0000,344.1000,314.8000,23.8000,0.0000,166.0000,0.0000,106.9000,0.0000,0.21200,-0.32000,0.89200,8.56000,-5.50000,27.18000,-0.94800,-0.04400,0.19400,4.60000,-1.74000,2.56000,46.4,38.6,1.0,0.0,0.734665,0.336815,1.313006,-0.729107,0.337701,1.183301,-0.089600,0.486000,0.869300,0.003200,0.133500,0.542300,0.828800,0.034500,0.735431,0.335499,1.313719,-0.730530,0.338439,1.182817,1.095200,0.785358,2.272842,-1.596034,-1.946686,-0.685641,-0.581426,1.961216,-1.265424,1.599516,-1.459223,2.675986,0.122923,2.489831,1,1,1.0000,1.0000,-22.3417,-64.4249,12.5000,-28.2000,0.040000,0.269824,0,0,1,1,0,0,0.0000,0.0000,,,,,2030,2030,0,0,1970,1981,60,36,0,13,0.53387,0.53898,,,,,,,,,,,,,,,,,,,,,,,140351.8320,1443,1443,0,0
1788271855.3358,G_left_centre_left_right,G,left,0,left_right,,centre,538,166.2000,344.2000,59.3000,217.1000,218.9000,0.0000,344.1000,314.9000,23.8000,0.0000,165.8000,0.0000,106.9000,0.0000,0.20500,-0.32800,0.91700,13.13000,-7.05000,23.18000,-0.94800,-0.04100,0.19500,5.36000,-2.07000,3.22000,43.1,36.2,1.0,0.0,0.734644,0.337043,1.313040,-0.729187,0.337763,1.183221,-0.089600,0.486000,0.869300,0.003200,0.133500,0.542300,0.828800,0.034500,0.735431,0.335499,1.313719,-0.730530,0.338439,1.182817,1.094761,0.785975,2.273220,-1.595064,-1.946016,-0.685472,-0.581971,1.961076,-1.265454,1.598969,-1.460704,2.675907,0.121280,2.489945,1,1,1.0000,1.0000,-23.0659,-64.6068,12.9000,-28.1000,0.040000,0.269869,0,0,1,1,0,0,0.0000,0.0000,,,,,2030,2030,0,0,1970,1981,60,36,0,13,0.53387,0.53898,,,,,,,,,,,,,,,,,,,,,,,140351.8586,1444,1444,0,0
1788271855.3503,G_left_centre_left_right,G,left,0,left_right,,centre,539,166.5000,344.2000,59.3000,217.1000,218.9000,0.0000,344.1000,314.9000,23.8000,0.0000,165.6000,0.0000,106.9000,0.0000,0.21200,-0.28500,0.94800,14.38000,-9.89000,22.98000,-0.95500,-0.03900,0.19600,5.35000,-2.33000,2.77000,40.0,33.9,1.0,0.0,0.734618,0.337230,1.313053,-0.729271,0.337822,1.183147,-0.089600,0.486000,0.869300,0.003200,0.133500,0.542300,0.828800,0.034500,0.734934,0.336335,1.313072,-0.729383,0.337816,1.183472,1.094492,0.786291,2.273423,-1.594487,-1.945674,-0.685361,-0.582275,1.960971,-1.265495,1.598507,-1.461941,2.675839,0.120064,2.490022,1,1,1.0000,1.0000,-23.1546,-64.7392,13.2000,-28.1000,0.040000,0.269914,0,0,1,1,0,0,0.0000,0.0000,,,,,2032,2032,0,0,1972,1983,60,36,0,13,0.53387,0.53898,,,,,,,,,,,,,,,,,,,,,,,140351.8731,1445,1445,0,0
1788271855.3724,G_left_centre_left_right,G,left,0,left_right,,centre,540,166.9000,344.2000,59.3000,217.1000,218.9000,0.0000,344.1000,314.9000,23.8000,0.0000,165.6000,0.0000,106.9000,0.0000,0.26000,-0.24200,0.92400,9.34000,-10.05000,26.15000,-0.95000,-0.03100,0.20100,3.79000,-2.63000,1.13000,38.8,31.7,1.0,0.0,0.734738,0.337503,1.313478,-0.729567,0.337999,1.182948,-0.089600,0.486000,0.869300,0.003200,0.133500,0.542300,0.828800,0.034500,0.734934,0.336335,1.313072,-0.729383,0.337816,1.183472,1.093583,0.786805,2.273869,-1.593121,-1.945201,-0.684972,-0.582968,1.960903,-1.265555,1.598343,-1.462552,2.675766,0.119551,2.490060,1,1,1.0000,1.0000,-20.1673,-65.2270,13.6000,-28.1000,0.040000,0.269914,0,0,1,1,0,0,0.0000,0.0000,,,,,2032,2033,0,0,1972,1984,60,36,0,13,0.53387,0.53807,,,,,,,,,,,,,,,,,,,,,,,140351.8952,1446,1446,0,0
1788271855.4069,G_left_centre_left_right,G,left,0,left_right,,centre,541,167.2000,344.2000,59.3000,217.1000,218.9000,0.0000,344.1000,314.9000,23.8000,0.0000,165.6000,0.0000,107.0000,0.0000,0.29100,-0.23300,0.89000,5.92000,-6.63000,27.79000,-0.93700,-0.02500,0.19300,1.78000,-3.02000,0.48000,36.8,28.6,1.0,0.0,0.734907,0.337750,1.314053,-0.729910,0.338198,1.182732,-0.089600,0.486000,0.869300,0.003200,0.133500,0.542300,0.828800,0.034500,0.734934,0.336335,1.313072,-0.729383,0.337816,1.183472,1.093183,0.787032,2.274063,-1.592528,-1.944997,-0.684799,-0.583270,1.960871,-1.265616,1.598333,-1.462458,2.675708,0.119678,2.490068,1,1,1.0000,1.0000,-17.8465,-65.5337,13.9000,-28.1000,0.040000,0.269914,0,0,1,1,0,0,0.0000,0.0000,,,,,2034,2034,0,0,1974,1985,60,36,0,13,0.53374,0.53807,,,,,,,,,,,,,,,,,,,,,,,140351.9297,1447,1447,0,0
1788271855.4093,G_left_centre_left_right,G,left,0,left_right,,centre,542,167.4000,344.2000,59.3000,217.1000,218.9000,0.0000,344.1000,314.8000,23.8000,0.0000,165.7000,0.0000,107.0000,0.0000,0.27300,-0.21400,0.85400,1.60000,-3.53000,27.34000,-0.94200,-0.03200,0.19700,0.42000,-3.63000,0.77000,36.8,28.6,1.0,0.0,0.735022,0.337965,1.314466,-0.730065,0.338278,1.182629,-0.089600,0.486000,0.869300,0.003200,0.133500,0.542300,0.828800,0.034500,0.734934,0.336335,1.313072,-0.729383,0.337816,1.183472,1.092819,0.787177,2.274189,-1.592146,-1.944870,-0.684613,-0.583473,1.960871,-1.265655,1.598381,-1.462184,2.675678,0.119963,2.490058,1,1,1.0000,1.0000,-18.2029,-65.1414,14.1000,-28.2000,0.040000,0.269892,0,0,1,1,0,0,0.0000,0.0000,,,,,2035,2035,0,0,1975,1986,60,36,0,13,0.53374,0.53807,,,,,,,,,,,,,,,,,,,,,,,140351.9321,1448,1448,0,0
1788271855.4288,G_left_centre_left_right,G,left,0,left_right,,centre,543,167.7000,344.2000,59.3000,217.1000,218.9000,0.0000,344.0000,314.8000,23.8000,0.0000,165.8000,0.0000,107.0000,0.0000,0.24200,-0.20900,0.86100,-0.04000,-2.33000,27.76000,-0.93900,-0.02900,0.19700,-0.40000,-4.25000,0.84000,36.1,27.2,1.0,0.0,0.735029,0.338173,1.314580,-0.730305,0.338402,1.182480,-0.089600,0.486000,0.869300,0.003200,0.133500,0.542300,0.828800,0.034500,0.734729,0.337359,1.313474,-0.729355,0.337849,1.183243,1.091223,0.787193,2.274523,-1.590917,-1.945099,-0.683600,-0.583973,1.960901,-1.265775,1.598667,-1.461060,2.675595,0.121145,2.489999,1,1,1.0000,1.0000,-20.1720,-65.3168,14.4000,-28.2000,0.040000,0.269869,0,0,1,1,0,0,0.0000,0.0000,,,,,2036,2036,0,0,1976,1987,60,36,0,13,0.53374,0.53807,,,,,,,,,,,,,,,,,,,,,,,140351.9516,1449,1449,0,0
1788271855.4485,G_left_centre_left_right,G,left,0,left_right,,centre,544,168.0000,344.2000,59.3000,217.1000,218.9000,0.0000,344.0000,314.8000,23.8000,0.0000,165.9000,0.0000,107.1000,0.0000,0.24300,-0.22200,0.88300,-0.82000,-1.76000,27.73000,-0.94500,-0.02600,0.18700,-1.25000,-4.11000,-0.55000,36.3,26.1,1.0,0.0,0.735011,0.338371,1.314631,-0.730584,0.338547,1.182314,-0.089600,0.486000,0.869300,0.003200,0.133500,0.542300,0.828800,0.034500,0.734729,0.337359,1.313474,-0.729355,0.337849,1.183243,1.090459,0.787006,2.274593,-1.590414,-1.945580,-0.683034,-0.584100,1.960939,-1.265846,1.598964,-1.460162,2.675552,0.122102,2.489943,1,1,1.0000,1.0000,-20.4817,-65.4436,14.7000,-28.2000,0.040000,0.269847,0,0,1,1,0,0,0.0000,0.0000,,,,,2037,2037,0,0,1977,1988,60,36,0,13,0.53394,0.53807,,,,,,,,,,,,,,,,,,,,,,,140351.9713,1450,1450,0,0
1788271855.4687,G_left_centre_left_right,G,left,0,left_right,,centre,545,168.2000,344.2000,59.3000,217.1000,218.9000,0.0000,344.0000,314.9000,23.8000,0.0000,165.9000,0.0000,107.0000,0.0000,0.21200,-0.30200,0.87300,-3.02000,-0.17000,26.19000,-0.95200,-0.02700,0.19800,-2.00000,-3.85000,-2.59000,36.2,25.9,1.0,0.0,0.734911,0.338539,1.314465,-0.730832,0.338696,1.182161,-0.089600,0.486000,0.869300,0.003200,0.133500,0.542300,0.828800,0.034500,0.734729,0.337359,1.313474,-0.729355,0.337849,1.183243,1.089596,0.786868,2.274719,-1.589703,-1.946019,-0.682477,-0.584308,1.960990,-1.265926,1.599359,-1.459056,2.675505,0.123288,2.489870,1,1,1.0000,1.0000,-22.0998,-65.4494,14.9000,-28.1000,0.040000,0.269847,0,0,1,1,0,0,0.0000,0.0000,,,,,2038,2038,0,0,1978,1989,60,36,0,13,0.53394,0.53807,,,,,,,,,,,,,,,,,,,,,,,140351.9915,1451,1451,0,0
1788271855.5012,G_left_centre_left_right,G,left,0,left_right,,centre,546,168.4000,344.2000,59.3000,217.1000,218.9000,0.0000,344.0000,314.9000,23.8000,0.0000,166.3000,0.0000,106.7000,0.0000,0.23000,-0.35700,0.88900,3.79000,-0.82000,19.67000,-0.93300,0.00100,0.18700,-7.99000,-7.84000,-5.08000,35.9,26.4,1.0,0.0,0.734869,0.338709,1.314449,-0.732391,0.339559,1.181350,-0.089600,0.486000,0.869300,0.003200,0.133500,0.542300,0.828800,0.034500,0.734978,0.338166,1.314462,-0.730076,0.338286,1.182563,1.088836,0.786855,2.274910,-1.588857,-1.946161,-0.682040,-0.584604,1.961049,-1.266000,1.599800,-1.457925,2.675464,0.124473,2.489790,1,1,1.0000,1.0000,-21.1934,-67.0558,15.1000,-28.1000,0.040000,0.269753,0,0,1,1,0,0,0.0000,0.0000,,,,,2038,2038,0,0,1978,1989,60,36,0,13,0.53394,0.53807,,,,,,,,,,,,,,,,,,,,,,,140352.0240,1452,1452,0,0
1788271855.5214,G_left_centre_left_right,G,left,0,left_right,,centre,547,168.6000,344.2000,59.3000,217.1000,218.9000,0.0000,344.2000,314.8000,23.8000,0.0000,166.1000,0.0000,106.3000,0.0000,0.22900,-0.28500,0.87900,7.57000,-0.53000,13.89000,-0.93300,0.01600,0.17700,-17.05000,-10.34000,-5.52000,35.7,25.5,1.0,0.0,0.734830,0.338859,1.314433,-0.734503,0.340674,1.180283,-0.089600,0.486000,0.869300,0.003200,0.133500,0.542300,0.828800,0.034500,0.734978,0.338166,1.314462,-0.730076,0.338286,1.182563,1.088506,0.786885,2.275019,-1.588430,-1.946146,-0.681847,-0.584769,1.961088,-1.266039,1.600041,-1.457324,2.675444,0.125088,2.489744,1,1,1.0000,1.0000,-21.2230,-67.8861,15.3000,-28.2000,0.040000,0.269800,0,0,1,1,0,0,0.0000,0.0000,,,,,2039,2039,0,0,1979,1990,60,36,0,13,0.53394,0.53807,,,,,,,,,,,,,,,,,,,,,,,140352.0443,1453,1453,0,0
1788271855.5366,G_left_centre_left_right,G,left,0,left_right,,centre,548,168.8000,344.2000,59.3000,217.1000,218.9000,0.0000,344.1000,314.8000,23.8000,0.0000,165.8000,0.0000,106.5000,0.0000,0.22500,-0.22900,0.88400,5.89000,1.90000,13.05000,-0.89400,-0.00400,0.17100,-23.42000,-9.12000,-4.60000,33.8,25.2,1.0,0.0,0.734775,0.339006,1.314378,-0.735052,0.340957,1.179972,-0.089600,0.486000,0.869300,0.003200,0.133500,0.542300,0.828800,0.034500,0.734978,0.338166,1.314462,-0.730076,0.338286,1.182563,1.088097,0.787122,2.275302,-1.587674,-1.945900,-0.681706,-0.585130,1.961185,-1.266101,1.600537,-1.456139,2.675421,0.126258,2.489643,1,1,1.0000,1.0000,-21.5594,-66.6895,15.5000,-28.2000,0.040000,0.269869,0,0,1,1,0,0,0.0000,0.0000,,,,,2041,2041,0,0,1981,1992,60,36,0,13,0.53444,0.53862,,,,,,,,,,,,,,,,,,,,,,,140352.0594,1454,1454,0,0
1788271855.5574,G_left_centre_left_right,G,left,0,left_right,,centre,549,168.9000,344.2000,59.3000,217.1000,218.9000,0.0000,344.1000,314.8000,23.8000,0.0000,165.2000,0.0000,106.9000,0.0000,0.23600,-0.19800,0.87800,2.61000,5.02000,15.07000,-0.90300,-0.03200,0.17100,-20.90000,-4.79000,-4.08000,33.3,25.4,1.0,0.0,0.734762,0.339148,1.314428,-0.734782,0.340808,1.180086,-0.089600,0.486000,0.869300,0.003200,0.133500,0.542300,0.828800,0.034500,0.734915,0.338839,1.314437,-0.731382,0.339004,1.181810,1.087485,0.787495,2.275738,-1.586818,-1.945530,-0.681588,-0.585612,1.961421,-1.266153,1.601475,-1.453917,2.675445,0.128257,2.489433,1,1,1.0000,1.0000,-20.7956,-64.9470,15.6000,-28.2000,0.040000,0.270002,0,0,1,1,0,0,0.0000,0.0000,,,,,2042,2042,0,0,1982,1993,60,36,0,13,0.53444,0.53862,,,,,,,,,,,,,,,,,,,,,,,140352.0802,1455,1455,0,0
1788271855.5685,G_left_centre_left_right,G,left,0,left_right,,centre,550,169.0000,344.2000,59.3000,217.1000,218.9000,0.0000,344.0000,314.8000,23.8000,0.0000,164.5000,0.0000,106.7000,0.0000,0.26600,-0.20500,0.87500,-2.03000,8.31000,17.62000,-0.93000,-0.05000,0.18600,-13.92000,-0.67000,-5.28000,32.5,25.8,1.0,0.0,0.734823,0.339285,1.314676,-0.733934,0.340347,1.180478,-0.089600,0.486000,0.869300,0.003200,0.133500,0.542300,0.828800,0.034500,0.734915,0.338839,1.314437,-0.731382,0.339004,1.181810,1.087055,0.787747,2.276047,-1.586241,-1.945278,-0.681515,-0.585930,1.961643,-1.266179,1.602396,-1.451615,2.675499,0.130323,2.489228,1,1,1.0000,1.0000,-18.9828,-63.9899,15.7000,-28.2000,0.040000,0.270147,0,0,1,1,0,0,0.0000,0.0000,,,,,2042,2042,0,0,1982,1993,60,36,0,13,0.53444,0.53862,,,,,,,,,,,,,,,,,,,,,,,140352.0914,1456,1456,0,0
1788271855.5929,G_left_centre_left_right,G,left,0,left_right,,centre,551,169.1000,344.2000,59.3000,217.1000,218.9000,0.0000,344.0000,314.8000,23.8000,0.0000,164.3000,0.0000,106.2000,0.0000,0.28300,-0.22400,0.86700,-3.07000,11.89000,16.48000,-0.92600,-0.04400,0.18100,-7.21000,2.92000,-8.82000,34.4,26.3,1.0,0.0,0.734914,0.339426,1.315021,-0.733399,0.340055,1.180709,-0.089600,0.486000,0.869300,0.003200,0.133500,0.542300,0.828800,0.034500,0.734915,0.338839,1.314437,-0.731382,0.339004,1.181810,1.086828,0.787861,2.276200,-1.585959,-1.945163,-0.681474,-0.586082,1.961731,-1.266195,1.602844,-1.450254,2.675511,0.131715,2.489145,1,1,1.0000,1.0000,-17.8708,-64.3120,15.8000,-28.2000,0.040000,0.270187,0,0,1,1,0,0,0.0000,0.0000,,,,,2043,2043,0,0,1983,1994,60,36,0,13,0.53444,0.53862,,,,,,,,,,,,,,,,,,,,,,,140352.1157,1457,1457,0,0
1788271855.6089,G_left_centre_left_right,G,left,0,left_right,,centre,552,169.3000,344.2000,59.3000,217.1000,218.9000,0.0000,344.0000,314.8000,23.8000,0.0000,163.9000,0.0000,106.0000,0.0000,0.22900,-0.23100,0.86100,-4.85000,15.60000,16.09000,-0.93800,-0.03400,0.19900,-1.85000,5.47000,-10.73000,34.3,27.0,1.0,0.0,0.734857,0.339526,1.314933,-0.733278,0.339987,1.180736,-0.089600,0.486000,0.869300,0.003200,0.133500,0.542300,0.828800,0.034500,0.734915,0.338839,1.314437,-0.731382,0.339004,1.181810,1.086079,0.787904,2.276499,-1.585413,-1.945258,-0.681200,-0.586347,1.961925,-1.266242,1.603847,-1.446235,2.675530,0.136180,2.488961,1,1,1.0000,1.0000,-20.9655,-65.0275,16.0000,-28.2000,0.040000,0.270264,0,0,1,1,0,0,0.0000,0.0000,,,,,2045,2045,0,0,1985,1996,60,36,0,13,0.53459,0.53952,,,,,,,,,,,,,,,,,,,,,,,140352.1317,1458,1458,0,0
1788271855.6295,G_left_centre_left_right,G,left,0,left_right,,centre,553,169.7000,344.2000,59.3000,217.1000,218.9000,0.0000,344.0000,314.8000,23.8000,0.0000,164.0000,0.0000,105.8000,0.0000,0.18500,-0.23300,0.87800,-2.99000,17.79000,16.72000,-0.93000,-0.04400,0.21200,2.37000,6.62000,-11.26000,34.7,30.5,1.0,0.0,0.734655,0.339618,1.314505,-0.732905,0.339784,1.180887,-0.089600,0.486000,0.869300,0.003200,0.133500,0.542300,0.828800,0.034500,0.734915,0.338839,1.314437,-0.731382,0.339004,1.181810,1.085807,0.787839,2.276562,-1.585275,-1.945389,-0.681064,-0.586385,1.961946,-1.266260,1.603966,-1.445175,2.675528,0.137670,2.488929,1,1,1.0000,1.0000,-23.8649,-64.4633,16.4000,-28.2000,0.040000,0.270245,0,0,1,1,0,0,0.0000,0.0000,,,,,2045,2045,0,0,1985,1996,60,36,0,13,0.53459,0.53952,,,,,,,,,,,,,,,,,,,,,,,140352.1523,1459,1459,0,0
1788271855.6500,G_left_centre_left_right,G,left,0,left_right,,centre,554,170.0000,344.2000,59.3000,217.1000,218.9000,0.0000,344.0000,314.8000,23.7000,0.0000,164.3000,0.0000,105.8000,0.0000,0.16400,-0.25900,0.87800,-0.30000,15.06000,16.14000,-0.93800,-0.03200,0.22200,5.98000,7.34000,-10.51000,35.8,30.9,1.0,0.0,0.734416,0.339708,1.314011,-0.732866,0.339760,1.180882,-0.089600,0.486000,0.869300,0.003200,0.133500,0.542300,0.828800,0.034500,0.734823,0.339306,1.314831,-0.732899,0.340002,1.180103,1.085323,0.787712,2.276698,-1.585035,-1.945785,-0.680832,-0.586474,1.961980,-1.266300,1.604171,-1.443478,2.675522,0.140473,2.488868,1,1,1.0000,1.0000,-25.1028,-65.2157,16.7000,-28.2000,0.040000,0.270181,0,0,1,1,0,0,0.0000,0.0000,,,,,2046,2046,0,0,1986,1997,60,36,0,13,0.53459,0.53952,,,,,,,,,,,,,,,,,,,,,,,140352.1729,1460,1460,0,0
1788271855.6725,G_left_centre_left_right,G,left,0,left_right,,centre,555,170.4000,344.2000,59.3000,217.1000,218.9000,0.0000,343.9000,314.8000,23.7000,0.0000,164.6000,0.0000,106.2000,0.0000,0.16300,-0.26500,0.88700,1.50000,9.27000,18.42000,-0.95100,-0.03000,0.22700,8.66000,7.69000,-9.84000,36.3,31.2,1.0,0.0,0.734203,0.339823,1.313594,-0.732871,0.339760,1.180858,-0.089600,0.486000,0.869300,0.003200,0.133500,0.542300,0.828800,0.034500,0.734823,0.339306,1.314831,-0.732899,0.340002,1.180103,1.085164,0.787978,2.277005,-1.584630,-1.945734,-0.680929,-0.586713,1.961997,-1.266369,1.604364,-1.442682,2.675498,0.143311,2.488797,1,1,1.0000,1.0000,-25.2571,-65.3614,17.1000,-28.2000,0.040000,0.270122,0,0,1,1,0,0,0.0000,0.0000,,,,,2048,2048,0,0,1988,1999,60,36,0,13,0.53469,0.54092,,,,,,,,,,,,,,,,,,,,,,,140352.1953,1461,1461,0,0
1788271855.7037,G_left_centre_left_right,G,left,0,left_right,,centre,556,170.9000,344.2000,59.3000,217.1000,218.9000,0.0000,343.8000,314.8000,23.7000,0.0000,165.3000,0.0000,107.2000,0.0000,0.21400,-0.24300,0.87300,4.92000,6.30000,15.18000,-1.00300,-0.00700,0.24600,3.77000,5.89000,-7.40000,37.4,30.8,1.0,0.0,0.734123,0.340151,1.313599,-0.734092,0.340406,1.180210,-0.089600,0.486000,0.869300,0.003200,0.133500,0.542300,0.828800,0.034500,0.734602,0.339587,1.314408,-0.732595,0.339854,1.180182,1.085190,0.788683,2.277463,-1.584098,-1.944712,-0.681307,-0.587065,1.961987,-1.266455,1.604484,-1.443343,2.675452,0.143401,2.488739,1,1,1.0000,1.0000,-22.0476,-66.7333,17.6000,-28.2000,0.040000,0.269976,0,0,1,1,0,0,0.0000,0.0000,,,,,2049,2049,0,0,1989,2000,60,36,0,13,0.53469,0.54092,,,,,,,,,,,,,,,,,,,,,,,140352.2266,1463,1463,0,0
1788271855.7085,G_left_centre_left_right,G,left,0,left_right,,centre,557,170.9000,344.2000,59.3000,217.1000,218.9000,0.0000,343.8000,314.8000,23.7000,0.0000,165.3000,0.0000,107.2000,0.0000,0.21400,-0.24300,0.87300,4.92000,6.30000,15.18000,-1.00300,-0.00700,0.24600,3.77000,5.89000,-7.40000,37.4,30.8,1.0,0.0,0.734123,0.340151,1.313599,-0.734092,0.340406,1.180210,-0.089600,0.486000,0.869300,0.003200,0.133500,0.542300,0.828800,0.034500,0.734602,0.339587,1.314408,-0.732595,0.339854,1.180182,1.085177,0.789021,2.277657,-1.583845,-1.944215,-0.681447,-0.587223,1.961983,-1.266484,1.604523,-1.443620,2.675436,0.143050,2.488722,1,1,1.0000,1.0000,-22.0476,-66.7333,17.6000,-28.2000,0.040000,0.269976,0,0,1,1,0,0,0.0000,0.0000,,,,,2050,2050,0,0,1990,2001,60,36,0,13,0.53469,0.54092,,,,,,,,,,,,,,,,,,,,,,,140352.2314,1463,1463,0,0
1788271855.7362,G_left_centre_left_right,G,left,0,left_right,,centre,558,171.1000,344.2000,59.3000,217.1000,218.9000,0.0000,343.8000,314.8000,23.7000,0.0000,165.7000,0.0000,109.1000,0.0000,0.19900,-0.27000,0.86900,4.73000,5.75000,15.73000,-0.96000,-0.00600,0.24200,-1.56000,4.95000,-4.89000,38.1,29.6,1.0,0.0,0.734060,0.340301,1.313544,-0.734768,0.340765,1.179876,-0.089600,0.486000,0.869300,0.003200,0.133500,0.542300,0.828800,0.034500,0.734602,0.339587,1.314408,-0.732595,0.339854,1.180182,1.085010,0.789978,2.278233,-1.582842,-1.942918,-0.681763,-0.587734,1.962010,-1.266552,1.604747,-1.443982,2.675407,0.140701,2.488646,1,1,1.0000,1.0000,-22.8630,-66.7720,17.8000,-28.2000,0.040000,0.269888,0,0,1,1,0,0,0.0000,0.0000,,,,,2051,2051,0,0,1991,2002,60,36,0,13,0.53457,0.54102,,,,,,,,,,,,,,,,,,,,,,,140352.2591,1464,1464,0,0
1788271855.7534,G_left_centre_left_right,G,left,0,left_right,,centre,559,171.3000,344.2000,59.3000,217.1000,218.9000,0.0000,343.8000,314.8000,23.7000,0.0000,165.8000,0.0000,111.0000,0.0000,0.16800,-0.28300,0.88900,8.80000,4.54000,18.27000,-0.95400,-0.01400,0.23600,-5.53000,3.53000,-2.05000,37.3,28.5,1.0,0.0,0.733907,0.340405,1.313269,-0.734992,0.340883,1.179768,-0.089600,0.486000,0.869300,0.003200,0.133500,0.542300,0.828800,0.034500,0.734602,0.339587,1.314408,-0.732595,0.339854,1.180182,1.084869,0.790186,2.278397,-1.582490,-1.942732,-0.681785,-0.587890,1.962028,-1.266573,1.604849,-1.443972,2.675402,0.139803,2.488614,1,1,1.0000,1.0000,-24.9454,-66.3053,18.0000,-28.2000,0.040000,0.269865,0,0,1,1,0,0,0.0000,0.0000,,,,,2051,2051,0,0,1991,2002,60,36,0,13,0.53457,0.54102,,,,,,,,,,,,,,,,,,,,,,,140352.2763,1465,1465,0,0
1788271855.7728,G_left_centre_left_right,G,left,0,left_right,,centre,560,171.5000,344.2000,59.3000,217.1000,218.9000,0.0000,343.8000,314.8000,23.7000,0.0000,166.1000,0.0000,112.8000,0.0000,0.16800,-0.28700,0.88800,12.27000,1.95000,18.93000,-0.96600,-0.02300,0.22900,-5.35000,1.43000,1.95000,37.0,27.6,1.0,0.0,0.733771,0.340515,1.313038,-0.734961,0.340865,1.179794,-0.089600,0.486000,0.869300,0.003200,0.133500,0.542300,0.828800,0.034500,0.734602,0.339587,1.314408,-0.732595,0.339854,1.180182,1.084728,0.790394,2.278560,-1.582138,-1.942546,-0.681807,-0.588047,1.962062,-1.266591,1.605010,-1.443777,2.675403,0.138909,2.488570,1,1,1.0000,1.0000,-24.9242,-65.7902,18.2000,-28.2000,0.040000,0.269796,0,0,1,1,0,0,0.0000,0.0000,,,,,2052,2052,0,0,1992,2003,60,36,0,13,0.53457,0.54102,,,,,,,,,,,,,,,,,,,,,,,140352.2956,1466,1466,0,0
1788271855.7947,G_left_centre_left_right,G,left,0,left_right,,centre,561,178.9000,344.2000,59.3000,217.1000,218.9000,0.0000,344.0000,314.7000,23.7000,0.0000,166.1000,0.0000,113.1000,0.0000,0.14600,-0.25100,0.90300,7.85000,0.44000,14.37000,-0.94800,-0.05900,0.20100,-8.69000,-1.16000,7.92000,40.5,32.6,1.0,0.0,0.733141,0.341565,1.312580,-0.733640,0.340117,1.180526,-0.089600,0.486000,0.869300,0.003200,0.133500,0.542300,0.828800,0.034500,0.734196,0.340129,1.313631,-0.733462,0.340199,1.180112,1.084443,0.790988,2.278986,-1.581498,-1.942085,-0.681957,-0.588411,1.962173,-1.266639,1.605536,-1.442977,2.675414,0.136772,2.488435,1,1,1.0000,1.0000,-26.4706,-63.5771,25.6000,-28.3000,0.040000,0.269796,0,0,1,1,0,0,0.0000,0.0000,,,,,2054,2054,0,0,1994,2005,60,36,0,13,0.53437,0.54103,,,,,,,,,,,,,,,,,,,,,,,140352.3175,1467,1467,0,0
1788271855.8085,G_left_centre_left_right,G,left,0,left_right,,centre,562,178.9000,344.2000,59.3000,217.1000,218.9000,0.0000,344.1000,314.7000,23.7000,0.0000,165.7000,0.0000,111.1000,0.0000,0.14000,-0.27100,0.88500,11.68000,0.44000,12.13000,-0.94400,-0.05900,0.21200,-5.27000,0.91000,9.18000,41.1,33.0,1.0,0.0,0.732644,0.342375,1.312207,-0.732545,0.339498,1.181116,-0.089600,0.486000,0.869300,0.003200,0.133500,0.542300,0.828800,0.034500,0.734196,0.340129,1.313631,-0.733462,0.340199,1.180112,1.084270,0.791509,2.279311,-1.581016,-1.941560,-0.682094,-0.588670,1.962252,-1.266666,1.605914,-1.442323,2.675429,0.136306,2.488337,1,1,1.0000,1.0000,-26.6030,-63.6083,25.6000,-28.3000,0.040000,0.269888,0,0,1,1,0,0,0.0000,0.0000,,,,,2055,2055,0,0,1995,2006,60,36,0,13,0.53437,0.54103,,,,,,,,,,,,,,,,,,,,,,,140352.3313,1468,1468,0,0
1788271855.8444,G_left_centre_left_right,G,left,0,left_right,,centre,563,178.9000,344.2000,59.3000,217.1000,218.9000,0.0000,344.1000,314.7000,23.7000,0.0000,165.7000,0.0000,111.1000,0.0000,0.14000,-0.27100,0.88500,11.68000,0.44000,12.13000,-0.94400,-0.05900,0.21200,-5.27000,0.91000,9.18000,41.1,33.0,1.0,0.0,0.732644,0.342375,1.312207,-0.732545,0.339498,1.181116,-0.089600,0.486000,0.869300,0.003200,0.133500,0.542300,0.828800,0.034500,0.734196,0.340129,1.313631,-0.733462,0.340199,1.180112,1.084163,0.791808,2.279479,-1.580744,-1.941263,-0.682154,-0.588803,1.962268,-1.266670,1.606066,-1.442033,2.675432,0.136610,2.488312,1,1,1.0000,1.0000,-26.6030,-63.6083,25.6000,-28.3000,0.040000,0.269888,0,0,1,1,0,0,0.0000,0.0000,,,,,2055,2055,0,0,1995,2006,60,36,0,13,0.53437,0.54103,,,,,,,,,,,,,,,,,,,,,,,140352.3673,1468,1468,0,0
1788271855.8736,G_left_centre_left_right,G,left,0,left_right,,centre,564,179.0000,344.2000,59.3000,217.1000,218.9000,0.0000,344.1000,314.7000,23.9000,0.0000,165.2000,0.0000,110.1000,0.0000,0.14200,-0.23100,0.89900,15.31000,-0.85000,8.84000,-0.96000,-0.07100,0.21300,-1.50000,2.18000,8.24000,42.1,33.4,1.0,0.0,0.731982,0.343423,1.311691,-0.729839,0.337987,1.182570,-0.089600,0.486000,0.869300,0.003200,0.133500,0.542300,0.828800,0.034500,0.733586,0.340749,1.313007,-0.734336,0.340600,1.179745,1.083595,0.792763,2.279862,-1.579739,-1.940606,-0.682066,-0.589113,1.962264,-1.266673,1.606203,-1.441681,2.675434,0.137638,2.488296,1,1,1.0000,1.0000,-26.7004,-62.9624,25.7000,-28.3000,0.040000,0.270006,0,0,1,1,0,0,0.0000,0.0000,,,,,2057,2057,0,0,1997,2008,60,36,0,13,0.53437,0.54103,,,,,,,,,,,,,,,,,,,,,,,140352.3964,1470,1470,0,0
1788271855.8749,G_left_centre_left_right,G,left,0,left_right,,centre,565,179.0000,344.2000,59.3000,217.1000,218.9000,0.0000,344.1000,314.7000,23.9000,0.0000,165.2000,0.0000,110.1000,0.0000,0.14200,-0.23100,0.89900,15.31000,-0.85000,8.84000,-0.96000,-0.07100,0.21300,-1.50000,2.18000,8.24000,42.1,33.4,1.0,0.0,0.731982,0.343423,1.311691,-0.729839,0.337987,1.182570,-0.089600,0.486000,0.869300,0.003200,0.133500,0.542300,0.828800,0.034500,0.733586,0.340749,1.313007,-0.734336,0.340600,1.179745,1.083595,0.792763,2.279862,-1.579739,-1.940606,-0.682066,-0.589113,1.962264,-1.266673,1.606203,-1.441681,2.675434,0.137638,2.488296,1,1,1.0000,1.0000,-26.7004,-62.9624,25.7000,-28.3000,0.040000,0.270006,0,0,1,1,0,0,0.0000,0.0000,,,,,2057,2057,0,0,1997,2008,60,36,0,13,0.53437,0.54103,,,,,,,,,,,,,,,,,,,,,,,140352.3977,1470,1470,0,0
1788271855.8956,G_left_centre_left_right,G,left,0,left_right,,centre,566,179.1000,344.2000,59.3000,217.1000,218.9000,0.0000,344.1000,314.7000,24.0000,0.0000,163.9000,0.0000,107.3000,0.0000,0.15800,-0.20100,0.90200,13.05000,-2.31000,9.50000,-0.95500,-0.07600,0.22000,0.54000,4.07000,6.53000,41.0,33.6,1.0,0.0,0.731666,0.344156,1.311616,-0.727530,0.336705,1.183736,-0.089600,0.486000,0.869300,0.003200,0.133500,0.542300,0.828800,0.034500,0.733586,0.340749,1.313007,-0.734336,0.340600,1.179745,1.080836,0.797061,2.281419,-1.573745,-1.937740,-0.681535,-0.590378,1.961968,-1.266626,1.605250,-1.444035,2.675385,0.142701,2.488526,1,1,1.0000,1.0000,-25.7878,-62.6752,25.8000,-28.3000,0.040000,0.270274,0,0,1,1,0,0,0.0000,0.0000,,,,,2059,2059,0,0,1999,2010,60,36,0,13,0.53403,0.54140,,,,,,,,,,,,,,,,,,,,,,,140352.4185,1472,1472,0,0
1788271855.9253,G_left_centre_left_right,G,left,0,left_right,,centre,567,179.2000,344.2000,59.3000,217.1000,218.9000,0.0000,344.1000,314.7000,24.1000,0.0000,163.3000,0.0000,106.2000,0.0000,0.16500,-0.21200,0.88800,9.59000,-1.30000,11.82000,-0.94500,-0.07300,0.22500,1.37000,3.61000,6.50000,40.0,33.7,1.0,0.0,0.731573,0.344454,1.311658,-0.726714,0.336251,1.184102,-0.089600,0.486000,0.869300,0.003200,0.133500,0.542300,0.828800,0.034500,0.732757,0.342789,1.312046,-0.732376,0.339561,1.180760,1.080237,0.797836,2.281714,-1.572595,-1.937241,-0.681393,-0.590628,1.961891,-1.266615,1.604970,-1.444823,2.675367,0.143416,2.488593,1,1,1.0000,1.0000,-25.2087,-62.8211,25.9000,-28.3000,0.040000,0.270390,0,0,1,1,0,0,0.0000,0.0000,,,,,2059,2059,0,0,1999,2010,60,36,0,13,0.53403,0.54140,,,,,,,,,,,,,,,,,,,,,,,140352.4481,1473,1473,0,0
1788271855.9285,G_left_centre_left_right,G,left,0,left_right,,centre,568,179.3000,344.2000,59.3000,217.1000,218.9000,0.0000,344.1000,314.7000,24.2000,0.0000,162.8000,0.0000,105.3000,0.0000,0.16800,-0.23000,0.89700,8.35000,1.79000,11.85000,-0.94300,-0.06500,0.21800,1.30000,4.57000,6.98000,40.0,33.5,1.0,0.0,0.731508,0.344674,1.311698,-0.726476,0.336114,1.184164,-0.089600,0.486000,0.869300,0.003200,0.133500,0.542300,0.828800,0.034500,0.732757,0.342789,1.312046,-0.732376,0.339561,1.180760,1.079072,0.799258,2.282265,-1.570560,-1.936349,-0.681099,-0.591102,1.961697,-1.266592,1.604244,-1.446864,2.675314,0.144190,2.488765,1,1,1.0000,1.0000,-25.1200,-63.2685,26.0000,-28.3000,0.040000,0.270483,0,0,1,1,0,0,0.0000,0.0000,,,,,2061,2061,0,0,2001,2012,60,36,0,13,0.53382,0.54085,,,,,,,,,,,,,,,,,,,,,,,140352.4513,1474,1474,0,0
1788271855.9584,G_left_centre_left_right,G,left,0,left_right,,centre,569,179.3000,344.2000,59.3000,217.1000,218.9000,0.0000,344.1000,314.7000,24.2000,0.0000,162.7000,0.0000,104.7000,0.0000,0.15400,-0.20400,0.88500,8.53000,3.18000,12.01000,-0.95000,-0.07700,0.22600,1.63000,4.30000,5.94000,41.0,33.2,1.0,0.0,0.731413,0.344836,1.311638,-0.725739,0.335707,1.184502,-0.089600,0.486000,0.869300,0.003200,0.133500,0.542300,0.828800,0.034500,0.732757,0.342789,1.312046,-0.732376,0.339561,1.180760,1.077768,0.800595,2.282860,-1.568657,-1.935525,-0.680729,-0.591621,1.961476,-1.266577,1.603394,-1.449254,2.675239,0.143634,2.488963,1,1,1.0000,1.0000,-25.8491,-62.6100,26.0000,-28.3000,0.040000,0.270499,0,0,1,1,0,0,0.0000,0.0000,,,,,2062,2062,0,0,2002,2013,60,36,0,13,0.53382,0.54085,,,,,,,,,,,,,,,,,,,,,,,140352.4813,1475,1475,0,0
1788271855.9930,G_left_centre_left_right,G,left,0,left_right,,centre,570,179.4000,344.2000,59.3000,217.1000,218.9000,0.0000,344.2000,314.7000,24.2000,0.0000,162.8000,0.0000,104.5000,0.0000,0.16400,-0.21900,0.90200,21.58000,-0.70000,1.69000,-0.95700,-0.06800,0.21700,2.58000,2.69000,2.70000,41.7,31.9,1.0,0.0,0.731301,0.345086,1.311612,-0.724930,0.335259,1.184859,-0.089600,0.486000,0.869300,0.003200,0.133500,0.542300,0.828800,0.034500,0.731737,0.344571,1.311747,-0.729769,0.338107,1.182363,1.075879,0.802120,2.284038,-1.566328,-1.934469,-0.680177,-0.592533,1.960981,-1.266574,1.601535,-1.454544,2.675044,0.138235,2.489393,1,1,1.0000,1.0000,-25.4224,-63.1389,26.1000,-28.3000,0.040000,0.270483,0,0,1,1,0,0,0.0000,0.0000,,,,,2064,2064,0,0,2004,2015,60,36,0,13,0.53382,0.54085,,,,,,,,,,,,,,,,,,,,,,,140352.5159,1477,1477,0,0
1788271855.9940,G_left_centre_left_right,G,left,0,left_right,,centre,571,179.4000,344.2000,59.3000,217.1000,218.9000,0.0000,344.2000,314.7000,24.2000,0.0000,162.8000,0.0000,104.5000,0.0000,0.16400,-0.21900,0.90200,21.58000,-0.70000,1.69000,-0.95700,-0.06800,0.21700,2.58000,2.69000,2.70000,41.7,31.9,1.0,0.0,0.731301,0.345086,1.311612,-0.724930,0.335259,1.184859,-0.089600,0.486000,0.869300,0.003200,0.133500,0.542300,0.828800,0.034500,0.731737,0.344571,1.311747,-0.729769,0.338107,1.182363,1.075879,0.802120,2.284038,-1.566328,-1.934469,-0.680177,-0.592533,1.960981,-1.266574,1.601535,-1.454544,2.675044,0.138235,2.489393,1,1,1.0000,1.0000,-25.4224,-63.1389,26.1000,-28.3000,0.040000,0.270483,0,0,1,1,0,0,0.0000,0.0000,,,,,2064,2064,0,0,2004,2015,60,36,0,13,0.53382,0.54085,,,,,,,,,,,,,,,,,,,,,,,140352.5168,1477,1477,0,0
1788271856.0129,G_left_centre_left_right,G,left,0,left_right,,centre,572,179.4000,344.2000,59.3000,217.1000,218.9000,0.0000,344.3000,314.7000,24.2000,0.0000,162.9000,0.0000,104.7000,0.0000,0.15400,-0.21300,0.91000,17.53000,-3.92000,0.98000,-0.97600,-0.07600,0.23400,0.73000,0.60000,2.10000,40.3,32.2,1.0,0.0,0.731238,0.345159,1.311546,-0.724675,0.335117,1.184970,-0.089600,0.486000,0.869300,0.003200,0.133500,0.542300,0.828800,0.034500,0.731737,0.344571,1.311747,-0.729769,0.338107,1.182363,1.075445,0.802458,2.284407,-1.565831,-1.934203,-0.680107,-0.592792,1.960731,-1.266577,1.600591,-1.457233,2.674937,0.134288,2.489612,1,1,1.0000,1.0000,-26.1072,-62.7895,26.1000,-28.3000,0.040000,0.270466,0,0,1,1,0,0,0.0000,0.0000,,,,,2064,2065,0,0,2004,2016,60,36,0,13,0.53382,0.53939,,,,,,,,,,,,,,,,,,,,,,,140352.5357,1478,1478,0,0
1788271856.0291,G_left_centre_left_right,G,left,0,left_right,,centre,573,179.5000,344.2000,59.3000,217.1000,218.9000,0.0000,344.3000,314.7000,24.2000,0.0000,163.0000,0.0000,104.4000,0.0000,0.17700,-0.19300,0.92200,16.03000,-6.27000,1.85000,-0.94700,-0.06700,0.22000,-0.53000,-0.48000,1.63000,40.4,31.1,1.0,0.0,0.731240,0.345267,1.311638,-0.724679,0.335116,1.184940,-0.089600,0.486000,0.869300,0.003200,0.133500,0.542300,0.828800,0.034500,0.731737,0.344571,1.311747,-0.729769,0.338107,1.182363,1.075249,0.802590,2.284567,-1.565607,-1.934098,-0.680084,-0.592899,1.960588,-1.266582,1.600038,-1.458831,2.674876,0.131755,2.489732,1,1,1.0000,1.0000,-24.8740,-63.1700,26.2000,-28.3000,0.040000,0.270449,0,0,1,1,0,0,0.0000,0.0000,,,,,2066,2066,0,0,2006,2017,60,36,0,13,0.53352,0.53939,,,,,,,,,,,,,,,,,,,,,,,140352.5520,1479,1479,0,0
1788271856.0530,G_left_centre_left_right,G,left,0,left_right,,centre,574,179.6000,344.2000,59.3000,217.1000,218.9000,0.0000,344.3000,314.7000,24.2000,0.0000,163.2000,0.0000,104.3000,0.0000,0.20000,-0.19000,0.92400,12.75000,-6.87000,2.29000,-0.95500,-0.07200,0.22100,-1.12000,-0.57000,-0.38000,40.6,30.1,1.0,0.0,0.731306,0.345402,1.311884,-0.724523,0.335029,1.185011,-0.089600,0.486000,0.869300,0.003200,0.133500,0.542300,0.828800,0.034500,0.731302,0.345097,1.311595,-0.728222,0.337160,1.183476,1.074684,0.802830,2.285160,-1.565033,-1.933910,-0.680123,-0.593230,1.960220,-1.266599,1.598626,-1.462906,2.674719,0.125129,2.490036,1,1,1.0000,1.0000,-23.5519,-62.9102,26.3000,-28.3000,0.040000,0.270414,0,0,1,1,0,0,0.0000,0.0000,,,,,2067,2067,0,0,2007,2018,60,36,0,13,0.53352,0.53939,,,,,,,,,,,,,,,,,,,,,,,140352.5759,1480,1480,0,0
1788271856.0690,G_left_centre_left_right,G,left,0,left_right,,centre,575,179.6000,344.2000,59.3000,217.1000,218.9000,0.0000,344.2000,314.7000,24.2000,0.0000,162.8000,0.0000,104.1000,0.0000,0.20900,-0.18800,0.90600,10.59000,-4.85000,2.67000,-0.95300,-0.07200,0.21300,-1.37000,-1.42000,-1.34000,39.7,29.3,1.0,0.0,0.731383,0.345511,1.312139,-0.724383,0.334950,1.185065,-0.089600,0.486000,0.869300,0.003200,0.133500,0.542300,0.828800,0.034500,0.731302,0.345097,1.311595,-0.728222,0.337160,1.183476,1.074497,0.802905,2.285351,-1.564848,-1.933846,-0.680138,-0.593337,1.959943,-1.266620,1.597563,-1.466193,2.674605,0.119721,2.490251,1,1,1.0000,1.0000,-22.7917,-62.8793,26.3000,-28.3000,0.040000,0.270483,0,0,1,1,0,0,0.0000,0.0000,,,,,2068,2068,0,0,2008,2019,60,36,0,13,0.53337,0.53768,,,,,,,,,,,,,,,,,,,,,,,140352.5918,1481,1481,0,0
1788271856.1030,G_left_centre_left_right,G,left,0,left_right,,centre,576,179.7000,344.2000,59.3000,217.1000,218.9000,0.0000,344.2000,314.9000,24.2000,0.0000,162.8000,0.0000,104.1000,0.0000,0.21000,-0.19900,0.91900,10.60000,-2.16000,3.18000,-0.94000,-0.05600,0.19800,-2.44000,-2.23000,-2.67000,39.0,29.0,1.0,0.0,0.731442,0.345617,1.312353,-0.724622,0.335130,1.184901,-0.089600,0.486000,0.869300,0.003200,0.133500,0.542300,0.828800,0.034500,0.731302,0.345097,1.311595,-0.728222,0.337160,1.183476,1.073829,0.802771,2.285651,-1.564464,-1.934089,-0.680002,-0.593525,1.959572,-1.266649,1.596196,-1.470134,2.674457,0.113241,2.490529,1,1,1.0000,1.0000,-22.9149,-63.7193,26.4000,-28.1000,0.040000,0.270483,0,0,1,1,0,0,0.0000,0.0000,,,,,2069,2069,0,0,2009,2020,60,36,0,13,0.53337,0.53768,,,,,,,,,,,,,,,,,,,,,,,140352.6258,1482,1482,0,0
1788271856.1138,G_left_centre_left_right,G,left,0,left_right,,centre,577,179.7000,344.2000,59.3000,217.1000,218.9000,0.0000,344.1000,314.9000,24.2000,0.0000,163.0000,0.0000,104.7000,0.0000,0.20400,-0.18100,0.90800,9.49000,-0.66000,3.27000,-0.94400,-0.04700,0.20000,-4.44000,-2.24000,-2.80000,37.8,29.2,1.0,0.0,0.731477,0.345692,1.312490,-0.724916,0.335318,1.184722,-0.089600,0.486000,0.869300,0.003200,0.133500,0.542300,0.828800,0.034500,0.731302,0.345097,1.311595,-0.728222,0.337160,1.183476,1.073464,0.802683,2.285810,-1.564262,-1.934254,-0.679920,-0.593620,1.959251,-1.266678,1.595001,-1.473394,2.674335,0.108674,2.490758,1,1,1.0000,1.0000,-23.1054,-64.2704,26.4000,-28.1000,0.040000,0.270449,0,0,1,1,0,0,0.0000,0.0000,,,,,2070,2070,0,0,2010,2021,60,36,0,13,0.53337,0.53768,,,,,,,,,,,,,,,,,,,,,,,140352.6367,1483,1483,0,0
1788271856.1285,G_left_centre_left_right,G,left,0,left_right,,centre,578,179.8000,344.2000,59.3000,217.1000,218.9000,0.0000,344.1000,314.9000,24.2000,0.0000,163.2000,0.0000,107.0000,0.0000,0.20000,-0.17500,0.90700,8.40000,-0.15000,3.82000,-0.94600,-0.05000,0.19800,-5.13000,-2.85000,-3.32000,37.8,28.9,1.0,0.0,0.731491,0.345756,1.312575,-0.725157,0.335477,1.184575,-0.089600,0.486000,0.869300,0.003200,0.133500,0.542300,0.828800,0.034500,0.731310,0.345428,1.312050,-0.726258,0.335927,1.184857,1.072722,0.802364,2.286063,-1.563889,-1.934737,-0.679615,-0.593787,1.959025,-1.266713,1.593978,-1.476271,2.674250,0.105854,2.490911,1,1,1.0000,1.0000,-23.3219,-64.0880,26.5000,-28.1000,0.040000,0.270414,0,0,1,1,0,0,0.0000,0.0000,,,,,2071,2071,0,0,2011,2022,60,36,0,13,0.53337,0.53555,,,,,,,,,,,,,,,,,,,,,,,140352.6513,1484,1484,0,0
1788271856.1659,G_left_centre_left_right,G,left,0,left_right,,centre,579,179.5000,344.2000,59.3000,217.1000,218.9000,0.0000,344.1000,314.9000,24.2000,0.0000,163.3000,0.0000,108.6000,0.0000,0.20000,-0.17100,0.92300,7.20000,-0.18000,3.74000,-0.94400,-0.03900,0.19200,-5.18000,-2.94000,-4.25000,39.5,27.6,1.0,0.0,0.731512,0.345780,1.312633,-0.725607,0.335749,1.184316,-0.089600,0.486000,0.869300,0.003200,0.133500,0.542300,0.828800,0.034500,0.731310,0.345428,1.312050,-0.726258,0.335927,1.184857,1.071904,0.802009,2.286404,-1.563416,-1.935248,-0.679292,-0.593992,1.958857,-1.266785,1.593234,-1.479414,2.674139,0.103916,2.491025,1,1,1.0000,1.0000,-23.5185,-64.7032,26.2000,-28.1000,0.040000,0.270396,0,0,1,1,0,0,0.0000,0.0000,,,,,2072,2072,0,0,2012,2023,60,36,0,13,0.53350,0.53555,,,,,,,,,,,,,,,,,,,,,,,140352.6887,1485,1485,0,0
1788271856.1685,G_left_centre_left_right,G,left,0,left_right,,centre,580,179.5000,344.2000,59.3000,217.1000,218.9000,0.0000,344.1000,314.9000,24.2000,0.0000,163.3000,0.0000,110.0000,0.0000,0.19900,-0.17700,0.92200,5.47000,-0.26000,3.76000,-0.95000,-0.03900,0.20000,-4.69000,-2.26000,-5.40000,39.5,27.6,1.0,0.0,0.731523,0.345794,1.312664,-0.725917,0.335936,1.184138,-0.089600,0.486000,0.869300,0.003200,0.133500,0.542300,0.828800,0.034500,0.731310,0.345428,1.312050,-0.726258,0.335927,1.184857,1.071904,0.802009,2.286404,-1.563416,-1.935248,-0.679292,-0.593992,1.958822,-1.266808,1.593150,-1.480012,2.674109,0.103691,2.491048,1,1,1.0000,1.0000,-23.5721,-64.7521,26.2000,-28.1000,0.040000,0.270396,0,0,1,1,0,0,0.0000,0.0000,,,,,2073,2073,0,0,2013,2024,60,36,0,13,0.53350,0.53555,,,,,,,,,,,,,,,,,,,,,,,140352.6914,1486,1486,0,0
1788271856.1886,G_left_centre_left_right,G,left,0,left_right,,centre,581,179.6000,344.2000,59.3000,217.1000,218.9000,0.0000,344.1000,314.8000,24.2000,0.0000,163.3000,0.0000,111.0000,0.0000,0.19300,-0.17700,0.91600,4.15000,-0.02000,3.37000,-0.94500,-0.03500,0.18800,-4.47000,-2.02000,-6.40000,38.6,28.0,1.0,0.0,0.731517,0.345813,1.312665,-0.726417,0.336210,1.183859,-0.089600,0.486000,0.869300,0.003200,0.133500,0.542300,0.828800,0.034500,0.731479,0.345755,1.312587,-0.724883,0.335080,1.185936,1.071573,0.801790,2.286788,-1.563253,-1.935440,-0.679282,-0.594173,1.958785,-1.266869,1.593146,-1.480073,2.674042,0.103989,2.491072,1,1,1.0000,1.0000,-23.8502,-64.9177,26.3000,-28.2000,0.040000,0.270396,0,0,1,1,0,0,0.0000,0.0000,,,,,2074,2074,0,0,2014,2025,60,36,0,13,0.53350,0.53555,,,,,,,,,,,,,,,,,,,,,,,140352.7114,1487,1487,0,0
1788271856.2134,G_left_centre_left_right,G,left,0,left_right,,centre,582,179.7000,344.2000,59.3000,217.1000,218.9000,0.0000,344.1000,314.8000,24.2000,0.0000,163.3000,0.0000,111.9000,0.0000,0.19400,-0.18500,0.92900,2.17000,-0.12000,2.51000,-0.93400,-0.03800,0.19100,-3.52000,-2.37000,-7.12000,38.2,28.2,1.0,0.0,0.731505,0.345830,1.312656,-0.726670,0.336349,1.183717,-0.089600,0.486000,0.869300,0.003200,0.133500,0.542300,0.828800,0.034500,0.731479,0.345755,1.312587,-0.724883,0.335080,1.185936,1.071443,0.801700,2.286947,-1.563201,-1.935516,-0.679303,-0.594246,1.958774,-1.266934,1.593233,-1.479318,2.673978,0.104758,2.491077,1,1,1.0000,1.0000,-23.9567,-64.7440,26.4000,-28.2000,0.040000,0.270396,0,0,1,1,0,0,0.0000,0.0000,,,,,2074,2074,0,0,2014,2025,60,36,0,13,0.53350,0.53555,,,,,,,,,,,,,,,,,,,,,,,140352.7362,1488,1488,0,0
1788271856.2489,G_left_centre_left_right,G,left,0,left_right,,centre,583,179.9000,344.2000,59.3000,217.1000,218.9000,0.0000,344.1000,314.5000,24.2000,0.0000,163.4000,0.0000,113.5000,0.0000,0.17500,-0.20700,0.92900,-1.44000,-0.05000,0.16000,-0.93800,-0.02800,0.18000,-0.43000,-0.46000,-7.63000,39.2,28.6,1.0,0.0,0.731402,0.345856,1.312471,-0.727677,0.336759,1.183194,-0.089600,0.486000,0.869300,0.003200,0.133500,0.542300,0.828800,0.034500,0.731479,0.345755,1.312587,-0.724883,0.335080,1.185936,1.071099,0.801482,2.287489,-1.563105,-1.935660,-0.679576,-0.594497,1.958793,-1.266995,1.593430,-1.478039,2.673923,0.105819,2.491062,1,1,1.0000,1.0000,-25.0723,-65.2759,26.6000,-28.5000,0.040000,0.270378,0,0,1,1,0,0,0.0000,0.0000,,,,,2076,2076,0,0,2016,2027,60,36,0,13,0.53377,0.53463,,,,,,,,,,,,,,,,,,,,,,,140352.7717,1490,1490,0,0
1788271856.2499,G_left_centre_left_right,G,left,0,left_right,,centre,584,179.9000,344.2000,59.3000,217.1000,218.9000,0.0000,344.1000,314.5000,24.2000,0.0000,163.4000,0.0000,113.5000,0.0000,0.17500,-0.20700,0.92900,-1.44000,-0.05000,0.16000,-0.93800,-0.02800,0.18000,-0.43000,-0.46000,-7.63000,39.2,28.6,1.0,0.0,0.731402,0.345856,1.312471,-0.727677,0.336759,1.183194,-0.089600,0.486000,0.869300,0.003200,0.133500,0.542300,0.828800,0.034500,0.731479,0.345755,1.312587,-0.724883,0.335080,1.185936,1.071099,0.801482,2.287489,-1.563105,-1.935660,-0.679576,-0.594497,1.958793,-1.266995,1.593430,-1.478039,2.673923,0.105819,2.491062,1,1,1.0000,1.0000,-25.0723,-65.2759,26.6000,-28.5000,0.040000,0.270378,0,0,1,1,0,0,0.0000,0.0000,,,,,2076,2076,0,0,2016,2027,60,36,0,13,0.53377,0.53463,,,,,,,,,,,,,,,,,,,,,,,140352.7727,1490,1490,0,0
1788271856.2729,G_left_centre_left_right,G,left,0,left_right,,centre,585,180.0000,344.2000,59.3000,217.1000,218.9000,0.0000,344.1000,314.6000,24.2000,0.0000,163.6000,0.0000,113.9000,0.0000,0.16100,-0.22000,0.93100,-1.77000,-0.24000,-1.12000,-0.94100,-0.02900,0.19500,1.09000,1.25000,-8.13000,39.1,28.7,1.0,0.0,0.731310,0.345856,1.312291,-0.728230,0.337027,1.182903,-0.089600,0.486000,0.869300,0.003200,0.133500,0.542300,0.828800,0.034500,0.731481,0.345828,1.312608,-0.725767,0.335758,1.184632,1.071005,0.801488,2.287725,-1.563033,-1.935631,-0.679730,-0.594599,1.958855,-1.267102,1.594056,-1.475044,2.673830,0.108484,2.491008,1,1,1.0000,1.0000,-25.9055,-65.3086,26.7000,-28.4000,0.040000,0.270341,0,0,1,1,0,0,0.0000,0.0000,,,,,2077,2077,0,0,2017,2028,60,36,0,13,0.53377,0.53463,,,,,,,,,,,,,,,,,,,,,,,140352.7957,1491,1491,0,0
1788271856.2885,G_left_centre_left_right,G,left,0,left_right,,centre,586,180.0000,344.2000,59.3000,217.1000,218.9000,0.0000,344.1000,314.6000,24.2000,0.0000,163.6000,0.0000,113.9000,0.0000,0.16100,-0.22000,0.93100,-1.77000,-0.24000,-1.12000,-0.94100,-0.02900,0.19500,1.09000,1.25000,-8.13000,39.1,28.7,1.0,0.0,0.731310,0.345856,1.312291,-0.728230,0.337027,1.182903,-0.089600,0.486000,0.869300,0.003200,0.133500,0.542300,0.828800,0.034500,0.731481,0.345828,1.312608,-0.725767,0.335758,1.184632,1.070936,0.801522,2.287997,-1.562979,-1.935557,-0.679956,-0.594711,1.958895,-1.267159,1.594585,-1.473033,2.673781,0.110454,2.490960,1,1,1.0000,1.0000,-25.9055,-65.3086,26.7000,-28.4000,0.040000,0.270341,0,0,1,1,0,0,0.0000,0.0000,,,,,2078,2078,0,0,2018,2029,60,36,0,13,0.53377,0.53463,,,,,,,,,,,,,,,,,,,,,,,140352.8113,1491,1491,0,0
1788271856.3133,G_left_centre_left_right,G,left,0,left_right,,centre,587,180.0000,344.2000,59.3000,217.1000,218.9000,0.0000,344.1000,314.6000,24.2000,0.0000,163.6000,0.0000,113.9000,0.0000,0.16100,-0.22000,0.93100,-1.77000,-0.24000,-1.12000,-0.94100,-0.02900,0.19500,1.09000,1.25000,-8.13000,39.1,28.7,1.0,0.0,0.731310,0.345856,1.312291,-0.728230,0.337027,1.182903,-0.089600,0.486000,0.869300,0.003200,0.133500,0.542300,0.828800,0.034500,0.731481,0.345828,1.312608,-0.725767,0.335758,1.184632,1.070936,0.801522,2.287997,-1.562979,-1.935557,-0.679956,-0.594711,1.958895,-1.267159,1.594585,-1.473033,2.673781,0.110454,2.490960,1,1,1.0000,1.0000,-25.9055,-65.3086,26.7000,-28.4000,0.040000,0.270341,0,0,1,1,0,0,0.0000,0.0000,,,,,2078,2078,0,0,2018,2029,60,36,0,13,0.53377,0.53463,,,,,,,,,,,,,,,,,,,,,,,140352.8361,1491,1491,0,0
1788271856.3289,G_left_centre_left_right,G,left,0,left_right,,centre,588,180.0000,344.2000,59.3000,217.1000,218.9000,0.0000,344.2000,314.7000,24.2000,0.0000,164.6000,0.0000,116.0000,0.0000,0.17900,-0.19000,0.90700,10.11000,-0.93000,-8.76000,-0.96600,-0.02300,0.21800,8.53000,3.10000,-5.75000,37.3,27.9,1.0,0.0,0.731150,0.345872,1.311996,-0.730097,0.338009,1.181965,-0.089600,0.486000,0.869300,0.003200,0.133500,0.542300,0.828800,0.034500,0.731267,0.345839,1.312195,-0.727302,0.336622,1.183274,1.070944,0.801886,2.288848,-1.562873,-1.935021,-0.680864,-0.594996,1.959043,-1.267261,1.596323,-1.468164,2.673705,0.115544,2.490785,1,1,1.0000,1.0000,-24.5831,-65.7681,26.7000,-28.3000,0.040000,0.270146,0,0,1,1,0,0,0.0000,0.0000,,,,,2081,2081,0,0,2021,2032,60,36,0,13,0.53380,0.53535,,,,,,,,,,,,,,,,,,,,,,,140352.8517,1494,1494,0,0
1788271856.3598,G_left_centre_left_right,G,left,0,left_right,,centre,589,180.1000,344.2000,59.3000,217.1000,218.9000,0.0000,344.3000,314.7000,24.1000,0.0000,165.0000,0.0000,116.5000,0.0000,0.21000,-0.14500,0.88700,8.89000,-1.62000,-6.70000,-0.96200,-0.02000,0.22600,9.77000,2.70000,-4.07000,38.0,27.4,1.0,0.0,0.731234,0.345947,1.312240,-0.730818,0.338398,1.181621,-0.089600,0.486000,0.869300,0.003200,0.133500,0.542300,0.828800,0.034500,0.731267,0.345839,1.312195,-0.727302,0.336622,1.183274,1.070930,0.802012,2.289224,-1.562833,-1.934826,-0.681194,-0.595125,1.959149,-1.267294,1.597168,-1.466029,2.673688,0.117733,2.490687,1,1,1.0000,1.0000,-22.4050,-65.9555,26.8000,-28.3000,0.040000,0.270058,0,0,1,1,0,0,0.0000,0.0000,,,,,2081,2081,0,0,2021,2032,60,36,0,13,0.53380,0.53535,,,,,,,,,,,,,,,,,,,,,,,140352.8827,1495,1495,0,0
1788271856.3791,G_left_centre_left_right,G,left,0,left_right,,centre,590,180.1000,344.2000,59.3000,217.1000,218.9000,0.0000,344.3000,314.7000,24.1000,0.0000,165.5000,0.0000,119.8000,0.0000,0.21400,-0.13500,0.88500,6.32000,-1.73000,-3.08000,-0.97900,-0.00800,0.22900,8.06000,1.19000,-2.53000,37.3,27.1,1.0,0.0,0.731315,0.346015,1.312474,-0.732061,0.339068,1.181038,-0.089600,0.486000,0.869300,0.003200,0.133500,0.542300,0.828800,0.034500,0.731267,0.345839,1.312195,-0.727302,0.336622,1.183274,1.070779,0.801991,2.289556,-1.562769,-1.934818,-0.681371,-0.595245,1.959284,-1.267318,1.598005,-1.463946,2.673683,0.119884,2.490581,1,1,1.0000,1.0000,-22.1117,-66.6575,26.8000,-28.3000,0.040000,0.269949,0,0,1,1,0,0,0.0000,0.0000,,,,,2083,2083,0,0,2023,2034,60,36,0,13,0.53359,0.53654,,,,,,,,,,,,,,,,,,,,,,,140352.9019,1496,1496,0,0
1788271856.3887,G_left_centre_left_right,G,left,0,left_right,,centre,591,180.1000,344.2000,59.3000,217.1000,218.9000,0.0000,344.3000,314.7000,24.1000,0.0000,165.7000,0.0000,119.5000,0.0000,0.21100,-0.15200,0.89700,3.26000,-1.88000,0.34000,-0.97300,0.00400,0.22600,3.69000,-0.82000,-0.83000,36.4,25.8,1.0,0.0,0.731370,0.346066,1.312636,-0.733846,0.340029,1.180204,-0.089600,0.486000,0.869300,0.003200,0.133500,0.542300,0.828800,0.034500,0.731267,0.345839,1.312195,-0.727302,0.336622,1.183274,1.070466,0.801809,2.289715,-1.562671,-1.935060,-0.681339,-0.595331,1.959453,-1.267333,1.598916,-1.461638,2.673687,0.122229,2.490460,1,1,1.0000,1.0000,-22.4978,-67.3401,26.8000,-28.3000,0.040000,0.269904,0,0,1,1,0,0,0.0000,0.0000,,,,,2084,2084,0,0,2024,2035,60,36,0,13,0.53359,0.53654,,,,,,,,,,,,,,,,,,,,,,,140352.9115,1497,1497,0,0
1788271856.4124,G_left_centre_left_right,G,left,0,left_right,,centre,592,180.1000,344.2000,59.3000,217.1000,218.9000,0.0000,344.3000,314.7000,24.0000,0.0000,166.0000,0.0000,122.1000,0.0000,0.20600,-0.19200,0.93100,2.81000,-2.95000,1.87000,-0.96900,0.00400,0.21200,-1.88000,-2.77000,1.56000,35.6,26.1,1.0,0.0,0.731386,0.346093,1.312691,-0.735135,0.340724,1.179617,-0.089600,0.486000,0.869300,0.003200,0.133500,0.542300,0.828800,0.034500,0.731223,0.345936,1.312255,-0.729227,0.337635,1.182078,1.070035,0.801523,2.289821,-1.562549,-1.935438,-0.681193,-0.595414,1.959663,-1.267332,1.599895,-1.459171,2.673724,0.124737,2.490306,1,1,1.0000,1.0000,-23.2941,-67.3081,26.8000,-28.3000,0.040000,0.269831,0,0,1,1,0,0,0.0000,0.0000,,,,,2085,2085,0,0,2025,2036,60,36,0,13,0.53359,0.53654,,,,,,,,,,,,,,,,,,,,,,,140352.9352,1498,1498,0,0
1788271856.4633,G_left_centre_left_right,G,left,0,left_right,,centre,593,180.0000,344.2000,59.3000,217.1000,218.9000,0.0000,344.3000,314.7000,23.8000,0.0000,166.0000,0.0000,121.2000,0.0000,0.19500,-0.22500,0.93900,3.82000,-5.63000,1.44000,-0.96800,-0.00300,0.21900,-6.29000,-4.11000,4.44000,36.2,26.1,1.0,0.0,0.731377,0.346095,1.312668,-0.735929,0.341152,1.179265,-0.089600,0.486000,0.869300,0.003200,0.133500,0.542300,0.828800,0.034500,0.731223,0.345936,1.312255,-0.729227,0.337635,1.182078,1.069583,0.801205,2.290041,-1.562415,-1.935801,-0.681064,-0.595519,1.959931,-1.267312,1.600978,-1.456351,2.673799,0.127559,2.490111,1,1,1.0000,1.0000,-24.0350,-66.9256,26.7000,-28.3000,0.040000,0.269824,0,0,1,1,0,0,0.0000,0.0000,,,,,2085,2086,0,0,2025,2037,60,36,0,13,0.53359,0.53796,,,,,,,,,,,,,,,,,,,,,,,140352.9861,1499,1499,0,0
1788271856.4656,G_left_centre_left_right,G,left,0,left_right,,centre,594,180.0000,344.2000,59.3000,217.1000,218.9000,0.0000,344.3000,314.7000,23.8000,0.0000,166.1000,0.0000,120.6000,0.0000,0.19500,-0.22400,0.94900,5.03000,-8.02000,0.31000,-0.95300,-0.02200,0.21900,-6.19000,-4.81000,6.34000,35.1,26.1,1.0,0.0,0.731367,0.346094,1.312645,-0.735827,0.341096,1.179334,-0.089600,0.486000,0.869300,0.003200,0.133500,0.542300,0.828800,0.034500,0.731364,0.346087,1.312655,-0.731891,0.339100,1.180544,1.069369,0.801050,2.290182,-1.562342,-1.935965,-0.681008,-0.595579,1.960094,-1.267294,1.601609,-1.454681,2.673846,0.129224,2.489998,1,1,1.0000,1.0000,-24.1523,-65.8183,26.7000,-28.3000,0.040000,0.269800,0,0,1,1,0,0,0.0000,0.0000,,,,,2086,2087,0,0,2026,2038,60,36,0,13,0.53359,0.53796,,,,,,,,,,,,,,,,,,,,,,,140352.9884,1500,1500,0,0
1788271856.4695,G_left_centre_left_right,G,left,0,left_right,,centre,595,180.1000,344.2000,59.3000,217.1000,218.9000,0.0000,344.3000,314.7000,23.8000,0.0000,166.1000,0.0000,119.7000,0.0000,0.21000,-0.23800,0.93600,6.49000,-8.31000,-1.45000,-0.96100,-0.03400,0.20500,-4.56000,-5.18000,7.67000,35.1,25.8,1.0,0.0,0.731389,0.346120,1.312713,-0.735555,0.340950,1.179486,-0.089600,0.486000,0.869300,0.003200,0.133500,0.542300,0.828800,0.034500,0.731364,0.346087,1.312655,-0.731891,0.339100,1.180544,1.069193,0.800906,2.290517,-1.562273,-1.936058,-0.681106,-0.595726,1.960602,-1.267231,1.603513,-1.449470,2.674000,0.134432,2.489655,1,1,1.0000,1.0000,-23.1453,-65.0807,26.8000,-28.3000,0.040000,0.269800,0,0,1,1,0,0,0.0000,0.0000,,,,,2088,2088,0,0,2028,2039,60,36,0,13,0.53359,0.53796,,,,,,,,,,,,,,,,,,,,,,,140352.9923,1501,1501,0,0
1788271856.5032,G_left_centre_left_right,G,left,0,left_right,,centre,596,180.1000,344.2000,59.3000,217.1000,218.9000,0.0000,344.3000,314.7000,23.8000,0.0000,166.0000,0.0000,118.9000,0.0000,0.20100,-0.21300,0.93300,7.73000,-9.08000,-2.11000,-0.96300,-0.03800,0.19400,-2.49000,-5.19000,7.99000,35.3,26.1,1.0,0.0,0.731391,0.346133,1.312727,-0.735256,0.340789,1.179650,-0.089600,0.486000,0.869300,0.003200,0.133500,0.542300,0.828800,0.034500,0.731364,0.346087,1.312655,-0.731891,0.339100,1.180544,1.069061,0.800810,2.290768,-1.562239,-1.936112,-0.681251,-0.595832,1.960933,-1.267185,1.604817,-1.445703,2.674098,0.138228,2.489440,1,1,1.0000,1.0000,-23.6186,-64.7964,26.8000,-28.3000,0.040000,0.269824,0,0,1,1,0,0,0.0000,0.0000,,,,,2088,2088,0,0,2028,2039,60,36,0,13,0.53359,0.53796,,,,,,,,,,,,,,,,,,,,,,,140353.0261,1502,1502,0,0
1788271856.5094,G_left_centre_left_right,G,left,0,left_right,,centre,597,180.1000,344.2000,59.3000,217.1000,218.9000,0.0000,344.3000,314.7000,23.8000,0.0000,166.1000,0.0000,117.2000,0.0000,0.18800,-0.19800,0.92100,7.95000,-9.99000,-3.11000,-0.95300,-0.02900,0.19300,-1.37000,-4.35000,7.70000,34.5,26.1,1.0,0.0,0.731372,0.346133,1.312687,-0.735064,0.340686,1.179760,-0.089600,0.486000,0.869300,0.003200,0.133500,0.542300,0.828800,0.034500,0.731364,0.346087,1.312655,-0.731891,0.339100,1.180544,1.068920,0.800719,2.290950,-1.562210,-1.936174,-0.681326,-0.595918,1.961160,-1.267145,1.605785,-1.442190,2.674173,0.141862,2.489296,1,1,1.0000,1.0000,-24.2204,-65.3065,26.8000,-28.3000,0.040000,0.269800,0,0,1,1,0,0,0.0000,0.0000,,,,,2090,2090,0,0,2030,2041,60,36,0,13,0.53378,0.53996,,,,,,,,,,,,,,,,,,,,,,,140353.0322,1503,1503,0,0
1788271856.5285,G_left_centre_left_right,G,left,0,left_right,,centre,598,180.1000,344.2000,59.3000,217.1000,218.9000,0.0000,344.3000,314.7000,23.8000,0.0000,166.1000,0.0000,116.3000,0.0000,0.19500,-0.18000,0.90000,8.44000,-10.11000,-2.93000,-0.93900,-0.03900,0.19400,-0.56000,-3.20000,7.49000,34.9,25.6,1.0,0.0,0.731379,0.346145,1.312712,-0.734741,0.340512,1.179938,-0.089600,0.486000,0.869300,0.003200,0.133500,0.542300,0.828800,0.034500,0.731364,0.346087,1.312655,-0.731891,0.339100,1.180544,1.068852,0.800677,2.291018,-1.562197,-1.936207,-0.681320,-0.595956,1.961254,-1.267125,1.606081,-1.440771,2.674205,0.143416,2.489240,1,1,1.0000,1.0000,-23.5355,-64.7071,26.8000,-28.3000,0.040000,0.269800,0,0,1,1,0,0,0.0000,0.0000,,,,,2090,2090,0,0,2030,2041,60,36,0,13,0.53378,0.53996,,,,,,,,,,,,,,,,,,,,,,,140353.0513,1504,1504,0,0
1788271856.5486,G_left_centre_left_right,G,left,0,left_right,,centre,599,180.1000,344.2000,59.3000,217.1000,218.9000,0.0000,344.3000,314.7000,23.8000,0.0000,166.1000,0.0000,116.3000,0.0000,0.17400,-0.16600,0.92100,6.51000,-9.77000,-2.62000,-0.93900,-0.03900,0.19400,-0.56000,-3.20000,7.49000,34.1,25.2,1.0,0.0,0.731334,0.346130,1.312606,-0.734741,0.340512,1.179938,-0.089600,0.486000,0.869300,0.003200,0.133500,0.542300,0.828800,0.034500,0.731363,0.346126,1.312690,-0.734111,0.340443,1.178658,1.068758,0.800615,2.291238,-1.562177,-1.936236,-0.681413,-0.596046,1.961417,-1.267086,1.606558,-1.438622,2.674257,0.145903,2.489149,1,1,1.0000,1.0000,-25.0170,-64.7071,26.8000,-28.3000,0.040000,0.269800,0,0,1,1,0,0,0.0000,0.0000,,,,,2091,2091,0,0,2031,2042,60,36,0,13,0.53378,0.53996,,,,,,,,,,,,,,,,,,,,,,,140353.0714,1505,1504,0,0
1788271856.5687,G_left_centre_left_right,G,left,0,left_right,,centre,600,180.1000,344.2000,59.3000,217.1000,218.9000,0.0000,344.3000,314.7000,23.8000,0.0000,165.9000,0.0000,113.6000,0.0000,0.19600,-0.14600,0.90700,4.88000,-8.28000,0.37000,-0.93200,-0.04500,0.18700,0.49000,-1.53000,6.68000,32.9,25.4,1.0,0.0,0.731348,0.346144,1.312645,-0.733764,0.339987,1.180466,-0.089600,0.486000,0.869300,0.003200,0.133500,0.542300,0.828800,0.034500,0.731363,0.346126,1.312690,-0.734111,0.340443,1.178658,1.068567,0.800503,2.291635,-1.562139,-1.936285,-0.681701,-0.596205,1.961599,-1.267030,1.607021,-1.437444,2.674304,0.147515,2.489075,1,1,1.0000,1.0000,-23.5130,-64.2993,26.8000,-28.3000,0.040000,0.269847,0,0,1,1,0,0,0.0000,0.0000,,,,,2093,2093,0,0,2033,2044,60,36,0,13,0.53380,0.54182,,,,,,,,,,,,,,,,,,,,,,,140353.0915,1506,1506,0,0
1788271856.6058,G_left_centre_left_right,G,left,0,left_right,,centre,601,180.2000,344.2000,59.3000,217.1000,218.9000,0.0000,344.1000,314.8000,24.0000,0.0000,166.2000,0.0000,113.7000,0.0000,0.19800,-0.19100,0.90500,-8.29000,9.60000,4.25000,-0.96400,-0.01900,0.19700,-5.86000,-7.20000,-8.15000,31.5,23.9,1.0,0.0,0.731357,0.346162,1.312681,-0.733922,0.340096,1.180392,-0.089600,0.486000,0.869300,0.003200,0.133500,0.542300,0.828800,0.034500,0.731363,0.346126,1.312690,-0.734111,0.340443,1.178658,1.068497,0.800447,2.291947,-1.562123,-1.936272,-0.681946,-0.596338,1.961685,-1.266971,1.607138,-1.438257,2.674322,0.146509,2.489084,1,1,1.0000,1.0000,-23.4308,-65.9152,26.9000,-28.2000,0.040000,0.269785,0,0,1,1,0,0,0.0000,0.0000,,,,,2094,2094,0,0,2034,2045,60,36,0,13,0.53380,0.54182,,,,,,,,,,,,,,,,,,,,,,,140353.1286,1507,1507,0,0
1788271856.6126,G_left_centre_left_right,G,left,0,left_right,,centre,602,180.2000,344.2000,59.3000,217.1000,218.9000,0.0000,344.2000,314.8000,24.0000,0.0000,166.3000,0.0000,114.4000,0.0000,-0.21500,-0.08600,0.75400,-27.47000,-20.02000,39.18000,-0.95700,-0.01600,0.19400,-7.61000,-6.89000,-7.08000,30.2,23.9,1.0,0.0,0.731365,0.346179,1.312714,-0.734160,0.340249,1.180280,-0.089600,0.486000,0.869300,0.003200,0.133500,0.542300,0.828800,0.034500,0.731344,0.346144,1.312637,-0.734304,0.340472,1.179046,1.068402,0.800394,2.292107,-1.562107,-1.936305,-0.682023,-0.596398,1.961698,-1.266950,1.607123,-1.438731,2.674324,0.145885,2.489100,1,1,1.0000,1.0000,-23.4308,-66.0739,26.9000,-28.2000,0.040000,0.269761,1,0,1,1,0,0,0.0000,0.0000,,,,,2095,2095,0,0,2035,2046,60,36,0,13,0.53380,0.54182,,,,,,,,,,,,,,,,,,,,,,,140353.1354,1508,1508,0,0
1788271856.6288,G_left_centre_left_right,G,left,0,left_right,,centre,603,180.2000,344.2000,59.3000,217.1000,218.9000,0.0000,344.2000,314.8000,24.0000,0.0000,166.2000,0.0000,115.3000,0.0000,0.31300,-0.42900,0.92700,9.60000,-6.02000,0.78000,-0.98000,-0.02200,0.20300,-9.06000,-5.62000,-4.79000,29.9,23.9,1.0,0.0,0.731560,0.346290,1.313310,-0.734209,0.340294,1.180259,-0.089600,0.486000,0.869300,0.003200,0.133500,0.542300,0.828800,0.034500,0.731344,0.346144,1.312637,-0.734304,0.340472,1.179046,1.068216,0.800283,2.292373,-1.562071,-1.936385,-0.682145,-0.596508,1.961724,-1.266919,1.607056,-1.439972,2.674328,0.144155,2.489126,1,1,1.0000,1.0000,-17.2662,-65.7759,26.9000,-28.2000,0.040000,0.269785,0,0,1,1,0,0,0.0000,0.0000,,,,,2096,2096,0,0,2036,2047,60,36,0,13,0.53378,0.54191,,,,,,,,,,,,,,,,,,,,,,,140353.1516,1509,1509,0,0
1788271856.6496,G_left_centre_left_right,G,left,0,left_right,,centre,604,180.4000,344.2000,59.3000,217.1000,218.9000,0.0000,344.3000,314.8000,24.0000,0.0000,166.1000,0.0000,116.0000,0.0000,0.32700,-0.09600,0.94800,18.05000,0.50000,-10.91000,-0.99700,-0.01400,0.18500,-9.64000,-5.20000,-2.40000,30.4,23.9,1.0,0.0,0.731746,0.346418,1.313920,-0.734427,0.340431,1.180149,-0.089600,0.486000,0.869300,0.003200,0.133500,0.542300,0.828800,0.034500,0.731344,0.346144,1.312637,-0.734304,0.340472,1.179046,1.068117,0.800222,2.292493,-1.562050,-1.936435,-0.682195,-0.596561,1.961745,-1.266906,1.607055,-1.440540,2.674333,0.143209,2.489129,1,1,1.0000,1.0000,-16.5601,-66.1148,27.1000,-28.2000,0.040000,0.269808,0,0,1,1,0,0,0.0000,0.0000,,,,,2097,2097,0,0,2037,2048,60,36,0,13,0.53378,0.54191,,,,,,,,,,,,,,,,,,,,,,,140353.1725,1510,1510,0,0
1788271856.6686,G_left_centre_left_right,G,left,0,left_right,,centre,605,180.2000,344.2000,59.3000,217.1000,218.9000,0.0000,344.4000,314.8000,24.0000,0.0000,166.0000,0.0000,116.2000,0.0000,0.32600,-0.04100,0.93200,5.26000,-0.20000,-0.73000,-0.96600,-0.04000,0.20200,-5.47000,-1.77000,2.05000,32.0,25.0,1.0,0.0,0.731925,0.346515,1.314483,-0.734138,0.340286,1.180299,-0.089600,0.486000,0.869300,0.003200,0.133500,0.542300,0.828800,0.034500,0.731344,0.346144,1.312637,-0.734304,0.340472,1.179046,1.067725,0.799868,2.292586,-1.561983,-1.936843,-0.682090,-0.596581,1.961822,-1.266869,1.607081,-1.441723,2.674352,0.140629,2.489131,1,1,1.0000,1.0000,-16.0787,-64.7259,26.9000,-28.2000,0.040000,0.269831,0,0,1,1,0,0,0.0000,0.0000,,,,,2098,2098,0,0,2038,2049,60,36,0,13,0.53378,0.54191,,,,,,,,,,,,,,,,,,,,,,,140353.1914,1511,1511,0,0
1788271856.6910,G_left_centre_left_right,G,left,0,left_right,,centre,606,180.1000,344.2000,59.3000,217.1000,218.9000,0.0000,344.4000,314.8000,24.0000,0.0000,166.2000,0.0000,119.7000,0.0000,0.33800,-0.16000,0.88700,-0.01000,2.30000,2.97000,-0.93800,-0.04900,0.21200,1.28000,1.21000,0.22000,32.5,25.5,1.0,0.0,0.732112,0.346603,1.315079,-0.733548,0.339983,1.180615,-0.089600,0.486000,0.869300,0.003200,0.133500,0.542300,0.828800,0.034500,0.731487,0.346237,1.313070,-0.734341,0.340343,1.179883,1.067185,0.799430,2.292587,-1.561916,-1.937541,-0.681715,-0.596501,1.961885,-1.266850,1.607138,-1.441780,2.674371,0.139747,2.489115,1,1,1.0000,1.0000,-14.9939,-64.1837,26.8000,-28.2000,0.040000,0.269785,0,0,1,1,0,0,0.0000,0.0000,,,,,2099,2099,0,0,2039,2050,60,36,0,13,0.53378,0.54191,,,,,,,,,,,,,,,,,,,,,,,140353.2138,1512,1512,0,0
1788271856.7225,G_left_centre_left_right,G,left,0,left_right,,centre,607,180.1000,344.2000,59.3000,217.1000,218.9000,0.0000,344.4000,314.8000,24.0000,0.0000,166.0000,0.0000,118.5000,0.0000,0.25000,-0.19800,0.90700,1.37000,3.82000,0.98000,-0.98800,-0.04800,0.21400,6.92000,1.79000,1.49000,32.4,26.1,1.0,0.0,0.732116,0.346601,1.315055,-0.733131,0.339770,1.180833,-0.089600,0.486000,0.869300,0.003200,0.133500,0.542300,0.828800,0.034500,0.731487,0.346237,1.313070,-0.734341,0.340343,1.179883,1.066492,0.798862,2.292566,-1.561846,-1.938525,-0.681191,-0.596383,1.961942,-1.266831,1.607180,-1.441655,2.674390,0.139515,2.489104,1,1,1.0000,1.0000,-20.4308,-64.3567,26.8000,-28.2000,0.040000,0.269831,0,0,1,1,0,0,0.0000,0.0000,,,,,2099,2099,0,0,2039,2050,60,36,0,13,0.53378,0.54191,,,,,,,,,,,,,,,,,,,,,,,140353.2454,1513,1513,0,0
1788271856.7337,G_left_centre_left_right,G,left,0,left_right,,centre,608,180.1000,344.2000,59.3000,217.1000,218.9000,0.0000,344.4000,314.8000,24.0000,0.0000,165.8000,0.0000,117.2000,0.0000,0.20900,-0.21900,0.90000,4.02000,2.76000,-0.61000,-0.94900,-0.02300,0.21300,7.70000,1.93000,3.28000,33.3,24.6,1.0,0.0,0.732050,0.346564,1.314832,-0.733293,0.339869,1.180739,-0.089600,0.486000,0.869300,0.003200,0.133500,0.542300,0.828800,0.034500,0.731487,0.346237,1.313070,-0.734341,0.340343,1.179883,1.065440,0.797965,2.292541,-1.561758,-1.940135,-0.680367,-0.596201,1.961949,-1.266806,1.607022,-1.441999,2.674402,0.140443,2.489135,1,1,1.0000,1.0000,-22.7291,-65.7410,26.8000,-28.2000,0.040000,0.269878,0,0,1,1,0,0,0.0000,0.0000,,,,,2101,2101,0,0,2041,2052,60,36,0,13,0.53394,0.54152,,,,,,,,,,,,,,,,,,,,,,,140353.2565,1514,1514,0,0
1788271856.7641,G_left_centre_left_right,G,left,0,left_right,,centre,609,180.1000,344.2000,59.3000,217.1000,218.9000,0.0000,344.4000,314.8000,24.0000,0.0000,165.8000,0.0000,117.2000,0.0000,0.20900,-0.21900,0.90000,4.02000,2.76000,-0.61000,-0.94900,-0.02300,0.21300,7.70000,1.93000,3.28000,33.3,24.6,1.0,0.0,0.732050,0.346564,1.314832,-0.733293,0.339869,1.180739,-0.089600,0.486000,0.869300,0.003200,0.133500,0.542300,0.828800,0.034500,0.731487,0.346237,1.313070,-0.734341,0.340343,1.179883,1.065440,0.797965,2.292541,-1.561758,-1.940135,-0.680367,-0.596201,1.961949,-1.266806,1.607022,-1.441999,2.674402,0.140443,2.489135,1,1,1.0000,1.0000,-22.7291,-65.7410,26.8000,-28.2000,0.040000,0.269878,0,0,1,1,0,0,0.0000,0.0000,,,,,2101,2101,0,0,2041,2052,60,36,0,13,0.53394,0.54152,,,,,,,,,,,,,,,,,,,,,,,140353.2869,1514,1514,0,0
1788271856.7690,G_left_centre_left_right,G,left,0,left_right,,centre,610,180.1000,344.2000,59.3000,217.1000,218.9000,0.0000,344.4000,314.7000,24.0000,0.0000,165.5000,0.0000,115.3000,0.0000,0.19800,-0.19800,0.89200,8.32000,1.57000,1.57000,-0.94700,-0.00500,0.21700,-3.30000,3.24000,5.05000,33.2,24.3,1.0,0.0,0.731921,0.346494,1.314423,-0.734692,0.340584,1.180008,-0.089600,0.486000,0.869300,0.003200,0.133500,0.542300,0.828800,0.034500,0.731931,0.346527,1.314477,-0.734062,0.340224,1.180122,1.065076,0.797635,2.292605,-1.561721,-1.940832,-0.680142,-0.596171,1.961940,-1.266792,1.606843,-1.442493,2.674407,0.141115,2.489164,1,1,1.0000,1.0000,-23.2668,-66.8104,26.8000,-28.3000,0.040000,0.269945,0,0,1,1,0,0,0.0000,0.0000,,,,,2103,2103,0,0,2043,2054,60,36,0,13,0.53443,0.54144,,,,,,,,,,,,,,,,,,,,,,,140353.2918,1516,1516,0,0
1788271856.7938,G_left_centre_left_right,G,left,0,left_right,,centre,611,180.1000,344.2000,59.3000,217.1000,218.9000,0.0000,344.4000,314.7000,24.0000,0.0000,165.4000,0.0000,115.3000,0.0000,0.22000,-0.17900,0.90300,8.44000,2.23000,3.49000,-0.93600,-0.02700,0.21300,-7.66000,4.20000,5.66000,34.4,24.2,1.0,0.0,0.731904,0.346483,1.314350,-0.734591,0.340520,1.180049,-0.089600,0.486000,0.869300,0.003200,0.133500,0.542300,0.828800,0.034500,0.731931,0.346527,1.314477,-0.734062,0.340224,1.180122,1.064949,0.797480,2.292943,-1.561697,-1.940560,-0.680356,-0.596294,1.961988,-1.266771,1.606695,-1.443162,2.674437,0.141309,2.489156,1,1,1.0000,1.0000,-22.0922,-65.4918,26.8000,-28.3000,0.040000,0.269967,0,0,1,1,0,0,0.0000,0.0000,,,,,2104,2104,0,0,2044,2055,60,36,0,13,0.53443,0.54144,,,,,,,,,,,,,,,,,,,,,,,140353.3166,1517,1517,0,0
1788271856.8088,G_left_centre_left_right,G,left,0,left_right,,centre,612,180.1000,344.2000,59.3000,217.1000,218.9000,0.0000,344.3000,314.7000,24.0000,0.0000,165.5000,0.0000,115.3000,0.0000,0.23000,-0.16400,0.91100,8.47000,1.95000,4.15000,-0.94800,-0.03800,0.22000,-6.94000,5.54000,7.30000,34.1,24.6,1.0,0.0,0.731902,0.346480,1.314324,-0.734366,0.340393,1.180161,-0.089600,0.486000,0.869300,0.003200,0.133500,0.542300,0.828800,0.034500,0.731931,0.346527,1.314477,-0.734062,0.340224,1.180122,1.064989,0.797505,2.293060,-1.561698,-1.940330,-0.680519,-0.596360,1.962018,-1.266769,1.606756,-1.443180,2.674448,0.141107,2.489134,1,1,1.0000,1.0000,-21.5961,-64.8753,26.8000,-28.3000,0.040000,0.269945,0,0,1,1,0,0,0.0000,0.0000,,,,,2105,2105,0,0,2045,2056,60,36,0,13,0.53443,0.54144,,,,,,,,,,,,,,,,,,,,,,,140353.3316,1518,1518,0,0
1788271856.8289,G_left_centre_left_right,G,left,0,left_right,,centre,613,180.1000,344.2000,59.3000,217.1000,218.9000,0.0000,344.3000,314.7000,24.0000,0.0000,165.5000,0.0000,115.6000,0.0000,0.24000,-0.17100,0.90800,9.15000,2.01000,2.90000,-0.95400,-0.05200,0.22400,-3.42000,5.76000,7.91000,32.8,24.7,1.0,0.0,0.731916,0.346486,1.314346,-0.733650,0.339998,1.180532,-0.089600,0.486000,0.869300,0.003200,0.133500,0.542300,0.828800,0.034500,0.731941,0.346507,1.314490,-0.733843,0.340112,1.180435,1.065051,0.797539,2.293322,-1.561698,-1.939951,-0.680829,-0.596510,1.962081,-1.266767,1.606956,-1.442714,2.674474,0.140518,2.489079,1,1,1.0000,1.0000,-20.9828,-64.0778,26.8000,-28.3000,0.040000,0.269945,0,0,1,1,0,0,0.0000,0.0000,,,,,2106,2106,0,0,2046,2057,60,36,0,13,0.53443,0.54133,,,,,,,,,,,,,,,,,,,,,,,140353.3518,1519,1519,0,0
1788271856.8548,G_left_centre_left_right,G,left,0,left_right,,centre,614,180.0000,344.2000,59.3000,217.1000,218.9000,0.0000,344.2000,314.7000,24.0000,0.0000,165.6000,0.0000,115.7000,0.0000,0.19700,-0.16300,0.92000,7.84000,0.11000,1.64000,-0.97600,-0.07200,0.24500,1.58000,9.37000,9.42000,32.6,24.1,1.0,0.0,0.731858,0.346446,1.314163,-0.731910,0.339047,1.181474,-0.089600,0.486000,0.869300,0.003200,0.133500,0.542300,0.828800,0.034500,0.731941,0.346507,1.314490,-0.733843,0.340112,1.180435,1.065049,0.797520,2.293589,-1.561693,-1.939809,-0.681051,-0.596665,1.962118,-1.266765,1.607096,-1.442211,2.674497,0.140307,2.489038,1,1,1.0000,1.0000,-23.6455,-63.0276,26.7000,-28.3000,0.040000,0.269923,0,0,1,1,0,0,0.0000,0.0000,,,,,2107,2107,0,0,2047,2058,60,36,0,13,0.53446,0.54133,,,,,,,,,,,,,,,,,,,,,,,140353.3777,1520,1520,0,0
1788271856.8691,G_left_centre_left_right,G,left,0,left_right,,centre,615,180.0000,344.2000,59.3000,217.1000,218.9000,0.0000,344.2000,314.7000,24.0000,0.0000,165.5000,0.0000,112.7000,0.0000,0.21300,-0.17900,0.91400,9.31000,-1.98000,-1.49000,-0.96600,-0.07400,0.21800,10.27000,15.12000,9.77000,32.5,24.3,1.0,0.0,0.731838,0.346428,1.314084,-0.730464,0.338259,1.182257,-0.089600,0.486000,0.869300,0.003200,0.133500,0.542300,0.828800,0.034500,0.731941,0.346507,1.314490,-0.733843,0.340112,1.180435,1.065015,0.797472,2.293801,-1.561695,-1.939787,-0.681221,-0.596799,1.962112,-1.266760,1.607141,-1.442043,2.674505,0.140635,2.489033,1,1,1.0000,1.0000,-22.6537,-62.8274,26.7000,-28.3000,0.040000,0.269945,0,0,1,1,0,0,0.0000,0.0000,,,,,2108,2108,0,0,2048,2059,60,36,0,13,0.53446,0.54133,,,,,,,,,,,,,,,,,,,,,,,140353.3919,1521,1521,0,0
1788271856.8940,G_left_centre_left_right,G,left,0,left_right,,centre,616,180.0000,344.2000,59.3000,217.1000,218.9000,0.0000,344.3000,314.7000,23.9000,0.0000,165.6000,0.0000,112.8000,0.0000,0.21100,-0.07000,0.87400,3.45000,-1.56000,4.69000,-1.04300,-0.05500,0.24600,15.37000,10.39000,7.91000,30.3,24.5,1.0,0.0,0.731838,0.346421,1.314066,-0.730256,0.338141,1.182360,-0.089600,0.486000,0.869300,0.003200,0.133500,0.542300,0.828800,0.034500,0.731892,0.346464,1.314263,-0.733949,0.340176,1.180292,1.065024,0.797462,2.294019,-1.561716,-1.939699,-0.681470,-0.596916,1.962041,-1.266744,1.606913,-1.442438,2.674497,0.141212,2.489090,1,1,1.0000,1.0000,-21.9169,-64.1784,26.7000,-28.3000,0.040000,0.269919,0,0,1,1,0,0,0.0000,0.0000,,,,,2109,2109,0,0,2049,2060,60,36,0,13,0.53446,0.54133,,,,,,,,,,,,,,,,,,,,,,,140353.4168,1522,1522,0,0
1788271856.9088,G_left_centre_left_right,G,left,0,left_right,,centre,617,180.0000,344.2000,59.3000,217.1000,218.9000,0.0000,344.4000,314.7000,23.9000,0.0000,165.9000,0.0000,117.0000,0.0000,0.21800,-0.15400,0.87600,1.23000,-0.56000,6.16000,-0.97000,-0.01900,0.23400,11.05000,0.32000,6.98000,30.8,24.4,1.0,0.0,0.731842,0.346416,1.314059,-0.730857,0.338460,1.182045,-0.089600,0.486000,0.869300,0.003200,0.133500,0.542300,0.828800,0.034500,0.731892,0.346464,1.314263,-0.733949,0.340176,1.180292,1.065066,0.797474,2.294316,-1.561746,-1.939560,-0.681783,-0.597060,1.961910,-1.266717,1.606402,-1.443529,2.674474,0.141655,2.489209,1,1,1.0000,1.0000,-21.7808,-66.0296,26.7000,-28.3000,0.040000,0.269851,0,0,1,1,0,0,0.0000,0.0000,,,,,2110,2110,0,0,2050,2061,60,36,0,13,0.53440,0.54141,,,,,,,,,,,,,,,,,,,,,,,140353.4316,1523,1523,0,0
1788271856.9436,G_left_centre_left_right,G,left,0,left_right,,centre,618,180.0000,344.2000,59.3000,217.1000,218.9000,0.0000,344.4000,314.7000,23.9000,0.0000,165.9000,0.0000,114.5000,0.0000,0.23000,-0.21400,0.91000,9.47000,-0.34000,0.80000,-0.88900,-0.00100,0.20800,3.44000,-3.29000,4.88000,31.1,24.4,1.0,0.0,0.731849,0.346414,1.314062,-0.732380,0.339273,1.181267,-0.089600,0.486000,0.869300,0.003200,0.133500,0.542300,0.828800,0.034500,0.731892,0.346464,1.314263,-0.733949,0.340176,1.180292,1.065078,0.797457,2.294524,-1.561769,-1.939471,-0.681968,-0.597181,1.961765,-1.266691,1.605785,-1.445090,2.674445,0.141539,2.489346,1,1,1.0000,1.0000,-21.6438,-67.0506,26.7000,-28.3000,0.040000,0.269851,0,0,1,1,0,0,0.0000,0.0000,,,,,2111,2111,0,0,2051,2062,60,36,0,13,0.53440,0.54141,,,,,,,,,,,,,,,,,,,,,,,140353.4664,1524,1524,0,0
1788271856.9520,G_left_centre_left_right,G,left,0,left_right,,centre,619,180.1000,344.2000,59.3000,217.1000,218.9000,0.0000,344.4000,314.7000,23.9000,0.0000,165.9000,0.0000,113.9000,0.0000,0.23300,-0.18700,0.91700,14.39000,-1.50000,-1.48000,-0.95800,0.00000,0.20700,-4.50000,-4.88000,11.71000,31.1,24.4,1.0,0.0,0.731855,0.346419,1.314072,-0.733653,0.339953,1.180618,-0.089600,0.486000,0.869300,0.003200,0.133500,0.542300,0.828800,0.034500,0.731892,0.346464,1.314263,-0.733949,0.340176,1.180292,1.065071,0.797438,2.294584,-1.561776,-1.939446,-0.682013,-0.597226,1.961698,-1.266678,1.605493,-1.445954,2.674431,0.141018,2.489411,1,1,1.0000,1.0000,-21.5450,-67.0681,26.8000,-28.3000,0.040000,0.269851,0,0,1,1,0,0,0.0000,0.0000,,,,,2111,2111,0,0,2051,2062,60,36,0,13,0.53440,0.54141,,,,,,,,,,,,,,,,,,,,,,,140353.4748,1525,1525,0,0
1788271856.9734,G_left_centre_left_right,G,left,0,left_right,,centre,620,180.2000,344.2000,59.3000,217.1000,218.9000,0.0000,344.3000,314.7000,23.9000,0.0000,165.9000,0.0000,112.9000,0.0000,0.24600,-0.12900,0.90100,12.37000,-1.24000,0.73000,-0.94300,-0.01800,0.19600,-8.79000,-9.17000,12.11000,31.3,24.8,1.0,0.0,0.731882,0.346443,1.314156,-0.733849,0.340056,1.180510,-0.089600,0.486000,0.869300,0.003200,0.133500,0.542300,0.828800,0.034500,0.731845,0.346421,1.314072,-0.732180,0.339227,1.181355,1.064944,0.797299,2.294949,-1.561788,-1.939502,-0.682234,-0.597383,1.961561,-1.266654,1.604829,-1.447936,2.674408,0.139103,2.489546,1,1,1.0000,1.0000,-20.4276,-65.9670,26.9000,-28.3000,0.040000,0.269851,0,0,1,1,0,0,0.0000,0.0000,,,,,2113,2113,0,0,2053,2064,60,36,0,13,0.53440,0.54045,,,,,,,,,,,,,,,,,,,,,,,140353.4962,1526,1526,0,0
1788271856.9924,G_left_centre_left_right,G,left,0,left_right,,centre,621,180.3000,344.2000,59.3000,217.1000,218.9000,0.0000,344.2000,314.7000,23.9000,0.0000,165.9000,0.0000,112.9000,0.0000,0.26900,-0.13500,0.89300,10.76000,-0.07000,0.96000,-0.94300,-0.01800,0.19600,-8.79000,-9.17000,12.11000,32.0,24.4,1.0,0.0,0.731942,0.346492,1.314351,-0.733849,0.340056,1.180510,-0.089600,0.486000,0.869300,0.003200,0.133500,0.542300,0.828800,0.034500,0.731845,0.346421,1.314072,-0.732180,0.339227,1.181355,1.064832,0.797199,2.295121,-1.561780,-1.939568,-0.682330,-0.597466,1.961574,-1.266645,1.604680,-1.448726,2.674417,0.136624,2.489540,1,1,1.0000,1.0000,-18.9692,-65.9670,27.0000,-28.3000,0.040000,0.269851,0,0,1,1,0,0,0.0000,0.0000,,,,,2113,2113,0,0,2053,2064,60,36,0,13,0.53440,0.54045,,,,,,,,,,,,,,,,,,,,,,,140353.5152,1527,1526,0,0
1788271857.0088,G_left_centre_left_right,G,left,0,left_right,,centre,622,180.3000,344.2000,59.3000,217.1000,218.9000,0.0000,344.3000,314.7000,23.9000,0.0000,165.6000,0.0000,110.7000,0.0000,0.28700,-0.11400,0.90900,9.75000,2.80000,1.23000,-0.94300,-0.01600,0.17800,-21.63000,-12.82000,-2.96000,32.0,24.5,1.0,0.0,0.732010,0.346542,1.314575,-0.734184,0.340231,1.180311,-0.089600,0.486000,0.869300,0.003200,0.133500,0.542300,0.828800,0.034500,0.731845,0.346421,1.314072,-0.732180,0.339227,1.181355,1.064668,0.797072,2.295219,-1.561751,-1.939715,-0.682326,-0.597510,1.961605,-1.266635,1.604783,-1.448850,2.674432,0.133306,2.489517,1,1,1.0000,1.0000,-18.1425,-65.9744,27.0000,-28.3000,0.040000,0.269919,0,0,1,1,0,0,0.0000,0.0000,,,,,2115,2115,0,0,2055,2066,60,36,0,13,0.53434,0.54045,,,,,,,,,,,,,,,,,,,,,,,140353.5316,1528,1528,0,0
1788271857.0285,G_left_centre_left_right,G,left,0,left_right,,centre,623,180.3000,344.2000,59.3000,217.1000,218.9000,0.0000,344.4000,314.7000,23.9000,0.0000,168.2000,0.0000,113.4000,0.0000,0.27800,-0.10400,0.90700,7.76000,4.53000,-1.73000,-0.91700,-0.02400,0.17400,-25.92000,-13.78000,0.82000,33.2,24.1,1.0,0.0,0.732061,0.346581,1.314742,-0.734148,0.340210,1.180379,-0.089600,0.486000,0.869300,0.003200,0.133500,0.542300,0.828800,0.034500,0.731919,0.346472,1.314292,-0.733261,0.339732,1.181036,1.064393,0.796867,2.295337,-1.561706,-1.939989,-0.682260,-0.597536,1.961638,-1.266629,1.604963,-1.448363,2.674449,0.130775,2.489484,1,1,1.0000,1.0000,-18.5869,-65.4670,27.0000,-28.3000,0.040000,0.269269,0,0,1,1,0,0,0.0000,0.0000,,,,,2116,2116,0,0,2056,2067,60,36,0,13,0.53434,0.54045,,,,,,,,,,,,,,,,,,,,,,,140353.5513,1529,1529,0,0
1788271857.0560,G_left_centre_left_right,G,left,0,left_right,,centre,624,180.3000,344.2000,59.3000,217.1000,218.9000,0.0000,344.4000,314.7000,23.9000,0.0000,168.9000,0.0000,112.3000,0.0000,0.26000,-0.10100,0.91700,6.36000,6.60000,-4.50000,-0.91100,-0.05400,0.15800,-24.02000,-10.34000,-1.59000,32.4,24.9,1.0,0.0,0.732078,0.346601,1.314799,-0.733032,0.339607,1.181095,-0.089600,0.486000,0.869300,0.003200,0.133500,0.542300,0.828800,0.034500,0.731919,0.346472,1.314292,-0.733261,0.339732,1.181036,1.063875,0.796483,2.295485,-1.561623,-1.940546,-0.682054,-0.597546,1.961695,-1.266620,1.605255,-1.447496,2.674484,0.128394,2.489424,1,1,1.0000,1.0000,-19.7760,-63.4954,27.0000,-28.3000,0.040000,0.269071,0,0,1,1,0,0,0.0000,0.0000,,,,,2118,2117,0,0,2058,2068,60,36,0,13,0.53443,0.54041,,,,,,,,,,,,,,,,,,,,,,,140353.5789,1530,1530,0,0
1788271857.0688,G_left_centre_left_right,G,left,0,left_right,,centre,625,180.5000,344.2000,59.3000,217.1000,218.9000,0.0000,344.4000,314.6000,23.9000,0.0000,168.9000,0.0000,110.8000,0.0000,0.22700,-0.10700,0.92700,4.62000,8.92000,-6.13000,-0.89000,-0.05300,0.17300,-19.63000,-4.59000,-9.73000,32.8,25.1,1.0,0.0,0.732040,0.346607,1.314712,-0.732176,0.339110,1.181659,-0.089600,0.486000,0.869300,0.003200,0.133500,0.542300,0.828800,0.034500,0.731919,0.346472,1.314292,-0.733261,0.339732,1.181036,1.063695,0.796349,2.295559,-1.561589,-1.940709,-0.681990,-0.597560,1.961714,-1.266614,1.605348,-1.447215,2.674498,0.127912,2.489405,1,1,1.0000,1.0000,-21.8506,-63.6339,27.2000,-28.4000,0.040000,0.269071,0,0,1,1,0,0,0.0000,0.0000,,,,,2118,2118,0,0,2058,2069,60,36,0,13,0.53443,0.54041,,,,,,,,,,,,,,,,,,,,,,,140353.5916,1531,1531,0,0
1788271857.0886,G_left_centre_left_right,G,left,0,left_right,,centre,626,180.5000,344.2000,59.3000,217.1000,218.9000,0.0000,344.5000,314.6000,23.8000,0.0000,168.3000,0.0000,109.0000,0.0000,0.21800,-0.11700,0.93200,2.05000,11.62000,-5.69000,-0.85400,-0.04700,0.16000,-16.00000,-2.54000,-18.47000,31.9,25.6,1.0,0.0,0.731990,0.346605,1.314589,-0.731576,0.338758,1.182038,-0.089600,0.486000,0.869300,0.003200,0.133500,0.542300,0.828800,0.034500,0.731919,0.346472,1.314292,-0.733261,0.339732,1.181036,1.063451,0.796155,2.295710,-1.561535,-1.940916,-0.681943,-0.597602,1.961723,-1.266576,1.605469,-1.446728,2.674530,0.128024,2.489404,1,1,1.0000,1.0000,-22.4701,-63.8393,27.2000,-28.4000,0.040000,0.269239,0,0,1,1,0,0,0.0000,0.0000,,,,,2119,2119,0,0,2059,2070,60,36,0,13,0.53443,0.54041,,,,,,,,,,,,,,,,,,,,,,,140353.6114,1532,1532,0,0
1788271857.1085,G_left_centre_left_right,G,left,0,left_right,,centre,627,180.6000,344.2000,59.3000,217.1000,218.9000,0.0000,344.5000,314.7000,23.8000,0.0000,167.4000,0.0000,107.1000,0.0000,0.27300,-0.00800,0.81600,-1.45000,17.11000,-0.32000,-0.86300,-0.03500,0.15800,-13.53000,0.02000,-22.40000,33.9,26.7,1.0,0.0,0.732077,0.346682,1.314913,-0.731486,0.338714,1.182087,-0.089600,0.486000,0.869300,0.003200,0.133500,0.542300,0.828800,0.034500,0.732072,0.346593,1.314793,-0.734182,0.340204,1.180442,1.063362,0.796110,2.295901,-1.561487,-1.940916,-0.682035,-0.597682,1.961694,-1.266512,1.605341,-1.446604,2.674559,0.129094,2.489459,1,1,1.0000,1.0000,-16.6931,-64.6161,27.3000,-28.3000,0.040000,0.269480,0,0,1,1,0,0,0.0000,0.0000,,,,,2120,2120,0,0,2060,2071,60,36,0,13,0.53443,0.54073,,,,,,,,,,,,,,,,,,,,,,,140353.6313,1533,1533,0,0
1788271857.1286,G_left_centre_left_right,G,left,0,left_right,,centre,628,180.6000,344.2000,59.3000,217.1000,218.9000,0.0000,344.4000,314.7000,23.8000,0.0000,166.0000,0.0000,104.6000,0.0000,0.26300,-0.07900,0.90800,-8.19000,21.70000,1.48000,-0.89600,-0.03200,0.16400,-10.73000,4.04000,-23.00000,33.7,26.5,1.0,0.0,0.732093,0.346715,1.314983,-0.731477,0.338712,1.182068,-0.089600,0.486000,0.869300,0.003200,0.133500,0.542300,0.828800,0.034500,0.732072,0.346593,1.314793,-0.734182,0.340204,1.180442,1.063338,0.796156,2.296097,-1.561442,-1.940783,-0.682222,-0.597763,1.961640,-1.266435,1.605076,-1.447067,2.674588,0.130817,2.489544,1,1,1.0000,1.0000,-19.3725,-64.8860,27.3000,-28.3000,0.040000,0.269824,0,0,1,1,0,0,0.0000,0.0000,,,,,2121,2121,0,0,2061,2072,60,36,0,13,0.53461,0.54073,,,,,,,,,,,,,,,,,,,,,,,140353.6514,1534,1534,0,0
1788271857.1500,G_left_centre_left_right,G,left,0,left_right,,centre,629,180.6000,344.2000,59.3000,217.1000,218.9000,0.0000,344.4000,314.7000,23.8000,0.0000,164.9000,0.0000,103.7000,0.0000,0.19100,-0.15300,0.92600,-7.58000,22.11000,-2.51000,-0.95500,-0.03300,0.19200,-7.92000,6.38000,-21.81000,34.2,27.4,1.0,0.0,0.731995,0.346687,1.314729,-0.731507,0.338731,1.182012,-0.089600,0.486000,0.869300,0.003200,0.133500,0.542300,0.828800,0.034500,0.732072,0.346593,1.314793,-0.734182,0.340204,1.180442,1.063190,0.796099,2.296212,-1.561388,-1.940816,-0.682290,-0.597795,1.961583,-1.266362,1.604786,-1.447740,2.674614,0.132598,2.489631,1,1,1.0000,1.0000,-24.0532,-65.0681,27.3000,-28.3000,0.040000,0.270065,0,0,1,1,0,0,0.0000,0.0000,,,,,2122,2122,0,0,2062,2073,60,36,0,13,0.53461,0.54073,,,,,,,,,,,,,,,,,,,,,,,140353.6729,1535,1535,0,0
1788271857.1759,G_left_centre_left_right,G,left,0,left_right,,centre,630,180.6000,344.2000,59.3000,217.1000,218.9000,0.0000,344.3000,314.7000,23.8000,0.0000,163.9000,0.0000,108.9000,0.0000,0.16900,-0.18500,0.94200,-4.54000,18.19000,-7.37000,-0.97800,-0.03400,0.22500,-3.44000,6.32000,-24.66000,34.2,27.6,1.0,0.0,0.731857,0.346637,1.314379,-0.731561,0.338763,1.181926,-0.089600,0.486000,0.869300,0.003200,0.133500,0.542300,0.828800,0.034500,0.732047,0.346655,1.314837,-0.732766,0.339475,1.181180,1.062848,0.795939,2.296362,-1.561313,-1.941265,-0.682133,-0.597835,1.961493,-1.266264,1.604346,-1.448818,2.674643,0.134726,2.489761,1,1,1.0000,1.0000,-25.5500,-65.1675,27.3000,-28.3000,0.040000,0.270264,0,0,1,1,0,0,0.0000,0.0000,,,,,2123,2123,0,0,2063,2074,60,36,0,13,0.53461,0.54073,,,,,,,,,,,,,,,,,,,,,,,140353.6988,1536,1536,0,0
1788271857.1891,G_left_centre_left_right,G,left,0,left_right,,centre,631,180.3000,344.2000,59.3000,217.1000,218.9000,0.0000,344.2000,314.7000,23.8000,0.0000,162.8000,0.0000,112.4000,0.0000,0.15100,-0.23700,0.98500,2.85000,10.73000,-14.15000,-0.98900,-0.01100,0.23600,-1.72000,6.02000,-27.91000,34.1,28.2,1.0,0.0,0.731698,0.346550,1.313961,-0.732381,0.339210,1.181369,-0.089600,0.486000,0.869300,0.003200,0.133500,0.542300,0.828800,0.034500,0.732047,0.346655,1.314837,-0.732766,0.339475,1.181180,1.062869,0.795986,2.296438,-1.561306,-1.941330,-0.682196,-0.597866,1.961458,-1.266230,1.604182,-1.449223,2.674651,0.135352,2.489809,1,1,1.0000,1.0000,-26.9689,-66.4989,27.0000,-28.3000,0.040000,0.270458,0,0,1,1,0,0,0.0000,0.0000,,,,,2124,2124,0,0,2064,2075,60,36,0,13,0.53461,0.54046,,,,,,,,,,,,,,,,,,,,,,,140353.7119,1537,1537,0,0
1788271857.2118,G_left_centre_left_right,G,left,0,left_right,,centre,632,180.3000,344.2000,59.3000,217.1000,218.9000,0.0000,344.1000,314.7000,23.8000,0.0000,162.1000,0.0000,115.0000,0.0000,0.15900,-0.20400,0.95100,10.57000,2.87000,-18.79000,-0.97700,0.00900,0.22000,-4.08000,5.24000,-25.69000,35.1,27.6,1.0,0.0,0.731585,0.346488,1.313656,-0.734179,0.340185,1.180290,-0.089600,0.486000,0.869300,0.003200,0.133500,0.542300,0.828800,0.034500,0.732047,0.346655,1.314837,-0.732766,0.339475,1.181180,1.062975,0.796133,2.296617,-1.561308,-1.941212,-0.682435,-0.597938,1.961392,-1.266186,1.603909,-1.449912,2.674656,0.135471,2.489886,1,1,1.0000,1.0000,-26.2219,-67.6104,27.0000,-28.3000,0.040000,0.270569,0,0,1,1,0,0,0.0000,0.0000,,,,,2125,2125,0,0,2065,2076,60,36,0,13,0.53461,0.54046,,,,,,,,,,,,,,,,,,,,,,,140353.7347,1538,1538,0,0
1788271857.2297,G_left_centre_left_right,G,left,0,left_right,,centre,633,180.2000,344.2000,59.3000,217.1000,218.9000,0.0000,344.1000,314.7000,23.8000,0.0000,161.3000,0.0000,112.0000,0.0000,0.20800,-0.09500,0.92600,9.02000,-0.10000,-14.62000,-0.89700,0.01000,0.20400,-7.21000,5.75000,-20.94000,36.3,27.0,1.0,0.0,0.731582,0.346476,1.313620,-0.735741,0.341031,1.179339,-0.089600,0.486000,0.869300,0.003200,0.133500,0.542300,0.828800,0.034500,0.732047,0.346655,1.314837,-0.732766,0.339475,1.181180,1.063059,0.796233,2.296720,-1.561317,-1.941030,-0.682611,-0.597978,1.961376,-1.266181,1.603812,-1.450215,2.674656,0.135062,2.489902,1,1,1.0000,1.0000,-22.9042,-67.7237,26.9000,-28.3000,0.040000,0.270684,0,0,1,1,0,0,0.0000,0.0000,,,,,2126,2125,0,0,2066,2076,60,36,0,13,0.53461,0.54046,,,,,,,,,,,,,,,,,,,,,,,140353.7525,1539,1539,0,0
1788271857.2579,G_left_centre_left_right,G,left,0,left_right,,centre,634,180.5000,344.2000,59.3000,217.1000,218.9000,0.0000,344.1000,314.7000,23.8000,0.0000,160.9000,0.0000,111.0000,0.0000,0.25300,-0.04800,0.91700,3.34000,3.16000,-7.98000,-0.93000,0.00300,0.21500,-8.45000,4.28000,-17.12000,36.2,27.0,1.0,0.0,0.731636,0.346516,1.313776,-0.736526,0.341457,1.178808,-0.089600,0.486000,0.869300,0.003200,0.133500,0.542300,0.828800,0.034500,0.731887,0.346627,1.314431,-0.732052,0.339061,1.181728,1.063588,0.796750,2.297169,-1.561407,-1.939924,-0.683563,-0.598152,1.961377,-1.266199,1.603783,-1.450702,2.674658,0.133569,2.489887,1,1,1.0000,1.0000,-19.9585,-67.2889,27.2000,-28.3000,0.040000,0.270736,0,0,1,1,0,0,0.0000,0.0000,,,,,2127,2127,0,0,2067,2078,60,36,0,13,0.53461,0.54046,,,,,,,,,,,,,,,,,,,,,,,140353.7808,1540,1540,0,0
1788271857.2735,G_left_centre_left_right,G,left,0,left_right,,centre,635,180.5000,344.2000,59.3000,217.1000,218.9000,0.0000,344.1000,314.7000,23.8000,0.0000,161.0000,0.0000,109.6000,0.0000,0.27400,-0.05700,0.89600,-3.01000,9.55000,-2.91000,-0.95600,-0.00200,0.21600,-9.15000,3.29000,-12.25000,35.2,26.7,1.0,0.0,0.731722,0.346571,1.314034,-0.736918,0.341671,1.178509,-0.089600,0.486000,0.869300,0.003200,0.133500,0.542300,0.828800,0.034500,0.731887,0.346627,1.314431,-0.732052,0.339061,1.181728,1.063717,0.796876,2.297281,-1.561429,-1.939654,-0.683798,-0.598196,1.961418,-1.266225,1.603984,-1.450426,2.674666,0.132797,2.489824,1,1,1.0000,1.0000,-18.4324,-66.9811,27.2000,-28.3000,0.040000,0.270723,0,0,1,1,0,0,0.0000,0.0000,,,,,2129,2128,0,0,2069,2079,60,36,0,13,0.53444,0.54010,,,,,,,,,,,,,,,,,,,,,,,140353.7963,1541,1541,0,0
1788271857.2890,G_left_centre_left_right,G,left,0,left_right,,centre,636,180.5000,344.2000,59.3000,217.1000,218.9000,0.0000,344.1000,314.7000,23.8000,0.0000,162.5000,0.0000,110.1000,0.0000,0.25900,-0.09300,0.91700,-7.22000,13.97000,0.61000,-0.95700,-0.02100,0.21900,-9.09000,5.15000,-10.57000,35.6,26.6,1.0,0.0,0.731766,0.346603,1.314158,-0.736714,0.341562,1.178579,-0.089600,0.486000,0.869300,0.003200,0.133500,0.542300,0.828800,0.034500,0.731887,0.346627,1.314431,-0.732052,0.339061,1.181728,1.063881,0.796983,2.297620,-1.561445,-1.939374,-0.684214,-0.598316,1.961580,-1.266333,1.604821,-1.448754,2.674700,0.130440,2.489565,1,1,1.0000,1.0000,-19.8042,-65.8798,27.2000,-28.3000,0.040000,0.270507,0,0,1,1,0,0,0.0000,0.0000,,,,,2129,2129,0,0,2069,2080,60,36,0,13,0.53444,0.54010,,,,,,,,,,,,,,,,,,,,,,,140353.8118,1542,1542,0,0
1788271857.3100,G_left_centre_left_right,G,left,0,left_right,,centre,637,180.5000,344.2000,59.3000,217.1000,218.9000,0.0000,344.1000,314.9000,23.8000,0.0000,164.4000,0.0000,111.4000,0.0000,0.20800,-0.15600,0.93500,-7.80000,14.70000,1.80000,-0.96600,-0.02200,0.22100,-7.84000,8.73000,-9.17000,35.2,26.2,1.0,0.0,0.731731,0.346593,1.314059,-0.736514,0.341498,1.178678,-0.089600,0.486000,0.869300,0.003200,0.133500,0.542300,0.828800,0.034500,0.731704,0.346530,1.313903,-0.734004,0.340050,1.180714,1.063659,0.796827,2.297710,-1.561416,-1.939627,-0.684126,-0.598364,1.961700,-1.266421,1.605471,-1.447069,2.674723,0.129687,2.489362,1,1,1.0000,1.0000,-23.1797,-65.8334,27.2000,-28.1000,0.040000,0.270167,0,0,1,1,0,0,0.0000,0.0000,,,,,2130,2130,0,0,2070,2081,60,36,0,13,0.53444,0.54010,,,,,,,,,,,,,,,,,,,,,,,140353.8329,1543,1543,0,0
1788271857.3333,G_left_centre_left_right,G,left,0,left_right,,centre,638,180.5000,344.2000,59.3000,217.1000,218.9000,0.0000,344.1000,314.9000,23.8000,0.0000,165.6000,0.0000,113.2000,0.0000,0.18500,-0.18600,0.92800,-5.67000,13.80000,1.31000,-0.96200,-0.04300,0.22300,-5.88000,7.58000,-9.88000,34.9,26.1,1.0,0.0,0.731667,0.346567,1.313884,-0.735866,0.341192,1.179040,-0.089600,0.486000,0.869300,0.003200,0.133500,0.542300,0.828800,0.034500,0.731704,0.346530,1.313903,-0.734004,0.340050,1.180714,1.063490,0.796713,2.297764,-1.561395,-1.939824,-0.684040,-0.598391,1.961756,-1.266471,1.605799,-1.446184,2.674736,0.129828,2.489253,1,1,1.0000,1.0000,-24.4694,-64.6178,27.2000,-28.1000,0.040000,0.269914,0,0,1,1,0,0,0.0000,0.0000,,,,,2131,2131,0,0,2071,2082,60,36,0,13,0.53424,0.54073,,,,,,,,,,,,,,,,,,,,,,,140353.8561,1544,1544,0,0
1788271857.3490,G_left_centre_left_right,G,left,0,left_right,,centre,639,180.5000,344.2000,59.3000,217.1000,218.9000,0.0000,344.1000,314.7000,23.8000,0.0000,165.4000,0.0000,111.4000,0.0000,0.16100,-0.18800,0.92600,-2.07000,11.72000,-1.10000,-0.94500,-0.04900,0.21500,-4.64000,6.18000,-10.48000,35.2,26.3,1.0,0.0,0.731566,0.346522,1.313622,-0.734997,0.340715,1.179529,-0.089600,0.486000,0.869300,0.003200,0.133500,0.542300,0.828800,0.034500,0.731704,0.346530,1.313903,-0.734004,0.340050,1.180714,1.063166,0.796529,2.297975,-1.561359,-1.940140,-0.683987,-0.598495,1.961925,-1.266629,1.606775,-1.443562,2.674760,0.131574,2.488933,1,1,1.0000,1.0000,-25.8554,-64.2093,27.2000,-28.3000,0.040000,0.269958,0,0,1,1,0,0,0.0000,0.0000,,,,,2132,2132,0,0,2072,2083,60,36,0,13,0.53424,0.54073,,,,,,,,,,,,,,,,,,,,,,,140353.8718,1545,1545,0,0
1788271857.3818,G_left_centre_left_right,G,left,0,left_right,,centre,640,180.4000,344.2000,59.3000,217.1000,218.9000,0.0000,344.1000,314.7000,23.8000,0.0000,165.4000,0.0000,110.1000,0.0000,0.16200,-0.16500,0.91300,4.67000,5.80000,-5.14000,-0.95800,-0.03700,0.22700,-5.69000,5.20000,-7.15000,34.7,26.4,1.0,0.0,0.731391,0.346431,1.313158,-0.734737,0.340570,1.179680,-0.089600,0.486000,0.869300,0.003200,0.133500,0.542300,0.828800,0.034500,0.731666,0.346562,1.313917,-0.735161,0.340720,1.179686,1.063300,0.796657,2.298289,-1.561364,-1.939805,-0.684350,-0.598640,1.962017,-1.266736,1.607443,-1.441417,2.674773,0.135839,2.488731,1,1,1.0000,1.0000,-25.6448,-64.9652,27.1000,-28.3000,0.040000,0.269958,0,0,1,1,0,0,0.0000,0.0000,,,,,2133,2133,0,0,2073,2084,60,36,0,13,0.53424,0.54073,,,,,,,,,,,,,,,,,,,,,,,140353.9046,1547,1546,0,0
1788271857.4015,G_left_centre_left_right,G,left,0,left_right,,centre,641,180.4000,344.2000,59.3000,217.1000,218.9000,0.0000,344.1000,314.7000,23.8000,0.0000,166.3000,0.0000,109.8000,0.0000,0.16200,-0.16500,0.91300,4.67000,5.80000,-5.14000,-1.00300,-0.03800,0.23400,-5.92000,3.02000,-3.71000,34.7,26.4,1.0,0.0,0.731391,0.346431,1.313158,-0.734508,0.340442,1.179833,-0.089600,0.486000,0.869300,0.003200,0.133500,0.542300,0.828800,0.034500,0.731666,0.346562,1.313917,-0.735161,0.340720,1.179686,1.063300,0.796657,2.298289,-1.561364,-1.939805,-0.684350,-0.598640,1.962017,-1.266736,1.607443,-1.441417,2.674773,0.135839,2.488731,1,1,1.0000,1.0000,-25.6448,-65.0001,27.1000,-28.3000,0.040000,0.269753,0,0,1,1,0,0,0.0000,0.0000,,,,,2133,2133,0,0,2073,2084,60,36,0,13,0.53424,0.54073,,,,,,,,,,,,,,,,,,,,,,,140353.9244,1547,1547,0,0
1788271857.4127,G_left_centre_left_right,G,left,0,left_right,,centre,642,174.1000,344.2000,59.3000,217.1000,218.9000,0.0000,344.1000,314.7000,23.8000,0.0000,166.3000,0.0000,109.8000,0.0000,0.21900,-0.18400,0.91600,4.49000,19.09000,-6.58000,-1.00300,-0.03800,0.23400,-5.92000,3.02000,-3.71000,32.5,24.5,1.0,0.0,0.731556,0.346116,1.313200,-0.734508,0.340442,1.179833,-0.089600,0.486000,0.869300,0.003200,0.133500,0.542300,0.828800,0.034500,0.731666,0.346562,1.313917,-0.735161,0.340720,1.179686,1.063407,0.796760,2.298418,-1.561383,-1.939608,-0.684579,-0.598692,1.962033,-1.266762,1.607561,-1.440857,2.674782,0.137457,2.488685,1,1,1.0000,1.0000,-22.3374,-65.0001,20.8000,-28.3000,0.040000,0.269753,0,0,1,1,0,0,0.0000,0.0000,,,,,2134,2134,0,0,2074,2085,60,36,0,13,0.53424,0.54073,,,,,,,,,,,,,,,,,,,,,,,140353.9355,1548,1547,0,0
1788271857.4347,G_left_centre_left_right,G,left,0,left_right,,centre,643,174.0000,344.2000,59.3000,217.1000,218.9000,0.0000,344.1000,317.0000,23.5000,0.0000,173.0000,0.0000,0.0000,0.0000,0.20700,-0.15200,0.89600,7.50000,20.02000,-4.66000,-0.99700,0.03000,0.22000,-10.87000,-8.19000,-11.72000,33.4,24.6,1.0,0.0,0.731689,0.345844,1.313216,-0.739508,0.345026,1.178263,-0.089600,0.486000,0.869300,0.003200,0.133500,0.542300,0.828800,0.034500,0.731666,0.346562,1.313917,-0.735161,0.340720,1.179686,1.064019,0.797266,2.299059,-1.561596,-1.938693,-0.685649,-0.598927,1.962085,-1.266843,1.607758,-1.440239,2.674830,0.146232,2.488505,1,1,1.0000,1.0000,-22.7236,-68.7637,20.7000,-26.0000,0.040000,0.267713,0,0,1,1,0,0,0.0000,0.0000,,,,,2136,2136,0,0,2076,2087,60,36,0,13,0.53422,0.54164,,,,,,,,,,,,,,,,,,,,,,,140353.9575,1549,1549,0,0
1788271857.4497,G_left_centre_left_right,G,left,0,left_right,,centre,644,174.0000,344.2000,59.3000,217.1000,218.9000,0.0000,344.1000,317.0000,23.5000,0.0000,172.7000,0.0000,141.0000,0.0000,0.18200,-0.12100,0.89000,6.70000,21.44000,-2.46000,-0.99700,0.01200,0.21700,-9.36000,-6.68000,-5.54000,34.3,25.2,1.0,0.0,0.731802,0.345527,1.313147,-0.739829,0.345770,1.178257,-0.089600,0.486000,0.869300,0.003200,0.133500,0.542300,0.828800,0.034500,0.731424,0.346340,1.313215,-0.733909,0.340141,1.180189,1.064172,0.797149,2.299075,-1.561851,-1.938728,-0.685746,-0.598922,1.962124,-1.266840,1.607816,-1.440202,2.674854,0.147822,2.488455,1,1,1.0000,1.0000,-24.0917,-67.7461,20.7000,-26.0000,0.040000,0.267823,0,0,1,1,0,0,0.0000,0.0000,,,,,2137,2137,0,0,2077,2088,60,36,0,13,0.53422,0.54164,,,,,,,,,,,,,,,,,,,,,,,140353.9726,1550,1550,0,0
1788271857.4687,G_left_centre_left_right,G,left,0,left_right,,centre,645,173.9000,344.2000,59.3000,217.1000,218.9000,0.0000,344.1000,317.0000,23.5000,0.0000,172.3000,0.0000,140.8000,0.0000,0.16200,-0.13700,0.90100,3.85000,21.07000,1.85000,-0.99000,0.00000,0.21300,-6.34000,-4.85000,-0.82000,34.2,25.9,1.0,0.0,0.731863,0.345250,1.313014,-0.739606,0.345981,1.178415,-0.089600,0.486000,0.869300,0.003200,0.133500,0.542300,0.828800,0.034500,0.731424,0.346340,1.313215,-0.733909,0.340141,1.180189,1.064523,0.796768,2.299088,-1.562481,-1.938875,-0.685992,-0.598903,1.962547,-1.266789,1.608251,-1.439755,2.674940,0.149848,2.488294,1,1,1.0000,1.0000,-25.4759,-67.0647,20.6000,-26.0000,0.040000,0.267967,0,0,1,1,0,0,0.0000,0.0000,,,,,2139,2138,0,0,2079,2089,60,36,0,13,0.53393,0.54181,,,,,,,,,,,,,,,,,,,,,,,140353.9915,1551,1551,0,0
1788271857.4915,G_left_centre_left_right,G,left,0,left_right,,centre,646,173.8000,344.2000,59.3000,217.1000,218.9000,0.0000,344.1000,317.0000,23.5000,0.0000,171.9000,0.0000,140.5000,0.0000,0.14700,-0.17800,0.92400,3.24000,18.94000,5.39000,-0.99900,-0.00200,0.20900,-3.34000,-2.93000,3.61000,35.4,27.4,1.0,0.0,0.731896,0.344929,1.312790,-0.739314,0.346128,1.178577,-0.089600,0.486000,0.869300,0.003200,0.133500,0.542300,0.828800,0.034500,0.731424,0.346340,1.313215,-0.733909,0.340141,1.180189,1.065076,0.796160,2.299083,-1.563455,-1.939104,-0.686400,-0.598863,1.963367,-1.266725,1.608922,-1.438427,2.675033,0.151427,2.488109,1,1,1.0000,1.0000,-26.6594,-66.9283,20.5000,-26.0000,0.040000,0.268108,0,0,1,1,0,0,0.0000,0.0000,,,,,2139,2139,0,0,2079,2090,60,36,0,13,0.53393,0.54181,,,,,,,,,,,,,,,,,,,,,,,140354.0143,1552,1552,0,0
1788271857.5085,G_left_centre_left_right,G,left,0,left_right,,centre,647,173.8000,344.2000,59.3000,217.1000,218.9000,0.0000,344.1000,317.0000,23.5000,0.0000,171.7000,0.0000,140.1000,0.0000,0.12500,-0.23800,0.97400,6.37000,14.20000,7.10000,-0.99400,0.01400,0.20800,-2.53000,-1.66000,8.34000,35.8,28.8,1.0,0.0,0.731870,0.344592,1.312451,-0.739680,0.346607,1.178420,-0.089600,0.486000,0.869300,0.003200,0.133500,0.542300,0.828800,0.034500,0.731424,0.346340,1.313215,-0.733909,0.340141,1.180189,1.065715,0.795672,2.299084,-1.564387,-1.939240,-0.686879,-0.598817,1.964380,-1.266667,1.609609,-1.435892,2.675122,0.152957,2.487914,1,1,1.0000,1.0000,-28.3276,-67.8275,20.5000,-26.0000,0.040000,0.268178,0,0,1,1,0,0,0.0000,0.0000,,,,,2140,2140,0,0,2080,2091,60,36,0,13,0.53393,0.54181,,,,,,,,,,,,,,,,,,,,,,,140354.0313,1553,1553,0,0
1788271857.5329,G_left_centre_left_right,G,left,0,left_right,,centre,648,173.8000,344.2000,59.3000,217.1000,218.9000,0.0000,344.1000,317.0000,23.6000,0.0000,171.4000,0.0000,139.6000,0.0000,0.16600,-0.23500,0.96200,11.23000,9.27000,4.68000,-0.99900,-0.03000,0.22100,3.79000,-0.50000,18.05000,37.9,29.4,1.0,0.0,0.731920,0.344370,1.312345,-0.738800,0.346319,1.178839,-0.089600,0.486000,0.869300,0.003200,0.133500,0.542300,0.828800,0.034500,0.731656,0.345396,1.313031,-0.734945,0.341352,1.180548,1.066112,0.795419,2.299088,-1.564911,-1.939296,-0.687178,-0.598789,1.964896,-1.266648,1.609903,-1.434063,2.675157,0.153733,2.487824,1,1,1.0000,1.0000,-25.9216,-65.4081,20.5000,-26.0000,0.040000,0.268280,0,0,1,1,0,0,0.0000,0.0000,,,,,2140,2140,0,0,2080,2091,60,36,0,13,0.53393,0.54181,,,,,,,,,,,,,,,,,,,,,,,140354.0557,1554,1554,0,0
1788271857.5485,G_left_centre_left_right,G,left,0,left_right,,centre,649,173.7000,344.2000,59.3000,217.1000,218.9000,0.0000,344.1000,317.0000,23.7000,0.0000,171.3000,0.0000,139.3000,0.0000,0.15500,-0.21200,0.96300,15.18000,4.73000,4.47000,-1.01100,-0.03000,0.23300,8.70000,-0.50000,22.08000,37.6,30.5,1.0,0.0,0.731954,0.344123,1.312190,-0.737961,0.346047,1.179234,-0.089600,0.486000,0.869300,0.003200,0.133500,0.542300,0.828800,0.034500,0.731656,0.345396,1.313031,-0.734945,0.341352,1.180548,1.067441,0.794860,2.299157,-1.566403,-1.939299,-0.688317,-0.598693,1.966524,-1.266603,1.610773,-1.427827,2.675270,0.156024,2.487518,1,1,1.0000,1.0000,-26.5617,-65.4522,20.4000,-26.0000,0.040000,0.268315,0,0,1,1,0,0,0.0000,0.0000,,,,,2142,2142,0,0,2082,2093,60,36,0,13,0.53385,0.54266,,,,,,,,,,,,,,,,,,,,,,,140354.0713,1555,1555,0,0
1788271857.5820,G_left_centre_left_right,G,left,0,left_right,,centre,650,173.7000,344.2000,59.3000,217.1000,218.9000,0.0000,344.1000,317.0000,23.7000,0.0000,171.3000,0.0000,139.3000,0.0000,0.15500,-0.21200,0.96300,15.18000,4.73000,4.47000,-1.01100,-0.03000,0.23300,8.70000,-0.50000,22.08000,39.2,30.1,1.0,0.0,0.731954,0.344123,1.312190,-0.737961,0.346047,1.179234,-0.089600,0.486000,0.869300,0.003200,0.133500,0.542300,0.828800,0.034500,0.731656,0.345396,1.313031,-0.734945,0.341352,1.180548,1.068242,0.794518,2.299217,-1.567332,-1.939272,-0.689020,-0.598635,1.967740,-1.266596,1.611335,-1.423192,2.675314,0.157586,2.487340,1,1,1.0000,1.0000,-26.5617,-65.4522,20.4000,-26.0000,0.040000,0.268315,0,0,1,1,0,0,0.0000,0.0000,,,,,2142,2142,0,0,2082,2093,60,36,0,13,0.53385,0.54266,,,,,,,,,,,,,,,,,,,,,,,140354.1048,1555,1555,0,0
1788271857.5901,G_left_centre_left_right,G,left,0,left_right,,centre,651,173.8000,344.2000,59.3000,217.1000,218.9000,0.0000,344.1000,317.0000,23.8000,0.0000,170.8000,0.0000,136.2000,0.0000,0.16000,-0.19000,0.95200,17.96000,1.83000,4.50000,-0.99800,-0.04000,0.21900,9.45000,0.53000,24.40000,39.4,30.1,1.0,0.0,0.731992,0.343926,1.312085,-0.736816,0.345622,1.179763,-0.089600,0.486000,0.869300,0.003200,0.133500,0.542300,0.828800,0.034500,0.731656,0.345396,1.313031,-0.734945,0.341352,1.180548,1.068611,0.794330,2.299251,-1.567790,-1.939259,-0.689360,-0.598607,1.968213,-1.266602,1.611438,-1.420918,2.675320,0.158277,2.487298,1,1,1.0000,1.0000,-26.1708,-64.8413,20.5000,-26.0000,0.040000,0.268481,0,0,1,1,0,0,0.0000,0.0000,,,,,2143,2143,0,0,2083,2094,60,36,0,13,0.53385,0.54266,,,,,,,,,,,,,,,,,,,,,,,140354.1129,1556,1556,0,0
1788271857.6087,G_left_centre_left_right,G,left,0,left_right,,centre,652,174.0000,344.2000,59.3000,217.1000,218.9000,0.0000,344.1000,317.0000,24.1000,0.0000,169.8000,0.0000,131.1000,0.0000,0.17500,-0.14100,0.93200,19.35000,-1.08000,6.82000,-1.00100,-0.04600,0.21600,7.29000,1.82000,28.21000,41.6,30.3,1.0,0.0,0.732077,0.343671,1.312012,-0.734762,0.344828,1.180651,-0.089600,0.486000,0.869300,0.003200,0.133500,0.542300,0.828800,0.034500,0.731826,0.344399,1.312355,-0.737922,0.344471,1.177865,1.069484,0.793787,2.299388,-1.568879,-1.939243,-0.690196,-0.598552,1.969338,-1.266640,1.611511,-1.414173,2.675321,0.159856,2.487192,1,1,1.0000,1.0000,-25.0376,-64.5003,20.7000,-26.0000,0.040000,0.268803,0,0,1,1,0,0,0.0000,0.0000,,,,,2145,2145,0,0,2085,2096,60,36,0,13,0.53363,0.54450,,,,,,,,,,,,,,,,,,,,,,,140354.1316,1558,1558,0,0
1788271857.6334,G_left_centre_left_right,G,left,0,left_right,,centre,653,174.1000,344.2000,59.3000,217.1000,218.9000,0.0000,344.2000,317.0000,24.2000,0.0000,169.8000,0.0000,129.9000,0.0000,0.18100,-0.13800,0.93000,19.31000,-1.86000,7.94000,-0.98000,-0.05800,0.21800,6.17000,0.81000,30.90000,40.7,31.0,1.0,0.0,0.732121,0.343592,1.312023,-0.733391,0.344253,1.181285,-0.089600,0.486000,0.869300,0.003200,0.133500,0.542300,0.828800,0.034500,0.731826,0.344399,1.312355,-0.737922,0.344471,1.177865,1.069954,0.793400,2.299504,-1.569522,-1.939260,-0.690684,-0.598533,1.969753,-1.266685,1.611336,-1.411362,2.675299,0.159834,2.487165,1,1,1.0000,1.0000,-24.6571,-63.7863,20.8000,-26.0000,0.040000,0.268804,0,0,1,1,0,0,0.0000,0.0000,,,,,2146,2146,0,0,2086,2097,60,36,0,13,0.53363,0.54450,,,,,,,,,,,,,,,,,,,,,,,140354.1563,1559,1559,0,0
1788271857.6485,G_left_centre_left_right,G,left,0,left_right,,centre,654,174.2000,344.2000,59.3000,217.1000,218.9000,0.0000,344.3000,317.0000,24.3000,0.0000,169.7000,0.0000,128.2000,0.0000,0.17000,-0.12600,0.92900,19.98000,-2.56000,7.70000,-0.95800,-0.06500,0.22300,6.15000,-0.65000,32.03000,42.0,31.0,1.0,0.0,0.732155,0.343499,1.311999,-0.731456,0.343418,1.182203,-0.089600,0.486000,0.869300,0.003200,0.133500,0.542300,0.828800,0.034500,0.731826,0.344399,1.312355,-0.737922,0.344471,1.177865,1.070145,0.793185,2.299578,-1.569816,-1.939286,-0.690903,-0.598531,1.970242,-1.266799,1.610718,-1.410239,2.675213,0.158314,2.487188,1,1,1.0000,1.0000,-25.2682,-63.3321,20.9000,-26.0000,0.040000,0.268836,0,0,1,1,0,0,0.0000,0.0000,,,,,2147,2147,0,0,2087,2098,60,36,0,13,0.53363,0.54450,,,,,,,,,,,,,,,,,,,,,,,140354.1713,1560,1560,0,0
1788271857.6697,G_left_centre_left_right,G,left,0,left_right,,centre,655,174.3000,344.2000,59.3000,217.1000,218.9000,0.0000,344.3000,317.0000,24.4000,0.0000,169.7000,0.0000,127.1000,0.0000,0.16300,-0.09800,0.91500,19.74000,-2.67000,7.92000,-0.96100,-0.07100,0.21300,6.06000,-1.53000,31.30000,40.8,31.2,1.0,0.0,0.732177,0.343423,1.311968,-0.729609,0.342605,1.183105,-0.089600,0.486000,0.869300,0.003200,0.133500,0.542300,0.828800,0.034500,0.732050,0.343708,1.312059,-0.739368,0.346379,1.175273,1.070387,0.792792,2.299722,-1.570250,-1.939419,-0.691206,-0.598552,1.970345,-1.266824,1.610577,-1.410084,2.675193,0.157952,2.487195,1,1,1.0000,1.0000,-25.4625,-62.9659,21.0000,-26.0000,0.040000,0.268837,0,0,1,1,0,0,0.0000,0.0000,,,,,2148,2148,0,0,2088,2099,60,36,0,13,0.53363,0.54520,,,,,,,,,,,,,,,,,,,,,,,140354.1925,1561,1561,0,0
1788271857.7016,G_left_centre_left_right,G,left,0,left_right,,centre,656,174.4000,344.2000,59.3000,217.1000,218.9000,0.0000,344.3000,317.0000,24.5000,0.0000,169.7000,0.0000,125.7000,0.0000,0.17300,-0.06900,0.90300,17.98000,-2.09000,8.71000,-0.95400,-0.07500,0.21300,5.65000,-2.60000,29.65000,41.3,30.4,1.0,0.0,0.732209,0.343375,1.311983,-0.727983,0.341880,1.183914,-0.089600,0.486000,0.869300,0.003200,0.133500,0.542300,0.828800,0.034500,0.732050,0.343708,1.312059,-0.739368,0.346379,1.175273,1.070518,0.792574,2.299839,-1.570494,-1.939491,-0.691410,-0.598582,1.970547,-1.266930,1.609754,-1.411977,2.675085,0.155783,2.487293,1,1,1.0000,1.0000,-24.6190,-62.7082,21.1000,-26.0000,0.040000,0.268837,0,0,1,1,0,0,0.0000,0.0000,,,,,2149,2149,0,0,2089,2100,60,36,0,13,0.53359,0.54520,,,,,,,,,,,,,,,,,,,,,,,140354.2244,1562,1562,0,0
1788271857.7118,G_left_centre_left_right,G,left,0,left_right,,centre,657,174.5000,344.2000,59.3000,217.1000,218.9000,0.0000,344.3000,317.0000,24.6000,0.0000,169.1000,0.0000,122.7000,0.0000,0.18200,-0.05400,0.91200,15.86000,-1.81000,9.44000,-0.95500,-0.07800,0.21000,5.50000,-3.79000,27.19000,40.5,30.8,1.0,0.0,0.732250,0.343337,1.312024,-0.726330,0.341137,1.184703,-0.089600,0.486000,0.869300,0.003200,0.133500,0.542300,0.828800,0.034500,0.732050,0.343708,1.312059,-0.739368,0.346379,1.175273,1.070564,0.792489,2.299904,-1.570593,-1.939515,-0.691509,-0.598603,1.970657,-1.267007,1.609049,-1.414065,2.674996,0.153839,2.487387,1,1,1.0000,1.0000,-24.1120,-62.5267,21.2000,-26.0000,0.040000,0.269021,0,0,1,1,0,0,0.0000,0.0000,,,,,2150,2150,0,0,2090,2101,60,36,0,13,0.53359,0.54520,,,,,,,,,,,,,,,,,,,,,,,140354.2346,1563,1563,0,0
1788271857.7285,G_left_centre_left_right,G,left,0,left_right,,centre,658,174.5000,344.2000,59.3000,217.1000,218.9000,0.0000,344.3000,317.0000,24.6000,0.0000,169.1000,0.0000,122.7000,0.0000,0.18200,-0.05400,0.91200,15.86000,-1.81000,9.44000,-0.95500,-0.07800,0.21000,5.50000,-3.79000,27.19000,40.5,30.8,1.0,0.0,0.732250,0.343337,1.312024,-0.726330,0.341137,1.184703,-0.089600,0.486000,0.869300,0.003200,0.133500,0.542300,0.828800,0.034500,0.732050,0.343708,1.312059,-0.739368,0.346379,1.175273,1.070662,0.792264,2.300035,-1.570869,-1.939586,-0.691740,-0.598646,1.970800,-1.267133,1.607721,-1.418190,2.674838,0.150164,2.487574,1,1,1.0000,1.0000,-24.1120,-62.5267,21.2000,-26.0000,0.040000,0.269021,0,0,1,1,0,0,0.0000,0.0000,,,,,2150,2150,0,0,2090,2101,60,36,0,13,0.53359,0.54520,,,,,,,,,,,,,,,,,,,,,,,140354.2513,1563,1563,0,0
1788271857.7491,G_left_centre_left_right,G,left,0,left_right,,centre,659,174.9000,344.2000,59.3000,217.1000,218.9000,0.0000,344.3000,317.0000,24.8000,0.0000,166.8000,0.0000,114.2000,0.0000,0.21500,-0.06100,0.92500,11.75000,-0.76000,10.02000,-0.93300,-0.08700,0.20100,6.62000,-5.80000,21.12000,39.7,30.0,1.0,0.0,0.732377,0.343318,1.312256,-0.722861,0.339532,1.186258,-0.089600,0.486000,0.869300,0.003200,0.133500,0.542300,0.828800,0.034500,0.732206,0.343397,1.312018,-0.736539,0.345362,1.177614,1.070704,0.791887,2.300214,-1.571136,-1.939798,-0.691909,-0.598723,1.970875,-1.267297,1.605523,-1.425315,2.674598,0.143953,2.487904,1,1,1.0000,1.0000,-22.3471,-61.8672,21.6000,-26.0000,0.040000,0.269662,0,0,1,1,0,0,0.0000,0.0000,,,,,2152,2152,0,0,2092,2103,60,36,0,13,0.53363,0.54313,,,,,,,,,,,,,,,,,,,,,,,140354.2720,1565,1565,0,0
1788271857.7932,G_left_centre_left_right,G,left,0,left_right,,centre,660,175.0000,344.2000,59.3000,217.1000,218.9000,0.0000,344.3000,317.0000,24.9000,0.0000,162.1000,0.0000,106.0000,0.0000,0.22400,-0.06300,0.94100,10.69000,-0.40000,9.08000,-0.91700,-0.09200,0.21000,5.08000,-7.66000,15.00000,40.8,29.7,1.0,0.0,0.732432,0.343324,1.312370,-0.721250,0.338777,1.186731,-0.089600,0.486000,0.869300,0.003200,0.133500,0.542300,0.828800,0.034500,0.732206,0.343397,1.312018,-0.736539,0.345362,1.177614,1.070628,0.791655,2.300300,-1.571214,-1.939990,-0.691931,-0.598766,1.970871,-1.267406,1.603885,-1.430566,2.674423,0.139144,2.488158,1,1,1.0000,1.0000,-22.0476,-61.5224,21.7000,-26.0000,0.040000,0.270638,0,0,1,1,0,0,0.0000,0.0000,,,,,2152,2153,0,0,2092,2104,60,36,0,13,0.53363,0.54313,,,,,,,,,,,,,,,,,,,,,,,140354.3161,1566,1566,0,0
1788271857.8098,G_left_centre_left_right,G,left,0,left_right,,centre,661,175.1000,344.2000,59.3000,217.1000,218.9000,0.0000,344.3000,317.0000,25.0000,0.0000,157.2000,0.0000,99.4000,0.0000,0.20800,-0.07500,0.95900,9.73000,0.00000,7.67000,-0.91200,-0.08100,0.18900,2.05000,-9.32000,10.02000,39.6,29.5,1.0,0.0,0.732459,0.343325,1.312419,-0.720497,0.338433,1.186678,-0.089600,0.486000,0.869300,0.003200,0.133500,0.542300,0.828800,0.034500,0.732206,0.343397,1.312018,-0.736539,0.345362,1.177614,1.070564,0.791512,2.300347,-1.571244,-1.940111,-0.691923,-0.598792,1.970844,-1.267477,1.602892,-1.433565,2.674319,0.136248,2.488303,1,1,1.0000,1.0000,-23.2395,-62.0761,21.8000,-26.0000,0.040000,0.271182,0,0,1,1,0,0,0.0000,0.0000,,,,,2153,2154,0,0,2093,2105,60,36,0,13,0.53363,0.54313,,,,,,,,,,,,,,,,,,,,,,,140354.3326,1567,1567,0,0
1788271857.8128,G_left_centre_left_right,G,left,0,left_right,,centre,662,175.2000,344.2000,59.3000,217.1000,218.9000,0.0000,344.3000,317.0000,25.1000,0.0000,161.2000,0.0000,96.2000,0.0000,0.21900,-0.07000,0.97000,9.08000,-0.39000,5.90000,-0.90400,-0.07200,0.18800,-1.75000,-9.80000,5.20000,40.2,29.4,1.0,0.0,0.732494,0.343334,1.312491,-0.720424,0.338412,1.186488,-0.089600,0.486000,0.869300,0.003200,0.133500,0.542300,0.828800,0.034500,0.732417,0.343325,1.312297,-0.731418,0.343031,1.181810,1.070380,0.791223,2.300439,-1.571290,-1.940379,-0.691882,-0.598845,1.970764,-1.267652,1.600711,-1.440066,2.674080,0.129841,2.488603,1,1,1.0000,1.0000,-22.7331,-62.5893,21.9000,-26.0000,0.040000,0.270785,0,0,1,1,0,0,0.0000,0.0000,,,,,2155,2155,0,0,2095,2106,60,36,0,13,0.53363,0.53932,,,,,,,,,,,,,,,,,,,,,,,140354.3356,1568,1568,0,0
1788271857.8426,G_left_centre_left_right,G,left,0,left_right,,centre,663,175.3000,344.2000,59.3000,217.1000,218.9000,0.0000,344.3000,317.0000,25.1000,0.0000,156.7000,0.0000,88.9000,0.0000,0.22700,-0.07000,0.96300,7.81000,-0.85000,3.98000,-0.90900,-0.08000,0.17800,-3.32000,-9.12000,0.67000,38.9,28.8,1.0,0.0,0.732527,0.343348,1.312567,-0.719966,0.338200,1.186492,-0.089600,0.486000,0.869300,0.003200,0.133500,0.542300,0.828800,0.034500,0.732417,0.343325,1.312297,-0.731418,0.343031,1.181810,1.070132,0.790916,2.300659,-1.571323,-1.940629,-0.691880,-0.598960,1.970555,-1.268029,1.597527,-1.449441,2.673687,0.120435,2.488948,1,1,1.0000,1.0000,-22.1960,-62.0583,22.0000,-26.0000,0.040000,0.271219,0,0,1,1,0,0,0.0000,0.0000,,,,,2155,2156,0,0,2095,2107,60,36,0,13,0.53363,0.53932,,,,,,,,,,,,,,,,,,,,,,,140354.3654,1569,1569,0,0
1788271857.8485,G_left_centre_left_right,G,left,0,left_right,,centre,664,175.3000,344.2000,59.3000,217.1000,218.9000,0.0000,344.3000,317.0000,25.1000,0.0000,152.9000,0.0000,84.3000,0.0000,0.23000,-0.06300,0.95300,6.11000,-1.33000,2.18000,-0.91300,-0.06900,0.19000,-2.08000,-8.07000,-4.19000,39.2,28.9,1.0,0.0,0.732568,0.343366,1.312664,-0.720107,0.338277,1.186205,-0.089600,0.486000,0.869300,0.003200,0.133500,0.542300,0.828800,0.034500,0.732417,0.343325,1.312297,-0.731418,0.343031,1.181810,1.069960,0.790733,2.300814,-1.571324,-1.940788,-0.691894,-0.599038,1.970375,-1.268390,1.595389,-1.455957,2.673415,0.114025,2.489089,1,1,1.0000,1.0000,-21.8661,-62.8164,22.0000,-26.0000,0.040000,0.271263,0,0,1,1,0,0,0.0000,0.0000,,,,,2157,2157,0,0,2097,2108,60,36,0,13,0.53379,0.53932,,,,,,,,,,,,,,,,,,,,,,,140354.3713,1570,1570,0,0
1788271857.8780,G_left_centre_left_right,G,left,0,left_right,,centre,665,175.3000,344.2000,59.3000,217.1000,218.9000,0.0000,344.2000,317.0000,25.1000,0.0000,151.1000,0.0000,81.8000,0.0000,0.23700,-0.07600,0.94300,5.04000,-1.36000,0.33000,-0.90700,-0.07100,0.17400,-0.89000,-7.36000,-10.24000,37.6,28.9,1.0,0.0,0.732618,0.343387,1.312785,-0.720071,0.338266,1.186058,-0.089600,0.486000,0.869300,0.003200,0.133500,0.542300,0.828800,0.034500,0.732528,0.343348,1.312571,-0.725927,0.340369,1.185734,1.069805,0.790575,2.300910,-1.571314,-1.940936,-0.691884,-0.599094,1.970185,-1.268757,1.593725,-1.461500,2.673152,0.108655,2.489169,1,1,1.0000,1.0000,-21.3858,-62.5744,22.0000,-26.0000,0.040000,0.271180,0,0,1,1,0,0,0.0000,0.0000,,,,,2158,2158,0,0,2098,2109,60,36,0,13,0.53379,0.53932,,,,,,,,,,,,,,,,,,,,,,,140354.4008,1571,1571,0,0
1788271857.8902,G_left_centre_left_right,G,left,0,left_right,,centre,666,175.3000,344.2000,59.3000,217.1000,218.9000,0.0000,344.2000,317.0000,25.1000,0.0000,151.0000,0.0000,80.9000,0.0000,0.26100,-0.07700,0.93200,4.24000,-0.91000,-1.21000,-0.90700,-0.05300,0.18200,-0.16000,-5.95000,-15.24000,37.2,29.2,1.0,0.0,0.732707,0.343423,1.313015,-0.720628,0.338542,1.185649,-0.089600,0.486000,0.869300,0.003200,0.133500,0.542300,0.828800,0.034500,0.732528,0.343348,1.312571,-0.725927,0.340369,1.185734,1.069614,0.790384,2.301016,-1.571295,-1.941125,-0.691851,-0.599152,1.969952,-1.269262,1.592182,-1.466548,2.672848,0.103834,2.489199,1,1,1.0000,1.0000,-19.8629,-63.7330,22.0000,-26.0000,0.040000,0.271174,0,0,1,1,0,0,0.0000,0.0000,,,,,2159,2159,0,0,2099,2110,60,36,0,13,0.53391,0.53508,,,,,,,,,,,,,,,,,,,,,,,140354.4130,1572,1572,0,0
1788271857.9085,G_left_centre_left_right,G,left,0,left_right,,centre,667,175.3000,344.2000,59.3000,217.1000,218.9000,0.0000,344.3000,317.0000,25.1000,0.0000,149.8000,0.0000,79.0000,0.0000,0.27100,-0.07600,0.93100,2.92000,-0.22000,-2.37000,-0.91200,-0.03900,0.19100,-0.89000,-5.15000,-18.11000,36.4,29.1,1.0,0.0,0.732797,0.343461,1.313254,-0.721304,0.338875,1.185227,-0.089600,0.486000,0.869300,0.003200,0.133500,0.542300,0.828800,0.034500,0.732528,0.343348,1.312571,-0.725927,0.340369,1.185734,1.069412,0.790181,2.301096,-1.571274,-1.941345,-0.691778,-0.599191,1.969722,-1.269781,1.590799,-1.470259,2.672558,0.100332,2.489174,1,1,1.0000,1.0000,-19.2765,-64.6517,22.0000,-26.0000,0.040000,0.271080,0,0,1,1,0,0,0.0000,0.0000,,,,,2160,2160,0,0,2100,2111,60,36,0,13,0.53391,0.53508,,,,,,,,,,,,,,,,,,,,,,,140354.4313,1573,1573,0,0
1788271857.9336,G_left_centre_left_right,G,left,0,left_right,,centre,668,175.3000,344.2000,59.3000,217.1000,218.9000,0.0000,344.4000,317.0000,25.1000,0.0000,148.9000,0.0000,81.0000,0.0000,0.27100,-0.09000,0.93300,1.88000,0.32000,-3.47000,-0.91800,-0.02500,0.18700,-2.18000,-4.50000,-19.31000,36.6,29.3,1.0,0.0,0.732879,0.343495,1.313469,-0.722473,0.339448,1.184550,-0.089600,0.486000,0.869300,0.003200,0.133500,0.542300,0.828800,0.034500,0.732528,0.343348,1.312571,-0.725927,0.340369,1.185734,1.069157,0.789923,2.301142,-1.571249,-1.941659,-0.691639,-0.599212,1.969527,-1.270267,1.589703,-1.472591,2.672299,0.098194,2.489107,1,1,1.0000,1.0000,-19.3643,-65.4914,22.0000,-26.0000,0.040000,0.270990,0,0,1,1,0,0,0.0000,0.0000,,,,,2161,2161,0,0,2101,2112,60,36,0,13,0.53391,0.53508,,,,,,,,,,,,,,,,,,,,,,,140354.4564,1574,1574,0,0
1788271857.9660,G_left_centre_left_right,G,left,0,left_right,,centre,669,175.3000,344.2000,59.3000,217.1000,218.9000,0.0000,344.6000,317.0000,24.9000,0.0000,148.0000,0.0000,87.0000,0.0000,0.26900,-0.08600,0.91100,0.31000,1.97000,-4.44000,-0.91800,-0.00900,0.18500,-4.80000,-2.02000,-22.34000,37.9,28.6,1.0,0.0,0.733029,0.343556,1.313866,-0.725601,0.340980,1.182837,-0.089600,0.486000,0.869300,0.003200,0.133500,0.542300,0.828800,0.034500,0.732714,0.343423,1.313033,-0.722337,0.338761,1.187234,1.068848,0.789610,2.301178,-1.571221,-1.942059,-0.691444,-0.599222,1.969387,-1.270654,1.589157,-1.473612,2.672096,0.097387,2.489012,1,1,1.0000,1.0000,-19.1037,-66.4540,22.0000,-26.0000,0.040000,0.270852,0,0,1,1,0,0,0.0000,0.0000,,,,,2162,2162,0,0,2102,2113,60,36,0,13,0.53391,0.53508,,,,,,,,,,,,,,,,,,,,,,,140354.4888,1576,1576,0,0
1788271857.9697,G_left_centre_left_right,G,left,0,left_right,,centre,670,175.3000,344.2000,59.3000,217.1000,218.9000,0.0000,344.6000,317.0000,24.9000,0.0000,148.0000,0.0000,87.0000,0.0000,0.26900,-0.08600,0.91100,0.31000,1.97000,-4.44000,-0.91800,-0.00900,0.18500,-4.80000,-2.02000,-22.34000,37.9,28.6,1.0,0.0,0.733029,0.343556,1.313866,-0.725601,0.340980,1.182837,-0.089600,0.486000,0.869300,0.003200,0.133500,0.542300,0.828800,0.034500,0.732714,0.343423,1.313033,-0.722337,0.338761,1.187234,1.068512,0.789270,2.301208,-1.571192,-1.942481,-0.691225,-0.599227,1.969306,-1.270962,1.589110,-1.473451,2.671941,0.097801,2.488893,1,1,1.0000,1.0000,-19.1037,-66.4540,22.0000,-26.0000,0.040000,0.270852,0,0,1,1,0,0,0.0000,0.0000,,,,,2163,2163,0,0,2103,2114,60,36,0,13,0.53411,0.53237,,,,,,,,,,,,,,,,,,,,,,,140354.4925,1576,1576,0,0
1788271857.9893,G_left_centre_left_right,G,left,0,left_right,,centre,671,175.4000,344.2000,59.3000,217.1000,218.9000,0.0000,344.6000,317.0000,24.8000,0.0000,147.6000,0.0000,89.5000,0.0000,0.26800,-0.08500,0.90100,0.16000,4.96000,-4.43000,-0.92900,-0.01100,0.19000,-6.50000,0.23000,-24.26000,36.7,28.4,1.0,0.0,0.733094,0.343590,1.314048,-0.726983,0.341656,1.182100,-0.089600,0.486000,0.869300,0.003200,0.133500,0.542300,0.828800,0.034500,0.732714,0.343423,1.313033,-0.722337,0.338761,1.187234,1.068170,0.788925,2.301240,-1.571161,-1.942900,-0.691000,-0.599230,1.969274,-1.271228,1.589439,-1.472288,2.671815,0.099292,2.488741,1,1,1.0000,1.0000,-18.9899,-66.3559,22.1000,-26.0000,0.040000,0.270783,0,0,1,1,0,0,0.0000,0.0000,,,,,2164,2164,0,0,2104,2115,60,36,0,13,0.53411,0.53237,,,,,,,,,,,,,,,,,,,,,,,140354.5121,1577,1577,0,0
1788271858.0139,G_left_centre_left_right,G,left,0,left_right,,centre,672,175.4000,344.2000,59.3000,217.1000,218.9000,0.0000,344.6000,317.0000,24.8000,0.0000,147.5000,0.0000,94.5000,0.0000,0.25700,-0.07200,0.88000,-0.37000,7.64000,-3.27000,-0.93100,-0.00900,0.20500,-7.44000,2.37000,-25.09000,39.0,28.8,1.0,0.0,0.733150,0.343619,1.314201,-0.728398,0.342349,1.181355,-0.089600,0.486000,0.869300,0.003200,0.133500,0.542300,0.828800,0.034500,0.733002,0.343543,1.313797,-0.722416,0.339030,1.186279,1.067689,0.788457,2.301298,-1.571111,-1.943463,-0.690700,-0.599235,1.969322,-1.271567,1.590580,-1.468781,2.671709,0.103450,2.488406,1,1,1.0000,1.0000,-19.2267,-66.5420,22.1000,-26.0000,0.040000,0.270769,0,0,1,1,0,0,0.0000,0.0000,,,,,2165,2165,0,0,2105,2116,60,36,0,13,0.53411,0.53237,,,,,,,,,,,,,,,,,,,,,,,140354.5368,1578,1578,0,0
1788271858.0327,G_left_centre_left_right,G,left,0,left_right,,centre,673,175.4000,344.2000,59.3000,217.1000,218.9000,0.0000,344.6000,317.0000,24.8000,0.0000,147.3000,0.0000,98.4000,0.0000,0.25800,-0.05300,0.85900,-2.04000,10.39000,-1.04000,-0.93900,0.00700,0.20300,-6.92000,4.08000,-24.77000,38.0,28.9,1.0,0.0,0.733208,0.343648,1.314364,-0.730473,0.343363,1.180308,-0.089600,0.486000,0.869300,0.003200,0.133500,0.542300,0.828800,0.034500,0.733002,0.343543,1.313797,-0.722416,0.339030,1.186279,1.067689,0.788457,2.301298,-1.571111,-1.943463,-0.690700,-0.599235,1.969322,-1.271567,1.590580,-1.468781,2.671709,0.103450,2.488406,1,1,1.0000,1.0000,-18.7096,-67.4851,22.1000,-26.0000,0.040000,0.270741,0,0,1,1,0,0,0.0000,0.0000,,,,,2165,2165,0,0,2105,2116,60,36,0,13,0.53411,0.53237,,,,,,,,,,,,,,,,,,,,,,,140354.5555,1579,1579,0,0
1788271858.0602,G_left_centre_left_right,G,left,0,left_right,,centre,674,175.5000,344.2000,59.3000,217.1000,218.9000,0.0000,344.6000,316.9000,24.7000,0.0000,147.2000,0.0000,101.3000,0.0000,0.24200,-0.03900,0.85200,-4.51000,13.19000,0.96000,-0.94100,0.00700,0.21300,-6.14000,5.28000,-23.62000,37.0,29.1,1.0,0.0,0.733243,0.343674,1.314464,-0.732290,0.344209,1.179407,-0.089600,0.486000,0.869300,0.003200,0.133500,0.542300,0.828800,0.034500,0.733002,0.343543,1.313797,-0.722416,0.339030,1.186279,1.067241,0.788042,2.301376,-1.571053,-1.943959,-0.690444,-0.599248,1.969457,-1.271841,1.592241,-1.463889,2.671673,0.109088,2.487999,1,1,1.0000,1.0000,-19.4983,-67.5142,22.2000,-26.1000,0.040000,0.270710,0,0,1,1,0,0,0.0000,0.0000,,,,,2166,2167,0,0,2106,2118,60,36,0,13,0.53442,0.53253,,,,,,,,,,,,,,,,,,,,,,,140354.5831,1580,1580,0,0
1788271858.0727,G_left_centre_left_right,G,left,0,left_right,,centre,675,175.6000,344.2000,59.3000,217.1000,218.9000,0.0000,344.6000,316.8000,24.6000,0.0000,147.3000,0.0000,103.5000,0.0000,0.23100,-0.08600,0.86600,-6.17000,15.13000,4.61000,-0.95200,0.01500,0.20800,-6.39000,6.47000,-22.05000,37.5,28.4,1.0,0.0,0.733249,0.343691,1.314486,-0.734209,0.345069,1.178480,-0.089600,0.486000,0.869300,0.003200,0.133500,0.542300,0.828800,0.034500,0.733002,0.343543,1.313797,-0.722416,0.339030,1.186279,1.067118,0.787928,2.301400,-1.571036,-1.944095,-0.690372,-0.599252,1.969536,-1.271920,1.592969,-1.461763,2.671677,0.111505,2.487831,1,1,1.0000,1.0000,-20.6292,-67.9567,22.3000,-26.2000,0.040000,0.270708,0,0,1,1,0,0,0.0000,0.0000,,,,,2167,2167,0,0,2107,2118,60,36,0,13,0.53442,0.53253,,,,,,,,,,,,,,,,,,,,,,,140354.5956,1581,1581,0,0
1788271858.0890,G_left_centre_left_right,G,left,0,left_right,,centre,676,175.6000,344.2000,59.3000,217.1000,218.9000,0.0000,344.6000,316.8000,24.5000,0.0000,147.2000,0.0000,105.2000,0.0000,0.22900,-0.11900,0.87200,-3.74000,15.60000,4.17000,-0.93900,0.01700,0.20900,-7.56000,7.98000,-20.50000,37.6,28.0,1.0,0.0,0.733249,0.343703,1.314489,-0.735844,0.345808,1.177701,-0.089600,0.486000,0.869300,0.003200,0.133500,0.542300,0.828800,0.034500,0.733213,0.343652,1.314400,-0.724962,0.340544,1.183893,1.066741,0.787616,2.301540,-1.570958,-1.944449,-0.690209,-0.599300,1.969817,-1.272107,1.595308,-1.455134,2.671726,0.118934,2.487315,1,1,1.0000,1.0000,-20.9621,-68.1001,22.3000,-26.2000,0.040000,0.270677,0,0,1,1,0,0,0.0000,0.0000,,,,,2169,2169,0,0,2109,2120,60,36,0,13,0.53442,0.53253,,,,,,,,,,,,,,,,,,,,,,,140354.6119,1582,1582,0,0
1788271858.1096,G_left_centre_left_right,G,left,0,left_right,,centre,677,175.6000,344.2000,59.3000,217.1000,218.9000,0.0000,344.3000,316.8000,24.4000,0.0000,147.2000,0.0000,106.4000,0.0000,0.21700,-0.11500,0.89900,-2.47000,15.22000,4.47000,-0.95700,0.02300,0.21400,-8.95000,9.49000,-18.34000,35.7,28.0,1.0,0.0,0.733233,0.343706,1.314447,-0.737457,0.346548,1.176947,-0.089600,0.486000,0.869300,0.003200,0.133500,0.542300,0.828800,0.034500,0.733213,0.343652,1.314400,-0.724962,0.340544,1.183893,1.066650,0.787547,2.301600,-1.570929,-1.944515,-0.690177,-0.599325,1.969940,-1.272147,1.596235,-1.452547,2.671768,0.121775,2.487115,1,1,1.0000,1.0000,-22.0743,-68.4338,22.3000,-26.2000,0.040000,0.270660,0,0,1,1,0,0,0.0000,0.0000,,,,,2169,2169,0,0,2109,2120,60,36,0,13,0.53442,0.53253,,,,,,,,,,,,,,,,,,,,,,,140354.6325,1583,1583,0,0
1788271858.1304,G_left_centre_left_right,G,left,0,left_right,,centre,678,175.6000,344.2000,59.3000,217.1000,218.9000,0.0000,344.3000,316.8000,24.3000,0.0000,147.0000,0.0000,107.4000,0.0000,0.21200,-0.11400,0.91900,-2.17000,15.08000,5.19000,-0.95600,0.01700,0.22300,-8.98000,10.88000,-15.53000,35.0,27.8,1.0,0.0,0.733208,0.343706,1.314382,-0.738360,0.346954,1.176529,-0.089600,0.486000,0.869300,0.003200,0.133500,0.542300,0.828800,0.034500,0.733213,0.343652,1.314400,-0.724962,0.340544,1.183893,1.066521,0.787486,2.301812,-1.570864,-1.944538,-0.690259,-0.599435,1.970344,-1.272231,1.599179,-1.444383,2.671931,0.130668,2.486485,1,1,1.0000,1.0000,-22.6399,-68.1040,22.3000,-26.2000,0.040000,0.270613,0,0,1,1,0,0,0.0000,0.0000,,,,,2170,2171,0,0,2110,2122,60,36,0,13,0.53466,0.53462,,,,,,,,,,,,,,,,,,,,,,,140354.6532,1584,1584,0,0
1788271858.1497,G_left_centre_left_right,G,left,0,left_right,,centre,679,175.6000,344.2000,59.3000,217.1000,218.9000,0.0000,344.3000,316.8000,24.2000,0.0000,146.8000,0.0000,108.1000,0.0000,0.20200,-0.12100,0.92800,-1.91000,14.92000,6.02000,-0.95100,0.00100,0.21700,-8.08000,12.42000,-13.79000,36.8,26.8,1.0,0.0,0.733170,0.343700,1.314284,-0.738291,0.346896,1.176568,-0.089600,0.486000,0.869300,0.003200,0.133500,0.542300,0.828800,0.034500,0.733228,0.343703,1.314435,-0.729282,0.342861,1.180622,1.066493,0.787491,2.301960,-1.570836,-1.944490,-0.690381,-0.599512,1.970666,-1.272245,1.601327,-1.438429,2.672087,0.137061,2.486024,1,1,1.0000,1.0000,-23.3612,-67.1617,22.3000,-26.2000,0.040000,0.270564,0,0,1,1,0,0,0.0000,0.0000,,,,,2172,2172,0,0,2112,2123,60,36,0,13,0.53466,0.53462,,,,,,,,,,,,,,,,,,,,,,,140354.6726,1585,1585,0,0
1788271858.1796,G_left_centre_left_right,G,left,0,left_right,,centre,680,175.6000,344.2000,59.3000,217.1000,218.9000,0.0000,344.3000,316.8000,24.2000,0.0000,146.6000,0.0000,108.7000,0.0000,0.19000,-0.14100,0.92600,-1.45000,14.47000,6.15000,-0.95000,0.00000,0.22700,-6.17000,13.60000,-12.56000,36.6,25.9,1.0,0.0,0.733117,0.343688,1.314149,-0.738209,0.346837,1.176617,-0.089600,0.486000,0.869300,0.003200,0.133500,0.542300,0.828800,0.034500,0.733228,0.343703,1.314435,-0.729282,0.342861,1.180622,1.066496,0.787531,2.302116,-1.570815,-1.944388,-0.690539,-0.599593,1.971015,-1.272237,1.603557,-1.432278,2.672266,0.143571,2.485544,1,1,1.0000,1.0000,-24.0888,-67.1189,22.3000,-26.2000,0.040000,0.270532,0,0,1,1,0,0,0.0000,0.0000,,,,,2173,2173,0,0,2113,2124,60,36,0,13,0.53469,0.53804,,,,,,,,,,,,,,,,,,,,,,,140354.7025,1586,1586,0,0
1788271858.1897,G_left_centre_left_right,G,left,0,left_right,,centre,681,175.6000,344.2000,59.3000,217.1000,218.9000,0.0000,344.5000,316.8000,24.1000,0.0000,146.4000,0.0000,109.0000,0.0000,0.17500,-0.14700,0.92800,-0.08000,12.98000,4.97000,-0.95900,0.01300,0.23600,-3.71000,14.08000,-10.13000,35.4,25.6,1.0,0.0,0.733041,0.343667,1.313959,-0.738725,0.347071,1.176401,-0.089600,0.486000,0.869300,0.003200,0.133500,0.542300,0.828800,0.034500,0.733228,0.343703,1.314435,-0.729282,0.342861,1.180622,1.066504,0.787560,2.302191,-1.570806,-1.944326,-0.690622,-0.599632,1.971172,-1.272231,1.604650,-1.429197,2.672347,0.146791,2.485324,1,1,1.0000,1.0000,-25.0057,-67.8758,22.3000,-26.2000,0.040000,0.270482,0,0,1,1,0,0,0.0000,0.0000,,,,,2173,2173,0,0,2113,2124,60,36,0,13,0.53469,0.53804,,,,,,,,,,,,,,,,,,,,,,,140354.7125,1587,1587,0,0
1788271858.2136,G_left_centre_left_right,G,left,0,left_right,,centre,682,175.6000,344.2000,59.3000,217.1000,218.9000,0.0000,344.5000,316.8000,24.1000,0.0000,146.4000,0.0000,109.0000,0.0000,0.17500,-0.14700,0.92800,-0.08000,12.98000,4.97000,-0.95900,0.01300,0.23600,-3.71000,14.08000,-10.13000,35.4,25.6,1.0,0.0,0.733041,0.343667,1.313959,-0.738725,0.347071,1.176401,-0.089600,0.486000,0.869300,0.003200,0.133500,0.542300,0.828800,0.034500,0.733228,0.343703,1.314435,-0.729282,0.342861,1.180622,1.066555,0.787655,2.302356,-1.570794,-1.944153,-0.690833,-0.599714,1.971462,-1.272219,1.606633,-1.423265,2.672501,0.152977,2.484920,1,1,1.0000,1.0000,-25.0057,-67.8758,22.3000,-26.2000,0.040000,0.270482,0,0,1,1,0,0,0.0000,0.0000,,,,,2174,2174,0,0,2114,2125,60,36,0,13,0.53469,0.53804,,,,,,,,,,,,,,,,,,,,,,,140354.7364,1587,1587,0,0
1788271858.2314,G_left_centre_left_right,G,left,0,left_right,,centre,683,176.4000,344.2000,59.3000,217.1000,218.9000,0.0000,344.6000,316.8000,24.2000,0.0000,147.1000,0.0000,108.7000,0.0000,0.17500,-0.09200,0.90500,3.80000,7.50000,5.29000,-0.95000,-0.00900,0.21900,-4.15000,5.28000,-0.72000,31.2,22.4,1.0,0.0,0.732924,0.343674,1.313698,-0.738211,0.346797,1.176656,-0.089600,0.486000,0.869300,0.003200,0.133500,0.542300,0.828800,0.034500,0.733102,0.343679,1.314122,-0.733973,0.345286,1.177006,1.066712,0.787881,2.302630,-1.570790,-1.943787,-0.691242,-0.599841,1.971893,-1.272184,1.609060,-1.415508,2.672744,0.161085,2.484334,1,1,1.0000,1.0000,-24.6075,-66.5791,23.1000,-26.2000,0.040000,0.270611,0,0,1,1,0,0,0.0000,0.0000,,,,,2176,2176,0,0,2116,2127,60,36,0,13,0.53469,0.53804,,,,,,,,,,,,,,,,,,,,,,,140354.7543,1589,1589,0,0
1788271858.2570,G_left_centre_left_right,G,left,0,left_right,,centre,684,176.4000,344.2000,59.3000,217.1000,218.9000,0.0000,344.6000,316.8000,24.2000,0.0000,147.1000,0.0000,108.7000,0.0000,0.16400,-0.10200,0.90600,3.74000,8.02000,4.89000,-0.95000,-0.00900,0.21900,-4.15000,5.28000,-0.72000,31.4,22.8,1.0,0.0,0.732842,0.343691,1.313532,-0.738211,0.346797,1.176656,-0.089600,0.486000,0.869300,0.003200,0.133500,0.542300,0.828800,0.034500,0.733102,0.343679,1.314122,-0.733973,0.345286,1.177006,1.066772,0.787961,2.302727,-1.570790,-1.943659,-0.691390,-0.599886,1.972045,-1.272165,1.609895,-1.413747,2.672833,0.162954,2.484129,1,1,1.0000,1.0000,-25.3196,-66.5791,23.1000,-26.2000,0.040000,0.270611,0,0,1,1,0,0,0.0000,0.0000,,,,,2176,2176,0,0,2116,2127,60,36,0,13,0.53469,0.53804,,,,,,,,,,,,,,,,,,,,,,,140354.7799,1590,1589,0,0
1788271858.2687,G_left_centre_left_right,G,left,0,left_right,,centre,685,176.4000,344.2000,59.3000,217.1000,218.9000,0.0000,344.6000,316.8000,24.2000,0.0000,147.1000,0.0000,109.1000,0.0000,0.16200,-0.11200,0.91200,3.44000,8.28000,4.38000,-0.94800,-0.01300,0.22700,0.25000,5.36000,0.42000,31.5,23.1,1.0,0.0,0.732758,0.343705,1.313361,-0.737423,0.346398,1.177018,-0.089600,0.486000,0.869300,0.003200,0.133500,0.542300,0.828800,0.034500,0.733102,0.343679,1.314122,-0.733973,0.345286,1.177006,1.066876,0.788272,2.303045,-1.570704,-1.943267,-0.691745,-0.600040,1.972443,-1.272123,1.612736,-1.409618,2.673064,0.167141,2.483571,1,1,1.0000,1.0000,-25.5332,-66.3553,23.1000,-26.2000,0.040000,0.270611,0,0,1,1,0,0,0.0000,0.0000,,,,,2178,2178,0,0,2118,2129,60,36,0,13,0.53457,0.54174,,,,,,,,,,,,,,,,,,,,,,,140354.7915,1591,1591,0,0
1788271858.2965,G_left_centre_left_right,G,left,0,left_right,,centre,686,176.6000,344.2000,59.3000,217.1000,218.9000,0.0000,344.6000,316.8000,24.2000,0.0000,147.1000,0.0000,109.2000,0.0000,0.15800,-0.11900,0.92800,3.01000,8.92000,3.19000,-0.95200,-0.01900,0.23400,1.53000,4.53000,1.38000,31.9,23.4,1.0,0.0,0.732664,0.343724,1.313177,-0.737052,0.346211,1.177192,-0.089600,0.486000,0.869300,0.003200,0.133500,0.542300,0.828800,0.034500,0.732855,0.343680,1.313596,-0.737334,0.346411,1.176321,1.066955,0.788619,2.303360,-1.570567,-1.942851,-0.692109,-0.600188,1.972590,-1.272116,1.615229,-1.408395,2.673174,0.168145,2.483326,1,1,1.0000,1.0000,-25.9532,-66.0113,23.3000,-26.2000,0.040000,0.270611,0,0,1,1,0,0,0.0000,0.0000,,,,,2179,2179,0,0,2119,2130,60,36,0,13,0.53457,0.54174,,,,,,,,,,,,,,,,,,,,,,,140354.8194,1592,1592,0,0
1788271858.3089,G_left_centre_left_right,G,left,0,left_right,,centre,687,176.6000,344.2000,59.3000,217.1000,218.9000,0.0000,344.6000,316.8000,24.2000,0.0000,147.1000,0.0000,109.2000,0.0000,0.15800,-0.11900,0.92800,3.01000,8.92000,3.19000,-0.95200,-0.01900,0.23400,1.53000,4.53000,1.38000,30.9,23.5,1.0,0.0,0.732664,0.343724,1.313177,-0.737052,0.346211,1.177192,-0.089600,0.486000,0.869300,0.003200,0.133500,0.542300,0.828800,0.034500,0.732855,0.343680,1.313596,-0.737334,0.346411,1.176321,1.066955,0.788619,2.303360,-1.570567,-1.942851,-0.692109,-0.600188,1.972590,-1.272116,1.615229,-1.408395,2.673174,0.168145,2.483326,1,1,1.0000,1.0000,-25.9532,-66.0113,23.3000,-26.2000,0.040000,0.270611,0,0,1,1,0,0,0.0000,0.0000,,,,,2179,2179,0,0,2119,2130,60,36,0,13,0.53457,0.54174,,,,,,,,,,,,,,,,,,,,,,,140354.8317,1592,1592,0,0
1788271858.3287,G_left_centre_left_right,G,left,0,left_right,,centre,688,177.0000,344.2000,59.3000,217.1000,218.9000,0.0000,344.5000,316.9000,24.2000,0.0000,147.1000,0.0000,109.1000,0.0000,0.13200,-0.11500,0.92600,2.47000,9.32000,1.77000,-0.94800,-0.03500,0.23300,1.19000,3.29000,3.01000,31.7,23.1,1.0,0.0,0.732425,0.343769,1.312725,-0.736060,0.345754,1.177663,-0.089600,0.486000,0.869300,0.003200,0.133500,0.542300,0.828800,0.034500,0.732855,0.343680,1.313596,-0.737334,0.346411,1.176321,1.067018,0.788892,2.303581,-1.570460,-1.942538,-0.692373,-0.600288,1.972639,-1.272121,1.616161,-1.408493,2.673228,0.167788,2.483207,1,1,1.0000,1.0000,-27.4816,-65.0683,23.7000,-26.1000,0.040000,0.270611,0,0,1,1,0,0,0.0000,0.0000,,,,,2180,2180,0,0,2120,2131,60,36,0,13,0.53434,0.54389,,,,,,,,,,,,,,,,,,,,,,,140354.8515,1594,1594,0,0
1788271858.3561,G_left_centre_left_right,G,left,0,left_right,,centre,689,177.2000,344.2000,59.3000,217.1000,218.9000,0.0000,344.5000,316.7000,24.2000,0.0000,147.0000,0.0000,107.2000,0.0000,0.14400,-0.11500,0.92200,2.50000,9.40000,1.26000,-0.95100,-0.03500,0.23400,2.08000,2.76000,3.57000,32.3,23.6,1.0,0.0,0.732306,0.343813,1.312518,-0.735393,0.345393,1.177996,-0.089600,0.486000,0.869300,0.003200,0.133500,0.542300,0.828800,0.034500,0.732526,0.343741,1.312981,-0.737743,0.346307,1.177116,1.067079,0.789186,2.303813,-1.570340,-1.942212,-0.692645,-0.600388,1.972652,-1.272137,1.616246,-1.409167,2.673252,0.166762,2.483136,1,1,1.0000,1.0000,-26.7246,-65.0749,23.9000,-26.3000,0.040000,0.270596,0,0,1,1,0,0,0.0000,0.0000,,,,,2182,2182,0,0,2122,2133,60,36,0,13,0.53434,0.54389,,,,,,,,,,,,,,,,,,,,,,,140354.8789,1595,1595,0,0
1788271858.3727,G_left_centre_left_right,G,left,0,left_right,,centre,690,177.3000,344.2000,59.3000,217.1000,218.9000,0.0000,344.4000,316.7000,24.2000,0.0000,147.0000,0.0000,107.2000,0.0000,0.13500,-0.10300,0.93300,3.24000,8.43000,0.52000,-0.95100,-0.03500,0.23400,2.08000,2.76000,3.57000,33.0,23.2,1.0,0.0,0.732195,0.343844,1.312321,-0.735393,0.345393,1.177996,-0.089600,0.486000,0.869300,0.003200,0.133500,0.542300,0.828800,0.034500,0.732526,0.343741,1.312981,-0.737743,0.346307,1.177116,1.067156,0.789506,2.304035,-1.570225,-1.941872,-0.692928,-0.600473,1.972612,-1.272176,1.615409,-1.410809,2.673237,0.164542,2.483120,1,1,1.0000,1.0000,-27.3279,-65.0749,24.0000,-26.3000,0.040000,0.270596,0,0,1,1,0,0,0.0000,0.0000,,,,,2182,2182,0,0,2122,2133,60,36,0,13,0.53434,0.54389,,,,,,,,,,,,,,,,,,,,,,,140354.8955,1596,1595,0,0
1788271858.3885,G_left_centre_left_right,G,left,0,left_right,,centre,691,177.4000,344.2000,59.3000,217.1000,218.9000,0.0000,344.3000,316.7000,24.2000,0.0000,146.9000,0.0000,101.3000,0.0000,0.14100,-0.09800,0.94400,4.11000,6.71000,0.72000,-0.96300,-0.04800,0.24200,5.79000,1.93000,3.23000,33.5,23.4,1.0,0.0,0.732094,0.343884,1.312150,-0.733387,0.344341,1.179020,-0.089600,0.486000,0.869300,0.003200,0.133500,0.542300,0.828800,0.034500,0.732526,0.343741,1.312981,-0.737743,0.346307,1.177116,1.067226,0.789999,2.304433,-1.570006,-1.941367,-0.693347,-0.600612,1.972518,-1.272202,1.614626,-1.412483,2.673217,0.162616,2.483169,1,1,1.0000,1.0000,-27.0493,-64.3523,24.1000,-26.3000,0.040000,0.270580,0,0,1,1,0,0,0.0000,0.0000,,,,,2184,2184,0,0,2124,2135,60,36,0,13,0.53405,0.54383,,,,,,,,,,,,,,,,,,,,,,,140354.9113,1597,1597,0,0
1788271858.4089,G_left_centre_left_right,G,left,0,left_right,,centre,692,177.5000,344.2000,59.3000,217.1000,218.9000,0.0000,344.2000,316.7000,24.2000,0.0000,146.9000,0.0000,98.9000,0.0000,0.14900,-0.09400,0.94300,5.56000,5.56000,1.24000,-0.96400,-0.04600,0.22900,5.93000,0.79000,2.89000,33.6,23.3,1.0,0.0,0.732032,0.343923,1.312053,-0.732762,0.344012,1.179339,-0.089600,0.486000,0.869300,0.003200,0.133500,0.542300,0.828800,0.034500,0.732526,0.343741,1.312981,-0.737743,0.346307,1.177116,1.067268,0.790281,2.304657,-1.569880,-1.941079,-0.693576,-0.600689,1.972359,-1.272227,1.613657,-1.414776,2.673187,0.160170,2.483264,1,1,1.0000,1.0000,-26.5561,-64.4599,24.2000,-26.3000,0.040000,0.270580,0,0,1,1,0,0,0.0000,0.0000,,,,,2185,2185,0,0,2125,2136,60,36,0,13,0.53405,0.54383,,,,,,,,,,,,,,,,,,,,,,,140354.9317,1598,1598,0,0
1788271858.4287,G_left_centre_left_right,G,left,0,left_right,,centre,693,177.6000,344.2000,59.3000,217.1000,218.9000,0.0000,344.1000,316.7000,24.2000,0.0000,146.9000,0.0000,97.3000,0.0000,0.16700,-0.08400,0.95800,5.59000,4.23000,2.53000,-0.97000,-0.04700,0.23500,5.12000,-0.71000,3.20000,33.5,23.5,1.0,0.0,0.731993,0.343973,1.312012,-0.732125,0.343677,1.179663,-0.089600,0.486000,0.869300,0.003200,0.133500,0.542300,0.828800,0.034500,0.732157,0.343852,1.312319,-0.735926,0.345525,1.178086,1.067297,0.790661,2.304921,-1.569669,-1.940698,-0.693878,-0.600816,1.972164,-1.272244,1.612715,-1.417183,2.673153,0.157708,2.483397,1,1,1.0000,1.0000,-25.6123,-64.4249,24.3000,-26.3000,0.040000,0.270580,0,0,1,1,0,0,0.0000,0.0000,,,,,2186,2186,0,0,2126,2137,60,36,0,13,0.53405,0.54383,,,,,,,,,,,,,,,,,,,,,,,140354.9516,1599,1599,0,0
1788271858.4631,G_left_centre_left_right,G,left,0,left_right,,centre,694,177.7000,344.2000,59.3000,217.1000,218.9000,0.0000,344.2000,316.7000,24.2000,0.0000,147.0000,0.0000,96.2000,0.0000,0.17000,-0.08600,0.95200,5.46000,3.14000,3.64000,-0.96300,-0.03700,0.22900,3.62000,-2.66000,4.05000,33.8,23.6,1.0,0.0,0.731959,0.344029,1.311984,-0.731885,0.343544,1.179781,-0.089600,0.486000,0.869300,0.003200,0.133500,0.542300,0.828800,0.034500,0.732157,0.343852,1.312319,-0.735926,0.345525,1.178086,1.067253,0.791099,2.305325,-1.569320,-1.940286,-0.694207,-0.600987,1.971833,-1.272265,1.611206,-1.421161,2.673099,0.153651,2.483631,1,1,1.0000,1.0000,-25.3862,-64.9775,24.4000,-26.3000,0.040000,0.270596,0,0,1,1,0,0,0.0000,0.0000,,,,,2187,2187,0,0,2127,2138,60,36,0,13,0.53375,0.54246,,,,,,,,,,,,,,,,,,,,,,,140354.9859,1600,1600,0,0
1788271858.4733,G_left_centre_left_right,G,left,0,left_right,,centre,695,177.7000,344.2000,59.3000,217.1000,218.9000,0.0000,344.2000,316.7000,24.2000,0.0000,147.0000,0.0000,96.2000,0.0000,0.17000,-0.08600,0.95200,5.46000,3.14000,3.64000,-0.96300,-0.03700,0.22900,3.62000,-2.66000,4.05000,33.8,23.6,1.0,0.0,0.731959,0.344029,1.311984,-0.731885,0.343544,1.179781,-0.089600,0.486000,0.869300,0.003200,0.133500,0.542300,0.828800,0.034500,0.732157,0.343852,1.312319,-0.735926,0.345525,1.178086,1.067253,0.791099,2.305325,-1.569320,-1.940286,-0.694207,-0.600987,1.971833,-1.272265,1.611206,-1.421161,2.673099,0.153651,2.483631,1,1,1.0000,1.0000,-25.3862,-64.9775,24.4000,-26.3000,0.040000,0.270596,0,0,1,1,0,0,0.0000,0.0000,,,,,2187,2187,0,0,2127,2138,60,36,0,13,0.53375,0.54246,,,,,,,,,,,,,,,,,,,,,,,140354.9961,1600,1600,0,0
1788271858.4905,G_left_centre_left_right,G,left,0,left_right,,centre,696,177.9000,344.2000,59.3000,217.1000,218.9000,0.0000,344.2000,316.7000,24.3000,0.0000,147.0000,0.0000,95.2000,0.0000,0.17300,-0.08600,0.95300,5.74000,-0.08000,5.06000,-0.96200,-0.03200,0.21400,-0.47000,-6.23000,5.41000,33.6,23.0,1.0,0.0,0.731911,0.344136,1.311968,-0.731559,0.343361,1.179936,-0.089600,0.486000,0.869300,0.003200,0.133500,0.542300,0.828800,0.034500,0.732157,0.343852,1.312319,-0.735926,0.345525,1.178086,1.067118,0.791267,2.305553,-1.569079,-1.940151,-0.694289,-0.601119,1.971587,-1.272278,1.610118,-1.424036,2.673065,0.150740,2.483800,1,1,1.0000,1.0000,-25.2224,-65.2314,24.6000,-26.3000,0.040000,0.270613,0,0,1,1,0,0,0.0000,0.0000,,,,,2189,2189,0,0,2129,2140,60,36,0,13,0.53375,0.54246,,,,,,,,,,,,,,,,,,,,,,,140355.0133,1602,1602,0,0
1788271858.5085,G_left_centre_left_right,G,left,0,left_right,,centre,697,177.9000,344.2000,59.3000,217.1000,218.9000,0.0000,344.1000,316.8000,24.4000,0.0000,147.0000,0.0000,95.0000,0.0000,0.17600,-0.07700,0.93700,5.73000,-1.12000,6.21000,-0.96100,-0.03200,0.20600,-3.26000,-7.60000,5.27000,33.7,23.0,1.0,0.0,0.731894,0.344188,1.311973,-0.731461,0.343322,1.179975,-0.089600,0.486000,0.869300,0.003200,0.133500,0.542300,0.828800,0.034500,0.731954,0.344057,1.311986,-0.733534,0.344304,1.179546,1.066855,0.791385,2.305832,-1.568803,-1.940055,-0.694365,-0.601280,1.971191,-1.272296,1.608420,-1.428387,2.673030,0.146452,2.484049,1,1,1.0000,1.0000,-24.8467,-65.2011,24.6000,-26.2000,0.040000,0.270630,0,0,1,1,0,0,0.0000,0.0000,,,,,2190,2190,0,0,2130,2141,60,36,0,13,0.53375,0.54067,,,,,,,,,,,,,,,,,,,,,,,140355.0313,1603,1603,0,0
1788271858.5317,G_left_centre_left_right,G,left,0,left_right,,centre,698,177.9000,344.2000,59.3000,217.1000,218.9000,0.0000,344.1000,316.8000,24.4000,0.0000,147.0000,0.0000,95.0000,0.0000,0.17600,-0.07700,0.93700,5.73000,-1.12000,6.21000,-0.96100,-0.03200,0.20600,-3.26000,-7.60000,5.27000,33.7,23.0,1.0,0.0,0.731894,0.344188,1.311973,-0.731461,0.343322,1.179975,-0.089600,0.486000,0.869300,0.003200,0.133500,0.542300,0.828800,0.034500,0.731954,0.344057,1.311986,-0.733534,0.344304,1.179546,1.066780,0.791412,2.305915,-1.568725,-1.940038,-0.694385,-0.601325,1.971055,-1.272302,1.607860,-1.429631,2.673027,0.145282,2.484123,1,1,1.0000,1.0000,-24.8467,-65.2011,24.6000,-26.2000,0.040000,0.270630,0,0,1,1,0,0,0.0000,0.0000,,,,,2190,2190,0,0,2130,2141,60,36,0,13,0.53375,0.54067,,,,,,,,,,,,,,,,,,,,,,,140355.0546,1603,1603,0,0
1788271858.5500,G_left_centre_left_right,G,left,0,left_right,,centre,699,178.1000,344.2000,59.3000,217.1000,218.9000,0.0000,344.1000,316.8000,24.6000,0.0000,147.1000,0.0000,94.7000,0.0000,0.17700,-0.06300,0.93700,4.31000,-0.93000,8.10000,-0.96000,-0.03500,0.19300,-7.69000,-9.76000,4.93000,34.9,23.2,1.0,0.0,0.731860,0.344300,1.311991,-0.731146,0.343183,1.180111,-0.089600,0.486000,0.869300,0.003200,0.133500,0.542300,0.828800,0.034500,0.731954,0.344057,1.311986,-0.733534,0.344304,1.179546,1.066588,0.791463,2.306106,-1.568542,-1.940010,-0.694422,-0.601428,1.970681,-1.272325,1.606334,-1.432493,2.673025,0.142614,2.484315,1,1,1.0000,1.0000,-24.7313,-64.9618,24.8000,-26.2000,0.040000,0.270678,0,0,1,1,0,0,0.0000,0.0000,,,,,2192,2192,0,0,2132,2143,60,36,0,13,0.53362,0.54067,,,,,,,,,,,,,,,,,,,,,,,140355.0729,1605,1605,0,0
1788271858.5734,G_left_centre_left_right,G,left,0,left_right,,centre,700,178.2000,344.2000,59.3000,217.1000,218.9000,0.0000,344.1000,316.8000,24.6000,0.0000,147.1000,0.0000,94.4000,0.0000,0.17400,-0.05100,0.92800,3.40000,-0.23000,8.80000,-0.93700,-0.05100,0.19300,-7.83000,-9.92000,3.89000,34.7,23.1,1.0,0.0,0.731842,0.344354,1.311999,-0.730355,0.342806,1.180506,-0.089600,0.486000,0.869300,0.003200,0.133500,0.542300,0.828800,0.034500,0.731888,0.344213,1.311979,-0.731573,0.343404,1.180127,1.066404,0.791490,2.306297,-1.568388,-1.940000,-0.694464,-0.601529,1.970494,-1.272344,1.605582,-1.433447,2.673039,0.141746,2.484391,1,1,1.0000,1.0000,-24.7576,-63.9843,24.9000,-26.2000,0.040000,0.270678,0,0,1,1,0,0,0.0000,0.0000,,,,,2193,2193,0,0,2133,2144,60,36,0,13,0.53362,0.54067,,,,,,,,,,,,,,,,,,,,,,,140355.0963,1606,1606,0,0
1788271858.5904,G_left_centre_left_right,G,left,0,left_right,,centre,701,178.2000,344.2000,59.3000,217.1000,218.9000,0.0000,344.1000,316.8000,24.6000,0.0000,147.0000,0.0000,94.3000,0.0000,0.15900,-0.06800,0.93300,1.90000,0.11000,8.66000,-0.93100,-0.05000,0.18800,-5.47000,-10.11000,1.77000,35.0,23.1,1.0,0.0,0.731803,0.344395,1.311954,-0.729723,0.342504,1.180823,-0.089600,0.486000,0.869300,0.003200,0.133500,0.542300,0.828800,0.034500,0.731888,0.344213,1.311979,-0.731573,0.343404,1.180127,1.066196,0.791535,2.306472,-1.568187,-1.939985,-0.694484,-0.601629,1.970379,-1.272365,1.605228,-1.433943,2.673055,0.141272,2.484429,1,1,1.0000,1.0000,-25.7751,-64.0037,24.9000,-26.2000,0.040000,0.270663,0,0,1,1,0,0,0.0000,0.0000,,,,,2194,2194,0,0,2134,2145,60,36,0,13,0.53361,0.53936,,,,,,,,,,,,,,,,,,,,,,,140355.1132,1607,1607,0,0
1788271858.6088,G_left_centre_left_right,G,left,0,left_right,,centre,702,178.2000,344.2000,59.3000,217.1000,218.9000,0.0000,344.2000,316.8000,24.6000,0.0000,146.9000,0.0000,92.1000,0.0000,0.13500,-0.09800,0.95200,1.45000,0.47000,7.00000,-0.92800,-0.05400,0.18700,-3.22000,-8.85000,-0.38000,33.8,23.1,1.0,0.0,0.731720,0.344417,1.311813,-0.729036,0.342174,1.181177,-0.089600,0.486000,0.869300,0.003200,0.133500,0.542300,0.828800,0.034500,0.731888,0.344213,1.311979,-0.731573,0.343404,1.180127,1.065991,0.791597,2.306694,-1.567987,-1.939956,-0.694525,-0.601742,1.970298,-1.272380,1.605043,-1.434289,2.673054,0.140928,2.484474,1,1,1.0000,1.0000,-27.4684,-63.7513,24.9000,-26.2000,0.040000,0.270648,0,0,1,1,0,0,0.0000,0.0000,,,,,2195,2195,0,0,2135,2146,60,36,0,13,0.53361,0.53936,,,,,,,,,,,,,,,,,,,,,,,140355.1317,1608,1608,0,0
1788271858.6324,G_left_centre_left_right,G,left,0,left_right,,centre,703,178.2000,344.2000,59.3000,217.1000,218.9000,0.0000,344.2000,316.8000,24.6000,0.0000,146.9000,0.0000,92.1000,0.0000,0.13500,-0.09800,0.95200,1.45000,0.47000,7.00000,-0.92800,-0.05400,0.18700,-3.22000,-8.85000,-0.38000,33.8,23.1,1.0,0.0,0.731720,0.344417,1.311813,-0.729036,0.342174,1.181177,-0.089600,0.486000,0.869300,0.003200,0.133500,0.542300,0.828800,0.034500,0.731888,0.344213,1.311979,-0.731573,0.343404,1.180127,1.065884,0.791637,2.306823,-1.567878,-1.939933,-0.694555,-0.601805,1.970250,-1.272389,1.604837,-1.434664,2.673046,0.140572,2.484510,1,1,1.0000,1.0000,-27.4684,-63.7513,24.9000,-26.2000,0.040000,0.270648,0,0,1,1,0,0,0.0000,0.0000,,,,,2195,2195,0,0,2135,2146,60,36,0,13,0.53361,0.53936,,,,,,,,,,,,,,,,,,,,,,,140355.1552,1608,1608,0,0
1788271858.6580,G_left_centre_left_right,G,left,0,left_right,,centre,704,178.2000,344.2000,59.3000,217.1000,218.9000,0.0000,344.2000,316.8000,24.6000,0.0000,146.8000,0.0000,89.9000,0.0000,0.12600,-0.11600,0.94300,1.89000,0.05000,4.16000,-0.92800,-0.04800,0.17900,-1.30000,-7.53000,-2.59000,32.8,23.1,1.0,0.0,0.731613,0.344432,1.311625,-0.728586,0.341960,1.181406,-0.089600,0.486000,0.869300,0.003200,0.133500,0.542300,0.828800,0.034500,0.731780,0.344397,1.311919,-0.730897,0.343090,1.180263,1.065825,0.791767,2.306958,-1.567778,-1.939821,-0.694669,-0.601860,1.970152,-1.272404,1.604388,-1.435651,2.673026,0.139597,2.484590,1,1,1.0000,1.0000,-27.9774,-64.0610,24.9000,-26.2000,0.040000,0.270633,0,0,1,1,0,0,0.0000,0.0000,,,,,2196,2196,0,0,2136,2147,60,36,0,13,0.53361,0.53936,,,,,,,,,,,,,,,,,,,,,,,140355.1808,1609,1609,0,0
1788271858.6723,G_left_centre_left_right,G,left,0,left_right,,centre,705,178.2000,344.2000,59.3000,217.1000,218.9000,0.0000,344.4000,317.0000,24.6000,0.0000,146.6000,0.0000,87.2000,0.0000,0.14900,-0.09600,0.93500,2.05000,-0.51000,-1.08000,-0.93900,-0.04700,0.18800,0.55000,-4.72000,-5.72000,33.7,22.7,1.0,0.0,0.731513,0.344475,1.311466,-0.728154,0.341836,1.181610,-0.089600,0.486000,0.869300,0.003200,0.133500,0.542300,0.828800,0.034500,0.731780,0.344397,1.311919,-0.730897,0.343090,1.180263,1.065837,0.792044,2.307255,-1.567667,-1.939535,-0.694987,-0.601943,1.969982,-1.272427,1.603483,-1.438009,2.672977,0.137109,2.484753,1,1,1.0000,1.0000,-26.4899,-64.1981,24.9000,-26.0000,0.040000,0.270601,0,0,1,1,0,0,0.0000,0.0000,,,,,2197,2197,0,0,2137,2148,60,36,0,13,0.53361,0.53890,,,,,,,,,,,,,,,,,,,,,,,140355.1951,1611,1611,0,0
1788271858.6925,G_left_centre_left_right,G,left,0,left_right,,centre,706,178.3000,344.2000,59.3000,217.1000,218.9000,0.0000,344.3000,316.9000,24.6000,0.0000,146.6000,0.0000,87.7000,0.0000,0.17000,-0.09400,0.92700,2.31000,0.08000,-2.98000,-0.93700,-0.03700,0.19000,2.13000,-3.60000,-7.61000,33.5,22.8,1.0,0.0,0.731512,0.344510,1.311491,-0.728195,0.341869,1.181585,-0.089600,0.486000,0.869300,0.003200,0.133500,0.542300,0.828800,0.034500,0.731780,0.344397,1.311919,-0.730897,0.343090,1.180263,1.065843,0.792202,2.307429,-1.567603,-1.939376,-0.695172,-0.601988,1.969919,-1.272438,1.603098,-1.439065,2.672954,0.135928,2.484819,1,1,1.0000,1.0000,-25.1561,-64.8019,25.0000,-26.1000,0.040000,0.270601,0,0,1,1,0,0,0.0000,0.0000,,,,,2198,2198,0,0,2138,2149,60,36,0,13,0.53358,0.53890,,,,,,,,,,,,,,,,,,,,,,,140355.2154,1612,1612,0,0
1788271858.7085,G_left_centre_left_right,G,left,0,left_right,,centre,707,178.3000,344.2000,59.3000,217.1000,218.9000,0.0000,344.4000,316.9000,24.5000,0.0000,146.6000,0.0000,88.1000,0.0000,0.17900,-0.08700,0.92000,1.59000,0.87000,-3.26000,-0.94500,-0.03900,0.19000,3.29000,-2.15000,-8.73000,33.6,22.8,1.0,0.0,0.731524,0.344551,1.311547,-0.728205,0.341889,1.181577,-0.089600,0.486000,0.869300,0.003200,0.133500,0.542300,0.828800,0.034500,0.731516,0.344473,1.311486,-0.729410,0.342348,1.181227,1.065820,0.792500,2.307705,-1.567415,-1.939098,-0.695404,-0.602099,1.969771,-1.272476,1.602028,-1.441887,2.672888,0.132741,2.484995,1,1,1.0000,1.0000,-24.5191,-64.6931,25.0000,-26.1000,0.040000,0.270584,0,0,1,1,0,0,0.0000,0.0000,,,,,2199,2200,0,0,2139,2151,60,36,0,13,0.53358,0.53890,,,,,,,,,,,,,,,,,,,,,,,140355.2314,1613,1613,0,0
1788271858.7291,G_left_centre_left_right,G,left,0,left_right,,centre,708,178.4000,344.2000,59.3000,217.1000,218.9000,0.0000,344.4000,316.9000,24.5000,0.0000,146.6000,0.0000,89.3000,0.0000,0.17700,-0.08900,0.93400,0.21000,1.18000,-3.24000,-0.94200,-0.02000,0.19300,3.53000,-1.81000,-9.37000,34.2,22.9,1.0,0.0,0.731528,0.344593,1.311587,-0.728670,0.342133,1.181335,-0.089600,0.486000,0.869300,0.003200,0.133500,0.542300,0.828800,0.034500,0.731516,0.344473,1.311486,-0.729410,0.342348,1.181227,1.065696,0.792498,2.307840,-1.567327,-1.939108,-0.695436,-0.602169,1.969713,-1.272499,1.601418,-1.443491,2.672855,0.131048,2.485076,1,1,1.0000,1.0000,-24.7995,-65.8328,25.1000,-26.1000,0.040000,0.270584,0,0,1,1,0,0,0.0000,0.0000,,,,,2201,2201,0,0,2141,2152,60,36,0,13,0.53336,0.53773,,,,,,,,,,,,,,,,,,,,,,,140355.2519,1614,1614,0,0
1788271858.7485,G_left_centre_left_right,G,left,0,left_right,,centre,709,178.5000,344.2000,59.3000,217.1000,218.9000,0.0000,344.4000,316.9000,24.5000,0.0000,146.6000,0.0000,90.4000,0.0000,0.17700,-0.11300,0.93000,-0.66000,0.55000,-3.60000,-0.94100,-0.01400,0.20600,2.12000,-1.50000,-8.37000,33.2,22.7,1.0,0.0,0.731529,0.344634,1.311621,-0.729349,0.342482,1.180986,-0.089600,0.486000,0.869300,0.003200,0.133500,0.542300,0.828800,0.034500,0.731516,0.344473,1.311486,-0.729410,0.342348,1.181227,1.065482,0.792449,2.307990,-1.567196,-1.939174,-0.695432,-0.602252,1.969668,-1.272527,1.600981,-1.444936,2.672823,0.129668,2.485145,1,1,1.0000,1.0000,-24.8316,-66.2467,25.2000,-26.1000,0.040000,0.270584,0,0,1,1,0,0,0.0000,0.0000,,,,,2202,2202,0,0,2142,2153,60,36,0,13,0.53336,0.53773,,,,,,,,,,,,,,,,,,,,,,,140355.2714,1615,1615,0,0
1788271858.7755,G_left_centre_left_right,G,left,0,left_right,,centre,710,178.5000,344.2000,59.3000,217.1000,218.9000,0.0000,344.4000,316.9000,24.5000,0.0000,146.6000,0.0000,91.5000,0.0000,0.17700,-0.14300,0.93800,0.02000,-0.23000,-5.36000,-0.95100,-0.00700,0.19800,0.50000,-0.88000,-7.18000,30.9,23.2,1.0,0.0,0.731526,0.344672,1.311646,-0.730267,0.342949,1.180521,-0.089600,0.486000,0.869300,0.003200,0.133500,0.542300,0.828800,0.034500,0.731523,0.344608,1.311597,-0.728495,0.341917,1.181870,1.065299,0.792409,2.308118,-1.567065,-1.939235,-0.695413,-0.602329,1.969658,-1.272547,1.600716,-1.445547,2.672811,0.129186,2.485173,1,1,1.0000,1.0000,-24.9888,-66.6242,25.2000,-26.1000,0.040000,0.270584,0,0,1,1,0,0,0.0000,0.0000,,,,,2203,2203,0,0,2143,2154,60,36,0,13,0.53336,0.53773,,,,,,,,,,,,,,,,,,,,,,,140355.2983,1616,1616,0,0
1788271858.7993,G_left_centre_left_right,G,left,0,left_right,,centre,711,178.5000,344.2000,59.3000,217.1000,218.9000,0.0000,344.4000,316.9000,24.5000,0.0000,146.6000,0.0000,92.3000,0.0000,0.18300,-0.14400,0.93100,2.39000,-1.44000,-7.49000,-0.95600,-0.01900,0.21500,-0.95000,-0.63000,-6.33000,33.7,22.9,1.0,0.0,0.731533,0.344710,1.311688,-0.730588,0.343117,1.180354,-0.089600,0.486000,0.869300,0.003200,0.133500,0.542300,0.828800,0.034500,0.731523,0.344608,1.311597,-0.728495,0.341917,1.181870,1.065128,0.792376,2.308265,-1.566953,-1.939283,-0.695412,-0.602407,1.969696,-1.272562,1.600799,-1.445201,2.672817,0.129572,2.485144,1,1,1.0000,1.0000,-24.5630,-65.9857,25.2000,-26.1000,0.040000,0.270584,0,0,1,1,0,0,0.0000,0.0000,,,,,2204,2204,0,0,2144,2155,60,36,0,13,0.53336,0.53773,,,,,,,,,,,,,,,,,,,,,,,140355.3221,1617,1617,0,0
1788271858.8088,G_left_centre_left_right,G,left,0,left_right,,centre,712,178.5000,344.2000,59.3000,217.1000,218.9000,0.0000,344.4000,316.9000,24.5000,0.0000,146.7000,0.0000,95.9000,0.0000,0.19900,-0.14100,0.90900,4.63000,-1.96000,-8.70000,-0.96200,-0.01700,0.22400,-1.00000,-0.15000,-5.70000,32.8,22.9,1.0,0.0,0.731562,0.344757,1.311788,-0.730958,0.343309,1.180160,-0.089600,0.486000,0.869300,0.003200,0.133500,0.542300,0.828800,0.034500,0.731523,0.344608,1.311597,-0.728495,0.341917,1.181870,1.064941,0.792342,2.308412,-1.566835,-1.939333,-0.695413,-0.602486,1.969774,-1.272571,1.601129,-1.444118,2.672839,0.130667,2.485075,1,1,1.0000,1.0000,-23.3491,-66.1260,25.2000,-26.1000,0.040000,0.270600,0,0,1,1,0,0,0.0000,0.0000,,,,,2205,2205,0,0,2145,2156,60,36,0,13,0.53341,0.53706,,,,,,,,,,,,,,,,,,,,,,,140355.3316,1618,1618,0,0
1788271858.8300,G_left_centre_left_right,G,left,0,left_right,,centre,713,178.5000,344.2000,59.3000,217.1000,218.9000,0.0000,344.4000,316.9000,24.5000,0.0000,146.7000,0.0000,99.0000,0.0000,0.19700,-0.11200,0.90000,5.98000,-1.68000,-8.58000,-0.96100,-0.02100,0.23200,-0.78000,0.09000,-4.45000,31.8,23.0,1.0,0.0,0.731590,0.344800,1.311881,-0.731154,0.343413,1.180056,-0.089600,0.486000,0.869300,0.003200,0.133500,0.542300,0.828800,0.034500,0.731523,0.344608,1.311597,-0.728495,0.341917,1.181870,1.064759,0.792285,2.308530,-1.566725,-1.939412,-0.695391,-0.602555,1.969881,-1.272577,1.601645,-1.442424,2.672882,0.132397,2.484965,1,1,1.0000,1.0000,-23.2797,-65.9037,25.2000,-26.1000,0.040000,0.270600,0,0,1,1,0,0,0.0000,0.0000,,,,,2205,2205,0,0,2145,2156,60,36,0,13,0.53341,0.53706,,,,,,,,,,,,,,,,,,,,,,,140355.3528,1619,1619,0,0
1788271858.8600,G_left_centre_left_right,G,left,0,left_right,,centre,714,178.5000,344.2000,59.3000,217.1000,218.9000,0.0000,344.4000,316.8000,24.5000,0.0000,146.7000,0.0000,101.6000,0.0000,0.19200,-0.07600,0.87700,4.34000,0.79000,-3.50000,-0.95600,-0.01000,0.22600,-0.87000,0.34000,-2.82000,31.6,22.9,1.0,0.0,0.731631,0.344871,1.312022,-0.731743,0.343683,1.179762,-0.089600,0.486000,0.869300,0.003200,0.133500,0.542300,0.828800,0.034500,0.731550,0.344748,1.311786,-0.729528,0.342547,1.180962,1.064424,0.792132,2.308684,-1.566573,-1.939612,-0.695305,-0.602649,1.970075,-1.272587,1.602569,-1.439293,2.672964,0.135673,2.484755,1,1,1.0000,1.0000,-23.1596,-66.5333,25.2000,-26.2000,0.040000,0.270600,0,0,1,1,0,0,0.0000,0.0000,,,,,2207,2207,0,0,2147,2158,60,36,0,13,0.53341,0.53706,,,,,,,,,,,,,,,,,,,,,,,140355.3829,1621,1620,0,0
1788271858.8695,G_left_centre_left_right,G,left,0,left_right,,centre,715,178.5000,344.2000,59.3000,217.1000,218.9000,0.0000,344.4000,316.8000,24.5000,0.0000,146.7000,0.0000,103.6000,0.0000,0.19200,-0.07600,0.87700,4.34000,0.79000,-3.50000,-0.95800,-0.01000,0.23100,-1.94000,0.75000,-1.00000,31.6,22.9,1.0,0.0,0.731631,0.344871,1.312022,-0.732212,0.343898,1.179528,-0.089600,0.486000,0.869300,0.003200,0.133500,0.542300,0.828800,0.034500,0.731550,0.344748,1.311786,-0.729528,0.342547,1.180962,1.064305,0.792077,2.308746,-1.566513,-1.939681,-0.695272,-0.602686,1.970138,-1.272591,1.602868,-1.438309,2.672990,0.136705,2.484687,1,1,1.0000,1.0000,-23.1596,-66.5390,25.2000,-26.2000,0.040000,0.270600,0,0,1,1,0,0,0.0000,0.0000,,,,,2209,2208,0,0,2149,2159,60,36,0,13,0.53348,0.53790,,,,,,,,,,,,,,,,,,,,,,,140355.3924,1621,1621,0,0
1788271858.9256,G_left_centre_left_right,G,left,0,left_right,,centre,716,178.8000,344.2000,59.3000,217.1000,218.9000,0.0000,344.4000,316.7000,24.5000,0.0000,146.7000,0.0000,106.3000,0.0000,0.18500,-0.10200,0.88900,3.66000,2.24000,0.94000,-0.94800,-0.01800,0.23200,-3.27000,2.27000,2.82000,31.0,23.2,1.0,0.0,0.731654,0.344943,1.312128,-0.732835,0.344158,1.179222,-0.089600,0.486000,0.869300,0.003200,0.133500,0.542300,0.828800,0.034500,0.731627,0.344881,1.312055,-0.731148,0.343427,1.179779,1.064037,0.791933,2.308897,-1.566371,-1.939856,-0.695190,-0.602776,1.970347,-1.272590,1.603954,-1.435209,2.673061,0.139904,2.484474,1,1,1.0000,1.0000,-23.8401,-66.0650,25.5000,-26.3000,0.040000,0.270600,0,0,1,1,0,0,0.0000,0.0000,,,,,2209,2209,0,0,2149,2160,60,36,0,13,0.53348,0.53790,,,,,,,,,,,,,,,,,,,,,,,140355.4484,1623,1623,0,0
1788271858.9284,G_left_centre_left_right,G,left,0,left_right,,centre,717,178.8000,344.2000,59.3000,217.1000,218.9000,0.0000,344.3000,316.7000,24.4000,0.0000,146.4000,0.0000,107.1000,0.0000,0.18200,-0.11200,0.89900,4.92000,2.34000,2.12000,-0.95900,-0.02100,0.23000,-2.98000,3.18000,3.92000,30.3,23.1,1.0,0.0,0.731652,0.344977,1.312153,-0.732862,0.344147,1.179217,-0.089600,0.486000,0.869300,0.003200,0.133500,0.542300,0.828800,0.034500,0.731627,0.344881,1.312055,-0.731148,0.343427,1.179779,1.063926,0.791879,2.308957,-1.566327,-1.939920,-0.695169,-0.602809,1.970410,-1.272588,1.604298,-1.434292,2.673084,0.140851,2.484407,1,1,1.0000,1.0000,-24.1755,-65.8998,25.5000,-26.3000,0.040000,0.270534,0,0,1,1,0,0,0.0000,0.0000,,,,,2210,2210,0,0,2150,2161,60,36,0,13,0.53348,0.53790,,,,,,,,,,,,,,,,,,,,,,,140355.4512,1624,1624,0,0
1788271858.9296,G_left_centre_left_right,G,left,0,left_right,,centre,718,178.8000,344.2000,59.3000,217.1000,218.9000,0.0000,344.3000,316.7000,24.4000,0.0000,146.4000,0.0000,107.1000,0.0000,0.18200,-0.11200,0.89900,4.92000,2.34000,2.12000,-0.95900,-0.02100,0.23000,-2.98000,3.18000,3.92000,30.3,23.1,1.0,0.0,0.731652,0.344977,1.312153,-0.732862,0.344147,1.179217,-0.089600,0.486000,0.869300,0.003200,0.133500,0.542300,0.828800,0.034500,0.731627,0.344881,1.312055,-0.731148,0.343427,1.179779,1.063926,0.791879,2.308957,-1.566327,-1.939920,-0.695169,-0.602809,1.970410,-1.272588,1.604298,-1.434292,2.673084,0.140851,2.484407,1,1,1.0000,1.0000,-24.1755,-65.8998,25.5000,-26.3000,0.040000,0.270534,0,0,1,1,0,0,0.0000,0.0000,,,,,2210,2210,0,0,2150,2161,60,36,0,13,0.53348,0.53790,,,,,,,,,,,,,,,,,,,,,,,140355.4525,1624,1624,0,0
1788271858.9485,G_left_centre_left_right,G,left,0,left_right,,centre,719,178.8000,344.2000,59.3000,217.1000,218.9000,0.0000,344.2000,316.7000,24.4000,0.0000,146.5000,0.0000,107.8000,0.0000,0.18000,-0.11400,0.90700,6.11000,2.48000,2.73000,-0.95300,-0.02200,0.22500,-2.20000,4.47000,4.74000,30.2,22.6,1.0,0.0,0.731646,0.345006,1.312165,-0.732862,0.344125,1.179222,-0.089600,0.486000,0.869300,0.003200,0.133500,0.542300,0.828800,0.034500,0.731627,0.344881,1.312055,-0.731148,0.343427,1.179779,1.063530,0.791729,2.309214,-1.566112,-1.940108,-0.695100,-0.602947,1.970690,-1.272556,1.605910,-1.430298,2.673219,0.144892,2.484084,1,1,1.0000,1.0000,-24.3966,-65.8293,25.5000,-26.3000,0.040000,0.270551,0,0,1,1,0,0,0.0000,0.0000,,,,,2212,2212,0,0,2152,2163,60,36,0,13,0.53360,0.53916,,,,,,,,,,,,,,,,,,,,,,,140355.4713,1625,1625,0,0
1788271858.9718,G_left_centre_left_right,G,left,0,left_right,,centre,720,178.8000,344.2000,59.3000,217.1000,218.9000,0.0000,344.1000,316.7000,24.4000,0.0000,146.6000,0.0000,108.2000,0.0000,0.18400,-0.10700,0.92000,6.52000,2.50000,3.80000,-0.94000,-0.02800,0.23000,-1.74000,5.62000,5.21000,29.9,22.7,1.0,0.0,0.731642,0.345034,1.312181,-0.732771,0.344065,1.179271,-0.089600,0.486000,0.869300,0.003200,0.133500,0.542300,0.828800,0.034500,0.731627,0.344881,1.312055,-0.731148,0.343427,1.179779,1.063372,0.791700,2.309362,-1.566008,-1.940152,-0.695105,-0.603020,1.970801,-1.272528,1.606699,-1.428785,2.673299,0.146362,2.483927,1,1,1.0000,1.0000,-24.2871,-65.4643,25.5000,-26.3000,0.040000,0.270567,0,0,1,1,0,0,0.0000,0.0000,,,,,2212,2212,0,0,2152,2163,60,36,0,13,0.53360,0.53916,,,,,,,,,,,,,,,,,,,,,,,140355.4946,1626,1626,0,0
1788271858.9892,G_left_centre_left_right,G,left,0,left_right,,centre,721,178.8000,344.2000,59.3000,217.1000,218.9000,0.0000,344.1000,316.7000,24.4000,0.0000,146.6000,0.0000,108.5000,0.0000,0.19100,-0.07800,0.90600,6.63000,2.82000,4.95000,-0.94100,-0.03000,0.23000,-0.38000,6.85000,5.68000,30.4,22.8,1.0,0.0,0.731652,0.345066,1.312229,-0.732653,0.343992,1.179333,-0.089600,0.486000,0.869300,0.003200,0.133500,0.542300,0.828800,0.034500,0.731638,0.345007,1.312166,-0.732748,0.344088,1.179149,1.063233,0.791677,2.309505,-1.565917,-1.940184,-0.695129,-0.603090,1.970873,-1.272495,1.607359,-1.428024,2.673375,0.147108,2.483803,1,1,1.0000,1.0000,-23.5998,-65.3477,25.5000,-26.3000,0.040000,0.270567,0,0,1,1,0,0,0.0000,0.0000,,,,,2214,2214,0,0,2154,2165,60,36,0,13,0.53360,0.53916,,,,,,,,,,,,,,,,,,,,,,,140355.5120,1627,1627,0,0
1788271859.0112,G_left_centre_left_right,G,left,0,left_right,,centre,722,178.7000,344.2000,59.3000,217.1000,218.9000,0.0000,344.1000,316.7000,24.4000,0.0000,146.6000,0.0000,108.7000,0.0000,0.19100,-0.05400,0.90600,6.12000,3.31000,6.52000,-0.94300,-0.03100,0.22000,0.92000,7.27000,5.86000,31.3,22.3,1.0,0.0,0.731665,0.345092,1.312278,-0.732518,0.343911,1.179404,-0.089600,0.486000,0.869300,0.003200,0.133500,0.542300,0.828800,0.034500,0.731638,0.345007,1.312166,-0.732748,0.344088,1.179149,1.063166,0.791666,2.309575,-1.565874,-1.940199,-0.695144,-0.603124,1.970882,-1.272483,1.607452,-1.427975,2.673401,0.147161,2.483770,1,1,1.0000,1.0000,-23.4971,-65.2794,25.4000,-26.3000,0.040000,0.270567,0,0,1,1,0,0,0.0000,0.0000,,,,,2214,2214,0,0,2154,2165,60,36,0,13,0.53360,0.53916,,,,,,,,,,,,,,,,,,,,,,,140355.5340,1628,1628,0,0
1788271859.0355,G_left_centre_left_right,G,left,0,left_right,,centre,723,178.7000,344.2000,59.3000,217.1000,218.9000,0.0000,344.2000,316.7000,24.4000,0.0000,146.5000,0.0000,105.5000,0.0000,0.18800,-0.05900,0.92600,4.27000,4.08000,8.41000,-0.94000,-0.02600,0.23300,1.58000,7.27000,5.79000,31.0,22.5,1.0,0.0,0.731669,0.345112,1.312302,-0.732475,0.343876,1.179429,-0.089600,0.486000,0.869300,0.003200,0.133500,0.542300,0.828800,0.034500,0.731638,0.345007,1.312166,-0.732748,0.344088,1.179149,1.062851,0.791549,2.309811,-1.565723,-1.940342,-0.695148,-0.603243,1.970856,-1.272444,1.607382,-1.428422,2.673480,0.146716,2.483712,1,1,1.0000,1.0000,-23.9407,-65.5835,25.4000,-26.3000,0.040000,0.270551,0,0,1,1,0,0,0.0000,0.0000,,,,,2216,2216,0,0,2156,2167,60,36,0,13,0.53366,0.54026,,,,,,,,,,,,,,,,,,,,,,,140355.5583,1629,1629,0,0
1788271859.0529,G_left_centre_left_right,G,left,0,left_right,,centre,724,178.7000,344.2000,59.3000,217.1000,218.9000,0.0000,344.2000,316.7000,24.4000,0.0000,146.5000,0.0000,102.8000,0.0000,0.18400,-0.06000,0.92700,2.83000,5.12000,9.75000,-0.93800,-0.03600,0.22900,0.54000,6.79000,5.24000,30.2,22.9,1.0,0.0,0.731667,0.345128,1.312312,-0.732226,0.343738,1.179560,-0.089600,0.486000,0.869300,0.003200,0.133500,0.542300,0.828800,0.034500,0.731638,0.345007,1.312166,-0.732748,0.344088,1.179149,1.062778,0.791516,2.309878,-1.565686,-1.940379,-0.695150,-0.603276,1.970834,-1.272435,1.607297,-1.428672,2.673497,0.146463,2.483711,1,1,1.0000,1.0000,-24.1936,-64.9863,25.4000,-26.3000,0.040000,0.270551,0,0,1,1,0,0,0.0000,0.0000,,,,,2217,2217,0,0,2157,2168,60,36,0,13,0.53366,0.54026,,,,,,,,,,,,,,,,,,,,,,,140355.5757,1630,1630,0,0
1788271859.0727,G_left_centre_left_right,G,left,0,left_right,,centre,725,181.1000,344.2000,59.3000,217.1000,218.9000,0.0000,344.2000,316.8000,24.4000,0.0000,146.3000,0.0000,94.9000,0.0000,0.16200,-0.09600,0.94100,1.63000,0.95000,1.46000,-0.95600,-0.01400,0.20400,0.66000,-3.20000,-3.77000,31.7,22.2,1.0,0.0,0.731562,0.345257,1.312230,-0.732462,0.343860,1.179446,-0.089600,0.486000,0.869300,0.003200,0.133500,0.542300,0.828800,0.034500,0.731658,0.345104,1.312294,-0.732626,0.343969,1.179369,1.062662,0.791464,2.309998,-1.565627,-1.940431,-0.695169,-0.603335,1.970778,-1.272415,1.607113,-1.429210,2.673540,0.145947,2.483706,1,1,1.0000,1.0000,-25.7782,-66.2395,27.8000,-26.2000,0.040000,0.270518,0,0,1,1,0,0,0.0000,0.0000,,,,,2218,2218,0,0,2158,2169,60,36,0,13,0.53366,0.54026,,,,,,,,,,,,,,,,,,,,,,,140355.5956,1631,1631,0,0
1788271859.0947,G_left_centre_left_right,G,left,0,left_right,,centre,726,181.2000,344.2000,59.3000,217.1000,218.9000,0.0000,344.3000,316.8000,24.4000,0.0000,146.3000,0.0000,95.2000,0.0000,0.16900,-0.10700,0.93100,2.47000,-0.30000,0.90000,-0.95200,-0.01300,0.20800,-0.92000,-3.31000,-2.88000,31.8,21.9,1.0,0.0,0.731478,0.345382,1.312186,-0.732711,0.343989,1.179326,-0.089600,0.486000,0.869300,0.003200,0.133500,0.542300,0.828800,0.034500,0.731658,0.345104,1.312294,-0.732626,0.343969,1.179369,1.062498,0.791481,2.310182,-1.565498,-1.940421,-0.695215,-0.603412,1.970710,-1.272396,1.606866,-1.429871,2.673580,0.145317,2.483715,1,1,1.0000,1.0000,-25.2980,-66.3136,27.9000,-26.2000,0.040000,0.270518,0,0,1,1,0,0,0.0000,0.0000,,,,,2219,2219,0,0,2159,2170,60,36,0,13,0.53371,0.54014,,,,,,,,,,,,,,,,,,,,,,,140355.6175,1632,1632,0,0
1788271859.1179,G_left_centre_left_right,G,left,0,left_right,,centre,727,181.2000,344.2000,59.3000,217.1000,218.9000,0.0000,344.3000,316.8000,24.4000,0.0000,146.4000,0.0000,95.5000,0.0000,0.16500,-0.10400,0.93600,3.73000,-0.85000,0.58000,-0.95800,-0.01200,0.19900,-2.26000,-3.53000,-1.74000,31.8,21.9,1.0,0.0,0.731395,0.345491,1.312130,-0.732936,0.344104,1.179215,-0.089600,0.486000,0.869300,0.003200,0.133500,0.542300,0.828800,0.034500,0.731658,0.345104,1.312294,-0.732626,0.343969,1.179369,1.062401,0.791612,2.310266,-1.565321,-1.940356,-0.695222,-0.603445,1.970699,-1.272390,1.606807,-1.430065,2.673593,0.145105,2.483712,1,1,1.0000,1.0000,-25.5767,-66.3332,27.9000,-26.2000,0.040000,0.270534,0,0,1,1,0,0,0.0000,0.0000,,,,,2220,2220,0,0,2160,2171,60,36,0,13,0.53371,0.54014,,,,,,,,,,,,,,,,,,,,,,,140355.6408,1633,1633,0,0
1788271859.1296,G_left_centre_left_right,G,left,0,left_right,,centre,728,181.2000,344.2000,59.3000,217.1000,218.9000,0.0000,344.2000,316.8000,24.4000,0.0000,146.5000,0.0000,95.8000,0.0000,0.16000,-0.08200,0.91800,4.19000,-0.99000,0.65000,-0.95800,-0.01400,0.20200,-3.08000,-3.57000,-0.81000,30.4,21.7,1.0,0.0,0.731318,0.345592,1.312075,-0.733086,0.344182,1.179140,-0.089600,0.486000,0.869300,0.003200,0.133500,0.542300,0.828800,0.034500,0.731542,0.345324,1.312208,-0.732442,0.343843,1.179555,1.062162,0.791916,2.310460,-1.564917,-1.940207,-0.695238,-0.603520,1.970712,-1.272377,1.606874,-1.430031,2.673631,0.144926,2.483677,1,1,1.0000,1.0000,-25.6195,-66.2306,27.9000,-26.2000,0.040000,0.270551,0,0,1,1,0,0,0.0000,0.0000,,,,,2220,2220,0,0,2160,2171,60,36,0,13,0.53371,0.54014,,,,,,,,,,,,,,,,,,,,,,,140355.6524,1634,1634,0,0
1788271859.1490,G_left_centre_left_right,G,left,0,left_right,,centre,729,181.2000,344.2000,59.3000,217.1000,218.9000,0.0000,344.2000,316.8000,24.4000,0.0000,146.5000,0.0000,96.1000,0.0000,0.16500,-0.07700,0.90700,4.27000,-0.86000,1.65000,-0.95900,-0.02000,0.21100,-3.43000,-3.31000,0.13000,32.8,21.8,1.0,0.0,0.731262,0.345683,1.312053,-0.733088,0.344186,1.179137,-0.089600,0.486000,0.869300,0.003200,0.133500,0.542300,0.828800,0.034500,0.731542,0.345324,1.312208,-0.732442,0.343843,1.179555,1.061885,0.792259,2.310681,-1.564479,-1.940031,-0.695254,-0.603605,1.970745,-1.272362,1.607017,-1.429565,2.673679,0.145311,2.483622,1,1,1.0000,1.0000,-25.1826,-65.9165,27.9000,-26.2000,0.040000,0.270551,0,0,1,1,0,0,0.0000,0.0000,,,,,2222,2222,0,0,2162,2173,60,36,0,13,0.53367,0.53998,,,,,,,,,,,,,,,,,,,,,,,140355.6718,1635,1635,0,0
1788271859.1685,G_left_centre_left_right,G,left,0,left_right,,centre,730,181.2000,344.2000,59.3000,217.1000,218.9000,0.0000,344.2000,316.8000,24.4000,0.0000,146.5000,0.0000,96.2000,0.0000,0.16200,-0.08000,0.90500,4.58000,-0.26000,2.49000,-0.95000,-0.01400,0.20300,-3.50000,-2.98000,1.04000,31.8,20.8,1.0,0.0,0.731206,0.345766,1.312022,-0.733219,0.344254,1.179071,-0.089600,0.486000,0.869300,0.003200,0.133500,0.542300,0.828800,0.034500,0.731542,0.345324,1.312208,-0.732442,0.343843,1.179555,1.061622,0.792554,2.310894,-1.564103,-1.939870,-0.695267,-0.603689,1.970792,-1.272348,1.607221,-1.428866,2.673733,0.146137,2.483550,1,1,1.0000,1.0000,-25.3557,-66.2355,27.9000,-26.2000,0.040000,0.270551,0,0,1,1,0,0,0.0000,0.0000,,,,,2223,2223,0,0,2163,2174,60,36,0,13,0.53367,0.53998,,,,,,,,,,,,,,,,,,,,,,,140355.6913,1636,1636,0,0
1788271859.1889,G_left_centre_left_right,G,left,0,left_right,,centre,731,181.2000,344.2000,59.3000,217.1000,218.9000,0.0000,344.3000,316.8000,24.4000,0.0000,146.5000,0.0000,96.2000,0.0000,0.16900,-0.08500,0.90900,4.54000,0.69000,3.61000,-0.95200,-0.02300,0.20000,-3.34000,-2.10000,1.56000,30.9,20.9,1.0,0.0,0.731163,0.345846,1.312015,-0.733149,0.344222,1.179105,-0.089600,0.486000,0.869300,0.003200,0.133500,0.542300,0.828800,0.034500,0.731542,0.345324,1.312208,-0.732442,0.343843,1.179555,1.061378,0.792783,2.311093,-1.563783,-1.939746,-0.695277,-0.603771,1.970842,-1.272334,1.607435,-1.428117,2.673798,0.147055,2.483467,1,1,1.0000,1.0000,-24.9913,-65.6938,27.9000,-26.2000,0.040000,0.270551,0,0,1,1,0,0,0.0000,0.0000,,,,,2224,2224,0,0,2164,2175,60,36,0,13,0.53367,0.53998,,,,,,,,,,,,,,,,,,,,,,,140355.7117,1637,1637,0,0
1788271859.2092,G_left_centre_left_right,G,left,0,left_right,,centre,732,181.2000,344.2000,59.3000,217.1000,218.9000,0.0000,344.3000,316.8000,24.4000,0.0000,146.5000,0.0000,96.3000,0.0000,0.17000,-0.08500,0.91100,4.53000,1.85000,4.57000,-0.95000,-0.02300,0.18900,-3.10000,-1.10000,2.19000,30.4,21.4,1.0,0.0,0.731120,0.345928,1.312010,-0.733057,0.344179,1.179150,-0.089600,0.486000,0.869300,0.003200,0.133500,0.542300,0.828800,0.034500,0.731261,0.345715,1.312044,-0.732923,0.344112,1.179170,1.061145,0.792973,2.311284,-1.563495,-1.939651,-0.695287,-0.603853,1.970901,-1.272320,1.607678,-1.427362,2.673869,0.147851,2.483371,1,1,1.0000,1.0000,-24.9527,-65.6344,27.9000,-26.2000,0.040000,0.270551,0,0,1,1,0,0,0.0000,0.0000,,,,,2225,2225,0,0,2165,2176,60,36,0,13,0.53367,0.53998,,,,,,,,,,,,,,,,,,,,,,,140355.7320,1638,1638,0,0
1788271859.2360,G_left_centre_left_right,G,left,0,left_right,,centre,733,181.2000,344.2000,59.3000,217.1000,218.9000,0.0000,344.3000,316.8000,24.4000,0.0000,146.6000,0.0000,96.3000,0.0000,0.17000,-0.07800,0.90600,3.45000,2.26000,5.70000,-0.94900,-0.02200,0.20300,-2.40000,0.02000,2.61000,30.8,22.1,1.0,0.0,0.731094,0.345983,1.312011,-0.733025,0.344164,1.179165,-0.089600,0.486000,0.869300,0.003200,0.133500,0.542300,0.828800,0.034500,0.731261,0.345715,1.312044,-0.732923,0.344112,1.179170,1.060908,0.793118,2.311482,-1.563232,-1.939587,-0.695297,-0.603938,1.970936,-1.272312,1.607870,-1.426798,2.673922,0.148378,2.483303,1,1,1.0000,1.0000,-24.8714,-65.7644,27.9000,-26.2000,0.040000,0.270567,0,0,1,1,0,0,0.0000,0.0000,,,,,2226,2226,0,0,2166,2177,60,36,0,13,0.53354,0.54039,,,,,,,,,,,,,,,,,,,,,,,140355.7589,1639,1639,0,0
1788271859.2530,G_left_centre_left_right,G,left,0,left_right,,centre,734,181.2000,344.2000,59.3000,217.1000,218.9000,0.0000,344.3000,316.8000,24.4000,0.0000,146.6000,0.0000,96.3000,0.0000,0.16900,-0.09500,0.92400,3.60000,2.66000,5.74000,-0.94000,-0.02600,0.19500,-1.79000,1.45000,2.86000,30.4,22.0,1.0,0.0,0.731055,0.346043,1.311993,-0.732909,0.344109,1.179221,-0.089600,0.486000,0.869300,0.003200,0.133500,0.542300,0.828800,0.034500,0.731261,0.345715,1.312044,-0.732923,0.344112,1.179170,1.060739,0.793202,2.311629,-1.563056,-1.939553,-0.695308,-0.604000,1.970946,-1.272305,1.607823,-1.426994,2.673998,0.148147,2.483237,1,1,1.0000,1.0000,-25.1872,-65.4861,27.9000,-26.2000,0.040000,0.270567,0,0,1,1,0,0,0.0000,0.0000,,,,,2227,2227,0,0,2167,2178,60,36,0,13,0.53354,0.54039,,,,,,,,,,,,,,,,,,,,,,,140355.7758,1640,1640,0,0
1788271859.2728,G_left_centre_left_right,G,left,0,left_right,,centre,735,181.2000,344.2000,59.3000,217.1000,218.9000,0.0000,344.3000,316.8000,24.3000,0.0000,146.6000,0.0000,96.2000,0.0000,0.16300,-0.10000,0.93200,4.01000,2.69000,4.95000,-0.93300,-0.02600,0.20400,-1.02000,2.44000,2.50000,30.3,22.3,1.0,0.0,0.731018,0.346082,1.311958,-0.732837,0.344075,1.179257,-0.089600,0.486000,0.869300,0.003200,0.133500,0.542300,0.828800,0.034500,0.731103,0.345971,1.312012,-0.733106,0.344207,1.179074,1.060515,0.793339,2.311811,-1.562815,-1.939501,-0.695315,-0.604088,1.970947,-1.272304,1.607814,-1.427031,2.674008,0.148105,2.483227,1,1,1.0000,1.0000,-25.6426,-65.5203,27.9000,-26.2000,0.040000,0.270550,0,0,1,1,0,0,0.0000,0.0000,,,,,2227,2227,0,0,2167,2178,60,36,0,13,0.53354,0.54039,,,,,,,,,,,,,,,,,,,,,,,140355.7956,1641,1641,0,0
1788271859.2947,G_left_centre_left_right,G,left,0,left_right,,centre,736,181.2000,344.2000,59.3000,217.1000,218.9000,0.0000,344.3000,316.8000,24.3000,0.0000,146.6000,0.0000,96.2000,0.0000,0.16500,-0.10700,0.93300,4.08000,2.40000,4.27000,-0.94400,-0.03100,0.20500,-0.80000,3.21000,2.20000,29.9,23.0,1.0,0.0,0.730976,0.346130,1.311922,-0.732629,0.343974,1.179362,-0.089600,0.486000,0.869300,0.003200,0.133500,0.542300,0.828800,0.034500,0.731103,0.345971,1.312012,-0.733106,0.344207,1.179074,1.060363,0.793447,2.311967,-1.562638,-1.939449,-0.695344,-0.604153,1.970918,-1.272301,1.607578,-1.427771,2.674116,0.147334,2.483153,1,1,1.0000,1.0000,-25.5552,-65.2374,27.9000,-26.2000,0.040000,0.270550,0,0,1,1,0,0,0.0000,0.0000,,,,,2229,2229,0,0,2169,2180,60,36,0,13,0.53349,0.54052,,,,,,,,,,,,,,,,,,,,,,,140355.8176,1642,1642,0,0
1788271859.3123,G_left_centre_left_right,G,left,0,left_right,,centre,737,181.2000,344.2000,59.3000,217.1000,218.9000,0.0000,344.3000,316.8000,24.3000,0.0000,146.6000,0.0000,96.2000,0.0000,0.16400,-0.10000,0.92700,4.08000,2.59000,3.64000,-0.94400,-0.03100,0.20500,-0.80000,3.21000,2.20000,29.7,23.0,1.0,0.0,0.730942,0.346170,1.311894,-0.732629,0.343974,1.179362,-0.089600,0.486000,0.869300,0.003200,0.133500,0.542300,0.828800,0.034500,0.731103,0.345971,1.312012,-0.733106,0.344207,1.179074,1.060247,0.793545,2.312106,-1.562496,-1.939390,-0.695393,-0.604209,1.970918,-1.272301,1.607578,-1.427771,2.674116,0.147334,2.483153,1,1,1.0000,1.0000,-25.5325,-65.2374,27.9000,-26.2000,0.040000,0.270550,0,0,1,1,0,0,0.0000,0.0000,,,,,2229,2229,0,0,2169,2180,60,36,0,13,0.53349,0.54052,,,,,,,,,,,,,,,,,,,,,,,140355.8351,1643,1642,0,0
1788271859.3334,G_left_centre_left_right,G,left,0,left_right,,centre,738,181.2000,344.2000,59.3000,217.1000,218.9000,0.0000,344.3000,316.8000,24.4000,0.0000,146.5000,0.0000,96.0000,0.0000,0.16100,-0.09100,0.92200,4.24000,2.77000,2.97000,-0.94100,-0.03100,0.21600,-0.40000,3.96000,1.19000,30.3,23.2,1.0,0.0,0.730912,0.346200,1.311866,-0.732337,0.343833,1.179509,-0.089600,0.486000,0.869300,0.003200,0.133500,0.542300,0.828800,0.034500,0.731103,0.345971,1.312012,-0.733106,0.344207,1.179074,1.060099,0.793648,2.312309,-1.562331,-1.939330,-0.695469,-0.604282,1.970888,-1.272300,1.607401,-1.428194,2.674156,0.146898,2.483139,1,1,1.0000,1.0000,-25.6318,-65.2679,27.9000,-26.2000,0.040000,0.270551,0,0,1,1,0,0,0.0000,0.0000,,,,,2231,2231,0,0,2171,2182,60,36,0,13,0.53349,0.54052,,,,,,,,,,,,,,,,,,,,,,,140355.8562,1644,1644,0,0
1788271859.3545,G_left_centre_left_right,G,left,0,left_right,,centre,739,181.2000,344.2000,59.3000,217.1000,218.9000,0.0000,344.3000,316.8000,24.4000,0.0000,146.5000,0.0000,95.8000,0.0000,0.16800,-0.08400,0.93100,4.15000,2.64000,2.95000,-0.93600,-0.03300,0.22300,-0.27000,3.90000,0.90000,32.0,22.7,1.0,0.0,0.730891,0.346234,1.311858,-0.732161,0.343748,1.179598,-0.089600,0.486000,0.869300,0.003200,0.133500,0.542300,0.828800,0.034500,0.730968,0.346141,1.311909,-0.732749,0.344027,1.179333,1.059965,0.793743,2.312506,-1.562181,-1.939271,-0.695553,-0.604353,1.970837,-1.272302,1.607123,-1.428874,2.674195,0.146190,2.483136,1,1,1.0000,1.0000,-25.2820,-65.1543,27.9000,-26.2000,0.040000,0.270551,0,0,1,1,0,0,0.0000,0.0000,,,,,2231,2232,0,0,2171,2183,60,36,0,13,0.53349,0.54024,,,,,,,,,,,,,,,,,,,,,,,140355.8773,1645,1645,0,0
1788271859.3697,G_left_centre_left_right,G,left,0,left_right,,centre,740,181.2000,344.2000,59.3000,217.1000,218.9000,0.0000,344.3000,316.8000,24.4000,0.0000,146.5000,0.0000,95.7000,0.0000,0.16500,-0.08200,0.91600,3.91000,3.01000,2.89000,-0.94900,-0.03000,0.22500,-0.92000,3.60000,0.58000,32.0,22.5,1.0,0.0,0.730871,0.346266,1.311849,-0.732075,0.343707,1.179641,-0.089600,0.486000,0.869300,0.003200,0.133500,0.542300,0.828800,0.034500,0.730968,0.346141,1.311909,-0.732749,0.344027,1.179333,1.059860,0.793824,2.312642,-1.562064,-1.939215,-0.695616,-0.604412,1.970794,-1.272304,1.606897,-1.429433,2.674212,0.145612,2.483148,1,1,1.0000,1.0000,-25.2973,-65.3557,27.9000,-26.2000,0.040000,0.270551,0,0,1,1,0,0,0.0000,0.0000,,,,,2233,2233,0,0,2173,2184,60,36,0,13,0.53342,0.54024,,,,,,,,,,,,,,,,,,,,,,,140355.8925,1646,1646,0,0
1788271859.3932,G_left_centre_left_right,G,left,0,left_right,,centre,741,181.3000,344.2000,59.3000,217.1000,218.9000,0.0000,344.3000,316.8000,24.4000,0.0000,146.5000,0.0000,95.7000,0.0000,0.16900,-0.08200,0.92700,3.66000,3.28000,2.85000,-0.93700,-0.03400,0.22300,-1.52000,3.21000,0.08000,31.0,22.6,1.0,0.0,0.730853,0.346301,1.311847,-0.731889,0.343616,1.179735,-0.089600,0.486000,0.869300,0.003200,0.133500,0.542300,0.828800,0.034500,0.730968,0.346141,1.311909,-0.732749,0.344027,1.179333,1.059738,0.793871,2.312799,-1.561957,-1.939185,-0.695678,-0.604478,1.970751,-1.272306,1.606674,-1.429962,2.674229,0.145075,2.483161,1,1,1.0000,1.0000,-25.1735,-65.0966,28.0000,-26.2000,0.040000,0.270551,0,0,1,1,0,0,0.0000,0.0000,,,,,2234,2234,0,0,2174,2185,60,36,0,13,0.53342,0.54024,,,,,,,,,,,,,,,,,,,,,,,140355.9161,1647,1647,0,0
1788271859.4093,G_left_centre_left_right,G,left,0,left_right,,centre,742,181.3000,344.2000,59.3000,217.1000,218.9000,0.0000,344.3000,316.8000,24.4000,0.0000,146.5000,0.0000,95.5000,0.0000,0.17000,-0.09200,0.93100,3.50000,3.02000,2.47000,-0.94200,-0.03900,0.22400,-1.80000,2.71000,-0.69000,29.7,22.7,1.0,0.0,0.730835,0.346335,1.311844,-0.731542,0.343447,1.179913,-0.089600,0.486000,0.869300,0.003200,0.133500,0.542300,0.828800,0.034500,0.730871,0.346268,1.311849,-0.732237,0.343777,1.179619,1.059602,0.793907,2.312961,-1.561837,-1.939173,-0.695733,-0.604544,1.970703,-1.272307,1.606427,-1.430541,2.674255,0.144479,2.483169,1,1,1.0000,1.0000,-25.1914,-64.8117,28.0000,-26.2000,0.040000,0.270551,0,0,1,1,0,0,0.0000,0.0000,,,,,2235,2235,0,0,2175,2186,60,36,0,13,0.53342,0.54024,,,,,,,,,,,,,,,,,,,,,,,140355.9321,1648,1648,0,0
1788271859.4330,G_left_centre_left_right,G,left,0,left_right,,centre,743,181.3000,344.2000,59.3000,217.1000,218.9000,0.0000,344.3000,316.8000,24.4000,0.0000,146.5000,0.0000,95.4000,0.0000,0.16800,-0.09500,0.93100,3.88000,2.76000,1.95000,-0.94900,-0.03900,0.22800,-2.53000,2.30000,-1.36000,29.8,22.8,1.0,0.0,0.730820,0.346358,1.311837,-0.731335,0.343346,1.180018,-0.089600,0.486000,0.869300,0.003200,0.133500,0.542300,0.828800,0.034500,0.730871,0.346268,1.311849,-0.732237,0.343777,1.179619,1.059534,0.793928,2.313030,-1.561774,-1.939167,-0.695755,-0.604576,1.970656,-1.272309,1.606193,-1.431063,2.674273,0.143959,2.483185,1,1,1.0000,1.0000,-25.3200,-64.8318,28.0000,-26.2000,0.040000,0.270551,0,0,1,1,0,0,0.0000,0.0000,,,,,2236,2236,0,0,2176,2187,60,36,0,13,0.53338,0.53987,,,,,,,,,,,,,,,,,,,,,,,140355.9558,1649,1649,0,0
1788271859.4497,G_left_centre_left_right,G,left,0,left_right,,centre,744,181.4000,344.2000,59.3000,217.1000,218.9000,0.0000,344.4000,316.8000,24.4000,0.0000,146.5000,0.0000,95.3000,0.0000,0.16900,-0.08400,0.93000,3.56000,2.84000,1.58000,-0.94900,-0.03600,0.23100,-3.00000,1.47000,-1.98000,30.4,22.3,1.0,0.0,0.730802,0.346391,1.311834,-0.731166,0.343264,1.180104,-0.089600,0.486000,0.869300,0.003200,0.133500,0.542300,0.828800,0.034500,0.730871,0.346268,1.311849,-0.732237,0.343777,1.179619,1.059371,0.793950,2.313242,-1.561655,-1.939165,-0.695832,-0.604661,1.970603,-1.272311,1.605934,-1.431636,2.674282,0.143353,2.483213,1,1,1.0000,1.0000,-25.2123,-65.0105,28.1000,-26.2000,0.040000,0.270551,0,0,1,1,0,0,0.0000,0.0000,,,,,2237,2237,0,0,2177,2188,60,36,0,13,0.53338,0.53987,,,,,,,,,,,,,,,,,,,,,,,140355.9726,1650,1650,0,0
1788271859.4806,G_left_centre_left_right,G,left,0,left_right,,centre,745,181.4000,344.2000,59.3000,217.1000,218.9000,0.0000,344.4000,316.8000,24.4000,0.0000,146.5000,0.0000,95.2000,0.0000,0.16400,-0.07900,0.93300,2.94000,3.49000,1.82000,-0.93900,-0.04200,0.21700,-3.53000,1.02000,-2.57000,30.8,21.8,1.0,0.0,0.730779,0.346417,1.311814,-0.730831,0.343100,1.180277,-0.089600,0.486000,0.869300,0.003200,0.133500,0.542300,0.828800,0.034500,0.730809,0.346382,1.311836,-0.731657,0.343493,1.179931,1.059242,0.793987,2.313386,-1.561541,-1.939155,-0.695877,-0.604721,1.970546,-1.272314,1.605645,-1.432366,2.674286,0.142591,2.483250,1,1,1.0000,1.0000,-25.5213,-64.6146,28.1000,-26.2000,0.040000,0.270551,0,0,1,1,0,0,0.0000,0.0000,,,,,2238,2238,0,0,2178,2189,60,36,0,13,0.53338,0.53987,,,,,,,,,,,,,,,,,,,,,,,140356.0034,1651,1651,0,0
1788271859.4889,G_left_centre_left_right,G,left,0,left_right,,centre,746,181.4000,344.2000,59.3000,217.1000,218.9000,0.0000,344.4000,316.8000,24.4000,0.0000,146.5000,0.0000,95.2000,0.0000,0.14800,-0.07900,0.93000,2.34000,4.02000,1.82000,-0.93800,-0.04100,0.22200,-3.63000,0.45000,-3.08000,31.1,21.8,1.0,0.0,0.730739,0.346428,1.311751,-0.730589,0.342982,1.180402,-0.089600,0.486000,0.869300,0.003200,0.133500,0.542300,0.828800,0.034500,0.730809,0.346382,1.311836,-0.731657,0.343493,1.179931,1.059169,0.794018,2.313455,-1.561465,-1.939145,-0.695895,-0.604752,1.970454,-1.272317,1.605166,-1.433576,2.674290,0.141343,2.483312,1,1,1.0000,1.0000,-26.4453,-64.6816,28.1000,-26.2000,0.040000,0.270551,0,0,1,1,0,0,0.0000,0.0000,,,,,2239,2239,0,0,2179,2190,60,36,0,13,0.53336,0.53987,,,,,,,,,,,,,,,,,,,,,,,140356.0118,1652,1652,0,0
1788271859.5085,G_left_centre_left_right,G,left,0,left_right,,centre,747,181.4000,344.2000,59.3000,217.1000,218.9000,0.0000,344.4000,316.8000,24.4000,0.0000,146.3000,0.0000,95.2000,0.0000,0.13800,-0.08100,0.93000,1.56000,4.92000,2.11000,-0.94300,-0.03200,0.21800,-3.18000,0.31000,-3.43000,30.8,22.1,1.0,0.0,0.730686,0.346432,1.311658,-0.730578,0.342977,1.180409,-0.089600,0.486000,0.869300,0.003200,0.133500,0.542300,0.828800,0.034500,0.730809,0.346382,1.311836,-0.731657,0.343493,1.179931,1.059072,0.794045,2.313649,-1.561391,-1.939126,-0.696009,-0.604826,1.970422,-1.272319,1.604997,-1.433998,2.674290,0.140911,2.483334,1,1,1.0000,1.0000,-27.0517,-65.2162,28.1000,-26.2000,0.040000,0.270518,0,0,1,1,0,0,0.0000,0.0000,,,,,2239,2239,0,0,2179,2190,60,36,0,13,0.53336,0.53987,,,,,,,,,,,,,,,,,,,,,,,140356.0313,1653,1653,0,0
1788271859.5286,G_left_centre_left_right,G,left,0,left_right,,centre,748,181.4000,344.2000,59.3000,217.1000,218.9000,0.0000,344.4000,316.8000,24.4000,0.0000,146.4000,0.0000,95.3000,0.0000,0.14300,-0.08100,0.92400,1.18000,5.07000,2.22000,-0.94500,-0.04500,0.22700,-1.79000,-0.04000,-3.80000,30.4,22.1,1.0,0.0,0.730646,0.346439,1.311592,-0.730237,0.342810,1.180587,-0.089600,0.486000,0.869300,0.003200,0.133500,0.542300,0.828800,0.034500,0.730809,0.346382,1.311836,-0.731657,0.343493,1.179931,1.059046,0.794128,2.313778,-1.561346,-1.939046,-0.696125,-0.604860,1.970346,-1.272321,1.604601,-1.434963,2.674283,0.139897,2.483397,1,1,1.0000,1.0000,-26.6982,-64.4690,28.1000,-26.2000,0.040000,0.270534,0,0,1,1,0,0,0.0000,0.0000,,,,,2241,2241,0,0,2181,2192,60,36,0,13,0.53336,0.53944,,,,,,,,,,,,,,,,,,,,,,,140356.0514,1654,1654,0,0
1788271859.5489,G_left_centre_left_right,G,left,0,left_right,,centre,749,181.2000,344.2000,59.3000,217.1000,218.9000,0.0000,344.4000,316.8000,24.4000,0.0000,146.4000,0.0000,95.4000,0.0000,0.13300,-0.09200,0.93300,1.29000,5.01000,1.62000,-0.95400,-0.03800,0.21800,-0.38000,0.18000,-4.18000,29.0,20.8,1.0,0.0,0.730595,0.346427,1.311487,-0.730135,0.342761,1.180640,-0.089600,0.486000,0.869300,0.003200,0.133500,0.542300,0.828800,0.034500,0.730696,0.346426,1.311679,-0.730832,0.343085,1.180399,1.059038,0.794250,2.313939,-1.561300,-1.938927,-0.696289,-0.604899,1.970260,-1.272323,1.604140,-1.436054,2.674282,0.138801,2.483462,1,1,1.0000,1.0000,-27.4141,-64.8815,27.9000,-26.2000,0.040000,0.270534,0,0,1,1,0,0,0.0000,0.0000,,,,,2242,2242,0,0,2182,2193,60,36,0,13,0.53336,0.53944,,,,,,,,,,,,,,,,,,,,,,,140356.0718,1655,1655,0,0
1788271859.5720,G_left_centre_left_right,G,left,0,left_right,,centre,750,181.3000,344.2000,59.3000,217.1000,218.9000,0.0000,344.4000,316.8000,24.4000,0.0000,146.4000,0.0000,95.5000,0.0000,0.13300,-0.08900,0.94000,1.50000,4.44000,0.79000,-0.95700,-0.04100,0.21700,1.18000,-0.01000,-4.70000,29.8,21.6,1.0,0.0,0.730545,0.346420,1.311391,-0.729972,0.342681,1.180725,-0.089600,0.486000,0.869300,0.003200,0.133500,0.542300,0.828800,0.034500,0.730696,0.346426,1.311679,-0.730832,0.343085,1.180399,1.059043,0.794357,2.314116,-1.561268,-1.938811,-0.696476,-0.604944,1.970201,-1.272321,1.603800,-1.436717,2.674285,0.138166,2.483507,1,1,1.0000,1.0000,-27.4614,-64.7093,28.0000,-26.2000,0.040000,0.270534,0,0,1,1,0,0,0.0000,0.0000,,,,,2243,2243,0,0,2183,2194,60,36,0,13,0.53327,0.53883,,,,,,,,,,,,,,,,,,,,,,,140356.0949,1656,1656,0,0
1788271859.6011,G_left_centre_left_right,G,left,0,left_right,,centre,751,181.4000,344.2000,59.3000,217.1000,218.9000,0.0000,344.4000,316.8000,24.4000,0.0000,146.6000,0.0000,95.6000,0.0000,0.15000,-0.09300,0.93900,1.79000,3.34000,0.09000,-0.95900,-0.03500,0.20800,2.07000,-0.30000,-5.05000,31.6,21.7,1.0,0.0,0.730523,0.346432,1.311360,-0.729950,0.342670,1.180734,-0.089600,0.486000,0.869300,0.003200,0.133500,0.542300,0.828800,0.034500,0.730696,0.346426,1.311679,-0.730832,0.343085,1.180399,1.059069,0.794456,2.314280,-1.561256,-1.938693,-0.696675,-0.604982,1.970143,-1.272321,1.603526,-1.437319,2.674279,0.137571,2.483560,1,1,1.0000,1.0000,-26.4575,-65.0323,28.1000,-26.2000,0.040000,0.270567,0,0,1,1,0,0,0.0000,0.0000,,,,,2244,2244,0,0,2184,2195,60,36,0,13,0.53327,0.53883,,,,,,,,,,,,,,,,,,,,,,,140356.1240,1657,1657,0,0
1788271859.6094,G_left_centre_left_right,G,left,0,left_right,,centre,752,181.5000,344.2000,59.3000,217.1000,218.9000,0.0000,344.4000,316.8000,24.4000,0.0000,146.6000,0.0000,95.7000,0.0000,0.14700,-0.09000,0.93600,1.32000,2.08000,0.11000,-0.96100,-0.03100,0.21400,2.14000,-0.85000,-4.84000,31.6,21.7,1.0,0.0,0.730496,0.346445,1.311323,-0.729999,0.342695,1.180706,-0.089600,0.486000,0.869300,0.003200,0.133500,0.542300,0.828800,0.034500,0.730696,0.346426,1.311679,-0.730832,0.343085,1.180399,1.059085,0.794504,2.314360,-1.561254,-1.938634,-0.696773,-0.605001,1.970112,-1.272321,1.603375,-1.437666,2.674276,0.137191,2.483588,1,1,1.0000,1.0000,-26.5983,-65.2882,28.2000,-26.2000,0.040000,0.270567,0,0,1,1,0,0,0.0000,0.0000,,,,,2245,2245,0,0,2185,2196,60,36,0,13,0.53327,0.53883,,,,,,,,,,,,,,,,,,,,,,,140356.1323,1658,1658,0,0
1788271859.6287,G_left_centre_left_right,G,left,0,left_right,,centre,753,181.5000,344.2000,59.3000,217.1000,218.9000,0.0000,344.4000,316.8000,24.4000,0.0000,146.6000,0.0000,95.9000,0.0000,0.14600,-0.09500,0.94700,1.62000,1.44000,-0.51000,-0.94000,-0.02900,0.21800,1.29000,-1.94000,-4.31000,31.2,21.8,1.0,0.0,0.730469,0.346455,1.311282,-0.730066,0.342728,1.180670,-0.089600,0.486000,0.869300,0.003200,0.133500,0.542300,0.828800,0.034500,0.730563,0.346425,1.311429,-0.730154,0.342761,1.180715,1.059079,0.794581,2.314544,-1.561226,-1.938550,-0.696929,-0.605056,1.970018,-1.272323,1.602879,-1.438810,2.674268,0.136022,2.483667,1,1,1.0000,1.0000,-26.7713,-65.3895,28.2000,-26.2000,0.040000,0.270567,0,0,1,1,0,0,0.0000,0.0000,,,,,2245,2245,0,0,2185,2196,60,36,0,13,0.53327,0.53883,,,,,,,,,,,,,,,,,,,,,,,140356.1516,1659,1659,0,0
1788271859.6485,G_left_centre_left_right,G,left,0,left_right,,centre,754,181.6000,344.2000,59.3000,217.1000,218.9000,0.0000,344.4000,316.8000,24.4000,0.0000,146.6000,0.0000,96.1000,0.0000,0.14900,-0.08400,0.94400,1.77000,1.32000,-0.51000,-0.95300,-0.01900,0.20400,-0.54000,-3.01000,-3.47000,31.4,21.8,1.0,0.0,0.730446,0.346472,1.311256,-0.730381,0.342883,1.180507,-0.089600,0.486000,0.869300,0.003200,0.133500,0.542300,0.828800,0.034500,0.730563,0.346425,1.311429,-0.730154,0.342761,1.180715,1.059039,0.794654,2.314682,-1.561174,-1.938477,-0.697045,-0.605116,1.970000,-1.272324,1.602758,-1.439070,2.674267,0.135782,2.483681,1,1,1.0000,1.0000,-26.5313,-65.9464,28.3000,-26.2000,0.040000,0.270567,0,0,1,1,0,0,0.0000,0.0000,,,,,2247,2247,0,0,2187,2198,60,36,0,13,0.53314,0.53834,,,,,,,,,,,,,,,,,,,,,,,140356.1713,1660,1660,0,0
1788271859.6687,G_left_centre_left_right,G,left,0,left_right,,centre,755,181.6000,344.2000,59.3000,217.1000,218.9000,0.0000,344.4000,316.8000,24.4000,0.0000,146.6000,0.0000,96.2000,0.0000,0.14700,-0.08300,0.93400,1.08000,1.56000,0.20000,-0.95600,-0.01800,0.21600,-1.97000,-4.15000,-2.19000,31.6,21.6,1.0,0.0,0.730425,0.346487,1.311231,-0.730707,0.343044,1.180339,-0.089600,0.486000,0.869300,0.003200,0.133500,0.542300,0.828800,0.034500,0.730563,0.346425,1.311429,-0.730154,0.342761,1.180715,1.059006,0.794700,2.314808,-1.561132,-1.938436,-0.697131,-0.605149,1.969987,-1.272327,1.602759,-1.439017,2.674272,0.135854,2.483684,1,1,1.0000,1.0000,-26.5561,-66.0468,28.3000,-26.2000,0.040000,0.270567,0,0,1,1,0,0,0.0000,0.0000,,,,,2248,2248,0,0,2188,2199,60,36,0,13,0.53314,0.53834,,,,,,,,,,,,,,,,,,,,,,,140356.1916,1661,1661,0,0
1788271859.6929,G_left_centre_left_right,G,left,0,left_right,,centre,756,181.6000,344.2000,59.3000,217.1000,218.9000,0.0000,344.3000,316.8000,24.4000,0.0000,146.6000,0.0000,96.2000,0.0000,0.14100,-0.08800,0.93200,0.72000,1.73000,0.61000,-0.95400,-0.02600,0.21200,-2.36000,-4.33000,-1.44000,32.7,21.5,1.0,0.0,0.730398,0.346496,1.311190,-0.730782,0.343081,1.180299,-0.089600,0.486000,0.869300,0.003200,0.133500,0.542300,0.828800,0.034500,0.730450,0.346469,1.311255,-0.730085,0.342740,1.180686,1.058945,0.794767,2.314990,-1.561063,-1.938378,-0.697253,-0.605199,1.970000,-1.272327,1.602854,-1.438645,2.674286,0.136240,2.483659,1,1,1.0000,1.0000,-26.9138,-65.5661,28.3000,-26.2000,0.040000,0.270567,0,0,1,1,0,0,0.0000,0.0000,,,,,2249,2249,0,0,2189,2200,60,36,0,13,0.53314,0.53834,,,,,,,,,,,,,,,,,,,,,,,140356.2158,1662,1662,0,0
1788271859.7096,G_left_centre_left_right,G,left,0,left_right,,centre,757,181.6000,344.2000,59.3000,217.1000,218.9000,0.0000,344.3000,316.8000,24.4000,0.0000,146.6000,0.0000,96.2000,0.0000,0.14100,-0.08800,0.93200,0.72000,1.73000,0.61000,-0.95400,-0.02600,0.21200,-2.36000,-4.33000,-1.44000,33.0,21.9,1.0,0.0,0.730398,0.346496,1.311190,-0.730782,0.343081,1.180299,-0.089600,0.486000,0.869300,0.003200,0.133500,0.542300,0.828800,0.034500,0.730450,0.346469,1.311255,-0.730085,0.342740,1.180686,1.058911,0.794797,2.315065,-1.561028,-1.938353,-0.697304,-0.605225,1.970020,-1.272327,1.602980,-1.438300,2.674297,0.136602,2.483634,1,1,1.0000,1.0000,-26.9138,-65.5661,28.3000,-26.2000,0.040000,0.270567,0,0,1,1,0,0,0.0000,0.0000,,,,,2249,2249,0,0,2189,2200,60,36,0,13,0.53314,0.53834,,,,,,,,,,,,,,,,,,,,,,,140356.2324,1662,1662,0,0
1788271859.7353,G_left_centre_left_right,G,left,0,left_right,,centre,758,181.7000,344.2000,59.3000,217.1000,218.9000,0.0000,344.3000,316.8000,24.4000,0.0000,146.6000,0.0000,96.4000,0.0000,0.13900,-0.09600,0.92200,1.13000,1.07000,0.95000,-0.95900,-0.03400,0.21000,-0.99000,-4.37000,-0.37000,31.8,22.1,1.0,0.0,0.730345,0.346515,1.311112,-0.730792,0.343087,1.180291,-0.089600,0.486000,0.869300,0.003200,0.133500,0.542300,0.828800,0.034500,0.730450,0.346469,1.311255,-0.730085,0.342740,1.180686,1.058837,0.794844,2.315280,-1.560971,-1.938304,-0.697466,-0.605294,1.970087,-1.272326,1.603396,-1.437131,2.674329,0.137847,2.483551,1,1,1.0000,1.0000,-26.9725,-65.0979,28.4000,-26.2000,0.040000,0.270567,0,0,1,1,0,0,0.0000,0.0000,,,,,2251,2251,0,0,2191,2202,60,36,0,13,0.53305,0.53831,,,,,,,,,,,,,,,,,,,,,,,140356.2581,1664,1664,0,0
1788271859.7542,G_left_centre_left_right,G,left,0,left_right,,centre,759,181.7000,344.2000,59.3000,217.1000,218.9000,0.0000,344.3000,316.8000,24.4000,0.0000,146.6000,0.0000,96.3000,0.0000,0.14400,-0.09700,0.92800,1.41000,0.14000,0.66000,-0.95600,-0.02900,0.19800,-0.56000,-3.89000,0.01000,31.8,22.6,1.0,0.0,0.730326,0.346529,1.311091,-0.730797,0.343089,1.180287,-0.089600,0.486000,0.869300,0.003200,0.133500,0.542300,0.828800,0.034500,0.730450,0.346469,1.311255,-0.730085,0.342740,1.180686,1.058787,0.794891,2.315459,-1.560929,-1.938254,-0.697602,-0.605347,1.970137,-1.272326,1.603708,-1.436299,2.674355,0.138695,2.483486,1,1,1.0000,1.0000,-26.7280,-65.3351,28.4000,-26.2000,0.040000,0.270567,0,0,1,1,0,0,0.0000,0.0000,,,,,2251,2251,0,0,2191,2202,60,36,0,13,0.53305,0.53831,,,,,,,,,,,,,,,,,,,,,,,140356.2770,1665,1665,0,0
1788271859.7694,G_left_centre_left_right,G,left,0,left_right,,centre,760,181.7000,344.2000,59.3000,217.1000,218.9000,0.0000,344.3000,316.8000,24.4000,0.0000,146.6000,0.0000,96.4000,0.0000,0.14700,-0.10300,0.93600,1.96000,-0.89000,0.53000,-0.96100,-0.02800,0.19500,0.09000,-3.33000,0.04000,31.1,22.7,1.0,0.0,0.730312,0.346542,1.311076,-0.730811,0.343096,1.180278,-0.089600,0.486000,0.869300,0.003200,0.133500,0.542300,0.828800,0.034500,0.730356,0.346509,1.311121,-0.730721,0.343062,1.180252,1.058742,0.794935,2.315583,-1.560890,-1.938208,-0.697701,-0.605393,1.970163,-1.272327,1.603945,-1.435767,2.674369,0.139183,2.483448,1,1,1.0000,1.0000,-26.6391,-65.3809,28.4000,-26.2000,0.040000,0.270567,0,0,1,1,0,0,0.0000,0.0000,,,,,2253,2253,0,0,2193,2204,60,36,0,13,0.53305,0.53831,,,,,,,,,,,,,,,,,,,,,,,140356.2923,1666,1666,0,0
1788271859.8017,G_left_centre_left_right,G,left,0,left_right,,centre,761,181.7000,344.2000,59.3000,217.1000,218.9000,0.0000,344.3000,316.8000,24.4000,0.0000,146.6000,0.0000,96.4000,0.0000,0.15000,-0.09100,0.94400,2.18000,-1.31000,0.93000,-0.95500,-0.02900,0.19300,0.74000,-2.39000,0.52000,32.1,22.5,1.0,0.0,0.730301,0.346556,1.311070,-0.730808,0.343095,1.180278,-0.089600,0.486000,0.869300,0.003200,0.133500,0.542300,0.828800,0.034500,0.730356,0.346509,1.311121,-0.730721,0.343062,1.180252,1.058676,0.794952,2.315729,-1.560848,-1.938189,-0.697790,-0.605444,1.970176,-1.272329,1.603982,-1.435726,2.674379,0.139202,2.483427,1,1,1.0000,1.0000,-26.4964,-65.3078,28.4000,-26.2000,0.040000,0.270567,0,0,1,1,0,0,0.0000,0.0000,,,,,2253,2253,0,0,2193,2204,60,36,0,13,0.53305,0.53831,,,,,,,,,,,,,,,,,,,,,,,140356.3246,1667,1667,0,0
1788271859.8085,G_left_centre_left_right,G,left,0,left_right,,centre,762,181.7000,344.2000,59.3000,217.1000,218.9000,0.0000,344.3000,316.8000,24.4000,0.0000,146.6000,0.0000,96.4000,0.0000,0.16300,-0.09200,0.92400,2.25000,-1.45000,1.33000,-0.95300,-0.02300,0.19100,0.91000,-1.57000,1.09000,32.3,22.4,1.0,0.0,0.730312,0.346579,1.311111,-0.730908,0.343144,1.180226,-0.089600,0.486000,0.869300,0.003200,0.133500,0.542300,0.828800,0.034500,0.730356,0.346509,1.311121,-0.730721,0.343062,1.180252,1.058596,0.794959,2.315884,-1.560799,-1.938182,-0.697874,-0.605499,1.970188,-1.272331,1.604000,-1.435869,2.674389,0.139055,2.483406,1,1,1.0000,1.0000,-25.5357,-65.6469,28.4000,-26.2000,0.040000,0.270567,0,0,1,1,0,0,0.0000,0.0000,,,,,2255,2255,0,0,2195,2206,60,36,0,13,0.53298,0.53880,,,,,,,,,,,,,,,,,,,,,,,140356.3313,1668,1668,0,0
1788271859.8312,G_left_centre_left_right,G,left,0,left_right,,centre,763,181.7000,344.2000,59.3000,217.1000,218.9000,0.0000,344.3000,316.8000,24.4000,0.0000,146.6000,0.0000,96.4000,0.0000,0.16300,-0.09200,0.92400,2.25000,-1.45000,1.33000,-0.95300,-0.02300,0.19100,0.91000,-1.57000,1.09000,32.3,22.4,1.0,0.0,0.730312,0.346579,1.311111,-0.730908,0.343144,1.180226,-0.089600,0.486000,0.869300,0.003200,0.133500,0.542300,0.828800,0.034500,0.730356,0.346509,1.311121,-0.730721,0.343062,1.180252,1.058553,0.794962,2.315950,-1.560772,-1.938179,-0.697910,-0.605525,1.970194,-1.272333,1.604009,-1.435866,2.674396,0.139061,2.483394,1,1,1.0000,1.0000,-25.5357,-65.6469,28.4000,-26.2000,0.040000,0.270567,0,0,1,1,0,0,0.0000,0.0000,,,,,2255,2255,0,0,2195,2206,60,36,0,13,0.53298,0.53880,,,,,,,,,,,,,,,,,,,,,,,140356.3541,1668,1668,0,0
1788271859.8511,G_left_centre_left_right,G,left,0,left_right,,centre,764,181.7000,344.2000,59.3000,217.1000,218.9000,0.0000,344.3000,316.8000,24.4000,0.0000,146.6000,0.0000,96.3000,0.0000,0.16100,-0.09100,0.92000,2.24000,-1.23000,1.73000,-0.95900,-0.02900,0.20300,0.47000,-1.04000,1.66000,31.2,22.3,1.0,0.0,0.730320,0.346599,1.311144,-0.730911,0.343146,1.180223,-0.089600,0.486000,0.869300,0.003200,0.133500,0.542300,0.828800,0.034500,0.730303,0.346558,1.311081,-0.730804,0.343091,1.180278,1.058447,0.794927,2.316046,-1.560726,-1.938215,-0.697936,-0.605575,1.970207,-1.272335,1.604046,-1.435802,2.674409,0.139139,2.483368,1,1,1.0000,1.0000,-25.6114,-65.3610,28.4000,-26.2000,0.040000,0.270567,0,0,1,1,0,0,0.0000,0.0000,,,,,2256,2256,0,0,2196,2207,60,36,0,13,0.53298,0.53880,,,,,,,,,,,,,,,,,,,,,,,140356.3739,1669,1669,0,0
1788271859.8735,G_left_centre_left_right,G,left,0,left_right,,centre,765,181.7000,344.2000,59.3000,217.1000,218.9000,0.0000,344.3000,316.8000,24.4000,0.0000,146.6000,0.0000,96.3000,0.0000,0.15800,-0.09500,0.92500,2.85000,-1.23000,1.60000,-0.95200,-0.02600,0.20300,-1.31000,-0.56000,1.90000,31.2,22.2,1.0,0.0,0.730333,0.346633,1.311199,-0.730978,0.343179,1.180187,-0.089600,0.486000,0.869300,0.003200,0.133500,0.542300,0.828800,0.034500,0.730303,0.346558,1.311081,-0.730804,0.343091,1.180278,1.058235,0.794826,2.316229,-1.560642,-1.938325,-0.697949,-0.605661,1.970229,-1.272336,1.604153,-1.435503,2.674438,0.139450,2.483320,1,1,1.0000,1.0000,-25.8548,-65.5311,28.4000,-26.2000,0.040000,0.270567,0,0,1,1,0,0,0.0000,0.0000,,,,,2258,2258,0,0,2198,2209,60,36,0,13,0.53295,0.53884,,,,,,,,,,,,,,,,,,,,,,,140356.3963,1671,1671,0,0
1788271859.8976,G_left_centre_left_right,G,left,0,left_right,,centre,766,181.7000,344.2000,59.3000,217.1000,218.9000,0.0000,344.3000,316.8000,24.4000,0.0000,146.6000,0.0000,96.3000,0.0000,0.16900,-0.08800,0.92100,2.44000,-0.87000,1.53000,-0.95200,-0.02600,0.20300,-1.31000,-0.56000,1.90000,32.9,22.6,1.0,0.0,0.730349,0.346654,1.311248,-0.730978,0.343179,1.180187,-0.089600,0.486000,0.869300,0.003200,0.133500,0.542300,0.828800,0.034500,0.730303,0.346558,1.311081,-0.730804,0.343091,1.180278,1.058176,0.794794,2.316274,-1.560615,-1.938360,-0.697949,-0.605685,1.970235,-1.272337,1.604180,-1.435444,2.674449,0.139506,2.483304,1,1,1.0000,1.0000,-25.1315,-65.5311,28.4000,-26.2000,0.040000,0.270567,0,0,1,1,0,0,0.0000,0.0000,,,,,2258,2258,0,0,2198,2209,60,36,0,13,0.53295,0.53884,,,,,,,,,,,,,,,,,,,,,,,140356.4204,1672,1671,0,0
1788271859.9098,G_left_centre_left_right,G,left,0,left_right,,centre,767,180.9000,344.2000,59.3000,217.1000,218.9000,0.0000,344.2000,316.7000,24.4000,0.0000,146.6000,0.0000,98.9000,0.0000,0.18500,-0.11800,0.93100,-5.33000,-0.63000,-7.60000,-0.94400,-0.02300,0.22000,-1.18000,-3.89000,-2.00000,30.5,22.2,1.0,0.0,0.730395,0.346648,1.311326,-0.731106,0.343225,1.180123,-0.089600,0.486000,0.869300,0.003200,0.133500,0.542300,0.828800,0.034500,0.730324,0.346626,1.311188,-0.730936,0.343159,1.180203,1.058000,0.794701,2.316451,-1.560549,-1.938451,-0.697980,-0.605766,1.970251,-1.272337,1.604258,-1.435270,2.674478,0.139677,2.483264,1,1,1.0000,1.0000,-24.3853,-65.7532,27.6000,-26.3000,0.040000,0.270567,0,0,1,1,0,0,0.0000,0.0000,,,,,2260,2260,0,0,2200,2211,60,36,0,13,0.53295,0.53884,,,,,,,,,,,,,,,,,,,,,,,140356.4326,1673,1673,0,0
1788271859.9326,G_left_centre_left_right,G,left,0,left_right,,centre,768,180.8000,344.2000,59.3000,217.1000,218.9000,0.0000,344.2000,316.7000,24.4000,0.0000,146.6000,0.0000,98.6000,0.0000,0.16700,-0.13900,0.95000,-3.63000,-2.69000,-9.27000,-0.93700,-0.01600,0.21400,-0.43000,-3.92000,-2.18000,30.1,22.1,1.0,0.0,0.730412,0.346627,1.311338,-0.731412,0.343355,1.179972,-0.089600,0.486000,0.869300,0.003200,0.133500,0.542300,0.828800,0.034500,0.730324,0.346626,1.311188,-0.730936,0.343159,1.180203,1.057893,0.794600,2.316529,-1.560524,-1.938545,-0.697978,-0.605810,1.970258,-1.272337,1.604287,-1.435193,2.674501,0.139773,2.483235,1,1,1.0000,1.0000,-25.6860,-66.1504,27.5000,-26.3000,0.040000,0.270567,0,0,1,1,0,0,0.0000,0.0000,,,,,2260,2261,0,0,2200,2212,60,36,0,13,0.53295,0.53893,,,,,,,,,,,,,,,,,,,,,,,140356.4554,1674,1674,0,0
1788271859.9502,G_left_centre_left_right,G,left,0,left_right,,centre,769,180.7000,344.2000,59.3000,217.1000,218.9000,0.0000,344.2000,316.7000,24.4000,0.0000,146.6000,0.0000,98.3000,0.0000,0.16700,-0.13500,0.95300,-1.51000,-5.49000,-11.19000,-0.94000,-0.02100,0.21100,-0.20000,-3.76000,-2.34000,29.6,21.8,1.0,0.0,0.730430,0.346604,1.311348,-0.731541,0.343404,1.179909,-0.089600,0.486000,0.869300,0.003200,0.133500,0.542300,0.828800,0.034500,0.730324,0.346626,1.311188,-0.730936,0.343159,1.180203,1.057846,0.794533,2.316561,-1.560521,-1.938604,-0.697972,-0.605830,1.970259,-1.272334,1.604314,-1.435149,2.674510,0.139777,2.483226,1,1,1.0000,1.0000,-25.7075,-65.8469,27.4000,-26.3000,0.040000,0.270567,0,0,1,1,0,0,0.0000,0.0000,,,,,2261,2261,0,0,2201,2212,60,36,0,13,0.53299,0.53893,,,,,,,,,,,,,,,,,,,,,,,140356.4730,1675,1675,0,0
1788271859.9690,G_left_centre_left_right,G,left,0,left_right,,centre,770,180.7000,344.2000,59.3000,217.1000,218.9000,0.0000,344.2000,316.7000,24.4000,0.0000,146.6000,0.0000,98.3000,0.0000,0.16700,-0.13500,0.95300,-1.51000,-5.49000,-11.19000,-0.94000,-0.02100,0.21100,-0.20000,-3.76000,-2.34000,30.5,21.9,1.0,0.0,0.730430,0.346604,1.311348,-0.731541,0.343404,1.179909,-0.089600,0.486000,0.869300,0.003200,0.133500,0.542300,0.828800,0.034500,0.730324,0.346626,1.311188,-0.730936,0.343159,1.180203,1.057790,0.794368,2.316656,-1.560575,-1.938708,-0.698002,-0.605879,1.970268,-1.272326,1.604404,-1.434979,2.674530,0.139910,2.483198,1,1,1.0000,1.0000,-25.7075,-65.8469,27.4000,-26.3000,0.040000,0.270567,0,0,1,1,0,0,0.0000,0.0000,,,,,2262,2262,0,0,2202,2213,60,36,0,13,0.53299,0.53893,,,,,,,,,,,,,,,,,,,,,,,140356.4918,1675,1675,0,0
1788271859.9939,G_left_centre_left_right,G,left,0,left_right,,centre,771,180.5000,344.2000,59.3000,217.1000,218.9000,0.0000,344.2000,316.7000,24.4000,0.0000,146.6000,0.0000,102.5000,0.0000,0.18900,-0.10400,0.94800,-1.23000,-8.05000,-13.03000,-0.94900,-0.01500,0.22300,-0.98000,-3.08000,-1.76000,29.6,21.7,1.0,0.0,0.730502,0.346568,1.311444,-0.732120,0.343656,1.179624,-0.089600,0.486000,0.869300,0.003200,0.133500,0.542300,0.828800,0.034500,0.730419,0.346624,1.311334,-0.731086,0.343220,1.180142,1.057762,0.794191,2.316781,-1.560690,-1.938809,-0.698104,-0.605939,1.970292,-1.272307,1.604676,-1.434330,2.674575,0.140657,2.483135,1,1,1.0000,1.0000,-24.3029,-66.2334,27.2000,-26.3000,0.040000,0.270567,0,0,1,1,0,0,0.0000,0.0000,,,,,2263,2263,0,0,2203,2214,60,36,0,13,0.53299,0.53893,,,,,,,,,,,,,,,,,,,,,,,140356.5167,1677,1677,0,0
1788271860.0114,G_left_centre_left_right,G,left,0,left_right,,centre,772,180.5000,344.2000,59.3000,217.1000,218.9000,0.0000,344.2000,316.7000,24.4000,0.0000,146.6000,0.0000,102.5000,0.0000,0.18900,-0.10400,0.94800,-1.23000,-8.05000,-13.03000,-0.94900,-0.01500,0.22300,-0.98000,-3.08000,-1.76000,29.6,21.7,1.0,0.0,0.730502,0.346568,1.311444,-0.732120,0.343656,1.179624,-0.089600,0.486000,0.869300,0.003200,0.133500,0.542300,0.828800,0.034500,0.730419,0.346624,1.311334,-0.731086,0.343220,1.180142,1.057752,0.794135,2.316816,-1.560723,-1.938843,-0.698129,-0.605957,1.970306,-1.272299,1.604815,-1.433983,2.674596,0.141078,2.483105,1,1,1.0000,1.0000,-24.3029,-66.2334,27.2000,-26.3000,0.040000,0.270567,0,0,1,1,0,0,0.0000,0.0000,,,,,2264,2264,0,0,2204,2215,60,36,0,13,0.53308,0.53903,,,,,,,,,,,,,,,,,,,,,,,140356.5342,1677,1677,0,0
1788271860.0300,G_left_centre_left_right,G,left,0,left_right,,centre,773,180.2000,344.2000,59.3000,217.1000,218.9000,0.0000,344.2000,316.8000,24.4000,0.0000,146.7000,0.0000,105.0000,0.0000,0.18900,-0.09400,0.93700,-3.32000,-7.37000,-12.67000,-0.94800,-0.02200,0.21700,-2.00000,-1.98000,-0.73000,30.6,21.6,1.0,0.0,0.730625,0.346526,1.311638,-0.732456,0.343816,1.179453,-0.089600,0.486000,0.869300,0.003200,0.133500,0.542300,0.828800,0.034500,0.730419,0.346624,1.311334,-0.731086,0.343220,1.180142,1.057669,0.793868,2.316894,-1.560818,-1.939041,-0.698141,-0.606006,1.970360,-1.272270,1.605297,-1.432734,2.674663,0.142479,2.483001,1,1,1.0000,1.0000,-24.1460,-65.8095,26.9000,-26.2000,0.040000,0.270583,0,0,1,1,0,0,0.0000,0.0000,,,,,2266,2266,0,0,2206,2217,60,36,0,13,0.53308,0.53903,,,,,,,,,,,,,,,,,,,,,,,140356.5529,1679,1679,0,0
1788271860.0494,G_left_centre_left_right,G,left,0,left_right,,centre,774,180.0000,344.2000,59.3000,217.1000,218.9000,0.0000,344.2000,316.8000,24.4000,0.0000,146.6000,0.0000,103.1000,0.0000,0.18400,-0.10900,0.93300,-3.32000,-6.28000,-12.42000,-0.93900,-0.02300,0.21500,-1.80000,-1.24000,-0.50000,31.5,21.5,1.0,0.0,0.730667,0.346493,1.311684,-0.732453,0.343822,1.179452,-0.089600,0.486000,0.869300,0.003200,0.133500,0.542300,0.828800,0.034500,0.730544,0.346564,1.311492,-0.731740,0.343512,1.179733,1.057595,0.793627,2.316925,-1.560901,-1.939232,-0.698115,-0.606035,1.970406,-1.272249,1.605666,-1.431794,2.674711,0.143474,2.482922,1,1,1.0000,1.0000,-24.4412,-65.7378,26.7000,-26.2000,0.040000,0.270567,0,0,1,1,0,0,0.0000,0.0000,,,,,2267,2267,0,0,2207,2218,60,36,0,13,0.53308,0.53955,,,,,,,,,,,,,,,,,,,,,,,140356.5722,1680,1680,0,0
1788271860.0690,G_left_centre_left_right,G,left,0,left_right,,centre,775,179.9000,344.2000,59.3000,217.1000,218.9000,0.0000,344.2000,316.8000,24.4000,0.0000,146.6000,0.0000,101.6000,0.0000,0.16800,-0.12800,0.93400,-2.10000,-5.99000,-12.15000,-0.95100,-0.02200,0.22000,-1.13000,-0.59000,0.06000,31.6,21.6,1.0,0.0,0.730688,0.346451,1.311682,-0.732476,0.343841,1.179438,-0.089600,0.486000,0.869300,0.003200,0.133500,0.542300,0.828800,0.034500,0.730544,0.346564,1.311492,-0.731740,0.343512,1.179733,1.057560,0.793495,2.316942,-1.560950,-1.939334,-0.698101,-0.606051,1.970435,-1.272239,1.605869,-1.431287,2.674739,0.143984,2.482874,1,1,1.0000,1.0000,-25.4428,-65.8187,26.6000,-26.2000,0.040000,0.270567,0,0,1,1,0,0,0.0000,0.0000,,,,,2268,2268,0,0,2208,2219,60,36,0,13,0.53317,0.53955,,,,,,,,,,,,,,,,,,,,,,,140356.5919,1681,1681,0,0
1788271860.1012,G_left_centre_left_right,G,left,0,left_right,,centre,776,179.7000,344.2000,59.3000,217.1000,218.9000,0.0000,344.2000,316.8000,24.4000,0.0000,146.6000,0.0000,100.6000,0.0000,0.16600,-0.12500,0.92000,0.42000,-6.96000,-12.17000,-0.94000,-0.03500,0.21800,-0.95000,-0.19000,0.25000,32.7,21.4,1.0,0.0,0.730709,0.346411,1.311682,-0.732256,0.343738,1.179549,-0.089600,0.486000,0.869300,0.003200,0.133500,0.542300,0.828800,0.034500,0.730544,0.346564,1.311492,-0.731740,0.343512,1.179733,1.057512,0.793209,2.317029,-1.561128,-1.939523,-0.698135,-0.606104,1.970538,-1.272213,1.606497,-1.430008,2.674844,0.145196,2.482701,1,1,1.0000,1.0000,-25.4093,-65.0338,26.4000,-26.2000,0.040000,0.270567,0,0,1,1,0,0,0.0000,0.0000,,,,,2268,2268,0,0,2208,2219,60,36,0,13,0.53317,0.53955,,,,,,,,,,,,,,,,,,,,,,,140356.6240,1682,1682,0,0
1788271860.1085,G_left_centre_left_right,G,left,0,left_right,,centre,777,179.4000,344.2000,59.3000,217.1000,218.9000,0.0000,344.2000,316.8000,24.4000,0.0000,146.5000,0.0000,99.8000,0.0000,0.18400,-0.11900,0.92100,2.31000,-8.37000,-12.63000,-0.95200,-0.03000,0.22300,-0.76000,0.02000,0.37000,32.0,21.8,1.0,0.0,0.730759,0.346363,1.311729,-0.732164,0.343698,1.179595,-0.089600,0.486000,0.869300,0.003200,0.133500,0.542300,0.828800,0.034500,0.730684,0.346457,1.311680,-0.732445,0.343816,1.179437,1.057526,0.793065,2.317118,-1.561260,-1.939592,-0.698226,-0.606139,1.970575,-1.272207,1.606627,-1.429844,2.674886,0.145349,2.482627,1,1,1.0000,1.0000,-24.3328,-65.3569,26.1000,-26.2000,0.040000,0.270551,0,0,1,1,0,0,0.0000,0.0000,,,,,2270,2270,0,0,2210,2221,60,36,0,13,0.53317,0.53955,,,,,,,,,,,,,,,,,,,,,,,140356.6313,1683,1683,0,0
1788271860.1285,G_left_centre_left_right,G,left,0,left_right,,centre,778,179.1000,344.2000,59.3000,217.1000,218.9000,0.0000,344.3000,316.8000,24.4000,0.0000,146.6000,0.0000,99.1000,0.0000,0.21000,-0.10400,0.93300,3.18000,-9.75000,-12.47000,-0.95400,-0.02900,0.23100,-1.05000,0.47000,1.07000,31.3,22.1,1.0,0.0,0.730842,0.346315,1.311846,-0.732110,0.343676,1.179621,-0.089600,0.486000,0.869300,0.003200,0.133500,0.542300,0.828800,0.034500,0.730684,0.346457,1.311680,-0.732445,0.343816,1.179437,1.057562,0.792918,2.317167,-1.561398,-1.939658,-0.698304,-0.606163,1.970577,-1.272208,1.606598,-1.429918,2.674900,0.145320,2.482618,1,1,1.0000,1.0000,-22.9069,-65.4287,25.8000,-26.2000,0.040000,0.270567,0,0,1,1,0,0,0.0000,0.0000,,,,,2271,2271,0,0,2211,2222,60,36,0,13,0.53327,0.54004,,,,,,,,,,,,,,,,,,,,,,,140356.6513,1684,1684,0,0
1788271860.1505,G_left_centre_left_right,G,left,0,left_right,,centre,779,179.1000,344.2000,59.3000,217.1000,218.9000,0.0000,344.3000,316.8000,24.4000,0.0000,146.6000,0.0000,99.1000,0.0000,0.21000,-0.10400,0.93300,3.18000,-9.75000,-12.47000,-0.95400,-0.02900,0.23100,-1.05000,0.47000,1.07000,30.0,22.4,1.0,0.0,0.730842,0.346315,1.311846,-0.732110,0.343676,1.179621,-0.089600,0.486000,0.869300,0.003200,0.133500,0.542300,0.828800,0.034500,0.730684,0.346457,1.311680,-0.732445,0.343816,1.179437,1.057581,0.792834,2.317180,-1.561469,-1.939700,-0.698332,-0.606174,1.970571,-1.272208,1.606528,-1.430083,2.674911,0.145142,2.482615,1,1,1.0000,1.0000,-22.9069,-65.4287,25.8000,-26.2000,0.040000,0.270567,0,0,1,1,0,0,0.0000,0.0000,,,,,2271,2271,0,0,2211,2222,60,36,0,13,0.53327,0.54004,,,,,,,,,,,,,,,,,,,,,,,140356.6733,1684,1684,0,0
1788271860.1846,G_left_centre_left_right,G,left,0,left_right,,centre,780,178.6000,344.2000,59.3000,217.1000,218.9000,0.0000,344.3000,316.8000,24.4000,0.0000,146.5000,0.0000,98.3000,0.0000,0.22200,-0.10200,0.93400,3.36000,-10.98000,-13.10000,-0.95400,-0.03600,0.23100,-0.82000,0.96000,1.63000,29.5,22.3,1.0,0.0,0.731055,0.346190,1.312148,-0.731801,0.343533,1.179776,-0.089600,0.486000,0.869300,0.003200,0.133500,0.542300,0.828800,0.034500,0.730884,0.346307,1.311884,-0.732187,0.343703,1.179605,1.057571,0.792431,2.317195,-1.561699,-1.939987,-0.698338,-0.606192,1.970550,-1.272212,1.606304,-1.430636,2.674944,0.144481,2.482609,1,1,1.0000,1.0000,-22.2184,-65.0205,25.3000,-26.2000,0.040000,0.270551,0,0,1,1,0,0,0.0000,0.0000,,,,,2273,2273,0,0,2213,2224,60,36,0,13,0.53327,0.54004,,,,,,,,,,,,,,,,,,,,,,,140356.7074,1686,1686,0,0
1788271860.1964,G_left_centre_left_right,G,left,0,left_right,,centre,781,178.6000,344.2000,59.3000,217.1000,218.9000,0.0000,344.3000,316.8000,24.4000,0.0000,146.5000,0.0000,98.3000,0.0000,0.22200,-0.10200,0.93400,3.36000,-10.98000,-13.10000,-0.95400,-0.03600,0.23100,-0.82000,0.96000,1.63000,29.5,22.3,1.0,0.0,0.731055,0.346190,1.312148,-0.731801,0.343533,1.179776,-0.089600,0.486000,0.869300,0.003200,0.133500,0.542300,0.828800,0.034500,0.730884,0.346307,1.311884,-0.732187,0.343703,1.179605,1.057571,0.792431,2.317195,-1.561699,-1.939987,-0.698338,-0.606192,1.970550,-1.272212,1.606304,-1.430636,2.674944,0.144481,2.482609,1,1,1.0000,1.0000,-22.2184,-65.0205,25.3000,-26.2000,0.040000,0.270551,0,0,1,1,0,0,0.0000,0.0000,,,,,2273,2273,0,0,2213,2224,60,36,0,13,0.53327,0.54004,,,,,,,,,,,,,,,,,,,,,,,140356.7193,1686,1686,0,0
1788271860.2154,G_left_centre_left_right,G,left,0,left_right,,centre,782,178.3000,344.2000,59.3000,217.1000,218.9000,0.0000,344.3000,316.7000,24.4000,0.0000,146.5000,0.0000,98.0000,0.0000,0.20900,-0.09200,0.93900,3.60000,-11.89000,-13.37000,-0.94600,-0.03900,0.23500,-0.31000,1.04000,2.04000,29.6,22.1,1.0,0.0,0.731138,0.346113,1.312236,-0.731527,0.343382,1.179921,-0.089600,0.486000,0.869300,0.003200,0.133500,0.542300,0.828800,0.034500,0.730884,0.346307,1.311884,-0.732187,0.343703,1.179605,1.057540,0.791843,2.317161,-1.562026,-1.940444,-0.698268,-0.606194,1.970515,-1.272218,1.606025,-1.431301,2.674971,0.143783,2.482613,1,1,1.0000,1.0000,-23.0001,-64.8300,25.0000,-26.3000,0.040000,0.270551,0,0,1,1,0,0,0.0000,0.0000,,,,,2274,2274,0,0,2214,2225,60,36,0,13,0.53327,0.53984,,,,,,,,,,,,,,,,,,,,,,,140356.7383,1687,1687,0,0
1788271860.2335,G_left_centre_left_right,G,left,0,left_right,,centre,783,178.0000,344.2000,59.3000,217.1000,218.9000,0.0000,344.3000,316.7000,24.4000,0.0000,146.2000,0.0000,97.8000,0.0000,0.20300,-0.10300,0.93100,4.02000,-12.51000,-12.90000,-0.94000,-0.03600,0.22500,-0.25000,0.93000,2.55000,29.2,21.8,1.0,0.0,0.731214,0.346025,1.312301,-0.731358,0.343285,1.180016,-0.089600,0.486000,0.869300,0.003200,0.133500,0.542300,0.828800,0.034500,0.730884,0.346307,1.311884,-0.732187,0.343703,1.179605,1.057542,0.791638,2.317148,-1.562165,-1.940588,-0.698254,-0.606194,1.970500,-1.272220,1.605924,-1.431535,2.674976,0.143554,2.482620,1,1,1.0000,1.0000,-23.2863,-64.9864,24.7000,-26.3000,0.040000,0.270501,0,0,1,1,0,0,0.0000,0.0000,,,,,2275,2275,0,0,2215,2226,60,36,0,13,0.53340,0.53984,,,,,,,,,,,,,,,,,,,,,,,140356.7563,1688,1688,0,0
1788271860.2533,G_left_centre_left_right,G,left,0,left_right,,centre,784,177.3000,344.2000,59.3000,217.1000,218.9000,0.0000,344.3000,316.7000,24.4000,0.0000,146.3000,0.0000,97.5000,0.0000,0.21000,-0.07100,0.91100,2.69000,-12.54000,-12.24000,-0.95600,-0.03600,0.23800,-0.36000,0.69000,2.33000,29.4,21.9,1.0,0.0,0.731406,0.345810,1.312476,-0.731113,0.343141,1.180152,-0.089600,0.486000,0.869300,0.003200,0.133500,0.542300,0.828800,0.034500,0.731197,0.346039,1.312293,-0.731707,0.343464,1.179883,1.057636,0.790898,2.317110,-1.562782,-1.941068,-0.698276,-0.606190,1.970389,-1.272213,1.605427,-1.432781,2.674987,0.142235,2.482691,1,1,1.0000,1.0000,-22.4981,-65.0283,24.0000,-26.3000,0.040000,0.270518,0,0,1,1,0,0,0.0000,0.0000,,,,,2276,2276,0,0,2216,2227,60,36,0,13,0.53340,0.53984,,,,,,,,,,,,,,,,,,,,,,,140356.7761,1690,1690,0,0
1788271860.2685,G_left_centre_left_right,G,left,0,left_right,,centre,785,176.9000,344.2000,59.3000,217.1000,218.9000,0.0000,344.3000,316.7000,24.4000,0.0000,146.4000,0.0000,97.4000,0.0000,0.21400,-0.06200,0.90300,0.70000,-11.88000,-11.08000,-0.94500,-0.03300,0.23800,-0.32000,0.29000,2.07000,29.5,22.4,1.0,0.0,0.731520,0.345692,1.312596,-0.731056,0.343104,1.180183,-0.089600,0.486000,0.869300,0.003200,0.133500,0.542300,0.828800,0.034500,0.731197,0.346039,1.312293,-0.731707,0.343464,1.179883,1.057683,0.790718,2.317102,-1.562952,-1.941175,-0.698300,-0.606188,1.970311,-1.272202,1.605111,-1.433650,2.674995,0.141377,2.482740,1,1,1.0000,1.0000,-22.1116,-65.1800,23.6000,-26.3000,0.040000,0.270534,0,0,1,1,0,0,0.0000,0.0000,,,,,2278,2278,0,0,2218,2229,60,36,0,13,0.53360,0.53948,,,,,,,,,,,,,,,,,,,,,,,140356.7914,1691,1691,0,0
1788271860.2891,G_left_centre_left_right,G,left,0,left_right,,centre,786,176.6000,344.2000,59.3000,217.1000,218.9000,0.0000,344.3000,316.7000,24.4000,0.0000,146.5000,0.0000,97.3000,0.0000,0.23000,-0.05200,0.89900,-2.02000,-10.71000,-10.11000,-0.94500,-0.04000,0.22800,0.15000,0.14000,1.43000,29.6,22.6,1.0,0.0,0.731668,0.345566,1.312786,-0.730836,0.342986,1.180298,-0.089600,0.486000,0.869300,0.003200,0.133500,0.542300,0.828800,0.034500,0.731197,0.346039,1.312293,-0.731707,0.343464,1.179883,1.057828,0.790134,2.317068,-1.563469,-1.941558,-0.698374,-0.606170,1.970246,-1.272191,1.604863,-1.434281,2.675005,0.140764,2.482779,1,1,1.0000,1.0000,-21.0521,-64.7643,23.3000,-26.3000,0.040000,0.270551,0,0,1,1,0,0,0.0000,0.0000,,,,,2279,2279,0,0,2219,2230,60,36,0,13,0.53360,0.53948,,,,,,,,,,,,,,,,,,,,,,,140356.8120,1692,1692,0,0
1788271860.3085,G_left_centre_left_right,G,left,0,left_right,,centre,787,176.4000,344.2000,59.3000,217.1000,218.9000,0.0000,344.3000,316.7000,24.4000,0.0000,146.5000,0.0000,97.3000,0.0000,0.25400,-0.05100,0.90100,-4.73000,-10.20000,-10.38000,-0.94800,-0.03500,0.23200,0.04000,-0.44000,1.15000,30.2,22.4,1.0,0.0,0.731850,0.345447,1.313070,-0.730765,0.342943,1.180336,-0.089600,0.486000,0.869300,0.003200,0.133500,0.542300,0.828800,0.034500,0.731197,0.346039,1.312293,-0.731707,0.343464,1.179883,1.057860,0.790008,2.317060,-1.563581,-1.941642,-0.698389,-0.606166,1.970134,-1.272171,1.604455,-1.435118,2.675024,0.139990,2.482839,1,1,1.0000,1.0000,-19.6586,-65.0678,23.1000,-26.3000,0.040000,0.270551,0,0,1,1,0,0,0.0000,0.0000,,,,,2280,2280,0,0,2220,2231,60,36,0,13,0.53360,0.53948,,,,,,,,,,,,,,,,,,,,,,,140356.8313,1693,1693,0,0
1788271860.3332,G_left_centre_left_right,G,left,0,left_right,,centre,788,176.2000,344.2000,59.3000,217.1000,218.9000,0.0000,344.6000,316.7000,24.4000,0.0000,146.5000,0.0000,97.3000,0.0000,0.25300,-0.05600,0.90400,-5.82000,-10.15000,-12.86000,-0.94000,-0.03100,0.22900,0.58000,-0.82000,0.52000,30.7,20.8,1.0,0.0,0.731998,0.345338,1.313288,-0.730765,0.342938,1.180336,-0.089600,0.486000,0.869300,0.003200,0.133500,0.542300,0.828800,0.034500,0.731453,0.345762,1.312555,-0.731053,0.343112,1.180221,1.057897,0.789778,2.317033,-1.563761,-1.941798,-0.698392,-0.606150,1.970101,-1.272165,1.604333,-1.435355,2.675029,0.139773,2.482857,1,1,1.0000,1.0000,-19.7894,-65.2862,22.9000,-26.3000,0.040000,0.270551,0,0,1,1,0,0,0.0000,0.0000,,,,,2280,2280,0,0,2220,2231,60,36,0,13,0.53360,0.53948,,,,,,,,,,,,,,,,,,,,,,,140356.8561,1694,1694,0,0
1788271860.3485,G_left_centre_left_right,G,left,0,left_right,,centre,789,176.0000,344.2000,59.3000,217.1000,218.9000,0.0000,344.5000,316.7000,24.4000,0.0000,146.5000,0.0000,97.3000,0.0000,0.26400,-0.06900,0.90900,-6.31000,-8.23000,-17.38000,-0.93900,-0.03000,0.22500,0.44000,-1.24000,-0.20000,31.0,20.9,1.0,0.0,0.732168,0.345217,1.313549,-0.730778,0.342939,1.180330,-0.089600,0.486000,0.869300,0.003200,0.133500,0.542300,0.828800,0.034500,0.731453,0.345762,1.312555,-0.731053,0.343112,1.180221,1.057999,0.788742,2.316873,-1.564513,-1.942597,-0.698331,-0.606051,1.970054,-1.272158,1.604196,-1.435678,2.675036,0.139532,2.482884,1,1,1.0000,1.0000,-19.2887,-65.3400,22.7000,-26.3000,0.040000,0.270551,0,0,1,1,0,0,0.0000,0.0000,,,,,2282,2282,0,0,2222,2233,60,36,0,13,0.53375,0.53902,,,,,,,,,,,,,,,,,,,,,,,140356.8714,1695,1695,0,0
1788271860.3708,G_left_centre_left_right,G,left,0,left_right,,centre,790,175.8000,344.2000,59.3000,217.1000,218.9000,0.0000,344.5000,316.7000,24.4000,0.0000,146.5000,0.0000,97.3000,0.0000,0.27100,-0.07300,0.92100,-6.42000,-3.94000,-20.77000,-0.93700,-0.03400,0.23300,0.35000,-1.41000,-1.21000,30.8,20.9,1.0,0.0,0.732335,0.345095,1.313803,-0.730723,0.342906,1.180359,-0.089600,0.486000,0.869300,0.003200,0.133500,0.542300,0.828800,0.034500,0.731453,0.345762,1.312555,-0.731053,0.343112,1.180221,1.058017,0.788120,2.316755,-1.564930,-1.943128,-0.698236,-0.605973,1.969997,-1.272149,1.604035,-1.436089,2.675046,0.139087,2.482913,1,1,1.0000,1.0000,-19.1012,-65.1044,22.5000,-26.3000,0.040000,0.270551,0,0,1,1,0,0,0.0000,0.0000,,,,,2283,2283,0,0,2223,2234,60,36,0,13,0.53375,0.53902,,,,,,,,,,,,,,,,,,,,,,,140356.8936,1696,1696,0,0
1788271860.4032,G_left_centre_left_right,G,left,0,left_right,,centre,791,175.8000,344.2000,59.3000,217.1000,218.9000,0.0000,344.5000,316.7000,24.4000,0.0000,146.5000,0.0000,97.3000,0.0000,0.27100,-0.07300,0.92100,-6.42000,-3.94000,-20.77000,-0.93700,-0.03400,0.23300,0.35000,-1.41000,-1.21000,30.8,20.9,1.0,0.0,0.732335,0.345095,1.313803,-0.730723,0.342906,1.180359,-0.089600,0.486000,0.869300,0.003200,0.133500,0.542300,0.828800,0.034500,0.731453,0.345762,1.312555,-0.731053,0.343112,1.180221,1.058017,0.788120,2.316755,-1.564930,-1.943128,-0.698236,-0.605973,1.969997,-1.272149,1.604035,-1.436089,2.675046,0.139087,2.482913,1,1,1.0000,1.0000,-19.1012,-65.1044,22.5000,-26.3000,0.040000,0.270551,0,0,1,1,0,0,0.0000,0.0000,,,,,2283,2283,0,0,2223,2234,60,36,0,13,0.53375,0.53902,,,,,,,,,,,,,,,,,,,,,,,140356.9260,1696,1696,0,0
1788271860.4201,G_left_centre_left_right,G,left,0,left_right,,centre,792,175.5000,344.2000,59.3000,217.1000,218.9000,0.0000,344.5000,316.7000,24.4000,0.0000,146.5000,0.0000,97.4000,0.0000,0.25700,-0.09300,0.92200,-7.76000,2.31000,-22.33000,-0.92700,-0.03300,0.21700,0.85000,-1.61000,-3.02000,30.3,20.9,1.0,0.0,0.732461,0.344963,1.313952,-0.730680,0.342879,1.180381,-0.089600,0.486000,0.869300,0.003200,0.133500,0.542300,0.828800,0.034500,0.732069,0.345328,1.313337,-0.730828,0.342971,1.180346,1.058023,0.787783,2.316695,-1.565154,-1.943414,-0.698184,-0.605932,1.969977,-1.272145,1.603984,-1.436245,2.675051,0.138884,2.482922,1,1,1.0000,1.0000,-19.9979,-65.1289,22.2000,-26.3000,0.040000,0.270551,0,0,1,1,0,0,0.0000,0.0000,,,,,2284,2284,0,0,2224,2235,60,36,0,13,0.53375,0.53902,,,,,,,,,,,,,,,,,,,,,,,140356.9430,1697,1697,0,0
1788271860.4335,G_left_centre_left_right,G,left,0,left_right,,centre,793,174.7000,344.2000,59.3000,217.1000,218.9000,0.0000,344.4000,316.7000,24.4000,0.0000,146.7000,0.0000,97.4000,0.0000,0.20200,-0.13300,0.92800,-5.76000,8.79000,-22.74000,-0.92100,-0.03000,0.21700,2.02000,-2.77000,-5.56000,29.8,21.4,1.0,0.0,0.732569,0.344652,1.313873,-0.730725,0.342893,1.180356,-0.089600,0.486000,0.869300,0.003200,0.133500,0.542300,0.828800,0.034500,0.732069,0.345328,1.313337,-0.730828,0.342971,1.180346,1.058126,0.785981,2.316359,-1.566562,-1.944893,-0.697950,-0.605680,1.969889,-1.272129,1.603776,-1.436687,2.675070,0.138430,2.482959,1,1,1.0000,1.0000,-23.3920,-65.3000,21.4000,-26.3000,0.040000,0.270583,0,0,1,1,0,0,0.0000,0.0000,,,,,2286,2286,0,0,2226,2237,60,36,0,13,0.53416,0.53885,,,,,,,,,,,,,,,,,,,,,,,140356.9563,1699,1699,0,0
1788271860.4535,G_left_centre_left_right,G,left,0,left_right,,centre,794,174.5000,344.2000,59.3000,217.1000,218.9000,0.0000,344.4000,316.7000,24.3000,0.0000,146.7000,0.0000,97.3000,0.0000,0.16900,-0.12800,0.90800,-6.98000,5.37000,-17.98000,-0.91800,-0.01700,0.22300,2.34000,-3.47000,-6.10000,32.4,20.8,1.0,0.0,0.732558,0.344457,1.313662,-0.731072,0.343059,1.180180,-0.089600,0.486000,0.869300,0.003200,0.133500,0.542300,0.828800,0.034500,0.732069,0.345328,1.313337,-0.730828,0.342971,1.180346,1.058318,0.785514,2.316283,-1.567107,-1.945178,-0.698008,-0.605611,1.969868,-1.272125,1.603730,-1.436897,2.675079,0.138243,2.482962,1,1,1.0000,1.0000,-25.1076,-66.0903,21.2000,-26.3000,0.040000,0.270566,0,0,1,1,0,0,0.0000,0.0000,,,,,2287,2287,0,0,2227,2238,60,36,0,13,0.53416,0.53885,,,,,,,,,,,,,,,,,,,,,,,140356.9764,1700,1700,0,0
1788271860.4685,G_left_centre_left_right,G,left,0,left_right,,centre,795,174.2000,344.2000,59.3000,217.1000,218.9000,0.0000,344.4000,316.7000,24.3000,0.0000,147.0000,0.0000,97.2000,0.0000,0.16200,-0.12500,0.89800,-5.77000,1.66000,-18.53000,-0.92800,-0.01900,0.22100,1.11000,-4.66000,-7.12000,30.5,20.1,1.0,0.0,0.732547,0.344281,1.313477,-0.731279,0.343157,1.180070,-0.089600,0.486000,0.869300,0.003200,0.133500,0.542300,0.828800,0.034500,0.732491,0.344803,1.313925,-0.730712,0.342893,1.180391,1.058664,0.785260,2.316260,-1.567589,-1.945239,-0.698247,-0.605568,1.969851,-1.272122,1.603732,-1.436864,2.675089,0.138288,2.482959,1,1,1.0000,1.0000,-25.4183,-65.9774,20.9000,-26.3000,0.040000,0.270613,0,0,1,1,0,0,0.0000,0.0000,,,,,2288,2288,0,0,2228,2239,60,36,0,13,0.53416,0.53877,,,,,,,,,,,,,,,,,,,,,,,140356.9913,1701,1701,0,0
1788271860.4980,G_left_centre_left_right,G,left,0,left_right,,centre,796,174.2000,344.2000,59.3000,217.1000,218.9000,0.0000,344.4000,316.7000,24.3000,0.0000,147.0000,0.0000,97.2000,0.0000,0.16200,-0.12500,0.89800,-5.77000,1.66000,-18.53000,-0.92800,-0.01900,0.22100,1.11000,-4.66000,-7.12000,30.5,20.1,1.0,0.0,0.732547,0.344281,1.313477,-0.731279,0.343157,1.180070,-0.089600,0.486000,0.869300,0.003200,0.133500,0.542300,0.828800,0.034500,0.732491,0.344803,1.313925,-0.730712,0.342893,1.180391,1.058664,0.785260,2.316260,-1.567589,-1.945239,-0.698247,-0.605568,1.969851,-1.272122,1.603732,-1.436864,2.675089,0.138288,2.482959,1,1,1.0000,1.0000,-25.4183,-65.9774,20.9000,-26.3000,0.040000,0.270613,0,0,1,1,0,0,0.0000,0.0000,,,,,2288,2288,0,0,2228,2239,60,36,0,13,0.53416,0.53877,,,,,,,,,,,,,,,,,,,,,,,140357.0208,1701,1701,0,0
1788271860.5173,G_left_centre_left_right,G,left,0,left_right,,centre,797,173.6000,344.2000,59.3000,217.1000,218.9000,0.0000,344.4000,316.7000,24.3000,0.0000,146.8000,0.0000,97.7000,0.0000,0.19700,-0.08800,0.88900,-4.30000,-3.47000,-25.69000,-0.94800,-0.02900,0.23300,-1.13000,-4.15000,-7.18000,31.0,20.3,1.0,0.0,0.732655,0.343942,1.313386,-0.731561,0.343288,1.179923,-0.089600,0.486000,0.869300,0.003200,0.133500,0.542300,0.828800,0.034500,0.732491,0.344803,1.313925,-0.730712,0.342893,1.180391,1.059639,0.784997,2.316277,-1.568612,-1.945109,-0.699062,-0.605496,1.969891,-1.272114,1.604011,-1.436214,2.675126,0.139068,2.482889,1,1,1.0000,1.0000,-23.0567,-65.4201,20.3000,-26.3000,0.040000,0.270582,0,0,1,1,0,0,0.0000,0.0000,,,,,2289,2290,0,0,2229,2241,60,36,0,13,0.53440,0.53877,,,,,,,,,,,,,,,,,,,,,,,140357.0401,1703,1703,0,0
1788271860.5303,G_left_centre_left_right,G,left,0,left_right,,centre,798,173.3000,344.2000,59.3000,217.1000,218.9000,0.0000,344.4000,316.7000,24.3000,0.0000,146.8000,0.0000,100.5000,0.0000,0.21500,-0.07900,0.87100,-5.54000,-4.35000,-27.21000,-0.94900,-0.03500,0.24900,0.99000,-3.13000,-7.66000,31.8,20.7,1.0,0.0,0.732758,0.343778,1.313459,-0.731425,0.343218,1.179991,-0.089600,0.486000,0.869300,0.003200,0.133500,0.542300,0.828800,0.034500,0.732544,0.344197,1.313469,-0.731070,0.343065,1.180154,1.060105,0.784790,2.316274,-1.569178,-1.945066,-0.699421,-0.605450,1.969937,-1.272109,1.604300,-1.435385,2.675154,0.139928,2.482826,1,1,1.0000,1.0000,-21.6637,-65.0632,20.0000,-26.3000,0.040000,0.270582,0,0,1,1,0,0,0.0000,0.0000,,,,,2291,2291,0,0,2231,2242,60,36,0,13,0.53440,0.53877,,,,,,,,,,,,,,,,,,,,,,,140357.0531,1704,1704,0,0
1788271860.5493,G_left_centre_left_right,G,left,0,left_right,,centre,799,173.0000,344.2000,59.3000,217.1000,218.9000,0.0000,344.4000,316.7000,24.5000,0.0000,146.8000,0.0000,101.2000,0.0000,0.21900,-0.08900,0.89000,-7.35000,-3.20000,-26.89000,-0.94600,-0.03400,0.23800,4.89000,-1.81000,-7.99000,31.6,21.3,1.0,0.0,0.732856,0.343611,1.313520,-0.731324,0.343166,1.180038,-0.089600,0.486000,0.869300,0.003200,0.133500,0.542300,0.828800,0.034500,0.732544,0.344197,1.313469,-0.731070,0.343065,1.180154,1.060323,0.784660,2.316269,-1.569465,-1.945062,-0.699578,-0.605424,1.969956,-1.272108,1.604441,-1.434933,2.675167,0.140424,2.482797,1,1,1.0000,1.0000,-21.7375,-65.1235,19.7000,-26.3000,0.040000,0.270616,0,0,1,1,0,0,0.0000,0.0000,,,,,2292,2292,0,0,2232,2243,60,36,0,13,0.53423,0.53906,,,,,,,,,,,,,,,,,,,,,,,140357.0722,1705,1705,0,0
1788271860.5689,G_left_centre_left_right,G,left,0,left_right,,centre,800,172.7000,344.2000,59.3000,217.1000,218.9000,0.0000,344.4000,316.7000,24.5000,0.0000,146.7000,0.0000,102.5000,0.0000,0.21900,-0.13500,0.89200,-6.83000,-1.98000,-26.90000,-0.93500,-0.03200,0.23900,9.57000,-0.39000,-7.88000,33.2,20.9,1.0,0.0,0.732946,0.343439,1.313563,-0.731265,0.343134,1.180066,-0.089600,0.486000,0.869300,0.003200,0.133500,0.542300,0.828800,0.034500,0.732544,0.344197,1.313469,-0.731070,0.343065,1.180154,1.060773,0.784108,2.316198,-1.570238,-1.945244,-0.699855,-0.605326,1.969988,-1.272104,1.604712,-1.434044,2.675195,0.141537,2.482738,1,1,1.0000,1.0000,-21.9105,-65.2170,19.4000,-26.3000,0.040000,0.270600,0,0,1,1,0,0,0.0000,0.0000,,,,,2293,2293,0,0,2233,2244,60,36,0,13,0.53423,0.53906,,,,,,,,,,,,,,,,,,,,,,,140357.0917,1706,1706,0,0
1788271860.5984,G_left_centre_left_right,G,left,0,left_right,,centre,801,172.6000,344.2000,59.3000,217.1000,218.9000,0.0000,344.4000,316.7000,24.4000,0.0000,146.7000,0.0000,104.0000,0.0000,0.20600,-0.14600,0.89900,-6.47000,-2.60000,-26.01000,-0.93400,-0.02900,0.23300,12.37000,0.81000,-6.79000,31.9,21.0,1.0,0.0,0.733005,0.343270,1.313538,-0.731259,0.343129,1.180068,-0.089600,0.486000,0.869300,0.003200,0.133500,0.542300,0.828800,0.034500,0.732544,0.344197,1.313469,-0.731070,0.343065,1.180154,1.061061,0.783655,2.316126,-1.570808,-1.945478,-0.700005,-0.605244,1.969986,-1.272105,1.604724,-1.434073,2.675205,0.141580,2.482724,1,1,1.0000,1.0000,-22.8117,-65.3953,19.3000,-26.3000,0.040000,0.270583,0,0,1,1,0,0,0.0000,0.0000,,,,,2293,2293,0,0,2233,2244,60,36,0,13,0.53423,0.53906,,,,,,,,,,,,,,,,,,,,,,,140357.1212,1707,1707,0,0
1788271860.6094,G_left_centre_left_right,G,left,0,left_right,,centre,802,172.4000,344.2000,59.3000,217.1000,218.9000,0.0000,344.4000,316.7000,24.4000,0.0000,146.7000,0.0000,105.3000,0.0000,0.24400,-0.15200,0.94400,-8.30000,-5.21000,-26.14000,-0.95200,-0.01000,0.23700,12.37000,1.67000,-5.16000,30.4,21.2,1.0,0.0,0.733107,0.343117,1.313628,-0.731806,0.343396,1.179794,-0.089600,0.486000,0.869300,0.003200,0.133500,0.542300,0.828800,0.034500,0.732795,0.343612,1.313531,-0.731321,0.343189,1.179951,1.061372,0.783242,2.316057,-1.571374,-1.945695,-0.700178,-0.605162,1.969974,-1.272107,1.604699,-1.434316,2.675211,0.141196,2.482718,1,1,1.0000,1.0000,-21.2409,-66.5370,19.1000,-26.3000,0.040000,0.270583,0,0,1,1,0,0,0.0000,0.0000,,,,,2295,2295,0,0,2235,2246,60,36,0,13,0.53423,0.53906,,,,,,,,,,,,,,,,,,,,,,,140357.1322,1708,1708,0,0
1788271860.6300,G_left_centre_left_right,G,left,0,left_right,,centre,803,172.2000,344.2000,59.3000,217.1000,218.9000,0.0000,344.2000,316.7000,24.3000,0.0000,146.7000,0.0000,106.4000,0.0000,0.25500,-0.20500,0.97100,-7.56000,-11.64000,-27.52000,-0.96500,-0.01000,0.24100,10.95000,1.80000,-2.92000,30.8,21.2,1.0,0.0,0.733205,0.342968,1.313718,-0.732283,0.343628,1.179558,-0.089600,0.486000,0.869300,0.003200,0.133500,0.542300,0.828800,0.034500,0.732795,0.343612,1.313531,-0.731321,0.343189,1.179951,1.061699,0.782826,2.315987,-1.571948,-1.945911,-0.700369,-0.605074,1.969958,-1.272110,1.604663,-1.434605,2.675219,0.140714,2.482711,1,1,1.0000,1.0000,-21.1042,-66.5446,18.9000,-26.3000,0.040000,0.270566,0,0,1,1,0,0,0.0000,0.0000,,,,,2296,2296,0,0,2236,2247,60,36,0,13,0.53428,0.53927,,,,,,,,,,,,,,,,,,,,,,,140357.1529,1709,1709,0,0
1788271860.6493,G_left_centre_left_right,G,left,0,left_right,,centre,804,172.0000,344.2000,59.3000,217.1000,218.9000,0.0000,344.2000,316.7000,24.3000,0.0000,146.8000,0.0000,107.2000,0.0000,0.27200,-0.21900,0.98900,-3.05000,-18.13000,-30.11000,-0.96300,-0.00400,0.23500,7.77000,1.38000,-1.44000,31.1,20.9,1.0,0.0,0.733317,0.342825,1.313847,-0.732943,0.343951,1.179232,-0.089600,0.486000,0.869300,0.003200,0.133500,0.542300,0.828800,0.034500,0.732795,0.343612,1.313531,-0.731321,0.343189,1.179951,1.061977,0.782371,2.315904,-1.572501,-1.946182,-0.700522,-0.604977,1.969974,-1.272106,1.604692,-1.434812,2.675238,0.140510,2.482680,1,1,1.0000,1.0000,-20.4661,-66.8903,18.7000,-26.3000,0.040000,0.270582,0,0,1,1,0,0,0.0000,0.0000,,,,,2297,2297,0,0,2237,2248,60,36,0,13,0.53428,0.53927,,,,,,,,,,,,,,,,,,,,,,,140357.1721,1710,1710,0,0
1788271860.6689,G_left_centre_left_right,G,left,0,left_right,,centre,805,171.8000,344.2000,59.3000,217.1000,218.9000,0.0000,344.3000,316.7000,24.2000,0.0000,146.8000,0.0000,107.9000,0.0000,0.27600,-0.19200,0.99300,0.93000,-23.11000,-32.73000,-0.97000,-0.00200,0.24000,3.44000,0.89000,0.47000,31.3,21.4,1.0,0.0,0.733428,0.342682,1.313979,-0.733605,0.344275,1.178909,-0.089600,0.486000,0.869300,0.003200,0.133500,0.542300,0.828800,0.034500,0.733122,0.343035,1.313713,-0.731385,0.343164,1.180139,1.062194,0.781895,2.315813,-1.573022,-1.946508,-0.700621,-0.604875,1.970025,-1.272097,1.604948,-1.434533,2.675267,0.140959,2.482621,1,1,1.0000,1.0000,-20.2750,-67.0068,18.5000,-26.3000,0.040000,0.270564,0,0,1,1,0,0,0.0000,0.0000,,,,,2298,2298,0,0,2238,2249,60,36,0,13,0.53428,0.53927,,,,,,,,,,,,,,,,,,,,,,,140357.1917,1711,1711,0,0
1788271860.6891,G_left_centre_left_right,G,left,0,left_right,,centre,806,171.4000,344.2000,59.3000,217.1000,218.9000,0.0000,344.4000,316.7000,24.2000,0.0000,146.9000,0.0000,108.3000,0.0000,0.29600,-0.15100,0.97300,3.71000,-24.25000,-34.44000,-0.96200,-0.00500,0.23900,-0.36000,-0.11000,2.50000,29.8,22.1,1.0,0.0,0.733584,0.342528,1.314224,-0.734037,0.344487,1.178694,-0.089600,0.486000,0.869300,0.003200,0.133500,0.542300,0.828800,0.034500,0.733122,0.343035,1.313713,-0.731385,0.343164,1.180139,1.062385,0.781388,2.315711,-1.573547,-1.946883,-0.700692,-0.604761,1.970103,-1.272083,1.605318,-1.433570,2.675309,0.141990,2.482536,1,1,1.0000,1.0000,-18.8245,-66.8322,18.1000,-26.3000,0.040000,0.270580,0,0,1,1,0,0,0.0000,0.0000,,,,,2299,2299,0,0,2239,2250,60,36,0,13,0.53438,0.53926,,,,,,,,,,,,,,,,,,,,,,,140357.2119,1712,1712,0,0
1788271860.7126,G_left_centre_left_right,G,left,0,left_right,,centre,807,0.0000,344.2000,59.3000,217.1000,218.9000,0.0000,345.4000,316.8000,24.2000,0.0000,147.6000,0.0000,109.8000,0.0000,0.33500,-0.08600,0.88300,-13.70000,-3.59000,-30.21000,-0.93900,-0.05400,0.22800,-5.78000,3.59000,6.59000,31.1,23.0,1.0,0.0,0.733863,0.342405,1.314880,-0.732695,0.343858,1.179361,-0.089600,0.486000,0.869300,0.003200,0.133500,0.542300,0.828800,0.034500,0.733122,0.343035,1.313713,-0.731385,0.343164,1.180139,1.062537,0.780872,2.315601,-1.574042,-1.947298,-0.700730,-0.604636,1.970217,-1.272062,1.605877,-1.431952,2.675367,0.143626,2.482417,1,1,1.0000,1.0000,-14.8084,-63.9226,18.1000,-26.2000,0.040000,0.270685,0,0,0,1,1,0,0.0200,0.0000,,,,,2300,2299,0,0,2240,2250,60,36,0,13,0.53438,0.53926,,,,,,,,,,,,,,,,,,,,,,,140357.2355,1713,1713,0,0
1788271860.7286,G_left_centre_left_right,G,left,0,left_right,,centre,808,154.5000,344.2000,59.3000,217.1000,218.9000,0.0000,345.4000,316.8000,24.2000,0.0000,147.7000,0.0000,109.8000,0.0000,0.32900,-0.10800,0.88400,-14.39000,1.64000,-32.46000,-0.94100,-0.05700,0.22800,-2.32000,3.56000,5.42000,31.3,22.8,1.0,0.0,0.734653,0.339645,1.315676,-0.731408,0.343251,1.180004,-0.089600,0.486000,0.869300,0.003200,0.133500,0.542300,0.828800,0.034500,0.733122,0.343035,1.313713,-0.731385,0.343164,1.180139,1.062612,0.780330,2.315471,-1.574477,-1.947796,-0.700705,-0.604484,1.970349,-1.272038,1.606521,-1.429994,2.675434,0.145616,2.482281,1,1,1.0000,1.0000,-15.2585,-63.7519,1.2000,-26.2000,0.040000,0.270699,0,0,1,1,0,0,0.0000,0.0000,,,,,2301,2301,0,0,2241,2252,60,36,0,13,0.53438,0.53926,,,,,,,,,,,,,,,,,,,,,,,140357.2514,1714,1714,0,0
1788271860.7486,G_left_centre_left_right,G,left,0,left_right,,centre,809,153.9000,344.2000,59.3000,217.1000,218.9000,0.0000,345.4000,316.8000,24.2000,0.0000,147.8000,0.0000,109.8000,0.0000,0.30100,-0.13100,0.88000,-13.92000,5.93000,-34.93000,-0.93400,-0.06100,0.23300,1.15000,4.08000,4.51000,31.0,23.1,1.0,0.0,0.735179,0.337474,1.316031,-0.730123,0.342643,1.180651,-0.089600,0.486000,0.869300,0.003200,0.133500,0.542300,0.828800,0.034500,0.733574,0.342584,1.314235,-0.732674,0.343845,1.179203,1.062592,0.779713,2.315295,-1.574893,-1.948499,-0.700581,-0.604263,1.970429,-1.272030,1.607142,-1.427921,2.675468,0.147788,2.482192,1,1,1.0000,1.0000,-16.8629,-63.4950,0.6000,-26.2000,0.040000,0.270713,0,0,1,1,0,0,0.0000,0.0000,,,,,2302,2302,0,0,2242,2253,60,36,0,13,0.53438,0.53926,,,,,,,,,,,,,,,,,,,,,,,140357.2714,1715,1715,0,0
1788271860.7689,G_left_centre_left_right,G,left,0,left_right,,centre,810,153.3000,344.2000,59.3000,217.1000,218.9000,0.0000,345.4000,316.8000,24.2000,0.0000,147.8000,0.0000,109.8000,0.0000,0.24300,-0.12300,0.86300,-14.37000,7.11000,-35.95000,-0.93900,-0.05500,0.23600,3.72000,4.15000,2.63000,30.2,22.8,1.0,0.0,0.735428,0.335723,1.315839,-0.729386,0.342298,1.181013,-0.089600,0.486000,0.869300,0.003200,0.133500,0.542300,0.828800,0.034500,0.733574,0.342584,1.314235,-0.732674,0.343845,1.179203,1.062683,0.778829,2.315038,-1.575552,-1.949485,-0.700514,-0.603807,1.970408,-1.272036,1.607314,-1.426334,2.675463,0.149593,2.482214,1,1,1.0000,1.0000,-19.9752,-63.8687,0.0000,-26.2000,0.040000,0.270713,0,0,1,1,0,0,0.0000,0.0000,,,,,2303,2303,0,0,2243,2254,60,36,0,13,0.53463,0.54027,,,,,,,,,,,,,,,,,,,,,,,140357.2918,1716,1716,0,0
1788271860.7885,G_left_centre_left_right,G,left,0,left_right,,centre,811,152.7000,344.2000,59.3000,217.1000,218.9000,0.0000,345.4000,316.8000,24.2000,0.0000,148.0000,0.0000,109.8000,0.0000,0.24100,-0.12100,0.84300,-16.47000,7.90000,-35.21000,-0.94400,-0.05000,0.24400,4.22000,4.11000,-0.22000,30.7,23.4,1.0,0.0,0.735634,0.334264,1.315722,-0.728982,0.342112,1.181198,-0.089600,0.486000,0.869300,0.003200,0.133500,0.542300,0.828800,0.034500,0.733574,0.342584,1.314235,-0.732674,0.343845,1.179203,1.063254,0.777589,2.314720,-1.576820,-1.950650,-0.700828,-0.603014,1.970355,-1.272047,1.607031,-1.425612,2.675439,0.150686,2.482273,1,1,1.0000,1.0000,-19.7514,-64.1773,-0.6000,-26.2000,0.040000,0.270740,0,0,1,1,0,0,0.0000,0.0000,,,,,2304,2304,0,0,2244,2255,60,36,0,13,0.53463,0.54027,,,,,,,,,,,,,,,,,,,,,,,140357.3114,1717,1717,0,0
1788271860.8238,G_left_centre_left_right,G,left,0,left_right,,centre,812,152.3000,344.2000,59.3000,217.1000,218.9000,0.0000,345.4000,316.6000,24.2000,0.0000,148.1000,0.0000,109.8000,0.0000,0.24900,-0.10700,0.82000,-22.00000,7.85000,-35.37000,-0.94600,-0.04400,0.23200,3.83000,3.45000,-2.44000,30.0,23.3,1.0,0.0,0.735843,0.333075,1.315777,-0.728863,0.342013,1.181250,-0.089600,0.486000,0.869300,0.003200,0.133500,0.542300,0.828800,0.034500,0.734598,0.341337,1.315076,-0.732704,0.344072,1.178244,1.064474,0.775974,2.314340,-1.579169,-1.952028,-0.701633,-0.601894,1.970274,-1.272064,1.606483,-1.426061,2.675395,0.150792,2.482370,1,1,1.0000,1.0000,-18.7849,-64.5352,-1.0000,-26.4000,0.040000,0.270753,0,0,1,1,0,0,0.0000,0.0000,,,,,2305,2305,0,0,2245,2256,60,36,0,13,0.53463,0.54027,,,,,,,,,,,,,,,,,,,,,,,140357.3466,1718,1718,0,0
1788271860.8505,G_left_centre_left_right,G,left,0,left_right,,centre,813,151.8000,344.2000,59.3000,217.1000,218.9000,0.0000,345.6000,316.7000,24.2000,0.0000,148.1000,0.0000,109.8000,0.0000,0.26600,-0.14800,0.85700,-28.24000,7.92000,-38.18000,-0.93600,-0.03400,0.23300,2.76000,1.81000,-3.50000,31.3,22.7,1.0,0.0,0.736031,0.331986,1.315862,-0.728960,0.342053,1.181186,-0.089600,0.486000,0.869300,0.003200,0.133500,0.542300,0.828800,0.034500,0.734598,0.341337,1.315076,-0.732704,0.344072,1.178244,1.065230,0.775109,2.314142,-1.580642,-1.952740,-0.702146,-0.601282,1.970227,-1.272076,1.606162,-1.426847,2.675365,0.150171,2.482429,1,1,1.0000,1.0000,-18.5474,-65.1023,-1.5000,-26.3000,0.040000,0.270753,0,0,1,1,0,0,0.0000,0.0000,,,,,2306,2306,0,0,2246,2257,60,36,0,13,0.53503,0.54061,,,,,,,,,,,,,,,,,,,,,,,140357.3733,1719,1719,0,0
1788271860.8517,G_left_centre_left_right,G,left,0,left_right,,centre,814,151.8000,344.2000,59.3000,217.1000,218.9000,0.0000,345.6000,316.7000,24.2000,0.0000,148.1000,0.0000,109.8000,0.0000,0.26600,-0.14800,0.85700,-28.24000,7.92000,-38.18000,-0.93600,-0.03400,0.23300,2.76000,1.81000,-3.50000,31.3,22.7,1.0,0.0,0.736031,0.331986,1.315862,-0.728960,0.342053,1.181186,-0.089600,0.486000,0.869300,0.003200,0.133500,0.542300,0.828800,0.034500,0.734598,0.341337,1.315076,-0.732704,0.344072,1.178244,1.065230,0.775109,2.314142,-1.580642,-1.952740,-0.702146,-0.601282,1.970227,-1.272076,1.606162,-1.426847,2.675365,0.150171,2.482429,1,1,1.0000,1.0000,-18.5474,-65.1023,-1.5000,-26.3000,0.040000,0.270753,0,0,1,1,0,0,0.0000,0.0000,,,,,2306,2306,0,0,2246,2257,60,36,0,13,0.53503,0.54061,,,,,,,,,,,,,,,,,,,,,,,140357.3745,1719,1719,0,0
1788271860.8736,G_left_centre_left_right,G,left,0,left_right,,centre,815,151.1000,344.2000,59.3000,217.1000,218.9000,0.0000,345.5000,316.8000,24.2000,0.0000,148.3000,0.0000,109.8000,0.0000,0.24000,-0.15600,0.89700,-38.13000,7.92000,-40.52000,-0.93900,-0.02200,0.23900,-1.60000,-2.11000,-3.08000,31.9,22.3,1.0,0.0,0.736130,0.330590,1.315632,-0.729542,0.342345,1.180860,-0.089600,0.486000,0.869300,0.003200,0.133500,0.542300,0.828800,0.034500,0.734598,0.341337,1.315076,-0.732704,0.344072,1.178244,1.070527,0.769853,2.312955,-1.592523,-1.957019,-0.705749,-0.597483,1.969978,-1.272137,1.604579,-1.432456,2.675206,0.144155,2.482724,1,1,1.0000,1.0000,-20.7861,-65.8165,-2.2000,-26.2000,0.040000,0.270779,0,0,1,1,0,0,0.0000,0.0000,,,,,2307,2307,0,0,2247,2258,60,36,0,13,0.53503,0.54061,,,,,,,,,,,,,,,,,,,,,,,140357.3964,1721,1721,0,0
1788271860.8928,G_left_centre_left_right,G,left,0,left_right,,centre,816,150.8000,344.2000,59.3000,217.1000,218.9000,0.0000,345.5000,316.8000,24.2000,0.0000,148.3000,0.0000,110.1000,0.0000,0.23100,-0.13800,0.89800,-45.36000,6.61000,-42.15000,-0.94200,-0.01500,0.23200,-4.31000,-2.79000,-3.85000,31.2,22.4,1.0,0.0,0.736082,0.329998,1.315324,-0.730121,0.342646,1.180545,-0.089600,0.486000,0.869300,0.003200,0.133500,0.542300,0.828800,0.034500,0.734516,0.336911,1.315549,-0.731124,0.343187,1.179740,1.072787,0.767673,2.312474,-1.597816,-1.958793,-0.707310,-0.595865,1.969886,-1.272163,1.604044,-1.435250,2.675149,0.140233,2.482822,1,1,1.0000,1.0000,-21.2904,-66.2358,-2.5000,-26.2000,0.040000,0.270779,0,0,1,1,0,0,0.0000,0.0000,,,,,2309,2309,0,0,2249,2260,60,36,0,13,0.53503,0.53924,,,,,,,,,,,,,,,,,,,,,,,140357.4157,1722,1722,0,0
1788271860.9198,G_left_centre_left_right,G,left,0,left_right,,centre,817,150.4000,344.2000,59.3000,217.1000,218.9000,0.0000,345.4000,316.8000,24.2000,0.0000,148.4000,0.0000,110.0000,0.0000,0.23000,-0.12000,0.89800,-47.34000,2.11000,-40.53000,-0.93200,-0.01500,0.22200,-6.00000,-3.50000,-4.66000,31.4,22.8,1.0,0.0,0.736046,0.329541,1.315114,-0.730542,0.342865,1.180314,-0.089600,0.486000,0.869300,0.003200,0.133500,0.542300,0.828800,0.034500,0.734516,0.336911,1.315549,-0.731124,0.343187,1.179740,1.076382,0.764547,2.311800,-1.605552,-1.961273,-0.709877,-0.593424,1.969822,-1.272197,1.603684,-1.437286,2.675106,0.135751,2.482879,1,1,1.0000,1.0000,-21.3002,-66.2214,-2.9000,-26.2000,0.040000,0.270792,0,0,1,1,0,0,0.0000,0.0000,,,,,2310,2310,0,0,2250,2261,60,36,0,13,0.53379,0.53924,,,,,,,,,,,,,,,,,,,,,,,140357.4426,1723,1723,0,0
1788271860.9332,G_left_centre_left_right,G,left,0,left_right,,centre,818,150.1000,344.2000,59.3000,217.1000,218.9000,0.0000,345.7000,316.8000,24.2000,0.0000,148.5000,0.0000,110.0000,0.0000,0.19000,-0.12000,0.89200,-51.70000,-3.52000,-35.25000,-0.93800,-0.01300,0.22600,-6.00000,-3.57000,-4.92000,33.0,22.9,1.0,0.0,0.735901,0.329181,1.314676,-0.730966,0.343084,1.180084,-0.089600,0.486000,0.869300,0.003200,0.133500,0.542300,0.828800,0.034500,0.734516,0.336911,1.315549,-0.731124,0.343187,1.179740,1.077841,0.763421,2.311559,-1.608261,-1.962130,-0.710962,-0.592488,1.969808,-1.272209,1.603596,-1.437708,2.675096,0.134365,2.482887,1,1,1.0000,1.0000,-23.6250,-66.3484,-3.2000,-26.2000,0.040000,0.270804,0,0,1,1,0,0,0.0000,0.0000,,,,,2311,2311,0,0,2251,2262,60,36,0,13,0.53379,0.53924,,,,,,,,,,,,,,,,,,,,,,,140357.4561,1724,1724,0,0
1788271860.9496,G_left_centre_left_right,G,left,0,left_right,,centre,819,149.9000,344.2000,59.3000,217.1000,218.9000,0.0000,345.4000,316.8000,24.2000,0.0000,148.5000,0.0000,110.0000,0.0000,0.24700,-0.12400,0.87700,-49.64000,-10.27000,-31.56000,-0.92600,-0.01500,0.21400,-4.96000,-3.33000,-4.85000,34.0,22.7,1.0,0.0,0.735975,0.328780,1.314794,-0.731338,0.343277,1.179878,-0.089600,0.486000,0.869300,0.003200,0.133500,0.542300,0.828800,0.034500,0.734334,0.331907,1.315417,-0.731145,0.343086,1.180276,1.080475,0.761471,2.311150,-1.612792,-1.963604,-0.712977,-0.590828,1.969803,-1.272234,1.603559,-1.437940,2.675088,0.132455,2.482875,1,1,1.0000,1.0000,-19.9687,-66.2050,-3.4000,-26.2000,0.040000,0.270804,0,0,1,1,0,0,0.0000,0.0000,,,,,2312,2312,0,0,2252,2263,60,36,0,13,0.53379,0.53924,,,,,,,,,,,,,,,,,,,,,,,140357.4724,1725,1725,0,0
1788271860.9775,G_left_centre_left_right,G,left,0,left_right,,centre,820,149.9000,344.2000,59.3000,217.1000,218.9000,0.0000,345.4000,316.8000,24.2000,0.0000,148.5000,0.0000,110.0000,0.0000,0.24700,-0.12400,0.87700,-49.64000,-10.27000,-31.56000,-0.92600,-0.01500,0.21400,-4.96000,-3.33000,-4.85000,34.0,22.7,1.0,0.0,0.735975,0.328780,1.314794,-0.731338,0.343277,1.179878,-0.089600,0.486000,0.869300,0.003200,0.133500,0.542300,0.828800,0.034500,0.734334,0.331907,1.315417,-0.731145,0.343086,1.180276,1.081454,0.760777,2.311008,-1.614341,-1.964124,-0.713745,-0.590223,1.969811,-1.272247,1.603586,-1.437848,2.675089,0.132125,2.482856,1,1,1.0000,1.0000,-19.9687,-66.2050,-3.4000,-26.2000,0.040000,0.270804,0,0,1,1,0,0,0.0000,0.0000,,,,,2312,2312,0,0,2252,2263,60,36,0,13,0.53379,0.53924,,,,,,,,,,,,,,,,,,,,,,,140357.5003,1725,1725,0,0
1788271861.0031,G_left_centre_left_right,G,left,0,left_right,,centre,821,149.5000,344.2000,59.3000,217.1000,218.9000,0.0000,345.3000,316.8000,24.2000,0.0000,148.5000,0.0000,110.0000,0.0000,0.29300,-0.15800,0.89500,-43.63000,-13.55000,-31.00000,-0.94100,-0.01400,0.22300,-3.62000,-2.40000,-4.60000,34.3,22.7,1.0,0.0,0.736142,0.328418,1.315219,-0.731695,0.343462,1.179683,-0.089600,0.486000,0.869300,0.003200,0.133500,0.542300,0.828800,0.034500,0.734334,0.331907,1.315417,-0.731145,0.343086,1.180276,1.082703,0.760007,2.310830,-1.615957,-1.964703,-0.714772,-0.589484,1.969835,-1.272270,1.603686,-1.437543,2.675095,0.132156,2.482810,1,1,1.0000,1.0000,-17.6836,-66.2878,-3.8000,-26.2000,0.040000,0.270804,0,0,1,1,0,0,0.0000,0.0000,,,,,2313,2313,0,0,2253,2264,60,36,0,13,0.53226,0.53858,,,,,,,,,,,,,,,,,,,,,,,140357.5259,1726,1726,0,0
1788271861.0085,G_left_centre_left_right,G,left,0,left_right,,centre,822,148.7000,344.2000,59.3000,217.1000,218.9000,0.0000,345.1000,316.8000,24.2000,0.0000,148.4000,0.0000,110.0000,0.0000,0.42600,-0.68700,0.92400,-5.76000,-11.34000,-93.38000,-0.94500,-0.01200,0.20800,-0.28000,-1.43000,-4.76000,33.4,22.3,1.0,0.0,0.736492,0.327745,1.316252,-0.732267,0.343758,1.179371,-0.089600,0.486000,0.869300,0.003200,0.133500,0.542300,0.828800,0.034500,0.734334,0.331907,1.315417,-0.731145,0.343086,1.180276,1.086235,0.757642,2.310241,-1.620470,-1.966624,-0.717727,-0.587069,1.969908,-1.272314,1.604019,-1.436579,2.675120,0.134019,2.482689,1,1,1.0000,1.0000,-15.9349,-66.3724,-4.6000,-26.2000,0.040000,0.270792,1,0,1,1,0,0,0.0000,0.0000,,,,,2315,2315,0,0,2255,2266,60,36,0,13,0.53226,0.53858,,,,,,,,,,,,,,,,,,,,,,,140357.5313,1728,1728,0,0
1788271861.0285,G_left_centre_left_right,G,left,0,left_right,,centre,823,148.2000,344.2000,59.3000,217.1000,218.9000,0.0000,345.0000,316.8000,24.2000,0.0000,148.1000,0.0000,110.0000,0.0000,0.26400,-0.19700,1.03300,19.79000,-3.18000,-103.69000,-0.94500,-0.01400,0.21900,1.34000,-0.44000,-4.36000,32.6,22.0,1.0,0.0,0.736334,0.327445,1.315804,-0.732521,0.343890,1.179238,-0.089600,0.486000,0.869300,0.003200,0.133500,0.542300,0.828800,0.034500,0.735389,0.329271,1.314767,-0.731415,0.343266,1.180004,1.087256,0.755929,2.309755,-1.622604,-1.968538,-0.718559,-0.585662,1.969978,-1.272346,1.604353,-1.435613,2.675145,0.136255,2.482582,1,1,1.0000,1.0000,-21.4489,-66.2834,-5.1000,-26.2000,0.040000,0.270753,0,0,1,1,0,0,0.0000,0.0000,,,,,2316,2316,0,0,2256,2267,60,36,0,13,0.53226,0.53887,,,,,,,,,,,,,,,,,,,,,,,140357.5514,1729,1729,0,0
1788271861.0543,G_left_centre_left_right,G,left,0,left_right,,centre,824,147.8000,344.2000,59.3000,217.1000,218.9000,0.0000,345.0000,316.8000,24.2000,0.0000,148.1000,0.0000,110.0000,0.0000,0.20800,0.04500,0.86700,10.16000,-2.00000,-88.75000,-0.93200,-0.01800,0.20700,4.02000,1.46000,-4.50000,31.9,22.0,1.0,0.0,0.736231,0.327197,1.315524,-0.732587,0.343926,1.179202,-0.089600,0.486000,0.869300,0.003200,0.133500,0.542300,0.828800,0.034500,0.735389,0.329271,1.314767,-0.731415,0.343266,1.180004,1.087833,0.754399,2.309340,-1.624451,-1.970356,-0.718965,-0.584555,1.970114,-1.272390,1.604999,-1.433763,2.675194,0.140064,2.482390,1,1,1.0000,1.0000,-21.3119,-66.0091,-5.5000,-26.2000,0.040000,0.270753,0,0,1,1,0,0,0.0000,0.0000,,,,,2317,2317,0,0,2257,2268,60,36,0,13,0.53208,0.53887,,,,,,,,,,,,,,,,,,,,,,,140357.5771,1730,1730,0,0
1788271861.0685,G_left_centre_left_right,G,left,0,left_right,,centre,825,147.3000,344.2000,59.3000,217.1000,218.9000,0.0000,344.9000,316.8000,24.2000,0.0000,148.2000,0.0000,110.0000,0.0000,0.31700,-0.06600,0.81300,4.43000,1.49000,-75.47000,-0.92100,-0.01600,0.21500,5.97000,2.79000,-6.34000,31.9,22.0,1.0,0.0,0.736476,0.326823,1.316359,-0.732727,0.344000,1.179125,-0.089600,0.486000,0.869300,0.003200,0.133500,0.542300,0.828800,0.034500,0.735389,0.329271,1.314767,-0.731415,0.343266,1.180004,1.088149,0.753599,2.309162,-1.625538,-1.971426,-0.719151,-0.584002,1.970164,-1.272403,1.605236,-1.433068,2.675213,0.141315,2.482322,1,1,1.0000,1.0000,-14.2216,-66.1437,-6.0000,-26.2000,0.040000,0.270766,0,0,1,1,0,0,0.0000,0.0000,,,,,2318,2318,0,0,2258,2269,60,36,0,13,0.53208,0.53887,,,,,,,,,,,,,,,,,,,,,,,140357.5913,1731,1731,0,0
1788271861.0937,G_left_centre_left_right,G,left,0,left_right,,centre,826,147.3000,344.2000,59.3000,217.1000,218.9000,0.0000,344.9000,316.8000,24.2000,0.0000,148.2000,0.0000,110.0000,0.0000,0.31700,-0.06600,0.81300,4.43000,1.49000,-75.47000,-0.92100,-0.01600,0.21500,5.97000,2.79000,-6.34000,31.9,22.0,1.0,0.0,0.736476,0.326823,1.316359,-0.732727,0.344000,1.179125,-0.089600,0.486000,0.869300,0.003200,0.133500,0.542300,0.828800,0.034500,0.735389,0.329271,1.314767,-0.731415,0.343266,1.180004,1.088389,0.752993,2.309026,-1.626362,-1.972237,-0.719291,-0.583582,1.970219,-1.272417,1.605501,-1.432270,2.675233,0.142495,2.482249,1,1,1.0000,1.0000,-14.2216,-66.1437,-6.0000,-26.2000,0.040000,0.270766,0,0,1,1,0,0,0.0000,0.0000,,,,,2318,2318,0,0,2258,2269,60,36,0,13,0.53208,0.53887,,,,,,,,,,,,,,,,,,,,,,,140357.6165,1731,1731,0,0
1788271861.1136,G_left_centre_left_right,G,left,0,left_right,,centre,827,146.6000,344.2000,59.3000,217.1000,218.9000,0.0000,345.0000,316.7000,24.2000,0.0000,148.2000,0.0000,110.0000,0.0000,0.28100,-0.24800,0.91200,22.92000,-0.01000,-89.63000,-0.95600,0.00500,0.22400,1.42000,-0.20000,-2.27000,30.3,22.2,1.0,0.0,0.736533,0.326279,1.316592,-0.734491,0.344849,1.178264,-0.089600,0.486000,0.869300,0.003200,0.133500,0.542300,0.828800,0.034500,0.736157,0.327954,1.315691,-0.731999,0.343632,1.179408,1.089070,0.752604,2.308772,-1.627552,-1.972754,-0.720015,-0.582807,1.970352,-1.272449,1.606138,-1.430395,2.675283,0.144942,2.482071,1,1,1.0000,1.0000,-18.8066,-67.4055,-6.7000,-26.3000,0.040000,0.270766,0,0,1,1,0,0,0.0000,0.0000,,,,,2320,2320,0,0,2260,2271,60,36,0,13,0.53225,0.53971,,,,,,,,,,,,,,,,,,,,,,,140357.6365,1733,1733,0,0
1788271861.1328,G_left_centre_left_right,G,left,0,left_right,,centre,828,146.3000,344.2000,59.3000,217.1000,218.9000,0.0000,345.0000,316.7000,24.2000,0.0000,148.2000,0.0000,110.0000,0.0000,0.25500,-0.18300,0.89600,31.20000,-4.15000,-95.04000,-0.97000,-0.00200,0.22900,-2.21000,-0.39000,-0.06000,31.2,21.9,1.0,0.0,0.736434,0.326056,1.316327,-0.734848,0.345007,1.178089,-0.089600,0.486000,0.869300,0.003200,0.133500,0.542300,0.828800,0.034500,0.736157,0.327954,1.315691,-0.731999,0.343632,1.179408,1.089332,0.752256,2.308608,-1.628342,-1.972949,-0.720273,-0.582281,1.970470,-1.272454,1.606650,-1.429072,2.675333,0.146311,2.481938,1,1,1.0000,1.0000,-19.9449,-67.0011,-7.0000,-26.3000,0.040000,0.270766,0,0,1,1,0,0,0.0000,0.0000,,,,,2321,2321,0,0,2261,2272,60,36,0,13,0.53225,0.53971,,,,,,,,,,,,,,,,,,,,,,,140357.6556,1734,1734,0,0
1788271861.1524,G_left_centre_left_right,G,left,0,left_right,,centre,829,146.3000,344.2000,59.3000,217.1000,218.9000,0.0000,345.0000,316.7000,24.2000,0.0000,148.2000,0.0000,110.0000,0.0000,0.25500,-0.18300,0.89600,31.20000,-4.15000,-95.04000,-0.97000,-0.00200,0.22900,-2.21000,-0.39000,-0.06000,31.2,21.9,1.0,0.0,0.736434,0.326056,1.316327,-0.734848,0.345007,1.178089,-0.089600,0.486000,0.869300,0.003200,0.133500,0.542300,0.828800,0.034500,0.736157,0.327954,1.315691,-0.731999,0.343632,1.179408,1.089332,0.752256,2.308608,-1.628342,-1.972949,-0.720273,-0.582281,1.970470,-1.272454,1.606650,-1.429072,2.675333,0.146311,2.481938,1,1,1.0000,1.0000,-19.9449,-67.0011,-7.0000,-26.3000,0.040000,0.270766,0,0,1,1,0,0,0.0000,0.0000,,,,,2321,2321,0,0,2261,2272,60,36,0,13,0.53225,0.53971,,,,,,,,,,,,,,,,,,,,,,,140357.6753,1734,1734,0,0
1788271861.1750,G_left_centre_left_right,G,left,0,left_right,,centre,830,145.9000,344.2000,59.3000,217.1000,218.9000,0.0000,345.0000,316.7000,24.2000,0.0000,148.3000,0.0000,110.0000,0.0000,0.28100,-0.08300,0.89800,34.04000,-7.17000,-92.96000,-0.97200,-0.00200,0.22700,-5.55000,-0.78000,-1.18000,31.2,22.1,1.0,0.0,0.736423,0.325795,1.316335,-0.735183,0.345154,1.177922,-0.089600,0.486000,0.869300,0.003200,0.133500,0.542300,0.828800,0.034500,0.736155,0.327019,1.316045,-0.733066,0.344180,1.178786,1.089706,0.751481,2.308370,-1.629691,-1.973416,-0.720457,-0.581435,1.970685,-1.272437,1.607603,-1.426770,2.675432,0.148413,2.481705,1,1,1.0000,1.0000,-18.1756,-66.9980,-7.4000,-26.3000,0.040000,0.270779,0,0,1,1,0,0,0.0000,0.0000,,,,,2322,2322,0,0,2262,2273,60,36,0,13,0.53225,0.53971,,,,,,,,,,,,,,,,,,,,,,,140357.6978,1735,1735,0,0
1788271861.1930,G_left_centre_left_right,G,left,0,left_right,,centre,831,145.3000,344.2000,59.3000,217.1000,218.9000,0.0000,345.2000,316.7000,24.2000,0.0000,148.3000,0.0000,110.0000,0.0000,0.36900,-0.03800,0.87900,29.39000,-9.15000,-86.45000,-0.93900,-0.01500,0.21200,-9.11000,-0.67000,0.81000,31.6,22.1,1.0,0.0,0.736739,0.325224,1.317610,-0.735443,0.345258,1.177790,-0.089600,0.486000,0.869300,0.003200,0.133500,0.542300,0.828800,0.034500,0.736155,0.327019,1.316045,-0.733066,0.344180,1.178786,1.090246,0.750847,2.308167,-1.631118,-1.974238,-0.720867,-0.580623,1.970803,-1.272419,1.608168,-1.425358,2.675495,0.149794,2.481572,1,1,1.0000,1.0000,-12.5928,-66.2057,-8.0000,-26.3000,0.040000,0.270779,0,0,1,1,0,0,0.0000,0.0000,,,,,2323,2323,0,0,2263,2274,60,36,0,13,0.53225,0.53971,,,,,,,,,,,,,,,,,,,,,,,140357.7158,1737,1737,0,0
1788271861.2204,G_left_centre_left_right,G,left,0,left_right,,centre,832,145.0000,344.2000,59.3000,217.1000,218.9000,0.0000,345.2000,316.7000,24.2000,0.0000,148.0000,0.0000,110.0000,0.0000,0.34800,0.03400,0.78800,13.51000,0.36000,-78.19000,-0.94600,-0.02800,0.20200,-7.31000,-0.91000,3.03000,30.7,23.1,1.0,0.0,0.736917,0.324954,1.318403,-0.735093,0.345077,1.177966,-0.089600,0.486000,0.869300,0.003200,0.133500,0.542300,0.828800,0.034500,0.736155,0.327019,1.316045,-0.733066,0.344180,1.178786,1.090846,0.749735,2.307791,-1.633195,-1.975833,-0.721359,-0.579372,1.971006,-1.272381,1.609179,-1.422783,2.675615,0.152617,2.481332,1,1,1.0000,1.0000,-11.1165,-65.4045,-8.3000,-26.3000,0.040000,0.270740,0,0,1,1,0,0,0.0000,0.0000,,,,,2325,2325,0,0,2265,2276,60,36,0,13,0.53199,0.54051,,,,,,,,,,,,,,,,,,,,,,,140357.7432,1738,1738,0,0
1788271861.2411,G_left_centre_left_right,G,left,0,left_right,,centre,833,144.7000,344.2000,59.3000,217.1000,218.9000,0.0000,345.2000,316.8000,24.2000,0.0000,148.1000,0.0000,110.0000,0.0000,0.34400,-0.01900,0.85400,5.96000,4.68000,-73.36000,-0.94900,-0.03600,0.21000,-3.54000,-0.01000,4.97000,30.6,22.3,1.0,0.0,0.736974,0.324719,1.318667,-0.734477,0.344788,1.178270,-0.089600,0.486000,0.869300,0.003200,0.133500,0.542300,0.828800,0.034500,0.736314,0.325854,1.316765,-0.734506,0.344880,1.177907,1.090950,0.749325,2.307654,-1.633777,-1.976455,-0.721435,-0.578952,1.971064,-1.272370,1.609535,-1.421792,2.675659,0.153720,2.481253,1,1,1.0000,1.0000,-13.3252,-64.9671,-8.6000,-26.2000,0.040000,0.270753,0,0,1,1,0,0,0.0000,0.0000,,,,,2326,2326,0,0,2266,2277,60,36,0,13,0.53199,0.54051,,,,,,,,,,,,,,,,,,,,,,,140357.7639,1739,1739,0,0
1788271861.2673,G_left_centre_left_right,G,left,0,left_right,,centre,834,144.5000,344.2000,59.3000,217.1000,218.9000,0.0000,345.2000,316.8000,24.2000,0.0000,148.1000,0.0000,110.6000,0.0000,0.35700,-0.02700,0.86400,4.37000,4.85000,-69.03000,-0.95600,-0.04200,0.21100,-0.27000,1.74000,4.46000,29.9,22.5,1.0,0.0,0.737028,0.324508,1.318936,-0.733691,0.344415,1.178663,-0.089600,0.486000,0.869300,0.003200,0.133500,0.542300,0.828800,0.034500,0.736314,0.325854,1.316765,-0.734506,0.344880,1.177907,1.090975,0.748844,2.307497,-1.634319,-1.977239,-0.721435,-0.578492,1.971119,-1.272358,1.609875,-1.420842,2.675702,0.154777,2.481178,1,1,1.0000,1.0000,-12.8592,-64.6306,-8.8000,-26.2000,0.040000,0.270753,0,0,1,1,0,0,0.0000,0.0000,,,,,2327,2327,0,0,2267,2278,60,36,0,13,0.53176,0.54162,,,,,,,,,,,,,,,,,,,,,,,140357.7902,1740,1740,0,0
1788271861.2694,G_left_centre_left_right,G,left,0,left_right,,centre,835,144.2000,344.2000,59.3000,217.1000,218.9000,0.0000,345.2000,316.8000,24.2000,0.0000,148.2000,0.0000,110.8000,0.0000,0.37900,0.00400,0.87000,0.15000,4.69000,-65.16000,-0.96900,-0.03500,0.22000,1.35000,3.18000,3.33000,29.9,22.5,1.0,0.0,0.737104,0.324288,1.319340,-0.733316,0.344241,1.178846,-0.089600,0.486000,0.869300,0.003200,0.133500,0.542300,0.828800,0.034500,0.736314,0.325854,1.316765,-0.734506,0.344880,1.177907,1.090999,0.748362,2.307339,-1.634864,-1.978026,-0.721434,-0.578031,1.971145,-1.272352,1.610033,-1.420120,2.675729,0.155618,2.481133,1,1,1.0000,1.0000,-11.6013,-65.0848,-9.1000,-26.2000,0.040000,0.270766,0,0,1,1,0,0,0.0000,0.0000,,,,,2328,2328,0,0,2268,2279,60,36,0,13,0.53176,0.54162,,,,,,,,,,,,,,,,,,,,,,,140357.7922,1741,1741,0,0
1788271861.2885,G_left_centre_left_right,G,left,0,left_right,,centre,836,143.9000,344.2000,59.3000,217.1000,218.9000,0.0000,345.1000,316.8000,24.2000,0.0000,148.2000,0.0000,111.3000,0.0000,0.38500,0.01500,0.90200,-3.82000,5.05000,-59.18000,-0.96000,-0.03700,0.21400,2.39000,3.79000,2.66000,30.4,22.4,1.0,0.0,0.737145,0.324076,1.319599,-0.732888,0.344040,1.179056,-0.089600,0.486000,0.869300,0.003200,0.133500,0.542300,0.828800,0.034500,0.736314,0.325854,1.316765,-0.734506,0.344880,1.177907,1.091058,0.745641,2.306464,-1.638105,-1.982437,-0.721393,-0.575370,1.971151,-1.272345,1.610126,-1.419123,2.675789,0.157219,2.481061,1,1,1.0000,1.0000,-11.9636,-64.9383,-9.4000,-26.2000,0.040000,0.270766,0,0,1,1,0,0,0.0000,0.0000,,,,,2329,2329,0,0,2269,2280,60,36,0,13,0.53176,0.54162,,,,,,,,,,,,,,,,,,,,,,,140357.8113,1742,1742,0,0
1788271861.3130,G_left_centre_left_right,G,left,0,left_right,,centre,837,143.5000,344.2000,59.3000,217.1000,218.9000,0.0000,345.1000,316.8000,24.2000,0.0000,148.2000,0.0000,111.7000,0.0000,0.39600,0.01600,0.91100,-6.79000,6.31000,-54.40000,-0.95100,-0.03700,0.22300,2.24000,3.83000,3.83000,29.8,22.0,1.0,0.0,0.737180,0.323850,1.319858,-0.732520,0.343867,1.179237,-0.089600,0.486000,0.869300,0.003200,0.133500,0.542300,0.828800,0.034500,0.736808,0.324866,1.318307,-0.734586,0.344964,1.177630,1.091079,0.744599,2.306114,-1.639433,-1.984016,-0.721379,-0.574295,1.971097,-1.272355,1.609833,-1.420171,2.675781,0.156128,2.481099,1,1,1.0000,1.0000,-11.5812,-64.9454,-9.8000,-26.2000,0.040000,0.270766,0,0,1,1,0,0,0.0000,0.0000,,,,,2330,2330,0,0,2270,2281,60,36,0,13,0.53176,0.54162,,,,,,,,,,,,,,,,,,,,,,,140357.8358,1743,1743,0,0
1788271861.3316,G_left_centre_left_right,G,left,0,left_right,,centre,838,143.3000,344.2000,59.3000,217.1000,218.9000,0.0000,345.0000,316.8000,24.2000,0.0000,148.2000,0.0000,111.3000,0.0000,0.38200,0.00500,0.89100,-8.34000,9.34000,-49.60000,-0.95400,-0.03800,0.23000,3.37000,3.27000,4.76000,29.6,22.3,1.0,0.0,0.737191,0.323649,1.320009,-0.732166,0.343700,1.179411,-0.089600,0.486000,0.869300,0.003200,0.133500,0.542300,0.828800,0.034500,0.736808,0.324866,1.318307,-0.734586,0.344964,1.177630,1.091092,0.744056,2.305926,-1.640129,-1.984824,-0.721374,-0.573725,1.971061,-1.272362,1.609642,-1.420930,2.675772,0.155246,2.481128,1,1,1.0000,1.0000,-11.9278,-64.9029,-10.0000,-26.2000,0.040000,0.270766,0,0,1,1,0,0,0.0000,0.0000,,,,,2331,2331,0,0,2271,2282,60,36,0,13,0.53185,0.54180,,,,,,,,,,,,,,,,,,,,,,,140357.8544,1744,1744,0,0
1788271861.3492,G_left_centre_left_right,G,left,0,left_right,,centre,839,143.1000,344.2000,59.3000,217.1000,218.9000,0.0000,345.0000,316.8000,24.2000,0.0000,148.2000,0.0000,110.9000,0.0000,0.34100,0.00000,0.86900,-10.85000,13.96000,-46.40000,-0.95100,-0.04300,0.21800,3.62000,2.37000,4.76000,28.2,22.7,1.0,0.0,0.737138,0.323477,1.319874,-0.731644,0.343451,1.179673,-0.089600,0.486000,0.869300,0.003200,0.133500,0.542300,0.828800,0.034500,0.736808,0.324866,1.318307,-0.734586,0.344964,1.177630,1.091184,0.742748,2.305428,-1.641949,-1.986694,-0.721406,-0.572251,1.970936,-1.272389,1.608969,-1.423497,2.675736,0.152175,2.481232,1,1,1.0000,1.0000,-13.7288,-64.5832,-10.2000,-26.2000,0.040000,0.270766,0,0,1,1,0,0,0.0000,0.0000,,,,,2331,2332,0,0,2271,2283,60,36,0,13,0.53185,0.54180,,,,,,,,,,,,,,,,,,,,,,,140357.8720,1745,1745,0,0
1788271861.3698,G_left_centre_left_right,G,left,0,left_right,,centre,840,142.9000,344.2000,59.3000,217.1000,218.9000,0.0000,345.0000,316.8000,24.2000,0.0000,148.2000,0.0000,110.7000,0.0000,0.34800,-0.03100,0.89600,-12.66000,15.73000,-42.36000,-0.94300,-0.03100,0.22600,2.42000,1.92000,4.31000,27.2,22.3,1.0,0.0,0.737080,0.323319,1.319719,-0.731562,0.343416,1.179710,-0.089600,0.486000,0.869300,0.003200,0.133500,0.542300,0.828800,0.034500,0.737038,0.323870,1.319656,-0.733500,0.344344,1.178706,1.091320,0.742049,2.305125,-1.643019,-1.987662,-0.721485,-0.571405,1.970835,-1.272410,1.608411,-1.425439,2.675707,0.149864,2.481318,1,1,1.0000,1.0000,-14.0951,-65.2886,-10.4000,-26.2000,0.040000,0.270766,0,0,1,1,0,0,0.0000,0.0000,,,,,2333,2333,0,0,2273,2284,60,36,0,13,0.53185,0.54180,,,,,,,,,,,,,,,,,,,,,,,140357.8927,1746,1746,0,0
1788271861.4209,G_left_centre_left_right,G,left,0,left_right,,centre,841,142.7000,344.2000,59.3000,217.1000,218.9000,0.0000,345.0000,316.8000,24.2000,0.0000,148.1000,0.0000,110.5000,0.0000,0.31000,-0.07800,0.83300,-8.39000,14.64000,-42.35000,-0.95500,-0.03800,0.23300,0.01000,1.04000,4.17000,27.6,22.7,1.0,0.0,0.736995,0.323175,1.319458,-0.731320,0.343302,1.179831,-0.089600,0.486000,0.869300,0.003200,0.133500,0.542300,0.828800,0.034500,0.737038,0.323870,1.319656,-0.733500,0.344344,1.178706,1.091634,0.741598,2.304875,-1.643875,-1.988227,-0.721683,-0.570802,1.970717,-1.272434,1.607761,-1.427536,2.675672,0.147529,2.481420,1,1,1.0000,1.0000,-15.1560,-64.9077,-10.6000,-26.2000,0.040000,0.270753,0,0,1,1,0,0,0.0000,0.0000,,,,,2333,2333,0,0,2273,2284,60,36,0,13,0.53185,0.54180,,,,,,,,,,,,,,,,,,,,,,,140357.9438,1747,1747,0,0
1788271861.4298,G_left_centre_left_right,G,left,0,left_right,,centre,842,142.4000,344.2000,59.3000,217.1000,218.9000,0.0000,345.1000,316.8000,24.2000,0.0000,148.1000,0.0000,110.2000,0.0000,0.31700,-0.02700,0.88000,-10.94000,19.37000,-39.41000,-0.94400,-0.04500,0.22800,-3.36000,-1.66000,3.11000,29.9,23.1,1.0,0.0,0.736878,0.322918,1.319147,-0.730713,0.343012,1.180138,-0.089600,0.486000,0.869300,0.003200,0.133500,0.542300,0.828800,0.034500,0.737038,0.323870,1.319656,-0.733500,0.344344,1.178706,1.092142,0.741481,2.304691,-1.644507,-1.988324,-0.722007,-0.570443,1.970595,-1.272459,1.607054,-1.429642,2.675643,0.145333,2.481518,1,1,1.0000,1.0000,-15.4876,-64.4677,-10.9000,-26.2000,0.040000,0.270753,0,0,1,1,0,0,0.0000,0.0000,,,,,2335,2335,0,0,2275,2286,60,36,0,13,0.53178,0.54080,,,,,,,,,,,,,,,,,,,,,,,140357.9526,1749,1749,0,0
1788271861.4317,G_left_centre_left_right,G,left,0,left_right,,centre,843,142.4000,344.2000,59.3000,217.1000,218.9000,0.0000,345.1000,316.8000,24.2000,0.0000,148.1000,0.0000,110.2000,0.0000,0.31700,-0.02700,0.88000,-10.94000,19.37000,-39.41000,-0.94400,-0.04500,0.22800,-3.36000,-1.66000,3.11000,29.9,23.1,1.0,0.0,0.736878,0.322918,1.319147,-0.730713,0.343012,1.180138,-0.089600,0.486000,0.869300,0.003200,0.133500,0.542300,0.828800,0.034500,0.737038,0.323870,1.319656,-0.733500,0.344344,1.178706,1.092142,0.741481,2.304691,-1.644507,-1.988324,-0.722007,-0.570443,1.970595,-1.272459,1.607054,-1.429642,2.675643,0.145333,2.481518,1,1,1.0000,1.0000,-15.4876,-64.4677,-10.9000,-26.2000,0.040000,0.270753,0,0,1,1,0,0,0.0000,0.0000,,,,,2335,2335,0,0,2275,2286,60,36,0,13,0.53178,0.54080,,,,,,,,,,,,,,,,,,,,,,,140357.9545,1749,1749,0,0
1788271861.4492,G_left_centre_left_right,G,left,0,left_right,,centre,844,142.2000,344.2000,59.3000,217.1000,218.9000,0.0000,345.1000,316.8000,24.2000,0.0000,148.2000,0.0000,110.1000,0.0000,0.32900,-0.05100,0.88100,-8.19000,19.31000,-37.69000,-0.94500,-0.03900,0.21000,-4.10000,-1.80000,1.91000,29.6,22.8,1.0,0.0,0.736828,0.322790,1.319028,-0.730499,0.342911,1.180244,-0.089600,0.486000,0.869300,0.003200,0.133500,0.542300,0.828800,0.034500,0.737007,0.323194,1.319477,-0.731894,0.343530,1.179823,1.093171,0.741592,2.304424,-1.645491,-1.988014,-0.722709,-0.569914,1.970350,-1.272508,1.605666,-1.432970,2.675599,0.142048,2.481704,1,1,1.0000,1.0000,-14.9455,-64.7840,-11.1000,-26.2000,0.040000,0.270766,0,0,1,1,0,0,0.0000,0.0000,,,,,2337,2337,0,0,2277,2288,60,36,0,13,0.53178,0.54080,,,,,,,,,,,,,,,,,,,,,,,140357.9721,1750,1750,0,0
1788271861.4934,G_left_centre_left_right,G,left,0,left_right,,centre,845,141.8000,344.2000,59.3000,217.1000,218.9000,0.0000,345.1000,316.7000,24.2000,0.0000,148.2000,0.0000,110.0000,0.0000,0.33300,0.02100,0.91900,-5.30000,18.24000,-35.34000,-0.93900,-0.03500,0.22500,-2.82000,-2.82000,0.10000,31.3,22.7,1.0,0.0,0.736729,0.322534,1.318814,-0.730250,0.342775,1.180368,-0.089600,0.486000,0.869300,0.003200,0.133500,0.542300,0.828800,0.034500,0.737007,0.323194,1.319477,-0.731894,0.343530,1.179823,1.093529,0.741677,2.304328,-1.645792,-1.987932,-0.722934,-0.569738,1.970248,-1.272526,1.605057,-1.434073,2.675582,0.140980,2.481784,1,1,1.0000,1.0000,-15.1084,-65.0437,-11.5000,-26.3000,0.040000,0.270766,0,0,1,1,0,0,0.0000,0.0000,,,,,2338,2338,0,0,2278,2289,60,36,0,13,0.53152,0.53955,,,,,,,,,,,,,,,,,,,,,,,140358.0162,1752,1752,0,0
1788271861.4950,G_left_centre_left_right,G,left,0,left_right,,centre,846,141.8000,344.2000,59.3000,217.1000,218.9000,0.0000,345.1000,316.7000,24.2000,0.0000,148.2000,0.0000,110.0000,0.0000,0.33300,0.02100,0.91900,-5.30000,18.24000,-35.34000,-0.93900,-0.03500,0.22500,-2.82000,-2.82000,0.10000,31.3,22.7,1.0,0.0,0.736729,0.322534,1.318814,-0.730250,0.342775,1.180368,-0.089600,0.486000,0.869300,0.003200,0.133500,0.542300,0.828800,0.034500,0.737007,0.323194,1.319477,-0.731894,0.343530,1.179823,1.093529,0.741677,2.304328,-1.645792,-1.987932,-0.722934,-0.569738,1.970248,-1.272526,1.605057,-1.434073,2.675582,0.140980,2.481784,1,1,1.0000,1.0000,-15.1084,-65.0437,-11.5000,-26.3000,0.040000,0.270766,0,0,1,1,0,0,0.0000,0.0000,,,,,2338,2338,0,0,2278,2289,60,36,0,13,0.53152,0.53955,,,,,,,,,,,,,,,,,,,,,,,140358.0178,1752,1752,0,0
1788271861.5129,G_left_centre_left_right,G,left,0,left_right,,centre,847,141.2000,344.2000,59.3000,217.1000,218.9000,0.0000,345.0000,316.7000,24.0000,0.0000,148.1000,0.0000,106.0000,0.0000,0.27100,-0.03700,0.93100,6.81000,6.88000,5.53000,-0.93300,-0.01700,0.20300,-2.38000,-1.79000,-2.90000,30.8,21.9,1.0,0.0,0.736535,0.322395,1.318263,-0.730566,0.342915,1.180213,-0.089600,0.486000,0.869300,0.003200,0.133500,0.542300,0.828800,0.034500,0.737007,0.323194,1.319477,-0.731894,0.343530,1.179823,1.094118,0.741815,2.304173,-1.646254,-1.987760,-0.723311,-0.569442,1.970116,-1.272549,1.604446,-1.435395,2.675560,0.139622,2.481888,1,1,1.0000,1.0000,-19.0990,-66.0554,-12.1000,-26.3000,0.040000,0.270720,0,0,1,1,0,0,0.0000,0.0000,,,,,2339,2339,0,0,2279,2290,60,36,0,13,0.53152,0.53955,,,,,,,,,,,,,,,,,,,,,,,140358.0357,1753,1753,0,0
1788271861.5318,G_left_centre_left_right,G,left,0,left_right,,centre,848,141.3000,344.2000,59.3000,217.1000,218.9000,0.0000,345.0000,316.7000,24.1000,0.0000,148.0000,0.0000,104.3000,0.0000,0.27400,-0.04100,0.92700,4.11000,9.31000,5.74000,-0.93600,-0.01300,0.20200,-1.54000,-0.80000,-3.20000,30.1,21.4,1.0,0.0,0.736386,0.322291,1.317836,-0.730996,0.343111,1.180002,-0.089600,0.486000,0.869300,0.003200,0.133500,0.542300,0.828800,0.034500,0.736848,0.322787,1.319016,-0.730834,0.343056,1.180238,1.094850,0.741966,2.304017,-1.647055,-1.987600,-0.723806,-0.569010,1.969971,-1.272569,1.603820,-1.436866,2.675541,0.138143,2.481992,1,1,1.0000,1.0000,-18.8834,-66.2910,-12.0000,-26.3000,0.040000,0.270723,0,0,1,1,0,0,0.0000,0.0000,,,,,2341,2341,0,0,2281,2292,60,36,0,13,0.53124,0.53881,,,,,,,,,,,,,,,,,,,,,,,140358.0547,1754,1754,0,0
1788271861.5595,G_left_centre_left_right,G,left,0,left_right,,centre,849,141.4000,344.2000,59.3000,217.1000,218.9000,0.0000,345.0000,316.7000,24.2000,0.0000,148.0000,0.0000,105.1000,0.0000,0.27200,-0.04300,0.92300,1.63000,12.48000,3.89000,-0.94000,-0.01400,0.21300,-1.50000,0.11000,-3.15000,29.8,21.8,1.0,0.0,0.736261,0.322216,1.317468,-0.731397,0.343293,1.179802,-0.089600,0.486000,0.869300,0.003200,0.133500,0.542300,0.828800,0.034500,0.736848,0.322787,1.319016,-0.730834,0.343056,1.180238,1.095061,0.742032,2.303986,-1.647270,-1.987536,-0.723965,-0.568886,1.969939,-1.272569,1.603632,-1.437249,2.675543,0.137791,2.482010,1,1,1.0000,1.0000,-18.9406,-66.2680,-11.9000,-26.3000,0.040000,0.270740,0,0,1,1,0,0,0.0000,0.0000,,,,,2341,2341,0,0,2281,2292,60,36,0,13,0.53124,0.53881,,,,,,,,,,,,,,,,,,,,,,,140358.0824,1755,1755,0,0
1788271861.5735,G_left_centre_left_right,G,left,0,left_right,,centre,850,141.5000,344.2000,59.3000,217.1000,218.9000,0.0000,345.0000,316.7000,24.2000,0.0000,147.9000,0.0000,103.5000,0.0000,0.24000,-0.04400,0.93900,1.31000,15.27000,1.15000,-0.94100,-0.00500,0.20900,-1.83000,0.95000,-3.11000,29.4,22.1,1.0,0.0,0.736084,0.322188,1.316954,-0.732049,0.343599,1.179484,-0.089600,0.486000,0.869300,0.003200,0.133500,0.542300,0.828800,0.034500,0.736848,0.322787,1.319016,-0.730834,0.343056,1.180238,1.095819,0.742605,2.303993,-1.647492,-1.986717,-0.724571,-0.568826,1.969913,-1.272561,1.603469,-1.437630,2.675571,0.137494,2.482002,1,1,1.0000,1.0000,-21.0173,-66.7910,-11.8000,-26.3000,0.040000,0.270726,0,0,1,1,0,0,0.0000,0.0000,,,,,2343,2343,0,0,2283,2294,60,36,0,13,0.53124,0.53881,,,,,,,,,,,,,,,,,,,,,,,140358.0963,1756,1756,0,0
1788271861.5892,G_left_centre_left_right,G,left,0,left_right,,centre,851,141.5000,344.2000,59.3000,217.1000,218.9000,0.0000,345.0000,316.7000,24.2000,0.0000,147.9000,0.0000,102.4000,0.0000,0.21900,-0.05500,0.92800,0.85000,15.53000,-0.72000,-0.94500,-0.01200,0.21800,-2.16000,2.28000,-3.15000,29.5,22.6,1.0,0.0,0.735896,0.322175,1.316420,-0.732367,0.343745,1.179327,-0.089600,0.486000,0.869300,0.003200,0.133500,0.542300,0.828800,0.034500,0.736525,0.322395,1.318160,-0.730447,0.342861,1.180419,1.096127,0.742836,2.304000,-1.647563,-1.986347,-0.724807,-0.568819,1.969926,-1.272555,1.603617,-1.437274,2.675586,0.137870,2.481978,1,1,1.0000,1.0000,-22.1268,-66.3995,-11.8000,-26.3000,0.040000,0.270726,0,0,1,1,0,0,0.0000,0.0000,,,,,2344,2344,0,0,2284,2295,60,36,0,13,0.53124,0.53854,,,,,,,,,,,,,,,,,,,,,,,140358.1120,1757,1757,0,0
1788271861.6133,G_left_centre_left_right,G,left,0,left_right,,centre,852,141.6000,344.2000,59.3000,217.1000,218.9000,0.0000,345.0000,316.8000,24.2000,0.0000,147.9000,0.0000,101.3000,0.0000,0.20000,-0.06100,0.93500,0.87000,13.81000,-2.34000,-0.93000,-0.01400,0.21100,-2.21000,3.21000,-3.80000,30.1,23.2,1.0,0.0,0.735685,0.322187,1.315837,-0.732565,0.343854,1.179226,-0.089600,0.486000,0.869300,0.003200,0.133500,0.542300,0.828800,0.034500,0.736525,0.322395,1.318160,-0.730447,0.342861,1.180419,1.097065,0.743769,2.304081,-1.647674,-1.984957,-0.725563,-0.568888,1.969993,-1.272528,1.604195,-1.435662,2.675646,0.139580,2.481880,1,1,1.0000,1.0000,-23.3517,-66.2598,-11.7000,-26.2000,0.040000,0.270726,0,0,1,1,0,0,0.0000,0.0000,,,,,2345,2345,0,0,2285,2296,60,36,0,13,0.53081,0.53854,,,,,,,,,,,,,,,,,,,,,,,140358.1361,1758,1758,0,0
1788271861.6334,G_left_centre_left_right,G,left,0,left_right,,centre,853,141.6000,344.2000,59.3000,217.1000,218.9000,0.0000,344.9000,317.1000,24.2000,0.0000,147.9000,0.0000,100.7000,0.0000,0.20800,-0.06100,0.94600,-0.29000,11.13000,-2.92000,-0.93600,-0.01100,0.22300,-1.36000,4.24000,-4.38000,31.6,23.1,1.0,0.0,0.735507,0.322194,1.315341,-0.732861,0.344093,1.179060,-0.089600,0.486000,0.869300,0.003200,0.133500,0.542300,0.828800,0.034500,0.736525,0.322395,1.318160,-0.730447,0.342861,1.180419,1.097613,0.744458,2.304166,-1.647644,-1.983996,-0.726019,-0.568992,1.970060,-1.272504,1.604697,-1.434214,2.675710,0.141131,2.481781,1,1,1.0000,1.0000,-23.0232,-66.4634,-11.7000,-25.9000,0.040000,0.270726,0,0,1,1,0,0,0.0000,0.0000,,,,,2346,2346,0,0,2286,2297,60,36,0,13,0.53081,0.53854,,,,,,,,,,,,,,,,,,,,,,,140358.1562,1759,1759,0,0
1788271861.6497,G_left_centre_left_right,G,left,0,left_right,,centre,854,141.7000,344.2000,59.3000,217.1000,218.9000,0.0000,344.8000,317.0000,24.2000,0.0000,147.8000,0.0000,99.8000,0.0000,0.23200,-0.01600,0.93500,-4.17000,9.39000,-5.75000,-0.87900,-0.01300,0.17000,-2.13000,7.05000,-2.98000,33.2,23.6,1.0,0.0,0.735458,0.322194,1.315176,-0.732937,0.344170,1.179015,-0.089600,0.486000,0.869300,0.003200,0.133500,0.542300,0.828800,0.034500,0.735909,0.322206,1.316652,-0.731547,0.343406,1.179621,1.098184,0.745261,2.304274,-1.647546,-1.982912,-0.726496,-0.569142,1.970143,-1.272483,1.605244,-1.432621,2.675766,0.142839,2.481680,1,1,1.0000,1.0000,-21.2747,-66.1272,-11.6000,-26.0000,0.040000,0.270713,0,0,1,1,0,0,0.0000,0.0000,,,,,2347,2347,0,0,2287,2298,60,36,0,13,0.53081,0.53854,,,,,,,,,,,,,,,,,,,,,,,140358.1725,1760,1760,0,0
1788271861.6689,G_left_centre_left_right,G,left,0,left_right,,centre,855,141.7000,344.2000,59.3000,217.1000,218.9000,0.0000,344.7000,316.9000,24.2000,0.0000,147.8000,0.0000,95.8000,0.0000,0.27100,-0.06600,0.91300,-9.31000,10.08000,-0.76000,-1.00300,-0.05100,0.23400,6.63000,14.95000,-3.50000,33.4,23.7,1.0,0.0,0.735509,0.322174,1.315296,-0.731965,0.343723,1.179512,-0.089600,0.486000,0.869300,0.003200,0.133500,0.542300,0.828800,0.034500,0.735909,0.322206,1.316652,-0.731547,0.343406,1.179621,1.098815,0.746175,2.304389,-1.647393,-1.981725,-0.727001,-0.569329,1.970277,-1.272477,1.605834,-1.430879,2.675816,0.144584,2.481554,1,1,1.0000,1.0000,-18.9382,-64.2785,-11.6000,-26.1000,0.040000,0.270713,0,0,1,1,0,0,0.0000,0.0000,,,,,2348,2348,0,0,2288,2299,60,36,0,13,0.53020,0.53941,,,,,,,,,,,,,,,,,,,,,,,140358.1917,1761,1761,0,0
1788271861.6886,G_left_centre_left_right,G,left,0,left_right,,centre,856,141.8000,344.2000,59.3000,217.1000,218.9000,0.0000,344.7000,316.9000,24.2000,0.0000,147.7000,0.0000,99.2000,0.0000,0.22400,-0.07000,0.91500,-12.07000,6.18000,0.91000,-0.90100,0.00700,0.23800,11.19000,10.92000,-1.56000,34.0,25.0,1.0,0.0,0.735449,0.322190,1.315107,-0.733139,0.344324,1.178941,-0.089600,0.486000,0.869300,0.003200,0.133500,0.542300,0.828800,0.034500,0.735909,0.322206,1.316652,-0.731547,0.343406,1.179621,1.099146,0.746649,2.304445,-1.647308,-1.981122,-0.727256,-0.569428,1.970470,-1.272481,1.606493,-1.428983,2.675872,0.146349,2.481395,1,1,1.0000,1.0000,-21.7206,-67.5312,-11.5000,-26.1000,0.040000,0.270699,0,0,1,1,0,0,0.0000,0.0000,,,,,2349,2349,0,0,2289,2300,60,36,0,13,0.53020,0.53941,,,,,,,,,,,,,,,,,,,,,,,140358.2115,1762,1762,0,0
1788271861.7155,G_left_centre_left_right,G,left,0,left_right,,centre,857,141.8000,344.2000,59.3000,217.1000,218.9000,0.0000,344.6000,316.9000,24.1000,0.0000,147.7000,0.0000,96.4000,0.0000,0.18000,-0.06400,0.96900,-11.19000,5.81000,-4.74000,-0.91100,0.01200,0.18000,3.04000,10.20000,-4.47000,35.3,26.8,1.0,0.0,0.735261,0.322231,1.314624,-0.734270,0.344900,1.178398,-0.089600,0.486000,0.869300,0.003200,0.133500,0.542300,0.828800,0.034500,0.735403,0.322169,1.315293,-0.732794,0.344087,1.178817,1.099644,0.747296,2.304445,-1.647209,-1.980504,-0.727566,-0.569533,1.970573,-1.272490,1.606970,-1.427830,2.675885,0.147287,2.481322,1,1,1.0000,1.0000,-24.8998,-67.7154,-11.5000,-26.1000,0.040000,0.270682,0,0,1,1,0,0,0.0000,0.0000,,,,,2350,2350,0,0,2290,2301,60,36,0,13,0.53020,0.53941,,,,,,,,,,,,,,,,,,,,,,,140358.2383,1763,1763,0,0
1788271861.7291,G_left_centre_left_right,G,left,0,left_right,,centre,858,141.8000,344.2000,59.3000,217.1000,218.9000,0.0000,344.6000,316.8000,24.1000,0.0000,148.4000,0.0000,93.8000,0.0000,0.24200,-0.10300,0.96400,-10.56000,8.36000,1.53000,-1.06700,-0.03200,0.21900,3.63000,16.06000,3.53000,36.7,28.6,1.0,0.0,0.735246,0.322237,1.314555,-0.733984,0.344751,1.178532,-0.089600,0.486000,0.869300,0.003200,0.133500,0.542300,0.828800,0.034500,0.735403,0.322169,1.315293,-0.732794,0.344087,1.178817,1.099910,0.747568,2.304444,-1.647121,-1.980324,-0.727685,-0.569608,1.970616,-1.272489,1.607139,-1.427371,2.675900,0.147485,2.481302,1,1,1.0000,1.0000,-21.4932,-65.3452,-11.5000,-26.2000,0.040000,0.270775,0,0,1,1,0,0,0.0000,0.0000,,,,,2351,2351,0,0,2291,2302,60,36,0,13,0.53020,0.54031,,,,,,,,,,,,,,,,,,,,,,,140358.2520,1764,1764,0,0
1788271861.7504,G_left_centre_left_right,G,left,0,left_right,,centre,859,141.7000,344.2000,59.3000,217.1000,218.9000,0.0000,344.6000,316.8000,24.1000,0.0000,149.0000,0.0000,93.7000,0.0000,0.17600,-0.12000,0.94900,-8.53000,9.56000,4.58000,-0.89100,-0.00500,0.21600,-0.69000,13.50000,-6.43000,37.8,30.2,1.0,0.0,0.735071,0.322265,1.314119,-0.734307,0.344898,1.178352,-0.089600,0.486000,0.869300,0.003200,0.133500,0.542300,0.828800,0.034500,0.735403,0.322169,1.315293,-0.732794,0.344087,1.178817,1.100042,0.747662,2.304449,-1.647029,-1.980380,-0.727735,-0.569670,1.970697,-1.272478,1.607163,-1.427551,2.675929,0.147004,2.481244,1,1,1.0000,1.0000,-25.1113,-66.8085,-11.6000,-26.2000,0.040000,0.270848,0,0,1,1,0,0,0.0000,0.0000,,,,,2351,2351,0,0,2291,2302,60,36,0,13,0.53020,0.54031,,,,,,,,,,,,,,,,,,,,,,,140358.2732,1765,1765,0,0
1788271861.7786,G_left_centre_left_right,G,left,0,left_right,,centre,860,141.7000,344.2000,59.3000,217.1000,218.9000,0.0000,344.5000,316.8000,24.0000,0.0000,149.3000,0.0000,95.2000,0.0000,0.16800,-0.07600,0.93500,-6.23000,6.20000,-1.53000,-0.96700,0.01300,0.23400,-7.84000,15.78000,-2.76000,38.3,29.9,1.0,0.0,0.734921,0.322289,1.313746,-0.735444,0.345443,1.177785,-0.089600,0.486000,0.869300,0.003200,0.133500,0.542300,0.828800,0.034500,0.735403,0.322169,1.315293,-0.732794,0.344087,1.178817,1.100237,0.747961,2.304463,-1.646903,-1.980135,-0.727858,-0.569753,1.970783,-1.272468,1.607369,-1.427844,2.675959,0.146280,2.481183,1,1,1.0000,1.0000,-25.2935,-67.8694,-11.6000,-26.2000,0.040000,0.270865,0,0,1,1,0,0,0.0000,0.0000,,,,,2353,2352,0,0,2293,2303,60,36,0,13,0.52970,0.54031,,,,,,,,,,,,,,,,,,,,,,,140358.3014,1766,1766,0,0
1788271861.7894,G_left_centre_left_right,G,left,0,left_right,,centre,861,141.6000,344.2000,59.3000,217.1000,218.9000,0.0000,344.4000,316.8000,24.0000,0.0000,149.8000,0.0000,99.8000,0.0000,0.23000,-0.10300,0.94100,-4.56000,6.49000,-0.63000,-0.96400,-0.01400,0.22900,-12.04000,15.15000,3.57000,38.3,29.4,1.0,0.0,0.734938,0.322271,1.313774,-0.735364,0.345399,1.177805,-0.089600,0.486000,0.869300,0.003200,0.133500,0.542300,0.828800,0.034500,0.735379,0.322229,1.314856,-0.733149,0.344211,1.179100,1.100347,0.748165,2.304477,-1.646831,-1.979893,-0.727931,-0.569801,1.970873,-1.272459,1.607626,-1.427791,2.675996,0.145719,2.481107,1,1,1.0000,1.0000,-21.8567,-66.3083,-11.7000,-26.2000,0.040000,0.270917,0,0,1,1,0,0,0.0000,0.0000,,,,,2354,2354,0,0,2294,2305,60,36,0,13,0.52970,0.54031,,,,,,,,,,,,,,,,,,,,,,,140358.3123,1767,1767,0,0
1788271861.8129,G_left_centre_left_right,G,left,0,left_right,,centre,862,141.6000,344.2000,59.3000,217.1000,218.9000,0.0000,344.4000,316.8000,24.0000,0.0000,149.8000,0.0000,99.8000,0.0000,0.23000,-0.10300,0.94100,-4.56000,6.49000,-0.63000,-0.96400,-0.01400,0.22900,-12.04000,15.15000,3.57000,38.3,29.4,1.0,0.0,0.734938,0.322271,1.313774,-0.735364,0.345399,1.177805,-0.089600,0.486000,0.869300,0.003200,0.133500,0.542300,0.828800,0.034500,0.735379,0.322229,1.314856,-0.733149,0.344211,1.179100,1.100347,0.748165,2.304477,-1.646831,-1.979893,-0.727931,-0.569801,1.970873,-1.272459,1.607626,-1.427791,2.675996,0.145719,2.481107,1,1,1.0000,1.0000,-21.8567,-66.3083,-11.7000,-26.2000,0.040000,0.270917,0,0,1,1,0,0,0.0000,0.0000,,,,,2354,2354,0,0,2294,2305,60,36,0,13,0.52970,0.54031,,,,,,,,,,,,,,,,,,,,,,,140358.3357,1767,1767,0,0
1788271861.8334,G_left_centre_left_right,G,left,0,left_right,,centre,863,140.8000,344.2000,59.3000,217.1000,218.9000,0.0000,344.4000,316.8000,23.9000,0.0000,150.2000,0.0000,103.1000,0.0000,0.20300,-0.07500,0.91900,-2.98000,6.60000,-5.85000,-0.86900,0.00700,0.19200,-18.29000,17.58000,-1.66000,36.5,28.7,1.0,0.0,0.734857,0.322143,1.313608,-0.736165,0.345776,1.177367,-0.089600,0.486000,0.869300,0.003200,0.133500,0.542300,0.828800,0.034500,0.735379,0.322229,1.314856,-0.733149,0.344211,1.179100,1.100892,0.749307,2.304607,-1.646491,-1.978003,-0.728399,-0.570030,1.971105,-1.272429,1.608424,-1.425768,2.676116,0.146537,2.480874,1,1,1.0000,1.0000,-23.0344,-67.5343,-12.5000,-26.2000,0.040000,0.270940,0,0,1,1,0,0,0.0000,0.0000,,,,,2356,2356,0,0,2296,2307,60,36,0,13,0.52965,0.54034,,,,,,,,,,,,,,,,,,,,,,,140358.3563,1769,1769,0,0
1788271861.8540,G_left_centre_left_right,G,left,0,left_right,,centre,864,140.5000,344.2000,59.3000,217.1000,218.9000,0.0000,344.3000,316.8000,23.9000,0.0000,150.3000,0.0000,101.7000,0.0000,0.20700,-0.08900,0.91200,-4.09000,7.29000,-5.16000,-1.00500,-0.04400,0.24000,-14.24000,18.84000,3.51000,35.9,28.3,1.0,0.0,0.734830,0.322058,1.313575,-0.735247,0.345320,1.177808,-0.089600,0.486000,0.869300,0.003200,0.133500,0.542300,0.828800,0.034500,0.735379,0.322229,1.314856,-0.733149,0.344211,1.179100,1.101175,0.749674,2.304625,-1.646409,-1.977263,-0.728595,-0.570084,1.971226,-1.272419,1.608920,-1.424224,2.676182,0.148329,2.480734,1,1,1.0000,1.0000,-22.7602,-64.6807,-12.8000,-26.2000,0.040000,0.270949,0,0,1,1,0,0,0.0000,0.0000,,,,,2357,2357,0,0,2297,2308,60,36,0,13,0.52965,0.54034,,,,,,,,,,,,,,,,,,,,,,,140358.3768,1770,1770,0,0
1788271861.8733,G_left_centre_left_right,G,left,0,left_right,,centre,865,140.1000,344.2000,59.3000,217.1000,218.9000,0.0000,344.2000,316.8000,23.9000,0.0000,150.6000,0.0000,104.6000,0.0000,0.20500,-0.07000,0.90900,-6.02000,7.56000,-4.76000,-1.01200,-0.06200,0.24200,-2.43000,13.07000,2.50000,35.9,27.5,1.0,0.0,0.734794,0.321933,1.313542,-0.733195,0.344303,1.178830,-0.089600,0.486000,0.869300,0.003200,0.133500,0.542300,0.828800,0.034500,0.734951,0.322202,1.313999,-0.734275,0.344816,1.178413,1.101672,0.750091,2.304605,-1.646491,-1.977045,-0.728921,-0.570021,1.971370,-1.272408,1.609509,-1.422520,2.676264,0.150827,2.480561,1,1,1.0000,1.0000,-22.7654,-63.7094,-13.2000,-26.2000,0.040000,0.270974,0,0,1,1,0,0,0.0000,0.0000,,,,,2358,2358,0,0,2298,2309,60,36,0,13,0.52965,0.54114,,,,,,,,,,,,,,,,,,,,,,,140358.3962,1771,1771,0,0
1788271861.8929,G_left_centre_left_right,G,left,0,left_right,,centre,866,139.9000,344.2000,59.3000,217.1000,218.9000,0.0000,344.2000,316.8000,23.9000,0.0000,150.6000,0.0000,102.9000,0.0000,0.22700,-0.07500,0.90200,-7.01000,8.04000,-4.46000,-0.90900,-0.00300,0.20200,-1.60000,10.31000,-5.07000,35.2,26.6,1.0,0.0,0.734812,0.321814,1.313639,-0.733590,0.344493,1.178613,-0.089600,0.486000,0.869300,0.003200,0.133500,0.542300,0.828800,0.034500,0.734951,0.322202,1.313999,-0.734275,0.344816,1.178413,1.101906,0.750279,2.304593,-1.646554,-1.976978,-0.729076,-0.569977,1.971461,-1.272408,1.610053,-1.420750,2.676313,0.153372,2.480437,1,1,1.0000,1.0000,-21.3773,-66.9038,-13.4000,-26.2000,0.040000,0.270974,0,0,1,1,0,0,0.0000,0.0000,,,,,2358,2358,0,0,2298,2309,60,36,0,13,0.52965,0.54114,,,,,,,,,,,,,,,,,,,,,,,140358.4157,1772,1772,0,0
1788271861.9114,G_left_centre_left_right,G,left,0,left_right,,centre,867,139.6000,344.2000,59.3000,217.1000,218.9000,0.0000,344.2000,316.8000,23.9000,0.0000,150.8000,0.0000,105.5000,0.0000,0.22100,-0.09200,0.91900,-5.90000,8.02000,-4.85000,-0.96600,0.01200,0.21300,-7.18000,7.71000,-2.03000,34.6,25.7,1.0,0.0,0.734796,0.321665,1.313671,-0.734853,0.345110,1.177972,-0.089600,0.486000,0.869300,0.003200,0.133500,0.542300,0.828800,0.034500,0.734951,0.322202,1.313999,-0.734275,0.344816,1.178413,1.102241,0.750287,2.304474,-1.647027,-1.977083,-0.729267,-0.569629,1.971442,-1.272420,1.610262,-1.418884,2.676321,0.156048,2.480427,1,1,1.0000,1.0000,-22.0386,-67.7769,-13.7000,-26.2000,0.040000,0.270991,0,0,1,1,0,0,0.0000,0.0000,,,,,2360,2360,0,0,2300,2311,60,36,0,13,0.52930,0.54114,,,,,,,,,,,,,,,,,,,,,,,140358.4342,1773,1773,0,0
1788271861.9285,G_left_centre_left_right,G,left,0,left_right,,centre,868,139.3000,344.2000,59.3000,217.1000,218.9000,0.0000,344.2000,316.8000,23.9000,0.0000,151.6000,0.0000,108.3000,0.0000,0.22900,-0.10100,0.90900,-3.04000,8.31000,-7.64000,-0.96700,-0.00100,0.22300,-10.08000,2.01000,2.42000,35.0,25.8,1.0,0.0,0.734798,0.321534,1.313743,-0.735130,0.345243,1.177810,-0.089600,0.486000,0.869300,0.003200,0.133500,0.542300,0.828800,0.034500,0.734792,0.321949,1.313555,-0.734871,0.345289,1.177145,1.102401,0.750278,2.304415,-1.647249,-1.977142,-0.729347,-0.569462,1.971409,-1.272434,1.610118,-1.417544,2.676325,0.158167,2.480430,1,1,1.0000,1.0000,-21.4592,-67.0502,-14.0000,-26.2000,0.040000,0.271047,0,0,1,1,0,0,0.0000,0.0000,,,,,2361,2361,0,0,2301,2312,60,36,0,13,0.52930,0.54114,,,,,,,,,,,,,,,,,,,,,,,140358.4513,1774,1774,0,0
1788271861.9523,G_left_centre_left_right,G,left,0,left_right,,centre,869,139.1000,344.2000,59.3000,217.1000,218.9000,0.0000,344.1000,316.8000,23.9000,0.0000,152.4000,0.0000,107.6000,0.0000,0.21900,-0.09100,0.92200,-0.93000,8.15000,-10.17000,-0.98700,-0.01400,0.21500,-9.30000,-3.25000,3.61000,33.5,25.6,1.0,0.0,0.734767,0.321392,1.313741,-0.735061,0.345208,1.177819,-0.089600,0.486000,0.869300,0.003200,0.133500,0.542300,0.828800,0.034500,0.734792,0.321949,1.313555,-0.734871,0.345289,1.177145,1.102472,0.750206,2.304349,-1.647470,-1.977288,-0.729395,-0.569298,1.971411,-1.272440,1.610049,-1.417266,2.676335,0.158885,2.480411,1,1,1.0000,1.0000,-22.1931,-66.2818,-14.2000,-26.2000,0.040000,0.271091,0,0,1,1,0,0,0.0000,0.0000,,,,,2361,2361,0,0,2301,2312,60,36,0,13,0.52930,0.54114,,,,,,,,,,,,,,,,,,,,,,,140358.4751,1775,1775,0,0
1788271861.9689,G_left_centre_left_right,G,left,0,left_right,,centre,870,139.0000,344.2000,59.3000,217.1000,218.9000,0.0000,344.1000,316.7000,23.9000,0.0000,153.2000,0.0000,110.2000,0.0000,0.20400,-0.08500,0.90900,1.81000,6.73000,-12.28000,-0.98300,-0.02400,0.21500,-7.16000,-5.85000,2.82000,33.1,24.7,1.0,0.0,0.734713,0.321273,1.313674,-0.734861,0.345093,1.177901,-0.089600,0.486000,0.869300,0.003200,0.133500,0.542300,0.828800,0.034500,0.734792,0.321949,1.313555,-0.734871,0.345289,1.177145,1.102827,0.749869,2.304083,-1.648513,-1.977954,-0.729621,-0.568543,1.971437,-1.272458,1.610063,-1.417081,2.676366,0.160072,2.480332,1,1,1.0000,1.0000,-22.8848,-65.7133,-14.3000,-26.3000,0.040000,0.271121,0,0,1,1,0,0,0.0000,0.0000,,,,,2363,2363,0,0,2303,2314,60,36,0,13,0.52904,0.54203,,,,,,,,,,,,,,,,,,,,,,,140358.4917,1776,1776,0,0
1788271861.9885,G_left_centre_left_right,G,left,0,left_right,,centre,871,139.0000,344.2000,59.3000,217.1000,218.9000,0.0000,344.1000,316.7000,23.9000,0.0000,154.0000,0.0000,112.7000,0.0000,0.20400,-0.06400,0.91600,2.76000,5.63000,-12.01000,-0.99400,-0.02500,0.22000,-5.00000,-9.66000,1.58000,33.6,24.3,1.0,0.0,0.734666,0.321170,1.313616,-0.734654,0.344975,1.177985,-0.089600,0.486000,0.869300,0.003200,0.133500,0.542300,0.828800,0.034500,0.734792,0.321949,1.313555,-0.734871,0.345289,1.177145,1.103088,0.749695,2.303953,-1.649121,-1.978293,-0.729808,-0.568095,1.971465,-1.272482,1.610246,-1.417574,2.676386,0.159608,2.480253,1,1,1.0000,1.0000,-22.8907,-65.6808,-14.3000,-26.3000,0.040000,0.271138,0,0,1,1,0,0,0.0000,0.0000,,,,,2364,2364,0,0,2304,2315,60,36,0,13,0.52904,0.54203,,,,,,,,,,,,,,,,,,,,,,,140358.5113,1777,1777,0,0
1788271862.0091,G_left_centre_left_right,G,left,0,left_right,,centre,872,138.9000,344.2000,59.3000,217.1000,218.9000,0.0000,344.2000,316.9000,24.0000,0.0000,154.8000,0.0000,114.6000,0.0000,0.22500,-0.06500,0.92800,3.08000,4.69000,-11.65000,-1.00600,-0.00700,0.22200,-5.54000,-13.21000,2.98000,32.4,23.7,1.0,0.0,0.734665,0.321067,1.313667,-0.734782,0.345062,1.177888,-0.089600,0.486000,0.869300,0.003200,0.133500,0.542300,0.828800,0.034500,0.734682,0.321400,1.313704,-0.734716,0.345184,1.177389,1.103396,0.749606,2.303831,-1.649643,-1.978495,-0.730029,-0.567691,1.971471,-1.272516,1.610390,-1.418086,2.676400,0.158591,2.480180,1,1,1.0000,1.0000,-21.8219,-66.6948,-14.4000,-26.1000,0.040000,0.271154,0,0,1,1,0,0,0.0000,0.0000,,,,,2365,2365,0,0,2305,2316,60,36,0,13,0.52904,0.54203,,,,,,,,,,,,,,,,,,,,,,,140358.5319,1778,1778,0,0
1788271862.0285,G_left_centre_left_right,G,left,0,left_right,,centre,873,138.8000,344.2000,59.3000,217.1000,218.9000,0.0000,344.3000,316.7000,24.1000,0.0000,155.4000,0.0000,113.0000,0.0000,0.24300,-0.06800,0.92300,3.84000,3.71000,-11.63000,-0.99900,-0.01000,0.21300,-6.73000,-18.05000,5.48000,31.6,23.5,1.0,0.0,0.734701,0.320959,1.313816,-0.734826,0.345062,1.177844,-0.089600,0.486000,0.869300,0.003200,0.133500,0.542300,0.828800,0.034500,0.734682,0.321400,1.313704,-0.734716,0.345184,1.177389,1.103694,0.749545,2.303707,-1.650087,-1.978656,-0.730244,-0.567340,1.971445,-1.272555,1.610441,-1.418667,2.676409,0.157290,2.480124,1,1,1.0000,1.0000,-20.7196,-66.4978,-14.5000,-26.3000,0.040000,0.271160,0,0,1,1,0,0,0.0000,0.0000,,,,,2366,2366,0,0,2306,2317,60,36,0,13,0.52878,0.54199,,,,,,,,,,,,,,,,,,,,,,,140358.5513,1779,1779,0,0
1788271862.0641,G_left_centre_left_right,G,left,0,left_right,,centre,874,138.8000,344.2000,59.3000,217.1000,218.9000,0.0000,344.3000,316.4000,24.2000,0.0000,156.5000,0.0000,114.3000,0.0000,0.22200,-0.08400,0.93100,7.89000,0.58000,-8.92000,-0.99300,-0.00800,0.20600,-13.11000,-25.90000,9.02000,29.6,23.6,1.0,0.0,0.734684,0.320810,1.313855,-0.734958,0.345010,1.177761,-0.089600,0.486000,0.869300,0.003200,0.133500,0.542300,0.828800,0.034500,0.734682,0.321400,1.313704,-0.734716,0.345184,1.177389,1.103916,0.749351,2.303496,-1.650635,-1.979068,-0.730355,-0.566898,1.971425,-1.272613,1.610513,-1.419727,2.676431,0.155567,2.480028,1,1,1.0000,1.0000,-22.1139,-66.5818,-14.5000,-26.6000,0.040000,0.271139,0,0,1,1,0,0,0.0000,0.0000,,,,,2367,2367,0,0,2307,2318,60,36,0,13,0.52878,0.54199,,,,,,,,,,,,,,,,,,,,,,,140358.5870,1781,1781,0,0
1788271862.0685,G_left_centre_left_right,G,left,0,left_right,,centre,875,138.8000,344.2000,59.3000,217.1000,218.9000,0.0000,344.3000,316.4000,24.2000,0.0000,156.5000,0.0000,114.3000,0.0000,0.22200,-0.08400,0.93100,7.89000,0.58000,-8.92000,-0.99300,-0.00800,0.20600,-13.11000,-25.90000,9.02000,29.6,23.6,1.0,0.0,0.734684,0.320810,1.313855,-0.734958,0.345010,1.177761,-0.089600,0.486000,0.869300,0.003200,0.133500,0.542300,0.828800,0.034500,0.734645,0.321064,1.313702,-0.734783,0.345059,1.177903,1.103917,0.749349,2.303494,-1.650639,-1.979072,-0.730355,-0.566895,1.971406,-1.272644,1.610575,-1.419958,2.676454,0.155189,2.479962,1,1,1.0000,1.0000,-22.1139,-66.5818,-14.5000,-26.6000,0.040000,0.271139,0,0,1,1,0,0,0.0000,0.0000,,,,,2368,2368,0,0,2308,2319,60,36,0,13,0.52878,0.54199,,,,,,,,,,,,,,,,,,,,,,,140358.5914,1781,1781,0,0
1788271862.0954,G_left_centre_left_right,G,left,0,left_right,,centre,876,138.8000,344.2000,59.3000,217.1000,218.9000,0.0000,344.3000,316.2000,24.2000,0.0000,157.0000,0.0000,113.5000,0.0000,0.22000,-0.07300,0.92600,9.96000,-0.38000,-5.34000,-0.95800,-0.00900,0.18900,-15.63000,-28.50000,9.21000,31.0,23.7,1.0,0.0,0.734668,0.320754,1.313844,-0.735009,0.344926,1.177743,-0.089600,0.486000,0.869300,0.003200,0.133500,0.542300,0.828800,0.034500,0.734645,0.321064,1.313702,-0.734783,0.345059,1.177903,1.104173,0.748965,2.303165,-1.651399,-1.979708,-0.730391,-0.566272,1.971358,-1.272672,1.610667,-1.420014,2.676496,0.155130,2.479877,1,1,1.0000,1.0000,-22.1193,-66.4527,-14.5000,-26.8000,0.040000,0.271117,0,0,1,1,0,0,0.0000,0.0000,,,,,2369,2369,0,0,2309,2320,60,36,0,13,0.52862,0.54171,,,,,,,,,,,,,,,,,,,,,,,140358.6183,1782,1782,0,0
1788271862.1122,G_left_centre_left_right,G,left,0,left_right,,centre,877,138.8000,344.2000,59.3000,217.1000,218.9000,0.0000,344.3000,316.2000,24.2000,0.0000,157.0000,0.0000,113.5000,0.0000,0.21900,-0.05400,0.93100,10.30000,-1.78000,-2.34000,-0.95800,-0.00900,0.18900,-15.63000,-28.50000,9.21000,30.2,24.0,1.0,0.0,0.734652,0.320706,1.313832,-0.734998,0.344813,1.177759,-0.089600,0.486000,0.869300,0.003200,0.133500,0.542300,0.828800,0.034500,0.734645,0.321064,1.313702,-0.734783,0.345059,1.177903,1.104173,0.748965,2.303165,-1.651399,-1.979708,-0.730391,-0.566272,1.971358,-1.272672,1.610667,-1.420014,2.676496,0.155130,2.479877,1,1,1.0000,1.0000,-22.1625,-66.4527,-14.5000,-26.8000,0.040000,0.271117,0,0,1,1,0,0,0.0000,0.0000,,,,,2369,2369,0,0,2309,2320,60,36,0,13,0.52862,0.54171,,,,,,,,,,,,,,,,,,,,,,,140358.6350,1783,1782,0,0
1788271862.1289,G_left_centre_left_right,G,left,0,left_right,,centre,878,138.7000,344.2000,59.3000,217.1000,218.9000,0.0000,344.3000,316.0000,24.2000,0.0000,157.0000,0.0000,111.7000,0.0000,0.23400,-0.05500,0.94400,11.05000,-3.61000,-3.39000,-0.97700,-0.01700,0.18600,-22.30000,-31.54000,11.73000,30.7,23.5,1.0,0.0,0.734660,0.320653,1.313880,-0.734904,0.344661,1.177817,-0.089600,0.486000,0.869300,0.003200,0.133500,0.542300,0.828800,0.034500,0.734645,0.321064,1.313702,-0.734783,0.345059,1.177903,1.104444,0.748912,2.302967,-1.651809,-1.979867,-0.730485,-0.565921,1.971153,-1.272681,1.610892,-1.419817,2.676637,0.155801,2.479709,1,1,1.0000,1.0000,-21.4812,-65.9614,-14.6000,-27.0000,0.040000,0.271117,0,0,1,1,0,0,0.0000,0.0000,,,,,2371,2371,0,0,2311,2322,60,36,0,13,0.52862,0.54171,,,,,,,,,,,,,,,,,,,,,,,140358.6517,1784,1784,0,0
1788271862.1485,G_left_centre_left_right,G,left,0,left_right,,centre,879,138.7000,344.2000,59.3000,217.1000,218.9000,0.0000,344.3000,316.0000,24.2000,0.0000,156.9000,0.0000,111.0000,0.0000,0.24600,-0.06700,0.93600,12.80000,-5.98000,-5.73000,-0.96400,-0.03400,0.17300,-22.49000,-31.47000,11.73000,30.0,23.4,1.0,0.0,0.734691,0.320599,1.313989,-0.734232,0.344160,1.178175,-0.089600,0.486000,0.869300,0.003200,0.133500,0.542300,0.828800,0.034500,0.734652,0.320734,1.313836,-0.734926,0.344954,1.177798,1.104587,0.748893,2.302823,-1.651997,-1.979958,-0.730504,-0.565737,1.970922,-1.272647,1.610977,-1.419913,2.676725,0.156005,2.479656,1,1,1.0000,1.0000,-20.7354,-64.8831,-14.6000,-27.0000,0.040000,0.271122,0,0,1,1,0,0,0.0000,0.0000,,,,,2372,2372,0,0,2312,2323,60,36,0,13,0.52862,0.54171,,,,,,,,,,,,,,,,,,,,,,,140358.6713,1785,1785,0,0
1788271862.1686,G_left_centre_left_right,G,left,0,left_right,,centre,880,138.7000,344.2000,59.3000,217.1000,218.9000,0.0000,344.3000,315.9000,24.2000,0.0000,156.0000,0.0000,109.2000,0.0000,0.23500,-0.05800,0.94300,14.06000,-8.38000,-7.64000,-0.95900,-0.03900,0.17700,-21.26000,-29.08000,11.32000,29.5,23.3,1.0,0.0,0.734696,0.320560,1.314021,-0.733465,0.343586,1.178585,-0.089600,0.486000,0.869300,0.003200,0.133500,0.542300,0.828800,0.034500,0.734652,0.320734,1.313836,-0.734926,0.344954,1.177798,1.104668,0.748828,2.302682,-1.652180,-1.980119,-0.730479,-0.565563,1.970737,-1.272603,1.610957,-1.420248,2.676792,0.155825,2.479654,1,1,1.0000,1.0000,-21.4237,-64.6210,-14.6000,-27.1000,0.040000,0.271157,0,0,1,1,0,0,0.0000,0.0000,,,,,2373,2373,0,0,2313,2324,60,36,0,13,0.52852,0.54182,,,,,,,,,,,,,,,,,,,,,,,140358.6914,1786,1786,0,0
1788271862.1885,G_left_centre_left_right,G,left,0,left_right,,centre,881,138.7000,344.2000,59.3000,217.1000,218.9000,0.0000,344.3000,315.9000,24.2000,0.0000,156.0000,0.0000,109.2000,0.0000,0.23500,-0.05800,0.94300,14.06000,-8.38000,-7.64000,-0.95900,-0.03900,0.17700,-21.26000,-29.08000,11.32000,29.6,23.0,1.0,0.0,0.734696,0.320560,1.314021,-0.733465,0.343586,1.178585,-0.089600,0.486000,0.869300,0.003200,0.133500,0.542300,0.828800,0.034500,0.734652,0.320734,1.313836,-0.734926,0.344954,1.177798,1.104696,0.748775,2.302601,-1.652284,-1.980238,-0.730454,-0.565463,1.970636,-1.272583,1.610894,-1.420577,2.676812,0.155583,2.479674,1,1,1.0000,1.0000,-21.4237,-64.6210,-14.6000,-27.1000,0.040000,0.271157,0,0,1,1,0,0,0.0000,0.0000,,,,,2373,2373,0,0,2313,2324,60,36,0,13,0.52852,0.54182,,,,,,,,,,,,,,,,,,,,,,,140358.7114,1786,1786,0,0
1788271862.2085,G_left_centre_left_right,G,left,0,left_right,,centre,882,138.7000,344.2000,59.3000,217.1000,218.9000,0.0000,344.3000,315.9000,24.2000,0.0000,154.8000,0.0000,106.7000,0.0000,0.23400,-0.07000,0.92800,12.13000,-6.97000,-5.70000,-0.92900,-0.04200,0.16800,-16.20000,-20.66000,8.24000,28.5,23.0,1.0,0.0,0.734709,0.320496,1.314087,-0.731689,0.342351,1.179529,-0.089600,0.486000,0.869300,0.003200,0.133500,0.542300,0.828800,0.034500,0.734684,0.320567,1.314017,-0.734622,0.344520,1.177992,1.104818,0.748620,2.302323,-1.652605,-1.980547,-0.730360,-0.565145,1.970280,-1.272519,1.610456,-1.422105,2.676853,0.154314,2.479788,1,1,1.0000,1.0000,-21.3215,-64.3394,-14.6000,-27.1000,0.040000,0.271178,0,0,1,1,0,0,0.0000,0.0000,,,,,2375,2375,0,0,2315,2326,60,36,0,13,0.52852,0.54182,,,,,,,,,,,,,,,,,,,,,,,140358.7313,1788,1788,0,0
1788271862.2296,G_left_centre_left_right,G,left,0,left_right,,centre,883,138.7000,344.2000,59.3000,217.1000,218.9000,0.0000,344.4000,315.9000,24.2000,0.0000,154.8000,0.0000,106.7000,0.0000,0.23300,-0.08800,0.92700,13.56000,-4.41000,-5.31000,-0.92900,-0.04200,0.16800,-16.20000,-20.66000,8.24000,29.6,23.0,1.0,0.0,0.734710,0.320472,1.314104,-0.731689,0.342351,1.179529,-0.089600,0.486000,0.869300,0.003200,0.133500,0.542300,0.828800,0.034500,0.734684,0.320567,1.314017,-0.734622,0.344520,1.177992,1.104866,0.748575,2.302228,-1.652707,-1.980635,-0.730327,-0.565042,1.970115,-1.272494,1.610183,-1.423022,2.676856,0.153483,2.479861,1,1,1.0000,1.0000,-21.4366,-64.3394,-14.6000,-27.1000,0.040000,0.271178,0,0,1,1,0,0,0.0000,0.0000,,,,,2375,2375,0,0,2315,2326,60,36,0,13,0.52852,0.54182,,,,,,,,,,,,,,,,,,,,,,,140358.7525,1789,1788,0,0
1788271862.2614,G_left_centre_left_right,G,left,0,left_right,,centre,884,138.7000,344.2000,59.3000,217.1000,218.9000,0.0000,344.3000,315.9000,24.2000,0.0000,153.9000,0.0000,103.1000,0.0000,0.23500,-0.04500,0.92200,22.44000,-3.74000,-6.97000,-0.93000,-0.03400,0.16800,-14.57000,-12.24000,8.06000,30.4,22.7,1.0,0.0,0.734705,0.320434,1.314113,-0.731161,0.341901,1.179808,-0.089600,0.486000,0.869300,0.003200,0.133500,0.542300,0.828800,0.034500,0.734684,0.320567,1.314017,-0.734622,0.344520,1.177992,1.104987,0.748524,2.301998,-1.652876,-1.980769,-0.730230,-0.564842,1.969570,-1.272412,1.609190,-1.426323,2.676854,0.150446,2.480120,1,1,1.0000,1.0000,-21.0641,-64.8205,-14.6000,-27.1000,0.040000,0.271174,0,0,1,1,0,0,0.0000,0.0000,,,,,2377,2377,0,0,2317,2328,60,36,0,13,0.52850,0.54160,,,,,,,,,,,,,,,,,,,,,,,140358.7842,1791,1790,0,0
1788271862.2715,G_left_centre_left_right,G,left,0,left_right,,centre,885,138.7000,344.2000,59.3000,217.1000,218.9000,0.0000,344.3000,315.8000,24.2000,0.0000,153.6000,0.0000,101.5000,0.0000,0.23500,-0.04500,0.92200,22.44000,-3.74000,-6.97000,-0.93200,-0.03500,0.16000,-13.85000,-7.16000,7.76000,30.4,22.7,1.0,0.0,0.734705,0.320434,1.314113,-0.730892,0.341655,1.179957,-0.089600,0.486000,0.869300,0.003200,0.133500,0.542300,0.828800,0.034500,0.734684,0.320567,1.314017,-0.734622,0.344520,1.177992,1.105085,0.748537,2.301861,-1.652960,-1.980813,-0.730179,-0.564729,1.969148,-1.272351,1.608393,-1.429123,2.676850,0.147839,2.480325,1,1,1.0000,1.0000,-21.0641,-64.6903,-14.6000,-27.2000,0.040000,0.271169,0,0,1,1,0,0,0.0000,0.0000,,,,,2378,2378,0,0,2318,2329,60,36,0,13,0.52850,0.54160,,,,,,,,,,,,,,,,,,,,,,,140358.7944,1791,1791,0,0
1788271862.2971,G_left_centre_left_right,G,left,0,left_right,,centre,886,138.7000,344.2000,59.3000,217.1000,218.9000,0.0000,344.3000,315.8000,24.2000,0.0000,153.6000,0.0000,101.5000,0.0000,0.23500,-0.04500,0.92200,22.44000,-3.74000,-6.97000,-0.93200,-0.03500,0.16000,-13.85000,-7.16000,7.76000,30.4,22.7,1.0,0.0,0.734705,0.320434,1.314113,-0.730892,0.341655,1.179957,-0.089600,0.486000,0.869300,0.003200,0.133500,0.542300,0.828800,0.034500,0.734684,0.320567,1.314017,-0.734622,0.344520,1.177992,1.105085,0.748537,2.301861,-1.652960,-1.980813,-0.730179,-0.564729,1.969148,-1.272351,1.608393,-1.429123,2.676850,0.147839,2.480325,1,1,1.0000,1.0000,-21.0641,-64.6903,-14.6000,-27.2000,0.040000,0.271169,0,0,1,1,0,0,0.0000,0.0000,,,,,2378,2378,0,0,2318,2329,60,36,0,13,0.52850,0.54160,,,,,,,,,,,,,,,,,,,,,,,140358.8200,1791,1791,0,0
1788271862.3181,G_left_centre_left_right,G,left,0,left_right,,centre,887,141.7000,344.2000,59.3000,217.1000,218.9000,0.0000,343.3000,315.8000,23.4000,0.0000,147.4000,0.0000,92.8000,0.0000,0.24100,-0.01800,0.93800,3.05000,3.47000,0.40000,-0.93500,-0.02700,0.21500,-2.83000,6.15000,-6.21000,27.2,20.8,1.0,0.0,0.734754,0.320601,1.314138,-0.731205,0.341698,1.179867,-0.089600,0.486000,0.869300,0.003200,0.133500,0.542300,0.828800,0.034500,0.734704,0.320467,1.314081,-0.732975,0.343276,1.179207,1.105208,0.748585,2.301701,-1.653047,-1.980781,-0.730122,-0.564605,1.968469,-1.272251,1.607176,-1.433452,2.676848,0.143891,2.480639,1,1,1.0000,1.0000,-20.8132,-65.4955,-11.6000,-27.2000,0.040000,0.270517,0,0,1,1,0,0,0.0000,0.0000,,,,,2380,2380,0,0,2320,2331,60,36,0,13,0.52848,0.54032,,,,,,,,,,,,,,,,,,,,,,,140358.8409,1793,1793,0,0
1788271862.3285,G_left_centre_left_right,G,left,0,left_right,,centre,888,141.7000,344.2000,59.3000,217.1000,218.9000,0.0000,343.3000,315.8000,23.4000,0.0000,147.4000,0.0000,93.2000,0.0000,0.24700,-0.01000,0.92600,1.83000,3.20000,1.22000,-0.91400,0.00900,0.14000,-0.52000,9.14000,-5.51000,27.4,21.1,1.0,0.0,0.734821,0.320749,1.314220,-0.732246,0.342148,1.179447,-0.089600,0.486000,0.869300,0.003200,0.133500,0.542300,0.828800,0.034500,0.734704,0.320467,1.314081,-0.732975,0.343276,1.179207,1.105267,0.748600,2.301601,-1.653092,-1.980878,-0.730081,-0.564532,1.968009,-1.272183,1.606359,-1.436258,2.676855,0.141389,2.480836,1,1,1.0000,1.0000,-20.2462,-67.1366,-11.6000,-27.2000,0.040000,0.270517,0,0,1,1,0,0,0.0000,0.0000,,,,,2380,2380,0,0,2320,2331,60,36,0,13,0.52848,0.54032,,,,,,,,,,,,,,,,,,,,,,,140358.8514,1794,1794,0,0
1788271862.3533,G_left_centre_left_right,G,left,0,left_right,,centre,889,141.7000,344.2000,59.3000,217.1000,218.9000,0.0000,343.7000,315.8000,23.4000,0.0000,147.4000,0.0000,93.2000,0.0000,0.24800,-0.01600,0.92200,0.21000,3.34000,3.14000,-0.91400,0.00900,0.14000,-0.52000,9.14000,-5.51000,28.1,20.8,1.0,0.0,0.734885,0.320885,1.314302,-0.732246,0.342148,1.179447,-0.089600,0.486000,0.869300,0.003200,0.133500,0.542300,0.828800,0.034500,0.734704,0.320467,1.314081,-0.732975,0.343276,1.179207,1.105269,0.748655,2.301519,-1.653053,-1.980846,-0.729979,-0.564529,1.967656,-1.272111,1.605766,-1.438469,2.676877,0.139435,2.480984,1,1,1.0000,1.0000,-20.1606,-67.1366,-11.6000,-27.2000,0.040000,0.270517,0,0,1,1,0,0,0.0000,0.0000,,,,,2381,2381,0,0,2321,2332,60,36,0,13,0.52848,0.54032,,,,,,,,,,,,,,,,,,,,,,,140358.8761,1795,1794,0,0
1788271862.3732,G_left_centre_left_right,G,left,0,left_right,,centre,890,141.7000,344.2000,59.3000,217.1000,218.9000,0.0000,343.7000,315.8000,23.4000,0.0000,147.3000,0.0000,97.0000,0.0000,0.24800,-0.01600,0.92200,0.21000,3.34000,3.14000,-1.02100,0.01900,0.13600,12.42000,16.09000,0.18000,27.8,21.1,1.0,0.0,0.734935,0.321015,1.314353,-0.733357,0.342639,1.178993,-0.089600,0.486000,0.869300,0.003200,0.133500,0.542300,0.828800,0.034500,0.734715,0.320506,1.314109,-0.731309,0.341951,1.180518,1.105143,0.748723,2.301428,-1.652688,-1.980708,-0.729698,-0.564724,1.967396,-1.272016,1.605465,-1.439771,2.676921,0.138312,2.481092,1,1,1.0000,1.0000,-20.1606,-67.3585,-11.6000,-27.2000,0.040000,0.270502,0,0,1,1,0,0,0.0000,0.0000,,,,,2382,2382,0,0,2322,2333,60,36,0,13,0.52848,0.54032,,,,,,,,,,,,,,,,,,,,,,,140358.8960,1795,1795,0,0
1788271862.3915,G_left_centre_left_right,G,left,0,left_right,,centre,891,141.7000,344.2000,59.3000,217.1000,218.9000,0.0000,343.6000,315.8000,23.4000,0.0000,147.3000,0.0000,102.0000,0.0000,0.24100,-0.03100,0.92000,-4.02000,3.30000,5.21000,-0.94900,0.00200,0.22700,0.85000,8.34000,-10.71000,27.9,21.8,1.0,0.0,0.734974,0.321118,1.314389,-0.734701,0.343215,1.178457,-0.089600,0.486000,0.869300,0.003200,0.133500,0.542300,0.828800,0.034500,0.734715,0.320506,1.314109,-0.731309,0.341951,1.180518,1.104825,0.748838,2.301260,-1.651816,-1.980474,-0.729067,-0.565171,1.967242,-1.271855,1.605565,-1.439701,2.677027,0.138509,2.481144,1,1,1.0000,1.0000,-20.6156,-67.2365,-11.6000,-27.2000,0.040000,0.270502,0,0,1,1,0,0,0.0000,0.0000,,,,,2383,2383,0,0,2323,2334,60,36,0,13,0.52851,0.53904,,,,,,,,,,,,,,,,,,,,,,,140358.9143,1797,1797,0,0
1788271862.4221,G_left_centre_left_right,G,left,0,left_right,,centre,892,141.7000,344.2000,59.3000,217.1000,218.9000,0.0000,343.6000,315.8000,23.4000,0.0000,147.4000,0.0000,103.6000,0.0000,0.23100,-0.06400,0.93500,-7.73000,3.26000,9.07000,-0.93400,0.00100,0.22400,-6.16000,8.85000,-5.48000,27.9,21.3,1.0,0.0,0.734995,0.321316,1.314326,-0.735273,0.343463,1.178225,-0.089600,0.486000,0.869300,0.003200,0.133500,0.542300,0.828800,0.034500,0.734974,0.321023,1.314292,-0.732029,0.342120,1.180077,1.104584,0.748939,2.301130,-1.651220,-1.980284,-0.728615,-0.565511,1.967242,-1.271710,1.606018,-1.438336,2.677148,0.139951,2.481116,1,1,1.0000,1.0000,-21.5677,-67.1792,-11.6000,-27.2000,0.040000,0.270517,0,0,1,1,0,0,0.0000,0.0000,,,,,2385,2385,0,0,2325,2336,60,36,0,13,0.52851,0.53904,,,,,,,,,,,,,,,,,,,,,,,140358.9449,1799,1798,0,0
1788271862.4299,G_left_centre_left_right,G,left,0,left_right,,centre,893,141.7000,344.2000,59.3000,217.1000,218.9000,0.0000,343.6000,315.8000,23.4000,0.0000,147.3000,0.0000,104.9000,0.0000,0.23100,-0.06400,0.93500,-7.73000,3.26000,9.07000,-0.92500,-0.03000,0.23700,-3.05000,3.83000,-1.59000,27.9,21.3,1.0,0.0,0.734995,0.321316,1.314326,-0.734917,0.343252,1.178434,-0.089600,0.486000,0.869300,0.003200,0.133500,0.542300,0.828800,0.034500,0.734974,0.321023,1.314292,-0.732029,0.342120,1.180077,1.104400,0.749066,2.301017,-1.650753,-1.980072,-0.728278,-0.565789,1.967272,-1.271553,1.606582,-1.436334,2.677252,0.142076,2.481100,1,1,1.0000,1.0000,-21.5677,-65.3159,-11.6000,-27.2000,0.040000,0.270502,0,0,1,1,0,0,0.0000,0.0000,,,,,2386,2386,0,0,2326,2337,60,36,0,13,0.52851,0.53904,,,,,,,,,,,,,,,,,,,,,,,140358.9527,1799,1799,0,0
1788271862.4605,G_left_centre_left_right,G,left,0,left_right,,centre,894,141.7000,344.2000,59.3000,217.1000,218.9000,0.0000,343.6000,315.8000,23.4000,0.0000,147.3000,0.0000,102.6000,0.0000,0.23400,-0.06100,0.91500,-9.00000,3.05000,9.70000,-0.94000,-0.03700,0.23600,3.83000,0.96000,-0.99000,28.1,20.5,1.0,0.0,0.735023,0.321411,1.314339,-0.734266,0.342880,1.178804,-0.089600,0.486000,0.869300,0.003200,0.133500,0.542300,0.828800,0.034500,0.734974,0.321023,1.314292,-0.732029,0.342120,1.180077,1.104239,0.749339,2.300874,-1.650137,-1.979665,-0.727927,-0.566146,1.967344,-1.271330,1.607546,-1.432872,2.677418,0.145823,2.481047,1,1,1.0000,1.0000,-21.0944,-64.9337,-11.6000,-27.2000,0.040000,0.270502,0,0,1,1,0,0,0.0000,0.0000,,,,,2387,2387,0,0,2327,2338,60,36,0,13,0.52890,0.53963,,,,,,,,,,,,,,,,,,,,,,,140358.9833,1800,1800,0,0
1788271862.4699,G_left_centre_left_right,G,left,0,left_right,,centre,895,141.7000,344.2000,59.3000,217.1000,218.9000,0.0000,343.5000,315.8000,23.4000,0.0000,147.3000,0.0000,100.8000,0.0000,0.24700,-0.06800,0.92400,-9.10000,3.22000,10.55000,-0.94700,-0.02600,0.25000,9.80000,-0.87000,-4.68000,28.1,20.4,1.0,0.0,0.735057,0.321479,1.314384,-0.734138,0.342797,1.178886,-0.089600,0.486000,0.869300,0.003200,0.133500,0.542300,0.828800,0.034500,0.734974,0.321023,1.314292,-0.732029,0.342120,1.180077,1.104239,0.749339,2.300874,-1.650137,-1.979665,-0.727927,-0.566146,1.967360,-1.271264,1.607866,-1.431641,2.677471,0.147174,2.481032,1,1,1.0000,1.0000,-20.5036,-65.5821,-11.6000,-27.2000,0.040000,0.270502,0,0,1,1,0,0,0.0000,0.0000,,,,,2388,2388,0,0,2328,2339,60,36,0,13,0.52890,0.53963,,,,,,,,,,,,,,,,,,,,,,,140358.9927,1801,1801,0,0
1788271862.4929,G_left_centre_left_right,G,left,0,left_right,,centre,896,141.7000,344.2000,59.3000,217.1000,218.9000,0.0000,343.5000,315.8000,23.4000,0.0000,147.3000,0.0000,100.8000,0.0000,0.24700,-0.06800,0.92400,-9.10000,3.22000,10.55000,-0.94700,-0.02600,0.25000,9.80000,-0.87000,-4.68000,28.1,20.4,1.0,0.0,0.735057,0.321479,1.314384,-0.734138,0.342797,1.178886,-0.089600,0.486000,0.869300,0.003200,0.133500,0.542300,0.828800,0.034500,0.734974,0.321023,1.314292,-0.732029,0.342120,1.180077,1.104196,0.749428,2.300814,-1.649945,-1.979548,-0.727789,-0.566250,1.967352,-1.271213,1.607985,-1.430609,2.677505,0.148394,2.481039,1,1,1.0000,1.0000,-20.5036,-65.5821,-11.6000,-27.2000,0.040000,0.270502,0,0,1,1,0,0,0.0000,0.0000,,,,,2388,2388,0,0,2328,2339,60,36,0,13,0.52890,0.53963,,,,,,,,,,,,,,,,,,,,,,,140359.0157,1801,1801,0,0
1788271862.5123,G_left_centre_left_right,G,left,0,left_right,,centre,897,142.0000,344.2000,59.3000,217.1000,218.9000,0.0000,343.3000,315.8000,23.4000,0.0000,147.5000,0.0000,101.8000,0.0000,0.21700,-0.10100,0.92900,-5.64000,-0.42000,8.96000,-1.00500,-0.01900,0.25100,10.56000,-3.19000,-4.67000,27.7,19.8,1.0,0.0,0.735041,0.321633,1.314258,-0.734314,0.342853,1.178823,-0.089600,0.486000,0.869300,0.003200,0.133500,0.542300,0.828800,0.034500,0.735033,0.321339,1.314308,-0.733652,0.342944,1.178462,1.104025,0.749664,2.300628,-1.649391,-1.979247,-0.727360,-0.566564,1.967307,-1.271040,1.608202,-1.427997,2.677613,0.151841,2.481081,1,1,1.0000,1.0000,-22.4383,-66.0699,-11.3000,-27.2000,0.040000,0.270533,0,0,1,1,0,0,0.0000,0.0000,,,,,2389,2389,0,0,2329,2340,60,36,0,13,0.52890,0.53963,,,,,,,,,,,,,,,,,,,,,,,140359.0352,1803,1802,0,0
1788271862.5316,G_left_centre_left_right,G,left,0,left_right,,centre,898,142.1000,344.2000,59.3000,217.1000,218.9000,0.0000,343.3000,315.8000,23.4000,0.0000,147.9000,0.0000,104.9000,0.0000,0.20600,-0.11000,0.92800,-2.23000,-2.45000,6.54000,-0.98900,-0.00500,0.24000,4.56000,-11.86000,-5.27000,27.0,19.4,1.0,0.0,0.735018,0.321713,1.314160,-0.734690,0.343027,1.178647,-0.089600,0.486000,0.869300,0.003200,0.133500,0.542300,0.828800,0.034500,0.735033,0.321339,1.314308,-0.733652,0.342944,1.178462,1.103964,0.749752,2.300561,-1.649184,-1.979150,-0.727221,-0.566683,1.967268,-1.270933,1.608248,-1.427839,2.677671,0.152501,2.481122,1,1,1.0000,1.0000,-23.0955,-66.8396,-11.2000,-27.2000,0.040000,0.270591,0,0,1,1,0,0,0.0000,0.0000,,,,,2391,2391,0,0,2331,2342,60,36,0,13,0.52906,0.54109,,,,,,,,,,,,,,,,,,,,,,,140359.0544,1804,1804,0,0
1788271862.5494,G_left_centre_left_right,G,left,0,left_right,,centre,899,142.1000,344.2000,59.3000,217.1000,218.9000,0.0000,343.3000,315.8000,23.4000,0.0000,147.9000,0.0000,104.9000,0.0000,0.20600,-0.11000,0.92800,-2.23000,-2.45000,6.54000,-0.98900,-0.00500,0.24000,4.56000,-11.86000,-5.27000,26.8,19.5,1.0,0.0,0.735018,0.321713,1.314160,-0.734690,0.343027,1.178647,-0.089600,0.486000,0.869300,0.003200,0.133500,0.542300,0.828800,0.034500,0.735033,0.321339,1.314308,-0.733652,0.342944,1.178462,1.103960,0.749848,2.300525,-1.649054,-1.979013,-0.727161,-0.566752,1.967254,-1.270886,1.608278,-1.428047,2.677695,0.152332,2.481139,1,1,1.0000,1.0000,-23.0955,-66.8396,-11.2000,-27.2000,0.040000,0.270591,0,0,1,1,0,0,0.0000,0.0000,,,,,2391,2391,0,0,2331,2342,60,36,0,13,0.52906,0.54109,,,,,,,,,,,,,,,,,,,,,,,140359.0722,1804,1804,0,0
1788271862.5691,G_left_centre_left_right,G,left,0,left_right,,centre,900,142.6000,344.2000,59.3000,217.1000,218.9000,0.0000,343.2000,315.8000,23.4000,0.0000,148.1000,0.0000,106.8000,0.0000,0.20500,-0.08900,0.93800,0.95000,-3.73000,3.79000,-0.92100,0.00700,0.20400,-5.68000,-18.85000,-3.94000,26.3,19.4,1.0,0.0,0.734990,0.321885,1.314003,-0.735717,0.343518,1.178160,-0.089600,0.486000,0.869300,0.003200,0.133500,0.542300,0.828800,0.034500,0.735046,0.321629,1.314243,-0.733896,0.342967,1.178312,1.103950,0.750169,2.300456,-1.648616,-1.978563,-0.727013,-0.566985,1.967232,-1.270773,1.608398,-1.428755,2.677759,0.151279,2.481169,1,1,1.0000,1.0000,-23.2087,-67.5105,-10.7000,-27.2000,0.040000,0.270619,0,0,1,1,0,0,0.0000,0.0000,,,,,2393,2393,0,0,2333,2344,60,36,0,13,0.52906,0.54141,,,,,,,,,,,,,,,,,,,,,,,140359.0919,1806,1806,0,0
1788271862.5901,G_left_centre_left_right,G,left,0,left_right,,centre,901,142.8000,344.2000,59.3000,217.1000,218.9000,0.0000,343.2000,315.8000,23.4000,0.0000,148.1000,0.0000,104.2000,0.0000,0.22300,-0.08500,0.92600,0.81000,-2.85000,4.27000,-0.96800,-0.01100,0.20300,-8.25000,-18.17000,-0.20000,26.7,19.6,1.0,0.0,0.735005,0.321977,1.313991,-0.735731,0.343513,1.178155,-0.089600,0.486000,0.869300,0.003200,0.133500,0.542300,0.828800,0.034500,0.735046,0.321629,1.314243,-0.733896,0.342967,1.178312,1.103937,0.750533,2.300420,-1.648127,-1.978080,-0.726869,-0.567268,1.967236,-1.270701,1.608554,-1.429028,2.677807,0.150056,2.481169,1,1,1.0000,1.0000,-21.9918,-66.4073,-10.5000,-27.2000,0.040000,0.270619,0,0,1,1,0,0,0.0000,0.0000,,,,,2394,2394,0,0,2334,2345,60,36,0,13,0.52917,0.54141,,,,,,,,,,,,,,,,,,,,,,,140359.1129,1807,1807,0,0
1788271862.6094,G_left_centre_left_right,G,left,0,left_right,,centre,902,143.0000,344.2000,59.3000,217.1000,218.9000,0.0000,343.1000,315.8000,23.4000,0.0000,148.0000,0.0000,102.0000,0.0000,0.22300,-0.08600,0.92800,-0.17000,-2.45000,5.45000,-0.97600,-0.03800,0.20500,-4.45000,-18.60000,1.44000,26.3,19.2,1.0,0.0,0.735018,0.322055,1.313980,-0.735109,0.343182,1.178475,-0.089600,0.486000,0.869300,0.003200,0.133500,0.542300,0.828800,0.034500,0.735046,0.321629,1.314243,-0.733896,0.342967,1.178312,1.103932,0.750715,2.300399,-1.647886,-1.977844,-0.726795,-0.567407,1.967251,-1.270665,1.608668,-1.428920,2.677836,0.149476,2.481157,1,1,1.0000,1.0000,-22.0228,-64.8682,-10.3000,-27.2000,0.040000,0.270605,0,0,1,1,0,0,0.0000,0.0000,,,,,2395,2395,0,0,2335,2346,60,36,0,13,0.52917,0.54141,,,,,,,,,,,,,,,,,,,,,,,140359.1322,1808,1808,0,0
1788271862.6287,G_left_centre_left_right,G,left,0,left_right,,centre,903,143.2000,344.2000,59.3000,217.1000,218.9000,0.0000,343.1000,315.8000,23.4000,0.0000,147.8000,0.0000,100.0000,0.0000,0.22700,-0.10700,0.93100,0.83000,-1.53000,5.11000,-0.94800,-0.02500,0.20100,-1.11000,-15.52000,-2.08000,27.7,18.6,1.0,0.0,0.735034,0.322144,1.313975,-0.734893,0.343063,1.178587,-0.089600,0.486000,0.869300,0.003200,0.133500,0.542300,0.828800,0.034500,0.735024,0.321935,1.314005,-0.734772,0.343245,1.178283,1.103874,0.751025,2.300314,-1.647365,-1.977461,-0.726535,-0.567701,1.967302,-1.270562,1.609063,-1.428267,2.677928,0.148401,2.481108,1,1,1.0000,1.0000,-21.9056,-65.5786,-10.1000,-27.2000,0.040000,0.270576,0,0,1,1,0,0,0.0000,0.0000,,,,,2396,2396,0,0,2336,2347,60,36,0,13,0.52917,0.54141,,,,,,,,,,,,,,,,,,,,,,,140359.1515,1809,1809,0,0
1788271862.6497,G_left_centre_left_right,G,left,0,left_right,,centre,904,143.2000,344.2000,59.3000,217.1000,218.9000,0.0000,343.1000,315.8000,23.4000,0.0000,147.8000,0.0000,100.0000,0.0000,0.22700,-0.10700,0.93100,0.83000,-1.53000,5.11000,-0.94800,-0.02500,0.20100,-1.11000,-15.52000,-2.08000,27.7,18.6,1.0,0.0,0.735034,0.322144,1.313975,-0.734893,0.343063,1.178587,-0.089600,0.486000,0.869300,0.003200,0.133500,0.542300,0.828800,0.034500,0.735024,0.321935,1.314005,-0.734772,0.343245,1.178283,1.103874,0.751025,2.300314,-1.647365,-1.977461,-0.726535,-0.567701,1.967302,-1.270562,1.609063,-1.428267,2.677928,0.148401,2.481108,1,1,1.0000,1.0000,-21.9056,-65.5786,-10.1000,-27.2000,0.040000,0.270576,0,0,1,1,0,0,0.0000,0.0000,,,,,2396,2396,0,0,2336,2347,60,36,0,13,0.52917,0.54141,,,,,,,,,,,,,,,,,,,,,,,140359.1725,1809,1809,0,0
1788271862.6818,G_left_centre_left_right,G,left,0,left_right,,centre,905,143.5000,344.2000,59.3000,217.1000,218.9000,0.0000,342.9000,315.8000,23.4000,0.0000,147.7000,0.0000,101.2000,0.0000,0.20400,-0.10900,0.91900,8.34000,-1.46000,1.08000,-0.90900,-0.00700,0.19600,-3.50000,-12.35000,-6.21000,25.0,18.9,1.0,0.0,0.735023,0.322344,1.313851,-0.734985,0.343095,1.178553,-0.089600,0.486000,0.869300,0.003200,0.133500,0.542300,0.828800,0.034500,0.735024,0.321935,1.314005,-0.734772,0.343245,1.178283,1.103702,0.751486,2.300161,-1.646458,-1.976847,-0.726052,-0.568213,1.967277,-1.270387,1.609385,-1.427607,2.678079,0.149793,2.481092,1,1,1.0000,1.0000,-23.0959,-66.6361,-9.8000,-27.2000,0.040000,0.270562,0,0,1,1,0,0,0.0000,0.0000,,,,,2398,2398,0,0,2338,2349,60,36,0,13,0.52924,0.54163,,,,,,,,,,,,,,,,,,,,,,,140359.2046,1811,1811,0,0
1788271862.6885,G_left_centre_left_right,G,left,0,left_right,,centre,906,143.5000,344.2000,59.3000,217.1000,218.9000,0.0000,342.8000,315.8000,23.4000,0.0000,147.6000,0.0000,103.2000,0.0000,0.21500,-0.07300,0.90900,10.13000,-1.11000,0.11000,-0.95900,-0.03300,0.20700,-3.59000,-11.57000,-0.17000,25.0,18.9,1.0,0.0,0.735033,0.322408,1.313844,-0.734628,0.342906,1.178740,-0.089600,0.486000,0.869300,0.003200,0.133500,0.542300,0.828800,0.034500,0.735024,0.321935,1.314005,-0.734772,0.343245,1.178283,1.103700,0.751493,2.300159,-1.646446,-1.976838,-0.726046,-0.568219,1.967262,-1.270360,1.609386,-1.427677,2.678104,0.150316,2.481096,1,1,1.0000,1.0000,-22.1820,-65.1448,-9.8000,-27.2000,0.040000,0.270547,0,0,1,1,0,0,0.0000,0.0000,,,,,2399,2399,0,0,2339,2350,60,36,0,13,0.52924,0.54163,,,,,,,,,,,,,,,,,,,,,,,140359.2113,1812,1812,0,0
1788271862.7112,G_left_centre_left_right,G,left,0,left_right,,centre,907,143.6000,344.2000,59.3000,217.1000,218.9000,0.0000,342.7000,315.8000,23.4000,0.0000,147.5000,0.0000,103.6000,0.0000,0.21900,-0.05500,0.90800,9.82000,-0.42000,1.96000,-0.90000,-0.02700,0.18800,-0.35000,-10.76000,-2.28000,25.7,18.9,1.0,0.0,0.735052,0.322486,1.313852,-0.734346,0.342755,1.178890,-0.089600,0.486000,0.869300,0.003200,0.133500,0.542300,0.828800,0.034500,0.735050,0.322217,1.313909,-0.734825,0.343165,1.178376,1.103678,0.751613,2.300130,-1.646259,-1.976678,-0.725964,-0.568320,1.967250,-1.270325,1.609404,-1.427745,2.678137,0.150734,2.481093,1,1,1.0000,1.0000,-21.8515,-65.3621,-9.7000,-27.2000,0.040000,0.270533,0,0,1,1,0,0,0.0000,0.0000,,,,,2400,2400,0,0,2340,2351,60,36,0,13,0.52924,0.54184,,,,,,,,,,,,,,,,,,,,,,,140359.2341,1813,1813,0,0
1788271862.7285,G_left_centre_left_right,G,left,0,left_right,,centre,908,143.7000,344.2000,59.3000,217.1000,218.9000,0.0000,342.7000,315.8000,23.4000,0.0000,147.4000,0.0000,100.9000,0.0000,0.21400,-0.03800,0.89500,8.89000,-0.53000,2.26000,-0.91500,-0.00600,0.18000,-0.47000,-7.24000,-5.79000,25.5,18.2,1.0,0.0,0.735069,0.322556,1.313858,-0.734581,0.342869,1.178781,-0.089600,0.486000,0.869300,0.003200,0.133500,0.542300,0.828800,0.034500,0.735050,0.322217,1.313909,-0.734825,0.343165,1.178376,1.103559,0.751993,2.300030,-1.645578,-1.976172,-0.725630,-0.568706,1.967202,-1.270239,1.609434,-1.427871,2.678216,0.151409,2.481102,1,1,1.0000,1.0000,-21.8843,-66.6079,-9.6000,-27.2000,0.040000,0.270517,0,0,1,1,0,0,0.0000,0.0000,,,,,2401,2401,0,0,2341,2352,60,36,0,13,0.52935,0.54184,,,,,,,,,,,,,,,,,,,,,,,140359.2513,1814,1814,0,0
1788271862.7495,G_left_centre_left_right,G,left,0,left_right,,centre,909,143.8000,344.2000,59.3000,217.1000,218.9000,0.0000,342.7000,315.8000,23.4000,0.0000,147.3000,0.0000,99.4000,0.0000,0.25200,-0.03400,0.89200,7.88000,0.50000,2.06000,-1.00700,-0.01700,0.20500,-2.73000,-4.78000,-1.83000,26.7,18.6,1.0,0.0,0.735128,0.322623,1.313976,-0.734581,0.342866,1.178787,-0.089600,0.486000,0.869300,0.003200,0.133500,0.542300,0.828800,0.034500,0.735050,0.322217,1.313909,-0.734825,0.343165,1.178376,1.103476,0.752132,2.299963,-1.645267,-1.976006,-0.725426,-0.568883,1.967139,-1.270196,1.609287,-1.428229,2.678243,0.150975,2.481141,1,1,1.0000,1.0000,-19.5438,-66.0693,-9.5000,-27.2000,0.040000,0.270502,0,0,1,1,0,0,0.0000,0.0000,,,,,2402,2402,0,0,2342,2353,60,36,0,13,0.52935,0.54184,,,,,,,,,,,,,,,,,,,,,,,140359.2723,1815,1815,0,0
1788271862.7804,G_left_centre_left_right,G,left,0,left_right,,centre,910,143.8000,344.2000,59.3000,217.1000,218.9000,0.0000,342.7000,315.8000,23.4000,0.0000,147.2000,0.0000,96.5000,0.0000,0.25300,-0.04300,0.89700,7.34000,2.76000,3.63000,-0.91300,-0.00800,0.18600,-1.60000,-3.60000,-1.58000,26.7,18.2,1.0,0.0,0.735185,0.322690,1.314090,-0.734752,0.342949,1.178712,-0.089600,0.486000,0.869300,0.003200,0.133500,0.542300,0.828800,0.034500,0.735078,0.322543,1.313859,-0.734618,0.342963,1.178669,1.103340,0.752261,2.299831,-1.644936,-1.975836,-0.725113,-0.569051,1.967088,-1.270147,1.609147,-1.429306,2.678284,0.149605,2.481167,1,1,1.0000,1.0000,-19.6130,-66.5239,-9.5000,-27.2000,0.040000,0.270487,0,0,1,1,0,0,0.0000,0.0000,,,,,2403,2403,0,0,2343,2354,60,36,0,13,0.52935,0.54184,,,,,,,,,,,,,,,,,,,,,,,140359.3033,1816,1816,0,0
1788271862.7885,G_left_centre_left_right,G,left,0,left_right,,centre,911,143.8000,344.2000,59.3000,217.1000,218.9000,0.0000,342.7000,315.8000,23.4000,0.0000,147.2000,0.0000,96.5000,0.0000,0.25300,-0.04300,0.89700,7.34000,2.76000,3.63000,-0.91300,-0.00800,0.18600,-1.60000,-3.60000,-1.58000,26.7,18.2,1.0,0.0,0.735185,0.322690,1.314090,-0.734752,0.342949,1.178712,-0.089600,0.486000,0.869300,0.003200,0.133500,0.542300,0.828800,0.034500,0.735078,0.322543,1.313859,-0.734618,0.342963,1.178669,1.103340,0.752261,2.299831,-1.644936,-1.975836,-0.725113,-0.569051,1.967088,-1.270147,1.609147,-1.429306,2.678284,0.149605,2.481167,1,1,1.0000,1.0000,-19.6130,-66.5239,-9.5000,-27.2000,0.040000,0.270487,0,0,1,1,0,0,0.0000,0.0000,,,,,2403,2403,0,0,2343,2354,60,36,0,13,0.52935,0.54184,,,,,,,,,,,,,,,,,,,,,,,140359.3114,1816,1816,0,0
1788271862.8129,G_left_centre_left_right,G,left,0,left_right,,centre,912,143.8000,344.2000,59.3000,217.1000,218.9000,0.0000,342.7000,315.8000,23.5000,0.0000,147.2000,0.0000,98.8000,0.0000,0.22000,-0.05000,0.89300,5.93000,5.34000,4.62000,-0.95400,-0.02400,0.20400,-1.65000,2.21000,-2.79000,25.6,18.9,1.0,0.0,0.735226,0.322803,1.314134,-0.734801,0.342967,1.178702,-0.089600,0.486000,0.869300,0.003200,0.133500,0.542300,0.828800,0.034500,0.735078,0.322543,1.313859,-0.734618,0.342963,1.178669,1.103112,0.752204,2.299640,-1.644622,-1.975929,-0.724676,-0.569178,1.967067,-1.270098,1.609129,-1.429852,2.678331,0.148565,2.481170,1,1,1.0000,1.0000,-21.5533,-65.6538,-9.5000,-27.2000,0.040000,0.270504,0,0,1,1,0,0,0.0000,0.0000,,,,,2405,2405,0,0,2345,2356,60,36,0,13,0.52949,0.54172,,,,,,,,,,,,,,,,,,,,,,,140359.3357,1818,1818,0,0
1788271862.8334,G_left_centre_left_right,G,left,0,left_right,,centre,913,143.8000,344.2000,59.3000,217.1000,218.9000,0.0000,342.7000,315.8000,23.5000,0.0000,147.3000,0.0000,101.4000,0.0000,0.21900,-0.04800,0.90600,5.89000,6.30000,3.67000,-0.93200,-0.01800,0.21700,0.39000,2.28000,-1.21000,25.7,18.7,1.0,0.0,0.735233,0.322856,1.314125,-0.734776,0.342952,1.178717,-0.089600,0.486000,0.869300,0.003200,0.133500,0.542300,0.828800,0.034500,0.735078,0.322543,1.313859,-0.734618,0.342963,1.178669,1.102992,0.752211,2.299515,-1.644375,-1.975931,-0.724430,-0.569284,1.967074,-1.270060,1.609187,-1.429631,2.678377,0.148553,2.481152,1,1,1.0000,1.0000,-21.7902,-66.0344,-9.5000,-27.2000,0.040000,0.270520,0,0,1,1,0,0,0.0000,0.0000,,,,,2406,2406,0,0,2346,2357,60,36,0,13,0.52949,0.54172,,,,,,,,,,,,,,,,,,,,,,,140359.3562,1819,1819,0,0
1788271862.8503,G_left_centre_left_right,G,left,0,left_right,,centre,914,143.8000,344.2000,59.3000,217.1000,218.9000,0.0000,342.7000,315.8000,23.2000,0.0000,147.3000,0.0000,102.5000,0.0000,0.20500,-0.05300,0.90300,5.21000,6.19000,4.82000,-0.94100,-0.01600,0.20600,0.73000,3.91000,-1.98000,26.2,18.8,1.0,0.0,0.735223,0.322916,1.314071,-0.734780,0.342951,1.178722,-0.089600,0.486000,0.869300,0.003200,0.133500,0.542300,0.828800,0.034500,0.735223,0.322774,1.314104,-0.734737,0.342954,1.178790,1.102920,0.752276,2.299412,-1.644146,-1.975848,-0.724253,-0.569393,1.967072,-1.270034,1.609225,-1.429234,2.678411,0.149132,2.481142,1,1,1.0000,1.0000,-22.6104,-66.1280,-9.5000,-27.2000,0.040000,0.270466,0,0,1,1,0,0,0.0000,0.0000,,,,,2407,2407,0,0,2347,2358,60,36,0,13,0.52949,0.54172,,,,,,,,,,,,,,,,,,,,,,,140359.3731,1820,1820,0,0
1788271862.8856,G_left_centre_left_right,G,left,0,left_right,,centre,915,143.8000,344.2000,59.3000,217.1000,218.9000,0.0000,342.7000,315.8000,23.2000,0.0000,147.3000,0.0000,102.5000,0.0000,0.20500,-0.05300,0.90300,5.21000,6.19000,4.82000,-0.94100,-0.01600,0.20600,0.73000,3.91000,-1.98000,26.2,18.8,1.0,0.0,0.735223,0.322916,1.314071,-0.734780,0.342951,1.178722,-0.089600,0.486000,0.869300,0.003200,0.133500,0.542300,0.828800,0.034500,0.735223,0.322774,1.314104,-0.734737,0.342954,1.178790,1.102899,0.752320,2.299370,-1.644051,-1.975790,-0.724184,-0.569439,1.967069,-1.270021,1.609224,-1.429147,2.678429,0.149527,2.481138,1,1,1.0000,1.0000,-22.6104,-66.1280,-9.5000,-27.2000,0.040000,0.270466,0,0,1,1,0,0,0.0000,0.0000,,,,,2407,2407,0,0,2347,2358,60,36,0,13,0.52949,0.54172,,,,,,,,,,,,,,,,,,,,,,,140359.4085,1820,1820,0,0
1788271862.8894,G_left_centre_left_right,G,left,0,left_right,,centre,916,143.9000,344.2000,59.3000,217.1000,218.9000,0.0000,342.8000,315.8000,23.3000,0.0000,147.3000,0.0000,105.2000,0.0000,0.22000,-0.08200,0.92700,7.93000,5.06000,4.32000,-0.94200,-0.00800,0.21800,-1.27000,4.77000,-1.69000,28.8,20.2,1.0,0.0,0.735212,0.323010,1.313999,-0.735358,0.343242,1.178453,-0.089600,0.486000,0.869300,0.003200,0.133500,0.542300,0.828800,0.034500,0.735223,0.322774,1.314104,-0.734737,0.342954,1.178790,1.102891,0.752392,2.299342,-1.643949,-1.975698,-0.724135,-0.569492,1.967062,-1.269994,1.609220,-1.429057,2.678466,0.150200,2.481128,1,1,1.0000,1.0000,-22.1686,-66.6355,-9.4000,-27.2000,0.040000,0.270484,0,0,1,1,0,0,0.0000,0.0000,,,,,2409,2409,0,0,2349,2360,60,36,0,13,0.52969,0.54170,,,,,,,,,,,,,,,,,,,,,,,140359.4122,1822,1822,0,0
1788271862.9270,G_left_centre_left_right,G,left,0,left_right,,centre,917,143.9000,344.2000,59.3000,217.1000,218.9000,0.0000,342.7000,315.8000,23.3000,0.0000,147.3000,0.0000,101.2000,0.0000,0.24100,-0.07300,0.91200,12.87000,3.55000,0.50000,-0.95100,-0.01400,0.23700,-1.83000,4.03000,-0.14000,30.4,21.8,1.0,0.0,0.735256,0.323087,1.314070,-0.735467,0.343294,1.178406,-0.089600,0.486000,0.869300,0.003200,0.133500,0.542300,0.828800,0.034500,0.735222,0.322940,1.314043,-0.734676,0.342915,1.178790,1.102871,0.752664,2.299253,-1.643588,-1.975371,-0.723969,-0.569685,1.967081,-1.269950,1.609282,-1.428951,2.678532,0.150667,2.481090,1,1,1.0000,1.0000,-20.6919,-66.3025,-9.4000,-27.2000,0.040000,0.270484,0,0,1,1,0,0,0.0000,0.0000,,,,,2410,2410,0,0,2350,2361,60,36,0,13,0.52969,0.54170,,,,,,,,,,,,,,,,,,,,,,,140359.4498,1824,1824,0,0
1788271862.9292,G_left_centre_left_right,G,left,0,left_right,,centre,918,143.9000,344.2000,59.3000,217.1000,218.9000,0.0000,342.7000,315.8000,23.3000,0.0000,147.3000,0.0000,101.2000,0.0000,0.24100,-0.07300,0.91200,12.87000,3.55000,0.50000,-0.95100,-0.01400,0.23700,-1.83000,4.03000,-0.14000,30.4,21.8,1.0,0.0,0.735256,0.323087,1.314070,-0.735467,0.343294,1.178406,-0.089600,0.486000,0.869300,0.003200,0.133500,0.542300,0.828800,0.034500,0.735222,0.322940,1.314043,-0.734676,0.342915,1.178790,1.102866,0.752735,2.299235,-1.643490,-1.975283,-0.723930,-0.569736,1.967103,-1.269933,1.609372,-1.428713,2.678559,0.150711,2.481067,1,1,1.0000,1.0000,-20.6919,-66.3025,-9.4000,-27.2000,0.040000,0.270484,0,0,1,1,0,0,0.0000,0.0000,,,,,2411,2411,0,0,2351,2362,60,36,0,13,0.52974,0.54181,,,,,,,,,,,,,,,,,,,,,,,140359.4521,1824,1824,0,0
1788271862.9493,G_left_centre_left_right,G,left,0,left_right,,centre,919,143.9000,344.2000,59.3000,217.1000,218.9000,0.0000,342.7000,315.8000,23.3000,0.0000,147.3000,0.0000,102.6000,0.0000,0.26100,-0.04800,0.87500,13.34000,4.11000,-2.17000,-0.95600,-0.01000,0.22600,-0.89000,3.37000,0.21000,31.8,22.6,1.0,0.0,0.735323,0.323122,1.314228,-0.735549,0.343335,1.178369,-0.089600,0.486000,0.869300,0.003200,0.133500,0.542300,0.828800,0.034500,0.735222,0.322940,1.314043,-0.734676,0.342915,1.178790,1.102814,0.752866,2.299116,-1.643203,-1.975108,-0.723697,-0.569865,1.967175,-1.269882,1.609670,-1.427815,2.678643,0.151104,2.480989,1,1,1.0000,1.0000,-18.7884,-66.5333,-9.4000,-27.2000,0.040000,0.270484,0,0,1,1,0,0,0.0000,0.0000,,,,,2412,2412,0,0,2352,2363,60,36,0,13,0.52974,0.54181,,,,,,,,,,,,,,,,,,,,,,,140359.4721,1825,1825,0,0
1788271862.9701,G_left_centre_left_right,G,left,0,left_right,,centre,920,143.9000,344.2000,59.3000,217.1000,218.9000,0.0000,342.7000,315.8000,23.4000,0.0000,147.3000,0.0000,103.9000,0.0000,0.23000,-0.03600,0.93200,12.77000,4.88000,-2.47000,-0.94900,-0.00600,0.22900,-2.02000,3.11000,0.60000,32.6,23.5,1.0,0.0,0.735329,0.323154,1.314227,-0.735731,0.343426,1.178282,-0.089600,0.486000,0.869300,0.003200,0.133500,0.542300,0.828800,0.034500,0.735222,0.322940,1.314043,-0.734676,0.342915,1.178790,1.102743,0.752871,2.299021,-1.643077,-1.975118,-0.723521,-0.569913,1.967219,-1.269849,1.609852,-1.427226,2.678704,0.151733,2.480932,1,1,1.0000,1.0000,-21.4527,-66.7684,-9.4000,-27.2000,0.040000,0.270502,0,0,1,1,0,0,0.0000,0.0000,,,,,2412,2412,0,0,2352,2363,60,36,0,13,0.52974,0.54181,,,,,,,,,,,,,,,,,,,,,,,140359.4930,1826,1826,0,0
1788271863.0002,G_left_centre_left_right,G,left,0,left_right,,centre,921,143.9000,344.2000,59.3000,217.1000,218.9000,0.0000,342.7000,315.8000,23.4000,0.0000,147.2000,0.0000,104.8000,0.0000,0.20000,-0.05700,0.93900,13.57000,3.74000,-1.89000,-0.94600,-0.01800,0.23600,-2.21000,2.55000,0.76000,31.9,23.9,1.0,0.0,0.735296,0.323197,1.314126,-0.735649,0.343383,1.178325,-0.089600,0.486000,0.869300,0.003200,0.133500,0.542300,0.828800,0.034500,0.735271,0.323094,1.314109,-0.735263,0.343207,1.178451,1.102667,0.752830,2.298928,-1.643000,-1.975222,-0.723363,-0.569933,1.967267,-1.269815,1.610038,-1.426694,2.678773,0.152315,2.480867,1,1,1.0000,1.0000,-23.3828,-66.0632,-9.4000,-27.2000,0.040000,0.270487,0,0,1,1,0,0,0.0000,0.0000,,,,,2413,2413,0,0,2353,2364,60,36,0,13,0.52974,0.54181,,,,,,,,,,,,,,,,,,,,,,,140359.5230,1827,1827,0,0
1788271863.0130,G_left_centre_left_right,G,left,0,left_right,,centre,922,143.9000,344.2000,59.3000,217.1000,218.9000,0.0000,342.6000,315.8000,23.4000,0.0000,147.2000,0.0000,104.7000,0.0000,0.21300,-0.04800,0.92600,13.89000,2.84000,-1.41000,-0.94700,-0.01900,0.23500,-1.95000,2.00000,1.02000,30.9,24.1,1.0,0.0,0.735287,0.323229,1.314088,-0.735563,0.343338,1.178369,-0.089600,0.486000,0.869300,0.003200,0.133500,0.542300,0.828800,0.034500,0.735271,0.323094,1.314109,-0.735263,0.343207,1.178451,1.102630,0.752837,2.298858,-1.642910,-1.975275,-0.723250,-0.569961,1.967319,-1.269789,1.610230,-1.426165,2.678834,0.152739,2.480800,1,1,1.0000,1.0000,-22.4181,-66.0057,-9.4000,-27.2000,0.040000,0.270487,0,0,1,1,0,0,0.0000,0.0000,,,,,2415,2415,0,0,2355,2366,60,36,0,13,0.52984,0.54220,,,,,,,,,,,,,,,,,,,,,,,140359.5359,1828,1828,0,0
1788271863.0288,G_left_centre_left_right,G,left,0,left_right,,centre,923,143.9000,344.2000,59.3000,217.1000,218.9000,0.0000,342.7000,315.8000,23.4000,0.0000,147.2000,0.0000,104.8000,0.0000,0.23400,-0.03900,0.92200,12.67000,1.94000,-0.56000,-0.94400,-0.03200,0.23400,-1.20000,1.60000,0.53000,31.2,24.1,1.0,0.0,0.735302,0.323254,1.314113,-0.735095,0.343096,1.178608,-0.089600,0.486000,0.869300,0.003200,0.133500,0.542300,0.828800,0.034500,0.735271,0.323094,1.314109,-0.735263,0.343207,1.178451,1.102627,0.752946,2.298808,-1.642762,-1.975111,-0.723179,-0.570025,1.967347,-1.269771,1.610362,-1.425731,2.678880,0.153186,2.480755,1,1,1.0000,1.0000,-21.0928,-65.2369,-9.4000,-27.2000,0.040000,0.270487,0,0,1,1,0,0,0.0000,0.0000,,,,,2416,2416,0,0,2356,2367,60,36,0,13,0.52984,0.54220,,,,,,,,,,,,,,,,,,,,,,,140359.5516,1829,1829,0,0
1788271863.0491,G_left_centre_left_right,G,left,0,left_right,,centre,924,144.0000,344.2000,59.3000,217.1000,218.9000,0.0000,342.8000,315.8000,23.4000,0.0000,147.2000,0.0000,104.8000,0.0000,0.24400,-0.03400,0.91800,9.73000,2.31000,1.22000,-0.94700,-0.02700,0.23100,-0.66000,0.98000,0.10000,31.4,23.6,1.0,0.0,0.735329,0.323280,1.314167,-0.734866,0.342977,1.178725,-0.089600,0.486000,0.869300,0.003200,0.133500,0.542300,0.828800,0.034500,0.735297,0.323212,1.314116,-0.735569,0.343360,1.178269,1.102631,0.753026,2.298784,-1.642672,-1.974975,-0.723146,-0.570066,1.967350,-1.269765,1.610363,-1.425707,2.678900,0.153281,2.480740,1,1,1.0000,1.0000,-20.4265,-65.5348,-9.3000,-27.2000,0.040000,0.270487,0,0,1,1,0,0,0.0000,0.0000,,,,,2417,2417,0,0,2357,2368,60,36,0,13,0.52984,0.54220,,,,,,,,,,,,,,,,,,,,,,,140359.5720,1830,1830,0,0
1788271863.0685,G_left_centre_left_right,G,left,0,left_right,,centre,925,144.0000,344.2000,59.3000,217.1000,218.9000,0.0000,342.7000,315.8000,23.4000,0.0000,147.3000,0.0000,105.2000,0.0000,0.24400,-0.04200,0.91200,6.85000,3.02000,1.82000,-0.95100,-0.02600,0.23400,-0.40000,0.40000,0.29000,31.1,23.7,1.0,0.0,0.735355,0.323305,1.314220,-0.734681,0.342881,1.178818,-0.089600,0.486000,0.869300,0.003200,0.133500,0.542300,0.828800,0.034500,0.735297,0.323212,1.314116,-0.735569,0.343360,1.178269,1.102602,0.753153,2.298668,-1.642449,-1.974811,-0.722959,-0.570159,1.967325,-1.269751,1.610287,-1.425946,2.678941,0.153058,2.480726,1,1,1.0000,1.0000,-20.3748,-65.6009,-9.3000,-27.2000,0.040000,0.270502,0,0,1,1,0,0,0.0000,0.0000,,,,,2418,2418,0,0,2358,2369,60,36,0,13,0.52990,0.54245,,,,,,,,,,,,,,,,,,,,,,,140359.5913,1831,1831,0,0
1788271863.1007,G_left_centre_left_right,G,left,0,left_right,,centre,926,144.0000,344.2000,59.3000,217.1000,218.9000,0.0000,342.7000,315.8000,23.4000,0.0000,147.3000,0.0000,105.8000,0.0000,0.24800,-0.05200,0.90900,5.54000,4.27000,3.27000,-0.95000,-0.02500,0.22300,-1.35000,-0.34000,0.48000,29.9,22.9,1.0,0.0,0.735383,0.323328,1.314281,-0.734543,0.342809,1.178887,-0.089600,0.486000,0.869300,0.003200,0.133500,0.542300,0.828800,0.034500,0.735297,0.323212,1.314116,-0.735569,0.343360,1.178269,1.102538,0.753149,2.298512,-1.642324,-1.974853,-0.722727,-0.570189,1.967231,-1.269745,1.609880,-1.427151,2.678955,0.151708,2.480774,1,1,1.0000,1.0000,-20.1427,-65.6472,-9.3000,-27.2000,0.040000,0.270502,0,0,1,1,0,0,0.0000,0.0000,,,,,2419,2419,0,0,2359,2370,60,36,0,13,0.52990,0.54245,,,,,,,,,,,,,,,,,,,,,,,140359.6235,1832,1832,0,0
1788271863.1102,G_left_centre_left_right,G,left,0,left_right,,centre,927,144.0000,344.2000,59.3000,217.1000,218.9000,0.0000,342.6000,315.8000,23.4000,0.0000,147.3000,0.0000,106.3000,0.0000,0.23100,-0.06700,0.91300,6.02000,5.63000,2.88000,-0.95200,-0.01800,0.23800,-2.11000,-0.77000,0.56000,29.9,22.9,1.0,0.0,0.735389,0.323349,1.314284,-0.734545,0.342810,1.178886,-0.089600,0.486000,0.869300,0.003200,0.133500,0.542300,0.828800,0.034500,0.735297,0.323212,1.314116,-0.735569,0.343360,1.178269,1.102513,0.753135,2.298458,-1.642290,-1.974881,-0.722649,-0.570191,1.967195,-1.269743,1.609727,-1.427641,2.678959,0.151174,2.480793,1,1,1.0000,1.0000,-21.2675,-66.0697,-9.3000,-27.2000,0.040000,0.270502,0,0,1,1,0,0,0.0000,0.0000,,,,,2419,2419,0,0,2359,2370,60,36,0,13,0.52990,0.54245,,,,,,,,,,,,,,,,,,,,,,,140359.6330,1833,1833,0,0
1788271863.1297,G_left_centre_left_right,G,left,0,left_right,,centre,928,145.4000,344.2000,59.3000,217.1000,218.9000,0.0000,342.2000,315.8000,23.5000,0.0000,147.4000,0.0000,109.1000,0.0000,0.21300,-0.07700,0.90200,4.88000,-1.24000,3.04000,-0.95800,-0.02400,0.22100,2.19000,-1.33000,2.92000,31.4,24.0,1.0,0.0,0.735388,0.323440,1.314243,-0.734439,0.342755,1.178936,-0.089600,0.486000,0.869300,0.003200,0.133500,0.542300,0.828800,0.034500,0.735361,0.323312,1.314239,-0.735051,0.343066,1.178678,1.102476,0.753129,2.298347,-1.642209,-1.974911,-0.722504,-0.570199,1.967114,-1.269742,1.609379,-1.428712,2.678968,0.150055,2.480834,1,1,1.0000,1.0000,-22.2213,-65.7104,-7.9000,-27.2000,0.040000,0.270535,0,0,1,1,0,0,0.0000,0.0000,,,,,2421,2421,0,0,2361,2372,60,36,0,13,0.52990,0.54245,,,,,,,,,,,,,,,,,,,,,,,140359.6525,1834,1834,0,0
1788271863.1646,G_left_centre_left_right,G,left,0,left_right,,centre,929,145.4000,344.2000,59.3000,217.1000,218.9000,0.0000,342.2000,315.8000,23.5000,0.0000,147.4000,0.0000,109.1000,0.0000,0.18300,-0.06300,0.90200,5.89000,-0.33000,4.64000,-0.95500,-0.02700,0.22400,2.24000,-1.65000,3.27000,30.1,24.9,1.0,0.0,0.735342,0.323621,1.314060,-0.733938,0.342496,1.179183,-0.089600,0.486000,0.869300,0.003200,0.133500,0.542300,0.828800,0.034500,0.735361,0.323312,1.314239,-0.735051,0.343066,1.178678,1.102450,0.753174,2.298266,-1.642105,-1.974870,-0.722397,-0.570236,1.967041,-1.269740,1.609070,-1.429626,2.678986,0.149180,2.480861,1,1,1.0000,1.0000,-23.9731,-65.5379,-7.9000,-27.2000,0.040000,0.270535,0,0,1,1,0,0,0.0000,0.0000,,,,,2422,2422,0,0,2362,2373,60,36,0,13,0.53000,0.54202,,,,,,,,,,,,,,,,,,,,,,,140359.6874,1836,1836,0,0
1788271863.1787,G_left_centre_left_right,G,left,0,left_right,,centre,930,145.4000,344.2000,59.3000,217.1000,218.9000,0.0000,342.2000,315.8000,23.5000,0.0000,147.4000,0.0000,109.1000,0.0000,0.18300,-0.06300,0.90200,5.89000,-0.33000,4.64000,-0.95500,-0.02700,0.22400,2.24000,-1.65000,3.27000,30.1,24.9,1.0,0.0,0.735342,0.323621,1.314060,-0.733938,0.342496,1.179183,-0.089600,0.486000,0.869300,0.003200,0.133500,0.542300,0.828800,0.034500,0.735361,0.323312,1.314239,-0.735051,0.343066,1.178678,1.102437,0.753211,2.298246,-1.642052,-1.974827,-0.722364,-0.570264,1.967014,-1.269740,1.608956,-1.429856,2.678993,0.148975,2.480869,1,1,1.0000,1.0000,-23.9731,-65.5379,-7.9000,-27.2000,0.040000,0.270535,0,0,1,1,0,0,0.0000,0.0000,,,,,2422,2422,0,0,2362,2373,60,36,0,13,0.53000,0.54202,,,,,,,,,,,,,,,,,,,,,,,140359.7015,1836,1836,0,0
1788271863.2012,G_left_centre_left_right,G,left,0,left_right,,centre,931,145.4000,344.2000,59.3000,217.1000,218.9000,0.0000,342.5000,315.8000,23.5000,0.0000,147.4000,0.0000,109.1000,0.0000,0.22300,-0.04300,0.90800,3.01000,-0.28000,9.22000,-0.95000,-0.02600,0.22200,2.00000,-1.47000,2.90000,29.2,22.9,1.0,0.0,0.735331,0.323764,1.313977,-0.733836,0.342442,1.179232,-0.089600,0.486000,0.869300,0.003200,0.133500,0.542300,0.828800,0.034500,0.735391,0.323485,1.314198,-0.734513,0.342791,1.178954,1.102391,0.753488,2.298208,-1.641578,-1.974446,-0.722198,-0.570498,1.966937,-1.269743,1.608692,-1.430255,2.679005,0.148641,2.480900,1,1,1.0000,1.0000,-21.5566,-65.5868,-7.9000,-27.2000,0.040000,0.270535,0,0,1,1,0,0,0.0000,0.0000,,,,,2424,2424,0,0,2364,2375,60,36,0,13,0.53000,0.54202,,,,,,,,,,,,,,,,,,,,,,,140359.7241,1838,1837,0,0
1788271863.2338,G_left_centre_left_right,G,left,0,left_right,,centre,932,145.4000,344.2000,59.3000,217.1000,218.9000,0.0000,342.4000,315.8000,23.5000,0.0000,147.5000,0.0000,109.1000,0.0000,0.25900,-0.03600,0.90400,2.80000,0.22000,9.14000,-0.94700,-0.02400,0.22100,1.15000,-2.40000,2.08000,29.4,22.6,1.0,0.0,0.735392,0.323825,1.314110,-0.733598,0.342319,1.179347,-0.089600,0.486000,0.869300,0.003200,0.133500,0.542300,0.828800,0.034500,0.735391,0.323485,1.314198,-0.734513,0.342791,1.178954,1.102363,0.753921,2.298209,-1.641025,-1.973862,-0.722079,-0.570809,1.966843,-1.269749,1.608354,-1.430951,2.679012,0.148016,2.480942,1,1,1.0000,1.0000,-19.3408,-65.6992,-7.9000,-27.2000,0.040000,0.270550,0,0,1,1,0,0,0.0000,0.0000,,,,,2425,2425,0,0,2365,2376,60,36,0,13,0.53007,0.54164,,,,,,,,,,,,,,,,,,,,,,,140359.7566,1839,1839,0,0
1788271863.2353,G_left_centre_left_right,G,left,0,left_right,,centre,933,145.4000,344.2000,59.3000,217.1000,218.9000,0.0000,342.4000,315.8000,23.5000,0.0000,147.5000,0.0000,109.1000,0.0000,0.25900,-0.03600,0.90400,2.80000,0.22000,9.14000,-0.94700,-0.02400,0.22100,1.15000,-2.40000,2.08000,29.4,22.6,1.0,0.0,0.735392,0.323825,1.314110,-0.733598,0.342319,1.179347,-0.089600,0.486000,0.869300,0.003200,0.133500,0.542300,0.828800,0.034500,0.735391,0.323485,1.314198,-0.734513,0.342791,1.178954,1.102363,0.753921,2.298209,-1.641025,-1.973862,-0.722079,-0.570809,1.966843,-1.269749,1.608354,-1.430951,2.679012,0.148016,2.480942,1,1,1.0000,1.0000,-19.3408,-65.6992,-7.9000,-27.2000,0.040000,0.270550,0,0,1,1,0,0,0.0000,0.0000,,,,,2425,2425,0,0,2365,2376,60,36,0,13,0.53007,0.54164,,,,,,,,,,,,,,,,,,,,,,,140359.7581,1839,1839,0,0
1788271863.2520,G_left_centre_left_right,G,left,0,left_right,,centre,934,145.4000,344.2000,59.3000,217.1000,218.9000,0.0000,342.4000,315.8000,23.5000,0.0000,147.5000,0.0000,109.1000,0.0000,0.25900,-0.03600,0.90400,2.80000,0.22000,9.14000,-0.94700,-0.02400,0.22100,1.15000,-2.40000,2.08000,28.6,22.5,1.0,0.0,0.735392,0.323825,1.314110,-0.733598,0.342319,1.179347,-0.089600,0.486000,0.869300,0.003200,0.133500,0.542300,0.828800,0.034500,0.735391,0.323485,1.314198,-0.734513,0.342791,1.178954,1.102319,0.754190,2.298191,-1.640649,-1.973557,-0.721953,-0.571019,1.966769,-1.269756,1.608083,-1.431704,2.679013,0.147197,2.480977,1,1,1.0000,1.0000,-19.3408,-65.6992,-7.9000,-27.2000,0.040000,0.270550,0,0,1,1,0,0,0.0000,0.0000,,,,,2426,2426,0,0,2366,2377,60,36,0,13,0.53007,0.54164,,,,,,,,,,,,,,,,,,,,,,,140359.7748,1839,1839,0,0
1788271863.2762,G_left_centre_left_right,G,left,0,left_right,,centre,935,145.4000,344.2000,59.3000,217.1000,218.9000,0.0000,342.4000,315.8000,23.5000,0.0000,147.5000,0.0000,109.1000,0.0000,0.26400,-0.07400,0.91700,3.81000,1.46000,5.83000,-0.94400,-0.02900,0.22100,-1.35000,-2.50000,2.02000,27.4,22.4,1.0,0.0,0.735512,0.323937,1.314373,-0.733407,0.342220,1.179437,-0.089600,0.486000,0.869300,0.003200,0.133500,0.542300,0.828800,0.034500,0.735350,0.323777,1.314016,-0.733946,0.342493,1.179253,1.102120,0.754207,2.298074,-1.640355,-1.973566,-0.721576,-0.571179,1.966648,-1.269768,1.607625,-1.433018,2.679013,0.145801,2.481035,1,1,1.0000,1.0000,-19.4408,-65.4008,-7.9000,-27.2000,0.040000,0.270550,0,0,1,1,0,0,0.0000,0.0000,,,,,2427,2427,0,0,2367,2378,60,36,0,13,0.53007,0.54164,,,,,,,,,,,,,,,,,,,,,,,140359.7990,1841,1841,0,0
1788271863.2903,G_left_centre_left_right,G,left,0,left_right,,centre,936,145.5000,344.2000,59.3000,217.1000,218.9000,0.0000,342.5000,315.8000,23.5000,0.0000,147.5000,0.0000,109.1000,0.0000,0.24600,-0.08000,0.92400,5.05000,2.44000,3.96000,-0.93400,-0.02800,0.21700,-0.89000,-1.77000,0.85000,27.6,21.8,1.0,0.0,0.735532,0.323986,1.314402,-0.733288,0.342158,1.179494,-0.089600,0.486000,0.869300,0.003200,0.133500,0.542300,0.828800,0.034500,0.735350,0.323777,1.314016,-0.733946,0.342493,1.179253,1.101941,0.754115,2.297946,-1.640194,-1.973701,-0.721274,-0.571224,1.966563,-1.269779,1.607315,-1.433683,2.679019,0.145176,2.481065,1,1,1.0000,1.0000,-20.6110,-65.4389,-7.8000,-27.2000,0.040000,0.270550,0,0,1,1,0,0,0.0000,0.0000,,,,,2429,2429,0,0,2369,2380,60,36,0,13,0.53013,0.54121,,,,,,,,,,,,,,,,,,,,,,,140359.8131,1842,1842,0,0
1788271863.3237,G_left_centre_left_right,G,left,0,left_right,,centre,937,145.5000,344.2000,59.3000,217.1000,218.9000,0.0000,342.5000,315.8000,23.5000,0.0000,147.5000,0.0000,108.5000,0.0000,0.24100,-0.08900,0.94100,5.95000,2.77000,2.21000,-0.94300,-0.02600,0.21700,-0.63000,-1.04000,-0.72000,27.2,21.1,1.0,0.0,0.735538,0.324024,1.314401,-0.733244,0.342136,1.179514,-0.089600,0.486000,0.869300,0.003200,0.133500,0.542300,0.828800,0.034500,0.735350,0.323777,1.314016,-0.733946,0.342493,1.179253,1.101846,0.754064,2.297868,-1.640104,-1.973776,-0.721106,-0.571247,1.966509,-1.269785,1.607119,-1.433922,2.679023,0.144964,2.481082,1,1,1.0000,1.0000,-21.1803,-65.5687,-7.8000,-27.2000,0.040000,0.270550,0,0,1,1,0,0,0.0000,0.0000,,,,,2429,2429,0,0,2369,2380,60,36,0,13,0.53013,0.54121,,,,,,,,,,,,,,,,,,,,,,,140359.8466,1843,1843,0,0
1788271863.3292,G_left_centre_left_right,G,left,0,left_right,,centre,938,145.5000,344.2000,59.3000,217.1000,218.9000,0.0000,342.5000,315.8000,23.5000,0.0000,147.5000,0.0000,108.5000,0.0000,0.24100,-0.08900,0.94100,5.95000,2.77000,2.21000,-0.94300,-0.02600,0.21700,-0.63000,-1.04000,-0.72000,26.1,20.3,1.0,0.0,0.735538,0.324024,1.314401,-0.733244,0.342136,1.179514,-0.089600,0.486000,0.869300,0.003200,0.133500,0.542300,0.828800,0.034500,0.735513,0.323970,1.314350,-0.733521,0.342296,1.179343,1.101785,0.754046,2.297804,-1.640004,-1.973808,-0.720989,-0.571278,1.966493,-1.269788,1.607074,-1.433937,2.679025,0.144950,2.481088,1,1,1.0000,1.0000,-21.1803,-65.5687,-7.8000,-27.2000,0.040000,0.270550,0,0,1,1,0,0,0.0000,0.0000,,,,,2430,2430,0,0,2370,2381,60,36,0,13,0.53013,0.54121,,,,,,,,,,,,,,,,,,,,,,,140359.8521,1843,1843,0,0
1788271863.3489,G_left_centre_left_right,G,left,0,left_right,,centre,939,145.6000,344.2000,59.3000,217.1000,218.9000,0.0000,342.5000,315.8000,23.5000,0.0000,147.5000,0.0000,107.2000,0.0000,0.24800,-0.05900,0.93200,5.29000,3.79000,0.95000,-0.93800,-0.02200,0.21700,0.17000,-0.42000,-3.54000,27.1,21.0,1.0,0.0,0.735579,0.324118,1.314463,-0.733081,0.342051,1.179593,-0.089600,0.486000,0.869300,0.003200,0.133500,0.542300,0.828800,0.034500,0.735513,0.323970,1.314350,-0.733521,0.342296,1.179343,1.101652,0.754055,2.297655,-1.639727,-1.973796,-0.720734,-0.571388,1.966443,-1.269796,1.606924,-1.434203,2.679030,0.144705,2.481106,1,1,1.0000,1.0000,-20.5269,-65.8008,-7.7000,-27.2000,0.040000,0.270550,0,0,1,1,0,0,0.0000,0.0000,,,,,2432,2432,0,0,2372,2383,60,36,0,13,0.53035,0.54093,,,,,,,,,,,,,,,,,,,,,,,140359.8717,1845,1845,0,0
1788271863.3741,G_left_centre_left_right,G,left,0,left_right,,centre,940,145.6000,344.2000,59.3000,217.1000,218.9000,0.0000,342.5000,315.8000,23.5000,0.0000,147.5000,0.0000,107.7000,0.0000,0.24000,-0.06300,0.93500,3.56000,3.91000,0.81000,-0.94100,-0.02000,0.21400,-0.34000,0.00000,-4.04000,26.3,21.0,1.0,0.0,0.735585,0.324154,1.314463,-0.733135,0.342079,1.179564,-0.089600,0.486000,0.869300,0.003200,0.133500,0.542300,0.828800,0.034500,0.735513,0.323970,1.314350,-0.733521,0.342296,1.179343,1.101624,0.754078,2.297613,-1.639651,-1.973770,-0.720658,-0.571420,1.966419,-1.269799,1.606844,-1.434478,2.679028,0.144422,2.481119,1,1,1.0000,1.0000,-21.0466,-65.9150,-7.7000,-27.2000,0.040000,0.270550,0,0,1,1,0,0,0.0000,0.0000,,,,,2433,2433,0,0,2373,2384,60,36,0,13,0.53035,0.54093,,,,,,,,,,,,,,,,,,,,,,,140359.8969,1846,1846,0,0
1788271863.4168,G_left_centre_left_right,G,left,0,left_right,,centre,941,145.7000,344.2000,59.3000,217.1000,218.9000,0.0000,342.6000,315.8000,23.5000,0.0000,147.5000,0.0000,108.3000,0.0000,0.22600,-0.09400,0.94500,4.37000,2.12000,-3.32000,-0.93600,-0.00400,0.21200,-1.85000,0.50000,-4.46000,26.7,19.9,1.0,0.0,0.735583,0.324230,1.314425,-0.733740,0.342389,1.179259,-0.089600,0.486000,0.869300,0.003200,0.133500,0.542300,0.828800,0.034500,0.735581,0.324120,1.314449,-0.733221,0.342113,1.179596,1.101492,0.754177,2.297460,-1.639310,-1.973655,-0.720359,-0.571577,1.966351,-1.269811,1.606599,-1.435474,2.679030,0.143254,2.481147,1,1,1.0000,1.0000,-22.1080,-66.8607,-7.6000,-27.2000,0.040000,0.270550,0,0,1,1,0,0,0.0000,0.0000,,,,,2434,2434,0,0,2374,2385,60,36,0,13,0.53035,0.54093,,,,,,,,,,,,,,,,,,,,,,,140359.9396,1848,1848,0,0
1788271863.4177,G_left_centre_left_right,G,left,0,left_right,,centre,942,145.7000,344.2000,59.3000,217.1000,218.9000,0.0000,342.6000,315.8000,23.5000,0.0000,147.5000,0.0000,108.3000,0.0000,0.22600,-0.09400,0.94500,4.37000,2.12000,-3.32000,-0.93600,-0.00400,0.21200,-1.85000,0.50000,-4.46000,26.7,19.9,1.0,0.0,0.735583,0.324230,1.314425,-0.733740,0.342389,1.179259,-0.089600,0.486000,0.869300,0.003200,0.133500,0.542300,0.828800,0.034500,0.735581,0.324120,1.314449,-0.733221,0.342113,1.179596,1.101492,0.754177,2.297460,-1.639310,-1.973655,-0.720359,-0.571577,1.966351,-1.269811,1.606599,-1.435474,2.679030,0.143254,2.481147,1,1,1.0000,1.0000,-22.1080,-66.8607,-7.6000,-27.2000,0.040000,0.270550,0,0,1,1,0,0,0.0000,0.0000,,,,,2434,2434,0,0,2374,2385,60,36,0,13,0.53035,0.54093,,,,,,,,,,,,,,,,,,,,,,,140359.9405,1848,1848,0,0
1788271863.4342,G_left_centre_left_right,G,left,0,left_right,,centre,943,145.8000,344.2000,59.3000,217.1000,218.9000,0.0000,342.7000,315.8000,23.5000,0.0000,147.5000,0.0000,108.6000,0.0000,0.20900,-0.09700,0.95800,5.79000,0.90000,-4.84000,-0.94300,-0.00600,0.22100,-2.91000,0.82000,-4.61000,29.0,19.6,1.0,0.0,0.735545,0.324286,1.314308,-0.734154,0.342602,1.179052,-0.089600,0.486000,0.869300,0.003200,0.133500,0.542300,0.828800,0.034500,0.735581,0.324120,1.314449,-0.733221,0.342113,1.179596,1.101437,0.754301,2.297364,-1.639047,-1.973502,-0.720163,-0.571693,1.966337,-1.269816,1.606565,-1.435521,2.679043,0.143159,2.481137,1,1,1.0000,1.0000,-23.2508,-66.7591,-7.5000,-27.2000,0.040000,0.270550,0,0,1,1,0,0,0.0000,0.0000,,,,,2436,2436,0,0,2376,2387,60,36,0,13,0.53045,0.54067,,,,,,,,,,,,,,,,,,,,,,,140359.9570,1849,1849,0,0
1788271863.4537,G_left_centre_left_right,G,left,0,left_right,,centre,944,145.9000,344.2000,59.3000,217.1000,218.9000,0.0000,342.7000,315.8000,23.5000,0.0000,147.5000,0.0000,108.8000,0.0000,0.20500,-0.09400,0.94800,7.34000,0.48000,-6.19000,-0.94100,-0.00300,0.21700,-3.64000,0.92000,-4.89000,28.0,19.5,1.0,0.0,0.735510,0.324339,1.314205,-0.734595,0.342828,1.178833,-0.089600,0.486000,0.869300,0.003200,0.133500,0.542300,0.828800,0.034500,0.735581,0.324120,1.314449,-0.733221,0.342113,1.179596,1.101438,0.754431,2.297338,-1.638904,-1.973338,-0.720119,-0.571770,1.966367,-1.269813,1.606663,-1.435209,2.679065,0.143629,2.481099,1,1,1.0000,1.0000,-23.3484,-66.9300,-7.4000,-27.2000,0.040000,0.270550,0,0,1,1,0,0,0.0000,0.0000,,,,,2437,2437,0,0,2377,2388,60,36,0,13,0.53045,0.54067,,,,,,,,,,,,,,,,,,,,,,,140359.9765,1850,1850,0,0
1788271863.4687,G_left_centre_left_right,G,left,0,left_right,,centre,945,145.9000,344.2000,59.3000,217.1000,218.9000,0.0000,342.7000,315.8000,23.5000,0.0000,147.5000,0.0000,108.9000,0.0000,0.20200,-0.07300,0.94000,6.86000,0.02000,-5.82000,-0.94000,-0.00100,0.20800,-3.55000,0.95000,-4.56000,27.5,18.9,1.0,0.0,0.735474,0.324395,1.314095,-0.735102,0.343088,1.178581,-0.089600,0.486000,0.869300,0.003200,0.133500,0.542300,0.828800,0.034500,0.735553,0.324267,1.314343,-0.733437,0.342232,1.179441,1.101458,0.754638,2.297339,-1.638709,-1.973067,-0.720104,-0.571881,1.966436,-1.269806,1.606963,-1.434411,2.679098,0.144549,2.481030,1,1,1.0000,1.0000,-23.3464,-67.0259,-7.4000,-27.2000,0.040000,0.270550,0,0,1,1,0,0,0.0000,0.0000,,,,,2438,2438,0,0,2378,2389,60,36,0,13,0.53045,0.54067,,,,,,,,,,,,,,,,,,,,,,,140359.9915,1851,1851,0,0
1788271863.4898,G_left_centre_left_right,G,left,0,left_right,,centre,946,145.9000,344.2000,59.3000,217.1000,218.9000,0.0000,342.7000,315.8000,23.5000,0.0000,147.5000,0.0000,108.9000,0.0000,0.20900,-0.06200,0.93600,5.12000,-0.42000,-4.66000,-0.94800,-0.00300,0.21500,-3.15000,1.16000,-4.21000,27.4,19.1,1.0,0.0,0.735459,0.324432,1.314042,-0.735398,0.343241,1.178434,-0.089600,0.486000,0.869300,0.003200,0.133500,0.542300,0.828800,0.034500,0.735553,0.324267,1.314343,-0.733437,0.342232,1.179441,1.101469,0.754749,2.297344,-1.638607,-1.972921,-0.720100,-0.571940,1.966530,-1.269796,1.607358,-1.433198,2.679141,0.145804,2.480939,1,1,1.0000,1.0000,-22.8444,-66.9233,-7.4000,-27.2000,0.040000,0.270550,0,0,1,1,0,0,0.0000,0.0000,,,,,2439,2439,0,0,2379,2390,60,36,0,13,0.53048,0.54086,,,,,,,,,,,,,,,,,,,,,,,140360.0127,1852,1852,0,0
1788271863.5092,G_left_centre_left_right,G,left,0,left_right,,centre,947,146.0000,344.2000,59.3000,217.1000,218.9000,0.0000,342.6000,315.8000,23.4000,0.0000,147.5000,0.0000,109.0000,0.0000,0.20800,-0.04100,0.93300,2.28000,-0.76000,-3.08000,-0.94500,0.00100,0.21400,-2.82000,0.73000,-3.88000,27.8,19.4,1.0,0.0,0.735445,0.324475,1.313990,-0.735826,0.343460,1.178226,-0.089600,0.486000,0.869300,0.003200,0.133500,0.542300,0.828800,0.034500,0.735553,0.324267,1.314343,-0.733437,0.342232,1.179441,1.101521,0.755104,2.297345,-1.638277,-1.972485,-0.720076,-0.572124,1.966649,-1.269782,1.607851,-1.431716,2.679193,0.147310,2.480829,1,1,1.0000,1.0000,-22.7675,-67.1582,-7.3000,-27.2000,0.040000,0.270533,0,0,1,1,0,0,0.0000,0.0000,,,,,2440,2440,0,0,2380,2391,60,36,0,13,0.53048,0.54086,,,,,,,,,,,,,,,,,,,,,,,140360.0320,1853,1853,0,0
1788271863.5289,G_left_centre_left_right,G,left,0,left_right,,centre,948,146.0000,344.2000,59.3000,217.1000,218.9000,0.0000,342.7000,315.8000,23.4000,0.0000,147.5000,0.0000,109.0000,0.0000,0.19800,-0.04600,0.92100,-1.23000,-1.47000,-0.60000,-0.95700,0.00200,0.22200,-2.62000,0.95000,-3.16000,27.8,19.0,1.0,0.0,0.735422,0.324519,1.313917,-0.736243,0.343675,1.178023,-0.089600,0.486000,0.869300,0.003200,0.133500,0.542300,0.828800,0.034500,0.735553,0.324267,1.314343,-0.733437,0.342232,1.179441,1.101552,0.755363,2.297348,-1.638013,-1.972170,-0.720049,-0.572278,1.966784,-1.269766,1.608413,-1.430065,2.679252,0.148990,2.480703,1,1,1.0000,1.0000,-23.2278,-67.2268,-7.3000,-27.2000,0.040000,0.270533,0,0,1,1,0,0,0.0000,0.0000,,,,,2441,2441,0,0,2381,2392,60,36,0,13,0.53048,0.54086,,,,,,,,,,,,,,,,,,,,,,,140360.0518,1854,1854,0,0
1788271863.5757,G_left_centre_left_right,G,left,0,left_right,,centre,949,146.0000,344.2000,59.3000,217.1000,218.9000,0.0000,342.7000,315.8000,23.4000,0.0000,147.5000,0.0000,109.0000,0.0000,0.19800,-0.04600,0.92100,-1.23000,-1.47000,-0.60000,-0.95700,0.00200,0.22200,-2.62000,0.95000,-3.16000,28.4,19.5,1.0,0.0,0.735387,0.324565,1.313817,-0.736243,0.343675,1.178023,-0.089600,0.486000,0.869300,0.003200,0.133500,0.542300,0.828800,0.034500,0.735455,0.324449,1.314034,-0.734628,0.342880,1.178616,1.101559,0.755455,2.297351,-1.637908,-1.972059,-0.720034,-0.572342,1.966859,-1.269756,1.608711,-1.429225,2.679285,0.149829,2.480636,1,1,1.0000,1.0000,-23.2278,-67.2268,-7.3000,-27.2000,0.040000,0.270533,0,0,1,1,0,0,0.0000,0.0000,,,,,2441,2441,0,0,2381,2392,60,36,0,13,0.53048,0.54086,,,,,,,,,,,,,,,,,,,,,,,140360.0986,1854,1854,0,0
1788271863.5783,G_left_centre_left_right,G,left,0,left_right,,centre,950,146.2000,344.2000,59.3000,217.1000,218.9000,0.0000,342.7000,315.8000,23.4000,0.0000,147.5000,0.0000,109.0000,0.0000,0.19800,-0.05300,0.92100,-6.12000,-1.66000,4.50000,-0.95900,-0.00200,0.22100,-1.61000,0.93000,-1.95000,27.3,19.4,1.0,0.0,0.735369,0.324612,1.313755,-0.736743,0.343931,1.177779,-0.089600,0.486000,0.869300,0.003200,0.133500,0.542300,0.828800,0.034500,0.735455,0.324449,1.314034,-0.734628,0.342880,1.178616,1.101573,0.755546,2.297342,-1.637820,-1.971955,-0.720013,-0.572392,1.967015,-1.269733,1.609325,-1.427517,2.679354,0.151527,2.480495,1,1,1.0000,1.0000,-23.2608,-66.9912,-7.1000,-27.2000,0.040000,0.270533,0,0,1,1,0,0,0.0000,0.0000,,,,,2443,2443,0,0,2383,2394,60,36,0,13,0.53044,0.54178,,,,,,,,,,,,,,,,,,,,,,,140360.1011,1856,1856,0,0
1788271863.5888,G_left_centre_left_right,G,left,0,left_right,,centre,951,146.2000,344.2000,59.3000,217.1000,218.9000,0.0000,342.8000,315.8000,23.4000,0.0000,147.5000,0.0000,109.1000,0.0000,0.21000,-0.05800,0.93100,-8.71000,-2.11000,6.66000,-0.95100,0.00400,0.22600,-1.40000,0.91000,-0.76000,27.7,19.0,1.0,0.0,0.735365,0.324645,1.313733,-0.737075,0.344102,1.177619,-0.089600,0.486000,0.869300,0.003200,0.133500,0.542300,0.828800,0.034500,0.735455,0.324449,1.314034,-0.734628,0.342880,1.178616,1.101627,0.755933,2.297331,-1.637456,-1.971480,-0.719965,-0.572589,1.967266,-1.269694,1.610278,-1.424963,2.679465,0.154045,2.480272,1,1,1.0000,1.0000,-22.7047,-67.3522,-7.1000,-27.2000,0.040000,0.270533,0,0,1,1,0,0,0.0000,0.0000,,,,,2444,2444,0,0,2384,2395,60,36,0,13,0.53044,0.54178,,,,,,,,,,,,,,,,,,,,,,,140360.1117,1857,1857,0,0
1788271863.6261,G_left_centre_left_right,G,left,0,left_right,,centre,952,146.3000,344.2000,59.3000,217.1000,218.9000,0.0000,342.9000,315.8000,23.4000,0.0000,147.5000,0.0000,109.1000,0.0000,0.22900,-0.07700,0.95000,-9.08000,-3.01000,7.05000,-0.95400,-0.00700,0.22600,-1.47000,0.40000,0.58000,27.3,19.0,1.0,0.0,0.735376,0.324682,1.313744,-0.737071,0.344100,1.177620,-0.089600,0.486000,0.869300,0.003200,0.133500,0.542300,0.828800,0.034500,0.735455,0.324449,1.314034,-0.734628,0.342880,1.178616,1.101639,0.756044,2.297330,-1.637346,-1.971339,-0.719952,-0.572648,1.967351,-1.269680,1.610588,-1.424163,2.679508,0.154807,2.480193,1,1,1.0000,1.0000,-21.9403,-66.7080,-7.0000,-27.2000,0.040000,0.270533,0,0,1,1,0,0,0.0000,0.0000,,,,,2444,2444,0,0,2384,2395,60,36,0,13,0.53044,0.54178,,,,,,,,,,,,,,,,,,,,,,,140360.1489,1858,1858,0,0
1788271863.6298,G_left_centre_left_right,G,left,0,left_right,,centre,953,146.3000,344.2000,59.3000,217.1000,218.9000,0.0000,342.9000,315.8000,23.4000,0.0000,147.5000,0.0000,109.1000,0.0000,0.23500,-0.11400,0.95300,-6.00000,-4.09000,4.37000,-0.95100,0.00400,0.21200,-1.54000,0.21000,1.69000,27.7,20.3,1.0,0.0,0.735389,0.324716,1.313763,-0.737378,0.344257,1.177472,-0.089600,0.486000,0.869300,0.003200,0.133500,0.542300,0.828800,0.034500,0.735376,0.324605,1.313783,-0.736084,0.343636,1.177788,1.101648,0.756207,2.297319,-1.637147,-1.971149,-0.719906,-0.572755,1.967521,-1.269651,1.611207,-1.422621,2.679592,0.156260,2.480035,1,1,1.0000,1.0000,-21.7710,-67.3250,-7.0000,-27.2000,0.040000,0.270533,0,0,1,1,0,0,0.0000,0.0000,,,,,2446,2446,0,0,2386,2397,60,36,0,13,0.53041,0.54286,,,,,,,,,,,,,,,,,,,,,,,140360.1526,1859,1859,0,0
1788271863.6485,G_left_centre_left_right,G,left,0,left_right,,centre,954,146.3000,344.2000,59.3000,217.1000,218.9000,0.0000,342.8000,315.8000,23.4000,0.0000,147.5000,0.0000,109.1000,0.0000,0.22600,-0.12200,0.94500,0.19000,-5.51000,1.30000,-0.95000,-0.01200,0.22700,-0.84000,0.14000,2.34000,27.8,20.2,1.0,0.0,0.735393,0.324751,1.313760,-0.737263,0.344198,1.177526,-0.089600,0.486000,0.869300,0.003200,0.133500,0.542300,0.828800,0.034500,0.735376,0.324605,1.313783,-0.736084,0.343636,1.177788,1.101612,0.756308,2.297261,-1.636962,-1.971044,-0.719774,-0.572861,1.967678,-1.269623,1.611749,-1.421262,2.679678,0.157536,2.479886,1,1,1.0000,1.0000,-22.1971,-66.4151,-7.0000,-27.2000,0.040000,0.270533,0,0,1,1,0,0,0.0000,0.0000,,,,,2447,2447,0,0,2387,2398,60,36,0,13,0.53041,0.54286,,,,,,,,,,,,,,,,,,,,,,,140360.1713,1860,1860,0,0
1788271863.6742,G_left_centre_left_right,G,left,0,left_right,,centre,955,146.3000,344.2000,59.3000,217.1000,218.9000,0.0000,342.7000,315.8000,23.4000,0.0000,147.5000,0.0000,109.1000,0.0000,0.22100,-0.09400,0.94700,3.79000,-7.63000,-0.53000,-0.95100,-0.01400,0.22800,-0.04000,-0.23000,2.05000,27.3,20.4,1.0,0.0,0.735393,0.324780,1.313749,-0.737147,0.344139,1.177582,-0.089600,0.486000,0.869300,0.003200,0.133500,0.542300,0.828800,0.034500,0.735376,0.324605,1.313783,-0.736084,0.343636,1.177788,1.101581,0.756354,2.297229,-1.636849,-1.970991,-0.719693,-0.572919,1.967816,-1.269595,1.612175,-1.420332,2.679763,0.158464,2.479746,1,1,1.0000,1.0000,-22.4196,-66.2994,-7.0000,-27.2000,0.040000,0.270533,0,0,1,1,0,0,0.0000,0.0000,,,,,2447,2447,0,0,2387,2398,60,36,0,13,0.53041,0.54286,,,,,,,,,,,,,,,,,,,,,,,140360.1971,1861,1861,0,0
1788271863.7048,G_left_centre_left_right,G,left,0,left_right,,centre,956,146.3000,344.2000,59.3000,217.1000,218.9000,0.0000,342.7000,315.8000,23.4000,0.0000,147.5000,0.0000,109.1000,0.0000,0.22100,-0.09400,0.94700,3.79000,-7.63000,-0.53000,-0.95100,-0.01400,0.22800,-0.04000,-0.23000,2.05000,27.0,20.3,1.0,0.0,0.735393,0.324780,1.313749,-0.737147,0.344139,1.177582,-0.089600,0.486000,0.869300,0.003200,0.133500,0.542300,0.828800,0.034500,0.735389,0.324723,1.313753,-0.737039,0.344106,1.177396,1.101561,0.756374,2.297214,-1.636782,-1.970965,-0.719647,-0.572949,1.967875,-1.269584,1.612403,-1.419832,2.679804,0.158947,2.479682,1,1,1.0000,1.0000,-22.4196,-66.2994,-7.0000,-27.2000,0.040000,0.270533,0,0,1,1,0,0,0.0000,0.0000,,,,,2448,2448,0,0,2388,2399,60,36,0,13,0.53041,0.54286,,,,,,,,,,,,,,,,,,,,,,,140360.2276,1861,1861,0,0
1788271863.7222,G_left_centre_left_right,G,left,0,left_right,,centre,957,146.3000,344.2000,59.3000,217.1000,218.9000,0.0000,342.8000,315.6000,23.4000,0.0000,147.5000,0.0000,109.2000,0.0000,0.22500,-0.07700,0.93400,5.40000,-8.60000,-1.08000,-0.94200,-0.01900,0.22900,1.05000,-0.10000,1.66000,27.8,21.0,1.0,0.0,0.735402,0.324808,1.313758,-0.736949,0.344004,1.177685,-0.089600,0.486000,0.869300,0.003200,0.133500,0.542300,0.828800,0.034500,0.735389,0.324723,1.313753,-0.737039,0.344106,1.177396,1.101545,0.756415,2.297190,-1.636696,-1.970913,-0.719592,-0.572986,1.967936,-1.269572,1.612636,-1.419323,2.679845,0.159440,2.479616,1,1,1.0000,1.0000,-21.9537,-65.9985,-7.0000,-27.4000,0.040000,0.270533,0,0,1,1,0,0,0.0000,0.0000,,,,,2449,2449,0,0,2389,2400,60,36,0,13,0.53041,0.54286,,,,,,,,,,,,,,,,,,,,,,,140360.2450,1862,1862,0,0
1788271863.7414,G_left_centre_left_right,G,left,0,left_right,,centre,958,146.4000,344.2000,59.3000,217.1000,218.9000,0.0000,343.0000,315.7000,23.4000,0.0000,147.5000,0.0000,109.2000,0.0000,0.24200,-0.04900,0.90900,3.81000,-8.13000,0.31000,-0.94200,-0.01800,0.23800,1.94000,-1.20000,0.66000,27.7,20.2,1.0,0.0,0.735461,0.324863,1.313885,-0.736454,0.343721,1.177934,-0.089600,0.486000,0.869300,0.003200,0.133500,0.542300,0.828800,0.034500,0.735389,0.324723,1.313753,-0.737039,0.344106,1.177396,1.101513,0.756482,2.297144,-1.636554,-1.970833,-0.719491,-0.573051,1.967971,-1.269562,1.612722,-1.418978,2.679889,0.159734,2.479563,1,1,1.0000,1.0000,-20.4798,-66.0575,-6.9000,-27.3000,0.040000,0.270533,0,0,1,1,0,0,0.0000,0.0000,,,,,2451,2451,0,0,2391,2402,60,36,0,13,0.53046,0.54354,,,,,,,,,,,,,,,,,,,,,,,140360.2642,1864,1864,0,0
1788271863.7622,G_left_centre_left_right,G,left,0,left_right,,centre,959,146.3000,344.2000,59.3000,217.1000,218.9000,0.0000,343.1000,315.7000,23.4000,0.0000,147.4000,0.0000,109.2000,0.0000,0.25500,-0.04600,0.89400,-0.34000,-4.60000,1.32000,-0.93600,-0.01700,0.21900,0.90000,-1.99000,-0.11000,28.3,19.9,1.0,0.0,0.735547,0.324899,1.314092,-0.736346,0.343656,1.177989,-0.089600,0.486000,0.869300,0.003200,0.133500,0.542300,0.828800,0.034500,0.735423,0.324832,1.313805,-0.737067,0.344088,1.177515,1.101475,0.756516,2.297096,-1.636458,-1.970796,-0.719403,-0.573097,1.967961,-1.269551,1.612659,-1.419288,2.679929,0.159424,2.479536,1,1,1.0000,1.0000,-19.4604,-66.1005,-7.0000,-27.3000,0.040000,0.270517,0,0,1,1,0,0,0.0000,0.0000,,,,,2452,2452,0,0,2392,2403,60,36,0,13,0.53046,0.54354,,,,,,,,,,,,,,,,,,,,,,,140360.2850,1866,1865,0,0
1788271863.7717,G_left_centre_left_right,G,left,0,left_right,,centre,960,146.3000,344.2000,59.3000,217.1000,218.9000,0.0000,343.1000,315.7000,23.4000,0.0000,147.4000,0.0000,109.2000,0.0000,0.25500,-0.04600,0.89400,-0.34000,-4.60000,1.32000,-0.93600,-0.01700,0.21900,0.90000,-1.99000,-0.11000,28.3,19.9,1.0,0.0,0.735547,0.324899,1.314092,-0.736346,0.343656,1.177989,-0.089600,0.486000,0.869300,0.003200,0.133500,0.542300,0.828800,0.034500,0.735423,0.324832,1.313805,-0.737067,0.344088,1.177515,1.101475,0.756516,2.297096,-1.636458,-1.970796,-0.719403,-0.573097,1.967961,-1.269551,1.612659,-1.419288,2.679929,0.159424,2.479536,1,1,1.0000,1.0000,-19.4604,-66.1005,-7.0000,-27.3000,0.040000,0.270517,0,0,1,1,0,0,0.0000,0.0000,,,,,2452,2452,0,0,2392,2403,60,36,0,13,0.53046,0.54354,,,,,,,,,,,,,,,,,,,,,,,140360.2945,1866,1865,0,0
1788271863.8003,G_left_centre_left_right,G,left,0,left_right,,centre,961,146.3000,344.2000,59.3000,217.1000,218.9000,0.0000,343.1000,315.7000,23.4000,0.0000,147.4000,0.0000,109.2000,0.0000,0.26700,-0.04600,0.88600,-1.83000,-2.71000,1.34000,-0.93600,-0.01900,0.21800,-2.85000,-3.30000,-1.34000,27.9,19.7,1.0,0.0,0.735614,0.324914,1.314266,-0.736124,0.343522,1.178103,-0.089600,0.486000,0.869300,0.003200,0.133500,0.542300,0.828800,0.034500,0.735423,0.324832,1.313805,-0.737067,0.344088,1.177515,1.101384,0.756481,2.296997,-1.636359,-1.970853,-0.719202,-0.573123,1.967863,-1.269539,1.612356,-1.420586,2.679969,0.158166,2.479548,1,1,1.0000,1.0000,-18.6148,-65.9796,-7.0000,-27.3000,0.040000,0.270517,0,0,1,1,0,0,0.0000,0.0000,,,,,2454,2454,0,0,2394,2405,60,36,0,13,0.53053,0.54354,,,,,,,,,,,,,,,,,,,,,,,140360.3232,1867,1867,0,0
1788271863.8087,G_left_centre_left_right,G,left,0,left_right,,centre,962,146.3000,344.2000,59.3000,217.1000,218.9000,0.0000,343.1000,315.7000,23.4000,0.0000,147.4000,0.0000,109.2000,0.0000,0.26100,-0.04900,0.89400,-2.01000,-1.21000,1.23000,-0.94000,-0.02000,0.22600,-4.47000,-3.41000,-1.59000,28.0,19.8,1.0,0.0,0.735666,0.324929,1.314395,-0.735970,0.343433,1.178181,-0.089600,0.486000,0.869300,0.003200,0.133500,0.542300,0.828800,0.034500,0.735423,0.324832,1.313805,-0.737067,0.344088,1.177515,1.101287,0.756397,2.296911,-1.636304,-1.970978,-0.719034,-0.573128,1.967774,-1.269532,1.612076,-1.421626,2.679998,0.157154,2.479566,1,1,1.0000,1.0000,-19.1213,-65.9349,-7.0000,-27.3000,0.040000,0.270517,0,0,1,1,0,0,0.0000,0.0000,,,,,2455,2455,0,0,2395,2406,60,36,0,13,0.53053,0.54354,,,,,,,,,,,,,,,,,,,,,,,140360.3315,1868,1868,0,0
1788271863.8411,G_left_centre_left_right,G,left,0,left_right,,centre,963,146.3000,344.2000,59.3000,217.1000,218.9000,0.0000,343.1000,315.7000,23.4000,0.0000,147.4000,0.0000,109.2000,0.0000,0.26100,-0.04900,0.89400,-2.01000,-1.21000,1.23000,-0.94000,-0.02000,0.22600,-4.47000,-3.41000,-1.59000,28.0,19.8,1.0,0.0,0.735666,0.324929,1.314395,-0.735970,0.343433,1.178181,-0.089600,0.486000,0.869300,0.003200,0.133500,0.542300,0.828800,0.034500,0.735423,0.324832,1.313805,-0.737067,0.344088,1.177515,1.101134,0.756206,2.296769,-1.636273,-1.971249,-0.718789,-0.573094,1.967625,-1.269519,1.611628,-1.423026,2.680053,0.155830,2.479587,1,1,1.0000,1.0000,-19.1213,-65.9349,-7.0000,-27.3000,0.040000,0.270517,0,0,1,1,0,0,0.0000,0.0000,,,,,2455,2455,0,0,2395,2406,60,36,0,13,0.53053,0.54354,,,,,,,,,,,,,,,,,,,,,,,140360.3639,1868,1868,0,0
1788271863.8538,G_left_centre_left_right,G,left,0,left_right,,centre,964,146.2000,344.2000,59.3000,217.1000,218.9000,0.0000,343.1000,315.7000,23.4000,0.0000,147.2000,0.0000,109.2000,0.0000,0.28200,-0.06400,0.90200,-0.85000,0.18000,-0.40000,-0.94500,-0.03200,0.22300,-4.79000,-3.37000,-2.61000,27.6,20.1,1.0,0.0,0.735790,0.324945,1.314723,-0.735213,0.343021,1.178573,-0.089600,0.486000,0.869300,0.003200,0.133500,0.542300,0.828800,0.034500,0.735559,0.324901,1.314123,-0.736368,0.343661,1.178068,1.100928,0.755925,2.296597,-1.636269,-1.971657,-0.718467,-0.573026,1.967489,-1.269507,1.611247,-1.423919,2.680108,0.154988,2.479606,1,1,1.0000,1.0000,-18.1066,-65.2287,-7.1000,-27.3000,0.040000,0.270487,0,0,1,1,0,0,0.0000,0.0000,,,,,2457,2457,0,0,2397,2408,60,36,0,13,0.53068,0.54299,,,,,,,,,,,,,,,,,,,,,,,140360.3767,1870,1870,0,0
1788271863.8687,G_left_centre_left_right,G,left,0,left_right,,centre,965,146.2000,344.2000,59.3000,217.1000,218.9000,0.0000,343.1000,315.7000,23.4000,0.0000,147.3000,0.0000,109.2000,0.0000,0.27300,-0.07300,0.89800,0.28000,0.32000,-1.68000,-0.95300,-0.02600,0.22000,-4.67000,-2.85000,-2.69000,27.4,20.1,1.0,0.0,0.735833,0.324949,1.314836,-0.734997,0.342901,1.178684,-0.089600,0.486000,0.869300,0.003200,0.133500,0.542300,0.828800,0.034500,0.735559,0.324901,1.314123,-0.736368,0.343661,1.178068,1.100726,0.755636,2.296428,-1.636288,-1.972054,-0.718174,-0.572937,1.967362,-1.269498,1.610892,-1.424795,2.680151,0.154157,2.479634,1,1,1.0000,1.0000,-18.5976,-65.5863,-7.1000,-27.3000,0.040000,0.270502,0,0,1,1,0,0,0.0000,0.0000,,,,,2458,2458,0,0,2398,2409,60,36,0,13,0.53068,0.54299,,,,,,,,,,,,,,,,,,,,,,,140360.3915,1871,1871,0,0
1788271863.8885,G_left_centre_left_right,G,left,0,left_right,,centre,966,146.3000,344.2000,59.3000,217.1000,218.9000,0.0000,343.1000,315.7000,23.4000,0.0000,147.3000,0.0000,109.2000,0.0000,0.27900,-0.07900,0.91500,1.69000,0.58000,-2.51000,-0.94600,-0.02600,0.21300,-3.60000,-2.02000,-3.11000,26.8,19.8,1.0,0.0,0.735875,0.324959,1.314944,-0.734786,0.342784,1.178792,-0.089600,0.486000,0.869300,0.003200,0.133500,0.542300,0.828800,0.034500,0.735768,0.324945,1.314630,-0.735840,0.343363,1.178309,1.100583,0.755418,2.296300,-1.636317,-1.972368,-0.717960,-0.572860,1.967263,-1.269494,1.610594,-1.425512,2.680160,0.153392,2.479680,1,1,1.0000,1.0000,-18.5694,-65.5617,-7.0000,-27.3000,0.040000,0.270502,0,0,1,1,0,0,0.0000,0.0000,,,,,2459,2459,0,0,2399,2410,60,36,0,13,0.53068,0.54299,,,,,,,,,,,,,,,,,,,,,,,140360.4113,1872,1872,0,0
1788271863.9088,G_left_centre_left_right,G,left,0,left_right,,centre,967,146.3000,344.2000,59.3000,217.1000,218.9000,0.0000,343.1000,315.7000,23.4000,0.0000,147.3000,0.0000,109.2000,0.0000,0.26700,-0.07600,0.91900,2.68000,0.38000,-3.14000,-0.95300,-0.02000,0.21600,-3.24000,-1.42000,-3.19000,27.1,19.6,1.0,0.0,0.735897,0.324970,1.314996,-0.734739,0.342755,1.178816,-0.089600,0.486000,0.869300,0.003200,0.133500,0.542300,0.828800,0.034500,0.735768,0.324945,1.314630,-0.735840,0.343363,1.178309,1.100448,0.755214,2.296172,-1.636344,-1.972647,-0.717751,-0.572785,1.967150,-1.269490,1.610222,-1.426547,2.680168,0.152344,2.479736,1,1,1.0000,1.0000,-19.3096,-65.9281,-7.0000,-27.3000,0.040000,0.270502,0,0,1,1,0,0,0.0000,0.0000,,,,,2460,2460,0,0,2400,2411,60,36,0,13,0.53089,0.54261,,,,,,,,,,,,,,,,,,,,,,,140360.4316,1873,1873,0,0
1788271863.9437,G_left_centre_left_right,G,left,0,left_right,,centre,968,146.3000,344.2000,59.3000,217.1000,218.9000,0.0000,343.1000,315.7000,23.4000,0.0000,147.3000,0.0000,109.2000,0.0000,0.26000,-0.07700,0.90800,3.82000,-0.42000,-2.63000,-0.95300,-0.03000,0.20000,-3.11000,0.11000,-2.89000,27.4,19.2,1.0,0.0,0.735913,0.324979,1.315032,-0.734399,0.342572,1.178990,-0.089600,0.486000,0.869300,0.003200,0.133500,0.542300,0.828800,0.034500,0.735768,0.324945,1.314630,-0.735840,0.343363,1.178309,1.100336,0.755062,2.296047,-1.636357,-1.972845,-0.717564,-0.572725,1.967028,-1.269487,1.609814,-1.427749,2.680174,0.151165,2.479798,1,1,1.0000,1.0000,-19.5383,-65.2838,-7.0000,-27.3000,0.040000,0.270502,0,0,1,1,0,0,0.0000,0.0000,,,,,2461,2461,0,0,2401,2412,60,36,0,13,0.53089,0.54261,,,,,,,,,,,,,,,,,,,,,,,140360.4665,1874,1874,0,0
1788271863.9522,G_left_centre_left_right,G,left,0,left_right,,centre,969,146.3000,344.2000,59.3000,217.1000,218.9000,0.0000,343.1000,315.7000,23.4000,0.0000,147.3000,0.0000,109.2000,0.0000,0.26000,-0.06900,0.90600,3.92000,-0.33000,-2.24000,-0.95600,-0.01700,0.21900,-2.34000,1.51000,-2.31000,27.0,18.7,1.0,0.0,0.735929,0.324988,1.315068,-0.734427,0.342582,1.178977,-0.089600,0.486000,0.869300,0.003200,0.133500,0.542300,0.828800,0.034500,0.735768,0.324945,1.314630,-0.735840,0.343363,1.178309,1.100288,0.755003,2.295984,-1.636358,-1.972920,-0.717478,-0.572699,1.966962,-1.269484,1.609595,-1.428349,2.680180,0.150593,2.479829,1,1,1.0000,1.0000,-19.4716,-66.1125,-7.0000,-27.3000,0.040000,0.270502,0,0,1,1,0,0,0.0000,0.0000,,,,,2461,2461,0,0,2401,2412,60,36,0,13,0.53089,0.54261,,,,,,,,,,,,,,,,,,,,,,,140360.4750,1875,1875,0,0
1788271863.9685,G_left_centre_left_right,G,left,0,left_right,,centre,970,146.2000,344.2000,59.3000,217.1000,218.9000,0.0000,342.7000,315.8000,23.3000,0.0000,147.4000,0.0000,109.3000,0.0000,0.26200,-0.10900,0.94700,-3.43000,1.37000,8.31000,-0.95100,-0.02500,0.22500,-4.19000,-0.74000,-1.72000,18.7,10.7,1.0,0.0,0.735931,0.324992,1.315067,-0.734304,0.342532,1.179036,-0.089600,0.486000,0.869300,0.003200,0.133500,0.542300,0.828800,0.034500,0.735904,0.324974,1.315010,-0.734932,0.342853,1.178865,1.100240,0.754952,2.295865,-1.636336,-1.972996,-0.717341,-0.572664,1.966789,-1.269479,1.609015,-1.429784,2.680190,0.149236,2.479915,1,1,1.0000,1.0000,-20.1548,-65.6515,-7.1000,-27.2000,0.040000,0.270500,0,0,1,1,0,0,0.0000,0.0000,,,,,2463,2463,0,0,2403,2414,60,36,0,13,0.53089,0.54261,,,,,,,,,,,,,,,,,,,,,,,140360.4913,1876,1876,0,0
1788271863.9908,G_left_centre_left_right,G,left,0,left_right,,centre,971,146.2000,344.2000,59.3000,217.1000,218.9000,0.0000,342.7000,315.8000,23.3000,0.0000,147.4000,0.0000,109.3000,0.0000,0.26600,-0.12500,0.91500,0.40000,0.52000,4.64000,-0.95300,-0.03100,0.22000,-3.54000,-0.84000,-1.72000,19.0,11.0,1.0,0.0,0.735945,0.324995,1.315102,-0.734007,0.342396,1.179183,-0.089600,0.486000,0.869300,0.003200,0.133500,0.542300,0.828800,0.034500,0.735904,0.324974,1.315010,-0.734932,0.342853,1.178865,1.100232,0.754944,2.295781,-1.636313,-1.973025,-0.717251,-0.572645,1.966683,-1.269474,1.608699,-1.430507,2.680204,0.148530,2.479961,1,1,1.0000,1.0000,-19.4792,-65.2938,-7.1000,-27.2000,0.040000,0.270500,0,0,1,1,0,0,0.0000,0.0000,,,,,2463,2463,0,0,2403,2414,60,36,0,13,0.53089,0.54261,,,,,,,,,,,,,,,,,,,,,,,140360.5137,1877,1877,0,0
1788271864.0127,G_left_centre_left_right,G,left,0,left_right,,centre,972,146.2000,344.2000,59.3000,217.1000,218.9000,0.0000,342.8000,315.8000,23.3000,0.0000,147.4000,0.0000,109.3000,0.0000,0.27700,-0.09900,0.91400,2.72000,-0.27000,2.25000,-0.95000,-0.02700,0.22500,-2.83000,-0.79000,-1.53000,18.5,11.0,1.0,0.0,0.735971,0.324996,1.315171,-0.733877,0.342340,1.179247,-0.089600,0.486000,0.869300,0.003200,0.133500,0.542300,0.828800,0.034500,0.735904,0.324974,1.315010,-0.734932,0.342853,1.178865,1.100235,0.754944,2.295723,-1.636299,-1.973038,-0.717198,-0.572627,1.966594,-1.269475,1.608395,-1.431146,2.680218,0.147893,2.479999,1,1,1.0000,1.0000,-18.7452,-65.5330,-7.1000,-27.2000,0.040000,0.270500,0,0,1,1,0,0,0.0000,0.0000,,,,,2464,2464,0,0,2404,2415,60,36,0,13,0.53103,0.54194,,,,,,,,,,,,,,,,,,,,,,,140360.5356,1878,1878,0,0
1788271864.0320,G_left_centre_left_right,G,left,0,left_right,,centre,973,146.2000,344.2000,59.3000,217.1000,218.9000,0.0000,342.9000,315.8000,23.3000,0.0000,147.4000,0.0000,109.3000,0.0000,0.26200,-0.09300,0.90300,3.37000,-0.21000,0.52000,-0.95200,-0.02700,0.21800,-1.67000,-0.56000,-1.43000,19.1,11.2,1.0,0.0,0.735984,0.324998,1.315201,-0.733745,0.342284,1.179311,-0.089600,0.486000,0.869300,0.003200,0.133500,0.542300,0.828800,0.034500,0.735945,0.324994,1.315105,-0.734313,0.342536,1.179107,1.100226,0.754919,2.295655,-1.636302,-1.973089,-0.717124,-0.572596,1.966532,-1.269481,1.608136,-1.431699,2.680219,0.147366,2.480036,1,1,1.0000,1.0000,-19.4038,-65.5222,-7.1000,-27.2000,0.040000,0.270500,0,0,1,1,0,0,0.0000,0.0000,,,,,2466,2466,0,0,2406,2417,60,36,0,13,0.53103,0.54194,,,,,,,,,,,,,,,,,,,,,,,140360.5548,1879,1879,0,0
1788271864.0485,G_left_centre_left_right,G,left,0,left_right,,centre,974,146.2000,344.2000,59.3000,217.1000,218.9000,0.0000,343.0000,315.8000,23.3000,0.0000,147.4000,0.0000,109.3000,0.0000,0.24000,-0.06400,0.88900,2.12000,0.49000,0.47000,-0.94900,-0.02300,0.22000,-0.85000,-0.37000,-1.50000,18.9,11.4,1.0,0.0,0.735979,0.325002,1.315184,-0.733720,0.342278,1.179322,-0.089600,0.486000,0.869300,0.003200,0.133500,0.542300,0.828800,0.034500,0.735945,0.324994,1.315105,-0.734313,0.342536,1.179107,1.100205,0.754867,2.295563,-1.636312,-1.973182,-0.717021,-0.572554,1.966481,-1.269489,1.607893,-1.432254,2.680218,0.146766,2.480070,1,1,1.0000,1.0000,-20.3562,-65.7581,-7.1000,-27.2000,0.040000,0.270500,0,0,1,1,0,0,0.0000,0.0000,,,,,2467,2467,0,0,2407,2418,60,36,0,13,0.53108,0.54150,,,,,,,,,,,,,,,,,,,,,,,140360.5714,1880,1880,0,0
1788271864.0731,G_left_centre_left_right,G,left,0,left_right,,centre,975,146.2000,344.2000,59.3000,217.1000,218.9000,0.0000,343.0000,315.8000,23.3000,0.0000,147.4000,0.0000,109.3000,0.0000,0.23100,-0.07500,0.88400,0.07000,1.19000,1.77000,-0.94800,-0.02200,0.22500,-0.75000,0.14000,-1.42000,18.9,12.1,1.0,0.0,0.735966,0.325006,1.315145,-0.733715,0.342283,1.179323,-0.089600,0.486000,0.869300,0.003200,0.133500,0.542300,0.828800,0.034500,0.735945,0.324994,1.315105,-0.734313,0.342536,1.179107,1.100188,0.754839,2.295499,-1.636308,-1.973237,-0.716951,-0.572524,1.966430,-1.269501,1.607615,-1.432918,2.680215,0.146048,2.480104,1,1,1.0000,1.0000,-20.8671,-65.8242,-7.1000,-27.2000,0.040000,0.270500,0,0,1,1,0,0,0.0000,0.0000,,,,,2467,2467,0,0,2407,2418,60,36,0,13,0.53108,0.54150,,,,,,,,,,,,,,,,,,,,,,,140360.5960,1881,1881,0,0
1788271864.0894,G_left_centre_left_right,G,left,0,left_right,,centre,976,146.2000,344.2000,59.3000,217.1000,218.9000,0.0000,343.0000,315.8000,23.3000,0.0000,147.4000,0.0000,109.3000,0.0000,0.23500,-0.08900,0.88800,-1.16000,2.44000,3.40000,-0.95200,-0.01600,0.21000,-0.76000,0.38000,-0.94000,18.9,12.8,1.0,0.0,0.735955,0.325010,1.315112,-0.733799,0.342333,1.179279,-0.089600,0.486000,0.869300,0.003200,0.133500,0.542300,0.828800,0.034500,0.735945,0.324994,1.315105,-0.734313,0.342536,1.179107,1.100211,0.754882,2.295462,-1.636289,-1.973195,-0.716931,-0.572516,1.966385,-1.269514,1.607338,-1.433500,2.680215,0.145459,2.480133,1,1,1.0000,1.0000,-20.7444,-66.1444,-7.1000,-27.2000,0.040000,0.270500,0,0,1,1,0,0,0.0000,0.0000,,,,,2469,2469,0,0,2409,2420,60,36,0,13,0.53108,0.54150,,,,,,,,,,,,,,,,,,,,,,,140360.6123,1882,1882,0,0
1788271864.1145,G_left_centre_left_right,G,left,0,left_right,,centre,977,146.2000,344.2000,59.3000,217.1000,218.9000,0.0000,343.0000,315.8000,23.4000,0.0000,147.4000,0.0000,109.3000,0.0000,0.23800,-0.09700,0.90300,-0.79000,2.84000,4.05000,-0.95300,-0.01700,0.22300,-0.67000,0.47000,-0.83000,19.2,12.6,1.0,0.0,0.735943,0.325014,1.315077,-0.733872,0.342376,1.179240,-0.089600,0.486000,0.869300,0.003200,0.133500,0.542300,0.828800,0.034500,0.735967,0.325006,1.315165,-0.733774,0.342301,1.179335,1.100272,0.754965,2.295415,-1.636263,-1.973098,-0.716921,-0.572521,1.966359,-1.269529,1.607147,-1.433736,2.680221,0.145245,2.480145,1,1,1.0000,1.0000,-20.8256,-66.1186,-7.1000,-27.2000,0.040000,0.270517,0,0,1,1,0,0,0.0000,0.0000,,,,,2470,2470,0,0,2410,2421,60,36,0,13,0.53108,0.54111,,,,,,,,,,,,,,,,,,,,,,,140360.6373,1883,1883,0,0
1788271864.1289,G_left_centre_left_right,G,left,0,left_right,,centre,978,146.2000,344.2000,59.3000,217.1000,218.9000,0.0000,343.0000,315.8000,23.4000,0.0000,147.4000,0.0000,109.3000,0.0000,0.25400,-0.09900,0.90800,0.99000,2.67000,3.77000,-0.96400,-0.01400,0.23100,-0.68000,-0.11000,-0.08000,19.1,11.9,1.0,0.0,0.735947,0.325016,1.315084,-0.733992,0.342444,1.179177,-0.089600,0.486000,0.869300,0.003200,0.133500,0.542300,0.828800,0.034500,0.735967,0.325006,1.315165,-0.733774,0.342301,1.179335,1.100316,0.755021,2.295389,-1.636243,-1.973028,-0.716920,-0.572528,1.966367,-1.269534,1.607177,-1.433622,2.680234,0.145344,2.480131,1,1,1.0000,1.0000,-19.9728,-66.3104,-7.1000,-27.2000,0.040000,0.270517,0,0,1,1,0,0,0.0000,0.0000,,,,,2471,2471,0,0,2411,2422,60,36,0,13,0.53110,0.54111,,,,,,,,,,,,,,,,,,,,,,,140360.6517,1884,1884,0,0
1788271864.1516,G_left_centre_left_right,G,left,0,left_right,,centre,979,146.2000,344.2000,59.3000,217.1000,218.9000,0.0000,343.0000,315.8000,23.4000,0.0000,147.4000,0.0000,109.3000,0.0000,0.25800,-0.09400,0.92700,2.94000,2.47000,3.09000,-0.96400,-0.01400,0.23100,-0.68000,-0.11000,-0.08000,19.6,12.0,1.0,0.0,0.735949,0.325018,1.315088,-0.733998,0.342452,1.179171,-0.089600,0.486000,0.869300,0.003200,0.133500,0.542300,0.828800,0.034500,0.735967,0.325006,1.315165,-0.733774,0.342301,1.179335,1.100354,0.755064,2.295355,-1.636224,-1.973010,-0.716910,-0.572528,1.966412,-1.269539,1.607316,-1.433184,2.680263,0.145768,2.480078,1,1,1.0000,1.0000,-20.0222,-66.3104,-7.1000,-27.2000,0.040000,0.270517,0,0,1,1,0,0,0.0000,0.0000,,,,,2471,2471,0,0,2411,2422,60,36,0,13,0.53110,0.54111,,,,,,,,,,,,,,,,,,,,,,,140360.6745,1885,1884,0,0
1788271864.1726,G_left_centre_left_right,G,left,0,left_right,,centre,980,146.2000,344.2000,59.3000,217.1000,218.9000,0.0000,343.0000,315.8000,23.4000,0.0000,147.4000,0.0000,109.3000,0.0000,0.25800,-0.09400,0.92700,2.94000,2.47000,3.09000,-0.95200,-0.02000,0.22300,-0.86000,-0.55000,0.89000,19.6,12.0,1.0,0.0,0.735949,0.325018,1.315088,-0.733998,0.342452,1.179171,-0.089600,0.486000,0.869300,0.003200,0.133500,0.542300,0.828800,0.034500,0.735967,0.325006,1.315165,-0.733774,0.342301,1.179335,1.100354,0.755064,2.295355,-1.636224,-1.973010,-0.716910,-0.572528,1.966412,-1.269539,1.607316,-1.433184,2.680263,0.145768,2.480078,1,1,1.0000,1.0000,-20.0222,-65.9423,-7.1000,-27.2000,0.040000,0.270517,0,0,1,1,0,0,0.0000,0.0000,,,,,2472,2472,0,0,2412,2423,60,36,0,13,0.53110,0.54111,,,,,,,,,,,,,,,,,,,,,,,140360.6954,1885,1885,0,0
1788271864.1898,G_left_centre_left_right,G,left,0,left_right,,centre,981,146.2000,344.2000,59.3000,217.1000,218.9000,0.0000,343.0000,315.8000,23.4000,0.0000,147.4000,0.0000,109.3000,0.0000,0.25900,-0.08700,0.91800,4.89000,0.92000,1.80000,-0.95400,-0.02100,0.21900,-1.26000,-1.11000,1.74000,20.2,12.2,1.0,0.0,0.735971,0.325020,1.315144,-0.734093,0.342510,1.179120,-0.089600,0.486000,0.869300,0.003200,0.133500,0.542300,0.828800,0.034500,0.735948,0.325014,1.315090,-0.733864,0.342373,1.179226,1.100407,0.755126,2.295225,-1.636199,-1.972946,-0.716817,-0.572496,1.966467,-1.269544,1.607475,-1.432722,2.680298,0.146216,2.480014,1,1,1.0000,1.0000,-19.7971,-65.8776,-7.1000,-27.2000,0.040000,0.270517,0,0,1,1,0,0,0.0000,0.0000,,,,,2474,2474,0,0,2414,2425,60,36,0,13,0.53109,0.54119,,,,,,,,,,,,,,,,,,,,,,,140360.7126,1887,1887,0,0
1788271864.2085,G_left_centre_left_right,G,left,0,left_right,,centre,982,146.2000,344.2000,59.3000,217.1000,218.9000,0.0000,343.0000,315.8000,23.4000,0.0000,147.4000,0.0000,109.3000,0.0000,0.24700,-0.08500,0.91600,6.31000,0.25000,1.02000,-0.94800,-0.02900,0.21900,-0.89000,-0.97000,1.98000,20.2,11.9,1.0,0.0,0.735966,0.325022,1.315128,-0.733914,0.342423,1.179208,-0.089600,0.486000,0.869300,0.003200,0.133500,0.542300,0.828800,0.034500,0.735948,0.325014,1.315090,-0.733864,0.342373,1.179226,1.100411,0.755114,2.295152,-1.636201,-1.972984,-0.716750,-0.572465,1.966506,-1.269546,1.607595,-1.432463,2.680320,0.146437,2.479969,1,1,1.0000,1.0000,-20.4517,-65.4022,-7.1000,-27.2000,0.040000,0.270517,0,0,1,1,0,0,0.0000,0.0000,,,,,2475,2475,0,0,2415,2426,60,36,0,13,0.53109,0.54119,,,,,,,,,,,,,,,,,,,,,,,140360.7314,1888,1888,0,0
1788271864.2285,G_left_centre_left_right,G,left,0,left_right,,centre,983,146.2000,344.2000,59.3000,217.1000,218.9000,0.0000,343.0000,315.8000,23.4000,0.0000,147.4000,0.0000,109.3000,0.0000,0.24400,-0.08200,0.91300,6.57000,-0.18000,0.53000,-0.94700,-0.02500,0.22300,-0.32000,-0.83000,1.50000,19.6,11.7,1.0,0.0,0.735958,0.325025,1.315104,-0.733825,0.342383,1.179250,-0.089600,0.486000,0.869300,0.003200,0.133500,0.542300,0.828800,0.034500,0.735948,0.325014,1.315090,-0.733864,0.342373,1.179226,1.100428,0.755124,2.295080,-1.636198,-1.972993,-0.716693,-0.572437,1.966534,-1.269550,1.607657,-1.432287,2.680339,0.146603,2.479936,1,1,1.0000,1.0000,-20.5686,-65.6437,-7.1000,-27.2000,0.040000,0.270517,0,0,1,1,0,0,0.0000,0.0000,,,,,2475,2476,0,0,2415,2427,60,36,0,13,0.53109,0.54119,,,,,,,,,,,,,,,,,,,,,,,140360.7513,1889,1889,0,0
1788271864.2489,G_left_centre_left_right,G,left,0,left_right,,centre,984,146.2000,344.2000,59.3000,217.1000,218.9000,0.0000,343.0000,315.8000,23.4000,0.0000,147.4000,0.0000,109.3000,0.0000,0.24400,-0.08200,0.91300,6.57000,-0.18000,0.53000,-0.94700,-0.02500,0.22300,-0.32000,-0.83000,1.50000,19.6,11.7,1.0,0.0,0.735958,0.325025,1.315104,-0.733825,0.342383,1.179250,-0.089600,0.486000,0.869300,0.003200,0.133500,0.542300,0.828800,0.034500,0.735967,0.325021,1.315134,-0.734060,0.342491,1.179114,1.100439,0.755135,2.295059,-1.636194,-1.972984,-0.716678,-0.572430,1.966537,-1.269552,1.607665,-1.432217,2.680343,0.146701,2.479929,1,1,1.0000,1.0000,-20.5686,-65.6437,-7.1000,-27.2000,0.040000,0.270517,0,0,1,1,0,0,0.0000,0.0000,,,,,2476,2476,0,0,2416,2427,60,36,0,13,0.53109,0.54119,,,,,,,,,,,,,,,,,,,,,,,140360.7718,1889,1889,0,0
1788271864.2831,G_left_centre_left_right,G,left,0,left_right,,centre,985,146.2000,344.2000,59.3000,217.1000,218.9000,0.0000,343.0000,315.8000,23.4000,0.0000,147.4000,0.0000,109.3000,0.0000,0.24300,-0.07200,0.90500,6.08000,0.27000,1.46000,-0.94400,-0.02100,0.21700,0.40000,-0.68000,0.84000,21.2,11.8,1.0,0.0,0.735958,0.325027,1.315099,-0.733824,0.342385,1.179250,-0.089600,0.486000,0.869300,0.003200,0.133500,0.542300,0.828800,0.034500,0.735967,0.325021,1.315134,-0.734060,0.342491,1.179114,1.100466,0.755168,2.295026,-1.636185,-1.972953,-0.716665,-0.572423,1.966532,-1.269556,1.607622,-1.432267,2.680348,0.146696,2.479927,1,1,1.0000,1.0000,-20.4634,-65.8652,-7.1000,-27.2000,0.040000,0.270517,0,0,1,1,0,0,0.0000,0.0000,,,,,2477,2477,0,0,2417,2428,60,36,0,13,0.53109,0.54133,,,,,,,,,,,,,,,,,,,,,,,140360.8060,1890,1890,0,0
1788271864.2896,G_left_centre_left_right,G,left,0,left_right,,centre,986,146.2000,344.2000,59.3000,217.1000,218.9000,0.0000,343.0000,315.8000,23.4000,0.0000,147.4000,0.0000,109.3000,0.0000,0.25400,-0.05900,0.89600,2.07000,2.67000,4.18000,-0.94400,-0.02100,0.22300,0.02000,-0.06000,-0.14000,20.4,12.1,1.0,0.0,0.735967,0.325028,1.315121,-0.733826,0.342392,1.179246,-0.089600,0.486000,0.869300,0.003200,0.133500,0.542300,0.828800,0.034500,0.735967,0.325021,1.315134,-0.734060,0.342491,1.179114,1.100537,0.755261,2.294951,-1.636155,-1.972861,-0.716635,-0.572412,1.966517,-1.269563,1.607519,-1.432552,2.680352,0.146384,2.479930,1,1,1.0000,1.0000,-19.6144,-65.8762,-7.1000,-27.2000,0.040000,0.270517,0,0,1,1,0,0,0.0000,0.0000,,,,,2479,2479,0,0,2419,2430,60,36,0,13,0.53111,0.54133,,,,,,,,,,,,,,,,,,,,,,,140360.8124,1892,1892,0,0
1788271864.3148,G_left_centre_left_right,G,left,0,left_right,,centre,987,146.2000,344.2000,59.3000,217.1000,218.9000,0.0000,343.0000,315.8000,23.4000,0.0000,147.4000,0.0000,109.3000,0.0000,0.25900,-0.05600,0.89000,0.03000,3.99000,5.75000,-0.93800,-0.01600,0.22300,-0.57000,-0.12000,-0.33000,20.3,11.8,1.0,0.0,0.735982,0.325027,1.315164,-0.733906,0.342436,1.179204,-0.089600,0.486000,0.869300,0.003200,0.133500,0.542300,0.828800,0.034500,0.735959,0.325027,1.315103,-0.733887,0.342412,1.179229,1.100545,0.755263,2.294912,-1.636152,-1.972868,-0.716602,-0.572399,1.966507,-1.269570,1.607430,-1.432838,2.680358,0.145998,2.479930,1,1,1.0000,1.0000,-19.2051,-66.1672,-7.1000,-27.2000,0.040000,0.270517,0,0,1,1,0,0,0.0000,0.0000,,,,,2479,2479,0,0,2419,2430,60,36,0,13,0.53111,0.54133,,,,,,,,,,,,,,,,,,,,,,,140360.8376,1893,1893,0,0
1788271864.3285,G_left_centre_left_right,G,left,0,left_right,,centre,988,146.2000,344.2000,59.3000,217.1000,218.9000,0.0000,343.0000,315.8000,23.4000,0.0000,147.4000,0.0000,109.3000,0.0000,0.27100,-0.04400,0.89600,-2.28000,6.02000,6.33000,-0.94100,-0.01100,0.22900,-1.38000,-0.37000,0.13000,19.5,11.1,1.0,0.0,0.736010,0.325025,1.315241,-0.734107,0.342542,1.179103,-0.089600,0.486000,0.869300,0.003200,0.133500,0.542300,0.828800,0.034500,0.735959,0.325027,1.315103,-0.733887,0.342412,1.179229,1.100554,0.755250,2.294824,-1.636160,-1.972916,-0.716523,-0.572353,1.966500,-1.269581,1.607329,-1.433058,2.680378,0.145783,2.479913,1,1,1.0000,1.0000,-18.5447,-66.4706,-7.1000,-27.2000,0.040000,0.270517,0,0,1,1,0,0,0.0000,0.0000,,,,,2481,2481,0,0,2421,2432,60,36,0,13,0.53110,0.54119,,,,,,,,,,,,,,,,,,,,,,,140360.8513,1894,1894,0,0
1788271864.3533,G_left_centre_left_right,G,left,0,left_right,,centre,989,146.2000,344.2000,59.3000,217.1000,218.9000,0.0000,343.0000,315.8000,23.4000,0.0000,147.4000,0.0000,109.3000,0.0000,0.27100,-0.04400,0.89600,-2.28000,6.02000,6.33000,-0.94100,-0.01100,0.22900,-1.38000,-0.37000,0.13000,19.1,11.1,1.0,0.0,0.736010,0.325025,1.315241,-0.734107,0.342542,1.179103,-0.089600,0.486000,0.869300,0.003200,0.133500,0.542300,0.828800,0.034500,0.735959,0.325027,1.315103,-0.733887,0.342412,1.179229,1.100551,0.755236,2.294783,-1.636166,-1.972947,-0.716484,-0.572334,1.966506,-1.269580,1.607333,-1.433033,2.680405,0.145834,2.479885,1,1,1.0000,1.0000,-18.5447,-66.4706,-7.1000,-27.2000,0.040000,0.270517,0,0,1,1,0,0,0.0000,0.0000,,,,,2481,2481,0,0,2421,2432,60,36,0,13,0.53110,0.54119,,,,,,,,,,,,,,,,,,,,,,,140360.8761,1894,1894,0,0
1788271864.3756,G_left_centre_left_right,G,left,0,left_right,,centre,990,146.2000,344.2000,59.3000,217.1000,218.9000,0.0000,343.0000,315.8000,23.4000,0.0000,147.4000,0.0000,109.3000,0.0000,0.26900,-0.03800,0.89100,-4.67000,8.02000,8.70000,-0.93300,-0.01600,0.23400,-2.59000,-0.08000,0.06000,19.1,11.1,1.0,0.0,0.736036,0.325023,1.315314,-0.734170,0.342577,1.179070,-0.089600,0.486000,0.869300,0.003200,0.133500,0.542300,0.828800,0.034500,0.735959,0.325027,1.315103,-0.733887,0.342412,1.179229,1.100527,0.755170,2.294693,-1.636192,-1.973069,-0.716382,-0.572276,1.966527,-1.269579,1.607390,-1.432845,2.680448,0.146028,2.479837,1,1,1.0000,1.0000,-18.5442,-66.1672,-7.1000,-27.2000,0.040000,0.270517,0,0,1,1,0,0,0.0000,0.0000,,,,,2482,2482,0,0,2422,2433,60,36,0,13,0.53110,0.54119,,,,,,,,,,,,,,,,,,,,,,,140360.8984,1895,1895,0,0
1788271864.3941,G_left_centre_left_right,G,left,0,left_right,,centre,991,146.2000,344.2000,59.3000,217.1000,218.9000,0.0000,343.0000,315.8000,23.4000,0.0000,147.4000,0.0000,109.3000,0.0000,0.27700,-0.05800,0.88900,-10.77000,10.47000,9.08000,-0.93600,-0.02100,0.21100,-2.68000,0.31000,-0.94000,19.7,11.5,1.0,0.0,0.736085,0.325019,1.315454,-0.734182,0.342588,1.179061,-0.089600,0.486000,0.869300,0.003200,0.133500,0.542300,0.828800,0.034500,0.736010,0.325027,1.315233,-0.733973,0.342475,1.179152,1.100454,0.755001,2.294510,-1.636256,-1.973345,-0.716172,-0.572149,1.966610,-1.269574,1.607696,-1.431944,2.680497,0.146923,2.479746,1,1,1.0000,1.0000,-18.1378,-65.8441,-7.1000,-27.2000,0.040000,0.270517,0,0,1,1,0,0,0.0000,0.0000,,,,,2484,2484,0,0,2424,2435,60,36,0,13,0.53110,0.54127,,,,,,,,,,,,,,,,,,,,,,,140360.9170,1897,1897,0,0
1788271864.4190,G_left_centre_left_right,G,left,0,left_right,,centre,992,146.2000,344.2000,59.3000,217.1000,218.9000,0.0000,343.0000,315.8000,23.4000,0.0000,147.4000,0.0000,109.3000,0.0000,0.25900,-0.06500,0.91200,-12.11000,11.69000,7.97000,-0.93700,-0.02100,0.23400,-1.69000,0.56000,-1.80000,20.1,11.6,1.0,0.0,0.736085,0.325020,1.315452,-0.734161,0.342578,1.179071,-0.089600,0.486000,0.869300,0.003200,0.133500,0.542300,0.828800,0.034500,0.736010,0.325027,1.315233,-0.733973,0.342475,1.179152,1.100435,0.754959,2.294466,-1.636273,-1.973413,-0.716121,-0.572117,1.966640,-1.269573,1.607815,-1.431630,2.680518,0.147223,2.479708,1,1,1.0000,1.0000,-19.6097,-65.8750,-7.1000,-27.2000,0.040000,0.270517,0,0,1,1,0,0,0.0000,0.0000,,,,,2485,2485,0,0,2425,2436,60,36,0,13,0.53115,0.54127,,,,,,,,,,,,,,,,,,,,,,,140360.9418,1898,1898,0,0
1788271864.4331,G_left_centre_left_right,G,left,0,left_right,,centre,993,146.2000,344.2000,59.3000,217.1000,218.9000,0.0000,343.0000,315.8000,23.4000,0.0000,147.4000,0.0000,109.3000,0.0000,0.23900,-0.07900,0.90400,-12.76000,12.41000,6.87000,-0.93200,-0.01800,0.22700,-1.55000,1.08000,-2.50000,20.0,12.2,1.0,0.0,0.736070,0.325022,1.315409,-0.734179,0.342589,1.179061,-0.089600,0.486000,0.869300,0.003200,0.133500,0.542300,0.828800,0.034500,0.736010,0.325027,1.315233,-0.733973,0.342475,1.179152,1.100416,0.754910,2.294397,-1.636294,-1.973501,-0.716048,-0.572072,1.966651,-1.269573,1.607862,-1.431520,2.680528,0.147319,2.479693,1,1,1.0000,1.0000,-20.7127,-66.0464,-7.1000,-27.2000,0.040000,0.270517,0,0,1,1,0,0,0.0000,0.0000,,,,,2486,2486,0,0,2426,2437,60,36,0,13,0.53115,0.54127,,,,,,,,,,,,,,,,,,,,,,,140360.9559,1899,1899,0,0
1788271864.4607,G_left_centre_left_right,G,left,0,left_right,,centre,994,146.2000,344.2000,59.3000,217.1000,218.9000,0.0000,343.0000,315.8000,23.4000,0.0000,147.4000,0.0000,109.3000,0.0000,0.23900,-0.07900,0.90400,-12.76000,12.41000,6.87000,-0.93200,-0.01800,0.22700,-1.55000,1.08000,-2.50000,20.0,12.2,1.0,0.0,0.736070,0.325022,1.315409,-0.734179,0.342589,1.179061,-0.089600,0.486000,0.869300,0.003200,0.133500,0.542300,0.828800,0.034500,0.736010,0.325027,1.315233,-0.733973,0.342475,1.179152,1.100416,0.754910,2.294397,-1.636294,-1.973501,-0.716048,-0.572072,1.966651,-1.269573,1.607862,-1.431520,2.680528,0.147319,2.479693,1,1,1.0000,1.0000,-20.7127,-66.0464,-7.1000,-27.2000,0.040000,0.270517,0,0,1,1,0,0,0.0000,0.0000,,,,,2486,2486,0,0,2426,2437,60,36,0,13,0.53115,0.54127,,,,,,,,,,,,,,,,,,,,,,,140360.9836,1899,1899,0,0
1788271864.4694,G_left_centre_left_right,G,left,0,left_right,,centre,995,146.2000,344.2000,59.3000,217.1000,218.9000,0.0000,342.9000,315.8000,23.4000,0.0000,147.4000,0.0000,109.3000,0.0000,0.17500,-0.07600,0.93300,-16.40000,13.00000,10.95000,-0.93900,-0.01200,0.23800,-0.56000,1.52000,-4.37000,21.5,13.0,1.0,0.0,0.735922,0.325043,1.315036,-0.734332,0.342671,1.178983,-0.089600,0.486000,0.869300,0.003200,0.133500,0.542300,0.828800,0.034500,0.736082,0.325022,1.315435,-0.734184,0.342588,1.179042,1.100421,0.754901,2.294312,-1.636305,-1.973516,-0.715978,-0.572027,1.966664,-1.269574,1.607852,-1.431646,2.680553,0.147179,2.479662,1,1,1.0000,1.0000,-24.8588,-66.4084,-7.1000,-27.2000,0.040000,0.270517,0,0,1,1,0,0,0.0000,0.0000,,,,,2488,2488,0,0,2428,2439,60,36,0,13,0.53121,0.54142,,,,,,,,,,,,,,,,,,,,,,,140360.9923,1901,1901,0,0
1788271864.4996,G_left_centre_left_right,G,left,0,left_right,,centre,996,146.2000,344.2000,59.3000,217.1000,218.9000,0.0000,342.9000,315.8000,23.4000,0.0000,147.4000,0.0000,109.3000,0.0000,0.37500,-0.03400,0.97000,-13.92000,12.60000,7.46000,-0.93700,-0.01100,0.22200,-0.55000,1.36000,-4.83000,21.1,14.0,1.0,1.0,0.736065,0.325026,1.315492,-0.734483,0.342750,1.178908,-0.089600,0.486000,0.869300,0.003200,0.133500,0.542300,0.828800,0.034500,0.736082,0.325022,1.315435,-0.734184,0.342588,1.179042,1.100548,0.755102,2.294285,-1.636248,-1.973307,-0.716020,-0.572051,1.966679,-1.269575,1.607870,-1.431591,2.680582,0.147236,2.479626,1,1,1.0000,1.0000,-14.1864,-66.4627,-7.1000,-27.2000,0.040000,0.270517,0,0,1,1,0,0,0.0000,0.0000,,,,,2489,2489,0,0,2429,2440,60,36,0,13,0.53121,0.54142,,,,,,,,,,,,,,,,,,,,,,,140361.0224,1902,1902,0,0
