t,segment,block,arm,rep,direction,speed,sample_index,l_j1,l_j2,l_j3,l_j4,l_j5,l_j6,l_j7,r_j1,r_j2,r_j3,r_j4,r_j5,r_j6,r_j7,l_ax,l_ay,l_az,l_gx,l_gy,l_gz,r_ax,r_ay,r_az,r_gx,r_gy,r_gz,fsr1,fsr2,btn1,btn2,left_cmd_x,left_cmd_y,left_cmd_z,right_cmd_x,right_cmd_y,right_cmd_z,left_cmd_qx,left_cmd_qy,left_cmd_qz,left_cmd_qw,right_cmd_qx,right_cmd_qy,right_cmd_qz,right_cmd_qw,left_ee_x,left_ee_y,left_ee_z,right_ee_x,right_ee_y,right_ee_z,left_joint_1,left_joint_2,left_joint_3,left_joint_4,left_joint_5,left_joint_6,left_joint_7,right_joint_1,right_joint_2,right_joint_3,right_joint_4,right_joint_5,right_joint_6,right_joint_7,left_clutch,right_clutch,left_scale,right_scale,left_frame_valid,right_frame_valid,left_n_dropouts,right_n_dropouts,left_data_age_s,right_data_age_s,position_mode,orientation_mode,left_channels_live,right_channels_live,left_ik_success,right_ik_success,left_ik_fail,right_ik_fail,left_guard_direct,right_guard_direct,left_guard_slewed,right_guard_slewed,left_guard_rejected,right_guard_rejected,left_min_clearance,right_min_clearance,estop
1786018541.7752,B_right_diagonal_up_left_down_right,B,right,0,,,0,151.2000,345.7000,130.6000,192.5000,149.9000,0.0000,360.0000,123.1000,42.7000,0.0000,142.8000,0.0000,53.9000,0.0000,-0.84600,-0.00300,0.37900,-0.31000,4.11000,3.24000,0.32400,-0.09700,0.90000,4.00000,-0.92000,-11.36000,11.2,2.3,1.0,1.0,0.898100,0.345856,1.098245,-0.252466,0.217195,1.327594,-0.089600,0.486000,0.869300,0.003200,0.133500,0.542300,0.828800,0.034500,0.701544,0.341337,1.176377,-0.252470,0.217199,1.327601,-2.029535,-1.429761,-1.519464,-0.935108,-3.030625,0.559696,1.084133,-0.804098,1.863553,1.017209,1.821910,-0.582382,-0.705764,2.207320,1,0,1.0000,1.0000,1,1,0,0,0.0000,0.0000,,,,,7373,124572,799,220,5455,123310,1918,1260,0,2,0.48521,0.10278,0
1786018541.7967,B_right_diagonal_up_left_down_right,B,right,0,,,1,151.2000,345.7000,130.6000,192.5000,149.9000,0.0000,360.0000,123.1000,42.7000,0.0000,142.8000,0.0000,53.9000,0.0000,-0.84600,-0.00300,0.37900,-0.31000,4.11000,3.24000,0.32400,-0.09700,0.90000,4.00000,-0.92000,-11.36000,11.2,2.3,1.0,1.0,0.898100,0.345856,1.098245,-0.252466,0.217195,1.327594,-0.089600,0.486000,0.869300,0.003200,0.133500,0.542300,0.828800,0.034500,0.701486,0.341366,1.176377,-0.252470,0.217199,1.327601,-2.029036,-1.431347,-1.519852,-0.936761,-3.030027,0.558395,1.085184,-0.804098,1.863553,1.017209,1.821910,-0.582382,-0.705764,2.207320,1,0,1.0000,1.0000,1,1,0,0,0.0000,0.0000,,,,,126912,8065,840,192,124691,6865,2221,1200,0,0,0.48569,0.10278,0
1786018541.8172,B_right_diagonal_up_left_down_right,B,right,0,,,2,151.2000,345.7000,130.6000,192.5000,149.9000,0.0000,360.0000,123.1000,42.7000,0.0000,142.8000,0.0000,53.9000,0.0000,-0.84600,-0.00300,0.37900,-0.31000,4.11000,3.24000,0.32400,-0.09700,0.90000,4.00000,-0.92000,-11.36000,11.2,2.3,1.0,1.0,0.898100,0.345856,1.098245,-0.252466,0.217195,1.327594,-0.089600,0.486000,0.869300,0.003200,0.133500,0.542300,0.828800,0.034500,0.701486,0.341366,1.176377,-0.252470,0.217199,1.327601,-2.029036,-1.431347,-1.519852,-0.936761,-3.030027,0.558395,1.085184,-0.804098,1.863553,1.017209,1.821910,-0.582382,-0.705764,2.207320,1,0,1.0000,1.0000,1,1,0,0,0.0000,0.0000,,,,,7373,8065,799,192,5455,6865,1918,1200,0,0,0.48521,0.10278,0
1786018541.8416,B_right_diagonal_up_left_down_right,B,right,0,,,3,151.2000,345.7000,130.6000,192.4000,150.7000,0.0000,360.0000,123.0000,42.8000,0.0000,142.8000,0.0000,53.8000,0.0000,-0.84300,-0.01900,0.38600,5.40000,-0.56000,3.09000,0.34800,0.02700,0.89100,-9.18000,-2.47000,7.73000,11.3,1.6,1.0,1.0,0.694452,0.345631,1.176650,-0.252466,0.217195,1.327594,-0.089600,0.486000,0.869300,0.003200,0.133500,0.542300,0.828800,0.034500,0.701486,0.341366,1.176377,-0.252470,0.217199,1.327601,-2.026848,-1.429494,-1.521565,-0.939134,3.251923,0.556078,1.083963,-0.804098,1.863553,1.017209,1.821910,-0.582382,-0.705764,2.207320,1,0,1.0000,1.0000,1,1,0,0,0.0000,0.0000,,,,,126912,8065,840,192,124691,6865,2221,1200,0,0,0.48569,0.10278,0
1786018541.8701,B_right_diagonal_up_left_down_right,B,right,0,,,4,151.2000,345.7000,130.6000,192.4000,149.9000,0.0000,360.0000,123.0000,42.8000,0.0000,142.7000,0.0000,53.9000,0.0000,-0.85400,-0.00000,0.38300,4.44000,1.85000,3.82000,0.32300,0.00800,0.88600,-11.76000,-2.92000,8.77000,10.6,1.6,1.0,1.0,0.696708,0.345556,1.177086,-0.961179,0.416098,1.666607,-0.089600,0.486000,0.869300,0.003200,0.133500,0.542300,0.828800,0.034500,0.701428,0.341397,1.176377,-0.252470,0.217199,1.327602,-2.026178,-1.428823,-1.522089,-0.939804,3.251499,0.555408,1.083521,-0.804227,1.863776,1.017457,1.821913,-0.582214,-0.705590,2.206868,1,0,1.0000,1.0000,1,1,0,0,0.0000,0.0000,,,,,126912,8065,840,192,124691,6865,2221,1200,0,0,0.48569,0.10278,0
1786018541.8861,B_right_diagonal_up_left_down_right,B,right,0,,,5,151.2000,345.7000,130.6000,192.4000,149.9000,0.0000,360.0000,123.0000,42.8000,0.0000,142.7000,0.0000,53.9000,0.0000,-0.85400,-0.00000,0.38300,4.44000,1.85000,3.82000,0.32300,0.00800,0.88600,-11.76000,-2.92000,8.77000,10.6,1.6,1.0,1.0,0.696708,0.345556,1.177086,-0.961179,0.416098,1.666607,-0.089600,0.486000,0.869300,0.003200,0.133500,0.542300,0.828800,0.034500,0.701428,0.341397,1.176377,-0.252470,0.217199,1.327602,-2.026178,-1.428823,-1.522089,-0.939804,3.251499,0.555408,1.083521,-0.804227,1.863776,1.017457,1.821913,-0.582214,-0.705590,2.206868,1,0,1.0000,1.0000,1,1,0,0,0.0000,0.0000,,,,,7373,8065,799,192,5455,6865,1918,1200,0,0,0.48521,0.10278,0
1786018541.9101,B_right_diagonal_up_left_down_right,B,right,0,,,6,151.2000,345.7000,130.6000,192.4000,149.9000,0.0000,360.0000,123.0000,42.8000,0.0000,142.5000,0.0000,53.9000,0.0000,-0.86000,0.01300,0.39500,-0.05000,5.89000,6.60000,0.31800,-0.03900,0.86000,-11.03000,-1.93000,6.44000,10.8,2.2,1.0,1.0,0.754367,0.038491,1.295741,-0.047208,0.254795,1.234554,-0.089600,0.486000,0.869300,0.003200,0.133500,0.542300,0.828800,0.034500,0.701428,0.341397,1.176377,-0.252470,0.217199,1.327602,-2.024132,-1.426775,-1.523690,-0.941848,3.250205,0.553363,1.082170,-0.804500,1.864249,1.017983,1.821920,-0.581859,-0.705222,2.205912,1,0,1.0000,1.0000,1,1,0,0,0.0000,0.0000,,,,,126912,124574,840,220,124691,123312,2221,1260,0,2,0.48569,0.10278,0
1786018541.9164,B_right_diagonal_up_left_down_right,B,right,0,,,7,151.2000,345.7000,130.6000,192.4000,149.9000,0.0000,360.0000,123.0000,42.8000,0.0000,142.5000,0.0000,53.9000,0.0000,-0.86000,0.01300,0.39500,-0.05000,5.89000,6.60000,0.31800,-0.03900,0.86000,-11.03000,-1.93000,6.44000,10.8,2.2,1.0,1.0,0.754367,0.038491,1.295741,-0.047208,0.254795,1.234554,-0.089600,0.486000,0.869300,0.003200,0.133500,0.542300,0.828800,0.034500,0.701428,0.341397,1.176377,-0.252470,0.217199,1.327602,-2.023383,-1.426025,-1.524277,-0.942597,3.249731,0.552614,1.081675,-0.804500,1.864249,1.017983,1.821920,-0.581859,-0.705222,2.205912,1,0,1.0000,1.0000,1,1,0,0,0.0000,0.0000,,,,,7373,124574,799,220,5455,123312,1918,1260,0,2,0.48521,0.10278,0
1786018541.9388,B_right_diagonal_up_left_down_right,B,right,0,,,8,151.2000,345.7000,130.6000,192.4000,149.9000,0.0000,360.0000,123.0000,42.8000,0.0000,142.5000,0.0000,53.9000,0.0000,-0.86000,0.01300,0.39500,-0.05000,5.89000,6.60000,0.31800,-0.03900,0.86000,-11.03000,-1.93000,6.44000,10.8,2.2,1.0,1.0,0.754367,0.038491,1.295741,-0.047208,0.254795,1.234554,-0.089600,0.486000,0.869300,0.003200,0.133500,0.542300,0.828800,0.034500,0.701369,0.341427,1.176377,-0.252466,0.217195,1.327595,-2.022412,-1.425053,-1.525037,-0.943568,3.249116,0.551643,1.081034,-0.804500,1.864249,1.017983,1.821920,-0.581859,-0.705222,2.205912,1,0,1.0000,1.0000,1,1,0,0,0.0000,0.0000,,,,,126912,8067,840,192,124691,6867,2221,1200,0,0,0.48569,0.10278,0
1786018541.9693,B_right_diagonal_up_left_down_right,B,right,0,,,9,151.2000,345.7000,130.6000,192.4000,149.4000,0.0000,360.0000,123.0000,42.8000,0.0000,142.5000,0.0000,53.9000,0.0000,-0.85600,-0.03400,0.36500,7.70000,-1.55000,-0.31000,0.31800,-0.03900,0.86000,-11.03000,-1.93000,6.44000,11.3,1.7,1.0,1.0,0.755955,0.038447,1.296048,-0.047208,0.254795,1.234554,-0.089600,0.486000,0.869300,0.003200,0.133500,0.542300,0.828800,0.034500,0.701369,0.341427,1.176377,-0.252466,0.217195,1.327595,-2.022051,-1.424692,-1.525319,-0.943929,3.248888,0.551282,1.080796,-0.804500,1.864249,1.017983,1.821920,-0.581859,-0.705222,2.205912,1,0,1.0000,1.0000,1,1,0,0,0.0000,0.0000,,,,,126912,124575,840,220,124691,123313,2221,1260,0,2,0.48569,0.10278,0
1786018541.9860,B_right_diagonal_up_left_down_right,B,right,0,,,10,151.2000,345.6000,130.6000,192.5000,148.5000,0.0000,360.0000,122.9000,42.8000,0.0000,142.3000,0.0000,53.8000,0.0000,-0.84600,-0.00200,0.36800,2.85000,5.60000,1.76000,0.34400,0.00000,0.88900,-0.71000,3.15000,-0.49000,11.0,2.0,1.0,1.0,0.757434,0.038402,1.296332,-0.047208,0.254795,1.234554,-0.089600,0.486000,0.869300,0.003200,0.133500,0.542300,0.828800,0.034500,0.701369,0.341427,1.176377,-0.252466,0.217195,1.327595,-2.021006,-1.423645,-1.526137,-0.944973,3.248227,0.550237,1.080106,-0.804500,1.864249,1.017983,1.821920,-0.581859,-0.705222,2.205912,1,0,1.0000,1.0000,1,1,0,0,0.0000,0.0000,,,,,7373,8068,799,192,5455,6868,1918,1200,0,0,0.48521,0.10278,0
1786018541.9957,B_right_diagonal_up_left_down_right,B,right,0,,,11,151.2000,345.6000,130.6000,192.5000,148.5000,0.0000,360.0000,122.9000,42.8000,0.0000,142.3000,0.0000,53.8000,0.0000,-0.84600,-0.00200,0.36800,2.85000,5.60000,1.76000,0.34400,0.00000,0.88900,-0.71000,3.15000,-0.49000,11.0,2.0,1.0,1.0,0.757434,0.038402,1.296332,-0.047208,0.254795,1.234554,-0.089600,0.486000,0.869300,0.003200,0.133500,0.542300,0.828800,0.034500,0.701369,0.341427,1.176377,-0.252466,0.217195,1.327595,-2.021006,-1.423645,-1.526137,-0.944973,3.248227,0.550237,1.080106,-0.804500,1.864249,1.017983,1.821920,-0.581859,-0.705222,2.205912,1,0,1.0000,1.0000,1,1,0,0,0.0000,0.0000,,,,,7373,8068,799,192,5455,6868,1918,1200,0,0,0.48521,0.10278,0
1786018542.0173,B_right_diagonal_up_left_down_right,B,right,0,,,12,151.2000,345.6000,130.6000,192.5000,148.5000,0.0000,360.0000,122.9000,42.8000,0.0000,142.3000,0.0000,53.8000,0.0000,-0.84600,-0.00200,0.36800,2.85000,5.60000,1.76000,0.34400,0.00000,0.88900,-0.71000,3.15000,-0.49000,11.4,2.7,1.0,1.0,0.757434,0.038402,1.296332,-0.047208,0.254795,1.234554,-0.089600,0.486000,0.869300,0.003200,0.133500,0.542300,0.828800,0.034500,0.701312,0.341456,1.176376,-0.252466,0.217195,1.327594,-2.020327,-1.422966,-1.526668,-0.945652,3.247798,0.549559,1.079658,-0.804500,1.864249,1.017983,1.821920,-0.581859,-0.705222,2.205912,1,0,1.0000,1.0000,1,1,0,0,0.0000,0.0000,,,,,126912,8068,840,192,124691,6868,2221,1200,0,0,0.48569,0.10278,0
1786018542.0366,B_right_diagonal_up_left_down_right,B,right,0,,,13,151.2000,345.6000,130.6000,192.5000,148.5000,0.0000,360.0000,122.9000,42.8000,0.0000,142.3000,0.0000,53.8000,0.0000,-0.84600,-0.00200,0.36800,2.85000,5.60000,1.76000,0.34400,0.00000,0.88900,-0.71000,3.15000,-0.49000,11.4,2.7,1.0,1.0,0.757434,0.038402,1.296332,-0.047208,0.254795,1.234554,-0.089600,0.486000,0.869300,0.003200,0.133500,0.542300,0.828800,0.034500,0.701312,0.341456,1.176376,-0.252466,0.217195,1.327594,-2.019285,-1.421923,-1.527484,-0.946693,3.247138,0.548517,1.078970,-0.804500,1.864249,1.017983,1.821920,-0.581859,-0.705222,2.205912,1,0,1.0000,1.0000,1,1,0,0,0.0000,0.0000,,,,,126912,124575,841,220,124691,123313,2221,1260,0,2,0.48569,0.10278,0
1786018542.0568,B_right_diagonal_up_left_down_right,B,right,0,,,14,151.2000,345.6000,130.6000,192.5000,148.5000,0.0000,360.0000,122.9000,42.8000,0.0000,142.3000,0.0000,53.8000,0.0000,-0.84600,-0.00200,0.36800,2.85000,5.60000,1.76000,0.34400,0.00000,0.88900,-0.71000,3.15000,-0.49000,11.4,2.7,1.0,1.0,0.757434,0.038402,1.296332,-0.047208,0.254795,1.234554,-0.089600,0.486000,0.869300,0.003200,0.133500,0.542300,0.828800,0.034500,0.701312,0.341456,1.176376,-0.252466,0.217195,1.327594,-2.019285,-1.421923,-1.527484,-0.946693,3.247138,0.548517,1.078970,-0.804500,1.864249,1.017983,1.821920,-0.581859,-0.705222,2.205912,1,0,1.0000,1.0000,1,1,0,0,0.0000,0.0000,,,,,126912,124575,841,220,124691,123313,2221,1260,0,2,0.48569,0.10278,0
1786018542.0782,B_right_diagonal_up_left_down_right,B,right,0,,,15,151.2000,345.6000,130.6000,192.5000,148.5000,0.0000,360.0000,122.9000,42.8000,0.0000,142.3000,0.0000,53.8000,0.0000,-0.84600,-0.00200,0.36800,2.85000,5.60000,1.76000,0.34400,0.00000,0.88900,-0.71000,3.15000,-0.49000,11.4,2.7,1.0,1.0,0.757434,0.038402,1.296332,-0.047208,0.254795,1.234554,-0.089600,0.486000,0.869300,0.003200,0.133500,0.542300,0.828800,0.034500,0.703619,0.340416,1.176414,-0.252466,0.217195,1.327594,-2.018608,-1.421241,-1.528017,-0.947366,-3.036472,0.547843,1.078516,-0.804500,1.864249,1.017983,1.821920,-0.581859,-0.705222,2.205912,1,0,1.0000,1.0000,1,1,0,0,0.0000,0.0000,,,,,126913,124575,841,220,124691,123313,2222,1260,0,2,0.48670,0.10278,0
1786018542.1064,B_right_diagonal_up_left_down_right,B,right,0,,,16,151.3000,345.6000,130.6000,192.4000,148.9000,0.0000,360.0000,122.8000,42.9000,0.0000,142.6000,0.0000,53.6000,0.0000,-0.85300,-0.00100,0.38000,1.09000,1.62000,2.72000,0.32500,-0.04200,0.89300,1.60000,-0.60000,-0.91000,10.5,2.2,1.0,1.0,0.757880,0.038423,1.296414,-0.047208,0.254795,1.234554,-0.089600,0.486000,0.869300,0.003200,0.133500,0.542300,0.828800,0.034500,0.703619,0.340416,1.176414,-0.252466,0.217195,1.327594,-2.018651,-1.421276,-1.527991,-0.947316,-3.036438,0.547891,1.078530,-0.804500,1.864249,1.017983,1.821920,-0.581859,-0.705222,2.205912,1,0,1.0000,1.0000,1,1,0,0,0.0000,0.0000,,,,,126913,124575,841,220,124691,123313,2222,1260,0,2,0.48670,0.10278,0
1786018542.1173,B_right_diagonal_up_left_down_right,B,right,0,,,17,151.3000,345.6000,130.6000,192.4000,148.9000,0.0000,360.0000,122.8000,42.9000,0.0000,142.6000,0.0000,53.6000,0.0000,-0.85300,-0.00100,0.38000,1.09000,1.62000,2.72000,0.32500,-0.04200,0.89300,1.60000,-0.60000,-0.91000,10.5,2.2,1.0,1.0,0.757880,0.038423,1.296414,-0.047208,0.254795,1.234554,-0.089600,0.486000,0.869300,0.003200,0.133500,0.542300,0.828800,0.034500,0.703619,0.340416,1.176414,-0.252466,0.217195,1.327594,-2.018662,-1.421285,-1.527984,-0.947303,-3.036429,0.547903,1.078534,-0.804500,1.864249,1.017983,1.821920,-0.581859,-0.705222,2.205912,1,0,1.0000,1.0000,1,1,0,0,0.0000,0.0000,,,,,7374,8068,800,192,5455,6868,1919,1200,0,0,0.48670,0.10278,0
1786018542.1410,B_right_diagonal_up_left_down_right,B,right,0,,,18,151.3000,345.6000,130.6000,192.4000,148.9000,0.0000,360.0000,122.8000,42.9000,0.0000,142.6000,0.0000,53.6000,0.0000,-0.85300,-0.00100,0.38000,1.09000,1.62000,2.72000,0.32500,-0.04200,0.89300,1.60000,-0.60000,-0.91000,10.5,2.2,1.0,1.0,0.757880,0.038423,1.296414,-0.047208,0.254795,1.234554,-0.089600,0.486000,0.869300,0.003200,0.133500,0.542300,0.828800,0.034500,0.703619,0.340416,1.176414,-0.252466,0.217195,1.327594,-2.018662,-1.421285,-1.527984,-0.947303,-3.036429,0.547903,1.078534,-0.804500,1.864249,1.017983,1.821920,-0.581859,-0.705222,2.205912,1,0,1.0000,1.0000,1,1,0,0,0.0000,0.0000,,,,,7374,8068,800,192,5455,6868,1919,1200,0,0,0.48670,0.10278,0
1786018542.1671,B_right_diagonal_up_left_down_right,B,right,0,,,19,151.3000,345.6000,130.6000,192.4000,148.9000,0.0000,360.0000,122.8000,42.9000,0.0000,142.6000,0.0000,53.6000,0.0000,-0.85300,-0.00100,0.38000,1.09000,1.62000,2.72000,0.32500,-0.04200,0.89300,1.60000,-0.60000,-0.91000,10.5,2.2,1.0,1.0,0.757880,0.038423,1.296414,-0.047208,0.254795,1.234554,-0.089600,0.486000,0.869300,0.003200,0.133500,0.542300,0.828800,0.034500,0.716353,0.334494,1.176709,-0.252466,0.217195,1.327594,-2.018685,-1.421303,-1.527970,-0.947276,-3.036411,0.547929,1.078541,-0.804500,1.864249,1.017983,1.821920,-0.581859,-0.705222,2.205912,1,0,1.0000,1.0000,1,1,0,0,0.0000,0.0000,,,,,7374,8068,800,193,5455,6868,1919,1200,0,0,0.48670,0.10278,0
1786018542.1807,B_right_diagonal_up_left_down_right,B,right,0,,,20,151.3000,345.6000,130.6000,192.4000,148.9000,0.0000,360.0000,122.8000,42.9000,0.0000,142.6000,0.0000,53.6000,0.0000,-0.85300,-0.00100,0.38000,1.09000,1.62000,2.72000,0.32500,-0.04200,0.89300,1.60000,-0.60000,-0.91000,11.8,3.0,1.0,1.0,0.757880,0.038423,1.296414,-0.047208,0.254795,1.234554,-0.089600,0.486000,0.869300,0.003200,0.133500,0.542300,0.828800,0.034500,0.716353,0.334494,1.176709,-0.252466,0.217195,1.327594,-2.018685,-1.421303,-1.527970,-0.947276,-3.036411,0.547929,1.078541,-0.804500,1.864249,1.017983,1.821920,-0.581859,-0.705222,2.205912,1,0,1.0000,1.0000,1,1,0,0,0.0000,0.0000,,,,,7374,8068,800,193,5455,6868,1919,1200,0,0,0.48670,0.10278,0
1786018542.2146,B_right_diagonal_up_left_down_right,B,right,0,,,21,151.1000,345.0000,130.6000,192.4000,148.8000,0.0000,360.0000,122.6000,42.9000,0.0000,142.6000,0.0000,53.3000,0.0000,-0.85200,-0.01900,0.39100,2.30000,0.03000,3.40000,0.35800,-0.03200,0.87600,-5.12000,-2.63000,3.30000,11.8,3.0,1.0,1.0,0.756796,0.038431,1.296187,-0.047208,0.254795,1.234554,-0.089600,0.486000,0.869300,0.003200,0.133500,0.542300,0.828800,0.034500,0.754041,0.315136,1.178654,-0.252466,0.217195,1.327594,-2.018685,-1.421303,-1.527970,-0.947276,-3.036411,0.547929,1.078541,-0.804500,1.864249,1.017983,1.821920,-0.581859,-0.705222,2.205912,1,0,1.0000,1.0000,1,1,0,0,0.0000,0.0000,,,,,126914,8068,841,193,124691,6868,2223,1200,0,0,0.48767,0.10278,0
1786018542.2299,B_right_diagonal_up_left_down_right,B,right,0,,,22,151.1000,345.0000,130.6000,192.4000,148.8000,0.0000,360.0000,122.6000,42.9000,0.0000,142.6000,0.0000,53.3000,0.0000,-0.85200,-0.01900,0.39100,2.30000,0.03000,3.40000,0.35800,-0.03200,0.87600,-5.12000,-2.63000,3.30000,11.8,3.0,1.0,1.0,0.756796,0.038431,1.296187,-0.047208,0.254795,1.234554,-0.089600,0.486000,0.869300,0.003200,0.133500,0.542300,0.828800,0.034500,0.754041,0.315136,1.178654,-0.252466,0.217195,1.327594,-2.018685,-1.421303,-1.527970,-0.947276,-3.036411,0.547929,1.078541,-0.804500,1.864249,1.017983,1.821920,-0.581859,-0.705222,2.205912,1,0,1.0000,1.0000,1,1,0,0,0.0000,0.0000,,,,,126914,8068,841,193,124691,6868,2223,1200,0,0,0.48767,0.10278,0
1786018542.2354,B_right_diagonal_up_left_down_right,B,right,0,,,23,151.1000,345.7000,130.6000,192.4000,148.7000,0.0000,360.0000,122.6000,42.9000,0.0000,142.6000,0.0000,53.2000,0.0000,-0.86300,-0.01600,0.38700,3.05000,0.21000,3.38000,0.34700,-0.00800,0.89400,-4.62000,-2.89000,3.73000,11.8,3.0,1.0,1.0,0.756796,0.038431,1.296187,-0.047208,0.254795,1.234554,-0.089600,0.486000,0.869300,0.003200,0.133500,0.542300,0.828800,0.034500,0.754041,0.315136,1.178654,-0.252466,0.217195,1.327594,-2.018685,-1.421303,-1.527970,-0.947276,-3.036411,0.547929,1.078541,-0.804500,1.864249,1.017983,1.821920,-0.581859,-0.705222,2.205912,1,0,1.0000,1.0000,1,1,0,0,0.0000,0.0000,,,,,126914,8068,841,193,124691,6868,2223,1200,0,0,0.48767,0.10278,0
1786018542.2866,B_right_diagonal_up_left_down_right,B,right,0,,,24,151.0000,345.7000,130.5000,192.4000,148.1000,0.0000,360.0000,122.6000,42.9000,0.0000,142.4000,0.0000,53.3000,0.0000,-0.84200,-0.01100,0.38200,4.06000,5.45000,1.64000,0.35200,-0.02200,0.87100,1.45000,0.40000,2.01000,11.8,3.0,1.0,1.0,0.757125,0.038395,1.296254,-0.047208,0.254795,1.234554,-0.089600,0.486000,0.869300,0.003200,0.133500,0.542300,0.828800,0.034500,0.754041,0.315136,1.178654,-0.252466,0.217195,1.327594,-2.018801,-1.421397,-1.527899,-0.947141,-3.036319,0.548059,1.078580,-0.804653,1.864515,1.018279,1.821924,-0.581659,-0.705015,2.205375,1,0,1.0000,1.0000,1,1,0,0,0.0000,0.0000,,,,,126914,124575,841,221,124691,123313,2223,1260,0,2,0.48767,0.10278,0
1786018542.2877,B_right_diagonal_up_left_down_right,B,right,0,,,25,151.0000,345.7000,130.5000,192.4000,148.1000,0.0000,360.0000,122.6000,42.9000,0.0000,142.4000,0.0000,53.3000,0.0000,-0.84200,-0.01100,0.38200,4.06000,5.45000,1.64000,0.35200,-0.02200,0.87100,1.45000,0.40000,2.01000,11.8,3.0,1.0,1.0,0.757125,0.038395,1.296254,-0.047208,0.254795,1.234554,-0.089600,0.486000,0.869300,0.003200,0.133500,0.542300,0.828800,0.034500,0.754041,0.315136,1.178654,-0.252466,0.217195,1.327594,-2.018801,-1.421397,-1.527899,-0.947141,-3.036319,0.548059,1.078580,-0.804653,1.864515,1.018279,1.821924,-0.581659,-0.705015,2.205375,1,0,1.0000,1.0000,1,1,0,0,0.0000,0.0000,,,,,126914,124575,841,221,124691,123313,2223,1260,0,2,0.48767,0.10278,0
1786018542.2954,B_right_diagonal_up_left_down_right,B,right,0,,,26,151.0000,345.7000,130.5000,192.4000,148.1000,0.0000,360.0000,122.3000,42.9000,0.0000,142.3000,0.0000,53.3000,0.0000,-0.84200,-0.01100,0.38200,4.06000,5.45000,1.64000,0.35900,-0.03600,0.87100,0.63000,0.66000,4.02000,11.9,3.2,1.0,1.0,0.756830,0.038361,1.296181,-0.047208,0.254795,1.234554,-0.089600,0.486000,0.869300,0.003200,0.133500,0.542300,0.828800,0.034500,0.781500,0.298571,1.180549,-0.252466,0.217195,1.327594,-2.018824,-1.421415,-1.527885,-0.947114,-3.036301,0.548084,1.078587,-0.804818,1.864801,1.018597,1.821929,-0.581443,-0.704793,2.204796,1,0,1.0000,1.0000,1,1,0,0,0.0000,0.0000,,,,,126915,8068,841,193,124691,6868,2224,1200,0,0,0.49323,0.10278,0
1786018542.3241,B_right_diagonal_up_left_down_right,B,right,0,,,27,151.0000,345.7000,130.5000,192.4000,148.1000,0.0000,360.0000,122.3000,42.9000,0.0000,142.3000,0.0000,53.3000,0.0000,-0.84200,-0.01100,0.38200,4.06000,5.45000,1.64000,0.35900,-0.03600,0.87100,0.63000,0.66000,4.02000,11.9,3.2,1.0,1.0,0.756830,0.038361,1.296181,-0.047208,0.254795,1.234554,-0.089600,0.486000,0.869300,0.003200,0.133500,0.542300,0.828800,0.034500,0.781500,0.298571,1.180549,-0.252466,0.217195,1.327594,-2.018824,-1.421415,-1.527885,-0.947114,-3.036301,0.548084,1.078587,-0.804818,1.864801,1.018597,1.821929,-0.581443,-0.704793,2.204796,1,0,1.0000,1.0000,1,1,0,0,0.0000,0.0000,,,,,7376,8068,800,193,5455,6868,1921,1200,0,0,0.49323,0.10278,0
1786018542.3505,B_right_diagonal_up_left_down_right,B,right,0,,,28,151.0000,345.7000,130.5000,192.4000,148.1000,0.0000,360.0000,122.3000,42.9000,0.0000,142.3000,0.0000,53.3000,0.0000,-0.84200,-0.01100,0.38200,4.06000,5.45000,1.64000,0.35900,-0.03600,0.87100,0.63000,0.66000,4.02000,11.9,2.8,1.0,1.0,0.756830,0.038361,1.296181,-0.047208,0.254795,1.234554,-0.089600,0.486000,0.869300,0.003200,0.133500,0.542300,0.828800,0.034500,0.781500,0.298571,1.180549,-0.252466,0.217195,1.327594,-2.018866,-1.421450,-1.527858,-0.947064,-3.036267,0.548132,1.078602,-0.804923,1.864984,1.018800,1.821931,-0.581305,-0.704651,2.204426,1,0,1.0000,1.0000,1,1,0,0,0.0000,0.0000,,,,,7377,124575,800,221,5455,123313,1922,1260,0,2,0.51026,0.10278,0
1786018542.3787,B_right_diagonal_up_left_down_right,B,right,0,,,29,151.1000,345.5000,130.5000,192.4000,149.2000,0.0000,360.0000,122.3000,42.9000,0.0000,142.3000,0.0000,53.3000,0.0000,-0.86600,-0.00800,0.38800,0.59000,5.03000,4.21000,0.35900,-0.03600,0.87100,0.63000,0.66000,4.02000,11.9,2.8,1.0,1.0,0.898387,0.346407,1.096726,-0.047208,0.254795,1.234554,-0.089600,0.486000,0.869300,0.003200,0.133500,0.542300,0.828800,0.034500,0.809867,0.278263,1.183069,-0.252466,0.217195,1.327594,-2.018866,-1.421450,-1.527858,-0.947064,-3.036267,0.548132,1.078602,-0.804923,1.864984,1.018800,1.821931,-0.581305,-0.704651,2.204426,1,0,1.0000,1.0000,1,1,0,0,0.0000,0.0000,,,,,7377,124575,800,221,5455,123313,1922,1260,0,2,0.51026,0.10278,0
1786018542.3857,B_right_diagonal_up_left_down_right,B,right,0,,,30,151.1000,345.5000,130.5000,192.4000,149.2000,0.0000,360.0000,122.0000,42.6000,0.0000,142.3000,0.0000,53.3000,0.0000,-0.86600,-0.00800,0.38800,0.59000,5.03000,4.21000,0.30500,-0.01000,0.89900,-1.26000,0.27000,4.35000,11.9,2.8,1.0,1.0,0.898387,0.346407,1.096726,-0.252466,0.217195,1.327594,-0.089600,0.486000,0.869300,0.003200,0.133500,0.542300,0.828800,0.034500,0.809867,0.278263,1.183069,-0.252466,0.217195,1.327594,-2.018866,-1.421450,-1.527858,-0.947064,-3.036267,0.548132,1.078602,-0.804923,1.864984,1.018800,1.821931,-0.581305,-0.704651,2.204426,1,0,1.0000,1.0000,1,1,0,0,0.0000,0.0000,,,,,126917,124575,841,221,124691,123313,2226,1260,0,2,0.52407,0.10278,0
1786018542.4061,B_right_diagonal_up_left_down_right,B,right,0,,,31,151.1000,345.5000,130.5000,192.4000,149.2000,0.0000,360.0000,122.0000,42.6000,0.0000,142.3000,0.0000,53.3000,0.0000,-0.86600,-0.00800,0.38800,0.59000,5.03000,4.21000,0.30500,-0.01000,0.89900,-1.26000,0.27000,4.35000,11.5,3.4,1.0,1.0,0.898387,0.346407,1.096726,-0.252466,0.217195,1.327594,-0.089600,0.486000,0.869300,0.003200,0.133500,0.542300,0.828800,0.034500,0.809867,0.278263,1.183069,-0.252466,0.217195,1.327594,-2.018930,-1.421501,-1.527820,-0.946990,-3.036217,0.548202,1.078623,-0.805156,1.865372,1.019208,1.821941,-0.581046,-0.704359,2.203672,1,0,1.0000,1.0000,1,1,0,0,0.0000,0.0000,,,,,126917,124575,841,222,124691,123313,2226,1260,0,2,0.52407,0.10278,0
1786018542.4454,B_right_diagonal_up_left_down_right,B,right,0,,,32,151.1000,345.5000,130.5000,192.4000,149.2000,0.0000,360.0000,122.0000,42.6000,0.0000,142.3000,0.0000,53.3000,0.0000,-0.86600,-0.00800,0.38800,0.59000,5.03000,4.21000,0.30500,-0.01000,0.89900,-1.26000,0.27000,4.35000,10.4,2.3,1.0,1.0,0.898387,0.346407,1.096726,-0.252466,0.217195,1.327594,-0.089600,0.486000,0.869300,0.003200,0.133500,0.542300,0.828800,0.034500,0.833262,0.258457,1.185749,-0.252468,0.217196,1.327597,-2.018964,-1.421528,-1.527798,-0.946950,-3.036190,0.548241,1.078634,-0.805197,1.865440,1.019280,1.821943,-0.581000,-0.704307,2.203538,1,0,1.0000,1.0000,1,1,0,0,0.0000,0.0000,,,,,7378,8068,800,194,5455,6868,1923,1200,0,0,0.52407,0.10278,0
1786018542.4470,B_right_diagonal_up_left_down_right,B,right,0,,,33,151.1000,345.5000,130.5000,192.4000,149.2000,0.0000,360.0000,122.0000,42.6000,0.0000,142.3000,0.0000,53.3000,0.0000,-0.86600,-0.00800,0.38800,0.59000,5.03000,4.21000,0.30500,-0.01000,0.89900,-1.26000,0.27000,4.35000,10.4,2.3,1.0,1.0,0.898387,0.346407,1.096726,-0.252466,0.217195,1.327594,-0.089600,0.486000,0.869300,0.003200,0.133500,0.542300,0.828800,0.034500,0.833262,0.258457,1.185749,-0.252468,0.217196,1.327597,-2.018964,-1.421528,-1.527798,-0.946950,-3.036190,0.548241,1.078634,-0.805197,1.865440,1.019280,1.821943,-0.581000,-0.704307,2.203538,1,0,1.0000,1.0000,1,1,0,0,0.0000,0.0000,,,,,7378,8068,800,194,5455,6868,1923,1200,0,0,0.52407,0.10278,0
1786018542.4617,B_right_diagonal_up_left_down_right,B,right,0,,,34,151.1000,345.6000,130.5000,192.4000,148.1000,0.0000,360.0000,121.5000,42.8000,0.0000,142.0000,0.0000,53.2000,0.0000,-0.87000,-0.01100,0.36300,3.16000,-3.19000,-1.48000,0.33000,-0.03300,0.87800,-0.12000,-0.36000,-3.44000,10.8,1.7,1.0,1.0,0.699813,0.345415,1.177739,-0.961179,0.416098,1.666607,-0.089600,0.486000,0.869300,0.003200,0.133500,0.542300,0.828800,0.034500,0.833262,0.258457,1.185749,-0.252468,0.217196,1.327597,-2.018974,-1.421537,-1.527792,-0.946938,-3.036182,0.548252,1.078637,-0.805207,1.865457,1.019299,1.821943,-0.580988,-0.704294,2.203505,1,0,1.0000,1.0000,1,1,0,0,0.0000,0.0000,,,,,126917,124575,841,222,124691,123313,2226,1260,0,2,0.52407,0.10278,0
1786018542.4808,B_right_diagonal_up_left_down_right,B,right,0,,,35,151.1000,345.6000,130.5000,192.4000,148.2000,0.0000,360.0000,121.5000,42.8000,0.0000,142.0000,0.0000,53.2000,0.0000,-0.86800,-0.01100,0.34300,3.35000,-1.55000,-1.11000,0.33000,-0.02300,0.88300,0.92000,0.31000,-3.94000,10.8,1.7,1.0,1.0,0.902123,0.346308,1.097435,-0.252466,0.217195,1.327594,-0.089600,0.486000,0.869300,0.003200,0.133500,0.542300,0.828800,0.034500,0.833262,0.258457,1.185749,-0.252468,0.217196,1.327597,-2.018994,-1.421553,-1.527780,-0.946915,-3.036166,0.548275,1.078644,-0.805207,1.865457,1.019299,1.821943,-0.580988,-0.704294,2.203505,1,0,1.0000,1.0000,1,1,0,0,0.0000,0.0000,,,,,126917,124575,841,222,124691,123313,2226,1260,0,2,0.52407,0.10278,0
1786018542.4980,B_right_diagonal_up_left_down_right,B,right,0,,,36,151.1000,345.6000,130.5000,192.4000,148.3000,0.0000,360.0000,121.4000,42.8000,0.0000,142.0000,0.0000,53.2000,0.0000,-0.85000,-0.01400,0.35600,3.18000,-0.64000,-0.92000,0.34300,-0.00200,0.87200,1.31000,0.61000,-4.06000,10.8,1.7,1.0,1.0,0.701795,0.345324,1.178151,-0.961179,0.416098,1.666607,-0.089600,0.486000,0.869300,0.003200,0.133500,0.542300,0.828800,0.034500,0.855098,0.238012,1.189693,-0.252470,0.217199,1.327602,-2.019016,-1.421570,-1.527767,-0.946889,-3.036149,0.548299,1.078651,-0.805207,1.865457,1.019299,1.821943,-0.580988,-0.704294,2.203505,1,0,1.0000,1.0000,1,1,0,0,0.0000,0.0000,,,,,7378,8069,800,194,5455,6869,1923,1200,0,0,0.52407,0.10278,0
1786018542.5198,B_right_diagonal_up_left_down_right,B,right,0,,,37,151.1000,345.6000,130.5000,192.4000,148.3000,0.0000,360.0000,121.2000,42.9000,0.0000,142.1000,0.0000,53.1000,0.0000,-0.85400,-0.01400,0.38100,5.09000,5.30000,0.93000,0.36200,0.01300,0.89000,-2.50000,0.62000,2.21000,10.6,2.4,1.0,1.0,0.701515,0.345325,1.178067,-0.961179,0.416098,1.666607,-0.089600,0.486000,0.869300,0.003200,0.133500,0.542300,0.828800,0.034500,0.855098,0.238012,1.189693,-0.252470,0.217199,1.327602,-2.018682,-1.421234,-1.528026,-0.947222,3.246842,0.547966,1.078420,-0.805207,1.865457,1.019299,1.821943,-0.580988,-0.704294,2.203505,1,0,1.0000,1.0000,1,1,0,0,0.0000,0.0000,,,,,7378,8069,800,194,5455,6869,1923,1200,0,0,0.52407,0.10278,0
1786018542.5383,B_right_diagonal_up_left_down_right,B,right,0,,,38,151.1000,345.6000,130.5000,192.4000,148.3000,0.0000,360.0000,121.2000,42.9000,0.0000,142.1000,0.0000,53.1000,0.0000,-0.85400,-0.01400,0.38100,5.09000,5.30000,0.93000,0.36200,0.01300,0.89000,-2.50000,0.62000,2.21000,10.6,2.4,1.0,1.0,0.701515,0.345325,1.178067,-0.961179,0.416098,1.666607,-0.089600,0.486000,0.869300,0.003200,0.133500,0.542300,0.828800,0.034500,0.855098,0.238012,1.189693,-0.252470,0.217199,1.327602,-2.017968,-1.420521,-1.528577,-0.947935,3.246422,0.547253,1.077931,-0.805207,1.865457,1.019299,1.821943,-0.580988,-0.704294,2.203505,1,0,1.0000,1.0000,1,1,0,0,0.0000,0.0000,,,,,7378,8069,800,194,5455,6869,1923,1200,0,0,0.52407,0.10278,0
1786018542.5685,B_right_diagonal_up_left_down_right,B,right,0,,,39,151.1000,345.6000,130.5000,192.4000,148.3000,0.0000,360.0000,121.2000,42.9000,0.0000,142.1000,0.0000,53.1000,0.0000,-0.85400,-0.01400,0.38100,5.09000,5.30000,0.93000,0.36200,0.01300,0.89000,-2.50000,0.62000,2.21000,10.6,2.4,1.0,1.0,0.701515,0.345325,1.178067,-0.961179,0.416098,1.666607,-0.089600,0.486000,0.869300,0.003200,0.133500,0.542300,0.828800,0.034500,0.874541,0.217860,1.194720,-0.252470,0.217199,1.327602,-2.016953,-1.419506,-1.529363,-0.948950,3.245823,0.546237,1.077233,-0.805207,1.865457,1.019299,1.821943,-0.580988,-0.704294,2.203505,1,0,1.0000,1.0000,1,1,0,0,0.0000,0.0000,,,,,126917,124575,841,223,124691,123313,2226,1260,0,2,0.52407,0.10278,0
1786018542.5894,B_right_diagonal_up_left_down_right,B,right,0,,,40,151.1000,345.6000,130.5000,192.4000,148.3000,0.0000,360.0000,121.2000,42.9000,0.0000,142.1000,0.0000,53.1000,0.0000,-0.85400,-0.01400,0.38100,5.09000,5.30000,0.93000,0.36200,0.01300,0.89000,-2.50000,0.62000,2.21000,10.6,2.4,1.0,1.0,0.701515,0.345325,1.178067,-0.961179,0.416098,1.666607,-0.089600,0.486000,0.869300,0.003200,0.133500,0.542300,0.828800,0.034500,0.874541,0.217860,1.194720,-0.252470,0.217199,1.327602,-2.016264,-1.418816,-1.529896,-0.949639,3.245416,0.545548,1.076759,-0.805207,1.865457,1.019299,1.821943,-0.580988,-0.704294,2.203505,1,0,1.0000,1.0000,1,1,0,0,0.0000,0.0000,,,,,126917,124575,841,223,124691,123313,2226,1260,0,2,0.52407,0.10278,0
1786018542.5969,B_right_diagonal_up_left_down_right,B,right,0,,,41,151.1000,345.6000,130.5000,192.4000,148.3000,0.0000,360.0000,121.2000,42.9000,0.0000,142.1000,0.0000,53.1000,0.0000,-0.85400,-0.01400,0.38100,5.09000,5.30000,0.93000,0.36200,0.01300,0.89000,-2.50000,0.62000,2.21000,10.6,2.4,1.0,1.0,0.701515,0.345325,1.178067,-0.961179,0.416098,1.666607,-0.089600,0.486000,0.869300,0.003200,0.133500,0.542300,0.828800,0.034500,0.874541,0.217860,1.194720,-0.252470,0.217199,1.327602,-2.016264,-1.418816,-1.529896,-0.949639,3.245416,0.545548,1.076759,-0.805207,1.865457,1.019299,1.821943,-0.580988,-0.704294,2.203505,1,0,1.0000,1.0000,1,1,0,0,0.0000,0.0000,,,,,126917,124575,841,223,124691,123313,2226,1260,0,2,0.52407,0.10278,0
1786018542.6204,B_right_diagonal_up_left_down_right,B,right,0,,,42,1511.0000,345.7000,3051.0000,192.4000,148.7000,0.0000,360.0000,121.1000,42.9000,0.0000,142.4000,0.0000,53.0000,0.0000,-0.85100,-0.01900,0.41800,0.89000,2.32000,2.44000,0.33700,-0.03600,0.88400,-4.78000,-0.54000,8.04000,12.4,2.3,1.0,1.0,0.742264,0.025360,1.295714,-0.047208,0.254795,1.234554,-0.089600,0.486000,0.869300,0.003200,0.133500,0.542300,0.828800,0.034500,0.874541,0.217860,1.194720,-0.252470,0.217199,1.327602,-2.015555,-1.418107,-1.530446,-0.950348,3.244997,0.544839,1.076271,-0.805207,1.865457,1.019299,1.821943,-0.580988,-0.704294,2.203505,1,0,1.0000,1.0000,1,1,0,0,0.0000,0.0000,,,,,7378,124575,800,223,5455,123313,1923,1260,0,2,0.52407,0.10278,0
1786018542.6512,B_right_diagonal_up_left_down_right,B,right,0,,,43,151.1000,345.7000,130.5000,192.6000,149.0000,0.0000,360.0000,121.1000,42.9000,0.0000,142.4000,0.0000,53.1000,0.0000,-0.84900,-0.01900,0.37800,-0.11000,0.88000,3.54000,0.33600,-0.07200,0.87200,-0.58000,0.31000,7.56000,11.8,3.0,1.0,1.0,0.701227,0.345329,1.177956,-0.961179,0.416098,1.666607,-0.089600,0.486000,0.869300,0.003200,0.133500,0.542300,0.828800,0.034500,0.892131,0.197631,1.200900,-0.252470,0.217199,1.327602,-2.008883,-1.411435,-1.535571,-0.957021,3.241076,0.538167,1.071725,-0.805207,1.865457,1.019299,1.821943,-0.580988,-0.704294,2.203505,1,0,1.0000,1.0000,1,1,0,0,0.0000,0.0000,,,,,7378,124575,800,223,5455,123313,1923,1260,0,2,0.52407,0.10278,0
1786018542.6712,B_right_diagonal_up_left_down_right,B,right,0,,,44,151.1000,345.7000,130.5000,192.5000,148.6000,0.0000,360.0000,121.1000,42.9000,0.0000,142.4000,0.0000,53.2000,0.0000,-0.85900,-0.01800,0.37000,-0.90000,0.70000,3.98000,0.33300,-0.06200,0.86900,2.90000,1.18000,6.12000,11.6,2.4,1.0,1.0,0.900122,0.346438,1.096805,-0.252466,0.217195,1.327594,-0.089600,0.486000,0.869300,0.003200,0.133500,0.542300,0.828800,0.034500,0.892131,0.197631,1.200900,-0.252470,0.217199,1.327602,-1.996704,-1.399256,-1.544910,-0.969199,3.233929,0.525988,1.063445,-0.805207,1.865457,1.019299,1.821943,-0.580988,-0.704294,2.203505,1,0,1.0000,1.0000,1,1,0,0,0.0000,0.0000,,,,,126917,124575,842,223,124691,123313,2226,1260,0,2,0.52407,0.10278,0
1786018542.6848,B_right_diagonal_up_left_down_right,B,right,0,,,45,151.1000,345.7000,130.5000,192.5000,148.6000,0.0000,360.0000,121.1000,42.9000,0.0000,142.4000,0.0000,53.2000,0.0000,-0.85900,-0.01800,0.37000,-0.90000,0.70000,3.98000,0.33300,-0.06200,0.86900,2.90000,1.18000,6.12000,11.6,2.4,1.0,1.0,0.900122,0.346438,1.096805,-0.252466,0.217195,1.327594,-0.089600,0.486000,0.869300,0.003200,0.133500,0.542300,0.828800,0.034500,0.892131,0.197631,1.200900,-0.252470,0.217199,1.327602,-1.996704,-1.399256,-1.544910,-0.969199,3.233929,0.525988,1.063445,-0.805207,1.865457,1.019299,1.821943,-0.580988,-0.704294,2.203505,1,0,1.0000,1.0000,1,1,0,0,0.0000,0.0000,,,,,126917,124575,842,223,124691,123313,2226,1260,0,2,0.52407,0.10278,0
1786018542.6966,B_right_diagonal_up_left_down_right,B,right,0,,,46,151.1000,345.7000,130.5000,192.5000,148.6000,0.0000,360.0000,121.1000,42.9000,0.0000,142.4000,0.0000,53.2000,0.0000,-0.85900,-0.01800,0.37000,-0.90000,0.70000,3.98000,0.33200,-0.04400,0.86900,7.35000,2.80000,4.00000,11.1,2.7,1.0,1.0,0.900122,0.346438,1.096805,-0.047208,0.254795,1.234554,-0.089600,0.486000,0.869300,0.003200,0.133500,0.542300,0.828800,0.034500,0.892131,0.197631,1.200900,-0.252470,0.217199,1.327602,-1.978589,-1.381141,-1.558799,-0.987314,3.223299,0.507873,1.051129,-0.805207,1.865457,1.019299,1.821943,-0.580988,-0.704294,2.203505,1,0,1.0000,1.0000,1,1,0,0,0.0000,0.0000,,,,,126917,124575,842,223,124691,123313,2226,1260,0,2,0.52407,0.10278,0
1786018542.7206,B_right_diagonal_up_left_down_right,B,right,0,,,47,151.1000,345.9000,130.5000,192.3000,147.7000,0.0000,360.0000,121.1000,42.9000,0.0000,142.5000,0.0000,53.2000,0.0000,-0.87100,-0.01000,0.35400,0.67000,1.90000,3.39000,0.34000,-0.01400,0.88000,2.42000,3.14000,4.56000,10.9,2.4,1.0,1.0,0.902657,0.346356,1.097331,-0.252466,0.217195,1.327594,-0.089600,0.486000,0.869300,0.003200,0.133500,0.542300,0.828800,0.034500,0.907399,0.178042,1.207984,-0.252470,0.217199,1.327602,-1.967635,-1.370187,-1.567199,-0.998268,3.216871,0.496919,1.043682,-0.805207,1.865457,1.019299,1.821943,-0.580988,-0.704294,2.203505,1,0,1.0000,1.0000,1,1,0,0,0.0000,0.0000,,,,,126917,124575,842,223,124691,123313,2226,1260,0,2,0.52407,0.10278,0
1786018542.7424,B_right_diagonal_up_left_down_right,B,right,0,,,48,151.1000,345.9000,130.5000,192.2000,147.6000,0.0000,360.0000,121.1000,42.9000,0.0000,142.6000,0.0000,53.2000,0.0000,-0.88200,-0.00600,0.35300,1.06000,3.11000,2.08000,0.34200,-0.02500,0.87600,4.23000,2.83000,1.70000,11.9,2.6,1.0,1.0,0.742850,0.021688,1.296592,-0.047208,0.254795,1.234554,-0.089600,0.486000,0.869300,0.003200,0.133500,0.542300,0.828800,0.034500,0.907399,0.178042,1.207984,-0.252470,0.217199,1.327602,-1.949825,-1.352377,-1.579649,-1.016078,3.206417,0.479109,1.033414,-0.805207,1.865457,1.019299,1.821943,-0.580988,-0.704294,2.203505,1,0,1.0000,1.0000,1,1,0,0,0.0000,0.0000,,,,,7378,8069,801,195,5455,6869,1923,1200,0,0,0.52407,0.10278,0
1786018542.7754,B_right_diagonal_up_left_down_right,B,right,0,,,49,151.1000,346.0000,130.5000,192.3000,147.8000,0.0000,360.0000,121.1000,42.9000,0.0000,142.8000,0.0000,53.3000,0.0000,-0.87100,-0.01000,0.34900,3.83000,5.71000,-0.25000,0.33700,0.02000,0.90000,0.32000,2.07000,0.66000,11.9,2.6,1.0,1.0,0.704033,0.345216,1.178618,-0.047208,0.254795,1.234554,-0.089600,0.486000,0.869300,0.003200,0.133500,0.542300,0.828800,0.034500,0.907399,0.178042,1.207984,-0.252470,0.217199,1.327602,-1.934714,-1.337508,-1.589336,-1.031189,3.197571,0.464389,1.026013,-0.805207,1.865457,1.019299,1.821943,-0.580988,-0.704294,2.203505,1,0,1.0000,1.0000,1,1,0,0,0.0000,0.0000,,,,,126917,124575,842,223,124691,123313,2226,1260,0,2,0.52407,0.10278,0
1786018542.7759,B_right_diagonal_up_left_down_right,B,right,0,,,50,151.1000,346.0000,130.5000,192.3000,147.8000,0.0000,360.0000,121.1000,42.9000,0.0000,142.8000,0.0000,53.3000,0.0000,-0.87100,-0.01000,0.34900,3.83000,5.71000,-0.25000,0.33700,0.02000,0.90000,0.32000,2.07000,0.66000,11.9,2.6,1.0,1.0,0.704033,0.345216,1.178618,-0.047208,0.254795,1.234554,-0.089600,0.486000,0.869300,0.003200,0.133500,0.542300,0.828800,0.034500,0.907399,0.178042,1.207984,-0.252470,0.217199,1.327602,-1.934714,-1.337508,-1.589336,-1.031189,3.197571,0.464389,1.026013,-0.805207,1.865457,1.019299,1.821943,-0.580988,-0.704294,2.203505,1,0,1.0000,1.0000,1,1,0,0,0.0000,0.0000,,,,,126917,124575,842,223,124691,123313,2226,1260,0,2,0.52407,0.10278,0
1786018542.8034,B_right_diagonal_up_left_down_right,B,right,0,,,51,151.1000,346.0000,130.5000,192.3000,147.8000,0.0000,360.0000,121.1000,42.9000,0.0000,142.8000,0.0000,53.3000,0.0000,-0.87100,-0.01000,0.34900,3.83000,5.71000,-0.25000,0.33700,0.02000,0.90000,0.32000,2.07000,0.66000,11.9,2.6,1.0,1.0,0.704033,0.345216,1.178618,-0.047208,0.254795,1.234554,-0.089600,0.486000,0.869300,0.003200,0.133500,0.542300,0.828800,0.034500,0.920880,0.158566,1.216137,-0.252470,0.217199,1.327602,-1.927001,-1.330112,-1.594063,-1.038903,3.193447,0.457187,1.022243,-0.805207,1.865457,1.019299,1.821943,-0.580988,-0.704294,2.203505,1,0,1.0000,1.0000,1,1,0,0,0.0000,0.0000,,,,,7378,8069,801,195,5455,6869,1923,1200,0,0,0.52407,0.10278,0
1786018542.8215,B_right_diagonal_up_left_down_right,B,right,0,,,52,151.1000,346.0000,130.5000,192.3000,147.8000,0.0000,360.0000,121.1000,42.9000,0.0000,142.8000,0.0000,53.3000,0.0000,-0.87100,-0.01000,0.34900,3.83000,5.71000,-0.25000,0.33700,0.02000,0.90000,0.32000,2.07000,0.66000,11.9,2.6,1.0,1.0,0.704033,0.345216,1.178618,-0.047208,0.254795,1.234554,-0.089600,0.486000,0.869300,0.003200,0.133500,0.542300,0.828800,0.034500,0.920880,0.158566,1.216137,-0.252470,0.217199,1.327602,-1.927001,-1.330112,-1.594063,-1.038903,3.193447,0.457187,1.022243,-0.805207,1.865457,1.019299,1.821943,-0.580988,-0.704294,2.203505,1,0,1.0000,1.0000,1,1,0,0,0.0000,0.0000,,,,,7378,8069,801,195,5455,6869,1923,1200,0,0,0.52407,0.10278,0
1786018542.8370,B_right_diagonal_up_left_down_right,B,right,0,,,53,151.1000,345.7000,130.5000,192.4000,148.1000,0.0000,360.0000,121.1000,43.1000,0.0000,143.1000,0.0000,53.3000,0.0000,-0.86000,-0.00900,0.36000,4.41000,7.35000,-0.56000,0.29400,-0.00100,0.90000,-6.40000,1.19000,-1.85000,10.8,2.3,1.0,1.0,0.903706,0.346326,1.097510,-0.252466,0.217195,1.327594,-0.089600,0.486000,0.869300,0.003200,0.133500,0.542300,0.828800,0.034500,0.932217,0.139830,1.225079,-0.252470,0.217199,1.327602,-1.909233,-1.313397,-1.604746,-1.056670,3.184126,0.440912,1.013723,-0.805207,1.865457,1.019299,1.821943,-0.580988,-0.704294,2.203505,1,0,1.0000,1.0000,1,1,0,0,0.0000,0.0000,,,,,126917,8069,842,195,124691,6869,2226,1200,0,0,0.52407,0.10278,0
1786018542.8610,B_right_diagonal_up_left_down_right,B,right,0,,,54,151.1000,345.7000,130.5000,192.4000,148.1000,0.0000,360.0000,121.1000,43.1000,0.0000,143.1000,0.0000,53.3000,0.0000,-0.86000,-0.00900,0.36000,4.41000,7.35000,-0.56000,0.29400,-0.00100,0.90000,-6.40000,1.19000,-1.85000,10.8,2.3,1.0,1.0,0.903706,0.346326,1.097510,-0.252466,0.217195,1.327594,-0.089600,0.486000,0.869300,0.003200,0.133500,0.542300,0.828800,0.034500,0.932217,0.139830,1.225079,-0.252470,0.217199,1.327602,-1.909233,-1.313397,-1.604746,-1.056670,3.184126,0.440912,1.013723,-0.805207,1.865457,1.019299,1.821943,-0.580988,-0.704294,2.203505,1,0,1.0000,1.0000,1,1,0,0,0.0000,0.0000,,,,,126917,8069,842,195,124691,6869,2226,1200,0,0,0.52407,0.10278,0
1786018542.8766,B_right_diagonal_up_left_down_right,B,right,0,,,55,151.1000,345.7000,130.5000,192.4000,148.1000,0.0000,360.0000,121.1000,43.1000,0.0000,143.1000,0.0000,53.3000,0.0000,-0.86000,-0.00900,0.36000,4.41000,7.35000,-0.56000,0.29400,-0.00100,0.90000,-6.40000,1.19000,-1.85000,10.8,2.3,1.0,1.0,0.903706,0.346326,1.097510,-0.252466,0.217195,1.327594,-0.089600,0.486000,0.869300,0.003200,0.133500,0.542300,0.828800,0.034500,0.932217,0.139830,1.225079,-0.252470,0.217199,1.327602,-1.909233,-1.313397,-1.604746,-1.056670,3.184126,0.440912,1.013723,-0.805207,1.865457,1.019299,1.821943,-0.580988,-0.704294,2.203505,1,0,1.0000,1.0000,1,1,0,0,0.0000,0.0000,,,,,126917,8069,842,195,124691,6869,2226,1200,0,0,0.52407,0.10278,0
1786018542.9021,B_right_diagonal_up_left_down_right,B,right,0,,,56,151.1000,345.7000,130.5000,192.4000,148.1000,0.0000,360.0000,121.1000,43.1000,0.0000,143.1000,0.0000,53.4000,0.0000,-0.86000,-0.00900,0.36000,4.41000,7.35000,-0.56000,0.31200,-0.01400,0.90800,-3.02000,-0.69000,-1.82000,11.1,2.0,1.0,1.0,0.903706,0.346326,1.097510,-0.047208,0.254795,1.234554,-0.089600,0.486000,0.869300,0.003200,0.133500,0.542300,0.828800,0.034500,0.932217,0.139830,1.225079,-0.252470,0.217199,1.327602,-1.865558,-1.275652,-1.628890,-1.100345,3.163093,0.404029,0.994464,-0.805207,1.865457,1.019299,1.821943,-0.580988,-0.704294,2.203505,1,0,1.0000,1.0000,1,1,0,0,0.0000,0.0000,,,,,7378,8069,801,195,5455,6869,1923,1200,0,0,0.52407,0.10278,0
1786018542.9186,B_right_diagonal_up_left_down_right,B,right,0,,,57,151.1000,345.7000,130.5000,192.4000,149.0000,0.0000,360.0000,121.1000,43.1000,0.0000,143.1000,0.0000,53.4000,0.0000,-0.86100,-0.01700,0.38300,2.26000,-1.53000,3.22000,0.31200,-0.01400,0.90800,-3.02000,-0.69000,-1.82000,10.8,2.1,1.0,1.0,0.703074,0.345249,1.178390,-0.047208,0.254795,1.234554,-0.089600,0.486000,0.869300,0.003200,0.133500,0.542300,0.828800,0.034500,0.941926,0.120971,1.235248,-0.252470,0.217199,1.327602,-1.856082,-1.267715,-1.633968,-1.109821,3.158671,0.396269,0.990415,-0.805207,1.865457,1.019299,1.821943,-0.580988,-0.704294,2.203505,1,0,1.0000,1.0000,1,1,0,0,0.0000,0.0000,,,,,126917,124575,843,224,124691,123313,2226,1260,0,2,0.52407,0.10278,0
1786018542.9393,B_right_diagonal_up_left_down_right,B,right,0,,,58,151.1000,345.7000,130.5000,192.4000,149.0000,0.0000,360.0000,121.1000,43.1000,0.0000,143.1000,0.0000,53.4000,0.0000,-0.86100,-0.01700,0.38300,2.26000,-1.53000,3.22000,0.31200,-0.01400,0.90800,-3.02000,-0.69000,-1.82000,10.8,2.1,1.0,1.0,0.703074,0.345249,1.178390,-0.047208,0.254795,1.234554,-0.089600,0.486000,0.869300,0.003200,0.133500,0.542300,0.828800,0.034500,0.941926,0.120971,1.235248,-0.252470,0.217199,1.327602,-1.856082,-1.267715,-1.633968,-1.109821,3.158671,0.396269,0.990415,-0.805207,1.865457,1.019299,1.821943,-0.580988,-0.704294,2.203505,1,0,1.0000,1.0000,1,1,0,0,0.0000,0.0000,,,,,126917,124575,843,224,124691,123313,2226,1260,0,2,0.52407,0.10278,0
1786018542.9612,B_right_diagonal_up_left_down_right,B,right,0,,,59,151.1000,345.7000,130.5000,192.4000,148.8000,0.0000,360.0000,121.1000,43.1000,0.0000,143.1000,0.0000,53.3000,0.0000,-0.86600,-0.01400,0.37800,-1.21000,-0.16000,3.37000,0.34300,-0.00000,0.89500,-4.00000,-1.32000,2.19000,12.4,2.1,1.0,1.0,0.702797,0.345257,1.178316,-0.961179,0.416098,1.666607,-0.089600,0.486000,0.869300,0.003200,0.133500,0.542300,0.828800,0.034500,0.941926,0.120971,1.235248,-0.252470,0.217199,1.327602,-1.814564,-1.232943,-1.656214,-1.151339,3.139298,0.362271,0.972670,-0.805552,1.866079,1.020016,1.821948,-0.580478,-0.703801,2.202210,1,0,1.0000,1.0000,1,1,0,0,0.0000,0.0000,,,,,126917,124576,843,224,124691,123314,2226,1260,0,2,0.52407,0.10278,0
1786018543.0196,B_right_diagonal_up_left_down_right,B,right,0,,,60,151.1000,345.7000,130.5000,192.4000,148.8000,0.0000,360.0000,121.1000,43.1000,0.0000,143.1000,0.0000,53.3000,0.0000,-0.86100,-0.01800,0.37700,-0.56000,-0.40000,3.49000,0.32700,-0.00800,0.89900,-2.68000,-0.99000,2.10000,11.8,2.5,1.0,1.0,0.903200,0.346353,1.097352,-0.252466,0.217195,1.327594,-0.089600,0.486000,0.869300,0.003200,0.133500,0.542300,0.828800,0.034500,0.942959,0.118650,1.236550,-0.252470,0.217199,1.327602,-1.808099,-1.227528,-1.659677,-1.157804,3.136281,0.356977,0.969907,-0.805552,1.866079,1.020016,1.821948,-0.580478,-0.703801,2.202210,1,0,1.0000,1.0000,1,1,0,0,0.0000,0.0000,,,,,126917,124576,843,224,124691,123314,2226,1260,0,2,0.52407,0.10278,0
1786018543.0227,B_right_diagonal_up_left_down_right,B,right,0,,,61,151.1000,345.7000,130.5000,192.4000,148.8000,0.0000,360.0000,121.1000,43.1000,0.0000,143.1000,0.0000,53.3000,0.0000,-0.86100,-0.01800,0.37700,-0.56000,-0.40000,3.49000,0.32700,-0.00800,0.89900,-2.68000,-0.99000,2.10000,11.8,2.5,1.0,1.0,0.903200,0.346353,1.097352,-0.252466,0.217195,1.327594,-0.089600,0.486000,0.869300,0.003200,0.133500,0.542300,0.828800,0.034500,0.942959,0.118650,1.236550,-0.252470,0.217199,1.327602,-1.808099,-1.227528,-1.659677,-1.157804,3.136281,0.356977,0.969907,-0.805552,1.866079,1.020016,1.821948,-0.580478,-0.703801,2.202210,1,0,1.0000,1.0000,1,1,0,0,0.0000,0.0000,,,,,126917,124576,843,224,124691,123314,2226,1260,0,2,0.52407,0.10278,0
1786018543.0235,B_right_diagonal_up_left_down_right,B,right,0,,,62,151.1000,345.7000,130.5000,192.4000,148.8000,0.0000,360.0000,121.1000,43.1000,0.0000,143.1000,0.0000,53.3000,0.0000,-0.86100,-0.01800,0.37700,-0.56000,-0.40000,3.49000,0.32700,-0.00800,0.89900,-2.68000,-0.99000,2.10000,11.8,2.5,1.0,1.0,0.903200,0.346353,1.097352,-0.252466,0.217195,1.327594,-0.089600,0.486000,0.869300,0.003200,0.133500,0.542300,0.828800,0.034500,0.942959,0.118650,1.236550,-0.252470,0.217199,1.327602,-1.808099,-1.227528,-1.659677,-1.157804,3.136281,0.356977,0.969907,-0.805552,1.866079,1.020016,1.821948,-0.580478,-0.703801,2.202210,1,0,1.0000,1.0000,1,1,0,0,0.0000,0.0000,,,,,126917,124576,843,224,124691,123314,2226,1260,0,2,0.52407,0.10278,0
1786018543.0471,B_right_diagonal_up_left_down_right,B,right,0,,,63,151.1000,345.7000,130.5000,192.4000,148.8000,0.0000,360.0000,121.1000,43.1000,0.0000,143.1000,0.0000,53.3000,0.0000,-0.86800,-0.01700,0.37800,-0.89000,-0.61000,3.08000,0.35000,-0.04700,0.88800,-3.41000,-0.92000,1.32000,12.1,3.1,1.0,1.0,0.747764,0.026660,1.296615,-0.961179,0.416098,1.666607,-0.089600,0.486000,0.869300,0.003200,0.133500,0.542300,0.828800,0.034500,0.942959,0.118650,1.236550,-0.252470,0.217199,1.327602,-1.763456,-1.190138,-1.683598,-1.202447,3.115449,0.320419,0.950827,-0.805552,1.866079,1.020016,1.821948,-0.580478,-0.703801,2.202210,1,0,1.0000,1.0000,1,1,0,0,0.0000,0.0000,,,,,7378,124576,802,224,5455,123314,1923,1260,0,2,0.52407,0.10278,0
1786018543.0633,B_right_diagonal_up_left_down_right,B,right,0,,,64,151.1000,345.7000,130.5000,192.4000,148.8000,0.0000,360.0000,121.1000,43.1000,0.0000,143.1000,0.0000,53.3000,0.0000,-0.86800,-0.01700,0.37800,-0.89000,-0.61000,3.08000,0.35000,-0.04700,0.88800,-3.41000,-0.92000,1.32000,12.1,3.1,1.0,1.0,0.747764,0.026660,1.296615,-0.961179,0.416098,1.666607,-0.089600,0.486000,0.869300,0.003200,0.133500,0.542300,0.828800,0.034500,0.942959,0.118650,1.236550,-0.252470,0.217199,1.327602,-1.763456,-1.190138,-1.683598,-1.202447,3.115449,0.320419,0.950827,-0.805552,1.866079,1.020016,1.821948,-0.580478,-0.703801,2.202210,1,0,1.0000,1.0000,1,1,0,0,0.0000,0.0000,,,,,7378,124576,802,224,5455,123314,1923,1260,0,2,0.52407,0.10278,0
1786018543.0819,B_right_diagonal_up_left_down_right,B,right,0,,,65,151.1000,345.7000,130.5000,192.4000,147.8000,0.0000,360.0000,121.1000,43.3000,0.0000,143.1000,0.0000,53.3000,0.0000,-0.86500,-0.01400,0.36400,3.33000,-1.27000,-1.07000,0.32200,-0.00800,0.89900,-5.36000,-1.15000,0.66000,8.9,3.2,1.0,1.0,0.704239,0.345199,1.178626,-0.961179,0.416098,1.666607,-0.089600,0.486000,0.869300,0.003200,0.133500,0.542300,0.828800,0.034500,0.938352,0.125427,1.231345,-0.252471,0.217200,1.327602,-1.758051,-1.185611,-1.686494,-1.207852,3.112926,0.315992,0.948517,-0.805552,1.866079,1.020016,1.821948,-0.580478,-0.703801,2.202210,1,0,1.0000,1.0000,1,1,0,0,0.0000,0.0000,,,,,7379,124576,802,224,5455,123314,1924,1260,0,2,0.65064,0.10278,0
1786018543.1079,B_right_diagonal_up_left_down_right,B,right,0,,,66,151.1000,345.7000,130.5000,192.4000,147.8000,0.0000,360.0000,121.1000,43.3000,0.0000,143.1000,0.0000,53.3000,0.0000,-0.85600,0.00100,0.34600,2.85000,1.65000,-0.35000,0.32900,-0.01200,0.87800,1.63000,2.40000,0.44000,10.0,1.8,1.0,1.0,0.905279,0.346278,1.097817,-0.252466,0.217195,1.327594,-0.089600,0.486000,0.869300,0.003200,0.133500,0.542300,0.828800,0.034500,0.938352,0.125427,1.231345,-0.252471,0.217200,1.327602,-1.728953,-1.161241,-1.702085,-1.236950,3.099348,0.292164,0.936081,-0.805552,1.866079,1.020016,1.821948,-0.580478,-0.703801,2.202210,1,0,1.0000,1.0000,1,1,0,0,0.0000,0.0000,,,,,7379,124576,802,224,5455,123314,1924,1260,0,2,0.65064,0.10278,0
1786018543.1426,B_right_diagonal_up_left_down_right,B,right,0,,,67,150.9000,345.7000,130.5000,192.3000,148.6000,0.0000,360.0000,121.1000,43.3000,0.0000,143.1000,0.0000,53.3000,0.0000,-0.85700,-0.02400,0.35400,3.03000,3.57000,24.00000,0.32900,-0.01200,0.87800,1.63000,2.40000,0.44000,10.5,1.9,1.0,1.0,0.752400,0.030030,1.296921,-0.961179,0.416098,1.666607,-0.089600,0.486000,0.869300,0.003200,0.133500,0.542300,0.828800,0.034500,0.938352,0.125427,1.231345,-0.252471,0.217200,1.327602,-1.722754,-1.156049,-1.705406,-1.243149,3.096456,0.287088,0.933432,-0.805552,1.866079,1.020016,1.821948,-0.580478,-0.703801,2.202210,1,0,1.0000,1.0000,1,1,0,0,0.0000,0.0000,,,,,126917,8070,844,196,124691,6870,2226,1200,0,0,0.52407,0.10278,0
1786018543.1436,B_right_diagonal_up_left_down_right,B,right,0,,,68,150.9000,345.7000,130.5000,192.3000,148.6000,0.0000,360.0000,121.1000,43.3000,0.0000,143.1000,0.0000,53.3000,0.0000,-0.85700,-0.02400,0.35400,3.03000,3.57000,24.00000,0.32900,-0.01200,0.87800,1.63000,2.40000,0.44000,10.5,1.9,1.0,1.0,0.752400,0.030030,1.296921,-0.961179,0.416098,1.666607,-0.089600,0.486000,0.869300,0.003200,0.133500,0.542300,0.828800,0.034500,0.938352,0.125427,1.231345,-0.252471,0.217200,1.327602,-1.722754,-1.156049,-1.705406,-1.243149,3.096456,0.287088,0.933432,-0.805552,1.866079,1.020016,1.821948,-0.580478,-0.703801,2.202210,1,0,1.0000,1.0000,1,1,0,0,0.0000,0.0000,,,,,126917,8070,844,196,124691,6870,2226,1200,0,0,0.52407,0.10278,0
1786018543.1760,B_right_diagonal_up_left_down_right,B,right,0,,,69,151.0000,345.7000,130.5000,192.2000,149.0000,0.0000,360.0000,121.1000,43.3000,0.0000,143.1000,0.0000,53.3000,0.0000,-0.85100,-0.01800,0.37200,6.00000,2.76000,3.11000,0.34200,-0.04200,0.86900,0.15000,2.11000,1.59000,10.6,2.7,1.0,1.0,0.703644,0.345191,1.178518,-0.961179,0.416098,1.666607,-0.089600,0.486000,0.869300,0.003200,0.133500,0.542300,0.828800,0.034500,0.921425,0.147852,1.215371,-0.252471,0.217200,1.327602,-1.705641,-1.141717,-1.714576,-1.260262,3.088470,0.273074,0.926118,-0.805552,1.866079,1.020016,1.821948,-0.580478,-0.703801,2.202210,1,0,1.0000,1.0000,1,1,0,0,0.0000,0.0000,,,,,7380,124576,802,224,5455,123314,1925,1260,0,2,0.65235,0.10278,0
1786018543.2002,B_right_diagonal_up_left_down_right,B,right,0,,,70,151.1000,345.7000,130.1000,192.6000,149.5000,0.0000,360.0000,121.1000,43.3000,0.0000,143.5000,0.0000,53.4000,0.0000,-0.86000,-0.01100,0.38600,1.85000,4.88000,4.67000,0.35500,-0.02800,0.87400,6.27000,5.45000,-3.42000,11.0,2.0,1.0,1.0,0.753826,0.032522,1.296680,-0.961179,0.416098,1.666607,-0.089600,0.486000,0.869300,0.003200,0.133500,0.542300,0.828800,0.034500,0.918488,0.150652,1.213173,-0.252471,0.217200,1.327602,-1.676144,-1.117012,-1.730381,-1.289759,3.074705,0.248919,0.913511,-0.805552,1.866079,1.020016,1.821948,-0.580478,-0.703801,2.202210,1,0,1.0000,1.0000,1,1,0,0,0.0000,0.0000,,,,,126918,124576,844,224,124691,123314,2227,1260,0,2,0.64757,0.10278,0
1786018543.2010,B_right_diagonal_up_left_down_right,B,right,0,,,71,151.1000,345.7000,130.1000,192.6000,149.5000,0.0000,360.0000,121.1000,43.3000,0.0000,143.5000,0.0000,53.4000,0.0000,-0.86000,-0.01100,0.38600,1.85000,4.88000,4.67000,0.35500,-0.02800,0.87400,6.27000,5.45000,-3.42000,11.0,2.0,1.0,1.0,0.753826,0.032522,1.296680,-0.961179,0.416098,1.666607,-0.089600,0.486000,0.869300,0.003200,0.133500,0.542300,0.828800,0.034500,0.918488,0.150652,1.213173,-0.252471,0.217200,1.327602,-1.676144,-1.117012,-1.730381,-1.289759,3.074705,0.248919,0.913511,-0.805552,1.866079,1.020016,1.821948,-0.580478,-0.703801,2.202210,1,0,1.0000,1.0000,1,1,0,0,0.0000,0.0000,,,,,126918,124576,844,224,124691,123314,2227,1260,0,2,0.64757,0.10278,0
1786018543.2186,B_right_diagonal_up_left_down_right,B,right,0,,,72,151.1000,345.7000,130.4000,192.5000,149.9000,0.0000,360.0000,121.1000,43.3000,0.0000,143.6000,0.0000,53.4000,0.0000,-0.86300,-0.03500,0.38800,3.50000,2.40000,2.21000,0.35600,-0.01900,0.87500,6.05000,6.24000,-3.81000,11.0,1.1,1.0,1.0,0.701835,0.345275,1.178070,-0.047208,0.254795,1.234554,-0.089600,0.486000,0.869300,0.003200,0.133500,0.542300,0.828800,0.034500,0.918488,0.150652,1.213173,-0.252471,0.217200,1.327602,-1.669229,-1.111220,-1.734086,-1.296675,3.071478,0.243256,0.910555,-0.805552,1.866079,1.020016,1.821948,-0.580478,-0.703801,2.202210,1,0,1.0000,1.0000,1,1,0,0,0.0000,0.0000,,,,,7380,8070,802,196,5455,6870,1925,1200,0,0,0.65235,0.10278,0
1786018543.2388,B_right_diagonal_up_left_down_right,B,right,0,,,73,151.1000,345.7000,130.6000,192.5000,149.2000,0.0000,360.0000,121.1000,43.3000,0.0000,144.1000,0.0000,53.6000,0.0000,-0.86100,-0.01600,0.37400,3.94000,2.21000,0.90000,0.32400,-0.00900,0.88400,10.66000,6.73000,-4.33000,11.4,0.9,1.0,1.0,0.755542,0.034240,1.296683,-0.047208,0.254795,1.234554,-0.089600,0.486000,0.869300,0.003200,0.133500,0.542300,0.828800,0.034500,0.918488,0.150652,1.213173,-0.252471,0.217200,1.327602,-1.658444,-1.102187,-1.739865,-1.307460,3.066446,0.234425,0.905946,-0.805552,1.866079,1.020016,1.821948,-0.580478,-0.703801,2.202210,1,0,1.0000,1.0000,1,1,0,0,0.0000,0.0000,,,,,7381,124576,802,225,5455,123314,1926,1260,0,2,0.63179,0.10278,0
1786018543.2778,B_right_diagonal_up_left_down_right,B,right,0,,,74,151.1000,345.7000,130.6000,192.5000,148.7000,0.0000,360.0000,121.1000,43.3000,0.0000,144.7000,0.0000,54.0000,0.0000,-0.85000,-0.00200,0.36500,0.68000,4.51000,4.05000,0.30900,0.07300,0.91800,4.41000,4.23000,4.21000,11.0,1.5,1.0,1.0,0.757478,0.035414,1.296851,-0.047208,0.254795,1.234554,-0.089600,0.486000,0.869300,0.003200,0.133500,0.542300,0.828800,0.034500,0.918488,0.150652,1.213173,-0.252471,0.217200,1.327602,-1.642121,-1.088516,-1.748611,-1.323783,3.058829,0.221058,0.898970,-0.805552,1.866079,1.020016,1.821948,-0.580478,-0.703801,2.202210,1,0,1.0000,1.0000,1,1,0,0,0.0000,0.0000,,,,,126918,124576,844,225,124691,123314,2227,1260,0,2,0.64757,0.10278,0
1786018543.2783,B_right_diagonal_up_left_down_right,B,right,0,,,75,151.1000,345.7000,130.6000,192.5000,148.7000,0.0000,360.0000,121.1000,43.3000,0.0000,144.7000,0.0000,54.0000,0.0000,-0.85000,-0.00200,0.36500,0.68000,4.51000,4.05000,0.30900,0.07300,0.91800,4.41000,4.23000,4.21000,11.0,1.5,1.0,1.0,0.757478,0.035414,1.296851,-0.047208,0.254795,1.234554,-0.089600,0.486000,0.869300,0.003200,0.133500,0.542300,0.828800,0.034500,0.918488,0.150652,1.213173,-0.252471,0.217200,1.327602,-1.642121,-1.088516,-1.748611,-1.323783,3.058829,0.221058,0.898970,-0.805552,1.866079,1.020016,1.821948,-0.580478,-0.703801,2.202210,1,0,1.0000,1.0000,1,1,0,0,0.0000,0.0000,,,,,126918,124576,844,225,124691,123314,2227,1260,0,2,0.64757,0.10278,0
1786018543.2978,B_right_diagonal_up_left_down_right,B,right,0,,,76,151.2000,345.7000,130.6000,192.5000,148.5000,0.0000,360.0000,121.1000,43.3000,0.0000,145.3000,0.0000,54.2000,0.0000,-0.86000,-0.00800,0.37100,0.98000,4.27000,3.92000,0.30500,0.06800,0.92200,0.51000,4.11000,6.00000,11.5,1.1,1.0,1.0,0.902876,0.346411,1.097170,-0.252466,0.217195,1.327594,-0.089600,0.486000,0.869300,0.003200,0.133500,0.542300,0.828800,0.034500,0.917632,0.151356,1.212609,-0.252471,0.217200,1.327602,-1.636208,-1.083564,-1.751779,-1.329696,3.056070,0.216216,0.896443,-0.805552,1.866079,1.020016,1.821948,-0.580478,-0.703801,2.202210,1,0,1.0000,1.0000,1,1,0,0,0.0000,0.0000,,,,,126919,124576,844,225,124691,123314,2228,1260,0,2,0.63179,0.10278,0
1786018543.3373,B_right_diagonal_up_left_down_right,B,right,0,,,77,151.2000,345.7000,130.6000,192.5000,148.4000,0.0000,360.0000,121.1000,43.3000,0.0000,145.9000,0.0000,54.9000,0.0000,-0.88800,0.00500,0.37500,0.62000,4.02000,4.03000,0.30200,0.02200,0.91900,-2.18000,1.74000,9.91000,11.6,0.8,1.0,1.0,0.703599,0.345243,1.178459,-0.961179,0.416098,1.666607,-0.089600,0.486000,0.869300,0.003200,0.133500,0.542300,0.828800,0.034500,0.917632,0.151356,1.212609,-0.252471,0.217200,1.327602,-1.618798,-1.068983,-1.761107,-1.347105,3.047946,0.201959,0.889002,-0.805552,1.866079,1.020016,1.821948,-0.580478,-0.703801,2.202210,1,0,1.0000,1.0000,1,1,0,0,0.0000,0.0000,,,,,126919,124576,844,225,124691,123314,2228,1260,0,2,0.63179,0.10278,0
1786018543.3380,B_right_diagonal_up_left_down_right,B,right,0,,,78,151.2000,345.7000,130.6000,192.5000,148.4000,0.0000,360.0000,121.1000,43.3000,0.0000,145.9000,0.0000,54.9000,0.0000,-0.88800,0.00500,0.37500,0.62000,4.02000,4.03000,0.30200,0.02200,0.91900,-2.18000,1.74000,9.91000,11.6,0.8,1.0,1.0,0.703599,0.345243,1.178459,-0.961179,0.416098,1.666607,-0.089600,0.486000,0.869300,0.003200,0.133500,0.542300,0.828800,0.034500,0.917632,0.151356,1.212609,-0.252471,0.217200,1.327602,-1.618798,-1.068983,-1.761107,-1.347105,3.047946,0.201959,0.889002,-0.805552,1.866079,1.020016,1.821948,-0.580478,-0.703801,2.202210,1,0,1.0000,1.0000,1,1,0,0,0.0000,0.0000,,,,,126919,124576,844,225,124691,123314,2228,1260,0,2,0.63179,0.10278,0
1786018543.3706,B_right_diagonal_up_left_down_right,B,right,0,,,79,151.2000,345.7000,130.6000,192.5000,148.6000,0.0000,360.0000,121.1000,43.3000,0.0000,146.2000,0.0000,55.4000,0.0000,-0.88600,-0.00900,0.36700,1.00000,2.63000,1.40000,0.30300,0.02300,0.93500,-1.49000,0.05000,9.28000,11.7,1.6,1.0,1.0,0.704891,0.345220,1.178744,-0.961179,0.416098,1.666607,-0.089600,0.486000,0.869300,0.003200,0.133500,0.542300,0.828800,0.034500,0.916739,0.152516,1.211952,-0.252471,0.217200,1.327602,-1.607183,-1.059255,-1.767331,-1.358720,3.042526,0.192448,0.884038,-0.805552,1.866079,1.020016,1.821948,-0.580478,-0.703801,2.202210,1,0,1.0000,1.0000,1,1,0,0,0.0000,0.0000,,,,,126919,8070,844,196,124691,6870,2228,1200,0,0,0.63179,0.10278,0
1786018543.3792,B_right_diagonal_up_left_down_right,B,right,0,,,80,151.2000,345.7000,130.6000,192.5000,148.6000,0.0000,360.0000,121.1000,43.3000,0.0000,146.2000,0.0000,55.4000,0.0000,-0.88600,-0.00900,0.36700,1.00000,2.63000,1.40000,0.30300,0.02300,0.93500,-1.49000,0.05000,9.28000,11.7,1.6,1.0,1.0,0.704891,0.345220,1.178744,-0.047208,0.254795,1.234554,-0.089600,0.486000,0.869300,0.003200,0.133500,0.542300,0.828800,0.034500,0.916739,0.152516,1.211952,-0.252471,0.217200,1.327602,-1.607183,-1.059255,-1.767331,-1.358720,3.042526,0.192448,0.884038,-0.805552,1.866079,1.020016,1.821948,-0.580478,-0.703801,2.202210,1,0,1.0000,1.0000,1,1,0,0,0.0000,0.0000,,,,,126919,8070,844,196,124691,6870,2228,1200,0,0,0.63179,0.10278,0
1786018543.4183,B_right_diagonal_up_left_down_right,B,right,0,,,81,151.2000,345.7000,130.6000,192.5000,148.0000,0.0000,360.0000,121.3000,43.3000,0.0000,146.7000,0.0000,56.0000,0.0000,-0.88900,-0.01000,0.35900,1.45000,2.05000,-0.66000,0.30300,-0.05000,0.91000,-7.21000,-3.31000,4.08000,12.3,2.4,1.0,1.0,0.761725,0.036793,1.297517,-0.961179,0.416098,1.666607,-0.089600,0.486000,0.869300,0.003200,0.133500,0.542300,0.828800,0.034500,0.916739,0.152516,1.211952,-0.252471,0.217200,1.327602,-1.572676,-1.030354,-1.785820,-1.393228,3.026423,0.164190,0.869290,-0.805623,1.866203,1.020154,1.821950,-0.580384,-0.703705,2.201959,1,0,1.0000,1.0000,1,1,0,0,0.0000,0.0000,,,,,126919,124576,844,225,124691,123314,2228,1260,0,2,0.63179,0.10278,0
1786018543.4284,B_right_diagonal_up_left_down_right,B,right,0,,,82,151.2000,345.7000,130.5000,192.6000,148.1000,0.0000,360.0000,121.3000,43.3000,0.0000,146.3000,0.0000,56.1000,0.0000,-0.87400,-0.01800,0.34800,0.66000,2.67000,-2.69000,0.29700,-0.05000,0.90600,-7.34000,-3.11000,2.57000,12.1,1.3,1.0,1.0,0.706560,0.345175,1.179117,-0.047208,0.254795,1.234554,-0.089600,0.486000,0.869300,0.003200,0.133500,0.542300,0.828800,0.034500,0.915801,0.153724,1.211273,-0.252471,0.217200,1.327602,-1.566686,-1.025338,-1.789030,-1.399217,3.023628,0.159285,0.866730,-0.805696,1.866330,1.020295,1.821952,-0.580288,-0.703606,2.201702,1,0,1.0000,1.0000,1,1,0,0,0.0000,0.0000,,,,,7382,8070,802,197,5455,6870,1927,1200,0,0,0.62968,0.10278,0
1786018543.4385,B_right_diagonal_up_left_down_right,B,right,0,,,83,151.2000,345.7000,130.5000,192.5000,148.1000,0.0000,360.0000,121.3000,43.3000,0.0000,146.3000,0.0000,56.1000,0.0000,-0.86600,-0.01700,0.35500,0.96000,2.83000,-2.81000,0.28800,-0.05200,0.91400,-7.68000,-2.53000,1.39000,12.5,1.8,1.0,1.0,0.762563,0.037204,1.297614,-0.961179,0.416098,1.666607,-0.089600,0.486000,0.869300,0.003200,0.133500,0.542300,0.828800,0.034500,0.915801,0.153724,1.211273,-0.252471,0.217200,1.327602,-1.559203,-1.019070,-1.793039,-1.406701,3.020136,0.153157,0.863532,-0.805789,1.866491,1.020474,1.821954,-0.580166,-0.703482,2.201376,1,0,1.0000,1.0000,1,1,0,0,0.0000,0.0000,,,,,7382,8070,802,197,5455,6870,1927,1200,0,0,0.62968,0.10278,0
1786018543.4690,B_right_diagonal_up_left_down_right,B,right,0,,,84,151.2000,345.7000,130.5000,192.5000,148.3000,0.0000,360.0000,121.2000,43.3000,0.0000,146.7000,0.0000,55.9000,0.0000,-0.85900,-0.02900,0.34000,2.08000,2.39000,-2.65000,0.28900,-0.09900,0.87100,-4.66000,-1.75000,-1.56000,11.9,0.9,1.0,1.0,0.707612,0.345148,1.179364,-0.252466,0.217195,1.327594,-0.089600,0.486000,0.869300,0.003200,0.133500,0.542300,0.828800,0.034500,0.915801,0.153724,1.211273,-0.252471,0.217200,1.327602,-1.555253,-1.015762,-1.795155,-1.410650,3.018293,0.149923,0.861844,-0.805837,1.866576,1.020567,1.821955,-0.580102,-0.703416,2.201205,1,0,1.0000,1.0000,1,1,0,0,0.0000,0.0000,,,,,126919,124576,844,225,124691,123314,2228,1260,0,2,0.63179,0.10278,0
1786018543.4993,B_right_diagonal_up_left_down_right,B,right,0,,,85,151.2000,345.7000,130.5000,192.5000,149.7000,0.0000,360.0000,121.2000,43.3000,0.0000,146.7000,0.0000,55.9000,0.0000,-0.85100,-0.01500,0.36700,4.75000,0.85000,4.39000,0.28900,-0.09900,0.87100,-4.66000,-1.75000,-1.56000,10.7,1.5,1.0,1.0,0.904378,0.346417,1.097476,-0.252466,0.217195,1.327594,-0.089600,0.486000,0.869300,0.003200,0.133500,0.542300,0.828800,0.034500,0.915801,0.153724,1.211273,-0.252471,0.217200,1.327602,-1.553405,-1.014214,-1.796146,-1.412499,3.017431,0.148409,0.861054,-0.805908,1.866699,1.020704,1.821957,-0.580009,-0.703321,2.200955,1,0,1.0000,1.0000,1,1,0,0,0.0000,0.0000,,,,,126919,124576,844,225,124691,123314,2228,1260,0,2,0.63179,0.10278,0
1786018543.4998,B_right_diagonal_up_left_down_right,B,right,0,,,86,151.2000,345.7000,130.5000,192.5000,149.7000,0.0000,360.0000,121.2000,43.3000,0.0000,146.7000,0.0000,55.9000,0.0000,-0.85100,-0.01500,0.36700,4.75000,0.85000,4.39000,0.28900,-0.09900,0.87100,-4.66000,-1.75000,-1.56000,10.7,1.5,1.0,1.0,0.904378,0.346417,1.097476,-0.252466,0.217195,1.327594,-0.089600,0.486000,0.869300,0.003200,0.133500,0.542300,0.828800,0.034500,0.915801,0.153724,1.211273,-0.252471,0.217200,1.327602,-1.553405,-1.014214,-1.796146,-1.412499,3.017431,0.148409,0.861054,-0.805908,1.866699,1.020704,1.821957,-0.580009,-0.703321,2.200955,1,0,1.0000,1.0000,1,1,0,0,0.0000,0.0000,,,,,126919,124576,844,225,124691,123314,2228,1260,0,2,0.63179,0.10278,0
1786018543.5207,B_right_diagonal_up_left_down_right,B,right,0,,,87,151.2000,345.7000,130.5000,192.5000,149.7000,0.0000,360.0000,121.3000,43.3000,0.0000,146.3000,0.0000,56.0000,0.0000,-0.85100,-0.01500,0.36700,4.75000,0.85000,4.39000,0.35300,-0.06100,0.85600,5.40000,0.86000,-1.34000,9.0,2.8,1.0,1.0,0.904378,0.346417,1.097476,-0.252466,0.217195,1.327594,-0.089600,0.486000,0.869300,0.003200,0.133500,0.542300,0.828800,0.034500,0.914853,0.154936,1.210597,-0.252471,0.217200,1.327602,-1.553405,-1.014214,-1.796146,-1.412499,3.017431,0.148409,0.861054,-0.805908,1.866699,1.020704,1.821957,-0.580009,-0.703321,2.200955,1,0,1.0000,1.0000,1,1,0,0,0.0000,0.0000,,,,,126919,124576,845,225,124691,123314,2228,1260,0,2,0.63179,0.10278,0
1786018543.5649,B_right_diagonal_up_left_down_right,B,right,0,,,88,151.2000,345.7000,130.5000,192.5000,149.9000,0.0000,360.0000,121.3000,43.3000,0.0000,146.9000,0.0000,56.2000,0.0000,-0.86700,-0.01400,0.38300,2.65000,1.92000,4.18000,0.35700,0.02200,0.87800,1.85000,0.77000,0.18000,11.0,1.8,1.0,1.0,0.705863,0.345220,1.178958,-0.961179,0.416098,1.666607,-0.089600,0.486000,0.869300,0.003200,0.133500,0.542300,0.828800,0.034500,0.914853,0.154936,1.210597,-0.252471,0.217200,1.327602,-1.554799,-1.015608,-1.794961,-1.411104,-3.264960,0.149803,0.861961,-0.806043,1.866934,1.020965,1.821961,-0.579830,-0.703139,2.200478,1,0,1.0000,1.0000,1,1,0,0,0.0000,0.0000,,,,,126919,124576,845,225,124691,123314,2228,1260,0,2,0.63179,0.10278,0
1786018543.5662,B_right_diagonal_up_left_down_right,B,right,0,,,89,151.2000,345.7000,130.5000,192.5000,149.9000,0.0000,360.0000,121.3000,43.3000,0.0000,146.9000,0.0000,56.2000,0.0000,-0.86700,-0.01400,0.38300,2.65000,1.92000,4.18000,0.35700,0.02200,0.87800,1.85000,0.77000,0.18000,11.0,1.8,1.0,1.0,0.705863,0.345220,1.178958,-0.961179,0.416098,1.666607,-0.089600,0.486000,0.869300,0.003200,0.133500,0.542300,0.828800,0.034500,0.914853,0.154936,1.210597,-0.252471,0.217200,1.327602,-1.554799,-1.015608,-1.794961,-1.411104,-3.264960,0.149803,0.861961,-0.806043,1.866934,1.020965,1.821961,-0.579830,-0.703139,2.200478,1,0,1.0000,1.0000,1,1,0,0,0.0000,0.0000,,,,,126919,124576,845,225,124691,123314,2228,1260,0,2,0.63179,0.10278,0
1786018543.5831,B_right_diagonal_up_left_down_right,B,right,0,,,90,151.2000,345.7000,130.5000,192.5000,149.9000,0.0000,360.0000,121.3000,43.3000,0.0000,146.9000,0.0000,56.2000,0.0000,-0.86700,-0.01400,0.38300,2.65000,1.92000,4.18000,0.35700,0.02200,0.87800,1.85000,0.77000,0.18000,11.7,2.8,1.0,1.0,0.705863,0.345220,1.178958,-0.961179,0.416098,1.666607,-0.089600,0.486000,0.869300,0.003200,0.133500,0.542300,0.828800,0.034500,0.913896,0.156151,1.209924,-0.252471,0.217200,1.327602,-1.555474,-1.016283,-1.794387,-1.410430,-3.264575,0.150478,0.862400,-0.806178,1.867170,1.021227,1.821964,-0.579651,-0.702956,2.200001,1,0,1.0000,1.0000,1,1,0,0,0.0000,0.0000,,,,,126919,124576,845,226,124691,123314,2228,1260,0,2,0.63179,0.10278,0
1786018543.6065,B_right_diagonal_up_left_down_right,B,right,0,,,91,151.2000,345.7000,130.5000,192.5000,149.9000,0.0000,360.0000,121.3000,43.3000,0.0000,146.9000,0.0000,56.2000,0.0000,-0.86700,-0.01400,0.38300,2.65000,1.92000,4.18000,0.35700,0.02200,0.87800,1.85000,0.77000,0.18000,11.7,2.8,1.0,1.0,0.705863,0.345220,1.178958,-0.961179,0.416098,1.666607,-0.089600,0.486000,0.869300,0.003200,0.133500,0.542300,0.828800,0.034500,0.913896,0.156151,1.209924,-0.252471,0.217200,1.327602,-1.555474,-1.016283,-1.794387,-1.410430,-3.264575,0.150478,0.862400,-0.806178,1.867170,1.021227,1.821964,-0.579651,-0.702956,2.200001,1,0,1.0000,1.0000,1,1,0,0,0.0000,0.0000,,,,,126919,124576,845,226,124691,123314,2228,1260,0,2,0.63179,0.10278,0
1786018543.6394,B_right_diagonal_up_left_down_right,B,right,0,,,92,151.2000,345.7000,130.5000,192.5000,149.9000,0.0000,360.0000,121.3000,43.3000,0.0000,146.9000,0.0000,56.2000,0.0000,-0.86700,-0.01400,0.38300,2.65000,1.92000,4.18000,0.35700,0.02200,0.87800,1.85000,0.77000,0.18000,10.6,2.6,1.0,1.0,0.705863,0.345220,1.178958,-0.961179,0.416098,1.666607,-0.089600,0.486000,0.869300,0.003200,0.133500,0.542300,0.828800,0.034500,0.913896,0.156151,1.209924,-0.252471,0.217200,1.327602,-1.573363,-1.034172,-1.779226,-1.392540,-3.254436,0.168367,0.873977,-0.806252,1.867300,1.021371,1.821966,-0.579552,-0.702856,2.199738,1,0,1.0000,1.0000,1,1,0,0,0.0000,0.0000,,,,,126919,124576,845,226,124691,123314,2228,1260,0,2,0.63179,0.10278,0
1786018543.6625,B_right_diagonal_up_left_down_right,B,right,0,,,93,151.2000,345.6000,130.5000,192.5000,149.8000,0.0000,360.0000,121.7000,43.4000,0.0000,148.3000,0.0000,57.3000,0.0000,-0.87600,-0.00800,0.36400,-0.17000,1.00000,-1.07000,0.30900,-0.01800,0.87600,1.67000,0.81000,-1.56000,10.5,1.0,1.0,1.0,0.706421,0.345205,1.179082,-0.961179,0.416098,1.666607,-0.089600,0.486000,0.869300,0.003200,0.133500,0.542300,0.828800,0.034500,0.913896,0.156151,1.209924,-0.252471,0.217200,1.327602,-1.597163,-1.057972,-1.759056,-1.368741,-3.240948,0.192167,0.889380,-0.806252,1.867300,1.021371,1.821966,-0.579552,-0.702856,2.199738,1,0,1.0000,1.0000,1,1,0,0,0.0000,0.0000,,,,,7382,124577,803,226,5455,123315,1927,1260,0,2,0.62968,0.10278,0
1786018543.6644,B_right_diagonal_up_left_down_right,B,right,0,,,94,151.2000,345.6000,130.5000,192.5000,149.8000,0.0000,360.0000,121.7000,43.4000,0.0000,148.3000,0.0000,57.3000,0.0000,-0.87600,-0.00800,0.36400,-0.17000,1.00000,-1.07000,0.30900,-0.01800,0.87600,1.67000,0.81000,-1.56000,10.5,1.0,1.0,1.0,0.706421,0.345205,1.179082,-0.961179,0.416098,1.666607,-0.089600,0.486000,0.869300,0.003200,0.133500,0.542300,0.828800,0.034500,0.913896,0.156151,1.209924,-0.252471,0.217200,1.327602,-1.597163,-1.057972,-1.759056,-1.368741,-3.240948,0.192167,0.889380,-0.806252,1.867300,1.021371,1.821966,-0.579552,-0.702856,2.199738,1,0,1.0000,1.0000,1,1,0,0,0.0000,0.0000,,,,,7382,124577,803,226,5455,123315,1927,1260,0,2,0.62968,0.10278,0
1786018543.6785,B_right_diagonal_up_left_down_right,B,right,0,,,95,151.2000,345.6000,130.5000,192.5000,149.8000,0.0000,360.0000,121.7000,43.4000,0.0000,148.3000,0.0000,57.3000,0.0000,-0.87600,-0.00800,0.36400,-0.17000,1.00000,-1.07000,0.30900,-0.01800,0.87600,1.67000,0.81000,-1.56000,10.4,2.0,1.0,1.0,0.706421,0.345205,1.179082,-0.961179,0.416098,1.666607,-0.089600,0.486000,0.869300,0.003200,0.133500,0.542300,0.828800,0.034500,0.912927,0.157371,1.209253,-0.252471,0.217200,1.327602,-1.609328,-1.070137,-1.748745,-1.356576,-3.234053,0.204332,0.897252,-0.806252,1.867300,1.021371,1.821966,-0.579552,-0.702856,2.199738,1,0,1.0000,1.0000,1,1,0,0,0.0000,0.0000,,,,,7382,124577,803,226,5455,123315,1927,1260,0,2,0.62968,0.10278,0
1786018543.7105,B_right_diagonal_up_left_down_right,B,right,0,,,96,151.2000,345.6000,130.5000,192.5000,149.6000,0.0000,360.0000,121.7000,43.4000,0.0000,148.5000,0.0000,57.5000,0.0000,-0.86500,-0.02100,0.35400,2.05000,-0.76000,-2.10000,0.31000,0.03200,0.88900,2.79000,-1.41000,2.44000,10.8,2.7,1.0,1.0,0.763090,0.037495,1.297668,-0.047208,0.254795,1.234554,-0.089600,0.486000,0.869300,0.003200,0.133500,0.542300,0.828800,0.034500,0.911956,0.158586,1.208591,-0.252471,0.217200,1.327602,-1.614613,-1.076129,-1.743718,-1.351537,3.052536,0.210277,0.901105,-0.806252,1.867300,1.021371,1.821966,-0.579552,-0.702856,2.199738,1,0,1.0000,1.0000,1,1,0,0,0.0000,0.0000,,,,,126919,8070,845,198,124691,6870,2228,1200,0,0,0.63179,0.10278,0
1786018543.7220,B_right_diagonal_up_left_down_right,B,right,0,,,97,151.2000,345.6000,130.5000,192.5000,149.6000,0.0000,360.0000,121.7000,43.4000,0.0000,148.5000,0.0000,57.5000,0.0000,-0.86500,-0.02100,0.35400,2.05000,-0.76000,-2.10000,0.31000,0.03200,0.88900,2.79000,-1.41000,2.44000,10.8,2.7,1.0,1.0,0.763090,0.037495,1.297668,-0.047208,0.254795,1.234554,-0.089600,0.486000,0.869300,0.003200,0.133500,0.542300,0.828800,0.034500,0.911956,0.158586,1.208591,-0.252471,0.217200,1.327602,-1.614613,-1.076129,-1.743718,-1.351537,3.052536,0.210277,0.901105,-0.806252,1.867300,1.021371,1.821966,-0.579552,-0.702856,2.199738,1,0,1.0000,1.0000,1,1,0,0,0.0000,0.0000,,,,,7382,8070,803,198,5455,6870,1927,1200,0,0,0.62968,0.10278,0
1786018543.7379,B_right_diagonal_up_left_down_right,B,right,0,,,98,151.2000,345.6000,130.5000,192.5000,149.6000,0.0000,360.0000,121.7000,43.4000,0.0000,148.5000,0.0000,57.5000,0.0000,-0.86500,-0.02100,0.35400,2.05000,-0.76000,-2.10000,0.31000,0.03200,0.88900,2.79000,-1.41000,2.44000,10.8,2.7,1.0,1.0,0.763090,0.037495,1.297668,-0.047208,0.254795,1.234554,-0.089600,0.486000,0.869300,0.003200,0.133500,0.542300,0.828800,0.034500,0.911956,0.158586,1.208591,-0.252471,0.217200,1.327602,-1.614114,-1.076028,-1.743832,-1.352158,3.052482,0.210149,0.901025,-0.806252,1.867300,1.021371,1.821966,-0.579552,-0.702856,2.199738,1,0,1.0000,1.0000,1,1,0,0,0.0000,0.0000,,,,,126919,124577,845,226,124691,123315,2228,1260,0,2,0.63179,0.10278,0
1786018543.7567,B_right_diagonal_up_left_down_right,B,right,0,,,99,151.2000,345.6000,130.5000,192.5000,149.6000,0.0000,360.0000,121.7000,43.4000,0.0000,148.5000,0.0000,57.5000,0.0000,-0.86500,-0.02100,0.35400,2.05000,-0.76000,-2.10000,0.31000,0.03200,0.88900,2.79000,-1.41000,2.44000,10.8,2.7,1.0,1.0,0.763090,0.037495,1.297668,-0.047208,0.254795,1.234554,-0.089600,0.486000,0.869300,0.003200,0.133500,0.542300,0.828800,0.034500,0.911956,0.158586,1.208591,-0.252471,0.217200,1.327602,-1.613248,-1.075854,-1.744030,-1.353211,3.052390,0.209928,0.900887,-0.806252,1.867300,1.021371,1.821966,-0.579552,-0.702856,2.199738,1,0,1.0000,1.0000,1,1,0,0,0.0000,0.0000,,,,,126919,8070,845,198,124691,6870,2228,1200,0,0,0.63179,0.10278,0
1786018543.7836,B_right_diagonal_up_left_down_right,B,right,0,,,100,151.2000,345.6000,130.4000,192.5000,149.7000,0.0000,360.0000,121.7000,43.4000,0.0000,148.5000,0.0000,57.5000,0.0000,-0.86000,-0.02700,0.36300,4.68000,2.63000,0.04000,0.31000,0.03200,0.88900,2.79000,-1.41000,2.44000,10.9,1.4,1.0,1.0,0.904214,0.346427,1.097435,-0.047208,0.254795,1.234554,-0.089600,0.486000,0.869300,0.003200,0.133500,0.542300,0.828800,0.034500,0.911434,0.158716,1.208353,-0.252471,0.217200,1.327602,-1.613405,-1.076138,-1.743830,-1.353094,-3.230657,0.210224,0.901043,-0.806252,1.867300,1.021371,1.821966,-0.579552,-0.702856,2.199738,1,0,1.0000,1.0000,1,1,0,0,0.0000,0.0000,,,,,7382,8070,804,198,5455,6870,1927,1200,0,0,0.62968,0.10278,0
1786018543.8017,B_right_diagonal_up_left_down_right,B,right,0,,,101,151.2000,345.6000,130.4000,192.5000,149.7000,0.0000,360.0000,123.1000,43.4000,0.0000,150.5000,0.0000,60.5000,0.0000,-0.86000,-0.02700,0.36300,4.68000,2.63000,0.04000,0.33700,-0.02100,0.86100,0.81000,-1.23000,1.05000,10.9,1.4,1.0,1.0,0.904214,0.346427,1.097435,-0.252466,0.217195,1.327594,-0.089600,0.486000,0.869300,0.003200,0.133500,0.542300,0.828800,0.034500,0.911434,0.158716,1.208353,-0.252471,0.217200,1.327602,-1.613405,-1.076138,-1.743830,-1.353094,-3.230657,0.210224,0.901043,-0.806252,1.867300,1.021371,1.821966,-0.579552,-0.702856,2.199738,1,0,1.0000,1.0000,1,1,0,0,0.0000,0.0000,,,,,7382,8070,804,198,5455,6870,1927,1200,0,0,0.62968,0.10278,0
1786018543.8227,B_right_diagonal_up_left_down_right,B,right,0,,,102,151.2000,345.6000,130.4000,192.5000,149.7000,0.0000,360.0000,123.1000,43.4000,0.0000,150.5000,0.0000,60.5000,0.0000,-0.86000,-0.02700,0.36300,4.68000,2.63000,0.04000,0.33700,-0.02100,0.86100,0.81000,-1.23000,1.05000,10.9,1.4,1.0,1.0,0.904214,0.346427,1.097435,-0.252466,0.217195,1.327594,-0.089600,0.486000,0.869300,0.003200,0.133500,0.542300,0.828800,0.034500,0.911434,0.158716,1.208353,-0.252471,0.217200,1.327602,-1.615277,-1.077891,-1.742511,-1.351221,-3.229796,0.212092,0.902054,-0.806252,1.867300,1.021371,1.821966,-0.579552,-0.702856,2.199738,1,0,1.0000,1.0000,1,1,0,0,0.0000,0.0000,,,,,7383,8070,804,198,5455,6870,1928,1200,0,0,0.62388,0.10278,0
1786018543.8395,B_right_diagonal_up_left_down_right,B,right,0,,,103,151.2000,345.6000,130.4000,192.5000,149.8000,0.0000,360.0000,123.1000,43.4000,0.0000,150.5000,0.0000,60.5000,0.0000,-0.85600,-0.01800,0.37200,3.31000,4.24000,0.76000,0.33700,-0.02100,0.86100,0.81000,-1.23000,1.05000,10.9,1.4,1.0,1.0,0.904214,0.346427,1.097435,-0.252466,0.217195,1.327594,-0.089600,0.486000,0.869300,0.003200,0.133500,0.542300,0.828800,0.034500,0.911294,0.158047,1.208445,-0.252471,0.217200,1.327602,-1.615277,-1.077891,-1.742511,-1.351221,-3.229796,0.212092,0.902054,-0.806252,1.867300,1.021371,1.821966,-0.579552,-0.702856,2.199738,1,0,1.0000,1.0000,1,1,0,0,0.0000,0.0000,,,,,126920,124577,846,226,124691,123315,2229,1260,0,2,0.62388,0.10278,0
1786018543.8561,B_right_diagonal_up_left_down_right,B,right,0,,,104,151.4000,345.6000,130.4000,192.5000,150.6000,0.0000,360.0000,124.4000,43.5000,0.0000,150.8000,0.0000,61.5000,0.0000,-0.85200,-0.02700,0.37800,1.41000,3.35000,1.16000,0.34500,-0.01400,0.86200,2.94000,-1.32000,-0.13000,11.1,2.2,1.0,1.0,0.903555,0.346453,1.097284,-0.252466,0.217195,1.327594,-0.089600,0.486000,0.869300,0.003200,0.133500,0.542300,0.828800,0.034500,0.911294,0.158047,1.208445,-0.252471,0.217200,1.327602,-1.617011,-1.079515,-1.741289,-1.349486,-3.228998,0.213823,0.902990,-0.806252,1.867300,1.021371,1.821966,-0.579552,-0.702856,2.199738,1,0,1.0000,1.0000,1,1,0,0,0.0000,0.0000,,,,,126920,8070,846,199,124691,6870,2229,1200,0,0,0.62388,0.10278,0
1786018543.8922,B_right_diagonal_up_left_down_right,B,right,0,,,105,151.2000,345.6000,130.4000,192.5000,150.6000,0.0000,360.0000,125.3000,43.5000,0.0000,151.0000,0.0000,62.2000,0.0000,-0.87400,-0.01700,0.37700,2.30000,0.21000,0.48000,0.32600,0.01500,0.87900,8.98000,1.97000,-4.46000,11.1,1.3,1.0,1.0,0.705580,0.345240,1.178882,-0.961179,0.416098,1.666607,-0.089600,0.486000,0.869300,0.003200,0.133500,0.542300,0.828800,0.034500,0.911294,0.158047,1.208445,-0.252471,0.217200,1.327602,-1.617757,-1.080214,-1.740763,-1.348739,-3.228654,0.214568,0.903392,-0.806252,1.867300,1.021371,1.821966,-0.579552,-0.702856,2.199738,1,0,1.0000,1.0000,1,1,0,0,0.0000,0.0000,,,,,7383,124577,804,227,5455,123315,1928,1260,0,2,0.62388,0.10278,0
1786018543.9069,B_right_diagonal_up_left_down_right,B,right,0,,,106,151.2000,345.6000,130.4000,192.5000,150.6000,0.0000,360.0000,125.3000,43.5000,0.0000,151.0000,0.0000,62.2000,0.0000,-0.87400,-0.01700,0.37700,2.30000,0.21000,0.48000,0.32600,0.01500,0.87900,8.98000,1.97000,-4.46000,11.1,1.3,1.0,1.0,0.705580,0.345240,1.178882,-0.961179,0.416098,1.666607,-0.089600,0.486000,0.869300,0.003200,0.133500,0.542300,0.828800,0.034500,0.911294,0.158047,1.208445,-0.252471,0.217200,1.327602,-1.618410,-1.080825,-1.740303,-1.348086,-3.228354,0.215220,0.903745,-0.806252,1.867300,1.021371,1.821966,-0.579552,-0.702856,2.199738,1,0,1.0000,1.0000,1,1,0,0,0.0000,0.0000,,,,,126920,124577,846,227,124691,123315,2229,1260,0,2,0.62388,0.10278,0
1786018543.9160,B_right_diagonal_up_left_down_right,B,right,0,,,107,151.2000,345.6000,130.4000,192.5000,150.6000,0.0000,360.0000,125.3000,43.5000,0.0000,151.0000,0.0000,62.2000,0.0000,-0.87400,-0.01700,0.37700,2.30000,0.21000,0.48000,0.32600,0.01500,0.87900,8.98000,1.97000,-4.46000,11.1,1.3,1.0,1.0,0.705580,0.345240,1.178882,-0.961179,0.416098,1.666607,-0.089600,0.486000,0.869300,0.003200,0.133500,0.542300,0.828800,0.034500,0.911145,0.157347,1.208542,-0.252471,0.217200,1.327602,-1.619041,-1.081416,-1.739858,-1.347455,-3.228064,0.215849,0.904085,-0.806252,1.867300,1.021371,1.821966,-0.579552,-0.702856,2.199738,1,0,1.0000,1.0000,1,1,0,0,0.0000,0.0000,,,,,7383,8071,804,199,5455,6871,1928,1200,0,0,0.62388,0.10278,0
1786018543.9392,B_right_diagonal_up_left_down_right,B,right,0,,,108,151.2000,345.6000,130.4000,192.5000,150.6000,0.0000,360.0000,125.3000,43.5000,0.0000,151.0000,0.0000,62.2000,0.0000,-0.87400,-0.01700,0.37700,2.30000,0.21000,0.48000,0.32600,0.01500,0.87900,8.98000,1.97000,-4.46000,11.1,1.3,1.0,1.0,0.705580,0.345240,1.178882,-0.961179,0.416098,1.666607,-0.089600,0.486000,0.869300,0.003200,0.133500,0.542300,0.828800,0.034500,0.911145,0.157347,1.208542,-0.252471,0.217200,1.327602,-1.619743,-1.082073,-1.739364,-1.346753,-3.227741,0.216550,0.904464,-0.806252,1.867300,1.021371,1.821966,-0.579552,-0.702856,2.199738,1,0,1.0000,1.0000,1,1,0,0,0.0000,0.0000,,,,,7383,124578,804,227,5455,123316,1928,1260,0,2,0.62388,0.10278,0
1786018543.9606,B_right_diagonal_up_left_down_right,B,right,0,,,109,151.0000,345.6000,130.4000,192.5000,150.2000,0.0000,360.0000,125.3000,43.5000,0.0000,151.0000,0.0000,62.2000,0.0000,-0.85800,-0.02800,0.35700,-0.66000,-1.68000,1.64000,0.32600,0.01500,0.87900,8.98000,1.97000,-4.46000,11.2,2.4,1.0,1.0,0.705650,0.345177,1.178894,-0.961179,0.416098,1.666607,-0.089600,0.486000,0.869300,0.003200,0.133500,0.542300,0.828800,0.034500,0.911145,0.157347,1.208542,-0.252471,0.217200,1.327602,-1.620434,-1.082721,-1.738876,-1.346061,-3.227423,0.217241,0.904837,-0.806252,1.867300,1.021371,1.821966,-0.579552,-0.702856,2.199738,1,0,1.0000,1.0000,1,1,0,0,0.0000,0.0000,,,,,126920,124578,846,227,124691,123316,2229,1260,0,2,0.62388,0.10278,0
1786018543.9827,B_right_diagonal_up_left_down_right,B,right,0,,,110,151.0000,345.6000,130.4000,192.4000,150.4000,0.0000,360.0000,127.0000,43.6000,0.0000,11.4000,0.0000,64.2000,0.0000,-0.86900,-0.03000,0.34800,1.19000,-3.01000,1.70000,0.30700,0.04900,0.91500,2.47000,0.15000,-2.48000,11.1,4.3,1.0,1.0,0.763809,0.037619,1.297807,-0.961179,0.416098,1.666607,-0.089600,0.486000,0.869300,0.003200,0.133500,0.542300,0.828800,0.034500,0.910994,0.156647,1.208640,-0.252471,0.217200,1.327602,-1.621249,-1.083484,-1.738302,-1.345246,-3.227048,0.218054,0.905277,-0.806252,1.867300,1.021371,1.821966,-0.579552,-0.702856,2.199738,1,0,1.0000,1.0000,1,0,0,1,0.0000,0.0599,,,,,7383,8072,804,199,5455,6872,1928,1200,0,0,0.62388,0.10278,0
1786018544.0010,B_right_diagonal_up_left_down_right,B,right,0,,,111,151.0000,345.6000,130.4000,192.4000,150.5000,0.0000,360.0000,128.0000,43.6000,0.0000,151.8000,0.0000,64.9000,0.0000,-0.86100,-0.03300,0.35500,2.03000,-3.04000,1.66000,0.30300,-0.00100,0.89400,1.12000,-0.32000,2.34000,11.5,3.4,1.0,1.0,0.903500,0.346381,1.097292,-0.252466,0.217195,1.327594,-0.089600,0.486000,0.869300,0.003200,0.133500,0.542300,0.828800,0.034500,0.910994,0.156647,1.208640,-0.252471,0.217200,1.327602,-1.622149,-1.084327,-1.737668,-1.344345,-3.226634,0.218952,0.905763,-0.806252,1.867300,1.021371,1.821966,-0.579552,-0.702856,2.199738,1,0,1.0000,1.0000,1,1,0,0,0.0000,0.0000,,,,,126920,124579,846,227,124691,123317,2229,1260,0,2,0.62388,0.10278,0
1786018544.0203,B_right_diagonal_up_left_down_right,B,right,0,,,112,151.0000,345.6000,130.4000,192.4000,150.5000,0.0000,360.0000,128.0000,43.6000,0.0000,151.8000,0.0000,64.9000,0.0000,-0.86100,-0.03300,0.35500,2.03000,-3.04000,1.66000,0.30300,-0.00100,0.89400,1.12000,-0.32000,2.34000,11.5,3.4,1.0,1.0,0.903500,0.346381,1.097292,-0.252466,0.217195,1.327594,-0.089600,0.486000,0.869300,0.003200,0.133500,0.542300,0.828800,0.034500,0.910994,0.156647,1.208640,-0.252471,0.217200,1.327602,-1.623955,-1.086018,-1.736395,-1.342538,-3.225802,0.220755,0.906738,-0.806252,1.867300,1.021371,1.821966,-0.579552,-0.702856,2.199738,1,0,1.0000,1.0000,1,1,0,0,0.0000,0.0000,,,,,126920,8072,846,199,124691,6872,2229,1200,0,0,0.62388,0.10278,0
1786018544.0374,B_right_diagonal_up_left_down_right,B,right,0,,,113,151.1000,345.6000,130.4000,192.5000,151.5000,0.0000,36.0000,128.0000,43.6000,0.0000,151.8000,0.0000,64.9000,0.0000,-0.88000,-0.02700,0.35600,5.69000,2.71000,2.75000,0.30300,-0.00100,0.89400,1.12000,-0.32000,2.34000,11.5,3.4,1.0,1.0,0.764128,0.037746,1.297844,-0.252466,0.217195,1.327594,-0.089600,0.486000,0.869300,0.003200,0.133500,0.542300,0.828800,0.034500,0.910994,0.156647,1.208640,-0.252471,0.217200,1.327602,-1.625595,-1.087554,-1.735239,-1.340897,-3.225048,0.222392,0.907623,-0.806520,1.867769,1.021891,1.821973,-0.579195,-0.702493,2.198788,1,0,1.0000,1.0000,1,1,0,0,0.0000,0.0000,,,,,7383,124579,805,227,5455,123317,1928,1260,0,2,0.62388,0.10278,0
1786018544.0685,B_right_diagonal_up_left_down_right,B,right,0,,,114,151.1000,345.6000,130.4000,192.5000,151.5000,0.0000,36.0000,128.0000,43.6000,0.0000,151.8000,0.0000,64.9000,0.0000,-0.88000,-0.02700,0.35600,5.69000,2.71000,2.75000,0.30300,-0.00100,0.89400,1.12000,-0.32000,2.34000,11.5,3.4,1.0,1.0,0.764128,0.037746,1.297844,-0.252466,0.217195,1.327594,-0.089600,0.486000,0.869300,0.003200,0.133500,0.542300,0.828800,0.034500,0.910850,0.155986,1.208733,-0.252471,0.217200,1.327602,-1.626687,-1.088576,-1.734470,-1.339805,-3.224545,0.223482,0.908212,-0.806585,1.867882,1.022017,1.821975,-0.579109,-0.702405,2.198557,1,0,1.0000,1.0000,1,1,0,0,0.0000,0.0000,,,,,126920,124579,847,227,124691,123317,2229,1260,0,2,0.62388,0.10278,0
1786018544.0913,B_right_diagonal_up_left_down_right,B,right,0,,,115,151.1000,345.6000,130.4000,192.5000,151.5000,0.0000,36.0000,128.0000,43.6000,0.0000,151.8000,0.0000,64.9000,0.0000,-0.88000,-0.02700,0.35600,5.69000,2.71000,2.75000,0.30300,-0.00100,0.89400,1.12000,-0.32000,2.34000,11.5,3.4,1.0,1.0,0.764128,0.037746,1.297844,-0.252466,0.217195,1.327594,-0.089600,0.486000,0.869300,0.003200,0.133500,0.542300,0.828800,0.034500,0.910850,0.155986,1.208733,-0.252471,0.217200,1.327602,-1.626973,-1.088844,-1.734268,-1.339519,-3.224414,0.223767,0.908366,-0.806585,1.867882,1.022017,1.821975,-0.579109,-0.702405,2.198557,1,0,1.0000,1.0000,1,1,0,0,0.0000,0.0000,,,,,126920,124579,847,227,124691,123317,2229,1260,0,2,0.62388,0.10278,0
1786018544.1145,B_right_diagonal_up_left_down_right,B,right,0,,,116,151.1000,345.3000,130.3000,192.5000,151.4000,0.0000,360.0000,132.4000,44.1000,0.0000,152.4000,0.0000,68.3000,0.0000,-0.88400,-0.02200,0.38500,3.31000,2.61000,2.70000,0.33900,-0.02600,0.83000,3.65000,1.34000,-2.68000,11.5,3.4,1.0,1.0,0.902904,0.346397,1.097155,-0.252466,0.217195,1.327594,-0.089600,0.486000,0.869300,0.003200,0.133500,0.542300,0.828800,0.034500,0.910850,0.155986,1.208733,-0.252471,0.217200,1.327602,-1.627297,-1.089148,-1.734039,-1.339194,-3.224265,0.224091,0.908542,-0.806585,1.867882,1.022017,1.821975,-0.579109,-0.702405,2.198557,1,0,1.0000,1.0000,1,1,0,0,0.0000,0.0000,,,,,7383,8072,805,199,5455,6872,1928,1200,0,0,0.62388,0.10278,0
1786018544.1227,B_right_diagonal_up_left_down_right,B,right,0,,,117,151.1000,345.3000,130.3000,192.5000,151.4000,0.0000,360.0000,132.4000,44.1000,0.0000,152.4000,0.0000,68.3000,0.0000,-0.88400,-0.02200,0.38500,3.31000,2.61000,2.70000,0.33900,-0.02600,0.83000,3.65000,1.34000,-2.68000,11.5,3.4,1.0,1.0,0.902904,0.346397,1.097155,-0.252466,0.217195,1.327594,-0.089600,0.486000,0.869300,0.003200,0.133500,0.542300,0.828800,0.034500,0.910850,0.155986,1.208733,-0.252471,0.217200,1.327602,-1.627297,-1.089148,-1.734039,-1.339194,-3.224265,0.224091,0.908542,-0.806585,1.867882,1.022017,1.821975,-0.579109,-0.702405,2.198557,1,0,1.0000,1.0000,1,1,0,0,0.0000,0.0000,,,,,7383,8072,805,199,5455,6872,1928,1200,0,0,0.62388,0.10278,0
1786018544.1563,B_right_diagonal_up_left_down_right,B,right,0,,,118,151.0000,345.4000,130.3000,192.5000,151.5000,0.0000,360.0000,132.4000,44.1000,0.0000,152.4000,0.0000,68.3000,0.0000,-0.85800,-0.02100,0.38600,4.88000,-2.03000,1.22000,0.33900,-0.02600,0.83000,3.65000,1.34000,-2.68000,11.4,1.6,1.0,1.0,0.761661,0.037910,1.297268,-0.252466,0.217195,1.327594,-0.089600,0.486000,0.869300,0.003200,0.133500,0.542300,0.828800,0.034500,0.909403,0.150520,1.209779,-0.252471,0.217200,1.327602,-1.628368,-1.090151,-1.733284,-1.338123,-3.223772,0.225160,0.909120,-0.806585,1.867882,1.022017,1.821975,-0.579109,-0.702405,2.198557,1,0,1.0000,1.0000,1,1,0,0,0.0000,0.0000,,,,,126920,124579,847,227,124691,123317,2229,1260,0,2,0.62388,0.10278,0
1786018544.1575,B_right_diagonal_up_left_down_right,B,right,0,,,119,151.0000,345.4000,130.3000,192.5000,151.5000,0.0000,360.0000,132.4000,44.1000,0.0000,152.4000,0.0000,68.3000,0.0000,-0.85800,-0.02100,0.38600,4.88000,-2.03000,1.22000,0.33900,-0.02600,0.83000,3.65000,1.34000,-2.68000,11.4,1.6,1.0,1.0,0.761661,0.037910,1.297268,-0.252466,0.217195,1.327594,-0.089600,0.486000,0.869300,0.003200,0.133500,0.542300,0.828800,0.034500,0.909403,0.150520,1.209779,-0.252471,0.217200,1.327602,-1.628368,-1.090151,-1.733284,-1.338123,-3.223772,0.225160,0.909120,-0.806585,1.867882,1.022017,1.821975,-0.579109,-0.702405,2.198557,1,0,1.0000,1.0000,1,1,0,0,0.0000,0.0000,,,,,126920,124579,847,227,124691,123317,2229,1260,0,2,0.62388,0.10278,0
1786018544.2059,B_right_diagonal_up_left_down_right,B,right,0,,,120,151.0000,345.4000,130.3000,192.5000,151.5000,0.0000,360.0000,135.9000,44.2000,0.0000,152.7000,0.0000,70.3000,0.0000,-0.87000,-0.01000,0.38200,0.87000,0.01000,1.56000,0.30300,0.04500,0.83300,8.02000,4.00000,-2.18000,11.1,0.8,1.0,1.0,0.902607,0.346374,1.097085,-0.252466,0.217195,1.327594,-0.089600,0.486000,0.869300,0.003200,0.133500,0.542300,0.828800,0.034500,0.905872,0.139039,1.212134,-0.252471,0.217200,1.327603,-1.630051,-1.091727,-1.732098,-1.336439,-3.222997,0.226840,0.910028,-0.806585,1.867882,1.022017,1.821975,-0.579109,-0.702405,2.198557,1,0,1.0000,1.0000,1,1,0,0,0.0000,0.0000,,,,,126921,124580,847,228,124691,123318,2230,1260,0,2,0.62505,0.10278,0
1786018544.2102,B_right_diagonal_up_left_down_right,B,right,0,,,121,151.0000,345.4000,130.3000,192.5000,151.5000,0.0000,360.0000,135.9000,44.2000,0.0000,152.7000,0.0000,70.3000,0.0000,-0.87000,-0.01000,0.38200,0.87000,0.01000,1.56000,0.30300,0.04500,0.83300,8.02000,4.00000,-2.18000,11.1,0.8,1.0,1.0,0.902607,0.346374,1.097085,-0.252466,0.217195,1.327594,-0.089600,0.486000,0.869300,0.003200,0.133500,0.542300,0.828800,0.034500,0.905872,0.139039,1.212134,-0.252471,0.217200,1.327603,-1.630051,-1.091727,-1.732098,-1.336439,-3.222997,0.226840,0.910028,-0.806585,1.867882,1.022017,1.821975,-0.579109,-0.702405,2.198557,1,0,1.0000,1.0000,1,1,0,0,0.0000,0.0000,,,,,126921,124580,847,228,124691,123318,2230,1260,0,2,0.62505,0.10278,0
1786018544.2159,B_right_diagonal_up_left_down_right,B,right,0,,,122,151.0000,345.4000,130.3000,192.5000,151.5000,0.0000,360.0000,135.9000,44.2000,0.0000,152.7000,0.0000,70.3000,0.0000,-0.87000,-0.01000,0.38200,0.87000,0.01000,1.56000,0.30300,0.04500,0.83300,8.02000,4.00000,-2.18000,11.1,0.8,1.0,1.0,0.902607,0.346374,1.097085,-0.252466,0.217195,1.327594,-0.089600,0.486000,0.869300,0.003200,0.133500,0.542300,0.828800,0.034500,0.905872,0.139039,1.212134,-0.252471,0.217200,1.327603,-1.630443,-1.092094,-1.731822,-1.336047,-3.222817,0.227231,0.910240,-0.806585,1.867882,1.022017,1.821975,-0.579109,-0.702405,2.198557,1,0,1.0000,1.0000,1,1,0,0,0.0000,0.0000,,,,,7384,8072,805,200,5455,6872,1929,1200,0,0,0.62505,0.10278,0
1786018544.2354,B_right_diagonal_up_left_down_right,B,right,0,,,123,151.0000,345.4000,130.3000,192.5000,151.5000,0.0000,360.0000,135.9000,44.2000,0.0000,152.7000,0.0000,70.3000,0.0000,-0.87000,-0.01000,0.38200,0.87000,0.01000,1.56000,0.30300,0.04500,0.83300,8.02000,4.00000,-2.18000,11.1,0.8,1.0,1.0,0.902607,0.346374,1.097085,-0.252466,0.217195,1.327594,-0.089600,0.486000,0.869300,0.003200,0.133500,0.542300,0.828800,0.034500,0.905872,0.139039,1.212134,-0.252471,0.217200,1.327603,-1.630168,-1.092009,-1.731892,-1.336384,3.060332,0.227168,0.910176,-0.806585,1.867882,1.022017,1.821975,-0.579109,-0.702405,2.198557,1,0,1.0000,1.0000,1,1,0,0,0.0000,0.0000,,,,,126921,124580,847,228,124691,123318,2230,1260,0,2,0.62505,0.10278,0
1786018544.2802,B_right_diagonal_up_left_down_right,B,right,0,,,124,151.1000,345.6000,130.3000,192.5000,151.4000,0.0000,360.0000,139.6000,43.8000,0.0000,153.0000,0.0000,72.5000,0.0000,-0.88000,-0.01900,0.38200,-0.58000,-9.75000,0.80000,0.31200,0.04100,0.90500,-2.38000,-9.92000,6.26000,10.6,0.4,1.0,1.0,0.760971,0.038013,1.297083,-0.047208,0.254795,1.234554,-0.089600,0.486000,0.869300,0.003200,0.133500,0.542300,0.828800,0.034500,0.905872,0.139039,1.212134,-0.252471,0.217200,1.327603,-1.629292,-1.091738,-1.732113,-1.337455,3.060214,0.226969,0.909972,-0.806585,1.867882,1.022017,1.821975,-0.579109,-0.702405,2.198557,1,0,1.0000,1.0000,1,1,0,0,0.0000,0.0000,,,,,126921,8073,847,200,124691,6873,2230,1200,0,0,0.62505,0.10278,0
1786018544.2807,B_right_diagonal_up_left_down_right,B,right,0,,,125,151.1000,345.6000,130.3000,192.5000,151.4000,0.0000,360.0000,139.6000,43.8000,0.0000,153.0000,0.0000,72.5000,0.0000,-0.88000,-0.01900,0.38200,-0.58000,-9.75000,0.80000,0.31200,0.04100,0.90500,-2.38000,-9.92000,6.26000,10.6,0.4,1.0,1.0,0.760971,0.038013,1.297083,-0.047208,0.254795,1.234554,-0.089600,0.486000,0.869300,0.003200,0.133500,0.542300,0.828800,0.034500,0.905872,0.139039,1.212134,-0.252471,0.217200,1.327603,-1.629292,-1.091738,-1.732113,-1.337455,3.060214,0.226969,0.909972,-0.806585,1.867882,1.022017,1.821975,-0.579109,-0.702405,2.198557,1,0,1.0000,1.0000,1,1,0,0,0.0000,0.0000,,,,,126921,8073,847,200,124691,6873,2230,1200,0,0,0.62505,0.10278,0
1786018544.3004,B_right_diagonal_up_left_down_right,B,right,0,,,126,151.1000,34.6000,130.3000,192.5000,152.1000,0.0000,360.0000,141.7000,43.3000,0.0000,152.7000,0.0000,73.7000,0.0000,-0.86300,-0.02800,0.33500,9.17000,-8.67000,3.91000,0.35500,0.02100,0.88500,2.05000,-9.69000,3.53000,104.0,1.0,1.0,1.0,0.706715,0.345125,1.182359,-0.047208,0.254795,1.234554,-0.089600,0.486000,0.869300,0.003200,0.133500,0.542300,0.828800,0.034500,0.901729,0.127655,1.214613,-0.252471,0.217200,1.327603,-1.628241,-1.091413,-1.732378,-1.338739,3.060074,0.226730,0.909728,-0.806585,1.867882,1.022017,1.821975,-0.579109,-0.702405,2.198557,1,0,1.0000,1.0000,1,1,0,0,0.0000,0.0000,,,,,126921,124580,847,228,124691,123318,2230,1260,0,2,0.62505,0.10278,0
1786018546.5943,B_right_diagonal_up_left_down_right,B,right,0,,,127,151.1000,345.6000,130.3000,192.5000,152.0000,0.0000,360.0000,143.5000,42.6000,0.0000,152.4000,0.0000,74.8000,0.0000,-0.85900,-0.00100,0.35000,4.20000,7.66000,-3.53000,0.32400,0.00400,0.88600,6.43000,0.20000,4.73000,10.5,0.7,1.0,1.0,0.904604,0.346303,1.097551,-0.252466,0.217195,1.327594,-0.089600,0.486000,0.869300,0.003200,0.133500,0.542300,0.828800,0.034500,0.896710,0.115795,1.217333,-0.252471,0.217200,1.327603,-1.627051,-1.091045,-1.732678,-1.340194,3.059915,0.226459,0.909451,-0.806754,1.868177,1.022344,1.821979,-0.578884,-0.702177,2.197960,1,0,1.0000,1.0000,1,1,0,0,0.0000,0.0000,,,,,7384,124580,805,228,5455,123318,1929,1260,0,2,0.62505,0.10278,0
1786018546.6038,B_right_diagonal_up_left_down_right,B,right,0,,,128,151.1000,345.6000,130.3000,192.5000,152.0000,0.0000,360.0000,143.5000,42.6000,0.0000,152.4000,0.0000,74.8000,0.0000,-0.85900,-0.00100,0.35000,4.20000,7.66000,-3.53000,0.32400,0.00400,0.88600,6.43000,0.20000,4.73000,10.5,0.7,1.0,1.0,0.904604,0.346303,1.097551,-0.252466,0.217195,1.327594,-0.089600,0.486000,0.869300,0.003200,0.133500,0.542300,0.828800,0.034500,0.896710,0.115795,1.217333,-0.252471,0.217200,1.327603,-1.627051,-1.091045,-1.732678,-1.340194,3.059915,0.226459,0.909451,-0.806754,1.868177,1.022344,1.821979,-0.578884,-0.702177,2.197960,1,0,1.0000,1.0000,1,1,0,0,0.0000,0.0000,,,,,7384,124580,805,228,5455,123318,1929,1260,0,2,0.62505,0.10278,0
1786018546.6262,B_right_diagonal_up_left_down_right,B,right,0,,,129,151.1000,345.6000,130.3000,192.5000,152.0000,0.0000,360.0000,143.5000,42.6000,0.0000,152.4000,0.0000,74.8000,0.0000,-0.85900,-0.00100,0.35000,4.20000,7.66000,-3.53000,0.32400,0.00400,0.88600,6.43000,0.20000,4.73000,10.5,0.7,1.0,1.0,0.904604,0.346303,1.097551,-0.252466,0.217195,1.327594,-0.089600,0.486000,0.869300,0.003200,0.133500,0.542300,0.828800,0.034500,0.896710,0.115795,1.217333,-0.252471,0.217200,1.327603,-1.626588,-1.090902,-1.732795,-1.340760,3.059853,0.226353,0.909343,-0.806821,1.868295,1.022474,1.821981,-0.578794,-0.702086,2.197720,1,0,1.0000,1.0000,1,1,0,0,0.0000,0.0000,,,,,7384,124580,805,228,5455,123318,1929,1260,0,2,0.62505,0.10278,0
1786018546.6481,B_right_diagonal_up_left_down_right,B,right,0,,,130,151.1000,345.6000,130.3000,192.5000,152.0000,0.0000,360.0000,143.5000,42.6000,0.0000,152.4000,0.0000,74.8000,0.0000,-0.85900,-0.00100,0.35000,4.20000,7.66000,-3.53000,0.32400,0.00400,0.88600,6.43000,0.20000,4.73000,10.5,0.7,1.0,1.0,0.904604,0.346303,1.097551,-0.252466,0.217195,1.327594,-0.089600,0.486000,0.869300,0.003200,0.133500,0.542300,0.828800,0.034500,0.896710,0.115795,1.217333,-0.252471,0.217200,1.327603,-1.626315,-1.090817,-1.732864,-1.341094,3.059816,0.226291,0.909280,-0.806859,1.868362,1.022549,1.821982,-0.578743,-0.702035,2.197585,1,0,1.0000,1.0000,1,1,0,0,0.0000,0.0000,,,,,126921,8073,847,200,124691,6873,2230,1200,0,0,0.62505,0.10278,0
1786018546.6640,B_right_diagonal_up_left_down_right,B,right,0,,,131,151.1000,345.6000,130.3000,192.5000,152.0000,0.0000,360.0000,143.5000,42.6000,0.0000,152.4000,0.0000,74.8000,0.0000,-0.85900,-0.00100,0.35000,4.20000,7.66000,-3.53000,0.32400,0.00400,0.88600,6.43000,0.20000,4.73000,10.2,1.1,1.0,1.0,0.904604,0.346303,1.097551,-0.252466,0.217195,1.327594,-0.089600,0.486000,0.869300,0.003200,0.133500,0.542300,0.828800,0.034500,0.891699,0.105404,1.219819,-0.252471,0.217200,1.327603,-1.625216,-1.090477,-1.733141,-1.342437,3.059669,0.226041,0.909024,-0.806935,1.868495,1.022696,1.821984,-0.578642,-0.701932,2.197316,1,0,1.0000,1.0000,1,1,0,0,0.0000,0.0000,,,,,7384,124580,805,228,5455,123318,1929,1260,0,2,0.62505,0.10278,0
1786018546.6877,B_right_diagonal_up_left_down_right,B,right,0,,,132,15.1000,345.7000,130.4000,192.5000,149.5000,0.0000,360.0000,149.7000,39.8000,0.0000,149.1000,0.0000,77.5000,0.0000,-0.85000,-0.02600,0.40200,8.63000,-1.16000,-0.90000,0.32400,0.00300,0.88300,14.10000,-3.13000,2.00000,10.2,1.1,1.0,1.0,0.677508,0.336087,1.180603,-0.961179,0.416098,1.666607,-0.089600,0.486000,0.869300,0.003200,0.133500,0.542300,0.828800,0.034500,0.891699,0.105404,1.219819,-0.252471,0.217200,1.327603,-1.624924,-1.090387,-1.733215,-1.342793,3.059630,0.225975,0.908956,-0.806954,1.868528,1.022732,1.821984,-0.578617,-0.701907,2.197248,1,0,1.0000,1.0000,1,1,0,0,0.0000,0.0000,,,,,126921,124580,848,228,124691,123318,2230,1260,0,2,0.62505,0.10278,0
1786018546.7038,B_right_diagonal_up_left_down_right,B,right,0,,,133,15.1000,345.7000,130.4000,192.5000,149.5000,0.0000,360.0000,149.7000,39.8000,0.0000,149.1000,0.0000,77.5000,0.0000,-0.85000,-0.02600,0.40200,8.63000,-1.16000,-0.90000,0.32400,0.00300,0.88300,14.10000,-3.13000,2.00000,10.2,1.1,1.0,1.0,0.677508,0.336087,1.180603,-0.961179,0.416098,1.666607,-0.089600,0.486000,0.869300,0.003200,0.133500,0.542300,0.828800,0.034500,0.891699,0.105404,1.219819,-0.252471,0.217200,1.327603,-1.624107,-1.090134,-1.733421,-1.343792,3.059521,0.225789,0.908766,-0.806970,1.868557,1.022765,1.821985,-0.578594,-0.701884,2.197189,1,0,1.0000,1.0000,1,1,0,0,0.0000,0.0000,,,,,7384,8073,806,200,5455,6873,1929,1200,0,0,0.62505,0.10278,0
1786018546.7193,B_right_diagonal_up_left_down_right,B,right,0,,,134,15.1000,345.7000,130.4000,192.5000,149.5000,0.0000,360.0000,149.7000,39.8000,0.0000,149.1000,0.0000,77.5000,0.0000,-0.85000,-0.02600,0.40200,8.63000,-1.16000,-0.90000,0.32400,0.00300,0.88300,14.10000,-3.13000,2.00000,10.2,1.1,1.0,1.0,0.677508,0.336087,1.180603,-0.961179,0.416098,1.666607,-0.089600,0.486000,0.869300,0.003200,0.133500,0.542300,0.828800,0.034500,0.891699,0.105404,1.219819,-0.252471,0.217200,1.327603,-1.623493,-1.089944,-1.733576,-1.344543,3.059439,0.225649,0.908624,-0.806970,1.868557,1.022765,1.821985,-0.578594,-0.701884,2.197189,1,0,1.0000,1.0000,1,1,0,0,0.0000,0.0000,,,,,7384,8073,806,201,5455,6873,1929,1200,0,0,0.62505,0.10278,0
1786018546.7401,B_right_diagonal_up_left_down_right,B,right,0,,,135,15.1000,345.7000,130.4000,192.5000,149.5000,0.0000,360.0000,149.7000,39.8000,0.0000,149.1000,0.0000,77.5000,0.0000,-0.85000,-0.02600,0.40200,8.63000,-1.16000,-0.90000,0.32400,0.00300,0.88300,14.10000,-3.13000,2.00000,10.2,1.1,1.0,1.0,0.677508,0.336087,1.180603,-0.961179,0.416098,1.666607,-0.089600,0.486000,0.869300,0.003200,0.133500,0.542300,0.828800,0.034500,0.888136,0.099636,1.220980,-0.252471,0.217200,1.327603,-1.623290,-1.089882,-1.733627,-1.344791,3.059411,0.225603,0.908577,-0.806970,1.868557,1.022765,1.821985,-0.578594,-0.701884,2.197189,1,0,1.0000,1.0000,1,1,0,0,0.0000,0.0000,,,,,126921,124580,848,229,124691,123318,2230,1260,0,2,0.62505,0.10278,0
1786018546.7718,B_right_diagonal_up_left_down_right,B,right,0,,,136,151.1000,345.7000,130.4000,192.4000,151.5000,0.0000,360.0000,149.7000,39.8000,0.0000,149.1000,0.0000,77.5000,0.0000,-0.84900,-0.04500,0.41500,-1.42000,6.39000,4.79000,0.32400,0.00300,0.88300,14.10000,-3.13000,2.00000,10.2,1.1,1.0,1.0,0.756605,0.038272,1.296205,-0.961179,0.416098,1.666607,-0.089600,0.486000,0.869300,0.003200,0.133500,0.542300,0.828800,0.034500,0.888136,0.099636,1.220980,-0.252471,0.217200,1.327603,-1.622737,-1.089710,-1.733767,-1.345467,3.059337,0.225477,0.908448,-0.806970,1.868557,1.022765,1.821985,-0.578594,-0.701884,2.197189,1,0,1.0000,1.0000,1,1,0,0,0.0000,0.0000,,,,,7384,124580,806,229,5455,123318,1929,1260,0,2,0.62505,0.10278,0
1786018546.7856,B_right_diagonal_up_left_down_right,B,right,0,,,137,151.1000,345.7000,130.4000,192.4000,151.5000,0.0000,360.0000,149.7000,39.8000,0.0000,149.1000,0.0000,77.5000,0.0000,-0.84900,-0.04500,0.41500,-1.42000,6.39000,4.79000,0.32400,0.00300,0.88300,14.10000,-3.13000,2.00000,10.2,1.1,1.0,1.0,0.756605,0.038272,1.296205,-0.961179,0.416098,1.666607,-0.089600,0.486000,0.869300,0.003200,0.133500,0.542300,0.828800,0.034500,0.888136,0.099636,1.220980,-0.252471,0.217200,1.327603,-1.622283,-1.089570,-1.733882,-1.346022,3.059277,0.225374,0.908342,-0.806970,1.868557,1.022765,1.821985,-0.578594,-0.701884,2.197189,1,0,1.0000,1.0000,1,1,0,0,0.0000,0.0000,,,,,126922,124580,848,229,124691,123318,2231,1260,0,2,0.65155,0.10278,0
1786018546.8010,B_right_diagonal_up_left_down_right,B,right,0,,,138,151.1000,345.7000,130.4000,192.4000,151.5000,0.0000,360.0000,149.7000,39.8000,0.0000,149.1000,0.0000,77.5000,0.0000,-0.84900,-0.04500,0.41500,-1.42000,6.39000,4.79000,0.32400,0.00300,0.88300,14.10000,-3.13000,2.00000,10.2,1.1,1.0,1.0,0.756605,0.038272,1.296205,-0.961179,0.416098,1.666607,-0.089600,0.486000,0.869300,0.003200,0.133500,0.542300,0.828800,0.034500,0.887488,0.100311,1.220502,-0.252471,0.217200,1.327603,-1.621916,-1.089457,-1.733974,-1.346470,3.059228,0.225290,0.908257,-0.806970,1.868557,1.022765,1.821985,-0.578594,-0.701884,2.197189,1,0,1.0000,1.0000,1,1,0,0,0.0000,0.0000,,,,,126922,124580,848,229,124691,123318,2231,1260,0,2,0.65155,0.10278,0
1786018546.8189,B_right_diagonal_up_left_down_right,B,right,0,,,139,151.1000,345.7000,130.4000,192.4000,151.5000,0.0000,360.0000,149.7000,39.8000,0.0000,149.1000,0.0000,77.5000,0.0000,-0.84900,-0.04500,0.41500,-1.42000,6.39000,4.79000,0.32400,0.00300,0.88300,14.10000,-3.13000,2.00000,10.2,1.1,1.0,1.0,0.756605,0.038272,1.296205,-0.961179,0.416098,1.666607,-0.089600,0.486000,0.869300,0.003200,0.133500,0.542300,0.828800,0.034500,0.887488,0.100311,1.220502,-0.252471,0.217200,1.327603,-1.621368,-1.089287,-1.734113,-1.347141,3.059154,0.225165,0.908130,-0.806970,1.868557,1.022765,1.821985,-0.578594,-0.701884,2.197189,1,0,1.0000,1.0000,1,1,0,0,0.0000,0.0000,,,,,7385,8073,806,201,5455,6873,1930,1200,0,0,0.65155,0.10278,0
1786018546.8379,B_right_diagonal_up_left_down_right,B,right,0,,,140,151.1000,345.7000,130.4000,192.4000,151.5000,0.0000,360.0000,149.7000,39.8000,0.0000,149.1000,0.0000,77.5000,0.0000,-0.84900,-0.04500,0.41500,-1.42000,6.39000,4.79000,0.32400,0.00300,0.88300,14.10000,-3.13000,2.00000,10.2,1.1,1.0,1.0,0.756605,0.038272,1.296205,-0.961179,0.416098,1.666607,-0.089600,0.486000,0.869300,0.003200,0.133500,0.542300,0.828800,0.034500,0.887488,0.100311,1.220502,-0.252471,0.217200,1.327603,-1.615771,-1.087524,-1.735533,-1.354180,3.058395,0.223930,0.906808,-0.806970,1.868557,1.022765,1.821985,-0.578594,-0.701884,2.197189,1,0,1.0000,1.0000,1,1,0,0,0.0000,0.0000,,,,,7385,8073,806,201,5455,6873,1930,1200,0,0,0.65155,0.10278,0
1786018546.8664,B_right_diagonal_up_left_down_right,B,right,0,,,141,151.1000,345.7000,130.4000,192.4000,151.5000,0.0000,360.0000,149.7000,39.8000,0.0000,149.1000,0.0000,77.5000,0.0000,-0.84900,-0.04500,0.41500,-1.42000,6.39000,4.79000,0.32400,0.00300,0.88300,14.10000,-3.13000,2.00000,10.2,1.1,1.0,1.0,0.756605,0.038272,1.296205,-0.961179,0.416098,1.666607,-0.089600,0.486000,0.869300,0.003200,0.133500,0.542300,0.828800,0.034500,0.887488,0.100311,1.220502,-0.252471,0.217200,1.327603,-1.583141,-1.077215,-1.743822,-1.395428,3.053954,0.216769,0.899078,-0.807122,1.868823,1.023060,1.821989,-0.578391,-0.701679,2.196649,1,0,1.0000,1.0000,1,1,0,0,0.0000,0.0000,,,,,126923,124580,848,230,124691,123318,2232,1260,0,2,0.65459,0.10278,0
1786018546.8847,B_right_diagonal_up_left_down_right,B,right,0,,,142,151.2000,345.6000,130.4000,192.6000,151.9000,0.0000,360.0000,160.9000,33.1000,0.0000,139.5000,0.0000,82.2000,0.0000,-0.88200,-0.01600,0.34800,0.99000,2.07000,-1.52000,0.32400,0.12600,0.88800,-1.29000,-9.90000,8.34000,9.8,6.4,1.0,1.0,0.759986,0.038203,1.296931,-0.047208,0.254795,1.234554,-0.089600,0.486000,0.869300,0.003200,0.133500,0.542300,0.828800,0.034500,0.886866,0.100053,1.220920,-0.252471,0.217200,1.327603,-1.573873,-1.074286,-1.746176,-1.407144,3.052693,0.214735,0.896882,-0.807222,1.868998,1.023253,1.821991,-0.578257,-0.701544,2.196296,1,0,1.0000,1.0000,1,1,0,0,0.0000,0.0000,,,,,126923,124580,848,230,124691,123318,2232,1260,0,2,0.65459,0.10278,0
1786018546.9001,B_right_diagonal_up_left_down_right,B,right,0,,,143,151.2000,345.6000,130.4000,192.6000,151.9000,0.0000,360.0000,160.9000,33.1000,0.0000,139.5000,0.0000,82.2000,0.0000,-0.88200,-0.01600,0.34800,0.99000,2.07000,-1.52000,0.32400,0.12600,0.88800,-1.29000,-9.90000,8.34000,9.8,6.4,1.0,1.0,0.759986,0.038203,1.296931,-0.047208,0.254795,1.234554,-0.089600,0.486000,0.869300,0.003200,0.133500,0.542300,0.828800,0.034500,0.886866,0.100053,1.220920,-0.252471,0.217200,1.327603,-1.555032,-1.068333,-1.750962,-1.430962,3.050129,0.210600,0.892419,-0.807281,1.869102,1.023368,1.821993,-0.578178,-0.701464,2.196084,1,0,1.0000,1.0000,1,1,0,0,0.0000,0.0000,,,,,126923,124580,848,230,124691,123318,2232,1260,0,2,0.65459,0.10278,0
1786018546.9212,B_right_diagonal_up_left_down_right,B,right,0,,,144,151.2000,345.6000,130.4000,192.6000,151.9000,0.0000,360.0000,160.9000,33.1000,0.0000,139.5000,0.0000,82.2000,0.0000,-0.88200,-0.01600,0.34800,0.99000,2.07000,-1.52000,0.32400,0.12600,0.88800,-1.29000,-9.90000,8.34000,9.8,6.4,1.0,1.0,0.759986,0.038203,1.296931,-0.047208,0.254795,1.234554,-0.089600,0.486000,0.869300,0.003200,0.133500,0.542300,0.828800,0.034500,0.886866,0.100053,1.220920,-0.252471,0.217200,1.327603,-1.550487,-1.066897,-1.752117,-1.436708,3.049511,0.209602,0.891343,-0.807281,1.869102,1.023368,1.821993,-0.578178,-0.701464,2.196084,1,0,1.0000,1.0000,1,1,0,0,0.0000,0.0000,,,,,126923,124580,848,230,124691,123318,2232,1260,0,2,0.65459,0.10278,0
1786018546.9440,B_right_diagonal_up_left_down_right,B,right,0,,,145,151.2000,345.6000,130.4000,192.6000,151.9000,0.0000,360.0000,160.9000,33.1000,0.0000,139.5000,0.0000,82.2000,0.0000,-0.88200,-0.01600,0.34800,0.99000,2.07000,-1.52000,0.32400,0.12600,0.88800,-1.29000,-9.90000,8.34000,9.8,6.4,1.0,1.0,0.759986,0.038203,1.296931,-0.047208,0.254795,1.234554,-0.089600,0.486000,0.869300,0.003200,0.133500,0.542300,0.828800,0.034500,0.883100,0.098418,1.223585,-0.252471,0.217200,1.327603,-1.536281,-1.062409,-1.755726,-1.454665,3.047578,0.206485,0.887977,-0.807281,1.869102,1.023368,1.821993,-0.578178,-0.701464,2.196084,1,0,1.0000,1.0000,1,1,0,0,0.0000,0.0000,,,,,7387,8073,806,202,5455,6873,1932,1200,0,0,0.65411,0.10278,0
1786018546.9626,B_right_diagonal_up_left_down_right,B,right,0,,,146,151.2000,345.6000,130.4000,192.6000,151.9000,0.0000,360.0000,160.9000,33.1000,0.0000,139.5000,0.0000,82.2000,0.0000,-0.88200,-0.01600,0.34800,0.99000,2.07000,-1.52000,0.32400,0.12600,0.88800,-1.29000,-9.90000,8.34000,9.8,6.4,1.0,1.0,0.759986,0.038203,1.296931,-0.047208,0.254795,1.234554,-0.089600,0.486000,0.869300,0.003200,0.133500,0.542300,0.828800,0.034500,0.883100,0.098418,1.223585,-0.252471,0.217200,1.327603,-1.526356,-1.059273,-1.758247,-1.467211,3.046227,0.204306,0.885626,-0.807281,1.869102,1.023368,1.821993,-0.578178,-0.701464,2.196084,1,0,1.0000,1.0000,1,1,0,0,0.0000,0.0000,,,,,126924,124580,848,230,124691,123318,2233,1260,0,2,0.65411,0.10278,0
1786018546.9823,B_right_diagonal_up_left_down_right,B,right,0,,,147,151.2000,345.6000,130.4000,192.6000,151.9000,0.0000,360.0000,160.9000,33.1000,0.0000,139.5000,0.0000,82.2000,0.0000,-0.88200,-0.01600,0.34800,0.99000,2.07000,-1.52000,0.32400,0.12600,0.88800,-1.29000,-9.90000,8.34000,9.8,6.4,1.0,1.0,0.759986,0.038203,1.296931,-0.047208,0.254795,1.234554,-0.089600,0.486000,0.869300,0.003200,0.133500,0.542300,0.828800,0.034500,0.883100,0.098418,1.223585,-0.252471,0.217200,1.327603,-1.512959,-1.055040,-1.761650,-1.484147,3.044404,0.201366,0.882453,-0.807281,1.869102,1.023368,1.821993,-0.578178,-0.701464,2.196084,1,0,1.0000,1.0000,1,1,0,0,0.0000,0.0000,,,,,126924,8073,848,202,124691,6873,2233,1200,0,0,0.65411,0.10278,0
1786018547.0027,B_right_diagonal_up_left_down_right,B,right,0,,,148,151.2000,345.6000,130.4000,192.6000,151.9000,0.0000,360.0000,160.9000,33.1000,0.0000,139.5000,0.0000,82.2000,0.0000,-0.88200,-0.01600,0.34800,0.99000,2.07000,-1.52000,0.32400,0.12600,0.88800,-1.29000,-9.90000,8.34000,9.6,2.0,1.0,1.0,0.759986,0.038203,1.296931,-0.047208,0.254795,1.234554,-0.089600,0.486000,0.869300,0.003200,0.133500,0.542300,0.828800,0.034500,0.883100,0.098418,1.223585,-0.252471,0.217200,1.327603,-1.489873,-1.047746,-1.767514,-1.513330,3.041263,0.196300,0.876984,-0.807281,1.869102,1.023368,1.821993,-0.578178,-0.701464,2.196084,1,0,1.0000,1.0000,1,1,0,0,0.0000,0.0000,,,,,126924,8073,848,203,124691,6873,2233,1200,0,0,0.65411,0.10278,0
1786018547.0220,B_right_diagonal_up_left_down_right,B,right,0,,,149,151.2000,345.8000,130.4000,192.4000,150.0000,0.0000,360.0000,171.3000,28.1000,0.0000,130.8000,0.0000,83.8000,0.0000,-0.83600,-0.03900,0.40200,1.66000,5.93000,3.14000,0.39500,0.08900,0.92100,-2.04000,-3.52000,4.00000,9.6,2.0,1.0,1.0,0.756380,0.038374,1.296184,-0.047208,0.254795,1.234554,-0.089600,0.486000,0.869300,0.003200,0.133500,0.542300,0.828800,0.034500,0.871550,0.093246,1.231582,-0.252471,0.217200,1.327603,-1.484909,-1.046177,-1.768775,-1.519606,3.040587,0.195210,0.875808,-0.807281,1.869102,1.023368,1.821993,-0.578178,-0.701464,2.196084,1,0,1.0000,1.0000,1,1,0,0,0.0000,0.0000,,,,,7387,8073,806,203,5455,6873,1932,1200,0,0,0.65411,0.10278,0
1786018547.0598,B_right_diagonal_up_left_down_right,B,right,0,,,150,151.2000,345.8000,130.4000,192.4000,150.0000,0.0000,360.0000,171.3000,28.1000,0.0000,130.8000,0.0000,83.8000,0.0000,-0.83600,-0.03900,0.40200,1.66000,5.93000,3.14000,0.39500,0.08900,0.92100,-2.04000,-3.52000,4.00000,10.8,1.3,1.0,1.0,0.756380,0.038374,1.296184,-0.047208,0.254795,1.234554,-0.089600,0.486000,0.869300,0.003200,0.133500,0.542300,0.828800,0.034500,0.871550,0.093246,1.231582,-0.252471,0.217200,1.327603,-1.476068,-1.043384,-1.771021,-1.530782,3.039384,0.193270,0.873714,-0.807281,1.869102,1.023368,1.821993,-0.578178,-0.701464,2.196084,1,0,1.0000,1.0000,1,1,0,0,0.0000,0.0000,,,,,7387,8073,806,203,5455,6873,1932,1200,0,0,0.65411,0.10278,0
1786018547.0705,B_right_diagonal_up_left_down_right,B,right,0,,,151,151.2000,345.8000,130.4000,192.4000,150.0000,0.0000,360.0000,171.3000,28.1000,0.0000,130.8000,0.0000,83.8000,0.0000,-0.83600,-0.03900,0.40200,1.66000,5.93000,3.14000,0.39500,0.08900,0.92100,-2.04000,-3.52000,4.00000,10.8,1.3,1.0,1.0,0.756380,0.038374,1.296184,-0.047208,0.254795,1.234554,-0.089600,0.486000,0.869300,0.003200,0.133500,0.542300,0.828800,0.034500,0.871550,0.093246,1.231582,-0.252471,0.217200,1.327603,-1.476068,-1.043384,-1.771021,-1.530782,3.039384,0.193270,0.873714,-0.807281,1.869102,1.023368,1.821993,-0.578178,-0.701464,2.196084,1,0,1.0000,1.0000,1,1,0,0,0.0000,0.0000,,,,,7387,8073,806,203,5455,6873,1932,1200,0,0,0.65411,0.10278,0
1786018547.0884,B_right_diagonal_up_left_down_right,B,right,0,,,152,151.2000,345.8000,130.4000,192.4000,149.7000,0.0000,360.0000,182.3000,27.8000,0.0000,127.5000,0.0000,84.0000,0.0000,-0.83600,-0.05600,0.42600,2.79000,3.18000,3.44000,0.40100,0.06200,0.86400,-4.37000,-2.94000,8.03000,10.2,2.3,1.0,1.0,0.753272,0.038515,1.295561,-0.047208,0.254795,1.234554,-0.089600,0.486000,0.869300,0.003200,0.133500,0.542300,0.828800,0.034500,0.860020,0.088652,1.239129,-0.252471,0.217200,1.327603,-1.466498,-1.040360,-1.773452,-1.542880,3.038082,0.191170,0.871447,-0.807281,1.869102,1.023368,1.821993,-0.578178,-0.701464,2.196084,1,0,1.0000,1.0000,1,1,0,0,0.0000,0.0000,,,,,7388,8073,806,203,5455,6873,1933,1200,0,0,0.65712,0.10278,0
1786018547.1184,B_right_diagonal_up_left_down_right,B,right,0,,,153,151.2000,34.0000,130.4000,192.4000,149.8000,0.0000,360.0000,183.8000,27.8000,0.0000,126.8000,0.0000,84.0000,0.0000,-0.84500,-0.02600,0.38100,0.04000,1.27000,2.50000,0.37700,0.04400,0.85900,-4.04000,-2.98000,5.73000,10.4,4.0,1.0,1.0,0.685329,0.340998,1.178449,-0.961179,0.416098,1.666607,-0.089600,0.486000,0.869300,0.003200,0.133500,0.542300,0.828800,0.034500,0.860020,0.088652,1.239129,-0.252471,0.217200,1.327603,-1.458140,-1.038187,-1.775226,-1.553626,-3.245966,0.189785,0.869775,-0.807281,1.869102,1.023368,1.821993,-0.578178,-0.701464,2.196084,1,0,1.0000,1.0000,0,1,1,0,0.0305,0.0000,,,,,7388,8073,806,203,5455,6873,1933,1200,0,0,0.65712,0.10278,0
1786018547.1193,B_right_diagonal_up_left_down_right,B,right,0,,,154,151.2000,34.0000,130.4000,192.4000,149.8000,0.0000,360.0000,183.8000,27.8000,0.0000,126.8000,0.0000,84.0000,0.0000,-0.84500,-0.02600,0.38100,0.04000,1.27000,2.50000,0.37700,0.04400,0.85900,-4.04000,-2.98000,5.73000,10.4,4.0,1.0,1.0,0.685329,0.340998,1.178449,-0.961179,0.416098,1.666607,-0.089600,0.486000,0.869300,0.003200,0.133500,0.542300,0.828800,0.034500,0.860020,0.088652,1.239129,-0.252471,0.217200,1.327603,-1.458140,-1.038187,-1.775226,-1.553626,-3.245966,0.189785,0.869775,-0.807281,1.869102,1.023368,1.821993,-0.578178,-0.701464,2.196084,1,0,1.0000,1.0000,0,1,1,0,0.0305,0.0000,,,,,7388,8073,806,203,5455,6873,1933,1200,0,0,0.65712,0.10278,0
1786018547.1453,B_right_diagonal_up_left_down_right,B,right,0,,,155,151.2000,34.0000,130.4000,192.4000,149.8000,0.0000,360.0000,183.8000,27.8000,0.0000,126.8000,0.0000,84.0000,0.0000,-0.84500,-0.02600,0.38100,0.04000,1.27000,2.50000,0.37700,0.04400,0.85900,-4.04000,-2.98000,5.73000,10.4,4.0,1.0,1.0,0.685329,0.340998,1.178449,-0.961179,0.416098,1.666607,-0.089600,0.486000,0.869300,0.003200,0.133500,0.542300,0.828800,0.034500,0.860020,0.088652,1.239129,-0.252471,0.217200,1.327603,-1.459147,-1.039195,-1.774450,-1.552618,-3.245421,0.190675,0.870472,-0.807281,1.869102,1.023368,1.821993,-0.578178,-0.701464,2.196084,1,0,1.0000,1.0000,0,1,1,0,0.0305,0.0000,,,,,126926,124580,848,231,124691,123318,2235,1260,0,2,0.65500,0.10278,0
1786018547.1677,B_right_diagonal_up_left_down_right,B,right,0,,,156,151.2000,34.0000,130.4000,192.4000,149.8000,0.0000,360.0000,183.8000,27.8000,0.0000,126.8000,0.0000,84.0000,0.0000,-0.84500,-0.02600,0.38100,0.04000,1.27000,2.50000,0.37700,0.04400,0.85900,-4.04000,-2.98000,5.73000,10.4,4.0,1.0,1.0,0.685329,0.340998,1.178449,-0.961179,0.416098,1.666607,-0.089600,0.486000,0.869300,0.003200,0.133500,0.542300,0.828800,0.034500,0.851106,0.088581,1.241650,-0.252471,0.217200,1.327603,-1.459592,-1.039640,-1.774107,-1.552173,-3.245180,0.191067,0.870781,-0.807281,1.869102,1.023368,1.821993,-0.578178,-0.701464,2.196084,1,0,1.0000,1.0000,0,1,1,0,0.0305,0.0000,,,,,7389,8073,806,203,5455,6873,1934,1200,0,0,0.65500,0.10278,0
1786018547.1863,B_right_diagonal_up_left_down_right,B,right,0,,,157,151.2000,34.0000,130.4000,192.4000,149.8000,0.0000,360.0000,89.9000,28.1000,0.0000,50.4000,0.0000,84.2000,0.0000,-0.84500,-0.02600,0.38100,0.04000,1.27000,2.50000,0.36800,0.08900,0.84900,3.61000,-2.87000,-1.45000,11.5,1.2,1.0,1.0,0.685329,0.340998,1.178449,-0.047208,0.254795,1.234554,-0.089600,0.486000,0.869300,0.003200,0.133500,0.542300,0.828800,0.034500,0.851106,0.088581,1.241650,-0.252471,0.217200,1.327603,-1.460055,-1.040186,-1.773691,-1.551939,3.038304,0.191528,0.871155,-0.807281,1.869102,1.023368,1.821993,-0.578178,-0.701464,2.196084,1,0,1.0000,1.0000,0,1,1,0,0.0305,0.0000,,,,,126927,124580,848,231,124691,123318,2236,1260,0,2,0.65500,0.10278,0
1786018547.2031,B_right_diagonal_up_left_down_right,B,right,0,,,158,151.2000,34.0000,130.4000,192.4000,149.8000,0.0000,360.0000,89.9000,28.1000,0.0000,50.4000,0.0000,84.2000,0.0000,-0.84500,-0.02600,0.38100,0.04000,1.27000,2.50000,0.36800,0.08900,0.84900,3.61000,-2.87000,-1.45000,11.5,1.2,1.0,1.0,0.685329,0.340998,1.178449,-0.047208,0.254795,1.234554,-0.089600,0.486000,0.869300,0.003200,0.133500,0.542300,0.828800,0.034500,0.851106,0.088581,1.241650,-0.252471,0.217200,1.327603,-1.459877,-1.040147,-1.773729,-1.552494,3.038290,0.191458,0.871122,-0.807281,1.869102,1.023368,1.821993,-0.578178,-0.701464,2.196084,1,0,1.0000,1.0000,0,1,1,0,0.0305,0.0000,,,,,126927,124580,848,231,124691,123318,2236,1260,0,2,0.65500,0.10278,0
1786018547.2428,B_right_diagonal_up_left_down_right,B,right,0,,,159,151.2000,34.0000,130.4000,192.4000,149.8000,0.0000,360.0000,89.9000,28.1000,0.0000,50.4000,0.0000,84.2000,0.0000,-0.84500,-0.02600,0.38100,0.04000,1.27000,2.50000,0.36800,0.08900,0.84900,3.61000,-2.87000,-1.45000,11.5,1.2,1.0,1.0,0.685329,0.340998,1.178449,-0.047208,0.254795,1.234554,-0.089600,0.486000,0.869300,0.003200,0.133500,0.542300,0.828800,0.034500,0.839418,0.106575,1.228742,-0.252471,0.217200,1.327603,-1.459235,-1.040007,-1.773864,-1.554505,3.038237,0.191205,0.871001,-0.807281,1.869102,1.023368,1.821993,-0.578178,-0.701464,2.196084,1,0,1.0000,1.0000,0,1,1,0,0.0305,0.0000,,,,,7389,124580,806,232,5455,123318,1934,1260,0,2,0.65500,0.10278,0
1786018547.2520,B_right_diagonal_up_left_down_right,B,right,0,,,160,151.2000,34.0000,130.4000,192.4000,149.8000,0.0000,360.0000,89.9000,28.1000,0.0000,50.4000,0.0000,84.2000,0.0000,-0.84500,-0.02600,0.38100,0.04000,1.27000,2.50000,0.36800,0.08900,0.84900,3.61000,-2.87000,-1.45000,10.7,1.8,1.0,1.0,0.685329,0.340998,1.178449,-0.047208,0.254795,1.234554,-0.089600,0.486000,0.869300,0.003200,0.133500,0.542300,0.828800,0.034500,0.839418,0.106575,1.228742,-0.252471,0.217200,1.327603,-1.459127,-1.039983,-1.773887,-1.554842,3.038228,0.191163,0.870980,-0.807281,1.869102,1.023368,1.821993,-0.578178,-0.701464,2.196084,1,0,1.0000,1.0000,0,1,1,0,0.0305,0.0000,,,,,126927,124580,848,232,124691,123318,2236,1260,0,2,0.65500,0.10278,0
1786018547.2597,B_right_diagonal_up_left_down_right,B,right,0,,,161,151.1000,345.7000,130.5000,192.5000,151.7000,0.0000,360.0000,192.9000,28.1000,0.0000,40.5000,0.0000,84.6000,0.0000,-0.86400,-0.03100,0.35100,3.19000,4.59000,2.25000,0.37200,0.05700,0.86600,-1.28000,-7.09000,-3.16000,10.7,1.8,1.0,1.0,0.692040,0.342217,1.178723,-0.961179,0.416098,1.666607,-0.089600,0.486000,0.869300,0.003200,0.133500,0.542300,0.828800,0.034500,0.839418,0.106575,1.228742,-0.252471,0.217200,1.327603,-1.459127,-1.039983,-1.773887,-1.554842,3.038228,0.191163,0.870980,-0.807281,1.869102,1.023368,1.821993,-0.578178,-0.701464,2.196084,1,0,1.0000,1.0000,1,1,0,0,0.0000,0.0000,,,,,126927,124580,848,232,124691,123318,2236,1260,0,2,0.65500,0.10278,0
1786018547.2791,B_right_diagonal_up_left_down_right,B,right,0,,,162,151.1000,345.7000,130.5000,192.5000,152.2000,0.0000,360.0000,195.3000,28.1000,0.0000,38.0000,0.0000,84.8000,0.0000,-0.86000,-0.04200,0.36000,3.66000,4.25000,1.83000,0.36600,0.04600,0.85700,-0.79000,-6.95000,-3.08000,10.5,2.1,1.0,1.0,0.904278,0.346320,1.097465,-0.252466,0.217195,1.327594,-0.089600,0.486000,0.869300,0.003200,0.133500,0.542300,0.828800,0.034500,0.839418,0.106575,1.228742,-0.252471,0.217200,1.327603,-1.458914,-1.039936,-1.773931,-1.555509,3.038211,0.191079,0.870940,-0.807281,1.869102,1.023368,1.821993,-0.578178,-0.701464,2.196084,1,0,1.0000,1.0000,1,1,0,0,0.0000,0.0000,,,,,7389,124580,806,232,5455,123318,1934,1260,0,2,0.65500,0.10278,0
1786018547.3075,B_right_diagonal_up_left_down_right,B,right,0,,,163,151.1000,345.7000,130.5000,192.5000,152.2000,0.0000,360.0000,195.3000,28.1000,0.0000,38.0000,0.0000,84.8000,0.0000,-0.86000,-0.04200,0.36000,3.66000,4.25000,1.83000,0.36600,0.04600,0.85700,-0.79000,-6.95000,-3.08000,10.0,1.7,1.0,1.0,0.904278,0.346320,1.097465,-0.252466,0.217195,1.327594,-0.089600,0.486000,0.869300,0.003200,0.133500,0.542300,0.828800,0.034500,0.825230,0.125491,1.216851,-0.252471,0.217200,1.327603,-1.452798,-1.038286,-1.775366,-1.574625,3.037568,0.189098,0.869595,-0.807281,1.869102,1.023368,1.821993,-0.578178,-0.701464,2.196084,1,0,1.0000,1.0000,1,1,0,0,0.0000,0.0000,,,,,126928,124580,848,232,124691,123318,2237,1260,0,2,0.64056,0.10278,0
1786018547.3226,B_right_diagonal_up_left_down_right,B,right,0,,,164,151.3000,345.7000,130.5000,192.5000,152.7000,0.0000,360.0000,195.3000,28.1000,0.0000,38.0000,0.0000,84.8000,0.0000,-0.84000,-0.04300,0.39600,6.53000,2.85000,0.70000,0.36600,0.04600,0.85700,-0.79000,-6.95000,-3.08000,10.0,1.7,1.0,1.0,0.752170,0.038599,1.295298,-0.252466,0.217195,1.327594,-0.089600,0.486000,0.869300,0.003200,0.133500,0.542300,0.828800,0.034500,0.825230,0.125491,1.216851,-0.252471,0.217200,1.327603,-1.452798,-1.038286,-1.775366,-1.574625,3.037568,0.189098,0.869595,-0.807281,1.869102,1.023368,1.821993,-0.578178,-0.701464,2.196084,1,0,1.0000,1.0000,1,1,0,0,0.0000,0.0000,,,,,126928,124580,848,232,124691,123318,2237,1260,0,2,0.64056,0.10278,0
1786018547.3666,B_right_diagonal_up_left_down_right,B,right,0,,,165,151.3000,345.7000,130.5000,192.5000,152.7000,0.0000,360.0000,199.4000,28.1000,0.0000,36.2000,0.0000,85.5000,0.0000,-0.84000,-0.04300,0.39600,6.53000,2.85000,0.70000,0.37000,0.11500,0.85900,-0.79000,-8.18000,-3.03000,10.0,1.7,1.0,1.0,0.752170,0.038599,1.295298,-0.047208,0.254795,1.234554,-0.089600,0.486000,0.869300,0.003200,0.133500,0.542300,0.828800,0.034500,0.825230,0.125491,1.216851,-0.252471,0.217200,1.327603,-1.445512,-1.036306,-1.777081,-1.597402,3.036796,0.186756,0.867983,-0.807281,1.869102,1.023368,1.821993,-0.578178,-0.701464,2.196084,1,0,1.0000,1.0000,1,1,0,0,0.0000,0.0000,,,,,126928,124580,848,233,124691,123318,2237,1260,0,2,0.64056,0.10278,0
1786018547.3735,B_right_diagonal_up_left_down_right,B,right,0,,,166,151.3000,345.7000,130.5000,192.5000,152.7000,0.0000,360.0000,199.4000,28.1000,0.0000,36.2000,0.0000,85.5000,0.0000,-0.84000,-0.04300,0.39600,6.53000,2.85000,0.70000,0.37000,0.11500,0.85900,-0.79000,-8.18000,-3.03000,10.0,1.7,1.0,1.0,0.752170,0.038599,1.295298,-0.047208,0.254795,1.234554,-0.089600,0.486000,0.869300,0.003200,0.133500,0.542300,0.828800,0.034500,0.825230,0.125491,1.216851,-0.252471,0.217200,1.327603,-1.445512,-1.036306,-1.777081,-1.597402,3.036796,0.186756,0.867983,-0.807281,1.869102,1.023368,1.821993,-0.578178,-0.701464,2.196084,1,0,1.0000,1.0000,1,1,0,0,0.0000,0.0000,,,,,126928,124580,848,233,124691,123318,2237,1260,0,2,0.64056,0.10278,0
1786018547.3954,B_right_diagonal_up_left_down_right,B,right,0,,,167,151.3000,345.7000,130.5000,192.5000,152.7000,0.0000,360.0000,199.4000,28.1000,0.0000,36.2000,0.0000,85.5000,0.0000,-0.84000,-0.04300,0.39600,6.53000,2.85000,0.70000,0.37000,0.11500,0.85900,-0.79000,-8.18000,-3.03000,10.0,1.7,1.0,1.0,0.752170,0.038599,1.295298,-0.047208,0.254795,1.234554,-0.089600,0.486000,0.869300,0.003200,0.133500,0.542300,0.828800,0.034500,0.814819,0.140139,1.209949,-0.252471,0.217200,1.327603,-1.443678,-1.035807,-1.777513,-1.603136,3.036601,0.186166,0.867578,-0.807281,1.869102,1.023368,1.821993,-0.578178,-0.701464,2.196084,1,0,1.0000,1.0000,1,1,0,0,0.0000,0.0000,,,,,7391,8073,806,204,5455,6873,1936,1200,0,0,0.62481,0.10278,0
1786018547.4178,B_right_diagonal_up_left_down_right,B,right,0,,,168,151.2000,345.7000,130.5000,192.4000,151.2000,0.0000,360.0000,199.4000,28.1000,0.0000,36.2000,0.0000,85.5000,0.0000,-0.85600,-0.04100,0.41000,1.38000,2.60000,0.97000,0.37000,0.11500,0.85900,-0.79000,-8.18000,-3.03000,10.3,1.5,1.0,1.0,0.750997,0.038648,1.295057,-0.047208,0.254795,1.234554,-0.089600,0.486000,0.869300,0.003200,0.133500,0.542300,0.828800,0.034500,0.814819,0.140139,1.209949,-0.252471,0.217200,1.327603,-1.443678,-1.035807,-1.777513,-1.603136,3.036601,0.186166,0.867578,-0.807281,1.869102,1.023368,1.821993,-0.578178,-0.701464,2.196084,1,0,1.0000,1.0000,1,1,0,0,0.0000,0.0000,,,,,7391,8073,806,204,5455,6873,1936,1200,0,0,0.62481,0.10278,0
1786018547.4189,B_right_diagonal_up_left_down_right,B,right,0,,,169,151.2000,345.7000,130.5000,192.4000,151.2000,0.0000,360.0000,199.4000,28.1000,0.0000,36.2000,0.0000,85.5000,0.0000,-0.85600,-0.04100,0.41000,1.38000,2.60000,0.97000,0.37000,0.11500,0.85900,-0.79000,-8.18000,-3.03000,10.3,1.5,1.0,1.0,0.750997,0.038648,1.295057,-0.047208,0.254795,1.234554,-0.089600,0.486000,0.869300,0.003200,0.133500,0.542300,0.828800,0.034500,0.814819,0.140139,1.209949,-0.252471,0.217200,1.327603,-1.443678,-1.035807,-1.777513,-1.603136,3.036601,0.186166,0.867578,-0.807281,1.869102,1.023368,1.821993,-0.578178,-0.701464,2.196084,1,0,1.0000,1.0000,1,1,0,0,0.0000,0.0000,,,,,7391,8073,806,204,5455,6873,1936,1200,0,0,0.62481,0.10278,0
1786018547.4387,B_right_diagonal_up_left_down_right,B,right,0,,,170,151.2000,345.7000,130.5000,192.4000,151.2000,0.0000,360.0000,206.4000,28.3000,0.0000,70.3000,0.0000,85.9000,0.0000,-0.85600,-0.04100,0.41000,1.38000,2.60000,0.97000,0.40200,0.08600,0.85100,-3.15000,-8.60000,0.01000,10.3,1.5,1.0,1.0,0.750997,0.038648,1.295057,-0.047208,0.254795,1.234554,-0.089600,0.486000,0.869300,0.003200,0.133500,0.542300,0.828800,0.034500,0.814819,0.140139,1.209949,-0.252471,0.217200,1.327603,-1.441758,-1.035286,-1.777965,-1.609139,3.036398,0.185549,0.867153,-0.807281,1.869102,1.023368,1.821993,-0.578178,-0.701464,2.196084,1,0,1.0000,1.0000,1,1,0,0,0.0000,0.0000,,,,,126928,124580,848,233,124691,123318,2237,1260,0,2,0.64056,0.10278,0
1786018547.4610,B_right_diagonal_up_left_down_right,B,right,0,,,171,151.2000,345.7000,1305.0000,192.4000,150.0000,0.0000,360.0000,210.1000,28.6000,0.0000,96.9000,0.0000,86.1000,0.0000,-0.86300,-0.03400,0.40100,-0.76000,0.95000,0.89000,0.41900,0.05400,0.83300,0.98000,-6.79000,-2.96000,10.6,0.9,1.0,1.0,0.901315,0.346462,1.096955,-0.252466,0.217195,1.327594,-0.089600,0.486000,0.869300,0.003200,0.133500,0.542300,0.828800,0.034500,0.814652,0.137913,1.211580,-0.252471,0.217200,1.327603,-1.437994,-1.034263,-1.778851,-1.620907,3.035999,0.184339,0.866321,-0.807281,1.869102,1.023368,1.821993,-0.578178,-0.701464,2.196084,1,0,1.0000,1.0000,1,1,0,0,0.0000,0.0000,,,,,126928,124580,848,233,124691,123318,2237,1260,0,2,0.64056,0.10278,0
1786018547.4783,B_right_diagonal_up_left_down_right,B,right,0,,,172,151.2000,345.7000,130.4000,192.5000,151.8000,0.0000,360.0000,210.1000,28.6000,0.0000,96.9000,0.0000,86.1000,0.0000,-0.86400,-0.03500,0.37200,-0.74000,-0.80000,1.30000,0.41900,0.05400,0.83300,0.98000,-6.79000,-2.96000,10.6,0.9,1.0,1.0,0.901315,0.346462,1.096955,-0.252466,0.217195,1.327594,-0.089600,0.486000,0.869300,0.003200,0.133500,0.542300,0.828800,0.034500,0.814652,0.137913,1.211580,-0.252471,0.217200,1.327603,-1.436461,-1.033950,-1.779159,-1.626807,3.035879,0.183699,0.866053,-0.807281,1.869102,1.023368,1.821993,-0.578178,-0.701464,2.196084,1,0,1.0000,1.0000,1,1,0,0,0.0000,0.0000,,,,,7391,8073,806,204,5455,6873,1936,1200,0,0,0.62481,0.10278,0
1786018547.5062,B_right_diagonal_up_left_down_right,B,right,0,,,173,151.2000,345.7000,130.4000,192.5000,151.8000,0.0000,360.0000,215.8000,29.1000,0.0000,74.4000,0.0000,86.5000,0.0000,-0.86400,-0.03500,0.37200,-0.74000,-0.80000,1.30000,0.40400,0.07600,0.85400,-2.74000,-8.95000,-2.15000,10.8,1.5,1.0,1.0,0.695108,0.343163,1.178541,-0.961179,0.416098,1.666607,-0.089600,0.486000,0.869300,0.003200,0.133500,0.542300,0.828800,0.034500,0.814652,0.137913,1.211580,-0.252471,0.217200,1.327603,-1.435566,-1.033768,-1.779339,-1.630254,3.035809,0.183324,0.865897,-0.807281,1.869102,1.023368,1.821993,-0.578178,-0.701464,2.196084,1,0,1.0000,1.0000,1,1,0,0,0.0000,0.0000,,,,,126928,124580,848,233,124691,123318,2237,1260,0,2,0.64056,0.10278,0
1786018547.5183,B_right_diagonal_up_left_down_right,B,right,0,,,174,151.2000,345.7000,130.4000,192.5000,152.4000,0.0000,360.0000,217.6000,29.4000,0.0000,60.1000,0.0000,87.2000,0.0000,-0.87700,-0.04100,0.36200,0.03000,-1.18000,1.60000,0.42100,0.08600,0.83800,-2.09000,-9.09000,-1.50000,10.5,1.2,1.0,1.0,0.754349,0.038529,1.295725,-0.047208,0.254795,1.234554,-0.089600,0.486000,0.869300,0.003200,0.133500,0.542300,0.828800,0.034500,0.813440,0.126914,1.219573,-0.252471,0.217200,1.327603,-1.434075,-1.033464,-1.779639,-1.636093,3.035692,0.182701,0.865637,-0.807281,1.869102,1.023368,1.821993,-0.578178,-0.701464,2.196084,1,0,1.0000,1.0000,1,1,0,0,0.0000,0.0000,,,,,126928,124580,848,233,124691,123318,2237,1260,0,2,0.64056,0.10278,0
1786018547.5493,B_right_diagonal_up_left_down_right,B,right,0,,,175,151.2000,345.7000,130.4000,192.5000,152.4000,0.0000,360.0000,217.6000,29.4000,0.0000,60.1000,0.0000,87.2000,0.0000,-0.87700,-0.04100,0.36200,0.03000,-1.18000,1.60000,0.42100,0.08600,0.83800,-2.09000,-9.09000,-1.50000,10.5,1.2,1.0,1.0,0.754349,0.038529,1.295725,-0.047208,0.254795,1.234554,-0.089600,0.486000,0.869300,0.003200,0.133500,0.542300,0.828800,0.034500,0.813440,0.126914,1.219573,-0.252471,0.217200,1.327603,-1.434075,-1.033464,-1.779639,-1.636093,3.035692,0.182701,0.865637,-0.807281,1.869102,1.023368,1.821993,-0.578178,-0.701464,2.196084,1,0,1.0000,1.0000,1,1,0,0,0.0000,0.0000,,,,,126928,124580,848,233,124691,123318,2237,1260,0,2,0.64056,0.10278,0
1786018547.5661,B_right_diagonal_up_left_down_right,B,right,0,,,176,151.2000,345.7000,130.4000,192.5000,152.2000,0.0000,360.0000,223.9000,30.9000,0.0000,62.5000,0.0000,89.1000,0.0000,-0.86200,-0.02400,0.35600,0.36000,4.47000,1.92000,0.43100,0.06800,0.83700,-2.28000,-10.66000,-3.39000,11.0,1.6,1.0,1.0,0.698616,0.343775,1.178722,-0.961179,0.416098,1.666607,-0.089600,0.486000,0.869300,0.003200,0.133500,0.542300,0.828800,0.034500,0.813440,0.126914,1.219573,-0.252471,0.217200,1.327603,-1.431136,-1.032865,-1.780230,-1.647602,3.035462,0.181473,0.865124,-0.807281,1.869102,1.023368,1.821993,-0.578178,-0.701464,2.196084,1,0,1.0000,1.0000,1,1,0,0,0.0000,0.0000,,,,,126928,124580,849,233,124691,123318,2237,1260,0,2,0.64056,0.10278,0
1786018547.5836,B_right_diagonal_up_left_down_right,B,right,0,,,177,151.2000,345.7000,130.4000,192.5000,152.1000,0.0000,360.0000,225.5000,31.4000,0.0000,79.7000,0.0000,89.9000,0.0000,-0.86800,-0.03700,0.35000,2.02000,2.00000,0.61000,0.44600,0.08700,0.82900,-0.98000,-8.44000,-4.29000,10.9,1.3,1.0,1.0,0.903067,0.346422,1.097303,-0.252466,0.217195,1.327594,-0.089600,0.486000,0.869300,0.003200,0.133500,0.542300,0.828800,0.034500,0.813440,0.126914,1.219573,-0.252471,0.217200,1.327603,-1.429494,-1.032530,-1.780561,-1.654035,3.035334,0.180786,0.864837,-0.807281,1.869102,1.023368,1.821993,-0.578178,-0.701464,2.196084,1,0,1.0000,1.0000,1,1,0,0,0.0000,0.0000,,,,,7392,8073,806,205,5455,6873,1937,1200,0,0,0.61229,0.10278,0
1786018547.6114,B_right_diagonal_up_left_down_right,B,right,0,,,178,151.2000,345.7000,130.4000,192.5000,152.1000,0.0000,360.0000,225.5000,31.4000,0.0000,79.7000,0.0000,89.9000,0.0000,-0.86500,-0.05900,0.36500,2.21000,-0.04000,1.78000,0.44600,0.08700,0.82900,-0.98000,-8.44000,-4.29000,10.9,1.3,1.0,1.0,0.902734,0.346451,1.097187,-0.252466,0.217195,1.327594,-0.089600,0.486000,0.869300,0.003200,0.133500,0.542300,0.828800,0.034500,0.810289,0.116705,1.228285,-0.252471,0.217200,1.327603,-1.425084,-1.031631,-1.781448,-1.671306,3.034989,0.178943,0.864068,-0.807281,1.869102,1.023368,1.821993,-0.578178,-0.701464,2.196084,1,0,1.0000,1.0000,1,1,0,0,0.0000,0.0000,,,,,7392,8073,806,205,5455,6873,1937,1200,0,0,0.61229,0.10278,0
1786018547.6191,B_right_diagonal_up_left_down_right,B,right,0,,,179,151.2000,345.7000,130.4000,192.5000,152.1000,0.0000,360.0000,225.5000,31.4000,0.0000,79.7000,0.0000,89.9000,0.0000,-0.86500,-0.05900,0.36500,2.21000,-0.04000,1.78000,0.44600,0.08700,0.82900,-0.98000,-8.44000,-4.29000,10.9,1.3,1.0,1.0,0.902734,0.346451,1.097187,-0.252466,0.217195,1.327594,-0.089600,0.486000,0.869300,0.003200,0.133500,0.542300,0.828800,0.034500,0.810289,0.116705,1.228285,-0.252471,0.217200,1.327603,-1.425745,-1.032286,-1.780934,-1.670621,-3.247840,0.179566,0.864530,-0.807281,1.869102,1.023368,1.821993,-0.578178,-0.701464,2.196084,1,0,1.0000,1.0000,1,1,0,0,0.0000,0.0000,,,,,126929,124580,849,234,124691,123318,2238,1260,0,2,0.62060,0.10278,0
1786018547.6405,B_right_diagonal_up_left_down_right,B,right,0,,,180,151.2000,345.7000,130.4000,192.5000,152.1000,0.0000,360.0000,225.5000,31.4000,0.0000,79.7000,0.0000,89.9000,0.0000,-0.86500,-0.05900,0.36500,2.21000,-0.04000,1.78000,0.44600,0.08700,0.82900,-0.98000,-8.44000,-4.29000,10.9,1.3,1.0,1.0,0.902734,0.346451,1.097187,-0.252466,0.217195,1.327594,-0.089600,0.486000,0.869300,0.003200,0.133500,0.542300,0.828800,0.034500,0.810289,0.116705,1.228285,-0.252471,0.217200,1.327603,-1.450473,-1.057014,-1.761852,-1.645894,-3.233612,0.204277,0.881107,-0.807281,1.869102,1.023368,1.821993,-0.578178,-0.701464,2.196084,1,0,1.0000,1.0000,1,1,0,0,0.0000,0.0000,,,,,7392,124580,806,234,5455,123318,1937,1260,0,2,0.61229,0.10278,0
1786018547.6600,B_right_diagonal_up_left_down_right,B,right,0,,,181,151.2000,345.7000,130.4000,192.5000,152.1000,0.0000,360.0000,225.5000,31.4000,0.0000,79.7000,0.0000,89.9000,0.0000,-0.86500,-0.05900,0.36500,2.21000,-0.04000,1.78000,0.44600,0.08700,0.82900,-0.98000,-8.44000,-4.29000,10.9,1.3,1.0,1.0,0.902734,0.346451,1.097187,-0.252466,0.217195,1.327594,-0.089600,0.486000,0.869300,0.003200,0.133500,0.542300,0.828800,0.034500,0.809232,0.116066,1.229249,-0.252471,0.217200,1.327603,-1.455926,-1.062467,-1.757643,-1.640441,-3.230475,0.209727,0.884763,-0.807281,1.869102,1.023368,1.821993,-0.578178,-0.701464,2.196084,1,0,1.0000,1.0000,1,1,0,0,0.0000,0.0000,,,,,126930,8073,849,205,124691,6873,2239,1200,0,0,0.62060,0.10278,0
1786018547.6867,B_right_diagonal_up_left_down_right,B,right,0,,,182,151.2000,345.7000,130.3000,192.7000,152.2000,0.0000,360.0000,232.6000,34.6000,0.0000,92.5000,0.0000,95.4000,0.0000,-0.84700,-0.04400,0.40800,0.95000,3.92000,0.69000,0.46700,0.06100,0.85000,-2.11000,-13.03000,-3.81000,10.5,1.9,1.0,1.0,0.752285,0.038607,1.295269,-0.047208,0.254795,1.234554,-0.089600,0.486000,0.869300,0.003200,0.133500,0.542300,0.828800,0.034500,0.809232,0.116066,1.229249,-0.252471,0.217200,1.327603,-1.467713,-1.074254,-1.748547,-1.628654,-3.223693,0.221507,0.892666,-0.807281,1.869102,1.023368,1.821993,-0.578178,-0.701464,2.196084,1,0,1.0000,1.0000,1,1,0,0,0.0000,0.0000,,,,,7392,8073,807,205,5455,6873,1937,1200,0,0,0.61229,0.10278,0
1786018547.7143,B_right_diagonal_up_left_down_right,B,right,0,,,183,151.2000,345.7000,130.3000,192.7000,152.2000,0.0000,360.0000,232.6000,34.6000,0.0000,92.5000,0.0000,95.4000,0.0000,-0.84700,-0.04400,0.40800,0.95000,3.92000,0.69000,0.46700,0.06100,0.85000,-2.11000,-13.03000,-3.81000,10.5,1.9,1.0,1.0,0.752285,0.038607,1.295269,-0.047208,0.254795,1.234554,-0.089600,0.486000,0.869300,0.003200,0.133500,0.542300,0.828800,0.034500,0.809232,0.116066,1.229249,-0.252471,0.217200,1.327603,-1.473666,-1.080207,-1.743954,-1.622702,-3.220268,0.227456,0.896656,-0.807281,1.869102,1.023368,1.821993,-0.578178,-0.701464,2.196084,1,0,1.0000,1.0000,1,1,0,0,0.0000,0.0000,,,,,126930,124580,849,234,124691,123318,2239,1260,0,2,0.62060,0.10278,0
1786018547.7415,B_right_diagonal_up_left_down_right,B,right,0,,,184,151.2000,345.7000,130.3000,192.6000,151.2000,0.0000,360.0000,235.6000,36.0000,0.0000,70.6000,0.0000,98.0000,0.0000,-0.85300,-0.04200,0.40000,1.05000,-3.18000,1.24000,0.46700,0.02300,0.86200,0.42000,-10.02000,-4.61000,10.2,2.6,1.0,1.0,0.750201,0.038687,1.294802,-0.047208,0.254795,1.234554,-0.089600,0.486000,0.869300,0.003200,0.133500,0.542300,0.828800,0.034500,0.808677,0.116803,1.228997,-0.252471,0.217200,1.327603,-1.485868,-1.092409,-1.734537,-1.610500,-3.213247,0.239650,0.904837,-0.807281,1.869102,1.023368,1.821993,-0.578178,-0.701464,2.196084,1,0,1.0000,1.0000,1,1,0,0,0.0000,0.0000,,,,,126930,8073,849,206,124691,6873,2239,1200,0,0,0.62060,0.10278,0
1786018547.7424,B_right_diagonal_up_left_down_right,B,right,0,,,185,151.2000,345.7000,130.3000,192.6000,151.2000,0.0000,360.0000,235.6000,36.0000,0.0000,70.6000,0.0000,98.0000,0.0000,-0.85300,-0.04200,0.40000,1.05000,-3.18000,1.24000,0.46700,0.02300,0.86200,0.42000,-10.02000,-4.61000,10.2,2.6,1.0,1.0,0.750201,0.038687,1.294802,-0.047208,0.254795,1.234554,-0.089600,0.486000,0.869300,0.003200,0.133500,0.542300,0.828800,0.034500,0.808677,0.116803,1.228997,-0.252471,0.217200,1.327603,-1.485868,-1.092409,-1.734537,-1.610500,-3.213247,0.239650,0.904837,-0.807281,1.869102,1.023368,1.821993,-0.578178,-0.701464,2.196084,1,0,1.0000,1.0000,1,1,0,0,0.0000,0.0000,,,,,126930,8073,849,206,124691,6873,2239,1200,0,0,0.62060,0.10278,0
1786018547.7681,B_right_diagonal_up_left_down_right,B,right,0,,,186,151.2000,345.7000,130.4000,192.6000,151.7000,0.0000,360.0000,238.5000,37.4000,0.0000,13.2000,0.0000,101.6000,0.0000,-0.85200,-0.04900,0.38400,1.23000,-3.52000,1.65000,0.46800,0.07400,0.83000,2.01000,-8.96000,-1.98000,10.3,1.4,1.0,1.0,0.698155,0.344311,1.178201,-0.961179,0.416098,1.666607,-0.089600,0.486000,0.869300,0.003200,0.133500,0.542300,0.828800,0.034500,0.808677,0.116803,1.228997,-0.252471,0.217200,1.327603,-1.497905,-1.104446,-1.725249,-1.598464,-3.206322,0.251680,0.912906,-0.807281,1.869102,1.023368,1.821993,-0.578178,-0.701464,2.196084,1,0,1.0000,1.0000,1,1,0,0,0.0000,0.0000,,,,,126930,124580,849,234,124691,123318,2239,1260,0,2,0.62060,0.10278,0
1786018547.7953,B_right_diagonal_up_left_down_right,B,right,0,,,187,151.2000,345.7000,130.4000,192.6000,151.7000,0.0000,360.0000,238.5000,37.4000,0.0000,13.2000,0.0000,101.6000,0.0000,-0.85200,-0.04900,0.38400,1.23000,-3.52000,1.65000,0.46800,0.07400,0.83000,2.01000,-8.96000,-1.98000,10.3,1.4,1.0,1.0,0.698155,0.344311,1.178201,-0.961179,0.416098,1.666607,-0.089600,0.486000,0.869300,0.003200,0.133500,0.542300,0.828800,0.034500,0.808677,0.116803,1.228997,-0.252471,0.217200,1.327603,-1.497905,-1.104446,-1.725249,-1.598464,-3.206322,0.251680,0.912906,-0.807281,1.869102,1.023368,1.821993,-0.578178,-0.701464,2.196084,1,0,1.0000,1.0000,1,1,0,0,0.0000,0.0000,,,,,126930,124580,849,234,124691,123318,2239,1260,0,2,0.62060,0.10278,0
1786018547.8057,B_right_diagonal_up_left_down_right,B,right,0,,,188,151.2000,345.7000,130.6000,192.6000,151.8000,0.0000,360.0000,238.5000,37.4000,0.0000,13.2000,0.0000,101.6000,0.0000,-0.84600,-0.05300,0.36800,2.09000,-1.13000,1.29000,0.46800,0.07400,0.83000,2.01000,-8.96000,-1.98000,10.3,1.4,1.0,1.0,0.901726,0.346499,1.096924,-0.961179,0.416098,1.666607,-0.089600,0.486000,0.869300,0.003200,0.133500,0.542300,0.828800,0.034500,0.806159,0.112550,1.233135,-0.252471,0.217200,1.327603,-1.522559,-1.127897,-1.708044,-1.573809,-3.193985,0.274241,0.927570,-0.807281,1.869102,1.023368,1.821993,-0.578178,-0.701464,2.196084,1,0,1.0000,1.0000,1,1,0,0,0.0000,0.0000,,,,,7393,8073,807,206,5456,6873,1937,1200,0,0,0.62227,0.10278,0
1786018547.8254,B_right_diagonal_up_left_down_right,B,right,0,,,189,151.2000,345.7000,130.6000,192.6000,151.8000,0.0000,360.0000,238.5000,37.4000,0.0000,13.2000,0.0000,101.6000,0.0000,-0.84600,-0.05300,0.36800,2.09000,-1.13000,1.29000,0.46800,0.07400,0.83000,2.01000,-8.96000,-1.98000,10.3,1.4,1.0,1.0,0.901726,0.346499,1.096924,-0.961179,0.416098,1.666607,-0.089600,0.486000,0.869300,0.003200,0.133500,0.542300,0.828800,0.034500,0.806159,0.112550,1.233135,-0.252471,0.217200,1.327603,-1.527784,-1.132605,-1.704792,-1.568585,-3.191771,0.278572,0.930273,-0.807281,1.869102,1.023368,1.821993,-0.578178,-0.701464,2.196084,1,0,1.0000,1.0000,1,1,0,0,0.0000,0.0000,,,,,126930,124580,849,235,124691,123318,2239,1260,0,2,0.62060,0.10278,0
1786018547.8380,B_right_diagonal_up_left_down_right,B,right,0,,,190,151.2000,345.7000,130.5000,192.6000,152.2000,0.0000,360.0000,242.2000,38.7000,0.0000,0.0000,0.0000,104.7000,0.0000,-0.84900,-0.03400,0.36800,-0.71000,5.27000,3.08000,0.47000,0.06800,0.81400,-0.76000,-8.50000,1.29000,10.3,1.4,1.0,1.0,0.699218,0.344635,1.178123,-0.961179,0.416098,1.666607,-0.089600,0.486000,0.869300,0.003200,0.133500,0.542300,0.828800,0.034500,0.806159,0.112550,1.233135,-0.252471,0.217200,1.327603,-1.544261,-1.147455,-1.694539,-1.552108,-3.184789,0.292230,0.938799,-0.807281,1.869102,1.023368,1.821993,-0.578178,-0.701464,2.196084,1,0,1.0000,1.0000,1,0,0,1,0.0000,0.0612,,,,,126930,8073,849,206,124691,6873,2239,1200,0,0,0.62060,0.10278,0
1786018547.8605,B_right_diagonal_up_left_down_right,B,right,0,,,191,151.2000,345.7000,130.5000,192.6000,152.2000,0.0000,360.0000,242.2000,38.7000,0.0000,0.0000,0.0000,104.7000,0.0000,-0.84900,-0.03400,0.36800,-0.71000,5.27000,3.08000,0.47000,0.06800,0.81400,-0.76000,-8.50000,1.29000,10.3,1.4,1.0,1.0,0.699218,0.344635,1.178123,-0.961179,0.416098,1.666607,-0.089600,0.486000,0.869300,0.003200,0.133500,0.542300,0.828800,0.034500,0.806159,0.112550,1.233135,-0.252471,0.217200,1.327603,-1.549629,-1.152341,-1.691177,-1.546895,3.100688,0.296684,0.941591,-0.807281,1.869102,1.023368,1.821993,-0.578178,-0.701464,2.196084,1,0,1.0000,1.0000,1,0,0,1,0.0000,0.0612,,,,,126930,124580,850,235,124691,123318,2239,1260,0,2,0.62060,0.10278,0
1786018547.8805,B_right_diagonal_up_left_down_right,B,right,0,,,192,151.2000,345.7000,130.5000,192.6000,152.2000,0.0000,360.0000,242.2000,38.7000,0.0000,0.0000,0.0000,104.7000,0.0000,-0.84900,-0.03400,0.36800,-0.71000,5.27000,3.08000,0.47000,0.06800,0.81400,-0.76000,-8.50000,1.29000,10.3,1.4,1.0,1.0,0.699218,0.344635,1.178123,-0.961179,0.416098,1.666607,-0.089600,0.486000,0.869300,0.003200,0.133500,0.542300,0.828800,0.034500,0.805594,0.113539,1.232702,-0.252471,0.217200,1.327603,-1.549199,-1.152064,-1.691397,-1.547672,3.100545,0.296340,0.941401,-0.807281,1.869102,1.023368,1.821993,-0.578178,-0.701464,2.196084,1,0,1.0000,1.0000,1,0,0,1,0.0000,0.0612,,,,,126930,124580,850,235,124691,123318,2239,1260,0,2,0.62060,0.10278,0
1786018547.8998,B_right_diagonal_up_left_down_right,B,right,0,,,193,151.2000,345.7000,130.5000,192.6000,152.2000,0.0000,360.0000,242.2000,38.7000,0.0000,0.0000,0.0000,104.7000,0.0000,-0.84900,-0.03400,0.36800,-0.71000,5.27000,3.08000,0.47000,0.06800,0.81400,-0.76000,-8.50000,1.29000,10.3,1.4,1.0,1.0,0.699218,0.344635,1.178123,-0.961179,0.416098,1.666607,-0.089600,0.486000,0.869300,0.003200,0.133500,0.542300,0.828800,0.034500,0.805594,0.113539,1.232702,-0.252471,0.217200,1.327603,-1.548481,-1.151600,-1.691764,-1.548970,3.100306,0.295765,0.941084,-0.807281,1.869102,1.023368,1.821993,-0.578178,-0.701464,2.196084,1,0,1.0000,1.0000,1,0,0,1,0.0000,0.0612,,,,,7395,124580,807,235,5457,123318,1938,1260,0,2,0.62184,0.10278,0
1786018547.9190,B_right_diagonal_up_left_down_right,B,right,0,,,194,151.2000,345.7000,130.5000,192.6000,152.2000,0.0000,360.0000,242.2000,38.7000,0.0000,0.0000,0.0000,104.7000,0.0000,-0.84900,-0.03400,0.36800,-0.71000,5.27000,3.08000,0.47000,0.06800,0.81400,-0.76000,-8.50000,1.29000,9.8,1.7,1.0,1.0,0.699218,0.344635,1.178123,-0.961179,0.416098,1.666607,-0.089600,0.486000,0.869300,0.003200,0.133500,0.542300,0.828800,0.034500,0.805594,0.113539,1.232702,-0.252471,0.217200,1.327603,-1.534800,-1.142893,-1.698703,-1.573245,3.095855,0.284606,0.935080,-0.807281,1.869102,1.023368,1.821993,-0.578178,-0.701464,2.196084,1,0,1.0000,1.0000,1,0,0,1,0.0000,0.0612,,,,,7395,8073,807,207,5457,6873,1938,1200,0,0,0.62184,0.10278,0
1786018547.9481,B_right_diagonal_up_left_down_right,B,right,0,,,195,151.2000,345.7000,130.5000,192.6000,152.2000,0.0000,360.0000,242.2000,38.7000,0.0000,0.0000,0.0000,104.7000,0.0000,-0.84900,-0.03400,0.36800,-0.71000,5.27000,3.08000,0.47000,0.06800,0.81400,-0.76000,-8.50000,1.29000,9.8,1.7,1.0,1.0,0.699218,0.344635,1.178123,-0.961179,0.416098,1.666607,-0.089600,0.486000,0.869300,0.003200,0.133500,0.542300,0.828800,0.034500,0.805594,0.113539,1.232702,-0.252471,0.217200,1.327603,-1.531416,-1.140740,-1.700419,-1.579249,3.094754,0.281845,0.933594,-0.807281,1.869102,1.023368,1.821993,-0.578178,-0.701464,2.196084,1,0,1.0000,1.0000,1,0,0,1,0.0000,0.0612,,,,,126930,124580,850,235,124691,123318,2239,1260,0,2,0.62060,0.10278,0
1786018547.9636,B_right_diagonal_up_left_down_right,B,right,0,,,196,151.2000,345.7000,130.5000,192.6000,153.1000,0.0000,360.0000,250.6000,40.8000,0.0000,0.0000,0.0000,1119.0000,0.0000,-0.87400,-0.04700,0.37300,5.21000,2.15000,-0.79000,0.49800,0.05600,0.80900,0.50000,-11.67000,-7.42000,10.2,1.9,1.0,1.0,0.901668,0.346510,1.096878,-0.252466,0.217195,1.327594,-0.089600,0.486000,0.869300,0.003200,0.133500,0.542300,0.828800,0.034500,0.805015,0.114543,1.232266,-0.252471,0.217200,1.327603,-1.527304,-1.138124,-1.702504,-1.586543,3.093417,0.278490,0.931790,-0.807281,1.869102,1.023368,1.821993,-0.578178,-0.701464,2.196084,1,0,1.0000,1.0000,1,0,0,1,0.0000,0.3632,,,,,7395,8073,807,207,5457,6873,1938,1200,0,0,0.62184,0.10278,0
1786018547.9788,B_right_diagonal_up_left_down_right,B,right,0,,,197,151.2000,345.7000,130.5000,192.6000,153.1000,0.0000,360.0000,250.6000,40.8000,0.0000,0.0000,0.0000,1119.0000,0.0000,-0.87400,-0.04700,0.37300,5.21000,2.15000,-0.79000,0.49800,0.05600,0.80900,0.50000,-11.67000,-7.42000,10.2,1.9,1.0,1.0,0.901668,0.346510,1.096878,-0.252466,0.217195,1.327594,-0.089600,0.486000,0.869300,0.003200,0.133500,0.542300,0.828800,0.034500,0.805015,0.114543,1.232266,-0.252471,0.217200,1.327603,-1.524455,-1.136311,-1.703949,-1.591597,3.092490,0.276166,0.930539,-0.807281,1.869102,1.023368,1.821993,-0.578178,-0.701464,2.196084,1,0,1.0000,1.0000,1,0,0,1,0.0000,0.3632,,,,,126930,124580,850,235,124691,123318,2239,1260,0,2,0.62060,0.10278,0
1786018547.9998,B_right_diagonal_up_left_down_right,B,right,0,,,198,151.2000,345.7000,130.5000,192.6000,153.1000,0.0000,360.0000,250.6000,40.8000,0.0000,0.0000,0.0000,1119.0000,0.0000,-0.87400,-0.04700,0.37300,5.21000,2.15000,-0.79000,0.49800,0.05600,0.80900,0.50000,-11.67000,-7.42000,10.2,1.9,1.0,1.0,0.901668,0.346510,1.096878,-0.252466,0.217195,1.327594,-0.089600,0.486000,0.869300,0.003200,0.133500,0.542300,0.828800,0.034500,0.805015,0.114543,1.232266,-0.252471,0.217200,1.327603,-1.517874,-1.132124,-1.707286,-1.603270,3.090350,0.270797,0.927651,-0.807281,1.869102,1.023368,1.821993,-0.578178,-0.701464,2.196084,1,0,1.0000,1.0000,1,0,0,1,0.0000,0.3632,,,,,126930,124580,850,235,124691,123318,2239,1260,0,2,0.62060,0.10278,0
1786018548.0203,B_right_diagonal_up_left_down_right,B,right,0,,,199,151.2000,345.7000,130.5000,192.6000,153.1000,0.0000,360.0000,250.6000,40.8000,0.0000,0.0000,0.0000,1119.0000,0.0000,-0.87400,-0.04700,0.37300,5.21000,2.15000,-0.79000,0.49800,0.05600,0.80900,0.50000,-11.67000,-7.42000,10.2,1.9,1.0,1.0,0.901668,0.346510,1.096878,-0.252466,0.217195,1.327594,-0.089600,0.486000,0.869300,0.003200,0.133500,0.542300,0.828800,0.034500,0.805015,0.114543,1.232266,-0.252471,0.217200,1.327603,-1.511663,-1.128084,-1.710478,-1.615178,3.088293,0.265879,0.924867,-0.807281,1.869102,1.023368,1.821993,-0.578178,-0.701464,2.196084,1,0,1.0000,1.0000,1,0,0,1,0.0000,0.3632,,,,,126930,124580,850,236,124691,123318,2239,1260,0,2,0.62060,0.10278,0
1786018548.0390,B_right_diagonal_up_left_down_right,B,right,0,,,200,151.2000,345.7000,130.4000,192.6000,153.1000,0.0000,360.0000,257.3000,44.1000,0.0000,0.0000,0.0000,122.7000,0.0000,-0.84800,-0.05400,0.39800,1.53000,1.80000,-1.74000,0.52600,0.08100,0.83800,-0.97000,-11.98000,-6.89000,9.5,1.9,1.0,1.0,0.898789,0.346621,1.096280,-0.252466,0.217195,1.327594,-0.089600,0.486000,0.869300,0.003200,0.133500,0.542300,0.828800,0.034500,0.804431,0.115543,1.231834,-0.252471,0.217201,1.327603,-1.506141,-1.124401,-1.713361,-1.626713,3.086426,0.261668,0.922330,-0.807281,1.869102,1.023368,1.821993,-0.578178,-0.701464,2.196084,1,0,1.0000,1.0000,1,0,0,1,0.0000,0.4599,,,,,7395,124580,807,236,5457,123318,1938,1260,0,2,0.62184,0.10278,0
1786018548.0605,B_right_diagonal_up_left_down_right,B,right,0,,,201,151.2000,345.7000,130.4000,192.6000,153.1000,0.0000,360.0000,257.3000,44.1000,0.0000,0.0000,0.0000,122.7000,0.0000,-0.84800,-0.05400,0.39800,1.53000,1.80000,-1.74000,0.52600,0.08100,0.83800,-0.97000,-11.98000,-6.89000,9.5,1.9,1.0,1.0,0.898789,0.346621,1.096280,-0.252466,0.217195,1.327594,-0.089600,0.486000,0.869300,0.003200,0.133500,0.542300,0.828800,0.034500,0.804431,0.115543,1.231834,-0.252471,0.217201,1.327603,-1.503322,-1.122521,-1.714833,-1.632600,3.085473,0.259519,0.921035,-0.807281,1.869102,1.023368,1.821993,-0.578178,-0.701464,2.196084,1,0,1.0000,1.0000,1,0,0,1,0.0000,0.4599,,,,,126930,8074,850,207,124691,6874,2239,1200,0,0,0.62060,0.10278,0
1786018548.1176,B_right_diagonal_up_left_down_right,B,right,0,,,202,151.2000,345.8000,130.4000,192.6000,154.5000,0.0000,360.0000,262.0000,45.6000,0.0000,0.0000,0.0000,128.6000,0.0000,-0.85600,-0.05000,0.34900,2.94000,1.82000,2.13000,0.49400,0.13100,0.81700,3.74000,-5.89000,-5.58000,9.8,2.8,1.0,1.0,0.900783,0.346552,1.096691,-0.252466,0.217195,1.327594,-0.089600,0.486000,0.869300,0.003200,0.133500,0.542300,0.828800,0.034500,0.803837,0.116550,1.231402,-0.252471,0.217201,1.327603,-1.498813,-1.119716,-1.717082,-1.643400,-3.199164,0.256203,0.918991,-0.807281,1.869102,1.023368,1.821993,-0.578178,-0.701464,2.196084,1,0,1.0000,1.0000,1,0,0,1,0.0000,0.5391,,,,,7395,8074,808,207,5457,6874,1938,1200,0,0,0.62184,0.10278,0
1786018548.1181,B_right_diagonal_up_left_down_right,B,right,0,,,203,151.2000,345.8000,130.4000,192.6000,154.5000,0.0000,360.0000,262.0000,45.6000,0.0000,0.0000,0.0000,128.6000,0.0000,-0.85600,-0.05000,0.34900,2.94000,1.82000,2.13000,0.49400,0.13100,0.81700,3.74000,-5.89000,-5.58000,9.8,2.8,1.0,1.0,0.900783,0.346552,1.096691,-0.252466,0.217195,1.327594,-0.089600,0.486000,0.869300,0.003200,0.133500,0.542300,0.828800,0.034500,0.803837,0.116550,1.231402,-0.252471,0.217201,1.327603,-1.498813,-1.119716,-1.717082,-1.643400,-3.199164,0.256203,0.918991,-0.807281,1.869102,1.023368,1.821993,-0.578178,-0.701464,2.196084,1,0,1.0000,1.0000,1,0,0,1,0.0000,0.5391,,,,,7395,8074,808,207,5457,6874,1938,1200,0,0,0.62184,0.10278,0
1786018548.1262,B_right_diagonal_up_left_down_right,B,right,0,,,204,151.2000,345.8000,130.4000,192.6000,154.5000,0.0000,360.0000,262.0000,45.6000,0.0000,0.0000,0.0000,128.6000,0.0000,-0.85600,-0.05000,0.34900,2.94000,1.82000,2.13000,0.49400,0.13100,0.81700,3.74000,-5.89000,-5.58000,9.8,2.8,1.0,1.0,0.900783,0.346552,1.096691,-0.252466,0.217195,1.327594,-0.089600,0.486000,0.869300,0.003200,0.133500,0.542300,0.828800,0.034500,0.803837,0.116550,1.231402,-0.252471,0.217201,1.327603,-1.499157,-1.120000,-1.716874,-1.643050,-3.199028,0.256499,0.919157,-0.807281,1.869102,1.023368,1.821993,-0.578178,-0.701464,2.196084,1,0,1.0000,1.0000,1,0,0,1,0.0000,0.5391,,,,,126930,124580,851,236,124691,123318,2239,1260,0,2,0.62060,0.10278,0
1786018548.1472,B_right_diagonal_up_left_down_right,B,right,0,,,205,151.2000,345.8000,130.4000,192.6000,154.5000,0.0000,360.0000,262.0000,45.6000,0.0000,0.0000,0.0000,128.6000,0.0000,-0.85600,-0.05000,0.34900,2.94000,1.82000,2.13000,0.49400,0.13100,0.81700,3.74000,-5.89000,-5.58000,9.8,2.8,1.0,1.0,0.900783,0.346552,1.096691,-0.252466,0.217195,1.327594,-0.089600,0.486000,0.869300,0.003200,0.133500,0.542300,0.828800,0.034500,0.803837,0.116550,1.231402,-0.252471,0.217201,1.327603,-1.499857,-1.120577,-1.716452,-1.642338,-3.198752,0.257100,0.919494,-0.807281,1.869102,1.023368,1.821993,-0.578178,-0.701464,2.196084,1,0,1.0000,1.0000,1,0,0,1,0.0000,0.5391,,,,,126930,124581,851,236,124691,123319,2239,1260,0,2,0.62060,0.10279,0
1786018548.1638,B_right_diagonal_up_left_down_right,B,right,0,,,206,151.2000,345.8000,130.4000,192.6000,154.5000,0.0000,360.0000,262.0000,45.6000,0.0000,0.0000,0.0000,128.6000,0.0000,-0.85600,-0.05000,0.34900,2.94000,1.82000,2.13000,0.49400,0.13100,0.81700,3.74000,-5.89000,-5.58000,9.6,1.0,1.0,1.0,0.900783,0.346552,1.096691,-0.252466,0.217195,1.327594,-0.089600,0.486000,0.869300,0.003200,0.133500,0.542300,0.828800,0.034500,0.803246,0.117542,1.230979,-0.252471,0.217201,1.327603,-1.499857,-1.120577,-1.716452,-1.642338,-3.198752,0.257100,0.919494,-0.807281,1.869102,1.023368,1.821993,-0.578178,-0.701464,2.196084,1,0,1.0000,1.0000,1,0,0,1,0.0000,0.5391,,,,,7395,8075,808,207,5457,6875,1938,1200,0,0,0.62184,0.10279,0
1786018548.1881,B_right_diagonal_up_left_down_right,B,right,0,,,207,151.2000,345.8000,130.4000,192.6000,154.5000,0.0000,360.0000,262.0000,45.6000,0.0000,0.0000,0.0000,128.6000,0.0000,-0.85600,-0.05000,0.34900,2.94000,1.82000,2.13000,0.49400,0.13100,0.81700,3.74000,-5.89000,-5.58000,9.6,1.0,1.0,1.0,0.900783,0.346552,1.096691,-0.252466,0.217195,1.327594,-0.089600,0.486000,0.869300,0.003200,0.133500,0.542300,0.828800,0.034500,0.803246,0.117542,1.230979,-0.252471,0.217201,1.327603,-1.500322,-1.120960,-1.716172,-1.641865,-3.198568,0.257499,0.919718,-0.807281,1.869102,1.023368,1.821993,-0.578178,-0.701464,2.196084,1,0,1.0000,1.0000,1,0,0,1,0.0000,0.5391,,,,,7395,8075,808,207,5457,6875,1938,1200,0,0,0.62184,0.10279,0
1786018548.2079,B_right_diagonal_up_left_down_right,B,right,0,,,208,151.2000,345.6000,130.4000,192.5000,5.0000,0.0000,360.0000,266.2000,47.8000,0.0000,0.0000,0.0000,133.3000,0.0000,-0.86300,-0.04800,0.37900,3.53000,9.24000,0.28000,0.44000,0.12900,0.76900,5.01000,-2.79000,-8.01000,9.0,1.2,1.0,1.0,0.900186,0.346577,1.096557,-0.047208,0.254795,1.234554,-0.089600,0.486000,0.869300,0.003200,0.133500,0.542300,0.828800,0.034500,0.803246,0.117542,1.230979,-0.252471,0.217201,1.327603,-1.501263,-1.121737,-1.715604,-1.640906,-3.198196,0.258307,0.920171,-0.807281,1.869102,1.023368,1.821993,-0.578178,-0.701464,2.196084,1,0,1.0000,1.0000,1,0,0,1,0.0000,0.4754,,,,,126930,124581,851,236,124691,123319,2239,1260,0,2,0.62060,0.10279,0
1786018548.2270,B_right_diagonal_up_left_down_right,B,right,0,,,209,151.2000,345.6000,130.4000,192.6000,154.3000,0.0000,360.0000,265.7000,47.3000,0.0000,0.0000,0.0000,132.6000,0.0000,-0.87100,-0.03000,0.37900,3.03000,9.80000,0.21000,0.48200,0.12100,0.78800,3.55000,-0.12000,-5.76000,9.8,1.4,1.0,1.0,0.752600,0.038600,1.295265,-0.252466,0.217195,1.327594,-0.089600,0.486000,0.869300,0.003200,0.133500,0.542300,0.828800,0.034500,0.802641,0.118548,1.230553,-0.252471,0.217201,1.327603,-1.501587,-1.122004,-1.715409,-1.640577,-3.198069,0.258585,0.920327,-0.807281,1.869102,1.023368,1.821993,-0.578178,-0.701464,2.196084,1,0,1.0000,1.0000,1,0,0,1,0.0000,0.6057,,,,,7395,8075,808,207,5457,6875,1938,1200,0,0,0.62184,0.10279,0
1786018548.2413,B_right_diagonal_up_left_down_right,B,right,0,,,210,151.2000,345.6000,130.4000,192.6000,153.9000,0.0000,360.0000,266.6000,48.3000,0.0000,0.0000,0.0000,133.9000,0.0000,-0.86700,-0.03900,0.39600,2.11000,9.26000,1.24000,0.44700,0.15500,0.78800,4.43000,-6.53000,-9.89000,10.3,1.8,1.0,1.0,0.698818,0.345082,1.177688,-0.961179,0.416098,1.666607,-0.089600,0.486000,0.869300,0.003200,0.133500,0.542300,0.828800,0.034500,0.802641,0.118548,1.230553,-0.252471,0.217201,1.327603,-1.501351,-1.121851,-1.715530,-1.641108,3.085040,0.258397,0.920221,-0.807281,1.869102,1.023368,1.821993,-0.578178,-0.701464,2.196084,1,0,1.0000,1.0000,1,0,0,1,0.0000,0.4330,,,,,126930,124582,851,236,124691,123320,2239,1260,0,2,0.62060,0.10279,0
1786018548.2657,B_right_diagonal_up_left_down_right,B,right,0,,,211,151.2000,345.7000,130.4000,192.6000,153.5000,0.0000,360.0000,269.9000,50.9000,0.0000,0.0000,0.0000,139.7000,0.0000,-0.89300,-0.03300,0.39500,0.02000,2.27000,-1.52000,0.56900,0.06000,0.76700,0.18000,-0.32000,-14.44000,10.3,1.3,1.0,1.0,0.753978,0.038550,1.295506,-0.047208,0.254795,1.234554,-0.089600,0.486000,0.869300,0.003200,0.133500,0.542300,0.828800,0.034500,0.802641,0.118548,1.230553,-0.252471,0.217201,1.327603,-1.495096,-1.117916,-1.718683,-1.655498,3.083045,0.253172,0.917500,-0.807281,1.869102,1.023368,1.821993,-0.578178,-0.701464,2.196084,1,0,1.0000,1.0000,1,0,0,1,0.0000,0.5431,,,,,126930,124582,851,236,124691,123320,2239,1260,0,2,0.62060,0.10279,0
1786018548.3125,B_right_diagonal_up_left_down_right,B,right,0,,,212,151.2000,345.7000,130.4000,192.7000,154.1000,0.0000,360.0000,272.8000,53.6000,0.0000,0.0000,0.0000,143.7000,0.0061,-0.86400,-0.05500,0.35500,-0.19000,-3.29000,-1.30000,0.47700,0.13900,0.80300,2.94000,9.72000,6.16000,10.0,1.4,1.0,1.0,0.901495,0.346530,1.096809,-0.252466,0.217195,1.327594,-0.089600,0.486000,0.869300,0.003200,0.133500,0.542300,0.828800,0.034500,0.802032,0.119551,1.230132,-0.252471,0.217201,1.327603,-1.493818,-1.117329,-1.719220,-1.659755,-3.200459,0.252144,0.917001,-0.807281,1.869102,1.023368,1.821993,-0.578178,-0.701464,2.196084,1,0,1.0000,1.0000,1,0,0,1,0.0000,0.5785,,,,,7395,124582,808,236,5457,123320,1938,1260,0,2,0.62184,0.10279,0
1786018548.3185,B_right_diagonal_up_left_down_right,B,right,0,,,213,151.2000,345.7000,130.4000,192.7000,154.1000,0.0000,360.0000,272.8000,53.6000,0.0000,0.0000,0.0000,143.7000,0.0061,-0.86400,-0.05500,0.35500,-0.19000,-3.29000,-1.30000,0.47700,0.13900,0.80300,2.94000,9.72000,6.16000,10.0,1.4,1.0,1.0,0.901495,0.346530,1.096809,-0.252466,0.217195,1.327594,-0.089600,0.486000,0.869300,0.003200,0.133500,0.542300,0.828800,0.034500,0.802032,0.119551,1.230132,-0.252471,0.217201,1.327603,-1.493818,-1.117329,-1.719220,-1.659755,-3.200459,0.252144,0.917001,-0.807281,1.869102,1.023368,1.821993,-0.578178,-0.701464,2.196084,1,0,1.0000,1.0000,1,0,0,1,0.0000,0.5785,,,,,7395,124582,808,236,5457,123320,1938,1260,0,2,0.62184,0.10279,0
1786018548.3222,B_right_diagonal_up_left_down_right,B,right,0,,,214,151.2000,345.7000,130.4000,192.7000,154.1000,0.0000,360.0000,272.8000,53.6000,0.0000,0.0000,0.0000,143.7000,0.0061,-0.86400,-0.05500,0.35500,-0.19000,-3.29000,-1.30000,0.47700,0.13900,0.80300,2.94000,9.72000,6.16000,10.0,1.4,1.0,1.0,0.901495,0.346530,1.096809,-0.252466,0.217195,1.327594,-0.089600,0.486000,0.869300,0.003200,0.133500,0.542300,0.828800,0.034500,0.802032,0.119551,1.230132,-0.252471,0.217201,1.327603,-1.493818,-1.117329,-1.719220,-1.659755,-3.200459,0.252144,0.917001,-0.807281,1.869102,1.023368,1.821993,-0.578178,-0.701464,2.196084,1,0,1.0000,1.0000,1,0,0,1,0.0000,0.5785,,,,,7395,124582,808,236,5457,123320,1938,1260,0,2,0.62184,0.10279,0
1786018548.3568,B_right_diagonal_up_left_down_right,B,right,0,,,215,151.2000,345.7000,130.4000,192.7000,154.1000,0.0000,360.0000,272.8000,53.6000,0.0000,0.0000,0.0000,143.7000,0.0061,-0.86400,-0.05500,0.35500,-0.19000,-3.29000,-1.30000,0.47700,0.13900,0.80300,2.94000,9.72000,6.16000,10.0,1.4,1.0,1.0,0.901495,0.346530,1.096809,-0.252466,0.217195,1.327594,-0.089600,0.486000,0.869300,0.003200,0.133500,0.542300,0.828800,0.034500,0.802032,0.119551,1.230132,-0.252471,0.217201,1.327603,-1.495552,-1.118782,-1.718166,-1.657990,-3.199759,0.253664,0.917849,-0.807281,1.869102,1.023368,1.821993,-0.578178,-0.701464,2.196084,1,0,1.0000,1.0000,1,0,0,1,0.0000,0.7409,,,,,7395,8076,809,207,5457,6876,1938,1200,0,0,0.62184,0.10279,0
1786018548.3586,B_right_diagonal_up_left_down_right,B,right,0,,,216,151.2000,345.7000,130.4000,192.7000,154.1000,0.0000,360.0000,272.8000,53.6000,0.0000,0.0000,0.0000,143.7000,0.0061,-0.86400,-0.05500,0.35500,-0.19000,-3.29000,-1.30000,0.47700,0.13900,0.80300,2.94000,9.72000,6.16000,10.0,1.4,1.0,1.0,0.901495,0.346530,1.096809,-0.252466,0.217195,1.327594,-0.089600,0.486000,0.869300,0.003200,0.133500,0.542300,0.828800,0.034500,0.802032,0.119551,1.230132,-0.252471,0.217201,1.327603,-1.495552,-1.118782,-1.718166,-1.657990,-3.199759,0.253664,0.917849,-0.807281,1.869102,1.023368,1.821993,-0.578178,-0.701464,2.196084,1,0,1.0000,1.0000,1,0,0,1,0.0000,0.7409,,,,,7395,8076,809,207,5457,6876,1938,1200,0,0,0.62184,0.10279,0
1786018548.3929,B_right_diagonal_up_left_down_right,B,right,0,,,217,151.2000,345.7000,130.4000,192.7000,154.1000,0.0000,360.0000,272.8000,53.6000,0.0000,0.0000,0.0000,143.7000,0.0061,-0.86400,-0.05500,0.35500,-0.19000,-3.29000,-1.30000,0.47700,0.13900,0.80300,2.94000,9.72000,6.16000,10.0,1.4,1.0,1.0,0.901495,0.346530,1.096809,-0.252466,0.217195,1.327594,-0.089600,0.486000,0.869300,0.003200,0.133500,0.542300,0.828800,0.034500,0.800862,0.116143,1.233130,-0.252471,0.217201,1.327603,-1.495923,-1.119092,-1.717941,-1.657612,-3.199609,0.253989,0.918030,-0.807281,1.869102,1.023368,1.821993,-0.578178,-0.701464,2.196084,1,0,1.0000,1.0000,1,0,0,1,0.0000,0.7409,,,,,126931,124582,852,236,124692,123320,2239,1260,0,2,0.61832,0.10279,0
1786018548.4048,B_right_diagonal_up_left_down_right,B,right,0,,,218,151.2000,345.7000,130.4000,192.7000,154.1000,0.0000,360.0000,272.8000,53.6000,0.0000,0.0000,0.0000,143.7000,0.0061,-0.86400,-0.05500,0.35500,-0.19000,-3.29000,-1.30000,0.47700,0.13900,0.80300,2.94000,9.72000,6.16000,9.8,1.6,1.0,1.0,0.901495,0.346530,1.096809,-0.252466,0.217195,1.327594,-0.089600,0.486000,0.869300,0.003200,0.133500,0.542300,0.828800,0.034500,0.800862,0.116143,1.233130,-0.252471,0.217201,1.327603,-1.497303,-1.120249,-1.717102,-1.656207,-3.199052,0.255199,0.918706,-0.807281,1.869102,1.023368,1.821993,-0.578178,-0.701464,2.196084,1,0,1.0000,1.0000,1,0,0,1,0.0000,0.7409,,,,,126931,124582,852,236,124692,123320,2239,1260,0,2,0.61832,0.10279,0
1786018548.4267,B_right_diagonal_up_left_down_right,B,right,0,,,219,151.2000,345.7000,130.4000,192.6000,155.3000,0.0000,360.0000,273.5000,55.0000,0.0000,0.0000,0.0000,147.9000,0.0000,-0.84900,-0.06500,0.37800,5.83000,5.05000,3.21000,0.49300,0.11700,0.83000,13.32000,4.00000,-5.21000,9.8,1.6,1.0,1.0,0.698422,0.345221,1.177502,-0.961179,0.416098,1.666607,-0.089600,0.486000,0.869300,0.003200,0.133500,0.542300,0.828800,0.034500,0.800862,0.116143,1.233130,-0.252471,0.217201,1.327603,-1.497998,-1.120831,-1.716680,-1.655500,-3.198771,0.255807,0.919045,-0.807281,1.869102,1.023368,1.821993,-0.578178,-0.701464,2.196084,1,0,1.0000,1.0000,1,0,0,1,0.0000,0.6585,,,,,7397,124582,809,236,5459,123320,1938,1260,0,2,0.61782,0.10279,0
1786018548.4532,B_right_diagonal_up_left_down_right,B,right,0,,,220,151.2000,345.7000,130.4000,192.6000,155.3000,0.0000,360.0000,273.5000,55.0000,0.0000,0.0000,0.0000,147.9000,0.0000,-0.84900,-0.06500,0.37800,5.83000,5.05000,3.21000,0.49300,0.11700,0.83000,13.32000,4.00000,-5.21000,9.8,1.6,1.0,1.0,0.698422,0.345221,1.177502,-0.961179,0.416098,1.666607,-0.089600,0.486000,0.869300,0.003200,0.133500,0.542300,0.828800,0.034500,0.797150,0.106379,1.241634,-0.252471,0.217201,1.327603,-1.498359,-1.121134,-1.716461,-1.655132,-3.198625,0.256124,0.919222,-0.807281,1.869102,1.023368,1.821993,-0.578178,-0.701464,2.196084,1,0,1.0000,1.0000,1,0,0,1,0.0000,0.6585,,,,,126932,124582,852,236,124693,123320,2239,1260,0,2,0.61782,0.10279,0
1786018548.4749,B_right_diagonal_up_left_down_right,B,right,0,,,221,151.2000,345.7000,130.4000,192.6000,153.6000,0.0000,360.0000,276.3000,58.4000,0.0000,0.0000,0.0000,153.7000,0.0000,-0.85400,-0.04300,0.40300,0.34000,2.90000,4.78000,0.54000,0.03600,0.80300,8.40000,25.24000,4.36000,9.8,0.8,1.0,1.0,0.696819,0.345367,1.177120,-0.961179,0.416098,1.666607,-0.089600,0.486000,0.869300,0.003200,0.133500,0.542300,0.828800,0.034500,0.797150,0.106379,1.241634,-0.252471,0.217201,1.327603,-1.499795,-1.122337,-1.715588,-1.653670,-3.198045,0.257383,0.919924,-0.807414,1.869334,1.023626,1.821996,-0.578000,-0.701284,2.195612,1,0,1.0000,1.0000,1,0,0,1,0.0000,0.7129,,,,,126932,124582,852,237,124693,123320,2239,1260,0,2,0.61782,0.10279,0
1786018548.4862,B_right_diagonal_up_left_down_right,B,right,0,,,222,151.2000,345.7000,130.4000,192.6000,153.6000,0.0000,360.0000,276.3000,58.4000,0.0000,0.0000,0.0000,153.7000,0.0000,-0.85400,-0.04300,0.40300,0.34000,2.90000,4.78000,0.54000,0.03600,0.80300,8.40000,25.24000,4.36000,9.8,0.8,1.0,1.0,0.696819,0.345367,1.177120,-0.961179,0.416098,1.666607,-0.089600,0.486000,0.869300,0.003200,0.133500,0.542300,0.828800,0.034500,0.797150,0.106379,1.241634,-0.252471,0.217201,1.327603,-1.499795,-1.122337,-1.715588,-1.653670,-3.198045,0.257383,0.919924,-0.807414,1.869334,1.023626,1.821996,-0.578000,-0.701284,2.195612,1,0,1.0000,1.0000,1,0,0,1,0.0000,0.7129,,,,,126932,124582,852,237,124693,123320,2239,1260,0,2,0.61782,0.10279,0
1786018548.5018,B_right_diagonal_up_left_down_right,B,right,0,,,223,151.2000,345.7000,130.4000,192.6000,153.6000,0.0000,360.0000,276.3000,58.4000,0.0000,0.0000,0.0000,153.7000,0.0000,-0.85400,-0.04300,0.40300,0.34000,2.90000,4.78000,0.54000,0.03600,0.80300,8.40000,25.24000,4.36000,9.8,0.8,1.0,1.0,0.696819,0.345367,1.177120,-0.961179,0.416098,1.666607,-0.089600,0.486000,0.869300,0.003200,0.133500,0.542300,0.828800,0.034500,0.797150,0.106379,1.241634,-0.252471,0.217201,1.327603,-1.500428,-1.122867,-1.715204,-1.653026,-3.197789,0.257937,0.920234,-0.807524,1.869528,1.023840,1.821999,-0.577852,-0.701135,2.195220,1,0,1.0000,1.0000,1,0,0,1,0.0000,0.7129,,,,,126932,124582,852,237,124693,123320,2239,1260,0,2,0.61782,0.10279,0
1786018548.5221,B_right_diagonal_up_left_down_right,B,right,0,,,224,151.2000,345.7000,130.4000,192.6000,153.6000,0.0000,360.0000,276.3000,58.4000,0.0000,0.0000,0.0000,153.7000,0.0000,-0.85400,-0.04300,0.40300,0.34000,2.90000,4.78000,0.54000,0.03600,0.80300,8.40000,25.24000,4.36000,9.8,0.8,1.0,1.0,0.696819,0.345367,1.177120,-0.961179,0.416098,1.666607,-0.089600,0.486000,0.869300,0.003200,0.133500,0.542300,0.828800,0.034500,0.796138,0.105611,1.242583,-0.252471,0.217201,1.327603,-1.500756,-1.123143,-1.715004,-1.652691,-3.197656,0.258225,0.920394,-0.807581,1.869629,1.023952,1.822000,-0.577774,-0.701057,2.195015,1,0,1.0000,1.0000,1,0,0,1,0.0000,0.7129,,,,,7397,8076,809,208,5459,6876,1938,1200,0,0,0.61782,0.10279,0
1786018548.5410,B_right_diagonal_up_left_down_right,B,right,0,,,225,151.2000,345.7000,130.3000,192.6000,153.5000,0.0000,360.0000,276.3000,58.4000,0.0000,0.0000,0.0000,153.7000,0.0000,-0.85600,-0.07000,0.38400,1.34000,-8.12000,6.28000,0.54000,0.03600,0.80300,8.40000,25.24000,4.36000,10.7,1.6,1.0,1.0,0.899796,0.346594,1.096444,-0.961179,0.416098,1.666607,-0.089600,0.486000,0.869300,0.003200,0.133500,0.542300,0.828800,0.034500,0.796138,0.105611,1.242583,-0.252471,0.217201,1.327603,-1.501804,-1.124021,-1.714367,-1.651625,-3.197233,0.259143,0.920907,-0.807582,1.869630,1.023953,1.822000,-0.577773,-0.701057,2.195013,1,0,1.0000,1.0000,1,0,0,1,0.0000,0.7129,,,,,126933,124582,852,237,124693,123320,2240,1260,0,2,0.61715,0.10279,0
1786018548.5704,B_right_diagonal_up_left_down_right,B,right,0,,,226,151.2000,345.7000,130.3000,192.6000,153.9000,0.0000,360.0000,27.3000,59.9000,0.0000,0.0000,0.0000,154.7000,0.0000,-0.85400,-0.07100,0.38100,3.99000,-8.65000,5.79000,0.43100,0.13300,0.78700,28.73000,24.66000,2.85000,10.7,1.6,1.0,1.0,0.898755,0.346633,1.096217,-0.252466,0.217195,1.327594,-0.089600,0.486000,0.869300,0.003200,0.133500,0.542300,0.828800,0.034500,0.796138,0.105611,1.242583,-0.252471,0.217201,1.327603,-1.502160,-1.124319,-1.714151,-1.651263,-3.197090,0.259455,0.921081,-0.807582,1.869630,1.023953,1.822000,-0.577773,-0.701057,2.195013,1,0,1.0000,1.0000,1,0,0,1,0.0000,0.9629,,,,,126933,8076,852,208,124693,6876,2240,1200,0,0,0.61715,0.10279,0
1786018548.5896,B_right_diagonal_up_left_down_right,B,right,0,,,227,151.2000,345.7000,130.3000,192.6000,154.2000,0.0000,360.0000,278.0000,60.2000,0.0000,0.0000,0.0000,154.9000,0.0000,-0.86300,-0.05800,0.35800,3.99000,-6.24000,5.10000,0.44800,0.13500,0.77300,24.62000,23.79000,3.95000,10.9,1.5,1.0,1.0,0.699082,0.345345,1.177543,-0.252466,0.217195,1.327594,-0.089600,0.486000,0.869300,0.003200,0.133500,0.542300,0.828800,0.034500,0.785256,0.122592,1.235427,-0.252471,0.217201,1.327603,-1.502491,-1.124597,-1.713950,-1.650925,-3.196956,0.259745,0.921243,-0.807582,1.869630,1.023953,1.822000,-0.577773,-0.701057,2.195013,1,0,1.0000,1.0000,1,0,0,1,0.0000,0.9803,,,,,7398,124582,809,237,5459,123320,1939,1260,0,2,0.61785,0.10279,0
1786018548.6128,B_right_diagonal_up_left_down_right,B,right,0,,,228,151.2000,345.7000,130.3000,192.3000,154.8000,0.0000,360.0000,279.1000,60.5000,0.0000,0.0000,0.0000,155.4000,0.0000,-0.88300,-0.04800,0.36200,3.12000,1.23000,3.05000,0.43000,0.17700,0.76300,23.92000,23.19000,3.41000,10.0,1.4,1.0,1.0,0.757297,0.038429,1.296241,-0.252466,0.217195,1.327594,-0.089600,0.486000,0.869300,0.003200,0.133500,0.542300,0.828800,0.034500,0.785256,0.122592,1.235427,-0.252471,0.217201,1.327603,-1.504219,-1.126044,-1.712900,-1.649167,-3.196258,0.261259,0.922088,-0.807770,1.869962,1.024320,1.822005,-0.577519,-0.700801,2.194339,1,0,1.0000,1.0000,1,0,0,1,0.0000,1.0045,,,,,126934,124582,852,237,124693,123320,2241,1260,0,2,0.61715,0.10279,0
1786018548.6228,B_right_diagonal_up_left_down_right,B,right,0,,,229,151.2000,345.7000,130.3000,192.3000,154.8000,0.0000,360.0000,279.9000,60.5000,0.0000,0.0000,0.0000,155.6000,0.0000,-0.88300,-0.04800,0.36200,3.12000,1.23000,3.05000,0.42900,0.18900,0.79000,20.10000,20.79000,3.38000,9.5,1.0,1.0,1.0,0.757297,0.038429,1.296241,-0.047208,0.254795,1.234554,-0.089600,0.486000,0.869300,0.003200,0.133500,0.542300,0.828800,0.034500,0.785256,0.122592,1.235427,-0.252471,0.217201,1.327603,-1.504594,-1.126359,-1.712672,-1.648784,-3.196106,0.261588,0.922272,-0.807821,1.870050,1.024418,1.822006,-0.577451,-0.700733,2.194159,1,0,1.0000,1.0000,1,0,0,1,0.0000,0.8908,,,,,7399,8076,809,208,5459,6876,1940,1200,0,0,0.61715,0.10279,0
1786018548.6606,B_right_diagonal_up_left_down_right,B,right,0,,,230,151.2000,345.7000,130.3000,192.5000,154.2000,0.0000,360.0000,281.5000,60.2000,0.0000,79.5000,0.0000,156.9000,0.0000,-0.86800,-0.02700,0.37800,1.30000,10.37000,-0.55000,0.38800,0.26400,0.81900,-11.87000,15.39000,28.86000,7.3,0.8,1.0,1.0,0.900321,0.346577,1.096548,-0.252466,0.217195,1.327594,-0.089600,0.486000,0.869300,0.003200,0.133500,0.542300,0.828800,0.034500,0.772996,0.139159,1.229366,-0.252471,0.217201,1.327603,-1.505276,-1.126930,-1.712258,-1.648090,-3.195831,0.262186,0.922605,-0.807896,1.870183,1.024565,1.822008,-0.577349,-0.700631,2.193890,1,0,1.0000,1.0000,1,1,0,0,0.0000,0.0000,,,,,7399,124582,809,237,5459,123320,1940,1260,0,2,0.61715,0.10279,0
1786018548.6676,B_right_diagonal_up_left_down_right,B,right,0,,,231,151.2000,345.7000,130.3000,192.5000,154.2000,0.0000,360.0000,281.5000,60.2000,0.0000,79.5000,0.0000,156.9000,0.0000,-0.86800,-0.02700,0.37800,1.30000,10.37000,-0.55000,0.38800,0.26400,0.81900,-11.87000,15.39000,28.86000,7.3,0.8,1.0,1.0,0.900321,0.346577,1.096548,-0.252466,0.217195,1.327594,-0.089600,0.486000,0.869300,0.003200,0.133500,0.542300,0.828800,0.034500,0.772996,0.139159,1.229366,-0.252471,0.217201,1.327603,-1.505276,-1.126930,-1.712258,-1.648090,-3.195831,0.262186,0.922605,-0.807896,1.870183,1.024565,1.822008,-0.577349,-0.700631,2.193890,1,0,1.0000,1.0000,1,1,0,0,0.0000,0.0000,,,,,7399,124582,809,237,5459,123320,1940,1260,0,2,0.61715,0.10279,0
1786018548.6869,B_right_diagonal_up_left_down_right,B,right,0,,,232,151.2000,345.7000,130.3000,192.4000,153.0000,0.0000,360.0000,283.0000,59.9000,0.0000,97.2000,0.0000,157.5000,0.0000,-0.86600,-0.05000,0.40600,5.09000,7.46000,-1.49000,0.46700,0.19100,0.85000,-19.64000,14.34000,33.99000,8.7,0.4,1.0,1.0,0.897962,0.346664,1.096100,-0.961179,0.416098,1.666607,-0.089600,0.486000,0.869300,0.003200,0.133500,0.542300,0.828800,0.034500,0.772996,0.139159,1.229366,-0.252471,0.217201,1.327603,-1.506669,-1.128097,-1.711411,-1.646672,-3.195268,0.263406,0.923286,-0.807993,1.870353,1.024754,1.822011,-0.577218,-0.700499,2.193543,1,0,1.0000,1.0000,1,1,0,0,0.0000,0.0000,,,,,7399,124582,809,238,5459,123320,1940,1260,0,2,0.61715,0.10279,0
1786018548.7041,B_right_diagonal_up_left_down_right,B,right,0,,,233,151.2000,345.7000,130.3000,192.4000,153.0000,0.0000,360.0000,283.0000,59.9000,0.0000,97.2000,0.0000,157.5000,0.0000,-0.86600,-0.05000,0.40600,5.09000,7.46000,-1.49000,0.46700,0.19100,0.85000,-19.64000,14.34000,33.99000,8.7,0.4,1.0,1.0,0.897962,0.346664,1.096100,-0.961179,0.416098,1.666607,-0.089600,0.486000,0.869300,0.003200,0.133500,0.542300,0.828800,0.034500,0.772996,0.139159,1.229366,-0.252471,0.217201,1.327603,-1.506669,-1.128097,-1.711411,-1.646672,-3.195268,0.263406,0.923286,-0.807993,1.870353,1.024754,1.822011,-0.577218,-0.700499,2.193543,1,0,1.0000,1.0000,1,1,0,0,0.0000,0.0000,,,,,7399,124582,809,238,5459,123320,1940,1260,0,2,0.61715,0.10279,0
1786018548.7182,B_right_diagonal_up_left_down_right,B,right,0,,,234,150.9000,345.7000,130.3000,192.5000,152.5000,0.0000,360.0000,284.5000,59.8000,0.0000,104.8000,0.0000,158.2000,0.0000,-0.85900,-0.03500,0.41700,1.65000,5.40000,-2.48000,0.37700,0.16600,0.83100,-22.63000,23.20000,32.25000,9.0,2.7,1.0,1.0,0.754351,0.038466,1.295661,-0.047208,0.254795,1.234554,-0.089600,0.486000,0.869300,0.003200,0.133500,0.542300,0.828800,0.034500,0.757634,0.157228,1.223683,-0.252471,0.217201,1.327603,-1.507341,-1.128661,-1.711003,-1.645987,-3.194996,0.263996,0.923615,-0.808020,1.870401,1.024807,1.822011,-0.577181,-0.700462,2.193446,1,0,1.0000,1.0000,1,1,0,0,0.0000,0.0000,,,,,126934,124582,852,238,124693,123320,2241,1260,0,2,0.61715,0.10279,0
1786018548.7423,B_right_diagonal_up_left_down_right,B,right,0,,,235,151.0000,345.7000,130.3000,192.5000,151.1000,0.0000,360.0000,283.6000,59.8000,0.0000,100.5000,0.0000,157.8000,0.0000,-0.86500,-0.03500,0.42000,-1.11000,2.87000,0.02000,0.44700,0.18800,0.86000,-20.23000,18.94000,32.89000,9.0,2.7,1.0,1.0,0.752290,0.038516,1.295255,-0.252466,0.217195,1.327594,-0.089600,0.486000,0.869300,0.003200,0.133500,0.542300,0.828800,0.034500,0.757634,0.157228,1.223683,-0.252471,0.217201,1.327603,-1.507341,-1.128661,-1.711003,-1.645987,-3.194996,0.263996,0.923615,-0.808020,1.870401,1.024807,1.822011,-0.577181,-0.700462,2.193446,1,0,1.0000,1.0000,1,1,0,0,0.0000,0.0000,,,,,126934,124582,852,238,124693,123320,2241,1260,0,2,0.61715,0.10279,0
1786018548.7690,B_right_diagonal_up_left_down_right,B,right,0,,,236,151.0000,345.7000,130.3000,192.5000,151.1000,0.0000,360.0000,286.5000,59.7000,0.0000,109.0000,0.0000,158.8000,0.0000,-0.86500,-0.03500,0.42000,-1.11000,2.87000,0.02000,0.39900,0.11400,0.80600,-27.30000,25.18000,32.34000,9.3,2.7,1.0,1.0,0.752290,0.038516,1.295255,-0.047208,0.254795,1.234554,-0.089600,0.486000,0.869300,0.003200,0.133500,0.542300,0.828800,0.034500,0.757634,0.157228,1.223683,-0.252471,0.217201,1.327603,-1.509792,-1.130715,-1.709513,-1.643492,-3.194006,0.266144,0.924814,-0.808020,1.870401,1.024807,1.822011,-0.577181,-0.700462,2.193446,1,0,1.0000,1.0000,1,1,0,0,0.0000,0.0000,,,,,126934,8077,852,209,124693,6877,2241,1200,0,0,0.61715,0.10279,0
1786018548.7860,B_right_diagonal_up_left_down_right,B,right,0,,,237,151.1000,345.7000,130.3000,192.6000,153.0000,0.0000,360.0000,288.6000,59.9000,0.0000,112.6000,0.0000,160.4000,0.0000,-0.86400,-0.07100,0.36300,4.24000,-11.18000,-1.09000,0.35000,0.07800,0.86400,-26.82000,18.58000,35.66000,9.2,0.8,1.0,1.0,0.755223,0.038406,1.295841,-0.961179,0.416098,1.666607,-0.089600,0.486000,0.869300,0.003200,0.133500,0.542300,0.828800,0.034500,0.757634,0.157228,1.223683,-0.252471,0.217201,1.327603,-1.510128,-1.130996,-1.709310,-1.643151,-3.193871,0.266438,0.924978,-0.808020,1.870401,1.024807,1.822011,-0.577181,-0.700462,2.193446,1,0,1.0000,1.0000,1,1,0,0,0.0000,0.0000,,,,,7399,124582,809,238,5459,123320,1940,1260,0,2,0.61715,0.10279,0
1786018548.8081,B_right_diagonal_up_left_down_right,B,right,0,,,238,151.1000,345.7000,130.3000,192.6000,153.6000,0.0000,360.0000,288.2000,59.8000,0.0000,112.2000,0.0000,159.9000,0.0000,-0.86400,-0.06200,0.35300,4.08000,-10.86000,-0.49000,0.32900,0.11200,0.84900,-26.70000,18.89000,35.26000,9.9,2.1,1.0,1.0,0.755223,0.038406,1.295841,-0.047208,0.254795,1.234554,-0.089600,0.486000,0.869300,0.003200,0.133500,0.542300,0.828800,0.034500,0.742534,0.172935,1.219537,-0.252471,0.217201,1.327603,-1.509974,-1.130892,-1.709391,-1.643474,3.089263,0.266315,0.924907,-0.808020,1.870401,1.024807,1.822011,-0.577181,-0.700462,2.193446,1,0,1.0000,1.0000,1,1,0,0,0.0000,0.0000,,,,,126934,124582,852,238,124693,123320,2241,1260,0,2,0.61715,0.10279,0
1786018548.8391,B_right_diagonal_up_left_down_right,B,right,0,,,239,151.1000,345.9000,130.3000,192.6000,156.1000,0.0000,360.0000,288.2000,59.8000,0.0000,112.2000,0.0000,159.9000,0.0000,-0.84000,-0.06300,0.36900,2.53000,0.04000,0.66000,0.32900,0.11200,0.84900,-26.70000,18.89000,35.26000,9.4,1.6,1.0,1.0,0.699782,0.345343,1.177612,-0.047208,0.254795,1.234554,-0.089600,0.486000,0.869300,0.003200,0.133500,0.542300,0.828800,0.034500,0.742534,0.172935,1.219537,-0.252471,0.217201,1.327603,-1.509740,-1.130734,-1.709514,-1.643966,3.089185,0.266130,0.924800,-0.808020,1.870401,1.024807,1.822011,-0.577181,-0.700462,2.193446,1,0,1.0000,1.0000,1,1,0,0,0.0000,0.0000,,,,,7399,8077,809,209,5459,6877,1940,1200,0,0,0.61715,0.10279,0
1786018548.8400,B_right_diagonal_up_left_down_right,B,right,0,,,240,151.1000,345.9000,130.3000,192.6000,156.1000,0.0000,360.0000,288.2000,59.8000,0.0000,112.2000,0.0000,159.9000,0.0000,-0.84000,-0.06300,0.36900,2.53000,0.04000,0.66000,0.32900,0.11200,0.84900,-26.70000,18.89000,35.26000,9.4,1.6,1.0,1.0,0.699782,0.345343,1.177612,-0.047208,0.254795,1.234554,-0.089600,0.486000,0.869300,0.003200,0.133500,0.542300,0.828800,0.034500,0.742534,0.172935,1.219537,-0.252471,0.217201,1.327603,-1.509740,-1.130734,-1.709514,-1.643966,3.089185,0.266130,0.924800,-0.808020,1.870401,1.024807,1.822011,-0.577181,-0.700462,2.193446,1,0,1.0000,1.0000,1,1,0,0,0.0000,0.0000,,,,,126934,8077,852,209,124693,6877,2241,1200,0,0,0.61715,0.10279,0
1786018548.8648,B_right_diagonal_up_left_down_right,B,right,0,,,241,151.1000,345.9000,130.3000,192.6000,156.1000,0.0000,360.0000,290.8000,60.0000,0.0000,114.9000,0.0000,162.3000,0.0000,-0.84000,-0.06300,0.36900,2.53000,0.04000,0.66000,0.37500,0.02800,0.87100,-1.66000,18.79000,10.31000,9.6,1.2,1.0,1.0,0.699782,0.345343,1.177612,-0.961179,0.416098,1.666607,-0.089600,0.486000,0.869300,0.003200,0.133500,0.542300,0.828800,0.034500,0.726094,0.189707,1.216796,-0.252471,0.217201,1.327603,-1.503470,-1.126375,-1.712880,-1.656901,3.087028,0.261357,0.921837,-0.808020,1.870401,1.024807,1.822011,-0.577181,-0.700462,2.193446,1,0,1.0000,1.0000,1,1,0,0,0.0000,0.0000,,,,,7399,124582,809,238,5459,123320,1940,1260,0,2,0.61715,0.10279,0
1786018548.8793,B_right_diagonal_up_left_down_right,B,right,0,,,242,151.1000,345.9000,130.3000,192.6000,155.0000,0.0000,360.0000,292.3000,60.5000,0.0000,116.5000,0.0000,164.2000,0.0000,-0.81900,-0.04400,0.39100,3.73000,6.89000,-0.21000,0.36500,0.10100,0.88900,-0.74000,29.64000,15.02000,9.3,0.9,1.0,1.0,0.753123,0.038489,1.295403,-0.047208,0.254795,1.234554,-0.089600,0.486000,0.869300,0.003200,0.133500,0.542300,0.828800,0.034500,0.726094,0.189707,1.216796,-0.252471,0.217201,1.327603,-1.500644,-1.124407,-1.714398,-1.662721,3.086054,0.259213,0.920499,-0.808020,1.870401,1.024807,1.822011,-0.577181,-0.700462,2.193446,1,0,1.0000,1.0000,1,1,0,0,0.0000,0.0000,,,,,7399,8077,810,209,5459,6877,1940,1200,0,0,0.61715,0.10279,0
1786018548.8982,B_right_diagonal_up_left_down_right,B,right,0,,,243,151.1000,345.9000,130.3000,192.6000,155.0000,0.0000,360.0000,292.3000,60.5000,0.0000,116.5000,0.0000,164.2000,0.0000,-0.81900,-0.04400,0.39100,3.73000,6.89000,-0.21000,0.36500,0.10100,0.88900,-0.74000,29.64000,15.02000,9.3,0.9,1.0,1.0,0.753123,0.038489,1.295403,-0.047208,0.254795,1.234554,-0.089600,0.486000,0.869300,0.003200,0.133500,0.542300,0.828800,0.034500,0.726094,0.189707,1.216796,-0.252471,0.217201,1.327603,-1.489300,-1.116506,-1.720495,-1.686087,3.082145,0.250607,0.915130,-0.808020,1.870401,1.024807,1.822011,-0.577181,-0.700462,2.193446,1,0,1.0000,1.0000,1,1,0,0,0.0000,0.0000,,,,,126934,8077,852,209,124693,6877,2241,1200,0,0,0.61715,0.10279,0
1786018548.9299,B_right_diagonal_up_left_down_right,B,right,0,,,244,151.1000,345.8000,130.3000,192.8000,151.5000,0.0000,360.0000,292.3000,60.5000,0.0000,116.5000,0.0000,164.2000,0.0000,-0.83700,-0.06500,0.42700,5.90000,2.67000,3.85000,0.36500,0.10100,0.88900,-0.74000,29.64000,15.02000,9.3,0.9,1.0,1.0,0.695008,0.345534,1.176714,-0.047208,0.254795,1.234554,-0.089600,0.486000,0.869300,0.003200,0.133500,0.542300,0.828800,0.034500,0.721077,0.202314,1.219488,-0.252471,0.217201,1.327603,-1.481486,-1.111063,-1.724694,-1.702183,3.079452,0.244678,0.911431,-0.808020,1.870401,1.024807,1.822011,-0.577181,-0.700462,2.193446,1,0,1.0000,1.0000,1,1,0,0,0.0000,0.0000,,,,,126934,124582,852,238,124693,123320,2241,1260,0,2,0.61715,0.10279,0
1786018548.9423,B_right_diagonal_up_left_down_right,B,right,0,,,245,151.1000,345.8000,130.3000,192.8000,151.5000,0.0000,360.0000,292.3000,60.5000,0.0000,116.5000,0.0000,164.2000,0.0000,-0.83700,-0.06500,0.42700,5.90000,2.67000,3.85000,0.36500,0.10100,0.88900,-0.74000,29.64000,15.02000,10.1,1.3,1.0,1.0,0.695008,0.345534,1.176714,-0.047208,0.254795,1.234554,-0.089600,0.486000,0.869300,0.003200,0.133500,0.542300,0.828800,0.034500,0.721077,0.202314,1.219488,-0.252471,0.217201,1.327603,-1.481486,-1.111063,-1.724694,-1.702183,3.079452,0.244678,0.911431,-0.808020,1.870401,1.024807,1.822011,-0.577181,-0.700462,2.193446,1,0,1.0000,1.0000,1,1,0,0,0.0000,0.0000,,,,,7400,124582,810,238,5459,123320,1941,1260,0,2,0.56604,0.10279,0
1786018548.9655,B_right_diagonal_up_left_down_right,B,right,0,,,246,151.1000,345.8000,130.3000,192.8000,151.5000,0.0000,360.0000,295.7000,61.8000,0.0000,117.8000,0.0000,166.1000,0.0000,-0.83700,-0.06500,0.42700,5.90000,2.67000,3.85000,0.35100,0.12700,0.93700,-7.56000,29.03000,42.07000,10.1,1.3,1.0,1.0,0.695008,0.345534,1.176714,-0.961179,0.416098,1.666607,-0.089600,0.486000,0.869300,0.003200,0.133500,0.542300,0.828800,0.034500,0.721077,0.202314,1.219488,-0.252471,0.217201,1.327603,-1.481830,-1.111356,-1.724471,-1.701836,-3.203606,0.244992,0.911615,-0.808020,1.870401,1.024807,1.822011,-0.577181,-0.700462,2.193446,1,0,1.0000,1.0000,1,1,0,0,0.0000,0.0000,,,,,126934,124582,853,239,124693,123320,2241,1260,0,2,0.61715,0.10279,0
1786018548.9859,B_right_diagonal_up_left_down_right,B,right,0,,,247,151.1000,345.8000,130.3000,192.8000,151.5000,0.0000,360.0000,296.6000,61.7000,0.0000,118.2000,0.0000,166.3000,0.0000,-0.83700,-0.06500,0.42700,5.90000,2.67000,3.85000,0.32100,0.07800,0.92400,-14.50000,26.47000,40.79000,10.6,1.7,1.0,1.0,0.695008,0.345534,1.176714,-0.961179,0.416098,1.666607,-0.089600,0.486000,0.869300,0.003200,0.133500,0.542300,0.828800,0.034500,0.721077,0.202314,1.219488,-0.252471,0.217201,1.327603,-1.482863,-1.112234,-1.723798,-1.700794,-3.203225,0.245935,0.912168,-0.808020,1.870401,1.024807,1.822011,-0.577181,-0.700462,2.193446,1,0,1.0000,1.0000,1,1,0,0,0.0000,0.0000,,,,,7401,8077,810,209,5459,6877,1942,1200,0,0,0.55188,0.10279,0
1786018549.0052,B_right_diagonal_up_left_down_right,B,right,0,,,248,151.1000,345.8000,130.3000,192.8000,151.5000,0.0000,360.0000,296.6000,61.7000,0.0000,118.2000,0.0000,166.3000,0.0000,-0.83700,-0.06500,0.42700,5.90000,2.67000,3.85000,0.32100,0.07800,0.92400,-14.50000,26.47000,40.79000,10.6,1.7,1.0,1.0,0.695008,0.345534,1.176714,-0.961179,0.416098,1.666607,-0.089600,0.486000,0.869300,0.003200,0.133500,0.542300,0.828800,0.034500,0.721077,0.202314,1.219488,-0.252471,0.217201,1.327603,-1.483205,-1.112525,-1.723576,-1.700449,-3.203099,0.246247,0.912350,-0.808020,1.870401,1.024807,1.822011,-0.577181,-0.700462,2.193446,1,0,1.0000,1.0000,1,1,0,0,0.0000,0.0000,,,,,126935,124582,853,239,124693,123320,2242,1260,0,2,0.55188,0.10279,0
1786018549.0343,B_right_diagonal_up_left_down_right,B,right,0,,,249,151.2000,345.7000,130.5000,192.6000,152.7000,0.0000,360.0000,297.9000,62.5000,0.0000,120.1000,0.0000,166.9000,0.0000,-0.87500,-0.05800,0.39800,0.40000,-2.06000,1.02000,0.31100,-0.03700,0.91700,5.53000,32.53000,19.95000,9.6,1.4,1.0,1.0,0.695401,0.345553,1.176724,-0.961179,0.416098,1.666607,-0.089600,0.486000,0.869300,0.003200,0.133500,0.542300,0.828800,0.034500,0.721179,0.202633,1.219575,-0.252471,0.217201,1.327603,-1.497550,-1.124896,-1.714227,-1.686104,-3.197740,0.259326,0.920142,-0.808020,1.870401,1.024807,1.822011,-0.577181,-0.700462,2.193446,1,0,1.0000,1.0000,1,1,0,0,0.0000,0.0000,,,,,7402,124582,810,239,5459,123320,1943,1260,0,2,0.54854,0.10279,0
1786018549.0448,B_right_diagonal_up_left_down_right,B,right,0,,,250,151.2000,345.7000,130.5000,192.6000,152.7000,0.0000,360.0000,298.4000,63.1000,0.0000,120.7000,0.0000,167.0000,0.0000,-0.87500,-0.05800,0.39800,0.40000,-2.06000,1.02000,0.26400,-0.02900,0.88300,17.70000,33.88000,12.61000,9.3,0.8,1.0,1.0,0.695401,0.345553,1.176724,-0.047208,0.254795,1.234554,-0.089600,0.486000,0.869300,0.003200,0.133500,0.542300,0.828800,0.034500,0.721179,0.202633,1.219575,-0.252471,0.217201,1.327603,-1.513650,-1.138991,-1.704308,-1.670005,-3.190728,0.273996,0.928299,-0.808020,1.870401,1.024807,1.822011,-0.577181,-0.700462,2.193446,1,0,1.0000,1.0000,1,1,0,0,0.0000,0.0000,,,,,126936,124582,853,239,124693,123320,2243,1260,0,2,0.54854,0.10279,0
1786018549.0669,B_right_diagonal_up_left_down_right,B,right,0,,,251,151.2000,345.7000,130.5000,192.6000,152.7000,0.0000,360.0000,298.4000,63.1000,0.0000,120.7000,0.0000,167.0000,0.0000,-0.87500,-0.05800,0.39800,0.40000,-2.06000,1.02000,0.26400,-0.02900,0.88300,17.70000,33.88000,12.61000,9.3,0.8,1.0,1.0,0.695401,0.345553,1.176724,-0.047208,0.254795,1.234554,-0.089600,0.486000,0.869300,0.003200,0.133500,0.542300,0.828800,0.034500,0.721179,0.202633,1.219575,-0.252471,0.217201,1.327603,-1.524763,-1.148777,-1.697614,-1.658892,-3.185623,0.284120,0.933772,-0.808020,1.870401,1.024807,1.822011,-0.577181,-0.700462,2.193446,1,0,1.0000,1.0000,1,1,0,0,0.0000,0.0000,,,,,126936,124582,853,239,124693,123320,2243,1260,0,2,0.54854,0.10279,0
1786018549.0820,B_right_diagonal_up_left_down_right,B,right,0,,,252,151.2000,345.7000,130.5000,192.6000,152.7000,0.0000,360.0000,298.4000,63.1000,0.0000,120.7000,0.0000,167.0000,0.0000,-0.87500,-0.05800,0.39800,0.40000,-2.06000,1.02000,0.26400,-0.02900,0.88300,17.70000,33.88000,12.61000,9.3,0.8,1.0,1.0,0.695401,0.345553,1.176724,-0.047208,0.254795,1.234554,-0.089600,0.486000,0.869300,0.003200,0.133500,0.542300,0.828800,0.034500,0.718932,0.209328,1.220309,-0.252471,0.217201,1.327603,-1.539698,-1.161928,-1.688618,-1.643956,-3.178762,0.297727,0.941128,-0.808020,1.870401,1.024807,1.822011,-0.577181,-0.700462,2.193446,1,0,1.0000,1.0000,1,1,0,0,0.0000,0.0000,,,,,7402,124582,810,239,5459,123320,1943,1260,0,2,0.54854,0.10279,0
1786018549.1010,B_right_diagonal_up_left_down_right,B,right,0,,,253,151.2000,345.7000,130.5000,192.6000,152.7000,0.0000,360.0000,298.4000,63.1000,0.0000,120.7000,0.0000,167.0000,0.0000,-0.87500,-0.05800,0.39800,0.40000,-2.06000,1.02000,0.26400,-0.02900,0.88300,17.70000,33.88000,12.61000,9.3,0.8,1.0,1.0,0.695401,0.345553,1.176724,-0.047208,0.254795,1.234554,-0.089600,0.486000,0.869300,0.003200,0.133500,0.542300,0.828800,0.034500,0.718932,0.209328,1.220309,-0.252471,0.217201,1.327603,-1.542422,-1.164327,-1.686978,-1.641233,-3.177510,0.300209,0.942470,-0.808020,1.870401,1.024807,1.822011,-0.577181,-0.700462,2.193446,1,0,1.0000,1.0000,1,1,0,0,0.0000,0.0000,,,,,126936,8077,853,210,124693,6877,2243,1200,0,0,0.54854,0.10279,0
1786018549.1354,B_right_diagonal_up_left_down_right,B,right,0,,,254,151.2000,345.7000,130.5000,192.6000,152.7000,0.0000,360.0000,298.4000,63.1000,0.0000,120.7000,0.0000,167.0000,0.0000,-0.87500,-0.05800,0.39800,0.40000,-2.06000,1.02000,0.26400,-0.02900,0.88300,17.70000,33.88000,12.61000,9.3,0.8,1.0,1.0,0.695401,0.345553,1.176724,-0.047208,0.254795,1.234554,-0.089600,0.486000,0.869300,0.003200,0.133500,0.542300,0.828800,0.034500,0.718932,0.209328,1.220309,-0.252471,0.217201,1.327603,-1.542422,-1.164327,-1.686978,-1.641233,-3.177510,0.300209,0.942470,-0.808020,1.870401,1.024807,1.822011,-0.577181,-0.700462,2.193446,1,0,1.0000,1.0000,1,1,0,0,0.0000,0.0000,,,,,126936,8077,853,210,124693,6877,2243,1200,0,0,0.54854,0.10279,0
1786018549.1539,B_right_diagonal_up_left_down_right,B,right,0,,,255,151.3000,345.7000,130.4000,192.6000,154.4000,0.0000,360.0000,301.0000,65.4000,0.0000,121.9000,0.0000,167.3000,0.0000,-0.85500,-0.04600,0.37700,5.50000,-2.28000,-0.38000,0.25600,0.10000,0.90200,11.02000,27.77000,26.05000,10.0,1.1,1.0,1.0,0.753931,0.038516,1.295533,-0.047208,0.254795,1.234554,-0.089600,0.486000,0.869300,0.003200,0.133500,0.542300,0.828800,0.034500,0.713492,0.223903,1.222193,-0.252471,0.217201,1.327603,-1.564502,-1.183770,-1.673678,-1.619152,-3.167367,0.320325,0.953345,-0.808020,1.870401,1.024807,1.822011,-0.577181,-0.700462,2.193446,1,0,1.0000,1.0000,1,1,0,0,0.0000,0.0000,,,,,126937,8077,853,210,124693,6877,2244,1200,0,0,0.54846,0.10279,0
1786018549.1676,B_right_diagonal_up_left_down_right,B,right,0,,,256,151.2000,345.7000,130.4000,192.6000,154.4000,0.0000,360.0000,301.8000,65.8000,0.0000,122.1000,0.0000,167.6000,0.0000,-0.85800,-0.04300,0.37500,3.28000,0.18000,0.65000,0.21000,0.13100,0.87900,-1.28000,30.08000,32.96000,9.7,2.2,1.0,1.0,0.696884,0.345520,1.177002,-0.961179,0.416098,1.666607,-0.089600,0.486000,0.869300,0.003200,0.133500,0.542300,0.828800,0.034500,0.713492,0.223903,1.222193,-0.252471,0.217201,1.327603,-1.581412,-1.198660,-1.663493,-1.602242,-3.159598,0.335731,0.961673,-0.808020,1.870401,1.024807,1.822011,-0.577181,-0.700462,2.193446,1,0,1.0000,1.0000,1,1,0,0,0.0000,0.0000,,,,,126937,124582,853,240,124693,123320,2244,1260,0,2,0.54846,0.10279,0
1786018549.1797,B_right_diagonal_up_left_down_right,B,right,0,,,257,151.2000,345.7000,130.4000,192.6000,154.5000,0.0000,360.0000,302.5000,66.1000,0.0000,122.6000,0.0000,167.5000,0.0000,-0.86500,-0.04200,0.38400,2.69000,2.09000,1.38000,0.19100,0.06800,0.88300,-10.95000,25.78000,37.10000,10.1,2.2,1.0,1.0,0.898026,0.346662,1.096089,-0.252466,0.217195,1.327594,-0.089600,0.486000,0.869300,0.003200,0.133500,0.542300,0.828800,0.034500,0.713492,0.223903,1.222193,-0.252471,0.217201,1.327603,-1.588032,-1.204490,-1.659505,-1.595623,-3.156557,0.341761,0.964934,-0.808020,1.870401,1.024807,1.822011,-0.577181,-0.700462,2.193446,1,0,1.0000,1.0000,1,1,0,0,0.0000,0.0000,,,,,7403,8077,810,210,5459,6877,1944,1200,0,0,0.54846,0.10279,0
1786018549.1994,B_right_diagonal_up_left_down_right,B,right,0,,,258,151.2000,345.7000,130.4000,192.6000,154.5000,0.0000,360.0000,302.1000,66.0000,0.0000,122.3000,0.0000,167.8000,0.0000,-0.85500,-0.05500,0.38500,2.92000,1.77000,1.03000,0.20700,0.02300,0.91200,-12.16000,22.63000,34.81000,9.9,2.1,1.0,1.0,0.753752,0.038533,1.295475,-0.047208,0.254795,1.234554,-0.089600,0.486000,0.869300,0.003200,0.133500,0.542300,0.828800,0.034500,0.713492,0.223903,1.222193,-0.252471,0.217201,1.327603,-1.595498,-1.211064,-1.655008,-1.588157,-3.153127,0.348563,0.968611,-0.808020,1.870401,1.024807,1.822011,-0.577181,-0.700462,2.193446,1,0,1.0000,1.0000,1,1,0,0,0.0000,0.0000,,,,,126937,124582,853,240,124693,123320,2244,1260,0,2,0.54846,0.10279,0
1786018549.2371,B_right_diagonal_up_left_down_right,B,right,0,,,259,151.2000,345.7000,130.4000,192.8000,154.5000,0.0000,360.0000,303.1000,66.6000,0.0000,123.2000,0.0000,168.1000,0.0000,-0.87100,-0.07400,0.39400,5.37000,-1.06000,-2.00000,0.24800,-0.01200,0.94900,-11.47000,20.40000,31.37000,10.3,2.2,1.0,1.0,0.696238,0.345558,1.176832,-0.961179,0.416098,1.666607,-0.089600,0.486000,0.869300,0.003200,0.133500,0.542300,0.828800,0.034500,0.714377,0.223374,1.222246,-0.252471,0.217201,1.327603,-1.598539,-1.213742,-1.653176,-1.585115,-3.151730,0.351334,0.970109,-0.808020,1.870401,1.024807,1.822011,-0.577181,-0.700462,2.193446,1,0,1.0000,1.0000,1,1,0,0,0.0000,0.0000,,,,,7404,8077,810,210,5459,6877,1945,1200,0,0,0.54487,0.10279,0
1786018549.2379,B_right_diagonal_up_left_down_right,B,right,0,,,260,151.2000,345.7000,130.4000,192.8000,154.5000,0.0000,360.0000,303.1000,66.6000,0.0000,123.2000,0.0000,168.1000,0.0000,-0.87100,-0.07400,0.39400,5.37000,-1.06000,-2.00000,0.24800,-0.01200,0.94900,-11.47000,20.40000,31.37000,10.3,2.2,1.0,1.0,0.753305,0.038558,1.295342,-0.961179,0.416098,1.666607,-0.089600,0.486000,0.869300,0.003200,0.133500,0.542300,0.828800,0.034500,0.714377,0.223374,1.222246,-0.252471,0.217201,1.327603,-1.598539,-1.213742,-1.653176,-1.585115,-3.151730,0.351334,0.970109,-0.808020,1.870401,1.024807,1.822011,-0.577181,-0.700462,2.193446,1,0,1.0000,1.0000,1,1,0,0,0.0000,0.0000,,,,,7404,8077,810,210,5459,6877,1945,1200,0,0,0.54487,0.10279,0
1786018549.2851,B_right_diagonal_up_left_down_right,B,right,0,,,261,151.2000,345.8000,10.0000,192.7000,154.1000,0.0000,360.0000,304.4000,67.0000,0.0000,124.2000,0.0000,169.1000,0.0000,-0.82800,-0.04500,0.40800,1.41000,2.70000,-2.03000,0.25500,-0.01700,0.95900,-3.36000,25.97000,23.40000,10.3,2.5,1.0,1.0,0.693951,0.345652,1.176375,-0.252466,0.217195,1.327594,-0.089600,0.486000,0.869300,0.003200,0.133500,0.542300,0.828800,0.034500,0.714377,0.223374,1.222246,-0.252471,0.217201,1.327603,-1.643921,-1.253704,-1.625841,-1.539733,-3.130881,0.392679,0.992461,-0.808298,1.870890,1.025347,1.822018,-0.576805,-0.700086,2.192453,1,0,1.0000,1.0000,1,1,0,0,0.0000,0.0000,,,,,126938,124582,853,240,124693,123320,2245,1260,0,2,0.54487,0.10279,0
1786018549.2867,B_right_diagonal_up_left_down_right,B,right,0,,,262,151.2000,345.8000,10.0000,192.7000,154.1000,0.0000,360.0000,304.4000,67.0000,0.0000,124.2000,0.0000,169.1000,0.0000,-0.82800,-0.04500,0.40800,1.41000,2.70000,-2.03000,0.25500,-0.01700,0.95900,-3.36000,25.97000,23.40000,10.3,2.5,1.0,1.0,0.693951,0.345652,1.176375,-0.252466,0.217195,1.327594,-0.089600,0.486000,0.869300,0.003200,0.133500,0.542300,0.828800,0.034500,0.714377,0.223374,1.222246,-0.252471,0.217201,1.327603,-1.643921,-1.253704,-1.625841,-1.539733,-3.130881,0.392679,0.992461,-0.808298,1.870890,1.025347,1.822018,-0.576805,-0.700086,2.192453,1,0,1.0000,1.0000,1,1,0,0,0.0000,0.0000,,,,,126938,124582,853,240,124693,123320,2245,1260,0,2,0.54487,0.10279,0
1786018549.2989,B_right_diagonal_up_left_down_right,B,right,0,,,263,151.2000,345.7000,130.4000,192.7000,152.9000,0.0000,360.0000,305.9000,67.8000,0.0000,125.3000,0.0000,169.8000,0.0000,-0.81000,-0.07300,0.40800,1.98000,2.15000,2.96000,0.19400,0.00600,0.94400,10.04000,25.15000,16.46000,13.2,1.6,1.0,1.0,0.691213,0.345759,1.175907,-0.961179,0.416098,1.666607,-0.089600,0.486000,0.869300,0.003200,0.133500,0.542300,0.828800,0.034500,0.715440,0.222635,1.222324,-0.252471,0.217201,1.327603,-1.661778,-1.269429,-1.615085,-1.521876,-3.122677,0.408948,1.001256,-0.808298,1.870890,1.025347,1.822018,-0.576805,-0.700086,2.192453,1,0,1.0000,1.0000,1,1,0,0,0.0000,0.0000,,,,,126939,124582,853,240,124693,123320,2246,1260,0,2,0.53715,0.10279,0
1786018549.3209,B_right_diagonal_up_left_down_right,B,right,0,,,264,151.2000,345.7000,130.4000,192.6000,152.0000,0.0000,360.0000,308.1000,68.3000,0.0000,125.0000,0.0000,169.5000,0.0000,-0.81000,-0.07200,0.40800,5.11000,-2.22000,3.76000,0.15100,0.05000,0.90200,4.50000,42.30000,31.02000,9.8,1.3,1.0,1.0,0.889322,0.346981,1.094497,-0.047208,0.254795,1.234554,-0.089600,0.486000,0.869300,0.003200,0.133500,0.542300,0.828800,0.034500,0.715440,0.222635,1.222324,-0.252471,0.217201,1.327603,-1.672592,-1.278951,-1.608572,-1.511062,-3.117710,0.418800,1.006582,-0.808298,1.870890,1.025347,1.822018,-0.576805,-0.700086,2.192453,1,0,1.0000,1.0000,1,1,0,0,0.0000,0.0000,,,,,126939,8077,853,211,124693,6877,2246,1200,0,0,0.53715,0.10279,0
1786018549.3384,B_right_diagonal_up_left_down_right,B,right,0,,,265,151.2000,345.7000,130.4000,192.6000,152.4000,0.0000,360.0000,308.3000,68.4000,0.0000,126.1000,0.0000,169.3000,0.0000,-0.82200,-0.05300,0.40500,3.44000,0.60000,6.52000,0.14600,0.04900,0.90900,4.07000,45.10000,31.57000,9.6,2.5,1.0,1.0,0.750663,0.038660,1.294867,-0.961179,0.416098,1.666607,-0.089600,0.486000,0.869300,0.003200,0.133500,0.542300,0.828800,0.034500,0.715440,0.222635,1.222324,-0.252471,0.217201,1.327603,-1.678232,-1.283917,-1.605175,-1.505423,-3.115119,0.423938,1.009359,-0.808298,1.870890,1.025347,1.822018,-0.576805,-0.700086,2.192453,1,0,1.0000,1.0000,1,1,0,0,0.0000,0.0000,,,,,7406,124582,810,240,5459,123320,1947,1260,0,2,0.53715,0.10279,0
1786018549.3666,B_right_diagonal_up_left_down_right,B,right,0,,,266,151.2000,345.7000,130.4000,192.6000,152.2000,0.0000,360.0000,308.3000,68.4000,0.0000,126.1000,0.0000,169.3000,0.0000,-0.84000,-0.06100,0.40900,1.92000,2.40000,8.60000,0.14600,0.04900,0.90900,4.07000,45.10000,31.57000,9.6,2.5,1.0,1.0,0.749059,0.038723,1.294574,-0.961179,0.416098,1.666607,-0.089600,0.486000,0.869300,0.003200,0.133500,0.542300,0.828800,0.034500,0.715440,0.222635,1.222324,-0.252471,0.217201,1.327603,-1.700795,-1.292986,-1.599299,-1.482859,-3.109481,0.433849,1.013715,-0.808298,1.870890,1.025347,1.822018,-0.576805,-0.700086,2.192453,1,0,1.0000,1.0000,1,1,0,0,0.0000,0.0000,,,,,7406,124582,810,240,5459,123320,1947,1260,0,2,0.53715,0.10279,0
1786018549.3914,B_right_diagonal_up_left_down_right,B,right,0,,,267,151.2000,345.7000,130.4000,192.6000,152.2000,0.0000,360.0000,310.2000,68.8000,0.0000,128.9000,0.0000,167.6000,0.0000,-0.84000,-0.06100,0.40900,1.92000,2.40000,8.60000,0.06600,0.10500,0.92200,6.79000,32.84000,27.27000,9.8,1.9,1.0,1.0,0.749059,0.038723,1.294574,-0.047208,0.254795,1.234554,-0.089600,0.486000,0.869300,0.003200,0.133500,0.542300,0.828800,0.034500,0.716719,0.221632,1.222424,-0.252471,0.217201,1.327603,-1.717493,-1.299545,-1.595008,-1.465862,-3.105472,0.441012,1.016919,-0.808298,1.870890,1.025347,1.822018,-0.576805,-0.700086,2.192453,1,0,1.0000,1.0000,1,1,0,0,0.0000,0.0000,,,,,126939,124582,853,240,124693,123320,2246,1260,0,2,0.53715,0.10279,0
1786018549.4076,B_right_diagonal_up_left_down_right,B,right,0,,,268,151.2000,345.7000,130.4000,192.6000,152.2000,0.0000,360.0000,310.2000,68.8000,0.0000,128.9000,0.0000,167.6000,0.0000,-0.84000,-0.06100,0.40900,1.92000,2.40000,8.60000,0.06600,0.10500,0.92200,6.79000,32.84000,27.27000,9.8,1.9,1.0,1.0,0.749059,0.038723,1.294574,-0.047208,0.254795,1.234554,-0.089600,0.486000,0.869300,0.003200,0.133500,0.542300,0.828800,0.034500,0.716719,0.221632,1.222424,-0.252471,0.217201,1.327603,-1.717493,-1.299545,-1.595008,-1.465862,-3.105472,0.441012,1.016919,-0.808298,1.870890,1.025347,1.822018,-0.576805,-0.700086,2.192453,1,0,1.0000,1.0000,1,1,0,0,0.0000,0.0000,,,,,126939,124582,853,240,124693,123320,2246,1260,0,2,0.53715,0.10279,0
1786018549.4237,B_right_diagonal_up_left_down_right,B,right,0,,,269,151.2000,345.7000,130.4000,192.6000,152.8000,0.0000,360.0000,309.9000,68.7000,0.0000,128.7000,0.0000,167.7000,0.0000,-0.86600,-0.03900,0.39800,-0.31000,4.87000,2.10000,0.06000,0.09500,0.91800,2.91000,31.11000,31.21000,9.8,1.9,1.0,1.0,0.692021,0.345738,1.176059,-0.961179,0.416098,1.666607,-0.089600,0.486000,0.869300,0.003200,0.133500,0.542300,0.828800,0.034500,0.717984,0.220633,1.222527,-0.252471,0.217201,1.327603,-1.716798,-1.299015,-1.595394,-1.466557,3.177478,0.440432,1.016563,-0.808298,1.870890,1.025347,1.822018,-0.576805,-0.700086,2.192453,1,0,1.0000,1.0000,1,1,0,0,0.0000,0.0000,,,,,7406,8077,810,211,5459,6877,1947,1200,0,0,0.53715,0.10279,0
1786018549.4395,B_right_diagonal_up_left_down_right,B,right,0,,,270,151.2000,345.7000,130.4000,192.6000,152.8000,0.0000,360.0000,309.9000,68.7000,0.0000,128.7000,0.0000,167.7000,0.0000,-0.86600,-0.03900,0.39800,-0.31000,4.87000,2.10000,0.06000,0.09500,0.91800,2.91000,31.11000,31.21000,9.8,1.9,1.0,1.0,0.692021,0.345738,1.176059,-0.961179,0.416098,1.666607,-0.089600,0.486000,0.869300,0.003200,0.133500,0.542300,0.828800,0.034500,0.717984,0.220633,1.222527,-0.252471,0.217201,1.327603,-1.716760,-1.298873,-1.595500,-1.466561,-3.105770,0.440265,1.016462,-0.808298,1.870890,1.025347,1.822018,-0.576805,-0.700086,2.192453,1,0,1.0000,1.0000,1,1,0,0,0.0000,0.0000,,,,,7406,8077,810,211,5459,6877,1947,1200,0,0,0.53715,0.10279,0
1786018549.4604,B_right_diagonal_up_left_down_right,B,right,0,,,271,151.2000,345.7000,130.4000,192.6000,152.8000,0.0000,360.0000,309.9000,68.7000,0.0000,128.7000,0.0000,167.7000,0.0000,-0.86600,-0.03900,0.39800,-0.31000,4.87000,2.10000,0.06000,0.09500,0.91800,2.91000,31.11000,31.21000,9.8,1.9,1.0,1.0,0.692021,0.345738,1.176059,-0.961179,0.416098,1.666607,-0.089600,0.486000,0.869300,0.003200,0.133500,0.542300,0.828800,0.034500,0.717984,0.220633,1.222527,-0.252471,0.217201,1.327603,-1.718210,-1.299440,-1.595095,-1.464943,-3.105519,0.440831,1.016815,-0.808298,1.870890,1.025347,1.822018,-0.576805,-0.700086,2.192453,1,0,1.0000,1.0000,1,1,0,0,0.0000,0.0000,,,,,126939,124582,853,241,124693,123320,2246,1260,0,2,0.53715,0.10279,0
1786018549.4875,B_right_diagonal_up_left_down_right,B,right,0,,,272,151.2000,345.7000,130.4000,192.6000,152.8000,0.0000,360.0000,309.9000,68.7000,0.0000,128.7000,0.0000,167.7000,0.0000,-0.86600,-0.03900,0.39800,-0.31000,4.87000,2.10000,0.06000,0.09500,0.91800,2.91000,31.11000,31.21000,9.8,1.9,1.0,1.0,0.692021,0.345738,1.176059,-0.961179,0.416098,1.666607,-0.089600,0.486000,0.869300,0.003200,0.133500,0.542300,0.828800,0.034500,0.718422,0.220624,1.222549,-0.252471,0.217201,1.327603,-1.719117,-1.299794,-1.594842,-1.463933,-3.105362,0.441185,1.017035,-0.808298,1.870890,1.025347,1.822018,-0.576805,-0.700086,2.192453,1,0,1.0000,1.0000,1,1,0,0,0.0000,0.0000,,,,,126939,8077,854,212,124693,6877,2246,1200,0,0,0.53715,0.10279,0
1786018549.5106,B_right_diagonal_up_left_down_right,B,right,0,,,273,151.2000,345.7000,130.4000,192.6000,152.8000,0.0000,360.0000,309.9000,68.7000,0.0000,128.7000,0.0000,167.7000,0.0000,-0.86600,-0.03900,0.39800,-0.31000,4.87000,2.10000,0.06000,0.09500,0.91800,2.91000,31.11000,31.21000,9.8,1.9,1.0,1.0,0.692021,0.345738,1.176059,-0.961179,0.416098,1.666607,-0.089600,0.486000,0.869300,0.003200,0.133500,0.542300,0.828800,0.034500,0.718422,0.220624,1.222549,-0.252471,0.217201,1.327603,-1.724461,-1.301879,-1.593354,-1.457945,-3.104430,0.443277,1.018325,-0.808298,1.870890,1.025347,1.822018,-0.576805,-0.700086,2.192453,1,0,1.0000,1.0000,1,1,0,0,0.0000,0.0000,,,,,126939,124582,854,241,124693,123320,2246,1260,0,2,0.53715,0.10279,0
1786018549.5187,B_right_diagonal_up_left_down_right,B,right,0,,,274,151.2000,345.7000,130.4000,192.6000,152.8000,0.0000,360.0000,309.9000,68.7000,0.0000,128.7000,0.0000,167.7000,0.0000,-0.86600,-0.03900,0.39800,-0.31000,4.87000,2.10000,0.06000,0.09500,0.91800,2.91000,31.11000,31.21000,9.8,1.9,1.0,1.0,0.692021,0.345738,1.176059,-0.961179,0.416098,1.666607,-0.089600,0.486000,0.869300,0.003200,0.133500,0.542300,0.828800,0.034500,0.718422,0.220624,1.222549,-0.252471,0.217201,1.327603,-1.734639,-1.305848,-1.590522,-1.446534,-3.102655,0.447262,1.020783,-0.808298,1.870890,1.025347,1.822018,-0.576805,-0.700086,2.192453,1,0,1.0000,1.0000,1,1,0,0,0.0000,0.0000,,,,,126939,124582,854,241,124693,123320,2246,1260,0,2,0.53715,0.10279,0
1786018549.5486,B_right_diagonal_up_left_down_right,B,right,0,,,275,151.2000,345.7000,130.4000,192.6000,152.8000,0.0000,360.0000,309.9000,68.7000,0.0000,128.7000,0.0000,167.7000,0.0000,-0.86600,-0.03900,0.39800,-0.31000,4.87000,2.10000,0.06000,0.09500,0.91800,2.91000,31.11000,31.21000,10.4,0.8,1.0,1.0,0.692021,0.345738,1.176059,-0.961179,0.416098,1.666607,-0.089600,0.486000,0.869300,0.003200,0.133500,0.542300,0.828800,0.034500,0.718207,0.221401,1.222505,-0.252471,0.217201,1.327603,-1.771062,-1.320053,-1.580384,-1.405676,-3.096303,0.461520,1.029577,-0.808298,1.870890,1.025347,1.822018,-0.576805,-0.700086,2.192453,1,0,1.0000,1.0000,1,1,0,0,0.0000,0.0000,,,,,7407,8077,811,212,5459,6877,1948,1200,0,0,0.54018,0.10279,0
1786018549.5631,B_right_diagonal_up_left_down_right,B,right,0,,,276,151.0000,34.8000,105149.0000,192.6000,153.7000,0.0000,360.0000,309.9000,68.7000,0.0000,128.7000,0.0000,167.7000,0.0000,-0.83400,-0.07400,0.40000,4.55000,-3.40000,0.76000,0.06000,0.09500,0.91800,2.91000,31.11000,31.21000,10.4,0.8,1.0,1.0,0.691069,0.345730,1.177780,-0.961179,0.416098,1.666607,-0.089600,0.486000,0.869300,0.003200,0.133500,0.542300,0.828800,0.034500,0.718207,0.221401,1.222505,-0.252471,0.217201,1.327603,-1.771062,-1.320053,-1.580384,-1.405676,-3.096303,0.461520,1.029577,-0.808298,1.870890,1.025347,1.822018,-0.576805,-0.700086,2.192453,1,0,1.0000,1.0000,1,1,0,0,0.0000,0.0000,,,,,126939,124582,854,242,124693,123320,2246,1260,0,2,0.53715,0.10279,0
1786018549.6031,B_right_diagonal_up_left_down_right,B,right,0,,,277,151.0000,34.8000,105149.0000,192.6000,153.7000,0.0000,360.0000,316.2000,71.5000,0.0000,129.9000,0.0000,166.1000,0.0000,-0.83400,-0.07400,0.40000,4.55000,-3.40000,0.76000,0.04000,0.00900,0.93200,-10.71000,12.00000,23.47000,10.5,0.8,1.0,1.0,0.691069,0.345730,1.177780,-0.961179,0.416098,1.666607,-0.089600,0.486000,0.869300,0.003200,0.133500,0.542300,0.828800,0.034500,0.718207,0.221401,1.222505,-0.252471,0.217201,1.327603,-1.770359,-1.319474,-1.580805,-1.406381,3.186627,0.460896,1.029188,-0.808298,1.870890,1.025347,1.822018,-0.576805,-0.700086,2.192453,1,0,1.0000,1.0000,1,1,0,0,0.0000,0.0000,,,,,7407,8077,811,213,5459,6877,1948,1200,0,0,0.54018,0.10279,0
1786018549.6041,B_right_diagonal_up_left_down_right,B,right,0,,,278,151.0000,34.8000,105149.0000,192.6000,153.7000,0.0000,360.0000,316.2000,71.5000,0.0000,129.9000,0.0000,166.1000,0.0000,-0.83400,-0.07400,0.40000,4.55000,-3.40000,0.76000,0.04000,0.00900,0.93200,-10.71000,12.00000,23.47000,10.5,0.8,1.0,1.0,0.691069,0.345730,1.177780,-0.961179,0.416098,1.666607,-0.089600,0.486000,0.869300,0.003200,0.133500,0.542300,0.828800,0.034500,0.718207,0.221401,1.222505,-0.252471,0.217201,1.327603,-1.770359,-1.319474,-1.580805,-1.406381,3.186627,0.460896,1.029188,-0.808298,1.870890,1.025347,1.822018,-0.576805,-0.700086,2.192453,1,0,1.0000,1.0000,1,1,0,0,0.0000,0.0000,,,,,7407,8077,811,213,5459,6877,1948,1200,0,0,0.54018,0.10279,0
1786018549.6246,B_right_diagonal_up_left_down_right,B,right,0,,,279,151.0000,34.8000,105149.0000,192.6000,153.7000,0.0000,360.0000,316.2000,71.5000,0.0000,129.9000,0.0000,166.1000,0.0000,-0.83400,-0.07400,0.40000,4.55000,-3.40000,0.76000,0.04000,0.00900,0.93200,-10.71000,12.00000,23.47000,10.5,0.8,1.0,1.0,0.691069,0.345730,1.177780,-0.961179,0.416098,1.666607,-0.089600,0.486000,0.869300,0.003200,0.133500,0.542300,0.828800,0.034500,0.718207,0.221401,1.222505,-0.252471,0.217201,1.327603,-1.770359,-1.319474,-1.580805,-1.406381,3.186627,0.460896,1.029188,-0.808298,1.870890,1.025347,1.822018,-0.576805,-0.700086,2.192453,1,0,1.0000,1.0000,1,1,0,0,0.0000,0.0000,,,,,7407,8077,811,213,5459,6877,1948,1200,0,0,0.54018,0.10279,0
1786018549.6526,B_right_diagonal_up_left_down_right,B,right,0,,,280,151.0000,34.8000,105149.0000,192.6000,153.7000,0.0000,360.0000,316.2000,71.5000,0.0000,129.9000,0.0000,166.1000,0.0000,-0.83400,-0.07400,0.40000,4.55000,-3.40000,0.76000,0.04000,0.00900,0.93200,-10.71000,12.00000,23.47000,10.5,0.8,1.0,1.0,0.691069,0.345730,1.177780,-0.961179,0.416098,1.666607,-0.089600,0.486000,0.869300,0.003200,0.133500,0.542300,0.828800,0.034500,0.715916,0.229615,1.221959,-0.252471,0.217201,1.327603,-1.769980,-1.319162,-1.581032,-1.406761,3.186489,0.460560,1.028979,-0.808298,1.870890,1.025347,1.822018,-0.576805,-0.700086,2.192453,1,0,1.0000,1.0000,1,1,0,0,0.0000,0.0000,,,,,126939,124582,854,242,124693,123320,2246,1260,0,2,0.53715,0.10279,0
1786018549.6609,B_right_diagonal_up_left_down_right,B,right,0,,,281,151.1000,345.8000,130.5000,192.6000,153.4000,0.0000,360.0000,317.9000,72.5000,0.0000,129.9000,0.0000,166.3000,0.0000,-0.83700,-0.06100,0.41000,10.38000,-4.15000,-1.79000,0.03400,-0.04100,0.97000,-18.92000,9.90000,27.30000,10.3,0.7,1.0,1.0,0.747750,0.038751,1.294338,-0.047208,0.254795,1.234554,-0.089600,0.486000,0.869300,0.003200,0.133500,0.542300,0.828800,0.034500,0.715916,0.229615,1.221959,-0.252471,0.217201,1.327603,-1.769667,-1.318905,-1.581220,-1.407075,3.186376,0.460283,1.028806,-0.808298,1.870890,1.025347,1.822018,-0.576805,-0.700086,2.192453,1,0,1.0000,1.0000,1,1,0,0,0.0000,0.0000,,,,,7407,124582,811,242,5459,123320,1948,1260,0,2,0.54018,0.10279,0
1786018549.6888,B_right_diagonal_up_left_down_right,B,right,0,,,282,151.1000,345.9000,130.5000,192.6000,150.2000,0.0000,360.0000,319.6000,73.6000,0.0000,129.9000,0.0000,166.5000,0.0000,-0.82200,-0.05800,0.45800,0.05000,7.92000,4.20000,-0.01300,0.01700,0.91000,-6.68000,6.87000,25.68000,10.0,2.1,1.0,1.0,0.884752,0.347134,1.093826,-0.252466,0.217195,1.327594,-0.089600,0.486000,0.869300,0.003200,0.133500,0.542300,0.828800,0.034500,0.717239,0.228599,1.222018,-0.252471,0.217201,1.327603,-1.769774,-1.318771,-1.581317,-1.406800,-3.096864,0.460134,1.028704,-0.808298,1.870890,1.025347,1.822018,-0.576805,-0.700086,2.192453,1,0,1.0000,1.0000,1,1,0,0,0.0000,0.0000,,,,,126940,8077,854,213,124693,6877,2247,1200,0,0,0.53994,0.10279,0
1786018549.7108,B_right_diagonal_up_left_down_right,B,right,0,,,283,151.1000,345.9000,130.5000,192.6000,150.2000,0.0000,360.0000,319.6000,73.6000,0.0000,129.9000,0.0000,166.5000,0.0000,-0.82200,-0.05800,0.45800,0.05000,7.92000,4.20000,-0.01300,0.01700,0.91000,-6.68000,6.87000,25.68000,9.5,2.6,1.0,1.0,0.884752,0.347134,1.093826,-0.252466,0.217195,1.327594,-0.089600,0.486000,0.869300,0.003200,0.133500,0.542300,0.828800,0.034500,0.717239,0.228599,1.222018,-0.252471,0.217201,1.327603,-1.770026,-1.318868,-1.581247,-1.406464,-3.096820,0.460235,1.028762,-0.808298,1.870890,1.025347,1.822018,-0.576805,-0.700086,2.192453,1,0,1.0000,1.0000,1,1,0,0,0.0000,0.0000,,,,,7408,8077,811,213,5459,6877,1949,1200,0,0,0.53994,0.10279,0
1786018549.7237,B_right_diagonal_up_left_down_right,B,right,0,,,284,151.1000,345.7000,130.5000,192.4000,146.2000,0.0000,360.0000,321.8000,73.8000,0.0000,129.9000,0.0000,163.3000,0.0000,-0.86300,-0.06100,0.45600,5.06000,-1.09000,0.78000,0.00900,-0.02500,0.93600,-5.10000,3.53000,18.60000,9.5,2.6,1.0,1.0,0.744515,0.038860,1.293862,-0.047208,0.254795,1.234554,-0.089600,0.486000,0.869300,0.003200,0.133500,0.542300,0.828800,0.034500,0.717239,0.228599,1.222018,-0.252471,0.217201,1.327603,-1.770026,-1.318868,-1.581247,-1.406464,-3.096820,0.460235,1.028762,-0.808298,1.870890,1.025347,1.822018,-0.576805,-0.700086,2.192453,1,0,1.0000,1.0000,1,1,0,0,0.0000,0.0000,,,,,126941,8077,854,213,124693,6877,2248,1200,0,0,0.53994,0.10279,0
1786018549.7435,B_right_diagonal_up_left_down_right,B,right,0,,,285,151.2000,345.7000,130.5000,192.4000,146.4000,0.0000,360.0000,322.9000,73.9000,0.0000,129.9000,0.0000,89.8000,0.0000,-0.84600,-0.04400,0.44200,1.55000,-1.69000,-0.33000,0.00400,-0.02100,0.94600,-2.53000,-2.42000,16.86000,9.6,1.5,1.0,1.0,0.742968,0.038928,1.293627,-0.047208,0.254795,1.234554,-0.089600,0.486000,0.869300,0.003200,0.133500,0.542300,0.828800,0.034500,0.717239,0.228599,1.222018,-0.252471,0.217201,1.327603,-1.768581,-1.317650,-1.582133,-1.407909,3.185825,0.458920,1.027947,-0.808298,1.870890,1.025347,1.822018,-0.576805,-0.700086,2.192453,1,0,1.0000,1.0000,1,1,0,0,0.0000,0.0000,,,,,7409,8077,811,213,5459,6877,1950,1200,0,0,0.53575,0.10279,0
1786018549.7693,B_right_diagonal_up_left_down_right,B,right,0,,,286,151.2000,345.7000,130.5000,192.5000,149.8000,0.0000,360.0000,322.9000,73.9000,0.0000,129.9000,0.0000,89.8000,0.0000,-0.84300,-0.06400,0.40600,-6.93000,-2.71000,1.30000,0.00400,-0.02100,0.94600,-2.53000,-2.42000,16.86000,9.5,1.0,1.0,1.0,0.743963,0.038900,1.293770,-0.047208,0.254795,1.234554,-0.089600,0.486000,0.869300,0.003200,0.133500,0.542300,0.828800,0.034500,0.717257,0.229111,1.221921,-0.252471,0.217201,1.327603,-1.767653,-1.316868,-1.582702,-1.408838,3.185478,0.458074,1.027424,-0.808298,1.870890,1.025347,1.822018,-0.576805,-0.700086,2.192453,1,0,1.0000,1.0000,1,1,0,0,0.0000,0.0000,,,,,126942,8077,854,213,124693,6877,2249,1200,0,0,0.53575,0.10279,0
1786018549.7801,B_right_diagonal_up_left_down_right,B,right,0,,,287,151.2000,345.7000,130.5000,192.5000,149.8000,0.0000,360.0000,322.9000,73.9000,0.0000,129.9000,0.0000,89.8000,0.0000,-0.84300,-0.06400,0.40600,-6.93000,-2.71000,1.30000,0.00400,-0.02100,0.94600,-2.53000,-2.42000,16.86000,9.5,1.0,1.0,1.0,0.743963,0.038900,1.293770,-0.047208,0.254795,1.234554,-0.089600,0.486000,0.869300,0.003200,0.133500,0.542300,0.828800,0.034500,0.717257,0.229111,1.221921,-0.252471,0.217201,1.327603,-1.767653,-1.316868,-1.582702,-1.408838,3.185478,0.458074,1.027424,-0.808298,1.870890,1.025347,1.822018,-0.576805,-0.700086,2.192453,1,0,1.0000,1.0000,1,1,0,0,0.0000,0.0000,,,,,126942,8077,854,213,124693,6877,2249,1200,0,0,0.53575,0.10279,0
1786018549.8023,B_right_diagonal_up_left_down_right,B,right,0,,,288,151.2000,345.7000,130.4000,192.5000,151.7000,0.0000,360.0000,324.7000,73.7000,0.0000,130.0000,0.0000,32.8000,0.0000,-0.85800,-0.08200,0.38900,0.78000,-7.94000,-0.40000,0.06000,0.00500,0.96500,-4.47000,-4.44000,18.59000,9.5,0.6,1.0,1.0,0.887890,0.347026,1.094304,-0.252466,0.217195,1.327594,-0.089600,0.486000,0.869300,0.003200,0.133500,0.542300,0.828800,0.034500,0.717257,0.229111,1.221921,-0.252471,0.217201,1.327603,-1.766262,-1.315695,-1.583556,-1.410230,3.184958,0.456807,1.026639,-0.808298,1.870890,1.025347,1.822018,-0.576805,-0.700086,2.192453,1,0,1.0000,1.0000,1,1,0,0,0.0000,0.0000,,,,,126942,8077,854,213,124693,6877,2249,1200,0,0,0.53575,0.10279,0
1786018549.8195,B_right_diagonal_up_left_down_right,B,right,0,,,289,151.2000,345.7000,130.4000,192.5000,151.7000,0.0000,360.0000,324.7000,73.7000,0.0000,130.0000,0.0000,32.8000,0.0000,-0.85800,-0.08200,0.38900,0.78000,-7.94000,-0.40000,0.06000,0.00500,0.96500,-4.47000,-4.44000,18.59000,9.5,0.6,1.0,1.0,0.887890,0.347026,1.094304,-0.252466,0.217195,1.327594,-0.089600,0.486000,0.869300,0.003200,0.133500,0.542300,0.828800,0.034500,0.717257,0.229111,1.221921,-0.252471,0.217201,1.327603,-1.764579,-1.314278,-1.584587,-1.411913,3.184329,0.455275,1.025690,-0.808298,1.870890,1.025347,1.822018,-0.576805,-0.700086,2.192453,1,0,1.0000,1.0000,1,1,0,0,0.0000,0.0000,,,,,7411,8077,811,213,5459,6877,1952,1200,0,0,0.53664,0.10279,0
1786018549.8409,B_right_diagonal_up_left_down_right,B,right,0,,,290,151.2000,345.7000,130.4000,192.3000,151.8000,0.0000,360.0000,324.7000,73.7000,0.0000,130.0000,0.0000,32.8000,0.0000,-0.81800,-0.05200,0.34100,3.43000,-0.59000,0.63000,0.06000,0.00500,0.96500,-4.47000,-4.44000,18.59000,9.8,1.9,1.0,1.0,0.748924,0.038724,1.294740,-0.252466,0.217195,1.327594,-0.089600,0.486000,0.869300,0.003200,0.133500,0.542300,0.828800,0.034500,0.730295,0.218674,1.222431,-0.252471,0.217201,1.327603,-1.764244,-1.313995,-1.584793,-1.412249,3.184203,0.454969,1.025501,-0.808298,1.870890,1.025347,1.822018,-0.576805,-0.700086,2.192453,1,0,1.0000,1.0000,1,1,0,0,0.0000,0.0000,,,,,126944,124582,854,243,124693,123320,2251,1260,0,2,0.53643,0.10279,0
1786018549.8633,B_right_diagonal_up_left_down_right,B,right,0,,,291,151.2000,345.7000,130.4000,192.3000,151.8000,0.0000,360.0000,326.2000,73.6000,0.0000,129.9000,0.0000,76.0000,0.0000,-0.81800,-0.05200,0.34100,3.43000,-0.59000,0.63000,-0.03700,-0.03900,0.91000,-7.87000,1.27000,12.73000,9.3,2.2,1.0,1.0,0.748924,0.038724,1.294740,-0.047208,0.254795,1.234554,-0.089600,0.486000,0.869300,0.003200,0.133500,0.542300,0.828800,0.034500,0.730295,0.218674,1.222431,-0.252471,0.217201,1.327603,-1.763901,-1.313706,-1.585003,-1.412592,3.184075,0.454657,1.025308,-0.808298,1.870890,1.025347,1.822018,-0.576805,-0.700086,2.192453,1,0,1.0000,1.0000,1,1,0,0,0.0000,0.0000,,,,,7411,8077,811,213,5459,6877,1952,1200,0,0,0.53664,0.10279,0
1786018549.8812,B_right_diagonal_up_left_down_right,B,right,0,,,292,151.2000,345.7000,130.4000,192.3000,151.8000,0.0000,360.0000,326.2000,73.6000,0.0000,129.9000,0.0000,76.0000,0.0000,-0.81800,-0.05200,0.34100,3.43000,-0.59000,0.63000,-0.03700,-0.03900,0.91000,-7.87000,1.27000,12.73000,9.6,1.2,1.0,1.0,0.748924,0.038724,1.294740,-0.047208,0.254795,1.234554,-0.089600,0.486000,0.869300,0.003200,0.133500,0.542300,0.828800,0.034500,0.730295,0.218674,1.222431,-0.252471,0.217201,1.327603,-1.763511,-1.313377,-1.585243,-1.412982,3.183929,0.454302,1.025088,-0.808298,1.870890,1.025347,1.822018,-0.576805,-0.700086,2.192453,1,0,1.0000,1.0000,1,1,0,0,0.0000,0.0000,,,,,126944,124582,854,243,124693,123320,2251,1260,0,2,0.53643,0.10279,0
1786018549.9014,B_right_diagonal_up_left_down_right,B,right,0,,,293,151.2000,345.7000,130.3000,192.4000,152.1000,0.0000,360.0000,327.1000,73.7000,0.0000,129.9000,0.0000,83.5000,0.0000,-0.83400,-0.06700,0.39600,4.85000,5.44000,4.11000,0.00200,-0.07000,0.88300,-1.20000,-0.87000,3.59000,9.6,1.2,1.0,1.0,0.688629,0.345833,1.176468,-0.961179,0.416098,1.666607,-0.089600,0.486000,0.869300,0.003200,0.133500,0.542300,0.828800,0.034500,0.749463,0.201897,1.224036,-0.252471,0.217201,1.327603,-1.762168,-1.312246,-1.586066,-1.414326,3.183427,0.453079,1.024330,-0.808298,1.870890,1.025347,1.822018,-0.576805,-0.700086,2.192453,1,0,1.0000,1.0000,1,1,0,0,0.0000,0.0000,,,,,126944,124582,854,243,124693,123320,2251,1260,0,2,0.53643,0.10279,0
1786018549.9197,B_right_diagonal_up_left_down_right,B,right,0,,,294,151.2000,345.7000,130.3000,192.4000,152.1000,0.0000,360.0000,327.1000,73.7000,0.0000,129.9000,0.0000,83.5000,0.0000,-0.83400,-0.06700,0.39600,4.85000,5.44000,4.11000,0.00200,-0.07000,0.88300,-1.20000,-0.87000,3.59000,9.6,1.2,1.0,1.0,0.688629,0.345833,1.176468,-0.961179,0.416098,1.666607,-0.089600,0.486000,0.869300,0.003200,0.133500,0.542300,0.828800,0.034500,0.749463,0.201897,1.224036,-0.252471,0.217201,1.327603,-1.762692,-1.312471,-1.585917,-1.413638,-3.099657,0.453287,1.024470,-0.808298,1.870890,1.025347,1.822018,-0.576805,-0.700086,2.192453,1,0,1.0000,1.0000,1,1,0,0,0.0000,0.0000,,,,,126944,124582,854,243,124693,123320,2251,1260,0,2,0.53643,0.10279,0
1786018549.9443,B_right_diagonal_up_left_down_right,B,right,0,,,295,151.2000,345.6000,130.2000,192.4000,149.8000,0.0000,360.0000,327.9000,7.0000,0.0000,3.0000,0.0000,70.1000,0.0000,-0.82800,-0.05800,0.44600,7.07000,2.98000,3.50000,0.01100,0.00900,0.93800,-3.58000,-2.88000,6.31000,9.6,0.6,1.0,1.0,0.685591,0.345956,1.175759,-0.961179,0.416098,1.666607,-0.089600,0.486000,0.869300,0.003200,0.133500,0.542300,0.828800,0.034500,0.749463,0.201897,1.224036,-0.252471,0.217201,1.327603,-1.763420,-1.312784,-1.585709,-1.412683,-3.099516,0.453576,1.024664,-0.808298,1.870890,1.025347,1.822018,-0.576805,-0.700086,2.192453,1,0,1.0000,1.0000,1,0,0,1,0.0000,0.0590,,,,,7412,8077,811,214,5459,6877,1953,1200,0,0,0.53643,0.10279,0
1786018549.9728,B_right_diagonal_up_left_down_right,B,right,0,,,296,151.2000,345.7000,130.3000,192.4000,146.0000,0.0000,360.0000,329.3000,73.5000,0.0000,130.6000,0.0000,88.4000,0.0000,-0.83300,-0.05500,0.45700,5.16000,2.05000,3.80000,-0.00700,-0.01800,0.94500,-2.39000,-5.37000,4.59000,10.0,1.3,1.0,1.0,0.744238,0.038899,1.294006,-0.047208,0.254795,1.234554,-0.089600,0.486000,0.869300,0.003200,0.133500,0.542300,0.828800,0.034500,0.767029,0.184733,1.226570,-0.252471,0.217201,1.327603,-1.763977,-1.313023,-1.585551,-1.411952,-3.099409,0.453797,1.024813,-0.808298,1.870890,1.025347,1.822018,-0.576805,-0.700086,2.192453,1,0,1.0000,1.0000,1,1,0,0,0.0000,0.0000,,,,,126944,8077,854,214,124693,6877,2251,1200,0,0,0.53643,0.10279,0
1786018549.9894,B_right_diagonal_up_left_down_right,B,right,0,,,297,151.2000,345.7000,130.3000,192.4000,146.0000,0.0000,360.0000,329.3000,73.5000,0.0000,130.6000,0.0000,88.4000,0.0000,-0.83300,-0.05500,0.45700,5.16000,2.05000,3.80000,-0.00700,-0.01800,0.94500,-2.39000,-5.37000,4.59000,9.5,1.4,1.0,1.0,0.744238,0.038899,1.294006,-0.047208,0.254795,1.234554,-0.089600,0.486000,0.869300,0.003200,0.133500,0.542300,0.828800,0.034500,0.767029,0.184733,1.226570,-0.252471,0.217201,1.327603,-1.764440,-1.313223,-1.585419,-1.411344,-3.099319,0.453981,1.024937,-0.808298,1.870890,1.025347,1.822018,-0.576805,-0.700086,2.192453,1,0,1.0000,1.0000,1,1,0,0,0.0000,0.0000,,,,,126944,8077,854,214,124693,6877,2251,1200,0,0,0.53643,0.10279,0
1786018549.9994,B_right_diagonal_up_left_down_right,B,right,0,,,298,151.2000,345.7000,130.6000,192.5000,144.8000,0.0000,360.0000,330.7000,73.2000,0.0000,31.6000,0.0000,106.3000,0.0000,-0.82500,-0.05900,0.45300,-0.68000,-2.34000,1.72000,0.03800,-0.04800,0.94300,-1.27000,-2.21000,4.11000,9.6,1.3,1.0,1.0,0.740828,0.039027,1.293462,-0.047208,0.254795,1.234554,-0.089600,0.486000,0.869300,0.003200,0.133500,0.542300,0.828800,0.034500,0.767029,0.184733,1.226570,-0.252471,0.217201,1.327603,-1.765216,-1.313556,-1.585198,-1.410326,-3.099170,0.454288,1.025144,-0.808298,1.870890,1.025347,1.822018,-0.576805,-0.700086,2.192453,1,0,1.0000,1.0000,1,0,0,1,0.0000,0.0501,,,,,126944,124582,854,243,124693,123320,2251,1260,0,2,0.53643,0.10279,0
1786018550.0207,B_right_diagonal_up_left_down_right,B,right,0,,,299,151.2000,345.7000,130.6000,192.5000,144.8000,0.0000,360.0000,330.7000,73.2000,0.0000,31.6000,0.0000,106.3000,0.0000,-0.82500,-0.05900,0.45300,-0.68000,-2.34000,1.72000,0.03800,-0.04800,0.94300,-1.27000,-2.21000,4.11000,9.6,1.3,1.0,1.0,0.740828,0.039027,1.293462,-0.047208,0.254795,1.234554,-0.089600,0.486000,0.869300,0.003200,0.133500,0.542300,0.828800,0.034500,0.767029,0.184733,1.226570,-0.252471,0.217201,1.327603,-1.774703,-1.317634,-1.582480,-1.397750,-3.097333,0.457841,1.027659,-0.808298,1.870890,1.025347,1.822018,-0.576805,-0.700086,2.192453,1,0,1.0000,1.0000,1,0,0,1,0.0000,0.0501,,,,,126944,124582,855,244,124693,123320,2251,1260,0,2,0.53643,0.10279,0
1786018550.0409,B_right_diagonal_up_left_down_right,B,right,0,,,300,151.3000,345.7000,13.5000,192.5000,145.4000,0.0000,360.0000,330.7000,73.2000,0.0000,31.6000,0.0000,106.3000,0.0000,-0.83200,-0.06400,0.43700,-0.27000,-3.22000,2.02000,0.03800,-0.04800,0.94300,-1.27000,-2.21000,4.11000,10.2,1.5,1.0,1.0,0.739775,0.039086,1.293218,-0.047208,0.254795,1.234554,-0.089600,0.486000,0.869300,0.003200,0.133500,0.542300,0.828800,0.034500,0.781459,0.167906,1.229785,-0.252471,0.217201,1.327603,-1.783718,-1.321509,-1.579896,-1.385784,-3.095587,0.461204,1.030049,-0.808298,1.870890,1.025347,1.822018,-0.576805,-0.700086,2.192453,1,0,1.0000,1.0000,1,0,0,1,0.0000,0.0501,,,,,126945,124582,855,244,124693,123320,2252,1260,0,2,0.57396,0.10279,0
1786018550.0627,B_right_diagonal_up_left_down_right,B,right,0,,,301,151.3000,345.7000,13.5000,192.5000,145.4000,0.0000,360.0000,331.8000,73.0000,0.0000,131.7000,0.0000,100.9000,0.0000,-0.83200,-0.06400,0.43700,-0.27000,-3.22000,2.02000,0.02900,0.00400,0.93100,-2.08000,5.07000,4.11000,10.1,0.8,1.0,1.0,0.739775,0.039086,1.293218,-0.047208,0.254795,1.234554,-0.089600,0.486000,0.869300,0.003200,0.133500,0.542300,0.828800,0.034500,0.781459,0.167906,1.229785,-0.252471,0.217201,1.327603,-1.783373,-1.321229,-1.580101,-1.386131,3.187475,0.460878,1.029861,-0.808298,1.870890,1.025347,1.822018,-0.576805,-0.700086,2.192453,1,0,1.0000,1.0000,1,1,0,0,0.0000,0.0000,,,,,7412,8077,812,214,5459,6877,1953,1200,0,0,0.53643,0.10279,0
1786018550.0839,B_right_diagonal_up_left_down_right,B,right,0,,,302,151.2000,345.7000,130.5000,192.5000,145.9000,0.0000,360.0000,332.1000,73.0000,0.0000,131.7000,0.0000,101.3000,0.0000,-0.83700,-0.05000,0.41500,0.53000,-3.26000,1.38000,0.02500,-0.04900,0.92400,1.35000,5.49000,0.24000,10.1,0.8,1.0,1.0,0.887571,0.347040,1.094225,-0.252466,0.217195,1.327594,-0.089600,0.486000,0.869300,0.003200,0.133500,0.542300,0.828800,0.034500,0.781459,0.167906,1.229785,-0.252471,0.217201,1.327603,-1.781943,-1.320060,-1.580957,-1.387563,3.186958,0.459521,1.029079,-0.808298,1.870890,1.025347,1.822018,-0.576805,-0.700086,2.192453,1,0,1.0000,1.0000,1,1,0,0,0.0000,0.0000,,,,,7413,8077,812,215,5459,6877,1954,1200,0,0,0.58750,0.10279,0
1786018550.1055,B_right_diagonal_up_left_down_right,B,right,0,,,303,151.2000,345.7000,130.5000,192.4000,149.1000,0.0000,360.0000,333.3000,73.0000,0.0000,132.0000,0.0000,78.5000,0.0000,-0.83600,-0.04400,0.38200,-0.56000,3.97000,2.79000,0.01100,0.02200,0.92500,-1.94000,4.66000,8.44000,10.6,1.4,1.0,1.0,0.743592,0.038942,1.293836,-0.047208,0.254795,1.234554,-0.089600,0.486000,0.869300,0.003200,0.133500,0.542300,0.828800,0.034500,0.781459,0.167906,1.229785,-0.252471,0.217201,1.327603,-1.781248,-1.319490,-1.581374,-1.388258,3.186706,0.458859,1.028697,-0.808298,1.870890,1.025347,1.822018,-0.576805,-0.700086,2.192453,1,0,1.0000,1.0000,1,1,0,0,0.0000,0.0000,,,,,7413,8077,812,215,5459,6877,1954,1200,0,0,0.58750,0.10279,0
1786018550.1238,B_right_diagonal_up_left_down_right,B,right,0,,,304,151.2000,345.7000,130.5000,192.4000,149.1000,0.0000,360.0000,333.3000,73.0000,0.0000,132.0000,0.0000,78.5000,0.0000,-0.83600,-0.04400,0.38200,-0.56000,3.97000,2.79000,0.01100,0.02200,0.92500,-1.94000,4.66000,8.44000,10.6,1.4,1.0,1.0,0.743592,0.038942,1.293836,-0.047208,0.254795,1.234554,-0.089600,0.486000,0.869300,0.003200,0.133500,0.542300,0.828800,0.034500,0.785608,0.154892,1.232513,-0.252471,0.217201,1.327603,-1.781707,-1.319702,-1.581243,-1.387604,-3.096385,0.459027,1.028830,-0.808298,1.870890,1.025347,1.822018,-0.576805,-0.700086,2.192453,1,0,1.0000,1.0000,1,1,0,0,0.0000,0.0000,,,,,7413,8077,812,215,5459,6877,1954,1200,0,0,0.58750,0.10279,0
1786018550.1525,B_right_diagonal_up_left_down_right,B,right,0,,,305,151.2000,345.7000,130.5000,192.4000,149.1000,0.0000,360.0000,333.3000,73.0000,0.0000,132.0000,0.0000,78.5000,0.0000,-0.83600,-0.04400,0.38200,-0.56000,3.97000,2.79000,0.01100,0.02200,0.92500,-1.94000,4.66000,8.44000,9.2,1.8,1.0,1.0,0.743592,0.038942,1.293836,-0.047208,0.254795,1.234554,-0.089600,0.486000,0.869300,0.003200,0.133500,0.542300,0.828800,0.034500,0.785608,0.154892,1.232513,-0.252471,0.217201,1.327603,-1.782307,-1.319980,-1.581071,-1.386749,-3.096262,0.459247,1.029003,-0.808298,1.870890,1.025347,1.822018,-0.576805,-0.700086,2.192453,1,0,1.0000,1.0000,1,1,0,0,0.0000,0.0000,,,,,7413,8077,812,215,5459,6877,1954,1200,0,0,0.58750,0.10279,0
1786018550.1888,B_right_diagonal_up_left_down_right,B,right,0,,,306,151.1000,345.7000,130.4000,192.6000,149.9000,0.0000,360.0000,333.3000,73.0000,0.0000,132.0000,0.0000,78.5000,0.0000,-0.83400,-0.06400,0.41000,4.82000,0.26000,1.34000,0.01100,0.02200,0.92500,-1.94000,4.66000,8.44000,9.3,1.1,1.0,1.0,0.887367,0.347027,1.094158,-0.047208,0.254795,1.234554,-0.089600,0.486000,0.869300,0.003200,0.133500,0.542300,0.828800,0.034500,0.785608,0.154892,1.232513,-0.252471,0.217201,1.327603,-1.782672,-1.320149,-1.580967,-1.386228,-3.096187,0.459382,1.029108,-0.808298,1.870890,1.025347,1.822018,-0.576805,-0.700086,2.192453,1,0,1.0000,1.0000,1,1,0,0,0.0000,0.0000,,,,,7413,8077,812,215,5459,6877,1954,1200,0,0,0.58750,0.10279,0
1786018550.1966,B_right_diagonal_up_left_down_right,B,right,0,,,307,151.1000,345.7000,130.4000,192.6000,149.9000,0.0000,360.0000,335.0000,73.0000,0.0000,132.6000,0.0000,89.1000,0.0000,-0.83400,-0.06400,0.41000,4.82000,0.26000,1.34000,0.01300,0.01500,0.96600,-1.57000,1.61000,8.37000,9.3,1.1,1.0,1.0,0.887367,0.347027,1.094158,-0.252466,0.217195,1.327594,-0.089600,0.486000,0.869300,0.003200,0.133500,0.542300,0.828800,0.034500,0.787476,0.141965,1.236879,-0.252471,0.217201,1.327603,-1.782331,-1.319878,-1.581168,-1.386570,3.186895,0.459052,1.028910,-0.808298,1.870890,1.025347,1.822018,-0.576805,-0.700086,2.192453,1,0,1.0000,1.0000,1,1,0,0,0.0000,0.0000,,,,,126947,124582,855,244,124693,123320,2254,1260,0,2,0.59599,0.10279,0
1786018550.2032,B_right_diagonal_up_left_down_right,B,right,0,,,308,151.1000,345.7000,130.4000,192.6000,150.2000,0.0000,360.0000,335.5000,73.0000,0.0000,132.7000,0.0000,86.1000,0.0000,-0.83000,-0.05400,0.41100,4.07000,1.01000,2.44000,0.01500,-0.01000,0.93300,0.14000,0.90000,6.14000,8.9,1.2,1.0,1.0,0.743702,0.038913,1.293787,-0.047208,0.254795,1.234554,-0.089600,0.486000,0.869300,0.003200,0.133500,0.542300,0.828800,0.034500,0.787476,0.141965,1.236879,-0.252471,0.217201,1.327603,-1.781990,-1.319605,-1.581369,-1.386911,3.186772,0.458721,1.028729,-0.808298,1.870890,1.025347,1.822018,-0.576805,-0.700086,2.192453,1,0,1.0000,1.0000,1,1,0,0,0.0000,0.0000,,,,,7413,8077,812,215,5459,6877,1954,1200,0,0,0.58750,0.10279,0
1786018550.2272,B_right_diagonal_up_left_down_right,B,right,0,,,309,151.1000,345.7000,130.4000,192.6000,150.0000,0.0000,360.0000,335.8000,73.0000,0.0000,132.7000,0.0000,76.5000,0.0000,-0.84200,-0.06300,0.41400,4.19000,-0.40000,2.20000,0.02200,-0.01600,0.92600,1.53000,0.99000,3.27000,9.2,0.7,1.0,1.0,0.743862,0.038890,1.293766,-0.047208,0.254795,1.234554,-0.089600,0.486000,0.869300,0.003200,0.133500,0.542300,0.828800,0.034500,0.787476,0.141965,1.236879,-0.252471,0.217201,1.327603,-1.781275,-1.319032,-1.581789,-1.387627,3.186515,0.458028,1.028349,-0.808298,1.870890,1.025347,1.822018,-0.576805,-0.700086,2.192453,1,0,1.0000,1.0000,1,1,0,0,0.0000,0.0000,,,,,7413,8077,812,215,5459,6877,1954,1200,0,0,0.58750,0.10279,0
1786018550.2662,B_right_diagonal_up_left_down_right,B,right,0,,,310,151.1000,345.7000,130.4000,192.6000,150.0000,0.0000,360.0000,335.8000,73.0000,0.0000,132.7000,0.0000,76.5000,0.0000,-0.84200,-0.06300,0.41400,4.19000,-0.40000,2.20000,0.02200,-0.01600,0.92600,1.53000,0.99000,3.27000,11.0,1.6,1.0,1.0,0.682403,0.338946,1.175456,-0.047208,0.254795,1.234554,-0.089600,0.486000,0.869300,0.003200,0.133500,0.542300,0.828800,0.034500,0.787476,0.141965,1.236879,-0.252471,0.217201,1.327603,-1.775287,-1.314286,-1.585275,-1.393614,3.184384,0.452173,1.025211,-0.808298,1.870890,1.025347,1.822018,-0.576805,-0.700086,2.192453,1,0,1.0000,1.0000,1,1,0,0,0.0000,0.0000,,,,,126947,124582,855,245,124693,123320,2254,1260,0,2,0.59599,0.10279,0
1786018550.2786,B_right_diagonal_up_left_down_right,B,right,0,,,311,151.1000,345.7000,130.4000,192.6000,150.0000,0.0000,360.0000,335.8000,73.0000,0.0000,132.7000,0.0000,76.5000,0.0000,-0.84200,-0.06300,0.41400,4.19000,-0.40000,2.20000,0.02200,-0.01600,0.92600,1.53000,0.99000,3.27000,11.0,1.6,1.0,1.0,0.682403,0.338946,1.175456,-0.047208,0.254795,1.234554,-0.089600,0.486000,0.869300,0.003200,0.133500,0.542300,0.828800,0.034500,0.787476,0.141965,1.236879,-0.252471,0.217201,1.327603,-1.775287,-1.314286,-1.585275,-1.393614,3.184384,0.452173,1.025211,-0.808298,1.870890,1.025347,1.822018,-0.576805,-0.700086,2.192453,1,0,1.0000,1.0000,1,1,0,0,0.0000,0.0000,,,,,126947,124582,855,245,124693,123320,2254,1260,0,2,0.59599,0.10279,0
1786018550.2904,B_right_diagonal_up_left_down_right,B,right,0,,,312,113.0000,345.7000,130.4000,192.6000,149.5000,0.0000,360.0000,336.4000,73.1000,0.0000,132.8000,0.0000,31.0000,0.0000,-0.82700,-0.07100,0.42000,4.45000,-1.39000,1.37000,-0.00600,-0.03200,0.92500,0.50000,1.95000,1.31000,10.2,2.4,1.0,1.0,0.741976,0.038987,1.293441,-0.961179,0.416098,1.666607,-0.089600,0.486000,0.869300,0.003200,0.133500,0.542300,0.828800,0.034500,0.787730,0.129110,1.242228,-0.252471,0.217201,1.327603,-1.768657,-1.309031,-1.589136,-1.400245,3.182023,0.445688,1.021737,-0.808298,1.870890,1.025347,1.822018,-0.576805,-0.700086,2.192453,1,0,1.0000,1.0000,1,1,0,0,0.0000,0.0000,,,,,7413,8077,812,215,5459,6877,1954,1200,0,0,0.58750,0.10279,0
1786018550.3146,B_right_diagonal_up_left_down_right,B,right,0,,,313,151.3000,345.7000,130.4000,192.6000,148.4000,0.0000,360.0000,337.5000,73.5000,0.0000,132.9000,0.0000,62.6000,0.0000,-0.82300,-0.05200,0.44200,3.14000,0.04000,1.39000,0.00400,0.00600,0.93900,2.09000,3.53000,2.63000,9.6,1.7,1.0,1.0,0.884692,0.347151,1.093746,-0.252466,0.217195,1.327594,-0.089600,0.486000,0.869300,0.003200,0.133500,0.542300,0.828800,0.034500,0.787730,0.129110,1.242228,-0.252471,0.217201,1.327603,-1.756806,-1.299588,-1.596063,-1.412096,3.177773,0.434193,1.015501,-0.808298,1.870890,1.025347,1.822018,-0.576805,-0.700086,2.192453,1,0,1.0000,1.0000,1,1,0,0,0.0000,0.0000,,,,,7413,8077,812,215,5459,6877,1954,1200,0,0,0.58750,0.10279,0
1786018550.3223,B_right_diagonal_up_left_down_right,B,right,0,,,314,151.3000,345.7000,130.4000,192.6000,148.4000,0.0000,360.0000,337.5000,73.5000,0.0000,132.9000,0.0000,62.6000,0.0000,-0.82300,-0.05200,0.44200,3.14000,0.04000,1.39000,0.00400,0.00600,0.93900,2.09000,3.53000,2.63000,9.6,1.7,1.0,1.0,0.884692,0.347151,1.093746,-0.252466,0.217195,1.327594,-0.089600,0.486000,0.869300,0.003200,0.133500,0.542300,0.828800,0.034500,0.787144,0.116649,1.247538,-0.252472,0.217202,1.327603,-1.749416,-1.293699,-1.600383,-1.419485,3.175122,0.427024,1.011613,-0.808298,1.870890,1.025347,1.822018,-0.576805,-0.700086,2.192453,1,0,1.0000,1.0000,1,1,0,0,0.0000,0.0000,,,,,126947,124583,855,245,124693,123321,2254,1260,0,2,0.59599,0.10279,0
1786018550.3407,B_right_diagonal_up_left_down_right,B,right,0,,,315,151.3000,345.7000,130.4000,192.6000,148.4000,0.0000,360.0000,337.5000,73.5000,0.0000,132.9000,0.0000,62.6000,0.0000,-0.82300,-0.05200,0.44200,3.14000,0.04000,1.39000,0.00400,0.00600,0.93900,2.09000,3.53000,2.63000,9.6,1.7,1.0,1.0,0.884692,0.347151,1.093746,-0.252466,0.217195,1.327594,-0.089600,0.486000,0.869300,0.003200,0.133500,0.542300,0.828800,0.034500,0.787144,0.116649,1.247538,-0.252472,0.217202,1.327603,-1.739187,-1.285548,-1.606363,-1.429715,3.171453,0.417101,1.006230,-0.808298,1.870890,1.025347,1.822018,-0.576805,-0.700086,2.192453,1,0,1.0000,1.0000,1,1,0,0,0.0000,0.0000,,,,,7413,124583,813,245,5459,123321,1954,1260,0,2,0.58750,0.10279,0
1786018550.3737,B_right_diagonal_up_left_down_right,B,right,0,,,316,151.2000,345.7000,130.4000,192.6000,145.8000,0.0000,360.0000,338.1000,73.7000,0.0000,132.9000,0.0000,62.9000,0.0000,-0.83800,-0.05100,0.45000,1.32000,-1.31000,-0.04000,0.01000,0.00700,0.93500,-3.52000,0.06000,7.28000,9.7,1.5,1.0,1.0,0.740156,0.039055,1.293163,-0.252466,0.217195,1.327594,-0.089600,0.486000,0.869300,0.003200,0.133500,0.542300,0.828800,0.034500,0.787144,0.116649,1.247538,-0.252472,0.217202,1.327603,-1.710759,-1.262894,-1.622981,-1.458143,3.161257,0.389525,0.991272,-0.808298,1.870890,1.025347,1.822018,-0.576805,-0.700086,2.192453,1,0,1.0000,1.0000,1,1,0,0,0.0000,0.0000,,,,,7413,8077,813,216,5459,6877,1954,1200,0,0,0.58750,0.10279,0
1786018550.3839,B_right_diagonal_up_left_down_right,B,right,0,,,317,151.2000,345.7000,130.4000,192.6000,145.8000,0.0000,360.0000,338.1000,73.7000,0.0000,132.9000,0.0000,62.9000,0.0000,-0.83800,-0.05100,0.45000,1.32000,-1.31000,-0.04000,0.01000,0.00700,0.93500,-3.52000,0.06000,7.28000,9.7,1.5,1.0,1.0,0.740156,0.039055,1.293163,-0.252466,0.217195,1.327594,-0.089600,0.486000,0.869300,0.003200,0.133500,0.542300,0.828800,0.034500,0.787144,0.116649,1.247538,-0.252472,0.217202,1.327603,-1.710759,-1.262894,-1.622981,-1.458143,3.161257,0.389525,0.991272,-0.808298,1.870890,1.025347,1.822018,-0.576805,-0.700086,2.192453,1,0,1.0000,1.0000,1,1,0,0,0.0000,0.0000,,,,,7413,8077,813,216,5459,6877,1954,1200,0,0,0.58750,0.10279,0
1786018550.4090,B_right_diagonal_up_left_down_right,B,right,0,,,318,151.2000,345.6000,130.4000,192.6000,146.3000,0.0000,360.0000,339.5000,74.0000,0.0000,132.9000,0.0000,162.8000,0.0000,-0.81500,-0.05500,0.42800,0.06000,1.77000,2.51000,0.02300,-0.06300,0.93700,2.32000,-2.62000,0.67000,9.9,0.9,1.0,1.0,0.682078,0.341104,1.175130,-0.961179,0.416098,1.666607,-0.089600,0.486000,0.869300,0.003200,0.133500,0.542300,0.828800,0.034500,0.782849,0.106209,1.254178,-0.252472,0.217202,1.327603,-1.699148,-1.253642,-1.629768,-1.469753,3.157092,0.378262,0.985163,-0.808298,1.870890,1.025347,1.822018,-0.576805,-0.700086,2.192453,1,0,1.0000,1.0000,1,1,0,0,0.0000,0.0000,,,,,7414,8077,813,216,5460,6877,1954,1200,0,0,0.60762,0.10279,0
1786018550.4294,B_right_diagonal_up_left_down_right,B,right,0,,,319,151.2000,345.6000,130.4000,192.6000,146.3000,0.0000,360.0000,339.5000,74.0000,0.0000,132.9000,0.0000,162.8000,0.0000,-0.81500,-0.05500,0.42800,0.06000,1.77000,2.51000,0.02300,-0.06300,0.93700,2.32000,-2.62000,0.67000,9.9,0.9,1.0,1.0,0.682078,0.341104,1.175130,-0.961179,0.416098,1.666607,-0.089600,0.486000,0.869300,0.003200,0.133500,0.542300,0.828800,0.034500,0.782849,0.106209,1.254178,-0.252472,0.217202,1.327603,-1.687366,-1.244253,-1.636656,-1.481535,3.152866,0.366833,0.978963,-0.808298,1.870890,1.025347,1.822018,-0.576805,-0.700086,2.192453,1,0,1.0000,1.0000,1,1,0,0,0.0000,0.0000,,,,,7414,8077,813,216,5460,6877,1954,1200,0,0,0.60762,0.10279,0
1786018550.4428,B_right_diagonal_up_left_down_right,B,right,0,,,320,151.2000,345.6000,130.4000,192.6000,146.3000,0.0000,360.0000,339.5000,74.0000,0.0000,132.9000,0.0000,162.8000,0.0000,-0.81500,-0.05500,0.42800,0.06000,1.77000,2.51000,0.02300,-0.06300,0.93700,2.32000,-2.62000,0.67000,9.9,0.9,1.0,1.0,0.682078,0.341104,1.175130,-0.961179,0.416098,1.666607,-0.089600,0.486000,0.869300,0.003200,0.133500,0.542300,0.828800,0.034500,0.782849,0.106209,1.254178,-0.252472,0.217202,1.327603,-1.679644,-1.238100,-1.641169,-1.489257,3.150097,0.359342,0.974901,-0.808298,1.870890,1.025347,1.822018,-0.576805,-0.700086,2.192453,1,0,1.0000,1.0000,1,1,0,0,0.0000,0.0000,,,,,126947,124583,855,245,124693,123321,2254,1260,0,2,0.59599,0.10279,0
1786018550.4607,B_right_diagonal_up_left_down_right,B,right,0,,,321,151.2000,345.6000,130.4000,192.6000,146.3000,0.0000,360.0000,339.5000,74.0000,0.0000,132.9000,0.0000,162.8000,0.0000,-0.81500,-0.05500,0.42800,0.06000,1.77000,2.51000,0.02300,-0.06300,0.93700,2.32000,-2.62000,0.67000,9.9,0.9,1.0,1.0,0.682078,0.341104,1.175130,-0.961179,0.416098,1.666607,-0.089600,0.486000,0.869300,0.003200,0.133500,0.542300,0.828800,0.034500,0.782849,0.106209,1.254178,-0.252472,0.217202,1.327603,-1.664491,-1.226024,-1.650027,-1.504410,3.144661,0.344643,0.966927,-0.808298,1.870890,1.025347,1.822018,-0.576805,-0.700086,2.192453,1,0,1.0000,1.0000,1,1,0,0,0.0000,0.0000,,,,,7414,8077,813,216,5460,6877,1954,1200,0,0,0.60762,0.10279,0
1786018550.4854,B_right_diagonal_up_left_down_right,B,right,0,,,322,151.2000,345.6000,130.4000,192.6000,146.3000,0.0000,360.0000,339.5000,74.0000,0.0000,132.9000,0.0000,162.8000,0.0000,-0.81500,-0.05500,0.42800,0.06000,1.77000,2.51000,0.02300,-0.06300,0.93700,2.32000,-2.62000,0.67000,9.9,0.9,1.0,1.0,0.682078,0.341104,1.175130,-0.961179,0.416098,1.666607,-0.089600,0.486000,0.869300,0.003200,0.133500,0.542300,0.828800,0.034500,0.779346,0.099176,1.258641,-0.252472,0.217202,1.327603,-1.647149,-1.212205,-1.660165,-1.521752,3.138441,0.327821,0.957802,-0.808298,1.870890,1.025347,1.822018,-0.576805,-0.700086,2.192453,1,0,1.0000,1.0000,1,1,0,0,0.0000,0.0000,,,,,126947,124583,856,245,124693,123321,2254,1260,0,2,0.59599,0.10279,0
1786018550.5054,B_right_diagonal_up_left_down_right,B,right,0,,,323,151.2000,345.6000,130.4000,192.6000,146.3000,0.0000,360.0000,339.5000,74.0000,0.0000,132.9000,0.0000,162.8000,0.0000,-0.81500,-0.05500,0.42800,0.06000,1.77000,2.51000,0.02300,-0.06300,0.93700,2.32000,-2.62000,0.67000,9.9,0.9,1.0,1.0,0.682078,0.341104,1.175130,-0.961179,0.416098,1.666607,-0.089600,0.486000,0.869300,0.003200,0.133500,0.542300,0.828800,0.034500,0.779346,0.099176,1.258641,-0.252472,0.217202,1.327603,-1.631801,-1.202136,-1.667551,-1.538940,3.133754,0.315111,0.951321,-0.808298,1.870890,1.025347,1.822018,-0.576805,-0.700086,2.192453,1,0,1.0000,1.0000,1,1,0,0,0.0000,0.0000,,,,,7414,8077,813,216,5460,6877,1954,1200,0,0,0.60762,0.10279,0
1786018550.5362,B_right_diagonal_up_left_down_right,B,right,0,,,324,151.2000,345.6000,130.6000,192.6000,149.6000,0.0000,360.0000,341.7000,74.0000,0.0000,3.0000,0.0000,193.2000,0.0000,-0.82300,-0.05800,0.41000,3.60000,2.76000,3.62000,0.04500,0.01100,0.96200,4.80000,-1.44000,0.52000,10.0,0.6,1.0,1.0,0.741035,0.039024,1.293275,-0.047208,0.254795,1.234554,-0.089600,0.486000,0.869300,0.003200,0.133500,0.542300,0.828800,0.034500,0.778815,0.100131,1.258223,-0.252472,0.217202,1.327603,-1.621558,-1.196285,-1.671842,-1.551152,3.130955,0.307506,0.947637,-0.808298,1.870890,1.025347,1.822018,-0.576805,-0.700086,2.192453,1,0,1.0000,1.0000,1,1,0,0,0.0000,0.0000,,,,,7414,8077,813,217,5460,6877,1954,1200,0,0,0.60762,0.10279,0
1786018550.5490,B_right_diagonal_up_left_down_right,B,right,0,,,325,151.2000,345.6000,130.6000,192.6000,149.6000,0.0000,360.0000,341.7000,74.0000,0.0000,3.0000,0.0000,193.2000,0.0000,-0.82300,-0.05800,0.41000,3.60000,2.76000,3.62000,0.04500,0.01100,0.96200,4.80000,-1.44000,0.52000,10.0,0.6,1.0,1.0,0.741035,0.039024,1.293275,-0.047208,0.254795,1.234554,-0.089600,0.486000,0.869300,0.003200,0.133500,0.542300,0.828800,0.034500,0.778815,0.100131,1.258223,-0.252472,0.217202,1.327603,-1.617036,-1.193734,-1.673724,-1.556942,3.129787,0.304101,0.945977,-0.808298,1.870890,1.025347,1.822018,-0.576805,-0.700086,2.192453,1,0,1.0000,1.0000,1,1,0,0,0.0000,0.0000,,,,,126948,124583,856,246,124693,123321,2255,1260,0,2,0.60285,0.10279,0
1786018550.5677,B_right_diagonal_up_left_down_right,B,right,0,,,326,151.2000,345.6000,130.5000,192.6000,149.4000,0.0000,360.0000,341.7000,74.0000,0.0000,3.0000,0.0000,193.2000,0.0000,-0.83800,-0.06200,0.44100,5.00000,3.82000,3.89000,0.04500,0.01100,0.96200,4.80000,-1.44000,0.52000,9.9,0.6,1.0,1.0,0.881726,0.347260,1.093287,-0.252466,0.217195,1.327594,-0.089600,0.486000,0.869300,0.003200,0.133500,0.542300,0.828800,0.034500,0.778815,0.100131,1.258223,-0.252472,0.217202,1.327603,-1.614771,-1.192457,-1.674667,-1.559842,3.129201,0.302396,0.945146,-0.808298,1.870890,1.025347,1.822018,-0.576805,-0.700086,2.192453,1,0,1.0000,1.0000,1,1,0,0,0.0000,0.0000,,,,,126948,8077,856,217,124693,6877,2255,1200,0,0,0.60285,0.10279,0
1786018550.5878,B_right_diagonal_up_left_down_right,B,right,0,,,327,151.2000,345.6000,130.5000,192.6000,149.4000,0.0000,360.0000,342.7000,74.0000,0.0000,132.9000,0.0000,195.8000,0.0000,-0.83800,-0.06200,0.44100,5.00000,3.82000,3.89000,0.02100,0.01100,0.93700,-1.11000,-0.69000,5.31000,9.9,0.6,1.0,1.0,0.881726,0.347260,1.093287,-0.252466,0.217195,1.327594,-0.089600,0.486000,0.869300,0.003200,0.133500,0.542300,0.828800,0.034500,0.778815,0.100131,1.258223,-0.252472,0.217202,1.327603,-1.614771,-1.192457,-1.674667,-1.559842,3.129201,0.302396,0.945146,-0.808298,1.870890,1.025347,1.822018,-0.576805,-0.700086,2.192453,1,0,1.0000,1.0000,1,1,0,0,0.0000,0.0000,,,,,126948,8077,856,217,124693,6877,2255,1200,0,0,0.60285,0.10279,0
1786018550.6200,B_right_diagonal_up_left_down_right,B,right,0,,,328,151.2000,345.6000,130.5000,192.6000,149.4000,0.0000,360.0000,342.7000,74.0000,0.0000,132.9000,0.0000,195.8000,0.0000,-0.83800,-0.06200,0.44100,5.00000,3.82000,3.89000,0.02100,0.01100,0.93700,-1.11000,-0.69000,5.31000,9.4,0.9,1.0,1.0,0.881726,0.347260,1.093287,-0.252466,0.217195,1.327594,-0.089600,0.486000,0.869300,0.003200,0.133500,0.542300,0.828800,0.034500,0.778567,0.099918,1.258381,-0.252472,0.217202,1.327603,-1.595569,-1.181627,-1.682659,-1.584428,3.124240,0.287942,0.938099,-0.808298,1.870890,1.025347,1.822018,-0.576805,-0.700086,2.192453,1,0,1.0000,1.0000,1,1,0,0,0.0000,0.0000,,,,,126949,124583,856,246,124694,123321,2255,1260,0,2,0.59881,0.10279,0
1786018550.6206,B_right_diagonal_up_left_down_right,B,right,0,,,329,151.2000,345.6000,130.5000,192.6000,149.4000,0.0000,360.0000,342.7000,74.0000,0.0000,132.9000,0.0000,195.8000,0.0000,-0.83800,-0.06200,0.44100,5.00000,3.82000,3.89000,0.02100,0.01100,0.93700,-1.11000,-0.69000,5.31000,9.4,0.9,1.0,1.0,0.881726,0.347260,1.093287,-0.252466,0.217195,1.327594,-0.089600,0.486000,0.869300,0.003200,0.133500,0.542300,0.828800,0.034500,0.778567,0.099918,1.258381,-0.252472,0.217202,1.327603,-1.595569,-1.181627,-1.682659,-1.584428,3.124240,0.287942,0.938099,-0.808298,1.870890,1.025347,1.822018,-0.576805,-0.700086,2.192453,1,0,1.0000,1.0000,1,1,0,0,0.0000,0.0000,,,,,126949,124583,856,246,124694,123321,2255,1260,0,2,0.59881,0.10279,0
1786018550.6379,B_right_diagonal_up_left_down_right,B,right,0,,,330,151.2000,345.6000,130.5000,192.3000,145.4000,0.0000,360.0000,343.1000,74.1000,0.0000,132.9000,0.0000,196.0000,0.0000,-0.84400,-0.04200,0.45100,0.87000,2.63000,2.05000,0.00100,0.00300,0.91600,2.15000,-0.93000,-1.17000,8.5,0.6,1.0,1.0,0.681688,0.342620,1.174926,-0.961179,0.416098,1.666607,-0.089600,0.486000,0.869300,0.003200,0.133500,0.542300,0.828800,0.034500,0.778567,0.099918,1.258381,-0.252472,0.217202,1.327603,-1.587880,-1.177194,-1.685913,-1.595010,3.122203,0.282329,0.935218,-0.808298,1.870890,1.025347,1.822018,-0.576805,-0.700086,2.192453,1,0,1.0000,1.0000,1,1,0,0,0.0000,0.0000,,,,,7415,8077,814,217,5461,6877,1954,1200,0,0,0.59935,0.10279,0
1786018550.6630,B_right_diagonal_up_left_down_right,B,right,0,,,331,151.2000,345.6000,130.5000,192.3000,145.4000,0.0000,360.0000,343.1000,74.1000,0.0000,132.9000,0.0000,196.0000,0.0000,-0.84400,-0.04200,0.45100,0.87000,2.63000,2.05000,0.00100,0.00300,0.91600,2.15000,-0.93000,-1.17000,8.5,0.6,1.0,1.0,0.681688,0.342620,1.174926,-0.961179,0.416098,1.666607,-0.089600,0.486000,0.869300,0.003200,0.133500,0.542300,0.828800,0.034500,0.778567,0.099918,1.258381,-0.252472,0.217202,1.327603,-1.587880,-1.177194,-1.685913,-1.595010,3.122203,0.282329,0.935218,-0.808298,1.870890,1.025347,1.822018,-0.576805,-0.700086,2.192453,1,0,1.0000,1.0000,1,1,0,0,0.0000,0.0000,,,,,7415,8077,814,217,5461,6877,1954,1200,0,0,0.59935,0.10279,0
1786018550.6863,B_right_diagonal_up_left_down_right,B,right,0,,,332,151.2000,345.6000,130.5000,192.3000,145.2000,0.0000,36.0000,343.1000,74.1000,0.0000,132.9000,0.0000,196.0000,0.0000,-0.83500,-0.07000,0.44000,1.10000,0.24000,0.70000,0.00100,0.00300,0.91600,2.15000,-0.93000,-1.17000,8.5,0.6,1.0,1.0,0.881026,0.347285,1.093220,-0.961179,0.416098,1.666607,-0.089600,0.486000,0.869300,0.003200,0.133500,0.542300,0.828800,0.034500,0.778567,0.099918,1.258381,-0.252472,0.217202,1.327603,-1.567614,-1.165282,-1.694617,-1.624641,3.116717,0.267951,0.927486,-0.808298,1.870890,1.025347,1.822018,-0.576805,-0.700086,2.192453,1,0,1.0000,1.0000,1,1,0,0,0.0000,0.0000,,,,,7415,8077,814,217,5461,6877,1954,1200,0,0,0.59935,0.10279,0
1786018550.7046,B_right_diagonal_up_left_down_right,B,right,0,,,333,151.2000,345.6000,130.5000,192.3000,145.2000,0.0000,36.0000,343.2000,74.2000,0.0000,132.9000,0.0000,196.0000,0.0000,-0.83500,-0.07000,0.44000,1.10000,0.24000,0.70000,0.02200,0.01400,0.92200,-2.95000,-0.75000,0.81000,8.5,0.6,1.0,1.0,0.881026,0.347285,1.093220,-0.047208,0.254795,1.234554,-0.089600,0.486000,0.869300,0.003200,0.133500,0.542300,0.828800,0.034500,0.778373,0.099501,1.258638,-0.252472,0.217202,1.327603,-1.563165,-1.162667,-1.696528,-1.631146,3.115513,0.264795,0.925789,-0.808298,1.870890,1.025347,1.822018,-0.576805,-0.700086,2.192453,1,0,1.0000,1.0000,1,1,0,0,0.0000,0.0000,,,,,126949,124583,856,246,124694,123321,2255,1260,0,2,0.59881,0.10279,0
1786018550.7205,B_right_diagonal_up_left_down_right,B,right,0,,,334,151.2000,345.6000,130.5000,192.3000,145.2000,0.0000,36.0000,343.2000,74.2000,0.0000,132.9000,0.0000,196.0000,0.0000,-0.83500,-0.07000,0.44000,1.10000,0.24000,0.70000,0.02200,0.01400,0.92200,-2.95000,-0.75000,0.81000,8.5,0.6,1.0,1.0,0.881026,0.347285,1.093220,-0.047208,0.254795,1.234554,-0.089600,0.486000,0.869300,0.003200,0.133500,0.542300,0.828800,0.034500,0.778373,0.099501,1.258638,-0.252472,0.217202,1.327603,-1.563165,-1.162667,-1.696528,-1.631146,3.115513,0.264795,0.925789,-0.808298,1.870890,1.025347,1.822018,-0.576805,-0.700086,2.192453,1,0,1.0000,1.0000,1,1,0,0,0.0000,0.0000,,,,,126949,124583,856,246,124694,123321,2255,1260,0,2,0.59881,0.10279,0
1786018550.7479,B_right_diagonal_up_left_down_right,B,right,0,,,335,151.2000,345.6000,130.5000,192.3000,145.2000,0.0000,36.0000,343.2000,74.2000,0.0000,132.9000,0.0000,196.0000,0.0000,-0.83500,-0.07000,0.44000,1.10000,0.24000,0.70000,0.02200,0.01400,0.92200,-2.95000,-0.75000,0.81000,9.2,1.1,1.0,1.0,0.881026,0.347285,1.093220,-0.047208,0.254795,1.234554,-0.089600,0.486000,0.869300,0.003200,0.133500,0.542300,0.828800,0.034500,0.778176,0.099080,1.258898,-0.252472,0.217202,1.327603,-1.551488,-1.155804,-1.701544,-1.648218,3.112352,0.256510,0.921334,-0.808405,1.871078,1.025556,1.822021,-0.576660,-0.699942,2.192071,1,0,1.0000,1.0000,1,1,0,0,0.0000,0.0000,,,,,126949,124583,856,246,124694,123321,2255,1260,0,2,0.59881,0.10279,0
1786018550.7581,B_right_diagonal_up_left_down_right,B,right,0,,,336,151.2000,345.6000,130.5000,192.3000,145.2000,0.0000,36.0000,343.2000,74.2000,0.0000,132.9000,0.0000,196.0000,0.0000,-0.83500,-0.07000,0.44000,1.10000,0.24000,0.70000,0.02200,0.01400,0.92200,-2.95000,-0.75000,0.81000,9.2,1.1,1.0,1.0,0.881026,0.347285,1.093220,-0.047208,0.254795,1.234554,-0.089600,0.486000,0.869300,0.003200,0.133500,0.542300,0.828800,0.034500,0.778176,0.099080,1.258898,-0.252472,0.217202,1.327603,-1.551488,-1.155804,-1.701544,-1.648218,3.112352,0.256510,0.921334,-0.808405,1.871078,1.025556,1.822021,-0.576660,-0.699942,2.192071,1,0,1.0000,1.0000,1,1,0,0,0.0000,0.0000,,,,,126949,124583,856,246,124694,123321,2255,1260,0,2,0.59881,0.10279,0
1786018550.7830,B_right_diagonal_up_left_down_right,B,right,0,,,337,151.2000,345.7000,130.5000,192.4000,149.9000,0.0000,360.0000,343.3000,74.3000,0.0000,132.9000,0.0000,196.5000,2.0000,-0.82500,-0.06100,0.41100,2.31000,-1.01000,-2.61000,-0.00300,-0.00500,0.93300,-2.75000,-0.44000,-3.24000,9.6,1.8,1.0,1.0,0.741601,0.039004,1.293375,-0.047208,0.254795,1.234554,-0.089600,0.486000,0.869300,0.003200,0.133500,0.542300,0.828800,0.034500,0.778176,0.099080,1.258898,-0.252472,0.217202,1.327603,-1.537516,-1.147592,-1.707545,-1.668647,3.108569,0.246597,0.916003,-0.808567,1.871364,1.025872,1.822025,-0.576440,-0.699722,2.191490,1,0,1.0000,1.0000,1,1,0,0,0.0000,0.0000,,,,,7415,124583,814,246,5461,123321,1954,1260,0,2,0.59935,0.10279,0
1786018550.8030,B_right_diagonal_up_left_down_right,B,right,0,,,338,151.2000,345.7000,130.5000,192.5000,150.4000,0.0000,360.0000,343.3000,74.4000,0.0000,133.0000,0.0000,197.4000,0.0000,-0.81400,-0.06000,0.41900,2.41000,0.60000,-2.08000,0.01600,0.00500,0.94300,-2.69000,-2.02000,-1.25000,9.6,1.8,1.0,1.0,0.740989,0.039027,1.293280,-0.047208,0.254795,1.234554,-0.089600,0.486000,0.869300,0.003200,0.133500,0.542300,0.828800,0.034500,0.778176,0.099080,1.258898,-0.252472,0.217202,1.327603,-1.526976,-1.141397,-1.712072,-1.684057,3.105716,0.239120,0.911982,-0.808567,1.871364,1.025872,1.822025,-0.576440,-0.699722,2.191490,1,0,1.0000,1.0000,1,1,0,0,0.0000,0.0000,,,,,7415,8077,814,218,5461,6877,1954,1200,0,0,0.59935,0.10279,0
1786018550.8181,B_right_diagonal_up_left_down_right,B,right,0,,,339,151.2000,345.7000,130.5000,192.5000,150.4000,0.0000,360.0000,343.3000,74.4000,0.0000,133.0000,0.0000,197.4000,0.0000,-0.81400,-0.06000,0.41900,2.41000,0.60000,-2.08000,0.01600,0.00500,0.94300,-2.69000,-2.02000,-1.25000,9.6,1.8,1.0,1.0,0.740989,0.039027,1.293280,-0.047208,0.254795,1.234554,-0.089600,0.486000,0.869300,0.003200,0.133500,0.542300,0.828800,0.034500,0.777984,0.098671,1.259150,-0.252472,0.217202,1.327603,-1.526976,-1.141397,-1.712072,-1.684057,3.105716,0.239120,0.911982,-0.808567,1.871364,1.025872,1.822025,-0.576440,-0.699722,2.191490,1,0,1.0000,1.0000,1,1,0,0,0.0000,0.0000,,,,,126949,124583,856,247,124694,123321,2255,1260,0,2,0.59881,0.10279,0
1786018550.8469,B_right_diagonal_up_left_down_right,B,right,0,,,340,151.3000,345.7000,130.6000,192.5000,147.5000,0.0000,360.0000,343.6000,74.5000,0.0000,132.9000,0.0000,197.7000,0.0000,-0.81300,-0.06300,0.43800,5.73000,0.56000,-0.15000,0.01700,0.01300,0.95700,0.30000,-2.07000,-1.92000,9.2,0.9,1.0,1.0,0.739068,0.039115,1.293016,-0.961179,0.416098,1.666607,-0.089600,0.486000,0.869300,0.003200,0.133500,0.542300,0.828800,0.034500,0.777984,0.098671,1.259150,-0.252472,0.217202,1.327603,-1.515444,-1.134668,-1.716996,-1.702239,3.102597,0.230866,0.907635,-0.808567,1.871364,1.025872,1.822025,-0.576440,-0.699722,2.191490,1,0,1.0000,1.0000,1,1,0,0,0.0000,0.0000,,,,,126949,124583,857,247,124694,123321,2255,1260,0,2,0.59881,0.10279,0
1786018550.8640,B_right_diagonal_up_left_down_right,B,right,0,,,341,151.3000,345.7000,130.6000,192.5000,147.5000,0.0000,360.0000,343.5000,74.5000,0.0000,132.9000,0.0000,197.7000,0.0000,-0.81300,-0.06300,0.43800,5.73000,0.56000,-0.15000,0.01600,0.00300,0.96300,-0.18000,-1.73000,-2.40000,9.9,1.4,1.0,1.0,0.739068,0.039115,1.293016,-0.047208,0.254795,1.234554,-0.089600,0.486000,0.869300,0.003200,0.133500,0.542300,0.828800,0.034500,0.777984,0.098671,1.259150,-0.252472,0.217202,1.327603,-1.512178,-1.132800,-1.718369,-1.708433,3.101716,0.228471,0.906445,-0.808567,1.871364,1.025872,1.822025,-0.576440,-0.699722,2.191490,1,0,1.0000,1.0000,1,1,0,0,0.0000,0.0000,,,,,7415,8077,814,218,5461,6877,1954,1200,0,0,0.59935,0.10279,0
1786018550.8817,B_right_diagonal_up_left_down_right,B,right,0,,,342,151.3000,345.7000,130.6000,192.5000,147.5000,0.0000,360.0000,343.5000,74.5000,0.0000,132.9000,0.0000,197.7000,0.0000,-0.81300,-0.06300,0.43800,5.73000,0.56000,-0.15000,0.01600,0.00300,0.96300,-0.18000,-1.73000,-2.40000,9.9,1.4,1.0,1.0,0.739068,0.039115,1.293016,-0.047208,0.254795,1.234554,-0.089600,0.486000,0.869300,0.003200,0.133500,0.542300,0.828800,0.034500,0.777984,0.098671,1.259150,-0.252472,0.217202,1.327603,-1.506295,-1.129436,-1.720840,-1.719590,3.100129,0.224158,0.904303,-0.808567,1.871364,1.025872,1.822025,-0.576440,-0.699722,2.191490,1,0,1.0000,1.0000,1,1,0,0,0.0000,0.0000,,,,,7415,8077,815,218,5461,6877,1954,1200,0,0,0.59935,0.10279,0
1786018550.9104,B_right_diagonal_up_left_down_right,B,right,0,,,343,151.2000,345.7000,130.6000,192.5000,146.7000,0.0000,360.0000,343.4000,74.5000,0.0000,132.8000,0.0000,197.9000,0.0000,-0.80600,-0.05700,0.44800,4.64000,2.00000,1.44000,0.03200,0.01600,0.96100,1.66000,-3.02000,-0.21000,11.9,1.6,1.0,1.0,0.667079,0.344957,1.277171,-0.961179,0.416098,1.666607,-0.089600,0.486000,0.869300,0.003200,0.133500,0.542300,0.828800,0.034500,0.772838,0.088195,1.265536,-0.252472,0.217202,1.327603,-1.500232,-1.125969,-1.723387,-1.731088,3.098494,0.219712,0.902094,-0.808567,1.871364,1.025872,1.822025,-0.576440,-0.699722,2.191490,1,0,1.0000,1.0000,0,1,1,0,0.0672,0.0000,,,,,7415,124583,815,247,5461,123321,1954,1260,0,2,0.59935,0.10279,0
1786018550.9285,B_right_diagonal_up_left_down_right,B,right,0,,,344,151.2000,345.7000,130.6000,192.5000,146.7000,0.0000,360.0000,343.4000,74.5000,0.0000,132.8000,0.0000,197.9000,0.0000,-0.80600,-0.05700,0.44800,4.64000,2.00000,1.44000,0.03200,0.01600,0.96100,1.66000,-3.02000,-0.21000,11.9,1.6,1.0,1.0,0.667079,0.344957,1.277171,-0.961179,0.416098,1.666607,-0.089600,0.486000,0.869300,0.003200,0.133500,0.542300,0.828800,0.034500,0.772838,0.088195,1.265536,-0.252472,0.217202,1.327603,-1.489562,-1.119868,-1.727870,-1.751322,3.095616,0.211889,0.898208,-0.808567,1.871364,1.025872,1.822025,-0.576440,-0.699722,2.191490,1,0,1.0000,1.0000,0,1,1,0,0.0672,0.0000,,,,,126950,124583,857,247,124695,123321,2255,1260,0,2,0.59818,0.10279,0
1786018550.9390,B_right_diagonal_up_left_down_right,B,right,0,,,345,151.2000,345.7000,130.6000,192.5000,146.7000,0.0000,360.0000,343.4000,74.5000,0.0000,132.8000,0.0000,197.9000,0.0000,-0.80600,-0.05700,0.44800,4.64000,2.00000,1.44000,0.03200,0.01600,0.96100,1.66000,-3.02000,-0.21000,9.9,2.9,1.0,1.0,0.667079,0.344957,1.277171,-0.961179,0.416098,1.666607,-0.089600,0.486000,0.869300,0.003200,0.133500,0.542300,0.828800,0.034500,0.772838,0.088195,1.265536,-0.252472,0.217202,1.327603,-1.487908,-1.118922,-1.728565,-1.754459,3.095170,0.210676,0.897605,-0.808567,1.871364,1.025872,1.822025,-0.576440,-0.699722,2.191490,1,0,1.0000,1.0000,0,1,1,0,0.0672,0.0000,,,,,126950,8077,857,218,124695,6877,2255,1200,0,0,0.59818,0.10279,0
1786018550.9636,B_right_diagonal_up_left_down_right,B,right,0,,,346,151.2000,345.7000,130.6000,192.5000,146.7000,0.0000,360.0000,343.4000,74.5000,0.0000,132.8000,0.0000,197.9000,0.0000,-0.80600,-0.05700,0.44800,4.64000,2.00000,1.44000,0.03200,0.01600,0.96100,1.66000,-3.02000,-0.21000,9.5,3.0,1.0,1.0,0.667079,0.344957,1.277171,-0.961179,0.416098,1.666607,-0.089600,0.486000,0.869300,0.003200,0.133500,0.542300,0.828800,0.034500,0.770806,0.094279,1.262397,-0.252472,0.217202,1.327603,-1.482212,-1.115786,-1.730889,-1.765565,-3.189504,0.206565,0.895611,-0.808567,1.871364,1.025872,1.822025,-0.576440,-0.699722,2.191490,1,0,1.0000,1.0000,0,1,1,0,0.0672,0.0000,,,,,126951,124583,857,247,124695,123321,2256,1260,0,2,0.59798,0.10279,0
1786018550.9862,B_right_diagonal_up_left_down_right,B,right,0,,,347,151.2000,345.7000,130.6000,192.5000,146.7000,0.0000,360.0000,343.4000,74.5000,0.0000,132.8000,0.0000,197.9000,0.0000,-0.80600,-0.05700,0.44800,4.64000,2.00000,1.44000,0.03200,0.01600,0.96100,1.66000,-3.02000,-0.21000,9.5,3.0,1.0,1.0,0.667079,0.344957,1.277171,-0.961179,0.416098,1.666607,-0.089600,0.486000,0.869300,0.003200,0.133500,0.542300,0.828800,0.034500,0.770806,0.094279,1.262397,-0.252472,0.217202,1.327603,-1.482212,-1.115786,-1.730889,-1.765565,-3.189504,0.206565,0.895611,-0.808567,1.871364,1.025872,1.822025,-0.576440,-0.699722,2.191490,1,0,1.0000,1.0000,0,1,1,0,0.0672,0.0000,,,,,126951,124583,857,247,124695,123321,2256,1260,0,2,0.59798,0.10279,0
1786018551.0070,B_right_diagonal_up_left_down_right,B,right,0,,,348,151.2000,345.8000,130.5000,192.4000,147.0000,0.0000,360.0000,343.4000,75.2000,0.0000,133.1000,0.0000,197.7000,0.0000,-0.82600,-0.04800,0.46000,0.55000,6.04000,1.66000,-0.00600,-0.00400,0.93000,2.05000,0.31000,-0.36000,9.6,2.7,1.0,1.0,0.737052,0.039184,1.292764,-0.047208,0.254795,1.234554,-0.089600,0.486000,0.869300,0.003200,0.133500,0.542300,0.828800,0.034500,0.770806,0.094279,1.262397,-0.252472,0.217202,1.327603,-1.482897,-1.116415,-1.730465,-1.764876,-3.189226,0.207196,0.896020,-0.808567,1.871364,1.025872,1.822025,-0.576440,-0.699722,2.191490,1,0,1.0000,1.0000,1,1,0,0,0.0000,0.0000,,,,,126951,124583,857,247,124695,123321,2256,1260,0,2,0.59798,0.10279,0
1786018551.0218,B_right_diagonal_up_left_down_right,B,right,0,,,349,151.2000,345.8000,130.5000,192.4000,147.0000,0.0000,360.0000,343.4000,75.2000,0.0000,133.1000,0.0000,197.7000,0.0000,-0.82600,-0.04800,0.46000,0.55000,6.04000,1.66000,-0.00600,-0.00400,0.93000,2.05000,0.31000,-0.36000,9.7,2.0,1.0,1.0,0.737052,0.039184,1.292764,-0.047208,0.254795,1.234554,-0.089600,0.486000,0.869300,0.003200,0.133500,0.542300,0.828800,0.034500,0.770806,0.094279,1.262397,-0.252472,0.217202,1.327603,-1.483584,-1.117046,-1.730039,-1.764183,-3.188946,0.207829,0.896430,-0.808567,1.871364,1.025872,1.822025,-0.576440,-0.699722,2.191490,1,0,1.0000,1.0000,1,1,0,0,0.0000,0.0000,,,,,126952,124583,857,247,124695,123321,2257,1260,0,2,0.59284,0.10279,0
1786018551.0482,B_right_diagonal_up_left_down_right,B,right,0,,,350,151.2000,345.8000,130.5000,12.4000,146.0000,0.0000,360.0000,343.4000,75.2000,0.0000,133.1000,0.0000,197.8000,0.0000,-0.82700,-0.06000,0.45800,-1.94000,3.36000,1.88000,0.02600,0.01700,0.93600,1.70000,-1.60000,-0.85000,9.7,1.9,1.0,1.0,0.872291,0.347606,1.153416,-0.252466,0.217195,1.327594,-0.089600,0.486000,0.869300,0.003200,0.133500,0.542300,0.828800,0.034500,0.765597,0.107702,1.255741,-0.252472,0.217202,1.327603,-1.484275,-1.117681,-1.729611,-1.763486,-3.188665,0.208466,0.896843,-0.808567,1.871364,1.025872,1.822025,-0.576440,-0.699722,2.191490,1,0,1.0000,1.0000,1,1,0,0,0.0000,0.0000,,,,,126952,124583,857,247,124695,123321,2257,1260,0,2,0.59284,0.10279,0
1786018551.0664,B_right_diagonal_up_left_down_right,B,right,0,,,351,151.2000,345.7000,130.5000,192.5000,147.0000,0.0000,360.0000,343.4000,75.2000,0.0000,133.0000,0.0000,198.0000,0.0000,-0.81900,-0.06700,0.42500,1.43000,-2.73000,2.47000,0.02500,0.02000,0.92400,0.60000,0.18000,-1.34000,10.0,1.6,1.0,1.0,0.866639,0.347813,1.195611,-0.252466,0.217195,1.327594,-0.089600,0.486000,0.869300,0.003200,0.133500,0.542300,0.828800,0.034500,0.765597,0.107702,1.255741,-0.252472,0.217202,1.327603,-1.485208,-1.118581,-1.729009,-1.762656,3.094918,0.209346,0.897429,-0.808567,1.871364,1.025872,1.822025,-0.576440,-0.699722,2.191490,1,0,1.0000,1.0000,0,1,1,0,0.0369,0.0000,,,,,126952,124583,857,248,124695,123321,2257,1260,0,2,0.59284,0.10279,0
1786018551.0964,B_right_diagonal_up_left_down_right,B,right,0,,,352,151.2000,345.7000,130.6000,192.5000,146.6000,0.0000,360.0000,343.4000,75.2000,0.0000,133.1000,0.0000,198.0000,0.0000,-0.82600,-0.06900,0.43100,1.31000,-1.82000,2.58000,0.01200,0.01900,0.93700,0.11000,-0.26000,-0.42000,9.3,1.3,1.0,1.0,0.671336,0.345312,1.246343,-0.961179,0.416098,1.666607,-0.089600,0.486000,0.869300,0.003200,0.133500,0.542300,0.828800,0.034500,0.765597,0.107702,1.255741,-0.252472,0.217202,1.327603,-1.484715,-1.118300,-1.729216,-1.763591,3.094788,0.208972,0.897247,-0.808567,1.871364,1.025872,1.822025,-0.576440,-0.699722,2.191490,1,0,1.0000,1.0000,1,1,0,0,0.0000,0.0000,,,,,126953,124583,857,248,124696,123321,2257,1260,0,2,0.59081,0.10279,0
1786018551.1245,B_right_diagonal_up_left_down_right,B,right,0,,,353,151.2000,345.7000,130.6000,192.5000,146.6000,0.0000,360.0000,343.4000,75.3000,0.0000,133.1000,0.0000,198.0000,0.0000,-0.82600,-0.06900,0.43100,1.31000,-1.82000,2.58000,0.00600,-0.01100,0.92800,1.34000,-1.34000,-1.04000,9.2,3.5,1.0,1.0,0.671336,0.345312,1.246343,-0.047208,0.254795,1.234554,-0.089600,0.486000,0.869300,0.003200,0.133500,0.542300,0.828800,0.034500,0.765482,0.107228,1.256007,-0.252472,0.217202,1.327603,-1.484587,-1.118227,-1.729270,-1.763833,3.094755,0.208875,0.897199,-0.808567,1.871364,1.025872,1.822025,-0.576440,-0.699722,2.191490,1,0,1.0000,1.0000,1,1,0,0,0.0000,0.0000,,,,,7419,8077,815,219,5463,6877,1956,1200,0,0,0.59081,0.10279,0
1786018551.1376,B_right_diagonal_up_left_down_right,B,right,0,,,354,151.3000,345.8000,130.5000,192.5000,150.7000,0.0000,360.0000,343.4000,75.4000,0.0000,133.1000,0.0000,198.0000,0.0000,-0.82500,-0.06800,0.40500,2.60000,2.89000,4.72000,0.01400,0.04200,0.93600,2.14000,-1.30000,-0.27000,9.2,3.5,1.0,1.0,0.739179,0.039124,1.293059,-0.047208,0.254795,1.234554,-0.089600,0.486000,0.869300,0.003200,0.133500,0.542300,0.828800,0.034500,0.765482,0.107228,1.256007,-0.252472,0.217202,1.327603,-1.484339,-1.118086,-1.729373,-1.764303,3.094690,0.208688,0.897108,-0.808567,1.871364,1.025872,1.822025,-0.576440,-0.699722,2.191490,1,0,1.0000,1.0000,1,1,0,0,0.0000,0.0000,,,,,126953,124583,857,248,124696,123321,2257,1260,0,2,0.59081,0.10279,0
1786018551.1530,B_right_diagonal_up_left_down_right,B,right,0,,,355,151.3000,345.8000,130.5000,192.5000,150.7000,0.0000,360.0000,343.4000,75.4000,0.0000,133.1000,0.0000,198.0000,0.0000,-0.82500,-0.06800,0.40500,2.60000,2.89000,4.72000,0.01400,0.04200,0.93600,2.14000,-1.30000,-0.27000,9.2,3.5,1.0,1.0,0.739179,0.039124,1.293059,-0.047208,0.254795,1.234554,-0.089600,0.486000,0.869300,0.003200,0.133500,0.542300,0.828800,0.034500,0.765482,0.107228,1.256007,-0.252472,0.217202,1.327603,-1.484339,-1.118086,-1.729373,-1.764303,3.094690,0.208688,0.897108,-0.808567,1.871364,1.025872,1.822025,-0.576440,-0.699722,2.191490,1,0,1.0000,1.0000,1,1,0,0,0.0000,0.0000,,,,,126953,124583,857,248,124696,123321,2257,1260,0,2,0.59081,0.10279,0
1786018551.1643,B_right_diagonal_up_left_down_right,B,right,0,,,356,151.3000,345.8000,130.5000,192.5000,150.7000,0.0000,360.0000,343.4000,75.4000,0.0000,133.1000,0.0000,198.0000,0.0000,-0.82500,-0.06800,0.40500,2.60000,2.89000,4.72000,0.01400,0.04200,0.93600,2.14000,-1.30000,-0.27000,9.2,3.5,1.0,1.0,0.739179,0.039124,1.293059,-0.047208,0.254795,1.234554,-0.089600,0.486000,0.869300,0.003200,0.133500,0.542300,0.828800,0.034500,0.765482,0.107228,1.256007,-0.252472,0.217202,1.327603,-1.484339,-1.118086,-1.729373,-1.764303,3.094690,0.208688,0.897108,-0.808567,1.871364,1.025872,1.822025,-0.576440,-0.699722,2.191490,1,0,1.0000,1.0000,1,1,0,0,0.0000,0.0000,,,,,126953,124583,857,248,124696,123321,2257,1260,0,2,0.59081,0.10279,0
1786018551.1792,B_right_diagonal_up_left_down_right,B,right,0,,,357,151.3000,345.8000,130.5000,192.5000,150.7000,0.0000,360.0000,343.4000,75.4000,0.0000,133.1000,0.0000,198.0000,0.0000,-0.82500,-0.06800,0.40500,2.60000,2.89000,4.72000,0.01400,0.04200,0.93600,2.14000,-1.30000,-0.27000,9.2,3.5,1.0,1.0,0.739179,0.039124,1.293059,-0.047208,0.254795,1.234554,-0.089600,0.486000,0.869300,0.003200,0.133500,0.542300,0.828800,0.034500,0.765365,0.106750,1.256275,-0.252472,0.217202,1.327603,-1.484339,-1.118086,-1.729373,-1.764303,3.094690,0.208688,0.897108,-0.808567,1.871364,1.025872,1.822025,-0.576440,-0.699722,2.191490,1,0,1.0000,1.0000,1,1,0,0,0.0000,0.0000,,,,,126953,124583,857,248,124696,123321,2257,1260,0,2,0.59081,0.10279,0
1786018551.2012,B_right_diagonal_up_left_down_right,B,right,0,,,358,151.3000,345.8000,130.5000,192.5000,150.7000,0.0000,360.0000,343.4000,75.4000,0.0000,133.1000,0.0000,198.0000,0.0000,-0.82500,-0.06800,0.40500,2.60000,2.89000,4.72000,0.01400,0.04200,0.93600,2.14000,-1.30000,-0.27000,9.2,2.2,1.0,1.0,0.739179,0.039124,1.293059,-0.047208,0.254795,1.234554,-0.089600,0.486000,0.869300,0.003200,0.133500,0.542300,0.828800,0.034500,0.765365,0.106750,1.256275,-0.252472,0.217202,1.327603,-1.484339,-1.118086,-1.729373,-1.764303,3.094690,0.208688,0.897108,-0.808567,1.871364,1.025872,1.822025,-0.576440,-0.699722,2.191490,1,0,1.0000,1.0000,1,0,0,1,0.0000,0.0700,,,,,126953,124583,857,248,124696,123321,2257,1260,0,2,0.59081,0.10279,0
1786018551.2272,B_right_diagonal_up_left_down_right,B,right,0,,,359,151.2000,345.4000,130.4000,192.5000,147.0000,0.0000,360.0000,343.3000,75.4000,0.0000,133.1000,0.0000,198.1000,0.0000,-0.82600,-0.04900,0.44800,3.24000,7.28000,4.18000,0.02900,0.02900,0.94500,4.54000,-0.72000,0.81000,9.5,1.3,1.0,1.0,0.737670,0.039164,1.292834,-0.047208,0.254795,1.234554,-0.089600,0.486000,0.869300,0.003200,0.133500,0.542300,0.828800,0.034500,0.765365,0.106750,1.256275,-0.252472,0.217202,1.327603,-1.483362,-1.117530,-1.729784,-1.766155,3.094433,0.207948,0.896748,-0.808567,1.871364,1.025872,1.822025,-0.576440,-0.699722,2.191490,1,0,1.0000,1.0000,1,1,0,0,0.0000,0.0000,,,,,126953,124583,857,248,124696,123321,2257,1260,0,2,0.59081,0.10279,0
1786018551.2392,B_right_diagonal_up_left_down_right,B,right,0,,,360,151.2000,345.4000,130.4000,192.5000,147.0000,0.0000,360.0000,343.3000,75.4000,0.0000,133.1000,0.0000,198.1000,0.0000,-0.82600,-0.04900,0.44800,3.24000,7.28000,4.18000,0.02900,0.02900,0.94500,4.54000,-0.72000,0.81000,9.5,1.3,1.0,1.0,0.737670,0.039164,1.292834,-0.047208,0.254795,1.234554,-0.089600,0.486000,0.869300,0.003200,0.133500,0.542300,0.828800,0.034500,0.765365,0.106750,1.256275,-0.252472,0.217202,1.327603,-1.483362,-1.117530,-1.729784,-1.766155,3.094433,0.207948,0.896748,-0.808567,1.871364,1.025872,1.822025,-0.576440,-0.699722,2.191490,1,0,1.0000,1.0000,1,1,0,0,0.0000,0.0000,,,,,126953,124583,857,248,124696,123321,2257,1260,0,2,0.59081,0.10279,0
1786018551.2618,B_right_diagonal_up_left_down_right,B,right,0,,,361,151.1000,345.6000,130.4000,192.5000,144.7000,0.0000,360.0000,343.4000,75.6000,0.0000,133.1000,0.0000,198.1000,0.0000,-0.83500,-0.06400,0.45800,1.35000,0.74000,1.44000,0.00700,0.01800,0.92800,-2.86000,-1.07000,-0.92000,9.3,2.0,1.0,1.0,0.736178,0.039199,1.292637,-0.047208,0.254795,1.234554,-0.089600,0.486000,0.869300,0.003200,0.133500,0.542300,0.828800,0.034500,0.765249,0.106280,1.256538,-0.252472,0.217202,1.327603,-1.482606,-1.117099,-1.730101,-1.767588,3.094235,0.207375,0.896468,-0.808567,1.871364,1.025872,1.822025,-0.576440,-0.699722,2.191490,1,0,1.0000,1.0000,1,1,0,0,0.0000,0.0000,,,,,126953,8077,857,219,124696,6877,2257,1200,0,0,0.59081,0.10279,0
1786018551.2922,B_right_diagonal_up_left_down_right,B,right,0,,,362,151.1000,345.6000,130.4000,192.5000,144.7000,0.0000,360.0000,343.4000,75.6000,0.0000,133.1000,0.0000,198.1000,0.0000,-0.83500,-0.06400,0.45800,1.35000,0.74000,1.44000,0.00700,0.01800,0.92800,-2.86000,-1.07000,-0.92000,9.3,2.0,1.0,1.0,0.736178,0.039199,1.292637,-0.047208,0.254795,1.234554,-0.089600,0.486000,0.869300,0.003200,0.133500,0.542300,0.828800,0.034500,0.765249,0.106280,1.256538,-0.252472,0.217202,1.327603,-1.482003,-1.116755,-1.730354,-1.768732,3.094077,0.206918,0.896246,-0.808567,1.871364,1.025872,1.822025,-0.576440,-0.699722,2.191490,1,0,1.0000,1.0000,1,1,0,0,0.0000,0.0000,,,,,7419,124583,815,248,5463,123321,1956,1260,0,2,0.59081,0.10279,0
1786018551.3345,B_right_diagonal_up_left_down_right,B,right,0,,,363,15.2000,345.3000,130.4000,192.5000,149.4000,0.0000,360.0000,343.4000,75.6000,0.0000,133.1000,0.0000,198.1000,0.0000,-0.82800,-0.07000,0.42100,1.66000,0.66000,3.64000,0.00700,0.01800,0.92800,-2.86000,-1.07000,-0.92000,10.3,0.9,1.0,1.0,0.655071,0.338272,1.224881,-0.047208,0.254795,1.234554,-0.089600,0.486000,0.869300,0.003200,0.133500,0.542300,0.828800,0.034500,0.765131,0.105809,1.256802,-0.252472,0.217202,1.327603,-1.468655,-1.109067,-1.736016,-1.793847,3.090630,0.196965,0.891166,-0.808567,1.871364,1.025872,1.822025,-0.576440,-0.699722,2.191490,1,0,1.0000,1.0000,1,1,0,0,0.0000,0.0000,,,,,126953,8077,857,219,124696,6877,2257,1200,0,0,0.59081,0.10279,0
1786018551.3415,B_right_diagonal_up_left_down_right,B,right,0,,,364,15.2000,345.3000,130.4000,192.5000,149.4000,0.0000,360.0000,343.4000,75.6000,0.0000,133.1000,0.0000,198.1000,0.0000,-0.82800,-0.07000,0.42100,1.66000,0.66000,3.64000,0.00700,0.01800,0.92800,-2.86000,-1.07000,-0.92000,10.3,0.9,1.0,1.0,0.655071,0.338272,1.224881,-0.047208,0.254795,1.234554,-0.089600,0.486000,0.869300,0.003200,0.133500,0.542300,0.828800,0.034500,0.765131,0.105809,1.256802,-0.252472,0.217202,1.327603,-1.465831,-1.107461,-1.737200,-1.799212,3.089888,0.194817,0.890127,-0.808567,1.871364,1.025872,1.822025,-0.576440,-0.699722,2.191490,1,0,1.0000,1.0000,1,1,0,0,0.0000,0.0000,,,,,7419,124583,815,249,5463,123321,1956,1260,0,2,0.59081,0.10279,0
1786018551.3540,B_right_diagonal_up_left_down_right,B,right,0,,,365,15.2000,345.3000,130.4000,192.5000,149.4000,0.0000,360.0000,343.4000,76.2000,0.0000,133.1000,0.0000,198.4000,0.0000,-0.82800,-0.07000,0.42100,1.66000,0.66000,3.64000,0.03000,0.00400,0.93600,-3.28000,-4.11000,-0.44000,10.3,0.9,1.0,1.0,0.655071,0.338272,1.224881,-0.961179,0.416098,1.666607,-0.089600,0.486000,0.869300,0.003200,0.133500,0.542300,0.828800,0.034500,0.765131,0.105809,1.256802,-0.252472,0.217202,1.327603,-1.460240,-1.104281,-1.739543,-1.809830,3.088420,0.190565,0.888072,-0.808567,1.871364,1.025872,1.822025,-0.576440,-0.699722,2.191490,1,0,1.0000,1.0000,1,1,0,0,0.0000,0.0000,,,,,7419,124583,815,249,5463,123321,1956,1260,0,2,0.59081,0.10279,0
1786018551.3674,B_right_diagonal_up_left_down_right,B,right,0,,,366,15.2000,345.3000,130.4000,192.5000,149.4000,0.0000,360.0000,343.4000,76.2000,0.0000,133.1000,0.0000,198.4000,0.0000,-0.82800,-0.07000,0.42100,1.66000,0.66000,3.64000,0.03000,0.00400,0.93600,-3.28000,-4.11000,-0.44000,10.3,0.9,1.0,1.0,0.655071,0.338272,1.224881,-0.961179,0.416098,1.666607,-0.089600,0.486000,0.869300,0.003200,0.133500,0.542300,0.828800,0.034500,0.765131,0.105809,1.256802,-0.252472,0.217202,1.327603,-1.460589,-1.104575,-1.739304,-1.809476,-3.194605,0.190750,0.888229,-0.808567,1.871364,1.025872,1.822025,-0.576440,-0.699722,2.191490,1,0,1.0000,1.0000,1,1,0,0,0.0000,0.0000,,,,,126953,8077,858,220,124696,6877,2257,1200,0,0,0.59081,0.10279,0
1786018551.3832,B_right_diagonal_up_left_down_right,B,right,0,,,367,15.2000,345.3000,130.4000,192.5000,149.4000,0.0000,360.0000,343.4000,76.2000,0.0000,133.1000,0.0000,198.4000,0.0000,-0.82800,-0.07000,0.42100,1.66000,0.66000,3.64000,0.03000,0.00400,0.93600,-3.28000,-4.11000,-0.44000,10.3,0.9,1.0,1.0,0.655071,0.338272,1.224881,-0.961179,0.416098,1.666607,-0.089600,0.486000,0.869300,0.003200,0.133500,0.542300,0.828800,0.034500,0.765010,0.105330,1.257070,-0.252472,0.217202,1.327603,-1.461216,-1.105105,-1.738876,-1.808840,-3.194317,0.191082,0.888511,-0.808567,1.871364,1.025872,1.822025,-0.576440,-0.699722,2.191490,1,0,1.0000,1.0000,1,1,0,0,0.0000,0.0000,,,,,126953,8077,858,220,124696,6877,2257,1200,0,0,0.59081,0.10279,0
1786018551.4065,B_right_diagonal_up_left_down_right,B,right,0,,,368,15.2000,345.3000,130.4000,192.5000,149.4000,0.0000,360.0000,343.4000,76.2000,0.0000,133.1000,0.0000,198.4000,0.0000,-0.82800,-0.07000,0.42100,1.66000,0.66000,3.64000,0.03000,0.00400,0.93600,-3.28000,-4.11000,-0.44000,10.3,0.9,1.0,1.0,0.655071,0.338272,1.224881,-0.961179,0.416098,1.666607,-0.089600,0.486000,0.869300,0.003200,0.133500,0.542300,0.828800,0.034500,0.765010,0.105330,1.257070,-0.252472,0.217202,1.327603,-1.461525,-1.105367,-1.738664,-1.808526,-3.194175,0.191246,0.888650,-0.808567,1.871364,1.025872,1.822025,-0.576440,-0.699722,2.191490,1,0,1.0000,1.0000,1,1,0,0,0.0000,0.0000,,,,,7419,124583,816,249,5463,123321,1956,1260,0,2,0.59081,0.10279,0
1786018551.4231,B_right_diagonal_up_left_down_right,B,right,0,,,369,15.2000,345.3000,130.4000,192.5000,149.4000,0.0000,360.0000,343.4000,76.2000,0.0000,133.1000,0.0000,198.4000,0.0000,-0.82800,-0.07000,0.42100,1.66000,0.66000,3.64000,0.03000,0.00400,0.93600,-3.28000,-4.11000,-0.44000,10.3,0.9,1.0,1.0,0.655071,0.338272,1.224881,-0.961179,0.416098,1.666607,-0.089600,0.486000,0.869300,0.003200,0.133500,0.542300,0.828800,0.034500,0.765010,0.105330,1.257070,-0.252472,0.217202,1.327603,-1.461525,-1.105367,-1.738664,-1.808526,-3.194175,0.191246,0.888650,-0.808567,1.871364,1.025872,1.822025,-0.576440,-0.699722,2.191490,1,0,1.0000,1.0000,1,1,0,0,0.0000,0.0000,,,,,7419,124583,816,249,5463,123321,1956,1260,0,2,0.59081,0.10279,0
1786018551.4456,B_right_diagonal_up_left_down_right,B,right,0,,,370,15.2000,345.3000,130.4000,192.5000,149.4000,0.0000,360.0000,343.4000,76.2000,0.0000,133.1000,0.0000,198.4000,0.0000,-0.82800,-0.07000,0.42100,1.66000,0.66000,3.64000,0.03000,0.00400,0.93600,-3.28000,-4.11000,-0.44000,10.9,3.4,1.0,1.0,0.655071,0.338272,1.224881,-0.961179,0.416098,1.666607,-0.089600,0.486000,0.869300,0.003200,0.133500,0.542300,0.828800,0.034500,0.764586,0.106366,1.256631,-0.252472,0.217202,1.327603,-1.473744,-1.114703,-1.729402,-1.796303,-3.188850,0.194439,0.893173,-0.808567,1.871364,1.025872,1.822025,-0.576440,-0.699722,2.191490,1,0,1.0000,1.0000,1,1,0,0,0.0000,0.0000,,,,,7419,8077,816,220,5463,6877,1956,1200,0,0,0.59081,0.10279,0
1786018551.4714,B_right_diagonal_up_left_down_right,B,right,0,,,371,151.2000,345.7000,130.3000,192.6000,149.3000,0.0000,360.0000,343.4000,76.2000,0.0000,133.1000,0.0000,199.1000,0.0000,-0.84600,-0.05000,0.43200,6.35000,3.53000,3.03000,0.04700,0.04000,0.93700,1.08000,-2.63000,0.89000,11.2,2.5,1.0,1.0,0.663962,0.340594,1.209871,-0.961179,0.416098,1.666607,-0.089600,0.486000,0.869300,0.003200,0.133500,0.542300,0.828800,0.034500,0.764586,0.106366,1.256631,-0.252472,0.217202,1.327603,-1.497420,-1.132730,-1.711412,-1.772627,-3.178554,0.200443,0.901878,-0.808567,1.871364,1.025872,1.822025,-0.576440,-0.699722,2.191490,1,0,1.0000,1.0000,1,1,0,0,0.0000,0.0000,,,,,126954,124583,858,249,124696,123321,2258,1260,0,2,0.58513,0.10279,0
1786018551.4876,B_right_diagonal_up_left_down_right,B,right,0,,,372,151.2000,345.7000,130.3000,192.6000,149.3000,0.0000,360.0000,343.4000,76.2000,0.0000,133.1000,0.0000,199.1000,0.0000,-0.84600,-0.05000,0.43200,6.35000,3.53000,3.03000,0.04700,0.04000,0.93700,1.08000,-2.63000,0.89000,11.2,2.5,1.0,1.0,0.663962,0.340594,1.209871,-0.961179,0.416098,1.666607,-0.089600,0.486000,0.869300,0.003200,0.133500,0.542300,0.828800,0.034500,0.764586,0.106366,1.256631,-0.252472,0.217202,1.327603,-1.503160,-1.137101,-1.707051,-1.766888,-3.176058,0.201898,0.903988,-0.808567,1.871364,1.025872,1.822025,-0.576440,-0.699722,2.191490,1,0,1.0000,1.0000,1,1,0,0,0.0000,0.0000,,,,,7420,8077,816,220,5463,6877,1957,1200,0,0,0.58513,0.10279,0
1786018551.5010,B_right_diagonal_up_left_down_right,B,right,0,,,373,151.2000,345.7000,130.4000,192.6000,149.0000,0.0000,360.0000,343.4000,76.2000,0.0000,133.1000,0.0000,199.1000,0.0000,-0.84100,-0.03700,0.43300,1.79000,4.44000,0.60000,0.04700,0.04000,0.93700,1.08000,-2.63000,0.89000,10.0,1.7,1.0,1.0,0.670273,0.342217,1.199377,-0.961179,0.416098,1.666607,-0.089600,0.486000,0.869300,0.003200,0.133500,0.542300,0.828800,0.034500,0.764586,0.106366,1.256631,-0.252472,0.217202,1.327603,-1.502883,-1.136938,-1.707189,-1.767364,3.107049,0.201708,0.903890,-0.808567,1.871364,1.025872,1.822025,-0.576440,-0.699722,2.191490,1,0,1.0000,1.0000,1,1,0,0,0.0000,0.0000,,,,,7420,8077,816,220,5463,6877,1957,1200,0,0,0.58513,0.10279,0
1786018551.5217,B_right_diagonal_up_left_down_right,B,right,0,,,374,151.2000,345.7000,130.4000,192.6000,149.0000,0.0000,360.0000,343.3000,76.2000,0.0000,133.1000,0.0000,198.8000,0.0000,-0.84100,-0.03700,0.43300,1.79000,4.44000,0.60000,0.03500,0.02700,0.91900,2.30000,-3.34000,-1.55000,10.0,1.7,1.0,1.0,0.670273,0.342217,1.199377,-0.961179,0.416098,1.666607,-0.089600,0.486000,0.869300,0.003200,0.133500,0.542300,0.828800,0.034500,0.761904,0.112125,1.254431,-0.252472,0.217202,1.327603,-1.502472,-1.136696,-1.707393,-1.768072,3.106932,0.201424,0.903744,-0.808567,1.871364,1.025872,1.822025,-0.576440,-0.699722,2.191490,1,0,1.0000,1.0000,1,1,0,0,0.0000,0.0000,,,,,126954,124583,858,249,124696,123321,2258,1260,0,2,0.58513,0.10279,0
1786018551.5446,B_right_diagonal_up_left_down_right,B,right,0,,,375,151.2000,345.7000,130.4000,192.6000,149.0000,0.0000,360.0000,343.3000,76.2000,0.0000,133.1000,0.0000,198.8000,0.0000,-0.84100,-0.03700,0.43300,1.79000,4.44000,0.60000,0.03500,0.02700,0.91900,2.30000,-3.34000,-1.55000,10.0,1.7,1.0,1.0,0.670273,0.342217,1.199377,-0.961179,0.416098,1.666607,-0.089600,0.486000,0.869300,0.003200,0.133500,0.542300,0.828800,0.034500,0.761904,0.112125,1.254431,-0.252472,0.217202,1.327603,-1.502195,-1.136533,-1.707532,-1.768550,3.106854,0.201233,0.903645,-0.808567,1.871364,1.025872,1.822025,-0.576440,-0.699722,2.191490,1,0,1.0000,1.0000,1,1,0,0,0.0000,0.0000,,,,,126954,124583,858,249,124696,123321,2258,1260,0,2,0.58513,0.10279,0
1786018551.5691,B_right_diagonal_up_left_down_right,B,right,0,,,376,151.2000,345.7000,130.4000,192.6000,149.0000,0.0000,360.0000,343.3000,76.2000,0.0000,133.1000,0.0000,198.8000,0.0000,-0.84100,-0.03700,0.43300,1.79000,4.44000,0.60000,0.03500,0.02700,0.91900,2.30000,-3.34000,-1.55000,10.0,1.7,1.0,1.0,0.670273,0.342217,1.199377,-0.961179,0.416098,1.666607,-0.089600,0.486000,0.869300,0.003200,0.133500,0.542300,0.828800,0.034500,0.761904,0.112125,1.254431,-0.252472,0.217202,1.327603,-1.502195,-1.136533,-1.707532,-1.768550,3.106854,0.201233,0.903645,-0.808567,1.871364,1.025872,1.822025,-0.576440,-0.699722,2.191490,1,0,1.0000,1.0000,1,1,0,0,0.0000,0.0000,,,,,126954,124583,858,249,124696,123321,2258,1260,0,2,0.58513,0.10279,0
1786018551.5812,B_right_diagonal_up_left_down_right,B,right,0,,,377,151.1000,345.6000,130.4000,192.5000,146.7000,0.0000,360.0000,343.3000,76.2000,0.0000,133.1000,0.0000,198.8000,0.0000,-0.83400,-0.06100,0.44800,0.39000,-1.18000,-0.12000,0.03500,0.02700,0.91900,2.30000,-3.34000,-1.55000,10.0,1.7,1.0,1.0,0.735857,0.039195,1.292586,-0.961179,0.416098,1.666607,-0.089600,0.486000,0.869300,0.003200,0.133500,0.542300,0.828800,0.034500,0.761904,0.112125,1.254431,-0.252472,0.217202,1.327603,-1.502049,-1.136447,-1.707605,-1.768801,3.106812,0.201133,0.903593,-0.808567,1.871364,1.025872,1.822025,-0.576440,-0.699722,2.191490,1,0,1.0000,1.0000,1,1,0,0,0.0000,0.0000,,,,,126955,124583,858,249,124696,123321,2259,1260,0,2,0.58459,0.10279,0
1786018551.6051,B_right_diagonal_up_left_down_right,B,right,0,,,378,151.1000,345.6000,130.4000,192.5000,146.7000,0.0000,360.0000,343.3000,76.2000,0.0000,133.1000,0.0000,198.8000,0.0000,-0.83400,-0.06100,0.44800,0.39000,-1.18000,-0.12000,0.03500,0.02700,0.91900,2.30000,-3.34000,-1.55000,10.0,1.7,1.0,1.0,0.735857,0.039195,1.292586,-0.961179,0.416098,1.666607,-0.089600,0.486000,0.869300,0.003200,0.133500,0.542300,0.828800,0.034500,0.754007,0.126586,1.249734,-0.252472,0.217202,1.327603,-1.501914,-1.136368,-1.707672,-1.769033,3.106774,0.201040,0.903545,-0.808567,1.871364,1.025872,1.822025,-0.576440,-0.699722,2.191490,1,0,1.0000,1.0000,1,1,0,0,0.0000,0.0000,,,,,126955,124583,858,250,124696,123321,2259,1260,0,2,0.58459,0.10279,0
1786018551.6187,B_right_diagonal_up_left_down_right,B,right,0,,,379,151.1000,345.7000,130.4000,192.5000,149.5000,0.0000,360.0000,343.4000,76.3000,0.0000,132.8000,0.0000,198.5000,0.0000,-0.83600,-0.05500,0.41300,2.55000,-2.90000,-0.66000,0.03000,0.01400,0.91500,-3.11000,0.76000,-1.92000,9.5,2.9,1.0,1.0,0.872705,0.347569,1.165141,-0.252466,0.217195,1.327594,-0.089600,0.486000,0.869300,0.003200,0.133500,0.542300,0.828800,0.034500,0.754007,0.126586,1.249734,-0.252472,0.217202,1.327603,-1.501460,-1.136101,-1.707898,-1.769815,3.106645,0.200727,0.903384,-0.808567,1.871364,1.025872,1.822025,-0.576440,-0.699722,2.191490,1,0,1.0000,1.0000,1,1,0,0,0.0000,0.0000,,,,,7421,8077,816,220,5463,6877,1958,1200,0,0,0.58459,0.10279,0
1786018551.6445,B_right_diagonal_up_left_down_right,B,right,0,,,380,151.1000,345.7000,130.5000,192.5000,150.6000,0.0000,360.0000,343.4000,76.3000,0.0000,132.7000,0.0000,198.5000,0.0000,-0.82900,-0.05800,0.40900,2.14000,-2.02000,-0.60000,0.02900,0.01400,0.90500,-2.86000,0.77000,-1.89000,10.3,1.2,1.0,1.0,0.675472,0.343303,1.192167,-0.961179,0.416098,1.666607,-0.089600,0.486000,0.869300,0.003200,0.133500,0.542300,0.828800,0.034500,0.754007,0.126586,1.249734,-0.252472,0.217202,1.327603,-1.501363,-1.136044,-1.707946,-1.769982,3.106618,0.200660,0.903349,-0.808567,1.871364,1.025872,1.822025,-0.576440,-0.699722,2.191490,1,0,1.0000,1.0000,1,1,0,0,0.0000,0.0000,,,,,126956,124583,858,250,124696,123321,2260,1260,0,2,0.58459,0.10279,0
1786018551.6695,B_right_diagonal_up_left_down_right,B,right,0,,,381,151.1000,345.7000,130.5000,192.5000,152.3000,0.0000,360.0000,343.6000,76.6000,0.0000,132.6000,0.0000,198.8000,0.0000,-0.83100,-0.06000,0.40500,1.47000,1.00000,-0.48000,0.02100,-0.00100,0.92000,-2.71000,-0.95000,-1.46000,9.8,1.3,1.0,1.0,0.738668,0.039075,1.292988,-0.047208,0.254795,1.234554,-0.089600,0.486000,0.869300,0.003200,0.133500,0.542300,0.828800,0.034500,0.749479,0.133578,1.247811,-0.252472,0.217202,1.327603,-1.500808,-1.135717,-1.708223,-1.770939,3.106460,0.200277,0.903152,-0.808567,1.871364,1.025872,1.822025,-0.576440,-0.699722,2.191490,1,0,1.0000,1.0000,1,1,0,0,0.0000,0.0000,,,,,7421,124583,816,250,5463,123321,1958,1260,0,2,0.58459,0.10279,0
1786018551.6798,B_right_diagonal_up_left_down_right,B,right,0,,,382,151.1000,345.7000,130.5000,192.5000,151.8000,0.0000,360.0000,343.6000,76.6000,0.0000,132.6000,0.0000,198.8000,0.0000,-0.83000,-0.06600,0.40800,2.15000,1.13000,-0.44000,0.02100,-0.00100,0.92000,-2.71000,-0.95000,-1.46000,10.3,2.5,1.0,1.0,0.876933,0.347398,1.143810,-0.252466,0.217195,1.327594,-0.089600,0.486000,0.869300,0.003200,0.133500,0.542300,0.828800,0.034500,0.749479,0.133578,1.247811,-0.252472,0.217202,1.327603,-1.500621,-1.135607,-1.708316,-1.771260,3.106407,0.200149,0.903086,-0.808567,1.871364,1.025872,1.822025,-0.576440,-0.699722,2.191490,1,0,1.0000,1.0000,1,1,0,0,0.0000,0.0000,,,,,126956,8077,858,221,124696,6877,2260,1200,0,0,0.58459,0.10279,0
1786018551.7071,B_right_diagonal_up_left_down_right,B,right,0,,,383,151.1000,345.7000,130.5000,192.5000,150.9000,0.0000,360.0000,343.6000,76.7000,0.0000,132.6000,0.0000,198.8000,0.0000,-0.81900,-0.06000,0.42300,3.69000,1.66000,0.82000,0.03600,-0.00800,0.93000,-3.43000,-2.00000,-0.76000,10.5,2.4,1.0,1.0,0.677655,0.344118,1.186901,-0.961179,0.416098,1.666607,-0.089600,0.486000,0.869300,0.003200,0.133500,0.542300,0.828800,0.034500,0.749479,0.133578,1.247811,-0.252472,0.217202,1.327603,-1.500352,-1.135449,-1.708450,-1.771724,3.106331,0.199963,0.902990,-0.808567,1.871364,1.025872,1.822025,-0.576440,-0.699722,2.191490,1,0,1.0000,1.0000,1,1,0,0,0.0000,0.0000,,,,,126957,8077,858,221,124697,6877,2260,1200,0,0,0.57425,0.10279,0
1786018551.7184,B_right_diagonal_up_left_down_right,B,right,0,,,384,151.1000,345.7000,130.5000,192.5000,150.4000,0.0000,360.0000,343.6000,76.7000,0.0000,132.6000,0.0000,198.8000,0.0000,-0.81600,-0.05200,0.42600,3.73000,1.36000,1.11000,0.03600,-0.00800,0.93000,-3.43000,-2.00000,-0.76000,10.4,1.8,1.0,1.0,0.878254,0.347342,1.128633,-0.961179,0.416098,1.666607,-0.089600,0.486000,0.869300,0.003200,0.133500,0.542300,0.828800,0.034500,0.749479,0.133578,1.247811,-0.252472,0.217202,1.327603,-1.500141,-1.135324,-1.708556,-1.772088,3.106271,0.199818,0.902915,-0.808567,1.871364,1.025872,1.822025,-0.576440,-0.699722,2.191490,1,0,1.0000,1.0000,1,1,0,0,0.0000,0.0000,,,,,126957,124583,858,250,124697,123321,2260,1260,0,2,0.57425,0.10279,0
1786018551.7392,B_right_diagonal_up_left_down_right,B,right,0,,,385,151.1000,345.7000,130.5000,192.5000,150.4000,0.0000,360.0000,343.6000,76.7000,0.0000,132.6000,0.0000,198.8000,0.0000,-0.81600,-0.05200,0.42600,3.73000,1.36000,1.11000,0.03600,-0.00800,0.93000,-3.43000,-2.00000,-0.76000,10.4,1.8,1.0,1.0,0.878254,0.347342,1.128633,-0.961179,0.416098,1.666607,-0.089600,0.486000,0.869300,0.003200,0.133500,0.542300,0.828800,0.034500,0.749554,0.132904,1.248118,-0.252472,0.217202,1.327603,-1.500141,-1.135324,-1.708556,-1.772088,3.106271,0.199818,0.902915,-0.808567,1.871364,1.025872,1.822025,-0.576440,-0.699722,2.191490,1,0,1.0000,1.0000,1,1,0,0,0.0000,0.0000,,,,,7422,124583,816,250,5464,123321,1958,1260,0,2,0.57425,0.10279,0
1786018551.7730,B_right_diagonal_up_left_down_right,B,right,0,,,386,151.1000,345.7000,130.5000,192.7000,147.7000,0.0000,360.0000,343.6000,76.7000,0.0000,132.6000,0.0000,198.8000,0.0000,-0.82800,-0.06800,0.44600,4.13000,-0.63000,3.13000,0.03600,-0.00800,0.93000,-3.43000,-2.00000,-0.76000,10.4,1.8,1.0,1.0,0.677738,0.344745,1.182995,-0.961179,0.416098,1.666607,-0.089600,0.486000,0.869300,0.003200,0.133500,0.542300,0.828800,0.034500,0.749554,0.132904,1.248118,-0.252472,0.217202,1.327603,-1.500141,-1.135324,-1.708556,-1.772088,3.106271,0.199818,0.902915,-0.808567,1.871364,1.025872,1.822025,-0.576440,-0.699722,2.191490,1,0,1.0000,1.0000,1,1,0,0,0.0000,0.0000,,,,,7422,124583,816,250,5464,123321,1958,1260,0,2,0.57425,0.10279,0
1786018551.7840,B_right_diagonal_up_left_down_right,B,right,0,,,387,151.1000,345.7000,130.5000,192.7000,147.7000,0.0000,360.0000,343.6000,76.7000,0.0000,132.6000,0.0000,198.8000,0.0000,-0.82800,-0.06800,0.44600,4.13000,-0.63000,3.13000,0.04500,0.01500,0.94600,-3.26000,-1.93000,-1.13000,10.4,1.8,1.0,1.0,0.677738,0.344745,1.182995,-0.961179,0.416098,1.666607,-0.089600,0.486000,0.869300,0.003200,0.133500,0.542300,0.828800,0.034500,0.749554,0.132904,1.248118,-0.252472,0.217202,1.327603,-1.500141,-1.135324,-1.708556,-1.772088,3.106271,0.199818,0.902915,-0.808567,1.871364,1.025872,1.822025,-0.576440,-0.699722,2.191490,1,0,1.0000,1.0000,1,1,0,0,0.0000,0.0000,,,,,7422,124583,816,250,5464,123321,1958,1260,0,2,0.57425,0.10279,0
1786018551.8183,B_right_diagonal_up_left_down_right,B,right,0,,,388,151.0000,345.7000,130.5000,192.6000,147.4000,0.0000,360.0000,343.6000,76.8000,0.0000,132.6000,0.0000,198.6000,0.0000,-0.82300,-0.06100,0.44800,4.76000,-0.49000,3.01000,0.05200,0.01700,0.95100,-1.41000,-1.33000,0.25000,10.0,2.4,1.0,1.0,0.877685,0.347343,1.117802,-0.252466,0.217195,1.327594,-0.089600,0.486000,0.869300,0.003200,0.133500,0.542300,0.828800,0.034500,0.749627,0.132228,1.248427,-0.252471,0.217200,1.327602,-1.499153,-1.134744,-1.709048,-1.773788,3.105991,0.199137,0.902564,-0.808567,1.871364,1.025872,1.822025,-0.576440,-0.699722,2.191490,1,0,1.0000,1.0000,1,1,0,0,0.0000,0.0000,,,,,7422,124583,816,251,5464,123321,1958,1260,0,2,0.57425,0.10279,0
1786018551.8215,B_right_diagonal_up_left_down_right,B,right,0,,,389,151.0000,345.7000,130.5000,192.6000,147.4000,0.0000,360.0000,343.6000,76.8000,0.0000,132.6000,0.0000,198.6000,0.0000,-0.82300,-0.06100,0.44800,4.76000,-0.49000,3.01000,0.05200,0.01700,0.95100,-1.41000,-1.33000,0.25000,10.0,2.4,1.0,1.0,0.877685,0.347343,1.117802,-0.252466,0.217195,1.327594,-0.089600,0.486000,0.869300,0.003200,0.133500,0.542300,0.828800,0.034500,0.749627,0.132228,1.248427,-0.252471,0.217200,1.327602,-1.499153,-1.134744,-1.709048,-1.773788,3.105991,0.199137,0.902564,-0.808567,1.871364,1.025872,1.822025,-0.576440,-0.699722,2.191490,1,0,1.0000,1.0000,1,1,0,0,0.0000,0.0000,,,,,7422,124583,816,251,5464,123321,1958,1260,0,2,0.57425,0.10279,0
1786018551.8623,B_right_diagonal_up_left_down_right,B,right,0,,,390,151.0000,345.7000,130.5000,192.6000,147.4000,0.0000,360.0000,343.6000,76.8000,0.0000,132.6000,0.0000,198.6000,0.0000,-0.82300,-0.06100,0.44800,4.76000,-0.49000,3.01000,0.05200,0.01700,0.95100,-1.41000,-1.33000,0.25000,10.0,2.4,1.0,1.0,0.877685,0.347343,1.117802,-0.252466,0.217195,1.327594,-0.089600,0.486000,0.869300,0.003200,0.133500,0.542300,0.828800,0.034500,0.749627,0.132228,1.248427,-0.252471,0.217200,1.327602,-1.499153,-1.134744,-1.709048,-1.773788,3.105991,0.199137,0.902564,-0.808567,1.871364,1.025872,1.822025,-0.576440,-0.699722,2.191490,1,0,1.0000,1.0000,1,1,0,0,0.0000,0.0000,,,,,7422,124583,816,251,5464,123321,1958,1260,0,2,0.57425,0.10279,0
1786018551.8674,B_right_diagonal_up_left_down_right,B,right,0,,,391,151.1000,345.7000,130.5000,192.5000,149.4000,0.0000,360.0000,343.4000,76.6000,0.0000,132.6000,0.0000,198.4000,0.0000,-0.81800,-0.04900,0.43000,-0.14000,5.11000,0.76000,0.03200,0.01100,0.92000,-0.43000,-0.94000,-0.62000,10.2,3.3,1.0,1.0,0.738517,0.039073,1.292951,-0.961179,0.416098,1.666607,-0.089600,0.486000,0.869300,0.003200,0.133500,0.542300,0.828800,0.034500,0.749627,0.132228,1.248427,-0.252471,0.217200,1.327602,-1.498327,-1.134258,-1.709460,-1.775211,3.105757,0.198568,0.902270,-0.808567,1.871364,1.025872,1.822025,-0.576440,-0.699722,2.191490,1,0,1.0000,1.0000,1,1,0,0,0.0000,0.0000,,,,,7422,124584,816,251,5464,123322,1958,1260,0,2,0.57425,0.10279,0
1786018551.9005,B_right_diagonal_up_left_down_right,B,right,0,,,392,151.1000,345.6000,130.6000,192.5000,148.0000,0.0000,360.0000,343.4000,76.7000,0.0000,132.6000,0.0000,198.4000,0.0000,-0.81800,-0.05600,0.43500,0.02000,5.49000,2.02000,0.05200,0.02400,0.93800,-0.18000,-1.06000,0.79000,10.6,2.9,1.0,1.0,0.878120,0.347329,1.110340,-0.047208,0.254795,1.234554,-0.089600,0.486000,0.869300,0.003200,0.133500,0.542300,0.828800,0.034500,0.749697,0.131558,1.248733,-0.252466,0.217195,1.327594,-1.498035,-1.134085,-1.709606,-1.775715,3.105673,0.198367,0.902166,-0.808567,1.871364,1.025872,1.822025,-0.576440,-0.699722,2.191490,1,0,1.0000,1.0000,1,1,0,0,0.0000,0.0000,,,,,126957,8078,858,221,124697,6878,2260,1200,0,0,0.57425,0.10279,0
1786018551.9010,B_right_diagonal_up_left_down_right,B,right,0,,,393,151.1000,345.6000,130.6000,192.5000,148.0000,0.0000,360.0000,343.4000,76.7000,0.0000,132.6000,0.0000,198.4000,0.0000,-0.81800,-0.05600,0.43500,0.02000,5.49000,2.02000,0.05200,0.02400,0.93800,-0.18000,-1.06000,0.79000,10.6,2.9,1.0,1.0,0.878120,0.347329,1.110340,-0.047208,0.254795,1.234554,-0.089600,0.486000,0.869300,0.003200,0.133500,0.542300,0.828800,0.034500,0.749697,0.131558,1.248733,-0.252466,0.217195,1.327594,-1.498035,-1.134085,-1.709606,-1.775715,3.105673,0.198367,0.902166,-0.808567,1.871364,1.025872,1.822025,-0.576440,-0.699722,2.191490,1,0,1.0000,1.0000,1,1,0,0,0.0000,0.0000,,,,,126957,8078,858,221,124697,6878,2260,1200,0,0,0.57425,0.10279,0
1786018551.9198,B_right_diagonal_up_left_down_right,B,right,0,,,394,151.2000,345.6000,130.6000,192.4000,148.9000,0.0000,360.0000,343.4000,76.7000,0.0000,132.7000,0.0000,198.6000,0.0000,-0.82500,-0.05900,0.43200,2.44000,0.79000,2.56000,0.04800,0.03400,0.94600,1.31000,-1.04000,0.35000,10.0,3.2,1.0,1.0,0.878560,0.347332,1.105135,-0.252466,0.217195,1.327594,-0.089600,0.486000,0.869300,0.003200,0.133500,0.542300,0.828800,0.034500,0.749697,0.131558,1.248733,-0.252466,0.217195,1.327594,-1.498776,-1.134730,-1.709167,-1.774974,-3.177196,0.198704,0.902543,-0.808567,1.871364,1.025872,1.822025,-0.576440,-0.699722,2.191490,1,0,1.0000,1.0000,1,1,0,0,0.0000,0.0000,,,,,126957,124584,858,251,124697,123322,2260,1260,0,2,0.57425,0.10279,0
1786018551.9437,B_right_diagonal_up_left_down_right,B,right,0,,,395,151.2000,345.6000,130.6000,192.4000,149.3000,0.0000,360.0000,343.4000,76.8000,0.0000,132.7000,0.0000,198.6000,0.0000,-0.82800,-0.05600,0.41800,2.60000,0.50000,3.02000,0.05100,0.02500,0.93700,1.23000,-1.11000,0.47000,10.0,3.4,1.0,1.0,0.680028,0.345118,1.180612,-0.047208,0.254795,1.234554,-0.089600,0.486000,0.869300,0.003200,0.133500,0.542300,0.828800,0.034500,0.749765,0.130884,1.249041,-0.252468,0.217198,1.327598,-1.500091,-1.135875,-1.708389,-1.773658,-3.176635,0.199302,0.903212,-0.808567,1.871364,1.025872,1.822025,-0.576440,-0.699722,2.191490,1,0,1.0000,1.0000,1,1,0,0,0.0000,0.0000,,,,,126957,124584,858,251,124697,123322,2260,1260,0,2,0.57425,0.10279,0
1786018551.9604,B_right_diagonal_up_left_down_right,B,right,0,,,396,151.2000,345.6000,130.6000,192.4000,149.3000,0.0000,360.0000,343.4000,76.8000,0.0000,132.7000,0.0000,198.6000,0.0000,-0.82800,-0.05600,0.41800,2.60000,0.50000,3.02000,0.05100,0.02500,0.93700,1.23000,-1.11000,0.47000,9.6,2.1,1.0,1.0,0.680028,0.345118,1.180612,-0.961179,0.416098,1.666607,-0.089600,0.486000,0.869300,0.003200,0.133500,0.542300,0.828800,0.034500,0.749765,0.130884,1.249041,-0.252468,0.217198,1.327598,-1.500448,-1.136186,-1.708178,-1.773300,-3.176483,0.199465,0.903394,-0.808567,1.871364,1.025872,1.822025,-0.576440,-0.699722,2.191490,1,0,1.0000,1.0000,1,1,0,0,0.0000,0.0000,,,,,7422,8078,817,222,5464,6878,1958,1200,0,0,0.57425,0.10279,0
1786018551.9880,B_right_diagonal_up_left_down_right,B,right,0,,,397,151.2000,345.6000,130.6000,192.4000,149.3000,0.0000,360.0000,343.4000,76.8000,0.0000,132.7000,0.0000,198.6000,0.0000,-0.82800,-0.05600,0.41800,2.60000,0.50000,3.02000,0.05100,0.02500,0.93700,1.23000,-1.11000,0.47000,9.6,2.1,1.0,1.0,0.680028,0.345118,1.180612,-0.961179,0.416098,1.666607,-0.089600,0.486000,0.869300,0.003200,0.133500,0.542300,0.828800,0.034500,0.749765,0.130884,1.249041,-0.252468,0.217198,1.327598,-1.501496,-1.137098,-1.707558,-1.772251,-3.176036,0.199942,0.903927,-0.808567,1.871364,1.025872,1.822025,-0.576440,-0.699722,2.191490,1,0,1.0000,1.0000,1,1,0,0,0.0000,0.0000,,,,,126957,124584,859,251,124697,123322,2260,1260,0,2,0.57425,0.10279,0
1786018552.0470,B_right_diagonal_up_left_down_right,B,right,0,,,398,151.2000,345.6000,130.6000,192.4000,149.3000,0.0000,360.0000,343.4000,76.8000,0.0000,132.7000,0.0000,198.6000,0.0000,-0.82800,-0.05600,0.41800,2.60000,0.50000,3.02000,0.05100,0.02500,0.93700,1.23000,-1.11000,0.47000,10.3,2.3,1.0,1.0,0.680028,0.345118,1.180612,-0.961179,0.416098,1.666607,-0.089600,0.486000,0.869300,0.003200,0.133500,0.542300,0.828800,0.034500,0.749831,0.130211,1.249349,-0.252472,0.217202,1.327604,-1.502133,-1.137652,-1.707181,-1.771614,-3.175765,0.200232,0.904251,-0.808567,1.871364,1.025872,1.822025,-0.576440,-0.699722,2.191490,1,0,1.0000,1.0000,1,1,0,0,0.0000,0.0000,,,,,7422,124584,817,251,5464,123322,1958,1260,0,2,0.57425,0.10279,0
1786018552.0556,B_right_diagonal_up_left_down_right,B,right,0,,,399,151.2000,345.6000,130.6000,192.4000,149.3000,0.0000,360.0000,343.4000,76.8000,0.0000,132.7000,0.0000,198.6000,0.0000,-0.82800,-0.05600,0.41800,2.60000,0.50000,3.02000,0.05100,0.02500,0.93700,1.23000,-1.11000,0.47000,10.3,2.3,1.0,1.0,0.680028,0.345118,1.180612,-0.961179,0.416098,1.666607,-0.089600,0.486000,0.869300,0.003200,0.133500,0.542300,0.828800,0.034500,0.749831,0.130211,1.249349,-0.252472,0.217202,1.327604,-1.502133,-1.137652,-1.707181,-1.771614,-3.175765,0.200232,0.904251,-0.808567,1.871364,1.025872,1.822025,-0.576440,-0.699722,2.191490,1,0,1.0000,1.0000,1,1,0,0,0.0000,0.0000,,,,,7422,124584,817,251,5464,123322,1958,1260,0,2,0.57425,0.10279,0
1786018552.0561,B_right_diagonal_up_left_down_right,B,right,0,,,400,151.2000,345.6000,130.6000,192.4000,149.3000,0.0000,360.0000,343.4000,76.8000,0.0000,132.7000,0.0000,198.6000,0.0000,-0.82800,-0.05600,0.41800,2.60000,0.50000,3.02000,0.05100,0.02500,0.93700,1.23000,-1.11000,0.47000,10.3,2.3,1.0,1.0,0.680028,0.345118,1.180612,-0.961179,0.416098,1.666607,-0.089600,0.486000,0.869300,0.003200,0.133500,0.542300,0.828800,0.034500,0.749831,0.130211,1.249349,-0.252472,0.217202,1.327604,-1.502133,-1.137652,-1.707181,-1.771614,-3.175765,0.200232,0.904251,-0.808567,1.871364,1.025872,1.822025,-0.576440,-0.699722,2.191490,1,0,1.0000,1.0000,1,1,0,0,0.0000,0.0000,,,,,7422,124584,817,251,5464,123322,1958,1260,0,2,0.57425,0.10279,0
1786018552.0583,B_right_diagonal_up_left_down_right,B,right,0,,,401,151.2000,345.6000,130.6000,192.4000,149.3000,0.0000,360.0000,343.4000,76.8000,0.0000,132.7000,0.0000,198.6000,0.0000,-0.82800,-0.05600,0.41800,2.60000,0.50000,3.02000,0.05100,0.02500,0.93700,1.23000,-1.11000,0.47000,10.3,2.3,1.0,1.0,0.680028,0.345118,1.180612,-0.961179,0.416098,1.666607,-0.089600,0.486000,0.869300,0.003200,0.133500,0.542300,0.828800,0.034500,0.749831,0.130211,1.249349,-0.252472,0.217202,1.327604,-1.502133,-1.137652,-1.707181,-1.771614,-3.175765,0.200232,0.904251,-0.808567,1.871364,1.025872,1.822025,-0.576440,-0.699722,2.191490,1,0,1.0000,1.0000,1,1,0,0,0.0000,0.0000,,,,,7422,124584,817,251,5464,123322,1958,1260,0,2,0.57425,0.10279,0
1786018552.0842,B_right_diagonal_up_left_down_right,B,right,0,,,402,151.2000,345.6000,130.5000,192.4000,150.6000,0.0000,360.0000,343.4000,76.9000,0.0000,132.6000,0.0000,198.6000,0.0000,-0.84600,-0.04900,0.42800,4.27000,4.16000,0.02000,0.04400,0.02600,0.92200,-1.66000,-1.40000,0.62000,10.2,1.9,1.0,1.0,0.681732,0.345376,1.178959,-0.961179,0.416098,1.666607,-0.089600,0.486000,0.869300,0.003200,0.133500,0.542300,0.828800,0.034500,0.749831,0.130211,1.249349,-0.252472,0.217202,1.327604,-1.548880,-1.177578,-1.680738,-1.724867,-3.157155,0.231159,0.928947,-0.808567,1.871364,1.025872,1.822025,-0.576440,-0.699722,2.191490,1,0,1.0000,1.0000,1,1,0,0,0.0000,0.0000,,,,,7422,124584,817,251,5464,123322,1958,1260,0,2,0.57425,0.10279,0
1786018552.1007,B_right_diagonal_up_left_down_right,B,right,0,,,403,151.2000,345.6000,130.5000,192.4000,150.6000,0.0000,360.0000,343.4000,76.9000,0.0000,132.6000,0.0000,198.6000,0.0000,-0.84600,-0.04900,0.42800,4.27000,4.16000,0.02000,0.04400,0.02600,0.92200,-1.66000,-1.40000,0.62000,10.5,1.2,1.0,1.0,0.681732,0.345376,1.178959,-0.961179,0.416098,1.666607,-0.089600,0.486000,0.869300,0.003200,0.133500,0.542300,0.828800,0.034500,0.749894,0.129541,1.249657,-0.252472,0.217202,1.327604,-1.561918,-1.188605,-1.673479,-1.711830,-3.152086,0.240491,0.935869,-0.808567,1.871364,1.025872,1.822025,-0.576440,-0.699722,2.191490,1,0,1.0000,1.0000,1,1,0,0,0.0000,0.0000,,,,,126957,8080,859,222,124697,6880,2260,1200,0,0,0.57425,0.10278,0
1786018552.1394,B_right_diagonal_up_left_down_right,B,right,0,,,404,151.2000,345.6000,130.5000,192.5000,146.7000,0.0000,360.0000,343.4000,77.0000,0.0000,132.5000,0.0000,198.7000,0.0000,-0.82600,-0.06300,0.44600,2.00000,-3.09000,1.27000,0.06200,0.01100,0.92800,-2.89000,-0.53000,-1.63000,9.6,1.9,1.0,1.0,0.738332,0.039094,1.292943,-0.047208,0.254795,1.234554,-0.089600,0.486000,0.869300,0.003200,0.133500,0.542300,0.828800,0.034500,0.749894,0.129541,1.249657,-0.252472,0.217202,1.327604,-1.565683,-1.191932,-1.671351,-1.708463,3.132629,0.243202,0.937958,-0.808567,1.871364,1.025872,1.822025,-0.576440,-0.699722,2.191490,1,0,1.0000,1.0000,1,1,0,0,0.0000,0.0000,,,,,7422,124584,817,251,5464,123322,1958,1260,0,2,0.57425,0.10279,0
1786018552.1402,B_right_diagonal_up_left_down_right,B,right,0,,,405,151.2000,345.6000,130.5000,192.5000,146.7000,0.0000,360.0000,343.4000,77.0000,0.0000,132.5000,0.0000,198.7000,0.0000,-0.82600,-0.06300,0.44600,2.00000,-3.09000,1.27000,0.06200,0.01100,0.92800,-2.89000,-0.53000,-1.63000,9.6,1.9,1.0,1.0,0.738332,0.039094,1.292943,-0.047208,0.254795,1.234554,-0.089600,0.486000,0.869300,0.003200,0.133500,0.542300,0.828800,0.034500,0.749894,0.129541,1.249657,-0.252472,0.217202,1.327604,-1.565683,-1.191932,-1.671351,-1.708463,3.132629,0.243202,0.937958,-0.808567,1.871364,1.025872,1.822025,-0.576440,-0.699722,2.191490,1,0,1.0000,1.0000,1,1,0,0,0.0000,0.0000,,,,,7422,124584,817,251,5464,123322,1958,1260,0,2,0.57425,0.10279,0
1786018552.1778,B_right_diagonal_up_left_down_right,B,right,0,,,406,151.2000,345.6000,130.5000,192.5000,146.7000,0.0000,360.0000,343.4000,77.0000,0.0000,132.5000,0.0000,198.7000,0.0000,-0.82600,-0.06300,0.44600,2.00000,-3.09000,1.27000,0.06900,0.05400,0.94500,-0.55000,-0.84000,-0.31000,9.8,1.6,1.0,1.0,0.738332,0.039094,1.292943,-0.047208,0.254795,1.234554,-0.089600,0.486000,0.869300,0.003200,0.133500,0.542300,0.828800,0.034500,0.749957,0.128838,1.249979,-0.252472,0.217202,1.327604,-1.564881,-1.191398,-1.671765,-1.709666,3.132383,0.242644,0.937623,-0.808721,1.871637,1.026174,1.822029,-0.576229,-0.699512,2.190934,1,0,1.0000,1.0000,1,1,0,0,0.0000,0.0000,,,,,126957,8080,859,222,124697,6880,2260,1200,0,0,0.57425,0.10278,0
1786018552.1784,B_right_diagonal_up_left_down_right,B,right,0,,,407,151.2000,345.6000,130.5000,192.5000,146.7000,0.0000,360.0000,343.4000,77.0000,0.0000,132.5000,0.0000,198.7000,0.0000,-0.82600,-0.06300,0.44600,2.00000,-3.09000,1.27000,0.06900,0.05400,0.94500,-0.55000,-0.84000,-0.31000,9.8,1.6,1.0,1.0,0.738332,0.039094,1.292943,-0.047208,0.254795,1.234554,-0.089600,0.486000,0.869300,0.003200,0.133500,0.542300,0.828800,0.034500,0.749957,0.128838,1.249979,-0.252472,0.217202,1.327604,-1.564881,-1.191398,-1.671765,-1.709666,3.132383,0.242644,0.937623,-0.808721,1.871637,1.026174,1.822029,-0.576229,-0.699512,2.190934,1,0,1.0000,1.0000,1,1,0,0,0.0000,0.0000,,,,,126957,8080,859,222,124697,6880,2260,1200,0,0,0.57425,0.10278,0
1786018552.2004,B_right_diagonal_up_left_down_right,B,right,0,,,408,151.2000,345.6000,130.5000,192.5000,146.7000,0.0000,360.0000,343.4000,77.0000,0.0000,132.5000,0.0000,198.7000,0.0000,-0.82600,-0.06300,0.44600,2.00000,-3.09000,1.27000,0.06900,0.05400,0.94500,-0.55000,-0.84000,-0.31000,10.2,1.8,1.0,1.0,0.738332,0.039094,1.292943,-0.047208,0.254795,1.234554,-0.089600,0.486000,0.869300,0.003200,0.133500,0.542300,0.828800,0.034500,0.749957,0.128838,1.249979,-0.252472,0.217202,1.327604,-1.564289,-1.191003,-1.672071,-1.710555,3.132202,0.242232,0.937376,-0.808827,1.871824,1.026380,1.822032,-0.576085,-0.699369,2.190556,1,0,1.0000,1.0000,1,1,0,0,0.0000,0.0000,,,,,126957,8080,859,222,124697,6880,2260,1200,0,0,0.57425,0.10278,0
1786018552.2193,B_right_diagonal_up_left_down_right,B,right,0,,,409,151.2000,345.6000,130.5000,192.5000,146.7000,0.0000,360.0000,343.4000,77.0000,0.0000,132.5000,0.0000,198.7000,0.0000,-0.82600,-0.06300,0.44600,2.00000,-3.09000,1.27000,0.06900,0.05400,0.94500,-0.55000,-0.84000,-0.31000,10.2,1.8,1.0,1.0,0.738332,0.039094,1.292943,-0.047208,0.254795,1.234554,-0.089600,0.486000,0.869300,0.003200,0.133500,0.542300,0.828800,0.034500,0.749957,0.128838,1.249979,-0.252472,0.217202,1.327604,-1.563826,-1.190694,-1.672311,-1.711250,3.132060,0.241910,0.937182,-0.808827,1.871824,1.026380,1.822032,-0.576085,-0.699369,2.190556,1,0,1.0000,1.0000,1,1,0,0,0.0000,0.0000,,,,,126957,8080,859,222,124697,6880,2260,1200,0,0,0.57425,0.10278,0
1786018552.2505,B_right_diagonal_up_left_down_right,B,right,0,,,410,151.2000,345.6000,130.5000,192.5000,146.7000,0.0000,360.0000,343.4000,77.0000,0.0000,132.5000,0.0000,198.7000,0.0000,-0.82600,-0.06300,0.44600,2.00000,-3.09000,1.27000,0.06900,0.05400,0.94500,-0.55000,-0.84000,-0.31000,10.5,2.1,1.0,1.0,0.738332,0.039094,1.292943,-0.047208,0.254795,1.234554,-0.089600,0.486000,0.869300,0.003200,0.133500,0.542300,0.828800,0.034500,0.750014,0.128192,1.250276,-0.252472,0.217202,1.327604,-1.563293,-1.190338,-1.672586,-1.712051,3.131896,0.241539,0.936960,-0.808827,1.871824,1.026380,1.822032,-0.576085,-0.699369,2.190556,1,0,1.0000,1.0000,1,1,0,0,0.0000,0.0000,,,,,7422,8080,818,222,5464,6880,1958,1200,0,0,0.57425,0.10278,0
1786018552.2633,B_right_diagonal_up_left_down_right,B,right,0,,,411,151.2000,345.6000,130.5000,192.5000,146.7000,0.0000,360.0000,343.4000,77.0000,0.0000,132.5000,0.0000,198.7000,0.0000,-0.82600,-0.06300,0.44600,2.00000,-3.09000,1.27000,0.06900,0.05400,0.94500,-0.55000,-0.84000,-0.31000,10.5,2.1,1.0,1.0,0.738332,0.039094,1.292943,-0.047208,0.254795,1.234554,-0.089600,0.486000,0.869300,0.003200,0.133500,0.542300,0.828800,0.034500,0.750014,0.128192,1.250276,-0.252472,0.217202,1.327604,-1.563293,-1.190338,-1.672586,-1.712051,3.131896,0.241539,0.936960,-0.808827,1.871824,1.026380,1.822032,-0.576085,-0.699369,2.190556,1,0,1.0000,1.0000,1,1,0,0,0.0000,0.0000,,,,,7422,8080,818,222,5464,6880,1958,1200,0,0,0.57425,0.10278,0
1786018552.3480,B_right_diagonal_up_left_down_right,B,right,0,,,412,151.2000,345.7000,130.6000,192.4000,147.4000,0.0000,360.0000,343.4000,77.1000,0.0000,132.6000,0.0000,198.9000,0.0000,-0.81400,-0.06000,0.44300,2.60000,1.53000,3.63000,0.04900,0.02300,0.94600,-0.99000,0.29000,0.39000,10.2,1.6,1.0,1.0,0.878516,0.347338,1.098883,-0.961179,0.416098,1.666607,-0.089600,0.486000,0.869300,0.003200,0.133500,0.542300,0.828800,0.034500,0.750014,0.128192,1.250276,-0.252472,0.217202,1.327604,-1.562296,-1.189674,-1.673101,-1.713547,3.131591,0.240845,0.936543,-0.809021,1.872144,1.026704,1.822045,-0.575878,-0.699140,2.189940,1,0,1.0000,1.0000,1,1,0,0,0.0000,0.0000,,,,,126957,124585,860,252,124697,123323,2260,1260,0,2,0.57425,0.10279,0
1786018552.3553,B_right_diagonal_up_left_down_right,B,right,0,,,413,151.2000,345.7000,130.6000,192.4000,147.4000,0.0000,360.0000,343.4000,77.1000,0.0000,132.6000,0.0000,198.9000,0.0000,-0.81400,-0.06000,0.44300,2.60000,1.53000,3.63000,0.04900,0.02300,0.94600,-0.99000,0.29000,0.39000,10.2,1.6,1.0,1.0,0.878516,0.347338,1.098883,-0.961179,0.416098,1.666607,-0.089600,0.486000,0.869300,0.003200,0.133500,0.542300,0.828800,0.034500,0.750014,0.128192,1.250276,-0.252472,0.217202,1.327604,-1.562296,-1.189674,-1.673101,-1.713547,3.131591,0.240845,0.936543,-0.809021,1.872144,1.026704,1.822045,-0.575878,-0.699140,2.189940,1,0,1.0000,1.0000,1,1,0,0,0.0000,0.0000,,,,,126957,124585,860,252,124697,123323,2260,1260,0,2,0.57425,0.10279,0
1786018552.3638,B_right_diagonal_up_left_down_right,B,right,0,,,414,151.2000,345.7000,130.6000,192.4000,147.2000,0.0000,360.0000,343.4000,77.1000,0.0000,132.6000,0.0000,198.9000,0.0000,-0.81800,-0.06300,0.44300,2.66000,0.44000,3.79000,0.04900,0.02300,0.94600,-0.99000,0.29000,0.39000,10.2,1.6,1.0,1.0,0.736938,0.039155,1.292762,-0.961179,0.416098,1.666607,-0.089600,0.486000,0.869300,0.003200,0.133500,0.542300,0.828800,0.034500,0.750072,0.127497,1.250595,-0.252472,0.217203,1.327604,-1.562296,-1.189674,-1.673101,-1.713547,3.131591,0.240845,0.936543,-0.809021,1.872144,1.026704,1.822045,-0.575878,-0.699140,2.189940,1,0,1.0000,1.0000,1,1,0,0,0.0000,0.0000,,,,,7422,124585,818,252,5464,123323,1958,1260,0,2,0.57425,0.10279,0
1786018552.3655,B_right_diagonal_up_left_down_right,B,right,0,,,415,151.2000,345.7000,130.6000,192.4000,147.2000,0.0000,360.0000,343.4000,77.1000,0.0000,132.6000,0.0000,198.9000,0.0000,-0.81800,-0.06300,0.44300,2.66000,0.44000,3.79000,0.04900,0.02300,0.94600,-0.99000,0.29000,0.39000,10.2,1.6,1.0,1.0,0.736938,0.039155,1.292762,-0.961179,0.416098,1.666607,-0.089600,0.486000,0.869300,0.003200,0.133500,0.542300,0.828800,0.034500,0.750072,0.127497,1.250595,-0.252472,0.217203,1.327604,-1.562296,-1.189674,-1.673101,-1.713547,3.131591,0.240845,0.936543,-0.809021,1.872144,1.026704,1.822045,-0.575878,-0.699140,2.189940,1,0,1.0000,1.0000,1,1,0,0,0.0000,0.0000,,,,,7422,124585,818,252,5464,123323,1958,1260,0,2,0.57425,0.10279,0
1786018552.3688,B_right_diagonal_up_left_down_right,B,right,0,,,416,151.2000,345.7000,130.6000,192.4000,147.2000,0.0000,360.0000,343.4000,77.1000,0.0000,132.3000,0.0000,199.0000,0.0000,-0.81800,-0.06300,0.44300,2.66000,0.44000,3.79000,0.04200,0.02600,0.95800,-0.74000,-0.15000,0.32000,10.4,2.2,1.0,1.0,0.736938,0.039155,1.292762,-0.047208,0.254795,1.234554,-0.089600,0.486000,0.869300,0.003200,0.133500,0.542300,0.828800,0.034500,0.750072,0.127497,1.250595,-0.252472,0.217203,1.327604,-1.561503,-1.189145,-1.673511,-1.714737,3.131348,0.240293,0.936212,-0.809071,1.872225,1.026786,1.822049,-0.575826,-0.699082,2.189785,1,0,1.0000,1.0000,1,1,0,0,0.0000,0.0000,,,,,7422,8080,818,223,5464,6880,1958,1200,0,0,0.57425,0.10278,0
1786018552.3871,B_right_diagonal_up_left_down_right,B,right,0,,,417,151.2000,345.7000,130.7000,192.2000,148.1000,0.0000,360.0000,343.4000,77.2000,0.0000,132.5000,0.0000,199.1000,0.0000,-0.82800,-0.06700,0.44300,4.18000,-1.19000,3.40000,0.05700,0.03100,0.94600,0.81000,-1.04000,-1.64000,10.4,2.1,1.0,1.0,0.737135,0.039154,1.292784,-0.047208,0.254795,1.234554,-0.089600,0.486000,0.869300,0.003200,0.133500,0.542300,0.828800,0.034500,0.750124,0.126841,1.250896,-0.252472,0.217203,1.327604,-1.561093,-1.188871,-1.673723,-1.715354,3.131222,0.240007,0.936041,-0.809071,1.872225,1.026786,1.822049,-0.575826,-0.699082,2.189785,1,0,1.0000,1.0000,0,1,1,0,0.0451,0.0000,,,,,7422,124585,818,252,5464,123323,1958,1260,0,2,0.57425,0.10279,0
1786018552.4032,B_right_diagonal_up_left_down_right,B,right,0,,,418,151.2000,345.7000,130.6000,192.3000,148.9000,0.0000,360.0000,343.6000,77.6000,0.0000,132.5000,0.0000,198.8000,0.0000,-0.83900,-0.06100,0.43400,3.50000,0.21000,2.63000,0.04700,0.02200,0.93500,0.40000,0.42000,-2.54000,9.5,2.0,1.0,1.0,0.879266,0.347331,1.095950,-0.961179,0.416098,1.666607,-0.089600,0.486000,0.869300,0.003200,0.133500,0.542300,0.828800,0.034500,0.750124,0.126841,1.250896,-0.252472,0.217203,1.327604,-1.560707,-1.188614,-1.673922,-1.715932,3.131104,0.239739,0.935880,-0.809071,1.872225,1.026786,1.822049,-0.575826,-0.699082,2.189785,1,0,1.0000,1.0000,1,1,0,0,0.0000,0.0000,,,,,7422,8081,818,223,5464,6881,1958,1200,0,0,0.57425,0.10279,0
1786018552.4339,B_right_diagonal_up_left_down_right,B,right,0,,,419,151.2000,345.7000,130.6000,192.3000,148.9000,0.0000,360.0000,343.6000,77.6000,0.0000,132.5000,0.0000,198.8000,0.0000,-0.83900,-0.06100,0.43400,3.50000,0.21000,2.63000,0.04700,0.02200,0.93500,0.40000,0.42000,-2.54000,9.5,2.0,1.0,1.0,0.879266,0.347331,1.095950,-0.961179,0.416098,1.666607,-0.089600,0.486000,0.869300,0.003200,0.133500,0.542300,0.828800,0.034500,0.750124,0.126841,1.250896,-0.252472,0.217203,1.327604,-1.560707,-1.188614,-1.673922,-1.715932,3.131104,0.239739,0.935880,-0.809071,1.872225,1.026786,1.822049,-0.575826,-0.699082,2.189785,1,0,1.0000,1.0000,1,1,0,0,0.0000,0.0000,,,,,7422,8081,818,223,5464,6881,1958,1200,0,0,0.57425,0.10279,0
1786018552.4581,B_right_diagonal_up_left_down_right,B,right,0,,,420,151.2000,345.7000,130.6000,192.4000,149.4000,0.0000,360.0000,343.6000,77.7000,0.0000,132.5000,0.0000,198.9000,0.0000,-0.83000,-0.05800,0.42800,1.99000,3.67000,1.65000,0.03900,0.01700,0.92500,0.69000,0.59000,-3.01000,9.4,2.0,1.0,1.0,0.737719,0.039137,1.292876,-0.047208,0.254795,1.234554,-0.089600,0.486000,0.869300,0.003200,0.133500,0.542300,0.828800,0.034500,0.750124,0.126841,1.250896,-0.252472,0.217203,1.327604,-1.560303,-1.188345,-1.674131,-1.716539,3.130980,0.239458,0.935711,-0.809114,1.872307,1.026884,1.822047,-0.575752,-0.699015,2.189608,1,0,1.0000,1.0000,1,1,0,0,0.0000,0.0000,,,,,126957,124586,860,252,124697,123324,2260,1260,0,2,0.57425,0.10279,0
1786018552.4653,B_right_diagonal_up_left_down_right,B,right,0,,,421,151.2000,345.7000,130.6000,192.4000,149.4000,0.0000,360.0000,343.6000,77.7000,0.0000,132.5000,0.0000,198.9000,0.0000,-0.83000,-0.05800,0.42800,1.99000,3.67000,1.65000,0.03900,0.01700,0.92500,0.69000,0.59000,-3.01000,9.4,2.0,1.0,1.0,0.737719,0.039137,1.292876,-0.047208,0.254795,1.234554,-0.089600,0.486000,0.869300,0.003200,0.133500,0.542300,0.828800,0.034500,0.750175,0.126174,1.251204,-0.252469,0.217198,1.327598,-1.560303,-1.188345,-1.674131,-1.716539,3.130980,0.239458,0.935711,-0.809114,1.872307,1.026884,1.822047,-0.575752,-0.699015,2.189608,1,0,1.0000,1.0000,1,1,0,0,0.0000,0.0000,,,,,126957,124586,860,252,124697,123324,2260,1260,0,2,0.57425,0.10279,0
1786018552.5029,B_right_diagonal_up_left_down_right,B,right,0,,,422,15.9000,345.6000,130.6000,192.5000,148.2000,0.0000,360.0000,343.5000,77.9000,0.0000,132.6000,0.0000,199.0000,0.0000,-0.81700,-0.05800,0.43800,1.44000,2.38000,1.35000,0.03400,0.03400,0.92500,-0.47000,0.25000,-0.27000,9.2,1.1,1.0,1.0,0.880027,0.347289,1.095166,-0.252466,0.217195,1.327594,-0.089600,0.486000,0.869300,0.003200,0.133500,0.542300,0.828800,0.034500,0.750175,0.126174,1.251204,-0.252469,0.217198,1.327598,-1.559175,-1.187592,-1.674714,-1.718233,3.130634,0.238673,0.935240,-0.809286,1.872634,1.027276,1.822043,-0.575458,-0.698747,2.188907,1,0,1.0000,1.0000,1,1,0,0,0.0000,0.0000,,,,,126957,8082,860,223,124697,6882,2260,1200,0,0,0.57425,0.10279,0
1786018552.5039,B_right_diagonal_up_left_down_right,B,right,0,,,423,15.9000,345.6000,130.6000,192.5000,148.2000,0.0000,360.0000,343.5000,77.9000,0.0000,132.6000,0.0000,199.0000,0.0000,-0.81700,-0.05800,0.43800,1.44000,2.38000,1.35000,0.03400,0.03400,0.92500,-0.47000,0.25000,-0.27000,9.2,1.1,1.0,1.0,0.880027,0.347289,1.095166,-0.252466,0.217195,1.327594,-0.089600,0.486000,0.869300,0.003200,0.133500,0.542300,0.828800,0.034500,0.750175,0.126174,1.251204,-0.252469,0.217198,1.327598,-1.559175,-1.187592,-1.674714,-1.718233,3.130634,0.238673,0.935240,-0.809286,1.872634,1.027276,1.822043,-0.575458,-0.698747,2.188907,1,0,1.0000,1.0000,1,1,0,0,0.0000,0.0000,,,,,126957,8082,860,223,124697,6882,2260,1200,0,0,0.57425,0.10279,0
1786018552.5286,B_right_diagonal_up_left_down_right,B,right,0,,,424,151.1000,345.7000,130.6000,192.5000,149.0000,0.0000,360.0000,343.5000,77.9000,0.0000,132.6000,0.0000,199.0000,0.0000,-0.82400,-0.06200,0.41800,1.63000,0.95000,3.24000,0.04200,0.03400,0.91700,0.43000,0.59000,-1.31000,9.4,1.1,1.0,1.0,0.879460,0.347302,1.094471,-0.252466,0.217195,1.327594,-0.089600,0.486000,0.869300,0.003200,0.133500,0.542300,0.828800,0.034500,0.750224,0.125512,1.251509,-0.252466,0.217195,1.327594,-1.558713,-1.187285,-1.674953,-1.718926,3.130493,0.238351,0.935047,-0.809286,1.872635,1.027277,1.822043,-0.575457,-0.698746,2.188904,1,0,1.0000,1.0000,0,1,1,0,0.0743,0.0000,,,,,126957,124586,860,252,124697,123324,2260,1260,0,2,0.57425,0.10279,0
1786018552.5410,B_right_diagonal_up_left_down_right,B,right,0,,,425,151.1000,345.7000,130.6000,192.5000,149.0000,0.0000,360.0000,343.5000,77.9000,0.0000,132.6000,0.0000,199.0000,0.0000,-0.82400,-0.06200,0.41800,1.63000,0.95000,3.24000,0.04200,0.03400,0.91700,0.43000,0.59000,-1.31000,9.4,1.1,1.0,1.0,0.879460,0.347302,1.094471,-0.252466,0.217195,1.327594,-0.089600,0.486000,0.869300,0.003200,0.133500,0.542300,0.828800,0.034500,0.750224,0.125512,1.251509,-0.252466,0.217195,1.327594,-1.558713,-1.187285,-1.674953,-1.718926,3.130493,0.238351,0.935047,-0.809286,1.872635,1.027277,1.822043,-0.575457,-0.698746,2.188904,1,0,1.0000,1.0000,0,1,1,0,0.0743,0.0000,,,,,126957,124586,860,252,124697,123324,2260,1260,0,2,0.57425,0.10279,0
1786018552.5618,B_right_diagonal_up_left_down_right,B,right,0,,,426,151.1000,345.7000,130.6000,192.5000,149.6000,0.0000,360.0000,343.5000,77.9000,0.0000,132.6000,0.0000,199.1000,0.0000,-0.83000,-0.06400,0.42400,2.27000,1.83000,4.16000,0.04900,0.02900,0.93500,-1.92000,-0.47000,-0.52000,9.5,0.8,1.0,1.0,0.881255,0.347223,1.093953,-0.252466,0.217195,1.327594,-0.089600,0.486000,0.869300,0.003200,0.133500,0.542300,0.828800,0.034500,0.750224,0.125512,1.251509,-0.252466,0.217195,1.327594,-1.558245,-1.186973,-1.675194,-1.719628,3.130350,0.238026,0.934852,-0.809287,1.872636,1.027278,1.822043,-0.575456,-0.698745,2.188903,1,0,1.0000,1.0000,1,1,0,0,0.0000,0.0000,,,,,7422,8082,818,223,5464,6882,1958,1200,0,0,0.57425,0.10279,0
1786018552.5871,B_right_diagonal_up_left_down_right,B,right,0,,,427,151.1000,345.7000,130.5000,192.5000,149.4000,0.0000,360.0000,343.5000,77.9000,0.0000,132.6000,0.0000,199.1000,0.0000,-0.83700,-0.06800,0.41900,2.78000,1.63000,3.41000,0.04700,0.01600,0.92800,-2.34000,-0.19000,-0.69000,10.3,1.5,1.0,1.0,0.882469,0.347174,1.093908,-0.961179,0.416098,1.666607,-0.089600,0.486000,0.869300,0.003200,0.133500,0.542300,0.828800,0.034500,0.750224,0.125512,1.251509,-0.252466,0.217195,1.327594,-1.557719,-1.186622,-1.675466,-1.720419,3.130188,0.237660,0.934632,-0.809287,1.872636,1.027278,1.822043,-0.575456,-0.698745,2.188903,1,0,1.0000,1.0000,1,1,0,0,0.0000,0.0000,,,,,126957,124586,860,252,124697,123324,2260,1260,0,2,0.57425,0.10279,0
1786018552.6311,B_right_diagonal_up_left_down_right,B,right,0,,,428,151.4000,345.7000,130.5000,192.5000,149.5000,0.0000,360.0000,343.5000,77.9000,0.0000,132.4000,0.0000,199.2000,0.0000,-0.83700,-0.06100,0.42800,3.05000,0.79000,1.42000,0.06200,0.03900,0.94000,-1.96000,-0.74000,-1.55000,10.2,1.1,1.0,1.0,0.882629,0.347226,1.093772,-0.047208,0.254795,1.234554,-0.089600,0.486000,0.869300,0.003200,0.133500,0.542300,0.828800,0.034500,0.750271,0.124846,1.251816,-0.252466,0.217195,1.327594,-1.557322,-1.186357,-1.675671,-1.721014,3.130067,0.237384,0.934466,-0.809287,1.872636,1.027278,1.822043,-0.575456,-0.698745,2.188903,1,0,1.0000,1.0000,1,1,0,0,0.0000,0.0000,,,,,126957,8082,861,223,124697,6882,2260,1200,0,0,0.57425,0.10279,0
1786018552.6375,B_right_diagonal_up_left_down_right,B,right,0,,,429,151.4000,345.7000,130.5000,192.5000,149.5000,0.0000,360.0000,343.5000,77.9000,0.0000,132.4000,0.0000,199.2000,0.0000,-0.83700,-0.06100,0.42800,3.05000,0.79000,1.42000,0.06200,0.03900,0.94000,-1.96000,-0.74000,-1.55000,9.7,1.1,1.0,1.0,0.882629,0.347226,1.093772,-0.252466,0.217195,1.327594,-0.089600,0.486000,0.869300,0.003200,0.133500,0.542300,0.828800,0.034500,0.750271,0.124846,1.251816,-0.252466,0.217195,1.327594,-1.556710,-1.185948,-1.675988,-1.721934,3.129879,0.236957,0.934210,-0.809287,1.872636,1.027278,1.822043,-0.575456,-0.698745,2.188903,1,0,1.0000,1.0000,1,1,0,0,0.0000,0.0000,,,,,126957,8082,861,223,124697,6882,2260,1200,0,0,0.57425,0.10279,0
1786018552.6380,B_right_diagonal_up_left_down_right,B,right,0,,,430,151.4000,345.7000,130.5000,192.5000,149.5000,0.0000,360.0000,343.5000,77.9000,0.0000,132.4000,0.0000,199.2000,0.0000,-0.83700,-0.06100,0.42800,3.05000,0.79000,1.42000,0.06200,0.03900,0.94000,-1.96000,-0.74000,-1.55000,9.7,1.1,1.0,1.0,0.882629,0.347226,1.093772,-0.252466,0.217195,1.327594,-0.089600,0.486000,0.869300,0.003200,0.133500,0.542300,0.828800,0.034500,0.750271,0.124846,1.251816,-0.252466,0.217195,1.327594,-1.556710,-1.185948,-1.675988,-1.721934,3.129879,0.236957,0.934210,-0.809287,1.872636,1.027278,1.822043,-0.575456,-0.698745,2.188903,1,0,1.0000,1.0000,1,1,0,0,0.0000,0.0000,,,,,126957,8082,861,223,124697,6882,2260,1200,0,0,0.57425,0.10279,0
1786018552.6603,B_right_diagonal_up_left_down_right,B,right,0,,,431,151.4000,345.7000,130.5000,192.5000,149.5000,0.0000,360.0000,343.5000,77.9000,0.0000,132.4000,0.0000,199.2000,0.0000,-0.83700,-0.06100,0.42800,3.05000,0.79000,1.42000,0.06200,0.03900,0.94000,-1.96000,-0.74000,-1.55000,9.7,1.1,1.0,1.0,0.882629,0.347226,1.093772,-0.252466,0.217195,1.327594,-0.089600,0.486000,0.869300,0.003200,0.133500,0.542300,0.828800,0.034500,0.750271,0.124846,1.251816,-0.252466,0.217195,1.327594,-1.556710,-1.185948,-1.675988,-1.721934,3.129879,0.236957,0.934210,-0.809287,1.872636,1.027278,1.822043,-0.575456,-0.698745,2.188903,1,0,1.0000,1.0000,1,1,0,0,0.0000,0.0000,,,,,126957,8082,861,223,124697,6882,2260,1200,0,0,0.57425,0.10279,0
1786018552.6868,B_right_diagonal_up_left_down_right,B,right,0,,,432,151.4000,345.7000,130.5000,192.5000,149.5000,0.0000,360.0000,343.5000,77.9000,0.0000,132.5000,0.0000,199.2000,0.0000,-0.83700,-0.06100,0.42800,3.05000,0.79000,1.42000,0.05500,0.04200,0.94600,-1.72000,-1.00000,-2.34000,10.1,4.3,1.0,1.0,0.882629,0.347226,1.093772,-0.248649,0.221720,1.312307,-0.089600,0.486000,0.869300,0.003200,0.133500,0.542300,0.828800,0.034500,0.750315,0.124178,1.252125,-0.252466,0.217195,1.327594,-1.555865,-1.185385,-1.676424,-1.723202,3.129620,0.236369,0.933857,-0.809287,1.872636,1.027278,1.822043,-0.575456,-0.698745,2.188903,1,1,1.0000,1.0000,1,1,0,0,0.0000,0.0000,,,,,126957,124586,861,253,124697,123324,2260,1260,0,2,0.57425,0.10279,0
1786018552.7180,B_right_diagonal_up_left_down_right,B,right,0,,,433,151.4000,345.7000,130.5000,192.5000,149.5000,0.0000,360.0000,343.5000,77.9000,0.0000,132.5000,0.0000,199.2000,0.0000,-0.83700,-0.06100,0.42800,3.05000,0.79000,1.42000,0.05500,0.04200,0.94600,-1.72000,-1.00000,-2.34000,8.8,2.4,1.0,1.0,0.882629,0.347226,1.093772,-0.248649,0.221720,1.312307,-0.089600,0.486000,0.869300,0.003200,0.133500,0.542300,0.828800,0.034500,0.750315,0.124178,1.252125,-0.252466,0.217195,1.327594,-1.555327,-1.185026,-1.676702,-1.724010,3.129455,0.235995,0.933633,-0.809287,1.872636,1.027278,1.822043,-0.575456,-0.698745,2.188903,1,1,1.0000,1.0000,1,1,0,0,0.0000,0.0000,,,,,7422,124586,818,253,5464,123324,1958,1260,0,2,0.57425,0.10279,0
1786018552.7255,B_right_diagonal_up_left_down_right,B,right,0,,,434,151.4000,345.7000,130.5000,192.5000,149.5000,0.0000,360.0000,343.5000,77.9000,0.0000,132.5000,0.0000,199.2000,0.0000,-0.83700,-0.06100,0.42800,3.05000,0.79000,1.42000,0.05500,0.04200,0.94600,-1.72000,-1.00000,-2.34000,9.1,1.3,1.0,1.0,0.882629,0.347226,1.093772,-0.248649,0.221720,1.312307,-0.089600,0.486000,0.869300,0.003200,0.133500,0.542300,0.828800,0.034500,0.750363,0.123410,1.252480,-0.252472,0.217203,1.327604,-1.555114,-1.184884,-1.676812,-1.724330,3.129390,0.235847,0.933544,-0.809287,1.872636,1.027278,1.822043,-0.575456,-0.698745,2.188903,1,1,1.0000,1.0000,1,1,0,0,0.0000,0.0000,,,,,126957,124587,861,253,124697,123325,2260,1260,0,2,0.57425,0.10278,0
1786018552.7462,B_right_diagonal_up_left_down_right,B,right,0,,,435,151.2000,345.7000,130.6000,192.5000,147.5000,0.0000,360.0000,343.5000,77.6000,0.0000,132.6000,0.0000,199.1000,0.0000,-0.84100,-0.05800,0.44700,1.78000,1.26000,2.91000,0.06200,0.03700,0.92500,-0.43000,-0.55000,-1.27000,9.3,1.9,1.0,1.0,0.738816,0.039081,1.292985,-0.047208,0.254795,1.234554,-0.089600,0.486000,0.869300,0.003200,0.133500,0.542300,0.828800,0.034500,0.750363,0.123410,1.252480,-0.252472,0.217203,1.327604,-1.554523,-1.184491,-1.677117,-1.725216,3.129209,0.235436,0.933297,-0.809287,1.872636,1.027278,1.822043,-0.575456,-0.698745,2.188903,1,0,1.0000,1.0000,1,1,0,0,0.0000,0.0000,,,,,7422,8082,818,224,5464,6882,1958,1200,0,0,0.57425,0.10279,0
1786018552.7585,B_right_diagonal_up_left_down_right,B,right,0,,,436,151.2000,345.7000,130.6000,192.5000,147.5000,0.0000,360.0000,343.5000,77.6000,0.0000,132.6000,0.0000,199.1000,0.0000,-0.84100,-0.05800,0.44700,1.78000,1.26000,2.91000,0.06200,0.03700,0.92500,-0.43000,-0.55000,-1.27000,9.6,2.5,1.0,1.0,0.738816,0.039081,1.292985,-0.047208,0.254795,1.234554,-0.089600,0.486000,0.869300,0.003200,0.133500,0.542300,0.828800,0.034500,0.750363,0.123410,1.252480,-0.252472,0.217203,1.327604,-1.554326,-1.184359,-1.677219,-1.725513,3.129149,0.235298,0.933215,-0.809287,1.872636,1.027278,1.822043,-0.575456,-0.698745,2.188903,1,0,1.0000,1.0000,1,1,0,0,0.0000,0.0000,,,,,126957,124587,861,253,124697,123325,2260,1260,0,2,0.57425,0.10278,0
1786018552.7844,B_right_diagonal_up_left_down_right,B,right,0,,,437,151.2000,345.7000,130.6000,192.5000,147.5000,0.0000,360.0000,343.5000,77.6000,0.0000,132.6000,0.0000,199.1000,0.0000,-0.84100,-0.05800,0.44700,1.78000,1.26000,2.91000,0.06200,0.03700,0.92500,-0.43000,-0.55000,-1.27000,9.6,2.5,1.0,1.0,0.738816,0.039081,1.292985,-0.047208,0.254795,1.234554,-0.089600,0.486000,0.869300,0.003200,0.133500,0.542300,0.828800,0.034500,0.750729,0.119158,1.254442,-0.252472,0.217203,1.327604,-1.553660,-1.183915,-1.677564,-1.726513,3.128944,0.234835,0.932936,-0.809334,1.872720,1.027371,1.822044,-0.575391,-0.698681,2.188731,1,0,1.0000,1.0000,1,1,0,0,0.0000,0.0000,,,,,7422,8082,818,224,5464,6882,1958,1200,0,0,0.57425,0.10279,0
1786018552.8048,B_right_diagonal_up_left_down_right,B,right,0,,,438,151.2000,345.7000,130.5000,192.5000,149.6000,0.0000,360.0000,343.5000,77.5000,0.0000,132.8000,0.0000,199.1000,0.0000,-0.83400,-0.06000,0.41600,1.52000,0.44000,1.15000,0.05400,0.02100,0.93800,-2.01000,-2.66000,-3.60000,9.6,2.5,1.0,1.0,0.883519,0.347193,1.093795,-0.248123,0.221835,1.314358,-0.089600,0.486000,0.869300,0.003200,0.133500,0.542300,0.828800,0.034500,0.750729,0.119158,1.254442,-0.252472,0.217203,1.327604,-1.553080,-1.183528,-1.677863,-1.727383,3.128767,0.234431,0.932694,-0.809473,1.872966,1.027642,1.822047,-0.575200,-0.698493,2.188232,1,1,1.0000,1.0000,1,1,0,0,0.0000,0.0000,,,,,7422,124587,818,253,5464,123325,1958,1260,0,2,0.57425,0.10278,0
1786018552.8182,B_right_diagonal_up_left_down_right,B,right,0,,,439,151.2000,345.7000,130.5000,192.5000,149.6000,0.0000,360.0000,343.5000,77.5000,0.0000,132.8000,0.0000,199.1000,0.0000,-0.83400,-0.06000,0.41600,1.52000,0.44000,1.15000,0.05400,0.02100,0.93800,-2.01000,-2.66000,-3.60000,9.6,2.5,1.0,1.0,0.883519,0.347193,1.093795,-0.248123,0.221835,1.314358,-0.089600,0.486000,0.869300,0.003200,0.133500,0.542300,0.828800,0.034500,0.750729,0.119158,1.254442,-0.252472,0.217203,1.327604,-1.552738,-1.183300,-1.678040,-1.727897,3.128662,0.234193,0.932551,-0.809524,1.873057,1.027743,1.822049,-0.575129,-0.698422,2.188046,1,1,1.0000,1.0000,1,1,0,0,0.0000,0.0000,,,,,126957,124587,862,253,124697,123325,2260,1260,0,2,0.57425,0.10278,0
1786018552.8402,B_right_diagonal_up_left_down_right,B,right,0,,,440,151.2000,345.7000,130.5000,192.5000,149.6000,0.0000,360.0000,343.5000,77.5000,0.0000,132.8000,0.0000,199.1000,0.0000,-0.83400,-0.06000,0.41600,1.52000,0.44000,1.15000,0.05400,0.02100,0.93800,-2.01000,-2.66000,-3.60000,9.6,2.5,1.0,1.0,0.883519,0.347193,1.093795,-0.248123,0.221835,1.314358,-0.089600,0.486000,0.869300,0.003200,0.133500,0.542300,0.828800,0.034500,0.750729,0.119158,1.254442,-0.252472,0.217203,1.327604,-1.552475,-1.183125,-1.678176,-1.728292,3.128581,0.234010,0.932441,-0.809524,1.873057,1.027743,1.822049,-0.575129,-0.698422,2.188046,1,1,1.0000,1.0000,1,1,0,0,0.0000,0.0000,,,,,7422,8082,818,224,5464,6882,1958,1200,0,0,0.57425,0.10279,0
1786018552.8641,B_right_diagonal_up_left_down_right,B,right,0,,,441,151.2000,345.7000,130.5000,192.5000,149.6000,0.0000,360.0000,343.5000,77.5000,0.0000,132.8000,0.0000,199.1000,0.0000,-0.83400,-0.06000,0.41600,1.52000,0.44000,1.15000,0.05400,0.02100,0.93800,-2.01000,-2.66000,-3.60000,9.6,2.5,1.0,1.0,0.883519,0.347193,1.093795,-0.248123,0.221835,1.314358,-0.089600,0.486000,0.869300,0.003200,0.133500,0.542300,0.828800,0.034500,0.750729,0.119158,1.254442,-0.252472,0.217203,1.327604,-1.552475,-1.183125,-1.678176,-1.728292,3.128581,0.234010,0.932441,-0.809524,1.873057,1.027743,1.822049,-0.575129,-0.698422,2.188046,1,1,1.0000,1.0000,1,1,0,0,0.0000,0.0000,,,,,7422,8082,818,224,5464,6882,1958,1200,0,0,0.57425,0.10279,0
1786018552.8808,B_right_diagonal_up_left_down_right,B,right,0,,,442,151.2000,345.7000,130.5000,192.5000,149.6000,0.0000,360.0000,343.5000,77.5000,0.0000,132.8000,0.0000,199.1000,0.0000,-0.83400,-0.06000,0.41600,1.52000,0.44000,1.15000,0.05400,0.02100,0.93800,-2.01000,-2.66000,-3.60000,9.6,2.5,1.0,1.0,0.883519,0.347193,1.093795,-0.248123,0.221835,1.314358,-0.089600,0.486000,0.869300,0.003200,0.133500,0.542300,0.828800,0.034500,0.751312,0.105431,1.260864,-0.252472,0.217203,1.327604,-1.552475,-1.183125,-1.678176,-1.728292,3.128581,0.234010,0.932441,-0.809524,1.873057,1.027743,1.822049,-0.575129,-0.698422,2.188046,1,1,1.0000,1.0000,1,1,0,0,0.0000,0.0000,,,,,7422,124587,818,253,5464,123325,1958,1260,0,2,0.57425,0.10278,0
1786018552.9020,B_right_diagonal_up_left_down_right,B,right,0,,,443,151.2000,345.7000,130.5000,192.5000,149.6000,0.0000,360.0000,343.5000,77.5000,0.0000,132.8000,0.0000,199.1000,0.0000,-0.83400,-0.06000,0.41600,1.52000,0.44000,1.15000,0.05400,0.02100,0.93800,-2.01000,-2.66000,-3.60000,9.6,2.5,1.0,1.0,0.883519,0.347193,1.093795,-0.248123,0.221835,1.314358,-0.089600,0.486000,0.869300,0.003200,0.133500,0.542300,0.828800,0.034500,0.751312,0.105431,1.260864,-0.252472,0.217203,1.327604,-1.552475,-1.183125,-1.678176,-1.728292,3.128581,0.234010,0.932441,-0.809524,1.873057,1.027743,1.822049,-0.575129,-0.698422,2.188046,1,1,1.0000,1.0000,1,1,0,0,0.0000,0.0000,,,,,7422,124587,818,253,5464,123325,1958,1260,0,2,0.57425,0.10278,0
1786018552.9307,B_right_diagonal_up_left_down_right,B,right,0,,,444,151.1000,35.0000,130.5000,192.5000,148.5000,0.0000,360.0000,343.2000,77.1000,0.0000,132.3000,0.0000,199.4000,0.0000,-0.82700,-0.04500,0.44500,2.21000,5.78000,4.88000,0.04100,0.05000,0.94000,2.10000,-2.69000,-0.18000,10.0,0.3,1.0,1.0,0.881913,0.347189,1.093438,-0.248709,0.221136,1.311076,-0.089600,0.486000,0.869300,0.003200,0.133500,0.542300,0.828800,0.034500,0.751312,0.105431,1.260864,-0.252472,0.217203,1.327604,-1.550331,-1.181695,-1.679284,-1.731510,3.127924,0.232518,0.931546,-0.809682,1.873319,1.028009,1.822060,-0.574957,-0.698236,2.187540,1,1,1.0000,1.0000,0,1,1,0,0.0305,0.0000,,,,,126958,124587,862,253,124698,123325,2260,1260,0,2,0.57052,0.10278,0
1786018552.9429,B_right_diagonal_up_left_down_right,B,right,0,,,445,151.1000,35.0000,130.5000,192.5000,148.5000,0.0000,360.0000,343.2000,77.1000,0.0000,132.3000,0.0000,199.4000,0.0000,-0.82700,-0.04500,0.44500,2.21000,5.78000,4.88000,0.04100,0.05000,0.94000,2.10000,-2.69000,-0.18000,10.0,0.3,1.0,1.0,0.881913,0.347189,1.093438,-0.248709,0.221136,1.311076,-0.089600,0.486000,0.869300,0.003200,0.133500,0.542300,0.828800,0.034500,0.751312,0.105431,1.260864,-0.252472,0.217203,1.327604,-1.550331,-1.181695,-1.679284,-1.731510,3.127924,0.232518,0.931546,-0.809682,1.873319,1.028009,1.822060,-0.574957,-0.698236,2.187540,1,1,1.0000,1.0000,0,1,1,0,0.0305,0.0000,,,,,126958,124587,862,253,124698,123325,2260,1260,0,2,0.57052,0.10278,0
1786018552.9780,B_right_diagonal_up_left_down_right,B,right,0,,,446,151.1000,345.0000,130.5000,192.5000,148.1000,0.0000,360.0000,343.4000,76.9000,0.0000,132.1000,0.0000,199.4000,0.0000,-0.83200,-0.05300,0.43900,1.44000,0.84000,6.15000,0.07200,0.02700,0.90400,2.80000,-2.39000,0.57000,9.9,0.9,1.0,1.0,0.883141,0.347142,1.093550,-0.961179,0.416098,1.666607,-0.089600,0.486000,0.869300,0.003200,0.133500,0.542300,0.828800,0.034500,0.750836,0.091364,1.267571,-0.252472,0.217203,1.327604,-1.549116,-1.180885,-1.679911,-1.733334,3.127552,0.231673,0.931039,-0.809748,1.873423,1.028106,1.822067,-0.574899,-0.698166,2.187349,1,0,1.0000,1.0000,1,1,0,0,0.0000,0.0000,,,,,7422,8082,818,224,5464,6882,1958,1200,0,0,0.57425,0.10279,0
1786018552.9815,B_right_diagonal_up_left_down_right,B,right,0,,,447,151.1000,345.0000,130.5000,192.5000,148.1000,0.0000,360.0000,343.4000,76.9000,0.0000,132.1000,0.0000,199.4000,0.0000,-0.83200,-0.05300,0.43900,1.44000,0.84000,6.15000,0.07200,0.02700,0.90400,2.80000,-2.39000,0.57000,9.9,0.9,1.0,1.0,0.883141,0.347142,1.093550,-0.961179,0.416098,1.666607,-0.089600,0.486000,0.869300,0.003200,0.133500,0.542300,0.828800,0.034500,0.750836,0.091364,1.267571,-0.252472,0.217203,1.327604,-1.549116,-1.180885,-1.679911,-1.733334,3.127552,0.231673,0.931039,-0.809748,1.873423,1.028106,1.822067,-0.574899,-0.698166,2.187349,1,0,1.0000,1.0000,1,1,0,0,0.0000,0.0000,,,,,7422,8082,818,224,5464,6882,1958,1200,0,0,0.57425,0.10279,0
1786018553.0081,B_right_diagonal_up_left_down_right,B,right,0,,,448,151.1000,345.7000,130.5000,192.5000,149.2000,0.0000,360.0000,343.3000,77.0000,0.0000,132.1000,0.0000,199.4000,0.0000,-0.85000,-0.05900,0.42400,2.43000,-1.08000,4.21000,0.06300,0.03700,0.91900,2.88000,-2.83000,0.44000,9.9,0.9,1.0,1.0,0.883141,0.347142,1.093550,-0.047208,0.254795,1.234554,-0.089600,0.486000,0.869300,0.003200,0.133500,0.542300,0.828800,0.034500,0.749465,0.078832,1.273627,-0.251942,0.217785,1.325617,-1.549116,-1.180885,-1.679911,-1.733334,3.127552,0.231673,0.931039,-0.809748,1.873423,1.028106,1.822067,-0.574899,-0.698166,2.187349,1,0,1.0000,1.0000,1,1,0,0,0.0000,0.0000,,,,,126958,124587,862,253,124698,123325,2260,1260,0,2,0.57052,0.10278,0
1786018553.0393,B_right_diagonal_up_left_down_right,B,right,0,,,449,151.1000,345.7000,130.5000,192.5000,149.2000,0.0000,360.0000,343.3000,77.0000,0.0000,132.1000,0.0000,199.4000,0.0000,-0.85000,-0.05900,0.42400,2.43000,-1.08000,4.21000,0.06300,0.03700,0.91900,2.88000,-2.83000,0.44000,9.9,0.9,1.0,1.0,0.883141,0.347142,1.093550,-0.047208,0.254795,1.234554,-0.089600,0.486000,0.869300,0.003200,0.133500,0.542300,0.828800,0.034500,0.749465,0.078832,1.273627,-0.251942,0.217785,1.325617,-1.549116,-1.180885,-1.679911,-1.733334,3.127552,0.231673,0.931039,-0.809748,1.873423,1.028106,1.822067,-0.574899,-0.698166,2.187349,1,0,1.0000,1.0000,1,1,0,0,0.0000,0.0000,,,,,126958,124587,862,253,124698,123325,2260,1260,0,2,0.57052,0.10278,0
1786018553.0538,B_right_diagonal_up_left_down_right,B,right,0,,,450,151.1000,345.7000,130.5000,192.5000,149.0000,0.0000,360.0000,343.4000,76.8000,0.0000,131.8000,0.0000,199.4000,0.0000,-0.84100,-0.06200,0.43700,1.97000,-0.44000,5.30000,0.06500,0.04500,0.90700,2.53000,-3.35000,1.98000,9.9,1.4,1.0,1.0,0.738065,0.039076,1.292864,-0.248218,0.221262,1.313420,-0.089600,0.486000,0.869300,0.003200,0.133500,0.542300,0.828800,0.034500,0.749465,0.078832,1.273627,-0.251942,0.217785,1.325617,-1.547957,-1.180112,-1.680511,-1.735075,3.127197,0.230866,0.930554,-0.809748,1.873423,1.028106,1.822067,-0.574899,-0.698166,2.187349,1,1,1.0000,1.0000,1,1,0,0,0.0000,0.0000,,,,,126958,8082,862,225,124698,6882,2260,1200,0,0,0.57052,0.10279,0
1786018553.0602,B_right_diagonal_up_left_down_right,B,right,0,,,451,151.1000,345.7000,130.5000,192.4000,150.8000,0.0000,360.0000,343.4000,76.8000,0.0000,132.1000,0.0000,199.4000,0.0000,-0.83800,-0.05200,0.41200,0.40000,0.85000,0.06000,0.05300,0.06200,0.91200,1.51000,-3.66000,0.29000,10.2,2.2,1.0,1.0,0.683548,0.345832,1.175865,-0.047208,0.254795,1.234554,-0.089600,0.486000,0.869300,0.003200,0.133500,0.542300,0.828800,0.034500,0.749465,0.078832,1.273627,-0.251942,0.217785,1.325617,-1.547763,-1.179983,-1.680611,-1.735366,3.127137,0.230731,0.930473,-0.809748,1.873423,1.028106,1.822067,-0.574899,-0.698166,2.187349,1,0,1.0000,1.0000,1,1,0,0,0.0000,0.0000,,,,,7422,8082,818,225,5464,6882,1958,1200,0,0,0.57425,0.10279,0
1786018553.0798,B_right_diagonal_up_left_down_right,B,right,0,,,452,151.1000,345.7000,130.5000,192.4000,151.1000,0.0000,360.0000,343.5000,76.5000,0.0000,131.9000,0.0000,199.5000,0.0000,-0.84200,-0.04500,0.42400,-0.75000,2.23000,-1.06000,0.08800,0.07600,0.95200,1.15000,-7.08000,0.58000,10.2,2.8,1.0,1.0,0.739531,0.039018,1.293089,0.045978,0.219212,1.222460,-0.089600,0.486000,0.869300,0.003200,0.133500,0.542300,0.828800,0.034500,0.747089,0.066153,1.279798,-0.248704,0.220855,1.314904,-1.547105,-1.179544,-1.680950,-1.736353,3.126936,0.230273,0.930199,-0.809748,1.873423,1.028106,1.822067,-0.574899,-0.698166,2.187349,1,1,1.0000,1.0000,1,1,0,0,0.0000,0.0000,,,,,7422,8083,818,225,5464,6883,1958,1200,0,0,0.57425,0.10279,0
1786018553.1034,B_right_diagonal_up_left_down_right,B,right,0,,,453,151.1000,345.7000,130.5000,192.4000,150.6000,0.0000,360.0000,343.5000,76.5000,0.0000,131.9000,0.0000,199.5000,0.0000,-0.80800,-0.06200,0.41500,3.26000,0.69000,-0.56000,0.08800,0.07600,0.95200,1.15000,-7.08000,0.58000,9.3,3.2,1.0,1.0,0.683435,0.345884,1.175523,-0.961179,0.416098,1.666607,-0.089600,0.486000,0.869300,0.003200,0.133500,0.542300,0.828800,0.034500,0.747089,0.066153,1.279798,-0.248704,0.220855,1.314904,-1.546771,-1.179321,-1.681123,-1.736855,3.126833,0.230041,0.930059,-0.809748,1.873423,1.028106,1.822067,-0.574899,-0.698166,2.187349,1,1,1.0000,1.0000,1,1,0,0,0.0000,0.0000,,,,,7422,124587,818,254,5464,123325,1958,1260,0,2,0.57425,0.10278,0
1786018553.1360,B_right_diagonal_up_left_down_right,B,right,0,,,454,151.1000,345.7000,130.5000,192.4000,150.6000,0.0000,360.0000,343.5000,76.4000,0.0000,131.7000,0.0000,199.6000,0.0000,-0.80800,-0.06200,0.41500,3.26000,0.69000,-0.56000,0.05300,0.04000,0.93600,-3.05000,-3.87000,-0.83000,9.7,2.1,1.0,1.0,0.683435,0.345884,1.175523,-0.961179,0.416098,1.666607,-0.089600,0.486000,0.869300,0.003200,0.133500,0.542300,0.828800,0.034500,0.747089,0.066153,1.279798,-0.248704,0.220855,1.314904,-1.545809,-1.178680,-1.681620,-1.738300,3.126538,0.229371,0.929657,-0.809748,1.873423,1.028106,1.822067,-0.574899,-0.698166,2.187349,1,0,1.0000,1.0000,1,1,0,0,0.0000,0.0000,,,,,7422,8084,818,225,5464,6884,1958,1200,0,0,0.57425,0.10279,0
1786018553.1667,B_right_diagonal_up_left_down_right,B,right,0,,,455,151.1000,345.7000,1347.0000,192.5000,150.2000,0.0000,360.0000,343.4000,76.5000,0.0000,131.7000,0.0000,199.8000,0.0000,-0.80900,-0.05400,0.43200,4.36000,4.43000,5.02000,0.04700,0.03700,0.94300,1.68000,-2.99000,0.69000,9.7,2.1,1.0,1.0,0.682276,0.345962,1.175218,-0.961179,0.416098,1.666607,-0.089600,0.486000,0.869300,0.003200,0.133500,0.542300,0.828800,0.034500,0.744427,0.055268,1.285112,-0.248218,0.221261,1.313420,-1.545163,-1.178249,-1.681954,-1.739269,3.126340,0.228921,0.929388,-0.809905,1.873726,1.028473,1.822060,-0.574620,-0.697915,2.186694,1,0,1.0000,1.0000,1,1,0,0,0.0000,0.0000,,,,,126960,124587,863,254,124700,123325,2260,1260,0,2,0.56709,0.10278,0
1786018553.1675,B_right_diagonal_up_left_down_right,B,right,0,,,456,151.1000,345.7000,1347.0000,192.5000,150.2000,0.0000,360.0000,343.4000,76.5000,0.0000,131.7000,0.0000,199.8000,0.0000,-0.80900,-0.05400,0.43200,4.36000,4.43000,5.02000,0.04700,0.03700,0.94300,1.68000,-2.99000,0.69000,9.7,2.1,1.0,1.0,0.682276,0.345962,1.175218,-0.961179,0.416098,1.666607,-0.089600,0.486000,0.869300,0.003200,0.133500,0.542300,0.828800,0.034500,0.744427,0.055268,1.285112,-0.248218,0.221261,1.313420,-1.545163,-1.178249,-1.681954,-1.739269,3.126340,0.228921,0.929388,-0.809905,1.873726,1.028473,1.822060,-0.574620,-0.697915,2.186694,1,0,1.0000,1.0000,1,1,0,0,0.0000,0.0000,,,,,126960,124587,863,254,124700,123325,2260,1260,0,2,0.56709,0.10278,0
1786018553.1807,B_right_diagonal_up_left_down_right,B,right,0,,,457,151.1000,345.9000,130.5000,192.0000,149.5000,0.0000,360.0000,343.4000,76.5000,0.0000,131.6000,0.0000,199.9000,0.0000,-0.83900,-0.06100,0.44400,2.89000,2.61000,5.38000,0.07800,0.04400,0.94800,2.47000,-4.23000,-1.05000,8.9,3.9,1.0,1.0,0.681652,0.346009,1.175006,-0.961179,0.416098,1.666607,-0.089600,0.486000,0.869300,0.003200,0.133500,0.542300,0.828800,0.034500,0.744427,0.055268,1.285112,-0.248218,0.221261,1.313420,-1.544768,-1.177985,-1.682158,-1.739863,3.126219,0.228646,0.929223,-0.809941,1.873797,1.028559,1.822059,-0.574555,-0.697856,2.186541,1,0,1.0000,1.0000,1,1,0,0,0.0000,0.0000,,,,,7422,124587,818,254,5464,123325,1958,1260,0,2,0.57425,0.10278,0
1786018553.2144,B_right_diagonal_up_left_down_right,B,right,0,,,458,151.1000,345.8000,130.5000,192.5000,149.4000,0.0000,360.0000,343.4000,76.5000,0.0000,131.6000,0.0000,99.0000,0.0000,-0.83300,-0.06900,0.43600,2.63000,1.28000,5.07000,0.08800,0.04900,0.95400,1.41000,-4.54000,-1.87000,10.1,2.5,1.0,1.0,0.738904,0.039042,1.292991,0.047241,0.219147,1.229118,-0.089600,0.486000,0.869300,0.003200,0.133500,0.542300,0.828800,0.034500,0.740960,0.062929,1.281297,-0.248218,0.221261,1.313420,-1.544169,-1.177586,-1.682467,-1.740761,3.126036,0.228230,0.928973,-0.809941,1.873797,1.028559,1.822059,-0.574555,-0.697856,2.186541,1,1,1.0000,1.0000,1,1,0,0,0.0000,0.0000,,,,,126961,8084,863,225,124700,6884,2261,1200,0,0,0.56709,0.10279,0
1786018553.2211,B_right_diagonal_up_left_down_right,B,right,0,,,459,151.1000,345.8000,130.5000,192.5000,149.4000,0.0000,360.0000,343.4000,76.5000,0.0000,131.6000,0.0000,99.0000,0.0000,-0.83300,-0.06900,0.43600,2.63000,1.28000,5.07000,0.08800,0.04900,0.95400,1.41000,-4.54000,-1.87000,10.1,2.5,1.0,1.0,0.738904,0.039042,1.292991,0.047241,0.219147,1.229118,-0.089600,0.486000,0.869300,0.003200,0.133500,0.542300,0.828800,0.034500,0.740960,0.062929,1.281297,-0.248218,0.221261,1.313420,-1.544169,-1.177586,-1.682467,-1.740761,3.126036,0.228230,0.928973,-0.809941,1.873797,1.028559,1.822059,-0.574555,-0.697856,2.186541,1,1,1.0000,1.0000,1,1,0,0,0.0000,0.0000,,,,,126961,8084,863,225,124700,6884,2261,1200,0,0,0.56709,0.10279,0
1786018553.2488,B_right_diagonal_up_left_down_right,B,right,0,,,460,151.1000,345.8000,130.5000,192.5000,149.4000,0.0000,360.0000,343.4000,76.5000,0.0000,131.6000,0.0000,99.0000,0.0000,-0.83300,-0.06900,0.43600,2.63000,1.28000,5.07000,0.08800,0.04900,0.95400,1.41000,-4.54000,-1.87000,10.1,2.5,1.0,1.0,0.738904,0.039042,1.292991,0.047241,0.219147,1.229118,-0.089600,0.486000,0.869300,0.003200,0.133500,0.542300,0.828800,0.034500,0.740960,0.062929,1.281297,-0.248218,0.221261,1.313420,-1.544169,-1.177586,-1.682467,-1.740761,3.126036,0.228230,0.928973,-0.809941,1.873797,1.028559,1.822059,-0.574555,-0.697856,2.186541,1,1,1.0000,1.0000,1,1,0,0,0.0000,0.0000,,,,,126961,8084,863,225,124700,6884,2261,1200,0,0,0.56709,0.10279,0
1786018553.2699,B_right_diagonal_up_left_down_right,B,right,0,,,461,151.1000,345.7000,130.5000,192.5000,150.0000,0.0000,360.0000,343.4000,76.5000,0.0000,131.3000,0.0000,200.1000,0.0000,-0.81900,-0.06000,0.42100,2.12000,1.66000,4.18000,0.08300,0.00600,0.93000,0.50000,-4.61000,-3.61000,10.1,2.5,1.0,1.0,0.882928,0.347150,1.093498,-0.247692,0.221300,1.316463,-0.089600,0.486000,0.869300,0.003200,0.133500,0.542300,0.828800,0.034500,0.740960,0.062929,1.281297,-0.248218,0.221261,1.313420,-1.539458,-1.174355,-1.684951,-1.747632,3.124526,0.225132,0.926969,-0.809941,1.873797,1.028559,1.822059,-0.574555,-0.697856,2.186541,1,1,1.0000,1.0000,1,1,0,0,0.0000,0.0000,,,,,126962,8084,863,225,124700,6884,2262,1200,0,0,0.56443,0.10279,0
1786018553.2883,B_right_diagonal_up_left_down_right,B,right,0,,,462,151.1000,345.7000,130.5000,192.5000,150.0000,0.0000,360.0000,343.4000,76.5000,0.0000,131.3000,0.0000,200.1000,0.0000,-0.81900,-0.06000,0.42100,2.12000,1.66000,4.18000,0.08300,0.00600,0.93000,0.50000,-4.61000,-3.61000,9.4,1.4,1.0,1.0,0.882928,0.347150,1.093498,-0.247692,0.221300,1.316463,-0.089600,0.486000,0.869300,0.003200,0.133500,0.542300,0.828800,0.034500,0.740960,0.062929,1.281297,-0.248218,0.221261,1.313420,-1.539458,-1.174355,-1.684951,-1.747632,3.124526,0.225132,0.926969,-0.809941,1.873797,1.028559,1.822059,-0.574555,-0.697856,2.186541,1,1,1.0000,1.0000,1,1,0,0,0.0000,0.0000,,,,,126962,8084,863,225,124700,6884,2262,1200,0,0,0.56443,0.10279,0
1786018553.3014,B_right_diagonal_up_left_down_right,B,right,0,,,463,151.1000,345.7000,130.5000,192.5000,149.9000,0.0000,360.0000,343.4000,76.5000,0.0000,131.3000,0.0000,200.2000,0.0000,-0.82200,-0.04900,0.42300,1.76000,3.93000,4.98000,0.09500,0.02100,0.93700,1.64000,-4.23000,-4.15000,9.2,0.8,1.0,1.0,0.739341,0.039024,1.293046,0.047460,0.219149,1.230657,-0.089600,0.486000,0.869300,0.003200,0.133500,0.542300,0.828800,0.034500,0.733208,0.077408,1.274726,-0.248218,0.221261,1.313420,-1.527424,-1.166069,-1.691313,-1.765106,3.120644,0.217285,0.921840,-0.809941,1.873797,1.028559,1.822059,-0.574555,-0.697856,2.186541,1,1,1.0000,1.0000,1,1,0,0,0.0000,0.0000,,,,,7422,124587,818,255,5464,123325,1958,1260,0,2,0.57425,0.10278,0
1786018553.3215,B_right_diagonal_up_left_down_right,B,right,0,,,464,151.1000,345.7000,130.5000,192.5000,150.1000,0.0000,360.0000,343.4000,76.4000,0.0000,131.2000,0.0000,200.3000,0.0000,-0.83800,-0.05200,0.42700,1.87000,5.23000,4.97000,0.08300,0.05300,0.90900,0.93000,-0.86000,-2.98000,9.5,0.4,1.0,1.0,0.739879,0.039003,1.293115,0.047444,0.219148,1.230560,-0.089600,0.486000,0.869300,0.003200,0.133500,0.542300,0.828800,0.034500,0.733208,0.077408,1.274726,-0.248218,0.221261,1.313420,-1.514857,-1.157416,-1.697956,-1.783354,3.116590,0.209090,0.916483,-0.809941,1.873797,1.028559,1.822059,-0.574555,-0.697856,2.186541,1,1,1.0000,1.0000,1,1,0,0,0.0000,0.0000,,,,,7422,8084,818,226,5464,6884,1958,1200,0,0,0.57425,0.10279,0
1786018553.3432,B_right_diagonal_up_left_down_right,B,right,0,,,465,151.1000,345.7000,130.5000,9.0000,149.7000,0.0000,60.0000,343.4000,76.3000,0.0000,13.0000,0.0000,200.3000,0.0000,-0.84300,-0.03100,0.41700,3.20000,5.24000,3.34000,0.08500,0.06600,0.89400,-0.85000,0.38000,-1.57000,9.8,0.9,1.0,1.0,0.674333,0.346307,1.233062,-0.961179,0.416098,1.666607,-0.089600,0.486000,0.869300,0.003200,0.133500,0.542300,0.828800,0.034500,0.733208,0.077408,1.274726,-0.248218,0.221261,1.313420,-1.510666,-1.154530,-1.700172,-1.789440,3.115238,0.206357,0.914696,-0.809941,1.873797,1.028559,1.822059,-0.574555,-0.697856,2.186541,1,0,1.0000,1.0000,1,1,0,0,0.0000,0.0000,,,,,126963,124587,863,255,124700,123325,2263,1260,0,2,0.56443,0.10278,0
1786018553.3620,B_right_diagonal_up_left_down_right,B,right,0,,,466,151.1000,345.7000,130.5000,9.0000,149.7000,0.0000,60.0000,343.4000,76.3000,0.0000,13.0000,0.0000,200.3000,0.0000,-0.84300,-0.03100,0.41700,3.20000,5.24000,3.34000,0.08500,0.06600,0.89400,-0.85000,0.38000,-1.57000,9.8,0.9,1.0,1.0,0.674333,0.346307,1.233062,-0.961179,0.416098,1.666607,-0.089600,0.486000,0.869300,0.003200,0.133500,0.542300,0.828800,0.034500,0.733208,0.077408,1.274726,-0.248218,0.221261,1.313420,-1.510666,-1.154530,-1.700172,-1.789440,3.115238,0.206357,0.914696,-0.809941,1.873797,1.028559,1.822059,-0.574555,-0.697856,2.186541,1,0,1.0000,1.0000,1,1,0,0,0.0000,0.0000,,,,,126963,124587,863,255,124700,123325,2263,1260,0,2,0.56443,0.10278,0
1786018553.3809,B_right_diagonal_up_left_down_right,B,right,0,,,467,151.1000,345.7000,130.5000,192.5000,149.3000,0.0000,360.0000,343.4000,76.3000,0.0000,131.1000,0.0000,200.3000,0.0000,-0.86600,-0.02700,0.42000,1.03000,5.73000,2.79000,0.08200,0.05600,0.89900,-3.90000,0.55000,-1.75000,9.8,0.9,1.0,1.0,0.669397,0.346508,1.273733,-0.961179,0.416098,1.666607,-0.089600,0.486000,0.869300,0.003200,0.133500,0.542300,0.828800,0.034500,0.723055,0.092976,1.268422,-0.248218,0.221261,1.313420,-1.510666,-1.154530,-1.700172,-1.789440,3.115238,0.206357,0.914696,-0.809941,1.873797,1.028559,1.822059,-0.574555,-0.697856,2.186541,1,0,1.0000,1.0000,0,0,1,1,0.0214,0.0173,,,,,7422,124587,818,255,5464,123325,1958,1260,0,2,0.57425,0.10278,0
1786018553.4005,B_right_diagonal_up_left_down_right,B,right,0,,,468,151.1000,345.7000,130.5000,192.5000,149.3000,0.0000,360.0000,343.4000,76.3000,0.0000,131.1000,0.0000,200.3000,0.0000,-0.86600,-0.02700,0.42000,1.03000,5.73000,2.79000,0.08200,0.05600,0.89900,-3.90000,0.55000,-1.75000,7.5,0.5,1.0,1.0,0.669397,0.346508,1.273733,-0.961179,0.416098,1.666607,-0.089600,0.486000,0.869300,0.003200,0.133500,0.542300,0.828800,0.034500,0.723055,0.092976,1.268422,-0.248218,0.221261,1.313420,-1.476399,-1.130936,-1.718287,-1.839198,3.104184,0.184012,0.900089,-0.809941,1.873797,1.028559,1.822059,-0.574555,-0.697856,2.186541,1,0,1.0000,1.0000,0,0,1,1,0.0214,0.0173,,,,,7422,124587,818,256,5464,123325,1958,1260,0,2,0.57425,0.10278,0
1786018553.4273,B_right_diagonal_up_left_down_right,B,right,0,,,469,151.2000,345.7000,130.5000,192.5000,149.5000,0.0000,360.0000,34.5000,76.0000,0.0000,130.3000,0.0000,200.5000,0.0000,-0.83000,-0.05800,0.40900,1.16000,-0.58000,2.86000,0.07100,0.08900,0.93000,-1.47000,-3.25000,-3.44000,6.8,2.6,1.0,1.0,0.884127,0.347126,1.093665,-0.277459,0.282020,1.314973,-0.089600,0.486000,0.869300,0.003200,0.133500,0.542300,0.828800,0.034500,0.710857,0.108693,1.262802,-0.248218,0.221261,1.313420,-1.473709,-1.129083,-1.719709,-1.843105,3.103316,0.182258,0.898942,-0.809941,1.873797,1.028559,1.822059,-0.574555,-0.697856,2.186541,1,1,1.0000,1.0000,1,1,0,0,0.0000,0.0000,,,,,126963,8084,863,226,124700,6884,2263,1200,0,0,0.56443,0.10279,0
1786018553.4422,B_right_diagonal_up_left_down_right,B,right,0,,,470,151.2000,345.7000,130.5000,192.5000,149.5000,0.0000,360.0000,343.5000,75.7000,0.0000,130.2000,0.0000,200.7000,0.0000,-0.83000,-0.05800,0.40900,1.16000,-0.58000,2.86000,0.07700,0.08800,0.94800,-1.22000,-3.41000,-3.02000,7.4,2.2,1.0,1.0,0.884127,0.347126,1.093665,0.047052,0.219282,1.228095,-0.089600,0.486000,0.869300,0.003200,0.133500,0.542300,0.828800,0.034500,0.710857,0.108693,1.262802,-0.248218,0.221261,1.313420,-1.465314,-1.123303,-1.724147,-1.855294,3.100609,0.176784,0.895364,-0.809941,1.873797,1.028559,1.822059,-0.574555,-0.697856,2.186541,1,1,1.0000,1.0000,1,1,0,0,0.0000,0.0000,,,,,126963,124587,863,256,124700,123325,2263,1260,0,2,0.56443,0.10278,0
1786018553.4599,B_right_diagonal_up_left_down_right,B,right,0,,,471,151.2000,345.7000,130.5000,192.5000,151.1000,0.0000,360.0000,343.5000,75.7000,0.0000,130.2000,0.0000,200.7000,0.0000,-0.84500,-0.06100,0.41400,3.24000,-3.02000,2.27000,0.07700,0.08800,0.94800,-1.22000,-3.41000,-3.02000,7.4,2.2,1.0,1.0,0.741325,0.038970,1.293333,0.047052,0.219282,1.228095,-0.089600,0.486000,0.869300,0.003200,0.133500,0.542300,0.828800,0.034500,0.710857,0.108693,1.262802,-0.248218,0.221261,1.313420,-1.461358,-1.120579,-1.726238,-1.861038,3.099333,0.174204,0.893678,-0.809941,1.873797,1.028559,1.822059,-0.574555,-0.697856,2.186541,1,1,1.0000,1.0000,1,1,0,0,0.0000,0.0000,,,,,126963,124587,863,256,124700,123325,2263,1260,0,2,0.56443,0.10278,0
1786018553.4945,B_right_diagonal_up_left_down_right,B,right,0,,,472,151.2000,345.7000,130.4000,192.5000,152.7000,0.0000,360.0000,343.5000,75.4000,0.0000,129.9000,0.0000,201.1000,0.0000,-0.83800,-0.05800,0.40600,3.62000,-0.46000,2.91000,0.06700,0.04200,0.94500,1.24000,-4.47000,-2.44000,9.7,1.9,1.0,1.0,0.742713,0.038933,1.293547,0.046844,0.219444,1.226546,-0.089600,0.486000,0.869300,0.003200,0.133500,0.542300,0.828800,0.034500,0.696354,0.124735,1.257862,-0.249695,0.225222,1.313383,-1.432345,-1.100602,-1.741576,-1.903168,3.089974,0.155285,0.881310,-0.827173,1.885358,1.028909,1.805074,-0.598450,-0.671601,2.195988,1,1,1.0000,1.0000,1,1,0,0,0.0000,0.0000,,,,,126963,8084,864,227,124700,6884,2263,1200,0,0,0.56443,0.10279,0
1786018553.4984,B_right_diagonal_up_left_down_right,B,right,0,,,473,151.2000,345.7000,130.4000,192.5000,152.7000,0.0000,360.0000,343.5000,75.4000,0.0000,129.9000,0.0000,201.1000,0.0000,-0.83800,-0.05800,0.40600,3.62000,-0.46000,2.91000,0.06700,0.04200,0.94500,1.24000,-4.47000,-2.44000,9.7,1.9,1.0,1.0,0.742713,0.038933,1.293547,0.046844,0.219444,1.226546,-0.089600,0.486000,0.869300,0.003200,0.133500,0.542300,0.828800,0.034500,0.696354,0.124735,1.257862,-0.249695,0.225222,1.313383,-1.428325,-1.097834,-1.743701,-1.909005,3.088677,0.152664,0.879597,-0.829674,1.887149,1.028975,1.802440,-0.602042,-0.667677,2.197404,1,1,1.0000,1.0000,1,1,0,0,0.0000,0.0000,,,,,7422,8084,819,227,5464,6884,1958,1200,0,0,0.57425,0.10279,0
1786018553.5188,B_right_diagonal_up_left_down_right,B,right,0,,,474,151.2000,345.7000,130.4000,192.5000,152.7000,0.0000,360.0000,343.5000,75.4000,0.0000,129.9000,0.0000,201.1000,0.0000,-0.83800,-0.05800,0.40600,3.62000,-0.46000,2.91000,0.06700,0.04200,0.94500,1.24000,-4.47000,-2.44000,9.7,1.9,1.0,1.0,0.742713,0.038933,1.293547,0.046844,0.219444,1.226546,-0.089600,0.486000,0.869300,0.003200,0.133500,0.542300,0.828800,0.034500,0.696354,0.124735,1.257862,-0.249695,0.225222,1.313383,-1.409783,-1.085322,-1.753392,-1.936414,3.083025,0.140149,0.871640,-0.837666,1.892870,1.029185,1.794022,-0.613521,-0.655136,2.201930,1,1,1.0000,1.0000,1,1,0,0,0.0000,0.0000,,,,,7422,124587,819,256,5464,123325,1958,1260,0,2,0.57425,0.10278,0
1786018553.5474,B_right_diagonal_up_left_down_right,B,right,0,,,475,151.2000,345.7000,130.4000,192.5000,152.7000,0.0000,360.0000,343.5000,75.4000,0.0000,129.9000,0.0000,201.1000,0.0000,-0.83800,-0.05800,0.40600,3.62000,-0.46000,2.91000,0.06700,0.04200,0.94500,1.24000,-4.47000,-2.44000,9.7,1.9,1.0,1.0,0.742713,0.038933,1.293547,0.046844,0.219444,1.226546,-0.089600,0.486000,0.869300,0.003200,0.133500,0.542300,0.828800,0.034500,0.679608,0.140822,1.253751,-0.255762,0.240105,1.313401,-1.396681,-1.076257,-1.760390,-1.955092,-3.204225,0.132527,0.865846,-0.837666,1.892870,1.029185,1.794022,-0.613521,-0.655136,2.201930,1,1,1.0000,1.0000,1,1,0,0,0.0000,0.0000,,,,,126963,8085,864,227,124700,6885,2263,1200,0,0,0.56443,0.10136,0
1786018553.5619,B_right_diagonal_up_left_down_right,B,right,0,,,476,151.2000,345.7000,130.4000,192.5000,152.7000,0.0000,360.0000,343.5000,75.4000,0.0000,129.9000,0.0000,201.1000,0.0000,-0.83800,-0.05800,0.40600,3.62000,-0.46000,2.91000,0.06700,0.04200,0.94500,1.24000,-4.47000,-2.44000,9.7,1.9,1.0,1.0,0.742713,0.038933,1.293547,0.046844,0.219444,1.226546,-0.089600,0.486000,0.869300,0.003200,0.133500,0.542300,0.828800,0.034500,0.679608,0.140822,1.253751,-0.255762,0.240105,1.313401,-1.397033,-1.076606,-1.760151,-1.954736,-3.204063,0.132874,0.866077,-0.837666,1.892870,1.029185,1.794022,-0.613521,-0.655136,2.201930,1,1,1.0000,1.0000,1,1,0,0,0.0000,0.0000,,,,,7422,8085,819,227,5464,6885,1958,1200,0,0,0.57425,0.10136,0
1786018553.5788,B_right_diagonal_up_left_down_right,B,right,0,,,477,151.2000,345.7000,130.4000,192.5000,152.7000,0.0000,360.0000,343.5000,75.4000,0.0000,129.9000,0.0000,201.1000,0.0000,-0.83800,-0.05800,0.40600,3.62000,-0.46000,2.91000,0.06700,0.04200,0.94500,1.24000,-4.47000,-2.44000,9.7,1.9,1.0,1.0,0.742713,0.038933,1.293547,0.046844,0.219444,1.226546,-0.089600,0.486000,0.869300,0.003200,0.133500,0.542300,0.828800,0.034500,0.679608,0.140822,1.253751,-0.255762,0.240105,1.313401,-1.409484,-1.089054,-1.751530,-1.942282,-3.198020,0.145322,0.874452,-0.837666,1.892870,1.029185,1.794022,-0.613521,-0.655136,2.201930,1,1,1.0000,1.0000,1,1,0,0,0.0000,0.0000,,,,,126963,124587,864,257,124700,123325,2263,1260,0,2,0.56443,0.10278,0
1786018553.6082,B_right_diagonal_up_left_down_right,B,right,0,,,478,151.2000,345.7000,130.4000,192.4000,150.4000,0.0000,360.0000,343.6000,75.7000,0.0000,129.9000,0.0000,201.7000,0.0000,-0.85400,-0.03100,0.42400,4.73000,4.08000,-1.77000,0.08900,0.07800,0.89600,3.62000,-0.05000,-1.96000,9.6,0.7,1.0,1.0,0.885403,0.347093,1.093869,0.046877,0.219629,1.226760,-0.089600,0.486000,0.869300,0.003200,0.133500,0.542300,0.828800,0.034500,0.679608,0.140822,1.253751,-0.255762,0.240105,1.313401,-1.432890,-1.112461,-1.735473,-1.918876,-3.186747,0.168729,0.890073,-0.837666,1.892870,1.029185,1.794022,-0.613521,-0.655136,2.201930,1,1,1.0000,1.0000,1,1,0,0,0.0000,0.0000,,,,,7422,8085,819,227,5464,6885,1958,1200,0,0,0.57425,0.10136,0
1786018553.6188,B_right_diagonal_up_left_down_right,B,right,0,,,479,151.2000,345.7000,130.4000,192.4000,150.4000,0.0000,360.0000,343.6000,75.7000,0.0000,129.9000,0.0000,201.7000,0.0000,-0.85400,-0.03100,0.42400,4.73000,4.08000,-1.77000,0.08900,0.07800,0.89600,3.62000,-0.05000,-1.96000,9.6,0.7,1.0,1.0,0.885403,0.347093,1.093869,0.046877,0.219629,1.226760,-0.089600,0.486000,0.869300,0.003200,0.133500,0.542300,0.828800,0.034500,0.679608,0.140822,1.253751,-0.255762,0.240105,1.313401,-1.432890,-1.112461,-1.735473,-1.918876,-3.186747,0.168729,0.890073,-0.837666,1.892870,1.029185,1.794022,-0.613521,-0.655136,2.201930,1,1,1.0000,1.0000,1,1,0,0,0.0000,0.0000,,,,,7422,8085,819,227,5464,6885,1958,1200,0,0,0.57425,0.10136,0
1786018553.6475,B_right_diagonal_up_left_down_right,B,right,0,,,480,151.2000,345.7000,130.4000,192.4000,150.4000,0.0000,360.0000,343.6000,75.8000,0.0000,129.9000,0.0000,201.7000,0.0000,-0.85400,-0.03100,0.42400,4.73000,4.08000,-1.77000,0.06700,0.04600,0.89100,1.99000,-0.72000,-1.16000,9.6,0.7,1.0,1.0,0.885403,0.347093,1.093869,-0.268535,0.264103,1.315160,-0.089600,0.486000,0.869300,0.003200,0.133500,0.542300,0.828800,0.034500,0.660664,0.156729,1.250567,-0.262582,0.254817,1.313680,-1.437875,-1.117446,-1.732157,-1.913891,-3.184413,0.173714,0.893312,-0.837666,1.892870,1.029185,1.794022,-0.613521,-0.655136,2.201930,1,1,1.0000,1.0000,1,1,0,0,0.0000,0.0000,,,,,126963,124587,864,257,124700,123325,2263,1260,0,2,0.56443,0.10278,0
1786018553.6602,B_right_diagonal_up_left_down_right,B,right,0,,,481,151.2000,345.7000,130.4000,192.4000,150.4000,0.0000,360.0000,343.6000,75.8000,0.0000,129.9000,0.0000,201.7000,0.0000,-0.85400,-0.03100,0.42400,4.73000,4.08000,-1.77000,0.06700,0.04600,0.89100,1.99000,-0.72000,-1.16000,9.3,1.1,1.0,1.0,0.885403,0.347093,1.093869,-0.268535,0.264103,1.315160,-0.089600,0.486000,0.869300,0.003200,0.133500,0.542300,0.828800,0.034500,0.660664,0.156729,1.250567,-0.262582,0.254817,1.313680,-1.443595,-1.123166,-1.728351,-1.908171,-3.181735,0.179434,0.897029,-0.837666,1.892870,1.029185,1.794022,-0.613521,-0.655136,2.201930,1,1,1.0000,1.0000,1,1,0,0,0.0000,0.0000,,,,,7422,8085,819,227,5464,6885,1958,1200,0,0,0.57425,0.10136,0
1786018553.6783,B_right_diagonal_up_left_down_right,B,right,0,,,482,151.2000,345.7000,130.4000,192.4000,150.4000,0.0000,360.0000,343.6000,75.8000,0.0000,129.9000,0.0000,201.7000,0.0000,-0.85400,-0.03100,0.42400,4.73000,4.08000,-1.77000,0.06700,0.04600,0.89100,1.99000,-0.72000,-1.16000,9.3,1.1,1.0,1.0,0.885403,0.347093,1.093869,-0.268535,0.264103,1.315160,-0.089600,0.486000,0.869300,0.003200,0.133500,0.542300,0.828800,0.034500,0.660664,0.156729,1.250567,-0.262582,0.254817,1.313680,-1.466753,-1.146324,-1.712945,-1.885013,-3.170894,0.202592,0.912077,-0.837666,1.892870,1.029185,1.794022,-0.613521,-0.655136,2.201930,1,1,1.0000,1.0000,1,1,0,0,0.0000,0.0000,,,,,7422,8085,820,228,5464,6885,1958,1200,0,0,0.57425,0.10136,0
1786018553.7131,B_right_diagonal_up_left_down_right,B,right,0,,,483,151.2000,345.7000,130.4000,192.4000,150.4000,0.0000,360.0000,343.6000,75.8000,0.0000,129.9000,0.0000,201.7000,0.0000,-0.85400,-0.03100,0.42400,4.73000,4.08000,-1.77000,0.06700,0.04600,0.89100,1.99000,-0.72000,-1.16000,9.3,1.1,1.0,1.0,0.885403,0.347093,1.093869,-0.268535,0.264103,1.315160,-0.089600,0.486000,0.869300,0.003200,0.133500,0.542300,0.828800,0.034500,0.639517,0.172275,1.248377,-0.270146,0.269340,1.314236,-1.484199,-1.163770,-1.701338,-1.867567,-3.162727,0.220038,0.923414,-0.837666,1.892870,1.029185,1.794022,-0.613521,-0.655136,2.201930,1,1,1.0000,1.0000,1,1,0,0,0.0000,0.0000,,,,,7422,8085,820,228,5464,6885,1958,1200,0,0,0.57425,0.10136,0
1786018553.7225,B_right_diagonal_up_left_down_right,B,right,0,,,484,151.2000,345.7000,130.4000,192.4000,150.4000,0.0000,360.0000,343.6000,75.8000,0.0000,129.9000,0.0000,201.7000,0.0000,-0.85400,-0.03100,0.42400,4.73000,4.08000,-1.77000,0.06700,0.04600,0.89100,1.99000,-0.72000,-1.16000,9.3,1.1,1.0,1.0,0.885403,0.347093,1.093869,-0.268535,0.264103,1.315160,-0.089600,0.486000,0.869300,0.003200,0.133500,0.542300,0.828800,0.034500,0.639517,0.172275,1.248377,-0.270146,0.269340,1.314236,-1.484199,-1.163770,-1.701338,-1.867567,-3.162727,0.220038,0.923414,-0.837666,1.892870,1.029185,1.794022,-0.613521,-0.655136,2.201930,1,1,1.0000,1.0000,1,1,0,0,0.0000,0.0000,,,,,7422,8085,820,228,5464,6885,1958,1200,0,0,0.57425,0.10136,0
1786018553.7380,B_right_diagonal_up_left_down_right,B,right,0,,,485,151.1000,345.7000,130.4000,192.4000,148.1000,0.0000,360.0000,343.6000,76.0000,0.0000,129.1000,0.0000,202.0000,0.0000,-0.81700,-0.06200,0.41900,1.69000,-2.57000,5.59000,0.08300,0.07000,0.95400,5.37000,-4.21000,-0.39000,10.0,0.8,1.0,1.0,0.741211,0.038989,1.293344,0.046626,0.219845,1.225799,-0.089600,0.486000,0.869300,0.003200,0.133500,0.542300,0.828800,0.034500,0.639517,0.172275,1.248377,-0.270146,0.269340,1.314236,-1.495186,-1.174756,-1.694029,-1.856581,-3.157584,0.231024,0.930553,-0.837666,1.892870,1.029185,1.794022,-0.613521,-0.655136,2.201930,1,1,1.0000,1.0000,1,1,0,0,0.0000,0.0000,,,,,7422,8085,820,228,5464,6885,1958,1200,0,0,0.57425,0.10136,0
1786018553.7662,B_right_diagonal_up_left_down_right,B,right,0,,,486,151.1000,345.7000,130.4000,192.4000,149.1000,17.0000,360.0000,34.6000,76.0000,0.0000,129.0000,0.0000,202.0000,0.0000,-0.82300,-0.05200,0.40300,2.19000,-3.08000,7.43000,0.10500,0.07800,0.95800,7.27000,-4.73000,0.85000,9.8,0.5,1.0,1.0,0.742397,0.038932,1.293531,0.046812,0.219911,1.227152,-0.089600,0.486000,0.869300,0.003200,0.133500,0.542300,0.828800,0.034500,0.639517,0.172275,1.248377,-0.270146,0.269340,1.314236,-1.500841,-1.180412,-1.690266,-1.850925,-3.154936,0.236680,0.934228,-0.837666,1.892870,1.029185,1.794022,-0.613521,-0.655136,2.201930,1,1,1.0000,1.0000,1,0,0,1,0.0000,0.0183,,,,,7422,124587,820,257,5464,123325,1958,1260,0,2,0.57425,0.10278,0
1786018553.7806,B_right_diagonal_up_left_down_right,B,right,0,,,487,151.1000,345.7000,130.4000,192.4000,149.1000,17.0000,360.0000,34.6000,76.0000,0.0000,129.0000,0.0000,202.0000,0.0000,-0.82300,-0.05200,0.40300,2.19000,-3.08000,7.43000,0.10500,0.07800,0.95800,7.27000,-4.73000,0.85000,9.8,0.5,1.0,1.0,0.742397,0.038932,1.293531,0.046812,0.219911,1.227152,-0.089600,0.486000,0.869300,0.003200,0.133500,0.542300,0.828800,0.034500,0.627193,0.180428,1.247628,-0.277459,0.282020,1.314973,-1.506376,-1.185947,-1.686584,-1.845390,-3.152345,0.242214,0.937824,-0.837666,1.892870,1.029185,1.794022,-0.613521,-0.655136,2.201930,1,1,1.0000,1.0000,1,0,0,1,0.0000,0.0183,,,,,126964,8085,865,228,124700,6885,2264,1200,0,0,0.46372,0.10136,0
1786018553.8043,B_right_diagonal_up_left_down_right,B,right,0,,,488,151.1000,345.7000,130.4000,192.4000,149.1000,17.0000,360.0000,34.6000,76.0000,0.0000,129.0000,0.0000,202.0000,0.0000,-0.82300,-0.05200,0.40300,2.19000,-3.08000,7.43000,0.10500,0.07800,0.95800,7.27000,-4.73000,0.85000,9.8,0.5,1.0,1.0,0.742397,0.038932,1.293531,0.046812,0.219911,1.227152,-0.089600,0.486000,0.869300,0.003200,0.133500,0.542300,0.828800,0.034500,0.627193,0.180428,1.247628,-0.277459,0.282020,1.314973,-1.534735,-1.214306,-1.667717,-1.817031,-3.139069,0.270574,0.956252,-0.837666,1.892870,1.029185,1.794022,-0.613521,-0.655136,2.201930,1,1,1.0000,1.0000,1,0,0,1,0.0000,0.0183,,,,,126965,124587,865,258,124700,123325,2265,1260,0,2,0.46372,0.10278,0
1786018553.8187,B_right_diagonal_up_left_down_right,B,right,0,,,489,151.1000,345.7000,130.4000,192.4000,149.1000,17.0000,360.0000,34.6000,76.0000,0.0000,129.0000,0.0000,202.0000,0.0000,-0.82300,-0.05200,0.40300,2.19000,-3.08000,7.43000,0.10500,0.07800,0.95800,7.27000,-4.73000,0.85000,9.8,0.5,1.0,1.0,0.742397,0.038932,1.293531,0.046812,0.219911,1.227152,-0.089600,0.486000,0.869300,0.003200,0.133500,0.542300,0.828800,0.034500,0.627193,0.180428,1.247628,-0.277459,0.282020,1.314973,-1.563362,-1.242933,-1.648672,-1.788404,-3.125668,0.299201,0.974854,-0.837666,1.892870,1.029185,1.794022,-0.613521,-0.655136,2.201930,1,1,1.0000,1.0000,1,0,0,1,0.0000,0.0183,,,,,126965,124587,865,258,124700,123325,2265,1260,0,2,0.46372,0.10278,0
1786018553.8497,B_right_diagonal_up_left_down_right,B,right,0,,,490,151.1000,345.7000,130.4000,192.4000,149.1000,17.0000,360.0000,34.6000,76.0000,0.0000,129.0000,0.0000,202.0000,0.0000,-0.82300,-0.05200,0.40300,2.19000,-3.08000,7.43000,0.10500,0.07800,0.95800,7.27000,-4.73000,0.85000,9.8,0.5,1.0,1.0,0.742397,0.038932,1.293531,0.046812,0.219911,1.227152,-0.089600,0.486000,0.869300,0.003200,0.133500,0.542300,0.828800,0.034500,0.647291,0.166638,1.249252,-0.277459,0.282020,1.314973,-1.569748,-1.249319,-1.644424,-1.782018,-3.122678,0.305586,0.979003,-0.835207,1.891065,1.032061,1.788022,-0.612406,-0.650175,2.204165,1,1,1.0000,1.0000,1,0,0,1,0.0000,0.0183,,,,,7423,8085,820,229,5464,6885,1959,1200,0,0,0.46372,0.10136,0
1786018553.8670,B_right_diagonal_up_left_down_right,B,right,0,,,491,151.1000,345.7000,130.4000,192.4000,149.1000,17.0000,360.0000,34.6000,76.0000,0.0000,129.0000,0.0000,202.0000,0.0000,-0.82300,-0.05200,0.40300,2.19000,-3.08000,7.43000,0.10500,0.07800,0.95800,7.27000,-4.73000,0.85000,9.8,0.5,1.0,1.0,0.742397,0.038932,1.293531,0.046812,0.219911,1.227152,-0.089600,0.486000,0.869300,0.003200,0.133500,0.542300,0.828800,0.034500,0.647291,0.166638,1.249252,-0.277459,0.282020,1.314973,-1.580464,-1.260035,-1.637295,-1.771302,-3.117662,0.316302,0.985966,-0.830593,1.887679,1.037457,1.776764,-0.610314,-0.640866,2.208358,1,1,1.0000,1.0000,1,0,0,1,0.0000,0.0183,,,,,7423,8085,820,229,5464,6885,1959,1200,0,0,0.46372,0.10136,0
1786018553.8818,B_right_diagonal_up_left_down_right,B,right,0,,,492,151.1000,345.7000,130.4000,192.4000,149.1000,17.0000,360.0000,34.6000,76.0000,0.0000,129.0000,0.0000,202.0000,0.0000,-0.82300,-0.05200,0.40300,2.19000,-3.08000,7.43000,0.10500,0.07800,0.95800,7.27000,-4.73000,0.85000,9.8,0.5,1.0,1.0,0.742397,0.038932,1.293531,0.046812,0.219911,1.227152,-0.089600,0.486000,0.869300,0.003200,0.133500,0.542300,0.828800,0.034500,0.647291,0.166638,1.249252,-0.277459,0.282020,1.314973,-1.597402,-1.276973,-1.626026,-1.754364,-3.109732,0.333241,0.996973,-0.823278,1.882309,1.046012,1.758915,-0.606997,-0.626106,2.215006,1,1,1.0000,1.0000,1,0,0,1,0.0000,0.0183,,,,,126965,124587,865,258,124700,123325,2265,1260,0,2,0.46372,0.10278,0
1786018553.9131,B_right_diagonal_up_left_down_right,B,right,0,,,493,151.1000,345.7000,130.4000,192.4000,149.1000,17.0000,360.0000,34.6000,76.0000,0.0000,129.0000,0.0000,202.0000,0.0000,-0.82300,-0.05200,0.40300,2.19000,-3.08000,7.43000,0.10500,0.07800,0.95800,7.27000,-4.73000,0.85000,9.8,0.5,1.0,1.0,0.742397,0.038932,1.293531,0.046812,0.219911,1.227152,-0.089600,0.486000,0.869300,0.003200,0.133500,0.542300,0.828800,0.034500,0.668665,0.149935,1.252227,-0.277459,0.282020,1.314973,-1.626213,-1.305784,-1.606858,-1.725553,-3.096244,0.362052,1.015694,-0.810827,1.873171,1.060574,1.728534,-0.601350,-0.600983,2.226322,1,1,1.0000,1.0000,1,0,0,1,0.0000,0.0183,,,,,7423,124587,820,258,5464,123325,1959,1260,0,2,0.46372,0.10278,0
1786018553.9270,B_right_diagonal_up_left_down_right,B,right,0,,,494,151.1000,345.7000,130.4000,192.4000,149.1000,17.0000,360.0000,34.6000,76.0000,0.0000,129.0000,0.0000,202.0000,0.0000,-0.82300,-0.05200,0.40300,2.19000,-3.08000,7.43000,0.10500,0.07800,0.95800,7.27000,-4.73000,0.85000,9.8,0.5,1.0,1.0,0.742397,0.038932,1.293531,0.046812,0.219911,1.227152,-0.089600,0.486000,0.869300,0.003200,0.133500,0.542300,0.828800,0.034500,0.668665,0.149935,1.252227,-0.277459,0.282020,1.314973,-1.637536,-1.317107,-1.599325,-1.714229,-3.090944,0.373375,1.023052,-0.805996,1.869625,1.066223,1.716748,-0.599160,-0.591237,2.230712,1,1,1.0000,1.0000,1,0,0,1,0.0000,0.0183,,,,,7423,124587,820,258,5464,123325,1959,1260,0,2,0.46372,0.10278,0
1786018553.9559,B_right_diagonal_up_left_down_right,B,right,0,,,495,151.2000,345.6000,130.5000,192.5000,149.2000,0.0000,360.0000,344.9000,76.1000,0.0000,127.3000,0.0000,201.9000,0.0000,-0.83400,-0.03100,0.41500,2.18000,0.65000,-2.92000,0.12500,0.08900,0.91100,-0.55000,-1.85000,3.40000,10.0,2.1,1.0,1.0,0.743294,0.038912,1.293659,0.047021,0.221745,1.229612,-0.089600,0.486000,0.869300,0.003200,0.133500,0.542300,0.828800,0.034500,0.668665,0.149935,1.252227,-0.277459,0.282020,1.314973,-1.661410,-1.340981,-1.583442,-1.690356,-3.079767,0.397249,1.038565,-0.795642,1.862025,1.078333,1.691483,-0.594464,-0.570345,2.240123,1,1,1.0000,1.0000,1,1,0,0,0.0000,0.0000,,,,,7423,8085,820,229,5464,6885,1959,1200,0,0,0.46372,0.10136,0
1786018553.9586,B_right_diagonal_up_left_down_right,B,right,0,,,496,151.2000,345.6000,130.5000,192.5000,149.2000,0.0000,360.0000,344.9000,76.1000,0.0000,127.3000,0.0000,201.9000,0.0000,-0.83400,-0.03100,0.41500,2.18000,0.65000,-2.92000,0.12500,0.08900,0.91100,-0.55000,-1.85000,3.40000,10.0,2.1,1.0,1.0,0.743294,0.038912,1.293659,0.047021,0.221745,1.229612,-0.089600,0.486000,0.869300,0.003200,0.133500,0.542300,0.828800,0.034500,0.668665,0.149935,1.252227,-0.277459,0.282020,1.314973,-1.661410,-1.340981,-1.583442,-1.690356,-3.079767,0.397249,1.038565,-0.795642,1.862025,1.078333,1.691483,-0.594464,-0.570345,2.240123,1,1,1.0000,1.0000,1,1,0,0,0.0000,0.0000,,,,,7423,124587,820,258,5464,123325,1959,1260,0,2,0.46372,0.10278,0
1786018553.9827,B_right_diagonal_up_left_down_right,B,right,0,,,497,151.3000,345.6000,130.5000,192.5000,149.9000,0.0000,360.0000,344.9000,76.1000,0.0000,127.3000,0.0000,201.9000,0.0000,-0.83000,-0.05000,0.40800,-0.49000,2.78000,-0.74000,0.12500,0.08900,0.91100,-0.55000,-1.85000,3.40000,9.6,2.1,1.0,1.0,0.675119,0.346341,1.244260,0.047021,0.221745,1.229612,-0.089600,0.486000,0.869300,0.003200,0.133500,0.542300,0.828800,0.034500,0.687725,0.132788,1.256325,-0.277459,0.282020,1.314973,-1.671530,-1.351101,-1.576709,-1.680236,-3.075030,0.407369,1.045141,-0.791273,1.858819,1.083443,1.680823,-0.592483,-0.561530,2.244093,1,1,1.0000,1.0000,1,1,0,0,0.0000,0.0000,,,,,126966,124587,865,258,124701,123325,2265,1260,0,2,0.49029,0.10278,0
1786018554.0011,B_right_diagonal_up_left_down_right,B,right,0,,,498,151.3000,345.6000,130.5000,192.5000,149.9000,0.0000,360.0000,344.9000,76.1000,0.0000,127.3000,0.0000,201.9000,0.0000,-0.83000,-0.05000,0.40800,-0.49000,2.78000,-0.74000,0.12500,0.08900,0.91100,-0.55000,-1.85000,3.40000,9.6,2.1,1.0,1.0,0.675119,0.346341,1.244260,0.047021,0.221745,1.229612,-0.089600,0.486000,0.869300,0.003200,0.133500,0.542300,0.828800,0.034500,0.687725,0.132788,1.256325,-0.277459,0.282020,1.314973,-1.671530,-1.351101,-1.576709,-1.680236,-3.075030,0.407369,1.045141,-0.791273,1.858819,1.083443,1.680823,-0.592483,-0.561530,2.244093,1,1,1.0000,1.0000,1,1,0,0,0.0000,0.0000,,,,,126966,124587,865,258,124701,123325,2265,1260,0,2,0.49029,0.10278,0
1786018554.0271,B_right_diagonal_up_left_down_right,B,right,0,,,499,151.3000,345.6000,130.5000,192.5000,149.9000,0.0000,360.0000,345.2000,76.1000,0.0000,126.8000,0.0000,202.1000,0.0000,-0.83000,-0.05000,0.40800,-0.49000,2.78000,-0.74000,0.11000,0.06900,0.87200,-1.13000,-0.14000,6.11000,9.6,2.1,1.0,1.0,0.675119,0.346341,1.244260,-0.961179,0.416098,1.666607,-0.089600,0.486000,0.869300,0.003200,0.133500,0.542300,0.828800,0.034500,0.687725,0.132788,1.256325,-0.277459,0.282020,1.314973,-1.677518,-1.357088,-1.572726,-1.674248,-3.072227,0.413356,1.049032,-0.788684,1.856918,1.086471,1.674505,-0.591309,-0.556306,2.246446,1,0,1.0000,1.0000,1,1,0,0,0.0000,0.0000,,,,,126966,8085,865,229,124701,6885,2265,1200,0,0,0.49029,0.10136,0
1786018554.0442,B_right_diagonal_up_left_down_right,B,right,0,,,500,513.0000,345.6000,130.5000,192.5000,151.6000,0.0000,360.0000,345.3000,76.2000,0.0000,126.3000,0.0000,202.1000,0.0000,-0.84000,-0.05900,0.41900,2.07000,-1.57000,-0.90000,0.14200,0.10800,0.92300,-3.87000,4.56000,5.66000,9.4,0.9,1.0,1.0,0.885491,0.347484,1.093867,-0.262003,0.253902,1.319026,-0.089600,0.486000,0.869300,0.003200,0.133500,0.542300,0.828800,0.034500,0.699679,0.119680,1.260072,-0.277459,0.282020,1.314973,-1.689711,-1.369282,-1.564614,-1.662055,-3.066518,0.425550,1.056955,-0.783437,1.853067,1.092607,1.661704,-0.588930,-0.545720,2.251215,1,1,1.0000,1.0000,1,1,0,0,0.0000,0.0000,,,,,126966,8085,865,229,124701,6885,2265,1200,0,0,0.49029,0.10136,0
1786018554.0642,B_right_diagonal_up_left_down_right,B,right,0,,,501,513.0000,345.6000,130.5000,192.5000,151.6000,0.0000,360.0000,345.3000,76.2000,0.0000,126.3000,0.0000,202.1000,0.0000,-0.84000,-0.05900,0.41900,2.07000,-1.57000,-0.90000,0.14200,0.10800,0.92300,-3.87000,4.56000,5.66000,9.2,1.4,1.0,1.0,0.885491,0.347484,1.093867,-0.262003,0.253902,1.319026,-0.089600,0.486000,0.869300,0.003200,0.133500,0.542300,0.828800,0.034500,0.699679,0.119680,1.260072,-0.277459,0.282020,1.314973,-1.694483,-1.374054,-1.561439,-1.657283,-3.064285,0.430321,1.060056,-0.781362,1.851544,1.095034,1.656639,-0.587989,-0.541532,2.253101,1,1,1.0000,1.0000,1,1,0,0,0.0000,0.0000,,,,,7424,124587,820,258,5465,123325,1959,1260,0,2,0.49029,0.10278,0
1786018554.0878,B_right_diagonal_up_left_down_right,B,right,0,,,502,513.0000,345.6000,130.5000,192.5000,151.6000,0.0000,360.0000,345.3000,76.2000,0.0000,126.3000,0.0000,202.1000,0.0000,-0.84000,-0.05900,0.41900,2.07000,-1.57000,-0.90000,0.14200,0.10800,0.92300,-3.87000,4.56000,5.66000,9.2,1.4,1.0,1.0,0.885491,0.347484,1.093867,-0.262003,0.253902,1.319026,-0.089600,0.486000,0.869300,0.003200,0.133500,0.542300,0.828800,0.034500,0.699679,0.119680,1.260072,-0.277459,0.282020,1.314973,-1.716786,-1.396365,-1.546600,-1.634981,3.229348,0.452645,1.074550,-0.768732,1.842274,1.109805,1.625823,-0.582261,-0.516049,2.264579,1,1,1.0000,1.0000,1,1,0,0,0.0000,0.0000,,,,,126967,8085,865,229,124701,6885,2266,1200,0,0,0.50824,0.10136,0
1786018554.1090,B_right_diagonal_up_left_down_right,B,right,0,,,503,513.0000,345.6000,130.5000,192.5000,151.6000,0.0000,360.0000,345.3000,76.2000,0.0000,126.3000,0.0000,202.1000,0.0000,-0.84000,-0.05900,0.41900,2.07000,-1.57000,-0.90000,0.14200,0.10800,0.92300,-3.87000,4.56000,5.66000,9.2,1.4,1.0,1.0,0.885491,0.347484,1.093867,-0.262003,0.253902,1.319026,-0.089600,0.486000,0.869300,0.003200,0.133500,0.542300,0.828800,0.034500,0.699679,0.119680,1.260072,-0.277459,0.282020,1.314973,-1.716331,-1.395920,-1.546900,-1.635437,3.229144,0.452217,1.074256,-0.766015,1.840280,1.112983,1.619193,-0.581029,-0.510567,2.267049,1,1,1.0000,1.0000,1,1,0,0,0.0000,0.0000,,,,,7425,124587,820,258,5465,123325,1960,1260,0,2,0.50824,0.10278,0
1786018554.1179,B_right_diagonal_up_left_down_right,B,right,0,,,504,513.0000,345.6000,130.5000,192.5000,151.6000,0.0000,360.0000,345.3000,76.2000,0.0000,126.3000,0.0000,202.1000,0.0000,-0.84000,-0.05900,0.41900,2.07000,-1.57000,-0.90000,0.14200,0.10800,0.92300,-3.87000,4.56000,5.66000,9.2,1.4,1.0,1.0,0.885491,0.347484,1.093867,-0.262003,0.253902,1.319026,-0.089600,0.486000,0.869300,0.003200,0.133500,0.542300,0.828800,0.034500,0.699427,0.120698,1.260025,-0.277459,0.282020,1.314973,-1.715763,-1.395365,-1.547275,-1.636007,3.228889,0.451682,1.073890,-0.766015,1.840280,1.112983,1.619193,-0.581029,-0.510567,2.267049,1,1,1.0000,1.0000,1,1,0,0,0.0000,0.0000,,,,,7425,124587,820,258,5465,123325,1960,1260,0,2,0.50824,0.10278,0
1786018554.1503,B_right_diagonal_up_left_down_right,B,right,0,,,505,513.0000,345.6000,130.5000,192.5000,151.6000,0.0000,360.0000,345.3000,76.2000,0.0000,126.3000,0.0000,202.1000,0.0000,-0.84000,-0.05900,0.41900,2.07000,-1.57000,-0.90000,0.14200,0.10800,0.92300,-3.87000,4.56000,5.66000,9.2,1.4,1.0,1.0,0.885491,0.347484,1.093867,-0.262003,0.253902,1.319026,-0.089600,0.486000,0.869300,0.003200,0.133500,0.542300,0.828800,0.034500,0.699427,0.120698,1.260025,-0.277459,0.282020,1.314973,-1.709772,-1.389375,-1.551349,-1.641997,3.226125,0.445912,1.069900,-0.766015,1.840280,1.112983,1.619193,-0.581029,-0.510567,2.267049,1,1,1.0000,1.0000,1,1,0,0,0.0000,0.0000,,,,,126967,8085,865,229,124701,6885,2266,1200,0,0,0.50824,0.10136,0
1786018554.1685,B_right_diagonal_up_left_down_right,B,right,0,,,506,513.0000,345.6000,130.5000,192.5000,151.6000,0.0000,360.0000,345.3000,76.2000,0.0000,126.3000,0.0000,202.1000,0.0000,-0.84000,-0.05900,0.41900,2.07000,-1.57000,-0.90000,0.14200,0.10800,0.92300,-3.87000,4.56000,5.66000,9.2,1.4,1.0,1.0,0.885491,0.347484,1.093867,-0.262003,0.253902,1.319026,-0.089600,0.486000,0.869300,0.003200,0.133500,0.542300,0.828800,0.034500,0.699427,0.120698,1.260025,-0.277459,0.282020,1.314973,-1.704290,-1.383893,-1.555078,-1.647479,3.223595,0.440632,1.066249,-0.766015,1.840280,1.112983,1.619193,-0.581029,-0.510567,2.267049,1,1,1.0000,1.0000,1,1,0,0,0.0000,0.0000,,,,,7425,124587,820,258,5465,123325,1960,1260,0,2,0.50824,0.10278,0
1786018554.1860,B_right_diagonal_up_left_down_right,B,right,0,,,507,513.0000,345.6000,130.5000,192.5000,151.6000,0.0000,360.0000,345.3000,76.2000,0.0000,126.3000,0.0000,202.1000,0.0000,-0.84000,-0.05900,0.41900,2.07000,-1.57000,-0.90000,0.14200,0.10800,0.92300,-3.87000,4.56000,5.66000,9.2,1.4,1.0,1.0,0.885491,0.347484,1.093867,-0.262003,0.253902,1.319026,-0.089600,0.486000,0.869300,0.003200,0.133500,0.542300,0.828800,0.034500,0.699170,0.121715,1.259980,-0.277459,0.282020,1.314973,-1.692034,-1.371636,-1.563414,-1.659735,3.217939,0.428826,1.058086,-0.766015,1.840280,1.112983,1.619193,-0.581029,-0.510567,2.267049,1,1,1.0000,1.0000,1,1,0,0,0.0000,0.0000,,,,,7425,124587,820,259,5465,123325,1960,1260,0,2,0.50824,0.10278,0
1786018554.2021,B_right_diagonal_up_left_down_right,B,right,0,,,508,513.0000,345.6000,130.5000,192.5000,151.6000,0.0000,360.0000,345.3000,76.2000,0.0000,126.3000,0.0000,202.1000,0.0000,-0.84000,-0.05900,0.41900,2.07000,-1.57000,-0.90000,0.14200,0.10800,0.92300,-3.87000,4.56000,5.66000,9.2,1.4,1.0,1.0,0.885491,0.347484,1.093867,-0.262003,0.253902,1.319026,-0.089600,0.486000,0.869300,0.003200,0.133500,0.542300,0.828800,0.034500,0.699170,0.121715,1.259980,-0.277459,0.282020,1.314973,-1.686227,-1.365829,-1.567363,-1.665542,3.215259,0.423232,1.054217,-0.766015,1.840280,1.112983,1.619193,-0.581029,-0.510567,2.267049,1,1,1.0000,1.0000,1,1,0,0,0.0000,0.0000,,,,,126967,8085,865,229,124701,6885,2266,1200,0,0,0.50824,0.10136,0
1786018554.2307,B_right_diagonal_up_left_down_right,B,right,0,,,509,513.0000,345.6000,130.5000,192.5000,151.6000,0.0000,360.0000,345.3000,76.2000,0.0000,126.3000,0.0000,202.1000,0.0000,-0.84000,-0.05900,0.41900,2.07000,-1.57000,-0.90000,0.14200,0.10800,0.92300,-3.87000,4.56000,5.66000,9.2,1.4,1.0,1.0,0.885491,0.347484,1.093867,-0.262003,0.253902,1.319026,-0.089600,0.486000,0.869300,0.003200,0.133500,0.542300,0.828800,0.034500,0.699170,0.121715,1.259980,-0.277459,0.282020,1.314973,-1.674009,-1.353610,-1.575674,-1.677760,3.209621,0.411463,1.046079,-0.766015,1.840280,1.112983,1.619193,-0.581029,-0.510567,2.267049,1,1,1.0000,1.0000,1,1,0,0,0.0000,0.0000,,,,,126967,8085,865,230,124701,6885,2266,1200,0,0,0.50824,0.10136,0
1786018554.2435,B_right_diagonal_up_left_down_right,B,right,0,,,510,513.0000,345.6000,130.5000,192.5000,151.6000,0.0000,360.0000,345.3000,76.2000,0.0000,126.3000,0.0000,202.1000,0.0000,-0.84000,-0.05900,0.41900,2.07000,-1.57000,-0.90000,0.14200,0.10800,0.92300,-3.87000,4.56000,5.66000,9.2,1.4,1.0,1.0,0.885491,0.347484,1.093867,-0.262003,0.253902,1.319026,-0.089600,0.486000,0.869300,0.003200,0.133500,0.542300,0.828800,0.034500,0.699170,0.121715,1.259980,-0.277459,0.282020,1.314973,-1.667781,-1.347382,-1.579910,-1.683989,3.206747,0.405464,1.041931,-0.766015,1.840280,1.112983,1.619193,-0.581029,-0.510567,2.267049,1,1,1.0000,1.0000,1,1,0,0,0.0000,0.0000,,,,,7425,124587,820,259,5465,123325,1960,1260,0,2,0.50824,0.10278,0
1786018554.2682,B_right_diagonal_up_left_down_right,B,right,0,,,511,513.0000,345.6000,130.5000,192.5000,151.6000,0.0000,360.0000,345.3000,76.2000,0.0000,126.3000,0.0000,202.1000,0.0000,-0.84000,-0.05900,0.41900,2.07000,-1.57000,-0.90000,0.14200,0.10800,0.92300,-3.87000,4.56000,5.66000,9.2,1.4,1.0,1.0,0.885491,0.347484,1.093867,-0.262003,0.253902,1.319026,-0.089600,0.486000,0.869300,0.003200,0.133500,0.542300,0.828800,0.034500,0.698911,0.122727,1.259937,-0.277459,0.282020,1.314973,-1.656389,-1.335989,-1.587658,-1.695381,3.201489,0.394491,1.034343,-0.766015,1.840280,1.112983,1.619193,-0.581029,-0.510567,2.267049,1,1,1.0000,1.0000,1,1,0,0,0.0000,0.0000,,,,,7425,124587,820,259,5465,123325,1960,1260,0,2,0.50824,0.10278,0
1786018554.2814,B_right_diagonal_up_left_down_right,B,right,0,,,512,513.0000,345.6000,130.5000,192.5000,151.6000,0.0000,360.0000,345.3000,76.2000,0.0000,126.3000,0.0000,202.1000,0.0000,-0.84000,-0.05900,0.41900,2.07000,-1.57000,-0.90000,0.14200,0.10800,0.92300,-3.87000,4.56000,5.66000,9.2,1.4,1.0,1.0,0.885491,0.347484,1.093867,-0.262003,0.253902,1.319026,-0.089600,0.486000,0.869300,0.003200,0.133500,0.542300,0.828800,0.034500,0.698911,0.122727,1.259937,-0.277459,0.282020,1.314973,-1.656389,-1.335989,-1.587658,-1.695381,3.201489,0.394491,1.034343,-0.766015,1.840280,1.112983,1.619193,-0.581029,-0.510567,2.267049,1,1,1.0000,1.0000,1,1,0,0,0.0000,0.0000,,,,,7425,8085,821,230,5465,6885,1960,1200,0,0,0.50824,0.10136,0
1786018554.3175,B_right_diagonal_up_left_down_right,B,right,0,,,513,151.1000,345.7000,130.5000,192.8000,150.8000,0.0000,360.0000,345.3000,76.2000,0.0000,126.9000,0.0000,199.4000,0.0000,-0.82300,-0.04900,0.42900,3.14000,8.40000,2.05000,0.09700,0.11600,0.95100,4.46000,2.73000,2.79000,9.8,1.8,1.0,1.0,0.677361,0.346247,1.223315,-0.961179,0.416098,1.666607,-0.089600,0.486000,0.869300,0.003200,0.133500,0.542300,0.828800,0.034500,0.698911,0.122727,1.259937,-0.277459,0.282020,1.314973,-1.638401,-1.318001,-1.599893,-1.713368,3.193189,0.377164,1.022362,-0.766015,1.840280,1.112983,1.619193,-0.581029,-0.510567,2.267049,1,0,1.0000,1.0000,1,1,0,0,0.0000,0.0000,,,,,7425,8085,821,230,5465,6885,1960,1200,0,0,0.50824,0.10136,0
1786018554.3300,B_right_diagonal_up_left_down_right,B,right,0,,,514,151.1000,345.7000,130.5000,192.8000,150.8000,0.0000,360.0000,345.3000,76.2000,0.0000,126.9000,0.0000,199.4000,0.0000,-0.82300,-0.04900,0.42900,3.14000,8.40000,2.05000,0.09700,0.11600,0.95100,4.46000,2.73000,2.79000,9.8,1.8,1.0,1.0,0.677361,0.346247,1.223315,-0.961179,0.416098,1.666607,-0.089600,0.486000,0.869300,0.003200,0.133500,0.542300,0.828800,0.034500,0.697127,0.128621,1.259870,-0.277459,0.282020,1.314973,-1.626443,-1.306042,-1.608026,-1.725326,3.187670,0.365646,1.014397,-0.766015,1.840280,1.112983,1.619193,-0.581029,-0.510567,2.267049,1,0,1.0000,1.0000,1,1,0,0,0.0000,0.0000,,,,,7425,8085,821,230,5465,6885,1960,1200,0,0,0.50824,0.10136,0
1786018554.3514,B_right_diagonal_up_left_down_right,B,right,0,,,515,151.1000,345.7000,130.5000,192.8000,150.8000,0.0000,360.0000,345.3000,76.2000,0.0000,126.9000,0.0000,199.4000,0.0000,-0.82300,-0.04900,0.42900,3.14000,8.40000,2.05000,0.09700,0.11600,0.95100,4.46000,2.73000,2.79000,9.8,1.8,1.0,1.0,0.677361,0.346247,1.223315,-0.961179,0.416098,1.666607,-0.089600,0.486000,0.869300,0.003200,0.133500,0.542300,0.828800,0.034500,0.697127,0.128621,1.259870,-0.277459,0.282020,1.314973,-1.626443,-1.306042,-1.608026,-1.725326,3.187670,0.365646,1.014397,-0.766015,1.840280,1.112983,1.619193,-0.581029,-0.510567,2.267049,1,0,1.0000,1.0000,1,1,0,0,0.0000,0.0000,,,,,7425,8085,821,230,5465,6885,1960,1200,0,0,0.50824,0.10136,0
1786018554.3604,B_right_diagonal_up_left_down_right,B,right,0,,,516,151.1000,345.7000,130.5000,192.8000,150.8000,0.0000,360.0000,345.3000,76.2000,0.0000,126.9000,0.0000,199.4000,0.0000,-0.82300,-0.04900,0.42900,3.14000,8.40000,2.05000,0.09700,0.11600,0.95100,4.46000,2.73000,2.79000,9.8,1.8,1.0,1.0,0.677361,0.346247,1.223315,-0.961179,0.416098,1.666607,-0.089600,0.486000,0.869300,0.003200,0.133500,0.542300,0.828800,0.034500,0.697127,0.128621,1.259870,-0.277459,0.282020,1.314973,-1.614235,-1.293834,-1.616330,-1.737534,3.182036,0.353886,1.006266,-0.766015,1.840280,1.112983,1.619193,-0.581029,-0.510567,2.267049,1,0,1.0000,1.0000,1,1,0,0,0.0000,0.0000,,,,,7425,124587,821,259,5465,123325,1960,1260,0,2,0.50824,0.10278,0
1786018554.3781,B_right_diagonal_up_left_down_right,B,right,0,,,517,151.0000,345.6000,130.5000,192.5000,151.5000,0.0000,360.0000,344.6000,76.1000,0.0000,126.5000,0.0000,198.4000,0.0000,-0.83300,-0.04100,0.40700,0.75000,0.27000,4.48000,0.11700,0.14100,0.91900,12.80000,-3.08000,-1.60000,11.0,3.3,1.0,1.0,0.744176,0.038843,1.293791,0.046787,0.222606,1.229020,-0.089600,0.486000,0.869300,0.003200,0.133500,0.542300,0.828800,0.034500,0.697127,0.128621,1.259870,-0.277459,0.282020,1.314973,-1.602262,-1.281861,-1.624473,-1.749507,3.176511,0.342354,0.998292,-0.766015,1.840280,1.112983,1.619193,-0.581029,-0.510567,2.267049,1,1,1.0000,1.0000,1,1,0,0,0.0000,0.0000,,,,,126968,124587,866,259,124701,123325,2267,1260,0,2,0.51907,0.10278,0
1786018554.4045,B_right_diagonal_up_left_down_right,B,right,0,,,518,151.0000,345.6000,130.5000,192.5000,151.5000,0.0000,360.0000,344.6000,76.1000,0.0000,126.5000,0.0000,198.4000,0.0000,-0.83300,-0.04100,0.40700,0.75000,0.27000,4.48000,0.11700,0.14100,0.91900,12.80000,-3.08000,-1.60000,9.3,2.1,1.0,1.0,0.744176,0.038843,1.293791,0.046787,0.222606,1.229020,-0.089600,0.486000,0.869300,0.003200,0.133500,0.542300,0.828800,0.034500,0.691179,0.145480,1.260085,-0.277459,0.282020,1.314973,-1.590596,-1.270347,-1.632257,-1.761289,3.171170,0.331404,0.990715,-0.766015,1.840280,1.112983,1.619193,-0.581029,-0.510567,2.267049,1,1,1.0000,1.0000,1,1,0,0,0.0000,0.0000,,,,,126968,124587,866,259,124701,123325,2267,1260,0,2,0.51907,0.10278,0
1786018554.4183,B_right_diagonal_up_left_down_right,B,right,0,,,519,151.0000,345.6000,130.5000,192.5000,151.5000,0.0000,360.0000,344.6000,76.1000,0.0000,126.5000,0.0000,198.4000,0.0000,-0.83300,-0.04100,0.40700,0.75000,0.27000,4.48000,0.11700,0.14100,0.91900,12.80000,-3.08000,-1.60000,9.3,2.1,1.0,1.0,0.744176,0.038843,1.293791,0.046787,0.222606,1.229020,-0.089600,0.486000,0.869300,0.003200,0.133500,0.542300,0.828800,0.034500,0.691179,0.145480,1.260085,-0.277459,0.282020,1.314973,-1.590596,-1.270347,-1.632257,-1.761289,3.171170,0.331404,0.990715,-0.766015,1.840280,1.112983,1.619193,-0.581029,-0.510567,2.267049,1,1,1.0000,1.0000,1,1,0,0,0.0000,0.0000,,,,,126968,124587,866,259,124701,123325,2267,1260,0,2,0.51907,0.10278,0
1786018554.4440,B_right_diagonal_up_left_down_right,B,right,0,,,520,151.1000,345.7000,130.5000,192.5000,152.0000,0.0000,360.0000,344.6000,76.1000,0.0000,126.5000,0.0000,198.4000,0.0000,-0.84500,-0.05400,0.39500,1.22000,-1.31000,5.57000,0.11700,0.14100,0.91900,12.80000,-3.08000,-1.60000,9.5,2.6,1.0,1.0,0.682127,0.346058,1.209213,0.046787,0.222606,1.229020,-0.089600,0.486000,0.869300,0.003200,0.133500,0.542300,0.828800,0.034500,0.691179,0.145480,1.260085,-0.277459,0.282020,1.314973,-1.590596,-1.270347,-1.632257,-1.761289,3.171170,0.331404,0.990715,-0.766015,1.840280,1.112983,1.619193,-0.581029,-0.510567,2.267049,1,1,1.0000,1.0000,1,1,0,0,0.0000,0.0000,,,,,126968,124587,866,259,124701,123325,2267,1260,0,2,0.51907,0.10278,0
1786018554.4715,B_right_diagonal_up_left_down_right,B,right,0,,,521,151.2000,345.7000,130.5000,192.5000,152.5000,0.0000,360.0000,344.5000,76.3000,0.0000,126.1000,0.0000,197.8000,0.0000,-0.85100,-0.04700,0.39300,1.69000,-1.27000,5.22000,0.10600,0.11900,0.89100,3.06000,0.99000,2.65000,9.7,2.6,1.0,1.0,0.746327,0.038785,1.294156,0.046584,0.223070,1.228583,-0.089600,0.486000,0.869300,0.003200,0.133500,0.542300,0.828800,0.034500,0.690563,0.147658,1.260273,-0.277459,0.282020,1.314973,-1.580529,-1.260554,-1.638834,-1.771563,3.166601,0.322223,0.984357,-0.766015,1.840280,1.112983,1.619193,-0.581029,-0.510567,2.267049,1,1,1.0000,1.0000,1,1,0,0,0.0000,0.0000,,,,,7426,8085,821,230,5465,6885,1961,1200,0,0,0.51907,0.10136,0
1786018554.4862,B_right_diagonal_up_left_down_right,B,right,0,,,522,151.2000,345.7000,130.5000,192.5000,152.5000,0.0000,360.0000,344.5000,76.3000,0.0000,126.1000,0.0000,197.8000,0.0000,-0.85100,-0.04700,0.39300,1.69000,-1.27000,5.22000,0.10600,0.11900,0.89100,3.06000,0.99000,2.65000,9.7,2.6,1.0,1.0,0.746327,0.038785,1.294156,0.046584,0.223070,1.228583,-0.089600,0.486000,0.869300,0.003200,0.133500,0.542300,0.828800,0.034500,0.690563,0.147658,1.260273,-0.277459,0.282020,1.314973,-1.580529,-1.260554,-1.638834,-1.771563,3.166601,0.322223,0.984357,-0.766015,1.840280,1.112983,1.619193,-0.581029,-0.510567,2.267049,1,1,1.0000,1.0000,1,1,0,0,0.0000,0.0000,,,,,7426,8085,821,230,5465,6885,1961,1200,0,0,0.51907,0.10136,0
1786018554.5009,B_right_diagonal_up_left_down_right,B,right,0,,,523,151.2000,345.7000,130.5000,192.5000,152.6000,0.0000,360.0000,344.4000,76.2000,0.0000,126.0000,0.0000,197.4000,0.0000,-0.86300,-0.05800,0.39400,3.49000,-0.98000,4.17000,0.09000,0.13300,0.89200,1.85000,-0.40000,3.38000,10.2,2.7,1.0,1.0,0.747994,0.038738,1.294442,0.046141,0.223251,1.226544,-0.089600,0.486000,0.869300,0.003200,0.133500,0.542300,0.828800,0.034500,0.690563,0.147658,1.260273,-0.277459,0.282020,1.314973,-1.575418,-1.255582,-1.642174,-1.776780,3.164281,0.317561,0.981129,-0.766015,1.840280,1.112983,1.619193,-0.581029,-0.510567,2.267049,1,1,1.0000,1.0000,1,1,0,0,0.0000,0.0000,,,,,7427,8085,821,230,5466,6885,1961,1200,0,0,0.51746,0.10136,0
1786018554.5507,B_right_diagonal_up_left_down_right,B,right,0,,,524,151.1000,345.7000,130.4000,192.5000,151.9000,0.0000,360.0000,344.1000,76.4000,0.0000,125.9000,0.0000,196.8000,0.0000,-0.84900,-0.04200,0.41600,3.37000,5.12000,1.50000,0.11900,0.12300,0.91400,-1.78000,-1.75000,1.04000,10.5,2.0,1.0,1.0,0.684326,0.345970,1.199144,-0.961179,0.416098,1.666607,-0.089600,0.486000,0.869300,0.003200,0.133500,0.542300,0.828800,0.034500,0.690839,0.147608,1.260399,-0.273930,0.276116,1.315462,-1.565142,-1.245008,-1.649082,-1.787289,-3.123823,0.307423,0.974208,-0.766015,1.840280,1.112983,1.619193,-0.581029,-0.510567,2.267049,1,0,1.0000,1.0000,1,1,0,0,0.0000,0.0000,,,,,7428,124587,821,260,5466,123325,1962,1260,0,2,0.51241,0.10278,0
1786018554.5513,B_right_diagonal_up_left_down_right,B,right,0,,,525,151.1000,345.7000,130.4000,192.5000,151.9000,0.0000,360.0000,344.1000,76.4000,0.0000,125.9000,0.0000,196.8000,0.0000,-0.84900,-0.04200,0.41600,3.37000,5.12000,1.50000,0.11900,0.12300,0.91400,-1.78000,-1.75000,1.04000,10.5,2.0,1.0,1.0,0.684326,0.345970,1.199144,-0.961179,0.416098,1.666607,-0.089600,0.486000,0.869300,0.003200,0.133500,0.542300,0.828800,0.034500,0.690839,0.147608,1.260399,-0.273930,0.276116,1.315462,-1.565142,-1.245008,-1.649082,-1.787289,-3.123823,0.307423,0.974208,-0.766015,1.840280,1.112983,1.619193,-0.581029,-0.510567,2.267049,1,0,1.0000,1.0000,1,1,0,0,0.0000,0.0000,,,,,7428,124587,821,260,5466,123325,1962,1260,0,2,0.51241,0.10278,0
1786018554.5622,B_right_diagonal_up_left_down_right,B,right,0,,,526,151.1000,345.7000,130.4000,192.5000,151.9000,0.0000,360.0000,344.1000,76.4000,0.0000,125.9000,0.0000,196.8000,0.0000,-0.84900,-0.04200,0.41600,3.37000,5.12000,1.50000,0.11900,0.12300,0.91400,-1.78000,-1.75000,1.04000,10.5,2.0,1.0,1.0,0.684326,0.345970,1.199144,-0.961179,0.416098,1.666607,-0.089600,0.486000,0.869300,0.003200,0.133500,0.542300,0.828800,0.034500,0.690839,0.147608,1.260399,-0.273930,0.276116,1.315462,-1.565503,-1.245157,-1.648914,-1.786929,-3.123748,0.307484,0.974285,-0.766015,1.840280,1.112983,1.619193,-0.581029,-0.510567,2.267049,1,0,1.0000,1.0000,1,1,0,0,0.0000,0.0000,,,,,126970,8085,866,231,124702,6885,2268,1200,0,0,0.51241,0.10136,0
1786018554.5795,B_right_diagonal_up_left_down_right,B,right,0,,,527,151.1000,345.7000,130.4000,192.5000,151.9000,0.0000,360.0000,344.1000,76.4000,0.0000,125.9000,0.0000,196.8000,0.0000,-0.84900,-0.04200,0.41600,3.37000,5.12000,1.50000,0.11900,0.12300,0.91400,-1.78000,-1.75000,1.04000,10.5,2.0,1.0,1.0,0.684326,0.345970,1.199144,-0.961179,0.416098,1.666607,-0.089600,0.486000,0.869300,0.003200,0.133500,0.542300,0.828800,0.034500,0.690839,0.147608,1.260399,-0.273930,0.276116,1.315462,-1.566519,-1.245577,-1.648442,-1.785912,-3.123537,0.307655,0.974503,-0.766015,1.840280,1.112983,1.619193,-0.581029,-0.510567,2.267049,1,0,1.0000,1.0000,1,1,0,0,0.0000,0.0000,,,,,126971,8085,866,231,124703,6885,2268,1200,0,0,0.51195,0.10136,0
1786018554.6123,B_right_diagonal_up_left_down_right,B,right,0,,,528,151.1000,345.7000,130.4000,192.5000,151.9000,0.0000,360.0000,344.1000,76.4000,0.0000,125.9000,0.0000,196.8000,0.0000,-0.84900,-0.04200,0.41600,3.37000,5.12000,1.50000,0.11900,0.12300,0.91400,-1.78000,-1.75000,1.04000,10.5,2.0,1.0,1.0,0.684326,0.345970,1.199144,-0.961179,0.416098,1.666607,-0.089600,0.486000,0.869300,0.003200,0.133500,0.542300,0.828800,0.034500,0.690856,0.147960,1.260531,-0.267002,0.263695,1.316007,-1.568590,-1.246432,-1.647480,-1.783840,-3.123107,0.308005,0.974946,-0.766015,1.840280,1.112983,1.619193,-0.581029,-0.510567,2.267049,1,0,1.0000,1.0000,1,1,0,0,0.0000,0.0000,,,,,7429,8085,821,231,5467,6885,1962,1200,0,0,0.51195,0.10136,0
1786018554.6191,B_right_diagonal_up_left_down_right,B,right,0,,,529,151.1000,345.7000,130.4000,192.5000,151.9000,0.0000,360.0000,344.1000,76.4000,0.0000,125.9000,0.0000,196.8000,0.0000,-0.84900,-0.04200,0.41600,3.37000,5.12000,1.50000,0.11900,0.12300,0.91400,-1.78000,-1.75000,1.04000,10.5,2.0,1.0,1.0,0.684326,0.345970,1.199144,-0.961179,0.416098,1.666607,-0.089600,0.486000,0.869300,0.003200,0.133500,0.542300,0.828800,0.034500,0.690856,0.147960,1.260531,-0.267002,0.263695,1.316007,-1.568590,-1.246432,-1.647480,-1.783840,-3.123107,0.308005,0.974946,-0.766015,1.840280,1.112983,1.619193,-0.581029,-0.510567,2.267049,1,0,1.0000,1.0000,1,1,0,0,0.0000,0.0000,,,,,7429,8085,821,231,5467,6885,1962,1200,0,0,0.51195,0.10136,0
1786018554.6381,B_right_diagonal_up_left_down_right,B,right,0,,,530,151.4000,345.7000,13052.0000,192.5000,151.1000,0.0000,360.0000,344.1000,76.4000,0.0000,125.9000,0.0000,196.8000,0.0000,-0.84400,-0.05800,0.41700,1.89000,-3.92000,-1.42000,0.11900,0.12300,0.91400,-1.78000,-1.75000,1.04000,10.0,1.5,1.0,1.0,0.685292,0.345996,1.191960,-0.961179,0.416098,1.666607,-0.089600,0.486000,0.869300,0.003200,0.133500,0.542300,0.828800,0.034500,0.690856,0.147960,1.260531,-0.267002,0.263695,1.316007,-1.568933,-1.246574,-1.647320,-1.783497,-3.123036,0.308063,0.975019,-0.766015,1.840280,1.112983,1.619193,-0.581029,-0.510567,2.267049,1,0,1.0000,1.0000,1,1,0,0,0.0000,0.0000,,,,,126972,124589,866,260,124703,123327,2269,1260,0,2,0.51222,0.14254,0
1786018554.6759,B_right_diagonal_up_left_down_right,B,right,0,,,531,151.2000,345.4000,130.5000,192.5000,151.7000,0.0000,360.0000,343.8000,76.3000,0.0000,125.7000,0.0000,196.4000,0.0000,-0.85500,-0.05200,0.40800,0.73000,-2.40000,-2.75000,0.12200,0.16000,0.92400,-2.11000,-0.82000,0.72000,9.7,0.9,1.0,1.0,0.749371,0.038685,1.294684,0.045985,0.222560,1.226306,-0.089600,0.486000,0.869300,0.003200,0.133500,0.542300,0.828800,0.034500,0.690546,0.148864,1.260676,-0.260793,0.251456,1.316558,-1.570304,-1.247140,-1.646683,-1.782126,-3.122751,0.308294,0.975312,-0.766015,1.840280,1.112983,1.619193,-0.581029,-0.510567,2.267049,1,1,1.0000,1.0000,1,1,0,0,0.0000,0.0000,,,,,126972,124589,866,260,124703,123327,2269,1260,0,2,0.51222,0.14254,0
1786018554.6985,B_right_diagonal_up_left_down_right,B,right,0,,,532,151.2000,345.5000,130.5000,192.5000,152.1000,0.0000,360.0000,343.8000,76.3000,0.0000,125.7000,0.0000,196.4000,0.0000,-0.85400,-0.04600,0.39300,0.53000,-2.13000,-3.40000,0.12200,0.16000,0.92400,-2.11000,-0.82000,0.72000,9.7,1.0,1.0,1.0,0.750088,0.038669,1.294807,0.045985,0.222560,1.226306,-0.089600,0.486000,0.869300,0.003200,0.133500,0.542300,0.828800,0.034500,0.690546,0.148864,1.260676,-0.260793,0.251456,1.316558,-1.570680,-1.247295,-1.646509,-1.781750,-3.122673,0.308357,0.975393,-0.766015,1.840280,1.112983,1.619193,-0.581029,-0.510567,2.267049,1,1,1.0000,1.0000,1,1,0,0,0.0000,0.0000,,,,,126972,8085,866,232,124703,6885,2269,1200,0,0,0.51222,0.10136,0
1786018554.6995,B_right_diagonal_up_left_down_right,B,right,0,,,533,151.2000,345.5000,130.5000,192.5000,152.1000,0.0000,360.0000,343.8000,76.3000,0.0000,125.7000,0.0000,196.4000,0.0000,-0.85400,-0.04600,0.39300,0.53000,-2.13000,-3.40000,0.12200,0.16000,0.92400,-2.11000,-0.82000,0.72000,9.7,1.0,1.0,1.0,0.750088,0.038669,1.294807,0.045985,0.222560,1.226306,-0.089600,0.486000,0.869300,0.003200,0.133500,0.542300,0.828800,0.034500,0.690546,0.148864,1.260676,-0.260793,0.251456,1.316558,-1.570680,-1.247295,-1.646509,-1.781750,-3.122673,0.308357,0.975393,-0.766015,1.840280,1.112983,1.619193,-0.581029,-0.510567,2.267049,1,1,1.0000,1.0000,1,1,0,0,0.0000,0.0000,,,,,126972,8085,866,232,124703,6885,2269,1200,0,0,0.51222,0.10136,0
1786018554.7311,B_right_diagonal_up_left_down_right,B,right,0,,,534,151.1000,345.6000,130.5000,192.5000,151.8000,0.0000,360.0000,343.7000,76.3000,0.0000,125.7000,0.0000,196.3000,0.0000,-0.82100,-0.05300,0.40600,3.10000,2.73000,-1.71000,0.11200,0.15900,0.93300,-3.47000,-1.30000,1.15000,10.2,1.7,1.0,1.0,0.685993,0.345947,1.186978,0.045853,0.221942,1.225720,-0.089600,0.486000,0.869300,0.003200,0.133500,0.542300,0.828800,0.034500,0.690546,0.148864,1.260676,-0.260793,0.251456,1.316558,-1.572406,-1.248008,-1.645707,-1.780023,-3.122315,0.308648,0.975762,-0.766015,1.840280,1.112983,1.619193,-0.581029,-0.510567,2.267049,1,1,1.0000,1.0000,1,1,0,0,0.0000,0.0000,,,,,7430,124589,822,260,5467,123327,1963,1260,0,2,0.51226,0.14254,0
1786018554.7497,B_right_diagonal_up_left_down_right,B,right,0,,,535,151.1000,345.6000,130.5000,192.5000,151.8000,0.0000,360.0000,343.6000,76.3000,0.0000,125.7000,0.0000,196.2000,0.0000,-0.82100,-0.05300,0.40600,3.10000,2.73000,-1.71000,0.10100,0.12700,0.93300,1.44000,-2.40000,-1.20000,10.2,1.7,1.0,1.0,0.685993,0.345947,1.186978,-0.961179,0.416098,1.666607,-0.089600,0.486000,0.869300,0.003200,0.133500,0.542300,0.828800,0.034500,0.690546,0.148864,1.260676,-0.260793,0.251456,1.316558,-1.572703,-1.248130,-1.645569,-1.779726,-3.122253,0.308698,0.975825,-0.766015,1.840280,1.112983,1.619193,-0.581029,-0.510567,2.267049,1,0,1.0000,1.0000,1,1,0,0,0.0000,0.0000,,,,,126973,8085,866,232,124703,6885,2270,1200,0,0,0.51226,0.10136,0
1786018554.7702,B_right_diagonal_up_left_down_right,B,right,0,,,536,151.1000,345.6000,130.5000,192.5000,151.8000,0.0000,360.0000,343.6000,76.3000,0.0000,125.7000,0.0000,196.2000,0.0000,-0.82100,-0.05300,0.40600,3.10000,2.73000,-1.71000,0.10100,0.12700,0.93300,1.44000,-2.40000,-1.20000,10.2,1.7,1.0,1.0,0.685993,0.345947,1.186978,-0.961179,0.416098,1.666607,-0.089600,0.486000,0.869300,0.003200,0.133500,0.542300,0.828800,0.034500,0.687493,0.157444,1.262384,-0.255280,0.239473,1.317207,-1.573047,-1.248272,-1.645409,-1.779382,-3.122182,0.308757,0.975899,-0.766015,1.840280,1.112983,1.619193,-0.581029,-0.510567,2.267049,1,0,1.0000,1.0000,1,1,0,0,0.0000,0.0000,,,,,7430,124589,822,260,5467,123327,1963,1260,0,2,0.51226,0.14254,0
1786018554.7882,B_right_diagonal_up_left_down_right,B,right,0,,,537,151.1000,345.6000,130.5000,192.5000,151.8000,0.0000,360.0000,343.6000,76.3000,0.0000,125.7000,0.0000,196.2000,0.0000,-0.82100,-0.05300,0.40600,3.10000,2.73000,-1.71000,0.10100,0.12700,0.93300,1.44000,-2.40000,-1.20000,10.2,1.7,1.0,1.0,0.685993,0.345947,1.186978,-0.961179,0.416098,1.666607,-0.089600,0.486000,0.869300,0.003200,0.133500,0.542300,0.828800,0.034500,0.687493,0.157444,1.262384,-0.255280,0.239473,1.317207,-1.579361,-1.251136,-1.642667,-1.773068,-3.120838,0.310682,0.977535,-0.766015,1.840280,1.112983,1.619193,-0.581029,-0.510567,2.267049,1,0,1.0000,1.0000,1,1,0,0,0.0000,0.0000,,,,,7431,124589,822,260,5468,123327,1963,1260,0,2,0.51202,0.14254,0
1786018554.8098,B_right_diagonal_up_left_down_right,B,right,0,,,538,151.1000,345.6000,130.5000,192.5000,151.8000,0.0000,360.0000,343.6000,76.3000,0.0000,125.7000,0.0000,196.2000,0.0000,-0.82100,-0.05300,0.40600,3.10000,2.73000,-1.71000,0.10100,0.12700,0.93300,1.44000,-2.40000,-1.20000,10.2,1.7,1.0,1.0,0.685993,0.345947,1.186978,-0.961179,0.416098,1.666607,-0.089600,0.486000,0.869300,0.003200,0.133500,0.542300,0.828800,0.034500,0.687493,0.157444,1.262384,-0.255280,0.239473,1.317207,-1.586068,-1.254192,-1.639766,-1.766361,-3.119409,0.312776,0.979290,-0.766015,1.840280,1.112983,1.619193,-0.581029,-0.510567,2.267049,1,0,1.0000,1.0000,1,1,0,0,0.0000,0.0000,,,,,126974,8085,866,232,124704,6885,2270,1200,0,0,0.51202,0.10136,0
1786018554.8234,B_right_diagonal_up_left_down_right,B,right,0,,,539,151.1000,345.6000,130.5000,192.5000,151.8000,0.0000,360.0000,343.6000,76.3000,0.0000,125.7000,0.0000,196.2000,0.0000,-0.82100,-0.05300,0.40600,3.10000,2.73000,-1.71000,0.10100,0.12700,0.93300,1.44000,-2.40000,-1.20000,10.2,1.7,1.0,1.0,0.685993,0.345947,1.186978,-0.961179,0.416098,1.666607,-0.089600,0.486000,0.869300,0.003200,0.133500,0.542300,0.828800,0.034500,0.687825,0.157305,1.262528,-0.255173,0.239227,1.317221,-1.591092,-1.256482,-1.637593,-1.761337,-3.118339,0.314346,0.980605,-0.766015,1.840280,1.112983,1.619193,-0.581029,-0.510567,2.267049,1,0,1.0000,1.0000,1,1,0,0,0.0000,0.0000,,,,,7431,124589,822,260,5468,123327,1963,1260,0,2,0.51202,0.14254,0
1786018554.8446,B_right_diagonal_up_left_down_right,B,right,0,,,540,151.1000,345.6000,130.5000,192.5000,151.8000,0.0000,360.0000,343.6000,76.3000,0.0000,125.7000,0.0000,196.2000,0.0000,-0.82100,-0.05300,0.40600,3.10000,2.73000,-1.71000,0.10100,0.12700,0.93300,1.44000,-2.40000,-1.20000,10.2,1.7,1.0,1.0,0.685993,0.345947,1.186978,-0.961179,0.416098,1.666607,-0.089600,0.486000,0.869300,0.003200,0.133500,0.542300,0.828800,0.034500,0.687825,0.157305,1.262528,-0.255173,0.239227,1.317221,-1.615111,-1.267428,-1.627203,-1.737318,-3.113222,0.321847,0.986889,-0.766015,1.840280,1.112983,1.619193,-0.581029,-0.510567,2.267049,1,0,1.0000,1.0000,1,1,0,0,0.0000,0.0000,,,,,7432,124589,822,260,5468,123327,1964,1260,0,2,0.50971,0.14254,0
1786018554.8590,B_right_diagonal_up_left_down_right,B,right,0,,,541,151.1000,345.6000,130.5000,192.5000,151.8000,0.0000,360.0000,343.6000,76.3000,0.0000,125.7000,0.0000,196.2000,0.0000,-0.82100,-0.05300,0.40600,3.10000,2.73000,-1.71000,0.10100,0.12700,0.93300,1.44000,-2.40000,-1.20000,10.2,1.7,1.0,1.0,0.685993,0.345947,1.186978,-0.961179,0.416098,1.666607,-0.089600,0.486000,0.869300,0.003200,0.133500,0.542300,0.828800,0.034500,0.687825,0.157305,1.262528,-0.255173,0.239227,1.317221,-1.632549,-1.275133,-1.619765,-1.719884,3.173567,0.327023,0.991279,-0.766015,1.840280,1.112983,1.619193,-0.581029,-0.510567,2.267049,1,0,1.0000,1.0000,1,1,0,0,0.0000,0.0000,,,,,7432,8085,822,233,5468,6885,1964,1200,0,0,0.50971,0.10136,0
1786018554.8957,B_right_diagonal_up_left_down_right,B,right,0,,,542,151.1000,345.6000,130.5000,192.5000,151.8000,0.0000,360.0000,343.6000,76.3000,0.0000,125.7000,0.0000,196.2000,0.0000,-0.82100,-0.05300,0.40600,3.10000,2.73000,-1.71000,0.10100,0.12700,0.93300,1.44000,-2.40000,-1.20000,10.2,1.7,1.0,1.0,0.685993,0.345947,1.186978,-0.961179,0.416098,1.666607,-0.089600,0.486000,0.869300,0.003200,0.133500,0.542300,0.828800,0.034500,0.687825,0.157305,1.262528,-0.255173,0.239227,1.317221,-1.632328,-1.274946,-1.619898,-1.720106,3.173480,0.326858,0.991159,-0.766015,1.840280,1.112983,1.619193,-0.581029,-0.510567,2.267049,1,0,1.0000,1.0000,1,1,0,0,0.0000,0.0000,,,,,126975,124589,866,261,124704,123327,2271,1260,0,2,0.50971,0.14254,0
1786018554.9024,B_right_diagonal_up_left_down_right,B,right,0,,,543,151.1000,345.6000,130.5000,192.5000,151.8000,0.0000,360.0000,343.6000,76.3000,0.0000,125.7000,0.0000,196.2000,0.0000,-0.82100,-0.05300,0.40600,3.10000,2.73000,-1.71000,0.10100,0.12700,0.93300,1.44000,-2.40000,-1.20000,10.2,1.7,1.0,1.0,0.685993,0.345947,1.186978,-0.961179,0.416098,1.666607,-0.089600,0.486000,0.869300,0.003200,0.133500,0.542300,0.828800,0.034500,0.687508,0.158177,1.262726,-0.255173,0.239227,1.317221,-1.632059,-1.274718,-1.620060,-1.720378,3.173374,0.326656,0.991013,-0.766015,1.840280,1.112983,1.619193,-0.581029,-0.510567,2.267049,1,0,1.0000,1.0000,1,1,0,0,0.0000,0.0000,,,,,126975,8085,866,233,124704,6885,2271,1200,0,0,0.50971,0.10136,0
1786018554.9188,B_right_diagonal_up_left_down_right,B,right,0,,,544,151.1000,345.6000,130.5000,192.5000,151.8000,0.0000,360.0000,343.6000,76.3000,0.0000,125.7000,0.0000,196.2000,0.0000,-0.82100,-0.05300,0.40600,3.10000,2.73000,-1.71000,0.10100,0.12700,0.93300,1.44000,-2.40000,-1.20000,10.2,1.7,1.0,1.0,0.685993,0.345947,1.186978,-0.961179,0.416098,1.666607,-0.089600,0.486000,0.869300,0.003200,0.133500,0.542300,0.828800,0.034500,0.687508,0.158177,1.262726,-0.255173,0.239227,1.317221,-1.633344,-1.275227,-1.619619,-1.719092,-3.109579,0.327143,0.991320,-0.766015,1.840280,1.112983,1.619193,-0.581029,-0.510567,2.267049,1,0,1.0000,1.0000,1,1,0,0,0.0000,0.0000,,,,,126975,8085,866,233,124704,6885,2271,1200,0,0,0.50971,0.10136,0
1786018554.9441,B_right_diagonal_up_left_down_right,B,right,0,,,545,151.2000,345.6000,130.5000,192.4000,151.0000,0.0000,360.0000,343.1000,76.8000,0.0000,125.7000,0.0000,195.5000,0.0000,-0.84400,-0.04500,0.42100,-0.29000,0.87000,0.05000,0.10200,0.12400,0.91400,-3.46000,0.60000,-2.77000,9.7,0.8,1.0,1.0,0.748233,0.038745,1.294495,0.045796,0.220691,1.225697,-0.089600,0.486000,0.869300,0.003200,0.133500,0.542300,0.828800,0.034500,0.687508,0.158177,1.262726,-0.255173,0.239227,1.317221,-1.633684,-1.275362,-1.619502,-1.718753,-3.109517,0.327271,0.991401,-0.766015,1.840280,1.112983,1.619193,-0.581029,-0.510567,2.267049,1,1,1.0000,1.0000,1,1,0,0,0.0000,0.0000,,,,,7432,124589,822,261,5468,123327,1964,1260,0,2,0.50971,0.14254,0
1786018554.9604,B_right_diagonal_up_left_down_right,B,right,0,,,546,151.2000,345.6000,130.5000,192.4000,151.0000,0.0000,360.0000,343.1000,76.8000,0.0000,125.7000,0.0000,195.5000,0.0000,-0.84400,-0.04500,0.42100,-0.29000,0.87000,0.05000,0.10200,0.12400,0.91400,-3.46000,0.60000,-2.77000,9.8,0.6,1.0,1.0,0.748233,0.038745,1.294495,0.045796,0.220691,1.225697,-0.089600,0.486000,0.869300,0.003200,0.133500,0.542300,0.828800,0.034500,0.687188,0.159046,1.262925,-0.255173,0.239227,1.317221,-1.633162,-1.274911,-1.619821,-1.719259,3.173457,0.326900,0.991113,-0.767872,1.842000,1.110300,1.625193,-0.581525,-0.515970,2.264613,1,1,1.0000,1.0000,1,1,0,0,0.0000,0.0000,,,,,7432,124589,822,261,5468,123327,1964,1260,0,2,0.50971,0.14254,0
1786018554.9839,B_right_diagonal_up_left_down_right,B,right,0,,,547,151.2000,345.6000,130.5000,192.4000,151.0000,0.0000,360.0000,343.1000,76.6000,0.0000,125.7000,0.0000,195.4000,0.0000,-0.84400,-0.04500,0.42100,-0.29000,0.87000,0.05000,0.11500,0.13100,0.92000,-2.40000,-0.10000,-0.09000,9.9,1.2,1.0,1.0,0.748233,0.038745,1.294495,-0.961179,0.416098,1.666607,-0.089600,0.486000,0.869300,0.003200,0.133500,0.542300,0.828800,0.034500,0.687188,0.159046,1.262925,-0.255173,0.239227,1.317221,-1.632888,-1.274673,-1.619989,-1.719518,3.173346,0.326711,0.990961,-0.769843,1.843826,1.107453,1.631562,-0.582052,-0.521706,2.262028,1,0,1.0000,1.0000,1,1,0,0,0.0000,0.0000,,,,,126975,8085,866,233,124704,6885,2271,1200,0,0,0.50971,0.10136,0
1786018555.0007,B_right_diagonal_up_left_down_right,B,right,0,,,548,151.2000,345.6000,130.5000,192.4000,151.0000,0.0000,360.0000,343.1000,76.6000,0.0000,125.7000,0.0000,195.4000,0.0000,-0.84400,-0.04500,0.42100,-0.29000,0.87000,0.05000,0.11500,0.13100,0.92000,-2.40000,-0.10000,-0.09000,9.3,2.1,1.0,1.0,0.748233,0.038745,1.294495,-0.961179,0.416098,1.666607,-0.089600,0.486000,0.869300,0.003200,0.133500,0.542300,0.828800,0.034500,0.687188,0.159046,1.262925,-0.255173,0.239227,1.317221,-1.632632,-1.274449,-1.620147,-1.719762,3.173241,0.326533,0.990818,-0.771583,1.845438,1.104938,1.637186,-0.582518,-0.526771,2.259745,1,0,1.0000,1.0000,1,1,0,0,0.0000,0.0000,,,,,7432,124589,822,261,5468,123327,1964,1260,0,2,0.50971,0.14254,0
1786018555.0260,B_right_diagonal_up_left_down_right,B,right,0,,,549,151.2000,345.6000,130.5000,192.4000,151.0000,0.0000,360.0000,343.1000,76.6000,0.0000,125.7000,0.0000,195.4000,0.0000,-0.84400,-0.04500,0.42100,-0.29000,0.87000,0.05000,0.11500,0.13100,0.92000,-2.40000,-0.10000,-0.09000,9.3,2.1,1.0,1.0,0.748233,0.038745,1.294495,-0.961179,0.416098,1.666607,-0.089600,0.486000,0.869300,0.003200,0.133500,0.542300,0.828800,0.034500,0.687188,0.159046,1.262925,-0.255173,0.239227,1.317221,-1.632343,-1.274197,-1.620325,-1.720037,3.173123,0.326333,0.990657,-0.773546,1.847257,1.102102,1.643529,-0.583042,-0.532483,2.257170,1,0,1.0000,1.0000,1,1,0,0,0.0000,0.0000,,,,,126975,8085,866,233,124704,6885,2271,1200,0,0,0.50971,0.10136,0
1786018555.0391,B_right_diagonal_up_left_down_right,B,right,0,,,550,151.2000,345.7000,130.5000,192.4000,150.8000,0.0000,360.0000,343.1000,76.6000,0.0000,125.7000,0.0000,195.4000,0.0000,-0.84500,-0.05400,0.41700,3.57000,2.98000,4.45000,0.11500,0.13100,0.92000,-2.40000,-0.10000,-0.09000,9.6,1.7,1.0,1.0,0.747068,0.038793,1.294297,-0.961179,0.416098,1.666607,-0.089600,0.486000,0.869300,0.003200,0.133500,0.542300,0.828800,0.034500,0.687543,0.158799,1.263036,-0.255173,0.239227,1.317221,-1.632058,-1.273949,-1.620500,-1.720307,3.173007,0.326136,0.990499,-0.775328,1.848788,1.099814,1.648616,-0.583636,-0.536899,2.255098,1,0,1.0000,1.0000,1,1,0,0,0.0000,0.0000,,,,,7432,124589,822,261,5468,123327,1964,1260,0,2,0.50971,0.14254,0
1786018555.0664,B_right_diagonal_up_left_down_right,B,right,0,,,551,151.2000,345.7000,130.5000,192.4000,150.9000,0.0000,360.0000,343.1000,76.3000,0.0000,125.7000,0.0000,195.4000,0.0000,-0.84300,-0.05500,0.42400,2.47000,3.50000,4.35000,0.09000,0.13100,0.92900,-1.36000,0.17000,-2.00000,11.0,3.5,1.0,1.0,0.745654,0.038848,1.294065,0.045407,0.219201,1.223565,-0.089600,0.486000,0.869300,0.003200,0.133500,0.542300,0.828800,0.034500,0.687543,0.158799,1.263036,-0.255173,0.239227,1.317221,-1.632566,-1.274160,-1.620331,-1.719799,-3.110084,0.326370,0.990631,-0.778778,1.851753,1.095385,1.658462,-0.584785,-0.545449,2.251085,1,1,1.0000,1.0000,1,1,0,0,0.0000,0.0000,,,,,126976,124589,866,261,124705,123327,2271,1260,0,2,0.50979,0.14254,0
1786018555.0825,B_right_diagonal_up_left_down_right,B,right,0,,,552,151.2000,345.7000,130.5000,192.4000,150.9000,0.0000,360.0000,343.1000,76.3000,0.0000,125.7000,0.0000,195.4000,0.0000,-0.84300,-0.05500,0.42400,2.47000,3.50000,4.35000,0.09000,0.13100,0.92900,-1.36000,0.17000,-2.00000,11.0,3.5,1.0,1.0,0.745654,0.038848,1.294065,0.045407,0.219201,1.223565,-0.089600,0.486000,0.869300,0.003200,0.133500,0.542300,0.828800,0.034500,0.687543,0.158799,1.263036,-0.255173,0.239227,1.317221,-1.633272,-1.274452,-1.620096,-1.719093,-3.109954,0.326694,0.990813,-0.782512,1.854963,1.090591,1.669121,-0.586028,-0.554705,2.246741,1,1,1.0000,1.0000,1,1,0,0,0.0000,0.0000,,,,,126976,124589,866,261,124705,123327,2271,1260,0,2,0.50979,0.14254,0
1786018555.0982,B_right_diagonal_up_left_down_right,B,right,0,,,553,151.2000,345.7000,130.5000,192.4000,150.9000,0.0000,360.0000,343.1000,76.3000,0.0000,125.7000,0.0000,195.4000,0.0000,-0.84300,-0.05500,0.42400,2.47000,3.50000,4.35000,0.09000,0.13100,0.92900,-1.36000,0.17000,-2.00000,10.1,1.6,1.0,1.0,0.745654,0.038848,1.294065,0.045407,0.219201,1.223565,-0.089600,0.486000,0.869300,0.003200,0.133500,0.542300,0.828800,0.034500,0.692294,0.153343,1.263689,-0.255173,0.239227,1.317221,-1.633944,-1.274731,-1.619873,-1.718421,-3.109829,0.327003,0.990987,-0.786055,1.858008,1.086042,1.679233,-0.587208,-0.563486,2.242620,1,1,1.0000,1.0000,1,1,0,0,0.0000,0.0000,,,,,7433,124589,822,261,5469,123327,1964,1260,0,2,0.50955,0.14254,0
1786018555.1252,B_right_diagonal_up_left_down_right,B,right,0,,,554,151.2000,345.7000,130.5000,192.4000,150.9000,0.0000,360.0000,343.1000,76.3000,0.0000,125.7000,0.0000,195.4000,0.0000,-0.84300,-0.05500,0.42400,2.47000,3.50000,4.35000,0.09000,0.13100,0.92900,-1.36000,0.17000,-2.00000,10.1,1.6,1.0,1.0,0.745654,0.038848,1.294065,0.045407,0.219201,1.223565,-0.089600,0.486000,0.869300,0.003200,0.133500,0.542300,0.828800,0.034500,0.692294,0.153343,1.263689,-0.255173,0.239227,1.317221,-1.634288,-1.274873,-1.619758,-1.718077,-3.109766,0.327161,0.991076,-0.787864,1.859563,1.083719,1.684399,-0.587811,-0.567971,2.240515,1,1,1.0000,1.0000,1,1,0,0,0.0000,0.0000,,,,,126976,8085,866,233,124705,6885,2271,1200,0,0,0.50979,0.10136,0
1786018555.1409,B_right_diagonal_up_left_down_right,B,right,0,,,555,151.2000,345.6000,130.5000,192.4000,151.0000,0.0000,360.0000,342.9000,76.2000,0.0000,125.8000,0.0000,195.4000,0.0000,-0.85000,-0.06400,0.42500,3.86000,-2.27000,2.34000,0.12200,0.14200,0.92700,-1.99000,-0.69000,1.85000,12.4,1.9,1.0,1.0,0.887545,0.347142,1.094206,-0.252994,0.233188,1.317839,-0.089600,0.486000,0.869300,0.003200,0.133500,0.542300,0.828800,0.034500,0.692294,0.153343,1.263689,-0.255173,0.239227,1.317221,-1.634585,-1.274996,-1.619660,-1.717780,-3.109711,0.327298,0.991153,-0.789428,1.860907,1.081712,1.688862,-0.588331,-0.571846,2.238696,1,1,1.0000,1.0000,1,1,0,0,0.0000,0.0000,,,,,126976,124589,866,261,124705,123327,2271,1260,0,2,0.50979,0.14254,0
1786018555.1651,B_right_diagonal_up_left_down_right,B,right,0,,,556,151.2000,345.6000,130.5000,192.4000,151.0000,0.0000,360.0000,342.9000,76.2000,0.0000,125.8000,0.0000,195.4000,0.0000,-0.85000,-0.06400,0.42500,3.86000,-2.27000,2.34000,0.12200,0.14200,0.92700,-1.99000,-0.69000,1.85000,9.8,1.4,1.0,1.0,0.887545,0.347142,1.094206,-0.252994,0.233188,1.317839,-0.089600,0.486000,0.869300,0.003200,0.133500,0.542300,0.828800,0.034500,0.692294,0.153343,1.263689,-0.255173,0.239227,1.317221,-1.635662,-1.275442,-1.619302,-1.716704,-3.109512,0.327793,0.991431,-0.795095,1.865777,1.074436,1.705037,-0.590218,-0.585892,2.232104,1,1,1.0000,1.0000,1,1,0,0,0.0000,0.0000,,,,,7434,124589,822,261,5470,123327,1964,1260,0,2,0.50988,0.14254,0
1786018555.1836,B_right_diagonal_up_left_down_right,B,right,0,,,557,151.2000,345.6000,130.5000,192.4000,151.0000,0.0000,360.0000,342.9000,76.2000,0.0000,125.8000,0.0000,195.4000,0.0000,-0.85000,-0.06400,0.42500,3.86000,-2.27000,2.34000,0.12200,0.14200,0.92700,-1.99000,-0.69000,1.85000,9.8,1.4,1.0,1.0,0.887545,0.347142,1.094206,-0.252994,0.233188,1.317839,-0.089600,0.486000,0.869300,0.003200,0.133500,0.542300,0.828800,0.034500,0.705588,0.136352,1.266258,-0.255173,0.239227,1.317221,-1.641982,-1.278131,-1.617265,-1.710383,-3.108333,0.331014,0.993148,-0.798329,1.868557,1.070283,1.714270,-0.591296,-0.593909,2.228341,1,1,1.0000,1.0000,1,1,0,0,0.0000,0.0000,,,,,126978,124589,866,261,124707,123327,2271,1260,0,2,0.50988,0.14254,0
1786018555.1988,B_right_diagonal_up_left_down_right,B,right,0,,,558,151.2000,345.6000,130.5000,192.4000,151.1000,0.0000,360.0000,342.9000,76.2000,0.0000,125.8000,0.0000,195.4000,0.0000,-0.85100,-0.04700,0.42100,3.17000,-2.87000,0.83000,0.13300,0.12000,0.93200,-2.56000,-0.46000,-0.85000,11.2,0.3,1.0,1.0,0.686632,0.345930,1.183529,-0.961179,0.416098,1.666607,-0.089600,0.486000,0.869300,0.003200,0.133500,0.542300,0.828800,0.034500,0.705588,0.136352,1.266258,-0.255173,0.239227,1.317221,-1.656200,-1.284189,-1.612690,-1.696165,-3.105681,0.338300,0.997022,-0.802564,1.872197,1.064846,1.726358,-0.592706,-0.604405,2.223415,1,0,1.0000,1.0000,1,1,0,0,0.0000,0.0000,,,,,126978,124589,866,261,124707,123327,2271,1260,0,2,0.50988,0.14254,0
1786018555.2280,B_right_diagonal_up_left_down_right,B,right,0,,,559,151.2000,345.6000,130.5000,192.4000,151.1000,0.0000,360.0000,342.9000,76.2000,0.0000,125.8000,0.0000,195.4000,0.0000,-0.85100,-0.04700,0.42100,3.17000,-2.87000,0.83000,0.13300,0.12000,0.93200,-2.56000,-0.46000,-0.85000,11.2,0.3,1.0,1.0,0.686632,0.345930,1.183529,-0.961179,0.416098,1.666607,-0.089600,0.486000,0.869300,0.003200,0.133500,0.542300,0.828800,0.034500,0.705588,0.136352,1.266258,-0.255173,0.239227,1.317221,-1.659722,-1.285569,-1.611636,-1.692631,3.178102,0.340054,0.997905,-0.805442,1.874671,1.061150,1.734574,-0.593664,-0.611539,2.220067,1,0,1.0000,1.0000,1,1,0,0,0.0000,0.0000,,,,,126978,124589,866,262,124707,123327,2271,1260,0,2,0.50988,0.14254,0
1786018555.2398,B_right_diagonal_up_left_down_right,B,right,0,,,560,151.2000,345.6000,130.5000,192.4000,151.1000,0.0000,360.0000,342.9000,76.2000,0.0000,125.8000,0.0000,195.4000,0.0000,-0.85100,-0.04700,0.42100,3.17000,-2.87000,0.83000,0.13300,0.12000,0.93200,-2.56000,-0.46000,-0.85000,11.2,0.3,1.0,1.0,0.686632,0.345930,1.183529,-0.961179,0.416098,1.666607,-0.089600,0.486000,0.869300,0.003200,0.133500,0.542300,0.828800,0.034500,0.705588,0.136352,1.266258,-0.255173,0.239227,1.317221,-1.659722,-1.285569,-1.611636,-1.692631,3.178102,0.340054,0.997905,-0.805442,1.874671,1.061150,1.734574,-0.593664,-0.611539,2.220067,1,0,1.0000,1.0000,1,1,0,0,0.0000,0.0000,,,,,126978,124589,866,262,124707,123327,2271,1260,0,2,0.50988,0.14254,0
1786018555.2764,B_right_diagonal_up_left_down_right,B,right,0,,,561,151.2000,345.6000,130.5000,192.4000,151.1000,0.0000,360.0000,342.9000,76.2000,0.0000,125.8000,0.0000,195.4000,0.0000,-0.85100,-0.04700,0.42100,3.17000,-2.87000,0.83000,0.13300,0.12000,0.93200,-2.56000,-0.46000,-0.85000,9.9,2.1,1.0,1.0,0.686632,0.345930,1.183529,-0.961179,0.416098,1.666607,-0.089600,0.486000,0.869300,0.003200,0.133500,0.542300,0.828800,0.034500,0.705588,0.136352,1.266258,-0.255173,0.239227,1.317221,-1.657872,-1.284037,-1.612722,-1.694407,3.177387,0.338795,0.996927,-0.809305,1.877991,1.056191,1.745600,-0.594951,-0.621114,2.215573,1,0,1.0000,1.0000,1,1,0,0,0.0000,0.0000,,,,,126978,8085,866,234,124707,6885,2271,1200,0,0,0.50988,0.10136,0
1786018555.3046,B_right_diagonal_up_left_down_right,B,right,0,,,562,151.3000,345.7000,130.4000,192.4000,150.1000,0.0000,360.0000,343.0000,76.5000,0.0000,125.8000,0.0000,196.2000,0.0000,-0.82900,-0.04600,0.42900,1.50000,5.00000,3.29000,0.10000,0.08600,0.91500,-4.47000,1.40000,-3.05000,9.2,1.6,1.0,1.0,0.886162,0.347204,1.094024,-0.961179,0.416098,1.666607,-0.089600,0.486000,0.869300,0.003200,0.133500,0.542300,0.828800,0.034500,0.715916,0.121094,1.269190,-0.255173,0.239227,1.317221,-1.658560,-1.284318,-1.612520,-1.693719,-3.105675,0.339151,0.997109,-0.809305,1.877991,1.056191,1.745600,-0.594951,-0.621114,2.215573,1,0,1.0000,1.0000,1,1,0,0,0.0000,0.0000,,,,,7434,8085,822,234,5470,6885,1964,1200,0,0,0.50988,0.10136,0
1786018555.3051,B_right_diagonal_up_left_down_right,B,right,0,,,563,151.3000,345.7000,130.4000,192.4000,150.1000,0.0000,360.0000,343.0000,76.5000,0.0000,125.8000,0.0000,196.2000,0.0000,-0.82900,-0.04600,0.42900,1.50000,5.00000,3.29000,0.10000,0.08600,0.91500,-4.47000,1.40000,-3.05000,9.2,1.6,1.0,1.0,0.886162,0.347204,1.094024,-0.961179,0.416098,1.666607,-0.089600,0.486000,0.869300,0.003200,0.133500,0.542300,0.828800,0.034500,0.715916,0.121094,1.269190,-0.255173,0.239227,1.317221,-1.658560,-1.284318,-1.612520,-1.693719,-3.105675,0.339151,0.997109,-0.809305,1.877991,1.056191,1.745600,-0.594951,-0.621114,2.215573,1,0,1.0000,1.0000,1,1,0,0,0.0000,0.0000,,,,,7434,8085,822,234,5470,6885,1964,1200,0,0,0.50988,0.10136,0
1786018555.3204,B_right_diagonal_up_left_down_right,B,right,0,,,564,151.4000,345.7000,130.4000,192.2000,150.5000,0.0000,360.0000,343.0000,76.4000,0.0000,125.8000,0.0000,196.0000,0.0000,-0.82100,-0.04600,0.42400,3.07000,4.34000,1.57000,0.10600,0.11000,0.92600,-4.03000,0.34000,-2.24000,9.7,1.1,1.0,1.0,0.685718,0.345987,1.180905,-0.251522,0.229098,1.318044,-0.089600,0.486000,0.869300,0.003200,0.133500,0.542300,0.828800,0.034500,0.715916,0.121094,1.269190,-0.255173,0.239227,1.317221,-1.658881,-1.284449,-1.612425,-1.693398,-3.105618,0.339317,0.997194,-0.809305,1.877991,1.056191,1.745600,-0.594951,-0.621114,2.215573,1,1,1.0000,1.0000,1,1,0,0,0.0000,0.0000,,,,,126978,8085,866,234,124707,6885,2271,1200,0,0,0.50988,0.10136,0
1786018555.3472,B_right_diagonal_up_left_down_right,B,right,0,,,565,151.2000,345.7000,130.4000,192.4000,150.2000,0.0000,360.0000,343.0000,76.5000,0.0000,125.9000,0.0000,196.3000,0.0000,-0.83200,-0.05500,0.43300,1.53000,3.89000,4.31000,0.11100,0.09900,0.93000,-3.01000,0.50000,-3.57000,9.7,1.7,1.0,1.0,0.743054,0.038946,1.293672,-0.250379,0.226236,1.318896,-0.089600,0.486000,0.869300,0.003200,0.133500,0.542300,0.828800,0.034500,0.715916,0.121094,1.269190,-0.255173,0.239227,1.317221,-1.659942,-1.284883,-1.612113,-1.692338,-3.105428,0.339865,0.997474,-0.809305,1.877991,1.056191,1.745600,-0.594951,-0.621114,2.215573,1,1,1.0000,1.0000,1,1,0,0,0.0000,0.0000,,,,,7434,124589,822,262,5470,123327,1964,1260,0,2,0.50988,0.14254,0
1786018555.3588,B_right_diagonal_up_left_down_right,B,right,0,,,566,151.2000,345.7000,130.3000,192.4000,151.7000,0.0000,360.0000,343.0000,76.5000,0.0000,125.9000,0.0000,196.3000,0.0000,-0.84100,-0.06400,0.42200,2.29000,-1.86000,1.55000,0.11100,0.09900,0.93000,-3.01000,0.50000,-3.57000,9.7,1.7,1.0,1.0,0.884779,0.347200,1.093796,-0.250379,0.226236,1.318896,-0.089600,0.486000,0.869300,0.003200,0.133500,0.542300,0.828800,0.034500,0.725665,0.104167,1.273100,-0.255173,0.239227,1.317221,-1.660247,-1.285008,-1.612023,-1.692033,-3.105374,0.340023,0.997555,-0.809305,1.877991,1.056191,1.745600,-0.594951,-0.621114,2.215573,1,1,1.0000,1.0000,1,1,0,0,0.0000,0.0000,,,,,126978,8085,866,234,124707,6885,2271,1200,0,0,0.50988,0.10136,0
1786018555.3819,B_right_diagonal_up_left_down_right,B,right,0,,,567,151.2000,345.7000,130.3000,192.4000,151.7000,0.0000,360.0000,343.0000,76.5000,0.0000,125.9000,0.0000,196.3000,0.0000,-0.84100,-0.06400,0.42200,2.29000,-1.86000,1.55000,0.11100,0.09900,0.93000,-3.01000,0.50000,-3.57000,9.7,1.7,1.0,1.0,0.884779,0.347200,1.093796,-0.250379,0.226236,1.318896,-0.089600,0.486000,0.869300,0.003200,0.133500,0.542300,0.828800,0.034500,0.725665,0.104167,1.273100,-0.255173,0.239227,1.317221,-1.660914,-1.285281,-1.611826,-1.691366,-3.105254,0.340368,0.997731,-0.809305,1.877991,1.056191,1.745600,-0.594951,-0.621114,2.215573,1,1,1.0000,1.0000,1,1,0,0,0.0000,0.0000,,,,,126978,124589,866,262,124707,123327,2271,1260,0,2,0.50988,0.14254,0
1786018555.4034,B_right_diagonal_up_left_down_right,B,right,0,,,568,151.2000,345.7000,130.3000,192.4000,1.0000,0.0000,360.0000,343.1000,76.4000,0.0000,126.2000,0.0000,196.7000,0.0000,-0.85400,-0.05900,0.39700,3.27000,-1.91000,0.18000,0.12300,0.13700,0.93400,-1.27000,0.27000,0.66000,10.0,1.8,1.0,1.0,0.688071,0.345898,1.179559,-0.961179,0.416098,1.666607,-0.089600,0.486000,0.869300,0.003200,0.133500,0.542300,0.828800,0.034500,0.725665,0.104167,1.273100,-0.255173,0.239227,1.317221,-1.661585,-1.285556,-1.611629,-1.690695,-3.105134,0.340714,0.997909,-0.809305,1.877991,1.056191,1.745600,-0.594951,-0.621114,2.215573,1,0,1.0000,1.0000,1,1,0,0,0.0000,0.0000,,,,,126978,8085,866,234,124707,6885,2271,1200,0,0,0.50988,0.10136,0
1786018555.4349,B_right_diagonal_up_left_down_right,B,right,0,,,569,151.2000,345.7000,130.3000,192.4000,1.0000,0.0000,360.0000,343.1000,76.4000,0.0000,126.2000,0.0000,196.7000,0.0000,-0.85400,-0.05900,0.39700,3.27000,-1.91000,0.18000,0.12300,0.13700,0.93400,-1.27000,0.27000,0.66000,10.0,1.8,1.0,1.0,0.688071,0.345898,1.179559,-0.961179,0.416098,1.666607,-0.089600,0.486000,0.869300,0.003200,0.133500,0.542300,0.828800,0.034500,0.732692,0.089419,1.277046,-0.255173,0.239227,1.317221,-1.662982,-1.286127,-1.611217,-1.689298,-3.104884,0.341437,0.998278,-0.809305,1.877991,1.056191,1.745600,-0.594951,-0.621114,2.215573,1,0,1.0000,1.0000,1,1,0,0,0.0000,0.0000,,,,,126978,8085,867,234,124707,6885,2271,1200,0,0,0.50988,0.10136,0
1786018555.4523,B_right_diagonal_up_left_down_right,B,right,0,,,570,151.2000,345.7000,130.3000,192.4000,1.0000,0.0000,360.0000,343.1000,76.4000,0.0000,126.2000,0.0000,196.7000,0.0000,-0.85400,-0.05900,0.39700,3.27000,-1.91000,0.18000,0.12300,0.13700,0.93400,-1.27000,0.27000,0.66000,10.0,1.8,1.0,1.0,0.688071,0.345898,1.179559,-0.961179,0.416098,1.666607,-0.089600,0.486000,0.869300,0.003200,0.133500,0.542300,0.828800,0.034500,0.738447,0.074283,1.281596,-0.255173,0.239227,1.317221,-1.663312,-1.286263,-1.611120,-1.688968,-3.104825,0.341607,0.998366,-0.809305,1.877991,1.056191,1.745600,-0.594951,-0.621114,2.215573,1,0,1.0000,1.0000,1,1,0,0,0.0000,0.0000,,,,,7434,124589,823,262,5470,123327,1964,1260,0,2,0.50988,0.14254,0
1786018555.4894,B_right_diagonal_up_left_down_right,B,right,0,,,571,151.2000,345.7000,130.4000,191.0000,150.6000,0.0000,360.0000,343.1000,76.2000,0.0000,126.4000,0.0000,196.7000,0.0000,-0.83500,-0.05100,0.42800,5.57000,3.22000,2.27000,0.12000,0.13100,0.92700,1.79000,-3.35000,0.72000,9.1,2.6,1.0,1.0,0.686874,0.345940,1.178366,-0.961179,0.416098,1.666607,-0.089600,0.486000,0.869300,0.003200,0.133500,0.542300,0.828800,0.034500,0.738447,0.074283,1.281596,-0.255173,0.239227,1.317221,-1.664302,-1.286667,-1.610829,-1.687978,-3.104648,0.342119,0.998627,-0.809305,1.877991,1.056191,1.745600,-0.594951,-0.621114,2.215573,1,0,1.0000,1.0000,1,1,0,0,0.0000,0.0000,,,,,126978,124589,867,262,124707,123327,2271,1260,0,2,0.50988,0.14254,0
1786018555.4910,B_right_diagonal_up_left_down_right,B,right,0,,,572,151.2000,345.7000,130.4000,191.0000,150.6000,0.0000,360.0000,343.1000,76.2000,0.0000,126.4000,0.0000,196.7000,0.0000,-0.83500,-0.05100,0.42800,5.57000,3.22000,2.27000,0.12000,0.13100,0.92700,1.79000,-3.35000,0.72000,9.1,2.6,1.0,1.0,0.686874,0.345940,1.178366,-0.961179,0.416098,1.666607,-0.089600,0.486000,0.869300,0.003200,0.133500,0.542300,0.828800,0.034500,0.738447,0.074283,1.281596,-0.255173,0.239227,1.317221,-1.664302,-1.286667,-1.610829,-1.687978,-3.104648,0.342119,0.998627,-0.809305,1.877991,1.056191,1.745600,-0.594951,-0.621114,2.215573,1,0,1.0000,1.0000,1,1,0,0,0.0000,0.0000,,,,,126978,124589,867,262,124707,123327,2271,1260,0,2,0.50988,0.14254,0
1786018555.5033,B_right_diagonal_up_left_down_right,B,right,0,,,573,151.2000,345.7000,130.4000,191.0000,150.6000,0.0000,360.0000,343.1000,76.2000,0.0000,126.4000,0.0000,196.7000,0.0000,-0.83500,-0.05100,0.42800,5.57000,3.22000,2.27000,0.12000,0.13100,0.92700,1.79000,-3.35000,0.72000,9.1,2.6,1.0,1.0,0.686874,0.345940,1.178366,-0.961179,0.416098,1.666607,-0.089600,0.486000,0.869300,0.003200,0.133500,0.542300,0.828800,0.034500,0.738447,0.074283,1.281596,-0.255173,0.239227,1.317221,-1.663478,-1.285998,-1.611307,-1.688778,3.178242,0.341553,0.998182,-0.809305,1.877991,1.056191,1.745600,-0.594951,-0.621114,2.215573,1,0,1.0000,1.0000,1,1,0,0,0.0000,0.0000,,,,,7434,124589,823,263,5470,123327,1964,1260,0,2,0.50988,0.14254,0
1786018555.5186,B_right_diagonal_up_left_down_right,B,right,0,,,574,151.2000,345.7000,130.4000,191.0000,150.6000,0.0000,360.0000,343.1000,76.3000,0.0000,126.4000,0.0000,196.0000,0.0000,-0.83500,-0.05100,0.42800,5.57000,3.22000,2.27000,0.11200,0.12600,0.92400,1.00000,-23.00000,13.00000,9.1,2.6,1.0,1.0,0.686874,0.345940,1.178366,-0.961179,0.416098,1.666607,-0.089600,0.486000,0.869300,0.003200,0.133500,0.542300,0.828800,0.034500,0.742709,0.058900,1.286713,-0.255173,0.239227,1.317221,-1.663091,-1.285682,-1.611532,-1.689155,3.178103,0.341286,0.997972,-0.809305,1.877991,1.056191,1.745600,-0.594951,-0.621114,2.215573,1,0,1.0000,1.0000,1,1,0,0,0.0000,0.0000,,,,,126978,8085,867,235,124707,6885,2271,1200,0,0,0.50988,0.10136,0
1786018555.5436,B_right_diagonal_up_left_down_right,B,right,0,,,575,151.2000,345.7000,130.4000,191.0000,150.6000,0.0000,360.0000,343.1000,76.3000,0.0000,126.4000,0.0000,196.0000,0.0000,-0.83500,-0.05100,0.42800,5.57000,3.22000,2.27000,0.11200,0.12600,0.92400,1.00000,-23.00000,13.00000,9.1,2.6,1.0,1.0,0.686874,0.345940,1.178366,-0.961179,0.416098,1.666607,-0.089600,0.486000,0.869300,0.003200,0.133500,0.542300,0.828800,0.034500,0.742709,0.058900,1.286713,-0.255173,0.239227,1.317221,-1.662502,-1.285204,-1.611874,-1.689726,3.177891,0.340881,0.997654,-0.809305,1.877991,1.056191,1.745600,-0.594951,-0.621114,2.215573,1,0,1.0000,1.0000,1,1,0,0,0.0000,0.0000,,,,,126978,124589,867,263,124707,123327,2271,1260,0,2,0.50988,0.14254,0
1786018555.5599,B_right_diagonal_up_left_down_right,B,right,0,,,576,151.2000,345.7000,130.4000,191.0000,150.6000,0.0000,360.0000,343.1000,76.3000,0.0000,126.4000,0.0000,196.0000,0.0000,-0.83500,-0.05100,0.42800,5.57000,3.22000,2.27000,0.11200,0.12600,0.92400,1.00000,-23.00000,13.00000,9.1,2.6,1.0,1.0,0.686874,0.345940,1.178366,-0.961179,0.416098,1.666607,-0.089600,0.486000,0.869300,0.003200,0.133500,0.542300,0.828800,0.034500,0.742709,0.058900,1.286713,-0.255173,0.239227,1.317221,-1.661678,-1.284533,-1.612352,-1.690527,3.177596,0.340315,0.997208,-0.809305,1.877991,1.056191,1.745600,-0.594951,-0.621114,2.215573,1,0,1.0000,1.0000,1,1,0,0,0.0000,0.0000,,,,,7434,124589,823,263,5470,123327,1964,1260,0,2,0.50988,0.14254,0
1786018555.5929,B_right_diagonal_up_left_down_right,B,right,0,,,577,151.2000,345.7000,130.4000,191.0000,150.6000,0.0000,360.0000,343.1000,76.3000,0.0000,126.4000,0.0000,196.0000,0.0000,-0.83500,-0.05100,0.42800,5.57000,3.22000,2.27000,0.11200,0.12600,0.92400,1.00000,-23.00000,13.00000,9.1,2.6,1.0,1.0,0.686874,0.345940,1.178366,-0.961179,0.416098,1.666607,-0.089600,0.486000,0.869300,0.003200,0.133500,0.542300,0.828800,0.034500,0.745034,0.045421,1.291576,-0.255173,0.239227,1.317221,-1.638364,-1.265689,-1.625754,-1.713477,3.168814,0.323994,0.985180,-0.809305,1.877991,1.056191,1.745600,-0.594951,-0.621114,2.215573,1,0,1.0000,1.0000,1,1,0,0,0.0000,0.0000,,,,,7434,124589,823,263,5470,123327,1964,1260,0,2,0.50988,0.14254,0
1786018555.6002,B_right_diagonal_up_left_down_right,B,right,0,,,578,151.2000,345.7000,130.4000,191.0000,150.6000,0.0000,360.0000,343.1000,76.3000,0.0000,126.4000,0.0000,196.0000,0.0000,-0.83500,-0.05100,0.42800,5.57000,3.22000,2.27000,0.11200,0.12600,0.92400,1.00000,-23.00000,13.00000,9.1,2.6,1.0,1.0,0.686874,0.345940,1.178366,-0.961179,0.416098,1.666607,-0.089600,0.486000,0.869300,0.003200,0.133500,0.542300,0.828800,0.034500,0.745034,0.045421,1.291576,-0.255173,0.239227,1.317221,-1.638364,-1.265689,-1.625754,-1.713477,3.168814,0.323994,0.985180,-0.809305,1.877991,1.056191,1.745600,-0.594951,-0.621114,2.215573,1,0,1.0000,1.0000,1,1,0,0,0.0000,0.0000,,,,,126978,124589,867,263,124707,123327,2271,1260,0,2,0.50988,0.14254,0
1786018555.6236,B_right_diagonal_up_left_down_right,B,right,0,,,579,151.4000,345.7000,130.5000,192.4000,151.5000,0.0000,360.0000,342.5000,76.7000,0.0000,126.3000,0.0000,196.4000,0.0000,-0.83000,-0.07400,0.42700,1.36000,1.12000,1.63000,0.11500,0.11100,0.90600,-1.91000,0.74000,1.27000,9.1,2.6,1.0,1.0,0.741865,0.039030,1.293483,0.046093,0.217651,1.227635,-0.089600,0.486000,0.869300,0.003200,0.133500,0.542300,0.828800,0.034500,0.745034,0.045421,1.291576,-0.255173,0.239227,1.317221,-1.638364,-1.265689,-1.625754,-1.713477,3.168814,0.323994,0.985180,-0.809305,1.877991,1.056191,1.745600,-0.594951,-0.621114,2.215573,1,1,1.0000,1.0000,1,1,0,0,0.0000,0.0000,,,,,126978,124589,867,263,124707,123327,2271,1260,0,2,0.50988,0.14254,0
1786018555.6494,B_right_diagonal_up_left_down_right,B,right,0,,,580,151.3000,345.7000,130.5000,192.4000,152.1000,0.0000,360.0000,342.2000,76.9000,0.0000,126.2000,0.0000,196.0000,0.0000,-0.84900,-0.04500,0.41700,0.59000,-0.60000,-0.61000,0.11800,0.12500,0.92100,-1.89000,0.85000,-0.91000,10.1,0.9,1.0,1.0,0.885797,0.347170,1.093950,-0.249633,0.223137,1.319272,-0.089600,0.486000,0.869300,0.003200,0.133500,0.542300,0.828800,0.034500,0.744103,0.038926,1.293821,-0.255173,0.239227,1.317221,-1.616509,-1.248131,-1.638259,-1.735214,3.160639,0.308480,0.973969,-0.809305,1.877991,1.056191,1.745600,-0.594951,-0.621114,2.215573,1,1,1.0000,1.0000,1,1,0,0,0.0000,0.0000,,,,,126978,124589,868,263,124707,123327,2271,1260,0,2,0.50988,0.14254,0
1786018555.6602,B_right_diagonal_up_left_down_right,B,right,0,,,581,151.3000,345.7000,130.5000,192.4000,152.1000,0.0000,360.0000,342.2000,76.9000,0.0000,126.2000,0.0000,196.0000,0.0000,-0.84900,-0.04500,0.41700,0.59000,-0.60000,-0.61000,0.11800,0.12500,0.92100,-1.89000,0.85000,-0.91000,8.8,2.1,1.0,1.0,0.885797,0.347170,1.093950,-0.249633,0.223137,1.319272,-0.089600,0.486000,0.869300,0.003200,0.133500,0.542300,0.828800,0.034500,0.744103,0.038926,1.293821,-0.255173,0.239227,1.317221,-1.608533,-1.241724,-1.642823,-1.743147,3.157656,0.302818,0.969877,-0.809305,1.877991,1.056191,1.745600,-0.594951,-0.621114,2.215573,1,1,1.0000,1.0000,1,1,0,0,0.0000,0.0000,,,,,7434,8085,823,235,5470,6885,1964,1200,0,0,0.50988,0.10136,0
1786018555.6877,B_right_diagonal_up_left_down_right,B,right,0,,,582,151.3000,345.9000,130.5000,192.4000,151.9000,0.0000,360.0000,342.1000,76.9000,0.0000,126.3000,0.0000,195.9000,0.0000,-0.84000,-0.04100,0.40800,0.04000,0.22000,-0.34000,0.10400,0.12900,0.90700,-1.72000,-0.24000,-1.51000,9.0,1.7,1.0,1.0,0.886924,0.347134,1.094126,-0.249296,0.220834,1.318388,-0.089600,0.486000,0.869300,0.003200,0.133500,0.542300,0.828800,0.034500,0.744103,0.038926,1.293821,-0.255173,0.239227,1.317221,-1.599769,-1.234683,-1.647837,-1.751863,3.154378,0.296597,0.965381,-0.809305,1.877991,1.056191,1.745600,-0.594951,-0.621114,2.215573,1,1,1.0000,1.0000,1,1,0,0,0.0000,0.0000,,,,,7434,8085,823,235,5470,6885,1964,1200,0,0,0.50988,0.10136,0
1786018555.7010,B_right_diagonal_up_left_down_right,B,right,0,,,583,151.3000,345.9000,130.5000,192.4000,151.9000,0.0000,360.0000,342.1000,76.9000,0.0000,126.3000,0.0000,195.9000,0.0000,-0.84000,-0.04100,0.40800,0.04000,0.22000,-0.34000,0.10400,0.12900,0.90700,-1.72000,-0.24000,-1.51000,9.0,1.7,1.0,1.0,0.886924,0.347134,1.094126,-0.249296,0.220834,1.318388,-0.089600,0.486000,0.869300,0.003200,0.133500,0.542300,0.828800,0.034500,0.744103,0.038926,1.293821,-0.255173,0.239227,1.317221,-1.599769,-1.234683,-1.647837,-1.751863,3.154378,0.296597,0.965381,-0.809305,1.877991,1.056191,1.745600,-0.594951,-0.621114,2.215573,1,1,1.0000,1.0000,1,1,0,0,0.0000,0.0000,,,,,7434,8085,823,235,5470,6885,1964,1200,0,0,0.50988,0.10136,0
1786018555.7190,B_right_diagonal_up_left_down_right,B,right,0,,,584,151.3000,345.9000,130.5000,192.4000,151.7000,0.0000,360.0000,341.9000,7.1000,0.0000,125.9000,0.0000,195.9000,0.0000,-0.83000,-0.04400,0.39600,1.30000,1.72000,1.08000,0.12500,0.12400,0.92500,-1.08000,-0.87000,0.02000,10.5,1.9,1.0,1.0,0.688362,0.345908,1.177686,-0.961179,0.416098,1.666607,-0.089600,0.486000,0.869300,0.003200,0.133500,0.542300,0.828800,0.034500,0.744103,0.038926,1.293821,-0.255173,0.239227,1.317221,-1.575946,-1.215544,-1.661469,-1.775557,3.145466,0.279686,0.953161,-0.809305,1.877991,1.056191,1.745600,-0.594951,-0.621114,2.215573,1,0,1.0000,1.0000,1,1,0,0,0.0000,0.0000,,,,,7434,124589,824,263,5470,123327,1964,1260,0,2,0.50988,0.14254,0
1786018555.7398,B_right_diagonal_up_left_down_right,B,right,0,,,585,151.3000,345.9000,130.5000,192.4000,151.7000,0.0000,360.0000,341.9000,7.1000,0.0000,125.9000,0.0000,195.9000,0.0000,-0.83000,-0.04400,0.39600,1.30000,1.72000,1.08000,0.12500,0.12400,0.92500,-1.08000,-0.87000,0.02000,10.5,1.9,1.0,1.0,0.688362,0.345908,1.177686,-0.961179,0.416098,1.666607,-0.089600,0.486000,0.869300,0.003200,0.133500,0.542300,0.828800,0.034500,0.741865,0.039030,1.293483,-0.255173,0.239227,1.317221,-1.571263,-1.211783,-1.664148,-1.780214,3.143715,0.276362,0.950759,-0.809305,1.877991,1.056191,1.745600,-0.594951,-0.621114,2.215573,1,0,1.0000,1.0000,1,1,0,0,0.0000,0.0000,,,,,126979,8085,868,235,124708,6885,2271,1200,0,0,0.56503,0.10136,0
1786018555.7652,B_right_diagonal_up_left_down_right,B,right,0,,,586,151.3000,345.9000,130.5000,192.4000,151.7000,0.0000,360.0000,341.9000,7.1000,0.0000,125.9000,0.0000,195.9000,0.0000,-0.83000,-0.04400,0.39600,1.30000,1.72000,1.08000,0.12500,0.12400,0.92500,-1.08000,-0.87000,0.02000,10.5,1.9,1.0,1.0,0.688362,0.345908,1.177686,-0.961179,0.416098,1.666607,-0.089600,0.486000,0.869300,0.003200,0.133500,0.542300,0.828800,0.034500,0.741865,0.039030,1.293483,-0.255173,0.239227,1.317221,-1.554573,-1.198374,-1.673698,-1.796814,3.137472,0.264515,0.942197,-0.809305,1.877991,1.056191,1.745600,-0.594951,-0.621114,2.215573,1,0,1.0000,1.0000,1,1,0,0,0.0000,0.0000,,,,,126979,124589,868,263,124708,123327,2271,1260,0,2,0.56503,0.14254,0
1786018555.7807,B_right_diagonal_up_left_down_right,B,right,0,,,587,151.2000,345.9000,130.6000,192.5000,151.9000,0.0000,360.0000,342.1000,76.9000,0.0000,126.2000,0.0000,95.8000,0.0000,-0.83000,-0.05800,0.42400,3.00000,3.97000,4.54000,0.11900,0.13000,0.91700,-0.66000,-0.51000,0.11000,7.4,1.5,1.0,1.0,0.885819,0.347155,1.093933,-0.248886,0.219219,1.318861,-0.089600,0.486000,0.869300,0.003200,0.133500,0.542300,0.828800,0.034500,0.741865,0.039030,1.293483,-0.255173,0.239227,1.317221,-1.543004,-1.189080,-1.680317,-1.808320,3.133144,0.256303,0.936262,-0.809305,1.877991,1.056191,1.745600,-0.594951,-0.621114,2.215573,1,1,1.0000,1.0000,1,1,0,0,0.0000,0.0000,,,,,126979,124589,868,263,124708,123327,2271,1260,0,2,0.56503,0.14254,0
1786018555.8058,B_right_diagonal_up_left_down_right,B,right,0,,,588,151.2000,345.9000,130.6000,192.5000,151.9000,0.0000,360.0000,342.1000,76.9000,0.0000,126.2000,0.0000,95.8000,0.0000,-0.83000,-0.05800,0.42400,3.00000,3.97000,4.54000,0.11900,0.13000,0.91700,-0.66000,-0.51000,0.11000,7.4,1.5,1.0,1.0,0.884441,0.347192,1.093715,-0.248886,0.219219,1.318861,-0.089600,0.486000,0.869300,0.003200,0.133500,0.542300,0.828800,0.034500,0.741865,0.039030,1.293483,-0.255173,0.239227,1.317221,-1.529349,-1.178111,-1.688130,-1.821901,3.128037,0.246610,0.929258,-0.809305,1.877991,1.056191,1.745600,-0.594951,-0.621114,2.215573,1,1,1.0000,1.0000,1,1,0,0,0.0000,0.0000,,,,,7434,124589,824,264,5470,123327,1964,1260,0,2,0.50988,0.14254,0
1786018555.8253,B_right_diagonal_up_left_down_right,B,right,0,,,589,151.2000,345.7000,130.6000,192.5000,153.1000,0.0000,360.0000,342.1000,76.9000,0.0000,126.2000,0.0000,95.8000,0.0000,-0.84500,-0.06900,0.43800,3.34000,1.11000,2.64000,0.11900,0.13000,0.91700,-0.66000,-0.51000,0.11000,8.8,1.6,1.0,1.0,0.884441,0.347192,1.093715,-0.248886,0.219219,1.318861,-0.089600,0.486000,0.869300,0.003200,0.133500,0.542300,0.828800,0.034500,0.741865,0.039030,1.293483,-0.255173,0.239227,1.317221,-1.526119,-1.175516,-1.689979,-1.825113,3.126828,0.244317,0.927601,-0.809305,1.877991,1.056191,1.745600,-0.594951,-0.621114,2.215573,1,1,1.0000,1.0000,1,1,0,0,0.0000,0.0000,,,,,126979,8085,868,236,124708,6885,2271,1200,0,0,0.56503,0.10136,0
1786018555.8428,B_right_diagonal_up_left_down_right,B,right,0,,,590,151.2000,345.7000,130.6000,192.5000,153.1000,0.0000,360.0000,342.1000,76.9000,0.0000,126.2000,0.0000,95.8000,0.0000,-0.84500,-0.06900,0.43800,3.34000,1.11000,2.64000,0.11900,0.13000,0.91700,-0.66000,-0.51000,0.11000,8.8,1.6,1.0,1.0,0.884441,0.347192,1.093715,-0.248886,0.219219,1.318861,-0.089600,0.486000,0.869300,0.003200,0.133500,0.542300,0.828800,0.034500,0.741865,0.039030,1.293483,-0.255173,0.239227,1.317221,-1.511309,-1.163618,-1.698452,-1.839843,3.121289,0.233804,0.920004,-0.809305,1.877991,1.056191,1.745600,-0.594951,-0.621114,2.215573,1,1,1.0000,1.0000,1,1,0,0,0.0000,0.0000,,,,,126979,124589,868,264,124708,123327,2271,1260,0,2,0.56503,0.14254,0
1786018555.8710,B_right_diagonal_up_left_down_right,B,right,0,,,591,151.2000,345.7000,130.5000,192.5000,153.1000,0.0000,360.0000,342.1000,76.9000,0.0000,126.2000,0.0000,195.7000,0.0000,-0.83900,-0.06200,0.43300,2.81000,-0.29000,1.77000,0.11200,0.10700,0.91600,-3.18000,0.98000,0.78000,8.7,2.3,1.0,1.0,0.741090,0.039048,1.293343,0.046192,0.216318,1.228340,-0.089600,0.486000,0.869300,0.003200,0.133500,0.542300,0.828800,0.034500,0.741865,0.039030,1.293483,-0.255173,0.239227,1.317221,-1.497977,-1.152907,-1.706081,-1.853103,3.116302,0.224340,0.913165,-0.809305,1.877991,1.056191,1.745600,-0.594951,-0.621114,2.215573,1,1,1.0000,1.0000,1,1,0,0,0.0000,0.0000,,,,,126979,124589,868,264,124708,123327,2271,1260,0,2,0.56503,0.14254,0
1786018555.8838,B_right_diagonal_up_left_down_right,B,right,0,,,592,151.2000,345.7000,130.5000,192.5000,151.6000,0.0000,360.0000,342.1000,76.9000,0.0000,126.2000,0.0000,195.7000,0.0000,-0.84200,-0.05000,0.42300,0.92000,1.10000,0.00000,0.11200,0.10700,0.91600,-3.18000,0.98000,0.78000,9.6,2.5,1.0,1.0,0.741608,0.039022,1.293403,0.046192,0.216318,1.228340,-0.089600,0.486000,0.869300,0.003200,0.133500,0.542300,0.828800,0.034500,0.741865,0.039030,1.293483,-0.253817,0.235237,1.317548,-1.480947,-1.139227,-1.715825,-1.870040,3.109932,0.212252,0.904429,-0.809305,1.877991,1.056191,1.745600,-0.594951,-0.621114,2.215573,1,1,1.0000,1.0000,1,1,0,0,0.0000,0.0000,,,,,7434,124589,824,264,5470,123327,1964,1260,0,2,0.50988,0.14254,0
1786018555.8992,B_right_diagonal_up_left_down_right,B,right,0,,,593,151.2000,345.8000,130.5000,192.5000,151.7000,0.0000,360.0000,341.7000,76.9000,0.0000,126.1000,0.0000,195.6000,0.0000,-0.83900,-0.04900,0.42900,0.61000,0.30000,0.64000,0.12500,0.12500,0.92000,-3.77000,1.31000,0.42000,9.9,3.0,1.0,1.0,0.884249,0.347190,1.093672,-0.248522,0.217539,1.319798,-0.089600,0.486000,0.869300,0.003200,0.133500,0.542300,0.828800,0.034500,0.741865,0.039030,1.293483,-0.253817,0.235237,1.317548,-1.469725,-1.130211,-1.722246,-1.881202,3.105734,0.204285,0.898672,-0.809305,1.877991,1.056191,1.745600,-0.594951,-0.621114,2.215573,1,1,1.0000,1.0000,1,1,0,0,0.0000,0.0000,,,,,126979,124589,868,264,124708,123327,2271,1260,0,2,0.56503,0.14254,0
1786018555.9181,B_right_diagonal_up_left_down_right,B,right,0,,,594,151.2000,345.8000,130.5000,192.5000,151.7000,0.0000,360.0000,341.7000,76.9000,0.0000,126.1000,0.0000,195.6000,0.0000,-0.83900,-0.04900,0.42900,0.61000,0.30000,0.64000,0.12500,0.12500,0.92000,-3.77000,1.31000,0.42000,9.7,2.8,1.0,1.0,0.884249,0.347190,1.093672,-0.248522,0.217539,1.319798,-0.089600,0.486000,0.869300,0.003200,0.133500,0.542300,0.828800,0.034500,0.741865,0.039030,1.293483,-0.253817,0.235237,1.317548,-1.458266,-1.121005,-1.728803,-1.892598,3.101448,0.196151,0.892794,-0.809305,1.877991,1.056191,1.745600,-0.594951,-0.621114,2.215573,1,1,1.0000,1.0000,1,1,0,0,0.0000,0.0000,,,,,7434,124590,824,264,5470,123328,1964,1260,0,2,0.50988,0.11767,0
1786018555.9404,B_right_diagonal_up_left_down_right,B,right,0,,,595,151.2000,345.8000,130.5000,192.5000,151.7000,0.0000,360.0000,341.7000,76.9000,0.0000,126.1000,0.0000,195.6000,0.0000,-0.83900,-0.04900,0.42900,0.61000,0.30000,0.64000,0.12500,0.12500,0.92000,-3.77000,1.31000,0.42000,9.7,2.8,1.0,1.0,0.884249,0.347190,1.093672,-0.248522,0.217539,1.319798,-0.089600,0.486000,0.869300,0.003200,0.133500,0.542300,0.828800,0.034500,0.741865,0.039030,1.293483,-0.253817,0.235237,1.317548,-1.446807,-1.111800,-1.735359,-1.903994,3.097162,0.188017,0.886916,-0.809305,1.877991,1.056191,1.745600,-0.594951,-0.621114,2.215573,1,1,1.0000,1.0000,1,1,0,0,0.0000,0.0000,,,,,7434,124590,824,264,5470,123328,1964,1260,0,2,0.50988,0.11767,0
1786018555.9742,B_right_diagonal_up_left_down_right,B,right,0,,,596,151.2000,345.8000,130.5000,192.5000,151.7000,0.0000,360.0000,341.7000,76.9000,0.0000,126.1000,0.0000,195.6000,0.0000,-0.83900,-0.04900,0.42900,0.61000,0.30000,0.64000,0.12500,0.12500,0.92000,-3.77000,1.31000,0.42000,10.1,2.4,1.0,1.0,0.884249,0.347190,1.093672,-0.248522,0.217539,1.319798,-0.089600,0.486000,0.869300,0.003200,0.133500,0.542300,0.828800,0.034500,0.741865,0.039030,1.293483,-0.249435,0.221142,1.318707,-1.435747,-1.102915,-1.741688,-1.914995,3.093025,0.180166,0.881243,-0.809305,1.877991,1.056191,1.745600,-0.594951,-0.621114,2.215573,1,1,1.0000,1.0000,1,1,0,0,0.0000,0.0000,,,,,7434,124590,824,264,5470,123328,1964,1260,0,2,0.50988,0.11767,0
1786018555.9781,B_right_diagonal_up_left_down_right,B,right,0,,,597,151.2000,345.8000,130.5000,192.5000,151.7000,0.0000,360.0000,341.7000,76.9000,0.0000,126.1000,0.0000,195.6000,0.0000,-0.83900,-0.04900,0.42900,0.61000,0.30000,0.64000,0.12500,0.12500,0.92000,-3.77000,1.31000,0.42000,10.1,2.4,1.0,1.0,0.884249,0.347190,1.093672,-0.248522,0.217539,1.319798,-0.089600,0.486000,0.869300,0.003200,0.133500,0.542300,0.828800,0.034500,0.741865,0.039030,1.293483,-0.249435,0.221142,1.318707,-1.430249,-1.098498,-1.744833,-1.920463,3.090968,0.176264,0.878422,-0.809305,1.877991,1.056191,1.745600,-0.594951,-0.621114,2.215573,1,1,1.0000,1.0000,1,1,0,0,0.0000,0.0000,,,,,7434,8085,824,236,5470,6885,1964,1200,0,0,0.50988,0.10136,0
1786018556.0055,B_right_diagonal_up_left_down_right,B,right,0,,,598,151.2000,345.8000,130.5000,192.5000,151.7000,0.0000,360.0000,341.7000,76.9000,0.0000,126.1000,0.0000,195.6000,0.0000,-0.83900,-0.04900,0.42900,0.61000,0.30000,0.64000,0.12500,0.12500,0.92000,-3.77000,1.31000,0.42000,10.1,2.4,1.0,1.0,0.884249,0.347190,1.093672,-0.248522,0.217539,1.319798,-0.089600,0.486000,0.869300,0.003200,0.133500,0.542300,0.828800,0.034500,0.741865,0.039030,1.293483,-0.249435,0.221142,1.318707,-1.416382,-1.087358,-1.752768,-1.934254,3.085781,0.166420,0.871309,-0.809305,1.877991,1.056191,1.745600,-0.594951,-0.621114,2.215573,1,1,1.0000,1.0000,1,1,0,0,0.0000,0.0000,,,,,126979,8085,868,236,124708,6885,2271,1200,0,0,0.56503,0.10136,0
1786018556.0322,B_right_diagonal_up_left_down_right,B,right,0,,,599,151.2000,345.8000,130.5000,192.5000,151.7000,0.0000,360.0000,341.7000,76.9000,0.0000,126.1000,0.0000,195.6000,0.0000,-0.83900,-0.04900,0.42900,0.61000,0.30000,0.64000,0.12500,0.12500,0.92000,-3.77000,1.31000,0.42000,10.1,2.4,1.0,1.0,0.884249,0.347190,1.093672,-0.248522,0.217539,1.319798,-0.089600,0.486000,0.869300,0.003200,0.133500,0.542300,0.828800,0.034500,0.741865,0.039030,1.293483,-0.248886,0.219219,1.318865,-1.411381,-1.083340,-1.755629,-1.939229,3.083910,0.162869,0.868743,-0.809305,1.877991,1.056191,1.745600,-0.594951,-0.621114,2.215573,1,1,1.0000,1.0000,1,1,0,0,0.0000,0.0000,,,,,7434,124590,824,264,5470,123328,1964,1260,0,2,0.50988,0.11767,0
1786018556.0392,B_right_diagonal_up_left_down_right,B,right,0,,,600,151.2000,345.8000,130.5000,192.5000,151.7000,0.0000,360.0000,341.7000,76.9000,0.0000,126.1000,0.0000,195.6000,0.0000,-0.83900,-0.04900,0.42900,0.61000,0.30000,0.64000,0.12500,0.12500,0.92000,-3.77000,1.31000,0.42000,10.1,2.4,1.0,1.0,0.884249,0.347190,1.093672,-0.248522,0.217539,1.319798,-0.089600,0.486000,0.869300,0.003200,0.133500,0.542300,0.828800,0.034500,0.741865,0.039030,1.293483,-0.248886,0.219219,1.318865,-1.401834,-1.075670,-1.761092,-1.948724,3.080339,0.156093,0.863846,-0.809305,1.877991,1.056191,1.745600,-0.594951,-0.621114,2.215573,1,1,1.0000,1.0000,1,1,0,0,0.0000,0.0000,,,,,126979,8085,869,236,124708,6885,2271,1200,0,0,0.56503,0.10136,0
1786018556.0721,B_right_diagonal_up_left_down_right,B,right,0,,,601,151.2000,345.8000,130.5000,192.5000,152.7000,0.0000,360.0000,341.8000,76.8000,0.0000,126.3000,0.0000,195.5000,0.0000,-0.84500,-0.06000,0.40500,3.18000,2.00000,2.24000,0.11500,0.11900,0.91500,-2.18000,0.40000,-0.93000,10.1,2.4,1.0,1.0,0.743212,0.038958,1.293646,0.046245,0.214975,1.228692,-0.089600,0.486000,0.869300,0.003200,0.133500,0.542300,0.828800,0.034500,0.741865,0.039030,1.293483,-0.248886,0.219219,1.318865,-1.384824,-1.062005,-1.770825,-1.965641,3.073977,0.144018,0.855121,-0.809305,1.877991,1.056191,1.745600,-0.594951,-0.621114,2.215573,1,1,1.0000,1.0000,1,1,0,0,0.0000,0.0000,,,,,126979,124590,869,264,124708,123328,2271,1260,0,2,0.56503,0.11767,0
1786018556.0784,B_right_diagonal_up_left_down_right,B,right,0,,,602,151.2000,345.8000,130.5000,192.5000,152.7000,0.0000,360.0000,341.8000,76.8000,0.0000,126.3000,0.0000,195.5000,0.0000,-0.84500,-0.06000,0.40500,3.18000,2.00000,2.24000,0.11500,0.11900,0.91500,-2.18000,0.40000,-0.93000,10.1,2.4,1.0,1.0,0.743212,0.038958,1.293646,0.046245,0.214975,1.228692,-0.089600,0.486000,0.869300,0.003200,0.133500,0.542300,0.828800,0.034500,0.741865,0.039030,1.293483,-0.248886,0.219219,1.318865,-1.379031,-1.057352,-1.774139,-1.971403,3.071810,0.139906,0.852149,-0.809305,1.877991,1.056191,1.745600,-0.594951,-0.621114,2.215573,1,1,1.0000,1.0000,1,1,0,0,0.0000,0.0000,,,,,7434,8085,825,237,5470,6885,1964,1200,0,0,0.50988,0.10136,0
1786018556.1032,B_right_diagonal_up_left_down_right,B,right,0,,,603,151.2000,345.8000,130.5000,192.5000,152.0000,0.0000,360.0000,341.8000,76.8000,0.0000,126.3000,0.0000,195.5000,0.0000,-0.83800,-0.06200,0.42100,2.81000,2.51000,1.53000,0.11000,0.10200,0.92000,-1.42000,-0.20000,-0.60000,8.9,1.0,1.0,1.0,0.742868,0.038967,1.293579,0.046302,0.214034,1.229057,-0.089600,0.486000,0.869300,0.003200,0.133500,0.542300,0.828800,0.034500,0.741865,0.039030,1.293483,-0.248886,0.219219,1.318865,-1.367354,-1.047971,-1.780820,-1.983016,3.067442,0.131617,0.846159,-0.809305,1.877991,1.056191,1.745600,-0.594951,-0.621114,2.215573,1,1,1.0000,1.0000,1,1,0,0,0.0000,0.0000,,,,,126979,8085,869,237,124708,6885,2271,1200,0,0,0.56503,0.10136,0
1786018556.1198,B_right_diagonal_up_left_down_right,B,right,0,,,604,151.2000,345.8000,130.5000,192.5000,152.0000,0.0000,360.0000,341.8000,76.8000,0.0000,126.3000,0.0000,195.5000,0.0000,-0.83800,-0.06200,0.42100,2.81000,2.51000,1.53000,0.12400,0.11700,0.93200,-0.41000,-0.75000,-1.79000,8.9,1.0,1.0,1.0,0.742868,0.038967,1.293579,-0.248230,0.216499,1.320547,-0.089600,0.486000,0.869300,0.003200,0.133500,0.542300,0.828800,0.034500,0.741865,0.039030,1.293483,-0.248886,0.219219,1.318865,-1.355604,-1.038532,-1.787543,-1.994703,3.063047,0.123277,0.840132,-0.809305,1.877991,1.056191,1.745600,-0.594951,-0.621114,2.215573,1,1,1.0000,1.0000,1,1,0,0,0.0000,0.0000,,,,,7434,124590,825,264,5470,123328,1964,1260,0,2,0.50988,0.11767,0
1786018556.1511,B_right_diagonal_up_left_down_right,B,right,0,,,605,151.2000,345.8000,130.5000,192.5000,151.6000,0.0000,3.0000,34.8000,76.8000,0.0000,126.1000,0.0000,195.6000,0.0000,-0.83500,-0.05700,0.42400,2.85000,2.43000,1.05000,0.11900,0.12100,0.92100,-1.10000,-1.05000,-1.07000,8.8,1.3,1.0,1.0,0.687278,0.345939,1.176850,-0.961179,0.416098,1.666607,-0.089600,0.486000,0.869300,0.003200,0.133500,0.542300,0.828800,0.034500,0.741865,0.039030,1.293483,-0.248886,0.219219,1.318865,-1.355052,-1.039088,-1.787335,-1.997362,3.063710,0.120820,0.840098,-0.809305,1.877991,1.056191,1.745600,-0.594951,-0.621114,2.215573,1,0,1.0000,1.0000,1,1,0,0,0.0000,0.0000,,,,,126979,124590,869,265,124708,123328,2271,1260,0,2,0.56503,0.11767,0
1786018556.1590,B_right_diagonal_up_left_down_right,B,right,0,,,606,151.2000,345.8000,130.5000,192.5000,151.6000,0.0000,3.0000,34.8000,76.8000,0.0000,126.1000,0.0000,195.6000,0.0000,-0.83500,-0.05700,0.42400,2.85000,2.43000,1.05000,0.11900,0.12100,0.92100,-1.10000,-1.05000,-1.07000,8.8,1.3,1.0,1.0,0.687278,0.345939,1.176850,-0.961179,0.416098,1.666607,-0.089600,0.486000,0.869300,0.003200,0.133500,0.542300,0.828800,0.034500,0.741865,0.039030,1.293483,-0.248886,0.219219,1.318865,-1.355052,-1.039088,-1.787335,-1.997362,3.063710,0.120820,0.840098,-0.809305,1.877991,1.056191,1.745600,-0.594951,-0.621114,2.215573,1,0,1.0000,1.0000,1,1,0,0,0.0000,0.0000,,,,,126979,124590,869,265,124708,123328,2271,1260,0,2,0.56503,0.11767,0
1786018556.1843,B_right_diagonal_up_left_down_right,B,right,0,,,607,151.2000,345.8000,130.5000,192.5000,151.6000,0.0000,3.0000,34.8000,76.8000,0.0000,126.1000,0.0000,195.6000,0.0000,-0.83500,-0.05700,0.42400,2.85000,2.43000,1.05000,0.11900,0.12100,0.92100,-1.10000,-1.05000,-1.07000,10.6,0.7,1.0,1.0,0.687278,0.345939,1.176850,-0.961179,0.416098,1.666607,-0.089600,0.486000,0.869300,0.003200,0.133500,0.542300,0.828800,0.034500,0.742941,0.038973,1.293613,-0.248886,0.219219,1.318865,-1.355951,-1.041883,-1.785735,-2.000841,3.065849,0.117179,0.841077,-0.809305,1.877991,1.056191,1.745600,-0.594951,-0.621114,2.215573,1,0,1.0000,1.0000,1,1,0,0,0.0000,0.0000,,,,,7434,8085,825,237,5470,6885,1964,1200,0,0,0.50988,0.10136,0
1786018556.2211,B_right_diagonal_up_left_down_right,B,right,0,,,608,151.2000,345.7000,1.0000,192.5000,151.7000,0.0000,360.0000,341.7000,76.8000,0.0000,126.4000,0.0000,195.7000,0.0000,-0.84600,-0.04700,0.43100,2.86000,1.16000,1.67000,0.11000,0.11200,0.90600,-2.52000,0.73000,-1.42000,9.9,1.1,1.0,1.0,0.884284,0.347182,1.093652,-0.248143,0.215637,1.320295,-0.089600,0.486000,0.869300,0.003200,0.133500,0.542300,0.828800,0.034500,0.742941,0.038973,1.293613,-0.248886,0.219219,1.318865,-1.356787,-1.044482,-1.784246,-2.004078,3.067839,0.113792,0.841988,-0.809305,1.877991,1.056191,1.745600,-0.594951,-0.621114,2.215573,1,1,1.0000,1.0000,1,1,0,0,0.0000,0.0000,,,,,126980,8085,869,237,124709,6885,2271,1200,0,0,0.56187,0.10136,0
1786018556.2220,B_right_diagonal_up_left_down_right,B,right,0,,,609,151.2000,345.7000,1.0000,192.5000,151.7000,0.0000,360.0000,341.7000,76.8000,0.0000,126.4000,0.0000,195.7000,0.0000,-0.84600,-0.04700,0.43100,2.86000,1.16000,1.67000,0.11000,0.11200,0.90600,-2.52000,0.73000,-1.42000,9.9,1.1,1.0,1.0,0.884284,0.347182,1.093652,-0.248143,0.215637,1.320295,-0.089600,0.486000,0.869300,0.003200,0.133500,0.542300,0.828800,0.034500,0.742941,0.038973,1.293613,-0.248886,0.219219,1.318865,-1.356787,-1.044482,-1.784246,-2.004078,3.067839,0.113792,0.841988,-0.809305,1.877991,1.056191,1.745600,-0.594951,-0.621114,2.215573,1,1,1.0000,1.0000,1,1,0,0,0.0000,0.0000,,,,,126980,8085,869,237,124709,6885,2271,1200,0,0,0.56187,0.10136,0
1786018556.2477,B_right_diagonal_up_left_down_right,B,right,0,,,610,151.2000,345.7000,130.5000,192.5000,151.7000,0.0000,360.0000,341.7000,76.8000,0.0000,126.4000,0.0000,195.7000,0.0000,-0.84100,-0.04800,0.42400,2.02000,1.87000,1.76000,0.11000,0.11200,0.90600,-2.52000,0.73000,-1.42000,8.4,0.8,1.0,1.0,0.742788,0.038968,1.293558,-0.248143,0.215637,1.320295,-0.089600,0.486000,0.869300,0.003200,0.133500,0.542300,0.828800,0.034500,0.742868,0.038967,1.293579,-0.248886,0.219219,1.318865,-1.356787,-1.044482,-1.784246,-2.004078,3.067839,0.113792,0.841988,-0.809305,1.877991,1.056191,1.745600,-0.594951,-0.621114,2.215573,1,1,1.0000,1.0000,1,1,0,0,0.0000,0.0000,,,,,126981,124590,869,265,124710,123328,2271,1260,0,2,0.56187,0.11767,0
1786018556.2658,B_right_diagonal_up_left_down_right,B,right,0,,,611,151.2000,345.7000,130.5000,192.5000,151.2000,0.0000,360.0000,341.7000,76.8000,0.0000,126.0000,0.0000,955.0000,0.0000,-0.84400,-0.04800,0.42900,1.17000,2.36000,1.28000,0.12200,0.14000,0.92400,-3.78000,0.93000,-1.02000,8.7,0.8,1.0,1.0,0.686688,0.345955,1.176291,-0.961179,0.416098,1.666607,-0.089600,0.486000,0.869300,0.003200,0.133500,0.542300,0.828800,0.034500,0.742868,0.038967,1.293579,-0.248886,0.219219,1.318865,-1.356787,-1.044482,-1.784246,-2.004078,3.067839,0.113792,0.841988,-0.809305,1.877991,1.056191,1.745600,-0.594951,-0.621114,2.215573,1,0,1.0000,1.0000,1,1,0,0,0.0000,0.0000,,,,,126981,124590,869,265,124710,123328,2271,1260,0,2,0.56187,0.11767,0
1786018556.2942,B_right_diagonal_up_left_down_right,B,right,0,,,612,151.2000,345.7000,130.5000,192.5000,151.8000,0.0000,360.0000,341.8000,76.8000,0.0000,126.4000,0.0000,195.6000,0.0000,-0.83800,-0.05800,0.42400,1.52000,0.44000,0.08000,0.12300,0.11400,0.91200,-3.27000,0.66000,-1.60000,10.7,1.0,1.0,1.0,0.884277,0.347177,1.093649,-0.247938,0.215167,1.321039,-0.089600,0.486000,0.869300,0.003200,0.133500,0.542300,0.828800,0.034500,0.742868,0.038967,1.293579,-0.248886,0.219219,1.318865,-1.356787,-1.044482,-1.784246,-2.004078,3.067839,0.113792,0.841988,-0.809305,1.877991,1.056191,1.745600,-0.594951,-0.621114,2.215573,1,1,1.0000,1.0000,1,1,0,0,0.0000,0.0000,,,,,7436,8085,825,237,5472,6885,1964,1200,0,0,0.56187,0.10136,0
1786018556.3035,B_right_diagonal_up_left_down_right,B,right,0,,,613,151.2000,345.7000,130.5000,192.5000,151.8000,0.0000,360.0000,341.8000,76.8000,0.0000,126.4000,0.0000,195.6000,0.0000,-0.83800,-0.05800,0.42400,1.52000,0.44000,0.08000,0.12300,0.11400,0.91200,-3.27000,0.66000,-1.60000,10.7,1.0,1.0,1.0,0.884277,0.347177,1.093649,-0.247938,0.215167,1.321039,-0.089600,0.486000,0.869300,0.003200,0.133500,0.542300,0.828800,0.034500,0.742868,0.038967,1.293579,-0.248886,0.219219,1.318865,-1.356787,-1.044482,-1.784246,-2.004078,3.067839,0.113792,0.841988,-0.809305,1.877991,1.056191,1.745600,-0.594951,-0.621114,2.215573,1,1,1.0000,1.0000,1,1,0,0,0.0000,0.0000,,,,,7436,8085,825,237,5472,6885,1964,1200,0,0,0.56187,0.10136,0
1786018556.3297,B_right_diagonal_up_left_down_right,B,right,0,,,614,151.2000,345.7000,130.5000,192.5000,151.8000,0.0000,360.0000,341.8000,76.8000,0.0000,126.4000,0.0000,195.6000,0.0000,-0.83800,-0.05800,0.42400,1.52000,0.44000,0.08000,0.12300,0.11400,0.91200,-3.27000,0.66000,-1.60000,10.7,1.0,1.0,1.0,0.884277,0.347177,1.093649,-0.247938,0.215167,1.321039,-0.089600,0.486000,0.869300,0.003200,0.133500,0.542300,0.828800,0.034500,0.742868,0.038967,1.293579,-0.248886,0.219219,1.318865,-1.356787,-1.044482,-1.784246,-2.004078,3.067839,0.113792,0.841988,-0.809305,1.877991,1.056191,1.745600,-0.594951,-0.621114,2.215573,1,1,1.0000,1.0000,1,1,0,0,0.0000,0.0000,,,,,126981,124590,869,265,124710,123328,2271,1260,0,2,0.56187,0.11767,0
1786018556.3464,B_right_diagonal_up_left_down_right,B,right,0,,,615,151.2000,345.7000,130.5000,192.5000,151.8000,0.0000,360.0000,341.8000,76.8000,0.0000,126.4000,0.0000,195.6000,0.0000,-0.83800,-0.05800,0.42400,1.52000,0.44000,0.08000,0.12300,0.11400,0.91200,-3.27000,0.66000,-1.60000,10.7,1.0,1.0,1.0,0.884277,0.347177,1.093649,-0.247938,0.215167,1.321039,-0.089600,0.486000,0.869300,0.003200,0.133500,0.542300,0.828800,0.034500,0.742868,0.038967,1.293579,-0.248886,0.219219,1.318865,-1.356787,-1.044482,-1.784246,-2.004078,3.067839,0.113792,0.841988,-0.809305,1.877991,1.056191,1.745600,-0.594951,-0.621114,2.215573,1,1,1.0000,1.0000,1,1,0,0,0.0000,0.0000,,,,,7436,8085,825,237,5472,6885,1964,1200,0,0,0.56187,0.10136,0
1786018556.3649,B_right_diagonal_up_left_down_right,B,right,0,,,616,151.2000,345.7000,130.5000,192.5000,152.0000,0.0000,360.0000,341.8000,76.8000,0.0000,126.4000,0.0000,195.6000,0.0000,-0.83300,-0.05800,0.41500,1.60000,0.07000,-0.02000,0.12300,0.11400,0.91200,-3.27000,0.66000,-1.60000,10.7,1.0,1.0,1.0,0.884741,0.347157,1.093719,-0.247938,0.215167,1.321039,-0.089600,0.486000,0.869300,0.003200,0.133500,0.542300,0.828800,0.034500,0.742868,0.038967,1.293579,-0.248886,0.219219,1.318865,-1.356787,-1.044482,-1.784246,-2.004078,3.067839,0.113792,0.841988,-0.809305,1.877991,1.056191,1.745600,-0.594951,-0.621114,2.215573,1,1,1.0000,1.0000,1,1,0,0,0.0000,0.0000,,,,,7436,8085,825,237,5472,6885,1964,1200,0,0,0.56187,0.10136,0
1786018556.4436,B_right_diagonal_up_left_down_right,B,right,0,,,617,151.2000,345.7000,130.6000,192.5000,152.9000,0.0000,360.0000,342.0000,76.8000,0.0000,126.4000,0.0000,195.7000,0.0000,-0.82800,-0.05800,0.41300,3.36000,0.44000,0.96000,0.11700,0.11600,0.93700,-0.60000,-1.99000,-1.29000,10.6,2.3,1.0,1.0,0.686360,0.345960,1.175684,-0.961179,0.416098,1.666607,-0.089600,0.486000,0.869300,0.003200,0.133500,0.542300,0.828800,0.034500,0.742868,0.038967,1.293579,-0.248886,0.219219,1.318865,-1.356787,-1.044482,-1.784246,-2.004078,3.067839,0.113792,0.841988,-0.823483,1.886752,1.037224,1.789252,-0.597340,-0.657622,2.197237,1,0,1.0000,1.0000,1,1,0,0,0.0000,0.0000,,,,,7436,124590,825,265,5472,123328,1964,1260,0,2,0.56187,0.11767,0
1786018556.4447,B_right_diagonal_up_left_down_right,B,right,0,,,618,151.2000,345.7000,130.6000,192.5000,152.9000,0.0000,360.0000,342.0000,76.8000,0.0000,126.4000,0.0000,195.7000,0.0000,-0.82800,-0.05800,0.41300,3.36000,0.44000,0.96000,0.11700,0.11600,0.93700,-0.60000,-1.99000,-1.29000,10.6,2.3,1.0,1.0,0.686360,0.345960,1.175684,-0.961179,0.416098,1.666607,-0.089600,0.486000,0.869300,0.003200,0.133500,0.542300,0.828800,0.034500,0.742868,0.038967,1.293579,-0.248886,0.219219,1.318865,-1.356787,-1.044482,-1.784246,-2.004078,3.067839,0.113792,0.841988,-0.823483,1.886752,1.037224,1.789252,-0.597340,-0.657622,2.197237,1,0,1.0000,1.0000,1,1,0,0,0.0000,0.0000,,,,,7436,124590,825,265,5472,123328,1964,1260,0,2,0.56187,0.11767,0
1786018556.4636,B_right_diagonal_up_left_down_right,B,right,0,,,619,151.2000,345.7000,130.6000,192.5000,152.9000,0.0000,360.0000,342.0000,76.8000,0.0000,126.4000,0.0000,195.7000,0.0000,-0.82800,-0.05800,0.41300,3.36000,0.44000,0.96000,0.11700,0.11600,0.93700,-0.60000,-1.99000,-1.29000,10.6,2.3,1.0,1.0,0.686360,0.345960,1.175684,-0.961179,0.416098,1.666607,-0.089600,0.486000,0.869300,0.003200,0.133500,0.542300,0.828800,0.034500,0.742868,0.038967,1.293579,-0.248886,0.219219,1.318865,-1.356787,-1.044482,-1.784246,-2.004078,3.067839,0.113792,0.841988,-0.823483,1.886752,1.037224,1.789252,-0.597340,-0.657622,2.197237,1,0,1.0000,1.0000,1,1,0,0,0.0000,0.0000,,,,,7436,124590,825,265,5472,123328,1964,1260,0,2,0.56187,0.11767,0
1786018556.4650,B_right_diagonal_up_left_down_right,B,right,0,,,620,151.2000,345.7000,130.6000,192.5000,152.8000,0.0000,360.0000,342.0000,76.8000,0.0000,126.4000,0.0000,195.7000,0.0000,-0.83700,-0.05400,0.41000,2.95000,0.00000,0.60000,0.11700,0.11600,0.93700,-0.60000,-1.99000,-1.29000,10.6,2.3,1.0,1.0,0.686360,0.345960,1.175684,-0.961179,0.416098,1.666607,-0.089600,0.486000,0.869300,0.003200,0.133500,0.542300,0.828800,0.034500,0.742868,0.038967,1.293579,-0.248886,0.219219,1.318865,-1.356787,-1.044482,-1.784246,-2.004078,3.067839,0.113792,0.841988,-0.823483,1.886752,1.037224,1.789252,-0.597340,-0.657622,2.197237,1,0,1.0000,1.0000,1,1,0,0,0.0000,0.0000,,,,,7436,124590,825,265,5472,123328,1964,1260,0,2,0.56187,0.11767,0
1786018556.4656,B_right_diagonal_up_left_down_right,B,right,0,,,621,151.2000,345.7000,130.6000,192.5000,152.8000,0.0000,360.0000,342.0000,76.8000,0.0000,126.4000,0.0000,195.7000,0.0000,-0.83700,-0.05400,0.41000,2.95000,0.00000,0.60000,0.11700,0.11600,0.93700,-0.60000,-1.99000,-1.29000,10.6,2.3,1.0,1.0,0.686360,0.345960,1.175684,-0.961179,0.416098,1.666607,-0.089600,0.486000,0.869300,0.003200,0.133500,0.542300,0.828800,0.034500,0.742868,0.038967,1.293579,-0.248886,0.219219,1.318865,-1.356787,-1.044482,-1.784246,-2.004078,3.067839,0.113792,0.841988,-0.823483,1.886752,1.037224,1.789252,-0.597340,-0.657622,2.197237,1,0,1.0000,1.0000,1,1,0,0,0.0000,0.0000,,,,,7436,124590,825,265,5472,123328,1964,1260,0,2,0.56187,0.11767,0
1786018556.4801,B_right_diagonal_up_left_down_right,B,right,0,,,622,151.3000,345.7000,130.7000,192.5000,152.6000,0.0000,360.0000,341.9000,76.8000,0.0000,126.3000,0.0000,195.9000,0.0000,-0.82400,-0.05500,0.42000,4.01000,1.60000,1.84000,0.11200,0.12400,0.94100,0.18000,-0.84000,-0.24000,10.7,2.2,1.0,1.0,0.743473,0.038941,1.293661,0.046353,0.213649,1.229315,-0.089600,0.486000,0.869300,0.003200,0.133500,0.542300,0.828800,0.034500,0.742868,0.038967,1.293579,-0.248886,0.219219,1.318865,-1.356787,-1.044482,-1.784246,-2.004078,3.067839,0.113792,0.841988,-0.828692,1.889970,1.030255,1.805291,-0.598218,-0.671037,2.190499,1,1,1.0000,1.0000,1,1,0,0,0.0000,0.0000,,,,,126981,8085,869,238,124710,6885,2271,1200,0,0,0.56187,0.10136,0
1786018556.4991,B_right_diagonal_up_left_down_right,B,right,0,,,623,151.3000,345.7000,130.7000,192.5000,152.6000,0.0000,360.0000,341.9000,76.8000,0.0000,126.3000,0.0000,195.9000,0.0000,-0.82400,-0.05500,0.42000,4.01000,1.60000,1.84000,0.11200,0.12400,0.94100,0.18000,-0.84000,-0.24000,10.7,2.2,1.0,1.0,0.743473,0.038941,1.293661,0.046353,0.213649,1.229315,-0.089600,0.486000,0.869300,0.003200,0.133500,0.542300,0.828800,0.034500,0.742868,0.038967,1.293579,-0.248886,0.219219,1.318865,-1.356787,-1.044482,-1.784246,-2.004078,3.067839,0.113792,0.841988,-0.828692,1.889970,1.030255,1.805291,-0.598218,-0.671037,2.190499,1,1,1.0000,1.0000,1,1,0,0,0.0000,0.0000,,,,,126981,8085,869,238,124710,6885,2271,1200,0,0,0.56187,0.10136,0
1786018556.5282,B_right_diagonal_up_left_down_right,B,right,0,,,624,151.3000,345.7000,130.6000,192.5000,152.2000,0.0000,360.0000,341.9000,77.0000,0.0000,126.4000,0.0000,195.7000,0.0000,-0.81800,-0.05500,0.41500,4.50000,1.88000,1.92000,0.10700,0.11400,0.92400,1.13000,-1.35000,0.23000,10.0,0.8,1.0,1.0,0.884408,0.347187,1.093668,-0.961179,0.416098,1.666607,-0.089600,0.486000,0.869300,0.003200,0.133500,0.542300,0.828800,0.034500,0.742868,0.038967,1.293579,-0.248886,0.219219,1.318865,-1.356787,-1.044482,-1.784246,-2.004078,3.067839,0.113792,0.841988,-0.828692,1.889970,1.030255,1.805291,-0.598218,-0.671037,2.190499,1,0,1.0000,1.0000,1,1,0,0,0.0000,0.0000,,,,,126981,8085,869,238,124710,6885,2271,1200,0,0,0.56187,0.10136,0
1786018556.5478,B_right_diagonal_up_left_down_right,B,right,0,,,625,151.2000,345.7000,130.6000,192.5000,150.6000,0.0000,360.0000,341.9000,77.0000,0.0000,126.4000,0.0000,195.7000,0.0000,-0.82800,-0.05700,0.44000,1.49000,6.07000,4.63000,0.12000,0.12000,0.92000,0.80000,0.01000,0.07000,9.4,1.1,1.0,1.0,0.883902,0.347198,1.093592,-0.961179,0.416098,1.666607,-0.089600,0.486000,0.869300,0.003200,0.133500,0.542300,0.828800,0.034500,0.742868,0.038967,1.293579,-0.248886,0.219219,1.318865,-1.356787,-1.044482,-1.784246,-2.004078,3.067839,0.113792,0.841988,-0.828692,1.889970,1.030255,1.805291,-0.598218,-0.671037,2.190499,1,0,1.0000,1.0000,1,1,0,0,0.0000,0.0000,,,,,126981,124590,869,266,124710,123328,2271,1260,0,2,0.56187,0.11767,0
1786018556.5586,B_right_diagonal_up_left_down_right,B,right,0,,,626,151.2000,345.7000,130.5000,192.5000,150.1000,0.0000,360.0000,341.9000,77.0000,0.0000,126.3000,0.0000,195.7000,0.0000,-0.83900,-0.05300,0.44300,1.46000,3.89000,4.40000,0.11100,0.11400,0.90300,-0.97000,0.68000,-0.26000,9.1,1.5,1.0,1.0,0.741110,0.039026,1.293320,-0.248088,0.214849,1.319534,-0.089600,0.486000,0.869300,0.003200,0.133500,0.542300,0.828800,0.034500,0.742868,0.038967,1.293579,-0.248886,0.219219,1.318865,-1.356787,-1.044482,-1.784246,-2.004078,3.067839,0.113792,0.841988,-0.828692,1.889970,1.030255,1.805291,-0.598218,-0.671037,2.190499,1,1,1.0000,1.0000,1,1,0,0,0.0000,0.0000,,,,,126981,124590,869,266,124710,123328,2271,1260,0,2,0.56187,0.11767,0
1786018556.6306,B_right_diagonal_up_left_down_right,B,right,0,,,627,151.3000,345.7000,130.5000,192.4000,151.8000,0.0000,360.0000,341.8000,77.0000,0.0000,126.4000,0.0000,195.7000,0.0000,-0.83900,-0.05200,0.41700,-0.68000,0.38000,2.63000,0.11900,0.12100,0.91000,-2.40000,-0.07000,-0.77000,9.0,1.2,1.0,1.0,0.741387,0.039015,1.293366,0.046402,0.212623,1.229828,-0.089600,0.486000,0.869300,0.003200,0.133500,0.542300,0.828800,0.034500,0.742868,0.038967,1.293579,-0.248886,0.219219,1.318865,-1.356787,-1.044482,-1.784246,-2.004078,3.067839,0.113792,0.841988,-0.828692,1.889970,1.030255,1.805291,-0.598218,-0.671037,2.190499,1,1,1.0000,1.0000,1,1,0,0,0.0000,0.0000,,,,,126981,124590,869,266,124710,123328,2271,1260,0,2,0.56187,0.11767,0
1786018556.6400,B_right_diagonal_up_left_down_right,B,right,0,,,628,151.3000,345.7000,130.5000,192.4000,152.1000,0.0000,360.0000,341.0000,77.0000,0.0000,126.4000,0.0000,195.8000,0.0000,-0.84800,-0.04700,0.41200,0.24000,0.15000,2.02000,0.12100,0.12200,0.90700,-3.25000,0.16000,-0.72000,8.8,1.9,1.0,1.0,0.883519,0.347222,1.093559,-0.248019,0.213362,1.319921,-0.089600,0.486000,0.869300,0.003200,0.133500,0.542300,0.828800,0.034500,0.742868,0.038967,1.293579,-0.248886,0.219219,1.318865,-1.356487,-1.043662,-1.784873,-2.002895,3.068289,0.115045,0.840551,-0.828692,1.889970,1.030255,1.805291,-0.598218,-0.671037,2.190499,1,1,1.0000,1.0000,1,1,0,0,0.0000,0.0000,,,,,126981,124590,870,266,124710,123328,2271,1260,0,2,0.56187,0.11767,0
1786018556.6870,B_right_diagonal_up_left_down_right,B,right,0,,,629,151.3000,345.7000,130.4000,192.5000,152.5000,0.0000,360.0000,341.7000,77.0000,0.0000,126.3000,0.0000,195.9000,0.0000,-0.84200,-0.05200,0.40700,4.53000,2.09000,1.89000,0.12300,0.12300,0.92500,-3.85000,0.89000,-1.68000,9.4,1.8,1.0,1.0,0.885597,0.347138,1.093901,-0.247929,0.213439,1.320415,-0.089600,0.486000,0.869300,0.003200,0.133500,0.542300,0.828800,0.034500,0.742868,0.038967,1.293579,-0.248886,0.219219,1.318865,-1.356181,-1.042893,-1.785502,-2.001736,3.068956,0.116289,0.838940,-0.828692,1.889970,1.030255,1.805291,-0.598218,-0.671037,2.190499,1,1,1.0000,1.0000,1,1,0,0,0.0000,0.0000,,,,,126981,124590,870,266,124710,123328,2271,1260,0,2,0.56187,0.11767,0
1786018556.6890,B_right_diagonal_up_left_down_right,B,right,0,,,630,151.3000,345.7000,130.4000,192.5000,152.5000,0.0000,360.0000,341.7000,77.0000,0.0000,126.3000,0.0000,195.9000,0.0000,-0.84200,-0.05200,0.40700,4.53000,2.09000,1.89000,0.12300,0.12300,0.92500,-3.85000,0.89000,-1.68000,9.4,1.8,1.0,1.0,0.885597,0.347138,1.093901,-0.247929,0.213439,1.320415,-0.089600,0.486000,0.869300,0.003200,0.133500,0.542300,0.828800,0.034500,0.742868,0.038967,1.293579,-0.248886,0.219219,1.318865,-1.356181,-1.042893,-1.785502,-2.001736,3.068956,0.116289,0.838940,-0.828692,1.889970,1.030255,1.805291,-0.598218,-0.671037,2.190499,1,1,1.0000,1.0000,1,1,0,0,0.0000,0.0000,,,,,126981,124590,870,266,124710,123328,2271,1260,0,2,0.56187,0.11767,0
1786018556.6906,B_right_diagonal_up_left_down_right,B,right,0,,,631,151.3000,345.7000,130.4000,192.5000,152.5000,0.0000,360.0000,341.7000,77.0000,0.0000,126.3000,0.0000,195.9000,0.0000,-0.84200,-0.05200,0.40700,4.53000,2.09000,1.89000,0.12300,0.12300,0.92500,-3.85000,0.89000,-1.68000,9.4,1.8,1.0,1.0,0.885597,0.347138,1.093901,-0.247929,0.213439,1.320415,-0.089600,0.486000,0.869300,0.003200,0.133500,0.542300,0.828800,0.034500,0.742868,0.038967,1.293579,-0.248886,0.219219,1.318865,-1.356181,-1.042893,-1.785502,-2.001736,3.068956,0.116289,0.838940,-0.828692,1.889970,1.030255,1.805291,-0.598218,-0.671037,2.190499,1,1,1.0000,1.0000,1,1,0,0,0.0000,0.0000,,,,,126981,124590,870,266,124710,123328,2271,1260,0,2,0.56187,0.11767,0
1786018556.6921,B_right_diagonal_up_left_down_right,B,right,0,,,632,151.3000,345.7000,130.4000,192.5000,152.5000,0.0000,360.0000,341.7000,77.0000,0.0000,126.3000,0.0000,195.9000,0.0000,-0.84200,-0.05200,0.40700,4.53000,2.09000,1.89000,0.12300,0.12300,0.92500,-3.85000,0.89000,-1.68000,9.4,1.8,1.0,1.0,0.885597,0.347138,1.093901,-0.247929,0.213439,1.320415,-0.089600,0.486000,0.869300,0.003200,0.133500,0.542300,0.828800,0.034500,0.742868,0.038967,1.293579,-0.248886,0.219219,1.318865,-1.356181,-1.042893,-1.785502,-2.001736,3.068956,0.116289,0.838940,-0.828692,1.889970,1.030255,1.805291,-0.598218,-0.671037,2.190499,1,1,1.0000,1.0000,1,1,0,0,0.0000,0.0000,,,,,126981,124590,870,266,124710,123328,2271,1260,0,2,0.56187,0.11767,0
1786018556.7455,B_right_diagonal_up_left_down_right,B,right,0,,,633,151.2000,345.7000,130.4000,192.5000,152.3000,0.0000,360.0000,341.4000,77.0000,0.0000,126.5000,0.0000,195.8000,0.0000,-0.83600,-0.05600,0.43100,3.81000,3.77000,1.24000,122.00000,0.12700,0.92700,-3.21000,0.13000,-1.31000,9.1,3.9,1.0,1.0,0.742152,0.039002,1.293480,-0.247965,0.213124,1.320051,-0.089600,0.486000,0.869300,0.003200,0.133500,0.542300,0.828800,0.034500,0.742868,0.038967,1.293579,-0.248112,0.214620,1.319234,-1.356184,-1.043019,-1.785478,-2.001835,3.069303,0.116213,0.838713,-0.828692,1.889970,1.030255,1.805291,-0.598218,-0.671037,2.190499,1,1,1.0000,1.0000,1,1,0,0,0.0000,0.0000,,,,,126981,124590,870,267,124710,123328,2271,1260,0,2,0.56187,0.11767,0
1786018556.7493,B_right_diagonal_up_left_down_right,B,right,0,,,634,151.2000,345.7000,130.4000,192.5000,152.3000,0.0000,360.0000,341.4000,77.0000,0.0000,126.5000,0.0000,195.8000,0.0000,-0.83600,-0.05600,0.43100,3.81000,3.77000,1.24000,122.00000,0.12700,0.92700,-3.21000,0.13000,-1.31000,9.0,2.5,1.0,1.0,0.885273,0.347148,1.093825,-0.247965,0.213124,1.320051,-0.089600,0.486000,0.869300,0.003200,0.133500,0.542300,0.828800,0.034500,0.742868,0.038967,1.293579,-0.248112,0.214620,1.319234,-1.356184,-1.043019,-1.785478,-2.001835,3.069304,0.116212,0.838713,-0.828692,1.889970,1.030255,1.805291,-0.598218,-0.671037,2.190499,1,1,1.0000,1.0000,1,1,0,0,0.0000,0.0000,,,,,7436,8086,826,239,5472,6886,1964,1200,0,0,0.56187,0.10080,0
1786018556.7565,B_right_diagonal_up_left_down_right,B,right,0,,,635,151.2000,345.7000,130.4000,192.5000,152.3000,0.0000,360.0000,341.4000,77.0000,0.0000,126.5000,0.0000,195.8000,0.0000,-0.83600,-0.05600,0.43100,3.81000,3.77000,1.24000,122.00000,0.12700,0.92700,-3.21000,0.13000,-1.31000,9.0,2.5,1.0,1.0,0.885273,0.347148,1.093825,-0.247965,0.213124,1.320051,-0.089600,0.486000,0.869300,0.003200,0.133500,0.542300,0.828800,0.034500,0.742868,0.038967,1.293579,-0.248112,0.214620,1.319234,-1.356184,-1.043019,-1.785478,-2.001835,3.069304,0.116212,0.838713,-0.828692,1.889970,1.030255,1.805291,-0.598218,-0.671037,2.190499,1,1,1.0000,1.0000,1,1,0,0,0.0000,0.0000,,,,,7436,8086,826,239,5472,6886,1964,1200,0,0,0.56187,0.10080,0
1786018556.7608,B_right_diagonal_up_left_down_right,B,right,0,,,636,151.2000,345.7000,130.4000,192.5000,152.3000,0.0000,360.0000,341.4000,77.0000,0.0000,126.5000,0.0000,195.8000,0.0000,-0.83600,-0.05600,0.43100,3.81000,3.77000,1.24000,122.00000,0.12700,0.92700,-3.21000,0.13000,-1.31000,9.0,2.5,1.0,1.0,0.885273,0.347148,1.093825,-0.247965,0.213124,1.320051,-0.089600,0.486000,0.869300,0.003200,0.133500,0.542300,0.828800,0.034500,0.742868,0.038967,1.293579,-0.248112,0.214620,1.319234,-1.356184,-1.043019,-1.785478,-2.001835,3.069304,0.116212,0.838713,-0.828692,1.889970,1.030255,1.805291,-0.598218,-0.671037,2.190499,1,1,1.0000,1.0000,1,1,0,0,0.0000,0.0000,,,,,126981,124590,870,267,124710,123328,2271,1260,0,2,0.56187,0.11767,0
1786018556.7901,B_right_diagonal_up_left_down_right,B,right,0,,,637,151.2000,345.7000,130.4000,192.5000,152.3000,0.0000,360.0000,341.4000,77.0000,0.0000,126.5000,0.0000,195.8000,0.0000,-0.83600,-0.05600,0.43100,3.81000,3.77000,1.24000,122.00000,0.12700,0.92700,-3.21000,0.13000,-1.31000,9.0,2.5,1.0,1.0,0.885273,0.347148,1.093825,-0.247965,0.213124,1.320051,-0.089600,0.486000,0.869300,0.003200,0.133500,0.542300,0.828800,0.034500,0.742868,0.038967,1.293579,-0.248046,0.214196,1.319661,-1.356184,-1.043019,-1.785478,-2.001835,3.069304,0.116212,0.838713,-0.828692,1.889970,1.030255,1.805291,-0.598218,-0.671037,2.190499,1,1,1.0000,1.0000,1,1,0,0,0.0000,0.0000,,,,,126981,8086,870,239,124710,6886,2271,1200,0,0,0.56187,0.10080,0
1786018556.8055,B_right_diagonal_up_left_down_right,B,right,0,,,638,151.2000,345.7000,130.4000,192.5000,152.3000,0.0000,360.0000,341.4000,77.0000,0.0000,126.5000,0.0000,195.8000,0.0000,-0.83600,-0.05600,0.43100,3.81000,3.77000,1.24000,122.00000,0.12700,0.92700,-3.21000,0.13000,-1.31000,9.0,2.5,1.0,1.0,0.885273,0.347148,1.093825,-0.247965,0.213124,1.320051,-0.089600,0.486000,0.869300,0.003200,0.133500,0.542300,0.828800,0.034500,0.742868,0.038967,1.293579,-0.248046,0.214196,1.319661,-1.356184,-1.043019,-1.785478,-2.001835,3.069304,0.116212,0.838713,-0.828692,1.889970,1.030255,1.805291,-0.598218,-0.671037,2.190499,1,1,1.0000,1.0000,1,1,0,0,0.0000,0.0000,,,,,7436,8086,826,239,5472,6886,1964,1200,0,0,0.56187,0.10080,0
1786018556.8327,B_right_diagonal_up_left_down_right,B,right,0,,,639,151.2000,345.7000,130.4000,192.5000,152.3000,0.0000,360.0000,341.4000,77.0000,0.0000,126.5000,0.0000,195.8000,0.0000,-0.83600,-0.05600,0.43100,3.81000,3.77000,1.24000,122.00000,0.12700,0.92700,-3.21000,0.13000,-1.31000,9.0,2.5,1.0,1.0,0.885273,0.347148,1.093825,-0.247965,0.213124,1.320051,-0.089600,0.486000,0.869300,0.003200,0.133500,0.542300,0.828800,0.034500,0.742868,0.038967,1.293579,-0.248046,0.214196,1.319661,-1.356184,-1.043019,-1.785478,-2.001835,3.069304,0.116212,0.838713,-0.828692,1.889970,1.030255,1.805291,-0.598218,-0.671037,2.190499,1,1,1.0000,1.0000,1,1,0,0,0.0000,0.0000,,,,,7436,8087,826,239,5472,6887,1964,1200,0,0,0.56187,0.09772,0
1786018556.8392,B_right_diagonal_up_left_down_right,B,right,0,,,640,151.2000,345.7000,130.4000,192.5000,152.3000,0.0000,360.0000,341.4000,77.0000,0.0000,126.5000,0.0000,195.8000,0.0000,-0.83600,-0.05600,0.43100,3.81000,3.77000,1.24000,122.00000,0.12700,0.92700,-3.21000,0.13000,-1.31000,9.0,2.5,1.0,1.0,0.885273,0.347148,1.093825,-0.247965,0.213124,1.320051,-0.089600,0.486000,0.869300,0.003200,0.133500,0.542300,0.828800,0.034500,0.742868,0.038967,1.293579,-0.248046,0.214196,1.319661,-1.356184,-1.043019,-1.785478,-2.001835,3.069304,0.116212,0.838713,-0.828692,1.889970,1.030255,1.805291,-0.598218,-0.671037,2.190499,1,1,1.0000,1.0000,1,1,0,0,0.0000,0.0000,,,,,7436,8087,826,239,5472,6887,1964,1200,0,0,0.56187,0.09772,0
1786018556.8590,B_right_diagonal_up_left_down_right,B,right,0,,,641,151.2000,345.7000,130.4000,192.5000,152.3000,0.0000,360.0000,341.4000,77.0000,0.0000,126.5000,0.0000,195.8000,0.0000,-0.83600,-0.05600,0.43100,3.81000,3.77000,1.24000,122.00000,0.12700,0.92700,-3.21000,0.13000,-1.31000,9.0,2.5,1.0,1.0,0.885273,0.347148,1.093825,-0.247965,0.213124,1.320051,-0.089600,0.486000,0.869300,0.003200,0.133500,0.542300,0.828800,0.034500,0.742868,0.038967,1.293579,-0.247953,0.213254,1.320203,-1.356184,-1.043019,-1.785478,-2.001835,3.069304,0.116212,0.838713,-0.828692,1.889970,1.030255,1.805291,-0.598218,-0.671037,2.190499,1,1,1.0000,1.0000,1,1,0,0,0.0000,0.0000,,,,,7436,8087,826,239,5472,6887,1964,1200,0,0,0.56187,0.09772,0
1786018556.8787,B_right_diagonal_up_left_down_right,B,right,0,,,642,151.2000,345.7000,130.4000,192.5000,152.3000,0.0000,360.0000,341.4000,77.0000,0.0000,126.5000,0.0000,195.8000,0.0000,-0.83600,-0.05600,0.43100,3.81000,3.77000,1.24000,122.00000,0.12700,0.92700,-3.21000,0.13000,-1.31000,9.0,2.5,1.0,1.0,0.885273,0.347148,1.093825,-0.247965,0.213124,1.320051,-0.089600,0.486000,0.869300,0.003200,0.133500,0.542300,0.828800,0.034500,0.742868,0.038967,1.293579,-0.247953,0.213254,1.320203,-1.356184,-1.043019,-1.785478,-2.001835,3.069304,0.116212,0.838713,-0.828692,1.889970,1.030255,1.805291,-0.598218,-0.671037,2.190499,1,1,1.0000,1.0000,1,1,0,0,0.0000,0.0000,,,,,7436,8087,827,239,5472,6887,1964,1200,0,0,0.56187,0.09772,0
1786018556.8990,B_right_diagonal_up_left_down_right,B,right,0,,,643,151.2000,345.7000,130.4000,192.5000,152.3000,0.0000,360.0000,341.4000,77.0000,0.0000,126.5000,0.0000,195.8000,0.0000,-0.83600,-0.05600,0.43100,3.81000,3.77000,1.24000,122.00000,0.12700,0.92700,-3.21000,0.13000,-1.31000,9.0,2.5,1.0,1.0,0.885273,0.347148,1.093825,-0.247965,0.213124,1.320051,-0.089600,0.486000,0.869300,0.003200,0.133500,0.542300,0.828800,0.034500,0.742868,0.038967,1.293579,-0.247953,0.213254,1.320203,-1.356184,-1.043019,-1.785478,-2.001835,3.069304,0.116212,0.838713,-0.828692,1.889970,1.030255,1.805291,-0.598218,-0.671037,2.190499,1,1,1.0000,1.0000,1,1,0,0,0.0000,0.0000,,,,,7436,8087,827,239,5472,6887,1964,1200,0,0,0.56187,0.09772,0
1786018556.9285,B_right_diagonal_up_left_down_right,B,right,0,,,644,151.1000,345.7000,130.4000,192.5000,151.7000,0.0000,360.0000,341.3000,76.5000,0.0000,126.5000,0.0000,194.7000,0.0000,-0.86400,-0.04800,0.44200,-0.39000,4.69000,2.08000,0.07600,0.12800,0.89200,-0.69000,-0.79000,-1.09000,9.4,1.8,1.0,1.0,0.741875,0.038987,1.293427,0.045803,0.211460,1.226327,-0.089600,0.486000,0.869300,0.003200,0.133500,0.542300,0.828800,0.034500,0.742868,0.038967,1.293579,-0.247970,0.213129,1.320062,-1.356184,-1.043019,-1.785478,-2.001835,3.069304,0.116212,0.838713,-0.828692,1.889970,1.030255,1.805291,-0.598218,-0.671037,2.190499,1,1,1.0000,1.0000,1,1,0,0,0.0000,0.0000,,,,,7436,8087,827,239,5472,6887,1964,1200,0,0,0.56187,0.09772,0
1786018556.9473,B_right_diagonal_up_left_down_right,B,right,0,,,645,151.1000,345.7000,130.4000,192.5000,151.7000,0.0000,360.0000,341.3000,76.5000,0.0000,126.5000,0.0000,194.6000,0.0000,-0.85400,-0.05000,0.44300,-0.19000,2.66000,1.22000,0.09600,0.13200,0.91900,-0.38000,-1.75000,-2.08000,9.4,1.8,1.0,1.0,0.741197,0.038995,1.293318,0.045667,0.210898,1.225372,-0.089600,0.486000,0.869300,0.003200,0.133500,0.542300,0.828800,0.034500,0.742868,0.038967,1.293579,-0.247970,0.213129,1.320062,-1.356184,-1.043019,-1.785478,-2.001835,3.069304,0.116212,0.838713,-0.828692,1.889970,1.030255,1.805291,-0.598218,-0.671037,2.190499,1,1,1.0000,1.0000,1,1,0,0,0.0000,0.0000,,,,,126981,124592,871,267,124710,123330,2271,1260,0,2,0.56187,0.09745,0
1786018556.9636,B_right_diagonal_up_left_down_right,B,right,0,,,646,151.1000,345.7000,130.4000,192.5000,151.7000,0.0000,360.0000,341.3000,76.5000,0.0000,126.5000,0.0000,194.6000,0.0000,-0.85400,-0.05000,0.44300,-0.19000,2.66000,1.22000,0.09600,0.13200,0.91900,-0.38000,-1.75000,-2.08000,9.4,1.8,1.0,1.0,0.741197,0.038995,1.293318,0.045667,0.210898,1.225372,-0.089600,0.486000,0.869300,0.003200,0.133500,0.542300,0.828800,0.034500,0.742868,0.038967,1.293579,-0.247970,0.213129,1.320062,-1.356184,-1.043019,-1.785478,-2.001835,3.069304,0.116212,0.838713,-0.828692,1.889970,1.030255,1.805291,-0.598218,-0.671037,2.190499,1,1,1.0000,1.0000,1,1,0,0,0.0000,0.0000,,,,,7437,8087,827,239,5473,6887,1964,1200,0,0,0.56287,0.09772,0
1786018556.9863,B_right_diagonal_up_left_down_right,B,right,0,,,647,151.1000,345.7000,130.4000,192.5000,151.7000,0.0000,360.0000,341.3000,76.5000,0.0000,126.5000,0.0000,194.6000,0.0000,-0.85400,-0.05000,0.44300,-0.19000,2.66000,1.22000,0.09600,0.13200,0.91900,-0.38000,-1.75000,-2.08000,9.4,1.8,1.0,1.0,0.741197,0.038995,1.293318,0.045667,0.210898,1.225372,-0.089600,0.486000,0.869300,0.003200,0.133500,0.542300,0.828800,0.034500,0.742471,0.038976,1.293519,-0.247970,0.213129,1.320062,-1.356184,-1.043019,-1.785478,-2.001835,3.069304,0.116212,0.838713,-0.828692,1.889970,1.030255,1.805291,-0.598218,-0.671037,2.190499,1,1,1.0000,1.0000,1,1,0,0,0.0000,0.0000,,,,,7437,124592,827,267,5473,123330,1964,1260,0,2,0.56287,0.09745,0
1786018557.0090,B_right_diagonal_up_left_down_right,B,right,0,,,648,151.1000,345.7000,130.4000,192.5000,151.7000,0.0000,360.0000,341.3000,76.5000,0.0000,126.5000,0.0000,194.6000,0.0000,-0.85400,-0.05000,0.44300,-0.19000,2.66000,1.22000,0.09600,0.13200,0.91900,-0.38000,-1.75000,-2.08000,9.4,1.8,1.0,1.0,0.741197,0.038995,1.293318,0.045667,0.210898,1.225372,-0.089600,0.486000,0.869300,0.003200,0.133500,0.542300,0.828800,0.034500,0.742471,0.038976,1.293519,-0.247970,0.213129,1.320062,-1.356184,-1.043019,-1.785478,-2.001835,3.069304,0.116212,0.838713,-0.828692,1.889970,1.030255,1.805291,-0.598218,-0.671037,2.190499,1,1,1.0000,1.0000,1,1,0,0,0.0000,0.0000,,,,,126982,124592,871,267,124711,123330,2271,1260,0,2,0.56287,0.09745,0
1786018557.0186,B_right_diagonal_up_left_down_right,B,right,0,,,649,151.1000,345.7000,130.4000,192.5000,151.7000,0.0000,360.0000,341.3000,76.5000,0.0000,126.5000,0.0000,194.6000,0.0000,-0.85400,-0.05000,0.44300,-0.19000,2.66000,1.22000,0.09600,0.13200,0.91900,-0.38000,-1.75000,-2.08000,9.4,1.8,1.0,1.0,0.741197,0.038995,1.293318,0.045667,0.210898,1.225372,-0.089600,0.486000,0.869300,0.003200,0.133500,0.542300,0.828800,0.034500,0.742471,0.038976,1.293519,-0.247970,0.213129,1.320062,-1.356184,-1.043019,-1.785478,-2.001835,3.069304,0.116212,0.838713,-0.828692,1.889970,1.030255,1.805291,-0.598218,-0.671037,2.190499,1,1,1.0000,1.0000,1,1,0,0,0.0000,0.0000,,,,,126982,124592,871,267,124711,123330,2271,1260,0,2,0.56287,0.09745,0
1786018557.0474,B_right_diagonal_up_left_down_right,B,right,0,,,650,151.1000,345.7000,130.4000,192.5000,151.7000,0.0000,360.0000,341.3000,76.5000,0.0000,126.5000,0.0000,194.6000,0.0000,-0.85400,-0.05000,0.44300,-0.19000,2.66000,1.22000,0.09600,0.13200,0.91900,-0.38000,-1.75000,-2.08000,9.4,1.8,1.0,1.0,0.741197,0.038995,1.293318,0.045667,0.210898,1.225372,-0.089600,0.486000,0.869300,0.003200,0.133500,0.542300,0.828800,0.034500,0.741874,0.038988,1.293429,-0.247970,0.213129,1.320062,-1.356184,-1.043019,-1.785478,-2.001835,3.069304,0.116212,0.838713,-0.829628,1.890309,1.029135,1.808143,-0.598195,-0.673261,2.189283,1,1,1.0000,1.0000,1,1,0,0,0.0000,0.0000,,,,,126982,8087,871,239,124711,6887,2271,1200,0,0,0.56287,0.09772,0
1786018557.0601,B_right_diagonal_up_left_down_right,B,right,0,,,651,151.1000,345.7000,130.4000,192.5000,151.7000,0.0000,360.0000,341.3000,76.5000,0.0000,126.5000,0.0000,194.6000,0.0000,-0.85400,-0.05000,0.44300,-0.19000,2.66000,1.22000,0.09600,0.13200,0.91900,-0.38000,-1.75000,-2.08000,10.7,1.6,1.0,1.0,0.741197,0.038995,1.293318,0.045667,0.210898,1.225372,-0.089600,0.486000,0.869300,0.003200,0.133500,0.542300,0.828800,0.034500,0.741874,0.038988,1.293429,-0.247970,0.213129,1.320062,-1.356184,-1.043019,-1.785478,-2.001835,3.069304,0.116212,0.838713,-0.830494,1.890623,1.028096,1.810786,-0.598173,-0.675323,2.188156,1,1,1.0000,1.0000,1,1,0,0,0.0000,0.0000,,,,,7437,8087,827,239,5473,6887,1964,1200,0,0,0.56287,0.09772,0
1786018557.0826,B_right_diagonal_up_left_down_right,B,right,0,,,652,151.1000,345.7000,130.4000,192.5000,151.7000,0.0000,360.0000,341.3000,76.5000,0.0000,126.5000,0.0000,194.6000,0.0000,-0.85400,-0.05000,0.44300,-0.19000,2.66000,1.22000,0.09600,0.13200,0.91900,-0.38000,-1.75000,-2.08000,10.7,1.6,1.0,1.0,0.741197,0.038995,1.293318,0.045667,0.210898,1.225372,-0.089600,0.486000,0.869300,0.003200,0.133500,0.542300,0.828800,0.034500,0.741874,0.038988,1.293429,-0.247970,0.213129,1.320062,-1.356184,-1.043019,-1.785478,-2.001835,3.069304,0.116212,0.838713,-0.833368,1.891665,1.024652,1.819549,-0.598102,-0.682158,2.184418,1,1,1.0000,1.0000,1,1,0,0,0.0000,0.0000,,,,,7437,8087,827,240,5473,6887,1964,1200,0,0,0.56287,0.09772,0
1786018557.0990,B_right_diagonal_up_left_down_right,B,right,0,,,653,151.1000,345.7000,130.4000,192.5000,151.7000,0.0000,360.0000,341.3000,76.5000,0.0000,126.5000,0.0000,194.6000,0.0000,-0.85400,-0.05000,0.44300,-0.19000,2.66000,1.22000,0.09600,0.13200,0.91900,-0.38000,-1.75000,-2.08000,10.7,1.6,1.0,1.0,0.741197,0.038995,1.293318,0.045667,0.210898,1.225372,-0.089600,0.486000,0.869300,0.003200,0.133500,0.542300,0.828800,0.034500,0.741874,0.038988,1.293429,-0.247970,0.213129,1.320062,-1.356184,-1.043019,-1.785478,-2.001835,3.069304,0.116212,0.838713,-0.832219,1.891583,1.023766,1.823252,-0.596021,-0.686724,2.182127,1,1,1.0000,1.0000,1,1,0,0,0.0000,0.0000,,,,,126982,124592,871,268,124711,123330,2271,1260,0,2,0.56287,0.09745,0
1786018557.1217,B_right_diagonal_up_left_down_right,B,right,0,,,654,151.1000,345.7000,130.4000,192.5000,151.7000,0.0000,360.0000,341.3000,76.5000,0.0000,126.5000,0.0000,194.6000,0.0000,-0.85400,-0.05000,0.44300,-0.19000,2.66000,1.22000,0.09600,0.13200,0.91900,-0.38000,-1.75000,-2.08000,10.7,1.6,1.0,1.0,0.741197,0.038995,1.293318,0.045667,0.210898,1.225372,-0.089600,0.486000,0.869300,0.003200,0.133500,0.542300,0.828800,0.034500,0.741874,0.038988,1.293429,-0.247970,0.213129,1.320062,-1.356184,-1.043019,-1.785478,-2.001835,3.069304,0.116212,0.838713,-0.832839,1.891768,1.023488,1.824410,-0.595936,-0.687324,2.181412,1,1,1.0000,1.0000,1,1,0,0,0.0000,0.0000,,,,,7437,8087,827,240,5473,6887,1964,1200,0,0,0.56287,0.09772,0
1786018557.1578,B_right_diagonal_up_left_down_right,B,right,0,,,655,151.1000,345.5000,130.3000,192.4000,148.3000,0.0000,360.0000,341.2000,76.5000,0.0000,126.2000,0.0000,194.8000,0.0000,-0.84200,-0.04300,0.45100,1.56000,6.01000,1.25000,0.11600,0.11900,0.91300,-1.68000,0.91000,-0.95000,10.5,1.5,1.0,1.0,0.739912,0.039031,1.293149,0.045887,0.210359,1.226702,-0.089600,0.486000,0.869300,0.003200,0.133500,0.542300,0.828800,0.034500,0.741874,0.038988,1.293429,-0.247970,0.213129,1.320062,-1.356184,-1.043019,-1.785478,-2.001835,3.069304,0.116212,0.838713,-0.833390,1.891904,1.023408,1.824749,-0.596123,-0.687185,2.181199,1,1,1.0000,1.0000,1,1,0,0,0.0000,0.0000,,,,,126982,124592,871,268,124711,123330,2271,1260,0,2,0.56287,0.09745,0
1786018557.1583,B_right_diagonal_up_left_down_right,B,right,0,,,656,151.1000,345.5000,130.3000,192.4000,148.3000,0.0000,360.0000,341.2000,76.5000,0.0000,126.2000,0.0000,194.8000,0.0000,-0.84200,-0.04300,0.45100,1.56000,6.01000,1.25000,0.11600,0.11900,0.91300,-1.68000,0.91000,-0.95000,10.5,1.5,1.0,1.0,0.739912,0.039031,1.293149,0.045887,0.210359,1.226702,-0.089600,0.486000,0.869300,0.003200,0.133500,0.542300,0.828800,0.034500,0.741874,0.038988,1.293429,-0.247970,0.213129,1.320062,-1.356184,-1.043019,-1.785478,-2.001835,3.069304,0.116212,0.838713,-0.833390,1.891904,1.023408,1.824749,-0.596123,-0.687185,2.181199,1,1,1.0000,1.0000,1,1,0,0,0.0000,0.0000,,,,,126982,124592,871,268,124711,123330,2271,1260,0,2,0.56287,0.09745,0
1786018557.1793,B_right_diagonal_up_left_down_right,B,right,0,,,657,151.1000,345.5000,130.3000,192.4000,148.3000,0.0000,360.0000,341.2000,76.5000,0.0000,126.2000,0.0000,194.8000,0.0000,-0.84200,-0.04300,0.45100,1.56000,6.01000,1.25000,0.11600,0.11900,0.91300,-1.68000,0.91000,-0.95000,10.5,1.5,1.0,1.0,0.739912,0.039031,1.293149,0.045887,0.210359,1.226702,-0.089600,0.486000,0.869300,0.003200,0.133500,0.542300,0.828800,0.034500,0.741874,0.038988,1.293429,-0.247970,0.213129,1.320062,-1.356184,-1.043019,-1.785478,-2.001835,3.069304,0.116212,0.838713,-0.833390,1.891904,1.023408,1.824749,-0.596123,-0.687185,2.181199,1,1,1.0000,1.0000,1,1,0,0,0.0000,0.0000,,,,,7438,124592,827,268,5474,123330,1964,1260,0,2,0.56187,0.09745,0
1786018557.2156,B_right_diagonal_up_left_down_right,B,right,0,,,658,151.1000,345.6000,130.4000,192.4000,148.5000,0.0000,360.0000,341.2000,76.5000,0.0000,126.2000,0.0000,194.8000,0.0000,-0.84600,-0.05000,0.43300,-0.33000,-2.98000,1.55000,0.11600,0.11900,0.91300,-1.68000,0.91000,-0.95000,10.2,1.4,1.0,1.0,0.684238,0.346024,1.175039,-0.961179,0.416098,1.666607,-0.089600,0.486000,0.869300,0.003200,0.133500,0.542300,0.828800,0.034500,0.741083,0.039007,1.293314,-0.247970,0.213129,1.320062,-1.356184,-1.043019,-1.785478,-2.001835,3.069304,0.116212,0.838713,-0.833390,1.891904,1.023408,1.824749,-0.596123,-0.687185,2.181199,1,1,1.0000,1.0000,1,1,0,0,0.0000,0.0000,,,,,7438,8087,827,240,5474,6887,1964,1200,0,0,0.56187,0.09772,0
1786018557.2220,B_right_diagonal_up_left_down_right,B,right,0,,,659,151.1000,345.6000,130.4000,192.4000,148.5000,0.0000,360.0000,341.2000,76.5000,0.0000,126.2000,0.0000,194.8000,0.0000,-0.84600,-0.05000,0.43300,-0.33000,-2.98000,1.55000,0.11600,0.11900,0.91300,-1.68000,0.91000,-0.95000,10.2,1.4,1.0,1.0,0.684238,0.346024,1.175039,-0.961179,0.416098,1.666607,-0.089600,0.486000,0.869300,0.003200,0.133500,0.542300,0.828800,0.034500,0.741083,0.039007,1.293314,-0.247970,0.213129,1.320062,-1.356184,-1.043019,-1.785478,-2.001835,3.069304,0.116212,0.838713,-0.833390,1.891904,1.023408,1.824749,-0.596123,-0.687185,2.181199,1,1,1.0000,1.0000,1,1,0,0,0.0000,0.0000,,,,,7438,8087,827,240,5474,6887,1964,1200,0,0,0.56187,0.09772,0
1786018557.2430,B_right_diagonal_up_left_down_right,B,right,0,,,660,151.1000,345.6000,130.4000,192.4000,150.0000,0.0000,360.0000,341.2000,76.5000,0.0000,126.2000,0.0000,194.8000,0.0000,-0.84500,-0.05700,0.41100,-1.45000,-4.21000,1.40000,0.10900,0.12000,0.91300,-5.79000,-0.18000,-1.39000,10.2,2.0,1.0,1.0,0.886192,0.347086,1.093980,-0.248025,0.212592,1.319576,-0.089600,0.486000,0.869300,0.003200,0.133500,0.542300,0.828800,0.034500,0.741083,0.039007,1.293314,-0.247970,0.213129,1.320062,-1.356184,-1.043019,-1.785478,-2.001835,3.069304,0.116212,0.838713,-0.833390,1.891904,1.023408,1.824749,-0.596123,-0.687185,2.181199,1,1,1.0000,1.0000,1,1,0,0,0.0000,0.0000,,,,,126983,124592,871,268,124712,123330,2271,1260,0,2,0.56187,0.09745,0
1786018557.2647,B_right_diagonal_up_left_down_right,B,right,0,,,661,151.1000,345.6000,130.4000,192.4000,150.0000,0.0000,360.0000,341.2000,76.5000,0.0000,126.2000,0.0000,194.8000,0.0000,-0.84500,-0.05700,0.41100,-1.45000,-4.21000,1.40000,0.10900,0.12000,0.91300,-5.79000,-0.18000,-1.39000,10.2,2.0,1.0,1.0,0.886192,0.347086,1.093980,-0.248025,0.212592,1.319576,-0.089600,0.486000,0.869300,0.003200,0.133500,0.542300,0.828800,0.034500,0.741083,0.039007,1.293314,-0.247970,0.213129,1.320062,-1.356184,-1.043019,-1.785478,-2.001835,3.069304,0.116212,0.838713,-0.833390,1.891904,1.023408,1.824749,-0.596123,-0.687185,2.181199,1,1,1.0000,1.0000,1,1,0,0,0.0000,0.0000,,,,,126983,124592,871,268,124712,123330,2271,1260,0,2,0.56187,0.09745,0
1786018557.2839,B_right_diagonal_up_left_down_right,B,right,0,,,662,151.1000,345.6000,130.4000,192.4000,151.4000,0.0000,360.0000,341.2000,76.5000,0.0000,126.2000,0.0000,194.8000,0.0000,-0.84500,-0.06400,0.40000,-0.89000,-3.67000,1.34000,0.12300,0.11300,0.92300,-4.75000,-1.32000,-1.71000,10.2,2.0,1.0,1.0,0.887549,0.347015,1.094210,-0.247872,0.212213,1.320494,-0.089600,0.486000,0.869300,0.003200,0.133500,0.542300,0.828800,0.034500,0.739802,0.039360,1.292966,-0.247970,0.213129,1.320062,-1.356515,-1.044183,-1.784961,-2.003214,3.071260,0.114792,0.837987,-0.833390,1.891904,1.023408,1.824749,-0.596123,-0.687185,2.181199,1,1,1.0000,1.0000,1,1,0,0,0.0000,0.0000,,,,,7439,8087,827,240,5474,6887,1965,1200,0,0,0.56108,0.09772,0
1786018557.3027,B_right_diagonal_up_left_down_right,B,right,0,,,663,151.1000,345.6000,130.4000,192.4000,151.4000,0.0000,360.0000,341.2000,76.5000,0.0000,126.2000,0.0000,194.8000,0.0000,-0.84500,-0.06400,0.40000,-0.89000,-3.67000,1.34000,0.12300,0.11300,0.92300,-4.75000,-1.32000,-1.71000,10.2,2.0,1.0,1.0,0.887549,0.347015,1.094210,-0.247872,0.212213,1.320494,-0.089600,0.486000,0.869300,0.003200,0.133500,0.542300,0.828800,0.034500,0.739802,0.039360,1.292966,-0.247970,0.213129,1.320062,-1.356724,-1.044921,-1.784632,-2.004088,3.072501,0.113892,0.837527,-0.833390,1.891904,1.023408,1.824749,-0.596123,-0.687185,2.181199,1,1,1.0000,1.0000,1,1,0,0,0.0000,0.0000,,,,,7439,8087,827,240,5474,6887,1965,1200,0,0,0.56108,0.09772,0
1786018557.3215,B_right_diagonal_up_left_down_right,B,right,0,,,664,151.1000,345.6000,130.4000,192.4000,151.4000,0.0000,360.0000,341.2000,76.5000,0.0000,126.2000,0.0000,194.8000,0.0000,-0.84500,-0.06400,0.40000,-0.89000,-3.67000,1.34000,0.12300,0.11300,0.92300,-4.75000,-1.32000,-1.71000,10.4,1.0,1.0,1.0,0.887549,0.347015,1.094210,-0.247872,0.212213,1.320494,-0.089600,0.486000,0.869300,0.003200,0.133500,0.542300,0.828800,0.034500,0.739802,0.039360,1.292966,-0.247970,0.213129,1.320062,-1.356724,-1.044921,-1.784632,-2.004088,3.072501,0.113892,0.837527,-0.833390,1.891904,1.023408,1.824749,-0.596123,-0.687185,2.181199,1,1,1.0000,1.0000,1,1,0,0,0.0000,0.0000,,,,,7439,8087,827,240,5474,6887,1965,1200,0,0,0.56108,0.09772,0
1786018557.3386,B_right_diagonal_up_left_down_right,B,right,0,,,665,151.1000,345.6000,130.4000,192.4000,151.4000,0.0000,360.0000,341.2000,76.5000,0.0000,126.2000,0.0000,194.8000,0.0000,-0.84500,-0.06400,0.40000,-0.89000,-3.67000,1.34000,0.12300,0.11300,0.92300,-4.75000,-1.32000,-1.71000,10.4,1.0,1.0,1.0,0.887549,0.347015,1.094210,-0.247872,0.212213,1.320494,-0.089600,0.486000,0.869300,0.003200,0.133500,0.542300,0.828800,0.034500,0.739514,0.040207,1.292495,-0.247970,0.213129,1.320062,-1.356724,-1.044921,-1.784632,-2.004088,3.072501,0.113892,0.837527,-0.833390,1.891904,1.023408,1.824749,-0.596123,-0.687185,2.181199,1,1,1.0000,1.0000,1,1,0,0,0.0000,0.0000,,,,,126984,124592,871,268,124712,123330,2272,1260,0,2,0.56108,0.09745,0
1786018557.3631,B_right_diagonal_up_left_down_right,B,right,0,,,666,151.1000,345.8000,130.4000,192.5000,153.6000,0.0000,360.0000,341.2000,76.4000,0.0000,126.2000,0.0000,194.9000,0.0000,-0.83500,-0.04300,0.39900,6.17000,4.84000,0.21000,0.11400,0.10900,0.92800,-0.20000,-2.50000,-2.56000,10.1,2.8,1.0,1.0,0.742417,0.038926,1.293536,0.046060,0.209980,1.227703,-0.089600,0.486000,0.869300,0.003200,0.133500,0.542300,0.828800,0.034500,0.739514,0.040207,1.292495,-0.247970,0.213129,1.320062,-1.356724,-1.044921,-1.784632,-2.004088,3.072501,0.113892,0.837527,-0.833390,1.891904,1.023408,1.824749,-0.596123,-0.687185,2.181199,1,1,1.0000,1.0000,1,1,0,0,0.0000,0.0000,,,,,7439,124592,827,269,5474,123330,1965,1260,0,2,0.56108,0.09745,0
1786018557.3857,B_right_diagonal_up_left_down_right,B,right,0,,,667,151.1000,345.8000,130.4000,192.5000,153.6000,0.0000,360.0000,341.2000,76.4000,0.0000,126.2000,0.0000,194.9000,0.0000,-0.83500,-0.04300,0.39900,6.17000,4.84000,0.21000,0.11400,0.10900,0.92800,-0.20000,-2.50000,-2.56000,10.1,2.8,1.0,1.0,0.742417,0.038926,1.293536,0.046060,0.209980,1.227703,-0.089600,0.486000,0.869300,0.003200,0.133500,0.542300,0.828800,0.034500,0.739514,0.040207,1.292495,-0.247970,0.213129,1.320062,-1.356724,-1.044921,-1.784632,-2.004088,3.072501,0.113892,0.837527,-0.833390,1.891904,1.023408,1.824749,-0.596123,-0.687185,2.181199,1,1,1.0000,1.0000,1,1,0,0,0.0000,0.0000,,,,,7439,124592,827,269,5474,123330,1965,1260,0,2,0.56108,0.09745,0
1786018557.4055,B_right_diagonal_up_left_down_right,B,right,0,,,668,151.1000,345.8000,130.4000,192.5000,153.6000,0.0000,360.0000,341.2000,76.4000,0.0000,126.2000,0.0000,194.9000,0.0000,-0.83500,-0.04300,0.39900,6.17000,4.84000,0.21000,0.11400,0.10900,0.92800,-0.20000,-2.50000,-2.56000,10.1,2.8,1.0,1.0,0.742417,0.038926,1.293536,0.046060,0.209980,1.227703,-0.089600,0.486000,0.869300,0.003200,0.133500,0.542300,0.828800,0.034500,0.739217,0.041058,1.292025,-0.247970,0.213129,1.320062,-1.356724,-1.044921,-1.784632,-2.004088,3.072501,0.113892,0.837527,-0.833390,1.891904,1.023408,1.824749,-0.596123,-0.687185,2.181199,1,1,1.0000,1.0000,1,1,0,0,0.0000,0.0000,,,,,126984,124592,871,269,124712,123330,2272,1260,0,2,0.56108,0.09745,0
1786018557.4185,B_right_diagonal_up_left_down_right,B,right,0,,,669,151.1000,345.8000,130.4000,192.5000,153.6000,0.0000,360.0000,341.2000,76.4000,0.0000,126.2000,0.0000,194.9000,0.0000,-0.83500,-0.04300,0.39900,6.17000,4.84000,0.21000,0.11400,0.10900,0.92800,-0.20000,-2.50000,-2.56000,10.1,2.8,1.0,1.0,0.742417,0.038926,1.293536,0.046060,0.209980,1.227703,-0.089600,0.486000,0.869300,0.003200,0.133500,0.542300,0.828800,0.034500,0.739217,0.041058,1.292025,-0.247970,0.213129,1.320062,-1.356724,-1.044921,-1.784632,-2.004088,3.072501,0.113892,0.837527,-0.833390,1.891904,1.023408,1.824749,-0.596123,-0.687185,2.181199,1,1,1.0000,1.0000,1,1,0,0,0.0000,0.0000,,,,,7439,8087,827,241,5474,6887,1965,1200,0,0,0.56108,0.09772,0
1786018557.4416,B_right_diagonal_up_left_down_right,B,right,0,,,670,151.1000,345.7000,130.4000,192.5000,146.7000,0.0000,360.0000,341.2000,76.4000,0.0000,126.2000,0.0000,194.9000,0.0000,-0.83800,-0.04700,0.45700,3.36000,2.22000,3.98000,0.11400,0.10900,0.92800,-0.20000,-2.50000,-2.56000,10.1,2.8,1.0,1.0,0.682425,0.346075,1.174731,0.046060,0.209980,1.227703,-0.089600,0.486000,0.869300,0.003200,0.133500,0.542300,0.828800,0.034500,0.739217,0.041058,1.292025,-0.247970,0.213129,1.320062,-1.357762,-1.048460,-1.782772,-2.008534,3.076504,0.109305,0.837397,-0.833390,1.891904,1.023408,1.824749,-0.596123,-0.687185,2.181199,1,1,1.0000,1.0000,1,1,0,0,0.0000,0.0000,,,,,126984,124592,871,269,124712,123330,2272,1260,0,2,0.56108,0.09745,0
1786018557.4617,B_right_diagonal_up_left_down_right,B,right,0,,,671,151.1000,345.0000,130.4000,192.4000,147.2000,0.0000,360.0000,341.2000,76.4000,0.0000,126.2000,0.0000,194.9000,0.0000,-0.83300,-0.05400,0.44000,0.90000,0.88000,3.86000,0.11400,0.10900,0.92800,-0.20000,-2.50000,-2.56000,10.1,2.8,1.0,1.0,0.681954,0.346081,1.174642,0.046060,0.209980,1.227703,-0.089600,0.486000,0.869300,0.003200,0.133500,0.542300,0.828800,0.034500,0.739217,0.041058,1.292025,-0.247970,0.213129,1.320062,-1.359397,-1.050096,-1.781579,-2.006897,-3.205791,0.110942,0.838571,-0.833390,1.891904,1.023408,1.824749,-0.596123,-0.687185,2.181199,1,1,1.0000,1.0000,1,1,0,0,0.0000,0.0000,,,,,7439,124592,827,269,5474,123330,1965,1260,0,2,0.56108,0.09745,0
1786018557.4968,B_right_diagonal_up_left_down_right,B,right,0,,,672,151.1000,345.7000,130.5000,192.5000,150.3000,0.0000,360.0000,341.2000,76.4000,0.0000,126.2000,0.0000,194.9000,0.0000,-0.84700,-0.06000,0.42700,-1.03000,-1.67000,2.14000,0.11400,0.10900,0.92800,-0.20000,-2.50000,-2.56000,9.7,1.3,1.0,1.0,0.682976,0.346033,1.174748,-0.961179,0.416098,1.666607,-0.089600,0.486000,0.869300,0.003200,0.133500,0.542300,0.828800,0.034500,0.738911,0.041915,1.291552,-0.247970,0.213129,1.320062,-1.359722,-1.050420,-1.781342,-2.006572,-3.205615,0.111267,0.838804,-0.833390,1.891904,1.023408,1.824749,-0.596123,-0.687185,2.181199,1,1,1.0000,1.0000,1,1,0,0,0.0000,0.0000,,,,,126984,8087,871,241,124712,6887,2272,1200,0,0,0.56108,0.09772,0
1786018557.5026,B_right_diagonal_up_left_down_right,B,right,0,,,673,151.1000,345.7000,130.5000,192.5000,150.3000,0.0000,360.0000,341.2000,76.4000,0.0000,126.1000,0.0000,194.9000,0.0000,-0.84700,-0.06000,0.42700,-1.03000,-1.67000,2.14000,0.12100,0.12700,0.91700,-1.19000,0.37000,-0.66000,9.7,1.3,1.0,1.0,0.682976,0.346033,1.174748,-0.961179,0.416098,1.666607,-0.089600,0.486000,0.869300,0.003200,0.133500,0.542300,0.828800,0.034500,0.738911,0.041915,1.291552,-0.247970,0.213129,1.320062,-1.360056,-1.050754,-1.781099,-2.006239,-3.205434,0.111600,0.839043,-0.833390,1.891904,1.023408,1.824749,-0.596123,-0.687185,2.181199,1,0,1.0000,1.0000,1,1,0,0,0.0000,0.0000,,,,,7439,124592,828,269,5474,123330,1965,1260,0,2,0.56108,0.09745,0
1786018557.5219,B_right_diagonal_up_left_down_right,B,right,0,,,674,151.1000,345.7000,130.5000,192.5000,150.3000,0.0000,360.0000,341.2000,76.4000,0.0000,126.1000,0.0000,194.9000,0.0000,-0.84700,-0.06000,0.42700,-1.03000,-1.67000,2.14000,0.12100,0.12700,0.91700,-1.19000,0.37000,-0.66000,9.7,1.3,1.0,1.0,0.682976,0.346033,1.174748,-0.961179,0.416098,1.666607,-0.089600,0.486000,0.869300,0.003200,0.133500,0.542300,0.828800,0.034500,0.738911,0.041915,1.291552,-0.247970,0.213129,1.320062,-1.360056,-1.050754,-1.781099,-2.006239,-3.205434,0.111600,0.839043,-0.833390,1.891904,1.023408,1.824749,-0.596123,-0.687185,2.181199,1,0,1.0000,1.0000,1,1,0,0,0.0000,0.0000,,,,,7439,124592,828,269,5474,123330,1965,1260,0,2,0.56108,0.09745,0
1786018557.5392,B_right_diagonal_up_left_down_right,B,right,0,,,675,151.1000,345.7000,130.5000,192.5000,151.3000,0.0000,360.0000,341.2000,76.4000,0.0000,126.1000,0.0000,194.9000,0.0000,-0.85100,-0.05800,0.42800,-1.18000,-2.07000,0.52000,0.12300,0.13500,0.92000,-1.91000,0.00000,-0.35000,9.9,1.1,1.0,1.0,0.683804,0.345995,1.174840,-0.961179,0.416098,1.666607,-0.089600,0.486000,0.869300,0.003200,0.133500,0.542300,0.828800,0.034500,0.738911,0.041915,1.291552,-0.247970,0.213129,1.320062,-1.360424,-1.051122,-1.780830,-2.005870,-3.205233,0.111969,0.839308,-0.833390,1.891904,1.023408,1.824749,-0.596123,-0.687185,2.181199,1,0,1.0000,1.0000,1,1,0,0,0.0000,0.0000,,,,,7439,8087,828,241,5474,6887,1965,1200,0,0,0.56108,0.09772,0
1786018557.5637,B_right_diagonal_up_left_down_right,B,right,0,,,676,151.0000,345.7000,130.5000,192.5000,153.0000,0.1000,360.0000,341.0000,76.4000,0.0000,126.1000,0.0000,194.9000,0.0000,-0.83500,-0.04300,0.39100,0.25000,-0.73000,-0.21000,0.12600,0.14300,0.92200,-0.57000,-2.00000,-0.82000,9.6,1.6,1.0,1.0,0.744758,0.038805,1.293915,0.046150,0.209443,1.228309,-0.089600,0.486000,0.869300,0.003200,0.133500,0.542300,0.828800,0.034500,0.735455,0.050766,1.286903,-0.247970,0.213129,1.320062,-1.361097,-1.051795,-1.780340,-2.005197,-3.204868,0.112642,0.839791,-0.833390,1.891904,1.023408,1.824749,-0.596123,-0.687185,2.181199,1,1,1.0000,1.0000,1,1,0,0,0.0000,0.0000,,,,,126984,8087,872,241,124712,6887,2272,1200,0,0,0.56108,0.09772,0
1786018557.5796,B_right_diagonal_up_left_down_right,B,right,0,,,677,151.0000,345.7000,130.5000,192.5000,153.0000,0.1000,360.0000,341.0000,76.4000,0.0000,126.1000,0.0000,194.9000,0.0000,-0.83500,-0.04300,0.39100,0.25000,-0.73000,-0.21000,0.12600,0.14300,0.92200,-0.57000,-2.00000,-0.82000,9.6,1.6,1.0,1.0,0.744758,0.038805,1.293915,0.046150,0.209443,1.228309,-0.089600,0.486000,0.869300,0.003200,0.133500,0.542300,0.828800,0.034500,0.735455,0.050766,1.286903,-0.247970,0.213129,1.320062,-1.361778,-1.052476,-1.779843,-2.004516,-3.204497,0.113322,0.840279,-0.833390,1.891904,1.023408,1.824749,-0.596123,-0.687185,2.181199,1,1,1.0000,1.0000,1,1,0,0,0.0000,0.0000,,,,,126985,8087,872,241,124712,6887,2273,1200,0,0,0.55891,0.09772,0
1786018557.6134,B_right_diagonal_up_left_down_right,B,right,0,,,678,151.0000,345.7000,130.5000,192.5000,153.0000,0.1000,360.0000,341.0000,76.4000,0.0000,126.1000,0.0000,194.9000,0.0000,-0.83500,-0.04300,0.39100,0.25000,-0.73000,-0.21000,0.12600,0.14300,0.92200,-0.57000,-2.00000,-0.82000,9.6,1.6,1.0,1.0,0.744758,0.038805,1.293915,0.046150,0.209443,1.228309,-0.089600,0.486000,0.869300,0.003200,0.133500,0.542300,0.828800,0.034500,0.731939,0.058697,1.283092,-0.247970,0.213129,1.320062,-1.363503,-1.054201,-1.778586,-2.002791,-3.203560,0.115048,0.841518,-0.833390,1.891904,1.023408,1.824749,-0.596123,-0.687185,2.181199,1,1,1.0000,1.0000,1,1,0,0,0.0000,0.0000,,,,,7441,124592,828,270,5474,123330,1967,1260,0,2,0.55891,0.09745,0
1786018557.6208,B_right_diagonal_up_left_down_right,B,right,0,,,679,151.0000,345.7000,130.5000,192.5000,153.0000,0.1000,360.0000,341.0000,76.4000,0.0000,126.1000,0.0000,194.9000,0.0000,-0.83500,-0.04300,0.39100,0.25000,-0.73000,-0.21000,0.12600,0.14300,0.92200,-0.57000,-2.00000,-0.82000,9.6,1.6,1.0,1.0,0.744758,0.038805,1.293915,0.046150,0.209443,1.228309,-0.089600,0.486000,0.869300,0.003200,0.133500,0.542300,0.828800,0.034500,0.731939,0.058697,1.283092,-0.247970,0.213129,1.320062,-1.364188,-1.054886,-1.778086,-2.002106,-3.203187,0.115733,0.842009,-0.833390,1.891904,1.023408,1.824749,-0.596123,-0.687185,2.181199,1,1,1.0000,1.0000,1,1,0,0,0.0000,0.0000,,,,,7441,124592,828,270,5474,123330,1967,1260,0,2,0.55891,0.09745,0
1786018557.6415,B_right_diagonal_up_left_down_right,B,right,0,,,680,151.0000,345.7000,130.5000,192.5000,153.0000,0.1000,360.0000,341.0000,76.4000,0.0000,126.1000,0.0000,194.9000,0.0000,-0.83500,-0.04300,0.39100,0.25000,-0.73000,-0.21000,0.12600,0.14300,0.92200,-0.57000,-2.00000,-0.82000,9.6,1.6,1.0,1.0,0.744758,0.038805,1.293915,0.046150,0.209443,1.228309,-0.089600,0.486000,0.869300,0.003200,0.133500,0.542300,0.828800,0.034500,0.731939,0.058697,1.283092,-0.247970,0.213129,1.320062,-1.365228,-1.055926,-1.777328,-2.001067,-3.202622,0.116772,0.842755,-0.833390,1.891904,1.023408,1.824749,-0.596123,-0.687185,2.181199,1,1,1.0000,1.0000,1,1,0,0,0.0000,0.0000,,,,,126987,8087,872,242,124713,6887,2274,1200,0,0,0.55545,0.09772,0
1786018557.6666,B_right_diagonal_up_left_down_right,B,right,0,,,681,151.1000,345.7000,130.5000,192.5000,153.6000,0.0000,360.0000,341.0000,76.4000,0.0000,126.1000,0.0000,194.9000,0.0000,-0.84600,-0.05500,0.43800,5.77000,4.56000,2.84000,0.12600,0.14300,0.92200,-0.57000,-2.00000,-0.82000,9.3,1.1,1.0,1.0,0.743154,0.038869,1.293652,0.046150,0.209443,1.228309,-0.089600,0.486000,0.869300,0.003200,0.133500,0.542300,0.828800,0.034500,0.731939,0.058697,1.283092,-0.247970,0.213129,1.320062,-1.367084,-1.057782,-1.775975,-1.999210,-3.201613,0.118629,0.844088,-0.833390,1.891904,1.023408,1.824749,-0.596123,-0.687185,2.181199,1,1,1.0000,1.0000,1,1,0,0,0.0000,0.0000,,,,,126987,8087,872,242,124713,6887,2274,1200,0,0,0.55545,0.09772,0
1786018557.6839,B_right_diagonal_up_left_down_right,B,right,0,,,682,151.1000,345.7000,130.5000,192.5000,153.6000,0.0000,360.0000,340.9000,76.6000,0.0000,126.0000,0.0000,194.9000,0.0000,-0.84600,-0.05500,0.43800,5.77000,4.56000,2.84000,0.12900,0.10600,0.91600,-0.27000,-0.87000,-1.62000,9.3,1.1,1.0,1.0,0.743154,0.038869,1.293652,0.046398,0.208922,1.230168,-0.089600,0.486000,0.869300,0.003200,0.133500,0.542300,0.828800,0.034500,0.731939,0.058697,1.283092,-0.247970,0.213129,1.320062,-1.373070,-1.063768,-1.771729,-1.993225,-3.198417,0.124614,0.848326,-0.833390,1.891904,1.023408,1.824749,-0.596123,-0.687185,2.181199,1,1,1.0000,1.0000,1,1,0,0,0.0000,0.0000,,,,,7442,8087,828,242,5475,6887,1967,1200,0,0,0.55545,0.09772,0
1786018557.7094,B_right_diagonal_up_left_down_right,B,right,0,,,683,151.1000,345.7000,130.5000,192.5000,153.6000,0.0000,360.0000,340.9000,76.6000,0.0000,126.0000,0.0000,194.9000,0.0000,-0.84600,-0.05500,0.43800,5.77000,4.56000,2.84000,0.12900,0.10600,0.91600,-0.27000,-0.87000,-1.62000,9.3,1.1,1.0,1.0,0.743154,0.038869,1.293652,0.046398,0.208922,1.230168,-0.089600,0.486000,0.869300,0.003200,0.133500,0.542300,0.828800,0.034500,0.732042,0.058556,1.283162,-0.247970,0.213129,1.320062,-1.379176,-1.069875,-1.767398,-1.987118,-3.195156,0.130721,0.852649,-0.833390,1.891904,1.023408,1.824749,-0.596123,-0.687185,2.181199,1,1,1.0000,1.0000,1,1,0,0,0.0000,0.0000,,,,,126987,124592,872,270,124713,123330,2274,1260,0,2,0.55545,0.09745,0
1786018557.7221,B_right_diagonal_up_left_down_right,B,right,0,,,684,151.1000,345.6000,130.5000,192.5000,151.8000,0.0000,360.0000,340.7000,76.8000,0.0000,126.0000,0.0000,194.8000,0.0000,-0.83900,-0.06400,0.44700,3.31000,2.18000,1.37000,0.12500,0.11700,0.91600,-1.20000,0.82000,-0.36000,9.8,1.6,1.0,1.0,0.884844,0.347106,1.093803,-0.247813,0.211264,1.321217,-0.089600,0.486000,0.869300,0.003200,0.133500,0.542300,0.828800,0.034500,0.732042,0.058556,1.283162,-0.247970,0.213129,1.320062,-1.390626,-1.081324,-1.759268,-1.975669,-3.189114,0.142170,0.860719,-0.833390,1.891904,1.023408,1.824749,-0.596123,-0.687185,2.181199,1,1,1.0000,1.0000,1,1,0,0,0.0000,0.0000,,,,,7442,124592,828,271,5475,123330,1967,1260,0,2,0.55545,0.09745,0
1786018557.7657,B_right_diagonal_up_left_down_right,B,right,0,,,685,151.1000,345.6000,130.5000,192.5000,151.8000,0.0000,360.0000,340.7000,76.8000,0.0000,126.0000,0.0000,194.8000,0.0000,-0.83900,-0.06400,0.44700,3.31000,2.18000,1.37000,0.12500,0.11700,0.91600,-1.20000,0.82000,-0.36000,10.6,0.7,1.0,1.0,0.883142,0.347162,1.093542,-0.247813,0.211264,1.321217,-0.089600,0.486000,0.869300,0.003200,0.133500,0.542300,0.828800,0.034500,0.736730,0.050996,1.287001,-0.247938,0.212757,1.320294,-1.402233,-1.092931,-1.751375,-1.964061,-3.183281,0.153778,0.868533,-0.833390,1.891904,1.023408,1.824749,-0.596123,-0.687185,2.181199,1,1,1.0000,1.0000,1,1,0,0,0.0000,0.0000,,,,,126988,124592,872,271,124714,123330,2274,1260,0,2,0.55204,0.09745,0
1786018557.7718,B_right_diagonal_up_left_down_right,B,right,0,,,686,151.1000,345.6000,130.5000,192.5000,151.5000,0.0000,360.0000,340.7000,76.8000,0.0000,126.0000,0.0000,194.8000,0.0000,-0.83300,-0.06000,0.44200,-0.13000,-0.16000,-0.55000,0.12500,0.11700,0.91600,-1.20000,0.82000,-0.36000,10.6,0.7,1.0,1.0,0.883142,0.347162,1.093542,-0.247813,0.211264,1.321217,-0.089600,0.486000,0.869300,0.003200,0.133500,0.542300,0.828800,0.034500,0.736730,0.050996,1.287001,-0.247938,0.212757,1.320294,-1.406937,-1.097635,-1.748198,-1.959357,-3.180947,0.158482,0.871670,-0.833390,1.891904,1.023408,1.824749,-0.596123,-0.687185,2.181199,1,1,1.0000,1.0000,1,1,0,0,0.0000,0.0000,,,,,7443,8087,828,243,5476,6887,1967,1200,0,0,0.55204,0.09772,0
1786018557.7864,B_right_diagonal_up_left_down_right,B,right,0,,,687,151.1000,345.6000,130.5000,192.5000,151.5000,0.0000,360.0000,340.7000,76.8000,0.0000,126.0000,0.0000,194.8000,0.0000,-0.83300,-0.06000,0.44200,-0.13000,-0.16000,-0.55000,0.12500,0.11700,0.91600,-1.20000,0.82000,-0.36000,10.0,2.6,1.0,1.0,0.883142,0.347162,1.093542,-0.247813,0.211264,1.321217,-0.089600,0.486000,0.869300,0.003200,0.133500,0.542300,0.828800,0.034500,0.736730,0.050996,1.287001,-0.247938,0.212757,1.320294,-1.412576,-1.103269,-1.744395,-1.953705,3.105033,0.164134,0.875425,-0.833390,1.891904,1.023408,1.824749,-0.596123,-0.687185,2.181199,1,1,1.0000,1.0000,1,1,0,0,0.0000,0.0000,,,,,7443,8088,828,243,5476,6888,1967,1200,0,0,0.55204,0.09684,0
1786018557.8043,B_right_diagonal_up_left_down_right,B,right,0,,,688,151.1000,345.6000,130.5000,192.5000,152.1000,0.0000,360.0000,340.4000,76.9000,0.0000,126.0000,0.0000,194.6000,0.0000,-0.82200,-0.05300,0.42200,-1.64000,0.24000,0.79000,0.11700,0.12000,0.92200,-3.15000,0.40000,-1.50000,10.0,1.9,1.0,1.0,0.683810,0.345991,1.174819,-0.961179,0.416098,1.666607,-0.089600,0.486000,0.869300,0.003200,0.133500,0.542300,0.828800,0.034500,0.736730,0.050996,1.287001,-0.247938,0.212757,1.320294,-1.412412,-1.103088,-1.744520,-1.953832,3.104941,0.164009,0.875299,-0.833390,1.891904,1.023408,1.824749,-0.596123,-0.687185,2.181199,1,0,1.0000,1.0000,1,1,0,0,0.0000,0.0000,,,,,126988,124593,872,271,124714,123331,2274,1260,0,2,0.55204,0.09684,0
1786018557.8231,B_right_diagonal_up_left_down_right,B,right,0,,,689,151.1000,345.6000,130.5000,192.5000,152.1000,0.0000,360.0000,340.4000,76.9000,0.0000,126.0000,0.0000,194.6000,0.0000,-0.82200,-0.05300,0.42200,-1.64000,0.24000,0.79000,0.11700,0.12000,0.92200,-3.15000,0.40000,-1.50000,10.0,1.9,1.0,1.0,0.683810,0.345991,1.174819,-0.961179,0.416098,1.666607,-0.089600,0.486000,0.869300,0.003200,0.133500,0.542300,0.828800,0.034500,0.736730,0.050996,1.287001,-0.247938,0.212757,1.320294,-1.412247,-1.102907,-1.744645,-1.953959,3.104849,0.163883,0.875172,-0.833390,1.891904,1.023408,1.824749,-0.596123,-0.687185,2.181199,1,0,1.0000,1.0000,1,1,0,0,0.0000,0.0000,,,,,7443,8088,828,243,5476,6888,1967,1200,0,0,0.55204,0.09684,0
1786018557.8426,B_right_diagonal_up_left_down_right,B,right,0,,,690,151.1000,345.6000,130.5000,192.5000,152.1000,0.0000,360.0000,340.4000,76.9000,0.0000,126.0000,0.0000,194.6000,0.0000,-0.82200,-0.05300,0.42200,-1.64000,0.24000,0.79000,0.11700,0.12000,0.92200,-3.15000,0.40000,-1.50000,10.0,1.9,1.0,1.0,0.683810,0.345991,1.174819,-0.961179,0.416098,1.666607,-0.089600,0.486000,0.869300,0.003200,0.133500,0.542300,0.828800,0.034500,0.743151,0.038871,1.293654,-0.247813,0.211264,1.321217,-1.412191,-1.102846,-1.744687,-1.954001,3.104818,0.163841,0.875130,-0.833390,1.891904,1.023408,1.824749,-0.596123,-0.687185,2.181199,1,0,1.0000,1.0000,1,1,0,0,0.0000,0.0000,,,,,126988,124593,872,271,124714,123331,2274,1260,0,2,0.55204,0.09684,0
1786018557.8699,B_right_diagonal_up_left_down_right,B,right,0,,,691,151.1000,345.6000,130.5000,192.5000,152.1000,0.0000,360.0000,340.4000,76.9000,0.0000,126.0000,0.0000,194.6000,0.0000,-0.82200,-0.05300,0.42200,-1.64000,0.24000,0.79000,0.11700,0.12000,0.92200,-3.15000,0.40000,-1.50000,10.0,1.9,1.0,1.0,0.683810,0.345991,1.174819,-0.961179,0.416098,1.666607,-0.089600,0.486000,0.869300,0.003200,0.133500,0.542300,0.828800,0.034500,0.743151,0.038871,1.293654,-0.247813,0.211264,1.321217,-1.411962,-1.102593,-1.744862,-1.954177,3.104690,0.163666,0.874954,-0.833390,1.891904,1.023408,1.824749,-0.596123,-0.687185,2.181199,1,0,1.0000,1.0000,1,1,0,0,0.0000,0.0000,,,,,126988,124593,872,271,124714,123331,2274,1260,0,2,0.55204,0.09684,0
1786018557.8792,B_right_diagonal_up_left_down_right,B,right,0,,,692,151.1000,345.6000,130.5000,192.5000,152.1000,0.0000,360.0000,340.4000,76.9000,0.0000,126.0000,0.0000,194.6000,0.0000,-0.82200,-0.05300,0.42200,-1.64000,0.24000,0.79000,0.11700,0.12000,0.92200,-3.15000,0.40000,-1.50000,10.0,1.9,1.0,1.0,0.683810,0.345991,1.174819,-0.961179,0.416098,1.666607,-0.089600,0.486000,0.869300,0.003200,0.133500,0.542300,0.828800,0.034500,0.743151,0.038871,1.293654,-0.247813,0.211264,1.321217,-1.411915,-1.102542,-1.744897,-1.954213,3.104664,0.163631,0.874918,-0.833390,1.891904,1.023408,1.824749,-0.596123,-0.687185,2.181199,1,0,1.0000,1.0000,1,1,0,0,0.0000,0.0000,,,,,7443,8088,828,243,5476,6888,1967,1200,0,0,0.55204,0.09684,0
1786018557.9121,B_right_diagonal_up_left_down_right,B,right,0,,,693,151.1000,345.6000,130.5000,192.5000,152.1000,0.0000,360.0000,340.4000,76.9000,0.0000,126.0000,0.0000,194.6000,0.0000,-0.82200,-0.05300,0.42200,-1.64000,0.24000,0.79000,0.11700,0.12000,0.92200,-3.15000,0.40000,-1.50000,10.0,1.9,1.0,1.0,0.683810,0.345991,1.174819,-0.961179,0.416098,1.666607,-0.089600,0.486000,0.869300,0.003200,0.133500,0.542300,0.828800,0.034500,0.743151,0.038871,1.293654,-0.247813,0.211264,1.321217,-1.401232,-1.091150,-1.752802,-1.963224,3.098809,0.154682,0.867014,-0.833390,1.891904,1.023408,1.824749,-0.596123,-0.687185,2.181199,1,0,1.0000,1.0000,1,1,0,0,0.0000,0.0000,,,,,7443,8088,828,243,5476,6888,1967,1200,0,0,0.55204,0.09684,0
1786018557.9340,B_right_diagonal_up_left_down_right,B,right,0,,,694,151.1000,345.6000,130.5000,192.5000,152.1000,0.0000,360.0000,340.4000,76.9000,0.0000,126.0000,0.0000,194.6000,0.0000,-0.82200,-0.05300,0.42200,-1.64000,0.24000,0.79000,0.11700,0.12000,0.92200,-3.15000,0.40000,-1.50000,10.0,1.9,1.0,1.0,0.683810,0.345991,1.174819,-0.961179,0.416098,1.666607,-0.089600,0.486000,0.869300,0.003200,0.133500,0.542300,0.828800,0.034500,0.743151,0.038871,1.293654,-0.247813,0.211264,1.321217,-1.396035,-1.085608,-1.756648,-1.967608,3.095961,0.150329,0.863169,-0.833390,1.891904,1.023408,1.824749,-0.596123,-0.687185,2.181199,1,0,1.0000,1.0000,1,1,0,0,0.0000,0.0000,,,,,126988,124593,873,271,124714,123331,2274,1260,0,2,0.55204,0.09684,0
1786018557.9392,B_right_diagonal_up_left_down_right,B,right,0,,,695,151.1000,345.6000,130.5000,192.5000,152.1000,0.0000,360.0000,340.4000,76.9000,0.0000,126.0000,0.0000,194.6000,0.0000,-0.82200,-0.05300,0.42200,-1.64000,0.24000,0.79000,0.11700,0.12000,0.92200,-3.15000,0.40000,-1.50000,10.1,2.3,1.0,1.0,0.683810,0.345991,1.174819,-0.961179,0.416098,1.666607,-0.089600,0.486000,0.869300,0.003200,0.133500,0.542300,0.828800,0.034500,0.743151,0.038871,1.293654,-0.247813,0.211264,1.321217,-1.390989,-1.080228,-1.760381,-1.971864,3.093196,0.146102,0.859436,-0.833310,1.891905,1.023063,1.826067,-0.595611,-0.688537,2.180461,1,0,1.0000,1.0000,1,1,0,0,0.0000,0.0000,,,,,7443,124593,828,271,5476,123331,1967,1260,0,2,0.55204,0.09684,0
1786018557.9639,B_right_diagonal_up_left_down_right,B,right,0,,,696,151.2000,345.7000,130.4000,192.4000,153.9000,0.0000,360.0000,340.4000,76.7000,0.0000,125.9000,0.0000,194.6000,0.0000,-0.84400,-0.05900,0.41500,4.73000,5.35000,3.10000,0.12600,0.14200,0.93000,-0.01000,-0.85000,0.26000,10.1,1.9,1.0,1.0,0.685050,0.345962,1.175008,-0.961179,0.416098,1.666607,-0.089600,0.486000,0.869300,0.003200,0.133500,0.542300,0.828800,0.034500,0.743151,0.038871,1.293654,-0.247813,0.211264,1.321217,-1.385516,-1.074391,-1.764431,-1.976480,3.090196,0.141518,0.855387,-0.833246,1.891905,1.022787,1.827121,-0.595201,-0.689619,2.179871,1,0,1.0000,1.0000,1,1,0,0,0.0000,0.0000,,,,,126988,8088,873,243,124714,6888,2274,1200,0,0,0.55204,0.09684,0
1786018557.9859,B_right_diagonal_up_left_down_right,B,right,0,,,697,151.2000,345.7000,130.4000,192.4000,153.4000,0.0000,360.0000,340.4000,76.7000,0.0000,125.9000,0.0000,194.5000,0.0000,-0.84800,-0.05400,0.42200,5.10000,4.37000,2.44000,0.12200,0.11800,0.92400,0.04000,-0.93000,-0.56000,10.9,0.6,1.0,1.0,0.743263,0.038889,1.293667,0.046390,0.207879,1.230495,-0.089600,0.486000,0.869300,0.003200,0.133500,0.542300,0.828800,0.034500,0.743151,0.038871,1.293654,-0.247813,0.211264,1.321217,-1.380496,-1.069038,-1.768146,-1.980715,3.087445,0.137312,0.851673,-0.833183,1.891906,1.022513,1.828168,-0.594794,-0.690694,2.179284,1,1,1.0000,1.0000,1,1,0,0,0.0000,0.0000,,,,,7443,124593,829,271,5476,123331,1967,1260,0,2,0.55204,0.09684,0
1786018558.0049,B_right_diagonal_up_left_down_right,B,right,0,,,698,151.2000,345.7000,130.4000,192.4000,153.4000,0.0000,360.0000,340.4000,76.7000,0.0000,125.9000,0.0000,194.5000,0.0000,-0.83000,-0.05700,0.43200,4.80000,3.55000,2.01000,0.11600,0.11300,0.90900,0.60000,-1.57000,-0.82000,10.9,0.6,1.0,1.0,0.741879,0.038956,1.293461,0.046351,0.207150,1.230507,-0.089600,0.486000,0.869300,0.003200,0.133500,0.542300,0.828800,0.034500,0.743151,0.038871,1.293654,-0.247813,0.211264,1.321217,-1.375686,-1.063909,-1.771704,-1.984772,3.084809,0.133283,0.848115,-0.833122,1.891906,1.022250,1.829170,-0.594405,-0.691722,2.178723,1,1,1.0000,1.0000,1,1,0,0,0.0000,0.0000,,,,,126988,8088,873,243,124714,6888,2274,1200,0,0,0.55204,0.09684,0
1786018558.0182,B_right_diagonal_up_left_down_right,B,right,0,,,699,151.2000,345.7000,130.4000,192.4000,153.4000,0.0000,360.0000,340.4000,76.7000,0.0000,125.9000,0.0000,194.5000,0.0000,-0.83000,-0.05700,0.43200,4.80000,3.55000,2.01000,0.11600,0.11300,0.90900,0.60000,-1.57000,-0.82000,10.9,0.6,1.0,1.0,0.741879,0.038956,1.293461,0.046351,0.207150,1.230507,-0.089600,0.486000,0.869300,0.003200,0.133500,0.542300,0.828800,0.034500,0.743151,0.038871,1.293654,-0.247813,0.211264,1.321217,-1.355950,-1.042863,-1.786308,-2.001418,3.073993,0.116751,0.833514,-0.832991,1.891907,1.021682,1.831337,-0.593563,-0.693946,2.177509,1,1,1.0000,1.0000,1,1,0,0,0.0000,0.0000,,,,,126989,8088,873,243,124714,6888,2275,1200,0,0,0.56315,0.09684,0
1786018558.0397,B_right_diagonal_up_left_down_right,B,right,0,,,700,151.2000,345.7000,130.4000,192.4000,153.4000,0.0000,360.0000,340.4000,76.7000,0.0000,125.9000,0.0000,194.5000,0.0000,-0.83000,-0.05700,0.43200,4.80000,3.55000,2.01000,0.11600,0.11300,0.90900,0.60000,-1.57000,-0.82000,10.9,0.6,1.0,1.0,0.741879,0.038956,1.293461,0.046351,0.207150,1.230507,-0.089600,0.486000,0.869300,0.003200,0.133500,0.542300,0.828800,0.034500,0.742642,0.038978,1.293539,-0.247813,0.211264,1.321217,-1.355950,-1.042863,-1.786308,-2.001418,3.073993,0.116751,0.833514,-0.832991,1.891907,1.021682,1.831337,-0.593563,-0.693946,2.177509,1,1,1.0000,1.0000,1,1,0,0,0.0000,0.0000,,,,,7444,124593,829,272,5476,123331,1968,1260,0,2,0.56315,0.09684,0
1786018558.0661,B_right_diagonal_up_left_down_right,B,right,0,,,701,151.2000,345.7000,130.4000,192.5000,153.7000,0.0000,360.0000,340.4000,76.8000,0.0000,125.9000,0.0000,194.4000,0.0000,-0.83900,-0.05200,0.43000,0.82000,-1.92000,0.10000,0.10000,0.09900,0.91400,-3.65000,-0.56000,0.85000,10.8,2.6,1.0,1.0,0.741505,0.038982,1.293386,0.046183,0.206647,1.229679,-0.089600,0.486000,0.869300,0.003200,0.133500,0.542300,0.828800,0.034500,0.742642,0.038978,1.293539,-0.247813,0.211264,1.321217,-1.355950,-1.042863,-1.786308,-2.001418,3.073993,0.116751,0.833514,-0.832991,1.891907,1.021682,1.831337,-0.593563,-0.693946,2.177509,1,1,1.0000,1.0000,1,1,0,0,0.0000,0.0000,,,,,126990,8088,873,243,124715,6888,2275,1200,0,0,0.56315,0.09684,0
1786018558.1099,B_right_diagonal_up_left_down_right,B,right,0,,,702,151.2000,345.7000,130.4000,192.5000,153.7000,0.0000,360.0000,340.4000,76.8000,0.0000,125.9000,0.0000,194.4000,0.0000,-0.83900,-0.05200,0.43000,0.82000,-1.92000,0.10000,0.10000,0.09900,0.91400,-3.65000,-0.56000,0.85000,10.8,2.6,1.0,1.0,0.741505,0.038982,1.293386,0.046183,0.206647,1.229679,-0.089600,0.486000,0.869300,0.003200,0.133500,0.542300,0.828800,0.034500,0.742056,0.038980,1.293460,-0.247813,0.211264,1.321217,-1.355950,-1.042863,-1.786308,-2.001418,3.073993,0.116751,0.833514,-0.832991,1.891907,1.021682,1.831337,-0.593563,-0.693946,2.177509,1,1,1.0000,1.0000,1,1,0,0,0.0000,0.0000,,,,,7445,124593,829,272,5477,123331,1968,1260,0,2,0.56315,0.09684,0
1786018558.1106,B_right_diagonal_up_left_down_right,B,right,0,,,703,151.2000,345.7000,130.4000,192.5000,153.7000,0.0000,360.0000,340.4000,76.8000,0.0000,125.9000,0.0000,194.4000,0.0000,-0.83900,-0.05200,0.43000,0.82000,-1.92000,0.10000,0.10000,0.09900,0.91400,-3.65000,-0.56000,0.85000,10.8,2.6,1.0,1.0,0.741505,0.038982,1.293386,0.046183,0.206647,1.229679,-0.089600,0.486000,0.869300,0.003200,0.133500,0.542300,0.828800,0.034500,0.742056,0.038980,1.293460,-0.247813,0.211264,1.321217,-1.355950,-1.042863,-1.786308,-2.001418,3.073993,0.116751,0.833514,-0.832991,1.891907,1.021682,1.831337,-0.593563,-0.693946,2.177509,1,1,1.0000,1.0000,1,1,0,0,0.0000,0.0000,,,,,7445,124593,829,272,5477,123331,1968,1260,0,2,0.56315,0.09684,0
1786018558.1221,B_right_diagonal_up_left_down_right,B,right,0,,,704,151.3000,345.6000,130.4000,192.5000,155.0000,0.0000,360.0000,340.4000,77.0000,0.0000,125.9000,0.0000,194.4000,0.0000,-0.82900,-0.06600,0.41800,1.89000,-0.51000,2.64000,0.12900,0.11300,0.94300,-2.84000,1.85000,-0.27000,10.2,2.4,1.0,1.0,0.741496,0.039011,1.293373,0.046300,0.206284,1.230724,-0.089600,0.486000,0.869300,0.003200,0.133500,0.542300,0.828800,0.034500,0.742056,0.038980,1.293460,-0.247813,0.211264,1.321217,-1.355950,-1.042863,-1.786308,-2.001418,3.073993,0.116751,0.833514,-0.832991,1.891907,1.021682,1.831337,-0.593563,-0.693946,2.177509,1,1,1.0000,1.0000,1,1,0,0,0.0000,0.0000,,,,,126990,8088,873,244,124715,6888,2275,1200,0,0,0.56315,0.09684,0
1786018558.1403,B_right_diagonal_up_left_down_right,B,right,0,,,705,151.3000,345.6000,130.4000,192.5000,155.0000,0.0000,360.0000,340.4000,77.0000,0.0000,125.9000,0.0000,194.4000,0.0000,-0.82900,-0.06600,0.41800,1.89000,-0.51000,2.64000,0.12900,0.11300,0.94300,-2.84000,1.85000,-0.27000,10.2,2.4,1.0,1.0,0.741496,0.039011,1.293373,0.046300,0.206284,1.230724,-0.089600,0.486000,0.869300,0.003200,0.133500,0.542300,0.828800,0.034500,0.742056,0.038980,1.293460,-0.247813,0.211264,1.321217,-1.355950,-1.042863,-1.786308,-2.001418,3.073993,0.116751,0.833514,-0.832991,1.891907,1.021682,1.831337,-0.593563,-0.693946,2.177509,1,1,1.0000,1.0000,1,1,0,0,0.0000,0.0000,,,,,7445,8088,829,244,5477,6888,1968,1200,0,0,0.56315,0.09684,0
1786018558.1615,B_right_diagonal_up_left_down_right,B,right,0,,,706,151.3000,345.6000,130.4000,192.5000,155.0000,0.0000,360.0000,340.4000,77.0000,0.0000,125.9000,0.0000,194.4000,0.0000,-0.82900,-0.06600,0.41800,1.89000,-0.51000,2.64000,0.12900,0.11300,0.94300,-2.84000,1.85000,-0.27000,10.2,2.4,1.0,1.0,0.741496,0.039011,1.293373,0.046300,0.206284,1.230724,-0.089600,0.486000,0.869300,0.003200,0.133500,0.542300,0.828800,0.034500,0.742056,0.038980,1.293460,-0.247813,0.211264,1.321217,-1.355950,-1.042863,-1.786308,-2.001418,3.073993,0.116751,0.833514,-0.832991,1.891907,1.021682,1.831337,-0.593563,-0.693946,2.177509,1,1,1.0000,1.0000,1,1,0,0,0.0000,0.0000,,,,,126991,8088,873,244,124716,6888,2275,1200,0,0,0.56264,0.09684,0
1786018558.1878,B_right_diagonal_up_left_down_right,B,right,0,,,707,151.3000,345.6000,130.4000,192.5000,155.0000,0.0000,360.0000,340.4000,77.0000,0.0000,125.9000,0.0000,194.4000,0.0000,-0.82900,-0.06600,0.41800,1.89000,-0.51000,2.64000,0.12900,0.11300,0.94300,-2.84000,1.85000,-0.27000,10.6,1.9,1.0,1.0,0.686048,0.345937,1.175148,0.046300,0.206284,1.230724,-0.089600,0.486000,0.869300,0.003200,0.133500,0.542300,0.828800,0.034500,0.741501,0.038993,1.293381,-0.247813,0.211264,1.321217,-1.355950,-1.042863,-1.786308,-2.001418,3.073993,0.116751,0.833514,-0.832991,1.891907,1.021682,1.831337,-0.593563,-0.693946,2.177509,1,1,1.0000,1.0000,1,1,0,0,0.0000,0.0000,,,,,7446,124593,829,272,5478,123331,1968,1260,0,2,0.56264,0.09684,0
1786018558.2080,B_right_diagonal_up_left_down_right,B,right,0,,,708,151.2000,345.6000,130.4000,192.5000,156.8000,0.0000,360.0000,340.4000,77.0000,0.0000,125.9000,0.0000,194.4000,0.0000,-0.83600,-0.04800,0.41200,2.44000,5.98000,3.27000,0.12900,0.11300,0.94300,-2.84000,1.85000,-0.27000,10.0,1.9,1.0,1.0,0.686048,0.345937,1.175148,0.046300,0.206284,1.230724,-0.089600,0.486000,0.869300,0.003200,0.133500,0.542300,0.828800,0.034500,0.741501,0.038993,1.293381,-0.247813,0.211264,1.321217,-1.355950,-1.042863,-1.786308,-2.001418,3.073993,0.116751,0.833514,-0.832991,1.891907,1.021682,1.831337,-0.593563,-0.693946,2.177509,1,1,1.0000,1.0000,1,1,0,0,0.0000,0.0000,,,,,126991,124593,873,272,124716,123331,2275,1260,0,2,0.56264,0.09684,0
1786018558.2328,B_right_diagonal_up_left_down_right,B,right,0,,,709,151.2000,345.6000,130.4000,192.4000,156.3000,0.0000,360.0000,340.3000,76.6000,0.0000,126.0000,0.0000,194.3000,0.0000,-0.84100,-0.05300,0.42900,1.60000,3.89000,1.21000,0.10800,0.14600,0.91900,-3.63000,1.61000,0.09000,12.2,1.8,1.0,1.0,0.741359,0.039015,1.293359,0.046015,0.205909,1.228958,-0.089600,0.486000,0.869300,0.003200,0.133500,0.542300,0.828800,0.034500,0.741501,0.038993,1.293381,-0.247813,0.211264,1.321217,-1.355950,-1.042863,-1.786308,-2.001418,3.073993,0.116751,0.833514,-0.832991,1.891907,1.021682,1.831337,-0.593563,-0.693946,2.177509,1,1,1.0000,1.0000,1,1,0,0,0.0000,0.0000,,,,,7447,124593,829,272,5479,123331,1968,1260,0,2,0.56206,0.09684,0
1786018558.2380,B_right_diagonal_up_left_down_right,B,right,0,,,710,151.2000,345.6000,130.4000,192.4000,156.3000,0.0000,360.0000,340.3000,76.6000,0.0000,126.0000,0.0000,194.3000,0.0000,-0.84100,-0.05300,0.42900,1.60000,3.89000,1.21000,0.10800,0.14600,0.91900,-3.63000,1.61000,0.09000,12.2,1.8,1.0,1.0,0.741359,0.039015,1.293359,0.046015,0.205909,1.228958,-0.089600,0.486000,0.869300,0.003200,0.133500,0.542300,0.828800,0.034500,0.741501,0.038993,1.293381,-0.247813,0.211264,1.321217,-1.355950,-1.042863,-1.786308,-2.001418,3.073993,0.116751,0.833514,-0.832991,1.891907,1.021682,1.831337,-0.593563,-0.693946,2.177509,1,1,1.0000,1.0000,1,1,0,0,0.0000,0.0000,,,,,7447,124593,829,272,5479,123331,1968,1260,0,2,0.56206,0.09684,0
1786018558.2613,B_right_diagonal_up_left_down_right,B,right,0,,,711,151.2000,345.6000,130.4000,192.4000,156.3000,0.0000,360.0000,340.3000,76.6000,0.0000,126.0000,0.0000,194.3000,0.0000,-0.84100,-0.05300,0.42900,1.60000,3.89000,1.21000,0.10800,0.14600,0.91900,-3.63000,1.61000,0.09000,12.2,1.8,1.0,1.0,0.741359,0.039015,1.293359,0.046015,0.205909,1.228958,-0.089600,0.486000,0.869300,0.003200,0.133500,0.542300,0.828800,0.034500,0.741403,0.039289,1.293216,-0.247813,0.211264,1.321217,-1.356394,-1.043617,-1.785866,-2.001693,3.074843,0.116435,0.833546,-0.832991,1.891907,1.021682,1.831337,-0.593563,-0.693946,2.177509,1,1,1.0000,1.0000,1,1,0,0,0.0000,0.0000,,,,,7447,124593,829,272,5479,123331,1968,1260,0,2,0.56206,0.09684,0
1786018558.2854,B_right_diagonal_up_left_down_right,B,right,0,,,712,151.2000,345.6000,130.4000,192.4000,156.3000,0.0000,360.0000,340.3000,76.6000,0.0000,126.0000,0.0000,194.3000,0.0000,-0.84100,-0.05300,0.42900,1.60000,3.89000,1.21000,0.10800,0.14600,0.91900,-3.63000,1.61000,0.09000,12.2,1.8,1.0,1.0,0.741359,0.039015,1.293359,0.046015,0.205909,1.228958,-0.089600,0.486000,0.869300,0.003200,0.133500,0.542300,0.828800,0.034500,0.741403,0.039289,1.293216,-0.247813,0.211264,1.321217,-1.356483,-1.043992,-1.785680,-2.002267,3.075425,0.115823,0.833360,-0.832991,1.891907,1.021682,1.831337,-0.593563,-0.693946,2.177509,1,1,1.0000,1.0000,1,1,0,0,0.0000,0.0000,,,,,7448,124593,829,273,5479,123331,1969,1260,0,2,0.56150,0.09684,0
1786018558.3175,B_right_diagonal_up_left_down_right,B,right,0,,,713,151.2000,345.6000,130.4000,192.4000,156.3000,0.0000,360.0000,340.3000,76.6000,0.0000,126.0000,0.0000,194.3000,0.0000,-0.84100,-0.05300,0.42900,1.60000,3.89000,1.21000,0.10800,0.14600,0.91900,-3.63000,1.61000,0.09000,12.2,1.8,1.0,1.0,0.741359,0.039015,1.293359,0.046015,0.205909,1.228958,-0.089600,0.486000,0.869300,0.003200,0.133500,0.542300,0.828800,0.034500,0.741403,0.039289,1.293216,-0.247813,0.211264,1.321217,-1.356845,-1.045350,-1.785008,-2.004106,3.077549,0.113869,0.832676,-0.832991,1.891907,1.021682,1.831337,-0.593563,-0.693946,2.177509,1,1,1.0000,1.0000,1,1,0,0,0.0000,0.0000,,,,,7449,124593,829,273,5480,123331,1969,1260,0,2,0.56140,0.09684,0
1786018558.3181,B_right_diagonal_up_left_down_right,B,right,0,,,714,151.2000,345.6000,130.4000,192.4000,156.3000,0.0000,360.0000,340.3000,76.6000,0.0000,126.0000,0.0000,194.3000,0.0000,-0.84100,-0.05300,0.42900,1.60000,3.89000,1.21000,0.10800,0.14600,0.91900,-3.63000,1.61000,0.09000,12.2,1.8,1.0,1.0,0.741359,0.039015,1.293359,0.046015,0.205909,1.228958,-0.089600,0.486000,0.869300,0.003200,0.133500,0.542300,0.828800,0.034500,0.741403,0.039289,1.293216,-0.247813,0.211264,1.321217,-1.356845,-1.045350,-1.785008,-2.004106,3.077549,0.113869,0.832676,-0.832991,1.891907,1.021682,1.831337,-0.593563,-0.693946,2.177509,1,1,1.0000,1.0000,1,1,0,0,0.0000,0.0000,,,,,7449,124593,829,273,5480,123331,1969,1260,0,2,0.56140,0.09684,0
1786018558.3380,B_right_diagonal_up_left_down_right,B,right,0,,,715,151.2000,345.6000,130.4000,192.4000,156.3000,0.0000,360.0000,340.3000,76.6000,0.0000,126.0000,0.0000,194.3000,0.0000,-0.84100,-0.05300,0.42900,1.60000,3.89000,1.21000,0.10800,0.14600,0.91900,-3.63000,1.61000,0.09000,12.2,1.8,1.0,1.0,0.741359,0.039015,1.293359,0.046015,0.205909,1.228958,-0.089600,0.486000,0.869300,0.003200,0.133500,0.542300,0.828800,0.034500,0.741331,0.039503,1.293095,-0.247813,0.211264,1.321217,-1.357015,-1.045990,-1.784692,-2.004972,3.078550,0.112948,0.832354,-0.832991,1.891907,1.021682,1.831337,-0.593563,-0.693946,2.177509,1,1,1.0000,1.0000,1,1,0,0,0.0000,0.0000,,,,,126994,8088,873,245,124718,6888,2276,1200,0,0,0.56140,0.09684,0
1786018558.3611,B_right_diagonal_up_left_down_right,B,right,0,,,716,151.2000,345.6000,130.4000,192.4000,156.3000,0.0000,360.0000,340.3000,76.6000,0.0000,126.0000,0.0000,194.3000,0.0000,-0.84100,-0.05300,0.42900,1.60000,3.89000,1.21000,0.10800,0.14600,0.91900,-3.63000,1.61000,0.09000,12.2,1.8,1.0,1.0,0.741359,0.039015,1.293359,0.046015,0.205909,1.228958,-0.089600,0.486000,0.869300,0.003200,0.133500,0.542300,0.828800,0.034500,0.741331,0.039503,1.293095,-0.247813,0.211264,1.321217,-1.357082,-1.046081,-1.784704,-2.004938,3.079361,0.112940,0.831611,-0.832991,1.891907,1.021682,1.831337,-0.593563,-0.693946,2.177509,1,1,1.0000,1.0000,1,1,0,0,0.0000,0.0000,,,,,7449,124593,829,273,5480,123331,1969,1260,0,2,0.56140,0.09684,0
1786018558.3869,B_right_diagonal_up_left_down_right,B,right,0,,,717,151.2000,345.6000,130.4000,192.4000,156.3000,0.0000,360.0000,340.3000,76.6000,0.0000,126.0000,0.0000,194.3000,0.0000,-0.84100,-0.05300,0.42900,1.60000,3.89000,1.21000,0.10800,0.14600,0.91900,-3.63000,1.61000,0.09000,12.2,1.8,1.0,1.0,0.741359,0.039015,1.293359,0.046015,0.205909,1.228958,-0.089600,0.486000,0.869300,0.003200,0.133500,0.542300,0.828800,0.034500,0.741331,0.039499,1.293097,-0.247813,0.211264,1.321217,-1.358520,-1.047526,-1.783677,-2.003514,-3.202742,0.114343,0.832341,-0.832991,1.891907,1.021682,1.831337,-0.593563,-0.693946,2.177509,1,1,1.0000,1.0000,1,1,0,0,0.0000,0.0000,,,,,7449,8088,829,245,5480,6888,1969,1200,0,0,0.56140,0.09684,0
1786018558.3980,B_right_diagonal_up_left_down_right,B,right,0,,,718,151.2000,345.6000,130.4000,192.4000,156.3000,0.0000,360.0000,340.3000,76.6000,0.0000,126.0000,0.0000,194.3000,0.0000,-0.84100,-0.05300,0.42900,1.60000,3.89000,1.21000,0.10800,0.14600,0.91900,-3.63000,1.61000,0.09000,12.2,1.8,1.0,1.0,0.741359,0.039015,1.293359,0.046015,0.205909,1.228958,-0.089600,0.486000,0.869300,0.003200,0.133500,0.542300,0.828800,0.034500,0.741331,0.039499,1.293097,-0.247813,0.211264,1.321217,-1.358515,-1.047522,-1.783681,-2.003521,3.080449,0.114336,0.832330,-0.832991,1.891907,1.021682,1.831337,-0.593563,-0.693946,2.177509,1,1,1.0000,1.0000,1,1,0,0,0.0000,0.0000,,,,,126994,124593,873,273,124718,123331,2276,1260,0,2,0.56140,0.09684,0
1786018558.4216,B_right_diagonal_up_left_down_right,B,right,0,,,719,151.2000,345.6000,130.4000,192.4000,156.3000,0.0000,360.0000,340.3000,76.6000,0.0000,126.0000,0.0000,194.3000,0.0000,-0.84100,-0.05300,0.42900,1.60000,3.89000,1.21000,0.10800,0.14600,0.91900,-3.63000,1.61000,0.09000,12.2,1.8,1.0,1.0,0.741359,0.039015,1.293359,0.046015,0.205909,1.228958,-0.089600,0.486000,0.869300,0.003200,0.133500,0.542300,0.828800,0.034500,0.741331,0.039499,1.293097,-0.247813,0.211264,1.321217,-1.358506,-1.047516,-1.783688,-2.003532,3.080459,0.114324,0.832310,-0.832991,1.891907,1.021682,1.831337,-0.593563,-0.693946,2.177509,1,1,1.0000,1.0000,1,1,0,0,0.0000,0.0000,,,,,126994,124593,873,273,124718,123331,2276,1260,0,2,0.56140,0.09684,0
1786018558.4388,B_right_diagonal_up_left_down_right,B,right,0,,,720,151.2000,345.6000,130.4000,192.4000,156.3000,0.0000,360.0000,340.3000,76.6000,0.0000,126.0000,0.0000,194.3000,0.0000,-0.84100,-0.05300,0.42900,1.60000,3.89000,1.21000,0.10800,0.14600,0.91900,-3.63000,1.61000,0.09000,12.2,1.8,1.0,1.0,0.741359,0.039015,1.293359,0.046015,0.205909,1.228958,-0.089600,0.486000,0.869300,0.003200,0.133500,0.542300,0.828800,0.034500,0.741331,0.039499,1.293097,-0.247813,0.211264,1.321217,-1.358501,-1.047512,-1.783692,-2.003539,3.080465,0.114317,0.832299,-0.832991,1.891907,1.021682,1.831337,-0.593563,-0.693946,2.177509,1,1,1.0000,1.0000,1,1,0,0,0.0000,0.0000,,,,,126994,124593,873,273,124718,123331,2276,1260,0,2,0.56140,0.09684,0
1786018558.4631,B_right_diagonal_up_left_down_right,B,right,0,,,721,151.2000,345.6000,130.4000,192.4000,156.3000,0.0000,360.0000,340.3000,76.6000,0.0000,126.0000,0.0000,194.3000,0.0000,-0.84100,-0.05300,0.42900,1.60000,3.89000,1.21000,0.10800,0.14600,0.91900,-3.63000,1.61000,0.09000,9.6,1.3,1.0,1.0,0.741359,0.039015,1.293359,0.046015,0.205909,1.228958,-0.089600,0.486000,0.869300,0.003200,0.133500,0.542300,0.828800,0.034500,0.741331,0.039496,1.293099,-0.247813,0.211264,1.321217,-1.358499,-1.047510,-1.783694,-2.003542,3.080467,0.114314,0.832294,-0.832991,1.891907,1.021682,1.831337,-0.593563,-0.693946,2.177509,1,1,1.0000,1.0000,1,1,0,0,0.0000,0.0000,,,,,7449,124593,829,273,5480,123331,1969,1260,0,2,0.56140,0.09684,0
1786018558.4872,B_right_diagonal_up_left_down_right,B,right,0,,,722,151.2000,345.6000,130.4000,192.4000,156.3000,0.0000,360.0000,340.3000,76.6000,0.0000,126.0000,0.0000,194.3000,0.0000,-0.84100,-0.05300,0.42900,1.60000,3.89000,1.21000,0.10800,0.14600,0.91900,-3.63000,1.61000,0.09000,9.6,1.3,1.0,1.0,0.741359,0.039015,1.293359,0.046015,0.205909,1.228958,-0.089600,0.486000,0.869300,0.003200,0.133500,0.542300,0.828800,0.034500,0.741331,0.039496,1.293099,-0.247813,0.211264,1.321217,-1.358492,-1.047504,-1.783700,-2.003552,3.080476,0.114304,0.832277,-0.832991,1.891907,1.021682,1.831337,-0.593563,-0.693946,2.177509,1,1,1.0000,1.0000,1,1,0,0,0.0000,0.0000,,,,,126994,8088,873,245,124718,6888,2276,1200,0,0,0.56140,0.09684,0
1786018558.5021,B_right_diagonal_up_left_down_right,B,right,0,,,723,151.2000,345.6000,130.4000,192.4000,156.3000,0.0000,360.0000,340.3000,76.6000,0.0000,126.0000,0.0000,194.3000,0.0000,-0.84100,-0.05300,0.42900,1.60000,3.89000,1.21000,0.10800,0.14600,0.91900,-3.63000,1.61000,0.09000,9.6,1.3,1.0,1.0,0.741359,0.039015,1.293359,0.046015,0.205909,1.228958,-0.089600,0.486000,0.869300,0.003200,0.133500,0.542300,0.828800,0.034500,0.741331,0.039496,1.293099,-0.247813,0.211264,1.321217,-1.358490,-1.047503,-1.783701,-2.003554,3.080477,0.114302,0.832274,-0.832991,1.891907,1.021682,1.831337,-0.593563,-0.693946,2.177509,1,1,1.0000,1.0000,1,1,0,0,0.0000,0.0000,,,,,126994,124593,873,273,124718,123331,2276,1260,0,2,0.56140,0.09684,0
1786018558.5231,B_right_diagonal_up_left_down_right,B,right,0,,,724,151.2000,345.6000,130.4000,192.4000,156.3000,0.0000,360.0000,340.3000,76.6000,0.0000,126.0000,0.0000,194.3000,0.0000,-0.84100,-0.05300,0.42900,1.60000,3.89000,1.21000,0.10800,0.14600,0.91900,-3.63000,1.61000,0.09000,9.6,1.3,1.0,1.0,0.741359,0.039015,1.293359,0.046015,0.205909,1.228958,-0.089600,0.486000,0.869300,0.003200,0.133500,0.542300,0.828800,0.034500,0.741332,0.039493,1.293100,-0.247813,0.211264,1.321217,-1.358488,-1.047501,-1.783703,-2.003557,3.080480,0.114299,0.832269,-0.832991,1.891907,1.021682,1.831337,-0.593563,-0.693946,2.177509,1,1,1.0000,1.0000,1,1,0,0,0.0000,0.0000,,,,,126994,124593,873,273,124718,123331,2276,1260,0,2,0.56140,0.09684,0
1786018558.5399,B_right_diagonal_up_left_down_right,B,right,0,,,725,151.2000,345.6000,130.4000,192.4000,156.3000,0.0000,360.0000,340.3000,76.6000,0.0000,126.0000,0.0000,194.3000,0.0000,-0.84100,-0.05300,0.42900,1.60000,3.89000,1.21000,0.10800,0.14600,0.91900,-3.63000,1.61000,0.09000,9.6,1.3,1.0,1.0,0.741359,0.039015,1.293359,0.046015,0.205909,1.228958,-0.089600,0.486000,0.869300,0.003200,0.133500,0.542300,0.828800,0.034500,0.741332,0.039493,1.293100,-0.247813,0.211264,1.321217,-1.358486,-1.047499,-1.783705,-2.003560,3.080483,0.114296,0.832263,-0.832991,1.891907,1.021682,1.831337,-0.593563,-0.693946,2.177509,1,1,1.0000,1.0000,1,1,0,0,0.0000,0.0000,,,,,126994,124593,873,273,124718,123331,2276,1260,0,2,0.56140,0.09684,0
1786018558.5613,B_right_diagonal_up_left_down_right,B,right,0,,,726,151.1000,345.7000,130.4000,192.4000,157.2000,0.0000,360.0000,340.4000,76.7000,0.0000,126.2000,0.0000,193.9000,0.0000,-0.84000,-0.06200,0.38000,2.23000,-1.73000,1.82000,0.11500,0.11100,0.91300,0.11000,0.21000,-3.63000,9.4,2.1,1.0,1.0,0.689043,0.345810,1.175668,-0.961179,0.416098,1.666607,-0.089600,0.486000,0.869300,0.003200,0.133500,0.542300,0.828800,0.034500,0.741332,0.039493,1.293100,-0.247813,0.211264,1.321217,-1.358483,-1.047497,-1.783707,-2.003564,3.080486,0.114292,0.832258,-0.832991,1.891907,1.021682,1.831337,-0.593563,-0.693946,2.177509,1,0,1.0000,1.0000,1,1,0,0,0.0000,0.0000,,,,,126995,124593,873,273,124718,123331,2277,1260,0,2,0.56133,0.09684,0
1786018558.5958,B_right_diagonal_up_left_down_right,B,right,0,,,727,151.1000,345.7000,130.4000,192.4000,157.2000,0.0000,360.0000,340.4000,76.7000,0.0000,126.2000,0.0000,193.9000,0.0000,-0.84000,-0.06200,0.38000,2.23000,-1.73000,1.82000,0.11500,0.11100,0.91300,0.11000,0.21000,-3.63000,9.4,2.1,1.0,1.0,0.689043,0.345810,1.175668,-0.961179,0.416098,1.666607,-0.089600,0.486000,0.869300,0.003200,0.133500,0.542300,0.828800,0.034500,0.741332,0.039493,1.293100,-0.247813,0.211264,1.321217,-1.358482,-1.047496,-1.783708,-2.003565,3.080487,0.114291,0.832255,-0.832991,1.891907,1.021682,1.831337,-0.593563,-0.693946,2.177509,1,0,1.0000,1.0000,1,1,0,0,0.0000,0.0000,,,,,7449,8088,829,245,5480,6888,1969,1200,0,0,0.56140,0.09684,0
1786018558.6191,B_right_diagonal_up_left_down_right,B,right,0,,,728,151.0000,345.7000,130.6000,192.4000,156.4000,0.0000,360.0000,340.4000,76.7000,0.0000,126.2000,0.0000,193.9000,0.0000,-0.83800,-0.04300,0.40800,5.07000,4.46000,1.44000,0.11700,0.12100,0.92000,-0.81000,-0.80000,-1.54000,9.9,1.2,1.0,1.0,0.742881,0.038913,1.293606,0.046069,0.205772,1.229188,-0.089600,0.486000,0.869300,0.003200,0.133500,0.542300,0.828800,0.034500,0.741291,0.039611,1.293033,-0.247813,0.211264,1.321217,-1.358480,-1.047495,-1.783709,-2.003567,3.080489,0.114289,0.832251,-0.832991,1.891907,1.021682,1.831337,-0.593563,-0.693946,2.177509,1,1,1.0000,1.0000,1,1,0,0,0.0000,0.0000,,,,,126995,124593,873,273,124718,123331,2277,1260,0,2,0.56133,0.09684,0
1786018558.6203,B_right_diagonal_up_left_down_right,B,right,0,,,729,151.0000,345.7000,130.6000,192.4000,156.4000,0.0000,360.0000,340.4000,76.7000,0.0000,126.2000,0.0000,193.9000,0.0000,-0.83800,-0.04300,0.40800,5.07000,4.46000,1.44000,0.11700,0.12100,0.92000,-0.81000,-0.80000,-1.54000,10.0,2.7,1.0,1.0,0.742881,0.038913,1.293606,0.046069,0.205772,1.229188,-0.089600,0.486000,0.869300,0.003200,0.133500,0.542300,0.828800,0.034500,0.741291,0.039611,1.293033,-0.247813,0.211264,1.321217,-1.358825,-1.047840,-1.783457,-2.003223,-3.202514,0.114633,0.832497,-0.832991,1.891907,1.021682,1.831337,-0.593563,-0.693946,2.177509,1,1,1.0000,1.0000,1,1,0,0,0.0000,0.0000,,,,,126995,8088,873,245,124718,6888,2277,1200,0,0,0.56133,0.09684,0
1786018558.6392,B_right_diagonal_up_left_down_right,B,right,0,,,730,151.1000,345.7000,130.6000,192.4000,156.8000,0.0000,360.0000,340.4000,76.7000,0.0000,126.2000,0.0000,193.9000,0.0000,-0.84400,-0.04900,0.39300,4.34000,3.22000,1.88000,0.11700,0.12100,0.92000,-0.81000,-0.80000,-1.54000,10.0,2.7,1.0,1.0,0.886129,0.347041,1.094032,0.046069,0.205772,1.229188,-0.089600,0.486000,0.869300,0.003200,0.133500,0.542300,0.828800,0.034500,0.741291,0.039611,1.293033,-0.247813,0.211264,1.321217,-1.360219,-1.049233,-1.782435,-2.001829,-3.201773,0.116027,0.833491,-0.832991,1.891907,1.021682,1.831337,-0.593563,-0.693946,2.177509,1,1,1.0000,1.0000,1,1,0,0,0.0000,0.0000,,,,,7450,8088,829,245,5480,6888,1970,1200,0,0,0.56133,0.09684,0
1786018558.6591,B_right_diagonal_up_left_down_right,B,right,0,,,731,151.1000,345.7000,130.6000,192.4000,156.8000,0.0000,360.0000,340.4000,76.7000,0.0000,126.2000,0.0000,193.9000,0.0000,-0.84400,-0.04900,0.39300,4.34000,3.22000,1.88000,0.11700,0.12100,0.92000,-0.81000,-0.80000,-1.54000,9.8,2.7,1.0,1.0,0.886129,0.347041,1.094032,0.046069,0.205772,1.229188,-0.089600,0.486000,0.869300,0.003200,0.133500,0.542300,0.828800,0.034500,0.741291,0.039611,1.293033,-0.247813,0.211264,1.321217,-1.360206,-1.049216,-1.782448,-2.001829,3.081409,0.116027,0.833473,-0.832991,1.891907,1.021682,1.831337,-0.593563,-0.693946,2.177509,1,1,1.0000,1.0000,1,1,0,0,0.0000,0.0000,,,,,7451,124593,829,273,5481,123331,1970,1260,0,2,0.56129,0.09684,0
1786018558.6861,B_right_diagonal_up_left_down_right,B,right,0,,,732,151.1000,345.7000,130.6000,192.4000,156.8000,0.0000,360.0000,340.4000,76.7000,0.0000,126.2000,0.0000,193.9000,0.0000,-0.84400,-0.04900,0.39300,4.34000,3.22000,1.88000,0.11700,0.12100,0.92000,-0.81000,-0.80000,-1.54000,9.8,2.7,1.0,1.0,0.886129,0.347041,1.094032,0.046069,0.205772,1.229188,-0.089600,0.486000,0.869300,0.003200,0.133500,0.542300,0.828800,0.034500,0.741291,0.039611,1.293033,-0.247813,0.211264,1.321217,-1.360206,-1.049216,-1.782448,-2.001829,3.081409,0.116027,0.833473,-0.832991,1.891907,1.021682,1.831337,-0.593563,-0.693946,2.177509,1,1,1.0000,1.0000,1,1,0,0,0.0000,0.0000,,,,,7451,124593,829,273,5481,123331,1970,1260,0,2,0.56129,0.09684,0
1786018558.7068,B_right_diagonal_up_left_down_right,B,right,0,,,733,151.3000,345.8000,130.5000,192.4000,151.0000,0.0000,360.0000,340.4000,76.7000,0.0000,126.2000,0.0000,193.9000,0.0000,-0.84300,-0.05200,0.44800,2.76000,2.38000,1.44000,0.10300,0.11300,0.90100,-2.06000,-0.44000,0.44000,9.2,1.6,1.0,1.0,0.741092,0.039010,1.293346,0.045988,0.205682,1.228607,-0.089600,0.486000,0.869300,0.003200,0.133500,0.542300,0.828800,0.034500,0.741129,0.040099,1.292758,-0.247813,0.211264,1.321217,-1.360200,-1.049207,-1.782455,-2.001830,3.081407,0.116027,0.833463,-0.832991,1.891907,1.021682,1.831337,-0.593563,-0.693946,2.177509,1,1,1.0000,1.0000,1,1,0,0,0.0000,0.0000,,,,,126996,124593,873,273,124719,123331,2277,1260,0,2,0.56129,0.09684,0
1786018558.7219,B_right_diagonal_up_left_down_right,B,right,0,,,734,151.3000,345.8000,130.5000,192.4000,151.0000,0.0000,360.0000,340.4000,76.7000,0.0000,126.2000,0.0000,193.9000,0.0000,-0.84300,-0.05200,0.44800,2.76000,2.38000,1.44000,0.10300,0.11300,0.90100,-2.06000,-0.44000,0.44000,9.2,1.6,1.0,1.0,0.741092,0.039010,1.293346,0.045988,0.205682,1.228607,-0.089600,0.486000,0.869300,0.003200,0.133500,0.542300,0.828800,0.034500,0.741129,0.040099,1.292758,-0.247813,0.211264,1.321217,-1.360192,-1.049197,-1.782463,-2.001830,3.081405,0.116027,0.833452,-0.832991,1.891907,1.021682,1.831337,-0.593563,-0.693946,2.177509,1,1,1.0000,1.0000,1,1,0,0,0.0000,0.0000,,,,,7451,124593,829,273,5481,123331,1970,1260,0,2,0.56129,0.09684,0
1786018558.7428,B_right_diagonal_up_left_down_right,B,right,0,,,735,151.3000,345.8000,130.5000,192.4000,151.0000,0.0000,360.0000,340.4000,76.7000,0.0000,126.2000,0.0000,193.9000,0.0000,-0.84300,-0.05200,0.44800,2.76000,2.38000,1.44000,0.10300,0.11300,0.90100,-2.06000,-0.44000,0.44000,9.2,1.6,1.0,1.0,0.741092,0.039010,1.293346,0.045988,0.205682,1.228607,-0.089600,0.486000,0.869300,0.003200,0.133500,0.542300,0.828800,0.034500,0.741140,0.040092,1.292764,-0.247813,0.211264,1.321217,-1.360189,-1.049192,-1.782466,-2.001830,3.081404,0.116027,0.833448,-0.832991,1.891907,1.021682,1.831337,-0.593563,-0.693946,2.177509,1,1,1.0000,1.0000,1,1,0,0,0.0000,0.0000,,,,,126996,8088,873,245,124719,6888,2277,1200,0,0,0.56129,0.09684,0
1786018558.7681,B_right_diagonal_up_left_down_right,B,right,0,,,736,151.2000,345.7000,130.4000,192.4000,151.9000,0.0000,360.0000,340.4000,76.7000,0.0000,126.1000,0.0000,193.9000,0.0000,-0.83900,-0.06500,0.43600,-0.57000,-2.48000,-0.02000,0.10900,0.12000,0.92000,-3.21000,-1.05000,-1.17000,9.2,1.6,1.0,1.0,0.686905,0.345902,1.175332,0.045988,0.205682,1.228607,-0.089600,0.486000,0.869300,0.003200,0.133500,0.542300,0.828800,0.034500,0.741140,0.040092,1.292764,-0.247813,0.211264,1.321217,-1.360189,-1.049192,-1.782466,-2.001830,3.081404,0.116027,0.833448,-0.832991,1.891907,1.021682,1.831337,-0.593563,-0.693946,2.177509,1,0,1.0000,1.0000,1,1,0,0,0.0000,0.0000,,,,,7451,8088,829,245,5481,6888,1970,1200,0,0,0.56129,0.09684,0
1786018558.8227,B_right_diagonal_up_left_down_right,B,right,0,,,737,151.2000,345.7000,130.4000,192.4000,152.6000,0.0000,360.0000,340.4000,76.7000,0.0000,126.1000,0.0000,194.0000,0.0000,-0.83400,-0.05700,0.41100,-0.05000,-3.20000,0.28000,0.11700,0.11100,0.93300,-2.24000,-0.65000,-1.40000,9.5,1.7,1.0,1.0,0.741920,0.038987,1.293466,0.046081,0.205612,1.229180,-0.089600,0.486000,0.869300,0.003200,0.133500,0.542300,0.828800,0.034500,0.740979,0.039602,1.293022,-0.247813,0.211264,1.321217,-1.360181,-1.049182,-1.782474,-2.001830,3.081403,0.116027,0.833437,-0.832991,1.891907,1.021682,1.831337,-0.593563,-0.693946,2.177509,1,1,1.0000,1.0000,1,1,0,0,0.0000,0.0000,,,,,7452,8088,829,245,5482,6888,1970,1200,0,0,0.56113,0.09684,0
1786018558.8232,B_right_diagonal_up_left_down_right,B,right,0,,,738,151.2000,345.7000,130.4000,192.4000,152.6000,0.0000,360.0000,340.4000,76.7000,0.0000,126.1000,0.0000,194.0000,0.0000,-0.83400,-0.05700,0.41100,-0.05000,-3.20000,0.28000,0.11700,0.11100,0.93300,-2.24000,-0.65000,-1.40000,9.5,1.7,1.0,1.0,0.741920,0.038987,1.293466,0.046081,0.205612,1.229180,-0.089600,0.486000,0.869300,0.003200,0.133500,0.542300,0.828800,0.034500,0.740979,0.039602,1.293022,-0.247813,0.211264,1.321217,-1.360181,-1.049182,-1.782474,-2.001830,3.081403,0.116027,0.833437,-0.832991,1.891907,1.021682,1.831337,-0.593563,-0.693946,2.177509,1,1,1.0000,1.0000,1,1,0,0,0.0000,0.0000,,,,,7452,8088,829,245,5482,6888,1970,1200,0,0,0.56113,0.09684,0
1786018558.8237,B_right_diagonal_up_left_down_right,B,right,0,,,739,151.2000,345.7000,130.4000,192.4000,152.6000,0.0000,360.0000,340.4000,76.7000,0.0000,126.1000,0.0000,194.0000,0.0000,-0.83400,-0.05700,0.41100,-0.05000,-3.20000,0.28000,0.11700,0.11100,0.93300,-2.24000,-0.65000,-1.40000,9.5,1.7,1.0,1.0,0.741920,0.038987,1.293466,0.046081,0.205612,1.229180,-0.089600,0.486000,0.869300,0.003200,0.133500,0.542300,0.828800,0.034500,0.740979,0.039602,1.293022,-0.247813,0.211264,1.321217,-1.360181,-1.049182,-1.782474,-2.001830,3.081403,0.116027,0.833437,-0.832991,1.891907,1.021682,1.831337,-0.593563,-0.693946,2.177509,1,1,1.0000,1.0000,1,1,0,0,0.0000,0.0000,,,,,7452,8088,829,245,5482,6888,1970,1200,0,0,0.56113,0.09684,0
1786018558.8403,B_right_diagonal_up_left_down_right,B,right,0,,,740,151.2000,345.7000,130.4000,192.4000,153.9000,0.0000,360.0000,340.4000,76.7000,0.0000,126.1000,0.0000,194.0000,0.0000,-0.83100,-0.05800,0.42000,-0.03000,-3.04000,-0.05000,0.11700,0.11100,0.93300,-2.24000,-0.65000,-1.40000,9.5,1.7,1.0,1.0,0.741920,0.038987,1.293466,0.046081,0.205612,1.229180,-0.089600,0.486000,0.869300,0.003200,0.133500,0.542300,0.828800,0.034500,0.740979,0.039602,1.293022,-0.247813,0.211264,1.321217,-1.359076,-1.048285,-1.783254,-2.003430,3.081652,0.114398,0.831982,-0.832991,1.891907,1.021682,1.831337,-0.593563,-0.693946,2.177509,1,1,1.0000,1.0000,1,1,0,0,0.0000,0.0000,,,,,7452,124593,829,274,5482,123331,1970,1260,0,2,0.56113,0.09684,0
1786018558.8710,B_right_diagonal_up_left_down_right,B,right,0,,,741,151.2000,345.7000,130.4000,192.4000,153.9000,0.0000,360.0000,340.4000,76.7000,0.0000,126.1000,0.0000,194.0000,0.0000,-0.83100,-0.05800,0.42000,-0.03000,-3.04000,-0.05000,0.11700,0.11100,0.93300,-2.24000,-0.65000,-1.40000,9.5,1.7,1.0,1.0,0.741920,0.038987,1.293466,0.046081,0.205612,1.229180,-0.089600,0.486000,0.869300,0.003200,0.133500,0.542300,0.828800,0.034500,0.740979,0.039602,1.293022,-0.247813,0.211264,1.321217,-1.358296,-1.047718,-1.783797,-2.004714,-3.201096,0.113085,0.830751,-0.832991,1.891907,1.021682,1.831337,-0.593563,-0.693946,2.177509,1,1,1.0000,1.0000,1,1,0,0,0.0000,0.0000,,,,,126996,8088,873,246,124719,6888,2277,1200,0,0,0.56129,0.09684,0
1786018558.8857,B_right_diagonal_up_left_down_right,B,right,0,,,742,151.2000,345.7000,130.4000,192.4000,153.9000,0.0000,360.0000,340.4000,76.7000,0.0000,126.1000,0.0000,194.0000,0.0000,-0.83100,-0.05800,0.42000,-0.03000,-3.04000,-0.05000,0.11700,0.11100,0.93300,-2.24000,-0.65000,-1.40000,10.4,2.2,1.0,1.0,0.741920,0.038987,1.293466,0.046081,0.205612,1.229180,-0.089600,0.486000,0.869300,0.003200,0.133500,0.542300,0.828800,0.034500,0.740944,0.039720,1.292957,-0.247813,0.211264,1.321217,-1.358645,-1.048066,-1.783544,-2.004365,-3.200911,0.113435,0.831002,-0.832991,1.891907,1.021682,1.831337,-0.593563,-0.693946,2.177509,1,1,1.0000,1.0000,1,1,0,0,0.0000,0.0000,,,,,7454,124593,829,274,5483,123331,1971,1260,0,2,0.56114,0.09684,0
1786018558.9027,B_right_diagonal_up_left_down_right,B,right,0,,,743,151.2000,345.7000,130.4000,192.4000,153.4000,0.0000,360.0000,340.4000,76.8000,0.0000,126.2000,0.0000,194.0000,0.0000,-0.83300,-0.04900,0.41100,4.44000,6.90000,3.69000,0.10800,0.12400,0.92200,-2.51000,2.11000,-1.10000,10.3,3.4,1.0,1.0,0.886499,0.347045,1.094075,-0.248024,0.210199,1.320147,-0.089600,0.486000,0.869300,0.003200,0.133500,0.542300,0.828800,0.034500,0.740944,0.039720,1.292957,-0.247813,0.211264,1.321217,-1.358997,-1.048419,-1.783287,-2.004012,-3.200724,0.113788,0.831256,-0.832991,1.891907,1.021682,1.831337,-0.593563,-0.693946,2.177509,1,1,1.0000,1.0000,1,1,0,0,0.0000,0.0000,,,,,126996,8088,874,246,124719,6888,2277,1200,0,0,0.56129,0.09684,0
1786018558.9600,B_right_diagonal_up_left_down_right,B,right,0,,,744,151.2000,345.7000,130.4000,192.4000,153.7000,0.0000,360.0000,340.4000,76.8000,0.0000,126.0000,0.0000,194.0000,0.0000,-0.83600,-0.05200,0.42200,4.96000,6.61000,3.93000,0.10300,0.13200,0.92600,-2.46000,1.47000,-1.04000,10.8,2.5,1.0,1.0,0.686536,0.345925,1.175261,-0.961179,0.416098,1.666607,-0.089600,0.486000,0.869300,0.003200,0.133500,0.542300,0.828800,0.034500,0.740944,0.039720,1.292957,-0.247813,0.211264,1.321217,-1.359343,-1.048764,-1.783035,-2.003666,-3.200540,0.114134,0.831506,-0.832991,1.891907,1.021682,1.831337,-0.593563,-0.693946,2.177509,1,0,1.0000,1.0000,1,1,0,0,0.0000,0.0000,,,,,126996,124593,874,274,124719,123331,2277,1260,0,2,0.56129,0.09684,0
1786018558.9681,B_right_diagonal_up_left_down_right,B,right,0,,,745,151.2000,345.7000,130.4000,192.4000,152.0000,0.0000,360.0000,340.4000,76.8000,0.0000,126.2000,0.0000,194.0000,0.0000,-0.83300,-0.05500,0.43800,3.07000,4.58000,4.47000,0.10600,0.12900,0.92200,-0.15000,2.66000,-3.39000,10.2,1.3,1.0,1.0,0.884685,0.347123,1.093798,-0.248223,0.209456,1.319088,-0.089600,0.486000,0.869300,0.003200,0.133500,0.542300,0.828800,0.034500,0.740951,0.039715,1.292961,-0.247813,0.211264,1.321217,-1.359341,-1.048761,-1.783038,-2.003666,3.082645,0.114134,0.831502,-0.832991,1.891907,1.021682,1.831337,-0.593563,-0.693946,2.177509,1,1,1.0000,1.0000,1,1,0,0,0.0000,0.0000,,,,,7454,8088,829,246,5483,6888,1971,1200,0,0,0.56114,0.09684,0
1786018558.9700,B_right_diagonal_up_left_down_right,B,right,0,,,746,151.2000,345.7000,130.4000,192.4000,152.0000,0.0000,360.0000,340.4000,76.8000,0.0000,126.2000,0.0000,194.0000,0.0000,-0.83300,-0.05500,0.43800,3.07000,4.58000,4.47000,0.10600,0.12900,0.92200,-0.15000,2.66000,-3.39000,10.2,1.3,1.0,1.0,0.884685,0.347123,1.093798,-0.248223,0.209456,1.319088,-0.089600,0.486000,0.869300,0.003200,0.133500,0.542300,0.828800,0.034500,0.740951,0.039715,1.292961,-0.247813,0.211264,1.321217,-1.359341,-1.048761,-1.783038,-2.003666,3.082645,0.114134,0.831502,-0.832991,1.891907,1.021682,1.831337,-0.593563,-0.693946,2.177509,1,1,1.0000,1.0000,1,1,0,0,0.0000,0.0000,,,,,7454,8088,829,246,5483,6888,1971,1200,0,0,0.56114,0.09684,0
1786018558.9935,B_right_diagonal_up_left_down_right,B,right,0,,,747,151.2000,345.7000,130.4000,192.4000,152.5000,0.0000,360.0000,340.4000,76.8000,0.0000,126.2000,0.0000,194.0000,0.0000,-0.83300,-0.04900,0.43800,3.23000,5.60000,4.57000,0.09600,0.11300,0.91800,-2.19000,0.53000,-0.75000,10.2,1.3,1.0,1.0,0.740806,0.039030,1.293302,-0.961179,0.416098,1.666607,-0.089600,0.486000,0.869300,0.003200,0.133500,0.542300,0.828800,0.034500,0.740951,0.039715,1.292961,-0.247813,0.211264,1.321217,-1.359339,-1.048759,-1.783039,-2.003666,3.082645,0.114134,0.831499,-0.832991,1.891907,1.021682,1.831337,-0.593563,-0.693946,2.177509,1,0,1.0000,1.0000,1,1,0,0,0.0000,0.0000,,,,,126996,8088,874,246,124719,6888,2277,1200,0,0,0.56129,0.09684,0
1786018559.0149,B_right_diagonal_up_left_down_right,B,right,0,,,748,151.2000,345.7000,130.4000,192.4000,151.9000,0.0000,360.0000,340.4000,76.8000,0.0000,126.2000,0.0000,194.0000,0.0000,-0.84300,-0.04900,0.44300,1.61000,1.54000,3.86000,0.09000,0.11700,0.92800,-1.96000,0.33000,-1.18000,10.2,1.0,1.0,1.0,0.685125,0.345983,1.175043,-0.248520,0.208943,1.317458,-0.089600,0.486000,0.869300,0.003200,0.133500,0.542300,0.828800,0.034500,0.740951,0.039715,1.292961,-0.247813,0.211264,1.321217,-1.359339,-1.048759,-1.783039,-2.003666,3.082645,0.114134,0.831499,-0.832991,1.891907,1.021682,1.831337,-0.593563,-0.693946,2.177509,1,1,1.0000,1.0000,1,1,0,0,0.0000,0.0000,,,,,7454,8088,829,247,5483,6888,1971,1200,0,0,0.56114,0.09684,0
1786018559.0235,B_right_diagonal_up_left_down_right,B,right,0,,,749,151.2000,345.7000,130.4000,192.4000,151.9000,0.0000,360.0000,340.4000,76.8000,0.0000,126.2000,0.0000,194.0000,0.0000,-0.84300,-0.04900,0.44300,1.61000,1.54000,3.86000,0.09000,0.11700,0.92800,-1.96000,0.33000,-1.18000,10.2,1.0,1.0,1.0,0.685125,0.345983,1.175043,-0.248520,0.208943,1.317458,-0.089600,0.486000,0.869300,0.003200,0.133500,0.542300,0.828800,0.034500,0.740951,0.039715,1.292961,-0.247813,0.211264,1.321217,-1.359339,-1.048759,-1.783039,-2.003666,3.082645,0.114134,0.831499,-0.832991,1.891907,1.021682,1.831337,-0.593563,-0.693946,2.177509,1,1,1.0000,1.0000,1,1,0,0,0.0000,0.0000,,,,,7454,8088,829,247,5483,6888,1971,1200,0,0,0.56114,0.09684,0
1786018559.0488,B_right_diagonal_up_left_down_right,B,right,0,,,750,151.2000,345.7000,130.4000,192.4000,152.7000,0.0000,360.0000,340.4000,76.8000,0.0000,126.2000,0.0000,194.0000,0.0000,-0.84200,-0.05500,0.42900,0.93000,-0.09000,3.64000,0.10200,0.10900,0.91800,-0.85000,0.35000,-1.26000,10.2,1.0,1.0,1.0,0.884402,0.347142,1.093743,-0.248520,0.208943,1.317458,-0.089600,0.486000,0.869300,0.003200,0.133500,0.542300,0.828800,0.034500,0.740959,0.039710,1.292964,-0.247992,0.210358,1.320307,-1.359336,-1.048755,-1.783042,-2.003666,3.082645,0.114134,0.831495,-0.832991,1.891907,1.021682,1.831337,-0.593563,-0.693946,2.177509,1,0,1.0000,1.0000,1,1,0,0,0.0000,0.0000,,,,,7454,8088,829,247,5483,6888,1971,1200,0,0,0.56114,0.09684,0
1786018559.0639,B_right_diagonal_up_left_down_right,B,right,0,,,751,151.2000,345.7000,130.4000,192.4000,153.7000,0.0000,360.0000,340.4000,76.9000,0.0000,126.3000,0.0000,194.0000,0.0000,-0.84100,-0.05200,0.41700,0.46000,-0.80000,2.21000,0.10700,0.11500,0.92700,-2.05000,0.53000,-2.37000,12.4,0.7,1.0,1.0,0.741760,0.038996,1.293444,0.046085,0.205566,1.229157,-0.089600,0.486000,0.869300,0.003200,0.133500,0.542300,0.828800,0.034500,0.740959,0.039710,1.292964,-0.247992,0.210358,1.320307,-1.359332,-1.048749,-1.783047,-2.003666,3.082644,0.114134,0.831488,-0.832991,1.891907,1.021682,1.831337,-0.593563,-0.693946,2.177509,1,1,1.0000,1.0000,1,1,0,0,0.0000,0.0000,,,,,126996,124594,874,275,124719,123332,2277,1260,0,2,0.56129,0.09579,0
1786018559.0800,B_right_diagonal_up_left_down_right,B,right,0,,,752,151.2000,345.7000,130.4000,192.4000,154.2000,0.0000,360.0000,340.4000,7692.0000,0.0000,126.4000,0.0000,194.0000,0.0000,-0.83700,-0.04700,0.40600,1.17000,0.77000,1.56000,0.10700,0.12100,0.92400,-1.21000,0.61000,-2.34000,11.0,1.5,1.0,1.0,0.686193,0.345952,1.175202,-0.961179,0.416098,1.666607,-0.089600,0.486000,0.869300,0.003200,0.133500,0.542300,0.828800,0.034500,0.740966,0.039705,1.292968,-0.247992,0.210358,1.320307,-1.359327,-1.048742,-1.783052,-2.003666,3.082644,0.114134,0.831480,-0.832991,1.891907,1.021682,1.831337,-0.593563,-0.693946,2.177509,1,0,1.0000,1.0000,1,1,0,0,0.0000,0.0000,,,,,126996,124594,874,275,124719,123332,2277,1260,0,2,0.56129,0.09579,0
1786018559.1070,B_right_diagonal_up_left_down_right,B,right,0,,,753,151.2000,345.7000,130.4000,192.4000,154.2000,0.0000,360.0000,340.4000,7692.0000,0.0000,126.4000,0.0000,194.0000,0.0000,-0.83700,-0.04700,0.40600,1.17000,0.77000,1.56000,0.10700,0.12100,0.92400,-1.21000,0.61000,-2.34000,9.9,2.4,1.0,1.0,0.686193,0.345952,1.175202,-0.961179,0.416098,1.666607,-0.089600,0.486000,0.869300,0.003200,0.133500,0.542300,0.828800,0.034500,0.740966,0.039705,1.292968,-0.248024,0.210199,1.320147,-1.359325,-1.048739,-1.783054,-2.003667,3.082644,0.114134,0.831476,-0.832991,1.891907,1.021682,1.831337,-0.593563,-0.693946,2.177509,1,0,1.0000,1.0000,1,1,0,0,0.0000,0.0000,,,,,7454,124594,829,275,5483,123332,1971,1260,0,2,0.56114,0.09579,0
1786018559.1341,B_right_diagonal_up_left_down_right,B,right,0,,,754,151.2000,345.7000,130.3000,192.4000,153.5000,0.0000,360.0000,340.4000,76.9000,0.0000,126.4000,0.0000,194.1000,0.0000,-0.84300,-0.05700,0.41900,4.13000,2.41000,2.28000,0.10600,0.09200,0.90000,-2.25000,2.25000,-2.42000,9.2,2.3,1.0,1.0,0.886214,0.347086,1.094018,-0.248336,0.208308,1.318662,-0.089600,0.486000,0.869300,0.003200,0.133500,0.542300,0.828800,0.034500,0.740966,0.039705,1.292968,-0.248024,0.210199,1.320147,-1.359320,-1.048732,-1.783059,-2.003667,3.082643,0.114133,0.831468,-0.832991,1.891907,1.021682,1.831337,-0.593563,-0.693946,2.177509,1,1,1.0000,1.0000,1,1,0,0,0.0000,0.0000,,,,,126996,8089,874,247,124719,6889,2277,1200,0,0,0.56129,0.09579,0
1786018559.1385,B_right_diagonal_up_left_down_right,B,right,0,,,755,151.2000,345.7000,130.3000,192.4000,153.5000,0.0000,360.0000,340.4000,76.9000,0.0000,126.4000,0.0000,194.1000,0.0000,-0.84300,-0.05700,0.41900,4.13000,2.41000,2.28000,0.10600,0.09200,0.90000,-2.25000,2.25000,-2.42000,9.2,2.3,1.0,1.0,0.886214,0.347086,1.094018,-0.248336,0.208308,1.318662,-0.089600,0.486000,0.869300,0.003200,0.133500,0.542300,0.828800,0.034500,0.740966,0.039705,1.292968,-0.248024,0.210199,1.320147,-1.359320,-1.048732,-1.783059,-2.003667,3.082643,0.114133,0.831468,-0.832991,1.891907,1.021682,1.831337,-0.593563,-0.693946,2.177509,1,1,1.0000,1.0000,1,1,0,0,0.0000,0.0000,,,,,126996,8089,874,247,124719,6889,2277,1200,0,0,0.56129,0.09579,0
1786018559.1705,B_right_diagonal_up_left_down_right,B,right,0,,,756,151.2000,345.7000,130.5000,192.4000,153.9000,0.0000,360.0000,340.4000,76.9000,0.0000,126.4000,0.0000,194.1000,0.0000,-0.85400,-0.05700,0.41600,5.88000,2.18000,-0.41000,0.10600,0.09200,0.90000,-2.25000,2.25000,-2.42000,9.9,1.3,0.0,1.0,0.743583,0.038931,1.293725,-0.248336,0.208308,1.318662,-0.089600,0.486000,0.869300,0.003200,0.133500,0.542300,0.828800,0.034500,0.740973,0.039700,1.292971,-0.248024,0.210199,1.320147,-1.359311,-1.048720,-1.783068,-2.003667,3.082643,0.114133,0.831454,-0.832991,1.891907,1.021682,1.831337,-0.593563,-0.693946,2.177509,1,1,1.0000,1.0000,1,1,0,0,0.0000,0.0000,,,,,7454,8089,829,247,5483,6889,1971,1200,0,0,0.56114,0.09579,0
1786018559.1864,B_right_diagonal_up_left_down_right,B,right,0,,,757,151.2000,345.7000,130.5000,192.4000,153.9000,0.0000,360.0000,340.5000,76.9000,0.0000,126.3000,0.0000,194.1000,0.0000,-0.85400,-0.05700,0.41600,5.88000,2.18000,-0.41000,0.12300,0.10500,0.91500,3.94000,5.96000,-10.91000,9.9,1.3,0.0,1.0,0.743583,0.038931,1.293725,0.046085,0.205566,1.229157,-0.089600,0.486000,0.869300,0.003200,0.133500,0.542300,0.828800,0.034500,0.740973,0.039700,1.292971,-0.248024,0.210199,1.320147,-1.359308,-1.048716,-1.783071,-2.003667,3.082642,0.114133,0.831449,-0.833816,1.891993,1.021449,1.831953,-0.593875,-0.693856,2.177319,1,0,1.0000,1.0000,1,1,0,0,0.0000,0.0000,,,,,7454,124594,829,275,5483,123332,1971,1260,0,2,0.56114,0.09579,0
1786018559.2251,B_right_diagonal_up_left_down_right,B,right,0,,,758,151.2000,345.7000,130.5000,192.4000,153.9000,0.0000,360.0000,340.5000,76.9000,0.0000,126.3000,0.0000,194.1000,0.0000,-0.85400,-0.05700,0.41600,5.88000,2.18000,-0.41000,0.12300,0.10500,0.91500,3.94000,5.96000,-10.91000,12.3,0.5,0.0,1.0,0.743583,0.038931,1.293725,0.046085,0.205566,1.229157,-0.089600,0.486000,0.869300,0.003200,0.133500,0.542300,0.828800,0.034500,0.742071,0.039308,1.293322,-0.248024,0.210199,1.320147,-1.359302,-1.048707,-1.783078,-2.003667,3.082642,0.114133,0.831438,-0.835405,1.892158,1.021001,1.833139,-0.594476,-0.693681,2.176952,1,0,1.0000,1.0000,1,1,0,0,0.0000,0.0000,,,,,7454,8089,829,247,5483,6889,1971,1200,0,0,0.56114,0.09579,0
1786018559.2510,B_right_diagonal_up_left_down_right,B,right,0,,,759,151.2000,345.7000,130.5000,192.4000,153.9000,0.0000,360.0000,340.5000,76.9000,0.0000,126.3000,0.0000,194.1000,0.0000,-0.85400,-0.05700,0.41600,5.88000,2.18000,-0.41000,0.12300,0.10500,0.91500,3.94000,5.96000,-10.91000,12.3,0.5,0.0,1.0,0.743583,0.038931,1.293725,0.046085,0.205566,1.229157,-0.089600,0.486000,0.869300,0.003200,0.133500,0.542300,0.828800,0.034500,0.742071,0.039308,1.293322,-0.248024,0.210199,1.320147,-1.359302,-1.048707,-1.783078,-2.003667,3.082642,0.114133,0.831438,-0.835405,1.892158,1.021001,1.833139,-0.594476,-0.693681,2.176952,1,0,1.0000,1.0000,1,1,0,0,0.0000,0.0000,,,,,7454,8089,829,247,5483,6889,1971,1200,0,0,0.56114,0.09579,0
1786018559.2517,B_right_diagonal_up_left_down_right,B,right,0,,,760,151.2000,345.7000,130.5000,192.4000,153.9000,0.0000,360.0000,340.5000,76.9000,0.0000,126.3000,0.0000,194.1000,0.0000,-0.85400,-0.05700,0.41600,5.88000,2.18000,-0.41000,0.12300,0.10500,0.91500,3.94000,5.96000,-10.91000,12.3,0.5,0.0,1.0,0.743583,0.038931,1.293725,0.046085,0.205566,1.229157,-0.089600,0.486000,0.869300,0.003200,0.133500,0.542300,0.828800,0.034500,0.742071,0.039308,1.293322,-0.248024,0.210199,1.320147,-1.359302,-1.048707,-1.783078,-2.003667,3.082642,0.114133,0.831438,-0.835405,1.892158,1.021001,1.833139,-0.594476,-0.693681,2.176952,1,0,1.0000,1.0000,1,1,0,0,0.0000,0.0000,,,,,7454,8089,829,247,5483,6889,1971,1200,0,0,0.56114,0.09579,0
1786018559.2724,B_right_diagonal_up_left_down_right,B,right,0,,,761,151.2000,345.7000,130.5000,192.4000,153.3000,0.0000,360.0000,340.5000,76.9000,0.0000,126.3000,0.0000,194.1000,0.0000,-0.81400,-0.04900,0.43600,-0.51000,5.47000,0.94000,0.06500,0.14400,0.96200,-0.72000,-1.24000,-3.31000,10.6,0.6,0.0,1.0,0.741370,0.039013,1.293404,0.046085,0.205566,1.229157,-0.089600,0.486000,0.869300,0.003200,0.133500,0.542300,0.828800,0.034500,0.742071,0.039308,1.293322,-0.248024,0.210199,1.320147,-1.359299,-1.048702,-1.783081,-2.003668,3.082641,0.114133,0.831433,-0.836183,1.892238,1.020781,1.833720,-0.594770,-0.693595,2.176772,1,0,1.0000,1.0000,1,1,0,0,0.0000,0.0000,,,,,126996,8089,875,247,124719,6889,2277,1200,0,0,0.56129,0.09579,0
1786018559.2946,B_right_diagonal_up_left_down_right,B,right,0,,,762,151.2000,345.7000,130.5000,192.4000,153.3000,0.0000,360.0000,340.5000,76.9000,0.0000,126.3000,0.0000,194.1000,0.0000,-0.81400,-0.04900,0.43600,-0.51000,5.47000,0.94000,0.06500,0.14400,0.96200,-0.72000,-1.24000,-3.31000,10.6,0.6,0.0,1.0,0.741370,0.039013,1.293404,0.046085,0.205566,1.229157,-0.089600,0.486000,0.869300,0.003200,0.133500,0.542300,0.828800,0.034500,0.742071,0.039308,1.293322,-0.248024,0.210199,1.320147,-1.359299,-1.048702,-1.783081,-2.003668,3.082641,0.114133,0.831433,-0.836183,1.892238,1.020781,1.833720,-0.594770,-0.693595,2.176772,1,0,1.0000,1.0000,1,1,0,0,0.0000,0.0000,,,,,126997,8089,875,247,124720,6889,2277,1200,0,0,0.56097,0.09579,0
1786018559.3356,B_right_diagonal_up_left_down_right,B,right,0,,,763,151.2000,345.7000,130.6000,124.0000,154.4000,0.0000,360.0000,340.4000,77.4000,0.0000,126.3000,0.0000,194.8000,0.0000,-0.82500,-0.06800,0.39300,3.85000,-3.29000,4.72000,0.12400,0.09300,0.92300,0.95000,-3.38000,-0.88000,10.4,2.1,0.0,1.0,0.883375,0.347193,1.117120,-0.248336,0.208308,1.318662,-0.089600,0.486000,0.869300,0.003200,0.133500,0.542300,0.828800,0.034500,0.743138,0.038951,1.293661,-0.248024,0.210199,1.320147,-1.359295,-1.048697,-1.783085,-2.003668,3.082641,0.114133,0.831428,-0.837047,1.892328,1.020538,1.834365,-0.595097,-0.693500,2.176573,1,0,1.0000,1.0000,1,1,0,0,0.0000,0.0000,,,,,7455,8089,830,248,5484,6889,1971,1200,0,0,0.56097,0.09579,0
1786018559.3422,B_right_diagonal_up_left_down_right,B,right,0,,,764,151.2000,345.7000,130.6000,124.0000,154.4000,0.0000,360.0000,340.4000,77.5000,0.0000,126.3000,0.0000,194.8000,0.0000,-0.82500,-0.06800,0.39300,3.85000,-3.29000,4.72000,0.12100,0.12400,0.96700,4.70000,-2.41000,-4.83000,10.4,2.1,0.0,1.0,0.883375,0.347193,1.117120,-0.248336,0.208308,1.318662,-0.089600,0.486000,0.869300,0.003200,0.133500,0.542300,0.828800,0.034500,0.743138,0.038951,1.293661,-0.248024,0.210199,1.320147,-1.359288,-1.048687,-1.783092,-2.003668,3.082641,0.114133,0.831416,-0.837115,1.892335,1.020518,1.834416,-0.595122,-0.693493,2.176557,1,0,1.0000,1.0000,1,1,0,0,0.0000,0.0000,,,,,126998,124594,875,276,124721,123332,2277,1260,0,2,0.56207,0.09579,0
1786018559.3428,B_right_diagonal_up_left_down_right,B,right,0,,,765,151.2000,345.7000,130.6000,124.0000,154.4000,0.0000,360.0000,340.4000,77.5000,0.0000,126.3000,0.0000,194.8000,0.0000,-0.82500,-0.06800,0.39300,3.85000,-3.29000,4.72000,0.12100,0.12400,0.96700,4.70000,-2.41000,-4.83000,10.4,2.1,0.0,1.0,0.883375,0.347193,1.117120,-0.248336,0.208308,1.318662,-0.089600,0.486000,0.869300,0.003200,0.133500,0.542300,0.828800,0.034500,0.743138,0.038951,1.293661,-0.248024,0.210199,1.320147,-1.359288,-1.048687,-1.783092,-2.003668,3.082641,0.114133,0.831416,-0.837115,1.892335,1.020518,1.834416,-0.595122,-0.693493,2.176557,1,0,1.0000,1.0000,1,1,0,0,0.0000,0.0000,,,,,126998,124594,875,276,124721,123332,2277,1260,0,2,0.56207,0.09579,0
1786018559.3733,B_right_diagonal_up_left_down_right,B,right,0,,,766,151.2000,345.8000,130.6000,192.4000,154.4000,0.0000,360.0000,340.4000,77.6000,0.0000,126.2000,0.0000,194.8000,0.0000,-0.85000,-0.05700,0.39000,4.95000,-0.71000,4.37000,0.11200,0.09500,0.91300,0.66000,0.63000,-3.65000,9.9,1.3,0.0,1.0,0.882283,0.347235,1.133453,-0.248336,0.208308,1.318662,-0.089600,0.486000,0.869300,0.003200,0.133500,0.542300,0.828800,0.034500,0.741370,0.039013,1.293404,-0.248024,0.210199,1.320147,-1.359286,-1.048684,-1.783095,-2.003668,3.082640,0.114133,0.831412,-0.837115,1.892335,1.020518,1.834416,-0.595122,-0.693493,2.176557,1,0,1.0000,1.0000,0,1,1,0,0.0220,0.0000,,,,,126998,124594,875,276,124721,123332,2277,1260,0,2,0.56207,0.09579,0
1786018559.3910,B_right_diagonal_up_left_down_right,B,right,0,,,767,151.2000,345.7000,130.5000,192.4000,155.0000,0.0000,360.0000,340.4000,77.6000,0.0000,126.2000,0.0000,194.8000,0.0000,-0.84100,-0.05200,0.38900,3.89000,4.72000,1.92000,0.09500,0.11900,0.91600,-1.04000,-1.69000,-0.65000,9.9,1.3,0.0,1.0,0.688645,0.345865,1.175612,-0.961179,0.416098,1.666607,-0.089600,0.486000,0.869300,0.003200,0.133500,0.542300,0.828800,0.034500,0.741370,0.039013,1.293404,-0.248024,0.210199,1.320147,-1.359281,-1.048678,-1.783100,-2.003668,3.082640,0.114133,0.831405,-0.837115,1.892335,1.020518,1.834416,-0.595122,-0.693493,2.176557,1,0,1.0000,1.0000,1,1,0,0,0.0000,0.0000,,,,,7456,8089,830,248,5485,6889,1971,1200,0,0,0.56207,0.09579,0
1786018559.4000,B_right_diagonal_up_left_down_right,B,right,0,,,768,151.2000,345.7000,130.5000,192.4000,155.0000,0.0000,360.0000,340.4000,77.6000,0.0000,126.2000,0.0000,194.8000,0.0000,-0.84100,-0.05200,0.38900,3.89000,4.72000,1.92000,0.09500,0.11900,0.91600,-1.04000,-1.69000,-0.65000,9.9,1.3,0.0,1.0,0.688645,0.345865,1.175612,-0.961179,0.416098,1.666607,-0.089600,0.486000,0.869300,0.003200,0.133500,0.542300,0.828800,0.034500,0.741370,0.039013,1.293404,-0.248024,0.210199,1.320147,-1.359281,-1.048678,-1.783100,-2.003668,3.082640,0.114133,0.831405,-0.837115,1.892335,1.020518,1.834416,-0.595122,-0.693493,2.176557,1,0,1.0000,1.0000,1,1,0,0,0.0000,0.0000,,,,,7456,8089,830,248,5485,6889,1971,1200,0,0,0.56207,0.09579,0
1786018559.4182,B_right_diagonal_up_left_down_right,B,right,0,,,769,151.2000,345.7000,130.5000,192.4000,155.0000,0.0000,360.0000,340.4000,77.6000,0.0000,126.2000,0.0000,194.8000,0.0000,-0.84100,-0.05200,0.38900,3.89000,4.72000,1.92000,0.09500,0.11900,0.91600,-1.04000,-1.69000,-0.65000,9.9,1.3,0.0,1.0,0.688645,0.345865,1.175612,-0.961179,0.416098,1.666607,-0.089600,0.486000,0.869300,0.003200,0.133500,0.542300,0.828800,0.034500,0.741370,0.039013,1.293404,-0.248024,0.210199,1.320147,-1.359281,-1.048678,-1.783100,-2.003668,3.082640,0.114133,0.831405,-0.837115,1.892335,1.020518,1.834416,-0.595122,-0.693493,2.176557,1,0,1.0000,1.0000,1,1,0,0,0.0000,0.0000,,,,,7456,8089,830,248,5485,6889,1971,1200,0,0,0.56207,0.09579,0
1786018559.4450,B_right_diagonal_up_left_down_right,B,right,0,,,770,151.2000,345.7000,130.5000,192.4000,154.5000,0.2000,360.0000,340.4000,77.6000,0.0000,126.3000,0.0000,194.8000,0.0000,-0.83300,-0.04400,0.41200,3.09000,9.37000,1.77000,0.11500,0.13600,0.93300,-1.09000,-1.41000,-0.44000,10.5,1.2,0.0,1.0,0.688542,0.345870,1.175581,-0.961179,0.416098,1.666607,-0.089600,0.486000,0.869300,0.003200,0.133500,0.542300,0.828800,0.034500,0.741865,0.038995,1.293470,-0.248024,0.210199,1.320147,-1.359276,-1.048671,-1.783104,-2.003668,3.082639,0.114133,0.831397,-0.837115,1.892335,1.020518,1.834416,-0.595122,-0.693493,2.176557,1,0,1.0000,1.0000,1,1,0,0,0.0000,0.0000,,,,,126999,8089,875,248,124722,6889,2277,1200,0,0,0.56314,0.09579,0
1786018559.4640,B_right_diagonal_up_left_down_right,B,right,0,,,771,151.2000,345.7000,130.5000,192.4000,154.5000,0.2000,360.0000,340.4000,77.6000,0.0000,126.3000,0.0000,194.8000,0.0000,-0.83300,-0.04400,0.41200,3.09000,9.37000,1.77000,0.11500,0.13600,0.93300,-1.09000,-1.41000,-0.44000,10.5,1.2,0.0,1.0,0.688542,0.345870,1.175581,-0.961179,0.416098,1.666607,-0.089600,0.486000,0.869300,0.003200,0.133500,0.542300,0.828800,0.034500,0.741865,0.038995,1.293470,-0.248024,0.210199,1.320147,-1.359274,-1.048668,-1.783107,-2.003668,3.082639,0.114133,0.831393,-0.837115,1.892335,1.020518,1.834416,-0.595122,-0.693493,2.176557,1,0,1.0000,1.0000,1,1,0,0,0.0000,0.0000,,,,,7457,124594,830,276,5486,123332,1971,1260,0,2,0.56314,0.09579,0
1786018559.4875,B_right_diagonal_up_left_down_right,B,right,0,,,772,151.2000,345.7000,130.5000,192.4000,154.5000,0.2000,360.0000,340.4000,77.6000,0.0000,126.3000,0.0000,194.8000,0.0000,-0.83300,-0.04400,0.41200,3.09000,9.37000,1.77000,0.11500,0.13600,0.93300,-1.09000,-1.41000,-0.44000,10.5,1.2,0.0,1.0,0.688542,0.345870,1.175581,-0.961179,0.416098,1.666607,-0.089600,0.486000,0.869300,0.003200,0.133500,0.542300,0.828800,0.034500,0.741865,0.038995,1.293470,-0.248024,0.210199,1.320147,-1.359267,-1.048658,-1.783114,-2.003669,3.082639,0.114133,0.831382,-0.837115,1.892335,1.020518,1.834416,-0.595122,-0.693493,2.176557,1,0,1.0000,1.0000,1,1,0,0,0.0000,0.0000,,,,,126999,124594,875,276,124722,123332,2277,1260,0,2,0.56314,0.09579,0
1786018559.5028,B_right_diagonal_up_left_down_right,B,right,0,,,773,151.2000,345.7000,130.5000,192.4000,154.5000,0.2000,360.0000,340.4000,77.6000,0.0000,126.3000,0.0000,194.8000,0.0000,-0.83300,-0.04400,0.41200,3.09000,9.37000,1.77000,0.11500,0.13600,0.93300,-1.09000,-1.41000,-0.44000,10.5,1.2,0.0,1.0,0.688542,0.345870,1.175581,-0.961179,0.416098,1.666607,-0.089600,0.486000,0.869300,0.003200,0.133500,0.542300,0.828800,0.034500,0.741865,0.038995,1.293470,-0.248024,0.210199,1.320147,-1.359262,-1.048652,-1.783119,-2.003669,3.082638,0.114133,0.831375,-0.837115,1.892335,1.020518,1.834416,-0.595122,-0.693493,2.176557,1,0,1.0000,1.0000,1,1,0,0,0.0000,0.0000,,,,,7457,124594,830,276,5486,123332,1971,1260,0,2,0.56314,0.09579,0
1786018559.5196,B_right_diagonal_up_left_down_right,B,right,0,,,774,151.2000,345.7000,130.5000,192.4000,154.5000,0.2000,360.0000,340.4000,77.6000,0.0000,126.3000,0.0000,194.8000,0.0000,-0.83300,-0.04400,0.41200,3.09000,9.37000,1.77000,0.11500,0.13600,0.93300,-1.09000,-1.41000,-0.44000,9.5,1.2,0.0,1.0,0.688542,0.345870,1.175581,-0.961179,0.416098,1.666607,-0.089600,0.486000,0.869300,0.003200,0.133500,0.542300,0.828800,0.034500,0.741865,0.038995,1.293470,-0.248024,0.210199,1.320147,-1.359262,-1.048652,-1.783119,-2.003669,3.082638,0.114133,0.831375,-0.837115,1.892335,1.020518,1.834416,-0.595122,-0.693493,2.176557,1,0,1.0000,1.0000,1,1,0,0,0.0000,0.0000,,,,,7457,124594,830,276,5486,123332,1971,1260,0,2,0.56314,0.09579,0
1786018559.5408,B_right_diagonal_up_left_down_right,B,right,0,,,775,151.2000,345.7000,130.5000,192.4000,154.5000,0.2000,360.0000,340.4000,77.5000,0.0000,126.3000,0.0000,194.7000,0.0000,-0.83300,-0.04400,0.41200,3.09000,9.37000,1.77000,0.09800,0.13200,0.91800,-2.47000,-1.78000,-0.27000,9.5,1.2,0.0,1.0,0.688542,0.345870,1.175581,-0.961179,0.416098,1.666607,-0.089600,0.486000,0.869300,0.003200,0.133500,0.542300,0.828800,0.034500,0.741865,0.038995,1.293470,-0.248024,0.210199,1.320147,-1.359260,-1.048648,-1.783122,-2.003669,3.082638,0.114133,0.831370,-0.837115,1.892335,1.020518,1.834416,-0.595122,-0.693493,2.176557,1,0,1.0000,1.0000,1,1,0,0,0.0000,0.0000,,,,,126999,124594,875,276,124722,123332,2277,1260,0,2,0.56314,0.09579,0
1786018559.5652,B_right_diagonal_up_left_down_right,B,right,0,,,776,151.2000,345.0000,130.4000,192.5000,154.6000,0.0000,360.0000,340.4000,77.5000,0.0000,126.3000,0.0000,194.9000,0.0000,-0.83600,-0.06000,0.39000,1.95000,-1.97000,2.08000,0.11200,0.12500,0.93200,-1.95000,-2.69000,0.44000,9.8,2.0,0.0,1.0,0.885290,0.347126,1.121920,-0.248336,0.208308,1.318662,-0.089600,0.486000,0.869300,0.003200,0.133500,0.542300,0.828800,0.034500,0.741865,0.038995,1.293470,-0.248024,0.210199,1.320147,-1.359255,-1.048642,-1.783127,-2.003669,3.082638,0.114133,0.831362,-0.837115,1.892335,1.020518,1.834416,-0.595122,-0.693493,2.176557,1,0,1.0000,1.0000,1,1,0,0,0.0000,0.0000,,,,,7457,8089,830,249,5486,6889,1971,1200,0,0,0.56314,0.09579,0
1786018559.5832,B_right_diagonal_up_left_down_right,B,right,0,,,777,151.2000,345.6000,130.4000,192.5000,154.7000,0.0000,360.0000,340.4000,77.5000,0.0000,126.3000,0.0000,194.9000,0.0000,-0.83900,-0.06200,0.38100,2.83000,-0.66000,1.71000,0.10900,0.11100,0.93000,-1.08000,-1.68000,-0.24000,9.8,2.0,0.0,1.0,0.888162,0.347022,1.113982,-0.248336,0.208308,1.318662,-0.089600,0.486000,0.869300,0.003200,0.133500,0.542300,0.828800,0.034500,0.741865,0.038995,1.293470,-0.248024,0.210199,1.320147,-1.358173,-1.046856,-1.784409,-2.003061,3.082444,0.114774,0.829391,-0.837115,1.892335,1.020518,1.834416,-0.595122,-0.693493,2.176557,1,0,1.0000,1.0000,1,1,0,0,0.0000,0.0000,,,,,7457,8089,830,249,5486,6889,1971,1200,0,0,0.56314,0.09579,0
1786018559.6068,B_right_diagonal_up_left_down_right,B,right,0,,,778,151.2000,345.6000,130.4000,192.5000,154.7000,0.0000,360.0000,340.4000,77.5000,0.0000,126.3000,0.0000,194.9000,0.0000,-0.83900,-0.06200,0.38100,2.83000,-0.66000,1.71000,0.10900,0.11100,0.93000,-1.08000,-1.68000,-0.24000,9.8,2.0,0.0,1.0,0.888162,0.347022,1.113982,-0.248336,0.208308,1.318662,-0.089600,0.486000,0.869300,0.003200,0.133500,0.542300,0.828800,0.034500,0.741865,0.038995,1.293470,-0.248024,0.210199,1.320147,-1.358173,-1.046856,-1.784409,-2.003061,3.082444,0.114774,0.829391,-0.837115,1.892335,1.020518,1.834416,-0.595122,-0.693493,2.176557,1,0,1.0000,1.0000,1,1,0,0,0.0000,0.0000,,,,,126999,8089,875,249,124722,6889,2277,1200,0,0,0.56314,0.09579,0
1786018559.6218,B_right_diagonal_up_left_down_right,B,right,0,,,779,151.2000,345.6000,130.4000,192.5000,154.6000,0.0000,360.0000,340.4000,77.5000,0.0000,126.4000,0.0000,194.9000,0.0000,-0.83600,-0.05400,0.39100,4.24000,1.40000,1.69000,0.10500,0.12000,0.92800,-0.48000,-1.27000,-1.23000,9.8,2.0,0.0,1.0,0.888162,0.347022,1.113982,-0.248336,0.208308,1.318662,-0.089600,0.486000,0.869300,0.003200,0.133500,0.542300,0.828800,0.034500,0.741865,0.038995,1.293470,-0.248024,0.210199,1.320147,-1.357767,-1.046039,-1.784966,-2.002510,3.082237,0.115344,0.828629,-0.837115,1.892335,1.020518,1.834416,-0.595122,-0.693493,2.176557,1,0,1.0000,1.0000,1,1,0,0,0.0000,0.0000,,,,,126999,8089,875,249,124722,6889,2277,1200,0,0,0.56314,0.09579,0
1786018559.6436,B_right_diagonal_up_left_down_right,B,right,0,,,780,151.2000,345.6000,130.4000,192.5000,154.6000,0.0000,360.0000,340.4000,77.5000,0.0000,126.4000,0.0000,194.9000,0.0000,-0.83600,-0.05400,0.39100,4.24000,1.40000,1.69000,0.10500,0.12000,0.92800,-0.48000,-1.27000,-1.23000,9.8,2.0,0.0,1.0,0.888162,0.347022,1.113982,-0.248336,0.208308,1.318662,-0.089600,0.486000,0.869300,0.003200,0.133500,0.542300,0.828800,0.034500,0.741865,0.038995,1.293470,-0.248024,0.210199,1.320147,-1.357767,-1.046039,-1.784966,-2.002510,3.082237,0.115344,0.828629,-0.837115,1.892335,1.020518,1.834416,-0.595122,-0.693493,2.176557,1,0,1.0000,1.0000,1,1,0,0,0.0000,0.0000,,,,,126999,8089,875,249,124722,6889,2277,1200,0,0,0.56314,0.09579,0
1786018559.6628,B_right_diagonal_up_left_down_right,B,right,0,,,781,151.2000,345.6000,130.4000,192.5000,154.4000,0.0000,360.0000,340.4000,77.4000,0.0000,126.3000,0.0000,194.9000,0.0000,-0.83000,-0.04100,0.40200,4.93000,6.67000,2.33000,0.11200,0.12100,0.92800,0.25000,-0.33000,-1.44000,10.0,1.1,0.0,1.0,0.889421,0.346976,1.108284,-0.248336,0.208308,1.318662,-0.089600,0.486000,0.869300,0.003200,0.133500,0.542300,0.828800,0.034500,0.741865,0.038995,1.293470,-0.248024,0.210199,1.320147,-1.357352,-1.045203,-1.785536,-2.001946,3.082025,0.115927,0.827850,-0.837115,1.892335,1.020518,1.834416,-0.595122,-0.693493,2.176557,1,0,1.0000,1.0000,1,1,0,0,0.0000,0.0000,,,,,126999,124594,876,277,124722,123332,2277,1260,0,2,0.56314,0.09579,0
1786018559.6786,B_right_diagonal_up_left_down_right,B,right,0,,,782,151.2000,345.7000,130.4000,192.5000,154.5000,0.0000,360.0000,340.4000,77.4000,0.0000,126.3000,0.0000,194.9000,0.0000,-0.83400,-0.04600,0.40700,4.82000,7.18000,2.86000,0.11700,0.11800,0.91900,0.07000,-0.23000,-1.23000,10.0,0.5,0.0,1.0,0.889533,0.346973,1.104160,-0.961179,0.416098,1.666607,-0.089600,0.486000,0.869300,0.003200,0.133500,0.542300,0.828800,0.034500,0.741865,0.038995,1.293470,-0.248024,0.210199,1.320147,-1.356957,-1.044409,-1.786077,-2.001410,3.081824,0.116481,0.827109,-0.837115,1.892335,1.020518,1.834416,-0.595122,-0.693493,2.176557,1,0,1.0000,1.0000,1,1,0,0,0.0000,0.0000,,,,,126999,8089,876,249,124722,6889,2277,1200,0,0,0.56314,0.09579,0
1786018559.6987,B_right_diagonal_up_left_down_right,B,right,0,,,783,151.2000,345.7000,130.4000,192.5000,154.5000,0.0000,360.0000,340.4000,77.4000,0.0000,126.3000,0.0000,194.9000,0.0000,-0.83400,-0.04600,0.40700,4.82000,7.18000,2.86000,0.11700,0.11800,0.91900,0.07000,-0.23000,-1.23000,10.2,1.3,0.0,1.0,0.688826,0.345861,1.175602,-0.961179,0.416098,1.666607,-0.089600,0.486000,0.869300,0.003200,0.133500,0.542300,0.828800,0.034500,0.741865,0.038995,1.293470,-0.248024,0.210199,1.320147,-1.356555,-1.043599,-1.786629,-2.000863,3.081619,0.117046,0.826354,-0.837115,1.892335,1.020518,1.834416,-0.595122,-0.693493,2.176557,1,0,1.0000,1.0000,1,1,0,0,0.0000,0.0000,,,,,126999,124594,876,277,124722,123332,2277,1260,0,2,0.56314,0.09579,0
1786018559.7443,B_right_diagonal_up_left_down_right,B,right,0,,,784,151.2000,345.7000,130.4000,192.5000,154.5000,0.0000,360.0000,340.4000,77.4000,0.0000,126.3000,0.0000,194.9000,0.0000,-0.83400,-0.04600,0.40700,4.82000,7.18000,2.86000,0.11700,0.11800,0.91900,0.07000,-0.23000,-1.23000,9.1,1.4,0.0,1.0,0.688826,0.345861,1.175602,-0.961179,0.416098,1.666607,-0.089600,0.486000,0.869300,0.003200,0.133500,0.542300,0.828800,0.034500,0.741865,0.038995,1.293470,-0.248024,0.210199,1.320147,-1.356382,-1.043543,-1.786740,-2.001297,3.082021,0.116595,0.825836,-0.837115,1.892335,1.020518,1.834416,-0.595122,-0.693493,2.176557,1,0,1.0000,1.0000,1,1,0,0,0.0000,0.0000,,,,,126999,124594,876,277,124722,123332,2277,1260,0,2,0.56314,0.09579,0
1786018559.7512,B_right_diagonal_up_left_down_right,B,right,0,,,785,151.2000,345.7000,130.4000,192.5000,154.5000,0.0000,360.0000,340.4000,77.4000,0.0000,126.3000,0.0000,194.9000,0.0000,-0.83400,-0.04600,0.40700,4.82000,7.18000,2.86000,0.11700,0.11800,0.91900,0.07000,-0.23000,-1.23000,9.1,1.4,0.0,1.0,0.688826,0.345861,1.175602,-0.961179,0.416098,1.666607,-0.089600,0.486000,0.869300,0.003200,0.133500,0.542300,0.828800,0.034500,0.741865,0.038995,1.293470,-0.248024,0.210199,1.320147,-1.356382,-1.043543,-1.786740,-2.001297,3.082021,0.116595,0.825836,-0.837115,1.892335,1.020518,1.834416,-0.595122,-0.693493,2.176557,1,0,1.0000,1.0000,1,1,0,0,0.0000,0.0000,,,,,126999,124594,876,277,124722,123332,2277,1260,0,2,0.56314,0.09579,0
1786018559.7582,B_right_diagonal_up_left_down_right,B,right,0,,,786,151.2000,345.7000,130.4000,192.5000,154.5000,0.0000,360.0000,340.4000,77.4000,0.0000,126.3000,0.0000,194.9000,0.0000,-0.83400,-0.04600,0.40700,4.82000,7.18000,2.86000,0.11700,0.11800,0.91900,0.07000,-0.23000,-1.23000,9.4,1.5,0.0,1.0,0.688826,0.345861,1.175602,-0.961179,0.416098,1.666607,-0.089600,0.486000,0.869300,0.003200,0.133500,0.542300,0.828800,0.034500,0.741865,0.038995,1.293470,-0.248024,0.210199,1.320147,-1.356614,-1.044297,-1.786297,-2.002267,3.082620,0.115590,0.826084,-0.837115,1.892335,1.020518,1.834416,-0.595122,-0.693493,2.176557,1,0,1.0000,1.0000,1,1,0,0,0.0000,0.0000,,,,,7457,8089,831,249,5486,6889,1971,1200,0,0,0.56314,0.09579,0
1786018559.7849,B_right_diagonal_up_left_down_right,B,right,0,,,787,151.3000,345.6000,130.4000,192.4000,153.1000,0.0000,360.0000,340.4000,77.5000,0.0000,126.2000,0.0000,195.0000,0.0000,-0.84300,-0.05600,0.42500,-0.85000,-2.64000,2.74000,0.10700,0.12000,0.91400,-1.61000,-1.38000,-1.15000,9.4,1.5,0.0,1.0,0.687850,0.345918,1.175446,-0.961179,0.416098,1.666607,-0.089600,0.486000,0.869300,0.003200,0.133500,0.542300,0.828800,0.034500,0.741865,0.038995,1.293470,-0.248024,0.210199,1.320147,-1.356880,-1.045156,-1.785792,-2.003373,3.083303,0.114443,0.826366,-0.837115,1.892335,1.020518,1.834416,-0.595122,-0.693493,2.176557,1,0,1.0000,1.0000,1,1,0,0,0.0000,0.0000,,,,,126999,124594,876,277,124722,123332,2277,1260,0,2,0.56314,0.09579,0
1786018559.8018,B_right_diagonal_up_left_down_right,B,right,0,,,788,151.3000,345.6000,130.4000,192.4000,153.1000,0.0000,360.0000,340.4000,77.5000,0.0000,126.2000,0.0000,195.0000,0.0000,-0.84300,-0.05600,0.42500,-0.85000,-2.64000,2.74000,0.10700,0.12000,0.91400,-1.61000,-1.38000,-1.15000,9.4,1.5,0.0,1.0,0.687850,0.345918,1.175446,-0.961179,0.416098,1.666607,-0.089600,0.486000,0.869300,0.003200,0.133500,0.542300,0.828800,0.034500,0.741865,0.038995,1.293470,-0.248024,0.210199,1.320147,-1.357092,-1.045846,-1.785387,-2.004261,3.083851,0.113524,0.826592,-0.837115,1.892335,1.020518,1.834416,-0.595122,-0.693493,2.176557,1,0,1.0000,1.0000,1,1,0,0,0.0000,0.0000,,,,,7457,8089,831,249,5486,6889,1971,1200,0,0,0.56314,0.09579,0
1786018559.8200,B_right_diagonal_up_left_down_right,B,right,0,,,789,151.3000,345.6000,130.4000,192.4000,153.1000,0.0000,360.0000,340.4000,77.5000,0.0000,126.2000,0.0000,195.0000,0.0000,-0.84300,-0.05600,0.42500,-0.85000,-2.64000,2.74000,0.10700,0.12000,0.91400,-1.61000,-1.38000,-1.15000,9.4,1.5,0.0,1.0,0.687850,0.345918,1.175446,-0.961179,0.416098,1.666607,-0.089600,0.486000,0.869300,0.003200,0.133500,0.542300,0.828800,0.034500,0.741865,0.038995,1.293470,-0.248024,0.210199,1.320147,-1.357332,-1.046623,-1.784931,-2.005261,3.084469,0.112488,0.826847,-0.837115,1.892335,1.020518,1.834416,-0.595122,-0.693493,2.176557,1,0,1.0000,1.0000,1,1,0,0,0.0000,0.0000,,,,,7457,8089,831,249,5486,6889,1971,1200,0,0,0.56314,0.09579,0
1786018559.8390,B_right_diagonal_up_left_down_right,B,right,0,,,790,151.3000,345.7000,130.4000,192.4000,154.8000,0.0000,360.0000,340.4000,77.5000,0.0000,126.2000,0.0000,195.3000,0.0000,-0.83500,-0.04700,0.38600,1.94000,-0.30000,1.08000,0.12700,0.11400,0.92200,-1.85000,0.02000,-1.06000,10.0,1.4,0.0,1.0,0.689907,0.345863,1.175801,-0.961179,0.416098,1.666607,-0.089600,0.486000,0.869300,0.003200,0.133500,0.542300,0.828800,0.034500,0.741865,0.038995,1.293470,-0.248024,0.210199,1.320147,-1.357257,-1.046392,-1.785130,-2.004905,3.084774,0.112855,0.826253,-0.837115,1.892335,1.020518,1.834416,-0.595122,-0.693493,2.176557,1,0,1.0000,1.0000,1,1,0,0,0.0000,0.0000,,,,,126999,124594,876,277,124722,123332,2277,1260,0,2,0.56314,0.09579,0
1786018559.8710,B_right_diagonal_up_left_down_right,B,right,0,,,791,151.3000,345.7000,130.4000,192.4000,154.8000,0.0000,360.0000,340.4000,77.5000,0.0000,126.2000,0.0000,195.3000,0.0000,-0.83500,-0.04700,0.38600,1.94000,-0.30000,1.08000,0.12700,0.11400,0.92200,-1.85000,0.02000,-1.06000,10.0,1.4,0.0,1.0,0.689907,0.345863,1.175801,-0.961179,0.416098,1.666607,-0.089600,0.486000,0.869300,0.003200,0.133500,0.542300,0.828800,0.034500,0.741865,0.038995,1.293470,-0.248024,0.210199,1.320147,-1.357102,-1.045912,-1.785544,-2.004166,3.085406,0.113616,0.825021,-0.837115,1.892335,1.020518,1.834416,-0.595122,-0.693493,2.176557,1,0,1.0000,1.0000,1,1,0,0,0.0000,0.0000,,,,,7457,8089,832,250,5486,6889,1971,1200,0,0,0.56314,0.09579,0
1786018559.8909,B_right_diagonal_up_left_down_right,B,right,0,,,792,151.3000,345.7000,130.4000,192.4000,154.8000,0.0000,360.0000,340.4000,77.5000,0.0000,126.2000,0.0000,195.3000,0.0000,-0.83500,-0.04700,0.38600,1.94000,-0.30000,1.08000,0.12700,0.11400,0.92200,-1.85000,0.02000,-1.06000,10.0,1.4,0.0,1.0,0.689907,0.345863,1.175801,-0.961179,0.416098,1.666607,-0.089600,0.486000,0.869300,0.003200,0.133500,0.542300,0.828800,0.034500,0.741865,0.038995,1.293470,-0.248024,0.210199,1.320147,-1.357098,-1.045902,-1.785553,-2.004150,3.085419,0.113633,0.824994,-0.837115,1.892335,1.020518,1.834416,-0.595122,-0.693493,2.176557,1,0,1.0000,1.0000,1,1,0,0,0.0000,0.0000,,,,,7457,124594,832,278,5486,123332,1971,1260,0,2,0.56314,0.09579,0
1786018559.8982,B_right_diagonal_up_left_down_right,B,right,0,,,793,151.3000,345.7000,130.4000,192.4000,153.9000,0.0000,360.0000,340.4000,77.5000,0.0000,126.2000,0.0000,195.3000,0.0000,-0.83700,-0.03800,0.40400,4.09000,6.05000,2.44000,0.10700,0.12700,0.92300,-2.24000,0.11000,-0.22000,10.1,1.8,0.0,1.0,0.743612,0.038955,1.293747,0.046085,0.205566,1.229157,-0.089600,0.486000,0.869300,0.003200,0.133500,0.542300,0.828800,0.034500,0.741865,0.038995,1.293470,-0.248024,0.210199,1.320147,-1.357098,-1.045902,-1.785553,-2.004150,3.085419,0.113633,0.824994,-0.837115,1.892335,1.020518,1.834416,-0.595122,-0.693493,2.176557,1,0,1.0000,1.0000,1,1,0,0,0.0000,0.0000,,,,,126999,8089,876,250,124722,6889,2277,1200,0,0,0.56314,0.09579,0
1786018559.9288,B_right_diagonal_up_left_down_right,B,right,0,,,794,151.3000,345.5000,130.4000,1924.0000,153.0000,0.0000,360.0000,340.4000,775.0000,0.0000,126.2000,0.0000,195.4000,0.0000,-0.82700,-0.04600,0.42800,3.98000,5.61000,3.50000,0.11200,0.11400,0.91600,-0.90000,0.08000,-0.73000,9.2,1.7,0.0,1.0,0.886887,0.347105,1.098832,-0.248336,0.208308,1.318662,-0.089600,0.486000,0.869300,0.003200,0.133500,0.542300,0.828800,0.034500,0.741666,0.039598,1.293129,-0.248024,0.210199,1.320147,-1.357098,-1.045902,-1.785553,-2.004150,3.085419,0.113633,0.824994,-0.837115,1.892335,1.020518,1.834416,-0.595122,-0.693493,2.176557,1,0,1.0000,1.0000,0,1,1,0,0.0172,0.0000,,,,,7457,8089,832,250,5486,6889,1971,1200,0,0,0.56314,0.09579,0
1786018559.9539,B_right_diagonal_up_left_down_right,B,right,0,,,795,151.3000,345.5000,130.4000,1924.0000,153.0000,0.0000,360.0000,340.4000,775.0000,0.0000,126.2000,0.0000,195.4000,0.0000,-0.82700,-0.04600,0.42800,3.98000,5.61000,3.50000,0.11200,0.11400,0.91600,-0.90000,0.08000,-0.73000,9.2,1.7,0.0,1.0,0.886887,0.347105,1.098832,-0.248336,0.208308,1.318662,-0.089600,0.486000,0.869300,0.003200,0.133500,0.542300,0.828800,0.034500,0.741666,0.039598,1.293129,-0.248024,0.210199,1.320147,-1.357098,-1.045902,-1.785553,-2.004150,3.085419,0.113633,0.824994,-0.837115,1.892335,1.020518,1.834416,-0.595122,-0.693493,2.176557,1,0,1.0000,1.0000,0,1,1,0,0.0172,0.0000,,,,,126999,8089,877,250,124722,6889,2277,1200,0,0,0.56314,0.09579,0
1786018559.9639,B_right_diagonal_up_left_down_right,B,right,0,,,796,151.3000,345.5000,130.4000,192.4000,151.7000,0.0000,360.0000,340.4000,77.5000,0.0000,126.2000,0.0000,195.3000,0.0000,-0.83700,-0.05200,0.44200,3.76000,3.16000,3.90000,0.10900,0.12500,0.92400,-0.38000,-0.58000,-0.57000,10.3,3.1,0.0,1.0,0.687253,0.345967,1.175393,-0.961179,0.416098,1.666607,-0.089600,0.486000,0.869300,0.003200,0.133500,0.542300,0.828800,0.034500,0.741666,0.039598,1.293129,-0.248024,0.210199,1.320147,-1.357098,-1.045902,-1.785553,-2.004150,3.085419,0.113633,0.824994,-0.837115,1.892335,1.020518,1.834416,-0.595122,-0.693493,2.176557,1,0,1.0000,1.0000,1,1,0,0,0.0000,0.0000,,,,,7458,124594,832,278,5486,123332,1972,1260,0,2,0.56186,0.09579,0
1786018559.9806,B_right_diagonal_up_left_down_right,B,right,0,,,797,151.3000,345.5000,130.4000,192.4000,151.7000,0.0000,360.0000,340.4000,77.5000,0.0000,126.2000,0.0000,195.3000,0.0000,-0.83700,-0.05200,0.44200,3.76000,3.16000,3.90000,0.10900,0.12500,0.92400,-0.38000,-0.58000,-0.57000,9.8,2.9,0.0,1.0,0.687253,0.345967,1.175393,-0.961179,0.416098,1.666607,-0.089600,0.486000,0.869300,0.003200,0.133500,0.542300,0.828800,0.034500,0.741666,0.039598,1.293129,-0.248024,0.210199,1.320147,-1.357098,-1.045902,-1.785553,-2.004150,3.085419,0.113633,0.824994,-0.837115,1.892335,1.020518,1.834416,-0.595122,-0.693493,2.176557,1,0,1.0000,1.0000,1,1,0,0,0.0000,0.0000,,,,,126999,8089,877,250,124722,6889,2277,1200,0,0,0.56314,0.09579,0
1786018560.0034,B_right_diagonal_up_left_down_right,B,right,0,,,798,151.3000,345.5000,130.4000,192.4000,151.7000,0.0000,360.0000,340.4000,77.5000,0.0000,126.2000,0.0000,195.3000,0.0000,-0.83700,-0.05200,0.44200,3.76000,3.16000,3.90000,0.10900,0.12500,0.92400,-0.38000,-0.58000,-0.57000,9.8,2.9,0.0,1.0,0.687253,0.345967,1.175393,-0.961179,0.416098,1.666607,-0.089600,0.486000,0.869300,0.003200,0.133500,0.542300,0.828800,0.034500,0.741679,0.039593,1.293133,-0.248146,0.209453,1.319559,-1.357098,-1.045902,-1.785553,-2.004150,3.085419,0.113633,0.824994,-0.837115,1.892335,1.020518,1.834416,-0.595122,-0.693493,2.176557,1,0,1.0000,1.0000,1,1,0,0,0.0000,0.0000,,,,,7459,8089,832,250,5487,6889,1972,1200,0,0,0.56186,0.09579,0
1786018560.0256,B_right_diagonal_up_left_down_right,B,right,0,,,799,151.3000,345.5000,130.4000,192.4000,151.7000,0.0000,360.0000,340.4000,77.5000,0.0000,126.2000,0.0000,195.3000,0.0000,-0.83700,-0.05200,0.44200,3.76000,3.16000,3.90000,0.10900,0.12500,0.92400,-0.38000,-0.58000,-0.57000,10.2,2.2,0.0,1.0,0.687253,0.345967,1.175393,-0.961179,0.416098,1.666607,-0.089600,0.486000,0.869300,0.003200,0.133500,0.542300,0.828800,0.034500,0.741679,0.039593,1.293133,-0.248146,0.209453,1.319559,-1.357098,-1.045902,-1.785553,-2.004150,3.085419,0.113633,0.824994,-0.837115,1.892335,1.020518,1.834416,-0.595122,-0.693493,2.176557,1,0,1.0000,1.0000,1,1,0,0,0.0000,0.0000,,,,,127000,124594,877,278,124723,123332,2277,1260,0,2,0.56186,0.09579,0
1786018560.0445,B_right_diagonal_up_left_down_right,B,right,0,,,800,151.2000,345.6000,130.5000,192.6000,152.7000,0.0000,360.0000,340.4000,77.5000,0.0000,126.2000,0.0000,1953.0000,0.0000,-0.84300,-0.05800,0.42100,0.68000,-2.17000,0.66000,0.11500,0.12100,0.91600,-2.25000,-0.02000,-0.23000,10.1,2.2,0.0,1.0,0.687007,0.345962,1.175309,-0.961179,0.416098,1.666607,-0.089600,0.486000,0.869300,0.003200,0.133500,0.542300,0.828800,0.034500,0.741679,0.039593,1.293133,-0.248146,0.209453,1.319559,-1.357098,-1.045902,-1.785553,-2.004150,3.085419,0.113633,0.824994,-0.837115,1.892335,1.020518,1.834416,-0.595122,-0.693493,2.176557,1,0,1.0000,1.0000,1,1,0,0,0.0000,0.0000,,,,,7459,124594,832,279,5487,123332,1972,1260,0,2,0.56186,0.09579,0
1786018560.0681,B_right_diagonal_up_left_down_right,B,right,0,,,801,151.2000,345.6000,130.5000,192.6000,152.7000,0.0000,360.0000,340.4000,77.5000,0.0000,126.2000,0.0000,1953.0000,0.0000,-0.84300,-0.05800,0.42100,0.68000,-2.17000,0.66000,0.11500,0.12100,0.91600,-2.25000,-0.02000,-0.23000,10.1,2.2,0.0,1.0,0.687007,0.345962,1.175309,-0.961179,0.416098,1.666607,-0.089600,0.486000,0.869300,0.003200,0.133500,0.542300,0.828800,0.034500,0.741679,0.039593,1.293133,-0.248146,0.209453,1.319559,-1.357098,-1.045902,-1.785553,-2.004150,3.085419,0.113633,0.824994,-0.837115,1.892335,1.020518,1.834416,-0.595122,-0.693493,2.176557,1,0,1.0000,1.0000,1,1,0,0,0.0000,0.0000,,,,,7459,8090,832,251,5487,6890,1972,1200,0,0,0.56186,0.09546,0
1786018560.0781,B_right_diagonal_up_left_down_right,B,right,0,,,802,151.2000,345.6000,130.5000,192.6000,152.7000,0.0000,360.0000,340.4000,77.5000,0.0000,126.2000,0.0000,1953.0000,0.0000,-0.84300,-0.05800,0.42100,0.68000,-2.17000,0.66000,0.11500,0.12100,0.91600,-2.25000,-0.02000,-0.23000,10.1,2.2,0.0,1.0,0.687007,0.345962,1.175309,-0.961179,0.416098,1.666607,-0.089600,0.486000,0.869300,0.003200,0.133500,0.542300,0.828800,0.034500,0.741693,0.039589,1.293137,-0.248336,0.208308,1.318662,-1.357098,-1.045902,-1.785553,-2.004150,3.085419,0.113633,0.824994,-0.837115,1.892335,1.020518,1.834416,-0.595122,-0.693493,2.176557,1,0,1.0000,1.0000,1,1,0,0,0.0000,0.0000,,,,,127000,124594,877,279,124723,123332,2277,1260,0,2,0.56186,0.09579,0
1786018560.1010,B_right_diagonal_up_left_down_right,B,right,0,,,803,151.2000,345.6000,130.5000,192.6000,152.7000,0.0000,360.0000,340.4000,77.5000,0.0000,126.2000,0.0000,1953.0000,0.0000,-0.84300,-0.05800,0.42100,0.68000,-2.17000,0.66000,0.11500,0.12100,0.91600,-2.25000,-0.02000,-0.23000,10.1,2.2,0.0,1.0,0.687007,0.345962,1.175309,-0.961179,0.416098,1.666607,-0.089600,0.486000,0.869300,0.003200,0.133500,0.542300,0.828800,0.034500,0.741693,0.039589,1.293137,-0.248336,0.208308,1.318662,-1.357098,-1.045902,-1.785553,-2.004150,3.085419,0.113633,0.824994,-0.837115,1.892335,1.020518,1.834416,-0.595122,-0.693493,2.176557,1,0,1.0000,1.0000,1,1,0,0,0.0000,0.0000,,,,,127000,8090,877,251,124723,6890,2277,1200,0,0,0.56186,0.09546,0
1786018560.1326,B_right_diagonal_up_left_down_right,B,right,0,,,804,151.2000,345.6000,130.5000,192.6000,152.7000,0.0000,360.0000,340.4000,77.5000,0.0000,126.2000,0.0000,1953.0000,0.0000,-0.84300,-0.05800,0.42100,0.68000,-2.17000,0.66000,0.11500,0.12100,0.91600,-2.25000,-0.02000,-0.23000,10.1,2.2,0.0,1.0,0.687007,0.345962,1.175309,-0.961179,0.416098,1.666607,-0.089600,0.486000,0.869300,0.003200,0.133500,0.542300,0.828800,0.034500,0.741693,0.039589,1.293137,-0.248336,0.208308,1.318662,-1.357098,-1.045902,-1.785553,-2.004150,3.085419,0.113633,0.824994,-0.837115,1.892335,1.020518,1.834416,-0.595122,-0.693493,2.176557,1,0,1.0000,1.0000,1,1,0,0,0.0000,0.0000,,,,,127000,8090,877,251,124723,6890,2277,1200,0,0,0.56186,0.09546,0
1786018560.1385,B_right_diagonal_up_left_down_right,B,right,0,,,805,151.2000,345.7000,130.5000,192.5000,153.1000,0.0000,360.0000,340.4000,77.6000,0.0000,126.2000,0.0000,195.3000,0.0000,-0.84000,-0.04600,0.41400,3.68000,3.11000,1.35000,0.11700,0.13100,0.92500,-1.94000,0.93000,-1.57000,10.2,2.6,0.0,1.0,0.687465,0.345936,1.175365,-0.961179,0.416098,1.666607,-0.089600,0.486000,0.869300,0.003200,0.133500,0.542300,0.828800,0.034500,0.741693,0.039589,1.293137,-0.248336,0.208308,1.318662,-1.357098,-1.045902,-1.785553,-2.004150,3.085419,0.113633,0.824994,-0.837115,1.892335,1.020518,1.834416,-0.595122,-0.693493,2.176557,1,0,1.0000,1.0000,1,1,0,0,0.0000,0.0000,,,,,127000,8090,877,251,124723,6890,2277,1200,0,0,0.56186,0.09546,0
1786018560.1661,B_right_diagonal_up_left_down_right,B,right,0,,,806,151.2000,345.7000,130.5000,192.4000,152.9000,0.0000,360.0000,340.4000,77.6000,0.0000,126.2000,0.0000,195.3000,0.0000,-0.84100,-0.04500,0.42500,4.28000,1.66000,1.67000,0.11700,0.13100,0.92500,-1.94000,0.93000,-1.57000,10.2,2.6,0.0,1.0,0.687465,0.345936,1.175365,-0.961179,0.416098,1.666607,-0.089600,0.486000,0.869300,0.003200,0.133500,0.542300,0.828800,0.034500,0.741706,0.039585,1.293141,-0.248336,0.208308,1.318662,-1.357098,-1.045902,-1.785553,-2.004150,3.085419,0.113633,0.824994,-0.837115,1.892335,1.020518,1.834416,-0.595122,-0.693493,2.176557,1,0,1.0000,1.0000,1,1,0,0,0.0000,0.0000,,,,,7459,8090,832,251,5487,6890,1972,1200,0,0,0.56186,0.09546,0
1786018560.1868,B_right_diagonal_up_left_down_right,B,right,0,,,807,151.2000,345.7000,130.5000,192.4000,152.9000,0.0000,360.0000,340.4000,77.6000,0.0000,126.2000,0.0000,195.3000,0.0000,-0.84100,-0.04500,0.42500,4.28000,1.66000,1.67000,0.11700,0.13100,0.92500,-1.94000,0.93000,-1.57000,10.2,2.6,0.0,1.0,0.687059,0.345944,1.175304,-0.961179,0.416098,1.666607,-0.089600,0.486000,0.869300,0.003200,0.133500,0.542300,0.828800,0.034500,0.741706,0.039585,1.293141,-0.248336,0.208308,1.318662,-1.357098,-1.045902,-1.785553,-2.004150,3.085419,0.113633,0.824994,-0.837115,1.892335,1.020518,1.834416,-0.595122,-0.693493,2.176557,1,0,1.0000,1.0000,1,1,0,0,0.0000,0.0000,,,,,7459,8090,832,251,5487,6890,1972,1200,0,0,0.56186,0.09546,0
1786018560.2021,B_right_diagonal_up_left_down_right,B,right,0,,,808,151.2000,345.6000,130.5000,192.2000,153.3000,0.0000,360.0000,340.4000,77.6000,0.0000,126.2000,0.0000,195.3000,0.0000,-0.83700,-0.05300,0.41600,2.37000,0.85000,3.00000,0.09700,0.13200,0.91900,-2.11000,0.27000,-1.82000,10.2,2.6,0.0,1.0,0.886728,0.347101,1.097419,-0.961179,0.416098,1.666607,-0.089600,0.486000,0.869300,0.003200,0.133500,0.542300,0.828800,0.034500,0.741706,0.039585,1.293141,-0.248336,0.208308,1.318662,-1.357098,-1.045902,-1.785553,-2.004150,3.085419,0.113633,0.824994,-0.837115,1.892335,1.020518,1.834416,-0.595122,-0.693493,2.176557,1,0,1.0000,1.0000,1,1,0,0,0.0000,0.0000,,,,,127000,124594,877,280,124723,123332,2277,1260,0,2,0.56186,0.09579,0
1786018560.2350,B_right_diagonal_up_left_down_right,B,right,0,,,809,151.2000,345.6000,130.5000,192.2000,153.3000,0.0000,360.0000,340.4000,77.6000,0.0000,126.2000,0.0000,195.3000,0.0000,-0.83700,-0.05300,0.41600,2.37000,0.85000,3.00000,0.09700,0.13200,0.91900,-2.11000,0.27000,-1.82000,10.2,2.6,0.0,1.0,0.886728,0.347101,1.097419,-0.961179,0.416098,1.666607,-0.089600,0.486000,0.869300,0.003200,0.133500,0.542300,0.828800,0.034500,0.741634,0.039824,1.293009,-0.248336,0.208308,1.318662,-1.357098,-1.045902,-1.785553,-2.004150,3.085419,0.113633,0.824994,-0.837115,1.892335,1.020518,1.834416,-0.595122,-0.693493,2.176557,1,0,1.0000,1.0000,1,1,0,0,0.0000,0.0000,,,,,7460,8090,833,251,5487,6890,1973,1200,0,0,0.56171,0.09546,0
1786018560.2447,B_right_diagonal_up_left_down_right,B,right,0,,,810,151.2000,345.6000,130.5000,192.2000,153.3000,0.0000,360.0000,340.4000,77.6000,0.0000,126.2000,0.0000,195.3000,0.0000,-0.83700,-0.05300,0.41600,2.37000,0.85000,3.00000,0.09700,0.13200,0.91900,-2.11000,0.27000,-1.82000,10.2,2.6,0.0,1.0,0.886728,0.347101,1.097419,-0.961179,0.416098,1.666607,-0.089600,0.486000,0.869300,0.003200,0.133500,0.542300,0.828800,0.034500,0.741634,0.039824,1.293009,-0.248336,0.208308,1.318662,-1.357098,-1.045902,-1.785553,-2.004150,3.085419,0.113633,0.824994,-0.837115,1.892335,1.020518,1.834416,-0.595122,-0.693493,2.176557,1,0,1.0000,1.0000,1,1,0,0,0.0000,0.0000,,,,,127000,124594,878,280,124723,123332,2277,1260,0,2,0.56186,0.09579,0
1786018560.2692,B_right_diagonal_up_left_down_right,B,right,0,,,811,151.2000,345.6000,130.5000,192.2000,153.3000,0.0000,360.0000,340.4000,77.6000,0.0000,126.2000,0.0000,195.3000,0.0000,-0.83700,-0.05300,0.41600,2.37000,0.85000,3.00000,0.09700,0.13200,0.91900,-2.11000,0.27000,-1.82000,10.2,2.6,0.0,1.0,0.886728,0.347101,1.097419,-0.961179,0.416098,1.666607,-0.089600,0.486000,0.869300,0.003200,0.133500,0.542300,0.828800,0.034500,0.741634,0.039824,1.293009,-0.248336,0.208308,1.318662,-1.357098,-1.045902,-1.785553,-2.004150,3.085419,0.113633,0.824994,-0.837115,1.892335,1.020518,1.834416,-0.595122,-0.693493,2.176557,1,0,1.0000,1.0000,1,1,0,0,0.0000,0.0000,,,,,7460,8090,833,252,5487,6890,1973,1200,0,0,0.56171,0.09546,0
1786018560.2928,B_right_diagonal_up_left_down_right,B,right,0,,,812,151.2000,345.6000,130.5000,192.2000,153.3000,0.0000,360.0000,340.4000,77.6000,0.0000,126.2000,0.0000,195.3000,0.0000,-0.83700,-0.05300,0.41600,2.37000,0.85000,3.00000,0.09700,0.13200,0.91900,-2.11000,0.27000,-1.82000,10.2,2.6,0.0,1.0,0.886728,0.347101,1.097419,-0.961179,0.416098,1.666607,-0.089600,0.486000,0.869300,0.003200,0.133500,0.542300,0.828800,0.034500,0.741349,0.040667,1.292537,-0.248336,0.208308,1.318662,-1.357098,-1.045902,-1.785553,-2.004150,3.085419,0.113633,0.824994,-0.837115,1.892335,1.020518,1.834416,-0.595122,-0.693493,2.176557,1,0,1.0000,1.0000,1,1,0,0,0.0000,0.0000,,,,,127001,124594,878,280,124723,123332,2278,1260,0,2,0.56171,0.09579,0
1786018560.3021,B_right_diagonal_up_left_down_right,B,right,0,,,813,150.9000,345.6000,130.4000,192.4000,153.9000,0.0000,360.0000,340.4000,77.5000,0.0000,126.2000,0.0000,195.3000,0.0000,-0.83600,-0.04700,0.41700,2.06000,2.31000,0.85000,0.11800,0.12600,0.92800,0.47000,-0.92000,-150.00000,10.2,2.6,0.0,1.0,0.743642,0.038881,1.293745,0.046085,0.205566,1.229157,-0.089600,0.486000,0.869300,0.003200,0.133500,0.542300,0.828800,0.034500,0.741349,0.040667,1.292537,-0.248336,0.208308,1.318662,-1.357098,-1.045902,-1.785553,-2.004150,3.085419,0.113633,0.824994,-0.837115,1.892335,1.020518,1.834416,-0.595122,-0.693493,2.176557,1,0,1.0000,1.0000,1,1,0,0,0.0000,0.0000,,,,,7460,8090,833,252,5487,6890,1973,1200,0,0,0.56171,0.09546,0
1786018560.3199,B_right_diagonal_up_left_down_right,B,right,0,,,814,150.9000,345.6000,130.4000,192.4000,153.9000,0.0000,360.0000,340.4000,77.5000,0.0000,126.2000,0.0000,195.3000,0.0000,-0.83600,-0.04700,0.41700,2.06000,2.31000,0.85000,0.11800,0.12600,0.92800,0.47000,-0.92000,-150.00000,10.2,2.6,0.0,1.0,0.743642,0.038881,1.293745,0.046085,0.205566,1.229157,-0.089600,0.486000,0.869300,0.003200,0.133500,0.542300,0.828800,0.034500,0.741349,0.040667,1.292537,-0.248336,0.208308,1.318662,-1.358161,-1.046965,-1.784778,-2.003087,-3.197199,0.114696,0.825760,-0.837115,1.892335,1.020518,1.834416,-0.595122,-0.693493,2.176557,1,0,1.0000,1.0000,1,1,0,0,0.0000,0.0000,,,,,7460,124594,833,280,5487,123332,1973,1260,0,2,0.56171,0.09579,0
1786018560.3459,B_right_diagonal_up_left_down_right,B,right,0,,,815,151.1000,345.7000,130.4000,192.4000,152.7000,0.0000,360.0000,340.4000,77.6000,0.0000,126.2000,0.0000,195.3000,0.0000,-0.83600,-0.03800,0.41900,1.95000,3.51000,1.85000,0.10500,0.11100,0.91600,-0.20000,-0.27000,-1.71000,8.9,1.8,0.0,1.0,0.886723,0.347072,1.096415,-0.248336,0.208308,1.318662,-0.089600,0.486000,0.869300,0.003200,0.133500,0.542300,0.828800,0.034500,0.741349,0.040667,1.292537,-0.248336,0.208308,1.318662,-1.358803,-1.047596,-1.784318,-2.002423,3.086333,0.115361,0.826207,-0.837115,1.892335,1.020518,1.834416,-0.595122,-0.693493,2.176557,1,0,1.0000,1.0000,1,1,0,0,0.0000,0.0000,,,,,127001,8090,878,252,124723,6890,2278,1200,0,0,0.56171,0.09546,0
1786018560.3686,B_right_diagonal_up_left_down_right,B,right,0,,,816,151.1000,345.7000,130.4000,192.4000,152.7000,0.0000,360.0000,340.4000,77.6000,0.0000,126.2000,0.0000,195.3000,0.0000,-0.83600,-0.03800,0.41900,1.95000,3.51000,1.85000,0.10500,0.11100,0.91600,-0.20000,-0.27000,-1.71000,8.9,1.8,0.0,1.0,0.886723,0.347072,1.096415,-0.248336,0.208308,1.318662,-0.089600,0.486000,0.869300,0.003200,0.133500,0.542300,0.828800,0.034500,0.741349,0.040667,1.292537,-0.248336,0.208308,1.318662,-1.358803,-1.047596,-1.784318,-2.002423,3.086333,0.115361,0.826207,-0.837115,1.892335,1.020518,1.834416,-0.595122,-0.693493,2.176557,1,0,1.0000,1.0000,1,1,0,0,0.0000,0.0000,,,,,127001,8090,878,252,124723,6890,2278,1200,0,0,0.56171,0.09546,0
1786018560.3925,B_right_diagonal_up_left_down_right,B,right,0,,,817,151.1000,345.9000,130.4000,192.4000,152.3000,0.0000,360.0000,34.4000,77.7000,0.0000,126.2000,0.0000,195.3000,0.0000,-0.83500,-0.03400,0.41900,1.18000,4.01000,3.69000,0.10900,0.10900,0.90500,-0.10000,-0.08000,-2.17000,8.7,1.2,0.0,1.0,0.886798,0.347048,1.095723,-0.961179,0.416098,1.666607,-0.089600,0.486000,0.869300,0.003200,0.133500,0.542300,0.828800,0.034500,0.741041,0.041554,1.292043,-0.248336,0.208308,1.318662,-1.358798,-1.047588,-1.784323,-2.002419,3.086332,0.115365,0.826198,-0.837115,1.892335,1.020518,1.834416,-0.595122,-0.693493,2.176557,1,0,1.0000,1.0000,1,1,0,0,0.0000,0.0000,,,,,7460,124594,834,281,5487,123332,1973,1260,0,2,0.56171,0.09579,0
1786018560.4024,B_right_diagonal_up_left_down_right,B,right,0,,,818,151.1000,345.9000,130.4000,192.4000,152.3000,0.0000,360.0000,340.4000,77.7000,0.0000,126.2000,0.0000,195.3000,0.0000,-0.83500,-0.03400,0.41900,1.18000,4.01000,3.69000,0.12200,0.10600,0.91200,-0.31000,0.09000,-1.06000,8.7,1.2,0.0,1.0,0.886798,0.347048,1.095723,-0.248336,0.208308,1.318662,-0.089600,0.486000,0.869300,0.003200,0.133500,0.542300,0.828800,0.034500,0.741041,0.041554,1.292043,-0.248336,0.208308,1.318662,-1.358796,-1.047584,-1.784326,-2.002416,3.086332,0.115367,0.826193,-0.838350,1.892419,1.020066,1.835537,-0.595566,-0.693564,2.176253,1,0,1.0000,1.0000,1,1,0,0,0.0000,0.0000,,,,,127001,8090,878,252,124723,6890,2278,1200,0,0,0.56171,0.09546,0
1786018560.4195,B_right_diagonal_up_left_down_right,B,right,0,,,819,151.1000,345.9000,130.4000,192.4000,152.3000,0.0000,360.0000,340.4000,77.7000,0.0000,126.2000,0.0000,195.3000,0.0000,-0.83500,-0.03400,0.41900,1.18000,4.01000,3.69000,0.12200,0.10600,0.91200,-0.31000,0.09000,-1.06000,8.7,1.2,0.0,1.0,0.886798,0.347048,1.095723,-0.248336,0.208308,1.318662,-0.089600,0.486000,0.869300,0.003200,0.133500,0.542300,0.828800,0.034500,0.741041,0.041554,1.292043,-0.248336,0.208308,1.318662,-1.358791,-1.047575,-1.784332,-2.002412,3.086330,0.115371,0.826184,-0.840826,1.892587,1.019160,1.837787,-0.596455,-0.693706,2.175643,1,0,1.0000,1.0000,1,1,0,0,0.0000,0.0000,,,,,127001,124595,878,281,124723,123333,2278,1260,0,2,0.56171,0.09485,0
1786018560.4469,B_right_diagonal_up_left_down_right,B,right,0,,,820,151.1000,345.8000,130.4000,192.4000,152.7000,0.0000,360.0000,340.0000,77.7000,0.0000,126.1000,0.0000,195.3000,0.0000,-0.85200,-0.04800,0.42100,2.20000,1.42000,2.77000,0.10400,0.12300,0.91700,-1.05000,1.95000,-2.61000,8.7,1.2,0.0,1.0,0.687297,0.345890,1.175342,-0.961179,0.416098,1.666607,-0.089600,0.486000,0.869300,0.003200,0.133500,0.542300,0.828800,0.034500,0.740746,0.042388,1.291582,-0.248336,0.208308,1.318662,-1.358786,-1.047566,-1.784339,-2.002408,3.086329,0.115376,0.826174,-0.843288,1.892755,1.018259,1.840024,-0.597338,-0.693848,2.175036,1,0,1.0000,1.0000,1,1,0,0,0.0000,0.0000,,,,,127001,8090,879,252,124723,6890,2278,1200,0,0,0.56171,0.09546,0
1786018560.4597,B_right_diagonal_up_left_down_right,B,right,0,,,821,151.1000,345.9000,130.5000,192.4000,153.6000,0.0000,360.0000,340.4000,77.7000,0.0000,126.1000,0.0000,195.3000,0.0000,-0.83800,-0.05400,0.40500,-0.10000,0.73000,1.77000,0.12200,0.11000,0.91500,-3.47000,1.55000,-5.09000,9.6,2.0,0.0,1.0,0.688087,0.345847,1.175470,-0.961179,0.416098,1.666607,-0.089600,0.486000,0.869300,0.003200,0.133500,0.542300,0.828800,0.034500,0.740746,0.042388,1.291582,-0.248336,0.208308,1.318662,-1.358781,-1.047558,-1.784345,-2.002404,3.086328,0.115380,0.826165,-0.843288,1.892755,1.018259,1.840024,-0.597338,-0.693848,2.175036,1,0,1.0000,1.0000,1,1,0,0,0.0000,0.0000,,,,,127001,8090,879,252,124723,6890,2278,1200,0,0,0.56171,0.09546,0
1786018560.4830,B_right_diagonal_up_left_down_right,B,right,0,,,822,151.1000,45.8000,130.5000,192.4000,153.5000,0.0000,360.0000,340.4000,77.8000,0.0000,126.1000,0.0000,195.3000,0.0000,-0.84000,-0.06200,0.40100,0.93000,-0.65000,0.73000,0.12300,0.09000,0.91000,-1.77000,3.38000,-9.51000,9.8,2.0,0.0,1.0,0.743907,0.038864,1.298636,0.046085,0.205566,1.229157,-0.089600,0.486000,0.869300,0.003200,0.133500,0.542300,0.828800,0.034500,0.740746,0.042388,1.291582,-0.248336,0.208308,1.318662,-1.358770,-1.047537,-1.784360,-2.002393,3.086326,0.115390,0.826142,-0.843288,1.892755,1.018259,1.840024,-0.597338,-0.693848,2.175036,1,0,1.0000,1.0000,1,1,0,0,0.0000,0.0000,,,,,127003,8090,879,252,124723,6890,2280,1200,0,0,0.56075,0.09546,0
1786018560.5046,B_right_diagonal_up_left_down_right,B,right,0,,,823,151.1000,45.8000,130.5000,192.4000,153.5000,0.0000,360.0000,340.4000,7.8000,0.0000,126.1000,0.0000,195.3000,0.0000,-0.84000,-0.06200,0.40100,0.93000,-0.65000,0.73000,0.12300,0.11500,0.90600,-2.94000,3.85000,-6.00000,9.8,2.0,0.0,1.0,0.743907,0.038864,1.298636,-0.961179,0.416098,1.666607,-0.089600,0.486000,0.869300,0.003200,0.133500,0.542300,0.828800,0.034500,0.734666,0.057332,1.283947,-0.248336,0.208308,1.318662,-1.358767,-1.047532,-1.784363,-2.002391,3.086325,0.115393,0.826137,-0.843288,1.892755,1.018259,1.840024,-0.597338,-0.693848,2.175036,1,0,1.0000,1.0000,1,1,0,0,0.0000,0.0000,,,,,127003,8090,879,252,124723,6890,2280,1200,0,0,0.56075,0.09546,0
1786018560.5268,B_right_diagonal_up_left_down_right,B,right,0,,,824,151.1000,45.8000,130.5000,192.4000,153.5000,0.0000,360.0000,340.4000,7.8000,0.0000,126.1000,0.0000,195.3000,0.0000,-0.84000,-0.06200,0.40100,0.93000,-0.65000,0.73000,0.12300,0.11500,0.90600,-2.94000,3.85000,-6.00000,9.8,2.0,0.0,1.0,0.743907,0.038864,1.298636,-0.961179,0.416098,1.666607,-0.089600,0.486000,0.869300,0.003200,0.133500,0.542300,0.828800,0.034500,0.734666,0.057332,1.283947,-0.248336,0.208308,1.318662,-1.358765,-1.047527,-1.784366,-2.002389,3.086325,0.115395,0.826132,-0.843288,1.892755,1.018259,1.840024,-0.597338,-0.693848,2.175036,1,0,1.0000,1.0000,1,1,0,0,0.0000,0.0000,,,,,7463,124595,834,281,5488,123333,1975,1260,0,2,0.55467,0.09485,0
1786018560.5421,B_right_diagonal_up_left_down_right,B,right,0,,,825,151.1000,45.8000,130.5000,192.4000,153.5000,0.0000,360.0000,340.4000,7.8000,0.0000,126.1000,0.0000,195.3000,0.0000,-0.84000,-0.06200,0.40100,0.93000,-0.65000,0.73000,0.12300,0.11500,0.90600,-2.94000,3.85000,-6.00000,9.8,2.0,0.0,1.0,0.743907,0.038864,1.298636,-0.961179,0.416098,1.666607,-0.089600,0.486000,0.869300,0.003200,0.133500,0.542300,0.828800,0.034500,0.734666,0.057332,1.283947,-0.248336,0.208308,1.318662,-1.358758,-1.047514,-1.784375,-2.002382,3.086323,0.115401,0.826118,-0.843288,1.892755,1.018259,1.840024,-0.597338,-0.693848,2.175036,1,0,1.0000,1.0000,1,1,0,0,0.0000,0.0000,,,,,127003,8090,879,253,124723,6890,2280,1200,0,0,0.56075,0.09546,0
1786018560.5625,B_right_diagonal_up_left_down_right,B,right,0,,,826,151.1000,45.8000,130.5000,192.4000,153.5000,0.0000,360.0000,340.4000,7.8000,0.0000,126.1000,0.0000,195.3000,0.0000,-0.84000,-0.06200,0.40100,0.93000,-0.65000,0.73000,0.12300,0.11500,0.90600,-2.94000,3.85000,-6.00000,9.8,2.0,0.0,1.0,0.743907,0.038864,1.298636,-0.961179,0.416098,1.666607,-0.089600,0.486000,0.869300,0.003200,0.133500,0.542300,0.828800,0.034500,0.734666,0.057332,1.283947,-0.248336,0.208308,1.318662,-1.358758,-1.047514,-1.784375,-2.002382,3.086323,0.115401,0.826118,-0.843288,1.892755,1.018259,1.840024,-0.597338,-0.693848,2.175036,1,0,1.0000,1.0000,1,1,0,0,0.0000,0.0000,,,,,127003,8090,879,253,124723,6890,2280,1200,0,0,0.56075,0.09546,0
1786018560.5781,B_right_diagonal_up_left_down_right,B,right,0,,,827,151.1000,45.8000,130.5000,192.4000,153.5000,0.0000,360.0000,340.4000,7.8000,0.0000,126.1000,0.0000,195.3000,0.0000,-0.84000,-0.06200,0.40100,0.93000,-0.65000,0.73000,0.12300,0.11500,0.90600,-2.94000,3.85000,-6.00000,9.8,2.0,0.0,1.0,0.743907,0.038864,1.298636,-0.961179,0.416098,1.666607,-0.089600,0.486000,0.869300,0.003200,0.133500,0.542300,0.828800,0.034500,0.731662,0.063600,1.281076,-0.248336,0.208308,1.318662,-1.358753,-1.047505,-1.784382,-2.002378,3.086322,0.115406,0.826108,-0.843288,1.892755,1.018259,1.840024,-0.597338,-0.693848,2.175036,1,0,1.0000,1.0000,1,1,0,0,0.0000,0.0000,,,,,127003,8090,879,253,124723,6890,2280,1200,0,0,0.56075,0.09546,0
1786018560.6004,B_right_diagonal_up_left_down_right,B,right,0,,,828,151.1000,45.8000,130.5000,192.4000,153.5000,0.0000,360.0000,340.4000,7.8000,0.0000,126.1000,0.0000,195.3000,0.0000,-0.84000,-0.06200,0.40100,0.93000,-0.65000,0.73000,0.12300,0.11500,0.90600,-2.94000,3.85000,-6.00000,9.8,2.0,0.0,1.0,0.743907,0.038864,1.298636,-0.961179,0.416098,1.666607,-0.089600,0.486000,0.869300,0.003200,0.133500,0.542300,0.828800,0.034500,0.731662,0.063600,1.281076,-0.248336,0.208308,1.318662,-1.360124,-1.048873,-1.783396,-2.000999,-3.196122,0.116785,0.827095,-0.843288,1.892755,1.018259,1.840024,-0.597338,-0.693848,2.175036,1,0,1.0000,1.0000,1,1,0,0,0.0000,0.0000,,,,,127003,124595,879,282,124723,123333,2280,1260,0,2,0.56075,0.09485,0
1786018560.6189,B_right_diagonal_up_left_down_right,B,right,0,,,829,151.1000,45.8000,130.5000,192.4000,153.5000,0.0000,360.0000,340.4000,7.8000,0.0000,126.1000,0.0000,195.3000,0.0000,-0.84000,-0.06200,0.40100,0.93000,-0.65000,0.73000,0.12300,0.11500,0.90600,-2.94000,3.85000,-6.00000,9.8,2.0,0.0,1.0,0.743907,0.038864,1.298636,-0.961179,0.416098,1.666607,-0.089600,0.486000,0.869300,0.003200,0.133500,0.542300,0.828800,0.034500,0.731662,0.063600,1.281076,-0.248336,0.208308,1.318662,-1.362174,-1.050923,-1.781919,-1.998949,-3.195015,0.118835,0.828581,-0.843288,1.892755,1.018259,1.840024,-0.597338,-0.693848,2.175036,1,0,1.0000,1.0000,1,1,0,0,0.0000,0.0000,,,,,127003,124595,879,282,124723,123333,2280,1260,0,2,0.56075,0.09485,0
1786018560.6447,B_right_diagonal_up_left_down_right,B,right,0,,,830,151.1000,45.8000,130.5000,192.4000,153.5000,0.0000,360.0000,340.4000,7.8000,0.0000,126.1000,0.0000,195.3000,0.0000,-0.84000,-0.06200,0.40100,0.93000,-0.65000,0.73000,0.12300,0.11500,0.90600,-2.94000,3.85000,-6.00000,9.8,2.0,0.0,1.0,0.743907,0.038864,1.298636,-0.961179,0.416098,1.666607,-0.089600,0.486000,0.869300,0.003200,0.133500,0.542300,0.828800,0.034500,0.731770,0.063426,1.281191,-0.248336,0.208308,1.318662,-1.362866,-1.051615,-1.781420,-1.998256,-3.194642,0.119528,0.829082,-0.843288,1.892755,1.018259,1.840024,-0.597338,-0.693848,2.175036,1,0,1.0000,1.0000,1,1,0,0,0.0000,0.0000,,,,,127003,124595,879,282,124723,123333,2280,1260,0,2,0.56075,0.09485,0
1786018560.6657,B_right_diagonal_up_left_down_right,B,right,0,,,831,151.1000,45.8000,130.5000,192.4000,153.5000,0.0000,360.0000,340.4000,7.8000,0.0000,126.1000,0.0000,195.3000,0.0000,-0.84000,-0.06200,0.40100,0.93000,-0.65000,0.73000,0.12300,0.11500,0.90600,-2.94000,3.85000,-6.00000,9.8,2.0,0.0,1.0,0.743907,0.038864,1.298636,-0.961179,0.416098,1.666607,-0.089600,0.486000,0.869300,0.003200,0.133500,0.542300,0.828800,0.034500,0.731770,0.063426,1.281191,-0.248336,0.208308,1.318662,-1.363909,-1.052658,-1.780669,-1.997214,-3.194079,0.120571,0.829838,-0.843288,1.892755,1.018259,1.840024,-0.597338,-0.693848,2.175036,1,0,1.0000,1.0000,1,1,0,0,0.0000,0.0000,,,,,7463,124595,834,282,5488,123333,1975,1260,0,2,0.55467,0.09485,0
1786018560.6796,B_right_diagonal_up_left_down_right,B,right,0,,,832,151.1000,345.7000,130.4000,192.4000,152.6000,0.0000,360.0000,340.5000,76.9000,0.0000,126.6000,0.0000,195.0000,0.0000,-0.81700,-0.06700,0.40500,2.93000,-5.37000,2.97000,0.10100,0.09200,0.96000,-1.86000,-0.24000,-3.26000,9.1,1.9,0.0,1.0,0.743678,0.038868,1.297138,0.046085,0.205566,1.229157,-0.089600,0.486000,0.869300,0.003200,0.133500,0.542300,0.828800,0.034500,0.731770,0.063426,1.281191,-0.248336,0.208308,1.318662,-1.364960,-1.053709,-1.779911,-1.996162,-3.193511,0.121622,0.830600,-0.843288,1.892755,1.018259,1.840024,-0.597338,-0.693848,2.175036,1,0,1.0000,1.0000,1,1,0,0,0.0000,0.0000,,,,,7463,124595,834,282,5488,123333,1975,1260,0,2,0.55467,0.09485,0
1786018560.7225,B_right_diagonal_up_left_down_right,B,right,0,,,833,151.1000,345.7000,130.4000,192.4000,153.7000,0.0000,360.0000,340.5000,76.9000,0.0000,126.6000,0.0000,195.0000,0.0000,-0.82300,-0.06600,0.39500,3.88000,1.31000,3.62000,0.10100,0.09200,0.96000,-1.86000,-0.24000,-3.26000,10.2,2.1,0.0,1.0,0.688661,0.345815,1.175566,0.046085,0.205566,1.229157,-0.089600,0.486000,0.869300,0.003200,0.133500,0.542300,0.828800,0.034500,0.733048,0.061283,1.282505,-0.248336,0.208308,1.318662,-1.365981,-1.054730,-1.779175,-1.995141,-3.192960,0.122643,0.831340,-0.843288,1.892755,1.018259,1.840024,-0.597338,-0.693848,2.175036,1,0,1.0000,1.0000,1,1,0,0,0.0000,0.0000,,,,,127004,8090,879,254,124724,6890,2280,1200,0,0,0.55177,0.09546,0
1786018560.7242,B_right_diagonal_up_left_down_right,B,right,0,,,834,151.1000,345.7000,130.4000,192.4000,153.7000,0.0000,360.0000,340.5000,76.9000,0.0000,126.6000,0.0000,195.0000,0.0000,-0.82300,-0.06600,0.39500,3.88000,1.31000,3.62000,0.10100,0.09200,0.96000,-1.86000,-0.24000,-3.26000,10.2,2.1,0.0,1.0,0.688661,0.345815,1.175566,0.046085,0.205566,1.229157,-0.089600,0.486000,0.869300,0.003200,0.133500,0.542300,0.828800,0.034500,0.733048,0.061283,1.282505,-0.248336,0.208308,1.318662,-1.366351,-1.055100,-1.778909,-1.994771,-3.192760,0.123013,0.831607,-0.843324,1.892816,1.018325,1.840025,-0.597290,-0.693799,2.174912,1,0,1.0000,1.0000,1,1,0,0,0.0000,0.0000,,,,,7464,124595,834,282,5489,123333,1975,1260,0,2,0.55177,0.09485,0
1786018560.7382,B_right_diagonal_up_left_down_right,B,right,0,,,835,151.1000,345.7000,130.4000,192.4000,153.7000,0.0000,360.0000,340.5000,76.9000,0.0000,126.6000,0.0000,195.0000,0.0000,-0.82300,-0.06600,0.39500,3.88000,1.31000,3.62000,0.10100,0.09200,0.96000,-1.86000,-0.24000,-3.26000,10.2,2.1,0.0,1.0,0.688661,0.345815,1.175566,0.046085,0.205566,1.229157,-0.089600,0.486000,0.869300,0.003200,0.133500,0.542300,0.828800,0.034500,0.733048,0.061283,1.282505,-0.248336,0.208308,1.318662,-1.366699,-1.055448,-1.778658,-1.994423,-3.192572,0.123361,0.831860,-0.843359,1.892876,1.018390,1.840026,-0.597242,-0.693751,2.174790,1,0,1.0000,1.0000,1,1,0,0,0.0000,0.0000,,,,,127004,8090,879,254,124724,6890,2280,1200,0,0,0.55177,0.09546,0
1786018560.7607,B_right_diagonal_up_left_down_right,B,right,0,,,836,151.1000,345.7000,130.4000,192.4000,153.7000,0.0000,360.0000,340.5000,76.9000,0.0000,126.6000,0.0000,195.0000,0.0000,-0.82300,-0.06600,0.39500,3.88000,1.31000,3.62000,0.10100,0.09200,0.96000,-1.86000,-0.24000,-3.26000,10.2,2.1,0.0,1.0,0.688661,0.345815,1.175566,0.046085,0.205566,1.229157,-0.089600,0.486000,0.869300,0.003200,0.133500,0.542300,0.828800,0.034500,0.733048,0.061283,1.282505,-0.248336,0.208308,1.318662,-1.390591,-1.079340,-1.761713,-1.970531,-3.180062,0.147253,0.848915,-0.843466,1.893062,1.018590,1.840029,-0.597094,-0.693603,2.174413,1,0,1.0000,1.0000,1,1,0,0,0.0000,0.0000,,,,,127005,124595,879,282,124724,123333,2281,1260,0,2,0.55305,0.09485,0
1786018560.8088,B_right_diagonal_up_left_down_right,B,right,0,,,837,151.1000,345.7000,130.4000,192.4000,153.7000,0.0000,360.0000,340.5000,76.9000,0.0000,126.6000,0.0000,195.0000,0.0000,-0.82300,-0.06600,0.39500,3.88000,1.31000,3.62000,0.10100,0.09200,0.96000,-1.86000,-0.24000,-3.26000,9.8,1.0,0.0,1.0,0.688661,0.345815,1.175566,0.046085,0.205566,1.229157,-0.089600,0.486000,0.869300,0.003200,0.133500,0.542300,0.828800,0.034500,0.738761,0.050596,1.289276,-0.248336,0.208308,1.318662,-1.408325,-1.097074,-1.750030,-1.952797,-3.170982,0.164987,0.860635,-0.843466,1.893062,1.018590,1.840029,-0.597094,-0.693603,2.174413,1,0,1.0000,1.0000,1,1,0,0,0.0000,0.0000,,,,,127005,124595,879,282,124724,123333,2281,1260,0,2,0.55305,0.09485,0
1786018560.8187,B_right_diagonal_up_left_down_right,B,right,0,,,838,151.1000,345.7000,130.4000,192.4000,153.7000,0.0000,360.0000,340.5000,76.9000,0.0000,126.6000,0.0000,195.0000,0.0000,-0.82300,-0.06600,0.39500,3.88000,1.31000,3.62000,0.10100,0.09200,0.96000,-1.86000,-0.24000,-3.26000,9.8,1.0,0.0,1.0,0.688661,0.345815,1.175566,0.046085,0.205566,1.229157,-0.089600,0.486000,0.869300,0.003200,0.133500,0.542300,0.828800,0.034500,0.738761,0.050596,1.289276,-0.248336,0.208308,1.318662,-1.414122,-1.102871,-1.746204,-1.947000,-3.168353,0.170784,0.864461,-0.843466,1.893062,1.018590,1.840029,-0.597094,-0.693603,2.174413,1,0,1.0000,1.0000,1,1,0,0,0.0000,0.0000,,,,,7465,8090,834,254,5489,6890,1976,1200,0,0,0.55305,0.09546,0
1786018560.8205,B_right_diagonal_up_left_down_right,B,right,0,,,839,151.1000,345.7000,130.4000,192.4000,153.7000,0.0000,360.0000,340.5000,76.9000,0.0000,126.6000,0.0000,195.0000,0.0000,-0.82300,-0.06600,0.39500,3.88000,1.31000,3.62000,0.10100,0.09200,0.96000,-1.86000,-0.24000,-3.26000,9.8,1.0,0.0,1.0,0.688661,0.345815,1.175566,0.046085,0.205566,1.229157,-0.089600,0.486000,0.869300,0.003200,0.133500,0.542300,0.828800,0.034500,0.738761,0.050596,1.289276,-0.248336,0.208308,1.318662,-1.414122,-1.102871,-1.746204,-1.947000,-3.168353,0.170784,0.864461,-0.843466,1.893062,1.018590,1.840029,-0.597094,-0.693603,2.174413,1,0,1.0000,1.0000,1,1,0,0,0.0000,0.0000,,,,,7465,8090,834,254,5489,6890,1976,1200,0,0,0.55305,0.09546,0
1786018560.8443,B_right_diagonal_up_left_down_right,B,right,0,,,840,151.1000,345.9000,130.4000,192.4000,149.9000,0.0000,360.0000,340.4000,76.9000,0.0000,126.7000,0.0000,195.0000,0.0000,-0.84200,-0.04300,0.44000,1.08000,2.20000,1.73000,0.08300,0.12700,0.91500,1.38000,-2.35000,-0.22000,9.8,1.0,0.0,1.0,0.885394,0.347088,1.095018,-0.248336,0.208308,1.318662,-0.089600,0.486000,0.869300,0.003200,0.133500,0.542300,0.828800,0.034500,0.738761,0.050596,1.289276,-0.248336,0.208308,1.318662,-1.425693,-1.114442,-1.738568,-1.935429,-3.163107,0.182355,0.872096,-0.843466,1.893062,1.018590,1.840029,-0.597094,-0.693603,2.174413,1,0,1.0000,1.0000,1,1,0,0,0.0000,0.0000,,,,,7465,8090,834,254,5489,6890,1976,1200,0,0,0.55305,0.09546,0
1786018560.8592,B_right_diagonal_up_left_down_right,B,right,0,,,841,151.1000,345.9000,130.4000,192.4000,149.9000,0.0000,360.0000,340.4000,76.9000,0.0000,126.7000,0.0000,195.0000,0.0000,-0.84200,-0.04300,0.44000,1.08000,2.20000,1.73000,0.08300,0.12700,0.91500,1.38000,-2.35000,-0.22000,9.8,1.0,0.0,1.0,0.885394,0.347088,1.095018,-0.248336,0.208308,1.318662,-0.089600,0.486000,0.869300,0.003200,0.133500,0.542300,0.828800,0.034500,0.738415,0.051456,1.288843,-0.248336,0.208308,1.318662,-1.425693,-1.114442,-1.738568,-1.935429,-3.163107,0.182355,0.872096,-0.843466,1.893062,1.018590,1.840029,-0.597094,-0.693603,2.174413,1,0,1.0000,1.0000,1,1,0,0,0.0000,0.0000,,,,,127005,8090,879,254,124724,6890,2281,1200,0,0,0.55305,0.09546,0
1786018560.8828,B_right_diagonal_up_left_down_right,B,right,0,,,842,151.1000,345.9000,130.4000,192.4000,149.9000,0.0000,360.0000,340.4000,76.9000,0.0000,126.7000,0.0000,195.0000,0.0000,-0.84200,-0.04300,0.44000,1.08000,2.20000,1.73000,0.08300,0.12700,0.91500,1.38000,-2.35000,-0.22000,9.8,1.0,0.0,1.0,0.885394,0.347088,1.095018,-0.248336,0.208308,1.318662,-0.089600,0.486000,0.869300,0.003200,0.133500,0.542300,0.828800,0.034500,0.738415,0.051456,1.288843,-0.248336,0.208308,1.318662,-1.425631,-1.114365,-1.738618,-1.935496,3.120040,0.182283,0.872044,-0.843466,1.893062,1.018590,1.840029,-0.597094,-0.693603,2.174413,1,0,1.0000,1.0000,1,1,0,0,0.0000,0.0000,,,,,7465,8090,834,254,5489,6890,1976,1200,0,0,0.55305,0.09546,0
1786018560.9074,B_right_diagonal_up_left_down_right,B,right,0,,,843,151.1000,345.9000,130.4000,192.4000,149.9000,0.0000,360.0000,340.4000,76.9000,0.0000,126.7000,0.0000,195.0000,0.0000,-0.84200,-0.04300,0.44000,1.08000,2.20000,1.73000,0.08300,0.12700,0.91500,1.38000,-2.35000,-0.22000,9.8,1.0,0.0,1.0,0.885394,0.347088,1.095018,-0.248336,0.208308,1.318662,-0.089600,0.486000,0.869300,0.003200,0.133500,0.542300,0.828800,0.034500,0.738415,0.051456,1.288843,-0.248336,0.208308,1.318662,-1.425508,-1.114214,-1.738715,-1.935626,3.119966,0.182142,0.871940,-0.843466,1.893062,1.018590,1.840029,-0.597094,-0.693603,2.174413,1,0,1.0000,1.0000,1,1,0,0,0.0000,0.0000,,,,,7465,8090,834,255,5489,6890,1976,1200,0,0,0.55305,0.09546,0
1786018560.9222,B_right_diagonal_up_left_down_right,B,right,0,,,844,151.1000,345.7000,130.3000,192.4000,153.9000,0.0000,360.0000,340.4000,77.0000,0.0000,126.3000,0.0000,194.9000,0.0000,-0.84100,-0.06200,0.39400,2.45000,-2.86000,3.61000,0.10600,0.10400,0.92300,0.40000,-2.84000,-0.06000,10.7,1.7,0.0,1.0,0.689849,0.345763,1.175770,-0.961179,0.416098,1.666607,-0.089600,0.486000,0.869300,0.003200,0.133500,0.542300,0.828800,0.034500,0.738055,0.052334,1.288403,-0.248336,0.208308,1.318662,-1.425446,-1.114137,-1.738764,-1.935692,3.119928,0.182071,0.871888,-0.843466,1.893062,1.018590,1.840029,-0.597094,-0.693603,2.174413,1,0,1.0000,1.0000,1,1,0,0,0.0000,0.0000,,,,,7465,124595,834,283,5489,123333,1976,1260,0,2,0.55305,0.09485,0
1786018560.9393,B_right_diagonal_up_left_down_right,B,right,0,,,845,151.1000,345.7000,130.3000,192.4000,153.9000,0.0000,360.0000,340.4000,77.0000,0.0000,126.3000,0.0000,194.9000,0.0000,-0.84100,-0.06200,0.39400,2.45000,-2.86000,3.61000,0.10600,0.10400,0.92300,0.40000,-2.84000,-0.06000,10.7,1.7,0.0,1.0,0.689849,0.345763,1.175770,-0.961179,0.416098,1.666607,-0.089600,0.486000,0.869300,0.003200,0.133500,0.542300,0.828800,0.034500,0.738055,0.052334,1.288403,-0.248336,0.208308,1.318662,-1.425446,-1.114137,-1.738764,-1.935692,3.119928,0.182071,0.871888,-0.843466,1.893062,1.018590,1.840029,-0.597094,-0.693603,2.174413,1,0,1.0000,1.0000,1,1,0,0,0.0000,0.0000,,,,,7465,124595,834,283,5489,123333,1976,1260,0,2,0.55305,0.09485,0
1786018560.9643,B_right_diagonal_up_left_down_right,B,right,0,,,846,510.0000,345.7000,130.3000,192.4000,153.3000,0.0000,360.0000,340.4000,77.0000,0.0000,126.4000,0.0000,194.9000,0.0000,-0.84200,-0.06800,0.39100,2.71000,-1.02000,2.83000,0.10500,0.11400,0.91800,-0.02000,-2.60000,-0.88000,11.1,2.2,0.0,1.0,0.887502,0.346722,1.095029,-0.248336,0.208308,1.318662,-0.089600,0.486000,0.869300,0.003200,0.133500,0.542300,0.828800,0.034500,0.738055,0.052334,1.288403,-0.248336,0.208308,1.318662,-1.425310,-1.113970,-1.738872,-1.935836,3.119846,0.181915,0.871774,-0.843466,1.893062,1.018590,1.840029,-0.597094,-0.693603,2.174413,1,0,1.0000,1.0000,1,1,0,0,0.0000,0.0000,,,,,127005,124595,879,283,124724,123333,2281,1260,0,2,0.55305,0.09485,0
1786018560.9808,B_right_diagonal_up_left_down_right,B,right,0,,,847,510.0000,345.7000,130.3000,192.4000,153.3000,0.0000,360.0000,340.4000,77.0000,0.0000,126.4000,0.0000,194.9000,0.0000,-0.84200,-0.06800,0.39100,2.71000,-1.02000,2.83000,0.10500,0.11400,0.91800,-0.02000,-2.60000,-0.88000,11.1,2.2,0.0,1.0,0.887502,0.346722,1.095029,-0.248336,0.208308,1.318662,-0.089600,0.486000,0.869300,0.003200,0.133500,0.542300,0.828800,0.034500,0.738055,0.052334,1.288403,-0.248336,0.208308,1.318662,-1.425133,-1.113751,-1.739013,-1.936025,3.119738,0.181712,0.871625,-0.843466,1.893062,1.018590,1.840029,-0.597094,-0.693603,2.174413,1,0,1.0000,1.0000,1,1,0,0,0.0000,0.0000,,,,,7465,8091,834,255,5489,6891,1976,1200,0,0,0.55305,0.09485,0
1786018561.0249,B_right_diagonal_up_left_down_right,B,right,0,,,848,151.0000,345.7000,1303.0000,192.3000,153.0000,0.0000,360.0000,340.4000,77.0000,0.0000,126.2000,0.0000,194.9000,0.0000,-0.83500,-0.04000,0.41500,4.18000,6.92000,0.95000,0.09900,0.09000,0.90500,-3.52000,1.64000,-2.64000,10.4,1.6,0.0,1.0,0.889099,0.346730,1.095012,-0.248336,0.208308,1.318662,-0.089600,0.486000,0.869300,0.003200,0.133500,0.542300,0.828800,0.034500,0.737689,0.053208,1.287967,-0.248336,0.208308,1.318662,-1.424883,-1.113442,-1.739211,-1.936291,3.119586,0.181425,0.871414,-0.843466,1.893062,1.018590,1.840029,-0.597094,-0.693603,2.174413,1,0,1.0000,1.0000,1,1,0,0,0.0000,0.0000,,,,,7465,8091,834,255,5489,6891,1976,1200,0,0,0.55305,0.09485,0
1786018561.0299,B_right_diagonal_up_left_down_right,B,right,0,,,849,151.0000,345.7000,1303.0000,192.3000,153.0000,0.0000,360.0000,340.4000,77.0000,0.0000,126.2000,0.0000,194.9000,0.0000,-0.83500,-0.04000,0.41500,4.18000,6.92000,0.95000,0.09900,0.09000,0.90500,-3.52000,1.64000,-2.64000,10.4,1.6,0.0,1.0,0.889099,0.346730,1.095012,-0.248336,0.208308,1.318662,-0.089600,0.486000,0.869300,0.003200,0.133500,0.542300,0.828800,0.034500,0.737689,0.053208,1.287967,-0.248336,0.208308,1.318662,-1.424757,-1.113287,-1.739311,-1.936425,3.119509,0.181280,0.871308,-0.843466,1.893062,1.018590,1.840029,-0.597094,-0.693603,2.174413,1,0,1.0000,1.0000,1,1,0,0,0.0000,0.0000,,,,,7465,8091,834,255,5489,6891,1976,1200,0,0,0.55305,0.09485,0
1786018561.0385,B_right_diagonal_up_left_down_right,B,right,0,,,850,151.0000,345.7000,1303.0000,192.3000,153.0000,0.0000,360.0000,340.4000,77.0000,0.0000,126.2000,0.0000,194.9000,0.0000,-0.83500,-0.04000,0.41500,4.18000,6.92000,0.95000,0.09900,0.09000,0.90500,-3.52000,1.64000,-2.64000,10.4,1.6,0.0,1.0,0.889099,0.346730,1.095012,-0.248336,0.208308,1.318662,-0.089600,0.486000,0.869300,0.003200,0.133500,0.542300,0.828800,0.034500,0.737689,0.053208,1.287967,-0.248336,0.208308,1.318662,-1.424693,-1.113208,-1.739361,-1.936493,3.119471,0.181207,0.871254,-0.843466,1.893062,1.018590,1.840029,-0.597094,-0.693603,2.174413,1,0,1.0000,1.0000,1,1,0,0,0.0000,0.0000,,,,,127005,8091,879,255,124724,6891,2281,1200,0,0,0.55305,0.09485,0
1786018561.0622,B_right_diagonal_up_left_down_right,B,right,0,,,851,151.0000,345.7000,1303.0000,192.3000,153.0000,0.0000,360.0000,340.4000,77.0000,0.0000,126.2000,0.0000,194.9000,0.0000,-0.83500,-0.04000,0.41500,4.18000,6.92000,0.95000,0.09900,0.09000,0.90500,-3.52000,1.64000,-2.64000,10.4,1.6,0.0,1.0,0.889099,0.346730,1.095012,-0.248336,0.208308,1.318662,-0.089600,0.486000,0.869300,0.003200,0.133500,0.542300,0.828800,0.034500,0.737315,0.054086,1.287532,-0.248336,0.208308,1.318662,-1.414751,-1.101615,-1.746932,-1.946708,3.113585,0.170435,0.863476,-0.843466,1.893062,1.018590,1.840029,-0.597094,-0.693603,2.174413,1,0,1.0000,1.0000,1,1,0,0,0.0000,0.0000,,,,,7465,8091,835,255,5489,6891,1976,1200,0,0,0.55305,0.09485,0
1786018561.0794,B_right_diagonal_up_left_down_right,B,right,0,,,852,151.0000,345.7000,1303.0000,192.3000,153.0000,0.0000,360.0000,340.4000,77.0000,0.0000,126.2000,0.0000,194.9000,0.0000,-0.83500,-0.04000,0.41500,4.18000,6.92000,0.95000,0.09900,0.09000,0.90500,-3.52000,1.64000,-2.64000,10.4,1.6,0.0,1.0,0.889099,0.346730,1.095012,-0.248336,0.208308,1.318662,-0.089600,0.486000,0.869300,0.003200,0.133500,0.542300,0.828800,0.034500,0.737315,0.054086,1.287532,-0.248336,0.208308,1.318662,-1.399337,-1.083650,-1.758667,-1.962541,3.104460,0.153741,0.851424,-0.843466,1.893062,1.018590,1.840029,-0.597094,-0.693603,2.174413,1,0,1.0000,1.0000,1,1,0,0,0.0000,0.0000,,,,,127005,124596,880,283,124724,123334,2281,1260,0,2,0.55305,0.09485,0
1786018561.1039,B_right_diagonal_up_left_down_right,B,right,0,,,853,151.1000,345.7000,130.4000,192.4000,150.2000,0.0000,360.0000,340.4000,76.8000,0.0000,126.2000,0.0000,194.9000,0.0000,-0.84700,-0.05100,0.43700,1.11000,-0.57000,0.98000,0.08900,0.10500,0.91600,-6.15000,2.85000,-5.32000,10.6,2.1,0.0,1.0,0.887197,0.346858,1.094550,-0.248336,0.208308,1.318662,-0.089600,0.486000,0.869300,0.003200,0.133500,0.542300,0.828800,0.034500,0.737315,0.054086,1.287532,-0.248336,0.208308,1.318662,-1.391026,-1.073964,-1.764994,-1.971077,3.099541,0.144741,0.844926,-0.843466,1.893062,1.018590,1.840029,-0.597094,-0.693603,2.174413,1,0,1.0000,1.0000,1,1,0,0,0.0000,0.0000,,,,,127005,124596,880,283,124724,123334,2281,1260,0,2,0.55305,0.09485,0
1786018561.1210,B_right_diagonal_up_left_down_right,B,right,0,,,854,151.0000,345.8000,130.4000,192.4000,151.4000,0.0000,360.0000,340.4000,76.7000,0.0000,126.2000,0.0000,194.9000,0.0000,-0.84300,-0.05100,0.41800,-0.06000,-1.40000,0.88000,0.10700,0.10800,0.92700,-4.89000,2.59000,-7.42000,9.7,1.2,0.0,1.0,0.743790,0.038838,1.296132,0.046085,0.205566,1.229157,-0.089600,0.486000,0.869300,0.003200,0.133500,0.542300,0.828800,0.034500,0.737315,0.054086,1.287532,-0.248336,0.208308,1.318662,-1.392049,-1.074989,-1.764300,-1.970053,-3.183184,0.145765,0.845620,-0.843466,1.893062,1.018590,1.840029,-0.597094,-0.693603,2.174413,1,0,1.0000,1.0000,1,1,0,0,0.0000,0.0000,,,,,127005,124596,880,283,124724,123334,2281,1260,0,2,0.55305,0.09485,0
1786018561.1541,B_right_diagonal_up_left_down_right,B,right,0,,,855,151.0000,345.8000,130.4000,192.4000,151.4000,0.0000,360.0000,340.4000,76.7000,0.0000,126.2000,0.0000,194.9000,0.0000,-0.84300,-0.05100,0.41800,-0.06000,-1.40000,0.88000,0.10700,0.10800,0.92700,-4.89000,2.59000,-7.42000,9.7,1.2,0.0,1.0,0.743790,0.038838,1.296132,0.046085,0.205566,1.229157,-0.089600,0.486000,0.869300,0.003200,0.133500,0.542300,0.828800,0.034500,0.736897,0.055048,1.287057,-0.248336,0.208308,1.318662,-1.392732,-1.075674,-1.763836,-1.969370,-3.182875,0.146449,0.846085,-0.843466,1.893062,1.018590,1.840029,-0.597094,-0.693603,2.174413,1,0,1.0000,1.0000,1,1,0,0,0.0000,0.0000,,,,,127005,124596,880,283,124724,123334,2281,1260,0,2,0.55305,0.09485,0
1786018561.1612,B_right_diagonal_up_left_down_right,B,right,0,,,856,151.0000,345.8000,130.4000,192.4000,151.4000,0.0000,360.0000,340.4000,76.7000,0.0000,126.2000,0.0000,194.9000,0.0000,-0.84300,-0.05100,0.41800,-0.06000,-1.40000,0.88000,0.10700,0.10800,0.92700,-4.89000,2.59000,-7.42000,9.7,1.2,0.0,1.0,0.743790,0.038838,1.296132,0.046085,0.205566,1.229157,-0.089600,0.486000,0.869300,0.003200,0.133500,0.542300,0.828800,0.034500,0.736897,0.055048,1.287057,-0.248336,0.208308,1.318662,-1.392732,-1.075674,-1.763836,-1.969370,-3.182875,0.146449,0.846085,-0.843466,1.893062,1.018590,1.840029,-0.597094,-0.693603,2.174413,1,0,1.0000,1.0000,1,1,0,0,0.0000,0.0000,,,,,127005,124596,880,283,124724,123334,2281,1260,0,2,0.55305,0.09485,0
1786018561.1876,B_right_diagonal_up_left_down_right,B,right,0,,,857,151.1000,345.8000,130.4000,192.4000,153.8000,0.0000,360.0000,340.4000,76.3000,0.0000,126.2000,0.0000,194.8000,0.0000,-0.83300,-0.05300,0.39200,1.99000,2.14000,0.15000,0.08900,0.13300,0.94900,-3.95000,0.50000,-12.08000,10.5,1.6,0.0,1.0,0.745378,0.038782,1.295684,0.046085,0.205566,1.229157,-0.089600,0.486000,0.869300,0.003200,0.133500,0.542300,0.828800,0.034500,0.736897,0.055048,1.287057,-0.248336,0.208308,1.318662,-1.393775,-1.076719,-1.763127,-1.968327,-3.182404,0.147493,0.846794,-0.843466,1.893062,1.018590,1.840029,-0.597094,-0.693603,2.174413,1,0,1.0000,1.0000,1,1,0,0,0.0000,0.0000,,,,,7465,8091,835,256,5489,6891,1976,1200,0,0,0.55305,0.09485,0
1786018561.1996,B_right_diagonal_up_left_down_right,B,right,0,,,858,151.1000,345.8000,130.4000,192.4000,153.8000,0.0000,360.0000,340.4000,76.3000,0.0000,126.2000,0.0000,194.8000,0.0000,-0.83300,-0.05300,0.39200,1.99000,2.14000,0.15000,0.08900,0.13300,0.94900,-3.95000,0.50000,-12.08000,10.5,1.6,0.0,1.0,0.745378,0.038782,1.295684,0.046085,0.205566,1.229157,-0.089600,0.486000,0.869300,0.003200,0.133500,0.542300,0.828800,0.034500,0.736897,0.055048,1.287057,-0.248336,0.208308,1.318662,-1.393775,-1.076719,-1.763127,-1.968327,-3.182404,0.147493,0.846794,-0.843466,1.893062,1.018590,1.840029,-0.597094,-0.693603,2.174413,1,0,1.0000,1.0000,1,1,0,0,0.0000,0.0000,,,,,7465,8091,835,256,5489,6891,1976,1200,0,0,0.55305,0.09485,0
1786018561.2265,B_right_diagonal_up_left_down_right,B,right,0,,,859,151.1000,345.8000,130.4000,192.4000,153.8000,0.0000,360.0000,340.4000,76.3000,0.0000,126.2000,0.0000,194.8000,0.0000,-0.83300,-0.05300,0.39200,1.99000,2.14000,0.15000,0.08900,0.13300,0.94900,-3.95000,0.50000,-12.08000,9.9,2.2,0.0,1.0,0.745378,0.038782,1.295684,0.046085,0.205566,1.229157,-0.089600,0.486000,0.869300,0.003200,0.133500,0.542300,0.828800,0.034500,0.736482,0.055987,1.286597,-0.248336,0.208308,1.318662,-1.394470,-1.077415,-1.762654,-1.967632,-3.182090,0.148189,0.847267,-0.843466,1.893062,1.018590,1.840029,-0.597094,-0.693603,2.174413,1,0,1.0000,1.0000,1,1,0,0,0.0000,0.0000,,,,,7465,8091,835,256,5489,6891,1976,1200,0,0,0.55305,0.09485,0
1786018561.2387,B_right_diagonal_up_left_down_right,B,right,0,,,860,151.1000,345.8000,130.4000,192.4000,153.8000,0.0000,360.0000,340.4000,76.3000,0.0000,126.2000,0.0000,194.8000,0.0000,-0.83300,-0.05300,0.39200,1.99000,2.14000,0.15000,0.08900,0.13300,0.94900,-3.95000,0.50000,-12.08000,9.9,2.2,0.0,1.0,0.745378,0.038782,1.295684,0.046085,0.205566,1.229157,-0.089600,0.486000,0.869300,0.003200,0.133500,0.542300,0.828800,0.034500,0.736482,0.055987,1.286597,-0.248336,0.208308,1.318662,-1.394916,-1.077863,-1.762350,-1.967185,-3.181888,0.148636,0.847571,-0.843466,1.893062,1.018590,1.840029,-0.597094,-0.693603,2.174413,1,0,1.0000,1.0000,1,1,0,0,0.0000,0.0000,,,,,7465,124596,835,283,5489,123334,1976,1260,0,2,0.55305,0.09485,0
1786018561.2704,B_right_diagonal_up_left_down_right,B,right,0,,,861,151.1000,345.8000,130.4000,192.4000,153.8000,0.0000,360.0000,340.4000,76.3000,0.0000,126.2000,0.0000,194.8000,0.0000,-0.83300,-0.05300,0.39200,1.99000,2.14000,0.15000,0.08900,0.13300,0.94900,-3.95000,0.50000,-12.08000,9.9,2.2,0.0,1.0,0.745378,0.038782,1.295684,0.046085,0.205566,1.229157,-0.089600,0.486000,0.869300,0.003200,0.133500,0.542300,0.828800,0.034500,0.736482,0.055987,1.286597,-0.248336,0.208308,1.318662,-1.396562,-1.079513,-1.761230,-1.965539,-3.181144,0.150284,0.848691,-0.843556,1.893217,1.018757,1.840031,-0.596971,-0.693481,2.174100,1,0,1.0000,1.0000,1,1,0,0,0.0000,0.0000,,,,,127005,8091,880,256,124724,6891,2281,1200,0,0,0.55305,0.09485,0
1786018561.2820,B_right_diagonal_up_left_down_right,B,right,0,,,862,151.1000,345.8000,130.4000,192.4000,153.8000,0.0000,360.0000,340.4000,76.3000,0.0000,126.2000,0.0000,194.8000,0.0000,-0.83300,-0.05300,0.39200,1.99000,2.14000,0.15000,0.08900,0.13300,0.94900,-3.95000,0.50000,-12.08000,9.9,2.2,0.0,1.0,0.745378,0.038782,1.295684,0.046085,0.205566,1.229157,-0.089600,0.486000,0.869300,0.003200,0.133500,0.542300,0.828800,0.034500,0.736482,0.055987,1.286597,-0.248336,0.208308,1.318662,-1.396908,-1.079859,-1.760995,-1.965193,-3.180988,0.150629,0.848926,-0.843584,1.893264,1.018808,1.840032,-0.596933,-0.693443,2.174003,1,0,1.0000,1.0000,1,1,0,0,0.0000,0.0000,,,,,127005,124596,880,284,124724,123334,2281,1260,0,2,0.55305,0.09485,0
1786018561.3040,B_right_diagonal_up_left_down_right,B,right,0,,,863,151.1000,345.7000,130.4000,192.4000,152.9000,0.0000,360.0000,340.1000,76.4000,0.0000,126.2000,0.0000,194.8000,0.0000,-0.84000,-0.05000,0.44200,5.45000,2.96000,5.25000,0.10200,0.15100,0.96900,5.82000,-7.32000,-5.79000,9.9,2.2,0.0,1.0,0.885276,0.346970,1.094144,-0.248336,0.208308,1.318662,-0.089600,0.486000,0.869300,0.003200,0.133500,0.542300,0.828800,0.034500,0.736089,0.056859,1.286172,-0.248336,0.208308,1.318662,-1.396908,-1.079859,-1.760995,-1.965193,-3.180988,0.150629,0.848926,-0.843584,1.893264,1.018808,1.840032,-0.596933,-0.693443,2.174003,1,0,1.0000,1.0000,1,1,0,0,0.0000,0.0000,,,,,7465,8091,835,256,5489,6891,1976,1200,0,0,0.55305,0.09485,0
1786018561.3305,B_right_diagonal_up_left_down_right,B,right,0,,,864,151.1000,345.9000,130.4000,192.4000,152.9000,0.0000,360.0000,339.9000,76.3000,0.0000,126.2000,0.0000,194.8000,0.0000,-0.84100,-0.04800,0.44600,4.85000,2.15000,5.03000,0.09400,0.15500,0.95600,5.84000,-7.56000,-5.97000,9.6,2.0,0.0,1.0,0.883743,0.347055,1.093831,-0.248336,0.208308,1.318662,-0.089600,0.486000,0.869300,0.003200,0.133500,0.542300,0.828800,0.034500,0.736089,0.056859,1.286172,-0.248336,0.208308,1.318662,-1.397324,-1.080276,-1.760712,-1.964777,-3.180799,0.151046,0.849209,-0.843617,1.893321,1.018870,1.840033,-0.596888,-0.693397,2.173887,1,0,1.0000,1.0000,1,1,0,0,0.0000,0.0000,,,,,127005,8091,880,256,124724,6891,2281,1200,0,0,0.55305,0.09485,0
1786018561.3634,B_right_diagonal_up_left_down_right,B,right,0,,,865,151.1000,345.8000,130.4000,192.4000,153.2000,0.0000,360.0000,339.7000,76.3000,0.0000,126.1000,0.0000,194.8000,0.0000,-0.83400,-0.05300,0.43000,3.96000,1.73000,4.80000,0.09500,0.11800,0.94200,5.64000,-7.85000,-6.28000,9.3,1.9,0.0,1.0,0.687925,0.345833,1.175467,0.046085,0.205566,1.229157,-0.089600,0.486000,0.869300,0.003200,0.133500,0.542300,0.828800,0.034500,0.735664,0.057787,1.285721,-0.248336,0.208308,1.318662,-1.397937,-1.080890,-1.760295,-1.964164,-3.180522,0.151660,0.849626,-0.843639,1.893360,1.018911,1.840033,-0.596857,-0.693367,2.173809,1,0,1.0000,1.0000,1,1,0,0,0.0000,0.0000,,,,,7465,8091,836,256,5489,6891,1976,1200,0,0,0.55305,0.09485,0
1786018561.3684,B_right_diagonal_up_left_down_right,B,right,0,,,866,151.1000,345.8000,130.4000,192.4000,153.2000,0.0000,360.0000,339.7000,76.3000,0.0000,126.1000,0.0000,194.8000,0.0000,-0.83400,-0.05300,0.43000,3.96000,1.73000,4.80000,0.09500,0.11800,0.94200,5.64000,-7.85000,-6.28000,9.5,2.2,0.0,1.0,0.883601,0.347080,1.093746,-0.961179,0.416098,1.666607,-0.089600,0.486000,0.869300,0.003200,0.133500,0.542300,0.828800,0.034500,0.735664,0.057787,1.285721,-0.248336,0.208308,1.318662,-1.398305,-1.081259,-1.760045,-1.963796,-3.180356,0.152028,0.849876,-0.843639,1.893360,1.018911,1.840033,-0.596857,-0.693367,2.173809,1,0,1.0000,1.0000,1,1,0,0,0.0000,0.0000,,,,,7465,124596,836,284,5489,123334,1976,1260,0,2,0.55305,0.09485,0
1786018561.3818,B_right_diagonal_up_left_down_right,B,right,0,,,867,151.1000,345.8000,130.4000,192.4000,153.2000,0.0000,360.0000,339.7000,76.3000,0.0000,126.1000,0.0000,194.8000,0.0000,-0.83400,-0.05300,0.43000,3.96000,1.73000,4.80000,0.09500,0.11800,0.94200,5.64000,-7.85000,-6.28000,9.5,2.2,0.0,1.0,0.883601,0.347080,1.093746,-0.961179,0.416098,1.666607,-0.089600,0.486000,0.869300,0.003200,0.133500,0.542300,0.828800,0.034500,0.735664,0.057787,1.285721,-0.248336,0.208308,1.318662,-1.398305,-1.081259,-1.760045,-1.963796,-3.180356,0.152028,0.849876,-0.843639,1.893360,1.018911,1.840033,-0.596857,-0.693367,2.173809,1,0,1.0000,1.0000,1,1,0,0,0.0000,0.0000,,,,,7465,124596,836,284,5489,123334,1976,1260,0,2,0.55305,0.09485,0
1786018561.3987,B_right_diagonal_up_left_down_right,B,right,0,,,868,151.1000,345.7000,130.4000,192.4000,152.9000,0.0000,360.0000,339.6000,76.3000,0.0000,125.9000,0.0000,194.8000,0.0000,-0.82900,-0.04300,0.42800,1.09000,3.64000,4.76000,0.08700,0.12800,0.88700,2.38000,-5.92000,0.40000,9.6,1.2,0.0,1.0,0.883601,0.347080,1.093746,-0.248336,0.208308,1.318662,-0.089600,0.486000,0.869300,0.003200,0.133500,0.542300,0.828800,0.034500,0.735664,0.057787,1.285721,-0.248336,0.208308,1.318662,-1.398644,-1.081599,-1.759814,-1.963456,-3.180203,0.152368,0.850107,-0.843639,1.893360,1.018911,1.840033,-0.596857,-0.693367,2.173809,1,0,1.0000,1.0000,1,1,0,0,0.0000,0.0000,,,,,127005,8091,880,256,124724,6891,2281,1200,0,0,0.55305,0.09485,0
1786018561.4351,B_right_diagonal_up_left_down_right,B,right,0,,,869,151.1000,345.7000,130.4000,192.4000,153.2000,0.0000,360.0000,339.3000,76.3000,0.0000,125.8000,0.0000,194.8000,0.0000,-0.85900,-0.03800,0.43000,-1.46000,0.93000,0.08000,0.08600,0.13600,0.89800,-3.89000,-4.11000,-0.24000,9.9,0.9,0.0,1.0,0.687867,0.345832,1.175451,-0.961179,0.416098,1.666607,-0.089600,0.486000,0.869300,0.003200,0.133500,0.542300,0.828800,0.034500,0.735254,0.058666,1.285297,-0.248336,0.208308,1.318662,-1.398989,-1.081944,-1.759580,-1.963111,-3.180047,0.152713,0.850341,-0.843639,1.893360,1.018911,1.840033,-0.596857,-0.693367,2.173809,1,0,1.0000,1.0000,1,1,0,0,0.0000,0.0000,,,,,127005,124596,880,284,124724,123334,2281,1260,0,2,0.55305,0.09485,0
1786018561.4596,B_right_diagonal_up_left_down_right,B,right,0,,,870,151.1000,345.7000,130.4000,192.4000,153.2000,0.0000,360.0000,339.3000,76.3000,0.0000,125.8000,0.0000,194.8000,0.0000,-0.85900,-0.03800,0.43000,-1.46000,0.93000,0.08000,0.08600,0.12900,0.89400,-6.25000,-5.24000,-1.50000,10.5,1.3,0.0,1.0,0.687867,0.345832,1.175451,-0.961179,0.416098,1.666607,-0.089600,0.486000,0.869300,0.003200,0.133500,0.542300,0.828800,0.034500,0.735254,0.058666,1.285297,-0.248336,0.208308,1.318662,-1.399380,-1.082336,-1.759314,-1.962720,-3.179870,0.153104,0.850608,-0.843639,1.893360,1.018911,1.840033,-0.596857,-0.693367,2.173809,1,0,1.0000,1.0000,1,1,0,0,0.0000,0.0000,,,,,127005,8091,880,256,124724,6891,2281,1200,0,0,0.55305,0.09485,0
1786018561.4657,B_right_diagonal_up_left_down_right,B,right,0,,,871,151.1000,345.7000,1.0000,192.4000,152.6000,0.0000,360.0000,339.2000,76.3000,0.0000,125.8000,0.0000,195.0000,0.0000,-0.85300,-0.04600,0.41800,-1.97000,-1.40000,-0.00000,0.11100,0.07500,0.92500,-4.27000,-10.68000,-6.40000,10.0,0.7,0.0,1.0,0.885025,0.347038,1.093908,-0.248336,0.208308,1.318662,-0.089600,0.486000,0.869300,0.003200,0.133500,0.542300,0.828800,0.034500,0.735254,0.058666,1.285297,-0.248336,0.208308,1.318662,-1.399703,-1.082660,-1.759094,-1.962397,-3.179724,0.153427,0.850827,-0.843639,1.893360,1.018911,1.840033,-0.596857,-0.693367,2.173809,1,0,1.0000,1.0000,1,1,0,0,0.0000,0.0000,,,,,7465,8091,836,256,5489,6891,1976,1200,0,0,0.55305,0.09485,0
1786018561.4864,B_right_diagonal_up_left_down_right,B,right,0,,,872,151.1000,345.7000,1.0000,192.4000,152.6000,0.0000,360.0000,339.2000,76.3000,0.0000,125.8000,0.0000,195.0000,0.0000,-0.85300,-0.04600,0.41800,-1.97000,-1.40000,-0.00000,0.11100,0.07500,0.92500,-4.27000,-10.68000,-6.40000,10.0,0.7,0.0,1.0,0.885025,0.347038,1.093908,-0.248336,0.208308,1.318662,-0.089600,0.486000,0.869300,0.003200,0.133500,0.542300,0.828800,0.034500,0.735254,0.058666,1.285297,-0.248336,0.208308,1.318662,-1.399703,-1.082660,-1.759094,-1.962397,-3.179724,0.153427,0.850827,-0.843639,1.893360,1.018911,1.840033,-0.596857,-0.693367,2.173809,1,0,1.0000,1.0000,1,1,0,0,0.0000,0.0000,,,,,7465,8091,836,256,5489,6891,1976,1200,0,0,0.55305,0.09485,0
1786018561.5029,B_right_diagonal_up_left_down_right,B,right,0,,,873,151.1000,345.7000,1.0000,192.4000,152.6000,0.0000,360.0000,339.2000,76.3000,0.0000,125.8000,0.0000,195.0000,0.0000,-0.85300,-0.04600,0.41800,-1.97000,-1.40000,-0.00000,0.11100,0.07500,0.92500,-4.27000,-10.68000,-6.40000,10.2,1.8,0.0,1.0,0.885025,0.347038,1.093908,-0.248336,0.208308,1.318662,-0.089600,0.486000,0.869300,0.003200,0.133500,0.542300,0.828800,0.034500,0.730839,0.067811,1.281322,-0.248336,0.208308,1.318662,-1.400054,-1.083012,-1.758855,-1.962046,-3.179565,0.153779,0.851066,-0.843639,1.893360,1.018911,1.840033,-0.596857,-0.693367,2.173809,1,0,1.0000,1.0000,1,1,0,0,0.0000,0.0000,,,,,127005,8091,881,257,124724,6891,2281,1200,0,0,0.55305,0.09485,0
1786018561.5196,B_right_diagonal_up_left_down_right,B,right,0,,,874,151.2000,345.7000,130.4000,192.4000,152.8000,0.0000,360.0000,339.1000,76.5000,0.0000,125.6000,0.0000,196.1000,0.0000,-0.82600,-0.05600,0.38600,2.00000,-0.30000,4.07000,0.14300,0.09800,0.93900,0.32000,-8.58000,-9.53000,9.7,1.5,0.0,1.0,0.689437,0.345794,1.175716,-0.961179,0.416098,1.666607,-0.089600,0.486000,0.869300,0.003200,0.133500,0.542300,0.828800,0.034500,0.730839,0.067811,1.281322,-0.248336,0.208308,1.318662,-1.400435,-1.083394,-1.758596,-1.961664,-3.179393,0.154161,0.851326,-0.843639,1.893360,1.018911,1.840033,-0.596857,-0.693367,2.173809,1,0,1.0000,1.0000,1,1,0,0,0.0000,0.0000,,,,,7465,124596,836,285,5489,123334,1976,1260,0,2,0.55305,0.09485,0
1786018561.5442,B_right_diagonal_up_left_down_right,B,right,0,,,875,151.2000,345.7000,130.4000,192.4000,153.0000,0.0000,360.0000,339.1000,76.5000,0.0000,125.6000,0.0000,196.3000,0.0000,-0.82000,-0.06600,0.38500,3.22000,-0.33000,4.52000,0.13400,0.10700,0.94900,1.08000,-7.11000,-10.27000,10.3,0.8,0.0,1.0,0.745191,0.038818,1.294814,0.046085,0.205566,1.229157,-0.089600,0.486000,0.869300,0.003200,0.133500,0.542300,0.828800,0.034500,0.730839,0.067811,1.281322,-0.248336,0.208308,1.318662,-1.400760,-1.083719,-1.758375,-1.961340,-3.179246,0.154486,0.851546,-0.843639,1.893360,1.018911,1.840033,-0.596857,-0.693367,2.173809,1,0,1.0000,1.0000,1,1,0,0,0.0000,0.0000,,,,,127006,124596,881,285,124724,123334,2282,1260,0,2,0.55525,0.09485,0
1786018561.5632,B_right_diagonal_up_left_down_right,B,right,0,,,876,151.2000,345.7000,130.4000,192.4000,153.0000,0.0000,360.0000,339.1000,76.5000,0.0000,125.6000,0.0000,196.3000,0.0000,-0.82000,-0.06600,0.38500,3.22000,-0.33000,4.52000,0.13400,0.10700,0.94900,1.08000,-7.11000,-10.27000,10.3,0.8,0.0,1.0,0.745191,0.038818,1.294814,0.046085,0.205566,1.229157,-0.089600,0.486000,0.869300,0.003200,0.133500,0.542300,0.828800,0.034500,0.730839,0.067811,1.281322,-0.248336,0.208308,1.318662,-1.400760,-1.083719,-1.758375,-1.961340,-3.179246,0.154486,0.851546,-0.843639,1.893360,1.018911,1.840033,-0.596857,-0.693367,2.173809,1,0,1.0000,1.0000,1,1,0,0,0.0000,0.0000,,,,,127006,124596,881,285,124724,123334,2282,1260,0,2,0.55525,0.09485,0
1786018561.5863,B_right_diagonal_up_left_down_right,B,right,0,,,877,151.2000,345.7000,130.4000,192.4000,153.2000,0.0000,360.0000,339.2000,76.5000,0.0000,125.6000,0.0000,196.9000,0.0000,-0.82100,-0.06700,0.38400,4.69000,-0.44000,4.73000,0.13100,0.11300,0.90100,-3.36000,-4.38000,-4.02000,10.7,0.6,0.0,1.0,0.690370,0.345774,1.175871,0.046085,0.205566,1.229157,-0.089600,0.486000,0.869300,0.003200,0.133500,0.542300,0.828800,0.034500,0.720799,0.084874,1.274561,-0.248336,0.208308,1.318662,-1.401074,-1.084034,-1.758162,-1.961026,-3.179104,0.154800,0.851760,-0.843639,1.893360,1.018911,1.840033,-0.596857,-0.693367,2.173809,1,0,1.0000,1.0000,1,1,0,0,0.0000,0.0000,,,,,127006,124596,881,285,124724,123334,2282,1260,0,2,0.55525,0.09485,0
1786018561.6032,B_right_diagonal_up_left_down_right,B,right,0,,,878,151.2000,345.6000,130.5000,192.2000,154.2000,0.0000,360.0000,339.2000,76.5000,0.0000,125.6000,0.0000,196.9000,0.0000,-0.84700,-0.05400,0.39800,8.31000,2.85000,4.17000,0.13100,0.11300,0.90100,-3.36000,-4.38000,-4.02000,10.1,0.7,0.0,1.0,0.746395,0.038791,1.294800,0.046085,0.205566,1.229157,-0.089600,0.486000,0.869300,0.003200,0.133500,0.542300,0.828800,0.034500,0.720799,0.084874,1.274561,-0.248336,0.208308,1.318662,-1.401423,-1.084384,-1.757924,-1.960676,-3.178946,0.155150,0.851998,-0.843639,1.893360,1.018911,1.840033,-0.596857,-0.693367,2.173809,1,0,1.0000,1.0000,1,1,0,0,0.0000,0.0000,,,,,127006,8091,881,257,124724,6891,2282,1200,0,0,0.55525,0.09485,0
1786018561.6440,B_right_diagonal_up_left_down_right,B,right,0,,,879,151.2000,345.6000,130.5000,192.2000,153.9000,0.0000,360.0000,339.2000,76.2000,0.0000,125.3000,0.0000,196.9000,0.0000,-0.84600,-0.05300,0.39700,7.82000,1.77000,4.96000,0.14700,0.09400,0.94700,-0.63000,-8.16000,-10.64000,9.5,2.0,0.0,1.0,0.887146,0.346991,1.094264,0.046085,0.205566,1.229157,-0.089600,0.486000,0.869300,0.003200,0.133500,0.542300,0.828800,0.034500,0.720799,0.084874,1.274561,-0.248336,0.208308,1.318662,-1.402226,-1.085188,-1.757378,-1.959873,-3.178584,0.155953,0.852544,-0.843639,1.893360,1.018911,1.840033,-0.596857,-0.693367,2.173809,1,0,1.0000,1.0000,1,1,0,0,0.0000,0.0000,,,,,127006,8091,881,257,124724,6891,2282,1200,0,0,0.55525,0.09485,0
1786018561.6447,B_right_diagonal_up_left_down_right,B,right,0,,,880,151.2000,345.6000,130.5000,192.2000,153.9000,0.0000,360.0000,339.2000,76.2000,0.0000,125.3000,0.0000,196.9000,0.0000,-0.84600,-0.05300,0.39700,7.82000,1.77000,4.96000,0.14700,0.09400,0.94700,-0.63000,-8.16000,-10.64000,9.5,2.0,0.0,1.0,0.887146,0.346991,1.094264,0.046085,0.205566,1.229157,-0.089600,0.486000,0.869300,0.003200,0.133500,0.542300,0.828800,0.034500,0.720799,0.084874,1.274561,-0.248336,0.208308,1.318662,-1.402226,-1.085188,-1.757378,-1.959873,-3.178584,0.155953,0.852544,-0.843639,1.893360,1.018911,1.840033,-0.596857,-0.693367,2.173809,1,0,1.0000,1.0000,1,1,0,0,0.0000,0.0000,,,,,127006,8091,881,257,124724,6891,2282,1200,0,0,0.55525,0.09485,0
1786018561.6942,B_right_diagonal_up_left_down_right,B,right,0,,,881,151.2000,345.7000,130.5000,192.4000,149.9000,0.0000,360.0000,339.2000,76.2000,0.0000,125.3000,0.0000,196.9000,0.0000,-0.83200,-0.04400,0.44600,2.73000,2.58000,-2.11000,0.14700,0.09400,0.94700,-0.63000,-8.16000,-10.64000,9.9,1.9,0.0,1.0,0.743482,0.038909,1.294175,0.046085,0.205566,1.229157,-0.089600,0.486000,0.869300,0.003200,0.133500,0.542300,0.828800,0.034500,0.710196,0.099703,1.269374,-0.248336,0.208308,1.318662,-1.404196,-1.087162,-1.756038,-1.957903,-3.177693,0.157925,0.853884,-0.843639,1.893360,1.018911,1.840033,-0.596857,-0.693367,2.173809,1,0,1.0000,1.0000,1,1,0,0,0.0000,0.0000,,,,,127006,124596,881,285,124724,123334,2282,1260,0,2,0.55525,0.09485,0
1786018561.7126,B_right_diagonal_up_left_down_right,B,right,0,,,882,151.2000,345.7000,130.5000,192.4000,149.9000,0.0000,360.0000,339.2000,76.2000,0.0000,125.3000,0.0000,196.9000,0.0000,-0.83200,-0.04400,0.44600,2.73000,2.58000,-2.11000,0.14700,0.09400,0.94700,-0.63000,-8.16000,-10.64000,9.3,2.0,0.0,1.0,0.743482,0.038909,1.294175,0.046085,0.205566,1.229157,-0.089600,0.486000,0.869300,0.003200,0.133500,0.542300,0.828800,0.034500,0.696278,0.116268,1.264367,-0.248336,0.208308,1.318662,-1.405236,-1.088205,-1.755331,-1.956862,-3.177223,0.158967,0.854592,-0.843639,1.893360,1.018911,1.840033,-0.596857,-0.693367,2.173809,1,0,1.0000,1.0000,1,1,0,0,0.0000,0.0000,,,,,7465,124596,837,285,5489,123334,1976,1260,0,2,0.55305,0.09485,0
1786018561.7325,B_right_diagonal_up_left_down_right,B,right,0,,,883,151.2000,345.7000,130.5000,192.4000,149.9000,0.0000,360.0000,339.2000,76.2000,0.0000,125.3000,0.0000,196.9000,0.0000,-0.83200,-0.04400,0.44600,2.73000,2.58000,-2.11000,0.14700,0.09400,0.94700,-0.63000,-8.16000,-10.64000,9.3,2.0,0.0,1.0,0.744196,0.038891,1.294147,0.046085,0.205566,1.229157,-0.089600,0.486000,0.869300,0.003200,0.133500,0.542300,0.828800,0.034500,0.696278,0.116268,1.264367,-0.248336,0.208308,1.318662,-1.405579,-1.088549,-1.755097,-1.956518,-3.177067,0.159310,0.854825,-0.843639,1.893360,1.018911,1.840033,-0.596857,-0.693367,2.173809,1,0,1.0000,1.0000,1,1,0,0,0.0000,0.0000,,,,,127006,8091,881,257,124724,6891,2282,1200,0,0,0.55525,0.09485,0
1786018561.7346,B_right_diagonal_up_left_down_right,B,right,0,,,884,151.2000,345.7000,130.5000,192.4000,149.9000,0.0000,360.0000,339.2000,76.2000,0.0000,125.3000,0.0000,196.9000,0.0000,-0.83200,-0.04400,0.44600,2.73000,2.58000,-2.11000,0.14700,0.09400,0.94700,-0.63000,-8.16000,-10.64000,9.3,2.0,0.0,1.0,0.744196,0.038891,1.294147,0.046085,0.205566,1.229157,-0.089600,0.486000,0.869300,0.003200,0.133500,0.542300,0.828800,0.034500,0.696278,0.116268,1.264367,-0.248336,0.208308,1.318662,-1.405579,-1.088549,-1.755097,-1.956518,-3.177067,0.159310,0.854825,-0.843639,1.893360,1.018911,1.840033,-0.596857,-0.693367,2.173809,1,0,1.0000,1.0000,1,1,0,0,0.0000,0.0000,,,,,127006,8091,881,257,124724,6891,2282,1200,0,0,0.55525,0.09485,0
1786018561.7755,B_right_diagonal_up_left_down_right,B,right,0,,,885,151.2000,345.7000,130.5000,192.4000,151.9000,0.0000,360.0000,338.7000,76.2000,0.0000,124.3000,0.0000,197.1000,0.0000,-0.84500,-0.05300,0.41100,1.93000,2.89000,3.47000,0.15500,0.13800,0.92100,0.89000,-3.63000,-5.67000,9.9,1.1,0.0,1.0,0.688962,0.345847,1.177859,0.046085,0.205566,1.229157,-0.089600,0.486000,0.869300,0.003200,0.133500,0.542300,0.828800,0.034500,0.696278,0.116268,1.264367,-0.248336,0.208308,1.318662,-1.406620,-1.089592,-1.754389,-1.955477,-3.176597,0.160352,0.855533,-0.843639,1.893360,1.018911,1.840033,-0.596857,-0.693367,2.173809,1,0,1.0000,1.0000,1,1,0,0,0.0000,0.0000,,,,,127006,124596,881,285,124724,123334,2282,1260,0,2,0.55525,0.09485,0
1786018561.7874,B_right_diagonal_up_left_down_right,B,right,0,,,886,151.2000,345.7000,130.5000,192.4000,152.3000,0.0000,360.0000,338.7000,76.2000,0.0000,124.3000,0.0000,197.1000,0.0000,-0.83900,-0.05600,0.40500,2.02000,3.50000,2.98000,0.15500,0.13800,0.92100,0.89000,-3.63000,-5.67000,9.9,1.1,0.0,1.0,0.887952,0.346982,1.094362,0.046085,0.205566,1.229157,-0.089600,0.486000,0.869300,0.003200,0.133500,0.542300,0.828800,0.034500,0.680015,0.132890,1.260217,-0.248336,0.208308,1.318662,-1.406620,-1.089592,-1.754389,-1.955477,-3.176597,0.160352,0.855533,-0.843639,1.893360,1.018911,1.840033,-0.596857,-0.693367,2.173809,1,0,1.0000,1.0000,1,1,0,0,0.0000,0.0000,,,,,127006,124596,881,285,124724,123334,2282,1260,0,2,0.55525,0.09485,0
1786018561.7880,B_right_diagonal_up_left_down_right,B,right,0,,,887,151.2000,345.7000,130.5000,192.4000,152.3000,0.0000,360.0000,338.7000,76.2000,0.0000,124.3000,0.0000,197.1000,0.0000,-0.83900,-0.05600,0.40500,2.02000,3.50000,2.98000,0.15500,0.13800,0.92100,0.89000,-3.63000,-5.67000,9.9,1.1,0.0,1.0,0.887952,0.346982,1.094362,0.046085,0.205566,1.229157,-0.089600,0.486000,0.869300,0.003200,0.133500,0.542300,0.828800,0.034500,0.680015,0.132890,1.260217,-0.248336,0.208308,1.318662,-1.406620,-1.089592,-1.754389,-1.955477,-3.176597,0.160352,0.855533,-0.843639,1.893360,1.018911,1.840033,-0.596857,-0.693367,2.173809,1,0,1.0000,1.0000,1,1,0,0,0.0000,0.0000,,,,,127006,124596,881,285,124724,123334,2282,1260,0,2,0.55525,0.09485,0
1786018561.8088,B_right_diagonal_up_left_down_right,B,right,0,,,888,151.2000,345.7000,130.5000,192.4000,152.3000,0.0000,360.0000,338.7000,76.2000,0.0000,124.3000,0.0000,197.1000,0.0000,-0.83900,-0.05600,0.40500,2.02000,3.50000,2.98000,0.15500,0.13800,0.92100,0.89000,-3.63000,-5.67000,9.9,1.1,0.0,1.0,0.887952,0.346982,1.094362,0.046085,0.205566,1.229157,-0.089600,0.486000,0.869300,0.003200,0.133500,0.542300,0.828800,0.034500,0.680015,0.132890,1.260217,-0.248336,0.208308,1.318662,-1.406620,-1.089592,-1.754389,-1.955477,-3.176597,0.160352,0.855533,-0.843639,1.893360,1.018911,1.840033,-0.596857,-0.693367,2.173809,1,0,1.0000,1.0000,1,1,0,0,0.0000,0.0000,,,,,7465,124596,837,285,5489,123334,1976,1260,0,2,0.55305,0.09485,0
1786018561.8191,B_right_diagonal_up_left_down_right,B,right,0,,,889,151.2000,345.7000,130.5000,192.4000,153.0000,0.0000,360.0000,338.6000,76.2000,0.0000,124.2000,0.0000,197.1000,0.0000,-0.84400,-0.05900,0.40400,1.65000,3.68000,2.98000,0.15000,0.13600,0.92500,0.24000,-3.60000,-4.39000,8.8,0.6,0.0,1.0,0.887952,0.346982,1.094362,-0.961179,0.416098,1.666607,-0.089600,0.486000,0.869300,0.003200,0.133500,0.542300,0.828800,0.034500,0.680015,0.132890,1.260217,-0.248336,0.208308,1.318662,-1.409061,-1.092038,-1.752729,-1.953036,-3.175494,0.162795,0.857194,-0.843639,1.893360,1.018911,1.840033,-0.596857,-0.693367,2.173809,1,0,1.0000,1.0000,1,1,0,0,0.0000,0.0000,,,,,127006,124596,881,286,124724,123334,2282,1260,0,2,0.55525,0.09485,0
1786018561.8450,B_right_diagonal_up_left_down_right,B,right,0,,,890,151.2000,345.7000,130.5000,192.4000,153.0000,0.0000,360.0000,338.6000,76.2000,0.0000,124.2000,0.0000,197.1000,0.0000,-0.84400,-0.05900,0.40400,1.65000,3.68000,2.98000,0.15000,0.13600,0.92500,0.24000,-3.60000,-4.39000,8.8,0.6,0.0,1.0,0.887952,0.346982,1.094362,-0.961179,0.416098,1.666607,-0.089600,0.486000,0.869300,0.003200,0.133500,0.542300,0.828800,0.034500,0.661404,0.149380,1.257021,-0.248336,0.208308,1.318662,-1.409480,-1.092459,-1.752444,-1.952616,-3.175304,0.163216,0.857479,-0.843639,1.893360,1.018911,1.840033,-0.596857,-0.693367,2.173809,1,0,1.0000,1.0000,1,1,0,0,0.0000,0.0000,,,,,7465,8091,837,258,5489,6891,1976,1200,0,0,0.55305,0.09485,0
1786018561.8616,B_right_diagonal_up_left_down_right,B,right,0,,,891,151.2000,345.7000,130.5000,192.4000,153.0000,0.0000,360.0000,338.6000,76.2000,0.0000,124.2000,0.0000,197.1000,0.0000,-0.84400,-0.05900,0.40400,1.65000,3.68000,2.98000,0.15000,0.13600,0.92500,0.24000,-3.60000,-4.39000,8.8,0.6,0.0,1.0,0.887952,0.346982,1.094362,-0.961179,0.416098,1.666607,-0.089600,0.486000,0.869300,0.003200,0.133500,0.542300,0.828800,0.034500,0.661404,0.149380,1.257021,-0.248336,0.208308,1.318662,-1.410431,-1.093412,-1.751797,-1.951665,-3.174874,0.164168,0.858126,-0.843639,1.893360,1.018911,1.840033,-0.596857,-0.693367,2.173809,1,0,1.0000,1.0000,1,1,0,0,0.0000,0.0000,,,,,127006,124596,881,286,124724,123334,2282,1260,0,2,0.55525,0.09485,0
1786018561.8805,B_right_diagonal_up_left_down_right,B,right,0,,,892,151.2000,345.7000,130.5000,192.4000,153.0000,0.0000,360.0000,338.6000,76.2000,0.0000,124.2000,0.0000,197.1000,0.0000,-0.84400,-0.05900,0.40400,1.65000,3.68000,2.98000,0.15000,0.13600,0.92500,0.24000,-3.60000,-4.39000,8.8,0.6,0.0,1.0,0.887952,0.346982,1.094362,-0.961179,0.416098,1.666607,-0.089600,0.486000,0.869300,0.003200,0.133500,0.542300,0.828800,0.034500,0.661404,0.149380,1.257021,-0.248336,0.208308,1.318662,-1.411241,-1.094223,-1.751246,-1.950855,-3.174508,0.164978,0.858677,-0.843639,1.893360,1.018911,1.840033,-0.596857,-0.693367,2.173809,1,0,1.0000,1.0000,1,1,0,0,0.0000,0.0000,,,,,127006,124596,882,286,124724,123334,2282,1260,0,2,0.55525,0.09485,0
1786018561.9104,B_right_diagonal_up_left_down_right,B,right,0,,,893,151.2000,345.7000,130.5000,192.4000,153.0000,0.0000,360.0000,338.6000,76.2000,0.0000,124.2000,0.0000,197.1000,0.0000,-0.84400,-0.05900,0.40400,1.65000,3.68000,2.98000,0.15000,0.13600,0.92500,0.24000,-3.60000,-4.39000,8.8,0.6,0.0,1.0,0.887952,0.346982,1.094362,-0.961179,0.416098,1.666607,-0.089600,0.486000,0.869300,0.003200,0.133500,0.542300,0.828800,0.034500,0.640786,0.165289,1.254882,-0.248336,0.208308,1.318662,-1.411874,-1.094858,-1.750815,-1.950221,-3.174222,0.165612,0.859108,-0.843639,1.893360,1.018911,1.840033,-0.596857,-0.693367,2.173809,1,0,1.0000,1.0000,1,1,0,0,0.0000,0.0000,,,,,127006,124596,882,286,124724,123334,2282,1260,0,2,0.55525,0.09485,0
1786018561.9307,B_right_diagonal_up_left_down_right,B,right,0,,,894,151.4000,345.7000,130.4000,192.5000,154.2000,0.0000,360.0000,336.4000,76.1000,0.0000,123.8000,0.0000,196.4000,0.0000,-0.84000,-0.04500,0.40200,5.24000,3.47000,4.50000,0.13300,0.11400,0.92000,1.50000,-8.00000,4.00000,10.2,2.1,0.0,1.0,0.689727,0.345871,1.177301,-0.961179,0.416098,1.666607,-0.089600,0.486000,0.869300,0.003200,0.133500,0.542300,0.828800,0.034500,0.640786,0.165289,1.254882,-0.248336,0.208308,1.318662,-1.412520,-1.095505,-1.750376,-1.949575,-3.173930,0.166259,0.859547,-0.843639,1.893360,1.018911,1.840033,-0.596857,-0.693367,2.173809,1,0,1.0000,1.0000,1,1,0,0,0.0000,0.0000,,,,,7465,124596,838,286,5489,123334,1976,1260,0,2,0.55305,0.09485,0
1786018561.9437,B_right_diagonal_up_left_down_right,B,right,0,,,895,151.2000,345.7000,130.4000,192.5000,153.7000,0.0000,360.0000,336.4000,76.1000,0.0000,123.8000,0.0000,196.4000,0.0000,-0.83900,-0.04100,0.41700,3.50000,5.34000,4.68000,0.13300,0.11400,0.92000,1.50000,-8.00000,4.00000,10.2,2.1,0.0,1.0,0.887754,0.347004,1.094288,-0.961179,0.416098,1.666607,-0.089600,0.486000,0.869300,0.003200,0.133500,0.542300,0.828800,0.034500,0.640786,0.165289,1.254882,-0.248336,0.208308,1.318662,-1.412864,-1.095850,-1.750142,-1.949231,-3.173774,0.166604,0.859782,-0.843639,1.893360,1.018911,1.840033,-0.596857,-0.693367,2.173809,1,0,1.0000,1.0000,1,1,0,0,0.0000,0.0000,,,,,127006,8091,882,258,124724,6891,2282,1200,0,0,0.55525,0.09485,0
1786018561.9626,B_right_diagonal_up_left_down_right,B,right,0,,,896,151.2000,345.7000,130.4000,192.5000,153.7000,0.0000,360.0000,336.4000,76.1000,0.0000,123.8000,0.0000,196.4000,0.0000,-0.83900,-0.04100,0.41700,3.50000,5.34000,4.68000,0.13300,0.11400,0.92000,1.50000,-8.00000,4.00000,10.6,1.9,0.0,1.0,0.887754,0.347004,1.094288,-0.961179,0.416098,1.666607,-0.089600,0.486000,0.869300,0.003200,0.133500,0.542300,0.828800,0.034500,0.640786,0.165289,1.254882,-0.248336,0.208308,1.318662,-1.413235,-1.096221,-1.749890,-1.948860,-3.173607,0.166974,0.860033,-0.843639,1.893360,1.018911,1.840033,-0.596857,-0.693367,2.173809,1,0,1.0000,1.0000,1,1,0,0,0.0000,0.0000,,,,,127006,124596,882,286,124724,123334,2282,1260,0,2,0.55525,0.09485,0
1786018562.0146,B_right_diagonal_up_left_down_right,B,right,0,,,897,151.2000,345.7000,130.4000,192.5000,53.0000,0.0000,360.0000,335.8000,76.2000,0.0000,123.3000,0.0000,196.4000,0.0000,-0.82900,-0.04800,0.43400,1.82000,4.21000,4.19000,0.19600,0.11700,0.92000,6.62000,-8.79000,-4.59000,10.4,2.1,0.0,1.0,0.885858,0.347084,1.093972,0.046085,0.205566,1.229157,-0.089600,0.486000,0.869300,0.003200,0.133500,0.542300,0.828800,0.034500,0.617146,0.181134,1.253788,-0.248336,0.208308,1.318662,-1.438630,-1.121103,-1.733444,-1.923464,-3.162711,0.192371,0.876566,-0.843639,1.893360,1.018911,1.840033,-0.596857,-0.693367,2.173809,1,0,1.0000,1.0000,1,1,0,0,0.0000,0.0000,,,,,7465,8091,838,258,5489,6891,1976,1200,0,0,0.55305,0.09485,0
1786018562.0156,B_right_diagonal_up_left_down_right,B,right,0,,,898,151.2000,345.7000,130.4000,192.5000,53.0000,0.0000,360.0000,335.8000,76.2000,0.0000,123.3000,0.0000,196.4000,0.0000,-0.82900,-0.04800,0.43400,1.82000,4.21000,4.19000,0.19600,0.11700,0.92000,6.62000,-8.79000,-4.59000,10.4,2.1,0.0,1.0,0.885858,0.347084,1.093972,0.046085,0.205566,1.229157,-0.089600,0.486000,0.869300,0.003200,0.133500,0.542300,0.828800,0.034500,0.617146,0.181134,1.253788,-0.248336,0.208308,1.318662,-1.438630,-1.121103,-1.733444,-1.923464,-3.162711,0.192371,0.876566,-0.843639,1.893360,1.018911,1.840033,-0.596857,-0.693367,2.173809,1,0,1.0000,1.0000,1,1,0,0,0.0000,0.0000,,,,,7465,8091,838,258,5489,6891,1976,1200,0,0,0.55305,0.09485,0
1786018562.0227,B_right_diagonal_up_left_down_right,B,right,0,,,899,151.2000,345.7000,130.4000,192.5000,53.0000,0.0000,360.0000,335.8000,76.2000,0.0000,123.3000,0.0000,196.4000,0.0000,-0.82900,-0.04800,0.43400,1.82000,4.21000,4.19000,0.19600,0.11700,0.92000,6.62000,-8.79000,-4.59000,10.3,2.3,0.0,1.0,0.885858,0.347084,1.093972,0.046085,0.205566,1.229157,-0.089600,0.486000,0.869300,0.003200,0.133500,0.542300,0.828800,0.034500,0.617146,0.181134,1.253788,-0.248336,0.208308,1.318662,-1.451071,-1.133277,-1.725410,-1.911023,-3.157390,0.204812,0.884645,-0.843639,1.893360,1.018911,1.840033,-0.596857,-0.693367,2.173809,1,0,1.0000,1.0000,1,1,0,0,0.0000,0.0000,,,,,7465,124596,838,287,5489,123334,1976,1260,0,2,0.55305,0.09485,0
1786018562.0482,B_right_diagonal_up_left_down_right,B,right,0,,,900,151.2000,345.7000,130.4000,192.5000,53.0000,0.0000,360.0000,335.8000,76.2000,0.0000,123.3000,0.0000,196.4000,0.0000,-0.82900,-0.04800,0.43400,1.82000,4.21000,4.19000,0.19600,0.11700,0.92000,6.62000,-8.79000,-4.59000,10.3,2.3,0.0,1.0,0.885858,0.347084,1.093972,0.046085,0.205566,1.229157,-0.089600,0.486000,0.869300,0.003200,0.133500,0.542300,0.828800,0.034500,0.617146,0.181134,1.253788,-0.248336,0.208308,1.318662,-1.456278,-1.138371,-1.722048,-1.905817,-3.155163,0.210019,0.888026,-0.843639,1.893360,1.018911,1.840033,-0.596857,-0.693367,2.173809,1,0,1.0000,1.0000,1,1,0,0,0.0000,0.0000,,,,,7465,8091,838,258,5489,6891,1976,1200,0,0,0.55305,0.09485,0
1786018562.0659,B_right_diagonal_up_left_down_right,B,right,0,,,901,151.2000,345.7000,130.4000,192.5000,53.0000,0.0000,360.0000,335.8000,76.2000,0.0000,123.3000,0.0000,196.4000,0.0000,-0.82900,-0.04800,0.43400,1.82000,4.21000,4.19000,0.19600,0.11700,0.92000,6.62000,-8.79000,-4.59000,10.3,2.3,0.0,1.0,0.885858,0.347084,1.093972,0.046085,0.205566,1.229157,-0.089600,0.486000,0.869300,0.003200,0.133500,0.542300,0.828800,0.034500,0.614742,0.194024,1.257529,-0.248336,0.208308,1.318662,-1.463762,-1.145695,-1.717215,-1.898333,-3.151962,0.217503,0.892885,-0.843639,1.893360,1.018911,1.840033,-0.596857,-0.693367,2.173809,1,0,1.0000,1.0000,1,1,0,0,0.0000,0.0000,,,,,127006,124596,882,287,124724,123334,2282,1260,0,2,0.55525,0.09485,0
1786018562.0957,B_right_diagonal_up_left_down_right,B,right,0,,,902,151.2000,345.7000,130.4000,192.5000,153.6000,0.0000,360.0000,335.8000,76.2000,0.0000,123.3000,0.0000,196.4000,0.0000,-0.86500,-0.03900,0.40300,-0.81000,2.80000,3.84000,0.19600,0.11700,0.92000,6.62000,-8.79000,-4.59000,11.0,1.9,0.0,1.0,0.691201,0.345804,1.177081,0.046085,0.205566,1.229157,-0.089600,0.486000,0.869300,0.003200,0.133500,0.542300,0.828800,0.034500,0.614742,0.194024,1.257529,-0.248336,0.208308,1.318662,-1.500162,-1.181313,-1.693709,-1.861932,-3.136393,0.253903,0.916522,-0.843639,1.893360,1.018911,1.840033,-0.596857,-0.693367,2.173809,1,0,1.0000,1.0000,1,1,0,0,0.0000,0.0000,,,,,7466,8091,838,259,5489,6891,1977,1200,0,0,0.46409,0.09485,0
1786018562.1016,B_right_diagonal_up_left_down_right,B,right,0,,,903,151.2000,345.7000,130.4000,192.5000,153.6000,0.0000,360.0000,335.8000,76.2000,0.0000,123.3000,0.0000,196.4000,0.0000,-0.86500,-0.03900,0.40300,-0.81000,2.80000,3.84000,0.19600,0.11700,0.92000,6.62000,-8.79000,-4.59000,11.0,1.9,0.0,1.0,0.691201,0.345804,1.177081,0.046085,0.205566,1.229157,-0.089600,0.486000,0.869300,0.003200,0.133500,0.542300,0.828800,0.034500,0.614742,0.194024,1.257529,-0.248336,0.208308,1.318662,-1.500162,-1.181313,-1.693709,-1.861932,-3.136393,0.253903,0.916522,-0.843639,1.893360,1.018911,1.840033,-0.596857,-0.693367,2.173809,1,0,1.0000,1.0000,1,1,0,0,0.0000,0.0000,,,,,7466,8091,838,259,5489,6891,1977,1200,0,0,0.46409,0.09485,0
1786018562.1263,B_right_diagonal_up_left_down_right,B,right,0,,,904,151.2000,345.7000,130.4000,192.5000,153.6000,0.0000,360.0000,335.8000,76.2000,0.0000,123.3000,0.0000,196.4000,0.0000,-0.86500,-0.03900,0.40300,-0.81000,2.80000,3.84000,0.19600,0.11700,0.92000,6.62000,-8.79000,-4.59000,11.0,1.9,0.0,1.0,0.691201,0.345804,1.177081,0.046085,0.205566,1.229157,-0.089600,0.486000,0.869300,0.003200,0.133500,0.542300,0.828800,0.034500,0.614742,0.194024,1.257529,-0.248336,0.208308,1.318662,-1.510096,-1.191033,-1.687294,-1.851999,-3.132144,0.263837,0.922972,-0.843639,1.893360,1.018911,1.840033,-0.596857,-0.693367,2.173809,1,0,1.0000,1.0000,1,1,0,0,0.0000,0.0000,,,,,7466,124596,838,287,5489,123334,1977,1260,0,2,0.46409,0.09485,0
1786018562.1480,B_right_diagonal_up_left_down_right,B,right,0,,,905,151.2000,345.7000,130.4000,192.5000,153.6000,0.0000,360.0000,335.8000,76.2000,0.0000,123.3000,0.0000,196.4000,0.0000,-0.86500,-0.03900,0.40300,-0.81000,2.80000,3.84000,0.19600,0.11700,0.92000,6.62000,-8.79000,-4.59000,10.3,2.0,0.0,1.0,0.691201,0.345804,1.177081,0.046085,0.205566,1.229157,-0.089600,0.486000,0.869300,0.003200,0.133500,0.542300,0.828800,0.034500,0.615571,0.206993,1.262451,-0.248336,0.208308,1.318662,-1.540114,-1.220405,-1.667910,-1.821981,-3.119305,0.293854,0.942464,-0.843639,1.893360,1.018911,1.840033,-0.596857,-0.693367,2.173809,1,0,1.0000,1.0000,1,1,0,0,0.0000,0.0000,,,,,7466,124596,838,287,5489,123334,1977,1260,0,2,0.46409,0.09485,0
1786018562.1615,B_right_diagonal_up_left_down_right,B,right,0,,,906,151.2000,345.7000,130.4000,192.5000,153.6000,0.0000,360.0000,335.8000,76.2000,0.0000,123.3000,0.0000,196.4000,0.0000,-0.86500,-0.03900,0.40300,-0.81000,2.80000,3.84000,0.19600,0.11700,0.92000,6.62000,-8.79000,-4.59000,10.3,2.0,0.0,1.0,0.691201,0.345804,1.177081,0.046085,0.205566,1.229157,-0.089600,0.486000,0.869300,0.003200,0.133500,0.542300,0.828800,0.034500,0.615571,0.206993,1.262451,-0.248336,0.208308,1.318662,-1.553382,-1.233388,-1.659342,-1.808713,-3.113630,0.307122,0.951080,-0.843639,1.893360,1.018911,1.840033,-0.596857,-0.693367,2.173809,1,0,1.0000,1.0000,1,1,0,0,0.0000,0.0000,,,,,7466,124596,838,287,5489,123334,1977,1260,0,2,0.46409,0.09485,0
1786018562.1998,B_right_diagonal_up_left_down_right,B,right,0,,,907,151.2000,345.7000,130.4000,192.5000,153.6000,0.0000,360.0000,335.8000,76.2000,0.0000,123.3000,0.0000,196.4000,0.0000,-0.86500,-0.03900,0.40300,-0.81000,2.80000,3.84000,0.19600,0.11700,0.92000,6.62000,-8.79000,-4.59000,10.3,2.0,0.0,1.0,0.691201,0.345804,1.177081,0.046085,0.205566,1.229157,-0.089600,0.486000,0.869300,0.003200,0.133500,0.542300,0.828800,0.034500,0.615571,0.206993,1.262451,-0.248336,0.208308,1.318662,-1.558678,-1.238570,-1.655922,-1.803417,-3.111365,0.312418,0.954518,-0.843639,1.893360,1.018911,1.840033,-0.596857,-0.693367,2.173809,1,0,1.0000,1.0000,1,1,0,0,0.0000,0.0000,,,,,127007,8092,882,259,124724,6892,2283,1200,0,0,0.46409,0.09485,0
1786018562.2093,B_right_diagonal_up_left_down_right,B,right,0,,,908,151.2000,345.7000,130.4000,192.5000,153.6000,0.0000,360.0000,335.8000,76.2000,0.0000,123.3000,0.0000,196.4000,0.0000,-0.86500,-0.03900,0.40300,-0.81000,2.80000,3.84000,0.19600,0.11700,0.92000,6.62000,-8.79000,-4.59000,10.3,2.0,0.0,1.0,0.691201,0.345804,1.177081,0.046085,0.205566,1.229157,-0.089600,0.486000,0.869300,0.003200,0.133500,0.542300,0.828800,0.034500,0.616196,0.219900,1.267799,-0.248336,0.208308,1.318662,-1.577398,-1.256888,-1.643834,-1.784697,-3.103358,0.331138,0.966674,-0.843639,1.893360,1.018911,1.840033,-0.596857,-0.693367,2.173809,1,0,1.0000,1.0000,1,1,0,0,0.0000,0.0000,,,,,127007,124596,882,288,124724,123334,2283,1260,0,2,0.46409,0.09485,0
1786018562.2240,B_right_diagonal_up_left_down_right,B,right,0,,,909,151.2000,345.7000,130.4000,192.5000,153.6000,0.0000,360.0000,335.8000,76.2000,0.0000,123.3000,0.0000,196.4000,0.0000,-0.86500,-0.03900,0.40300,-0.81000,2.80000,3.84000,0.19600,0.11700,0.92000,6.62000,-8.79000,-4.59000,10.3,2.0,0.0,1.0,0.691201,0.345804,1.177081,0.046085,0.205566,1.229157,-0.089600,0.486000,0.869300,0.003200,0.133500,0.542300,0.828800,0.034500,0.616196,0.219900,1.267799,-0.248336,0.208308,1.318662,-1.589703,-1.268928,-1.635888,-1.772392,-3.098095,0.343443,0.974664,-0.843639,1.893360,1.018911,1.840033,-0.596857,-0.693367,2.173809,1,0,1.0000,1.0000,1,1,0,0,0.0000,0.0000,,,,,127007,124596,882,288,124724,123334,2283,1260,0,2,0.46409,0.09485,0
1786018562.2434,B_right_diagonal_up_left_down_right,B,right,0,,,910,151.2000,345.7000,130.4000,192.5000,153.6000,0.0000,360.0000,335.8000,76.2000,0.0000,123.3000,0.0000,196.4000,0.0000,-0.86500,-0.03900,0.40300,-0.81000,2.80000,3.84000,0.19600,0.11700,0.92000,6.62000,-8.79000,-4.59000,10.3,2.0,0.0,1.0,0.691201,0.345804,1.177081,0.046085,0.205566,1.229157,-0.089600,0.486000,0.869300,0.003200,0.133500,0.542300,0.828800,0.034500,0.616196,0.219900,1.267799,-0.248336,0.208308,1.318662,-1.589703,-1.268928,-1.635888,-1.772392,-3.098095,0.343443,0.974664,-0.843639,1.893360,1.018911,1.840033,-0.596857,-0.693367,2.173809,1,0,1.0000,1.0000,1,1,0,0,0.0000,0.0000,,,,,127007,124596,882,288,124724,123334,2283,1260,0,2,0.46409,0.09485,0
1786018562.2717,B_right_diagonal_up_left_down_right,B,right,0,,,911,151.2000,345.7000,130.4000,192.5000,153.6000,0.0000,360.0000,335.8000,76.2000,0.0000,123.3000,0.0000,196.4000,0.0000,-0.86500,-0.03900,0.40300,-0.81000,2.80000,3.84000,0.19600,0.11700,0.92000,6.62000,-8.79000,-4.59000,10.3,2.0,0.0,1.0,0.691201,0.345804,1.177081,0.046085,0.205566,1.229157,-0.089600,0.486000,0.869300,0.003200,0.133500,0.542300,0.828800,0.034500,0.616606,0.232626,1.273529,-0.248336,0.208308,1.318662,-1.601932,-1.280895,-1.627990,-1.760162,-3.092864,0.355673,0.982606,-0.843639,1.893360,1.018911,1.840033,-0.596857,-0.693367,2.173809,1,0,1.0000,1.0000,1,1,0,0,0.0000,0.0000,,,,,127007,8092,882,259,124724,6892,2283,1200,0,0,0.46409,0.09485,0
1786018562.2834,B_right_diagonal_up_left_down_right,B,right,0,,,912,151.2000,345.7000,130.4000,192.5000,153.6000,0.0000,360.0000,334.9000,76.2000,0.0000,121.8000,0.0000,196.8000,0.0000,-0.86500,-0.03900,0.40300,-0.81000,2.80000,3.84000,0.20100,0.13600,0.92000,-2.66000,1.82000,-2.05000,9.8,1.1,0.0,1.0,0.691201,0.345804,1.177081,0.046085,0.205566,1.229157,-0.089600,0.486000,0.869300,0.003200,0.133500,0.542300,0.828800,0.034500,0.616606,0.232626,1.273529,-0.248336,0.208308,1.318662,-1.620750,-1.299308,-1.615839,-1.741345,-3.084816,0.374490,0.994825,-0.843639,1.893360,1.018911,1.840033,-0.596857,-0.693367,2.173809,1,0,1.0000,1.0000,1,1,0,0,0.0000,0.0000,,,,,127007,124596,882,288,124724,123334,2283,1260,0,2,0.46409,0.09485,0
1786018562.3004,B_right_diagonal_up_left_down_right,B,right,0,,,913,151.2000,345.7000,130.4000,192.5000,153.6000,0.0000,360.0000,334.9000,76.2000,0.0000,121.8000,0.0000,196.8000,0.0000,-0.86500,-0.03900,0.40300,-0.81000,2.80000,3.84000,0.20100,0.13600,0.92000,-2.66000,1.82000,-2.05000,9.8,1.1,0.0,1.0,0.691201,0.345804,1.177081,0.046085,0.205566,1.229157,-0.089600,0.486000,0.869300,0.003200,0.133500,0.542300,0.828800,0.034500,0.616606,0.232626,1.273529,-0.248336,0.208308,1.318662,-1.636420,-1.314641,-1.605720,-1.725675,-3.078114,0.390160,1.005000,-0.843639,1.893360,1.018911,1.840033,-0.596857,-0.693367,2.173809,1,0,1.0000,1.0000,1,1,0,0,0.0000,0.0000,,,,,7466,8092,839,259,5489,6892,1977,1200,0,0,0.46409,0.09485,0
1786018562.3215,B_right_diagonal_up_left_down_right,B,right,0,,,914,151.2000,345.7000,130.4000,192.5000,153.6000,0.0000,360.0000,334.9000,76.2000,0.0000,121.8000,0.0000,196.8000,0.0000,-0.86500,-0.03900,0.40300,-0.81000,2.80000,3.84000,0.16700,0.15300,0.93100,-0.73000,3.83000,-1.52000,9.5,2.3,0.0,1.0,0.691201,0.345804,1.177081,0.046085,0.205566,1.229157,-0.089600,0.486000,0.869300,0.003200,0.133500,0.542300,0.828800,0.034500,0.616606,0.232626,1.273529,-0.248336,0.208308,1.318662,-1.648190,-1.326159,-1.598119,-1.713905,-3.073079,0.401930,1.012643,-0.843639,1.893360,1.018911,1.840033,-0.596857,-0.693367,2.173809,1,0,1.0000,1.0000,1,1,0,0,0.0000,0.0000,,,,,7466,8092,839,259,5489,6892,1977,1200,0,0,0.46409,0.09485,0
1786018562.3392,B_right_diagonal_up_left_down_right,B,right,0,,,915,151.2000,345.7000,130.4000,192.5000,153.6000,0.0000,360.0000,334.9000,76.2000,0.0000,121.8000,0.0000,196.8000,0.0000,-0.86500,-0.03900,0.40300,-0.81000,2.80000,3.84000,0.16700,0.15300,0.93100,-0.73000,3.83000,-1.52000,9.5,2.3,0.0,1.0,0.691201,0.345804,1.177081,0.046085,0.205566,1.229157,-0.089600,0.486000,0.869300,0.003200,0.133500,0.542300,0.828800,0.034500,0.616606,0.232626,1.273529,-0.248336,0.208308,1.318662,-1.653736,-1.331586,-1.594538,-1.708358,-3.070707,0.407477,1.016244,-0.843639,1.893360,1.018911,1.840033,-0.596857,-0.693367,2.173809,1,0,1.0000,1.0000,1,1,0,0,0.0000,0.0000,,,,,127007,124596,883,288,124724,123334,2283,1260,0,2,0.46409,0.09485,0
1786018562.3604,B_right_diagonal_up_left_down_right,B,right,0,,,916,151.2000,345.7000,130.4000,192.5000,153.6000,0.0000,360.0000,334.9000,76.2000,0.0000,121.8000,0.0000,196.8000,0.0000,-0.86500,-0.03900,0.40300,-0.81000,2.80000,3.84000,0.16700,0.15300,0.93100,-0.73000,3.83000,-1.52000,9.5,2.3,0.0,1.0,0.691201,0.345804,1.177081,0.046085,0.205566,1.229157,-0.089600,0.486000,0.869300,0.003200,0.133500,0.542300,0.828800,0.034500,0.616806,0.245983,1.280060,-0.248336,0.208308,1.318662,-1.653736,-1.331586,-1.594538,-1.708358,-3.070707,0.407477,1.016244,-0.843639,1.893360,1.018911,1.840033,-0.596857,-0.693367,2.173809,1,0,1.0000,1.0000,1,1,0,0,0.0000,0.0000,,,,,127007,124596,883,288,124724,123334,2283,1260,0,2,0.46409,0.09485,0
1786018562.3873,B_right_diagonal_up_left_down_right,B,right,0,,,917,151.2000,345.7000,130.4000,192.5000,147.7000,0.0000,360.0000,334.9000,76.2000,0.0000,121.8000,0.0000,196.8000,0.0000,-0.83700,-0.04000,0.45000,-2.33000,6.74000,5.13000,0.19300,0.13200,0.90300,-1.29000,4.61000,1.08000,10.3,0.9,0.0,1.0,0.883963,0.347161,1.093674,-0.248336,0.208308,1.318662,-0.089600,0.486000,0.869300,0.003200,0.133500,0.542300,0.828800,0.034500,0.616806,0.245983,1.280060,-0.248336,0.208308,1.318662,-1.684147,-1.361342,-1.574900,-1.677948,-3.057700,0.437887,1.035991,-0.843639,1.893360,1.018911,1.840033,-0.596857,-0.693367,2.173809,1,0,1.0000,1.0000,1,1,0,0,0.0000,0.0000,,,,,127007,124596,883,288,124724,123334,2283,1260,0,2,0.46409,0.09485,0
1786018562.4022,B_right_diagonal_up_left_down_right,B,right,0,,,918,151.2000,345.7000,130.4000,192.5000,147.7000,0.0000,360.0000,334.9000,76.2000,0.0000,121.8000,0.0000,196.8000,0.0000,-0.83700,-0.04000,0.45000,-2.33000,6.74000,5.13000,0.19300,0.13200,0.90300,-1.29000,4.61000,1.08000,9.6,1.0,0.0,1.0,0.883963,0.347161,1.093674,-0.248336,0.208308,1.318662,-0.089600,0.486000,0.869300,0.003200,0.133500,0.542300,0.828800,0.034500,0.616764,0.258699,1.286797,-0.248336,0.208308,1.318662,-1.689646,-1.366723,-1.571349,-1.672449,-3.055348,0.443386,1.039562,-0.843639,1.893360,1.018911,1.840033,-0.596857,-0.693367,2.173809,1,0,1.0000,1.0000,1,1,0,0,0.0000,0.0000,,,,,127007,8092,883,259,124724,6892,2283,1200,0,0,0.46409,0.09485,0
1786018562.4233,B_right_diagonal_up_left_down_right,B,right,0,,,919,151.2000,345.6000,130.4000,192.5000,149.8000,0.0000,360.0000,335.4000,76.2000,0.0000,121.8000,0.0000,197.1000,0.0000,-0.85900,-0.03200,0.41500,-1.31000,-2.85000,5.27000,0.18600,0.14600,0.89300,-1.02000,4.35000,-5.29000,8.3,4.0,0.0,1.0,0.745404,0.038853,1.294236,-0.248336,0.208308,1.318662,-0.089600,0.486000,0.869300,0.003200,0.133500,0.542300,0.828800,0.034500,0.616764,0.258699,1.286797,-0.248336,0.208308,1.318662,-1.701763,-1.378580,-1.563525,-1.660332,-3.050165,0.455503,1.047430,-0.843639,1.893360,1.018911,1.840033,-0.596857,-0.693367,2.173809,1,0,1.0000,1.0000,1,1,0,0,0.0000,0.0000,,,,,127007,8092,883,259,124724,6892,2283,1200,0,0,0.46409,0.09485,0
1786018562.4424,B_right_diagonal_up_left_down_right,B,right,0,,,920,151.2000,345.6000,130.4000,192.5000,149.8000,0.0000,360.0000,335.2000,76.2000,0.0000,121.8000,0.0000,196.9000,0.0000,-0.85900,-0.03200,0.41500,-1.31000,-2.85000,5.27000,0.19000,0.14300,0.88500,-2.86000,4.02000,-4.08000,9.2,2.5,0.0,1.0,0.745404,0.038853,1.294236,0.046085,0.205566,1.229157,-0.089600,0.486000,0.869300,0.003200,0.133500,0.542300,0.828800,0.034500,0.616764,0.258699,1.286797,-0.248336,0.208308,1.318662,-1.722841,-1.399205,-1.549913,-1.639254,-3.041150,0.476581,1.061117,-0.843639,1.893360,1.018911,1.840033,-0.596857,-0.693367,2.173809,1,0,1.0000,1.0000,1,1,0,0,0.0000,0.0000,,,,,7466,124596,839,288,5489,123334,1977,1260,0,2,0.46409,0.09485,0
1786018562.4727,B_right_diagonal_up_left_down_right,B,right,0,,,921,151.2000,345.6000,130.4000,192.5000,149.8000,0.0000,360.0000,335.2000,76.2000,0.0000,121.8000,0.0000,196.9000,0.0000,-0.85900,-0.03200,0.41500,-1.31000,-2.85000,5.27000,0.19000,0.14300,0.88500,-2.86000,4.02000,-4.08000,9.2,2.5,0.0,1.0,0.745404,0.038853,1.294236,0.046085,0.205566,1.229157,-0.089600,0.486000,0.869300,0.003200,0.133500,0.542300,0.828800,0.034500,0.616764,0.258699,1.286797,-0.248336,0.208308,1.318662,-1.738172,-1.414206,-1.540013,-1.623923,-3.034592,0.491912,1.071072,-0.843639,1.893360,1.018911,1.840033,-0.596857,-0.693367,2.173809,1,0,1.0000,1.0000,1,1,0,0,0.0000,0.0000,,,,,127007,8092,883,259,124724,6892,2283,1200,0,0,0.46409,0.09485,0
1786018562.5067,B_right_diagonal_up_left_down_right,B,right,0,,,922,151.2000,345.6000,130.4000,192.5000,153.8000,0.0000,360.0000,335.2000,76.2000,0.0000,121.8000,0.0000,196.9000,0.0000,-0.86100,-0.03600,0.36300,-1.45000,-1.63000,5.05000,0.19000,0.14300,0.88500,-2.86000,4.02000,-4.08000,9.5,2.4,0.0,1.0,0.890605,0.346926,1.094854,0.046085,0.205566,1.229157,-0.089600,0.486000,0.869300,0.003200,0.133500,0.542300,0.828800,0.034500,0.616536,0.269644,1.293028,-0.248336,0.208308,1.318662,-1.743153,-1.414559,-1.539711,-1.618121,-3.034423,0.492946,1.071292,-0.843639,1.893360,1.018911,1.840033,-0.596857,-0.693367,2.173809,1,0,1.0000,1.0000,1,1,0,0,0.0000,0.0000,,,,,7466,8092,839,259,5489,6892,1977,1200,0,0,0.46409,0.09485,0
1786018562.5097,B_right_diagonal_up_left_down_right,B,right,0,,,923,151.2000,345.6000,130.4000,192.5000,153.8000,0.0000,360.0000,335.2000,76.2000,0.0000,121.8000,0.0000,196.9000,0.0000,-0.86100,-0.03600,0.36300,-1.45000,-1.63000,5.05000,0.19000,0.14300,0.88500,-2.86000,4.02000,-4.08000,9.5,2.4,0.0,1.0,0.890605,0.346926,1.094854,0.046085,0.205566,1.229157,-0.089600,0.486000,0.869300,0.003200,0.133500,0.542300,0.828800,0.034500,0.616536,0.269644,1.293028,-0.248336,0.208308,1.318662,-1.743153,-1.414559,-1.539711,-1.618121,-3.034423,0.492946,1.071292,-0.843639,1.893360,1.018911,1.840033,-0.596857,-0.693367,2.173809,1,0,1.0000,1.0000,1,1,0,0,0.0000,0.0000,,,,,7466,8092,839,259,5489,6892,1977,1200,0,0,0.46409,0.09485,0
1786018562.5475,B_right_diagonal_up_left_down_right,B,right,0,,,924,151.2000,345.6000,130.4000,192.5000,153.8000,0.0000,360.0000,335.6000,76.1000,0.0000,121.0000,0.0000,197.2000,0.0000,-0.86100,-0.03600,0.36300,-1.45000,-1.63000,5.05000,0.19700,0.16000,0.89100,-2.71000,3.12000,-0.80000,9.5,2.4,0.0,1.0,0.890605,0.346926,1.094854,0.046085,0.205566,1.229157,-0.089600,0.486000,0.869300,0.003200,0.133500,0.542300,0.828800,0.034500,0.616536,0.269644,1.293028,-0.248336,0.208308,1.318662,-1.743153,-1.414559,-1.539711,-1.618121,-3.034423,0.492946,1.071292,-0.843639,1.893360,1.018911,1.840033,-0.596857,-0.693367,2.173809,1,0,1.0000,1.0000,1,1,0,0,0.0000,0.0000,,,,,7466,8092,839,259,5489,6892,1977,1200,0,0,0.46409,0.09485,0
1786018562.5569,B_right_diagonal_up_left_down_right,B,right,0,,,925,151.2000,345.6000,130.4000,192.5000,153.8000,0.0000,360.0000,335.6000,76.1000,0.0000,121.0000,0.0000,197.2000,0.0000,-0.86100,-0.03600,0.36300,-1.45000,-1.63000,5.05000,0.19700,0.16000,0.89100,-2.71000,3.12000,-0.80000,9.5,2.4,0.0,1.0,0.890605,0.346926,1.094854,0.046085,0.205566,1.229157,-0.089600,0.486000,0.869300,0.003200,0.133500,0.542300,0.828800,0.034500,0.616536,0.269644,1.293028,-0.248336,0.208308,1.318662,-1.743153,-1.414559,-1.539711,-1.618121,-3.034423,0.492946,1.071292,-0.843639,1.893360,1.018911,1.840033,-0.596857,-0.693367,2.173809,1,0,1.0000,1.0000,1,1,0,0,0.0000,0.0000,,,,,7466,8092,839,259,5489,6892,1977,1200,0,0,0.46409,0.09485,0
1786018562.5675,B_right_diagonal_up_left_down_right,B,right,0,,,926,151.2000,345.6000,130.4000,192.5000,153.8000,0.0000,360.0000,335.6000,76.1000,0.0000,121.0000,0.0000,197.2000,0.0000,-0.86100,-0.03600,0.36300,-1.45000,-1.63000,5.05000,0.19700,0.16000,0.89100,-2.71000,3.12000,-0.80000,9.5,2.4,0.0,1.0,0.890605,0.346926,1.094854,0.046085,0.205566,1.229157,-0.089600,0.486000,0.869300,0.003200,0.133500,0.542300,0.828800,0.034500,0.616536,0.269644,1.293028,-0.248336,0.208308,1.318662,-1.743153,-1.414559,-1.539711,-1.618121,-3.034423,0.492946,1.071292,-0.843639,1.893360,1.018911,1.840033,-0.596857,-0.693367,2.173809,1,0,1.0000,1.0000,1,1,0,0,0.0000,0.0000,,,,,7466,8092,839,259,5489,6892,1977,1200,0,0,0.46409,0.09485,0
1786018562.5893,B_right_diagonal_up_left_down_right,B,right,0,,,927,151.3000,345.6000,130.5000,192.5000,153.4000,0.0000,360.0000,335.6000,76.1000,0.0000,121.0000,0.0000,197.2000,0.0000,-0.86500,-0.04700,0.37600,2.46000,-0.53000,3.20000,0.19700,0.16000,0.89100,-2.71000,3.12000,-0.80000,9.5,2.4,0.0,1.0,0.890605,0.346926,1.094854,0.046085,0.205566,1.229157,-0.089600,0.486000,0.869300,0.003200,0.133500,0.542300,0.828800,0.034500,0.616536,0.269644,1.293028,-0.248336,0.208308,1.318662,-1.743153,-1.414559,-1.539711,-1.618121,-3.034423,0.492946,1.071292,-0.843639,1.893360,1.018911,1.840033,-0.596857,-0.693367,2.173809,1,0,1.0000,1.0000,1,1,0,0,0.0000,0.0000,,,,,7466,8092,839,259,5489,6892,1977,1200,0,0,0.46409,0.09485,0
1786018562.6155,B_right_diagonal_up_left_down_right,B,right,0,,,928,151.3000,345.6000,130.5000,192.5000,153.4000,0.0000,360.0000,335.6000,76.1000,0.0000,121.0000,0.0000,197.2000,0.0000,-0.86500,-0.04700,0.37600,2.46000,-0.53000,3.20000,0.19700,0.16000,0.89100,-2.71000,3.12000,-0.80000,9.5,2.4,0.0,1.0,0.890605,0.346926,1.094854,0.046085,0.205566,1.229157,-0.089600,0.486000,0.869300,0.003200,0.133500,0.542300,0.828800,0.034500,0.616089,0.281245,1.300098,-0.248336,0.208308,1.318662,-1.743153,-1.414559,-1.539711,-1.618121,-3.034423,0.492946,1.071292,-0.843639,1.893360,1.018911,1.840033,-0.596857,-0.693367,2.173809,1,0,1.0000,1.0000,1,1,0,0,0.0000,0.0000,,,,,7466,8092,839,259,5489,6892,1977,1200,0,0,0.46409,0.09485,0
1786018562.6271,B_right_diagonal_up_left_down_right,B,right,0,,,929,151.2000,345.9000,130.5000,192.5000,153.6000,0.0000,360.0000,335.6000,76.1000,0.0000,121.0000,0.0000,197.2000,0.0000,-0.87000,-0.03500,0.37600,5.89000,0.88000,-0.92000,0.19700,0.16000,0.89100,-2.71000,3.12000,-0.80000,9.5,2.4,0.0,1.0,0.890605,0.346926,1.094854,0.046085,0.205566,1.229157,-0.089600,0.486000,0.869300,0.003200,0.133500,0.542300,0.828800,0.034500,0.616089,0.281245,1.300098,-0.248336,0.208308,1.318662,-1.743153,-1.414559,-1.539711,-1.618121,-3.034423,0.492946,1.071292,-0.843639,1.893360,1.018911,1.840033,-0.596857,-0.693367,2.173809,1,0,1.0000,1.0000,1,1,0,0,0.0000,0.0000,,,,,7466,8092,839,259,5489,6892,1977,1200,0,0,0.46409,0.09485,0
1786018562.6436,B_right_diagonal_up_left_down_right,B,right,0,,,930,151.2000,345.9000,130.5000,192.5000,153.6000,0.0000,360.0000,335.6000,76.1000,0.0000,121.0000,0.0000,197.2000,0.0000,-0.87000,-0.03500,0.37600,5.89000,0.88000,-0.92000,0.19700,0.16000,0.89100,-2.71000,3.12000,-0.80000,9.5,2.4,0.0,1.0,0.890605,0.346926,1.094854,0.046085,0.205566,1.229157,-0.089600,0.486000,0.869300,0.003200,0.133500,0.542300,0.828800,0.034500,0.616089,0.281245,1.300098,-0.248336,0.208308,1.318662,-1.743153,-1.414559,-1.539711,-1.618121,-3.034423,0.492946,1.071292,-0.843639,1.893360,1.018911,1.840033,-0.596857,-0.693367,2.173809,1,0,1.0000,1.0000,1,1,0,0,0.0000,0.0000,,,,,7466,8092,839,259,5489,6892,1977,1200,0,0,0.46409,0.09485,0
1786018562.6650,B_right_diagonal_up_left_down_right,B,right,0,,,931,151.3000,345.8000,130.5000,192.5000,153.3000,0.0000,360.0000,335.6000,76.1000,0.0000,121.0000,0.0000,197.2000,0.0000,-0.86100,-0.03100,0.38000,5.67000,1.99000,-2.12000,0.19700,0.16000,0.89100,-2.71000,3.12000,-0.80000,9.5,2.4,0.0,1.0,0.890605,0.346926,1.094854,0.046085,0.205566,1.229157,-0.089600,0.486000,0.869300,0.003200,0.133500,0.542300,0.828800,0.034500,0.615603,0.289991,1.305765,-0.248336,0.208308,1.318662,-1.743153,-1.414559,-1.539711,-1.618121,-3.034423,0.492946,1.071292,-0.843639,1.893360,1.018911,1.840033,-0.596857,-0.693367,2.173809,1,0,1.0000,1.0000,1,1,0,0,0.0000,0.0000,,,,,7466,8092,839,259,5489,6892,1977,1200,0,0,0.46409,0.09485,0
1786018562.6878,B_right_diagonal_up_left_down_right,B,right,0,,,932,151.3000,345.8000,130.4000,192.5000,153.1000,0.0000,360.0000,335.6000,76.1000,0.0000,121.0000,0.0000,197.2000,0.0000,-0.85800,-0.03500,0.38800,5.48000,2.53000,-2.43000,0.19700,0.16000,0.89100,-2.71000,3.12000,-0.80000,9.5,2.4,0.0,1.0,0.890605,0.346926,1.094854,0.046085,0.205566,1.229157,-0.089600,0.486000,0.869300,0.003200,0.133500,0.542300,0.828800,0.034500,0.615603,0.289991,1.305765,-0.248336,0.208308,1.318662,-1.743153,-1.414559,-1.539711,-1.618121,-3.034423,0.492946,1.071292,-0.843639,1.893360,1.018911,1.840033,-0.596857,-0.693367,2.173809,1,0,1.0000,1.0000,1,1,0,0,0.0000,0.0000,,,,,7466,8092,839,259,5489,6892,1977,1200,0,0,0.46409,0.09485,0
1786018562.7043,B_right_diagonal_up_left_down_right,B,right,0,,,933,151.3000,345.7000,130.4000,192.5000,151.2000,0.0000,360.0000,335.9000,75.8000,0.0000,122.0000,0.0000,197.5000,0.0000,-0.83300,-0.03600,0.41900,4.86000,1.96000,-3.95000,0.20300,0.16700,0.89600,-6.52000,2.27000,-2.39000,9.1,3.0,0.0,1.0,0.696402,0.345620,1.177511,-0.248336,0.208308,1.318662,-0.089600,0.486000,0.869300,0.003200,0.133500,0.542300,0.828800,0.034500,0.615603,0.289991,1.305765,-0.248336,0.208308,1.318662,-1.805677,-1.419000,-1.535955,-1.545297,-3.032217,0.505922,1.074003,-0.843807,1.893649,1.019222,1.840038,-0.596627,-0.693137,2.173223,1,0,1.0000,1.0000,1,1,0,0,0.0000,0.0000,,,,,127007,124596,884,289,124724,123334,2283,1260,0,2,0.46409,0.09485,0
1786018562.7220,B_right_diagonal_up_left_down_right,B,right,0,,,934,151.3000,345.7000,130.4000,192.5000,150.3000,0.0000,360.0000,336.1000,75.8000,0.0000,122.1000,0.0000,197.3000,0.0000,-0.82100,-0.03800,0.43400,4.22000,2.14000,-3.50000,0.19200,0.14300,0.88600,-7.04000,1.76000,-1.78000,10.1,1.8,0.0,1.0,0.748821,0.038760,1.294792,-0.961179,0.416098,1.666607,-0.089600,0.486000,0.869300,0.003200,0.133500,0.542300,0.828800,0.034500,0.615603,0.289991,1.305765,-0.248336,0.208308,1.318662,-1.820211,-1.420032,-1.535082,-1.528368,-3.031704,0.508938,1.074633,-0.843807,1.893649,1.019222,1.840038,-0.596627,-0.693137,2.173223,1,0,1.0000,1.0000,1,1,0,0,0.0000,0.0000,,,,,127007,124596,884,289,124724,123334,2283,1260,0,2,0.46409,0.09485,0
1786018562.7533,B_right_diagonal_up_left_down_right,B,right,0,,,935,151.3000,345.7000,130.4000,192.5000,150.3000,0.0000,360.0000,336.1000,75.8000,0.0000,122.1000,0.0000,197.6000,0.0000,-0.82100,-0.03800,0.43400,4.22000,2.14000,-3.50000,0.14900,0.12600,0.90700,-8.07000,0.65000,-2.90000,10.0,1.3,0.0,1.0,0.693688,0.345731,1.176849,-0.248336,0.208308,1.318662,-0.089600,0.486000,0.869300,0.003200,0.133500,0.542300,0.828800,0.034500,0.615732,0.290159,1.305520,-0.248336,0.208308,1.318662,-1.832990,-1.420940,-1.534315,-1.513484,-3.031252,0.511591,1.075187,-0.843807,1.893649,1.019222,1.840038,-0.596627,-0.693137,2.173223,1,0,1.0000,1.0000,1,1,0,0,0.0000,0.0000,,,,,7466,124596,840,289,5489,123334,1977,1260,0,2,0.46409,0.09485,0
1786018562.7677,B_right_diagonal_up_left_down_right,B,right,0,,,936,151.3000,345.7000,130.4000,192.5000,150.3000,0.0000,360.0000,336.2000,75.8000,0.0000,122.1000,0.0000,197.7000,0.0000,-0.82100,-0.03800,0.43400,4.22000,2.14000,-3.50000,0.16200,0.12200,0.91200,-7.37000,-0.45000,-1.81000,10.0,1.3,0.0,1.0,0.888284,0.347065,1.094392,-0.961179,0.416098,1.666607,-0.089600,0.486000,0.869300,0.003200,0.133500,0.542300,0.828800,0.034500,0.615732,0.290159,1.305520,-0.248336,0.208308,1.318662,-1.837787,-1.421281,-1.534027,-1.507898,-3.031083,0.512586,1.075395,-0.843807,1.893649,1.019222,1.840038,-0.596627,-0.693137,2.173223,1,0,1.0000,1.0000,1,1,0,0,0.0000,0.0000,,,,,7466,124596,840,289,5489,123334,1977,1260,0,2,0.46409,0.09485,0
1786018562.7789,B_right_diagonal_up_left_down_right,B,right,0,,,937,151.3000,345.7000,130.4000,192.5000,150.3000,0.0000,360.0000,336.2000,75.8000,0.0000,122.1000,0.0000,197.7000,0.0000,-0.82100,-0.03800,0.43400,4.22000,2.14000,-3.50000,0.16200,0.12200,0.91200,-7.37000,-0.45000,-1.81000,10.1,1.7,0.0,1.0,0.888284,0.347065,1.094392,-0.248336,0.208308,1.318662,-0.089600,0.486000,0.869300,0.003200,0.133500,0.542300,0.828800,0.034500,0.615732,0.290159,1.305520,-0.248336,0.208308,1.318662,-1.848324,-1.422029,-1.533395,-1.495624,-3.030710,0.514773,1.075851,-0.843807,1.893649,1.019222,1.840038,-0.596627,-0.693137,2.173223,1,0,1.0000,1.0000,1,1,0,0,0.0000,0.0000,,,,,7466,8093,840,260,5489,6893,1977,1200,0,0,0.46409,0.09485,0
1786018562.8197,B_right_diagonal_up_left_down_right,B,right,0,,,938,151.3000,345.7000,130.4000,192.5000,150.3000,0.0000,360.0000,336.2000,75.8000,0.0000,122.1000,0.0000,197.7000,0.0000,-0.82100,-0.03800,0.43400,4.22000,2.14000,-3.50000,0.16200,0.12200,0.91200,-7.37000,-0.45000,-1.81000,12.6,1.9,0.0,1.0,0.888284,0.347065,1.094392,-0.248336,0.208308,1.318662,-0.089600,0.486000,0.869300,0.003200,0.133500,0.542300,0.828800,0.034500,0.615732,0.290159,1.305520,-0.248336,0.208308,1.318662,-1.862276,-1.423020,-1.532557,-1.479374,-3.030217,0.517669,1.076456,-0.843807,1.893649,1.019222,1.840038,-0.596627,-0.693137,2.173223,1,0,1.0000,1.0000,1,1,0,0,0.0000,0.0000,,,,,7466,8093,840,260,5489,6893,1977,1200,0,0,0.46409,0.09485,0
1786018562.8203,B_right_diagonal_up_left_down_right,B,right,0,,,939,151.3000,345.7000,130.4000,192.5000,150.3000,0.0000,360.0000,336.2000,75.8000,0.0000,122.1000,0.0000,197.7000,0.0000,-0.82100,-0.03800,0.43400,4.22000,2.14000,-3.50000,0.16200,0.12200,0.91200,-7.37000,-0.45000,-1.81000,12.6,1.9,0.0,1.0,0.888284,0.347065,1.094392,-0.248336,0.208308,1.318662,-0.089600,0.486000,0.869300,0.003200,0.133500,0.542300,0.828800,0.034500,0.615732,0.290159,1.305520,-0.248336,0.208308,1.318662,-1.862276,-1.423020,-1.532557,-1.479374,-3.030217,0.517669,1.076456,-0.843807,1.893649,1.019222,1.840038,-0.596627,-0.693137,2.173223,1,0,1.0000,1.0000,1,1,0,0,0.0000,0.0000,,,,,7466,8093,840,260,5489,6893,1977,1200,0,0,0.46409,0.09485,0
1786018562.8525,B_right_diagonal_up_left_down_right,B,right,0,,,940,151.0000,345.7000,130.5000,192.3000,151.3000,0.0000,360.0000,336.6000,76.2000,0.0000,122.5000,0.0000,197.9000,0.0000,-0.85100,-0.04900,0.41300,3.64000,4.31000,2.24000,0.14700,0.16800,0.92000,2.20000,-1.05000,0.20000,10.5,0.9,0.0,1.0,0.748081,0.038735,1.294619,0.046085,0.205566,1.229157,-0.089600,0.486000,0.869300,0.003200,0.133500,0.542300,0.828800,0.034500,0.616163,0.290716,1.304705,-0.248336,0.208308,1.318662,-1.882720,-1.424473,-1.531330,-1.455562,-3.029495,0.521912,1.077342,-0.843807,1.893649,1.019222,1.840038,-0.596627,-0.693137,2.173223,1,0,1.0000,1.0000,1,1,0,0,0.0000,0.0000,,,,,127008,124596,884,290,124724,123334,2284,1260,0,2,0.47132,0.09485,0
1786018562.8641,B_right_diagonal_up_left_down_right,B,right,0,,,941,151.0000,345.7000,130.5000,192.3000,151.3000,0.0000,360.0000,336.6000,76.2000,0.0000,122.5000,0.0000,197.9000,0.0000,-0.85100,-0.04900,0.41300,3.64000,4.31000,2.24000,0.14700,0.16800,0.92000,2.20000,-1.05000,0.20000,10.5,0.9,0.0,1.0,0.748081,0.038735,1.294619,0.046085,0.205566,1.229157,-0.089600,0.486000,0.869300,0.003200,0.133500,0.542300,0.828800,0.034500,0.616163,0.290716,1.304705,-0.248336,0.208308,1.318662,-1.889358,-1.424944,-1.530931,-1.447830,-3.029261,0.523289,1.077630,-0.843807,1.893649,1.019222,1.840038,-0.596627,-0.693137,2.173223,1,0,1.0000,1.0000,1,1,0,0,0.0000,0.0000,,,,,7466,8093,840,260,5489,6893,1977,1200,0,0,0.46409,0.09485,0
1786018562.8791,B_right_diagonal_up_left_down_right,B,right,0,,,942,151.0000,345.7000,130.5000,192.3000,151.3000,0.0000,360.0000,336.6000,76.2000,0.0000,122.5000,0.0000,197.9000,0.0000,-0.85100,-0.04900,0.41300,3.64000,4.31000,2.24000,0.14700,0.16800,0.92000,2.20000,-1.05000,0.20000,10.5,0.9,0.0,1.0,0.748081,0.038735,1.294619,0.046085,0.205566,1.229157,-0.089600,0.486000,0.869300,0.003200,0.133500,0.542300,0.828800,0.034500,0.616163,0.290716,1.304705,-0.248336,0.208308,1.318662,-1.903091,-1.425920,-1.530107,-1.431836,-3.028775,0.526140,1.078225,-0.843807,1.893649,1.019222,1.840038,-0.596627,-0.693137,2.173223,1,0,1.0000,1.0000,1,1,0,0,0.0000,0.0000,,,,,127008,124596,884,290,124724,123334,2284,1260,0,2,0.47132,0.09485,0
1786018562.9106,B_right_diagonal_up_left_down_right,B,right,0,,,943,151.1000,345.7000,130.5000,192.7000,151.9000,0.0000,360.0000,336.6000,76.2000,0.0000,122.5000,0.0000,197.9000,0.0000,-0.83800,-0.04900,0.41500,1.60000,-0.39000,4.40000,0.14700,0.16800,0.92000,2.20000,-1.05000,0.20000,10.5,0.9,0.0,1.0,0.691934,0.345759,1.176379,0.046085,0.205566,1.229157,-0.089600,0.486000,0.869300,0.003200,0.133500,0.542300,0.828800,0.034500,0.621580,0.289098,1.303951,-0.248336,0.208308,1.318662,-1.903091,-1.425920,-1.530107,-1.431836,-3.028775,0.526140,1.078225,-0.843807,1.893649,1.019222,1.840038,-0.596627,-0.693137,2.173223,1,0,1.0000,1.0000,1,1,0,0,0.0000,0.0000,,,,,7466,124596,840,290,5489,123334,1977,1260,0,2,0.46409,0.09485,0
1786018562.9192,B_right_diagonal_up_left_down_right,B,right,0,,,944,151.1000,345.7000,130.5000,192.7000,151.9000,0.0000,360.0000,336.6000,76.2000,0.0000,122.5000,0.0000,197.9000,0.0000,-0.83800,-0.04900,0.41500,1.60000,-0.39000,4.40000,0.14700,0.16800,0.92000,2.20000,-1.05000,0.20000,10.5,0.9,0.0,1.0,0.691934,0.345759,1.176379,0.046085,0.205566,1.229157,-0.089600,0.486000,0.869300,0.003200,0.133500,0.542300,0.828800,0.034500,0.621580,0.289098,1.303951,-0.248336,0.208308,1.318662,-1.903091,-1.425920,-1.530107,-1.431836,-3.028775,0.526140,1.078225,-0.843807,1.893649,1.019222,1.840038,-0.596627,-0.693137,2.173223,1,0,1.0000,1.0000,1,1,0,0,0.0000,0.0000,,,,,7466,124596,840,290,5489,123334,1977,1260,0,2,0.46409,0.09485,0
1786018562.9543,B_right_diagonal_up_left_down_right,B,right,0,,,945,151.1000,345.7000,130.5000,192.4000,151.8000,0.0000,360.0000,336.6000,76.2000,0.0000,122.2000,0.0000,197.8000,0.0000,-0.83900,-0.05300,0.40600,1.81000,-1.13000,4.76000,0.15500,0.14900,0.89100,2.70000,-1.93000,-0.60000,9.8,2.2,0.0,1.0,0.888516,0.347020,1.094412,-0.248336,0.208308,1.318662,-0.089600,0.486000,0.869300,0.003200,0.133500,0.542300,0.828800,0.034500,0.621580,0.289098,1.303951,-0.248336,0.208308,1.318662,-1.915349,-1.426791,-1.529371,-1.417558,-3.028342,0.528684,1.078756,-0.843807,1.893649,1.019222,1.840038,-0.596627,-0.693137,2.173223,1,0,1.0000,1.0000,1,1,0,0,0.0000,0.0000,,,,,127008,8093,884,260,124724,6893,2284,1200,0,0,0.47132,0.09485,0
1786018562.9701,B_right_diagonal_up_left_down_right,B,right,0,,,946,151.1000,345.7000,130.5000,192.4000,151.8000,0.0000,360.0000,336.6000,76.2000,0.0000,122.2000,0.0000,197.8000,0.0000,-0.83900,-0.05300,0.40600,1.81000,-1.13000,4.76000,0.15500,0.14900,0.89100,2.70000,-1.93000,-0.60000,9.3,1.2,0.0,1.0,0.888516,0.347020,1.094412,-0.248336,0.208308,1.318662,-0.089600,0.486000,0.869300,0.003200,0.133500,0.542300,0.828800,0.034500,0.649704,0.276382,1.304074,-0.248336,0.208308,1.318662,-1.929807,-1.427818,-1.528503,-1.400718,-3.027831,0.531684,1.079382,-0.843807,1.893649,1.019222,1.840038,-0.596627,-0.693137,2.173223,1,0,1.0000,1.0000,1,1,0,0,0.0000,0.0000,,,,,127009,124596,884,290,124724,123334,2285,1260,0,2,0.47212,0.09485,0
1786018562.9829,B_right_diagonal_up_left_down_right,B,right,0,,,947,151.0000,345.7000,130.5000,192.5000,152.6000,0.0000,360.0000,336.5000,76.2000,0.0000,122.0000,0.0000,197.7000,0.0000,-0.84100,-0.05200,0.39900,1.99000,1.18000,4.21000,0.17700,0.13300,0.89900,-2.45000,0.60000,-1.41000,9.7,3.0,0.0,1.0,0.691922,0.345708,1.176286,-0.961179,0.416098,1.666607,-0.089600,0.486000,0.869300,0.003200,0.133500,0.542300,0.828800,0.034500,0.649704,0.276382,1.304074,-0.248336,0.208308,1.318662,-1.938330,-1.428424,-1.527991,-1.390791,-3.027530,0.533453,1.079752,-0.843807,1.893649,1.019222,1.840038,-0.596627,-0.693137,2.173223,1,0,1.0000,1.0000,1,1,0,0,0.0000,0.0000,,,,,127009,8093,884,260,124724,6893,2285,1200,0,0,0.47212,0.09485,0
1786018563.0086,B_right_diagonal_up_left_down_right,B,right,0,,,948,151.1000,345.7000,130.5000,192.5000,152.7000,0.0000,360.0000,336.5000,76.2000,0.0000,122.0000,0.0000,197.7000,0.0000,-0.84400,-0.04600,0.40200,1.69000,2.15000,4.29000,0.17700,0.12800,0.89800,-2.98000,0.71000,-1.08000,9.6,2.3,0.0,1.0,0.691919,0.345697,1.176221,-0.961179,0.416098,1.666607,-0.089600,0.486000,0.869300,0.003200,0.133500,0.542300,0.828800,0.034500,0.649704,0.276382,1.304074,-0.248336,0.208308,1.318662,-1.941765,-1.428667,-1.527785,-1.386790,-3.027409,0.534166,1.079900,-0.843807,1.893649,1.019222,1.840038,-0.596627,-0.693137,2.173223,1,0,1.0000,1.0000,1,1,0,0,0.0000,0.0000,,,,,7467,8093,840,260,5489,6893,1978,1200,0,0,0.47212,0.09485,0
1786018563.0419,B_right_diagonal_up_left_down_right,B,right,0,,,949,151.1000,345.7000,130.5000,192.5000,153.0000,0.0000,360.0000,336.5000,76.2000,0.0000,122.0000,0.0000,197.7000,0.0000,-0.83600,-0.04800,0.39300,2.21000,0.34000,4.09000,0.17300,0.13100,0.89600,-1.94000,0.21000,-1.80000,9.8,1.7,0.0,1.0,0.748509,0.038704,1.294634,0.046085,0.205566,1.229157,-0.089600,0.486000,0.869300,0.003200,0.133500,0.542300,0.828800,0.034500,0.649988,0.276963,1.303348,-0.248336,0.208308,1.318662,-1.992638,-1.432282,-1.524731,-1.327536,-3.025611,0.544725,1.082105,-0.843807,1.893649,1.019222,1.840038,-0.596627,-0.693137,2.173223,1,0,1.0000,1.0000,1,1,0,0,0.0000,0.0000,,,,,7468,8093,840,260,5489,6893,1979,1200,0,0,0.47652,0.09485,0
1786018563.0427,B_right_diagonal_up_left_down_right,B,right,0,,,950,151.1000,345.7000,130.5000,192.5000,153.0000,0.0000,360.0000,336.5000,76.2000,0.0000,122.0000,0.0000,197.7000,0.0000,-0.83600,-0.04800,0.39300,2.21000,0.34000,4.09000,0.17300,0.13100,0.89600,-1.94000,0.21000,-1.80000,9.8,1.7,0.0,1.0,0.748509,0.038704,1.294634,0.046085,0.205566,1.229157,-0.089600,0.486000,0.869300,0.003200,0.133500,0.542300,0.828800,0.034500,0.649988,0.276963,1.303348,-0.248336,0.208308,1.318662,-1.992638,-1.432282,-1.524731,-1.327536,-3.025611,0.544725,1.082105,-0.843807,1.893649,1.019222,1.840038,-0.596627,-0.693137,2.173223,1,0,1.0000,1.0000,1,1,0,0,0.0000,0.0000,,,,,7468,8093,840,260,5489,6893,1979,1200,0,0,0.47652,0.09485,0
1786018563.0603,B_right_diagonal_up_left_down_right,B,right,0,,,951,151.1000,345.7000,130.5000,192.5000,153.0000,0.0000,360.0000,336.5000,76.2000,0.0000,122.0000,0.0000,197.7000,0.0000,-0.83600,-0.04800,0.39300,2.21000,0.34000,4.09000,0.17300,0.13100,0.89600,-1.94000,0.21000,-1.80000,9.8,1.7,0.0,1.0,0.748509,0.038704,1.294634,0.046085,0.205566,1.229157,-0.089600,0.486000,0.869300,0.003200,0.133500,0.542300,0.828800,0.034500,0.649988,0.276963,1.303348,-0.248336,0.208308,1.318662,-2.013027,-1.433730,-1.523507,-1.303788,-3.024891,0.548956,1.082988,-0.843807,1.893649,1.019222,1.840038,-0.596627,-0.693137,2.173223,1,0,1.0000,1.0000,1,1,0,0,0.0000,0.0000,,,,,7468,8093,840,260,5489,6893,1979,1200,0,0,0.47652,0.09485,0
1786018563.0823,B_right_diagonal_up_left_down_right,B,right,0,,,952,151.1000,345.7000,130.5000,192.5000,153.0000,0.0000,360.0000,336.5000,76.2000,0.0000,122.0000,0.0000,197.7000,0.0000,-0.83600,-0.04800,0.39300,2.21000,0.34000,4.09000,0.17300,0.13100,0.89600,-1.94000,0.21000,-1.80000,9.8,1.7,0.0,1.0,0.748509,0.038704,1.294634,0.046085,0.205566,1.229157,-0.089600,0.486000,0.869300,0.003200,0.133500,0.542300,0.828800,0.034500,0.649988,0.276963,1.303348,-0.248336,0.208308,1.318662,-2.013027,-1.433730,-1.523507,-1.303788,-3.024891,0.548956,1.082988,-0.843807,1.893649,1.019222,1.840038,-0.596627,-0.693137,2.173223,1,0,1.0000,1.0000,1,1,0,0,0.0000,0.0000,,,,,7468,8093,840,260,5489,6893,1979,1200,0,0,0.47652,0.09485,0
1786018563.1047,B_right_diagonal_up_left_down_right,B,right,0,,,953,151.1000,345.7000,130.5000,192.5000,153.0000,0.0000,360.0000,336.5000,76.2000,0.0000,122.0000,0.0000,197.7000,0.0000,-0.83600,-0.04800,0.39300,2.21000,0.34000,4.09000,0.17300,0.13100,0.89600,-1.94000,0.21000,-1.80000,9.7,1.6,0.0,1.0,0.748509,0.038704,1.294634,0.046085,0.205566,1.229157,-0.089600,0.486000,0.869300,0.003200,0.133500,0.542300,0.828800,0.034500,0.653593,0.284461,1.293728,-0.248336,0.208308,1.318662,-2.027954,-1.434791,-1.522611,-1.286402,-3.024363,0.552054,1.083635,-0.843807,1.893649,1.019222,1.840038,-0.596627,-0.693137,2.173223,1,0,1.0000,1.0000,1,1,0,0,0.0000,0.0000,,,,,127010,124596,884,290,124724,123334,2286,1260,0,2,0.47652,0.09485,0
1786018563.1203,B_right_diagonal_up_left_down_right,B,right,0,,,954,151.1000,345.7000,130.5000,192.5000,153.0000,0.0000,360.0000,336.5000,76.2000,0.0000,122.0000,0.0000,197.7000,0.0000,-0.83600,-0.04800,0.39300,2.21000,0.34000,4.09000,0.17300,0.13100,0.89600,-1.94000,0.21000,-1.80000,9.7,1.6,0.0,1.0,0.748509,0.038704,1.294634,0.046085,0.205566,1.229157,-0.089600,0.486000,0.869300,0.003200,0.133500,0.542300,0.828800,0.034500,0.653593,0.284461,1.293728,-0.248336,0.208308,1.318662,-2.028768,-1.434848,-1.522562,-1.285454,-3.024334,0.552223,1.083670,-0.843807,1.893649,1.019222,1.840038,-0.596627,-0.693137,2.173223,1,0,1.0000,1.0000,1,1,0,0,0.0000,0.0000,,,,,127011,124596,884,291,124724,123334,2287,1260,0,2,0.49809,0.09485,0
1786018563.1393,B_right_diagonal_up_left_down_right,B,right,0,,,955,151.1000,345.7000,130.5000,192.5000,151.9000,0.0000,360.0000,336.5000,76.2000,0.0000,122.0000,0.0000,197.7000,0.0000,-0.83300,-0.05200,0.40200,1.73000,1.92000,0.91000,0.17300,0.13100,0.89600,-1.94000,0.21000,-1.80000,10.0,1.5,0.0,1.0,0.888841,0.346964,1.094419,0.046085,0.205566,1.229157,-0.089600,0.486000,0.869300,0.003200,0.133500,0.542300,0.828800,0.034500,0.653593,0.284461,1.293728,-0.248336,0.208308,1.318662,-2.028768,-1.434848,-1.522562,-1.285454,-3.024334,0.552223,1.083670,-0.843807,1.893649,1.019222,1.840038,-0.596627,-0.693137,2.173223,1,0,1.0000,1.0000,1,1,0,0,0.0000,0.0000,,,,,127011,124596,884,291,124724,123334,2287,1260,0,2,0.49809,0.09485,0
1786018563.1631,B_right_diagonal_up_left_down_right,B,right,0,,,956,151.1000,345.7000,130.5000,192.5000,152.0000,0.0000,360.0000,336.7000,76.1000,0.0000,122.5000,0.0000,198.6000,0.0000,-0.83500,-0.04500,0.39900,2.77000,2.42000,2.14000,0.18200,0.13000,0.90900,-3.43000,0.31000,-2.89000,10.0,1.5,0.0,1.0,0.691833,0.345692,1.176162,-0.248336,0.208308,1.318662,-0.089600,0.486000,0.869300,0.003200,0.133500,0.542300,0.828800,0.034500,0.653593,0.284461,1.293728,-0.248336,0.208308,1.318662,-2.028768,-1.434848,-1.522562,-1.285454,-3.024334,0.552223,1.083670,-0.843839,1.893705,1.019283,1.840038,-0.596582,-0.693092,2.173109,1,0,1.0000,1.0000,1,1,0,0,0.0000,0.0000,,,,,127011,124596,884,291,124724,123334,2287,1260,0,2,0.49809,0.09485,0
1786018563.1956,B_right_diagonal_up_left_down_right,B,right,0,,,957,151.1000,345.7000,130.5000,192.5000,152.0000,0.0000,360.0000,336.7000,76.1000,0.0000,122.5000,0.0000,198.8000,0.0000,-0.83500,-0.04500,0.39900,2.77000,2.42000,2.14000,0.19000,0.14200,0.91500,-2.18000,0.74000,-2.34000,10.0,1.5,0.0,1.0,0.691833,0.345692,1.176162,-0.961179,0.416098,1.666607,-0.089600,0.486000,0.869300,0.003200,0.133500,0.542300,0.828800,0.034500,0.658122,0.293686,1.281068,-0.248336,0.208308,1.318662,-2.028768,-1.434848,-1.522562,-1.285454,-3.024334,0.552223,1.083670,-0.843941,1.893880,1.019472,1.840041,-0.596442,-0.692953,2.172753,1,0,1.0000,1.0000,1,1,0,0,0.0000,0.0000,,,,,127011,124596,884,291,124724,123334,2287,1260,0,2,0.49809,0.09485,0
1786018563.2000,B_right_diagonal_up_left_down_right,B,right,0,,,958,151.1000,345.7000,130.5000,192.5000,152.0000,0.0000,360.0000,336.7000,76.1000,0.0000,122.5000,0.0000,198.8000,0.0000,-0.83500,-0.04500,0.39900,2.77000,2.42000,2.14000,0.19000,0.14200,0.91500,-2.18000,0.74000,-2.34000,10.0,1.5,0.0,1.0,0.691833,0.345692,1.176162,-0.961179,0.416098,1.666607,-0.089600,0.486000,0.869300,0.003200,0.133500,0.542300,0.828800,0.034500,0.658122,0.293686,1.281068,-0.248336,0.208308,1.318662,-2.028768,-1.434848,-1.522562,-1.285454,-3.024334,0.552223,1.083670,-0.843941,1.893880,1.019472,1.840041,-0.596442,-0.692953,2.172753,1,0,1.0000,1.0000,1,1,0,0,0.0000,0.0000,,,,,127011,124596,884,291,124724,123334,2287,1260,0,2,0.49809,0.09485,0
1786018563.2258,B_right_diagonal_up_left_down_right,B,right,0,,,959,151.3000,345.7000,130.5000,192.5000,152.5000,0.0000,360.0000,336.7000,76.1000,0.0000,122.6000,0.0000,198.8000,0.0000,-0.84900,-0.05000,0.40000,4.45000,0.47000,1.15000,0.17400,0.13500,0.91200,-1.15000,-0.05000,-1.89000,9.7,2.0,0.0,1.0,0.748721,0.038736,1.294628,0.046085,0.205566,1.229157,-0.089600,0.486000,0.869300,0.003200,0.133500,0.542300,0.828800,0.034500,0.658122,0.293686,1.281068,-0.248336,0.208308,1.318662,-2.028781,-1.434690,-1.522217,-1.284422,3.258227,0.552255,1.084016,-0.843969,1.893929,1.019524,1.840042,-0.596403,-0.692914,2.172655,1,0,1.0000,1.0000,1,1,0,0,0.0000,0.0000,,,,,7469,8093,840,261,5489,6893,1980,1200,0,0,0.49820,0.09485,0
1786018563.2433,B_right_diagonal_up_left_down_right,B,right,0,,,960,151.3000,345.7000,130.5000,192.5000,152.5000,0.0000,360.0000,336.7000,76.1000,0.0000,122.6000,0.0000,198.8000,0.0000,-0.84900,-0.05000,0.40000,4.45000,0.47000,1.15000,0.17400,0.13500,0.91200,-1.15000,-0.05000,-1.89000,9.7,2.0,0.0,1.0,0.748721,0.038736,1.294628,0.046085,0.205566,1.229157,-0.089600,0.486000,0.869300,0.003200,0.133500,0.542300,0.828800,0.034500,0.662703,0.302785,1.267554,-0.248337,0.208308,1.318662,-2.028786,-1.434638,-1.522103,-1.284079,3.258020,0.552265,1.084131,-0.843969,1.893929,1.019524,1.840042,-0.596403,-0.692914,2.172655,1,0,1.0000,1.0000,1,1,0,0,0.0000,0.0000,,,,,7469,124596,840,291,5489,123334,1980,1260,0,2,0.49820,0.09485,0
1786018563.2660,B_right_diagonal_up_left_down_right,B,right,0,,,961,151.3000,345.7000,130.5000,192.5000,152.3000,0.0000,360.0000,336.8000,76.1000,0.0000,122.6000,0.0000,198.8000,0.0000,-0.85200,-0.04100,0.40300,3.47000,0.38000,-0.04000,0.18100,0.14700,0.92300,-2.49000,-1.50000,-2.07000,10.3,4.1,0.0,1.0,0.748946,0.038755,1.294638,0.046085,0.205566,1.229157,-0.089600,0.486000,0.869300,0.003200,0.133500,0.542300,0.828800,0.034500,0.662703,0.302785,1.267554,-0.248337,0.208308,1.318662,-2.028800,-1.434479,-1.521757,-1.283045,3.257395,0.552296,1.084477,-0.843969,1.893929,1.019524,1.840042,-0.596403,-0.692914,2.172655,1,0,1.0000,1.0000,1,1,0,0,0.0000,0.0000,,,,,7469,8094,840,261,5489,6894,1980,1200,0,0,0.49820,0.09485,0
1786018563.2792,B_right_diagonal_up_left_down_right,B,right,0,,,962,151.3000,3457.0000,130.5000,192.5000,151.7000,0.0000,360.0000,336.8000,76.1000,0.0000,122.6000,0.0000,198.8000,0.0000,-0.83900,-0.04200,0.41200,3.42000,0.11000,-0.82000,0.18100,0.14700,0.92300,-2.49000,-1.50000,-2.07000,10.3,4.1,0.0,1.0,0.690557,0.345692,1.175889,0.046085,0.205566,1.229157,-0.089600,0.486000,0.869300,0.003200,0.133500,0.542300,0.828800,0.034500,0.662703,0.302785,1.267554,-0.248337,0.208308,1.318662,-2.028809,-1.434373,-1.521526,-1.282353,3.256976,0.552317,1.084708,-0.843969,1.893929,1.019524,1.840042,-0.596403,-0.692914,2.172655,1,0,1.0000,1.0000,0,1,1,0,0.0765,0.0000,,,,,7469,124597,840,291,5489,123335,1980,1260,0,2,0.49820,0.09485,0
1786018563.2982,B_right_diagonal_up_left_down_right,B,right,0,,,963,151.3000,3457.0000,130.5000,192.5000,151.7000,0.0000,360.0000,336.8000,76.1000,0.0000,122.6000,0.0000,198.8000,0.0000,-0.83900,-0.04200,0.41200,3.42000,0.11000,-0.82000,0.18100,0.14700,0.92300,-2.49000,-1.50000,-2.07000,10.3,4.1,0.0,1.0,0.690557,0.345692,1.175889,0.046085,0.205566,1.229157,-0.089600,0.486000,0.869300,0.003200,0.133500,0.542300,0.828800,0.034500,0.662703,0.302785,1.267554,-0.248337,0.208308,1.318662,-2.028823,-1.434213,-1.521177,-1.281309,3.256345,0.552349,1.085058,-0.843969,1.893929,1.019524,1.840042,-0.596403,-0.692914,2.172655,1,0,1.0000,1.0000,0,1,1,0,0.0765,0.0000,,,,,7469,124597,840,291,5489,123335,1980,1260,0,2,0.49820,0.09485,0
1786018563.3219,B_right_diagonal_up_left_down_right,B,right,0,,,964,151.3000,3457.0000,130.5000,192.5000,151.7000,0.0000,360.0000,336.8000,76.1000,0.0000,122.6000,0.0000,198.8000,0.0000,-0.83900,-0.04200,0.41200,3.42000,0.11000,-0.82000,0.18100,0.14700,0.92300,-2.49000,-1.50000,-2.07000,10.3,4.1,0.0,1.0,0.690557,0.345692,1.175889,0.046085,0.205566,1.229157,-0.089600,0.486000,0.869300,0.003200,0.133500,0.542300,0.828800,0.034500,0.662703,0.302785,1.267554,-0.248337,0.208308,1.318662,-2.028823,-1.434213,-1.521177,-1.281309,3.256345,0.552349,1.085058,-0.843969,1.893929,1.019524,1.840042,-0.596403,-0.692914,2.172655,1,0,1.0000,1.0000,0,1,1,0,0.0765,0.0000,,,,,7469,124597,840,291,5489,123335,1980,1260,0,2,0.49820,0.09485,0
1786018563.3393,B_right_diagonal_up_left_down_right,B,right,0,,,965,151.2000,345.7000,130.5000,192.5000,151.1000,0.0000,360.0000,336.8000,76.0000,0.0000,122.6000,0.0000,198.8000,0.0000,-0.84200,-0.04300,0.42800,4.22000,2.66000,-0.40000,0.16100,0.12400,0.91100,-3.89000,0.62000,-3.23000,9.7,0.8,0.0,1.0,0.746920,0.038823,1.294280,0.046085,0.205566,1.229157,-0.089600,0.486000,0.869300,0.003200,0.133500,0.542300,0.828800,0.034500,0.666789,0.310680,1.254857,-0.248337,0.208308,1.318664,-2.028828,-1.434161,-1.521064,-1.280970,3.256140,0.552359,1.085171,-0.843969,1.893929,1.019524,1.840042,-0.596403,-0.692914,2.172655,1,0,1.0000,1.0000,1,1,0,0,0.0000,0.0000,,,,,127011,8094,884,261,124724,6894,2287,1200,0,0,0.49809,0.09485,0
1786018563.3590,B_right_diagonal_up_left_down_right,B,right,0,,,966,151.2000,345.7000,130.5000,192.5000,151.1000,0.0000,360.0000,336.8000,76.0000,0.0000,122.6000,0.0000,198.8000,0.0000,-0.84200,-0.04300,0.42800,4.22000,2.66000,-0.40000,0.16100,0.12400,0.91100,-3.89000,0.62000,-3.23000,9.7,0.8,0.0,1.0,0.746920,0.038823,1.294280,0.046085,0.205566,1.229157,-0.089600,0.486000,0.869300,0.003200,0.133500,0.542300,0.828800,0.034500,0.666789,0.310680,1.254857,-0.248337,0.208308,1.318664,-2.028828,-1.434161,-1.521064,-1.280970,3.256140,0.552359,1.085171,-0.843969,1.893929,1.019524,1.840042,-0.596403,-0.692914,2.172655,1,0,1.0000,1.0000,1,1,0,0,0.0000,0.0000,,,,,127011,8094,884,261,124724,6894,2287,1200,0,0,0.49809,0.09485,0
1786018563.3780,B_right_diagonal_up_left_down_right,B,right,0,,,967,151.2000,345.7000,130.5000,192.5000,151.0000,0.0000,360.0000,336.8000,76.0000,0.0000,122.6000,0.0000,198.8000,0.0000,-0.84200,-0.03700,0.42000,3.02000,3.33000,-0.37000,0.16100,0.12400,0.91100,-3.89000,0.62000,-3.23000,9.7,0.8,0.0,1.0,0.746223,0.038845,1.294144,0.046085,0.205566,1.229157,-0.089600,0.486000,0.869300,0.003200,0.133500,0.542300,0.828800,0.034500,0.666789,0.310680,1.254857,-0.248337,0.208308,1.318664,-2.022837,-1.428056,-1.525447,-1.286279,3.252284,0.546380,1.081224,-0.843969,1.893929,1.019524,1.840042,-0.596403,-0.692914,2.172655,1,0,1.0000,1.0000,1,1,0,0,0.0000,0.0000,,,,,127011,8094,884,261,124724,6894,2287,1200,0,0,0.49809,0.09485,0
1786018563.4034,B_right_diagonal_up_left_down_right,B,right,0,,,968,151.2000,345.7000,130.5000,192.5000,151.0000,0.0000,360.0000,336.7000,76.1000,0.0000,122.6000,0.0000,198.9000,0.0000,-0.84200,-0.03700,0.42000,3.02000,3.33000,-0.37000,0.18300,0.14600,0.92300,-0.66000,-0.12000,-1.52000,9.4,2.0,0.0,1.0,0.746223,0.038845,1.294144,0.046085,0.205566,1.229157,-0.089600,0.486000,0.869300,0.003200,0.133500,0.542300,0.828800,0.034500,0.670908,0.318403,1.241389,-0.248337,0.208308,1.318664,-1.999479,-1.404708,-1.543431,-1.309694,3.238939,0.523022,1.064936,-0.843969,1.893929,1.019524,1.840042,-0.596403,-0.692914,2.172655,1,0,1.0000,1.0000,1,1,0,0,0.0000,0.0000,,,,,127011,124597,884,291,124724,123335,2287,1260,0,2,0.49809,0.09485,0
1786018563.4211,B_right_diagonal_up_left_down_right,B,right,0,,,969,151.2000,345.7000,130.5000,192.5000,151.0000,0.0000,360.0000,336.7000,76.1000,0.0000,122.6000,0.0000,198.9000,0.0000,-0.84200,-0.03700,0.42000,3.02000,3.33000,-0.37000,0.18300,0.14600,0.92300,-0.66000,-0.12000,-1.52000,9.3,1.5,0.0,1.0,0.746223,0.038845,1.294144,0.046085,0.205566,1.229157,-0.089600,0.486000,0.869300,0.003200,0.133500,0.542300,0.828800,0.034500,0.670908,0.318403,1.241389,-0.248337,0.208308,1.318664,-1.988407,-1.393637,-1.551956,-1.320775,3.232612,0.511949,1.057215,-0.843969,1.893929,1.019524,1.840042,-0.596403,-0.692914,2.172655,1,0,1.0000,1.0000,1,1,0,0,0.0000,0.0000,,,,,127011,124597,884,291,124724,123335,2287,1260,0,2,0.49809,0.09485,0
1786018563.4418,B_right_diagonal_up_left_down_right,B,right,0,,,970,151.2000,345.7000,130.5000,192.5000,151.0000,0.0000,360.0000,336.7000,76.1000,0.0000,122.6000,0.0000,198.9000,0.0000,-0.84200,-0.03700,0.42000,3.02000,3.33000,-0.37000,0.18300,0.14600,0.92300,-0.66000,-0.12000,-1.52000,9.3,1.5,0.0,1.0,0.746223,0.038845,1.294144,0.046085,0.205566,1.229157,-0.089600,0.486000,0.869300,0.003200,0.133500,0.542300,0.828800,0.034500,0.670908,0.318403,1.241389,-0.248337,0.208308,1.318664,-1.988606,-1.393823,-1.551810,-1.319023,-3.050455,0.512176,1.057339,-0.843969,1.893929,1.019524,1.840042,-0.596403,-0.692914,2.172655,1,0,1.0000,1.0000,1,1,0,0,0.0000,0.0000,,,,,127011,8094,885,261,124724,6894,2287,1200,0,0,0.49809,0.09485,0
1786018563.4586,B_right_diagonal_up_left_down_right,B,right,0,,,971,151.2000,345.7000,130.5000,192.5000,151.0000,0.0000,360.0000,336.7000,76.1000,0.0000,122.6000,0.0000,198.9000,0.0000,-0.84200,-0.03700,0.42000,3.02000,3.33000,-0.37000,0.18300,0.14600,0.92300,-0.66000,-0.12000,-1.52000,9.3,1.5,0.0,1.0,0.746223,0.038845,1.294144,0.046085,0.205566,1.229157,-0.089600,0.486000,0.869300,0.003200,0.133500,0.542300,0.828800,0.034500,0.674841,0.325531,1.227849,-0.248337,0.208308,1.318664,-1.988638,-1.393853,-1.551787,-1.318743,-3.050436,0.512212,1.057359,-0.843969,1.893929,1.019524,1.840042,-0.596403,-0.692914,2.172655,1,0,1.0000,1.0000,1,1,0,0,0.0000,0.0000,,,,,127011,124597,885,291,124724,123335,2287,1260,0,2,0.49809,0.09485,0
1786018563.4967,B_right_diagonal_up_left_down_right,B,right,0,,,972,151.2000,345.7000,130.5000,192.5000,151.0000,0.0000,360.0000,336.7000,76.1000,0.0000,122.6000,0.0000,198.9000,0.0000,-0.84200,-0.03700,0.42000,3.02000,3.33000,-0.37000,0.18300,0.14600,0.92300,-0.66000,-0.12000,-1.52000,9.3,1.5,0.0,1.0,0.746223,0.038845,1.294144,0.046085,0.205566,1.229157,-0.089600,0.486000,0.869300,0.003200,0.133500,0.542300,0.828800,0.034500,0.674841,0.325531,1.227849,-0.248337,0.208308,1.318664,-1.990447,-1.395552,-1.550448,-1.303120,-3.049375,0.514281,1.058505,-0.843969,1.893929,1.019524,1.840042,-0.596403,-0.692914,2.172655,1,0,1.0000,1.0000,1,1,0,0,0.0000,0.0000,,,,,127011,124597,885,292,124724,123335,2287,1260,0,2,0.49809,0.09485,0
1786018563.5084,B_right_diagonal_up_left_down_right,B,right,0,,,973,151.2000,345.7000,130.5000,192.5000,151.0000,0.0000,360.0000,336.7000,76.1000,0.0000,122.6000,0.0000,198.9000,0.0000,-0.84200,-0.03700,0.42000,3.02000,3.33000,-0.37000,0.18300,0.14600,0.92300,-0.66000,-0.12000,-1.52000,9.3,1.5,0.0,1.0,0.746223,0.038845,1.294144,0.046085,0.205566,1.229157,-0.089600,0.486000,0.869300,0.003200,0.133500,0.542300,0.828800,0.034500,0.674841,0.325531,1.227849,-0.248337,0.208308,1.318664,-1.990447,-1.395552,-1.550448,-1.303120,-3.049375,0.514281,1.058505,-0.843969,1.893929,1.019524,1.840042,-0.596403,-0.692914,2.172655,1,0,1.0000,1.0000,1,1,0,0,0.0000,0.0000,,,,,127011,124597,885,292,124724,123335,2287,1260,0,2,0.49809,0.09485,0
1786018563.5188,B_right_diagonal_up_left_down_right,B,right,0,,,974,151.2000,345.7000,130.5000,192.5000,151.0000,0.0000,360.0000,336.7000,76.1000,0.0000,122.6000,0.0000,198.9000,0.0000,-0.84200,-0.03700,0.42000,3.02000,3.33000,-0.37000,0.18300,0.14600,0.92300,-0.66000,-0.12000,-1.52000,9.3,1.5,0.0,1.0,0.746223,0.038845,1.294144,0.046085,0.205566,1.229157,-0.089600,0.486000,0.869300,0.003200,0.133500,0.542300,0.828800,0.034500,0.678674,0.332212,1.213963,-0.248337,0.208308,1.318664,-1.991139,-1.396201,-1.549936,-1.297149,-3.048970,0.515071,1.058943,-0.843969,1.893929,1.019524,1.840042,-0.596403,-0.692914,2.172655,1,0,1.0000,1.0000,1,1,0,0,0.0000,0.0000,,,,,7469,8094,841,262,5489,6894,1980,1200,0,0,0.49820,0.09485,0
1786018563.5407,B_right_diagonal_up_left_down_right,B,right,0,,,975,151.2000,345.7000,130.5000,192.5000,151.0000,0.0000,360.0000,336.7000,76.1000,0.0000,122.6000,0.0000,198.9000,0.0000,-0.84200,-0.03700,0.42000,3.02000,3.33000,-0.37000,0.18300,0.14600,0.92300,-0.66000,-0.12000,-1.52000,9.3,1.5,0.0,1.0,0.746223,0.038845,1.294144,0.046085,0.205566,1.229157,-0.089600,0.486000,0.869300,0.003200,0.133500,0.542300,0.828800,0.034500,0.678674,0.332212,1.213963,-0.248337,0.208308,1.318664,-1.993769,-1.398671,-1.547987,-1.274422,-3.047429,0.518080,1.060609,-0.843969,1.893929,1.019524,1.840042,-0.596403,-0.692914,2.172655,1,0,1.0000,1.0000,1,1,0,0,0.0000,0.0000,,,,,7469,8094,841,262,5489,6894,1980,1200,0,0,0.49820,0.09485,0
1786018563.5645,B_right_diagonal_up_left_down_right,B,right,0,,,976,151.2000,345.7000,130.5000,192.5000,151.0000,0.0000,360.0000,336.7000,76.1000,0.0000,122.6000,0.0000,198.9000,0.0000,-0.84200,-0.03700,0.42000,3.02000,3.33000,-0.37000,0.18300,0.14600,0.92300,-0.66000,-0.12000,-1.52000,9.3,1.5,0.0,1.0,0.746223,0.038845,1.294144,0.046085,0.205566,1.229157,-0.089600,0.486000,0.869300,0.003200,0.133500,0.542300,0.828800,0.034500,0.678674,0.332212,1.213963,-0.248337,0.208308,1.318664,-1.994441,-1.399303,-1.547490,-1.268615,-3.047035,0.518849,1.061035,-0.843969,1.893929,1.019524,1.840042,-0.596403,-0.692914,2.172655,1,0,1.0000,1.0000,1,1,0,0,0.0000,0.0000,,,,,127011,124597,885,292,124724,123335,2287,1260,0,2,0.49809,0.09485,0
1786018563.5797,B_right_diagonal_up_left_down_right,B,right,0,,,977,151.2000,345.7000,130.7000,192.4000,151.0000,0.0000,360.0000,336.7000,76.1000,0.0000,122.7000,0.0000,198.7000,0.0000,-0.83900,-0.04300,0.42000,1.23000,0.89000,4.03000,0.18100,0.15600,0.93200,1.31000,-2.02000,-0.90000,9.9,2.4,0.0,1.0,0.745464,0.038870,1.294020,0.046085,0.205566,1.229157,-0.089600,0.486000,0.869300,0.003200,0.133500,0.542300,0.828800,0.034500,0.678674,0.332212,1.213963,-0.248337,0.208308,1.318664,-1.995795,-1.400574,-1.546487,-1.256920,-3.046242,0.520398,1.061893,-0.843969,1.893929,1.019524,1.840042,-0.596403,-0.692914,2.172655,1,0,1.0000,1.0000,1,1,0,0,0.0000,0.0000,,,,,127011,124597,885,292,124724,123335,2287,1260,0,2,0.49809,0.09485,0
1786018563.6033,B_right_diagonal_up_left_down_right,B,right,0,,,978,151.2000,345.7000,130.7000,192.4000,151.0000,0.0000,360.0000,336.7000,76.1000,0.0000,122.7000,0.0000,198.7000,0.0000,-0.83900,-0.04300,0.42000,1.23000,0.89000,4.03000,0.18100,0.15600,0.93200,1.31000,-2.02000,-0.90000,9.9,2.4,0.0,1.0,0.745464,0.038870,1.294020,0.046085,0.205566,1.229157,-0.089600,0.486000,0.869300,0.003200,0.133500,0.542300,0.828800,0.034500,0.682359,0.338357,1.199907,-0.248337,0.208308,1.318664,-1.997161,-1.401857,-1.545475,-1.245120,-3.045442,0.521960,1.062759,-0.843969,1.893929,1.019524,1.840042,-0.596403,-0.692914,2.172655,1,0,1.0000,1.0000,1,1,0,0,0.0000,0.0000,,,,,127011,124597,885,292,124724,123335,2287,1260,0,2,0.49809,0.09485,0
1786018563.6194,B_right_diagonal_up_left_down_right,B,right,0,,,979,151.2000,345.7000,130.7000,192.4000,151.0000,0.0000,360.0000,336.7000,76.1000,0.0000,122.7000,0.0000,198.7000,0.0000,-0.83900,-0.04300,0.42000,1.23000,0.89000,4.03000,0.18100,0.15600,0.93200,1.31000,-2.02000,-0.90000,9.9,2.4,0.0,1.0,0.745464,0.038870,1.294020,0.046085,0.205566,1.229157,-0.089600,0.486000,0.869300,0.003200,0.133500,0.542300,0.828800,0.034500,0.682359,0.338357,1.199907,-0.248337,0.208308,1.318664,-1.997860,-1.402514,-1.544957,-1.239078,-3.045032,0.522760,1.063202,-0.843969,1.893929,1.019524,1.840042,-0.596403,-0.692914,2.172655,1,0,1.0000,1.0000,1,1,0,0,0.0000,0.0000,,,,,7469,8094,841,262,5489,6894,1980,1200,0,0,0.49820,0.09485,0
1786018563.6424,B_right_diagonal_up_left_down_right,B,right,0,,,980,151.2000,345.7000,130.7000,192.4000,151.0000,0.0000,360.0000,336.7000,76.1000,0.0000,122.7000,0.0000,198.7000,0.0000,-0.83900,-0.04300,0.42000,1.23000,0.89000,4.03000,0.18100,0.15600,0.93200,1.31000,-2.02000,-0.90000,9.9,2.4,0.0,1.0,0.745464,0.038870,1.294020,0.046085,0.205566,1.229157,-0.089600,0.486000,0.869300,0.003200,0.133500,0.542300,0.828800,0.034500,0.682359,0.338357,1.199907,-0.248337,0.208308,1.318664,-1.999755,-1.404292,-1.543555,-1.222716,-3.043923,0.524926,1.064402,-0.843969,1.893929,1.019524,1.840042,-0.596403,-0.692914,2.172655,1,0,1.0000,1.0000,1,1,0,0,0.0000,0.0000,,,,,127012,8094,885,262,124724,6894,2288,1200,0,0,0.48382,0.09485,0
1786018563.6708,B_right_diagonal_up_left_down_right,B,right,0,,,981,151.2000,345.7000,130.7000,192.4000,151.0000,0.0000,360.0000,336.7000,76.1000,0.0000,122.7000,0.0000,198.7000,0.0000,-0.83900,-0.04300,0.42000,1.23000,0.89000,4.03000,0.18100,0.15600,0.93200,1.31000,-2.02000,-0.90000,9.9,2.4,0.0,1.0,0.745464,0.038870,1.294020,0.046085,0.205566,1.229157,-0.089600,0.486000,0.869300,0.003200,0.133500,0.542300,0.828800,0.034500,0.684640,0.338471,1.197798,-0.248337,0.208308,1.318664,-1.999852,-1.404384,-1.543482,-1.221870,-3.043865,0.525038,1.064464,-0.843969,1.893929,1.019524,1.840042,-0.596403,-0.692914,2.172655,1,0,1.0000,1.0000,1,1,0,0,0.0000,0.0000,,,,,127012,124597,885,292,124724,123335,2288,1260,0,2,0.48382,0.09485,0
1786018563.6885,B_right_diagonal_up_left_down_right,B,right,0,,,982,151.2000,345.7000,130.7000,192.4000,151.0000,0.0000,360.0000,336.7000,76.1000,0.0000,122.7000,0.0000,198.7000,0.0000,-0.83900,-0.04300,0.42000,1.23000,0.89000,4.03000,0.18100,0.15600,0.93200,1.31000,-2.02000,-0.90000,9.9,2.4,0.0,1.0,0.745464,0.038870,1.294020,0.046085,0.205566,1.229157,-0.089600,0.486000,0.869300,0.003200,0.133500,0.542300,0.828800,0.034500,0.684640,0.338471,1.197798,-0.248337,0.208308,1.318664,-2.000636,-1.405120,-1.542901,-1.215097,-3.043406,0.525935,1.064961,-0.844001,1.893983,1.019582,1.840043,-0.596360,-0.692871,2.172544,1,0,1.0000,1.0000,1,1,0,0,0.0000,0.0000,,,,,7470,8094,841,262,5489,6894,1981,1200,0,0,0.48382,0.09485,0
1786018563.7075,B_right_diagonal_up_left_down_right,B,right,0,,,983,151.2000,345.7000,130.7000,192.4000,151.0000,0.0000,360.0000,336.7000,76.1000,0.0000,122.7000,0.0000,198.7000,0.0000,-0.83900,-0.04300,0.42000,1.23000,0.89000,4.03000,0.18100,0.15600,0.93200,1.31000,-2.02000,-0.90000,9.9,2.4,0.0,1.0,0.745464,0.038870,1.294020,0.046085,0.205566,1.229157,-0.089600,0.486000,0.869300,0.003200,0.133500,0.542300,0.828800,0.034500,0.684640,0.338471,1.197798,-0.248337,0.208308,1.318664,-2.002574,-1.406940,-1.541466,-1.198359,-3.042271,0.528151,1.066189,-0.844074,1.894111,1.019722,1.840045,-0.596255,-0.692770,2.172282,1,0,1.0000,1.0000,1,1,0,0,0.0000,0.0000,,,,,127012,124597,885,292,124724,123335,2288,1260,0,2,0.48382,0.09485,0
1786018563.7408,B_right_diagonal_up_left_down_right,B,right,0,,,984,151.2000,345.7000,130.7000,192.4000,151.0000,0.0000,360.0000,336.7000,76.1000,0.0000,122.7000,0.0000,198.7000,0.0000,-0.83900,-0.04300,0.42000,1.23000,0.89000,4.03000,0.18100,0.15600,0.93200,1.31000,-2.02000,-0.90000,9.9,2.4,0.0,1.0,0.745464,0.038870,1.294020,0.046085,0.205566,1.229157,-0.089600,0.486000,0.869300,0.003200,0.133500,0.542300,0.828800,0.034500,0.686901,0.337471,1.197828,-0.248337,0.208308,1.318664,-2.005958,-1.410118,-1.538960,-1.169123,-3.040288,0.532022,1.068333,-0.844161,1.894265,1.019891,1.840048,-0.596126,-0.692649,2.171965,1,0,1.0000,1.0000,1,1,0,0,0.0000,0.0000,,,,,7470,8094,841,262,5489,6894,1981,1200,0,0,0.48382,0.09485,0
1786018563.7416,B_right_diagonal_up_left_down_right,B,right,0,,,985,151.2000,345.7000,130.7000,192.4000,151.0000,0.0000,360.0000,336.7000,76.1000,0.0000,122.7000,0.0000,198.7000,0.0000,-0.83900,-0.04300,0.42000,1.23000,0.89000,4.03000,0.18100,0.15600,0.93200,1.31000,-2.02000,-0.90000,9.9,2.4,0.0,1.0,0.745464,0.038870,1.294020,0.046085,0.205566,1.229157,-0.089600,0.486000,0.869300,0.003200,0.133500,0.542300,0.828800,0.034500,0.686901,0.337471,1.197828,-0.248337,0.208308,1.318664,-2.005958,-1.410118,-1.538960,-1.169123,-3.040288,0.532022,1.068333,-0.844161,1.894265,1.019891,1.840048,-0.596126,-0.692649,2.171965,1,0,1.0000,1.0000,1,1,0,0,0.0000,0.0000,,,,,7470,8094,841,262,5489,6894,1981,1200,0,0,0.48382,0.09485,0
1786018563.7676,B_right_diagonal_up_left_down_right,B,right,0,,,986,151.2000,345.7000,130.5000,192.5000,151.4000,0.0000,360.0000,336.7000,76.1000,0.0000,122.7000,0.0000,198.7000,0.0000,-0.84700,-0.04300,0.42000,3.00000,2.37000,2.40000,0.18100,0.15600,0.93200,1.31000,-2.02000,-0.90000,9.9,2.4,0.0,1.0,0.888405,0.346990,1.094333,0.046085,0.205566,1.229157,-0.089600,0.486000,0.869300,0.003200,0.133500,0.542300,0.828800,0.034500,0.686901,0.337471,1.197828,-0.248337,0.208308,1.318664,-2.006673,-1.410789,-1.538430,-1.162946,-3.039869,0.532840,1.068786,-0.844161,1.894265,1.019891,1.840048,-0.596126,-0.692649,2.171965,1,0,1.0000,1.0000,1,1,0,0,0.0000,0.0000,,,,,127012,124597,885,293,124724,123335,2288,1260,0,2,0.48382,0.09485,0
1786018563.7816,B_right_diagonal_up_left_down_right,B,right,0,,,987,151.2000,345.7000,130.5000,192.5000,151.4000,0.0000,360.0000,336.7000,76.1000,0.0000,122.7000,0.0000,198.7000,0.0000,-0.84700,-0.04300,0.42000,3.00000,2.37000,2.40000,0.18100,0.15600,0.93200,1.31000,-2.02000,-0.90000,9.9,2.4,0.0,1.0,0.888405,0.346990,1.094333,0.046085,0.205566,1.229157,-0.089600,0.486000,0.869300,0.003200,0.133500,0.542300,0.828800,0.034500,0.686901,0.337471,1.197828,-0.248337,0.208308,1.318664,-2.007310,-1.411387,-1.537959,-1.157448,-3.039497,0.533568,1.069189,-0.844161,1.894265,1.019891,1.840048,-0.596126,-0.692649,2.171965,1,0,1.0000,1.0000,1,1,0,0,0.0000,0.0000,,,,,7470,8094,841,262,5489,6894,1981,1200,0,0,0.48382,0.09485,0
1786018563.8018,B_right_diagonal_up_left_down_right,B,right,0,,,988,151.2000,345.7000,130.5000,192.5000,151.4000,0.0000,360.0000,336.7000,76.1000,0.0000,122.7000,0.0000,198.7000,0.0000,-0.84700,-0.04300,0.42000,3.00000,2.37000,2.40000,0.18100,0.15600,0.93200,1.31000,-2.02000,-0.90000,9.9,2.4,0.0,1.0,0.888405,0.346990,1.094333,0.046085,0.205566,1.229157,-0.089600,0.486000,0.869300,0.003200,0.133500,0.542300,0.828800,0.034500,0.686901,0.337471,1.197828,-0.248337,0.208308,1.318664,-2.007310,-1.411387,-1.537959,-1.157448,-3.039497,0.533568,1.069189,-0.844161,1.894265,1.019891,1.840048,-0.596126,-0.692649,2.171965,1,0,1.0000,1.0000,1,1,0,0,0.0000,0.0000,,,,,7470,8094,841,262,5489,6894,1981,1200,0,0,0.48382,0.09485,0
1786018563.8263,B_right_diagonal_up_left_down_right,B,right,0,,,989,151.2000,345.7000,130.5000,192.4000,151.6000,0.0000,360.0000,336.6000,76.1000,0.0000,122.6000,0.0000,198.9000,0.0000,-0.85200,-0.03100,0.41800,1.75000,3.94000,2.00000,0.18800,0.14500,0.88600,-1.16000,0.13000,-0.47000,10.0,1.8,0.0,1.0,0.690488,0.345727,1.175876,-0.961179,0.416098,1.666607,-0.089600,0.486000,0.869300,0.003200,0.133500,0.542300,0.828800,0.034500,0.689123,0.336478,1.197861,-0.248337,0.208308,1.318664,-2.008124,-1.412152,-1.537356,-1.150410,-3.039019,0.534500,1.069706,-0.844161,1.894265,1.019891,1.840048,-0.596126,-0.692649,2.171965,1,0,1.0000,1.0000,1,1,0,0,0.0000,0.0000,,,,,127012,124597,885,293,124724,123335,2288,1260,0,2,0.48382,0.09485,0
1786018563.8636,B_right_diagonal_up_left_down_right,B,right,0,,,990,151.2000,345.7000,130.5000,192.4000,151.6000,0.0000,360.0000,336.6000,76.1000,0.0000,122.6000,0.0000,198.9000,0.0000,-0.85200,-0.03100,0.41800,1.75000,3.94000,2.00000,0.18800,0.14500,0.88600,-1.16000,0.13000,-0.47000,10.0,1.8,0.0,1.0,0.690488,0.345727,1.175876,-0.961179,0.416098,1.666607,-0.089600,0.486000,0.869300,0.003200,0.133500,0.542300,0.828800,0.034500,0.689123,0.336478,1.197861,-0.248337,0.208308,1.318664,-2.010883,-1.414743,-1.535312,-1.126577,-3.037403,0.537656,1.071454,-0.844161,1.894265,1.019891,1.840048,-0.596126,-0.692649,2.171965,1,0,1.0000,1.0000,1,1,0,0,0.0000,0.0000,,,,,127012,8094,885,263,124724,6894,2288,1200,0,0,0.48382,0.09485,0
1786018563.8789,B_right_diagonal_up_left_down_right,B,right,0,,,991,151.2000,345.7000,130.5000,192.4000,151.6000,0.0000,360.0000,336.6000,76.1000,0.0000,122.6000,0.0000,198.9000,0.0000,-0.85200,-0.03100,0.41800,1.75000,3.94000,2.00000,0.18800,0.14500,0.88600,-1.16000,0.13000,-0.47000,9.1,2.1,0.0,1.0,0.690488,0.345727,1.175876,-0.961179,0.416098,1.666607,-0.089600,0.486000,0.869300,0.003200,0.133500,0.542300,0.828800,0.034500,0.689123,0.336478,1.197861,-0.248337,0.208308,1.318664,-2.012065,-1.415853,-1.534437,-1.116369,-3.036711,0.539007,1.072202,-0.844161,1.894265,1.019891,1.840048,-0.596126,-0.692649,2.171965,1,0,1.0000,1.0000,1,1,0,0,0.0000,0.0000,,,,,127012,124597,885,293,124724,123335,2288,1260,0,2,0.48382,0.09485,0
1786018563.8803,B_right_diagonal_up_left_down_right,B,right,0,,,992,151.2000,345.7000,130.5000,192.4000,151.6000,0.0000,360.0000,336.6000,76.1000,0.0000,122.6000,0.0000,198.9000,0.0000,-0.85200,-0.03100,0.41800,1.75000,3.94000,2.00000,0.18800,0.14500,0.88600,-1.16000,0.13000,-0.47000,9.1,2.1,0.0,1.0,0.690488,0.345727,1.175876,-0.961179,0.416098,1.666607,-0.089600,0.486000,0.869300,0.003200,0.133500,0.542300,0.828800,0.034500,0.689123,0.336478,1.197861,-0.248337,0.208308,1.318664,-2.012065,-1.415853,-1.534437,-1.116369,-3.036711,0.539007,1.072202,-0.844161,1.894265,1.019891,1.840048,-0.596126,-0.692649,2.171965,1,0,1.0000,1.0000,1,1,0,0,0.0000,0.0000,,,,,127012,124597,885,293,124724,123335,2288,1260,0,2,0.48382,0.09485,0
1786018563.8998,B_right_diagonal_up_left_down_right,B,right,0,,,993,151.0000,345.6000,130.4000,192.4000,151.7000,0.0000,360.0000,336.5000,76.2000,0.0000,122.4000,0.0000,198.9000,0.0000,-0.84100,-0.05400,0.39700,2.34000,-0.88000,1.24000,0.18200,0.15200,0.90200,-2.99000,0.46000,-1.51000,9.1,2.1,0.0,1.0,0.691020,0.345681,1.175970,-0.961179,0.416098,1.666607,-0.089600,0.486000,0.869300,0.003200,0.133500,0.542300,0.828800,0.034500,0.691350,0.335474,1.197900,-0.248337,0.208308,1.318664,-2.014165,-1.417824,-1.532882,-1.098229,-3.035481,0.541409,1.073533,-0.844161,1.894265,1.019891,1.840048,-0.596126,-0.692649,2.171965,1,0,1.0000,1.0000,1,1,0,0,0.0000,0.0000,,,,,127012,8094,885,263,124724,6894,2288,1200,0,0,0.48382,0.09485,0
1786018563.9286,B_right_diagonal_up_left_down_right,B,right,0,,,994,151.0000,345.6000,130.4000,192.4000,151.7000,0.0000,360.0000,336.5000,76.2000,0.0000,122.4000,0.0000,198.9000,0.0000,-0.84100,-0.05400,0.39700,2.34000,-0.88000,1.24000,0.18200,0.15200,0.90200,-2.99000,0.46000,-1.51000,9.1,2.1,0.0,1.0,0.691020,0.345681,1.175970,-0.961179,0.416098,1.666607,-0.089600,0.486000,0.869300,0.003200,0.133500,0.542300,0.828800,0.034500,0.691350,0.335474,1.197900,-0.248337,0.208308,1.318664,-2.016115,-1.419656,-1.531438,-1.081383,-3.034338,0.543639,1.074768,-0.844161,1.894265,1.019891,1.840048,-0.596126,-0.692649,2.171965,1,0,1.0000,1.0000,1,1,0,0,0.0000,0.0000,,,,,127012,124597,885,293,124724,123335,2288,1260,0,2,0.48382,0.09485,0
1786018563.9419,B_right_diagonal_up_left_down_right,B,right,0,,,995,151.0000,345.6000,130.4000,192.4000,151.7000,0.0000,360.0000,336.5000,76.2000,0.0000,122.4000,0.0000,198.9000,0.0000,-0.84100,-0.05400,0.39700,2.34000,-0.88000,1.24000,0.18200,0.15200,0.90200,-2.99000,0.46000,-1.51000,9.4,1.0,0.0,1.0,0.691020,0.345681,1.175970,-0.961179,0.416098,1.666607,-0.089600,0.486000,0.869300,0.003200,0.133500,0.542300,0.828800,0.034500,0.693589,0.334455,1.197944,-0.248337,0.208308,1.318664,-2.016793,-1.420293,-1.530935,-1.075520,-3.033941,0.544416,1.075198,-0.844161,1.894265,1.019891,1.840048,-0.596126,-0.692649,2.171965,1,0,1.0000,1.0000,1,1,0,0,0.0000,0.0000,,,,,127012,124597,885,293,124724,123335,2288,1260,0,2,0.48382,0.09485,0
1786018563.9616,B_right_diagonal_up_left_down_right,B,right,0,,,996,151.2000,345.7000,130.4000,192.4000,152.7000,0.0000,360.0000,336.6000,76.1000,0.0000,122.5000,0.0000,198.9000,0.0000,-0.84200,-0.03900,0.40700,2.54000,2.06000,0.68000,0.18400,0.15500,0.92600,-1.38000,0.51000,-2.27000,9.2,0.8,0.0,1.0,0.888941,0.346978,1.094428,-0.248336,0.208308,1.318662,-0.089600,0.486000,0.869300,0.003200,0.133500,0.542300,0.828800,0.034500,0.693589,0.334455,1.197944,-0.248337,0.208308,1.318664,-2.017472,-1.420930,-1.530432,-1.069656,-3.033543,0.545192,1.075629,-0.844161,1.894265,1.019891,1.840048,-0.596126,-0.692649,2.171965,1,0,1.0000,1.0000,1,1,0,0,0.0000,0.0000,,,,,7470,124597,841,293,5489,123335,1981,1260,0,2,0.48382,0.09485,0
1786018563.9780,B_right_diagonal_up_left_down_right,B,right,0,,,997,151.2000,345.7000,130.4000,192.4000,152.7000,0.0000,360.0000,336.6000,76.1000,0.0000,122.5000,0.0000,198.9000,0.0000,-0.84200,-0.03900,0.40700,2.54000,2.06000,0.68000,0.18400,0.15500,0.92600,-1.38000,0.51000,-2.27000,9.6,0.9,0.0,1.0,0.888941,0.346978,1.094428,-0.248336,0.208308,1.318662,-0.089600,0.486000,0.869300,0.003200,0.133500,0.542300,0.828800,0.034500,0.693589,0.334455,1.197944,-0.248337,0.208308,1.318664,-2.018825,-1.422201,-1.529431,-1.057970,-3.032750,0.546739,1.076486,-0.844161,1.894265,1.019891,1.840048,-0.596126,-0.692649,2.171965,1,0,1.0000,1.0000,1,1,0,0,0.0000,0.0000,,,,,127012,8094,885,263,124724,6894,2288,1200,0,0,0.48382,0.09485,0
1786018564.0030,B_right_diagonal_up_left_down_right,B,right,0,,,998,151.2000,345.7000,130.4000,192.4000,152.7000,0.0000,360.0000,336.6000,76.1000,0.0000,122.5000,0.0000,198.9000,0.0000,-0.84200,-0.03900,0.40700,2.54000,2.06000,0.68000,0.18400,0.15500,0.92600,-1.38000,0.51000,-2.27000,9.6,0.9,0.0,1.0,0.888941,0.346978,1.094428,-0.248336,0.208308,1.318662,-0.089600,0.486000,0.869300,0.003200,0.133500,0.542300,0.828800,0.034500,0.700916,0.331058,1.198060,-0.248337,0.208308,1.318664,-2.020176,-1.423470,-1.528430,-1.046295,-3.031959,0.548285,1.077342,-0.844161,1.894265,1.019891,1.840048,-0.596126,-0.692649,2.171965,1,0,1.0000,1.0000,1,1,0,0,0.0000,0.0000,,,,,127012,124597,885,293,124724,123335,2288,1260,0,2,0.48382,0.09485,0
1786018564.0247,B_right_diagonal_up_left_down_right,B,right,0,,,999,151.2000,345.7000,130.4000,192.4000,152.7000,0.0000,360.0000,336.6000,76.1000,0.0000,122.5000,0.0000,198.9000,0.0000,-0.84200,-0.03900,0.40700,2.54000,2.06000,0.68000,0.18400,0.15500,0.92600,-1.38000,0.51000,-2.27000,9.6,0.9,0.0,1.0,0.888941,0.346978,1.094428,-0.248336,0.208308,1.318662,-0.089600,0.486000,0.869300,0.003200,0.133500,0.542300,0.828800,0.034500,0.700916,0.331058,1.198060,-0.248337,0.208308,1.318664,-2.022233,-1.425401,-1.526907,-1.028532,-3.030754,0.550637,1.078645,-0.844161,1.894265,1.019891,1.840048,-0.596126,-0.692649,2.171965,1,0,1.0000,1.0000,1,1,0,0,0.0000,0.0000,,,,,7470,124597,842,293,5489,123335,1981,1260,0,2,0.48382,0.09485,0
1786018564.0439,B_right_diagonal_up_left_down_right,B,right,0,,,1000,151.2000,345.7000,130.4000,192.4000,152.7000,0.0000,360.0000,336.6000,76.1000,0.0000,122.5000,0.0000,198.9000,0.0000,-0.84200,-0.03900,0.40700,2.54000,2.06000,0.68000,0.18400,0.15500,0.92600,-1.38000,0.51000,-2.27000,9.6,0.9,0.0,1.0,0.888941,0.346978,1.094428,-0.248336,0.208308,1.318662,-0.089600,0.486000,0.869300,0.003200,0.133500,0.542300,0.828800,0.034500,0.700916,0.331058,1.198060,-0.248337,0.208308,1.318664,-2.022909,-1.426036,-1.526406,-1.022691,-3.030358,0.551410,1.079073,-0.844161,1.894265,1.019891,1.840048,-0.596126,-0.692649,2.171965,1,0,1.0000,1.0000,1,1,0,0,0.0000,0.0000,,,,,127012,8094,885,263,124724,6894,2288,1200,0,0,0.48382,0.09485,0
1786018564.0609,B_right_diagonal_up_left_down_right,B,right,0,,,1001,151.1000,345.7000,130.5000,192.5000,151.7000,0.0000,360.0000,336.6000,76.1000,0.0000,122.1000,0.0000,198.7000,0.0000,-0.83600,-0.03800,0.41000,3.31000,1.88000,3.39000,0.19400,0.13100,0.91700,-2.12000,-0.21000,0.16000,9.5,1.7,0.0,1.0,0.746459,0.038807,1.294174,0.046085,0.205566,1.229157,-0.089600,0.486000,0.869300,0.003200,0.133500,0.542300,0.828800,0.034500,0.700916,0.331058,1.198060,-0.248337,0.208308,1.318664,-2.024916,-1.427920,-1.524920,-1.005354,-3.029182,0.553706,1.080345,-0.844161,1.894265,1.019891,1.840048,-0.596126,-0.692649,2.171965,1,0,1.0000,1.0000,1,1,0,0,0.0000,0.0000,,,,,127012,124597,886,293,124724,123335,2288,1260,0,2,0.48382,0.09485,0
1786018564.0793,B_right_diagonal_up_left_down_right,B,right,0,,,1002,151.1000,345.7000,130.5000,192.5000,151.7000,0.0000,360.0000,336.6000,76.1000,0.0000,122.1000,0.0000,198.7000,0.0000,-0.83600,-0.03800,0.41000,3.31000,1.88000,3.39000,0.19400,0.13100,0.91700,-2.12000,-0.21000,0.16000,9.5,1.7,0.0,1.0,0.746459,0.038807,1.294174,0.046085,0.205566,1.229157,-0.089600,0.486000,0.869300,0.003200,0.133500,0.542300,0.828800,0.034500,0.700916,0.331058,1.198060,-0.248337,0.208308,1.318664,-2.025591,-1.428555,-1.524420,-0.999520,-3.028787,0.554478,1.080773,-0.844161,1.894265,1.019891,1.840048,-0.596126,-0.692649,2.171965,1,0,1.0000,1.0000,1,1,0,0,0.0000,0.0000,,,,,7471,8094,842,263,5489,6894,1982,1200,0,0,0.48829,0.09485,0
1786018564.0989,B_right_diagonal_up_left_down_right,B,right,0,,,1003,151.1000,345.7000,130.5000,192.5000,151.7000,0.0000,360.0000,336.6000,76.1000,0.0000,122.1000,0.0000,198.7000,0.0000,-0.83600,-0.03800,0.41000,3.31000,1.88000,3.39000,0.19400,0.13100,0.91700,-2.12000,-0.21000,0.16000,9.5,1.7,0.0,1.0,0.746459,0.038807,1.294174,0.046085,0.205566,1.229157,-0.089600,0.486000,0.869300,0.003200,0.133500,0.542300,0.828800,0.034500,0.737422,0.312551,1.199425,-0.248337,0.208308,1.318664,-2.026303,-1.429223,-1.523892,-0.993370,-3.028370,0.555293,1.081224,-0.844161,1.894265,1.019891,1.840048,-0.596126,-0.692649,2.171965,1,0,1.0000,1.0000,1,1,0,0,0.0000,0.0000,,,,,127012,8094,886,264,124724,6894,2288,1200,0,0,0.48382,0.09485,0
1786018564.1283,B_right_diagonal_up_left_down_right,B,right,0,,,1004,151.1000,345.7000,130.5000,192.5000,151.7000,0.0000,360.0000,336.6000,76.1000,0.0000,122.1000,0.0000,198.7000,0.0000,-0.83600,-0.03800,0.41000,3.31000,1.88000,3.39000,0.19400,0.13100,0.91700,-2.12000,-0.21000,0.16000,9.5,1.7,0.0,1.0,0.746459,0.038807,1.294174,0.046085,0.205566,1.229157,-0.089600,0.486000,0.869300,0.003200,0.133500,0.542300,0.828800,0.034500,0.737422,0.312551,1.199425,-0.248337,0.208308,1.318664,-2.025125,-1.428046,-1.524773,-0.994566,3.254091,0.554115,1.080490,-0.844161,1.894265,1.019891,1.840048,-0.596126,-0.692649,2.171965,1,0,1.0000,1.0000,1,1,0,0,0.0000,0.0000,,,,,7471,8094,842,264,5489,6894,1982,1200,0,0,0.48829,0.09485,0
1786018564.1511,B_right_diagonal_up_left_down_right,B,right,0,,,1005,151.1000,345.7000,130.5000,192.5000,151.7000,0.0000,360.0000,336.6000,76.1000,0.0000,122.1000,0.0000,198.7000,0.0000,-0.83600,-0.03800,0.41000,3.31000,1.88000,3.39000,0.19400,0.13100,0.91700,-2.12000,-0.21000,0.16000,9.5,1.7,0.0,1.0,0.746459,0.038807,1.294174,0.046085,0.205566,1.229157,-0.089600,0.486000,0.869300,0.003200,0.133500,0.542300,0.828800,0.034500,0.769071,0.293777,1.201323,-0.248337,0.208308,1.318664,-2.024758,-1.427679,-1.525047,-0.994939,3.253866,0.553748,1.080262,-0.844161,1.894265,1.019891,1.840048,-0.596126,-0.692649,2.171965,1,0,1.0000,1.0000,1,1,0,0,0.0000,0.0000,,,,,127012,124597,886,294,124724,123335,2288,1260,0,2,0.48382,0.09485,0
1786018564.1724,B_right_diagonal_up_left_down_right,B,right,0,,,1006,151.1000,345.7000,130.5000,192.5000,151.7000,0.0000,360.0000,336.6000,76.1000,0.0000,122.1000,0.0000,198.7000,0.0000,-0.83600,-0.03800,0.41000,3.31000,1.88000,3.39000,0.19400,0.13100,0.91700,-2.12000,-0.21000,0.16000,9.7,1.4,0.0,1.0,0.746459,0.038807,1.294174,0.046085,0.205566,1.229157,-0.089600,0.486000,0.869300,0.003200,0.133500,0.542300,0.828800,0.034500,0.769071,0.293777,1.201323,-0.248337,0.208308,1.318664,-2.023381,-1.426302,-1.526076,-0.996337,3.253019,0.552370,1.079404,-0.844161,1.894265,1.019891,1.840048,-0.596126,-0.692649,2.171965,1,0,1.0000,1.0000,1,1,0,0,0.0000,0.0000,,,,,7472,8094,842,264,5489,6894,1983,1200,0,0,0.49158,0.09485,0
1786018564.1819,B_right_diagonal_up_left_down_right,B,right,0,,,1007,151.1000,345.7000,130.5000,192.5000,151.7000,0.0000,360.0000,336.6000,76.1000,0.0000,122.1000,0.0000,198.7000,0.0000,-0.83600,-0.03800,0.41000,3.31000,1.88000,3.39000,0.19400,0.13100,0.91700,-2.12000,-0.21000,0.16000,9.7,1.4,0.0,1.0,0.746459,0.038807,1.294174,0.046085,0.205566,1.229157,-0.089600,0.486000,0.869300,0.003200,0.133500,0.542300,0.828800,0.034500,0.769071,0.293777,1.201323,-0.248337,0.208308,1.318664,-2.023381,-1.426302,-1.526076,-0.996337,3.253019,0.552370,1.079404,-0.844161,1.894265,1.019891,1.840048,-0.596126,-0.692649,2.171965,1,0,1.0000,1.0000,1,1,0,0,0.0000,0.0000,,,,,7472,8094,842,264,5489,6894,1983,1200,0,0,0.49158,0.09485,0
1786018564.1993,B_right_diagonal_up_left_down_right,B,right,0,,,1008,151.1000,345.7000,130.5000,192.5000,151.7000,0.0000,360.0000,336.6000,76.1000,0.0000,122.1000,0.0000,198.7000,0.0000,-0.83600,-0.03800,0.41000,3.31000,1.88000,3.39000,0.19400,0.13100,0.91700,-2.12000,-0.21000,0.16000,9.4,1.2,0.0,1.0,0.746459,0.038807,1.294174,0.046085,0.205566,1.229157,-0.089600,0.486000,0.869300,0.003200,0.133500,0.542300,0.828800,0.034500,0.769071,0.293777,1.201323,-0.248337,0.208308,1.318664,-2.022332,-1.425253,-1.526861,-0.997403,3.252373,0.551320,1.078750,-0.844161,1.894265,1.019891,1.840048,-0.596126,-0.692649,2.171965,1,0,1.0000,1.0000,1,1,0,0,0.0000,0.0000,,,,,7472,124597,842,294,5489,123335,1983,1260,0,2,0.49158,0.09485,0
1786018564.2268,B_right_diagonal_up_left_down_right,B,right,0,,,1009,151.0000,345.7000,130.5000,192.4000,152.7000,0.0000,360.0000,336.6000,76.0000,0.0000,122.5000,0.0000,198.8000,0.0000,-0.83500,-0.04500,0.39400,2.67000,-0.34000,2.37000,0.17700,0.12800,0.90100,-1.81000,-0.05000,-0.34000,9.1,0.9,0.0,1.0,0.691569,0.345642,1.176066,0.046085,0.205566,1.229157,-0.089600,0.486000,0.869300,0.003200,0.133500,0.542300,0.828800,0.034500,0.798245,0.274060,1.204265,-0.248337,0.208308,1.318664,-2.021668,-1.424589,-1.527357,-0.998077,3.251965,0.550656,1.078336,-0.844161,1.894265,1.019891,1.840048,-0.596126,-0.692649,2.171965,1,0,1.0000,1.0000,1,1,0,0,0.0000,0.0000,,,,,127012,124597,886,294,124724,123335,2288,1260,0,2,0.48382,0.09485,0
1786018564.2414,B_right_diagonal_up_left_down_right,B,right,0,,,1010,151.3000,345.7000,130.5000,192.4000,153.3000,0.0000,360.0000,336.6000,76.0000,0.0000,122.5000,0.0000,198.9000,0.0000,-0.84800,-0.03400,0.40300,2.68000,4.15000,2.99000,0.17700,0.13700,0.90300,-1.56000,-0.89000,-1.60000,9.1,0.9,0.0,1.0,0.692025,0.345686,1.176145,-0.961179,0.416098,1.666607,-0.089600,0.486000,0.869300,0.003200,0.133500,0.542300,0.828800,0.034500,0.798245,0.274060,1.204265,-0.248337,0.208308,1.318664,-2.020968,-1.423889,-1.527880,-0.998788,3.251535,0.549956,1.077900,-0.844161,1.894265,1.019891,1.840048,-0.596126,-0.692649,2.171965,1,0,1.0000,1.0000,1,1,0,0,0.0000,0.0000,,,,,7472,8094,842,264,5489,6894,1983,1200,0,0,0.49158,0.09485,0
1786018564.2740,B_right_diagonal_up_left_down_right,B,right,0,,,1011,151.3000,345.7000,130.5000,192.4000,153.3000,0.0000,360.0000,336.6000,76.0000,0.0000,122.5000,0.0000,198.9000,0.0000,-0.84800,-0.03400,0.40300,2.68000,4.15000,2.99000,0.17700,0.13700,0.90300,-1.56000,-0.89000,-1.60000,9.1,0.9,0.0,1.0,0.692025,0.345686,1.176145,-0.961179,0.416098,1.666607,-0.089600,0.486000,0.869300,0.003200,0.133500,0.542300,0.828800,0.034500,0.798245,0.274060,1.204265,-0.248337,0.208308,1.318664,-2.019923,-1.422844,-1.528662,-0.999849,3.250892,0.548911,1.077249,-0.844161,1.894265,1.019891,1.840048,-0.596126,-0.692649,2.171965,1,0,1.0000,1.0000,1,1,0,0,0.0000,0.0000,,,,,127012,124597,887,294,124724,123335,2288,1260,0,2,0.48382,0.09485,0
1786018564.2852,B_right_diagonal_up_left_down_right,B,right,0,,,1012,151.3000,345.7000,130.5000,192.4000,153.3000,0.0000,360.0000,336.6000,76.0000,0.0000,122.5000,0.0000,198.9000,0.0000,-0.84800,-0.03400,0.40300,2.68000,4.15000,2.99000,0.17700,0.13700,0.90300,-1.56000,-0.89000,-1.60000,9.1,0.9,0.0,1.0,0.692025,0.345686,1.176145,-0.961179,0.416098,1.666607,-0.089600,0.486000,0.869300,0.003200,0.133500,0.542300,0.828800,0.034500,0.798245,0.274060,1.204265,-0.248337,0.208308,1.318664,-2.019591,-1.422512,-1.528910,-1.000186,3.250688,0.548579,1.077042,-0.844161,1.894265,1.019891,1.840048,-0.596126,-0.692649,2.171965,1,0,1.0000,1.0000,1,1,0,0,0.0000,0.0000,,,,,7472,8094,842,264,5489,6894,1983,1200,0,0,0.49158,0.09485,0
1786018564.3070,B_right_diagonal_up_left_down_right,B,right,0,,,1013,151.3000,345.7000,130.5000,192.4000,153.3000,0.0000,360.0000,336.6000,76.0000,0.0000,122.5000,0.0000,198.9000,0.0000,-0.84800,-0.03400,0.40300,2.68000,4.15000,2.99000,0.17700,0.13700,0.90300,-1.56000,-0.89000,-1.60000,9.7,2.4,0.0,1.0,0.692025,0.345686,1.176145,-0.961179,0.416098,1.666607,-0.089600,0.486000,0.869300,0.003200,0.133500,0.542300,0.828800,0.034500,0.814370,0.262161,1.206568,-0.248337,0.208308,1.318664,-2.018899,-1.421820,-1.529427,-1.000889,3.250262,0.547886,1.076611,-0.844161,1.894265,1.019891,1.840048,-0.596126,-0.692649,2.171965,1,0,1.0000,1.0000,1,1,0,0,0.0000,0.0000,,,,,7472,8094,842,265,5489,6894,1983,1200,0,0,0.49158,0.09485,0
1786018564.3232,B_right_diagonal_up_left_down_right,B,right,0,,,1014,151.0000,345.7000,130.5000,192.4000,152.7000,0.0000,360.0000,336.6000,75.9000,0.0000,122.5000,0.0000,198.9000,0.0000,-0.84200,-0.04300,0.41700,4.60000,0.09000,3.54000,0.19800,0.14400,0.91400,-1.69000,-1.89000,-2.23000,9.7,2.4,0.0,1.0,0.888502,0.346955,1.094359,-0.961179,0.416098,1.666607,-0.089600,0.486000,0.869300,0.003200,0.133500,0.542300,0.828800,0.034500,0.814370,0.262161,1.206568,-0.248337,0.208308,1.318664,-2.018899,-1.421820,-1.529427,-1.000889,3.250262,0.547886,1.076611,-0.844161,1.894265,1.019891,1.840048,-0.596126,-0.692649,2.171965,1,0,1.0000,1.0000,1,1,0,0,0.0000,0.0000,,,,,127012,8094,887,265,124724,6894,2288,1200,0,0,0.48382,0.09485,0
1786018564.3420,B_right_diagonal_up_left_down_right,B,right,0,,,1015,151.0000,345.7000,130.5000,192.4000,152.7000,0.0000,360.0000,336.6000,75.9000,0.0000,122.5000,0.0000,198.9000,0.0000,-0.84200,-0.04300,0.41700,4.60000,0.09000,3.54000,0.19800,0.14400,0.91400,-1.69000,-1.89000,-2.23000,9.7,2.4,0.0,1.0,0.888502,0.346955,1.094359,-0.248336,0.208308,1.318662,-0.089600,0.486000,0.869300,0.003200,0.133500,0.542300,0.828800,0.034500,0.814370,0.262161,1.206568,-0.248337,0.208308,1.318664,-2.018899,-1.421820,-1.529427,-1.000889,3.250262,0.547886,1.076611,-0.844161,1.894265,1.019891,1.840048,-0.596126,-0.692649,2.171965,1,0,1.0000,1.0000,1,1,0,0,0.0000,0.0000,,,,,127012,8094,887,265,124724,6894,2288,1200,0,0,0.48382,0.09485,0
1786018564.3661,B_right_diagonal_up_left_down_right,B,right,0,,,1016,151.0000,345.7000,130.5000,192.4000,152.7000,0.0000,360.0000,336.6000,75.9000,0.0000,122.5000,0.0000,198.9000,0.0000,-0.84200,-0.04300,0.41700,4.60000,0.09000,3.54000,0.19800,0.14400,0.91400,-1.69000,-1.89000,-2.23000,9.7,2.4,0.0,1.0,0.888502,0.346955,1.094359,-0.248336,0.208308,1.318662,-0.089600,0.486000,0.869300,0.003200,0.133500,0.542300,0.828800,0.034500,0.803229,0.271924,1.202186,-0.248337,0.208308,1.318664,-2.017176,-1.420097,-1.530715,-1.002638,3.249203,0.546163,1.075538,-0.844161,1.894265,1.019891,1.840048,-0.596126,-0.692649,2.171965,1,0,1.0000,1.0000,1,1,0,0,0.0000,0.0000,,,,,127013,8094,887,265,124725,6894,2288,1200,0,0,0.54062,0.09485,0
1786018564.4041,B_right_diagonal_up_left_down_right,B,right,0,,,1017,151.3000,345.8000,130.5000,192.4000,152.5000,0.0000,360.0000,336.6000,75.7000,0.0000,122.5000,0.0000,198.9000,0.0000,-0.84900,-0.04000,0.40000,0.69000,3.41000,1.34000,0.17100,0.14000,0.89600,-0.56000,-0.88000,-1.86000,10.0,1.8,0.0,1.0,0.692446,0.345714,1.176219,-0.961179,0.416098,1.666607,-0.089600,0.486000,0.869300,0.003200,0.133500,0.542300,0.828800,0.034500,0.803229,0.271924,1.202186,-0.248337,0.208308,1.318664,-2.016413,-1.419334,-1.531286,-1.003414,3.248733,0.545400,1.075062,-0.844161,1.894265,1.019891,1.840048,-0.596126,-0.692649,2.171965,1,0,1.0000,1.0000,1,1,0,0,0.0000,0.0000,,,,,7474,8094,842,265,5491,6894,1983,1200,0,0,0.54997,0.09485,0
1786018564.4053,B_right_diagonal_up_left_down_right,B,right,0,,,1018,151.3000,345.8000,130.5000,192.4000,152.5000,0.0000,360.0000,336.6000,75.7000,0.0000,122.5000,0.0000,198.9000,0.0000,-0.84900,-0.04000,0.40000,0.69000,3.41000,1.34000,0.17100,0.14000,0.89600,-0.56000,-0.88000,-1.86000,10.0,1.8,0.0,1.0,0.692446,0.345714,1.176219,-0.961179,0.416098,1.666607,-0.089600,0.486000,0.869300,0.003200,0.133500,0.542300,0.828800,0.034500,0.803229,0.271924,1.202186,-0.248337,0.208308,1.318664,-2.016413,-1.419334,-1.531286,-1.003414,3.248733,0.545400,1.075062,-0.844161,1.894265,1.019891,1.840048,-0.596126,-0.692649,2.171965,1,0,1.0000,1.0000,1,1,0,0,0.0000,0.0000,,,,,7474,8094,842,265,5491,6894,1983,1200,0,0,0.54997,0.09485,0
1786018564.4282,B_right_diagonal_up_left_down_right,B,right,0,,,1019,1.0000,345.7000,130.4000,192.4000,152.4000,0.0000,360.0000,336.6000,75.7000,0.0000,122.5000,0.0000,198.9000,0.0000,-0.84300,-0.04200,0.39700,0.03000,4.40000,1.19000,0.17100,0.14000,0.89600,-0.56000,-0.88000,-1.86000,10.1,1.3,0.0,1.0,0.692701,0.345735,1.176262,-0.961179,0.416098,1.666607,-0.089600,0.486000,0.869300,0.003200,0.133500,0.542300,0.828800,0.034500,0.782526,0.288654,1.195168,-0.248337,0.208308,1.318664,-2.015072,-1.417993,-1.532288,-1.004776,3.247908,0.544058,1.074226,-0.844161,1.894265,1.019891,1.840048,-0.596126,-0.692649,2.171965,1,0,1.0000,1.0000,0,1,1,0,0.0372,0.0000,,,,,127013,124597,887,295,124725,123335,2288,1260,0,2,0.54062,0.09485,0
1786018564.4702,B_right_diagonal_up_left_down_right,B,right,0,,,1020,1.0000,345.7000,130.4000,192.4000,152.4000,0.0000,360.0000,336.6000,75.7000,0.0000,122.5000,0.0000,198.9000,0.0000,-0.84300,-0.04200,0.39700,0.03000,4.40000,1.19000,0.17100,0.14000,0.89600,-0.56000,-0.88000,-1.86000,10.1,1.3,0.0,1.0,0.692701,0.345735,1.176262,-0.961179,0.416098,1.666607,-0.089600,0.486000,0.869300,0.003200,0.133500,0.542300,0.828800,0.034500,0.782526,0.288654,1.195168,-0.248337,0.208308,1.318664,-2.015072,-1.417993,-1.532288,-1.004776,3.247908,0.544058,1.074226,-0.844161,1.894265,1.019891,1.840048,-0.596126,-0.692649,2.171965,1,0,1.0000,1.0000,0,1,1,0,0.0372,0.0000,,,,,127013,124597,887,295,124725,123335,2288,1260,0,2,0.54062,0.09485,0
1786018564.4727,B_right_diagonal_up_left_down_right,B,right,0,,,1021,151.3000,345.7000,130.4000,192.4000,152.2000,0.0000,360.0000,336.6000,75.7000,0.0000,122.4000,0.0000,198.9000,0.0000,-0.84000,-0.03900,0.41700,1.48000,3.29000,1.52000,0.18100,0.14600,0.91100,0.29000,-1.08000,-0.49000,10.1,1.7,0.0,1.0,0.691408,0.345800,1.176040,-0.961179,0.416098,1.666607,-0.089600,0.486000,0.869300,0.003200,0.133500,0.542300,0.828800,0.034500,0.782526,0.288654,1.195168,-0.248337,0.208308,1.318664,-2.013348,-1.416270,-1.533577,-1.006526,3.246848,0.542334,1.073152,-0.844161,1.894265,1.019891,1.840048,-0.596126,-0.692649,2.171965,1,0,1.0000,1.0000,1,1,0,0,0.0000,0.0000,,,,,127013,8094,887,265,124725,6894,2288,1200,0,0,0.54062,0.09485,0
1786018564.4918,B_right_diagonal_up_left_down_right,B,right,0,,,1022,151.3000,345.7000,130.4000,192.4000,152.2000,0.0000,360.0000,336.6000,75.7000,0.0000,122.4000,0.0000,198.9000,0.0000,-0.84000,-0.03900,0.41700,1.48000,3.29000,1.52000,0.18100,0.14600,0.91100,0.29000,-1.08000,-0.49000,10.1,1.7,0.0,1.0,0.691408,0.345800,1.176040,-0.961179,0.416098,1.666607,-0.089600,0.486000,0.869300,0.003200,0.133500,0.542300,0.828800,0.034500,0.782526,0.288654,1.195168,-0.248337,0.208308,1.318664,-2.013348,-1.416270,-1.533577,-1.006526,3.246848,0.542334,1.073152,-0.844161,1.894265,1.019891,1.840048,-0.596126,-0.692649,2.171965,1,0,1.0000,1.0000,1,1,0,0,0.0000,0.0000,,,,,127013,8094,887,265,124725,6894,2288,1200,0,0,0.54062,0.09485,0
1786018564.5045,B_right_diagonal_up_left_down_right,B,right,0,,,1023,151.3000,345.7000,130.4000,192.7000,152.1000,0.0000,360.0000,336.6000,75.7000,0.0000,122.3000,0.0000,198.9000,0.0000,-0.84300,-0.03700,0.40700,1.40000,2.63000,1.79000,0.18800,0.14900,0.91700,0.00000,-0.32000,-1.17000,9.9,1.7,0.0,1.0,0.889104,0.346974,1.094418,-0.248336,0.208308,1.318662,-0.089600,0.486000,0.869300,0.003200,0.133500,0.542300,0.828800,0.034500,0.782526,0.288654,1.195168,-0.248337,0.208308,1.318664,-2.006682,-1.409604,-1.538416,-1.013203,3.242777,0.535667,1.069189,-0.844161,1.894265,1.019891,1.840048,-0.596126,-0.692649,2.171965,1,0,1.0000,1.0000,1,1,0,0,0.0000,0.0000,,,,,7474,8094,842,265,5491,6894,1983,1200,0,0,0.54997,0.09485,0
1786018564.5202,B_right_diagonal_up_left_down_right,B,right,0,,,1024,151.3000,345.7000,130.4000,192.7000,152.1000,0.0000,360.0000,336.6000,75.7000,0.0000,122.3000,0.0000,198.9000,0.0000,-0.84300,-0.03700,0.40700,1.40000,2.63000,1.79000,0.18800,0.14900,0.91700,0.00000,-0.32000,-1.17000,9.9,1.7,0.0,1.0,0.889104,0.346974,1.094418,-0.248336,0.208308,1.318662,-0.089600,0.486000,0.869300,0.003200,0.133500,0.542300,0.828800,0.034500,0.782526,0.288654,1.195168,-0.248337,0.208308,1.318664,-2.006682,-1.409604,-1.538416,-1.013203,3.242777,0.535667,1.069189,-0.844161,1.894265,1.019891,1.840048,-0.596126,-0.692649,2.171965,1,0,1.0000,1.0000,1,1,0,0,0.0000,0.0000,,,,,7474,8094,842,265,5491,6894,1983,1200,0,0,0.54997,0.09485,0
1786018564.5568,B_right_diagonal_up_left_down_right,B,right,0,,,1025,151.3000,345.7000,130.4000,192.6000,152.3000,0.0000,360.0000,336.6000,75.7000,0.0000,122.2000,0.0000,198.9000,0.0000,-0.84100,-0.03600,0.40600,1.94000,0.77000,2.18000,0.17900,0.13800,0.90000,-1.22000,0.53000,-2.25000,9.9,1.1,0.0,1.0,0.746885,0.038822,1.294220,0.046085,0.205566,1.229157,-0.089600,0.486000,0.869300,0.003200,0.133500,0.542300,0.828800,0.034500,0.760308,0.304855,1.188973,-0.248337,0.208308,1.318664,-1.977515,-1.380437,-1.559517,-1.042369,3.224978,0.506500,1.051939,-0.844161,1.894265,1.019891,1.840048,-0.596126,-0.692649,2.171965,1,0,1.0000,1.0000,1,1,0,0,0.0000,0.0000,,,,,7474,8094,842,265,5491,6894,1983,1200,0,0,0.54997,0.09485,0
1786018564.5596,B_right_diagonal_up_left_down_right,B,right,0,,,1026,151.3000,345.7000,130.4000,192.6000,152.3000,0.0000,360.0000,336.6000,75.7000,0.0000,122.2000,0.0000,198.9000,0.0000,-0.84100,-0.03600,0.40600,1.94000,0.77000,2.18000,0.17900,0.13800,0.90000,-1.22000,0.53000,-2.25000,9.9,1.1,0.0,1.0,0.746885,0.038822,1.294220,0.046085,0.205566,1.229157,-0.089600,0.486000,0.869300,0.003200,0.133500,0.542300,0.828800,0.034500,0.760308,0.304855,1.188973,-0.248337,0.208308,1.318664,-1.977515,-1.380437,-1.559517,-1.042369,3.224978,0.506500,1.051939,-0.844161,1.894265,1.019891,1.840048,-0.596126,-0.692649,2.171965,1,0,1.0000,1.0000,1,1,0,0,0.0000,0.0000,,,,,7474,8094,842,265,5491,6894,1983,1200,0,0,0.54997,0.09485,0
1786018564.5781,B_right_diagonal_up_left_down_right,B,right,0,,,1027,151.3000,345.7000,130.4000,192.6000,152.3000,0.0000,360.0000,336.6000,75.7000,0.0000,122.2000,0.0000,198.9000,0.0000,-0.84100,-0.03600,0.40600,1.94000,0.77000,2.18000,0.17900,0.13800,0.90000,-1.22000,0.53000,-2.25000,9.9,1.1,0.0,1.0,0.746885,0.038822,1.294220,0.046085,0.205566,1.229157,-0.089600,0.486000,0.869300,0.003200,0.133500,0.542300,0.828800,0.034500,0.760308,0.304855,1.188973,-0.248337,0.208308,1.318664,-1.977515,-1.380437,-1.559517,-1.042369,3.224978,0.506500,1.051939,-0.844161,1.894265,1.019891,1.840048,-0.596126,-0.692649,2.171965,1,0,1.0000,1.0000,1,1,0,0,0.0000,0.0000,,,,,7474,8094,842,265,5491,6894,1983,1200,0,0,0.54997,0.09485,0
1786018564.6133,B_right_diagonal_up_left_down_right,B,right,0,,,1028,151.2000,345.7000,130.4000,192.5000,152.8000,0.0000,360.0000,336.6000,75.7000,0.0000,122.1000,0.0000,198.9000,0.0000,-0.84200,-0.03500,0.39300,2.60000,1.04000,3.23000,0.16700,0.14000,0.89500,-1.73000,-0.58000,-0.89000,9.7,0.8,0.0,1.0,0.692397,0.345755,1.176202,-0.961179,0.416098,1.666607,-0.089600,0.486000,0.869300,0.003200,0.133500,0.542300,0.828800,0.034500,0.736482,0.320508,1.183566,-0.248337,0.208308,1.318664,-1.959432,-1.362354,-1.572598,-1.060451,3.213944,0.488418,1.041245,-0.844161,1.894265,1.019891,1.840048,-0.596126,-0.692649,2.171965,1,0,1.0000,1.0000,1,1,0,0,0.0000,0.0000,,,,,7474,8094,842,265,5491,6894,1983,1200,0,0,0.54997,0.09485,0
1786018564.6342,B_right_diagonal_up_left_down_right,B,right,0,,,1029,151.4000,345.7000,130.4000,192.5000,153.3000,0.0000,360.0000,336.6000,75.7000,0.0000,122.1000,0.0000,198.9000,0.0000,-0.84500,-0.04600,0.39700,1.89000,1.85000,3.52000,0.16700,0.14000,0.89500,-1.73000,-0.58000,-0.89000,9.7,0.8,0.0,1.0,0.692397,0.345755,1.176202,-0.961179,0.416098,1.666607,-0.089600,0.486000,0.869300,0.003200,0.133500,0.542300,0.828800,0.034500,0.710858,0.335611,1.178918,-0.248337,0.208308,1.318664,-1.959432,-1.362354,-1.572598,-1.060451,3.213944,0.488418,1.041245,-0.844161,1.894265,1.019891,1.840048,-0.596126,-0.692649,2.171965,1,0,1.0000,1.0000,1,1,0,0,0.0000,0.0000,,,,,7474,8094,842,265,5491,6894,1983,1200,0,0,0.54997,0.09485,0
1786018564.6472,B_right_diagonal_up_left_down_right,B,right,0,,,1030,151.4000,345.7000,130.4000,192.5000,153.3000,0.0000,360.0000,336.6000,75.7000,0.0000,122.1000,0.0000,198.9000,0.0000,-0.84500,-0.04600,0.39700,1.89000,1.85000,3.52000,0.16700,0.14000,0.89500,-1.73000,-0.58000,-0.89000,9.7,0.8,0.0,1.0,0.692397,0.345755,1.176202,-0.961179,0.416098,1.666607,-0.089600,0.486000,0.869300,0.003200,0.133500,0.542300,0.828800,0.034500,0.710858,0.335611,1.178918,-0.248337,0.208308,1.318664,-1.959432,-1.362354,-1.572598,-1.060451,3.213944,0.488418,1.041245,-0.844161,1.894265,1.019891,1.840048,-0.596126,-0.692649,2.171965,1,0,1.0000,1.0000,1,1,0,0,0.0000,0.0000,,,,,7474,8094,842,265,5491,6894,1983,1200,0,0,0.54997,0.09485,0
1786018564.6613,B_right_diagonal_up_left_down_right,B,right,0,,,1031,151.2000,345.6000,130.4000,192.6000,5.0000,0.0000,360.0000,336.6000,75.9000,0.0000,122.1000,0.0000,198.9000,0.0000,-0.84000,-0.04300,0.40300,4.19000,0.76000,0.66000,0.18700,0.13600,0.90300,-2.25000,-0.63000,-0.34000,8.3,2.0,0.0,1.0,0.890323,0.347004,1.094619,-0.248336,0.208308,1.318662,-0.089600,0.486000,0.869300,0.003200,0.133500,0.542300,0.828800,0.034500,0.710858,0.335611,1.178918,-0.248337,0.208308,1.318664,-1.925100,-1.328864,-1.594891,-1.094782,3.195561,0.454086,1.022677,-0.844161,1.894265,1.019891,1.840048,-0.596126,-0.692649,2.171965,1,0,1.0000,1.0000,1,1,0,0,0.0000,0.0000,,,,,7474,8094,843,266,5491,6894,1983,1200,0,0,0.54997,0.09485,0
1786018564.6847,B_right_diagonal_up_left_down_right,B,right,0,,,1032,151.2000,345.6000,130.4000,192.6000,5.0000,0.0000,360.0000,336.6000,75.6000,0.0000,122.1000,0.0000,198.9000,0.0000,-0.84000,-0.04300,0.40300,4.19000,0.76000,0.66000,0.20100,0.13700,0.89400,-4.24000,0.53000,0.58000,9.4,1.4,0.0,1.0,0.692104,0.345759,1.176123,-0.961179,0.416098,1.666607,-0.089600,0.486000,0.869300,0.003200,0.133500,0.542300,0.828800,0.034500,0.710858,0.335611,1.178918,-0.248337,0.208308,1.318664,-1.907736,-1.312021,-1.605878,-1.112146,3.186553,0.436722,1.013482,-0.844161,1.894265,1.019891,1.840048,-0.596126,-0.692649,2.171965,1,0,1.0000,1.0000,1,1,0,0,0.0000,0.0000,,,,,7474,124597,843,296,5491,123335,1983,1260,0,2,0.54997,0.09485,0
1786018564.7010,B_right_diagonal_up_left_down_right,B,right,0,,,1033,151.2000,345.6000,130.4000,192.6000,5.0000,0.0000,360.0000,336.6000,75.6000,0.0000,122.1000,0.0000,198.9000,0.0000,-0.84000,-0.04300,0.40300,4.19000,0.76000,0.66000,0.20100,0.13700,0.89400,-4.24000,0.53000,0.58000,9.4,1.4,0.0,1.0,0.692104,0.345759,1.176123,-0.961179,0.416098,1.666607,-0.089600,0.486000,0.869300,0.003200,0.133500,0.542300,0.828800,0.034500,0.710858,0.335611,1.178918,-0.248337,0.208308,1.318664,-1.907736,-1.312021,-1.605878,-1.112146,3.186553,0.436722,1.013482,-0.844161,1.894265,1.019891,1.840048,-0.596126,-0.692649,2.171965,1,0,1.0000,1.0000,1,1,0,0,0.0000,0.0000,,,,,7474,124597,843,296,5491,123335,1983,1260,0,2,0.54997,0.09485,0
1786018564.7329,B_right_diagonal_up_left_down_right,B,right,0,,,1034,151.2000,345.6000,130.4000,192.6000,5.0000,0.0000,360.0000,336.6000,75.6000,0.0000,122.1000,0.0000,198.9000,0.0000,-0.84000,-0.04300,0.40300,4.19000,0.76000,0.66000,0.20100,0.13700,0.89400,-4.24000,0.53000,0.58000,9.4,1.4,0.0,1.0,0.692104,0.345759,1.176123,-0.961179,0.416098,1.666607,-0.089600,0.486000,0.869300,0.003200,0.133500,0.542300,0.828800,0.034500,0.710858,0.335611,1.178918,-0.248337,0.208308,1.318664,-1.907736,-1.312021,-1.605878,-1.112146,3.186553,0.436722,1.013482,-0.844161,1.894265,1.019891,1.840048,-0.596126,-0.692649,2.171965,1,0,1.0000,1.0000,1,1,0,0,0.0000,0.0000,,,,,7474,124597,843,296,5491,123335,1983,1260,0,2,0.54997,0.09485,0
1786018564.7676,B_right_diagonal_up_left_down_right,B,right,0,,,1035,151.2000,345.6000,130.4000,192.6000,151.9000,0.0000,360.0000,336.7000,75.6000,0.0000,122.1000,0.0000,198.9000,0.0000,-0.83300,-0.04200,0.41500,0.56000,2.99000,2.50000,0.19600,0.13400,0.91200,-1.65000,-0.85000,-0.40000,9.2,1.6,0.0,1.0,0.889312,0.347023,1.094438,-0.961179,0.416098,1.666607,-0.089600,0.486000,0.869300,0.003200,0.133500,0.542300,0.828800,0.034500,0.692646,0.345404,1.176222,-0.248337,0.208308,1.318664,-1.873613,-1.278922,-1.627470,-1.146269,3.168852,0.402599,0.995412,-0.844161,1.894265,1.019891,1.840048,-0.596126,-0.692649,2.171965,1,0,1.0000,1.0000,1,1,0,0,0.0000,0.0000,,,,,7475,124597,843,297,5492,123335,1983,1260,0,2,0.49193,0.09485,0
1786018564.7682,B_right_diagonal_up_left_down_right,B,right,0,,,1036,151.2000,345.6000,130.4000,192.6000,151.9000,0.0000,360.0000,336.7000,75.6000,0.0000,122.1000,0.0000,198.9000,0.0000,-0.83300,-0.04200,0.41500,0.56000,2.99000,2.50000,0.19600,0.13400,0.91200,-1.65000,-0.85000,-0.40000,9.2,1.6,0.0,1.0,0.889312,0.347023,1.094438,-0.961179,0.416098,1.666607,-0.089600,0.486000,0.869300,0.003200,0.133500,0.542300,0.828800,0.034500,0.692646,0.345404,1.176222,-0.248337,0.208308,1.318664,-1.873613,-1.278922,-1.627470,-1.146269,3.168852,0.402599,0.995412,-0.844161,1.894265,1.019891,1.840048,-0.596126,-0.692649,2.171965,1,0,1.0000,1.0000,1,1,0,0,0.0000,0.0000,,,,,7475,124597,843,297,5492,123335,1983,1260,0,2,0.49193,0.09485,0
1786018564.7809,B_right_diagonal_up_left_down_right,B,right,0,,,1037,151.2000,356.0000,130.4000,192.4000,152.2000,0.0000,360.0000,336.7000,75.6000,0.0000,122.1000,0.0000,198.9000,0.0000,-0.83300,-0.04900,0.40300,3.07000,0.90000,2.70000,0.19700,0.13000,0.93500,-1.40000,-0.60000,0.00000,9.7,1.2,0.0,1.0,0.691324,0.345779,1.176026,-0.248336,0.208308,1.318662,-0.089600,0.486000,0.869300,0.003200,0.133500,0.542300,0.828800,0.034500,0.692646,0.345404,1.176222,-0.248337,0.208308,1.318664,-1.860958,-1.266651,-1.635455,-1.158802,-3.120893,0.389945,0.988730,-0.844161,1.894265,1.019891,1.840048,-0.596126,-0.692649,2.171965,1,0,1.0000,1.0000,1,1,0,0,0.0000,0.0000,,,,,127014,8094,888,266,124726,6894,2288,1200,0,0,0.49193,0.09485,0
1786018564.7981,B_right_diagonal_up_left_down_right,B,right,0,,,1038,151.2000,356.0000,130.4000,192.4000,152.2000,0.0000,360.0000,336.8000,75.6000,0.0000,122.1000,0.0000,198.9000,0.0000,-0.83300,-0.04900,0.40300,3.07000,0.90000,2.70000,0.18700,0.12800,0.90600,0.59000,0.57000,-2.23000,9.7,1.2,0.0,1.0,0.691324,0.345779,1.176026,-0.961179,0.416098,1.666607,-0.089600,0.486000,0.869300,0.003200,0.133500,0.542300,0.828800,0.034500,0.692020,0.345762,1.176106,-0.248337,0.208308,1.318664,-1.861229,-1.266918,-1.635268,-1.158443,-3.120747,0.390217,0.988887,-0.844161,1.894265,1.019891,1.840048,-0.596126,-0.692649,2.171965,1,0,1.0000,1.0000,1,1,0,0,0.0000,0.0000,,,,,7475,124597,843,297,5492,123335,1983,1260,0,2,0.49193,0.09485,0
1786018564.8244,B_right_diagonal_up_left_down_right,B,right,0,,,1039,151.2000,356.0000,130.4000,192.4000,152.2000,0.0000,360.0000,336.8000,75.6000,0.0000,122.1000,0.0000,198.9000,0.0000,-0.83300,-0.04900,0.40300,3.07000,0.90000,2.70000,0.18700,0.12800,0.90600,0.59000,0.57000,-2.23000,9.4,1.4,0.0,1.0,0.691324,0.345779,1.176026,-0.961179,0.416098,1.666607,-0.089600,0.486000,0.869300,0.003200,0.133500,0.542300,0.828800,0.034500,0.692020,0.345762,1.176106,-0.248337,0.208308,1.318664,-1.861544,-1.267228,-1.635051,-1.158027,-3.120577,0.390533,0.989070,-0.844161,1.894265,1.019891,1.840048,-0.596126,-0.692649,2.171965,1,0,1.0000,1.0000,1,1,0,0,0.0000,0.0000,,,,,7475,124597,843,297,5492,123335,1983,1260,0,2,0.49193,0.09485,0
1786018564.8618,B_right_diagonal_up_left_down_right,B,right,0,,,1040,151.1000,345.7000,130.3000,192.4000,153.1000,0.0000,360.0000,336.8000,75.6000,0.0000,122.1000,0.0000,198.9000,0.0000,-0.85200,-0.04100,0.40300,2.19000,4.66000,1.46000,0.18700,0.12800,0.90600,0.59000,0.57000,-2.23000,10.2,1.3,0.0,1.0,0.890168,0.346954,1.094607,-0.961179,0.416098,1.666607,-0.089600,0.486000,0.869300,0.003200,0.133500,0.542300,0.828800,0.034500,0.691850,0.345764,1.176060,-0.248337,0.208308,1.318664,-1.884298,-1.289437,-1.619324,-1.127880,-3.108471,0.413406,1.002202,-0.844161,1.894265,1.019891,1.840048,-0.596126,-0.692649,2.171965,1,0,1.0000,1.0000,1,1,0,0,0.0000,0.0000,,,,,7476,8094,843,266,5493,6894,1983,1200,0,0,0.48302,0.09485,0
1786018564.8626,B_right_diagonal_up_left_down_right,B,right,0,,,1041,151.1000,345.7000,130.3000,192.4000,153.1000,0.0000,360.0000,336.8000,75.6000,0.0000,122.1000,0.0000,198.9000,0.0000,-0.85200,-0.04100,0.40300,2.19000,4.66000,1.46000,0.18700,0.12800,0.90600,0.59000,0.57000,-2.23000,10.2,1.3,0.0,1.0,0.890168,0.346954,1.094607,-0.961179,0.416098,1.666607,-0.089600,0.486000,0.869300,0.003200,0.133500,0.542300,0.828800,0.034500,0.691850,0.345764,1.176060,-0.248337,0.208308,1.318664,-1.884298,-1.289437,-1.619324,-1.127880,-3.108471,0.413406,1.002202,-0.844161,1.894265,1.019891,1.840048,-0.596126,-0.692649,2.171965,1,0,1.0000,1.0000,1,1,0,0,0.0000,0.0000,,,,,7476,8094,843,266,5493,6894,1983,1200,0,0,0.48302,0.09485,0
1786018564.8845,B_right_diagonal_up_left_down_right,B,right,0,,,1042,151.1000,345.7000,130.3000,192.4000,153.1000,0.0000,360.0000,336.8000,75.6000,0.0000,122.1000,0.0000,198.9000,0.0000,-0.85200,-0.04100,0.40300,2.19000,4.66000,1.46000,0.18700,0.12800,0.90600,0.59000,0.57000,-2.23000,10.0,0.4,0.0,1.0,0.890168,0.346954,1.094607,-0.961179,0.416098,1.666607,-0.089600,0.486000,0.869300,0.003200,0.133500,0.542300,0.828800,0.034500,0.691850,0.345764,1.176060,-0.248337,0.208308,1.318664,-1.888193,-1.293239,-1.616631,-1.122718,-3.106398,0.417322,1.004451,-0.844161,1.894265,1.019891,1.840048,-0.596126,-0.692649,2.171965,1,0,1.0000,1.0000,1,1,0,0,0.0000,0.0000,,,,,127015,124597,888,297,124727,123335,2288,1260,0,2,0.48302,0.09485,0
1786018564.9011,B_right_diagonal_up_left_down_right,B,right,0,,,1043,151.1000,345.7000,130.3000,192.3000,151.7000,0.0000,360.0000,336.7000,75.5000,0.0000,122.0000,0.0000,198.8000,0.0000,-0.84400,-0.03300,0.41500,1.89000,1.44000,1.59000,0.17900,0.15000,0.91500,-0.05000,-1.57000,-2.63000,10.0,0.4,0.0,1.0,0.746727,0.038801,1.294219,0.046085,0.205566,1.229157,-0.089600,0.486000,0.869300,0.003200,0.133500,0.542300,0.828800,0.034500,0.691850,0.345764,1.176060,-0.248337,0.208308,1.318664,-1.902347,-1.307054,-1.606849,-1.103965,-3.098867,0.431550,1.012620,-0.844161,1.894265,1.019891,1.840048,-0.596126,-0.692649,2.171965,1,0,1.0000,1.0000,1,1,0,0,0.0000,0.0000,,,,,7476,124597,843,297,5493,123335,1983,1260,0,2,0.48302,0.09485,0
1786018564.9278,B_right_diagonal_up_left_down_right,B,right,0,,,1044,151.1000,345.7000,130.3000,192.3000,151.7000,0.0000,360.0000,336.7000,75.5000,0.0000,122.0000,0.0000,198.8000,0.0000,-0.84400,-0.03300,0.41500,1.89000,1.44000,1.59000,0.17900,0.15000,0.91500,-0.05000,-1.57000,-2.63000,10.0,0.4,0.0,1.0,0.746727,0.038801,1.294219,0.046085,0.205566,1.229157,-0.089600,0.486000,0.869300,0.003200,0.133500,0.542300,0.828800,0.034500,0.691850,0.345764,1.176060,-0.248337,0.208308,1.318664,-1.907359,-1.311947,-1.603385,-1.097325,-3.096201,0.436588,1.015513,-0.844161,1.894265,1.019891,1.840048,-0.596126,-0.692649,2.171965,1,0,1.0000,1.0000,1,1,0,0,0.0000,0.0000,,,,,127015,124597,888,297,124727,123335,2288,1260,0,2,0.48302,0.09485,0
1786018564.9392,B_right_diagonal_up_left_down_right,B,right,0,,,1045,151.1000,345.7000,130.3000,192.4000,152.7000,0.0000,360.0000,336.7000,75.5000,0.0000,121.9000,0.0000,198.8000,0.0000,-0.84200,-0.03600,0.40800,1.98000,-0.13000,2.79000,0.19400,0.13800,0.90800,-2.13000,-1.40000,-2.29000,10.6,1.1,0.0,1.0,0.890180,0.346929,1.094622,-0.248336,0.208308,1.318662,-0.089600,0.486000,0.869300,0.003200,0.133500,0.542300,0.828800,0.034500,0.691850,0.345764,1.176060,-0.248337,0.208308,1.318664,-1.910776,-1.315282,-1.601023,-1.092797,-3.094383,0.440023,1.017485,-0.844161,1.894265,1.019891,1.840048,-0.596126,-0.692649,2.171965,1,0,1.0000,1.0000,1,1,0,0,0.0000,0.0000,,,,,127015,8094,888,266,124727,6894,2288,1200,0,0,0.48302,0.09485,0
1786018564.9610,B_right_diagonal_up_left_down_right,B,right,0,,,1046,151.1000,345.7000,130.3000,192.4000,152.4000,0.0000,360.0000,336.7000,75.5000,0.0000,121.8000,0.0000,198.7000,0.0000,-0.84200,-0.04600,0.39900,3.63000,-1.11000,2.85000,0.16700,0.12700,0.89300,-1.52000,-1.53000,-0.39000,10.1,1.6,0.0,1.0,0.747335,0.038746,1.294341,0.046085,0.205566,1.229157,-0.089600,0.486000,0.869300,0.003200,0.133500,0.542300,0.828800,0.034500,0.691850,0.345764,1.176060,-0.248337,0.208308,1.318664,-1.925105,-1.329268,-1.591119,-1.073812,-3.086759,0.454428,1.025755,-0.844161,1.894265,1.019891,1.840048,-0.596126,-0.692649,2.171965,1,0,1.0000,1.0000,1,1,0,0,0.0000,0.0000,,,,,7476,8094,843,266,5493,6894,1983,1200,0,0,0.48302,0.09485,0
1786018564.9905,B_right_diagonal_up_left_down_right,B,right,0,,,1047,151.1000,345.7000,130.3000,192.4000,152.4000,0.0000,360.0000,336.7000,75.5000,0.0000,121.8000,0.0000,198.7000,0.0000,-0.84200,-0.04600,0.39900,3.63000,-1.11000,2.85000,0.16700,0.12700,0.89300,-1.52000,-1.53000,-0.39000,9.6,2.0,0.0,1.0,0.747335,0.038746,1.294341,0.046085,0.205566,1.229157,-0.089600,0.486000,0.869300,0.003200,0.133500,0.542300,0.828800,0.034500,0.691850,0.345764,1.176060,-0.248337,0.208308,1.318664,-1.928898,-1.332970,-1.588498,-1.068787,-3.084741,0.458241,1.027944,-0.844161,1.894265,1.019891,1.840048,-0.596126,-0.692649,2.171965,1,0,1.0000,1.0000,1,1,0,0,0.0000,0.0000,,,,,127015,124597,888,297,124727,123335,2288,1260,0,2,0.48302,0.09485,0
1786018565.0050,B_right_diagonal_up_left_down_right,B,right,0,,,1048,151.1000,345.7000,130.3000,192.4000,152.4000,0.0000,360.0000,336.7000,75.5000,0.0000,121.8000,0.0000,198.7000,0.0000,-0.84200,-0.04600,0.39900,3.63000,-1.11000,2.85000,0.16700,0.12700,0.89300,-1.52000,-1.53000,-0.39000,9.6,2.0,0.0,1.0,0.747335,0.038746,1.294341,0.046085,0.205566,1.229157,-0.089600,0.486000,0.869300,0.003200,0.133500,0.542300,0.828800,0.034500,0.691850,0.345764,1.176060,-0.248337,0.208308,1.318664,-1.942336,-1.346087,-1.579209,-1.050982,-3.077591,0.471749,1.035700,-0.844161,1.894265,1.019891,1.840048,-0.596126,-0.692649,2.171965,1,0,1.0000,1.0000,1,1,0,0,0.0000,0.0000,,,,,7476,124597,843,297,5493,123335,1983,1260,0,2,0.48302,0.09485,0
1786018565.0231,B_right_diagonal_up_left_down_right,B,right,0,,,1049,151.1000,345.7000,130.3000,192.4000,152.4000,0.0000,360.0000,336.7000,75.5000,0.0000,121.8000,0.0000,198.7000,0.0000,-0.84200,-0.04600,0.39900,3.63000,-1.11000,2.85000,0.16700,0.12700,0.89300,-1.52000,-1.53000,-0.39000,9.6,2.0,0.0,1.0,0.747335,0.038746,1.294341,0.046085,0.205566,1.229157,-0.089600,0.486000,0.869300,0.003200,0.133500,0.542300,0.828800,0.034500,0.691850,0.345764,1.176060,-0.248337,0.208308,1.318664,-1.952060,-1.355578,-1.572488,-1.038098,-3.072417,0.481525,1.041312,-0.844161,1.894265,1.019891,1.840048,-0.596126,-0.692649,2.171965,1,0,1.0000,1.0000,1,1,0,0,0.0000,0.0000,,,,,7476,124597,843,297,5493,123335,1983,1260,0,2,0.48302,0.09485,0
1786018565.0665,B_right_diagonal_up_left_down_right,B,right,0,,,1050,151.1000,345.7000,130.0000,192.4000,151.8000,0.0000,3600.0000,336.7000,75.3000,0.0000,121.8000,0.0000,198.7000,0.0000,-0.84900,-0.03000,0.40900,1.54000,3.07000,1.70000,0.18300,0.15400,0.92300,-2.57000,0.62000,-1.31000,9.2,2.3,0.0,1.0,0.691574,0.345744,1.176067,-0.961179,0.416098,1.666607,-0.089600,0.486000,0.869300,0.003200,0.133500,0.542300,0.828800,0.034500,0.691850,0.345764,1.176060,-0.248337,0.208308,1.318664,-1.974122,-1.377112,-1.557240,-1.008868,-3.060679,0.503702,1.054045,-0.844161,1.894265,1.019891,1.840048,-0.596126,-0.692649,2.171965,1,0,1.0000,1.0000,1,1,0,0,0.0000,0.0000,,,,,7476,124597,843,298,5493,123335,1983,1260,0,2,0.48302,0.09485,0
1786018565.0673,B_right_diagonal_up_left_down_right,B,right,0,,,1051,151.1000,345.7000,130.0000,192.4000,151.8000,0.0000,3600.0000,336.7000,75.3000,0.0000,121.8000,0.0000,198.7000,0.0000,-0.84900,-0.03000,0.40900,1.54000,3.07000,1.70000,0.18300,0.15400,0.92300,-2.57000,0.62000,-1.31000,9.2,2.3,0.0,1.0,0.691574,0.345744,1.176067,-0.961179,0.416098,1.666607,-0.089600,0.486000,0.869300,0.003200,0.133500,0.542300,0.828800,0.034500,0.691850,0.345764,1.176060,-0.248337,0.208308,1.318664,-1.974122,-1.377112,-1.557240,-1.008868,-3.060679,0.503702,1.054045,-0.844161,1.894265,1.019891,1.840048,-0.596126,-0.692649,2.171965,1,0,1.0000,1.0000,1,1,0,0,0.0000,0.0000,,,,,7476,124597,843,298,5493,123335,1983,1260,0,2,0.48302,0.09485,0
1786018565.0899,B_right_diagonal_up_left_down_right,B,right,0,,,1052,151.1000,345.7000,130.4000,192.4000,150.9000,0.0000,360.0000,336.7000,75.4000,0.0000,121.8000,0.0000,198.7000,0.0000,-0.84100,-0.03300,0.41700,0.33000,1.49000,2.34000,0.18800,0.13800,0.89800,-2.33000,0.65000,-1.60000,8.7,1.3,0.0,1.0,0.889603,0.346934,1.094532,-0.248336,0.208308,1.318662,-0.089600,0.486000,0.869300,0.003200,0.133500,0.542300,0.828800,0.034500,0.691850,0.345764,1.176060,-0.248337,0.208308,1.318664,-1.984824,-1.387558,-1.549843,-0.994688,-3.054984,0.514460,1.060222,-0.844161,1.894265,1.019891,1.840048,-0.596126,-0.692649,2.171965,1,0,1.0000,1.0000,1,1,0,0,0.0000,0.0000,,,,,7476,124597,844,298,5493,123335,1983,1260,0,2,0.48302,0.09485,0
1786018565.1092,B_right_diagonal_up_left_down_right,B,right,0,,,1053,151.1000,345.7000,130.4000,192.4000,150.9000,0.0000,360.0000,336.7000,75.4000,0.0000,121.8000,0.0000,198.7000,0.0000,-0.84100,-0.03300,0.41700,0.33000,1.49000,2.34000,0.18800,0.13800,0.89800,-2.33000,0.65000,-1.60000,9.5,1.5,0.0,1.0,0.889603,0.346934,1.094532,-0.248336,0.208308,1.318662,-0.089600,0.486000,0.869300,0.003200,0.133500,0.542300,0.828800,0.034500,0.691850,0.345764,1.176060,-0.248337,0.208308,1.318664,-1.987547,-1.390216,-1.547961,-0.991080,-3.053535,0.517198,1.061794,-0.844161,1.894265,1.019891,1.840048,-0.596126,-0.692649,2.171965,1,0,1.0000,1.0000,1,1,0,0,0.0000,0.0000,,,,,7476,8094,844,267,5493,6894,1983,1200,0,0,0.48302,0.09485,0
1786018565.1345,B_right_diagonal_up_left_down_right,B,right,0,,,1054,151.1000,345.7000,130.4000,192.4000,150.9000,0.0000,360.0000,336.7000,75.4000,0.0000,121.8000,0.0000,198.7000,0.0000,-0.84100,-0.03300,0.41700,0.33000,1.49000,2.34000,0.18800,0.13800,0.89800,-2.33000,0.65000,-1.60000,9.5,1.5,0.0,1.0,0.889603,0.346934,1.094532,-0.248336,0.208308,1.318662,-0.089600,0.486000,0.869300,0.003200,0.133500,0.542300,0.828800,0.034500,0.691720,0.345753,1.176065,-0.248337,0.208308,1.318664,-1.992255,-1.394812,-1.544707,-0.984842,-3.051030,0.521931,1.064511,-0.844161,1.894265,1.019891,1.840048,-0.596126,-0.692649,2.171965,1,0,1.0000,1.0000,1,1,0,0,0.0000,0.0000,,,,,7476,8094,844,267,5493,6894,1983,1200,0,0,0.48302,0.09485,0
1786018565.1620,B_right_diagonal_up_left_down_right,B,right,0,,,1055,151.2000,345.7000,130.4000,192.6000,151.6000,0.0000,360.0000,336.7000,75.4000,0.0000,121.8000,0.0000,198.7000,0.0000,-0.84400,-0.03100,0.41200,1.02000,-0.07000,3.50000,0.18800,0.13800,0.89800,-2.33000,0.65000,-1.60000,9.5,1.5,0.0,1.0,0.889603,0.346934,1.094532,-0.248336,0.208308,1.318662,-0.089600,0.486000,0.869300,0.003200,0.133500,0.542300,0.828800,0.034500,0.691720,0.345753,1.176065,-0.248337,0.208308,1.318664,-1.992255,-1.394812,-1.544707,-0.984842,-3.051030,0.521931,1.064511,-0.844161,1.894265,1.019891,1.840048,-0.596126,-0.692649,2.171965,1,0,1.0000,1.0000,1,1,0,0,0.0000,0.0000,,,,,127015,8094,889,267,124727,6894,2288,1200,0,0,0.48302,0.09485,0
1786018565.1627,B_right_diagonal_up_left_down_right,B,right,0,,,1056,151.2000,345.7000,130.4000,192.6000,151.6000,0.0000,360.0000,336.7000,75.4000,0.0000,121.8000,0.0000,198.7000,0.0000,-0.84400,-0.03100,0.41200,1.02000,-0.07000,3.50000,0.18800,0.13800,0.89800,-2.33000,0.65000,-1.60000,9.5,1.5,0.0,1.0,0.889603,0.346934,1.094532,-0.248336,0.208308,1.318662,-0.089600,0.486000,0.869300,0.003200,0.133500,0.542300,0.828800,0.034500,0.691720,0.345753,1.176065,-0.248337,0.208308,1.318664,-1.992255,-1.394812,-1.544707,-0.984842,-3.051030,0.521931,1.064511,-0.844161,1.894265,1.019891,1.840048,-0.596126,-0.692649,2.171965,1,0,1.0000,1.0000,1,1,0,0,0.0000,0.0000,,,,,127015,8094,889,267,124727,6894,2288,1200,0,0,0.48302,0.09485,0
1786018565.1804,B_right_diagonal_up_left_down_right,B,right,0,,,1057,151.2000,345.7000,130.4000,192.6000,151.6000,0.0000,360.0000,336.7000,75.4000,0.0000,121.8000,0.0000,198.7000,0.0000,-0.84400,-0.03100,0.41200,1.02000,-0.07000,3.50000,0.18800,0.13800,0.89800,-2.33000,0.65000,-1.60000,9.5,1.5,0.0,1.0,0.691342,0.345758,1.175994,-0.248336,0.208308,1.318662,-0.089600,0.486000,0.869300,0.003200,0.133500,0.542300,0.828800,0.034500,0.691720,0.345753,1.176065,-0.248337,0.208308,1.318664,-1.992255,-1.394812,-1.544707,-0.984842,-3.051030,0.521931,1.064511,-0.844161,1.894265,1.019891,1.840048,-0.596126,-0.692649,2.171965,1,0,1.0000,1.0000,1,1,0,0,0.0000,0.0000,,,,,127015,8094,889,267,124727,6894,2288,1200,0,0,0.48302,0.09485,0
1786018565.2041,B_right_diagonal_up_left_down_right,B,right,0,,,1058,151.2000,345.7000,130.4000,192.6000,152.7000,0.0000,360.0000,336.7000,75.4000,0.0000,121.8000,0.0000,198.8000,0.0000,-0.83800,-0.04800,0.39800,1.95000,0.83000,3.41000,0.17900,0.13500,0.91600,-1.61000,-0.73000,-1.79000,9.8,0.9,0.0,1.0,0.691553,0.345754,1.176009,0.046085,0.205566,1.229157,-0.089600,0.486000,0.869300,0.003200,0.133500,0.542300,0.828800,0.034500,0.691570,0.345740,1.176070,-0.248337,0.208308,1.318664,-2.023760,-1.425562,-1.522932,-0.943101,-3.034268,0.553601,1.082694,-0.844161,1.894265,1.019891,1.840048,-0.596126,-0.692649,2.171965,1,0,1.0000,1.0000,1,1,0,0,0.0000,0.0000,,,,,127016,8094,889,267,124728,6894,2288,1200,0,0,0.48241,0.09485,0
1786018565.2211,B_right_diagonal_up_left_down_right,B,right,0,,,1059,151.2000,345.7000,130.4000,192.6000,152.7000,0.0000,360.0000,336.7000,75.4000,0.0000,121.8000,0.0000,198.8000,0.0000,-0.83800,-0.04800,0.39800,1.95000,0.83000,3.41000,0.17900,0.13500,0.91600,-1.61000,-0.73000,-1.79000,9.8,0.9,0.0,1.0,0.691553,0.345754,1.176009,0.046085,0.205566,1.229157,-0.089600,0.486000,0.869300,0.003200,0.133500,0.542300,0.828800,0.034500,0.691570,0.345740,1.176070,-0.248337,0.208308,1.318664,-2.028165,-1.429862,-1.519887,-0.937264,-3.031924,0.558029,1.085237,-0.844161,1.894265,1.019891,1.840048,-0.596126,-0.692649,2.171965,1,0,1.0000,1.0000,1,1,0,0,0.0000,0.0000,,,,,127016,8094,889,267,124728,6894,2288,1200,0,0,0.48241,0.09485,0
1786018565.2448,B_right_diagonal_up_left_down_right,B,right,0,,,1060,151.0000,345.7000,130.4000,192.5000,153.1000,0.0000,360.0000,336.8000,75.0000,0.0000,121.8000,0.0000,199.0000,0.0000,-0.83400,-0.04800,0.38500,3.56000,2.42000,3.95000,0.19900,0.14100,0.91100,-0.10000,-1.35000,-2.48000,9.5,1.1,0.0,1.0,0.748771,0.038667,1.294559,-0.961179,0.416098,1.666607,-0.089600,0.486000,0.869300,0.003200,0.133500,0.542300,0.828800,0.034500,0.691570,0.345740,1.176070,-0.248337,0.208308,1.318664,-2.028613,-1.430364,-1.520052,-0.936571,-3.030980,0.558537,1.084991,-0.844161,1.894265,1.019891,1.840048,-0.596126,-0.692649,2.171965,1,0,1.0000,1.0000,1,1,0,0,0.0000,0.0000,,,,,7476,8094,844,267,5493,6894,1983,1200,0,0,0.48302,0.09485,0
1786018565.2582,B_right_diagonal_up_left_down_right,B,right,0,,,1061,151.0000,345.7000,130.4000,192.5000,153.1000,0.0000,360.0000,336.8000,75.4000,0.0000,121.8000,0.0000,199.1000,0.0000,-0.83400,-0.04800,0.38500,3.56000,2.42000,3.95000,0.17600,0.13600,0.90100,-0.60000,0.60000,-0.34000,9.8,1.8,0.0,1.0,0.748771,0.038667,1.294559,0.046085,0.205566,1.229157,-0.089600,0.486000,0.869300,0.003200,0.133500,0.542300,0.828800,0.034500,0.691570,0.345740,1.176070,-0.248337,0.208308,1.318664,-2.029501,-1.431357,-1.520379,-0.935197,-3.029108,0.559545,1.084503,-0.844161,1.894265,1.019891,1.840048,-0.596126,-0.692649,2.171965,1,0,1.0000,1.0000,1,1,0,0,0.0000,0.0000,,,,,127016,8094,889,267,124728,6894,2288,1200,0,0,0.48241,0.09485,0
1786018565.3128,B_right_diagonal_up_left_down_right,B,right,0,,,1062,151.0000,345.6000,130.4000,192.6000,153.0000,0.0000,360.0000,336.8000,75.4000,0.0000,121.8000,0.0000,199.1000,0.0000,-0.85500,-0.03200,0.40200,4.37000,4.43000,2.95000,0.18500,0.14400,0.92100,-1.03000,0.24000,-0.32000,10.1,2.0,0.0,1.0,0.692382,0.345675,1.176145,-0.248336,0.208308,1.318662,-0.089600,0.486000,0.869300,0.003200,0.133500,0.542300,0.828800,0.034500,0.691570,0.345740,1.176070,-0.248337,0.208308,1.318664,-2.029446,-1.431551,-1.520513,-0.935345,-3.028883,0.559441,1.084512,-0.844161,1.894265,1.019891,1.840048,-0.596126,-0.692649,2.171965,1,0,1.0000,1.0000,1,1,0,0,0.0000,0.0000,,,,,127016,8094,889,267,124728,6894,2288,1200,0,0,0.48241,0.09485,0
1786018565.3180,B_right_diagonal_up_left_down_right,B,right,0,,,1063,151.0000,345.6000,130.4000,192.6000,153.0000,0.0000,360.0000,336.8000,75.4000,0.0000,121.8000,0.0000,199.1000,0.0000,-0.85500,-0.03200,0.40200,4.37000,4.43000,2.95000,0.18500,0.14400,0.92100,-1.03000,0.24000,-0.32000,10.1,2.0,0.0,1.0,0.692382,0.345675,1.176145,-0.248336,0.208308,1.318662,-0.089600,0.486000,0.869300,0.003200,0.133500,0.542300,0.828800,0.034500,0.691570,0.345740,1.176070,-0.248337,0.208308,1.318664,-2.029446,-1.431551,-1.520513,-0.935345,-3.028883,0.559441,1.084512,-0.844161,1.894265,1.019891,1.840048,-0.596126,-0.692649,2.171965,1,0,1.0000,1.0000,1,1,0,0,0.0000,0.0000,,,,,127016,8094,889,267,124728,6894,2288,1200,0,0,0.48241,0.09485,0
1786018565.3208,B_right_diagonal_up_left_down_right,B,right,0,,,1064,151.0000,345.6000,130.4000,192.6000,153.0000,0.0000,360.0000,336.8000,75.4000,0.0000,121.8000,0.0000,199.1000,0.0000,-0.85500,-0.03200,0.40200,4.37000,4.43000,2.95000,0.18500,0.14400,0.92100,-1.03000,0.24000,-0.32000,10.1,2.0,0.0,1.0,0.692382,0.345675,1.176145,-0.248336,0.208308,1.318662,-0.089600,0.486000,0.869300,0.003200,0.133500,0.542300,0.828800,0.034500,0.691570,0.345740,1.176070,-0.248337,0.208308,1.318664,-2.029446,-1.431551,-1.520513,-0.935345,-3.028883,0.559441,1.084512,-0.844161,1.894265,1.019891,1.840048,-0.596126,-0.692649,2.171965,1,0,1.0000,1.0000,1,1,0,0,0.0000,0.0000,,,,,127016,8094,889,267,124728,6894,2288,1200,0,0,0.48241,0.09485,0
1786018565.3432,B_right_diagonal_up_left_down_right,B,right,0,,,1065,151.0000,345.6000,130.4000,192.6000,153.0000,0.0000,360.0000,336.8000,75.3000,0.0000,121.8000,0.0000,199.1000,0.0000,-0.85500,-0.03200,0.40200,4.37000,4.43000,2.95000,0.18900,0.15600,0.90200,-1.11000,-0.45000,-0.31000,9.9,2.1,0.0,1.0,0.692382,0.345675,1.176145,-0.961179,0.416098,1.666607,-0.089600,0.486000,0.869300,0.003200,0.133500,0.542300,0.828800,0.034500,0.691570,0.345740,1.176070,-0.248337,0.208308,1.318664,-2.029337,-1.431928,-1.520773,-0.935634,-3.028444,0.559239,1.084528,-0.844161,1.894265,1.019891,1.840048,-0.596126,-0.692649,2.171965,1,0,1.0000,1.0000,1,1,0,0,0.0000,0.0000,,,,,127016,8094,889,267,124728,6894,2288,1200,0,0,0.48241,0.09485,0
1786018565.3771,B_right_diagonal_up_left_down_right,B,right,0,,,1066,151.1000,345.6000,130.5000,192.5000,151.0000,0.0000,360.0000,336.9000,75.3000,0.0000,121.8000,0.0000,199.2000,0.0000,-0.85500,-0.02800,0.41100,2.21000,-0.70000,1.39000,0.18700,0.13000,0.90000,-0.98000,-0.36000,-1.67000,10.3,1.9,0.0,1.0,0.692443,0.345666,1.176160,-0.961179,0.416098,1.666607,-0.089600,0.486000,0.869300,0.003200,0.133500,0.542300,0.828800,0.034500,0.691570,0.345740,1.176070,-0.248337,0.208308,1.318664,-2.029337,-1.431928,-1.520773,-0.935634,-3.028444,0.559239,1.084528,-0.844161,1.894265,1.019891,1.840048,-0.596126,-0.692649,2.171965,1,0,1.0000,1.0000,1,1,0,0,0.0000,0.0000,,,,,7476,8094,844,267,5493,6894,1983,1200,0,0,0.48302,0.09485,0
1786018565.3915,B_right_diagonal_up_left_down_right,B,right,0,,,1067,151.3000,345.6000,130.5000,192.5000,151.2000,0.0000,360.0000,336.9000,75.3000,0.0000,121.8000,0.0000,199.2000,0.0000,-0.84400,-0.03700,0.39900,0.92000,-0.51000,2.00000,0.18700,0.13000,0.90000,-0.98000,-0.36000,-1.67000,10.3,1.9,0.0,1.0,0.749083,0.038703,1.294609,-0.961179,0.416098,1.666607,-0.089600,0.486000,0.869300,0.003200,0.133500,0.542300,0.828800,0.034500,0.691570,0.345740,1.176070,-0.248337,0.208308,1.318664,-2.029337,-1.431928,-1.520773,-0.935634,-3.028444,0.559239,1.084528,-0.844161,1.894265,1.019891,1.840048,-0.596126,-0.692649,2.171965,1,0,1.0000,1.0000,1,1,0,0,0.0000,0.0000,,,,,127016,124597,889,298,124728,123335,2288,1260,0,2,0.48241,0.09485,0
1786018565.4036,B_right_diagonal_up_left_down_right,B,right,0,,,1068,151.3000,345.6000,130.5000,192.5000,151.2000,0.0000,360.0000,336.9000,75.3000,0.0000,121.8000,0.0000,199.2000,0.0000,-0.84400,-0.03700,0.39900,0.92000,-0.51000,2.00000,0.18700,0.13000,0.90000,-0.98000,-0.36000,-1.67000,10.3,1.9,0.0,1.0,0.749083,0.038703,1.294609,-0.961179,0.416098,1.666607,-0.089600,0.486000,0.869300,0.003200,0.133500,0.542300,0.828800,0.034500,0.691570,0.345740,1.176070,-0.248337,0.208308,1.318664,-2.029337,-1.431928,-1.520773,-0.935634,-3.028444,0.559239,1.084528,-0.844161,1.894265,1.019891,1.840048,-0.596126,-0.692649,2.171965,1,0,1.0000,1.0000,1,1,0,0,0.0000,0.0000,,,,,127016,124597,889,298,124728,123335,2288,1260,0,2,0.48241,0.09485,0
1786018565.4488,B_right_diagonal_up_left_down_right,B,right,0,,,1069,151.3000,345.6000,130.4000,192.5000,152.4000,0.0000,360.0000,337.0000,75.2000,0.0000,121.8000,0.0000,199.3000,0.0000,-0.84200,-0.03900,0.39600,0.43000,0.55000,2.47000,0.18800,0.13500,0.91200,-1.40000,-1.05000,-0.30000,10.1,2.2,0.0,1.0,0.749400,0.038725,1.294662,0.046085,0.205566,1.229157,-0.089600,0.486000,0.869300,0.003200,0.133500,0.542300,0.828800,0.034500,0.691570,0.345740,1.176070,-0.248337,0.208308,1.318664,-2.029337,-1.431928,-1.520773,-0.935634,-3.028444,0.559239,1.084528,-0.844161,1.894265,1.019891,1.840048,-0.596126,-0.692649,2.171965,1,0,1.0000,1.0000,1,1,0,0,0.0000,0.0000,,,,,127016,124597,890,299,124728,123335,2288,1260,0,2,0.48241,0.09485,0
1786018565.4597,B_right_diagonal_up_left_down_right,B,right,0,,,1070,151.3000,345.6000,130.4000,192.5000,153.1000,0.0000,360.0000,337.0000,75.2000,0.0000,121.8000,0.0000,199.3000,0.0000,-0.84100,-0.04500,0.39500,2.04000,1.98000,2.66000,0.18900,0.13400,0.90500,0.18000,0.05000,-2.06000,10.1,2.2,0.0,1.0,0.749526,0.038744,1.294682,0.046085,0.205566,1.229157,-0.089600,0.486000,0.869300,0.003200,0.133500,0.542300,0.828800,0.034500,0.691570,0.345740,1.176070,-0.248337,0.208308,1.318664,-2.029337,-1.431928,-1.520773,-0.935634,-3.028444,0.559239,1.084528,-0.844161,1.894265,1.019891,1.840048,-0.596126,-0.692649,2.171965,1,0,1.0000,1.0000,1,1,0,0,0.0000,0.0000,,,,,127016,8094,890,268,124728,6894,2288,1200,0,0,0.48241,0.09485,0
1786018565.4604,B_right_diagonal_up_left_down_right,B,right,0,,,1071,151.3000,345.6000,130.4000,192.5000,153.1000,0.0000,360.0000,337.0000,75.2000,0.0000,121.8000,0.0000,199.3000,0.0000,-0.84100,-0.04500,0.39500,2.04000,1.98000,2.66000,0.18900,0.13400,0.90500,0.18000,0.05000,-2.06000,10.1,2.2,0.0,1.0,0.749526,0.038744,1.294682,0.046085,0.205566,1.229157,-0.089600,0.486000,0.869300,0.003200,0.133500,0.542300,0.828800,0.034500,0.691570,0.345740,1.176070,-0.248337,0.208308,1.318664,-2.029337,-1.431928,-1.520773,-0.935634,-3.028444,0.559239,1.084528,-0.844161,1.894265,1.019891,1.840048,-0.596126,-0.692649,2.171965,1,0,1.0000,1.0000,1,1,0,0,0.0000,0.0000,,,,,127016,8094,890,268,124728,6894,2288,1200,0,0,0.48241,0.09485,0
1786018565.4844,B_right_diagonal_up_left_down_right,B,right,0,,,1072,151.3000,345.6000,130.4000,192.5000,153.1000,0.0000,360.0000,337.0000,75.2000,0.0000,121.8000,0.0000,199.3000,0.0000,-0.84100,-0.04500,0.39500,2.04000,1.98000,2.66000,0.18900,0.13400,0.90500,0.18000,0.05000,-2.06000,10.1,2.2,0.0,1.0,0.749526,0.038744,1.294682,0.046085,0.205566,1.229157,-0.089600,0.486000,0.869300,0.003200,0.133500,0.542300,0.828800,0.034500,0.691570,0.345740,1.176070,-0.248337,0.208308,1.318664,-2.029337,-1.431928,-1.520773,-0.935634,-3.028444,0.559239,1.084528,-0.844161,1.894265,1.019891,1.840048,-0.596126,-0.692649,2.171965,1,0,1.0000,1.0000,1,1,0,0,0.0000,0.0000,,,,,127016,8094,890,268,124728,6894,2288,1200,0,0,0.48241,0.09485,0
1786018565.5059,B_right_diagonal_up_left_down_right,B,right,0,,,1073,151.3000,345.6000,130.4000,192.5000,153.1000,0.0000,360.0000,337.0000,75.2000,0.0000,121.8000,0.0000,199.3000,0.0000,-0.84100,-0.04500,0.39500,2.04000,1.98000,2.66000,0.18900,0.13400,0.90500,0.18000,0.05000,-2.06000,10.1,2.2,0.0,1.0,0.749526,0.038744,1.294682,0.046085,0.205566,1.229157,-0.089600,0.486000,0.869300,0.003200,0.133500,0.542300,0.828800,0.034500,0.691570,0.345740,1.176070,-0.248337,0.208308,1.318664,-2.029337,-1.431928,-1.520773,-0.935634,-3.028444,0.559239,1.084528,-0.844161,1.894265,1.019891,1.840048,-0.596126,-0.692649,2.171965,1,0,1.0000,1.0000,1,1,0,0,0.0000,0.0000,,,,,127016,8094,890,268,124728,6894,2288,1200,0,0,0.48241,0.09485,0
1786018565.5238,B_right_diagonal_up_left_down_right,B,right,0,,,1074,151.2000,345.6000,130.4000,192.5000,153.1000,0.0000,360.0000,337.3000,75.2000,0.0000,121.8000,0.0000,199.5000,0.0000,-0.84500,-0.03600,0.40000,3.72000,3.78000,2.50000,0.22500,0.15000,0.90300,0.11000,0.56000,1.44000,10.4,2.7,0.0,1.0,0.692696,0.345676,1.176208,-0.961179,0.416098,1.666607,-0.089600,0.486000,0.869300,0.003200,0.133500,0.542300,0.828800,0.034500,0.691902,0.345597,1.176072,-0.248337,0.208308,1.318664,-2.029337,-1.431928,-1.520773,-0.935634,-3.028444,0.559239,1.084528,-0.844161,1.894265,1.019891,1.840048,-0.596126,-0.692649,2.171965,1,0,1.0000,1.0000,1,1,0,0,0.0000,0.0000,,,,,7476,8094,844,268,5493,6894,1983,1200,0,0,0.48302,0.09485,0
1786018565.5752,B_right_diagonal_up_left_down_right,B,right,0,,,1075,151.2000,345.6000,130.4000,192.5000,153.2000,0.0000,360.0000,337.3000,75.2000,0.0000,121.8000,0.0000,199.4000,0.0000,-0.84800,-0.04100,0.40800,4.40000,2.77000,1.40000,0.20700,0.14300,0.87600,-2.35000,2.08000,2.29000,10.3,2.3,0.0,1.0,0.749270,0.038738,1.294634,0.046085,0.205566,1.229157,-0.089600,0.486000,0.869300,0.003200,0.133500,0.542300,0.828800,0.034500,0.693789,0.344779,1.176086,-0.248337,0.208308,1.318664,-2.029337,-1.431928,-1.520773,-0.935634,-3.028444,0.559239,1.084528,-0.844161,1.894265,1.019891,1.840048,-0.596126,-0.692649,2.171965,1,0,1.0000,1.0000,1,1,0,0,0.0000,0.0000,,,,,127018,8094,890,268,124728,6894,2290,1200,0,0,0.48203,0.09485,0
1786018565.5758,B_right_diagonal_up_left_down_right,B,right,0,,,1076,151.2000,345.6000,130.4000,192.5000,153.2000,0.0000,360.0000,337.3000,75.2000,0.0000,121.8000,0.0000,199.4000,0.0000,-0.84800,-0.04100,0.40800,4.40000,2.77000,1.40000,0.20700,0.14300,0.87600,-2.35000,2.08000,2.29000,10.3,2.3,0.0,1.0,0.749270,0.038738,1.294634,0.046085,0.205566,1.229157,-0.089600,0.486000,0.869300,0.003200,0.133500,0.542300,0.828800,0.034500,0.693789,0.344779,1.176086,-0.248337,0.208308,1.318664,-2.029337,-1.431928,-1.520773,-0.935634,-3.028444,0.559239,1.084528,-0.844161,1.894265,1.019891,1.840048,-0.596126,-0.692649,2.171965,1,0,1.0000,1.0000,1,1,0,0,0.0000,0.0000,,,,,127018,8094,890,268,124728,6894,2290,1200,0,0,0.48203,0.09485,0
1786018565.5832,B_right_diagonal_up_left_down_right,B,right,0,,,1077,151.2000,345.6000,130.4000,192.5000,153.2000,0.0000,360.0000,337.3000,75.1000,0.0000,2.0000,0.0000,199.1000,0.0000,-0.84800,-0.04100,0.40800,4.40000,2.77000,1.40000,0.15800,0.14600,0.90900,-4.32000,-0.13000,2.88000,10.3,1.6,1.0,1.0,0.749270,0.038738,1.294634,0.046085,0.205566,1.229157,-0.089600,0.486000,0.869300,0.003200,0.133500,0.542300,0.828800,0.034500,0.693789,0.344779,1.176086,-0.248337,0.208308,1.318664,-2.029337,-1.431928,-1.520773,-0.935634,-3.028444,0.559239,1.084528,-0.844161,1.894265,1.019891,1.840048,-0.596126,-0.692649,2.171965,1,0,1.0000,1.0000,1,0,0,1,0.0000,0.0538,,,,,7476,124597,844,299,5493,123335,1983,1260,0,2,0.48302,0.09485,0
