t,segment,block,arm,rep,direction,speed,sample_index,l_j1,l_j2,l_j3,l_j4,l_j5,l_j6,l_j7,r_j1,r_j2,r_j3,r_j4,r_j5,r_j6,r_j7,l_ax,l_ay,l_az,l_gx,l_gy,l_gz,r_ax,r_ay,r_az,r_gx,r_gy,r_gz,fsr1,fsr2,btn1,btn2,left_cmd_x,left_cmd_y,left_cmd_z,right_cmd_x,right_cmd_y,right_cmd_z,left_cmd_qx,left_cmd_qy,left_cmd_qz,left_cmd_qw,right_cmd_qx,right_cmd_qy,right_cmd_qz,right_cmd_qw,left_ee_x,left_ee_y,left_ee_z,right_ee_x,right_ee_y,right_ee_z,left_joint_1,left_joint_2,left_joint_3,left_joint_4,left_joint_5,left_joint_6,left_joint_7,right_joint_1,right_joint_2,right_joint_3,right_joint_4,right_joint_5,right_joint_6,right_joint_7,left_clutch,right_clutch,left_scale,right_scale,left_frame_valid,right_frame_valid,left_n_dropouts,right_n_dropouts,left_data_age_s,right_data_age_s,position_mode,orientation_mode,left_channels_live,right_channels_live,left_ik_success,right_ik_success,left_ik_fail,right_ik_fail,left_guard_direct,right_guard_direct,left_guard_slewed,right_guard_slewed,left_guard_rejected,right_guard_rejected,left_min_clearance,right_min_clearance,estop
1786018630.6010,C_left_back,C,left,0,back,,0,205.9000,343.7000,219.2000,263.1000,301.9000,2.3000,360.0000,349.0000,38.8000,0.0000,151.4000,0.0000,114.9000,0.0000,0.31500,-0.03600,0.84800,-8.30000,10.16000,2.95000,-0.95300,0.01100,0.27500,-5.37000,1.79000,-4.76000,10.4,2.1,1.0,1.0,0.888512,0.384964,1.333744,-1.129816,0.383633,1.663947,-0.089600,0.486000,0.869300,0.003200,0.133500,0.542300,0.828800,0.034500,0.893201,0.166387,1.464468,-0.278108,0.213893,1.273689,-1.938843,-0.654390,-1.464727,-1.312348,3.008606,0.336965,0.538324,-0.953609,1.858947,1.042513,1.822846,-0.637062,-0.556216,2.212135,0,1,1.0000,1.0000,1,1,0,0,0.0000,0.0000,,,,,127258,124684,1052,494,124865,123422,2393,1260,0,2,0.70418,0.12465,0
1786018630.6232,C_left_back,C,left,0,back,,1,205.9000,343.7000,219.2000,263.0000,302.2000,2.4000,360.0000,349.0000,38.8000,0.0000,151.2000,0.0000,114.9000,0.0000,0.33200,-0.09000,0.89800,-0.89000,3.49000,9.48000,-0.96100,-0.00300,0.28300,2.98000,5.84000,-5.53000,12.1,1.7,1.0,1.0,0.893201,0.166387,1.464469,-0.118617,0.185946,1.125633,-0.089600,0.486000,0.869300,0.003200,0.133500,0.542300,0.828800,0.034500,0.893201,0.166387,1.464468,-0.278108,0.213893,1.273689,-1.938843,-0.654390,-1.464727,-1.312348,3.008606,0.336965,0.538324,-0.953609,1.858947,1.042513,1.822846,-0.637062,-0.556216,2.212135,0,1,1.0000,1.0000,1,1,0,0,0.0000,0.0000,,,,,7692,8194,1006,458,5614,6994,2078,1200,0,0,0.70418,0.12726,0
1786018630.6444,C_left_back,C,left,0,back,,2,205.9000,343.7000,219.2000,263.0000,302.1000,2.5000,360.0000,349.0000,38.8000,0.0000,151.2000,0.0000,114.9000,0.0000,0.31200,-0.09400,0.88700,2.03000,1.07000,8.57000,-0.93800,-0.00000,0.28700,5.98000,5.97000,-5.31000,11.6,2.2,1.0,1.0,0.888512,0.384964,1.333744,-1.128172,0.383805,1.664624,-0.089600,0.486000,0.869300,0.003200,0.133500,0.542300,0.828800,0.034500,0.893201,0.166387,1.464468,-0.278108,0.213893,1.273689,-1.937851,-0.654407,-1.465571,-1.312287,3.009039,0.337615,0.537963,-0.953609,1.858947,1.042513,1.822846,-0.637062,-0.556216,2.212135,0,1,1.0000,1.0000,1,1,0,0,0.0000,0.0000,,,,,7692,8194,1006,458,5614,6994,2078,1200,0,0,0.70418,0.12726,0
1786018630.6619,C_left_back,C,left,0,back,,3,205.9000,343.8000,219.2000,263.0000,301.9000,2.4000,360.0000,349.0000,38.8000,0.0000,151.4000,0.0000,114.8000,0.0000,0.33500,-0.06900,0.89200,5.55000,-1.82000,6.89000,-0.92700,0.03100,0.27600,4.63000,0.78000,-0.63000,11.6,2.2,1.0,1.0,0.888512,0.384964,1.333744,-1.129482,0.383666,1.664093,-0.089600,0.486000,0.869300,0.003200,0.133500,0.542300,0.828800,0.034500,0.893201,0.166387,1.464468,-0.278108,0.213893,1.273689,-1.937056,-0.654421,-1.466245,-1.312239,3.009385,0.338135,0.537674,-0.953609,1.858947,1.042513,1.822846,-0.637062,-0.556216,2.212135,0,1,1.0000,1.0000,1,1,0,0,0.0000,0.0000,,,,,127258,124684,1052,495,124865,123422,2393,1260,0,2,0.70418,0.12465,0
1786018630.6862,C_left_back,C,left,0,back,,4,205.9000,343.8000,219.2000,263.0000,301.9000,2.3000,360.0000,349.0000,38.8000,0.0000,151.4000,0.0000,114.8000,0.0000,0.35300,-0.07700,0.91800,7.02000,-1.76000,4.70000,-0.92400,0.03400,0.26400,0.69000,-5.40000,3.53000,12.4,1.5,1.0,1.0,1.034430,0.458762,1.274842,-0.280818,0.213590,1.272579,-0.089600,0.486000,0.869300,0.003200,0.133500,0.542300,0.828800,0.034500,0.893201,0.166387,1.464468,-0.278108,0.213893,1.273689,-1.933880,-0.654478,-1.468944,-1.312045,3.010768,0.340214,0.536519,-0.953609,1.858947,1.042513,1.822846,-0.637062,-0.556216,2.212135,0,1,1.0000,1.0000,1,1,0,0,0.0000,0.0000,,,,,7692,8194,1007,459,5614,6994,2078,1200,0,0,0.70418,0.12726,0
1786018630.7159,C_left_back,C,left,0,back,,5,20.9000,343.9000,21.9000,262.9000,301.8000,2.4000,360.0000,349.0000,38.8000,0.0000,151.4000,0.0000,114.8000,0.0000,0.33100,-0.07900,0.81000,7.61000,1.30000,-4.54000,-0.92400,0.03400,0.26400,0.69000,-5.40000,3.53000,12.4,1.5,1.0,1.0,0.893201,0.166387,1.464469,-0.280818,0.213590,1.272579,-0.089600,0.486000,0.869300,0.003200,0.133500,0.542300,0.828800,0.034500,0.893201,0.166387,1.464468,-0.278108,0.213893,1.273689,-1.933880,-0.654478,-1.468944,-1.312045,3.010768,0.340214,0.536519,-0.953609,1.858947,1.042513,1.822846,-0.637062,-0.556216,2.212135,0,1,1.0000,1.0000,0,1,1,0,0.1027,0.0000,,,,,127258,124684,1053,495,124865,123422,2393,1260,0,2,0.70418,0.12465,0
1786018630.7304,C_left_back,C,left,0,back,,6,20.9000,343.9000,21.9000,262.9000,301.8000,2.4000,360.0000,349.0000,38.8000,0.0000,151.4000,0.0000,114.8000,0.0000,0.33100,-0.07900,0.81000,7.61000,1.30000,-4.54000,-0.93200,-0.00600,0.25700,-7.08000,-10.21000,3.41000,12.4,1.5,1.0,1.0,0.893201,0.166387,1.464469,-0.117594,0.186048,1.126063,-0.089600,0.486000,0.869300,0.003200,0.133500,0.542300,0.828800,0.034500,0.893201,0.166387,1.464468,-0.278108,0.213893,1.273689,-1.933880,-0.654478,-1.468944,-1.312045,3.010768,0.340214,0.536519,-0.953609,1.858947,1.042513,1.822846,-0.637062,-0.556216,2.212135,0,1,1.0000,1.0000,0,1,1,0,0.1027,0.0000,,,,,7692,8194,1007,459,5614,6994,2078,1200,0,0,0.70418,0.12726,0
1786018630.7441,C_left_back,C,left,0,back,,7,205.9000,343.9000,218.8000,262.8000,301.8000,2.3000,360.0000,349.0000,38.8000,0.0000,151.3000,0.0000,114.8000,0.0000,0.31300,-0.05900,0.88100,7.45000,161.00000,-3.80000,-0.93300,-0.01900,0.24600,-6.92000,-6.64000,6.35000,12.4,1.9,1.0,1.0,0.888512,0.384964,1.333744,-1.126725,0.383955,1.665260,-0.089600,0.486000,0.869300,0.003200,0.133500,0.542300,0.828800,0.034500,0.893201,0.166387,1.464468,-0.278108,0.213893,1.273689,-1.933880,-0.654478,-1.468944,-1.312045,3.010768,0.340214,0.536519,-0.953609,1.858947,1.042513,1.822846,-0.637062,-0.556216,2.212135,0,1,1.0000,1.0000,1,1,0,0,0.0000,0.0000,,,,,127258,124684,1053,495,124865,123422,2393,1260,0,2,0.70418,0.12465,0
1786018630.7723,C_left_back,C,left,0,back,,8,205.9000,343.9000,218.8000,262.8000,301.8000,2.3000,360.0000,349.0000,38.8000,0.0000,151.3000,0.0000,114.8000,0.0000,0.31300,-0.05900,0.88100,7.45000,161.00000,-3.80000,-0.93300,-0.01900,0.24600,-6.92000,-6.64000,6.35000,11.2,2.3,1.0,1.0,0.888512,0.384964,1.333744,-1.126725,0.383955,1.665260,-0.089600,0.486000,0.869300,0.003200,0.133500,0.542300,0.828800,0.034500,0.893201,0.166387,1.464468,-0.278108,0.213893,1.273689,-1.933880,-0.654478,-1.468944,-1.312045,3.010768,0.340214,0.536519,-0.953609,1.858947,1.042513,1.822846,-0.637062,-0.556216,2.212135,0,1,1.0000,1.0000,1,1,0,0,0.0000,0.0000,,,,,7692,8194,1007,459,5614,6994,2078,1200,0,0,0.70418,0.12726,0
1786018630.7949,C_left_back,C,left,0,back,,9,205.8000,343.0000,218.8000,262.6000,301.8000,2.3000,360.0000,349.0000,38.8000,0.0000,151.3000,0.0000,114.6000,0.0000,0.34400,-0.07900,0.89700,3.42000,2.10000,-4.02000,-0.91900,-0.01500,0.25900,5.31000,6.44000,-5.16000,11.2,2.3,1.0,1.0,0.893201,0.166387,1.464469,-0.116142,0.186196,1.126685,-0.089600,0.486000,0.869300,0.003200,0.133500,0.542300,0.828800,0.034500,0.893201,0.166387,1.464468,-0.278108,0.213893,1.273689,-1.933880,-0.654478,-1.468944,-1.312045,3.010768,0.340214,0.536519,-0.953609,1.858947,1.042513,1.822846,-0.637062,-0.556216,2.212135,0,1,1.0000,1.0000,1,1,0,0,0.0000,0.0000,,,,,7692,124684,1007,495,5614,123422,2078,1260,0,2,0.70418,0.12465,0
1786018630.8053,C_left_back,C,left,0,back,,10,205.8000,344.0000,218.8000,262.4000,3018.0000,2.3000,360.0000,349.0000,38.8000,0.0000,151.5000,0.0000,114.7000,0.0000,0.34500,-0.05500,0.90200,5.28000,2.76000,-1.82000,-0.92600,0.03000,0.27200,-0.15000,6.63000,-6.66000,11.5,1.5,1.0,1.0,0.893201,0.166387,1.464469,-0.118538,0.185941,1.125699,-0.089600,0.486000,0.869300,0.003200,0.133500,0.542300,0.828800,0.034500,0.893201,0.166387,1.464468,-0.278108,0.213893,1.273689,-1.933880,-0.654478,-1.468944,-1.312045,3.010768,0.340214,0.536519,-0.953609,1.858947,1.042513,1.822846,-0.637062,-0.556216,2.212135,0,1,1.0000,1.0000,1,1,0,0,0.0000,0.0000,,,,,127258,8194,1053,459,124865,6994,2393,1200,0,0,0.70418,0.12726,0
1786018630.8263,C_left_back,C,left,0,back,,11,205.8000,344.0000,218.8000,262.4000,3018.0000,2.3000,360.0000,349.0000,38.8000,0.0000,151.5000,0.0000,114.7000,0.0000,0.34500,-0.05500,0.90200,5.28000,2.76000,-1.82000,-0.92600,0.03000,0.27200,-0.15000,6.63000,-6.66000,11.5,1.5,1.0,1.0,0.893201,0.166387,1.464469,-0.118538,0.185941,1.125699,-0.089600,0.486000,0.869300,0.003200,0.133500,0.542300,0.828800,0.034500,0.893201,0.166387,1.464468,-0.278108,0.213893,1.273689,-1.933880,-0.654478,-1.468944,-1.312045,3.010768,0.340214,0.536519,-0.953609,1.858947,1.042513,1.822846,-0.637062,-0.556216,2.212135,0,1,1.0000,1.0000,1,1,0,0,0.0000,0.0000,,,,,7692,8194,1007,459,5614,6994,2078,1200,0,0,0.70418,0.12726,0
1786018630.8526,C_left_back,C,left,0,back,,12,205.8000,344.0000,218.8000,262.4000,3018.0000,2.3000,360.0000,349.0000,38.8000,0.0000,151.5000,0.0000,114.7000,0.0000,0.34500,-0.05500,0.90200,5.28000,2.76000,-1.82000,-0.92600,0.03000,0.27200,-0.15000,6.63000,-6.66000,11.5,1.5,1.0,1.0,0.893201,0.166387,1.464469,-0.118538,0.185941,1.125699,-0.089600,0.486000,0.869300,0.003200,0.133500,0.542300,0.828800,0.034500,0.893201,0.166387,1.464468,-0.278108,0.213893,1.273689,-1.933880,-0.654478,-1.468944,-1.312045,3.010768,0.340214,0.536519,-0.953609,1.858947,1.042513,1.822846,-0.637062,-0.556216,2.212135,0,1,1.0000,1.0000,1,1,0,0,0.0000,0.0000,,,,,7692,8194,1007,459,5614,6994,2078,1200,0,0,0.70418,0.12726,0
1786018630.8644,C_left_back,C,left,0,back,,13,205.8000,344.0000,218.8000,262.4000,3018.0000,2.3000,360.0000,349.0000,38.8000,0.0000,151.5000,0.0000,114.7000,0.0000,0.34500,-0.05500,0.90200,5.28000,2.76000,-1.82000,-0.92600,0.03000,0.27200,-0.15000,6.63000,-6.66000,11.5,1.5,1.0,1.0,0.893201,0.166387,1.464469,-0.118538,0.185941,1.125699,-0.089600,0.486000,0.869300,0.003200,0.133500,0.542300,0.828800,0.034500,0.893201,0.166387,1.464468,-0.278108,0.213893,1.273689,-1.933880,-0.654478,-1.468944,-1.312045,3.010768,0.340214,0.536519,-0.953609,1.858947,1.042513,1.822846,-0.637062,-0.556216,2.212135,0,1,1.0000,1.0000,1,1,0,0,0.0000,0.0000,,,,,7692,8194,1007,459,5614,6994,2078,1200,0,0,0.70418,0.12726,0
1786018630.8844,C_left_back,C,left,0,back,,14,205.8000,344.0000,218.8000,262.4000,3018.0000,2.3000,360.0000,39.0000,38.8000,0.0000,151.5000,0.0000,114.7000,0.0000,0.34500,-0.05500,0.90200,5.28000,2.76000,-1.82000,-0.92500,0.01100,0.28000,-4.00000,-2.18000,-1.69000,11.1,2.0,1.0,1.0,0.893201,0.166387,1.464469,-0.293632,0.236212,1.272874,-0.089600,0.486000,0.869300,0.003200,0.133500,0.542300,0.828800,0.034500,0.893201,0.166387,1.464468,-0.278108,0.213893,1.273689,-1.933880,-0.654478,-1.468944,-1.312045,3.010768,0.340214,0.536519,-0.953609,1.858947,1.042513,1.822846,-0.637062,-0.556216,2.212135,0,1,1.0000,1.0000,1,1,0,0,0.0000,0.0000,,,,,127258,8194,1053,459,124865,6994,2393,1200,0,0,0.70418,0.12726,0
1786018630.9055,C_left_back,C,left,0,back,,15,205.5000,344.0000,218.9000,262.4000,302.0000,2.6000,360.0000,349.1000,38.8000,0.0000,151.5000,0.0000,114.8000,0.0000,0.29900,-0.07900,0.85400,0.21000,5.21000,2.02000,-0.93100,0.01300,0.26700,-1.09000,-2.45000,-1.11000,11.1,2.0,1.0,1.0,1.034430,0.458762,1.274842,-0.302756,0.251819,1.272968,-0.089600,0.486000,0.869300,0.003200,0.133500,0.542300,0.828800,0.034500,0.893201,0.166387,1.464468,-0.278108,0.213893,1.273689,-1.933880,-0.654478,-1.468944,-1.312045,3.010768,0.340214,0.536519,-0.953609,1.858947,1.042513,1.822846,-0.637062,-0.556216,2.212135,0,1,1.0000,1.0000,1,0,0,1,0.0000,0.0196,,,,,7692,8194,1008,459,5614,6994,2078,1200,0,0,0.70418,0.12726,0
1786018630.9281,C_left_back,C,left,0,back,,16,205.5000,344.0000,218.9000,262.4000,302.0000,2.6000,360.0000,349.1000,38.8000,0.0000,151.5000,0.0000,114.8000,0.0000,0.29900,-0.07900,0.85400,0.21000,5.21000,2.02000,-0.93100,0.01300,0.26700,-1.09000,-2.45000,-1.11000,11.1,2.0,1.0,1.0,1.034430,0.458762,1.274842,-0.302756,0.251819,1.272968,-0.089600,0.486000,0.869300,0.003200,0.133500,0.542300,0.828800,0.034500,0.893201,0.166387,1.464468,-0.278108,0.213893,1.273689,-1.933880,-0.654478,-1.468944,-1.312045,3.010768,0.340214,0.536519,-0.953609,1.858947,1.042513,1.822846,-0.637062,-0.556216,2.212135,0,1,1.0000,1.0000,1,0,0,1,0.0000,0.0196,,,,,7692,8194,1008,460,5614,6994,2078,1200,0,0,0.70418,0.12726,0
1786018630.9437,C_left_back,C,left,0,back,,17,205.5000,344.0000,218.9000,262.4000,302.0000,2.6000,360.0000,349.1000,38.8000,0.0000,151.5000,0.0000,114.8000,0.0000,0.29900,-0.07900,0.85400,0.21000,5.21000,2.02000,-0.93100,0.01300,0.26700,-1.09000,-2.45000,-1.11000,12.4,1.6,1.0,1.0,1.034430,0.458762,1.274842,-0.302756,0.251819,1.272968,-0.089600,0.486000,0.869300,0.003200,0.133500,0.542300,0.828800,0.034500,0.893201,0.166387,1.464468,-0.278108,0.213893,1.273689,-1.933880,-0.654478,-1.468944,-1.312045,3.010768,0.340214,0.536519,-0.953609,1.858947,1.042513,1.822846,-0.637062,-0.556216,2.212135,0,1,1.0000,1.0000,1,0,0,1,0.0000,0.0196,,,,,127258,124684,1054,496,124865,123422,2393,1260,0,2,0.70418,0.12465,0
1786018630.9637,C_left_back,C,left,0,back,,18,205.4000,344.0000,219.0000,262.3000,302.1000,2.5000,360.0000,349.0000,38.8000,0.0000,151.5000,0.0000,114.8000,0.0000,0.32000,-0.06600,0.84600,0.87000,2.56000,7.06000,-0.92700,0.02000,0.27100,1.50000,-2.29000,-0.27000,12.4,1.6,1.0,1.0,0.888512,0.384964,1.333744,-1.127663,0.383856,1.664859,-0.089600,0.486000,0.869300,0.003200,0.133500,0.542300,0.828800,0.034500,0.893201,0.166387,1.464468,-0.278108,0.213893,1.273689,-1.933880,-0.654478,-1.468944,-1.312045,3.010768,0.340214,0.536519,-0.953609,1.858947,1.042513,1.822846,-0.637062,-0.556216,2.212135,0,1,1.0000,1.0000,1,1,0,0,0.0000,0.0000,,,,,7692,8194,1008,460,5614,6994,2078,1200,0,0,0.70418,0.12726,0
1786018630.9888,C_left_back,C,left,0,back,,19,205.4000,344.0000,219.0000,262.3000,302.1000,2.5000,360.0000,349.0000,38.8000,0.0000,151.5000,0.0000,114.8000,0.0000,0.32000,-0.06600,0.84600,0.87000,2.56000,7.06000,-0.92700,0.02000,0.27100,1.50000,-2.29000,-0.27000,12.4,1.6,1.0,1.0,0.888512,0.384964,1.333744,-1.127663,0.383856,1.664859,-0.089600,0.486000,0.869300,0.003200,0.133500,0.542300,0.828800,0.034500,0.893201,0.166387,1.464468,-0.278108,0.213893,1.273689,-1.933880,-0.654478,-1.468944,-1.312045,3.010768,0.340214,0.536519,-0.953609,1.858947,1.042513,1.822846,-0.637062,-0.556216,2.212135,0,1,1.0000,1.0000,1,1,0,0,0.0000,0.0000,,,,,7692,8195,1008,460,5614,6995,2078,1200,0,0,0.70418,0.12417,0
1786018631.0048,C_left_back,C,left,0,back,,20,204.7000,344.0000,218.8000,261.5000,302.1000,2.3000,360.0000,349.0000,38.8000,0.0000,151.5000,0.0000,114.8000,0.0000,0.29800,-0.03700,0.87600,2.09000,7.98000,6.35000,-0.92400,0.00700,0.25800,-2.37000,-0.69000,1.92000,10.5,2.4,1.0,1.0,0.893201,0.166387,1.464469,-0.118529,0.185940,1.125689,-0.089600,0.486000,0.869300,0.003200,0.133500,0.542300,0.828800,0.034500,0.893201,0.166387,1.464468,-0.286500,0.228042,1.273052,-1.933880,-0.654478,-1.468944,-1.312045,3.010768,0.340214,0.536519,-0.953609,1.858947,1.042513,1.822846,-0.637062,-0.556216,2.212135,0,1,1.0000,1.0000,1,1,0,0,0.0000,0.0000,,,,,7692,8195,1008,460,5614,6995,2078,1200,0,0,0.70418,0.12417,0
1786018631.0349,C_left_back,C,left,0,back,,21,204.7000,344.0000,218.8000,261.5000,302.1000,2.3000,360.0000,349.0000,38.8000,0.0000,151.5000,0.0000,114.8000,0.0000,0.29800,-0.03700,0.87600,2.09000,7.98000,6.35000,-0.92400,0.00700,0.25800,-2.37000,-0.69000,1.92000,10.5,2.4,1.0,1.0,0.893201,0.166387,1.464469,-0.118529,0.185940,1.125689,-0.089600,0.486000,0.869300,0.003200,0.133500,0.542300,0.828800,0.034500,0.893201,0.166387,1.464468,-0.286500,0.228042,1.273052,-1.933880,-0.654478,-1.468944,-1.312045,3.010768,0.340214,0.536519,-0.953609,1.858947,1.042513,1.822846,-0.637062,-0.556216,2.212135,0,1,1.0000,1.0000,1,1,0,0,0.0000,0.0000,,,,,7692,8195,1008,460,5614,6995,2078,1200,0,0,0.70418,0.12417,0
1786018631.0422,C_left_back,C,left,0,back,,22,204.7000,344.0000,218.8000,261.5000,302.1000,2.3000,360.0000,349.0000,38.8000,0.0000,151.5000,0.0000,114.8000,0.0000,0.29800,-0.03700,0.87600,2.09000,7.98000,6.35000,-0.92400,0.00700,0.25800,-2.37000,-0.69000,1.92000,10.5,2.4,1.0,1.0,0.893201,0.166387,1.464469,-0.118529,0.185940,1.125689,-0.089600,0.486000,0.869300,0.003200,0.133500,0.542300,0.828800,0.034500,0.893201,0.166387,1.464468,-0.286500,0.228042,1.273052,-1.933880,-0.654478,-1.468944,-1.312045,3.010768,0.340214,0.536519,-0.953609,1.858947,1.042513,1.822846,-0.637062,-0.556216,2.212135,0,1,1.0000,1.0000,1,1,0,0,0.0000,0.0000,,,,,7692,8195,1008,460,5614,6995,2078,1200,0,0,0.70418,0.12417,0
1786018631.0629,C_left_back,C,left,0,back,,23,204.7000,344.0000,218.8000,261.5000,302.1000,2.3000,360.0000,349.0000,38.8000,0.0000,151.5000,0.0000,114.8000,0.0000,0.29800,-0.03700,0.87600,2.09000,7.98000,6.35000,-0.92400,0.00700,0.25800,-2.37000,-0.69000,1.92000,9.5,2.1,1.0,1.0,0.893201,0.166387,1.464469,-0.118529,0.185940,1.125689,-0.089600,0.486000,0.869300,0.003200,0.133500,0.542300,0.828800,0.034500,0.893201,0.166387,1.464468,-0.294813,0.240710,1.272844,-1.933880,-0.654478,-1.468944,-1.312045,3.010768,0.340214,0.536519,-0.953609,1.858947,1.042513,1.822846,-0.637062,-0.556216,2.212135,0,1,1.0000,1.0000,1,1,0,0,0.0000,0.0000,,,,,127258,124685,1054,496,124865,123423,2393,1260,0,2,0.70418,0.12417,0
1786018631.0835,C_left_back,C,left,0,back,,24,204.7000,344.0000,218.8000,261.5000,302.1000,2.3000,360.0000,349.0000,38.8000,0.0000,151.5000,0.0000,114.8000,0.0000,0.29800,-0.03700,0.87600,2.09000,7.98000,6.35000,-0.92400,0.00700,0.25800,-2.37000,-0.69000,1.92000,9.5,2.1,1.0,1.0,0.893201,0.166387,1.464469,-0.118529,0.185940,1.125689,-0.089600,0.486000,0.869300,0.003200,0.133500,0.542300,0.828800,0.034500,0.893201,0.166387,1.464468,-0.294813,0.240710,1.272844,-1.933880,-0.654478,-1.468944,-1.312045,3.010768,0.340214,0.536519,-0.953609,1.858947,1.042513,1.822846,-0.637062,-0.556216,2.212135,0,1,1.0000,1.0000,1,1,0,0,0.0000,0.0000,,,,,127258,124685,1054,496,124865,123423,2393,1260,0,2,0.70418,0.12417,0
1786018631.1229,C_left_back,C,left,0,back,,25,204.7000,344.0000,218.8000,261.5000,302.1000,2.3000,360.0000,349.0000,38.8000,0.0000,151.5000,0.0000,114.8000,0.0000,0.29800,-0.03700,0.87600,2.09000,7.98000,6.35000,-0.92400,0.00700,0.25800,-2.37000,-0.69000,1.92000,9.5,2.1,1.0,1.0,0.893201,0.166387,1.464469,-0.118529,0.185940,1.125689,-0.089600,0.486000,0.869300,0.003200,0.133500,0.542300,0.828800,0.034500,0.893201,0.166387,1.464468,-0.302756,0.251819,1.272968,-1.933880,-0.654478,-1.468944,-1.312045,3.010768,0.340214,0.536519,-0.947170,1.852787,1.050805,1.808354,-0.633031,-0.543692,2.218441,0,1,1.0000,1.0000,1,1,0,0,0.0000,0.0000,,,,,7692,8195,1008,460,5614,6995,2078,1200,0,0,0.70418,0.12417,0
1786018631.1237,C_left_back,C,left,0,back,,26,204.7000,344.0000,218.8000,261.5000,302.1000,2.3000,360.0000,349.0000,38.8000,0.0000,151.5000,0.0000,114.8000,0.0000,0.29800,-0.03700,0.87600,2.09000,7.98000,6.35000,-0.92400,0.00700,0.25800,-2.37000,-0.69000,1.92000,9.5,2.1,1.0,1.0,0.893201,0.166387,1.464469,-0.118529,0.185940,1.125689,-0.089600,0.486000,0.869300,0.003200,0.133500,0.542300,0.828800,0.034500,0.893201,0.166387,1.464468,-0.302756,0.251819,1.272968,-1.933880,-0.654478,-1.468944,-1.312045,3.010768,0.340214,0.536519,-0.947170,1.852787,1.050805,1.808354,-0.633031,-0.543692,2.218441,0,1,1.0000,1.0000,1,1,0,0,0.0000,0.0000,,,,,7692,8195,1008,460,5614,6995,2078,1200,0,0,0.70418,0.12417,0
1786018631.1422,C_left_back,C,left,0,back,,27,204.7000,344.0000,218.8000,261.5000,302.1000,2.3000,360.0000,349.0000,38.8000,0.0000,151.5000,0.0000,114.8000,0.0000,0.29800,-0.03700,0.87600,2.09000,7.98000,6.35000,-0.92400,0.00700,0.25800,-2.37000,-0.69000,1.92000,9.5,2.1,1.0,1.0,0.893201,0.166387,1.464469,-0.118529,0.185940,1.125689,-0.089600,0.486000,0.869300,0.003200,0.133500,0.542300,0.828800,0.034500,0.893201,0.166387,1.464468,-0.302756,0.251819,1.272968,-1.933880,-0.654478,-1.468944,-1.312045,3.010768,0.340214,0.536519,-0.938990,1.844960,1.061340,1.789942,-0.627909,-0.527778,2.226455,0,1,1.0000,1.0000,1,1,0,0,0.0000,0.0000,,,,,7692,8195,1009,460,5614,6995,2078,1200,0,0,0.70418,0.12417,0
1786018631.1618,C_left_back,C,left,0,back,,28,204.7000,344.0000,218.8000,261.5000,302.1000,2.3000,360.0000,349.0000,38.8000,0.0000,151.5000,0.0000,114.8000,0.0000,0.29800,-0.03700,0.87600,2.09000,7.98000,6.35000,-0.92400,0.00700,0.25800,-2.37000,-0.69000,1.92000,9.5,2.1,1.0,1.0,0.893201,0.166387,1.464469,-0.118529,0.185940,1.125689,-0.089600,0.486000,0.869300,0.003200,0.133500,0.542300,0.828800,0.034500,0.893201,0.166387,1.464468,-0.302756,0.251819,1.272968,-1.933880,-0.654478,-1.468944,-1.312045,3.010768,0.340214,0.536519,-0.923541,1.830180,1.081234,1.755173,-0.618237,-0.497728,2.241587,0,1,1.0000,1.0000,1,1,0,0,0.0000,0.0000,,,,,127258,124685,1055,497,124865,123423,2393,1260,0,2,0.70418,0.12417,0
1786018631.1885,C_left_back,C,left,0,back,,29,204.7000,344.0000,218.8000,261.5000,302.1000,2.3000,360.0000,349.0000,38.8000,0.0000,151.5000,0.0000,114.8000,0.0000,0.29800,-0.03700,0.87600,2.09000,7.98000,6.35000,-0.92400,0.00700,0.25800,-2.37000,-0.69000,1.92000,10.8,1.9,1.0,1.0,0.893201,0.166387,1.464469,-0.118529,0.185940,1.125689,-0.089600,0.486000,0.869300,0.003200,0.133500,0.542300,0.828800,0.034500,0.893201,0.166387,1.464468,-0.302756,0.251819,1.272968,-1.933880,-0.654478,-1.468944,-1.312045,3.010768,0.340214,0.536519,-0.915484,1.822470,1.091611,1.737037,-0.613192,-0.482054,2.249480,0,1,1.0000,1.0000,1,1,0,0,0.0000,0.0000,,,,,7692,8195,1009,461,5614,6995,2078,1200,0,0,0.70418,0.12417,0
1786018631.2058,C_left_back,C,left,0,back,,30,202.8000,343.8000,217.8000,257.5000,302.5000,2.4000,360.0000,349.1000,38.7000,0.0000,151.5000,0.0000,114.7000,0.0000,0.28200,0.05800,0.90000,14.18000,16.68000,1.82000,-0.93200,-0.00200,0.25900,0.95000,6.35000,1.26000,10.8,1.9,1.0,1.0,0.893201,0.166387,1.464469,-0.117836,0.186067,1.125975,-0.089600,0.486000,0.869300,0.003200,0.133500,0.542300,0.828800,0.034500,0.893201,0.166387,1.464468,-0.302756,0.251819,1.272968,-1.933880,-0.654478,-1.468944,-1.312045,3.010768,0.340214,0.536519,-0.914797,1.821813,1.092495,1.735492,-0.612763,-0.480718,2.250153,0,1,1.0000,1.0000,1,1,0,0,0.0000,0.0000,,,,,7692,124685,1009,497,5614,123423,2078,1260,0,2,0.70418,0.12417,0
1786018631.2248,C_left_back,C,left,0,back,,31,202.8000,343.8000,217.6000,257.3000,302.6000,2.3000,360.0000,349.0000,38.7000,0.0000,151.5000,0.0000,114.7000,0.0000,0.22500,0.05200,0.90300,3.41000,14.26000,8.98000,-0.91200,0.01400,0.26900,7.22000,6.48000,-0.06000,12.5,1.0,1.0,1.0,1.034430,0.458762,1.274842,-0.295755,0.240394,1.273017,-0.089600,0.486000,0.869300,0.003200,0.133500,0.542300,0.828800,0.034500,0.893201,0.166387,1.464468,-0.302756,0.251819,1.272968,-1.933880,-0.654478,-1.468944,-1.312045,3.010768,0.340214,0.536519,-0.908189,1.815491,1.101006,1.720618,-0.608625,-0.467863,2.256626,0,1,1.0000,1.0000,1,1,0,0,0.0000,0.0000,,,,,127258,8195,1055,461,124865,6995,2393,1200,0,0,0.70418,0.12417,0
1786018631.2562,C_left_back,C,left,0,back,,32,202.8000,343.8000,217.6000,257.3000,302.6000,2.3000,360.0000,349.0000,38.7000,0.0000,151.5000,0.0000,114.7000,0.0000,0.22500,0.05200,0.90300,3.41000,14.26000,8.98000,-0.91200,0.01400,0.26900,7.22000,6.48000,-0.06000,12.5,1.0,1.0,1.0,1.034430,0.458762,1.274842,-0.295755,0.240394,1.273017,-0.089600,0.486000,0.869300,0.003200,0.133500,0.542300,0.828800,0.034500,0.893201,0.166387,1.464468,-0.302756,0.251819,1.272968,-1.933880,-0.654478,-1.468944,-1.312045,3.010768,0.340214,0.536519,-0.907788,1.815108,1.101521,1.719718,-0.608375,-0.467085,2.257018,0,1,1.0000,1.0000,1,1,0,0,0.0000,0.0000,,,,,127259,8195,1055,461,124866,6995,2393,1200,0,0,0.70448,0.12417,0
1786018631.2691,C_left_back,C,left,0,back,,33,202.5000,343.8000,217.4000,257.1000,302.6000,2.5000,360.0000,349.0000,38.7000,0.0000,151.5000,0.0000,114.7000,0.0000,0.25300,-0.02800,0.94300,-4.77000,10.05000,10.40000,-0.91200,0.04300,0.25900,-2.82000,-4.43000,2.39000,11.7,3.1,1.0,1.0,0.893201,0.166387,1.464469,-0.120870,0.185731,1.124763,-0.089600,0.486000,0.869300,0.003200,0.133500,0.542300,0.828800,0.034500,0.893161,0.166395,1.464480,-0.302756,0.251819,1.272968,-1.933880,-0.654478,-1.468944,-1.312045,3.010768,0.340214,0.536519,-0.907788,1.815108,1.101521,1.719718,-0.608375,-0.467085,2.257018,0,1,1.0000,1.0000,1,1,0,0,0.0000,0.0000,,,,,7693,124685,1009,497,5615,123423,2078,1260,0,2,0.70448,0.12417,0
1786018631.2828,C_left_back,C,left,0,back,,34,202.3000,343.8000,216.6000,256.8000,302.4000,2.5000,360.0000,349.0000,38.7000,0.0000,151.5000,0.0000,114.7000,0.0000,0.26300,-0.02800,0.97200,-11.35000,1.40000,20.78000,-0.91400,0.02200,0.25500,-7.89000,-6.37000,4.72000,11.7,3.1,1.0,1.0,1.034430,0.458762,1.274842,-0.291593,0.232319,1.272752,-0.089600,0.486000,0.869300,0.003200,0.133500,0.542300,0.828800,0.034500,0.893161,0.166395,1.464480,-0.302756,0.251819,1.272968,-1.933880,-0.654478,-1.468944,-1.312045,3.010768,0.340214,0.536519,-0.907788,1.815108,1.101521,1.719718,-0.608375,-0.467085,2.257018,0,1,1.0000,1.0000,1,1,0,0,0.0000,0.0000,,,,,127260,124685,1055,497,124867,123423,2393,1260,0,2,0.70463,0.12417,0
1786018631.3103,C_left_back,C,left,0,back,,35,202.3000,343.8000,216.6000,256.8000,302.4000,2.5000,360.0000,349.0000,38.7000,0.0000,151.5000,0.0000,114.7000,0.0000,0.26300,-0.02800,0.97200,-11.35000,1.40000,20.78000,-0.91400,0.02200,0.25500,-7.89000,-6.37000,4.72000,10.6,1.8,1.0,1.0,1.034430,0.458762,1.274842,-0.291593,0.232319,1.272752,-0.089600,0.486000,0.869300,0.003200,0.133500,0.542300,0.828800,0.034500,0.893161,0.166395,1.464480,-0.302756,0.251819,1.272968,-1.933869,-0.654586,-1.469132,-1.312046,3.011326,0.340190,0.536087,-0.907788,1.815108,1.101521,1.719718,-0.608375,-0.467085,2.257018,0,1,1.0000,1.0000,1,1,0,0,0.0000,0.0000,,,,,7693,8195,1009,461,5615,6995,2078,1200,0,0,0.70448,0.12417,0
1786018631.3238,C_left_back,C,left,0,back,,36,202.3000,343.8000,216.6000,256.8000,302.4000,2.5000,360.0000,349.0000,38.7000,0.0000,151.5000,0.0000,114.7000,0.0000,0.26300,-0.02800,0.97200,-11.35000,1.40000,20.78000,-0.91400,0.02200,0.25500,-7.89000,-6.37000,4.72000,10.6,1.8,1.0,1.0,1.034430,0.458762,1.274842,-0.291593,0.232319,1.272752,-0.089600,0.486000,0.869300,0.003200,0.133500,0.542300,0.828800,0.034500,0.893161,0.166395,1.464480,-0.302756,0.251819,1.272968,-1.934211,-0.652376,-1.465185,-1.312025,3.000211,0.340936,0.544620,-0.907788,1.815108,1.101521,1.719718,-0.608375,-0.467085,2.257018,0,1,1.0000,1.0000,1,1,0,0,0.0000,0.0000,,,,,127260,124685,1055,497,124867,123423,2393,1260,0,2,0.70463,0.12417,0
1786018631.3585,C_left_back,C,left,0,back,,37,202.2000,43.8000,216.5000,25.0000,302.4000,2.4000,360.0000,349.0000,38.7000,0.0000,151.5000,0.0000,114.7000,0.0000,0.31000,-0.07400,0.98700,15.04000,-6.73000,-7.02000,-0.91400,0.02200,0.25500,-7.89000,-6.37000,4.72000,10.4,2.4,1.0,1.0,0.893201,0.166387,1.464469,-0.291593,0.232319,1.272752,-0.089600,0.486000,0.869300,0.003200,0.133500,0.542300,0.828800,0.034500,0.893140,0.166399,1.464485,-0.302756,0.251819,1.272968,-1.934431,-0.650961,-1.462656,-1.312011,2.993100,0.341417,0.550079,-0.907788,1.815108,1.101521,1.719718,-0.608375,-0.467085,2.257018,0,1,1.0000,1.0000,1,1,0,0,0.0000,0.0000,,,,,7694,8195,1009,461,5616,6995,2078,1200,0,0,0.70463,0.12417,0
1786018631.3647,C_left_back,C,left,0,back,,38,202.2000,43.8000,216.5000,25.0000,302.4000,2.4000,360.0000,349.0000,38.7000,0.0000,151.5000,0.0000,114.7000,0.0000,0.31000,-0.07400,0.98700,15.04000,-6.73000,-7.02000,-0.91400,0.02200,0.25500,-7.89000,-6.37000,4.72000,10.4,2.4,1.0,1.0,0.893201,0.166387,1.464469,-0.291593,0.232319,1.272752,-0.089600,0.486000,0.869300,0.003200,0.133500,0.542300,0.828800,0.034500,0.893140,0.166399,1.464485,-0.302756,0.251819,1.272968,-1.934431,-0.650961,-1.462656,-1.312011,2.993100,0.341417,0.550079,-0.907788,1.815108,1.101521,1.719718,-0.608375,-0.467085,2.257018,0,1,1.0000,1.0000,1,1,0,0,0.0000,0.0000,,,,,7694,8195,1009,461,5616,6995,2078,1200,0,0,0.70463,0.12417,0
1786018631.3860,C_left_back,C,left,0,back,,39,202.3000,343.8000,216.8000,256.1000,302.8000,2.4000,360.0000,349.0000,38.7000,0.0000,151.5000,0.0000,114.7000,0.0000,0.31800,0.00100,0.95400,12.04000,-8.00000,-15.82000,-0.91400,0.02200,0.25500,-7.89000,-6.37000,4.72000,10.7,1.8,1.0,1.0,1.034430,0.458762,1.274842,-0.291593,0.232319,1.272752,-0.089600,0.486000,0.869300,0.003200,0.133500,0.542300,0.828800,0.034500,0.893140,0.166399,1.464485,-0.302756,0.251819,1.272968,-1.934176,-0.652700,-1.465749,-1.312027,3.001873,0.340859,0.543336,-0.907788,1.815108,1.101521,1.719718,-0.608375,-0.467085,2.257018,0,1,1.0000,1.0000,1,1,0,0,0.0000,0.0000,,,,,127260,8195,1055,461,124867,6995,2393,1200,0,0,0.70463,0.12417,0
1786018631.4131,C_left_back,C,left,0,back,,40,202.4000,343.8000,217.0000,256.6000,302.8000,2.5000,360.0000,349.0000,38.7000,0.0000,151.6000,0.0000,11.0000,0.0000,0.29000,-0.04000,0.92800,0.85000,-5.65000,-16.51000,-0.91700,0.02100,0.27700,1.95000,8.82000,-8.95000,11.5,2.1,1.0,1.0,1.034430,0.458762,1.274842,-0.284938,0.222888,1.273141,-0.089600,0.486000,0.869300,0.003200,0.133500,0.542300,0.828800,0.034500,0.893202,0.166387,1.464467,-0.302756,0.251819,1.272968,-1.933980,-0.654040,-1.468131,-1.312040,3.008630,0.340430,0.538143,-0.907788,1.815108,1.101521,1.719718,-0.608375,-0.467085,2.257018,0,1,1.0000,1.0000,1,1,0,0,0.0000,0.0000,,,,,127260,8195,1055,462,124867,6995,2393,1200,0,0,0.70463,0.12417,0
1786018631.4280,C_left_back,C,left,0,back,,41,202.4000,343.8000,217.0000,256.6000,302.8000,2.5000,360.0000,349.0000,38.7000,0.0000,151.6000,0.0000,11.0000,0.0000,0.29000,-0.04000,0.92800,0.85000,-5.65000,-16.51000,-0.91700,0.02100,0.27700,1.95000,8.82000,-8.95000,11.6,1.6,1.0,1.0,1.034430,0.458762,1.274842,-0.284938,0.222888,1.273141,-0.089600,0.486000,0.869300,0.003200,0.133500,0.542300,0.828800,0.034500,0.893202,0.166387,1.464467,-0.302756,0.251819,1.272968,-1.933980,-0.654040,-1.468131,-1.312040,3.008630,0.340430,0.538143,-0.907788,1.815108,1.101521,1.719718,-0.608375,-0.467085,2.257018,0,1,1.0000,1.0000,1,1,0,0,0.0000,0.0000,,,,,7695,124685,1009,498,5617,123423,2078,1260,0,2,0.70467,0.12417,0
1786018631.4495,C_left_back,C,left,0,back,,42,203.3000,343.1000,217.3000,258.4000,302.8000,2.3000,360.0000,349.0000,38.7000,0.0000,151.6000,0.0000,114.8000,0.0000,0.26600,-0.07000,0.86800,5.14000,-1.71000,-17.85000,-0.92900,0.03400,0.26700,-5.58000,0.92000,-3.92000,12.7,1.8,1.0,1.0,0.893201,0.166387,1.464469,-0.122203,0.185578,1.124216,-0.089600,0.486000,0.869300,0.003200,0.133500,0.542300,0.828800,0.034500,0.893202,0.166387,1.464467,-0.302756,0.251819,1.272968,-1.933804,-0.655238,-1.470263,-1.312051,3.014675,0.340046,0.533496,-0.907788,1.815108,1.101521,1.719718,-0.608375,-0.467085,2.257018,0,1,1.0000,1.0000,1,1,0,0,0.0000,0.0000,,,,,127260,124685,1055,498,124867,123423,2393,1260,0,2,0.70463,0.12417,0
1786018631.4727,C_left_back,C,left,0,back,,43,203.5000,343.0000,217.4000,258.8000,302.8000,2.4000,360.0000,349.0000,38.7000,0.0000,151.6000,0.0000,114.8000,0.0000,0.23300,-0.05400,0.84400,6.31000,0.44000,-16.27000,-0.92900,0.03400,0.26700,-5.58000,0.92000,-3.92000,11.8,1.7,1.0,1.0,1.034430,0.458762,1.274842,-0.122203,0.185578,1.124216,-0.089600,0.486000,0.869300,0.003200,0.133500,0.542300,0.828800,0.034500,0.893202,0.166387,1.464467,-0.302756,0.251819,1.272968,-1.933804,-0.655238,-1.470263,-1.312051,3.014675,0.340046,0.533496,-0.907788,1.815108,1.101521,1.719718,-0.608375,-0.467085,2.257018,0,1,1.0000,1.0000,1,1,0,0,0.0000,0.0000,,,,,127260,8195,1055,462,124867,6995,2393,1200,0,0,0.70463,0.12417,0
1786018631.4870,C_left_back,C,left,0,back,,44,203.8000,342.6000,17.0000,259.3000,302.8000,2.4000,360.0000,349.0000,38.7000,0.0000,151.6000,0.0000,114.8000,0.0000,0.17900,0.00000,0.79900,3.97000,1.85000,-8.74000,-0.92900,0.03400,0.26700,-5.58000,0.92000,-3.92000,11.8,1.7,1.0,1.0,0.893201,0.166387,1.464469,-0.122203,0.185578,1.124216,-0.089600,0.486000,0.869300,0.003200,0.133500,0.542300,0.828800,0.034500,0.893202,0.166387,1.464467,-0.302756,0.251819,1.272968,-1.933832,-0.654954,-1.469764,-1.312044,3.013192,0.340114,0.534649,-0.907788,1.815108,1.101521,1.719718,-0.608375,-0.467085,2.257018,0,1,1.0000,1.0000,1,1,0,0,0.0000,0.0000,,,,,7695,124686,1009,498,5617,123424,2078,1260,0,2,0.70467,0.16375,0
1786018631.5056,C_left_back,C,left,0,back,,45,204.1000,342.2000,217.4000,259.8000,302.9000,2.4000,360.0000,349.1000,38.7000,0.0000,151.6000,0.0000,114.8000,0.0000,0.15700,-0.01500,0.77600,-0.07000,1.91000,-1.37000,-0.93800,0.00600,0.26300,-2.09000,-1.28000,-0.74000,10.7,1.0,1.0,1.0,1.034430,0.458762,1.274842,-0.282745,0.220253,1.273364,-0.089600,0.486000,0.869300,0.003200,0.133500,0.542300,0.828800,0.034500,0.893207,0.166389,1.464459,-0.299708,0.247443,1.272955,-1.933888,-0.654383,-1.468763,-1.312030,3.010218,0.340252,0.536960,-0.907788,1.815108,1.101521,1.719718,-0.608375,-0.467085,2.257018,0,1,1.0000,1.0000,1,1,0,0,0.0000,0.0000,,,,,7695,124686,1009,498,5617,123424,2078,1260,0,2,0.70467,0.16375,0
1786018631.5348,C_left_back,C,left,0,back,,46,204.2000,342.1000,217.4000,260.0000,302.9000,2.4000,360.0000,349.0000,38.7000,0.0000,151.8000,0.0000,114.8000,0.0000,0.16900,-0.03900,0.77000,0.14000,6.49000,-2.36000,-0.93000,0.01100,0.25800,3.85000,-2.09000,-0.88000,10.0,1.5,1.0,1.0,0.893201,0.166387,1.464469,-0.121172,0.185709,1.124727,-0.089600,0.486000,0.869300,0.003200,0.133500,0.542300,0.828800,0.034500,0.893207,0.166389,1.464459,-0.299708,0.247443,1.272955,-1.933945,-0.653816,-1.467767,-1.312016,3.007259,0.340389,0.539260,-0.907788,1.815108,1.101521,1.719718,-0.608375,-0.467085,2.257018,0,1,1.0000,1.0000,1,1,0,0,0.0000,0.0000,,,,,127260,8196,1056,462,124867,6996,2393,1200,0,0,0.70463,0.16375,0
1786018631.5434,C_left_back,C,left,0,back,,47,204.2000,342.1000,217.4000,260.0000,302.9000,2.4000,360.0000,349.0000,38.7000,0.0000,151.8000,0.0000,114.8000,0.0000,0.16900,-0.03900,0.77000,0.14000,6.49000,-2.36000,-0.93000,0.01100,0.25800,3.85000,-2.09000,-0.88000,10.0,1.5,1.0,1.0,0.893201,0.166387,1.464469,-0.121172,0.185709,1.124727,-0.089600,0.486000,0.869300,0.003200,0.133500,0.542300,0.828800,0.034500,0.893207,0.166389,1.464459,-0.289786,0.232151,1.273223,-1.933945,-0.653816,-1.467767,-1.312016,3.007259,0.340389,0.539260,-0.913061,1.819839,1.094533,1.732060,-0.611667,-0.477805,2.252239,0,1,1.0000,1.0000,1,1,0,0,0.0000,0.0000,,,,,127260,8196,1056,462,124867,6996,2393,1200,0,0,0.70463,0.16375,0
1786018631.5880,C_left_back,C,left,0,back,,48,204.4000,342.1000,217.0000,260.5000,302.3000,2.3000,60.0000,349.0000,38.7000,0.0000,151.7000,0.0000,114.8000,0.0000,0.17200,-0.00600,0.82600,-17.95000,9.70000,13.60000,-0.92100,0.04100,0.26300,3.28000,-7.29000,3.43000,10.0,1.5,1.0,1.0,0.888512,0.384964,1.333744,-1.129811,0.383630,1.663996,-0.089600,0.486000,0.869300,0.003200,0.133500,0.542300,0.828800,0.034500,0.893207,0.166389,1.464459,-0.289786,0.232151,1.273223,-1.933945,-0.653816,-1.467767,-1.312016,3.007259,0.340389,0.539260,-0.918070,1.824333,1.087895,1.743785,-0.614794,-0.487990,2.247698,0,1,1.0000,1.0000,1,1,0,0,0.0000,0.0000,,,,,127260,8196,1056,462,124867,6996,2393,1200,0,0,0.70463,0.16375,0
1786018631.5886,C_left_back,C,left,0,back,,49,204.4000,342.1000,217.0000,260.5000,302.3000,2.3000,60.0000,349.0000,38.7000,0.0000,151.7000,0.0000,114.8000,0.0000,0.17200,-0.00600,0.82600,-17.95000,9.70000,13.60000,-0.92100,0.04100,0.26300,3.28000,-7.29000,3.43000,10.0,1.5,1.0,1.0,0.888512,0.384964,1.333744,-1.129811,0.383630,1.663996,-0.089600,0.486000,0.869300,0.003200,0.133500,0.542300,0.828800,0.034500,0.893207,0.166389,1.464459,-0.289786,0.232151,1.273223,-1.933945,-0.653816,-1.467767,-1.312016,3.007259,0.340389,0.539260,-0.918070,1.824333,1.087895,1.743785,-0.614794,-0.487990,2.247698,0,1,1.0000,1.0000,1,1,0,0,0.0000,0.0000,,,,,127260,8196,1056,462,124867,6996,2393,1200,0,0,0.70463,0.16375,0
1786018631.6074,C_left_back,C,left,0,back,,50,204.4000,342.1000,217.0000,260.5000,302.3000,2.3000,60.0000,349.0000,38.7000,0.0000,151.7000,0.0000,114.8000,0.0000,0.17200,-0.00600,0.82600,-17.95000,9.70000,13.60000,-0.92100,0.04100,0.26300,3.28000,-7.29000,3.43000,12.1,1.1,1.0,1.0,0.888512,0.384964,1.333744,-1.129811,0.383630,1.663996,-0.089600,0.486000,0.869300,0.003200,0.133500,0.542300,0.828800,0.034500,0.893207,0.166389,1.464459,-0.289786,0.232151,1.273223,-1.933945,-0.653816,-1.467767,-1.312016,3.007259,0.340389,0.539260,-0.920810,1.826792,1.084263,1.750199,-0.616505,-0.493561,2.245214,0,1,1.0000,1.0000,1,1,0,0,0.0000,0.0000,,,,,7695,124686,1009,498,5617,123424,2078,1260,0,2,0.70467,0.16375,0
1786018631.6270,C_left_back,C,left,0,back,,51,204.4000,342.1000,217.0000,260.5000,302.3000,2.3000,60.0000,349.0000,38.7000,0.0000,151.7000,0.0000,114.8000,0.0000,0.17200,-0.00600,0.82600,-17.95000,9.70000,13.60000,-0.92100,0.04100,0.26300,3.28000,-7.29000,3.43000,12.1,1.1,1.0,1.0,0.888512,0.384964,1.333744,-1.129811,0.383630,1.663996,-0.089600,0.486000,0.869300,0.003200,0.133500,0.542300,0.828800,0.034500,0.893207,0.166389,1.464459,-0.286620,0.226882,1.273421,-1.933945,-0.653816,-1.467767,-1.312016,3.007259,0.340389,0.539260,-0.926231,1.831655,1.077080,1.762887,-0.619890,-0.504581,2.240301,0,1,1.0000,1.0000,1,1,0,0,0.0000,0.0000,,,,,7695,124686,1009,498,5617,123424,2078,1260,0,2,0.70467,0.16375,0
1786018631.6460,C_left_back,C,left,0,back,,52,204.4000,342.1000,217.0000,260.5000,302.3000,2.3000,60.0000,349.0000,38.7000,0.0000,151.7000,0.0000,114.8000,0.0000,0.17200,-0.00600,0.82600,-17.95000,9.70000,13.60000,-0.92100,0.04100,0.26300,3.28000,-7.29000,3.43000,11.6,1.5,1.0,1.0,0.888512,0.384964,1.333744,-1.129811,0.383630,1.663996,-0.089600,0.486000,0.869300,0.003200,0.133500,0.542300,0.828800,0.034500,0.893207,0.166389,1.464459,-0.286620,0.226882,1.273421,-1.933945,-0.653816,-1.467767,-1.312016,3.007259,0.340389,0.539260,-0.928330,1.833539,1.074298,1.767801,-0.621200,-0.508850,2.238398,0,1,1.0000,1.0000,1,1,0,0,0.0000,0.0000,,,,,127260,8196,1056,462,124867,6996,2393,1200,0,0,0.70463,0.16375,0
1786018631.6629,C_left_back,C,left,0,back,,53,204.4000,342.1000,217.0000,260.5000,302.3000,2.3000,60.0000,349.0000,38.7000,0.0000,151.7000,0.0000,114.8000,0.0000,0.17200,-0.00600,0.82600,-17.95000,9.70000,13.60000,-0.92100,0.04100,0.26300,3.28000,-7.29000,3.43000,11.6,1.5,1.0,1.0,0.888512,0.384964,1.333744,-1.129811,0.383630,1.663996,-0.089600,0.486000,0.869300,0.003200,0.133500,0.542300,0.828800,0.034500,0.893207,0.166389,1.464459,-0.286620,0.226882,1.273421,-1.933945,-0.653816,-1.467767,-1.312016,3.007259,0.340389,0.539260,-0.936041,1.840458,1.064079,1.785851,-0.626015,-0.524527,2.231409,0,1,1.0000,1.0000,1,1,0,0,0.0000,0.0000,,,,,7695,124686,1009,498,5617,123424,2078,1260,0,2,0.70467,0.16375,0
1786018631.6849,C_left_back,C,left,0,back,,54,204.4000,342.1000,217.0000,260.5000,302.3000,2.3000,60.0000,349.0000,38.7000,0.0000,151.7000,0.0000,114.8000,0.0000,0.17200,-0.00600,0.82600,-17.95000,9.70000,13.60000,-0.92100,0.04100,0.26300,3.28000,-7.29000,3.43000,11.6,1.5,1.0,1.0,0.888512,0.384964,1.333744,-1.129811,0.383630,1.663996,-0.089600,0.486000,0.869300,0.003200,0.133500,0.542300,0.828800,0.034500,0.893207,0.166389,1.464459,-0.286620,0.226882,1.273421,-1.933945,-0.653816,-1.467767,-1.312016,3.007259,0.340389,0.539260,-0.937444,1.841716,1.062219,1.789135,-0.626891,-0.527380,2.230137,0,1,1.0000,1.0000,1,1,0,0,0.0000,0.0000,,,,,7695,8196,1010,462,5617,6996,2078,1200,0,0,0.70467,0.16375,0
1786018631.7146,C_left_back,C,left,0,back,,55,204.4000,342.1000,217.0000,260.5000,302.3000,2.3000,60.0000,349.0000,38.7000,0.0000,151.7000,0.0000,114.8000,0.0000,0.17200,-0.00600,0.82600,-17.95000,9.70000,13.60000,-0.92100,0.04100,0.26300,3.28000,-7.29000,3.43000,11.6,1.5,1.0,1.0,0.888512,0.384964,1.333744,-1.129811,0.383630,1.663996,-0.089600,0.486000,0.869300,0.003200,0.133500,0.542300,0.828800,0.034500,0.893207,0.166389,1.464459,-0.286620,0.226882,1.273421,-1.933945,-0.653816,-1.467767,-1.312016,3.007259,0.340389,0.539260,-0.937444,1.841716,1.062219,1.789135,-0.626891,-0.527380,2.230137,0,1,1.0000,1.0000,1,1,0,0,0.0000,0.0000,,,,,7695,124686,1010,499,5617,123424,2078,1260,0,2,0.70467,0.16375,0
1786018631.7258,C_left_back,C,left,0,back,,56,204.4000,342.1000,217.0000,260.5000,302.3000,2.3000,60.0000,349.0000,38.7000,0.0000,151.7000,0.0000,114.8000,0.0000,0.17200,-0.00600,0.82600,-17.95000,9.70000,13.60000,-0.92100,0.04100,0.26300,3.28000,-7.29000,3.43000,11.6,1.5,1.0,1.0,0.888512,0.384964,1.333744,-1.129811,0.383630,1.663996,-0.089600,0.486000,0.869300,0.003200,0.133500,0.542300,0.828800,0.034500,0.893207,0.166389,1.464459,-0.286620,0.226882,1.273421,-1.933945,-0.653816,-1.467767,-1.312016,3.007259,0.340389,0.539260,-0.937444,1.841716,1.062219,1.789135,-0.626891,-0.527380,2.230137,0,1,1.0000,1.0000,1,1,0,0,0.0000,0.0000,,,,,7695,124686,1010,499,5617,123424,2078,1260,0,2,0.70467,0.16375,0
1786018631.7490,C_left_back,C,left,0,back,,57,204.4000,342.1000,217.0000,260.5000,302.3000,2.3000,60.0000,349.0000,38.7000,0.0000,151.7000,0.0000,114.8000,0.0000,0.17200,-0.00600,0.82600,-17.95000,9.70000,13.60000,-0.92100,0.04100,0.26300,3.28000,-7.29000,3.43000,11.6,1.5,1.0,1.0,0.888512,0.384964,1.333744,-1.129811,0.383630,1.663996,-0.089600,0.486000,0.869300,0.003200,0.133500,0.542300,0.828800,0.034500,0.893207,0.166389,1.464459,-0.286620,0.226882,1.273421,-1.933945,-0.653816,-1.467767,-1.312016,3.007259,0.340389,0.539260,-0.937444,1.841716,1.062219,1.789135,-0.626891,-0.527380,2.230137,0,1,1.0000,1.0000,1,1,0,0,0.0000,0.0000,,,,,127260,8196,1057,463,124867,6996,2393,1200,0,0,0.70463,0.16375,0
1786018631.7770,C_left_back,C,left,0,back,,58,204.4000,342.1000,217.0000,260.5000,302.3000,2.3000,60.0000,349.0000,38.7000,0.0000,151.7000,0.0000,114.8000,0.0000,0.17200,-0.00600,0.82600,-17.95000,9.70000,13.60000,-0.92100,0.04100,0.26300,3.28000,-7.29000,3.43000,11.6,1.5,1.0,1.0,0.888512,0.384964,1.333744,-1.129811,0.383630,1.663996,-0.089600,0.486000,0.869300,0.003200,0.133500,0.542300,0.828800,0.034500,0.893207,0.166389,1.464459,-0.286620,0.226882,1.273421,-1.933945,-0.653816,-1.467767,-1.312016,3.007259,0.340389,0.539260,-0.937444,1.841716,1.062219,1.789135,-0.626891,-0.527380,2.230137,0,1,1.0000,1.0000,1,1,0,0,0.0000,0.0000,,,,,127260,8196,1057,463,124867,6996,2393,1200,0,0,0.70463,0.16375,0
1786018631.7812,C_left_back,C,left,0,back,,59,204.4000,342.1000,217.0000,260.5000,302.3000,2.3000,60.0000,349.0000,38.7000,0.0000,151.7000,0.0000,114.8000,0.0000,0.17200,-0.00600,0.82600,-17.95000,9.70000,13.60000,-0.92100,0.04100,0.26300,3.28000,-7.29000,3.43000,11.6,1.5,1.0,1.0,0.888512,0.384964,1.333744,-1.129811,0.383630,1.663996,-0.089600,0.486000,0.869300,0.003200,0.133500,0.542300,0.828800,0.034500,0.893207,0.166389,1.464459,-0.286620,0.226882,1.273421,-1.933945,-0.653816,-1.467767,-1.312016,3.007259,0.340389,0.539260,-0.937444,1.841716,1.062219,1.789135,-0.626891,-0.527380,2.230137,0,1,1.0000,1.0000,1,1,0,0,0.0000,0.0000,,,,,7695,124686,1010,499,5617,123424,2078,1260,0,2,0.70467,0.16375,0
1786018631.8096,C_left_back,C,left,0,back,,60,197.6000,344.1000,218.1000,245.5000,308.7000,2.3000,360.0000,349.0000,38.7000,0.0000,151.7000,0.0000,114.7000,0.0000,0.27900,-0.08600,0.88300,-4.51000,-5.54000,7.95000,-0.93400,0.04200,0.27100,-2.53000,-5.63000,-2.53000,11.6,1.5,1.0,1.0,1.034430,0.458762,1.274842,-0.283920,0.218070,1.272443,-0.089600,0.486000,0.869300,0.003200,0.133500,0.542300,0.828800,0.034500,0.893207,0.166389,1.464459,-0.286620,0.226882,1.273421,-1.933945,-0.653816,-1.467767,-1.312016,3.007259,0.340389,0.539260,-0.937444,1.841716,1.062219,1.789135,-0.626891,-0.527380,2.230137,0,1,1.0000,1.0000,1,1,0,0,0.0000,0.0000,,,,,7695,124686,1010,499,5617,123424,2078,1260,0,2,0.70467,0.16375,0
1786018631.8305,C_left_back,C,left,0,back,,61,197.6000,344.1000,218.1000,245.5000,308.7000,2.3000,360.0000,349.0000,38.7000,0.0000,151.7000,0.0000,114.7000,0.0000,0.27900,-0.08600,0.88300,-4.51000,-5.54000,7.95000,-0.93400,0.04200,0.27100,-2.53000,-5.63000,-2.53000,11.6,1.5,1.0,1.0,1.034430,0.458762,1.274842,-0.283920,0.218070,1.272443,-0.089600,0.486000,0.869300,0.003200,0.133500,0.542300,0.828800,0.034500,0.893207,0.166389,1.464459,-0.286620,0.226882,1.273421,-1.933945,-0.653816,-1.467767,-1.312016,3.007259,0.340389,0.539260,-0.937444,1.841716,1.062219,1.789135,-0.626891,-0.527380,2.230137,0,1,1.0000,1.0000,1,1,0,0,0.0000,0.0000,,,,,7695,124686,1010,499,5617,123424,2078,1260,0,2,0.70467,0.16375,0
1786018631.8464,C_left_back,C,left,0,back,,62,197.6000,344.1000,218.1000,245.5000,308.7000,2.3000,360.0000,349.0000,38.7000,0.0000,151.7000,0.0000,114.7000,0.0000,0.27900,-0.08600,0.88300,-4.51000,-5.54000,7.95000,-0.93400,0.04200,0.27100,-2.53000,-5.63000,-2.53000,10.7,1.9,1.0,1.0,1.034430,0.458762,1.274842,-0.283920,0.218070,1.272443,-0.089600,0.486000,0.869300,0.003200,0.133500,0.542300,0.828800,0.034500,0.893207,0.166389,1.464459,-0.286620,0.226882,1.273421,-1.933945,-0.653816,-1.467767,-1.312016,3.007259,0.340389,0.539260,-0.937444,1.841716,1.062219,1.789135,-0.626891,-0.527380,2.230137,0,1,1.0000,1.0000,1,1,0,0,0.0000,0.0000,,,,,127260,8196,1057,463,124867,6996,2393,1200,0,0,0.70463,0.16375,0
1786018631.8692,C_left_back,C,left,0,back,,63,197.6000,344.1000,218.1000,245.5000,308.7000,2.3000,360.0000,349.0000,38.7000,0.0000,151.7000,0.0000,114.7000,0.0000,0.27900,-0.08600,0.88300,-4.51000,-5.54000,7.95000,-0.93400,0.04200,0.27100,-2.53000,-5.63000,-2.53000,10.7,1.9,1.0,1.0,1.034430,0.458762,1.274842,-0.283920,0.218070,1.272443,-0.089600,0.486000,0.869300,0.003200,0.133500,0.542300,0.828800,0.034500,0.893207,0.166389,1.464459,-0.286620,0.226882,1.273421,-1.933945,-0.653816,-1.467767,-1.312016,3.007259,0.340389,0.539260,-0.937444,1.841716,1.062219,1.789135,-0.626891,-0.527380,2.230137,0,1,1.0000,1.0000,1,1,0,0,0.0000,0.0000,,,,,7695,124687,1010,499,5617,123425,2078,1260,0,2,0.70467,0.13739,0
1786018631.8840,C_left_back,C,left,0,back,,64,197.6000,344.1000,218.1000,245.5000,308.7000,2.3000,360.0000,349.0000,38.7000,0.0000,151.7000,0.0000,114.7000,0.0000,0.27900,-0.08600,0.88300,-4.51000,-5.54000,7.95000,-0.93400,0.04200,0.27100,-2.53000,-5.63000,-2.53000,10.7,1.9,1.0,1.0,1.034430,0.458762,1.274842,-0.283920,0.218070,1.272443,-0.089600,0.486000,0.869300,0.003200,0.133500,0.542300,0.828800,0.034500,0.893207,0.166389,1.464459,-0.286620,0.226882,1.273421,-1.933945,-0.653816,-1.467767,-1.312016,3.007259,0.340389,0.539260,-0.937444,1.841716,1.062219,1.789135,-0.626891,-0.527380,2.230137,0,1,1.0000,1.0000,1,1,0,0,0.0000,0.0000,,,,,7695,124687,1010,499,5617,123425,2078,1260,0,2,0.70467,0.13739,0
1786018631.9057,C_left_back,C,left,0,back,,65,197.6000,344.1000,218.1000,245.5000,308.7000,2.3000,360.0000,349.0000,38.7000,0.0000,151.7000,0.0000,114.7000,0.0000,0.27900,-0.08600,0.88300,-4.51000,-5.54000,7.95000,-0.93400,0.04200,0.27100,-2.53000,-5.63000,-2.53000,10.7,1.9,1.0,1.0,1.034430,0.458762,1.274842,-0.283920,0.218070,1.272443,-0.089600,0.486000,0.869300,0.003200,0.133500,0.542300,0.828800,0.034500,0.893207,0.166389,1.464459,-0.284290,0.219322,1.272574,-1.933945,-0.653816,-1.467767,-1.312016,3.007259,0.340389,0.539260,-0.937444,1.841716,1.062219,1.789135,-0.626891,-0.527380,2.230137,0,1,1.0000,1.0000,1,1,0,0,0.0000,0.0000,,,,,127260,8197,1057,463,124867,6997,2393,1200,0,0,0.70463,0.13739,0
1786018631.9212,C_left_back,C,left,0,back,,66,197.6000,344.1000,218.1000,245.5000,308.7000,2.3000,360.0000,349.0000,38.7000,0.0000,151.7000,0.0000,114.7000,0.0000,0.27900,-0.08600,0.88300,-4.51000,-5.54000,7.95000,-0.93400,0.04200,0.27100,-2.53000,-5.63000,-2.53000,10.7,1.9,1.0,1.0,1.034430,0.458762,1.274842,-0.283920,0.218070,1.272443,-0.089600,0.486000,0.869300,0.003200,0.133500,0.542300,0.828800,0.034500,0.893207,0.166389,1.464459,-0.284290,0.219322,1.272574,-1.933945,-0.653816,-1.467767,-1.312016,3.007259,0.340389,0.539260,-0.941492,1.842981,1.058479,1.796558,-0.628392,-0.532251,2.227758,0,1,1.0000,1.0000,1,1,0,0,0.0000,0.0000,,,,,7695,124687,1010,499,5617,123425,2078,1260,0,2,0.70467,0.13739,0
1786018631.9448,C_left_back,C,left,0,back,,67,197.6000,344.1000,218.1000,245.5000,308.7000,2.3000,360.0000,349.0000,38.7000,0.0000,151.7000,0.0000,114.7000,0.0000,0.27900,-0.08600,0.88300,-4.51000,-5.54000,7.95000,-0.93400,0.04200,0.27100,-2.53000,-5.63000,-2.53000,10.7,1.9,1.0,1.0,1.034430,0.458762,1.274842,-0.283920,0.218070,1.272443,-0.089600,0.486000,0.869300,0.003200,0.133500,0.542300,0.828800,0.034500,0.893207,0.166389,1.464459,-0.284290,0.219322,1.272574,-1.933945,-0.653816,-1.467767,-1.312016,3.007259,0.340389,0.539260,-0.947320,1.844801,1.053095,1.807243,-0.630552,-0.539264,2.224333,0,1,1.0000,1.0000,1,1,0,0,0.0000,0.0000,,,,,7695,8197,1010,463,5617,6997,2078,1200,0,0,0.70467,0.13739,0
1786018631.9709,C_left_back,C,left,0,back,,68,197.6000,344.1000,218.1000,245.5000,308.7000,2.3000,360.0000,349.0000,38.7000,0.0000,151.7000,0.0000,114.7000,0.0000,0.27900,-0.08600,0.88300,-4.51000,-5.54000,7.95000,-0.93400,0.04200,0.27100,-2.53000,-5.63000,-2.53000,10.7,1.9,1.0,1.0,1.034430,0.458762,1.274842,-0.283920,0.218070,1.272443,-0.089600,0.486000,0.869300,0.003200,0.133500,0.542300,0.828800,0.034500,0.893207,0.166389,1.464459,-0.283920,0.218069,1.272443,-1.933945,-0.653816,-1.467767,-1.312016,3.007259,0.340389,0.539260,-0.951244,1.846027,1.049470,1.814439,-0.632006,-0.543986,2.222026,0,1,1.0000,1.0000,1,1,0,0,0.0000,0.0000,,,,,7695,8197,1011,463,5617,6997,2078,1200,0,0,0.70467,0.13739,0
1786018632.0079,C_left_back,C,left,0,back,,69,185.5000,344.1000,215.7000,230.7000,315.8000,2.4000,360.0000,348.9000,38.7000,0.0000,151.9000,0.0000,114.7000,0.0000,0.32400,-0.12000,0.88200,-3.31000,5.73000,11.57000,-0.91000,0.01600,0.26500,-1.13000,4.44000,-0.52000,10.4,0.9,1.0,1.0,1.034430,0.458762,1.274842,-0.282755,0.216696,1.272577,-0.089600,0.486000,0.869300,0.003200,0.133500,0.542300,0.828800,0.034500,0.893207,0.166389,1.464459,-0.283920,0.218069,1.272443,-1.933945,-0.653816,-1.467767,-1.312016,3.007259,0.340389,0.539260,-0.951244,1.846027,1.049470,1.814439,-0.632006,-0.543986,2.222026,0,1,1.0000,1.0000,1,1,0,0,0.0000,0.0000,,,,,127260,8197,1058,463,124867,6997,2393,1200,0,0,0.70463,0.13739,0
1786018632.0087,C_left_back,C,left,0,back,,70,185.5000,344.1000,215.7000,230.7000,315.8000,2.4000,360.0000,348.9000,38.7000,0.0000,151.9000,0.0000,114.7000,0.0000,0.32400,-0.12000,0.88200,-3.31000,5.73000,11.57000,-0.91000,0.01600,0.26500,-1.13000,4.44000,-0.52000,10.4,0.9,1.0,1.0,1.034430,0.458762,1.274842,-0.282755,0.216696,1.272577,-0.089600,0.486000,0.869300,0.003200,0.133500,0.542300,0.828800,0.034500,0.893207,0.166389,1.464459,-0.283920,0.218069,1.272443,-1.933945,-0.653816,-1.467767,-1.312016,3.007259,0.340389,0.539260,-0.951244,1.846027,1.049470,1.814439,-0.632006,-0.543986,2.222026,0,1,1.0000,1.0000,1,1,0,0,0.0000,0.0000,,,,,127260,8197,1058,463,124867,6997,2393,1200,0,0,0.70463,0.13739,0
1786018632.0392,C_left_back,C,left,0,back,,71,185.5000,344.1000,215.7000,230.7000,315.8000,2.4000,360.0000,348.9000,38.7000,0.0000,151.9000,0.0000,114.7000,0.0000,0.32400,-0.12000,0.88200,-3.31000,5.73000,11.57000,-0.91000,0.01600,0.26500,-1.13000,4.44000,-0.52000,10.4,0.9,1.0,1.0,1.034430,0.458762,1.274842,-0.282755,0.216696,1.272577,-0.089600,0.486000,0.869300,0.003200,0.133500,0.542300,0.828800,0.034500,0.893207,0.166389,1.464459,-0.283920,0.218069,1.272443,-1.933945,-0.653816,-1.467767,-1.312016,3.007259,0.340389,0.539260,-0.951244,1.846027,1.049470,1.814439,-0.632006,-0.543986,2.222026,0,1,1.0000,1.0000,1,1,0,0,0.0000,0.0000,,,,,7695,124687,1011,499,5617,123425,2078,1260,0,2,0.70467,0.13739,0
1786018632.0563,C_left_back,C,left,0,back,,72,185.5000,344.1000,215.7000,230.7000,315.8000,2.4000,360.0000,348.9000,38.7000,0.0000,151.9000,0.0000,114.7000,0.0000,0.32400,-0.12000,0.88200,-3.31000,5.73000,11.57000,-0.91000,0.01600,0.26500,-1.13000,4.44000,-0.52000,10.4,0.9,1.0,1.0,1.034430,0.458762,1.274842,-0.282755,0.216696,1.272577,-0.089600,0.486000,0.869300,0.003200,0.133500,0.542300,0.828800,0.034500,0.893207,0.166389,1.464459,-0.283499,0.217575,1.272490,-1.933945,-0.653816,-1.467767,-1.312016,3.007259,0.340389,0.539260,-0.951244,1.846027,1.049470,1.814439,-0.632006,-0.543986,2.222026,0,1,1.0000,1.0000,1,1,0,0,0.0000,0.0000,,,,,127260,124687,1058,499,124867,123425,2393,1260,0,2,0.70463,0.13739,0
1786018632.0667,C_left_back,C,left,0,back,,73,185.5000,344.1000,215.7000,230.7000,315.8000,2.4000,360.0000,348.9000,38.7000,0.0000,151.9000,0.0000,114.7000,0.0000,0.32400,-0.12000,0.88200,-3.31000,5.73000,11.57000,-0.91000,0.01600,0.26500,-1.13000,4.44000,-0.52000,10.4,0.9,1.0,1.0,1.034430,0.458762,1.274842,-0.282755,0.216696,1.272577,-0.089600,0.486000,0.869300,0.003200,0.133500,0.542300,0.828800,0.034500,0.893207,0.166389,1.464459,-0.283499,0.217575,1.272490,-1.933945,-0.653816,-1.467767,-1.312016,3.007259,0.340389,0.539260,-0.951244,1.846027,1.049470,1.814439,-0.632006,-0.543986,2.222026,0,1,1.0000,1.0000,1,1,0,0,0.0000,0.0000,,,,,127260,8198,1058,463,124867,6998,2393,1200,0,0,0.70463,0.13117,0
1786018632.0850,C_left_back,C,left,0,back,,74,185.5000,344.1000,215.7000,230.7000,315.8000,2.4000,360.0000,348.9000,38.7000,0.0000,151.9000,0.0000,114.7000,0.0000,0.32400,-0.12000,0.88200,-3.31000,5.73000,11.57000,-0.91000,0.01600,0.26500,-1.13000,4.44000,-0.52000,10.4,0.9,1.0,1.0,1.034430,0.458762,1.274842,-0.282755,0.216696,1.272577,-0.089600,0.486000,0.869300,0.003200,0.133500,0.542300,0.828800,0.034500,0.893207,0.166389,1.464459,-0.283499,0.217575,1.272490,-1.933945,-0.653816,-1.467767,-1.312016,3.007259,0.340389,0.539260,-0.951244,1.846027,1.049470,1.814439,-0.632006,-0.543986,2.222026,0,1,1.0000,1.0000,1,1,0,0,0.0000,0.0000,,,,,7695,124688,1011,499,5617,123426,2078,1260,0,2,0.70467,0.13117,0
1786018632.1145,C_left_back,C,left,0,back,,75,185.5000,344.1000,215.7000,230.7000,315.8000,2.4000,360.0000,348.9000,38.7000,0.0000,151.9000,0.0000,114.7000,0.0000,0.32400,-0.12000,0.88200,-3.31000,5.73000,11.57000,-0.91000,0.01600,0.26500,-1.13000,4.44000,-0.52000,9.5,1.0,1.0,1.0,1.034430,0.458762,1.274842,-0.282755,0.216696,1.272577,-0.089600,0.486000,0.869300,0.003200,0.133500,0.542300,0.828800,0.034500,0.893207,0.166389,1.464459,-0.282755,0.216696,1.272577,-1.933945,-0.653816,-1.467767,-1.312016,3.007259,0.340389,0.539260,-0.951898,1.847113,1.048104,1.816210,-0.632915,-0.545914,2.221327,0,1,1.0000,1.0000,1,1,0,0,0.0000,0.0000,,,,,7695,8198,1011,463,5617,6998,2078,1200,0,0,0.70467,0.13117,0
1786018632.1257,C_left_back,C,left,0,back,,76,185.5000,344.1000,215.7000,230.7000,315.8000,2.4000,360.0000,348.9000,38.7000,0.0000,151.9000,0.0000,114.7000,0.0000,0.32400,-0.12000,0.88200,-3.31000,5.73000,11.57000,-0.91000,0.01600,0.26500,-1.13000,4.44000,-0.52000,9.5,1.0,1.0,1.0,1.034430,0.458762,1.274842,-0.282755,0.216696,1.272577,-0.089600,0.486000,0.869300,0.003200,0.133500,0.542300,0.828800,0.034500,0.893207,0.166389,1.464459,-0.282755,0.216696,1.272577,-1.933945,-0.653816,-1.467767,-1.312016,3.007259,0.340389,0.539260,-0.952384,1.847921,1.047088,1.817528,-0.633591,-0.547348,2.220808,0,1,1.0000,1.0000,1,1,0,0,0.0000,0.0000,,,,,127260,8198,1058,463,124867,6998,2393,1200,0,0,0.70463,0.13117,0
1786018632.1506,C_left_back,C,left,0,back,,77,185.5000,344.1000,215.7000,230.7000,315.8000,2.4000,360.0000,348.9000,38.7000,0.0000,151.9000,0.0000,114.7000,0.0000,0.32400,-0.12000,0.88200,-3.31000,5.73000,11.57000,-0.91000,0.01600,0.26500,-1.13000,4.44000,-0.52000,9.5,1.0,1.0,1.0,1.034430,0.458762,1.274842,-0.282755,0.216696,1.272577,-0.089600,0.486000,0.869300,0.003200,0.133500,0.542300,0.828800,0.034500,0.893207,0.166389,1.464459,-0.282755,0.216696,1.272577,-1.933945,-0.653816,-1.467767,-1.312016,3.007259,0.340389,0.539260,-0.952482,1.848084,1.046883,1.817794,-0.633727,-0.547637,2.220703,0,1,1.0000,1.0000,1,1,0,0,0.0000,0.0000,,,,,127260,124688,1059,499,124867,123426,2393,1260,0,2,0.70463,0.13117,0
1786018632.1681,C_left_back,C,left,0,back,,78,185.5000,344.1000,215.7000,230.7000,315.8000,2.4000,360.0000,348.9000,38.7000,0.0000,151.9000,0.0000,114.7000,0.0000,0.32400,-0.12000,0.88200,-3.31000,5.73000,11.57000,-0.91000,0.01600,0.26500,-1.13000,4.44000,-0.52000,9.5,1.0,1.0,1.0,1.034430,0.458762,1.274842,-0.282755,0.216696,1.272577,-0.089600,0.486000,0.869300,0.003200,0.133500,0.542300,0.828800,0.034500,0.893207,0.166389,1.464459,-0.282755,0.216696,1.272577,-1.933945,-0.653816,-1.467767,-1.312016,3.007259,0.340389,0.539260,-0.952482,1.848084,1.046883,1.817794,-0.633727,-0.547637,2.220703,0,1,1.0000,1.0000,1,1,0,0,0.0000,0.0000,,,,,127260,8198,1059,463,124867,6998,2393,1200,0,0,0.70463,0.13117,0
1786018632.1869,C_left_back,C,left,0,back,,79,171.9000,344.1000,213.4000,305.2000,291.8000,2.2000,360.0000,348.9000,38.7000,0.0000,151.9000,0.0000,114.7000,0.0000,0.24200,-0.21100,0.92000,10.97000,8.59000,-13.31000,-0.91000,0.01600,0.26500,-1.13000,4.44000,-0.52000,9.3,1.5,1.0,1.0,0.893201,0.166387,1.464469,-0.282755,0.216696,1.272577,-0.089600,0.486000,0.869300,0.003200,0.133500,0.542300,0.828800,0.034500,0.893207,0.166389,1.464459,-0.282755,0.216696,1.272577,-1.933945,-0.653816,-1.467767,-1.312016,3.007259,0.340389,0.539260,-0.952482,1.848084,1.046883,1.817794,-0.633727,-0.547637,2.220703,0,1,1.0000,1.0000,1,1,0,0,0.0000,0.0000,,,,,7695,124688,1012,499,5617,123426,2078,1260,0,2,0.70467,0.13117,0
1786018632.2060,C_left_back,C,left,0,back,,80,171.9000,344.1000,213.4000,305.2000,291.8000,2.2000,360.0000,348.9000,38.8000,0.0000,152.0000,0.0000,114.7000,0.0000,0.24200,-0.21100,0.92000,10.97000,8.59000,-13.31000,-0.88800,0.00700,0.26100,1.37000,-2.76000,-0.16000,9.3,1.5,1.0,1.0,0.893201,0.166387,1.464469,-0.120296,0.185730,1.125046,-0.089600,0.486000,0.869300,0.003200,0.133500,0.542300,0.828800,0.034500,0.893207,0.166389,1.464459,-0.282755,0.216696,1.272577,-1.933945,-0.653816,-1.467767,-1.312016,3.007259,0.340389,0.539260,-0.952482,1.848084,1.046883,1.817794,-0.633727,-0.547637,2.220703,0,1,1.0000,1.0000,1,1,0,0,0.0000,0.0000,,,,,7695,8198,1012,463,5617,6998,2078,1200,0,0,0.70467,0.13117,0
1786018632.2359,C_left_back,C,left,0,back,,81,171.9000,344.1000,213.4000,305.2000,291.8000,2.2000,360.0000,348.9000,38.8000,0.0000,152.0000,0.0000,114.7000,0.0000,0.24200,-0.21100,0.92000,10.97000,8.59000,-13.31000,-0.88800,0.00700,0.26100,1.37000,-2.76000,-0.16000,8.6,1.2,1.0,1.0,0.893201,0.166387,1.464469,-0.120296,0.185730,1.125046,-0.089600,0.486000,0.869300,0.003200,0.133500,0.542300,0.828800,0.034500,0.893207,0.166389,1.464459,-0.282755,0.216696,1.272577,-1.933945,-0.653816,-1.467767,-1.312016,3.007259,0.340389,0.539260,-0.952482,1.848084,1.046883,1.817794,-0.633727,-0.547637,2.220703,0,1,1.0000,1.0000,1,1,0,0,0.0000,0.0000,,,,,127261,124688,1059,499,124868,123426,2393,1260,0,2,0.70458,0.13117,0
1786018632.2526,C_left_back,C,left,0,back,,82,171.9000,344.1000,213.4000,305.2000,291.8000,2.2000,360.0000,348.9000,38.8000,0.0000,152.0000,0.0000,114.7000,0.0000,0.24200,-0.21100,0.92000,10.97000,8.59000,-13.31000,-0.88800,0.00700,0.26100,1.37000,-2.76000,-0.16000,8.6,1.2,1.0,1.0,0.893201,0.166387,1.464469,-0.120296,0.185730,1.125046,-0.089600,0.486000,0.869300,0.003200,0.133500,0.542300,0.828800,0.034500,0.893207,0.166389,1.464459,-0.282755,0.216696,1.272577,-1.933945,-0.653816,-1.467767,-1.312016,3.007259,0.340389,0.539260,-0.952482,1.848084,1.046883,1.817794,-0.633727,-0.547637,2.220703,0,1,1.0000,1.0000,1,1,0,0,0.0000,0.0000,,,,,127261,124688,1059,499,124868,123426,2393,1260,0,2,0.70458,0.13117,0
1786018632.2633,C_left_back,C,left,0,back,,83,168.5000,344.1000,212.8000,326.9000,54.3000,0.0000,360.0000,348.9000,38.8000,0.0000,152.1000,0.0000,114.7000,0.0000,0.27200,-0.11500,0.90300,-2.77000,19.95000,-26.17000,-0.92300,0.02100,0.28000,-1.37000,1.31000,-10.32000,8.2,1.2,1.0,1.0,0.888512,0.384964,1.333744,-1.129809,0.383577,1.663987,-0.089600,0.486000,0.869300,0.003200,0.133500,0.542300,0.828800,0.034500,0.893204,0.166388,1.464465,-0.282755,0.216696,1.272577,-1.933945,-0.653816,-1.467767,-1.312016,3.007259,0.340389,0.539260,-0.952482,1.848084,1.046883,1.817794,-0.633727,-0.547637,2.220703,0,1,1.0000,1.0000,1,1,0,0,0.0000,0.0000,,,,,127261,8198,1059,463,124868,6998,2393,1200,0,0,0.70458,0.13117,0
1786018632.2836,C_left_back,C,left,0,back,,84,166.6000,344.1000,212.8000,282.5000,20.2000,0.0000,360.0000,348.9000,38.8000,0.0000,152.1000,0.0000,114.7000,0.0000,0.32200,-0.20700,0.98800,2.82000,7.98000,-22.27000,-0.92300,0.02100,0.28000,-1.37000,1.31000,-10.32000,9.2,0.9,1.0,1.0,0.893201,0.166387,1.464469,-1.129809,0.383577,1.663987,-0.089600,0.486000,0.869300,0.003200,0.133500,0.542300,0.828800,0.034500,0.893204,0.166388,1.464465,-0.282755,0.216696,1.272577,-1.933934,-0.653923,-1.467958,-1.312022,3.007830,0.340359,0.538813,-0.952482,1.848084,1.046883,1.817794,-0.633727,-0.547637,2.220703,0,1,1.0000,1.0000,1,1,0,0,0.0000,0.0000,,,,,127261,8198,1059,463,124868,6998,2393,1200,0,0,0.70458,0.13117,0
1786018632.3082,C_left_back,C,left,0,back,,85,164.8000,344.1000,212.8000,222.5000,222.6000,0.6000,360.0000,348.9000,38.8000,0.0000,152.1000,0.0000,114.7000,0.0000,0.29600,-0.16100,0.94400,14.18000,-0.07000,-15.91000,-0.96100,0.02600,0.29800,0.55000,1.19000,-5.92000,9.1,1.2,1.0,1.0,0.893201,0.166387,1.464469,-0.120903,0.185619,1.124773,-0.089600,0.486000,0.869300,0.003200,0.133500,0.542300,0.828800,0.034500,0.893204,0.166388,1.464465,-0.282755,0.216696,1.272577,-1.933913,-0.654137,-1.468342,-1.312033,3.008977,0.340301,0.537915,-0.952482,1.848084,1.046883,1.817794,-0.633727,-0.547637,2.220703,0,1,1.0000,1.0000,0,1,1,0,0.0237,0.0000,,,,,127261,8198,1059,463,124868,6998,2393,1200,0,0,0.70458,0.13117,0
1786018632.3321,C_left_back,C,left,0,back,,86,164.8000,344.1000,212.8000,222.5000,222.6000,0.6000,360.0000,348.9000,38.8000,0.0000,152.1000,0.0000,114.7000,0.0000,0.29600,-0.16100,0.94400,14.18000,-0.07000,-15.91000,-0.96100,0.02600,0.29800,0.55000,1.19000,-5.92000,9.1,1.2,1.0,1.0,0.893201,0.166387,1.464469,-0.120903,0.185619,1.124773,-0.089600,0.486000,0.869300,0.003200,0.133500,0.542300,0.828800,0.034500,0.893201,0.166387,1.464469,-0.282755,0.216696,1.272577,-1.933913,-0.654137,-1.468342,-1.312033,3.008977,0.340301,0.537915,-0.952482,1.848084,1.046883,1.817794,-0.633727,-0.547637,2.220703,0,1,1.0000,1.0000,0,1,1,0,0.0237,0.0000,,,,,7696,8198,1012,463,5618,6998,2078,1200,0,0,0.70458,0.13117,0
1786018632.3480,C_left_back,C,left,0,back,,87,163.5000,344.0000,212.8000,210.0000,263.8000,1.4000,360.0000,348.9000,38.8000,0.0000,152.2000,0.0000,114.7000,0.0000,0.26300,-0.12400,0.92000,15.82000,-2.68000,-8.63000,-0.94300,0.03800,0.28400,-0.09000,-0.13000,0.47000,8.8,0.9,1.0,1.0,1.034430,0.458762,1.274842,-0.122368,0.185434,1.124177,-0.089600,0.486000,0.869300,0.003200,0.133500,0.542300,0.828800,0.034500,0.893201,0.166387,1.464469,-0.282755,0.216696,1.272577,-1.933909,-0.654180,-1.468419,-1.312035,3.009205,0.340289,0.537736,-0.952482,1.848084,1.046883,1.817794,-0.633727,-0.547637,2.220703,0,1,1.0000,1.0000,1,1,0,0,0.0000,0.0000,,,,,127261,8198,1059,463,124868,6998,2393,1200,0,0,0.70458,0.13117,0
1786018632.3649,C_left_back,C,left,0,back,,88,162.8000,343.9000,212.8000,205.8000,277.0000,1.6000,360.0000,348.8000,38.8000,0.0000,152.2000,0.0000,114.7000,0.0000,0.27400,-0.12700,0.93500,15.29000,-2.02000,-12.78000,-0.93300,0.03900,0.27700,-0.83000,-0.69000,1.73000,8.8,0.9,1.0,1.0,0.893201,0.166387,1.464469,-0.123539,0.185239,1.123702,-0.089600,0.486000,0.869300,0.003200,0.133500,0.542300,0.828800,0.034500,0.893201,0.166387,1.464469,-0.282755,0.216696,1.272577,-1.933901,-0.654263,-1.468567,-1.312039,3.009649,0.340266,0.537388,-0.952482,1.848084,1.046883,1.817794,-0.633727,-0.547637,2.220703,0,1,1.0000,1.0000,1,1,0,0,0.0000,0.0000,,,,,127261,124688,1059,499,124868,123426,2393,1260,0,2,0.70458,0.13117,0
1786018632.3848,C_left_back,C,left,0,back,,89,162.8000,343.9000,212.8000,205.8000,277.0000,1.6000,360.0000,348.8000,38.8000,0.0000,152.2000,0.0000,114.7000,0.0000,0.27400,-0.12700,0.93500,15.29000,-2.02000,-12.78000,-0.93300,0.03900,0.27700,-0.83000,-0.69000,1.73000,8.8,0.9,1.0,1.0,0.893201,0.166387,1.464469,-0.123539,0.185239,1.123702,-0.089600,0.486000,0.869300,0.003200,0.133500,0.542300,0.828800,0.034500,0.893201,0.166387,1.464469,-0.282755,0.216696,1.272577,-1.933893,-0.654351,-1.468723,-1.312044,3.010115,0.340243,0.537024,-0.952482,1.848084,1.046883,1.817794,-0.633727,-0.547637,2.220703,0,1,1.0000,1.0000,1,1,0,0,0.0000,0.0000,,,,,7696,8198,1012,463,5618,6998,2078,1200,0,0,0.70458,0.13117,0
1786018632.4091,C_left_back,C,left,0,back,,90,162.8000,343.9000,212.8000,205.8000,277.0000,1.6000,360.0000,348.8000,38.8000,0.0000,152.2000,0.0000,114.7000,0.0000,0.27400,-0.12700,0.93500,15.29000,-2.02000,-12.78000,-0.93300,0.03900,0.27700,-0.83000,-0.69000,1.73000,8.8,0.9,1.0,1.0,0.893201,0.166387,1.464469,-0.123539,0.185239,1.123702,-0.089600,0.486000,0.869300,0.003200,0.133500,0.542300,0.828800,0.034500,0.893201,0.166387,1.464469,-0.282755,0.216696,1.272577,-1.933893,-0.654351,-1.468723,-1.312044,3.010115,0.340243,0.537024,-0.952482,1.848084,1.046883,1.817794,-0.633727,-0.547637,2.220703,0,1,1.0000,1.0000,1,1,0,0,0.0000,0.0000,,,,,127261,8198,1059,463,124868,6998,2393,1200,0,0,0.70458,0.13117,0
1786018632.4320,C_left_back,C,left,0,back,,91,157.7000,343.6000,212.5000,194.6000,65.7000,0.0000,360.0000,348.8000,38.8000,0.0000,152.2000,0.0000,114.7000,0.0000,0.29400,-0.10400,0.92300,-9.68000,13.40000,3.32000,-0.93300,0.03900,0.27700,-0.83000,-0.69000,1.73000,8.8,0.9,1.0,1.0,0.893201,0.166387,1.464469,-0.123539,0.185239,1.123702,-0.089600,0.486000,0.869300,0.003200,0.133500,0.542300,0.828800,0.034500,0.893201,0.166387,1.464469,-0.282755,0.216696,1.272577,-1.933893,-0.654351,-1.468723,-1.312044,3.010115,0.340243,0.537024,-0.952482,1.848084,1.046883,1.817794,-0.633727,-0.547637,2.220703,0,1,1.0000,1.0000,1,1,0,0,0.0000,0.0000,,,,,127261,124688,1059,499,124868,123426,2393,1260,0,2,0.70458,0.13117,0
1786018632.4455,C_left_back,C,left,0,back,,92,157.7000,343.6000,212.5000,194.6000,65.7000,0.0000,360.0000,348.8000,38.8000,0.0000,152.2000,0.0000,114.7000,0.0000,0.29400,-0.10400,0.92300,-9.68000,13.40000,3.32000,-0.93300,0.03900,0.27700,-0.83000,-0.69000,1.73000,8.8,0.9,1.0,1.0,0.893201,0.166387,1.464469,-0.123539,0.185239,1.123702,-0.089600,0.486000,0.869300,0.003200,0.133500,0.542300,0.828800,0.034500,0.893201,0.166387,1.464469,-0.282755,0.216696,1.272577,-1.933893,-0.654351,-1.468723,-1.312044,3.010115,0.340243,0.537024,-0.952482,1.848084,1.046883,1.817794,-0.633727,-0.547637,2.220703,0,1,1.0000,1.0000,1,1,0,0,0.0000,0.0000,,,,,127261,8198,1059,463,124868,6998,2393,1200,0,0,0.70458,0.13117,0
1786018632.4795,C_left_back,C,left,0,back,,93,157.7000,343.6000,212.5000,194.6000,65.7000,0.0000,360.0000,348.8000,38.8000,0.0000,152.2000,0.0000,114.7000,0.0000,0.29400,-0.10400,0.92300,-9.68000,13.40000,3.32000,-0.93300,0.03900,0.27700,-0.83000,-0.69000,1.73000,10.5,2.1,1.0,1.0,0.893201,0.166387,1.464469,-0.123539,0.185239,1.123702,-0.089600,0.486000,0.869300,0.003200,0.133500,0.542300,0.828800,0.034500,0.893201,0.166387,1.464469,-0.282755,0.216696,1.272577,-1.933893,-0.654351,-1.468723,-1.312044,3.010115,0.340243,0.537024,-0.952482,1.848084,1.046883,1.817794,-0.633727,-0.547637,2.220703,0,1,1.0000,1.0000,1,1,0,0,0.0000,0.0000,,,,,7696,124688,1012,499,5618,123426,2078,1260,0,2,0.70458,0.13117,0
1786018632.4854,C_left_back,C,left,0,back,,94,157.7000,343.6000,212.5000,194.6000,65.7000,0.0000,360.0000,348.8000,38.8000,0.0000,152.5000,0.0000,114.7000,0.0000,0.29400,-0.10400,0.92300,-9.68000,13.40000,3.32000,-0.91600,0.03200,0.28100,-0.22000,-3.96000,-2.35000,9.6,1.6,1.0,1.0,0.893201,0.166387,1.464469,-0.282835,0.214821,1.272164,-0.089600,0.486000,0.869300,0.003200,0.133500,0.542300,0.828800,0.034500,0.893201,0.166387,1.464469,-0.282755,0.216696,1.272577,-1.933893,-0.654351,-1.468723,-1.312044,3.010115,0.340243,0.537024,-0.952482,1.848084,1.046883,1.817794,-0.633727,-0.547637,2.220703,0,1,1.0000,1.0000,1,1,0,0,0.0000,0.0000,,,,,7696,8198,1012,463,5618,6998,2078,1200,0,0,0.70458,0.13117,0
1786018632.5178,C_left_back,C,left,0,back,,95,149.3000,343.1000,212.5000,191.1000,0.0000,0.0000,360.0000,348.8000,38.8000,0.0000,152.6000,0.0000,114.6000,0.0000,0.29900,-0.06800,0.88000,1.27000,3.97000,-11.87000,-0.92500,0.02800,0.27900,1.73000,-5.83000,-0.26000,9.8,0.9,1.0,1.0,0.888512,0.384964,1.333744,-1.130360,0.383430,1.663769,-0.089600,0.486000,0.869300,0.003200,0.133500,0.542300,0.828800,0.034500,0.893201,0.166387,1.464469,-0.282795,0.215736,1.272365,-1.933893,-0.654351,-1.468723,-1.312044,3.010115,0.340243,0.537024,-0.952482,1.848084,1.046883,1.817794,-0.633727,-0.547637,2.220703,0,1,1.0000,1.0000,1,1,0,0,0.0000,0.0000,,,,,7696,8198,1012,464,5618,6998,2078,1200,0,0,0.70458,0.13117,0
1786018632.5441,C_left_back,C,left,0,back,,96,149.3000,343.1000,212.5000,191.1000,0.0000,0.0000,360.0000,348.8000,38.8000,0.0000,152.6000,0.0000,114.6000,0.0000,0.29900,-0.06800,0.88000,1.27000,3.97000,-11.87000,-0.92500,0.02800,0.27900,1.73000,-5.83000,-0.26000,9.8,0.9,1.0,1.0,0.888512,0.384964,1.333744,-1.130360,0.383430,1.663769,-0.089600,0.486000,0.869300,0.003200,0.133500,0.542300,0.828800,0.034500,0.893201,0.166387,1.464469,-0.282795,0.215736,1.272365,-1.933893,-0.654351,-1.468723,-1.312044,3.010115,0.340243,0.537024,-0.952482,1.848084,1.046883,1.817794,-0.633727,-0.547637,2.220703,0,1,1.0000,1.0000,1,1,0,0,0.0000,0.0000,,,,,7696,8198,1012,464,5618,6998,2078,1200,0,0,0.70458,0.13117,0
1786018632.5495,C_left_back,C,left,0,back,,97,147.8000,343.1000,212.8000,190.1000,0.0000,0.0000,360.0000,348.8000,38.8000,0.0000,152.6000,0.0000,114.6000,0.0000,0.23800,-0.08400,0.84400,-5.18000,13.63000,-1.47000,-0.92200,0.03200,0.28400,-1.49000,-5.76000,0.03000,9.5,1.1,1.0,1.0,0.893201,0.166387,1.464469,-0.123738,0.185165,1.123616,-0.089600,0.486000,0.869300,0.003200,0.133500,0.542300,0.828800,0.034500,0.893201,0.166387,1.464469,-0.282795,0.215736,1.272365,-1.933893,-0.654351,-1.468723,-1.312044,3.010115,0.340243,0.537024,-0.952482,1.848084,1.046883,1.817794,-0.633727,-0.547637,2.220703,0,1,1.0000,1.0000,1,1,0,0,0.0000,0.0000,,,,,127261,124688,1059,500,124868,123426,2393,1260,0,2,0.70458,0.13117,0
1786018632.5763,C_left_back,C,left,0,back,,98,148.2000,343.1000,212.7000,190.5000,0.0000,0.0000,360.0000,348.8000,38.8000,0.0000,152.6000,0.0000,114.6000,0.0000,0.25800,-0.09800,0.86400,-4.36000,10.04000,-4.54000,-0.92300,0.03300,0.27200,-3.02000,-5.43000,1.37000,9.8,1.3,1.0,1.0,1.034430,0.458762,1.274842,-0.283273,0.214239,1.271886,-0.089600,0.486000,0.869300,0.003200,0.133500,0.542300,0.828800,0.034500,0.893201,0.166387,1.464469,-0.282795,0.215736,1.272365,-1.933893,-0.654351,-1.468723,-1.312044,3.010115,0.340243,0.537024,-0.952482,1.848084,1.046883,1.817794,-0.633727,-0.547637,2.220703,0,1,1.0000,1.0000,1,1,0,0,0.0000,0.0000,,,,,127261,8198,1060,464,124868,6998,2393,1200,0,0,0.70458,0.13117,0
1786018632.5900,C_left_back,C,left,0,back,,99,148.2000,343.1000,212.7000,190.5000,0.0000,0.0000,360.0000,348.8000,38.8000,0.0000,152.6000,0.0000,114.6000,0.0000,0.25800,-0.09800,0.86400,-4.36000,10.04000,-4.54000,-0.92300,0.03300,0.27200,-3.02000,-5.43000,1.37000,9.8,1.3,1.0,1.0,1.034430,0.458762,1.274842,-0.283273,0.214239,1.271886,-0.089600,0.486000,0.869300,0.003200,0.133500,0.542300,0.828800,0.034500,0.893201,0.166387,1.464469,-0.282795,0.215736,1.272365,-1.933893,-0.654351,-1.468723,-1.312044,3.010115,0.340243,0.537024,-0.952482,1.848084,1.046883,1.817794,-0.633727,-0.547637,2.220703,0,1,1.0000,1.0000,1,1,0,0,0.0000,0.0000,,,,,127261,8198,1060,464,124868,6998,2393,1200,0,0,0.70458,0.13117,0
1786018632.6042,C_left_back,C,left,0,back,,100,146.4000,343.1000,212.8000,189.3000,0.0000,0.0000,360.0000,348.8000,38.8000,0.0000,152.6000,0.0000,114.6000,0.0000,0.24200,-0.06900,0.83800,-7.92000,24.16000,3.93000,-0.92300,0.03300,0.27200,-3.02000,-5.43000,1.37000,9.8,1.3,1.0,1.0,1.034430,0.458762,1.274842,-0.283273,0.214239,1.271886,-0.089600,0.486000,0.869300,0.003200,0.133500,0.542300,0.828800,0.034500,0.893201,0.166387,1.464469,-0.282835,0.214821,1.272164,-1.933893,-0.654351,-1.468723,-1.312044,3.010115,0.340243,0.537024,-0.952482,1.848084,1.046883,1.817794,-0.633727,-0.547637,2.220703,0,1,1.0000,1.0000,1,1,0,0,0.0000,0.0000,,,,,127261,8198,1060,464,124868,6998,2393,1200,0,0,0.70458,0.13117,0
1786018632.6341,C_left_back,C,left,0,back,,101,145.0000,343.1000,212.6000,184.4000,0.0000,0.0000,360.0000,348.9000,38.8000,0.0000,152.5000,0.0000,114.7000,0.0000,0.24700,-0.10000,0.87900,-12.22000,24.24000,8.71000,-0.92700,0.01600,0.29000,-1.31000,-3.47000,1.67000,9.4,1.9,1.0,1.0,0.888512,0.384964,1.333744,-1.129708,0.383487,1.664033,-0.089600,0.486000,0.869300,0.003200,0.133500,0.542300,0.828800,0.034500,0.893201,0.166387,1.464469,-0.282835,0.214821,1.272164,-1.933893,-0.654351,-1.468723,-1.312044,3.010115,0.340243,0.537024,-0.952482,1.848084,1.046883,1.817794,-0.633727,-0.547637,2.220703,0,1,1.0000,1.0000,1,1,0,0,0.0000,0.0000,,,,,127261,8199,1060,464,124868,6999,2393,1200,0,0,0.70458,0.12955,0
1786018632.6685,C_left_back,C,left,0,back,,102,143.8000,343.1000,212.4000,180.2000,0.0000,0.0000,360.0000,348.9000,38.8000,0.0000,152.7000,0.0000,114.9000,0.0000,0.21900,-0.15600,1.09200,-5.63000,50.92000,5.66000,-0.93300,0.02800,0.29000,1.92000,-1.10000,2.09000,8.9,1.6,1.0,1.0,1.034430,0.458762,1.274842,-0.283014,0.213941,1.271918,-0.089600,0.486000,0.869300,0.003200,0.133500,0.542300,0.828800,0.034500,0.893201,0.166387,1.464469,-0.282835,0.214821,1.272164,-1.933893,-0.654351,-1.468723,-1.312044,3.010115,0.340243,0.537024,-0.952482,1.848084,1.046883,1.817794,-0.633727,-0.547637,2.220703,0,1,1.0000,1.0000,1,1,0,0,0.0000,0.0000,,,,,7696,124689,1013,500,5618,123427,2078,1260,0,2,0.70458,0.12955,0
1786018632.6898,C_left_back,C,left,0,back,,103,143.8000,343.1000,212.4000,180.2000,0.0000,0.0000,360.0000,348.9000,38.8000,0.0000,152.6000,0.0000,114.8000,0.0000,0.21900,-0.15600,1.09200,-5.63000,50.92000,5.66000,-0.94300,0.02500,0.28100,-2.91000,-0.31000,2.48000,9.0,1.3,1.0,1.0,1.034430,0.458762,1.274842,-0.282711,0.213745,1.271986,-0.089600,0.486000,0.869300,0.003200,0.133500,0.542300,0.828800,0.034500,0.893201,0.166387,1.464469,-0.282835,0.214821,1.272164,-1.933893,-0.654351,-1.468723,-1.312044,3.010115,0.340243,0.537024,-0.952482,1.848084,1.046883,1.817794,-0.633727,-0.547637,2.220703,0,1,1.0000,1.0000,1,1,0,0,0.0000,0.0000,,,,,7696,124689,1013,500,5618,123427,2078,1260,0,2,0.70458,0.12955,0
1786018632.6913,C_left_back,C,left,0,back,,104,143.8000,343.1000,212.4000,180.2000,0.0000,0.0000,360.0000,348.9000,38.8000,0.0000,152.6000,0.0000,114.8000,0.0000,0.21900,-0.15600,1.09200,-5.63000,50.92000,5.66000,-0.94300,0.02500,0.28100,-2.91000,-0.31000,2.48000,9.0,1.3,1.0,1.0,1.034430,0.458762,1.274842,-0.282711,0.213745,1.271986,-0.089600,0.486000,0.869300,0.003200,0.133500,0.542300,0.828800,0.034500,0.893201,0.166387,1.464469,-0.282835,0.214821,1.272164,-1.933893,-0.654351,-1.468723,-1.312044,3.010115,0.340243,0.537024,-0.952482,1.848084,1.046883,1.817794,-0.633727,-0.547637,2.220703,0,1,1.0000,1.0000,1,1,0,0,0.0000,0.0000,,,,,7696,124689,1013,500,5618,123427,2078,1260,0,2,0.70458,0.12955,0
1786018632.7060,C_left_back,C,left,0,back,,105,143.8000,343.1000,212.4000,180.2000,0.0000,0.0000,360.0000,348.9000,39.0000,0.0000,152.5000,0.0000,114.8000,0.0000,0.21900,-0.15600,1.09200,-5.63000,50.92000,5.66000,-0.92400,0.02800,0.28200,-1.85000,4.18000,-6.15000,10.1,1.9,1.0,1.0,1.034430,0.458762,1.274842,-1.130105,0.383434,1.663879,-0.089600,0.486000,0.869300,0.003200,0.133500,0.542300,0.828800,0.034500,0.893201,0.166387,1.464469,-0.282835,0.214821,1.272164,-1.933893,-0.654351,-1.468723,-1.312044,3.010115,0.340243,0.537024,-0.952482,1.848084,1.046883,1.817794,-0.633727,-0.547637,2.220703,0,1,1.0000,1.0000,1,1,0,0,0.0000,0.0000,,,,,127261,124689,1060,500,124868,123427,2393,1260,0,2,0.70458,0.12955,0
1786018632.7385,C_left_back,C,left,0,back,,106,143.8000,343.1000,212.4000,180.2000,0.0000,0.0000,360.0000,348.9000,39.0000,0.0000,152.5000,0.0000,114.8000,0.0000,0.21900,-0.15600,1.09200,-5.63000,50.92000,5.66000,-0.92400,0.02800,0.28200,-1.85000,4.18000,-6.15000,9.7,1.8,1.0,1.0,1.034430,0.458762,1.274842,-1.130105,0.383434,1.663879,-0.089600,0.486000,0.869300,0.003200,0.133500,0.542300,0.828800,0.034500,0.893201,0.166387,1.464469,-0.282835,0.214821,1.272164,-1.933893,-0.654351,-1.468723,-1.312044,3.010115,0.340243,0.537024,-0.954273,1.847817,1.045583,1.820771,-0.634057,-0.549100,2.220136,0,1,1.0000,1.0000,1,1,0,0,0.0000,0.0000,,,,,127261,8199,1060,464,124868,6999,2393,1200,0,0,0.70458,0.12955,0
1786018632.7524,C_left_back,C,left,0,back,,107,10.1000,342.9000,211.9000,174.8000,0.0000,0.0000,360.0000,348.9000,38.9000,0.0000,152.6000,0.0000,114.6000,0.0000,0.12700,-0.14000,0.98600,2.31000,46.98000,4.50000,-0.92300,0.01500,0.29300,2.76000,3.02000,-7.00000,9.8,1.0,1.0,1.0,0.893201,0.166387,1.464469,-0.122469,0.185311,1.124125,-0.089600,0.486000,0.869300,0.003200,0.133500,0.542300,0.828800,0.034500,0.893201,0.166387,1.464469,-0.282835,0.214821,1.272164,-1.933893,-0.654351,-1.468723,-1.312044,3.010115,0.340243,0.537024,-0.954690,1.847755,1.045281,1.821465,-0.634134,-0.549440,2.220004,0,1,1.0000,1.0000,1,1,0,0,0.0000,0.0000,,,,,127261,124689,1060,500,124868,123427,2393,1260,0,2,0.70458,0.12955,0
1786018632.7611,C_left_back,C,left,0,back,,108,10.1000,342.9000,211.9000,174.8000,0.0000,0.0000,360.0000,348.9000,38.9000,0.0000,152.6000,0.0000,114.6000,0.0000,0.12700,-0.14000,0.98600,2.31000,46.98000,4.50000,-0.92300,0.01500,0.29300,2.76000,3.02000,-7.00000,9.6,0.8,1.0,1.0,0.893201,0.166387,1.464469,-0.122469,0.185311,1.124125,-0.089600,0.486000,0.869300,0.003200,0.133500,0.542300,0.828800,0.034500,0.893201,0.166387,1.464469,-0.282835,0.214821,1.272164,-1.933893,-0.654351,-1.468723,-1.312044,3.010115,0.340243,0.537024,-0.955175,1.847682,1.044929,1.822272,-0.634223,-0.549837,2.219851,0,1,1.0000,1.0000,1,1,0,0,0.0000,0.0000,,,,,7696,124689,1013,500,5618,123427,2078,1260,0,2,0.70458,0.12955,0
1786018632.7895,C_left_back,C,left,0,back,,109,10.1000,342.9000,211.9000,174.8000,0.0000,0.0000,360.0000,348.9000,38.9000,0.0000,152.6000,0.0000,114.6000,0.0000,0.12700,-0.14000,0.98600,2.31000,46.98000,4.50000,-0.92300,0.01500,0.29300,2.76000,3.02000,-7.00000,9.3,1.3,1.0,1.0,0.893201,0.166387,1.464469,-0.122469,0.185311,1.124125,-0.089600,0.486000,0.869300,0.003200,0.133500,0.542300,0.828800,0.034500,0.893201,0.166387,1.464469,-0.282835,0.214821,1.272164,-1.933893,-0.654351,-1.468723,-1.312044,3.010115,0.340243,0.537024,-0.955979,1.847562,1.044345,1.823609,-0.634371,-0.550494,2.219597,0,1,1.0000,1.0000,1,1,0,0,0.0000,0.0000,,,,,7696,8199,1013,464,5618,6999,2078,1200,0,0,0.70458,0.12955,0
1786018632.8050,C_left_back,C,left,0,back,,110,10.1000,342.9000,211.9000,174.8000,0.0000,0.0000,360.0000,348.9000,38.9000,0.0000,152.6000,0.0000,114.6000,0.0000,0.12700,-0.14000,0.98600,2.31000,46.98000,4.50000,-0.92300,0.01500,0.29300,2.76000,3.02000,-7.00000,9.3,1.3,1.0,1.0,0.893201,0.166387,1.464469,-0.122469,0.185311,1.124125,-0.089600,0.486000,0.869300,0.003200,0.133500,0.542300,0.828800,0.034500,0.893201,0.166387,1.464469,-0.282835,0.214821,1.272164,-1.933893,-0.654351,-1.468723,-1.312044,3.010115,0.340243,0.537024,-0.955979,1.847562,1.044345,1.823609,-0.634371,-0.550494,2.219597,0,1,1.0000,1.0000,1,1,0,0,0.0000,0.0000,,,,,7696,8199,1013,464,5618,6999,2078,1200,0,0,0.70458,0.12955,0
1786018632.8315,C_left_back,C,left,0,back,,111,133.3000,342.7000,211.9000,171.7000,0.0000,0.0000,360.0000,348.9000,38.9000,0.0000,152.7000,0.0000,114.7000,0.0000,0.07700,-0.16200,0.91000,15.01000,12.24000,6.18000,-0.91000,0.02400,0.28100,-0.85000,-6.01000,-1.97000,9.3,1.6,1.0,1.0,1.034430,0.458762,1.274842,-0.282384,0.213620,1.272082,-0.089600,0.486000,0.869300,0.003200,0.133500,0.542300,0.828800,0.034500,0.893201,0.166387,1.464469,-0.282835,0.214821,1.272164,-1.933893,-0.654351,-1.468723,-1.312044,3.010115,0.340243,0.537024,-0.955979,1.847562,1.044345,1.823609,-0.634371,-0.550494,2.219597,0,1,1.0000,1.0000,1,1,0,0,0.0000,0.0000,,,,,7696,8199,1013,464,5618,6999,2078,1200,0,0,0.70458,0.12955,0
1786018632.8529,C_left_back,C,left,0,back,,112,132.7000,342.6000,211.9000,171.1000,0.0000,0.0000,60.0000,348.0000,39.0000,0.0000,152.8000,0.0000,114.7000,0.0000,0.05800,-0.10000,0.86300,13.66000,17.65000,5.91000,-0.91800,0.03000,0.29500,-1.92000,-4.69000,-3.22000,9.2,1.6,1.0,1.0,0.888512,0.384964,1.333744,-1.130480,0.382920,1.663718,-0.089600,0.486000,0.869300,0.003200,0.133500,0.542300,0.828800,0.034500,0.893201,0.166387,1.464469,-0.282835,0.214821,1.272164,-1.933893,-0.654351,-1.468723,-1.312044,3.010115,0.340243,0.537024,-0.955979,1.847562,1.044345,1.823609,-0.634371,-0.550494,2.219597,0,1,1.0000,1.0000,1,1,0,0,0.0000,0.0000,,,,,127261,124689,1061,501,124868,123427,2393,1260,0,2,0.70458,0.12955,0
1786018632.8709,C_left_back,C,left,0,back,,113,132.7000,342.6000,211.9000,171.1000,0.0000,0.0000,60.0000,348.0000,39.0000,0.0000,152.8000,0.0000,114.7000,0.0000,0.05800,-0.10000,0.86300,13.66000,17.65000,5.91000,-0.91800,0.03000,0.29500,-1.92000,-4.69000,-3.22000,9.2,1.6,1.0,1.0,0.888512,0.384964,1.333744,-1.130480,0.382920,1.663718,-0.089600,0.486000,0.869300,0.003200,0.133500,0.542300,0.828800,0.034500,0.893201,0.166387,1.464469,-0.282835,0.214821,1.272164,-1.933893,-0.654351,-1.468723,-1.312044,3.010115,0.340243,0.537024,-0.955979,1.847562,1.044345,1.823609,-0.634371,-0.550494,2.219597,0,1,1.0000,1.0000,1,1,0,0,0.0000,0.0000,,,,,127261,8199,1061,465,124868,6999,2393,1200,0,0,0.70458,0.12955,0
1786018632.8946,C_left_back,C,left,0,back,,114,132.7000,342.6000,211.9000,171.1000,0.0000,0.0000,60.0000,348.0000,39.0000,0.0000,152.8000,0.0000,114.7000,0.0000,0.05800,-0.10000,0.86300,13.66000,17.65000,5.91000,-0.91800,0.03000,0.29500,-1.92000,-4.69000,-3.22000,9.6,1.0,1.0,1.0,0.888512,0.384964,1.333744,-1.130480,0.382920,1.663718,-0.089600,0.486000,0.869300,0.003200,0.133500,0.542300,0.828800,0.034500,0.893201,0.166387,1.464469,-0.282672,0.214389,1.272135,-1.933893,-0.654351,-1.468723,-1.312044,3.010115,0.340243,0.537024,-0.955979,1.847562,1.044345,1.823609,-0.634371,-0.550494,2.219597,0,1,1.0000,1.0000,1,1,0,0,0.0000,0.0000,,,,,127261,8199,1061,465,124868,6999,2393,1200,0,0,0.70458,0.12955,0
1786018632.9098,C_left_back,C,left,0,back,,115,132.7000,342.6000,211.9000,171.1000,0.0000,0.0000,60.0000,348.0000,39.0000,0.0000,152.8000,0.0000,114.7000,0.0000,0.05800,-0.10000,0.86300,13.66000,17.65000,5.91000,-0.91800,0.03000,0.29500,-1.92000,-4.69000,-3.22000,9.6,1.0,1.0,1.0,0.888512,0.384964,1.333744,-1.130480,0.382920,1.663718,-0.089600,0.486000,0.869300,0.003200,0.133500,0.542300,0.828800,0.034500,0.893201,0.166387,1.464469,-0.282672,0.214389,1.272135,-1.933893,-0.654351,-1.468723,-1.312044,3.010115,0.340243,0.537024,-0.955979,1.847562,1.044345,1.823609,-0.634371,-0.550494,2.219597,0,1,1.0000,1.0000,1,1,0,0,0.0000,0.0000,,,,,7696,124689,1014,501,5618,123427,2078,1260,0,2,0.70458,0.12955,0
1786018632.9214,C_left_back,C,left,0,back,,116,132.7000,342.6000,211.9000,171.1000,0.0000,0.0000,60.0000,348.0000,39.0000,0.0000,152.8000,0.0000,114.7000,0.0000,0.05800,-0.10000,0.86300,13.66000,17.65000,5.91000,-0.91800,0.03000,0.29500,-1.92000,-4.69000,-3.22000,9.6,1.0,1.0,1.0,0.888512,0.384964,1.333744,-1.130480,0.382920,1.663718,-0.089600,0.486000,0.869300,0.003200,0.133500,0.542300,0.828800,0.034500,0.893201,0.166387,1.464469,-0.282672,0.214389,1.272135,-1.933893,-0.654351,-1.468723,-1.312044,3.010115,0.340243,0.537024,-0.955979,1.847562,1.044345,1.823609,-0.634371,-0.550494,2.219597,0,1,1.0000,1.0000,1,1,0,0,0.0000,0.0000,,,,,7696,124689,1014,501,5618,123427,2078,1260,0,2,0.70458,0.12955,0
1786018632.9475,C_left_back,C,left,0,back,,117,132.7000,342.6000,211.9000,171.1000,0.0000,0.0000,60.0000,348.0000,39.0000,0.0000,152.8000,0.0000,114.7000,0.0000,0.05800,-0.10000,0.86300,13.66000,17.65000,5.91000,-0.91800,0.03000,0.29500,-1.92000,-4.69000,-3.22000,9.6,1.0,1.0,1.0,0.888512,0.384964,1.333744,-1.130480,0.382920,1.663718,-0.089600,0.486000,0.869300,0.003200,0.133500,0.542300,0.828800,0.034500,0.893201,0.166387,1.464469,-0.282384,0.213620,1.272082,-1.933893,-0.654351,-1.468723,-1.312044,3.010115,0.340243,0.537024,-0.955979,1.847562,1.044345,1.823609,-0.634371,-0.550494,2.219597,0,1,1.0000,1.0000,1,1,0,0,0.0000,0.0000,,,,,7696,124690,1014,501,5618,123428,2078,1260,0,2,0.70458,0.12888,0
1786018632.9651,C_left_back,C,left,0,back,,118,132.7000,342.6000,211.9000,171.1000,0.0000,0.0000,60.0000,348.0000,39.0000,0.0000,152.8000,0.0000,114.7000,0.0000,0.05800,-0.10000,0.86300,13.66000,17.65000,5.91000,-0.91800,0.03000,0.29500,-1.92000,-4.69000,-3.22000,9.6,1.0,1.0,1.0,0.888512,0.384964,1.333744,-1.130480,0.382920,1.663718,-0.089600,0.486000,0.869300,0.003200,0.133500,0.542300,0.828800,0.034500,0.893201,0.166387,1.464469,-0.282384,0.213620,1.272082,-1.933893,-0.654351,-1.468723,-1.312044,3.010115,0.340243,0.537024,-0.955979,1.847562,1.044345,1.823609,-0.634371,-0.550494,2.219597,0,1,1.0000,1.0000,1,1,0,0,0.0000,0.0000,,,,,127261,124690,1061,501,124868,123428,2393,1260,0,2,0.70458,0.12888,0
1786018632.9815,C_left_back,C,left,0,back,,119,132.7000,342.6000,211.9000,171.1000,0.0000,0.0000,60.0000,348.0000,39.0000,0.0000,152.8000,0.0000,114.7000,0.0000,0.05800,-0.10000,0.86300,13.66000,17.65000,5.91000,-0.91800,0.03000,0.29500,-1.92000,-4.69000,-3.22000,9.6,1.0,1.0,1.0,0.888512,0.384964,1.333744,-1.130480,0.382920,1.663718,-0.089600,0.486000,0.869300,0.003200,0.133500,0.542300,0.828800,0.034500,0.893201,0.166387,1.464469,-0.282384,0.213620,1.272082,-1.933893,-0.654351,-1.468723,-1.312044,3.010115,0.340243,0.537024,-0.955979,1.847562,1.044345,1.823609,-0.634371,-0.550494,2.219597,0,1,1.0000,1.0000,1,1,0,0,0.0000,0.0000,,,,,127261,8200,1061,465,124868,7000,2393,1200,0,0,0.70458,0.12888,0
1786018633.0151,C_left_back,C,left,0,back,,120,132.7000,342.6000,211.9000,171.1000,0.0000,0.0000,60.0000,348.0000,39.0000,0.0000,152.8000,0.0000,114.7000,0.0000,0.05800,-0.10000,0.86300,13.66000,17.65000,5.91000,-0.91800,0.03000,0.29500,-1.92000,-4.69000,-3.22000,9.6,1.0,1.0,1.0,0.888512,0.384964,1.333744,-1.130480,0.382920,1.663718,-0.089600,0.486000,0.869300,0.003200,0.133500,0.542300,0.828800,0.034500,0.893201,0.166387,1.464469,-0.282384,0.213620,1.272082,-1.933893,-0.654351,-1.468723,-1.312044,3.010115,0.340243,0.537024,-0.955979,1.847562,1.044345,1.823609,-0.634371,-0.550494,2.219597,0,1,1.0000,1.0000,1,1,0,0,0.0000,0.0000,,,,,127261,124690,1061,501,124868,123428,2393,1260,0,2,0.70458,0.12888,0
1786018633.0332,C_left_back,C,left,0,back,,121,132.7000,342.6000,211.9000,171.1000,0.0000,0.0000,60.0000,348.0000,39.0000,0.0000,152.8000,0.0000,114.7000,0.0000,0.05800,-0.10000,0.86300,13.66000,17.65000,5.91000,-0.91800,0.03000,0.29500,-1.92000,-4.69000,-3.22000,9.6,1.0,1.0,1.0,0.888512,0.384964,1.333744,-1.130480,0.382920,1.663718,-0.089600,0.486000,0.869300,0.003200,0.133500,0.542300,0.828800,0.034500,0.893201,0.166387,1.464469,-0.282384,0.213620,1.272082,-1.933893,-0.654351,-1.468723,-1.312044,3.010115,0.340243,0.537024,-0.955979,1.847562,1.044345,1.823609,-0.634371,-0.550494,2.219597,0,1,1.0000,1.0000,1,1,0,0,0.0000,0.0000,,,,,127261,124690,1062,501,124868,123428,2393,1260,0,2,0.70458,0.12888,0
1786018633.0439,C_left_back,C,left,0,back,,122,132.7000,342.6000,211.9000,171.1000,0.0000,0.0000,60.0000,348.0000,39.0000,0.0000,152.8000,0.0000,114.7000,0.0000,0.05800,-0.10000,0.86300,13.66000,17.65000,5.91000,-0.91800,0.03000,0.29500,-1.92000,-4.69000,-3.22000,9.6,1.0,1.0,1.0,0.888512,0.384964,1.333744,-1.130480,0.382920,1.663718,-0.089600,0.486000,0.869300,0.003200,0.133500,0.542300,0.828800,0.034500,0.893201,0.166387,1.464469,-0.282384,0.213620,1.272082,-1.933893,-0.654351,-1.468723,-1.312044,3.010115,0.340243,0.537024,-0.955979,1.847562,1.044345,1.823609,-0.634371,-0.550494,2.219597,0,1,1.0000,1.0000,1,1,0,0,0.0000,0.0000,,,,,7696,8200,1014,465,5618,7000,2078,1200,0,0,0.70458,0.12888,0
1786018633.0662,C_left_back,C,left,0,back,,123,132.7000,342.6000,211.9000,171.1000,0.0000,0.0000,60.0000,348.0000,39.0000,0.0000,152.8000,0.0000,114.7000,0.0000,0.05800,-0.10000,0.86300,13.66000,17.65000,5.91000,-0.91800,0.03000,0.29500,-1.92000,-4.69000,-3.22000,9.6,1.0,1.0,1.0,0.888512,0.384964,1.333744,-1.130480,0.382920,1.663718,-0.089600,0.486000,0.869300,0.003200,0.133500,0.542300,0.828800,0.034500,0.893201,0.166387,1.464469,-0.282384,0.213620,1.272082,-1.933893,-0.654351,-1.468723,-1.312044,3.010115,0.340243,0.537024,-0.956583,1.847797,1.043639,1.824811,-0.634720,-0.551389,2.219283,0,1,1.0000,1.0000,1,1,0,0,0.0000,0.0000,,,,,7696,8200,1015,466,5618,7000,2078,1200,0,0,0.70458,0.12888,0
1786018633.0925,C_left_back,C,left,0,back,,124,132.7000,342.6000,211.9000,171.1000,0.0000,0.0000,60.0000,348.0000,39.0000,0.0000,152.8000,0.0000,114.7000,0.0000,0.05800,-0.10000,0.86300,13.66000,17.65000,5.91000,-0.91800,0.03000,0.29500,-1.92000,-4.69000,-3.22000,9.6,1.0,1.0,1.0,0.888512,0.384964,1.333744,-1.130480,0.382920,1.663718,-0.089600,0.486000,0.869300,0.003200,0.133500,0.542300,0.828800,0.034500,0.893201,0.166387,1.464469,-0.282384,0.213620,1.272082,-1.933893,-0.654351,-1.468723,-1.312044,3.010115,0.340243,0.537024,-0.957656,1.848215,1.042383,1.826948,-0.635340,-0.552981,2.218726,0,1,1.0000,1.0000,1,1,0,0,0.0000,0.0000,,,,,7696,124690,1015,501,5618,123428,2078,1260,0,2,0.70458,0.12888,0
1786018633.1025,C_left_back,C,left,0,back,,125,132.7000,342.6000,211.9000,171.1000,0.0000,0.0000,60.0000,348.0000,39.0000,0.0000,152.8000,0.0000,114.7000,0.0000,0.05800,-0.10000,0.86300,13.66000,17.65000,5.91000,-0.91800,0.03000,0.29500,-1.92000,-4.69000,-3.22000,9.6,1.0,1.0,1.0,0.888512,0.384964,1.333744,-1.130480,0.382920,1.663718,-0.089600,0.486000,0.869300,0.003200,0.133500,0.542300,0.828800,0.034500,0.893201,0.166387,1.464469,-0.282384,0.213620,1.272082,-1.933893,-0.654351,-1.468723,-1.312044,3.010115,0.340243,0.537024,-0.957656,1.848215,1.042383,1.826948,-0.635340,-0.552981,2.218726,0,1,1.0000,1.0000,1,1,0,0,0.0000,0.0000,,,,,127261,124690,1062,501,124868,123428,2393,1260,0,2,0.70458,0.12888,0
1786018633.1315,C_left_back,C,left,0,back,,126,117.6000,340.6000,211.0000,165.4000,0.0000,0.0000,360.0000,349.0000,39.1000,0.0000,153.7000,0.0000,114.7000,0.0000,-0.02500,-0.14200,0.93600,-4.50000,50.05000,15.43000,-0.93100,0.02600,0.29500,0.89000,6.12000,-12.29000,10.9,1.2,1.0,1.0,0.888512,0.384964,1.333744,-0.282189,0.213581,1.272166,-0.089600,0.486000,0.869300,0.003200,0.133500,0.542300,0.828800,0.034500,0.893201,0.166387,1.464469,-0.282384,0.213620,1.272082,-1.933893,-0.654351,-1.468723,-1.312044,3.010115,0.340243,0.537024,-0.957656,1.848215,1.042383,1.826948,-0.635340,-0.552981,2.218726,0,1,1.0000,1.0000,1,1,0,0,0.0000,0.0000,,,,,7696,8200,1015,466,5618,7000,2078,1200,0,0,0.70458,0.12888,0
1786018633.1457,C_left_back,C,left,0,back,,127,117.2000,340.4000,210.8000,165.4000,0.0000,0.0000,360.0000,349.0000,39.1000,0.0000,153.7000,0.0000,114.7000,0.0000,-0.02700,-0.17700,0.95000,3.60000,45.23000,10.79000,-0.93100,0.02600,0.29500,0.89000,6.12000,-12.29000,10.9,1.2,1.0,1.0,1.034430,0.458762,1.274842,-0.282189,0.213581,1.272166,-0.089600,0.486000,0.869300,0.003200,0.133500,0.542300,0.828800,0.034500,0.893201,0.166387,1.464469,-0.282384,0.213620,1.272082,-1.933893,-0.654351,-1.468723,-1.312044,3.010115,0.340243,0.537024,-0.957656,1.848215,1.042383,1.826948,-0.635340,-0.552981,2.218726,0,1,1.0000,1.0000,1,1,0,0,0.0000,0.0000,,,,,127261,124690,1062,501,124868,123428,2393,1260,0,2,0.70458,0.12888,0
1786018633.1648,C_left_back,C,left,0,back,,128,117.2000,340.4000,210.8000,165.4000,0.0000,0.0000,360.0000,349.0000,39.1000,0.0000,153.7000,0.0000,114.7000,0.0000,-0.02700,-0.17700,0.95000,3.60000,45.23000,10.79000,-0.93100,0.02600,0.29500,0.89000,6.12000,-12.29000,10.9,1.2,1.0,1.0,1.034430,0.458762,1.274842,-0.282189,0.213581,1.272166,-0.089600,0.486000,0.869300,0.003200,0.133500,0.542300,0.828800,0.034500,0.893201,0.166387,1.464469,-0.282345,0.213612,1.272099,-1.933893,-0.654351,-1.468723,-1.312044,3.010115,0.340243,0.537024,-0.957656,1.848215,1.042383,1.826948,-0.635340,-0.552981,2.218726,0,1,1.0000,1.0000,1,1,0,0,0.0000,0.0000,,,,,7696,124690,1015,501,5618,123428,2078,1260,0,2,0.70458,0.12888,0
1786018633.1849,C_left_back,C,left,0,back,,129,117.2000,340.4000,210.8000,165.4000,0.0000,0.0000,360.0000,349.0000,39.1000,0.0000,153.7000,0.0000,114.7000,0.0000,-0.02700,-0.17700,0.95000,3.60000,45.23000,10.79000,-0.93100,0.02600,0.29500,0.89000,6.12000,-12.29000,10.9,1.2,1.0,1.0,1.034430,0.458762,1.274842,-0.282189,0.213581,1.272166,-0.089600,0.486000,0.869300,0.003200,0.133500,0.542300,0.828800,0.034500,0.893201,0.166387,1.464469,-0.282345,0.213612,1.272099,-1.933893,-0.654351,-1.468723,-1.312044,3.010115,0.340243,0.537024,-0.957656,1.848215,1.042383,1.826948,-0.635340,-0.552981,2.218726,0,1,1.0000,1.0000,1,1,0,0,0.0000,0.0000,,,,,7696,124690,1015,501,5618,123428,2078,1260,0,2,0.70458,0.12888,0
1786018633.2052,C_left_back,C,left,0,back,,130,117.2000,340.4000,210.8000,165.4000,0.0000,0.0000,360.0000,349.0000,39.1000,0.0000,153.7000,0.0000,114.7000,0.0000,-0.02700,-0.17700,0.95000,3.60000,45.23000,10.79000,-0.93100,0.02600,0.29500,0.89000,6.12000,-12.29000,10.9,1.2,1.0,1.0,1.034430,0.458762,1.274842,-0.282189,0.213581,1.272166,-0.089600,0.486000,0.869300,0.003200,0.133500,0.542300,0.828800,0.034500,0.893201,0.166387,1.464469,-0.282345,0.213612,1.272099,-1.933893,-0.654351,-1.468723,-1.312044,3.010115,0.340243,0.537024,-0.957656,1.848215,1.042383,1.826948,-0.635340,-0.552981,2.218726,0,1,1.0000,1.0000,1,1,0,0,0.0000,0.0000,,,,,7696,8200,1015,466,5618,7000,2078,1200,0,0,0.70458,0.12888,0
1786018633.2387,C_left_back,C,left,0,back,,131,117.2000,340.4000,210.8000,165.4000,0.0000,0.0000,360.0000,349.0000,39.1000,0.0000,153.7000,0.0000,114.7000,0.0000,-0.02700,-0.17700,0.95000,3.60000,45.23000,10.79000,-0.93100,0.02600,0.29500,0.89000,6.12000,-12.29000,10.9,1.2,1.0,1.0,1.034430,0.458762,1.274842,-0.282189,0.213581,1.272166,-0.089600,0.486000,0.869300,0.003200,0.133500,0.542300,0.828800,0.034500,0.893201,0.166387,1.464469,-0.282189,0.213581,1.272166,-1.933893,-0.654351,-1.468723,-1.312044,3.010115,0.340243,0.537024,-0.957656,1.848215,1.042383,1.826948,-0.635340,-0.552981,2.218726,0,1,1.0000,1.0000,1,1,0,0,0.0000,0.0000,,,,,127261,124691,1062,501,124868,123429,2393,1260,0,2,0.70458,0.12800,0
1786018633.2416,C_left_back,C,left,0,back,,132,117.2000,340.4000,210.8000,165.4000,0.0000,0.0000,360.0000,349.0000,39.1000,0.0000,153.7000,0.0000,114.7000,0.0000,-0.02700,-0.17700,0.95000,3.60000,45.23000,10.79000,-0.93100,0.02600,0.29500,0.89000,6.12000,-12.29000,10.9,1.2,1.0,1.0,1.034430,0.458762,1.274842,-0.282189,0.213581,1.272166,-0.089600,0.486000,0.869300,0.003200,0.133500,0.542300,0.828800,0.034500,0.893201,0.166387,1.464469,-0.282189,0.213581,1.272166,-1.933893,-0.654351,-1.468723,-1.312044,3.010115,0.340243,0.537024,-0.957656,1.848215,1.042383,1.826948,-0.635340,-0.552981,2.218726,0,1,1.0000,1.0000,1,1,0,0,0.0000,0.0000,,,,,127261,124691,1062,501,124868,123429,2393,1260,0,2,0.70458,0.12800,0
1786018633.2659,C_left_back,C,left,0,back,,133,112.6000,339.2000,208.1000,164.6000,0.0000,0.0000,360.0000,349.0000,39.1000,0.0000,154.6000,0.0000,114.7000,0.0000,-0.15900,-0.06500,0.84600,0.06000,28.56000,-4.35000,-0.92600,0.01800,0.29400,3.84000,3.70000,-3.85000,9.9,0.8,1.0,1.0,0.888512,0.384964,1.333744,-1.129922,0.383171,1.664008,-0.089600,0.486000,0.869300,0.003200,0.133500,0.542300,0.828800,0.034500,0.893201,0.166387,1.464469,-0.282189,0.213581,1.272166,-1.933893,-0.654351,-1.468723,-1.312044,3.010115,0.340243,0.537024,-0.957656,1.848215,1.042383,1.826948,-0.635340,-0.552981,2.218726,0,1,1.0000,1.0000,1,1,0,0,0.0000,0.0000,,,,,127261,124691,1062,501,124868,123429,2393,1260,0,2,0.70458,0.12800,0
1786018633.2834,C_left_back,C,left,0,back,,134,111.6000,339.0000,208.1000,164.7000,0.0000,0.0000,360.0000,349.0000,39.1000,0.0000,154.6000,0.0000,114.7000,0.0000,-0.12800,-0.11100,0.91500,7.50000,37.05000,-3.50000,-0.92600,0.01800,0.29400,3.84000,3.70000,-3.85000,9.9,0.8,1.0,1.0,0.888512,0.384964,1.333744,-1.129922,0.383171,1.664008,-0.089600,0.486000,0.869300,0.003200,0.133500,0.542300,0.828800,0.034500,0.893201,0.166387,1.464469,-0.282189,0.213581,1.272166,-1.933893,-0.654351,-1.468723,-1.312044,3.010115,0.340243,0.537024,-0.957656,1.848215,1.042383,1.826948,-0.635340,-0.552981,2.218726,0,1,1.0000,1.0000,1,1,0,0,0.0000,0.0000,,,,,7696,8201,1016,466,5618,7001,2078,1200,0,0,0.70458,0.12800,0
1786018633.3040,C_left_back,C,left,0,back,,135,111.6000,339.0000,208.1000,164.7000,0.0000,0.0000,360.0000,349.0000,39.1000,0.0000,154.6000,0.0000,114.7000,0.0000,-0.12800,-0.11100,0.91500,7.50000,37.05000,-3.50000,-0.92600,0.01800,0.29400,3.84000,3.70000,-3.85000,9.9,0.8,1.0,1.0,0.888512,0.384964,1.333744,-1.129922,0.383171,1.664008,-0.089600,0.486000,0.869300,0.003200,0.133500,0.542300,0.828800,0.034500,0.893201,0.166387,1.464469,-0.282189,0.213581,1.272166,-1.933893,-0.654351,-1.468723,-1.312044,3.010115,0.340243,0.537024,-0.957656,1.848215,1.042383,1.826948,-0.635340,-0.552981,2.218726,0,1,1.0000,1.0000,1,1,0,0,0.0000,0.0000,,,,,127261,124691,1063,501,124868,123429,2393,1260,0,2,0.70458,0.12800,0
1786018633.3240,C_left_back,C,left,0,back,,136,109.9000,338.6000,207.2000,163.9000,0.0000,0.0000,360.0000,349.1000,39.1000,0.0000,154.8000,0.0000,114.7000,0.0000,-0.17100,-0.10400,0.91000,9.60000,26.91000,-8.36000,-0.91700,0.01300,0.26800,-5.23000,-5.35000,6.02000,9.2,2.1,1.0,1.0,0.893201,0.166387,1.464469,-0.121705,0.185508,1.124500,-0.089600,0.486000,0.869300,0.003200,0.133500,0.542300,0.828800,0.034500,0.893201,0.166387,1.464469,-0.282189,0.213581,1.272166,-1.933893,-0.654351,-1.468723,-1.312044,3.010115,0.340243,0.537024,-0.957602,1.848259,1.042316,1.826946,-0.635409,-0.553078,2.218769,0,1,1.0000,1.0000,1,1,0,0,0.0000,0.0000,,,,,7696,124691,1016,501,5618,123429,2078,1260,0,2,0.70458,0.12800,0
1786018633.3498,C_left_back,C,left,0,back,,137,109.9000,338.6000,207.2000,163.9000,0.0000,0.0000,360.0000,349.1000,39.1000,0.0000,154.8000,0.0000,114.7000,0.0000,-0.17100,-0.10400,0.91000,9.60000,26.91000,-8.36000,-0.91700,0.01300,0.26800,-5.23000,-5.35000,6.02000,9.9,1.6,1.0,1.0,0.893201,0.166387,1.464469,-0.121705,0.185508,1.124500,-0.089600,0.486000,0.869300,0.003200,0.133500,0.542300,0.828800,0.034500,0.893201,0.166387,1.464469,-0.282189,0.213581,1.272166,-1.933893,-0.654351,-1.468723,-1.312044,3.010115,0.340243,0.537024,-0.957473,1.848366,1.042155,1.826941,-0.635575,-0.553313,2.218872,0,1,1.0000,1.0000,1,1,0,0,0.0000,0.0000,,,,,7696,8201,1016,466,5618,7001,2078,1200,0,0,0.70458,0.12800,0
1786018633.3641,C_left_back,C,left,0,back,,138,109.9000,338.6000,207.2000,163.9000,0.0000,0.0000,360.0000,349.1000,39.1000,0.0000,154.8000,0.0000,114.7000,0.0000,-0.17100,-0.10400,0.91000,9.60000,26.91000,-8.36000,-0.91700,0.01300,0.26800,-5.23000,-5.35000,6.02000,9.9,1.6,1.0,1.0,0.893201,0.166387,1.464469,-0.121705,0.185508,1.124500,-0.089600,0.486000,0.869300,0.003200,0.133500,0.542300,0.828800,0.034500,0.893201,0.166387,1.464469,-0.282189,0.213581,1.272166,-1.933893,-0.654351,-1.468723,-1.312044,3.010115,0.340243,0.537024,-0.957387,1.848437,1.042049,1.826938,-0.635685,-0.553468,2.218940,0,1,1.0000,1.0000,1,1,0,0,0.0000,0.0000,,,,,127261,124691,1063,501,124868,123429,2393,1260,0,2,0.70458,0.12800,0
1786018633.3874,C_left_back,C,left,0,back,,139,109.9000,338.6000,207.2000,163.9000,0.0000,0.0000,360.0000,349.1000,39.1000,0.0000,154.8000,0.0000,114.7000,0.0000,-0.17100,-0.10400,0.91000,9.60000,26.91000,-8.36000,-0.91700,0.01300,0.26800,-5.23000,-5.35000,6.02000,9.9,1.6,1.0,1.0,0.893201,0.166387,1.464469,-0.121705,0.185508,1.124500,-0.089600,0.486000,0.869300,0.003200,0.133500,0.542300,0.828800,0.034500,0.893201,0.166387,1.464469,-0.282189,0.213581,1.272166,-1.933893,-0.654351,-1.468723,-1.312044,3.010115,0.340243,0.537024,-0.957387,1.848437,1.042049,1.826938,-0.635685,-0.553468,2.218940,0,1,1.0000,1.0000,1,1,0,0,0.0000,0.0000,,,,,127261,124691,1063,501,124868,123429,2393,1260,0,2,0.70458,0.12800,0
1786018633.4208,C_left_back,C,left,0,back,,140,107.3000,337.7000,205.4000,163.4000,0.0000,0.0000,360.0000,349.1000,39.2000,0.0000,154.9000,0.0000,114.7000,0.0000,-0.19100,-0.09100,0.91700,-2.31000,25.66000,7.30000,-0.91700,0.01500,0.28600,-3.99000,-3.89000,0.27000,10.6,1.9,1.0,1.0,0.893201,0.166387,1.464469,-0.121150,0.185649,1.124776,-0.089600,0.486000,0.869300,0.003200,0.133500,0.542300,0.828800,0.034500,0.893201,0.166387,1.464469,-0.282189,0.213581,1.272166,-1.933893,-0.654351,-1.468723,-1.312044,3.010115,0.340243,0.537024,-0.957387,1.848437,1.042049,1.826938,-0.635685,-0.553468,2.218940,0,1,1.0000,1.0000,1,1,0,0,0.0000,0.0000,,,,,127261,124691,1063,501,124868,123429,2393,1260,0,2,0.70458,0.12800,0
1786018633.4213,C_left_back,C,left,0,back,,141,107.3000,337.7000,205.4000,163.4000,0.0000,0.0000,360.0000,349.1000,39.2000,0.0000,154.9000,0.0000,114.7000,0.0000,-0.19100,-0.09100,0.91700,-2.31000,25.66000,7.30000,-0.91700,0.01500,0.28600,-3.99000,-3.89000,0.27000,10.6,1.9,1.0,1.0,0.893201,0.166387,1.464469,-0.121150,0.185649,1.124776,-0.089600,0.486000,0.869300,0.003200,0.133500,0.542300,0.828800,0.034500,0.893201,0.166387,1.464469,-0.282189,0.213581,1.272166,-1.933893,-0.654351,-1.468723,-1.312044,3.010115,0.340243,0.537024,-0.957387,1.848437,1.042049,1.826938,-0.635685,-0.553468,2.218940,0,1,1.0000,1.0000,1,1,0,0,0.0000,0.0000,,,,,127261,124691,1063,501,124868,123429,2393,1260,0,2,0.70458,0.12800,0
1786018633.4453,C_left_back,C,left,0,back,,142,107.3000,337.7000,205.4000,163.4000,0.0000,0.0000,360.0000,349.1000,39.2000,0.0000,154.9000,0.0000,114.7000,0.0000,-0.19100,-0.09100,0.91700,-2.31000,25.66000,7.30000,-0.91700,0.01500,0.28600,-3.99000,-3.89000,0.27000,9.2,2.1,1.0,1.0,0.893201,0.166387,1.464469,-0.121150,0.185649,1.124776,-0.089600,0.486000,0.869300,0.003200,0.133500,0.542300,0.828800,0.034500,0.893201,0.166387,1.464469,-0.282189,0.213581,1.272166,-1.933893,-0.654351,-1.468723,-1.312044,3.010115,0.340243,0.537024,-0.957387,1.848437,1.042049,1.826938,-0.635685,-0.553468,2.218940,0,1,1.0000,1.0000,1,1,0,0,0.0000,0.0000,,,,,127261,124691,1063,501,124868,123429,2393,1260,0,2,0.70458,0.12800,0
1786018633.4662,C_left_back,C,left,0,back,,143,106.6000,337.3000,204.3000,163.2000,0.0000,0.0000,360.0000,349.0000,39.2000,0.0000,154.9000,0.0000,114.6000,0.0000,-0.20400,-0.07700,0.90200,14.73000,17.83000,-3.60000,-0.92000,0.01200,0.29300,-6.96000,-2.72000,-0.11000,9.4,2.1,1.0,1.0,0.893201,0.166387,1.464469,-0.120449,0.185726,1.125096,-0.089600,0.486000,0.869300,0.003200,0.133500,0.542300,0.828800,0.034500,0.893201,0.166387,1.464469,-0.282189,0.213581,1.272166,-1.933893,-0.654351,-1.468723,-1.312044,3.010115,0.340243,0.537024,-0.957387,1.848437,1.042049,1.826938,-0.635685,-0.553468,2.218940,0,1,1.0000,1.0000,1,1,0,0,0.0000,0.0000,,,,,7696,8201,1016,466,5618,7001,2078,1200,0,0,0.70458,0.12800,0
1786018633.4904,C_left_back,C,left,0,back,,144,106.6000,337.3000,204.3000,163.2000,0.0000,0.0000,360.0000,349.0000,39.2000,0.0000,154.9000,0.0000,114.6000,0.0000,-0.20400,-0.07700,0.90200,14.73000,17.83000,-3.60000,-0.92000,0.01200,0.29300,-6.96000,-2.72000,-0.11000,9.4,2.1,1.0,1.0,0.893201,0.166387,1.464469,-0.120449,0.185726,1.125096,-0.089600,0.486000,0.869300,0.003200,0.133500,0.542300,0.828800,0.034500,0.893201,0.166387,1.464469,-0.282189,0.213581,1.272166,-1.933893,-0.654351,-1.468723,-1.312044,3.010115,0.340243,0.537024,-0.957387,1.848437,1.042049,1.826938,-0.635685,-0.553468,2.218940,0,1,1.0000,1.0000,1,1,0,0,0.0000,0.0000,,,,,7696,8201,1016,466,5618,7001,2078,1200,0,0,0.70458,0.12800,0
1786018633.5030,C_left_back,C,left,0,back,,145,106.6000,337.3000,204.3000,163.2000,0.0000,0.0000,360.0000,349.0000,39.2000,0.0000,154.9000,0.0000,114.6000,0.0000,-0.20400,-0.07700,0.90200,14.73000,17.83000,-3.60000,-0.92000,0.01200,0.29300,-6.96000,-2.72000,-0.11000,9.4,2.1,1.0,1.0,0.893201,0.166387,1.464469,-0.120449,0.185726,1.125096,-0.089600,0.486000,0.869300,0.003200,0.133500,0.542300,0.828800,0.034500,0.893201,0.166387,1.464469,-0.282189,0.213581,1.272166,-1.933893,-0.654351,-1.468723,-1.312044,3.010115,0.340243,0.537024,-0.957387,1.848437,1.042049,1.826938,-0.635685,-0.553468,2.218940,0,1,1.0000,1.0000,1,1,0,0,0.0000,0.0000,,,,,127261,124691,1063,502,124868,123429,2393,1260,0,2,0.70458,0.12800,0
1786018633.5266,C_left_back,C,left,0,back,,146,106.6000,337.3000,204.3000,163.2000,0.0000,0.0000,360.0000,349.0000,39.2000,0.0000,154.9000,0.0000,114.6000,0.0000,-0.20400,-0.07700,0.90200,14.73000,17.83000,-3.60000,-0.92000,0.01200,0.29300,-6.96000,-2.72000,-0.11000,9.4,2.1,1.0,1.0,0.893201,0.166387,1.464469,-0.120449,0.185726,1.125096,-0.089600,0.486000,0.869300,0.003200,0.133500,0.542300,0.828800,0.034500,0.893201,0.166387,1.464469,-0.282189,0.213581,1.272166,-1.933893,-0.654351,-1.468723,-1.312044,3.010115,0.340243,0.537024,-0.957387,1.848437,1.042049,1.826938,-0.635685,-0.553468,2.218940,0,1,1.0000,1.0000,1,1,0,0,0.0000,0.0000,,,,,7696,8201,1017,467,5618,7001,2078,1200,0,0,0.70458,0.12800,0
1786018633.5496,C_left_back,C,left,0,back,,147,105.1000,336.2000,202.7000,161.8000,0.0000,0.0000,360.0000,349.0000,39.2000,0.0000,155.0000,0.0000,114.6000,0.0000,-0.29000,-0.00000,0.89300,-9.85000,26.45000,-1.76000,-0.92200,0.03700,0.28400,2.27000,8.72000,-8.07000,8.3,2.2,1.0,1.0,0.893201,0.166387,1.464469,-1.131113,0.383180,1.663600,-0.089600,0.486000,0.869300,0.003200,0.133500,0.542300,0.828800,0.034500,0.893201,0.166387,1.464469,-0.282189,0.213581,1.272166,-1.933893,-0.654351,-1.468723,-1.312044,3.010115,0.340243,0.537024,-0.957387,1.848437,1.042049,1.826938,-0.635685,-0.553468,2.218940,0,1,1.0000,1.0000,1,1,0,0,0.0000,0.0000,,,,,7696,124691,1017,502,5618,123429,2078,1260,0,2,0.70458,0.12800,0
1786018633.5649,C_left_back,C,left,0,back,,148,105.1000,336.2000,202.7000,161.8000,0.0000,0.0000,360.0000,349.0000,39.2000,0.0000,155.2000,0.0000,114.6000,0.0000,-0.29000,-0.00000,0.89300,-9.85000,26.45000,-1.76000,-0.91900,0.04100,0.29300,0.05000,6.76000,-5.39000,8.3,2.2,1.0,1.0,0.893201,0.166387,1.464469,-0.122190,0.185545,1.124442,-0.089600,0.486000,0.869300,0.003200,0.133500,0.542300,0.828800,0.034500,0.893201,0.166387,1.464469,-0.282189,0.213581,1.272166,-1.933893,-0.654351,-1.468723,-1.312044,3.010115,0.340243,0.537024,-0.957387,1.848437,1.042049,1.826938,-0.635685,-0.553468,2.218940,0,1,1.0000,1.0000,1,1,0,0,0.0000,0.0000,,,,,7696,8201,1017,467,5618,7001,2078,1200,0,0,0.70458,0.12800,0
1786018633.5852,C_left_back,C,left,0,back,,149,105.1000,336.2000,202.7000,161.8000,0.0000,0.0000,360.0000,349.0000,39.2000,0.0000,155.2000,0.0000,114.6000,0.0000,-0.29000,-0.00000,0.89300,-9.85000,26.45000,-1.76000,-0.91900,0.04100,0.29300,0.05000,6.76000,-5.39000,8.3,2.2,1.0,1.0,0.893201,0.166387,1.464469,-0.122190,0.185545,1.124442,-0.089600,0.486000,0.869300,0.003200,0.133500,0.542300,0.828800,0.034500,0.893201,0.166387,1.464469,-0.282189,0.213581,1.272166,-1.933893,-0.654351,-1.468723,-1.312044,3.010115,0.340243,0.537024,-0.957387,1.848437,1.042049,1.826938,-0.635685,-0.553468,2.218940,0,1,1.0000,1.0000,1,1,0,0,0.0000,0.0000,,,,,7696,8201,1017,467,5618,7001,2078,1200,0,0,0.70458,0.12800,0
1786018633.6029,C_left_back,C,left,0,back,,150,105.1000,336.2000,202.7000,161.8000,0.0000,0.0000,360.0000,349.0000,39.2000,0.0000,155.2000,0.0000,114.6000,0.0000,-0.29000,-0.00000,0.89300,-9.85000,26.45000,-1.76000,-0.91900,0.04100,0.29300,0.05000,6.76000,-5.39000,8.3,2.2,1.0,1.0,0.893201,0.166387,1.464469,-0.122190,0.185545,1.124442,-0.089600,0.486000,0.869300,0.003200,0.133500,0.542300,0.828800,0.034500,0.893201,0.166387,1.464469,-0.282189,0.213581,1.272166,-1.933893,-0.654351,-1.468723,-1.312044,3.010115,0.340243,0.537024,-0.957387,1.848437,1.042049,1.826938,-0.635685,-0.553468,2.218940,0,1,1.0000,1.0000,1,1,0,0,0.0000,0.0000,,,,,7696,8201,1017,467,5618,7001,2078,1200,0,0,0.70458,0.12800,0
1786018633.6308,C_left_back,C,left,0,back,,151,104.0000,335.8000,202.2000,161.7000,0.0000,0.0000,360.0000,349.0000,39.2000,0.0000,155.4000,0.0000,114.6000,0.0000,-0.30400,-0.15100,0.90300,-14.69000,24.95000,11.16000,-0.91200,0.00300,0.27100,-6.30000,0.66000,-0.81000,10.7,2.0,1.0,1.0,1.034430,0.458762,1.274842,-0.280519,0.213715,1.272916,-0.089600,0.486000,0.869300,0.003200,0.133500,0.542300,0.828800,0.034500,0.893201,0.166387,1.464469,-0.282189,0.213581,1.272166,-1.933893,-0.654351,-1.468723,-1.312044,3.010115,0.340243,0.537024,-0.957387,1.848437,1.042049,1.826938,-0.635685,-0.553468,2.218940,0,1,1.0000,1.0000,1,1,0,0,0.0000,0.0000,,,,,7696,8201,1017,467,5618,7001,2078,1200,0,0,0.70458,0.12800,0
1786018633.6429,C_left_back,C,left,0,back,,152,104.0000,335.8000,202.2000,161.7000,0.0000,0.0000,360.0000,349.0000,39.2000,0.0000,155.4000,0.0000,114.6000,0.0000,-0.30400,-0.15100,0.90300,-14.69000,24.95000,11.16000,-0.91200,0.00300,0.27100,-6.30000,0.66000,-0.81000,10.6,1.9,1.0,1.0,1.034430,0.458762,1.274842,-0.280519,0.213715,1.272916,-0.089600,0.486000,0.869300,0.003200,0.133500,0.542300,0.828800,0.034500,0.893201,0.166387,1.464469,-0.282189,0.213581,1.272166,-1.933893,-0.654351,-1.468723,-1.312044,3.010115,0.340243,0.537024,-0.957387,1.848437,1.042049,1.826938,-0.635685,-0.553468,2.218940,0,1,1.0000,1.0000,1,1,0,0,0.0000,0.0000,,,,,127261,8201,1064,467,124868,7001,2393,1200,0,0,0.70458,0.12800,0
1786018633.6618,C_left_back,C,left,0,back,,153,104.0000,335.8000,202.2000,161.7000,0.0000,0.0000,360.0000,349.0000,39.2000,0.0000,155.4000,0.0000,114.6000,0.0000,-0.30400,-0.15100,0.90300,-14.69000,24.95000,11.16000,-0.91200,0.00300,0.27100,-6.30000,0.66000,-0.81000,10.6,1.9,1.0,1.0,1.034430,0.458762,1.274842,-0.280519,0.213715,1.272916,-0.089600,0.486000,0.869300,0.003200,0.133500,0.542300,0.828800,0.034500,0.893201,0.166387,1.464469,-0.282189,0.213581,1.272166,-1.933893,-0.654351,-1.468723,-1.312044,3.010115,0.340243,0.537024,-0.957387,1.848437,1.042049,1.826938,-0.635685,-0.553468,2.218940,0,1,1.0000,1.0000,1,1,0,0,0.0000,0.0000,,,,,127261,124691,1064,502,124868,123429,2393,1260,0,2,0.70458,0.12800,0
1786018633.6852,C_left_back,C,left,0,back,,154,104.0000,335.8000,202.2000,161.7000,0.0000,0.0000,360.0000,349.0000,39.2000,0.0000,155.4000,0.0000,114.6000,0.0000,-0.30400,-0.15100,0.90300,-14.69000,24.95000,11.16000,-0.91200,0.00300,0.27100,-6.30000,0.66000,-0.81000,10.0,2.0,1.0,1.0,1.034430,0.458762,1.274842,-0.280519,0.213715,1.272916,-0.089600,0.486000,0.869300,0.003200,0.133500,0.542300,0.828800,0.034500,0.893201,0.166387,1.464469,-0.282189,0.213581,1.272166,-1.933893,-0.654351,-1.468723,-1.312044,3.010115,0.340243,0.537024,-0.957387,1.848437,1.042049,1.826938,-0.635685,-0.553468,2.218940,0,1,1.0000,1.0000,1,1,0,0,0.0000,0.0000,,,,,7696,8201,1017,467,5618,7001,2078,1200,0,0,0.70458,0.12800,0
1786018633.7034,C_left_back,C,left,0,back,,155,104.0000,335.8000,202.2000,161.7000,0.0000,0.0000,360.0000,349.0000,39.2000,0.0000,155.4000,0.0000,114.6000,0.0000,-0.30400,-0.15100,0.90300,-14.69000,24.95000,11.16000,-0.91200,0.00300,0.27100,-6.30000,0.66000,-0.81000,10.0,2.0,1.0,1.0,1.034430,0.458762,1.274842,-0.280519,0.213715,1.272916,-0.089600,0.486000,0.869300,0.003200,0.133500,0.542300,0.828800,0.034500,0.893201,0.166387,1.464469,-0.282189,0.213581,1.272166,-1.933893,-0.654351,-1.468723,-1.312044,3.010115,0.340243,0.537024,-0.957387,1.848437,1.042049,1.826938,-0.635685,-0.553468,2.218940,0,1,1.0000,1.0000,1,1,0,0,0.0000,0.0000,,,,,7696,8201,1017,467,5618,7001,2078,1200,0,0,0.70458,0.12800,0
1786018633.7285,C_left_back,C,left,0,back,,156,104.0000,335.8000,202.2000,161.7000,0.0000,0.0000,360.0000,349.0000,39.2000,0.0000,155.4000,0.0000,114.6000,0.0000,-0.30400,-0.15100,0.90300,-14.69000,24.95000,11.16000,-0.91200,0.00300,0.27100,-6.30000,0.66000,-0.81000,10.0,2.0,1.0,1.0,1.034430,0.458762,1.274842,-0.280519,0.213715,1.272916,-0.089600,0.486000,0.869300,0.003200,0.133500,0.542300,0.828800,0.034500,0.893201,0.166387,1.464469,-0.282189,0.213581,1.272166,-1.933893,-0.654351,-1.468723,-1.312044,3.010115,0.340243,0.537024,-0.957387,1.848437,1.042049,1.826938,-0.635685,-0.553468,2.218940,0,1,1.0000,1.0000,1,1,0,0,0.0000,0.0000,,,,,127261,124692,1064,503,124868,123430,2393,1260,0,2,0.70458,0.12781,0
1786018633.7458,C_left_back,C,left,0,back,,157,104.0000,335.8000,202.2000,161.7000,0.0000,0.0000,360.0000,349.0000,39.2000,0.0000,155.4000,0.0000,114.6000,0.0000,-0.30400,-0.15100,0.90300,-14.69000,24.95000,11.16000,-0.91200,0.00300,0.27100,-6.30000,0.66000,-0.81000,10.0,2.0,1.0,1.0,1.034430,0.458762,1.274842,-0.280519,0.213715,1.272916,-0.089600,0.486000,0.869300,0.003200,0.133500,0.542300,0.828800,0.034500,0.893201,0.166387,1.464469,-0.280519,0.213715,1.272916,-1.933893,-0.654351,-1.468723,-1.312044,3.010115,0.340243,0.537024,-0.957387,1.848437,1.042049,1.826938,-0.635685,-0.553468,2.218940,0,1,1.0000,1.0000,1,1,0,0,0.0000,0.0000,,,,,7696,8201,1017,467,5618,7001,2078,1200,0,0,0.70458,0.12800,0
1786018633.7615,C_left_back,C,left,0,back,,158,104.0000,335.8000,202.2000,161.7000,0.0000,0.0000,360.0000,349.0000,39.2000,0.0000,155.4000,0.0000,114.6000,0.0000,-0.30400,-0.15100,0.90300,-14.69000,24.95000,11.16000,-0.91200,0.00300,0.27100,-6.30000,0.66000,-0.81000,10.0,2.0,1.0,1.0,1.034430,0.458762,1.274842,-0.280519,0.213715,1.272916,-0.089600,0.486000,0.869300,0.003200,0.133500,0.542300,0.828800,0.034500,0.893201,0.166387,1.464469,-0.280519,0.213715,1.272916,-1.933893,-0.654351,-1.468723,-1.312044,3.010115,0.340243,0.537024,-0.957387,1.848437,1.042049,1.826938,-0.635685,-0.553468,2.218940,0,1,1.0000,1.0000,1,1,0,0,0.0000,0.0000,,,,,127261,124692,1064,503,124868,123430,2393,1260,0,2,0.70458,0.12781,0
1786018633.7886,C_left_back,C,left,0,back,,159,104.0000,335.8000,202.2000,161.7000,0.0000,0.0000,360.0000,349.0000,39.2000,0.0000,155.4000,0.0000,114.6000,0.0000,-0.30400,-0.15100,0.90300,-14.69000,24.95000,11.16000,-0.91200,0.00300,0.27100,-6.30000,0.66000,-0.81000,10.0,2.0,1.0,1.0,1.034430,0.458762,1.274842,-0.280519,0.213715,1.272916,-0.089600,0.486000,0.869300,0.003200,0.133500,0.542300,0.828800,0.034500,0.893201,0.166387,1.464469,-0.280519,0.213715,1.272916,-1.933893,-0.654351,-1.468723,-1.312044,3.010115,0.340243,0.537024,-0.957387,1.848437,1.042049,1.826938,-0.635685,-0.553468,2.218940,0,1,1.0000,1.0000,1,1,0,0,0.0000,0.0000,,,,,127261,124692,1065,503,124868,123430,2393,1260,0,2,0.70458,0.12781,0
1786018633.8104,C_left_back,C,left,0,back,,160,104.0000,335.8000,202.2000,161.7000,0.0000,0.0000,360.0000,349.0000,39.2000,0.0000,155.4000,0.0000,114.6000,0.0000,-0.30400,-0.15100,0.90300,-14.69000,24.95000,11.16000,-0.91200,0.00300,0.27100,-6.30000,0.66000,-0.81000,10.0,2.0,1.0,1.0,1.034430,0.458762,1.274842,-0.280519,0.213715,1.272916,-0.089600,0.486000,0.869300,0.003200,0.133500,0.542300,0.828800,0.034500,0.893201,0.166387,1.464469,-0.280519,0.213715,1.272916,-1.933893,-0.654351,-1.468723,-1.312044,3.010115,0.340243,0.537024,-0.957387,1.848437,1.042049,1.826938,-0.635685,-0.553468,2.218940,0,1,1.0000,1.0000,1,1,0,0,0.0000,0.0000,,,,,7696,8201,1018,468,5618,7001,2078,1200,0,0,0.70458,0.12800,0
1786018633.8236,C_left_back,C,left,0,back,,161,100.3000,333.0000,197.0000,162.5000,0.0000,0.0000,360.0000,349.0000,39.3000,0.0000,155.3000,0.0000,114.6000,0.0000,-0.35200,-0.15900,0.96700,13.41000,23.65000,-8.49000,-0.92500,0.00500,0.25900,-4.23000,0.18000,1.72000,10.3,1.6,1.0,1.0,0.888512,0.384964,1.333744,-1.129693,0.383423,1.664233,-0.089600,0.486000,0.869300,0.003200,0.133500,0.542300,0.828800,0.034500,0.893201,0.166387,1.464469,-0.280519,0.213715,1.272916,-1.933893,-0.654351,-1.468723,-1.312044,3.010115,0.340243,0.537024,-0.956909,1.849078,1.041862,1.826624,-0.635980,-0.553930,2.218828,0,1,1.0000,1.0000,1,1,0,0,0.0000,0.0000,,,,,7696,8201,1018,468,5618,7001,2078,1200,0,0,0.70458,0.12800,0
1786018633.8434,C_left_back,C,left,0,back,,162,100.1000,332.7000,196.6000,162.5000,0.0000,0.0000,360.0000,349.0000,39.3000,0.0000,155.3000,0.0000,114.6000,0.0000,-0.35800,-0.14400,0.76400,-1.46000,21.03000,0.69000,-0.90800,-0.01000,0.26800,-2.11000,1.15000,0.72000,9.5,1.5,1.0,1.0,0.893201,0.166387,1.464469,-0.119697,0.185808,1.125513,-0.089600,0.486000,0.869300,0.003200,0.133500,0.542300,0.828800,0.034500,0.893201,0.166387,1.464469,-0.280519,0.213715,1.272916,-1.933893,-0.654351,-1.468723,-1.312044,3.010115,0.340243,0.537024,-0.955967,1.850341,1.041495,1.826007,-0.636562,-0.554840,2.218605,0,1,1.0000,1.0000,1,1,0,0,0.0000,0.0000,,,,,7696,8201,1018,468,5618,7001,2078,1200,0,0,0.70458,0.12800,0
1786018633.8662,C_left_back,C,left,0,back,,163,100.1000,332.7000,196.6000,162.5000,0.0000,0.0000,360.0000,349.0000,39.3000,0.0000,155.3000,0.0000,114.6000,0.0000,-0.35800,-0.14400,0.76400,-1.46000,21.03000,0.69000,-0.90800,-0.01000,0.26800,-2.11000,1.15000,0.72000,9.5,1.5,1.0,1.0,0.893201,0.166387,1.464469,-0.119697,0.185808,1.125513,-0.089600,0.486000,0.869300,0.003200,0.133500,0.542300,0.828800,0.034500,0.893201,0.166387,1.464469,-0.280519,0.213715,1.272916,-1.933893,-0.654351,-1.468723,-1.312044,3.010115,0.340243,0.537024,-0.955023,1.851607,1.041126,1.825388,-0.637145,-0.555752,2.218382,0,1,1.0000,1.0000,1,1,0,0,0.0000,0.0000,,,,,7696,8201,1018,468,5618,7001,2078,1200,0,0,0.70458,0.12800,0
1786018633.8845,C_left_back,C,left,0,back,,164,100.1000,332.7000,196.6000,162.5000,0.0000,0.0000,360.0000,349.0000,39.3000,0.0000,155.3000,0.0000,114.6000,0.0000,-0.35800,-0.14400,0.76400,-1.46000,21.03000,0.69000,-0.90800,-0.01000,0.26800,-2.11000,1.15000,0.72000,9.5,1.5,1.0,1.0,0.893201,0.166387,1.464469,-0.119697,0.185808,1.125513,-0.089600,0.486000,0.869300,0.003200,0.133500,0.542300,0.828800,0.034500,0.893201,0.166387,1.464469,-0.280519,0.213715,1.272916,-1.933893,-0.654351,-1.468723,-1.312044,3.010115,0.340243,0.537024,-0.954996,1.851643,1.041116,1.825370,-0.637162,-0.555779,2.218376,0,1,1.0000,1.0000,1,1,0,0,0.0000,0.0000,,,,,7696,8201,1018,468,5618,7001,2078,1200,0,0,0.70458,0.12800,0
1786018633.9026,C_left_back,C,left,0,back,,165,100.1000,332.7000,196.6000,162.5000,0.0000,0.0000,360.0000,349.0000,39.3000,0.0000,155.3000,0.0000,114.6000,0.0000,-0.35800,-0.14400,0.76400,-1.46000,21.03000,0.69000,-0.90800,-0.01000,0.26800,-2.11000,1.15000,0.72000,9.5,1.5,1.0,1.0,0.893201,0.166387,1.464469,-0.119697,0.185808,1.125513,-0.089600,0.486000,0.869300,0.003200,0.133500,0.542300,0.828800,0.034500,0.893201,0.166387,1.464469,-0.280519,0.213715,1.272916,-1.933893,-0.654351,-1.468723,-1.312044,3.010115,0.340243,0.537024,-0.954996,1.851643,1.041116,1.825370,-0.637162,-0.555779,2.218376,0,1,1.0000,1.0000,1,1,0,0,0.0000,0.0000,,,,,127261,124692,1065,503,124868,123430,2393,1260,0,2,0.70458,0.12781,0
1786018633.9301,C_left_back,C,left,0,back,,166,100.1000,332.7000,196.6000,162.5000,0.0000,0.0000,360.0000,349.0000,39.3000,0.0000,155.3000,0.0000,114.6000,0.0000,-0.35800,-0.14400,0.76400,-1.46000,21.03000,0.69000,-0.90800,-0.01000,0.26800,-2.11000,1.15000,0.72000,9.5,1.5,1.0,1.0,0.893201,0.166387,1.464469,-0.119697,0.185808,1.125513,-0.089600,0.486000,0.869300,0.003200,0.133500,0.542300,0.828800,0.034500,0.893201,0.166387,1.464469,-0.280519,0.213715,1.272916,-1.933893,-0.654351,-1.468723,-1.312044,3.010115,0.340243,0.537024,-0.954996,1.851643,1.041116,1.825370,-0.637162,-0.555779,2.218376,0,1,1.0000,1.0000,1,1,0,0,0.0000,0.0000,,,,,127261,124692,1065,503,124868,123430,2393,1260,0,2,0.70458,0.12781,0
1786018633.9460,C_left_back,C,left,0,back,,167,100.1000,332.7000,196.6000,162.5000,0.0000,0.0000,360.0000,349.0000,39.3000,0.0000,155.3000,0.0000,114.6000,0.0000,-0.35800,-0.14400,0.76400,-1.46000,21.03000,0.69000,-0.90800,-0.01000,0.26800,-2.11000,1.15000,0.72000,9.5,1.5,1.0,1.0,0.893201,0.166387,1.464469,-0.119697,0.185808,1.125513,-0.089600,0.486000,0.869300,0.003200,0.133500,0.542300,0.828800,0.034500,0.893201,0.166387,1.464469,-0.280519,0.213715,1.272916,-1.933893,-0.654351,-1.468723,-1.312044,3.010115,0.340243,0.537024,-0.954996,1.851643,1.041116,1.825370,-0.637162,-0.555779,2.218376,0,1,1.0000,1.0000,1,1,0,0,0.0000,0.0000,,,,,127261,124692,1065,503,124868,123430,2393,1260,0,2,0.70458,0.12781,0
1786018633.9763,C_left_back,C,left,0,back,,168,100.1000,332.7000,196.6000,162.5000,0.0000,0.0000,360.0000,349.0000,39.3000,0.0000,155.3000,0.0000,114.6000,0.0000,-0.35800,-0.14400,0.76400,-1.46000,21.03000,0.69000,-0.90800,-0.01000,0.26800,-2.11000,1.15000,0.72000,9.5,1.5,1.0,1.0,0.893201,0.166387,1.464469,-0.119697,0.185808,1.125513,-0.089600,0.486000,0.869300,0.003200,0.133500,0.542300,0.828800,0.034500,0.893201,0.166387,1.464469,-0.280519,0.213715,1.272916,-1.933893,-0.654351,-1.468723,-1.312044,3.010115,0.340243,0.537024,-0.954996,1.851643,1.041116,1.825370,-0.637162,-0.555779,2.218376,0,1,1.0000,1.0000,1,1,0,0,0.0000,0.0000,,,,,7696,8201,1018,468,5618,7001,2078,1200,0,0,0.70458,0.12800,0
1786018633.9858,C_left_back,C,left,0,back,,169,100.1000,332.7000,196.6000,162.5000,0.0000,0.0000,360.0000,349.0000,39.3000,0.0000,155.3000,0.0000,114.6000,0.0000,-0.35800,-0.14400,0.76400,-1.46000,21.03000,0.69000,-0.90800,-0.01000,0.26800,-2.11000,1.15000,0.72000,9.5,1.5,1.0,1.0,0.893201,0.166387,1.464469,-0.119697,0.185808,1.125513,-0.089600,0.486000,0.869300,0.003200,0.133500,0.542300,0.828800,0.034500,0.893201,0.166387,1.464469,-0.280519,0.213715,1.272916,-1.933893,-0.654351,-1.468723,-1.312044,3.010115,0.340243,0.537024,-0.954996,1.851643,1.041116,1.825370,-0.637162,-0.555779,2.218376,0,1,1.0000,1.0000,1,1,0,0,0.0000,0.0000,,,,,7696,8201,1018,468,5618,7001,2078,1200,0,0,0.70458,0.12800,0
1786018634.0074,C_left_back,C,left,0,back,,170,100.1000,332.7000,196.6000,162.5000,0.0000,0.0000,360.0000,349.0000,39.3000,0.0000,155.3000,0.0000,114.6000,0.0000,-0.35800,-0.14400,0.76400,-1.46000,21.03000,0.69000,-0.90800,-0.01000,0.26800,-2.11000,1.15000,0.72000,9.5,1.5,1.0,1.0,0.893201,0.166387,1.464469,-0.119697,0.185808,1.125513,-0.089600,0.486000,0.869300,0.003200,0.133500,0.542300,0.828800,0.034500,0.893201,0.166387,1.464469,-0.280519,0.213715,1.272916,-1.933893,-0.654351,-1.468723,-1.312044,3.010115,0.340243,0.537024,-0.954996,1.851643,1.041116,1.825370,-0.637162,-0.555779,2.218376,0,1,1.0000,1.0000,1,1,0,0,0.0000,0.0000,,,,,127261,8201,1065,468,124868,7001,2393,1200,0,0,0.70458,0.12800,0
1786018634.0211,C_left_back,C,left,0,back,,171,99.6000,331.1000,194.1000,162.5000,0.0000,0.0000,360.0000,349.0000,39.3000,0.0000,155.3000,0.0000,114.6000,0.0000,-0.56100,-0.22400,0.78600,-2.08000,17.51000,-7.91000,-0.94500,0.00700,0.28100,-0.69000,-1.66000,-0.00000,9.5,1.5,1.0,1.0,0.888512,0.384964,1.333744,-1.128724,0.383590,1.664666,-0.089600,0.486000,0.869300,0.003200,0.133500,0.542300,0.828800,0.034500,0.893201,0.166387,1.464469,-0.280519,0.213715,1.272916,-1.933893,-0.654351,-1.468723,-1.312044,3.010115,0.340243,0.537024,-0.954996,1.851643,1.041116,1.825370,-0.637162,-0.555779,2.218376,0,1,1.0000,1.0000,1,1,0,0,0.0000,0.0000,,,,,127261,124692,1065,503,124868,123430,2393,1260,0,2,0.70458,0.12781,0
1786018634.0429,C_left_back,C,left,0,back,,172,99.7000,331.0000,194.0000,162.5000,0.0000,0.0000,360.0000,349.0000,39.3000,0.0000,155.3000,0.0000,114.6000,0.0000,-0.55300,-0.19400,0.73900,-0.82000,14.76000,-10.15000,-0.94500,-0.00600,0.27300,0.63000,-1.98000,0.66000,9.8,2.1,1.0,1.0,0.893201,0.166387,1.464469,-0.118325,0.185954,1.126099,-0.089600,0.486000,0.869300,0.003200,0.133500,0.542300,0.828800,0.034500,0.893201,0.166387,1.464469,-0.280519,0.213715,1.272916,-1.933893,-0.654351,-1.468723,-1.312044,3.010115,0.340243,0.537024,-0.954996,1.851643,1.041116,1.825370,-0.637162,-0.555779,2.218376,0,1,1.0000,1.0000,1,1,0,0,0.0000,0.0000,,,,,7696,8201,1018,468,5618,7001,2078,1200,0,0,0.70458,0.12800,0
1786018634.0724,C_left_back,C,left,0,back,,173,99.7000,331.0000,194.0000,162.5000,0.0000,0.0000,360.0000,349.0000,39.3000,0.0000,155.3000,0.0000,114.6000,0.0000,-0.55300,-0.19400,0.73900,-0.82000,14.76000,-10.15000,-0.94500,-0.00600,0.27300,0.63000,-1.98000,0.66000,9.8,2.1,1.0,1.0,0.893201,0.166387,1.464469,-0.118325,0.185954,1.126099,-0.089600,0.486000,0.869300,0.003200,0.133500,0.542300,0.828800,0.034500,0.893201,0.166387,1.464469,-0.280519,0.213715,1.272916,-1.933893,-0.654351,-1.468723,-1.312044,3.010115,0.340243,0.537024,-0.954996,1.851643,1.041116,1.825370,-0.637162,-0.555779,2.218376,0,1,1.0000,1.0000,1,1,0,0,0.0000,0.0000,,,,,7696,8201,1018,468,5618,7001,2078,1200,0,0,0.70458,0.12800,0
1786018634.0904,C_left_back,C,left,0,back,,174,99.7000,331.0000,194.0000,162.5000,0.0000,0.0000,360.0000,349.0000,39.3000,0.0000,155.3000,0.0000,114.6000,0.0000,-0.55300,-0.19400,0.73900,-0.82000,14.76000,-10.15000,-0.94500,-0.00600,0.27300,0.63000,-1.98000,0.66000,9.8,2.1,1.0,1.0,0.893201,0.166387,1.464469,-0.118325,0.185954,1.126099,-0.089600,0.486000,0.869300,0.003200,0.133500,0.542300,0.828800,0.034500,0.893201,0.166387,1.464469,-0.280519,0.213715,1.272916,-1.933893,-0.654351,-1.468723,-1.312044,3.010115,0.340243,0.537024,-0.954996,1.851643,1.041116,1.825370,-0.637162,-0.555779,2.218376,0,1,1.0000,1.0000,1,1,0,0,0.0000,0.0000,,,,,7696,8201,1018,468,5618,7001,2078,1200,0,0,0.70458,0.12800,0
1786018634.1075,C_left_back,C,left,0,back,,175,99.7000,331.0000,194.0000,162.5000,0.0000,0.0000,360.0000,349.0000,39.3000,0.0000,155.3000,0.0000,114.6000,0.0000,-0.55300,-0.19400,0.73900,-0.82000,14.76000,-10.15000,-0.94500,-0.00600,0.27300,0.63000,-1.98000,0.66000,9.8,2.1,1.0,1.0,0.893201,0.166387,1.464469,-0.118325,0.185954,1.126099,-0.089600,0.486000,0.869300,0.003200,0.133500,0.542300,0.828800,0.034500,0.893201,0.166387,1.464469,-0.280519,0.213715,1.272916,-1.933893,-0.654351,-1.468723,-1.312044,3.010115,0.340243,0.537024,-0.954996,1.851643,1.041116,1.825370,-0.637162,-0.555779,2.218376,0,1,1.0000,1.0000,1,1,0,0,0.0000,0.0000,,,,,7696,8201,1018,468,5618,7001,2078,1200,0,0,0.70458,0.12800,0
1786018634.1421,C_left_back,C,left,0,back,,176,99.7000,331.0000,194.0000,162.5000,0.0000,0.0000,360.0000,349.0000,39.3000,0.0000,155.3000,0.0000,114.6000,0.0000,-0.55300,-0.19400,0.73900,-0.82000,14.76000,-10.15000,-0.94500,-0.00600,0.27300,0.63000,-1.98000,0.66000,9.8,2.1,1.0,1.0,0.893201,0.166387,1.464469,-0.118325,0.185954,1.126099,-0.089600,0.486000,0.869300,0.003200,0.133500,0.542300,0.828800,0.034500,0.893201,0.166387,1.464469,-0.280519,0.213715,1.272916,-1.933893,-0.654351,-1.468723,-1.312044,3.010115,0.340243,0.537024,-0.954996,1.851643,1.041116,1.825370,-0.637162,-0.555779,2.218376,0,1,1.0000,1.0000,1,1,0,0,0.0000,0.0000,,,,,127262,124692,1066,503,124869,123430,2393,1260,0,2,0.70450,0.12781,0
1786018634.1427,C_left_back,C,left,0,back,,177,99.7000,331.0000,194.0000,162.5000,0.0000,0.0000,360.0000,349.0000,39.3000,0.0000,155.3000,0.0000,114.6000,0.0000,-0.55300,-0.19400,0.73900,-0.82000,14.76000,-10.15000,-0.94500,-0.00600,0.27300,0.63000,-1.98000,0.66000,9.8,2.1,1.0,1.0,0.893201,0.166387,1.464469,-0.118325,0.185954,1.126099,-0.089600,0.486000,0.869300,0.003200,0.133500,0.542300,0.828800,0.034500,0.893201,0.166387,1.464469,-0.280519,0.213715,1.272916,-1.933893,-0.654351,-1.468723,-1.312044,3.010115,0.340243,0.537024,-0.954996,1.851643,1.041116,1.825370,-0.637162,-0.555779,2.218376,0,1,1.0000,1.0000,1,1,0,0,0.0000,0.0000,,,,,127262,124692,1066,503,124869,123430,2393,1260,0,2,0.70450,0.12781,0
1786018634.1781,C_left_back,C,left,0,back,,178,99.7000,331.0000,194.0000,162.5000,0.0000,0.0000,360.0000,349.0000,39.3000,0.0000,155.3000,0.0000,114.6000,0.0000,-0.55300,-0.19400,0.73900,-0.82000,14.76000,-10.15000,-0.94500,-0.00600,0.27300,0.63000,-1.98000,0.66000,9.8,2.1,1.0,1.0,0.893201,0.166387,1.464469,-0.118325,0.185954,1.126099,-0.089600,0.486000,0.869300,0.003200,0.133500,0.542300,0.828800,0.034500,0.893201,0.166387,1.464469,-0.280519,0.213715,1.272916,-1.933893,-0.654351,-1.468723,-1.312044,3.010115,0.340243,0.537024,-0.954996,1.851643,1.041116,1.825370,-0.637162,-0.555779,2.218376,0,1,1.0000,1.0000,1,1,0,0,0.0000,0.0000,,,,,127262,124692,1066,504,124869,123430,2393,1260,0,2,0.70450,0.12781,0
1786018634.1825,C_left_back,C,left,0,back,,179,99.7000,331.0000,194.0000,162.5000,0.0000,0.0000,360.0000,349.0000,39.3000,0.0000,155.3000,0.0000,114.6000,0.0000,-0.55300,-0.19400,0.73900,-0.82000,14.76000,-10.15000,-0.94500,-0.00600,0.27300,0.63000,-1.98000,0.66000,9.8,2.1,1.0,1.0,0.893201,0.166387,1.464469,-0.118325,0.185954,1.126099,-0.089600,0.486000,0.869300,0.003200,0.133500,0.542300,0.828800,0.034500,0.893201,0.166387,1.464469,-0.280519,0.213715,1.272916,-1.933893,-0.654351,-1.468723,-1.312044,3.010115,0.340243,0.537024,-0.954996,1.851643,1.041116,1.825370,-0.637162,-0.555779,2.218376,0,1,1.0000,1.0000,1,1,0,0,0.0000,0.0000,,,,,127262,124692,1066,504,124869,123430,2393,1260,0,2,0.70450,0.12781,0
1786018634.2274,C_left_back,C,left,0,back,,180,99.7000,331.0000,194.0000,162.5000,0.0000,0.0000,360.0000,349.0000,39.3000,0.0000,155.3000,0.0000,114.6000,0.0000,-0.55300,-0.19400,0.73900,-0.82000,14.76000,-10.15000,-0.94500,-0.00600,0.27300,0.63000,-1.98000,0.66000,9.8,2.1,1.0,1.0,0.893201,0.166387,1.464469,-0.118325,0.185954,1.126099,-0.089600,0.486000,0.869300,0.003200,0.133500,0.542300,0.828800,0.034500,0.893201,0.166387,1.464469,-0.280519,0.213715,1.272916,-1.933893,-0.654351,-1.468723,-1.312044,3.010115,0.340243,0.537024,-0.954996,1.851643,1.041116,1.825370,-0.637162,-0.555779,2.218376,0,1,1.0000,1.0000,1,1,0,0,0.0000,0.0000,,,,,7696,8201,1019,469,5618,7001,2078,1200,0,0,0.70458,0.12800,0
1786018634.2329,C_left_back,C,left,0,back,,181,99.7000,331.0000,194.0000,162.5000,0.0000,0.0000,360.0000,349.0000,39.3000,0.0000,155.3000,0.0000,114.6000,0.0000,-0.55300,-0.19400,0.73900,-0.82000,14.76000,-10.15000,-0.94500,-0.00600,0.27300,0.63000,-1.98000,0.66000,9.8,2.1,1.0,1.0,0.893201,0.166387,1.464469,-0.118325,0.185954,1.126099,-0.089600,0.486000,0.869300,0.003200,0.133500,0.542300,0.828800,0.034500,0.893201,0.166387,1.464469,-0.280519,0.213715,1.272916,-1.933893,-0.654351,-1.468723,-1.312044,3.010115,0.340243,0.537024,-0.954996,1.851643,1.041116,1.825370,-0.637162,-0.555779,2.218376,0,1,1.0000,1.0000,1,1,0,0,0.0000,0.0000,,,,,127262,124692,1066,504,124869,123430,2393,1260,0,2,0.70450,0.12781,0
1786018634.2422,C_left_back,C,left,0,back,,182,99.7000,331.0000,194.0000,162.5000,0.0000,0.0000,360.0000,349.0000,39.3000,0.0000,155.3000,0.0000,114.6000,0.0000,-0.55300,-0.19400,0.73900,-0.82000,14.76000,-10.15000,-0.94500,-0.00600,0.27300,0.63000,-1.98000,0.66000,9.8,2.1,1.0,1.0,0.893201,0.166387,1.464469,-0.118325,0.185954,1.126099,-0.089600,0.486000,0.869300,0.003200,0.133500,0.542300,0.828800,0.034500,0.893201,0.166387,1.464469,-0.280519,0.213715,1.272916,-1.933893,-0.654351,-1.468723,-1.312044,3.010115,0.340243,0.537024,-0.954996,1.851643,1.041116,1.825370,-0.637162,-0.555779,2.218376,0,1,1.0000,1.0000,1,1,0,0,0.0000,0.0000,,,,,127262,124692,1066,504,124869,123430,2393,1260,0,2,0.70450,0.12781,0
1786018634.2628,C_left_back,C,left,0,back,,183,99.7000,331.0000,194.0000,162.5000,0.0000,0.0000,360.0000,349.0000,39.3000,0.0000,155.3000,0.0000,114.6000,0.0000,-0.55300,-0.19400,0.73900,-0.82000,14.76000,-10.15000,-0.94500,-0.00600,0.27300,0.63000,-1.98000,0.66000,9.8,2.1,1.0,1.0,0.893201,0.166387,1.464469,-0.118325,0.185954,1.126099,-0.089600,0.486000,0.869300,0.003200,0.133500,0.542300,0.828800,0.034500,0.893201,0.166387,1.464469,-0.280519,0.213715,1.272916,-1.933893,-0.654351,-1.468723,-1.312044,3.010115,0.340243,0.537024,-0.954996,1.851643,1.041116,1.825370,-0.637162,-0.555779,2.218376,0,1,1.0000,1.0000,1,1,0,0,0.0000,0.0000,,,,,7696,8201,1019,469,5618,7001,2078,1200,0,0,0.70458,0.12800,0
1786018634.3031,C_left_back,C,left,0,back,,184,99.7000,331.0000,194.0000,162.5000,0.0000,0.0000,360.0000,349.0000,39.3000,0.0000,155.3000,0.0000,114.6000,0.0000,-0.55300,-0.19400,0.73900,-0.82000,14.76000,-10.15000,-0.94500,-0.00600,0.27300,0.63000,-1.98000,0.66000,9.8,2.1,1.0,1.0,0.893201,0.166387,1.464469,-0.118325,0.185954,1.126099,-0.089600,0.486000,0.869300,0.003200,0.133500,0.542300,0.828800,0.034500,0.893201,0.166387,1.464469,-0.280519,0.213715,1.272916,-1.933838,-0.654897,-1.469671,-1.312048,3.012921,0.340121,0.534853,-0.954996,1.851643,1.041116,1.825370,-0.637162,-0.555779,2.218376,0,1,1.0000,1.0000,1,1,0,0,0.0000,0.0000,,,,,7696,8201,1019,469,5618,7001,2078,1200,0,0,0.70458,0.12800,0
1786018634.3037,C_left_back,C,left,0,back,,185,99.7000,331.0000,194.0000,162.5000,0.0000,0.0000,360.0000,349.0000,39.3000,0.0000,155.3000,0.0000,114.6000,0.0000,-0.55300,-0.19400,0.73900,-0.82000,14.76000,-10.15000,-0.94500,-0.00600,0.27300,0.63000,-1.98000,0.66000,9.8,2.1,1.0,1.0,0.893201,0.166387,1.464469,-0.118325,0.185954,1.126099,-0.089600,0.486000,0.869300,0.003200,0.133500,0.542300,0.828800,0.034500,0.893201,0.166387,1.464469,-0.280519,0.213715,1.272916,-1.933838,-0.654897,-1.469671,-1.312048,3.012921,0.340121,0.534853,-0.954996,1.851643,1.041116,1.825370,-0.637162,-0.555779,2.218376,0,1,1.0000,1.0000,1,1,0,0,0.0000,0.0000,,,,,7696,8201,1019,469,5618,7001,2078,1200,0,0,0.70458,0.12800,0
1786018634.3251,C_left_back,C,left,0,back,,186,99.7000,331.0000,194.0000,162.5000,0.0000,0.0000,360.0000,349.0000,39.3000,0.0000,155.3000,0.0000,114.6000,0.0000,-0.55300,-0.19400,0.73900,-0.82000,14.76000,-10.15000,-0.94500,-0.00600,0.27300,0.63000,-1.98000,0.66000,9.8,2.1,1.0,1.0,0.893201,0.166387,1.464469,-0.118325,0.185954,1.126099,-0.089600,0.486000,0.869300,0.003200,0.133500,0.542300,0.828800,0.034500,0.893201,0.166387,1.464469,-0.280519,0.213715,1.272916,-1.933838,-0.654897,-1.469671,-1.312048,3.012921,0.340121,0.534853,-0.954996,1.851643,1.041116,1.825370,-0.637162,-0.555779,2.218376,0,1,1.0000,1.0000,1,1,0,0,0.0000,0.0000,,,,,127262,124692,1066,504,124869,123430,2393,1260,0,2,0.70450,0.12781,0
1786018634.3450,C_left_back,C,left,0,back,,187,99.7000,331.0000,194.0000,162.5000,0.0000,0.0000,360.0000,349.0000,39.3000,0.0000,155.3000,0.0000,114.6000,0.0000,-0.55300,-0.19400,0.73900,-0.82000,14.76000,-10.15000,-0.94500,-0.00600,0.27300,0.63000,-1.98000,0.66000,9.8,2.1,1.0,1.0,0.893201,0.166387,1.464469,-0.118325,0.185954,1.126099,-0.089600,0.486000,0.869300,0.003200,0.133500,0.542300,0.828800,0.034500,0.893201,0.166387,1.464469,-0.280519,0.213715,1.272916,-1.933838,-0.654897,-1.469671,-1.312048,3.012921,0.340121,0.534853,-0.954996,1.851643,1.041116,1.825370,-0.637162,-0.555779,2.218376,0,1,1.0000,1.0000,1,1,0,0,0.0000,0.0000,,,,,7696,8201,1019,469,5618,7001,2078,1200,0,0,0.70458,0.12800,0
1786018634.3679,C_left_back,C,left,0,back,,188,99.7000,331.0000,194.0000,162.5000,0.0000,0.0000,360.0000,349.0000,39.3000,0.0000,155.3000,0.0000,114.6000,0.0000,-0.55300,-0.19400,0.73900,-0.82000,14.76000,-10.15000,-0.94500,-0.00600,0.27300,0.63000,-1.98000,0.66000,9.8,2.1,1.0,1.0,0.893201,0.166387,1.464469,-0.118325,0.185954,1.126099,-0.089600,0.486000,0.869300,0.003200,0.133500,0.542300,0.828800,0.034500,0.893201,0.166387,1.464469,-0.280519,0.213715,1.272916,-1.933838,-0.654897,-1.469671,-1.312048,3.012921,0.340121,0.534853,-0.954996,1.851643,1.041116,1.825370,-0.637162,-0.555779,2.218376,0,1,1.0000,1.0000,1,1,0,0,0.0000,0.0000,,,,,7696,8201,1019,469,5618,7001,2078,1200,0,0,0.70458,0.12800,0
1786018634.3829,C_left_back,C,left,0,back,,189,99.7000,331.0000,194.0000,162.5000,0.0000,0.0000,360.0000,349.0000,39.3000,0.0000,155.3000,0.0000,114.6000,0.0000,-0.55300,-0.19400,0.73900,-0.82000,14.76000,-10.15000,-0.94500,-0.00600,0.27300,0.63000,-1.98000,0.66000,9.8,2.1,1.0,1.0,0.893201,0.166387,1.464469,-0.118325,0.185954,1.126099,-0.089600,0.486000,0.869300,0.003200,0.133500,0.542300,0.828800,0.034500,0.893201,0.166387,1.464469,-0.280519,0.213715,1.272916,-1.933838,-0.654897,-1.469671,-1.312048,3.012921,0.340121,0.534853,-0.954996,1.851643,1.041116,1.825370,-0.637162,-0.555779,2.218376,0,1,1.0000,1.0000,1,1,0,0,0.0000,0.0000,,,,,127262,124692,1066,504,124869,123430,2393,1260,0,2,0.70450,0.12781,0
1786018634.4079,C_left_back,C,left,0,back,,190,99.7000,331.0000,194.0000,162.5000,0.0000,0.0000,360.0000,349.0000,39.3000,0.0000,155.3000,0.0000,114.6000,0.0000,-0.55300,-0.19400,0.73900,-0.82000,14.76000,-10.15000,-0.94500,-0.00600,0.27300,0.63000,-1.98000,0.66000,9.8,2.1,1.0,1.0,0.893201,0.166387,1.464469,-0.118325,0.185954,1.126099,-0.089600,0.486000,0.869300,0.003200,0.133500,0.542300,0.828800,0.034500,0.893201,0.166387,1.464469,-0.280519,0.213715,1.272916,-1.933838,-0.654897,-1.469671,-1.312048,3.012921,0.340121,0.534853,-0.954996,1.851643,1.041116,1.825370,-0.637162,-0.555779,2.218376,0,1,1.0000,1.0000,1,1,0,0,0.0000,0.0000,,,,,127262,124692,1066,504,124869,123430,2393,1260,0,2,0.70450,0.12781,0
1786018634.4223,C_left_back,C,left,0,back,,191,99.7000,331.0000,194.0000,162.5000,0.0000,0.0000,360.0000,349.0000,39.3000,0.0000,155.3000,0.0000,114.6000,0.0000,-0.55300,-0.19400,0.73900,-0.82000,14.76000,-10.15000,-0.94500,-0.00600,0.27300,0.63000,-1.98000,0.66000,9.8,2.1,1.0,1.0,0.893201,0.166387,1.464469,-0.118325,0.185954,1.126099,-0.089600,0.486000,0.869300,0.003200,0.133500,0.542300,0.828800,0.034500,0.893201,0.166387,1.464469,-0.280519,0.213715,1.272916,-1.933838,-0.654897,-1.469671,-1.312048,3.012921,0.340121,0.534853,-0.954996,1.851643,1.041116,1.825370,-0.637162,-0.555779,2.218376,0,1,1.0000,1.0000,1,1,0,0,0.0000,0.0000,,,,,127262,8201,1066,469,124869,7001,2393,1200,0,0,0.70450,0.12800,0
1786018634.4483,C_left_back,C,left,0,back,,192,99.7000,331.0000,194.0000,162.5000,0.0000,0.0000,360.0000,349.0000,39.3000,0.0000,155.3000,0.0000,114.6000,0.0000,-0.55300,-0.19400,0.73900,-0.82000,14.76000,-10.15000,-0.94500,-0.00600,0.27300,0.63000,-1.98000,0.66000,9.8,2.1,1.0,1.0,0.893201,0.166387,1.464469,-0.118325,0.185954,1.126099,-0.089600,0.486000,0.869300,0.003200,0.133500,0.542300,0.828800,0.034500,0.893201,0.166387,1.464469,-0.280519,0.213715,1.272916,-1.933838,-0.654897,-1.469671,-1.312048,3.012921,0.340121,0.534853,-0.954996,1.851643,1.041116,1.825370,-0.637162,-0.555779,2.218376,0,1,1.0000,1.0000,1,1,0,0,0.0000,0.0000,,,,,7696,124692,1019,504,5618,123430,2078,1260,0,2,0.70458,0.12781,0
1786018634.4732,C_left_back,C,left,0,back,,193,90.3000,327.4000,187.0000,162.5000,0.0000,0.0000,360.0000,349.1000,39.4000,0.0000,154.8000,0.0000,114.6000,0.0000,-0.56900,-0.15300,0.67300,35.70000,-20.27000,11.31000,-0.92700,-0.01500,0.27100,-0.08000,-0.92000,5.63000,10.3,1.0,1.0,1.0,0.888512,0.384964,1.333744,-1.126408,0.383938,1.665662,-0.089600,0.486000,0.869300,0.003200,0.133500,0.542300,0.828800,0.034500,0.893201,0.166387,1.464469,-0.280519,0.213715,1.272916,-1.933838,-0.654897,-1.469671,-1.312048,3.012921,0.340121,0.534853,-0.954996,1.851643,1.041116,1.825370,-0.637162,-0.555779,2.218376,0,1,1.0000,1.0000,1,1,0,0,0.0000,0.0000,,,,,7696,124692,1019,504,5618,123430,2078,1260,0,2,0.70458,0.12781,0
1786018634.4870,C_left_back,C,left,0,back,,194,90.3000,327.4000,187.0000,162.5000,0.0000,0.0000,360.0000,349.1000,39.4000,0.0000,154.8000,0.0000,114.6000,0.0000,-0.56900,-0.15300,0.67300,35.70000,-20.27000,11.31000,-0.92700,-0.01500,0.27100,-0.08000,-0.92000,5.63000,10.3,1.0,1.0,1.0,0.888512,0.384964,1.333744,-1.126408,0.383938,1.665662,-0.089600,0.486000,0.869300,0.003200,0.133500,0.542300,0.828800,0.034500,0.893201,0.166387,1.464469,-0.280519,0.213715,1.272916,-1.933838,-0.654897,-1.469671,-1.312048,3.012921,0.340121,0.534853,-0.954996,1.851643,1.041116,1.825370,-0.637162,-0.555779,2.218376,0,1,1.0000,1.0000,1,1,0,0,0.0000,0.0000,,,,,127262,8201,1066,469,124869,7001,2393,1200,0,0,0.70450,0.12800,0
1786018634.5105,C_left_back,C,left,0,back,,195,90.3000,327.4000,187.0000,162.5000,0.0000,0.0000,360.0000,349.1000,39.4000,0.0000,154.8000,0.0000,114.6000,0.0000,-0.56900,-0.15300,0.67300,35.70000,-20.27000,11.31000,-0.92700,-0.01500,0.27100,-0.08000,-0.92000,5.63000,10.3,1.0,1.0,1.0,0.888512,0.384964,1.333744,-1.126408,0.383938,1.665662,-0.089600,0.486000,0.869300,0.003200,0.133500,0.542300,0.828800,0.034500,0.893201,0.166387,1.464469,-0.280519,0.213715,1.272916,-1.933838,-0.654897,-1.469671,-1.312048,3.012921,0.340121,0.534853,-0.954996,1.851643,1.041116,1.825370,-0.637162,-0.555779,2.218376,0,1,1.0000,1.0000,1,1,0,0,0.0000,0.0000,,,,,7696,124692,1019,504,5618,123430,2078,1260,0,2,0.70458,0.12781,0
1786018634.5216,C_left_back,C,left,0,back,,196,90.3000,327.4000,187.0000,162.5000,0.0000,0.0000,360.0000,349.1000,39.4000,0.0000,154.8000,0.0000,114.6000,0.0000,-0.56900,-0.15300,0.67300,35.70000,-20.27000,11.31000,-0.92700,-0.01500,0.27100,-0.08000,-0.92000,5.63000,10.3,1.0,1.0,1.0,0.893201,0.166387,1.464469,-1.126408,0.383938,1.665662,-0.089600,0.486000,0.869300,0.003200,0.133500,0.542300,0.828800,0.034500,0.893201,0.166387,1.464469,-0.280519,0.213715,1.272916,-1.933838,-0.654897,-1.469671,-1.312048,3.012921,0.340121,0.534853,-0.954996,1.851643,1.041116,1.825370,-0.637162,-0.555779,2.218376,0,1,1.0000,1.0000,1,1,0,0,0.0000,0.0000,,,,,127262,8201,1066,469,124869,7001,2393,1200,0,0,0.70450,0.12800,0
1786018634.5477,C_left_back,C,left,0,back,,197,90.0000,326.7000,185.9000,162.5000,0.0000,0.0000,360.0000,349.1000,39.4000,0.0000,154.7000,0.0000,114.6000,0.0000,-0.53200,-0.16800,0.68500,17.90000,-25.66000,7.86000,-0.89600,-0.00900,0.25700,-2.94000,-7.15000,4.47000,11.3,1.6,1.0,1.0,0.893201,0.166387,1.464469,-0.117113,0.186139,1.126601,-0.089600,0.486000,0.869300,0.003200,0.133500,0.542300,0.828800,0.034500,0.893201,0.166387,1.464469,-0.280519,0.213715,1.272916,-1.933838,-0.654897,-1.469671,-1.312048,3.012921,0.340121,0.534853,-0.954996,1.851643,1.041116,1.825370,-0.637162,-0.555779,2.218376,0,1,1.0000,1.0000,1,1,0,0,0.0000,0.0000,,,,,7696,124692,1019,504,5618,123430,2078,1260,0,2,0.70458,0.12781,0
1786018634.5669,C_left_back,C,left,0,back,,198,90.0000,326.7000,185.9000,162.5000,0.0000,0.0000,360.0000,349.1000,39.4000,0.0000,154.7000,0.0000,114.6000,0.0000,-0.53200,-0.16800,0.68500,17.90000,-25.66000,7.86000,-0.89600,-0.00900,0.25700,-2.94000,-7.15000,4.47000,11.1,0.9,1.0,1.0,0.893201,0.166387,1.464469,-0.117113,0.186139,1.126601,-0.089600,0.486000,0.869300,0.003200,0.133500,0.542300,0.828800,0.034500,0.893201,0.166387,1.464469,-0.280519,0.213715,1.272916,-1.933838,-0.654897,-1.469671,-1.312048,3.012921,0.340121,0.534853,-0.954996,1.851643,1.041116,1.825370,-0.637162,-0.555779,2.218376,0,1,1.0000,1.0000,1,1,0,0,0.0000,0.0000,,,,,127262,8201,1066,469,124869,7001,2393,1200,0,0,0.70450,0.12800,0
1786018634.5823,C_left_back,C,left,0,back,,199,90.0000,326.7000,185.9000,162.5000,0.0000,0.0000,360.0000,349.1000,39.4000,0.0000,154.7000,0.0000,114.6000,0.0000,-0.53200,-0.16800,0.68500,17.90000,-25.66000,7.86000,-0.89600,-0.00900,0.25700,-2.94000,-7.15000,4.47000,11.1,0.9,1.0,1.0,0.893201,0.166387,1.464469,-0.117113,0.186139,1.126601,-0.089600,0.486000,0.869300,0.003200,0.133500,0.542300,0.828800,0.034500,0.893201,0.166387,1.464469,-0.280519,0.213715,1.272916,-1.933838,-0.654897,-1.469671,-1.312048,3.012921,0.340121,0.534853,-0.954996,1.851643,1.041116,1.825370,-0.637162,-0.555779,2.218376,0,1,1.0000,1.0000,1,1,0,0,0.0000,0.0000,,,,,127262,8201,1066,469,124869,7001,2393,1200,0,0,0.70450,0.12800,0
1786018634.6097,C_left_back,C,left,0,back,,200,90.0000,326.7000,185.9000,162.5000,0.0000,0.0000,360.0000,349.1000,39.4000,0.0000,154.7000,0.0000,114.6000,0.0000,-0.53200,-0.16800,0.68500,17.90000,-25.66000,7.86000,-0.89600,-0.00900,0.25700,-2.94000,-7.15000,4.47000,11.1,0.9,1.0,1.0,0.893201,0.166387,1.464469,-0.117113,0.186139,1.126601,-0.089600,0.486000,0.869300,0.003200,0.133500,0.542300,0.828800,0.034500,0.893201,0.166387,1.464469,-0.280519,0.213715,1.272916,-1.933838,-0.654897,-1.469671,-1.312048,3.012921,0.340121,0.534853,-0.954996,1.851643,1.041116,1.825370,-0.637162,-0.555779,2.218376,0,1,1.0000,1.0000,1,1,0,0,0.0000,0.0000,,,,,7696,124692,1019,504,5618,123430,2078,1260,0,2,0.70458,0.12781,0
1786018634.6231,C_left_back,C,left,0,back,,201,90.0000,326.7000,185.9000,162.5000,0.0000,0.0000,360.0000,349.1000,39.4000,0.0000,154.7000,0.0000,114.6000,0.0000,-0.53200,-0.16800,0.68500,17.90000,-25.66000,7.86000,-0.89600,-0.00900,0.25700,-2.94000,-7.15000,4.47000,11.1,0.9,1.0,1.0,0.893201,0.166387,1.464469,-0.117113,0.186139,1.126601,-0.089600,0.486000,0.869300,0.003200,0.133500,0.542300,0.828800,0.034500,0.893201,0.166387,1.464469,-0.280519,0.213715,1.272916,-1.933838,-0.654897,-1.469671,-1.312048,3.012921,0.340121,0.534853,-0.954996,1.851643,1.041116,1.825370,-0.637162,-0.555779,2.218376,0,1,1.0000,1.0000,1,1,0,0,0.0000,0.0000,,,,,127262,8201,1066,469,124869,7001,2393,1200,0,0,0.70450,0.12800,0
1786018634.6619,C_left_back,C,left,0,back,,202,89.3000,325.8000,185.2000,162.5000,0.0000,0.0000,360.0000,349.1000,39.4000,0.0000,154.6000,0.0000,114.6000,0.0000,-0.47500,-0.21200,0.77600,-3.85000,-8.35000,-16.88000,-0.93400,0.02100,0.28800,-1.82000,-3.76000,-7.15000,9.5,1.2,1.0,1.0,0.888512,0.384964,1.333744,-1.127394,0.383902,1.665245,-0.089600,0.486000,0.869300,0.003200,0.133500,0.542300,0.828800,0.034500,0.893201,0.166387,1.464469,-0.280519,0.213715,1.272916,-1.933838,-0.654897,-1.469671,-1.312048,3.012921,0.340121,0.534853,-0.954996,1.851643,1.041116,1.825370,-0.637162,-0.555779,2.218376,0,1,1.0000,1.0000,1,1,0,0,0.0000,0.0000,,,,,127262,8201,1066,469,124869,7001,2393,1200,0,0,0.70450,0.12800,0
1786018634.6671,C_left_back,C,left,0,back,,203,89.3000,325.8000,185.2000,162.5000,0.0000,0.0000,360.0000,349.1000,39.4000,0.0000,154.6000,0.0000,114.6000,0.0000,-0.47500,-0.21200,0.77600,-3.85000,-8.35000,-16.88000,-0.93400,0.02100,0.28800,-1.82000,-3.76000,-7.15000,9.5,1.2,1.0,1.0,0.888512,0.384964,1.333744,-1.127394,0.383902,1.665245,-0.089600,0.486000,0.869300,0.003200,0.133500,0.542300,0.828800,0.034500,0.893201,0.166387,1.464469,-0.280519,0.213715,1.272916,-1.933838,-0.654897,-1.469671,-1.312048,3.012921,0.340121,0.534853,-0.954996,1.851643,1.041116,1.825370,-0.637162,-0.555779,2.218376,0,1,1.0000,1.0000,1,1,0,0,0.0000,0.0000,,,,,127262,8201,1066,469,124869,7001,2393,1200,0,0,0.70450,0.12800,0
1786018634.6856,C_left_back,C,left,0,back,,204,89.3000,325.8000,185.2000,162.5000,0.0000,0.0000,360.0000,349.1000,39.4000,0.0000,154.6000,0.0000,114.6000,0.0000,-0.47500,-0.21200,0.77600,-3.85000,-8.35000,-16.88000,-0.93400,0.02100,0.28800,-1.82000,-3.76000,-7.15000,9.5,1.2,1.0,1.0,0.888512,0.384964,1.333744,-1.127394,0.383902,1.665245,-0.089600,0.486000,0.869300,0.003200,0.133500,0.542300,0.828800,0.034500,0.893201,0.166387,1.464469,-0.280519,0.213715,1.272916,-1.933838,-0.654897,-1.469671,-1.312048,3.012921,0.340121,0.534853,-0.954996,1.851643,1.041116,1.825370,-0.637162,-0.555779,2.218376,0,1,1.0000,1.0000,1,1,0,0,0.0000,0.0000,,,,,7696,8201,1019,469,5618,7001,2078,1200,0,0,0.70458,0.12800,0
1786018634.7167,C_left_back,C,left,0,back,,205,89.3000,325.8000,185.2000,162.5000,0.0000,0.0000,360.0000,349.1000,39.4000,0.0000,154.6000,0.0000,114.6000,0.0000,-0.47500,-0.21200,0.77600,-3.85000,-8.35000,-16.88000,-0.93400,0.02100,0.28800,-1.82000,-3.76000,-7.15000,9.5,1.2,1.0,1.0,0.888512,0.384964,1.333744,-1.127394,0.383902,1.665245,-0.089600,0.486000,0.869300,0.003200,0.133500,0.542300,0.828800,0.034500,0.893201,0.166387,1.464469,-0.280519,0.213715,1.272916,-1.933838,-0.654897,-1.469671,-1.312048,3.012921,0.340121,0.534853,-0.954996,1.851643,1.041116,1.825370,-0.637162,-0.555779,2.218376,0,1,1.0000,1.0000,1,1,0,0,0.0000,0.0000,,,,,127262,8201,1066,469,124869,7001,2393,1200,0,0,0.70450,0.12800,0
1786018634.7216,C_left_back,C,left,0,back,,206,88.9000,325.6000,184.9000,162.5000,0.0000,0.0000,360.0000,349.1000,39.4000,0.0000,154.8000,0.0000,114.6000,0.0000,-0.51700,-0.23400,0.77200,7.11000,8.99000,0.73000,-0.95300,-0.00800,0.28200,-1.18000,1.40000,3.73000,8.7,1.6,1.0,1.0,1.034430,0.458762,1.274842,-0.278528,0.213953,1.273778,-0.089600,0.486000,0.869300,0.003200,0.133500,0.542300,0.828800,0.034500,0.893201,0.166387,1.464469,-0.280519,0.213715,1.272916,-1.933838,-0.654897,-1.469671,-1.312048,3.012921,0.340121,0.534853,-0.954996,1.851643,1.041116,1.825370,-0.637162,-0.555779,2.218376,0,1,1.0000,1.0000,1,1,0,0,0.0000,0.0000,,,,,7696,124692,1019,504,5618,123430,2078,1260,0,2,0.70458,0.12781,0
1786018634.7422,C_left_back,C,left,0,back,,207,88.9000,325.6000,184.9000,162.5000,0.0000,0.0000,360.0000,349.1000,39.4000,0.0000,154.8000,0.0000,114.6000,0.0000,-0.51700,-0.23400,0.77200,7.11000,8.99000,0.73000,-0.95300,-0.00800,0.28200,-1.18000,1.40000,3.73000,8.7,1.6,1.0,1.0,1.034430,0.458762,1.274842,-0.278528,0.213953,1.273778,-0.089600,0.486000,0.869300,0.003200,0.133500,0.542300,0.828800,0.034500,0.893201,0.166387,1.464469,-0.280519,0.213715,1.272916,-1.933838,-0.654897,-1.469671,-1.312048,3.012921,0.340121,0.534853,-0.954996,1.851643,1.041116,1.825370,-0.637162,-0.555779,2.218376,0,1,1.0000,1.0000,1,1,0,0,0.0000,0.0000,,,,,127262,124692,1066,504,124869,123430,2393,1260,0,2,0.70450,0.12781,0
1786018634.7621,C_left_back,C,left,0,back,,208,88.7000,325.3000,184.8000,162.5000,0.0000,0.0000,360.0000,349.1000,39.5000,0.0000,154.9000,0.0000,114.6000,0.0000,-0.49700,-0.14600,0.72900,11.25000,6.47000,2.15000,-0.94500,0.00100,0.27200,2.36000,5.40000,5.01000,7.6,1.5,1.0,1.0,0.893201,0.166387,1.464469,-0.117297,0.186147,1.126504,-0.089600,0.486000,0.869300,0.003200,0.133500,0.542300,0.828800,0.034500,0.893201,0.166387,1.464469,-0.280519,0.213715,1.272916,-1.933838,-0.654897,-1.469671,-1.312048,3.012921,0.340121,0.534853,-0.954996,1.851643,1.041116,1.825370,-0.637162,-0.555779,2.218376,0,1,1.0000,1.0000,1,1,0,0,0.0000,0.0000,,,,,7696,124692,1020,504,5618,123430,2078,1260,0,2,0.70458,0.12781,0
1786018634.7862,C_left_back,C,left,0,back,,209,88.7000,325.3000,184.8000,162.5000,0.0000,0.0000,360.0000,349.1000,39.5000,0.0000,154.9000,0.0000,114.6000,0.0000,-0.49700,-0.14600,0.72900,11.25000,6.47000,2.15000,-0.92700,0.00500,0.27300,1.21000,4.59000,6.24000,8.5,1.6,1.0,1.0,0.893201,0.166387,1.464469,-1.126995,0.383994,1.665414,-0.089600,0.486000,0.869300,0.003200,0.133500,0.542300,0.828800,0.034500,0.893201,0.166387,1.464469,-0.280519,0.213715,1.272916,-1.933838,-0.654897,-1.469671,-1.312048,3.012921,0.340121,0.534853,-0.954996,1.851643,1.041116,1.825370,-0.637162,-0.555779,2.218376,0,1,1.0000,1.0000,1,1,0,0,0.0000,0.0000,,,,,127262,8201,1067,469,124869,7001,2393,1200,0,0,0.70450,0.12800,0
1786018634.8053,C_left_back,C,left,0,back,,210,88.5000,325.3000,184.6000,162.5000,0.0000,0.0000,360.0000,349.1000,39.5000,0.0000,154.9000,0.0000,114.6000,0.0000,-0.49700,-0.15400,0.78000,1.92000,9.91000,6.33000,-0.90400,-0.01300,0.27400,-0.60000,6.50000,3.50000,8.5,1.6,1.0,1.0,0.888512,0.384964,1.333744,-1.125249,0.384215,1.666169,-0.089600,0.486000,0.869300,0.003200,0.133500,0.542300,0.828800,0.034500,0.893201,0.166387,1.464469,-0.280519,0.213715,1.272916,-1.933838,-0.654897,-1.469671,-1.312048,3.012921,0.340121,0.534853,-0.954996,1.851643,1.041116,1.825370,-0.637162,-0.555779,2.218376,0,1,1.0000,1.0000,1,1,0,0,0.0000,0.0000,,,,,127262,8201,1067,469,124869,7001,2393,1200,0,0,0.70450,0.12800,0
1786018634.8212,C_left_back,C,left,0,back,,211,88.5000,325.3000,184.6000,162.5000,0.0000,0.0000,360.0000,349.1000,39.5000,0.0000,154.9000,0.0000,114.6000,0.0000,-0.49700,-0.15400,0.78000,1.92000,9.91000,6.33000,-0.90400,-0.01300,0.27400,-0.60000,6.50000,3.50000,8.5,1.6,1.0,1.0,0.888512,0.384964,1.333744,-1.125249,0.384215,1.666169,-0.089600,0.486000,0.869300,0.003200,0.133500,0.542300,0.828800,0.034500,0.893201,0.166387,1.464469,-0.280519,0.213715,1.272916,-1.933838,-0.654897,-1.469671,-1.312048,3.012921,0.340121,0.534853,-0.954996,1.851643,1.041116,1.825370,-0.637162,-0.555779,2.218376,0,1,1.0000,1.0000,1,1,0,0,0.0000,0.0000,,,,,127262,8201,1067,470,124869,7001,2393,1200,0,0,0.70450,0.12800,0
1786018634.8495,C_left_back,C,left,0,back,,212,88.2000,325.3000,184.4000,162.5000,0.0000,0.0000,360.0000,349.1000,39.5000,0.0000,154.9000,0.0000,114.6000,0.0000,-0.52900,-0.20300,0.80400,-1.52000,-1.83000,3.44000,-0.90800,0.00700,0.27800,-2.16000,0.00000,0.76000,9.6,1.9,1.0,1.0,0.888512,0.384964,1.333744,-1.125560,0.384206,1.666033,-0.089600,0.486000,0.869300,0.003200,0.133500,0.542300,0.828800,0.034500,0.893201,0.166387,1.464469,-0.280519,0.213715,1.272916,-1.933838,-0.654897,-1.469671,-1.312048,3.012921,0.340121,0.534853,-0.954996,1.851643,1.041116,1.825370,-0.637162,-0.555779,2.218376,0,1,1.0000,1.0000,1,1,0,0,0.0000,0.0000,,,,,7696,8201,1020,470,5618,7001,2078,1200,0,0,0.70458,0.12800,0
1786018634.8692,C_left_back,C,left,0,back,,213,87.9000,325.3000,184.2000,162.5000,0.0000,0.0000,360.0000,349.1000,39.5000,0.0000,154.9000,0.0000,114.6000,0.0000,-0.52600,-0.20700,0.77500,2.29000,-5.07000,1.22000,-0.89800,-0.01400,0.25500,-4.43000,-2.52000,-2.40000,11.1,1.0,1.0,1.0,1.034430,0.458762,1.274842,-0.276701,0.214165,1.274577,-0.089600,0.486000,0.869300,0.003200,0.133500,0.542300,0.828800,0.034500,0.893201,0.166387,1.464469,-0.280519,0.213715,1.272916,-1.933838,-0.654897,-1.469671,-1.312048,3.012921,0.340121,0.534853,-0.954996,1.851643,1.041116,1.825370,-0.637162,-0.555779,2.218376,0,1,1.0000,1.0000,1,1,0,0,0.0000,0.0000,,,,,127263,8201,1067,470,124870,7001,2393,1200,0,0,0.70441,0.12800,0
1786018634.9005,C_left_back,C,left,0,back,,214,87.9000,325.4000,183.9000,162.5000,0.0000,0.0000,360.0000,349.1000,39.5000,0.0000,154.9000,0.0000,114.4000,0.0000,-0.45700,-0.15200,0.72800,1.18000,-7.11000,0.85000,-0.90300,-0.01200,0.26600,-3.38000,-2.34000,-4.63000,10.8,1.5,1.0,1.0,0.893201,0.166387,1.464469,-0.116116,0.186304,1.127015,-0.089600,0.486000,0.869300,0.003200,0.133500,0.542300,0.828800,0.034500,0.893201,0.166387,1.464469,-0.280519,0.213715,1.272916,-1.933838,-0.654897,-1.469671,-1.312048,3.012921,0.340121,0.534853,-0.954996,1.851643,1.041116,1.825370,-0.637162,-0.555779,2.218376,0,1,1.0000,1.0000,1,1,0,0,0.0000,0.0000,,,,,7696,124692,1020,505,5618,123430,2078,1260,0,2,0.70458,0.12781,0
1786018634.9086,C_left_back,C,left,0,back,,215,87.9000,325.4000,183.9000,162.5000,0.0000,0.0000,360.0000,349.1000,39.5000,0.0000,154.9000,0.0000,114.4000,0.0000,-0.45700,-0.15200,0.72800,1.18000,-7.11000,0.85000,-0.90300,-0.01200,0.26600,-3.38000,-2.34000,-4.63000,10.8,1.5,1.0,1.0,0.893201,0.166387,1.464469,-0.116116,0.186304,1.127015,-0.089600,0.486000,0.869300,0.003200,0.133500,0.542300,0.828800,0.034500,0.893201,0.166387,1.464469,-0.280519,0.213715,1.272916,-1.933838,-0.654897,-1.469671,-1.312048,3.012921,0.340121,0.534853,-0.954996,1.851643,1.041116,1.825370,-0.637162,-0.555779,2.218376,0,1,1.0000,1.0000,1,1,0,0,0.0000,0.0000,,,,,7696,124692,1020,505,5618,123430,2078,1260,0,2,0.70458,0.12781,0
1786018634.9463,C_left_back,C,left,0,back,,216,87.9000,325.4000,183.9000,162.5000,0.0000,0.0000,360.0000,349.1000,39.5000,0.0000,154.9000,0.0000,114.5000,0.0000,-0.45700,-0.15200,0.72800,1.18000,-7.11000,0.85000,-0.92300,-0.01100,0.28100,-3.62000,-1.94000,-7.89000,9.9,1.4,1.0,1.0,0.893201,0.166387,1.464469,-0.115312,0.186411,1.127363,-0.089600,0.486000,0.869300,0.003200,0.133500,0.542300,0.828800,0.034500,0.893201,0.166387,1.464469,-0.280519,0.213715,1.272916,-1.933838,-0.654897,-1.469671,-1.312048,3.012921,0.340121,0.534853,-0.954996,1.851643,1.041116,1.825370,-0.637162,-0.555779,2.218376,0,1,1.0000,1.0000,1,1,0,0,0.0000,0.0000,,,,,127263,124692,1067,505,124870,123430,2393,1260,0,2,0.70441,0.12781,0
1786018634.9470,C_left_back,C,left,0,back,,217,87.9000,325.4000,183.9000,162.5000,0.0000,0.0000,360.0000,349.1000,39.5000,0.0000,154.9000,0.0000,114.5000,0.0000,-0.45700,-0.15200,0.72800,1.18000,-7.11000,0.85000,-0.92300,-0.01100,0.28100,-3.62000,-1.94000,-7.89000,9.9,1.4,1.0,1.0,0.893201,0.166387,1.464469,-0.115312,0.186411,1.127363,-0.089600,0.486000,0.869300,0.003200,0.133500,0.542300,0.828800,0.034500,0.893201,0.166387,1.464469,-0.280519,0.213715,1.272916,-1.933838,-0.654897,-1.469671,-1.312048,3.012921,0.340121,0.534853,-0.954996,1.851643,1.041116,1.825370,-0.637162,-0.555779,2.218376,0,1,1.0000,1.0000,1,1,0,0,0.0000,0.0000,,,,,127263,124692,1067,505,124870,123430,2393,1260,0,2,0.70441,0.12781,0
1786018634.9679,C_left_back,C,left,0,back,,218,87.9000,325.4000,183.9000,162.5000,0.0000,0.0000,360.0000,349.1000,39.5000,0.0000,154.9000,0.0000,114.5000,0.0000,-0.45700,-0.15200,0.72800,1.18000,-7.11000,0.85000,-0.92300,-0.01100,0.28100,-3.62000,-1.94000,-7.89000,9.9,1.4,1.0,1.0,0.893201,0.166387,1.464469,-0.115312,0.186411,1.127363,-0.089600,0.486000,0.869300,0.003200,0.133500,0.542300,0.828800,0.034500,0.893201,0.166387,1.464469,-0.280519,0.213715,1.272916,-1.933838,-0.654897,-1.469671,-1.312048,3.012921,0.340121,0.534853,-0.954996,1.851643,1.041116,1.825370,-0.637162,-0.555779,2.218376,0,1,1.0000,1.0000,1,1,0,0,0.0000,0.0000,,,,,127263,124692,1067,505,124870,123430,2393,1260,0,2,0.70441,0.12781,0
1786018634.9975,C_left_back,C,left,0,back,,219,87.9000,325.1000,183.6000,162.6000,0.0000,0.0000,360.0000,349.1000,39.4000,0.0000,154.9000,0.0000,114.5000,0.0000,-0.51900,-0.22500,0.76400,-8.53000,-4.22000,0.21000,-0.93000,0.00400,0.29100,-0.84000,-2.40000,-8.29000,11.7,1.4,1.0,1.0,1.034430,0.458762,1.274842,-0.276607,0.214188,1.274620,-0.089600,0.486000,0.869300,0.003200,0.133500,0.542300,0.828800,0.034500,0.893201,0.166387,1.464469,-0.280519,0.213715,1.272916,-1.933838,-0.654897,-1.469671,-1.312048,3.012921,0.340121,0.534853,-0.954996,1.851643,1.041116,1.825370,-0.637162,-0.555779,2.218376,0,1,1.0000,1.0000,1,1,0,0,0.0000,0.0000,,,,,7696,8201,1020,470,5618,7001,2078,1200,0,0,0.70458,0.12800,0
1786018635.0034,C_left_back,C,left,0,back,,220,87.9000,325.1000,183.6000,162.6000,0.0000,0.0000,360.0000,349.1000,39.4000,0.0000,154.9000,0.0000,114.5000,0.0000,-0.51900,-0.22500,0.76400,-8.53000,-4.22000,0.21000,-0.93000,0.00400,0.29100,-0.84000,-2.40000,-8.29000,11.7,1.4,1.0,1.0,1.034430,0.458762,1.274842,-0.276607,0.214188,1.274620,-0.089600,0.486000,0.869300,0.003200,0.133500,0.542300,0.828800,0.034500,0.893201,0.166387,1.464469,-0.280519,0.213715,1.272916,-1.933838,-0.654897,-1.469671,-1.312048,3.012921,0.340121,0.534853,-0.954996,1.851643,1.041116,1.825370,-0.637162,-0.555779,2.218376,0,1,1.0000,1.0000,1,1,0,0,0.0000,0.0000,,,,,7696,8201,1020,470,5618,7001,2078,1200,0,0,0.70458,0.12800,0
1786018635.0236,C_left_back,C,left,0,back,,221,87.8000,325.2000,183.6000,162.6000,0.0000,0.0000,360.0000,349.1000,39.4000,0.0000,154.9000,0.0000,114.6000,0.0000,-0.52200,-0.25500,0.77100,-6.18000,-5.72000,0.37000,-0.94300,0.01000,0.30000,0.34000,-2.95000,-7.31000,11.7,1.4,1.0,1.0,0.888512,0.384964,1.333744,-0.276607,0.214188,1.274620,-0.089600,0.486000,0.869300,0.003200,0.133500,0.542300,0.828800,0.034500,0.893201,0.166387,1.464469,-0.280519,0.213715,1.272916,-1.933838,-0.654897,-1.469671,-1.312048,3.012921,0.340121,0.534853,-0.954996,1.851643,1.041116,1.825370,-0.637162,-0.555779,2.218376,0,1,1.0000,1.0000,1,1,0,0,0.0000,0.0000,,,,,127263,8201,1067,470,124870,7001,2393,1200,0,0,0.70441,0.12800,0
1786018635.0462,C_left_back,C,left,0,back,,222,87.9000,325.2000,183.6000,163.0000,0.0000,0.0000,360.0000,349.1000,39.4000,0.0000,154.9000,0.0000,146270.0000,0.0000,-0.46900,-0.20400,0.77200,6.64000,-1.71000,-0.02000,-0.94800,0.01700,0.29500,-2.27000,-4.82000,-2.41000,10.3,1.2,1.0,1.0,0.893201,0.166387,1.464469,-1.125528,0.384246,1.666043,-0.089600,0.486000,0.869300,0.003200,0.133500,0.542300,0.828800,0.034500,0.893201,0.166387,1.464469,-0.280519,0.213715,1.272916,-1.933838,-0.654897,-1.469671,-1.312048,3.012921,0.340121,0.534853,-0.954996,1.851643,1.041116,1.825370,-0.637162,-0.555779,2.218376,0,1,1.0000,1.0000,1,1,0,0,0.0000,0.0000,,,,,127263,8201,1067,470,124870,7001,2393,1200,0,0,0.70441,0.12800,0
1786018635.0610,C_left_back,C,left,0,back,,223,87.9000,325.2000,183.6000,162.9000,0.0000,0.0000,360.0000,349.2000,39.4000,0.0000,154.9000,0.0000,114.6000,0.0000,-0.46800,-0.19900,0.75800,3.86000,-1.79000,1.53000,-0.94200,0.00100,0.27600,-4.02000,-1.24000,3.05000,10.8,1.8,1.0,1.0,1.034430,0.458762,1.274842,-0.277522,0.214098,1.274241,-0.089600,0.486000,0.869300,0.003200,0.133500,0.542300,0.828800,0.034500,0.893201,0.166387,1.464469,-0.280519,0.213715,1.272916,-1.933838,-0.654897,-1.469671,-1.312048,3.012921,0.340121,0.534853,-0.954996,1.851643,1.041116,1.825370,-0.637162,-0.555779,2.218376,0,1,1.0000,1.0000,1,1,0,0,0.0000,0.0000,,,,,7696,124692,1021,505,5618,123430,2078,1260,0,2,0.70458,0.12781,0
1786018635.0852,C_left_back,C,left,0,back,,224,87.9000,325.2000,183.6000,162.9000,0.0000,0.0000,360.0000,349.2000,39.4000,0.0000,154.9000,0.0000,114.6000,0.0000,-0.46800,-0.19900,0.75800,3.86000,-1.79000,1.53000,-0.94500,0.00200,0.26700,-4.64000,-3.08000,2.64000,8.4,2.0,1.0,1.0,1.034430,0.458762,1.274842,-0.277273,0.214186,1.274349,-0.089600,0.486000,0.869300,0.003200,0.133500,0.542300,0.828800,0.034500,0.893201,0.166387,1.464469,-0.280519,0.213715,1.272916,-1.933816,-0.655118,-1.470053,-1.312050,3.014055,0.340073,0.533975,-0.954996,1.851643,1.041116,1.825370,-0.637162,-0.555779,2.218376,0,1,1.0000,1.0000,1,1,0,0,0.0000,0.0000,,,,,7696,8201,1021,470,5618,7001,2078,1200,0,0,0.70458,0.12800,0
1786018635.1050,C_left_back,C,left,0,back,,225,87.9000,325.2000,183.6000,162.9000,0.0000,0.0000,360.0000,349.2000,39.4000,0.0000,154.9000,0.0000,114.6000,0.0000,-0.46800,-0.19900,0.75800,3.86000,-1.79000,1.53000,-0.94500,0.00200,0.26700,-4.64000,-3.08000,2.64000,8.4,2.0,1.0,1.0,1.034430,0.458762,1.274842,-0.277273,0.214186,1.274349,-0.089600,0.486000,0.869300,0.003200,0.133500,0.542300,0.828800,0.034500,0.893201,0.166387,1.464469,-0.280519,0.213715,1.272916,-1.933785,-0.655431,-1.470598,-1.312053,3.015669,0.340004,0.532727,-0.954996,1.851643,1.041116,1.825370,-0.637162,-0.555779,2.218376,0,1,1.0000,1.0000,1,1,0,0,0.0000,0.0000,,,,,7696,8202,1021,471,5618,7002,2078,1200,0,0,0.70458,0.12632,0
1786018635.1319,C_left_back,C,left,0,back,,226,87.9000,325.2000,183.6000,162.9000,0.0000,0.0000,360.0000,349.2000,39.4000,0.0000,154.9000,0.0000,114.6000,0.0000,-0.46800,-0.19900,0.75800,3.86000,-1.79000,1.53000,-0.94500,0.00200,0.26700,-4.64000,-3.08000,2.64000,8.4,2.0,1.0,1.0,1.034430,0.458762,1.274842,-0.277273,0.214186,1.274349,-0.089600,0.486000,0.869300,0.003200,0.133500,0.542300,0.828800,0.034500,0.893201,0.166387,1.464469,-0.280519,0.213715,1.272916,-1.933785,-0.655431,-1.470598,-1.312053,3.015669,0.340004,0.532727,-0.954996,1.851643,1.041116,1.825370,-0.637162,-0.555779,2.218376,0,1,1.0000,1.0000,1,1,0,0,0.0000,0.0000,,,,,7696,8202,1021,471,5618,7002,2078,1200,0,0,0.70458,0.12632,0
1786018635.1676,C_left_back,C,left,0,back,,227,87.9000,325.2000,183.6000,162.9000,0.0000,0.0000,360.0000,349.2000,39.4000,0.0000,154.9000,0.0000,114.6000,0.0000,-0.46800,-0.19900,0.75800,3.86000,-1.79000,1.53000,-0.94500,0.00200,0.26700,-4.64000,-3.08000,2.64000,8.7,1.3,1.0,1.0,1.034430,0.458762,1.274842,-0.277273,0.214186,1.274349,-0.089600,0.486000,0.869300,0.003200,0.133500,0.542300,0.828800,0.034500,0.893201,0.166387,1.464469,-0.277273,0.214186,1.274349,-1.933785,-0.655431,-1.470598,-1.312053,3.015669,0.340004,0.532727,-0.954996,1.851643,1.041116,1.825370,-0.637162,-0.555779,2.218376,0,1,1.0000,1.0000,1,1,0,0,0.0000,0.0000,,,,,127263,124692,1068,506,124870,123430,2393,1260,0,2,0.70441,0.12781,0
1786018635.1683,C_left_back,C,left,0,back,,228,88.0000,325.2000,183.6000,163.0000,0.0000,0.0000,360.0000,349.2000,39.4000,0.0000,154.9000,0.0000,114.6000,0.0000,-0.50200,-0.18100,0.72800,3.03000,2.51000,4.95000,-0.94500,0.00200,0.26700,-4.64000,-3.08000,2.64000,8.7,1.3,1.0,1.0,1.034430,0.458762,1.274842,-0.277273,0.214186,1.274349,-0.089600,0.486000,0.869300,0.003200,0.133500,0.542300,0.828800,0.034500,0.893201,0.166387,1.464469,-0.277273,0.214186,1.274349,-1.933785,-0.655431,-1.470598,-1.312053,3.015669,0.340004,0.532727,-0.954996,1.851643,1.041116,1.825370,-0.637162,-0.555779,2.218376,0,1,1.0000,1.0000,1,1,0,0,0.0000,0.0000,,,,,127263,124692,1068,506,124870,123430,2393,1260,0,2,0.70441,0.12781,0
1786018635.1834,C_left_back,C,left,0,back,,229,88.0000,325.2000,183.6000,163.0000,0.0000,0.0000,360.0000,349.2000,39.4000,0.0000,154.9000,0.0000,114.6000,0.0000,-0.50200,-0.18100,0.72800,3.03000,2.51000,4.95000,-0.94500,0.00200,0.26700,-4.64000,-3.08000,2.64000,8.7,1.3,1.0,1.0,1.034430,0.458762,1.274842,-0.277273,0.214186,1.274349,-0.089600,0.486000,0.869300,0.003200,0.133500,0.542300,0.828800,0.034500,0.893201,0.166387,1.464469,-0.277273,0.214186,1.274349,-1.933785,-0.655431,-1.470598,-1.312053,3.015669,0.340004,0.532727,-0.954996,1.851643,1.041116,1.825370,-0.637162,-0.555779,2.218376,0,1,1.0000,1.0000,1,1,0,0,0.0000,0.0000,,,,,127263,124692,1068,506,124870,123430,2393,1260,0,2,0.70441,0.12781,0
1786018635.2041,C_left_back,C,left,0,back,,230,88.0000,325.2000,183.6000,163.0000,0.0000,0.0000,360.0000,349.0000,39.5000,0.0000,154.9000,0.0000,114.6000,0.0000,-0.50300,-0.18900,0.74100,-0.05000,-1.30000,1.88000,-0.91700,-0.00900,0.25900,-1.58000,-0.34000,-4.67000,10.0,1.4,1.0,1.0,1.034430,0.458762,1.274842,-0.276236,0.214228,1.274792,-0.089600,0.486000,0.869300,0.003200,0.133500,0.542300,0.828800,0.034500,0.893201,0.166387,1.464469,-0.277273,0.214186,1.274349,-1.933785,-0.655431,-1.470598,-1.312053,3.015669,0.340004,0.532727,-0.954996,1.851643,1.041116,1.825370,-0.637162,-0.555779,2.218376,0,1,1.0000,1.0000,1,1,0,0,0.0000,0.0000,,,,,127263,124692,1068,506,124870,123430,2393,1260,0,2,0.70441,0.12781,0
1786018635.2341,C_left_back,C,left,0,back,,231,88.0000,325.2000,183.6000,163.0000,0.0000,0.0000,360.0000,349.0000,39.5000,0.0000,154.9000,0.0000,114.6000,0.0000,-0.51600,-0.14600,0.74500,1.03000,-0.77000,2.84000,-0.91400,0.00100,0.26700,-1.36000,-0.76000,-5.68000,9.0,1.5,1.0,1.0,0.888512,0.384964,1.333744,-1.125395,0.384210,1.666096,-0.089600,0.486000,0.869300,0.003200,0.133500,0.542300,0.828800,0.034500,0.893201,0.166387,1.464469,-0.277273,0.214186,1.274349,-1.933785,-0.655431,-1.470598,-1.312053,3.015669,0.340004,0.532727,-0.954996,1.851643,1.041116,1.825370,-0.637162,-0.555779,2.218376,0,1,1.0000,1.0000,1,1,0,0,0.0000,0.0000,,,,,7696,8202,1022,471,5618,7002,2078,1200,0,0,0.70458,0.12632,0
1786018635.2536,C_left_back,C,left,0,back,,232,88.0000,325.1000,183.5000,163.0000,0.0000,0.0000,360.0000,349.2000,39.5000,0.0000,154.9000,0.0000,114.6000,0.0000,-0.48500,-0.19500,0.74300,6.73000,-2.25000,-4.11000,-0.93600,0.01700,0.28500,-3.02000,-2.40000,-5.12000,10.1,0.9,1.0,1.0,0.893201,0.166387,1.464469,-0.116675,0.186344,1.126796,-0.089600,0.486000,0.869300,0.003200,0.133500,0.542300,0.828800,0.034500,0.893201,0.166387,1.464469,-0.277273,0.214186,1.274349,-1.933785,-0.655431,-1.470598,-1.312053,3.015669,0.340004,0.532727,-0.954996,1.851643,1.041116,1.825370,-0.637162,-0.555779,2.218376,0,1,1.0000,1.0000,1,1,0,0,0.0000,0.0000,,,,,7697,8202,1022,471,5619,7002,2078,1200,0,0,0.70433,0.12632,0
1786018635.2685,C_left_back,C,left,0,back,,233,88.0000,325.1000,183.5000,163.0000,0.0000,0.0000,360.0000,349.2000,39.5000,0.0000,154.9000,0.0000,114.6000,0.0000,-0.48500,-0.19500,0.74300,6.73000,-2.25000,-4.11000,-0.93600,0.01700,0.28500,-3.02000,-2.40000,-5.12000,10.1,0.9,1.0,1.0,0.893201,0.166387,1.464469,-0.116675,0.186344,1.126796,-0.089600,0.486000,0.869300,0.003200,0.133500,0.542300,0.828800,0.034500,0.893201,0.166387,1.464469,-0.277273,0.214186,1.274349,-1.933785,-0.655431,-1.470598,-1.312053,3.015669,0.340004,0.532727,-0.954996,1.851643,1.041116,1.825370,-0.637162,-0.555779,2.218376,0,1,1.0000,1.0000,1,1,0,0,0.0000,0.0000,,,,,7697,8202,1022,471,5619,7002,2078,1200,0,0,0.70433,0.12632,0
1786018635.2898,C_left_back,C,left,0,back,,234,88.0000,325.1000,1835.0000,163.0000,0.0000,0.0000,360.0000,349.2000,39.5000,0.0000,154.9000,0.0000,114.6000,0.0000,-0.47700,-0.16700,0.75100,8.68000,-2.03000,-0.69000,-0.93800,0.01700,0.27700,-2.05000,-2.57000,-4.27000,11.6,0.9,1.0,1.0,1.034430,0.458762,1.274842,-0.277431,0.214162,1.274297,-0.089600,0.486000,0.869300,0.003200,0.133500,0.542300,0.828800,0.034500,0.893201,0.166387,1.464469,-0.277273,0.214186,1.274349,-1.933785,-0.655431,-1.470598,-1.312053,3.015669,0.340004,0.532727,-0.954996,1.851643,1.041116,1.825370,-0.637162,-0.555779,2.218376,0,1,1.0000,1.0000,1,1,0,0,0.0000,0.0000,,,,,7697,8202,1022,471,5619,7002,2078,1200,0,0,0.70433,0.12632,0
1786018635.3088,C_left_back,C,left,0,back,,235,88.0000,325.1000,183.5000,163.0000,0.0000,0.0000,360.0000,349.1000,39.5000,0.0000,154.9000,0.0000,114.6000,0.0000,-0.49200,-0.17700,0.75000,4.43000,0.20000,0.98000,-0.93800,0.01800,0.27800,-1.27000,-2.05000,-1.18000,9.4,1.2,1.0,1.0,0.888512,0.384964,1.333744,-1.126566,0.384105,1.665609,-0.089600,0.486000,0.869300,0.003200,0.133500,0.542300,0.828800,0.034500,0.893201,0.166387,1.464469,-0.277273,0.214186,1.274349,-1.933785,-0.655431,-1.470598,-1.312053,3.015669,0.340004,0.532727,-0.954996,1.851643,1.041116,1.825370,-0.637162,-0.555779,2.218376,0,1,1.0000,1.0000,1,1,0,0,0.0000,0.0000,,,,,127264,124692,1068,506,124871,123430,2393,1260,0,2,0.70433,0.12781,0
1786018635.3628,C_left_back,C,left,0,back,,236,88.0000,325.1000,183.5000,163.0000,0.0000,0.0000,360.0000,349.1000,39.5000,0.0000,154.9000,0.0000,114.6000,0.0000,-0.50000,-0.18200,0.76400,1.82000,1.90000,1.00000,-0.93800,0.01300,0.27600,-1.75000,-1.34000,-0.84000,11.3,2.1,1.0,1.0,1.034430,0.458762,1.274842,-0.277965,0.214094,1.274071,-0.089600,0.486000,0.869300,0.003200,0.133500,0.542300,0.828800,0.034500,0.893201,0.166387,1.464469,-0.277273,0.214186,1.274349,-1.933785,-0.655431,-1.470598,-1.312053,3.015669,0.340004,0.532727,-0.954996,1.851643,1.041116,1.825370,-0.637162,-0.555779,2.218376,0,1,1.0000,1.0000,1,1,0,0,0.0000,0.0000,,,,,127264,8202,1068,471,124871,7002,2393,1200,0,0,0.70433,0.12632,0
1786018635.3651,C_left_back,C,left,0,back,,237,88.0000,325.1000,183.5000,163.0000,0.0000,0.0000,360.0000,349.1000,39.4000,0.0000,155.0000,0.0000,114.6000,0.0000,-0.50000,-0.18200,0.76400,1.82000,1.90000,1.00000,-0.92900,0.01000,0.27700,210.00000,179.00000,62.00000,11.3,2.1,1.0,1.0,1.034430,0.458762,1.274842,-0.117363,0.186262,1.126500,-0.089600,0.486000,0.869300,0.003200,0.133500,0.542300,0.828800,0.034500,0.893201,0.166387,1.464469,-0.277273,0.214186,1.274349,-1.933785,-0.655431,-1.470598,-1.312053,3.015669,0.340004,0.532727,-0.954996,1.851643,1.041116,1.825370,-0.637162,-0.555779,2.218376,0,1,1.0000,1.0000,1,1,0,0,0.0000,0.0000,,,,,127264,8202,1068,471,124871,7002,2393,1200,0,0,0.70433,0.12632,0
1786018635.3657,C_left_back,C,left,0,back,,238,88.0000,325.1000,183.5000,163.0000,0.0000,0.0000,360.0000,349.1000,39.4000,0.0000,155.0000,0.0000,114.6000,0.0000,-0.50000,-0.18200,0.76400,1.82000,1.90000,1.00000,-0.92900,0.01000,0.27700,210.00000,179.00000,62.00000,11.3,2.1,1.0,1.0,1.034430,0.458762,1.274842,-0.117363,0.186262,1.126500,-0.089600,0.486000,0.869300,0.003200,0.133500,0.542300,0.828800,0.034500,0.893201,0.166387,1.464469,-0.277273,0.214186,1.274349,-1.933785,-0.655431,-1.470598,-1.312053,3.015669,0.340004,0.532727,-0.954996,1.851643,1.041116,1.825370,-0.637162,-0.555779,2.218376,0,1,1.0000,1.0000,1,1,0,0,0.0000,0.0000,,,,,127264,8202,1068,471,124871,7002,2393,1200,0,0,0.70433,0.12632,0
1786018635.3836,C_left_back,C,left,0,back,,239,88.0000,325.0000,183.4000,162.9000,0.0000,0.0000,360.0000,349.1000,39.4000,0.0000,155.0000,0.0000,114.6000,0.0000,-0.47700,-0.19700,0.77400,0.90000,6.62000,5.71000,-0.92900,0.01000,0.27700,210.00000,179.00000,62.00000,11.3,2.1,1.0,1.0,0.893201,0.166387,1.464469,-0.117363,0.186262,1.126500,-0.089600,0.486000,0.869300,0.003200,0.133500,0.542300,0.828800,0.034500,0.893201,0.166387,1.464469,-0.277273,0.214186,1.274349,-1.933785,-0.655431,-1.470598,-1.312053,3.015669,0.340004,0.532727,-0.954996,1.851643,1.041116,1.825370,-0.637162,-0.555779,2.218376,0,1,1.0000,1.0000,1,1,0,0,0.0000,0.0000,,,,,127264,124692,1068,506,124871,123430,2393,1260,0,2,0.70433,0.12781,0
1786018635.4150,C_left_back,C,left,0,back,,240,88.0000,325.0000,183.4000,162.9000,0.0000,0.0000,360.0000,349.1000,39.4000,0.0000,155.0000,0.0000,114.6000,0.0000,-0.47700,-0.19700,0.77400,0.90000,6.62000,5.71000,-0.92900,0.01000,0.27700,210.00000,179.00000,62.00000,11.3,2.1,1.0,1.0,0.893201,0.166387,1.464469,-0.117363,0.186262,1.126500,-0.089600,0.486000,0.869300,0.003200,0.133500,0.542300,0.828800,0.034500,0.893201,0.166387,1.464469,-0.277273,0.214186,1.274349,-1.933785,-0.655431,-1.470598,-1.312053,3.015669,0.340004,0.532727,-0.953001,1.854344,1.040576,1.823776,-0.638326,-0.557354,2.217871,0,1,1.0000,1.0000,1,1,0,0,0.0000,0.0000,,,,,127264,124692,1068,506,124871,123430,2393,1260,0,2,0.70433,0.12781,0
1786018635.4277,C_left_back,C,left,0,back,,241,87.9000,324.8000,182.8000,163.0000,0.0000,0.0000,360.0000,349.1000,39.4000,0.0000,155.0000,0.0000,114.6000,0.0000,-0.50200,-0.18400,0.74300,1.66000,5.88000,8.27000,-0.92100,-0.01400,0.27200,-1.12000,1.76000,2.17000,9.1,2.3,1.0,1.0,0.893201,0.166387,1.464469,-0.116023,0.186399,1.127077,-0.089600,0.486000,0.869300,0.003200,0.133500,0.542300,0.828800,0.034500,0.893201,0.166387,1.464469,-0.277273,0.214186,1.274349,-1.933785,-0.655431,-1.470598,-1.312053,3.015669,0.340004,0.532727,-0.952052,1.855629,1.040319,1.823018,-0.638880,-0.558104,2.217630,0,1,1.0000,1.0000,1,1,0,0,0.0000,0.0000,,,,,127264,124692,1068,506,124871,123430,2393,1260,0,2,0.70433,0.12781,0
1786018635.4542,C_left_back,C,left,0,back,,242,87.9000,324.8000,182.7000,163.0000,0.0000,0.0000,360.0000,349.1000,39.4000,0.0000,155.1000,0.0000,114.6000,0.0000,-0.51200,-0.18700,0.74300,1.69000,5.54000,7.56000,-0.92100,-0.01400,0.26400,-1.83000,0.89000,2.82000,9.1,2.3,1.0,1.0,0.888512,0.384964,1.333744,-1.125005,0.384287,1.666286,-0.089600,0.486000,0.869300,0.003200,0.133500,0.542300,0.828800,0.034500,0.893201,0.166387,1.464469,-0.277273,0.214186,1.274349,-1.933785,-0.655431,-1.470598,-1.312053,3.015669,0.340004,0.532727,-0.952052,1.855629,1.040319,1.823018,-0.638880,-0.558104,2.217630,0,1,1.0000,1.0000,1,1,0,0,0.0000,0.0000,,,,,127264,124692,1068,506,124871,123430,2393,1260,0,2,0.70433,0.12781,0
1786018635.4815,C_left_back,C,left,0,back,,243,87.9000,324.8000,182.7000,163.0000,0.0000,0.0000,360.0000,349.1000,39.4000,0.0000,155.1000,0.0000,114.6000,0.0000,-0.51200,-0.18700,0.74300,1.69000,5.54000,7.56000,-0.92100,-0.01400,0.26400,-1.83000,0.89000,2.82000,8.0,1.0,1.0,1.0,0.888512,0.384964,1.333744,-1.125005,0.384287,1.666286,-0.089600,0.486000,0.869300,0.003200,0.133500,0.542300,0.828800,0.034500,0.893201,0.166387,1.464469,-0.277273,0.214186,1.274349,-1.933785,-0.655431,-1.470598,-1.312053,3.015669,0.340004,0.532727,-0.950214,1.858116,1.039821,1.821549,-0.639952,-0.559555,2.217165,0,1,1.0000,1.0000,1,1,0,0,0.0000,0.0000,,,,,7697,124692,1022,506,5619,123430,2078,1260,0,2,0.70433,0.12781,0
1786018635.5024,C_left_back,C,left,0,back,,244,88.0000,324.5000,182.4000,163.0000,0.0000,0.0000,360.0000,349.1000,39.4000,0.0000,155.3000,0.0000,114.6000,0.0000,-0.48200,-0.18400,0.74500,1.93000,0.76000,2.90000,-0.91700,-0.00400,0.26400,-1.21000,-0.54000,-2.62000,8.4,0.8,1.0,1.0,0.893201,0.166387,1.464469,-0.115908,0.186408,1.127132,-0.089600,0.486000,0.869300,0.003200,0.133500,0.542300,0.828800,0.034500,0.893201,0.166387,1.464469,-0.277273,0.214186,1.274349,-1.933785,-0.655431,-1.470598,-1.312053,3.015669,0.340004,0.532727,-0.950207,1.858126,1.039819,1.821544,-0.639956,-0.559560,2.217163,0,1,1.0000,1.0000,1,1,0,0,0.0000,0.0000,,,,,127264,8202,1068,472,124871,7002,2393,1200,0,0,0.70433,0.12632,0
1786018635.5066,C_left_back,C,left,0,back,,245,88.0000,324.5000,182.4000,163.0000,0.0000,0.0000,360.0000,349.1000,39.4000,0.0000,155.3000,0.0000,114.6000,0.0000,-0.48200,-0.18400,0.74500,1.93000,0.76000,2.90000,-0.91700,-0.00400,0.26400,-1.21000,-0.54000,-2.62000,8.4,0.8,1.0,1.0,0.893201,0.166387,1.464469,-0.115908,0.186408,1.127132,-0.089600,0.486000,0.869300,0.003200,0.133500,0.542300,0.828800,0.034500,0.893201,0.166387,1.464469,-0.277273,0.214186,1.274349,-1.933785,-0.655431,-1.470598,-1.312053,3.015669,0.340004,0.532727,-0.950207,1.858126,1.039819,1.821544,-0.639956,-0.559560,2.217163,0,1,1.0000,1.0000,1,1,0,0,0.0000,0.0000,,,,,127264,8202,1068,472,124871,7002,2393,1200,0,0,0.70433,0.12632,0
1786018635.5292,C_left_back,C,left,0,back,,246,88.0000,324.5000,182.4000,163.0000,0.0000,0.0000,360.0000,349.1000,39.4000,0.0000,155.3000,0.0000,114.6000,0.0000,-0.48200,-0.18400,0.74500,1.93000,0.76000,2.90000,-0.91700,-0.00400,0.26400,-1.21000,-0.54000,-2.62000,10.8,0.4,1.0,1.0,0.893201,0.166387,1.464469,-0.115908,0.186408,1.127132,-0.089600,0.486000,0.869300,0.003200,0.133500,0.542300,0.828800,0.034500,0.893201,0.166387,1.464469,-0.277273,0.214186,1.274349,-1.933785,-0.655431,-1.470598,-1.312053,3.015669,0.340004,0.532727,-0.950207,1.858126,1.039819,1.821544,-0.639956,-0.559560,2.217163,0,1,1.0000,1.0000,1,1,0,0,0.0000,0.0000,,,,,127264,124692,1068,507,124871,123430,2393,1260,0,2,0.70433,0.12781,0
1786018635.5503,C_left_back,C,left,0,back,,247,88.0000,324.5000,182.4000,163.0000,0.0000,0.0000,360.0000,349.1000,39.4000,0.0000,155.3000,0.0000,114.6000,0.0000,-0.48200,-0.18400,0.74500,1.93000,0.76000,2.90000,-0.91700,-0.00400,0.26400,-1.21000,-0.54000,-2.62000,10.8,0.4,1.0,1.0,0.893201,0.166387,1.464469,-0.115908,0.186408,1.127132,-0.089600,0.486000,0.869300,0.003200,0.133500,0.542300,0.828800,0.034500,0.893201,0.166387,1.464469,-0.277273,0.214186,1.274349,-1.933785,-0.655431,-1.470598,-1.312053,3.015669,0.340004,0.532727,-0.950207,1.858126,1.039819,1.821544,-0.639956,-0.559560,2.217163,0,1,1.0000,1.0000,1,1,0,0,0.0000,0.0000,,,,,127264,124692,1069,507,124871,123430,2393,1260,0,2,0.70433,0.12781,0
1786018635.5716,C_left_back,C,left,0,back,,248,88.0000,324.3000,182.2000,163.0000,0.0000,0.0000,360.0000,349.1000,39.4000,0.0000,155.0000,0.0000,114.5000,0.0000,-0.51400,-0.18700,0.73800,0.79000,1.62000,1.34000,-0.92200,-0.00700,0.27700,-4.38000,-1.28000,-3.82000,10.1,1.0,1.0,1.0,0.888512,0.384964,1.333744,-1.124356,0.384366,1.666560,-0.089600,0.486000,0.869300,0.003200,0.133500,0.542300,0.828800,0.034500,0.893201,0.166387,1.464469,-0.277273,0.214186,1.274349,-1.933785,-0.655431,-1.470598,-1.312053,3.015669,0.340004,0.532727,-0.950207,1.858126,1.039819,1.821544,-0.639956,-0.559560,2.217163,0,1,1.0000,1.0000,1,1,0,0,0.0000,0.0000,,,,,7697,124692,1023,507,5619,123430,2078,1260,0,2,0.70433,0.12781,0
1786018635.5854,C_left_back,C,left,0,back,,249,87.9000,324.3000,182.2000,163.0000,0.0000,0.0000,360.0000,349.1000,39.4000,0.0000,155.0000,0.0000,114.5000,0.0000,-0.50600,-0.20700,0.76300,-1.91000,3.05000,1.53000,-0.92700,-0.00600,0.26900,-3.70000,-0.11000,-4.58000,9.4,1.5,1.0,1.0,0.893201,0.166387,1.464469,-1.124056,0.384406,1.666685,-0.089600,0.486000,0.869300,0.003200,0.133500,0.542300,0.828800,0.034500,0.893201,0.166387,1.464469,-0.277273,0.214186,1.274349,-1.933785,-0.655431,-1.470598,-1.312053,3.015669,0.340004,0.532727,-0.950207,1.858126,1.039819,1.821544,-0.639956,-0.559560,2.217163,0,1,1.0000,1.0000,1,1,0,0,0.0000,0.0000,,,,,127264,124692,1069,507,124871,123430,2393,1260,0,2,0.70433,0.12781,0
1786018635.6083,C_left_back,C,left,0,back,,250,87.9000,324.3000,182.2000,163.0000,0.0000,0.0000,360.0000,349.1000,39.4000,0.0000,155.0000,0.0000,114.5000,0.0000,-0.50800,-0.19900,0.74200,-1.32000,2.35000,1.12000,-0.92700,-0.00600,0.26900,-3.70000,-0.11000,-4.58000,8.9,1.7,1.0,1.0,0.888512,0.384964,1.333744,-1.124056,0.384406,1.666685,-0.089600,0.486000,0.869300,0.003200,0.133500,0.542300,0.828800,0.034500,0.893201,0.166387,1.464469,-0.277273,0.214186,1.274349,-1.933785,-0.655431,-1.470598,-1.312053,3.015669,0.340004,0.532727,-0.950207,1.858126,1.039819,1.821544,-0.639956,-0.559560,2.217163,0,1,1.0000,1.0000,1,1,0,0,0.0000,0.0000,,,,,7697,8202,1023,472,5619,7002,2078,1200,0,0,0.70433,0.12632,0
1786018635.6285,C_left_back,C,left,0,back,,251,87.9000,324.3000,182.2000,163.0000,0.0000,0.0000,360.0000,349.1000,39.4000,0.0000,155.0000,0.0000,114.6000,0.0000,-0.50900,-0.19300,0.74800,0.08000,2.37000,2.45000,-0.93800,0.01100,0.27200,-3.97000,-1.51000,0.39000,9.9,1.2,1.0,1.0,0.893201,0.166387,1.464469,-1.125145,0.384294,1.666222,-0.089600,0.486000,0.869300,0.003200,0.133500,0.542300,0.828800,0.034500,0.893201,0.166387,1.464469,-0.277273,0.214186,1.274349,-1.933785,-0.655431,-1.470598,-1.312053,3.015669,0.340004,0.532727,-0.950207,1.858126,1.039819,1.821544,-0.639956,-0.559560,2.217163,0,1,1.0000,1.0000,1,1,0,0,0.0000,0.0000,,,,,7698,124692,1023,507,5620,123430,2078,1260,0,2,0.70424,0.12781,0
1786018635.6411,C_left_back,C,left,0,back,,252,87.9000,324.3000,182.2000,163.0000,0.0000,0.0000,360.0000,349.1000,39.4000,0.0000,155.0000,0.0000,114.6000,0.0000,-0.50900,-0.19300,0.74800,0.08000,2.37000,2.45000,-0.93800,0.01100,0.27200,-3.97000,-1.51000,0.39000,9.9,1.2,1.0,1.0,0.893201,0.166387,1.464469,-1.125145,0.384294,1.666222,-0.089600,0.486000,0.869300,0.003200,0.133500,0.542300,0.828800,0.034500,0.893201,0.166387,1.464469,-0.277273,0.214186,1.274349,-1.933785,-0.655431,-1.470598,-1.312053,3.015669,0.340004,0.532727,-0.950207,1.858126,1.039819,1.821544,-0.639956,-0.559560,2.217163,0,1,1.0000,1.0000,1,1,0,0,0.0000,0.0000,,,,,7698,124692,1023,507,5620,123430,2078,1260,0,2,0.70424,0.12781,0
1786018635.6816,C_left_back,C,left,0,back,,253,87.9000,324.1000,176.4000,163.3000,0.0000,0.0000,360.0000,349.1000,39.4000,0.0000,155.0000,0.0000,114.6000,0.0000,-0.49300,-0.20100,0.74000,3.37000,3.47000,4.74000,-0.93200,-0.00300,0.27600,-1.80000,0.53000,2.99000,11.2,1.8,1.0,1.0,0.893201,0.166387,1.464469,-0.115847,0.186411,1.127150,-0.089600,0.486000,0.869300,0.003200,0.133500,0.542300,0.828800,0.034500,0.893201,0.166387,1.464469,-0.277273,0.214186,1.274349,-1.933774,-0.655536,-1.470779,-1.312054,3.016207,0.339981,0.532311,-0.950207,1.858126,1.039819,1.821544,-0.639956,-0.559560,2.217163,0,1,1.0000,1.0000,1,1,0,0,0.0000,0.0000,,,,,127265,124692,1069,507,124872,123430,2393,1260,0,2,0.70424,0.12781,0
1786018635.6958,C_left_back,C,left,0,back,,254,87.9000,324.1000,175.7000,163.2000,0.0000,0.0000,360.0000,349.1000,39.4000,0.0000,155.0000,0.0000,114.6000,0.0000,-0.50300,-0.18500,0.74400,1.84000,3.60000,5.74000,-0.93200,-0.00300,0.27600,-1.80000,0.53000,2.99000,8.8,1.2,1.0,1.0,1.034430,0.458762,1.274842,-0.115847,0.186411,1.127150,-0.089600,0.486000,0.869300,0.003200,0.133500,0.542300,0.828800,0.034500,0.893201,0.166387,1.464469,-0.277273,0.214186,1.274349,-1.933764,-0.655644,-1.470965,-1.312055,3.016760,0.339958,0.531883,-0.950207,1.858126,1.039819,1.821544,-0.639956,-0.559560,2.217163,0,1,1.0000,1.0000,1,1,0,0,0.0000,0.0000,,,,,7698,124692,1023,507,5620,123430,2078,1260,0,2,0.70424,0.12781,0
1786018635.7173,C_left_back,C,left,0,back,,255,87.9000,324.1000,175.7000,163.2000,0.0000,0.0000,360.0000,349.1000,39.4000,0.0000,155.0000,0.0000,114.6000,0.0000,-0.50300,-0.18500,0.74400,1.84000,3.60000,5.74000,-0.93200,-0.00300,0.27600,-1.80000,0.53000,2.99000,8.8,1.2,1.0,1.0,1.034430,0.458762,1.274842,-0.115847,0.186411,1.127150,-0.089600,0.486000,0.869300,0.003200,0.133500,0.542300,0.828800,0.034500,0.893201,0.166387,1.464469,-0.277273,0.214186,1.274349,-1.933754,-0.655747,-1.471144,-1.312056,3.017292,0.339936,0.531472,-0.950207,1.858126,1.039819,1.821544,-0.639956,-0.559560,2.217163,0,1,1.0000,1.0000,1,1,0,0,0.0000,0.0000,,,,,7698,8202,1023,472,5620,7002,2078,1200,0,0,0.70424,0.12632,0
1786018635.7227,C_left_back,C,left,0,back,,256,87.9000,324.1000,175.7000,163.2000,0.0000,0.0000,360.0000,349.1000,39.4000,0.0000,155.0000,0.0000,114.6000,0.0000,-0.50300,-0.18500,0.74400,1.84000,3.60000,5.74000,-0.93200,-0.00300,0.27600,-1.80000,0.53000,2.99000,8.8,1.2,1.0,1.0,1.034430,0.458762,1.274842,-0.115847,0.186411,1.127150,-0.089600,0.486000,0.869300,0.003200,0.133500,0.542300,0.828800,0.034500,0.893201,0.166387,1.464469,-0.277273,0.214186,1.274349,-1.933754,-0.655747,-1.471144,-1.312056,3.017292,0.339936,0.531472,-0.950207,1.858126,1.039819,1.821544,-0.639956,-0.559560,2.217163,0,1,1.0000,1.0000,1,1,0,0,0.0000,0.0000,,,,,7698,8202,1023,472,5620,7002,2078,1200,0,0,0.70424,0.12632,0
1786018635.7465,C_left_back,C,left,0,back,,257,87.9000,324.0000,174.2000,163.1000,0.0000,0.0000,360.0000,349.1000,39.5000,0.0000,155.0000,0.0000,114.7000,0.0000,-0.49500,-0.20100,0.75500,2.07000,0.98000,5.79000,-0.91700,0.00400,0.28100,0.62000,0.37000,2.21000,9.8,1.8,1.0,1.0,1.034430,0.458762,1.274842,-0.277561,0.214131,1.274242,-0.089600,0.486000,0.869300,0.003200,0.133500,0.542300,0.828800,0.034500,0.893201,0.166387,1.464469,-0.277273,0.214186,1.274349,-1.933733,-0.655955,-1.471504,-1.312057,3.018359,0.339891,0.530645,-0.950207,1.858126,1.039819,1.821544,-0.639956,-0.559560,2.217163,0,1,1.0000,1.0000,1,1,0,0,0.0000,0.0000,,,,,127265,8202,1069,472,124872,7002,2393,1200,0,0,0.70424,0.12632,0
1786018635.7686,C_left_back,C,left,0,back,,258,87.9000,324.0000,173.9000,163.1000,0.0000,0.0000,360.0000,349.1000,39.5000,0.0000,155.0000,0.0000,114.7000,0.0000,-0.49300,-0.17700,0.75400,4.32000,0.92000,5.31000,-0.92300,0.00400,0.27200,-1.18000,-1.11000,2.34000,11.4,1.3,1.0,1.0,0.888512,0.384964,1.333744,-1.125346,0.384276,1.666134,-0.089600,0.486000,0.869300,0.003200,0.133500,0.542300,0.828800,0.034500,0.893201,0.166387,1.464469,-0.277273,0.214186,1.274349,-1.933733,-0.655955,-1.471504,-1.312057,3.018361,0.339891,0.530644,-0.950207,1.858126,1.039819,1.821544,-0.639956,-0.559560,2.217163,0,1,1.0000,1.0000,1,1,0,0,0.0000,0.0000,,,,,7698,8202,1023,472,5620,7002,2078,1200,0,0,0.70424,0.12632,0
1786018635.7931,C_left_back,C,left,0,back,,259,87.9000,323.9000,173.6000,163.1000,0.0000,0.0000,360.0000,349.1000,39.5000,0.0000,155.0000,0.0000,114.6000,0.0000,-0.49500,-0.16500,0.72300,0.85000,3.24000,2.24000,-0.91600,-0.01100,0.27000,-5.44000,-1.69000,1.21000,9.8,1.1,1.0,1.0,0.893201,0.166387,1.464469,-0.276058,0.214283,1.274888,-0.089600,0.486000,0.869300,0.003200,0.133500,0.542300,0.828800,0.034500,0.893201,0.166387,1.464469,-0.277273,0.214186,1.274349,-1.933733,-0.655955,-1.471504,-1.312057,3.018361,0.339891,0.530644,-0.950207,1.858126,1.039819,1.821544,-0.639956,-0.559560,2.217163,0,1,1.0000,1.0000,1,1,0,0,0.0000,0.0000,,,,,127265,8202,1069,473,124872,7002,2393,1200,0,0,0.70424,0.12632,0
1786018635.8036,C_left_back,C,left,0,back,,260,87.9000,323.9000,173.6000,163.1000,0.0000,0.0000,360.0000,349.1000,39.5000,0.0000,155.0000,0.0000,114.6000,0.0000,-0.49500,-0.16500,0.72300,0.85000,3.24000,2.24000,-0.91600,-0.01100,0.27000,-5.44000,-1.69000,1.21000,9.8,1.1,1.0,1.0,0.893201,0.166387,1.464469,-0.276058,0.214283,1.274888,-0.089600,0.486000,0.869300,0.003200,0.133500,0.542300,0.828800,0.034500,0.893201,0.166387,1.464469,-0.277273,0.214186,1.274349,-1.933733,-0.655955,-1.471504,-1.312057,3.018361,0.339891,0.530644,-0.950207,1.858126,1.039819,1.821544,-0.639956,-0.559560,2.217163,0,1,1.0000,1.0000,1,1,0,0,0.0000,0.0000,,,,,127265,8202,1069,473,124872,7002,2393,1200,0,0,0.70424,0.12632,0
1786018635.8215,C_left_back,C,left,0,back,,261,87.9000,323.9000,173.6000,163.1000,0.0000,0.0000,360.0000,349.1000,39.5000,0.0000,155.0000,0.0000,114.6000,0.0000,-0.49500,-0.16500,0.72300,0.85000,3.24000,2.24000,-0.91600,-0.01100,0.27000,-5.44000,-1.69000,1.21000,9.8,1.1,1.0,1.0,0.893201,0.166387,1.464469,-0.276058,0.214283,1.274888,-0.089600,0.486000,0.869300,0.003200,0.133500,0.542300,0.828800,0.034500,0.893201,0.166387,1.464469,-0.277273,0.214186,1.274349,-1.933733,-0.655955,-1.471504,-1.312057,3.018361,0.339891,0.530644,-0.950207,1.858126,1.039819,1.821544,-0.639956,-0.559560,2.217163,0,1,1.0000,1.0000,1,1,0,0,0.0000,0.0000,,,,,127265,8202,1069,473,124872,7002,2393,1200,0,0,0.70424,0.12632,0
1786018635.8446,C_left_back,C,left,0,back,,262,87.9000,323.9000,173.6000,163.1000,0.0000,0.0000,360.0000,349.1000,39.5000,0.0000,155.0000,0.0000,114.6000,0.0000,-0.49500,-0.16500,0.72300,0.85000,3.24000,2.24000,-0.91600,-0.01100,0.27000,-5.44000,-1.69000,1.21000,9.8,1.1,1.0,1.0,0.893201,0.166387,1.464469,-0.276058,0.214283,1.274888,-0.089600,0.486000,0.869300,0.003200,0.133500,0.542300,0.828800,0.034500,0.893201,0.166387,1.464469,-0.277273,0.214186,1.274349,-1.933733,-0.655955,-1.471504,-1.312057,3.018361,0.339891,0.530644,-0.950207,1.858126,1.039819,1.821544,-0.639956,-0.559560,2.217163,0,1,1.0000,1.0000,1,1,0,0,0.0000,0.0000,,,,,127265,8202,1069,473,124872,7002,2393,1200,0,0,0.70424,0.12632,0
1786018635.8635,C_left_back,C,left,0,back,,263,87.9000,323.9000,173.6000,163.1000,0.0000,0.0000,360.0000,349.1000,39.5000,0.0000,155.0000,0.0000,114.6000,0.0000,-0.49500,-0.16500,0.72300,0.85000,3.24000,2.24000,-0.91600,-0.01100,0.27000,-5.44000,-1.69000,1.21000,9.8,1.1,1.0,1.0,0.893201,0.166387,1.464469,-0.276058,0.214283,1.274888,-0.089600,0.486000,0.869300,0.003200,0.133500,0.542300,0.828800,0.034500,0.893201,0.166387,1.464469,-0.277273,0.214186,1.274349,-1.933733,-0.655955,-1.471504,-1.312057,3.018361,0.339891,0.530644,-0.950207,1.858126,1.039819,1.821544,-0.639956,-0.559560,2.217163,0,1,1.0000,1.0000,1,1,0,0,0.0000,0.0000,,,,,127265,8202,1069,473,124872,7002,2393,1200,0,0,0.70424,0.12632,0
1786018635.8893,C_left_back,C,left,0,back,,264,87.9000,323.9000,173.6000,163.1000,0.0000,0.0000,360.0000,349.1000,39.5000,0.0000,155.0000,0.0000,114.6000,0.0000,-0.49500,-0.16500,0.72300,0.85000,3.24000,2.24000,-0.91600,-0.01100,0.27000,-5.44000,-1.69000,1.21000,9.8,1.1,1.0,1.0,0.893201,0.166387,1.464469,-0.276058,0.214283,1.274888,-0.089600,0.486000,0.869300,0.003200,0.133500,0.542300,0.828800,0.034500,0.893201,0.166387,1.464469,-0.277273,0.214186,1.274349,-1.933733,-0.655955,-1.471504,-1.312057,3.018361,0.339891,0.530644,-0.950207,1.858126,1.039819,1.821544,-0.639956,-0.559560,2.217163,0,1,1.0000,1.0000,1,1,0,0,0.0000,0.0000,,,,,127265,8202,1069,473,124872,7002,2393,1200,0,0,0.70424,0.12632,0
1786018635.9040,C_left_back,C,left,0,back,,265,87.9000,323.9000,173.6000,163.1000,0.0000,0.0000,360.0000,349.1000,39.5000,0.0000,155.0000,0.0000,114.6000,0.0000,-0.49500,-0.16500,0.72300,0.85000,3.24000,2.24000,-0.91600,-0.01100,0.27000,-5.44000,-1.69000,1.21000,9.8,1.1,1.0,1.0,0.893201,0.166387,1.464469,-0.276058,0.214283,1.274888,-0.089600,0.486000,0.869300,0.003200,0.133500,0.542300,0.828800,0.034500,0.893201,0.166387,1.464469,-0.277273,0.214186,1.274349,-1.933733,-0.655955,-1.471504,-1.312057,3.018361,0.339891,0.530644,-0.950207,1.858126,1.039819,1.821544,-0.639956,-0.559560,2.217163,0,1,1.0000,1.0000,1,1,0,0,0.0000,0.0000,,,,,127265,8202,1069,473,124872,7002,2393,1200,0,0,0.70424,0.12632,0
1786018635.9329,C_left_back,C,left,0,back,,266,88.0000,323.9000,173.2000,163.0000,0.0000,0.0000,360.0000,349.1000,39.5000,0.0000,155.0000,0.0000,114.6000,0.0000,-0.50300,-0.19300,0.76000,0.11000,2.54000,-2.00000,-0.91600,-0.01100,0.27000,-5.44000,-1.69000,1.21000,11.8,0.5,1.0,1.0,0.888512,0.384964,1.333744,-0.276058,0.214283,1.274888,-0.089600,0.486000,0.869300,0.003200,0.133500,0.542300,0.828800,0.034500,0.893201,0.166387,1.464469,-0.277273,0.214186,1.274349,-1.933733,-0.655955,-1.471504,-1.312057,3.018361,0.339891,0.530644,-0.950207,1.858126,1.039819,1.821544,-0.639956,-0.559560,2.217163,0,1,1.0000,1.0000,1,1,0,0,0.0000,0.0000,,,,,127265,124692,1070,508,124872,123430,2393,1260,0,2,0.70424,0.12781,0
1786018635.9554,C_left_back,C,left,0,back,,267,88.0000,323.9000,173.2000,163.0000,0.0000,0.0000,360.0000,349.1000,39.5000,0.0000,155.0000,0.0000,114.6000,0.0000,-0.50300,-0.19300,0.76000,0.11000,2.54000,-2.00000,-0.91600,-0.01100,0.27000,-5.44000,-1.69000,1.21000,8.4,0.9,1.0,1.0,0.888512,0.384964,1.333744,-0.276058,0.214283,1.274888,-0.089600,0.486000,0.869300,0.003200,0.133500,0.542300,0.828800,0.034500,0.893201,0.166387,1.464469,-0.277273,0.214186,1.274349,-1.933733,-0.655955,-1.471504,-1.312057,3.018361,0.339891,0.530644,-0.950207,1.858126,1.039819,1.821544,-0.639956,-0.559560,2.217163,0,1,1.0000,1.0000,1,1,0,0,0.0000,0.0000,,,,,127265,124692,1070,509,124872,123430,2393,1260,0,2,0.70424,0.12781,0
1786018635.9727,C_left_back,C,left,0,back,,268,88.0000,323.9000,173.2000,163.0000,0.0000,0.0000,360.0000,349.1000,39.5000,0.0000,155.0000,0.0000,114.6000,0.0000,-0.50300,-0.19300,0.76000,0.11000,2.54000,-2.00000,-0.91600,-0.01100,0.27000,-5.44000,-1.69000,1.21000,8.4,0.9,1.0,1.0,0.888512,0.384964,1.333744,-0.276058,0.214283,1.274888,-0.089600,0.486000,0.869300,0.003200,0.133500,0.542300,0.828800,0.034500,0.893201,0.166387,1.464469,-0.277273,0.214186,1.274349,-1.933733,-0.655955,-1.471504,-1.312057,3.018361,0.339891,0.530644,-0.950207,1.858126,1.039819,1.821544,-0.639956,-0.559560,2.217163,0,1,1.0000,1.0000,1,1,0,0,0.0000,0.0000,,,,,127265,124692,1070,509,124872,123430,2393,1260,0,2,0.70424,0.12781,0
1786018635.9874,C_left_back,C,left,0,back,,269,88.0000,323.9000,173.2000,163.0000,0.0000,0.0000,360.0000,349.1000,39.5000,0.0000,155.0000,0.0000,114.6000,0.0000,-0.50300,-0.19300,0.76000,0.11000,2.54000,-2.00000,-0.91600,-0.01100,0.27000,-5.44000,-1.69000,1.21000,8.4,0.9,1.0,1.0,0.888512,0.384964,1.333744,-0.276058,0.214283,1.274888,-0.089600,0.486000,0.869300,0.003200,0.133500,0.542300,0.828800,0.034500,0.893201,0.166387,1.464469,-0.277273,0.214186,1.274349,-1.933733,-0.655955,-1.471504,-1.312057,3.018361,0.339891,0.530644,-0.950207,1.858126,1.039819,1.821544,-0.639956,-0.559560,2.217163,0,1,1.0000,1.0000,1,1,0,0,0.0000,0.0000,,,,,127265,124692,1070,509,124872,123430,2393,1260,0,2,0.70424,0.12781,0
1786018636.0032,C_left_back,C,left,0,back,,270,88.0000,323.9000,173.2000,163.0000,0.0000,0.0000,360.0000,349.1000,39.5000,0.0000,155.0000,0.0000,114.6000,0.0000,-0.50300,-0.19300,0.76000,0.11000,2.54000,-2.00000,-0.91600,-0.01100,0.27000,-5.44000,-1.69000,1.21000,8.4,0.9,1.0,1.0,0.888512,0.384964,1.333744,-0.276058,0.214283,1.274888,-0.089600,0.486000,0.869300,0.003200,0.133500,0.542300,0.828800,0.034500,0.893201,0.166387,1.464469,-0.277273,0.214186,1.274349,-1.933733,-0.655955,-1.471504,-1.312057,3.018361,0.339891,0.530644,-0.950207,1.858126,1.039819,1.821544,-0.639956,-0.559560,2.217163,0,1,1.0000,1.0000,1,1,0,0,0.0000,0.0000,,,,,127265,124692,1070,509,124872,123430,2393,1260,0,2,0.70424,0.12781,0
1786018636.0326,C_left_back,C,left,0,back,,271,88.0000,323.9000,173.2000,163.0000,0.0000,0.0000,360.0000,349.1000,39.5000,0.0000,155.0000,0.0000,114.6000,0.0000,-0.50300,-0.19300,0.76000,0.11000,2.54000,-2.00000,-0.91600,-0.01100,0.27000,-5.44000,-1.69000,1.21000,8.4,0.9,1.0,1.0,0.888512,0.384964,1.333744,-0.276058,0.214283,1.274888,-0.089600,0.486000,0.869300,0.003200,0.133500,0.542300,0.828800,0.034500,0.893201,0.166387,1.464469,-0.277488,0.214145,1.274269,-1.933733,-0.655955,-1.471504,-1.312057,3.018361,0.339891,0.530644,-0.950207,1.858126,1.039819,1.821544,-0.639956,-0.559560,2.217163,0,1,1.0000,1.0000,1,1,0,0,0.0000,0.0000,,,,,127265,124692,1070,509,124872,123430,2393,1260,0,2,0.70424,0.12781,0
1786018636.0466,C_left_back,C,left,0,back,,272,87.3000,323.8000,173.1000,163.2000,0.0000,0.0000,360.0000,349.1000,39.4000,0.0000,155.1000,0.0000,114.6000,0.0000,-0.49600,-0.20300,0.75600,2.63000,1.82000,-1.67000,-0.92300,-0.01000,0.27400,-0.53000,2.65000,-0.49000,8.6,1.3,1.0,1.0,0.893201,0.166387,1.464469,-0.115262,0.186472,1.127403,-0.089600,0.486000,0.869300,0.003200,0.133500,0.542300,0.828800,0.034500,0.893201,0.166387,1.464469,-0.277488,0.214145,1.274269,-1.933716,-0.656139,-1.471824,-1.312059,3.019310,0.339852,0.529910,-0.950207,1.858126,1.039819,1.821544,-0.639956,-0.559560,2.217163,0,1,1.0000,1.0000,1,1,0,0,0.0000,0.0000,,,,,127265,8204,1070,473,124872,7004,2393,1200,0,0,0.70424,0.12352,0
1786018636.0755,C_left_back,C,left,0,back,,273,87.3000,323.8000,173.1000,163.2000,0.0000,0.0000,360.0000,349.1000,39.4000,0.0000,155.1000,0.0000,114.6000,0.0000,-0.49600,-0.20300,0.75600,2.63000,1.82000,-1.67000,-0.92300,-0.01000,0.27400,-0.53000,2.65000,-0.49000,8.6,1.3,1.0,1.0,0.893201,0.166387,1.464469,-0.115262,0.186472,1.127403,-0.089600,0.486000,0.869300,0.003200,0.133500,0.542300,0.828800,0.034500,0.893201,0.166387,1.464469,-0.277488,0.214145,1.274269,-1.933716,-0.656139,-1.471824,-1.312059,3.019310,0.339852,0.529910,-0.950207,1.858126,1.039819,1.821544,-0.639956,-0.559560,2.217163,0,1,1.0000,1.0000,1,1,0,0,0.0000,0.0000,,,,,127265,8204,1070,473,124872,7004,2393,1200,0,0,0.70424,0.12352,0
1786018636.1006,C_left_back,C,left,0,back,,274,87.3000,323.8000,173.1000,163.2000,0.0000,0.0000,360.0000,349.1000,39.4000,0.0000,155.1000,0.0000,114.6000,0.0000,-0.49600,-0.20300,0.75600,2.63000,1.82000,-1.67000,-0.92300,-0.01000,0.27400,-0.53000,2.65000,-0.49000,8.6,1.3,1.0,1.0,0.893201,0.166387,1.464469,-0.115262,0.186472,1.127403,-0.089600,0.486000,0.869300,0.003200,0.133500,0.542300,0.828800,0.034500,0.893201,0.166387,1.464469,-0.277488,0.214145,1.274269,-1.933716,-0.656139,-1.471824,-1.312059,3.019310,0.339852,0.529910,-0.950207,1.858126,1.039819,1.821544,-0.639956,-0.559560,2.217163,0,1,1.0000,1.0000,1,1,0,0,0.0000,0.0000,,,,,127265,8204,1070,473,124872,7004,2393,1200,0,0,0.70424,0.12352,0
1786018636.1013,C_left_back,C,left,0,back,,275,87.3000,323.8000,173.1000,163.2000,0.0000,0.0000,360.0000,349.1000,39.4000,0.0000,155.1000,0.0000,114.6000,0.0000,-0.49600,-0.20300,0.75600,2.63000,1.82000,-1.67000,-0.92300,-0.01000,0.27400,-0.53000,2.65000,-0.49000,8.6,1.3,1.0,1.0,0.893201,0.166387,1.464469,-0.115262,0.186472,1.127403,-0.089600,0.486000,0.869300,0.003200,0.133500,0.542300,0.828800,0.034500,0.893201,0.166387,1.464469,-0.277488,0.214145,1.274269,-1.933716,-0.656139,-1.471824,-1.312059,3.019310,0.339852,0.529910,-0.950207,1.858126,1.039819,1.821544,-0.639956,-0.559560,2.217163,0,1,1.0000,1.0000,1,1,0,0,0.0000,0.0000,,,,,127265,8204,1070,473,124872,7004,2393,1200,0,0,0.70424,0.12352,0
1786018636.1289,C_left_back,C,left,0,back,,276,87.3000,323.8000,173.1000,163.2000,0.0000,0.0000,360.0000,349.1000,39.4000,0.0000,155.1000,0.0000,114.6000,0.0000,-0.49600,-0.20300,0.75600,2.63000,1.82000,-1.67000,-0.92300,-0.01000,0.27400,-0.53000,2.65000,-0.49000,8.6,1.3,1.0,1.0,0.893201,0.166387,1.464469,-0.115262,0.186472,1.127403,-0.089600,0.486000,0.869300,0.003200,0.133500,0.542300,0.828800,0.034500,0.893201,0.166387,1.464469,-0.277488,0.214145,1.274269,-1.933716,-0.656139,-1.471824,-1.312059,3.019310,0.339852,0.529910,-0.950207,1.858126,1.039819,1.821544,-0.639956,-0.559560,2.217163,0,1,1.0000,1.0000,1,1,0,0,0.0000,0.0000,,,,,127265,8204,1070,473,124872,7004,2393,1200,0,0,0.70424,0.12352,0
1786018636.1522,C_left_back,C,left,0,back,,277,87.3000,323.8000,173.1000,163.2000,0.0000,0.0000,360.0000,349.1000,39.4000,0.0000,155.1000,0.0000,114.6000,0.0000,-0.49600,-0.20300,0.75600,2.63000,1.82000,-1.67000,-0.92300,-0.01000,0.27400,-0.53000,2.65000,-0.49000,8.6,1.3,1.0,1.0,0.893201,0.166387,1.464469,-0.115262,0.186472,1.127403,-0.089600,0.486000,0.869300,0.003200,0.133500,0.542300,0.828800,0.034500,0.893201,0.166387,1.464469,-0.277488,0.214145,1.274269,-1.933716,-0.656139,-1.471824,-1.312059,3.019310,0.339852,0.529910,-0.950207,1.858126,1.039819,1.821544,-0.639956,-0.559560,2.217163,0,1,1.0000,1.0000,1,1,0,0,0.0000,0.0000,,,,,127265,8204,1070,473,124872,7004,2393,1200,0,0,0.70424,0.12352,0
1786018636.1659,C_left_back,C,left,0,back,,278,86.4000,324.0000,173.1000,163.7000,0.0000,0.0000,360.0000,349.1000,39.4000,0.0000,155.2000,0.0000,114.6000,0.0000,-0.50600,-0.20500,0.75900,3.17000,1.31000,-0.18000,-0.91700,-0.00300,0.27100,-1.89000,1.64000,-1.62000,8.3,1.1,1.0,1.0,0.888512,0.384964,1.333744,-1.124941,0.384322,1.666311,-0.089600,0.486000,0.869300,0.003200,0.133500,0.542300,0.828800,0.034500,0.893201,0.166387,1.464469,-0.277340,0.214149,1.274336,-1.933684,-0.656468,-1.472391,-1.312062,3.020998,0.339783,0.528604,-0.950207,1.858126,1.039819,1.821544,-0.639956,-0.559560,2.217163,0,1,1.0000,1.0000,1,1,0,0,0.0000,0.0000,,,,,7698,124692,1025,509,5620,123430,2078,1260,0,2,0.70424,0.12781,0
1786018636.1843,C_left_back,C,left,0,back,,279,86.4000,324.0000,173.1000,163.7000,0.0000,0.0000,360.0000,349.1000,39.4000,0.0000,155.2000,0.0000,114.6000,0.0000,-0.50600,-0.20500,0.75900,3.17000,1.31000,-0.18000,-0.91700,-0.00300,0.27100,-1.89000,1.64000,-1.62000,8.6,0.9,1.0,1.0,0.888512,0.384964,1.333744,-1.124941,0.384322,1.666311,-0.089600,0.486000,0.869300,0.003200,0.133500,0.542300,0.828800,0.034500,0.893201,0.166387,1.464469,-0.277340,0.214149,1.274336,-1.933684,-0.656468,-1.472391,-1.312062,3.020998,0.339783,0.528604,-0.950207,1.858126,1.039819,1.821544,-0.639956,-0.559560,2.217163,0,1,1.0000,1.0000,1,1,0,0,0.0000,0.0000,,,,,127265,124692,1071,509,124872,123430,2393,1260,0,2,0.70424,0.12781,0
1786018636.2030,C_left_back,C,left,0,back,,280,86.4000,324.0000,173.1000,163.7000,0.0000,0.0000,360.0000,349.1000,39.4000,0.0000,155.2000,0.0000,114.6000,0.0000,-0.50600,-0.20500,0.75900,3.17000,1.31000,-0.18000,-0.91700,-0.00300,0.27100,-1.89000,1.64000,-1.62000,8.6,0.9,1.0,1.0,0.888512,0.384964,1.333744,-1.124941,0.384322,1.666311,-0.089600,0.486000,0.869300,0.003200,0.133500,0.542300,0.828800,0.034500,0.893201,0.166387,1.464469,-0.277340,0.214149,1.274336,-1.933684,-0.656468,-1.472391,-1.312062,3.020998,0.339783,0.528604,-0.950207,1.858126,1.039819,1.821544,-0.639956,-0.559560,2.217163,0,1,1.0000,1.0000,1,1,0,0,0.0000,0.0000,,,,,127265,124692,1071,509,124872,123430,2393,1260,0,2,0.70424,0.12781,0
1786018636.2222,C_left_back,C,left,0,back,,281,86.4000,324.0000,173.1000,163.7000,0.0000,0.0000,360.0000,349.1000,39.4000,0.0000,155.2000,0.0000,114.6000,0.0000,-0.50600,-0.20500,0.75900,3.17000,1.31000,-0.18000,-0.91700,-0.00300,0.27100,-1.89000,1.64000,-1.62000,8.6,0.9,1.0,1.0,0.888512,0.384964,1.333744,-1.124941,0.384322,1.666311,-0.089600,0.486000,0.869300,0.003200,0.133500,0.542300,0.828800,0.034500,0.893201,0.166387,1.464469,-0.277340,0.214149,1.274336,-1.933684,-0.656468,-1.472391,-1.312062,3.020998,0.339783,0.528604,-0.950207,1.858126,1.039819,1.821544,-0.639956,-0.559560,2.217163,0,1,1.0000,1.0000,1,1,0,0,0.0000,0.0000,,,,,127265,124692,1071,509,124872,123430,2393,1260,0,2,0.70424,0.12781,0
1786018636.2455,C_left_back,C,left,0,back,,282,86.4000,324.0000,173.1000,163.7000,0.0000,0.0000,360.0000,349.1000,39.4000,0.0000,155.2000,0.0000,114.6000,0.0000,-0.50600,-0.20500,0.75900,3.17000,1.31000,-0.18000,-0.91700,-0.00300,0.27100,-1.89000,1.64000,-1.62000,8.6,0.9,1.0,1.0,0.888512,0.384964,1.333744,-1.124941,0.384322,1.666311,-0.089600,0.486000,0.869300,0.003200,0.133500,0.542300,0.828800,0.034500,0.893201,0.166387,1.464469,-0.277340,0.214149,1.274336,-1.933684,-0.656468,-1.472391,-1.312062,3.020998,0.339783,0.528604,-0.950207,1.858126,1.039819,1.821544,-0.639956,-0.559560,2.217163,0,1,1.0000,1.0000,1,1,0,0,0.0000,0.0000,,,,,7698,8204,1025,473,5620,7004,2078,1200,0,0,0.70424,0.12352,0
1786018636.2647,C_left_back,C,left,0,back,,283,86.4000,324.0000,173.1000,163.7000,0.0000,0.0000,360.0000,349.1000,39.4000,0.0000,155.2000,0.0000,114.6000,0.0000,-0.50600,-0.20500,0.75900,3.17000,1.31000,-0.18000,-0.91700,-0.00300,0.27100,-1.89000,1.64000,-1.62000,8.2,1.6,1.0,1.0,0.888512,0.384964,1.333744,-1.124941,0.384322,1.666311,-0.089600,0.486000,0.869300,0.003200,0.133500,0.542300,0.828800,0.034500,0.893201,0.166387,1.464469,-0.277340,0.214149,1.274336,-1.933684,-0.656468,-1.472391,-1.312062,3.020998,0.339783,0.528604,-0.950207,1.858126,1.039819,1.821544,-0.639956,-0.559560,2.217163,0,1,1.0000,1.0000,1,1,0,0,0.0000,0.0000,,,,,127265,124692,1071,509,124872,123430,2393,1260,0,2,0.70424,0.12781,0
1786018636.2859,C_left_back,C,left,0,back,,284,86.4000,324.0000,173.1000,163.7000,0.0000,0.0000,360.0000,349.1000,39.4000,0.0000,155.2000,0.0000,114.6000,0.0000,-0.50600,-0.20500,0.75900,3.17000,1.31000,-0.18000,-0.91700,-0.00300,0.27100,-1.89000,1.64000,-1.62000,7.7,1.5,1.0,1.0,0.888512,0.384964,1.333744,-1.124941,0.384322,1.666311,-0.089600,0.486000,0.869300,0.003200,0.133500,0.542300,0.828800,0.034500,0.893201,0.166387,1.464469,-0.277340,0.214149,1.274336,-1.933684,-0.656468,-1.472391,-1.312062,3.020998,0.339783,0.528604,-0.950389,1.857741,1.039800,1.821765,-0.639867,-0.559478,2.217346,0,1,1.0000,1.0000,1,1,0,0,0.0000,0.0000,,,,,7698,8204,1025,473,5620,7004,2078,1200,0,0,0.70424,0.12352,0
1786018636.3018,C_left_back,C,left,0,back,,285,86.4000,324.0000,173.1000,163.7000,0.0000,0.0000,360.0000,349.1000,39.4000,0.0000,155.2000,0.0000,114.6000,0.0000,-0.50600,-0.20500,0.75900,3.17000,1.31000,-0.18000,-0.91700,-0.00300,0.27100,-1.89000,1.64000,-1.62000,7.7,1.5,1.0,1.0,0.888512,0.384964,1.333744,-1.124941,0.384322,1.666311,-0.089600,0.486000,0.869300,0.003200,0.133500,0.542300,0.828800,0.034500,0.893201,0.166387,1.464469,-0.277340,0.214149,1.274336,-1.933684,-0.656468,-1.472391,-1.312062,3.020998,0.339783,0.528604,-0.950415,1.857652,1.039773,1.821824,-0.639863,-0.559492,2.217408,0,1,1.0000,1.0000,1,1,0,0,0.0000,0.0000,,,,,7698,8204,1025,473,5620,7004,2078,1200,0,0,0.70424,0.12352,0
1786018636.3303,C_left_back,C,left,0,back,,286,86.4000,324.0000,173.1000,163.7000,0.0000,0.0000,360.0000,349.1000,39.4000,0.0000,155.2000,0.0000,114.6000,0.0000,-0.50600,-0.20500,0.75900,3.17000,1.31000,-0.18000,-0.91700,-0.00300,0.27100,-1.89000,1.64000,-1.62000,9.4,1.9,1.0,1.0,0.893201,0.166387,1.464469,-1.124941,0.384322,1.666311,-0.089600,0.486000,0.869300,0.003200,0.133500,0.542300,0.828800,0.034500,0.893201,0.166387,1.464469,-0.277340,0.214149,1.274336,-1.933684,-0.656468,-1.472391,-1.312062,3.020998,0.339783,0.528604,-0.950333,1.857760,1.039733,1.821776,-0.639920,-0.559581,2.217397,0,1,1.0000,1.0000,1,1,0,0,0.0000,0.0000,,,,,127265,124692,1071,510,124872,123430,2393,1260,0,2,0.70424,0.12781,0
1786018636.3518,C_left_back,C,left,0,back,,287,86.1000,323.9000,173.0000,164.0000,0.0000,0.0000,360.0000,349.1000,39.4000,0.0000,155.1000,0.0000,114.6000,0.0000,-0.49700,-0.19100,0.76200,2.33000,2.31000,2.05000,-0.92500,-0.00600,0.28600,-2.45000,-0.75000,0.43000,9.4,1.9,1.0,1.0,0.893201,0.166387,1.464469,-0.115057,0.186492,1.127490,-0.089600,0.486000,0.869300,0.003200,0.133500,0.542300,0.828800,0.034500,0.893201,0.166387,1.464469,-0.277340,0.214149,1.274336,-1.933684,-0.656468,-1.472391,-1.312062,3.020998,0.339783,0.528604,-0.950248,1.857870,1.039691,1.821727,-0.639979,-0.559673,2.217386,0,1,1.0000,1.0000,1,1,0,0,0.0000,0.0000,,,,,7698,8204,1025,474,5620,7004,2078,1200,0,0,0.70424,0.12352,0
1786018636.3654,C_left_back,C,left,0,back,,288,86.1000,323.9000,173.0000,164.0000,0.0000,0.0000,360.0000,349.1000,39.4000,0.0000,155.1000,0.0000,114.6000,0.0000,-0.50700,-0.19400,0.75900,1.95000,1.28000,1.21000,-0.92800,-0.01600,0.27200,-1.56000,0.46000,-0.85000,10.9,1.7,1.0,1.0,1.034430,0.458762,1.274842,-0.274803,0.214414,1.275436,-0.089600,0.486000,0.869300,0.003200,0.133500,0.542300,0.828800,0.034500,0.893201,0.166387,1.464469,-0.277340,0.214149,1.274336,-1.933684,-0.656468,-1.472391,-1.312062,3.020998,0.339783,0.528604,-0.950248,1.857870,1.039691,1.821727,-0.639979,-0.559673,2.217386,0,1,1.0000,1.0000,1,1,0,0,0.0000,0.0000,,,,,7698,124692,1026,510,5620,123430,2078,1260,0,2,0.70424,0.12781,0
1786018636.3881,C_left_back,C,left,0,back,,289,86.1000,324.0000,173.0000,164.0000,0.0000,0.0000,360.0000,349.1000,39.4000,0.0000,155.1000,0.0000,114.6000,0.0000,-0.50600,-0.19300,0.75000,1.25000,6.00000,2.00000,-0.92200,-0.01000,0.27600,-0.79000,0.73000,-1.80000,10.0,1.8,1.0,1.0,0.888512,0.384964,1.333744,-1.124092,0.384414,1.666678,-0.089600,0.486000,0.869300,0.003200,0.133500,0.542300,0.828800,0.034500,0.893201,0.166387,1.464469,-0.277340,0.214149,1.274336,-1.933684,-0.656468,-1.472391,-1.312062,3.020998,0.339783,0.528604,-0.950248,1.857870,1.039691,1.821727,-0.639979,-0.559673,2.217386,0,1,1.0000,1.0000,1,1,0,0,0.0000,0.0000,,,,,127265,124692,1072,510,124872,123430,2393,1260,0,2,0.70424,0.12781,0
1786018636.4032,C_left_back,C,left,0,back,,290,86.1000,324.0000,173.0000,164.0000,0.0000,0.0000,360.0000,349.1000,39.4000,0.0000,155.1000,0.0000,114.6000,0.0000,-0.50600,-0.19300,0.75000,1.25000,6.00000,2.00000,-0.92200,-0.01000,0.27600,-0.79000,0.73000,-1.80000,9.6,1.4,1.0,1.0,0.888512,0.384964,1.333744,-1.124092,0.384414,1.666678,-0.089600,0.486000,0.869300,0.003200,0.133500,0.542300,0.828800,0.034500,0.893201,0.166387,1.464469,-0.277340,0.214149,1.274336,-1.933684,-0.656468,-1.472391,-1.312062,3.020998,0.339783,0.528604,-0.950248,1.857870,1.039691,1.821727,-0.639979,-0.559673,2.217386,0,1,1.0000,1.0000,1,1,0,0,0.0000,0.0000,,,,,127265,124692,1072,510,124872,123430,2393,1260,0,2,0.70424,0.12781,0
1786018636.4381,C_left_back,C,left,0,back,,291,85.9000,324.0000,173.0000,164.0000,0.0000,0.0000,360.0000,349.1000,39.6000,0.0000,155.1000,0.0000,114.6000,0.0000,-0.50600,-0.19100,0.76300,0.05000,4.33000,2.60000,-0.93300,0.00700,0.26700,-1.64000,0.43000,-2.70000,8.7,1.5,1.0,1.0,0.893201,0.166387,1.464469,-0.116459,0.186341,1.126892,-0.089600,0.486000,0.869300,0.003200,0.133500,0.542300,0.828800,0.034500,0.893201,0.166387,1.464469,-0.277340,0.214149,1.274336,-1.933684,-0.656468,-1.472391,-1.312062,3.020998,0.339783,0.528604,-0.950248,1.857870,1.039691,1.821727,-0.639979,-0.559673,2.217386,0,1,1.0000,1.0000,1,1,0,0,0.0000,0.0000,,,,,7699,8204,1026,474,5621,7004,2078,1200,0,0,0.70416,0.12352,0
1786018636.4428,C_left_back,C,left,0,back,,292,85.9000,324.0000,173.0000,164.0000,0.0000,0.0000,360.0000,349.1000,39.6000,0.0000,155.1000,0.0000,114.6000,0.0000,-0.50600,-0.19100,0.76300,0.05000,4.33000,2.60000,-0.93300,0.00700,0.26700,-1.64000,0.43000,-2.70000,8.7,1.5,1.0,1.0,0.893201,0.166387,1.464469,-0.116459,0.186341,1.126892,-0.089600,0.486000,0.869300,0.003200,0.133500,0.542300,0.828800,0.034500,0.893201,0.166387,1.464469,-0.277340,0.214149,1.274336,-1.933684,-0.656468,-1.472391,-1.312062,3.020998,0.339783,0.528604,-0.950248,1.857870,1.039691,1.821727,-0.639979,-0.559673,2.217386,0,1,1.0000,1.0000,1,1,0,0,0.0000,0.0000,,,,,7699,8204,1026,474,5621,7004,2078,1200,0,0,0.70416,0.12352,0
1786018636.4632,C_left_back,C,left,0,back,,293,85.9000,324.0000,173.0000,164.0000,0.0000,0.0000,360.0000,349.1000,39.6000,0.0000,155.1000,0.0000,114.6000,0.0000,-0.50600,-0.19100,0.76300,0.05000,4.33000,2.60000,-0.93300,0.00700,0.26700,-1.64000,0.43000,-2.70000,8.7,1.5,1.0,1.0,0.893201,0.166387,1.464469,-0.116459,0.186341,1.126892,-0.089600,0.486000,0.869300,0.003200,0.133500,0.542300,0.828800,0.034500,0.893201,0.166387,1.464469,-0.277340,0.214149,1.274336,-1.933684,-0.656468,-1.472391,-1.312062,3.020998,0.339783,0.528604,-0.950248,1.857870,1.039691,1.821727,-0.639979,-0.559673,2.217386,0,1,1.0000,1.0000,1,1,0,0,0.0000,0.0000,,,,,127266,124692,1072,510,124873,123430,2393,1260,0,2,0.70416,0.12781,0
1786018636.4842,C_left_back,C,left,0,back,,294,85.9000,324.0000,173.0000,164.0000,0.0000,0.0000,360.0000,349.1000,39.6000,0.0000,155.1000,0.0000,114.6000,0.0000,-0.50600,-0.19100,0.76300,0.05000,4.33000,2.60000,-0.93300,0.00700,0.26700,-1.64000,0.43000,-2.70000,8.7,1.5,1.0,1.0,0.893201,0.166387,1.464469,-0.116459,0.186341,1.126892,-0.089600,0.486000,0.869300,0.003200,0.133500,0.542300,0.828800,0.034500,0.893201,0.166387,1.464469,-0.277340,0.214149,1.274336,-1.933684,-0.656468,-1.472391,-1.312062,3.020998,0.339783,0.528604,-0.950248,1.857870,1.039691,1.821727,-0.639979,-0.559673,2.217386,0,1,1.0000,1.0000,1,1,0,0,0.0000,0.0000,,,,,7699,8204,1026,474,5621,7004,2078,1200,0,0,0.70416,0.12352,0
1786018636.5148,C_left_back,C,left,0,back,,295,85.9000,324.0000,173.0000,164.0000,0.0000,0.0000,360.0000,349.1000,39.6000,0.0000,155.1000,0.0000,114.6000,0.0000,-0.50600,-0.19100,0.76300,0.05000,4.33000,2.60000,-0.93300,0.00700,0.26700,-1.64000,0.43000,-2.70000,8.7,1.5,1.0,1.0,0.893201,0.166387,1.464469,-0.116459,0.186341,1.126892,-0.089600,0.486000,0.869300,0.003200,0.133500,0.542300,0.828800,0.034500,0.893201,0.166387,1.464469,-0.277340,0.214149,1.274336,-1.933684,-0.656468,-1.472391,-1.312062,3.020998,0.339783,0.528604,-0.950248,1.857870,1.039691,1.821727,-0.639979,-0.559673,2.217386,0,1,1.0000,1.0000,1,1,0,0,0.0000,0.0000,,,,,7699,8204,1026,474,5621,7004,2078,1200,0,0,0.70416,0.12352,0
1786018636.5348,C_left_back,C,left,0,back,,296,85.9000,324.0000,173.0000,164.0000,0.0000,0.0000,360.0000,349.1000,39.6000,0.0000,155.1000,0.0000,114.6000,0.0000,-0.50600,-0.19100,0.76300,0.05000,4.33000,2.60000,-0.93300,0.00700,0.26700,-1.64000,0.43000,-2.70000,8.7,1.5,1.0,1.0,0.893201,0.166387,1.464469,-0.116459,0.186341,1.126892,-0.089600,0.486000,0.869300,0.003200,0.133500,0.542300,0.828800,0.034500,0.893201,0.166387,1.464469,-0.277340,0.214149,1.274336,-1.933684,-0.656468,-1.472391,-1.312062,3.020998,0.339783,0.528604,-0.950248,1.857870,1.039691,1.821727,-0.639979,-0.559673,2.217386,0,1,1.0000,1.0000,1,1,0,0,0.0000,0.0000,,,,,127266,124692,1072,510,124873,123430,2393,1260,0,2,0.70416,0.12781,0
1786018636.5411,C_left_back,C,left,0,back,,297,85.9000,324.0000,173.0000,164.0000,0.0000,0.0000,360.0000,349.1000,39.6000,0.0000,155.1000,0.0000,114.6000,0.0000,-0.50600,-0.19100,0.76300,0.05000,4.33000,2.60000,-0.93300,0.00700,0.26700,-1.64000,0.43000,-2.70000,8.7,1.5,1.0,1.0,0.893201,0.166387,1.464469,-0.116459,0.186341,1.126892,-0.089600,0.486000,0.869300,0.003200,0.133500,0.542300,0.828800,0.034500,0.893201,0.166387,1.464469,-0.277340,0.214149,1.274336,-1.933684,-0.656468,-1.472391,-1.312062,3.020998,0.339783,0.528604,-0.950248,1.857870,1.039691,1.821727,-0.639979,-0.559673,2.217386,0,1,1.0000,1.0000,1,1,0,0,0.0000,0.0000,,,,,7699,8204,1026,474,5621,7004,2078,1200,0,0,0.70416,0.12352,0
1786018636.5678,C_left_back,C,left,0,back,,298,85.8000,323.9000,172.9000,164.0000,0.0000,0.0000,360.0000,349.2000,39.5000,0.0000,154.9000,0.0000,114.4000,0.0000,-0.50900,-0.22500,0.74400,-2.20000,6.93000,9.20000,-0.92900,0.00600,0.26900,-2.28000,-0.68000,-1.11000,9.5,1.5,1.0,1.0,0.893201,0.166387,1.464469,-0.116975,0.186340,1.126667,-0.089600,0.486000,0.869300,0.003200,0.133500,0.542300,0.828800,0.034500,0.893201,0.166387,1.464469,-0.277340,0.214149,1.274336,-1.933684,-0.656468,-1.472391,-1.312062,3.020998,0.339783,0.528604,-0.950248,1.857870,1.039691,1.821727,-0.639979,-0.559673,2.217386,0,1,1.0000,1.0000,1,1,0,0,0.0000,0.0000,,,,,7699,124692,1026,510,5621,123430,2078,1260,0,2,0.70416,0.12781,0
1786018636.5845,C_left_back,C,left,0,back,,299,85.8000,323.9000,172.9000,164.0000,0.0000,0.0000,360.0000,349.2000,39.5000,0.0000,154.9000,0.0000,114.4000,0.0000,-0.50900,-0.22500,0.74400,-2.20000,6.93000,9.20000,-0.92900,0.00600,0.26900,-2.28000,-0.68000,-1.11000,9.5,1.5,1.0,1.0,0.893201,0.166387,1.464469,-0.116975,0.186340,1.126667,-0.089600,0.486000,0.869300,0.003200,0.133500,0.542300,0.828800,0.034500,0.893201,0.166387,1.464469,-0.277340,0.214149,1.274336,-1.933684,-0.656468,-1.472391,-1.312062,3.020998,0.339783,0.528604,-0.950248,1.857870,1.039691,1.821727,-0.639979,-0.559673,2.217386,0,1,1.0000,1.0000,1,1,0,0,0.0000,0.0000,,,,,127266,8204,1072,474,124873,7004,2393,1200,0,0,0.70416,0.12352,0
1786018636.6081,C_left_back,C,left,0,back,,300,85.8000,323.9000,172.9000,164.0000,0.0000,0.0000,360.0000,349.2000,39.5000,0.0000,154.9000,0.0000,114.4000,0.0000,-0.50900,-0.22500,0.74400,-2.20000,6.93000,9.20000,-0.92900,0.00600,0.26900,-2.28000,-0.68000,-1.11000,9.5,1.5,1.0,1.0,0.893201,0.166387,1.464469,-0.116975,0.186340,1.126667,-0.089600,0.486000,0.869300,0.003200,0.133500,0.542300,0.828800,0.034500,0.893201,0.166387,1.464469,-0.277340,0.214149,1.274336,-1.933684,-0.656468,-1.472391,-1.312062,3.020998,0.339783,0.528604,-0.950248,1.857870,1.039691,1.821727,-0.639979,-0.559673,2.217386,0,1,1.0000,1.0000,1,1,0,0,0.0000,0.0000,,,,,127266,8204,1072,474,124873,7004,2393,1200,0,0,0.70416,0.12352,0
1786018636.6285,C_left_back,C,left,0,back,,301,85.8000,323.6000,171.9000,164.3000,0.0000,0.0000,360.0000,349.2000,39.5000,0.0000,155.0000,0.0000,114.6000,0.0000,-0.48100,-0.18600,0.71300,4.92000,1.02000,6.78000,-0.94000,-0.01100,0.27000,-1.50000,0.13000,0.60000,9.0,2.0,1.0,1.0,0.893201,0.166387,1.464469,-0.116058,0.186478,1.127062,-0.089600,0.486000,0.869300,0.003200,0.133500,0.542300,0.828800,0.034500,0.893201,0.166387,1.464469,-0.277340,0.214149,1.274336,-1.933684,-0.656468,-1.472391,-1.312062,3.020998,0.339783,0.528604,-0.950248,1.857870,1.039691,1.821727,-0.639979,-0.559673,2.217386,0,1,1.0000,1.0000,1,1,0,0,0.0000,0.0000,,,,,127266,8204,1073,474,124873,7004,2393,1200,0,0,0.70416,0.12352,0
1786018636.6428,C_left_back,C,left,0,back,,302,85.8000,323.6000,171.9000,164.3000,0.0000,0.0000,360.0000,349.2000,39.5000,0.0000,155.0000,0.0000,114.6000,0.0000,-0.48100,-0.18600,0.71300,4.92000,1.02000,6.78000,-0.94000,-0.01100,0.27000,-1.50000,0.13000,0.60000,11.4,1.6,1.0,1.0,0.893201,0.166387,1.464469,-0.116058,0.186478,1.127062,-0.089600,0.486000,0.869300,0.003200,0.133500,0.542300,0.828800,0.034500,0.893201,0.166387,1.464469,-0.277340,0.214149,1.274336,-1.933684,-0.656468,-1.472391,-1.312062,3.020998,0.339783,0.528604,-0.950248,1.857870,1.039691,1.821727,-0.639979,-0.559673,2.217386,0,1,1.0000,1.0000,1,1,0,0,0.0000,0.0000,,,,,7699,124692,1027,511,5621,123430,2078,1260,0,2,0.70416,0.12781,0
1786018636.6669,C_left_back,C,left,0,back,,303,85.3000,323.3000,171.5000,164.3000,0.0000,0.0000,360.0000,349.2000,39.3000,0.0000,155.0000,0.0000,114.6000,0.0000,-0.50000,-0.19800,0.73200,8.27000,-2.00000,1.64000,-0.92400,0.00200,0.26500,0.85000,2.00000,-1.07000,11.4,1.6,1.0,1.0,0.893201,0.166387,1.464469,-0.116406,0.186468,1.126908,-0.089600,0.486000,0.869300,0.003200,0.133500,0.542300,0.828800,0.034500,0.893205,0.166388,1.464463,-0.277340,0.214149,1.274336,-1.933684,-0.656468,-1.472391,-1.312062,3.020998,0.339783,0.528604,-0.950248,1.857870,1.039691,1.821727,-0.639979,-0.559673,2.217386,0,1,1.0000,1.0000,1,1,0,0,0.0000,0.0000,,,,,7699,124692,1027,511,5621,123430,2078,1260,0,2,0.70416,0.12781,0
1786018636.6822,C_left_back,C,left,0,back,,304,85.3000,323.3000,171.5000,164.3000,0.0000,0.0000,360.0000,349.2000,39.3000,0.0000,155.0000,0.0000,114.6000,0.0000,-0.50000,-0.19800,0.73200,8.27000,-2.00000,1.64000,-0.92400,0.00200,0.26500,0.85000,2.00000,-1.07000,11.4,1.6,1.0,1.0,0.893201,0.166387,1.464469,-0.116406,0.186468,1.126908,-0.089600,0.486000,0.869300,0.003200,0.133500,0.542300,0.828800,0.034500,0.893205,0.166388,1.464463,-0.277340,0.214149,1.274336,-1.933684,-0.656468,-1.472391,-1.312062,3.020998,0.339783,0.528604,-0.950248,1.857870,1.039691,1.821727,-0.639979,-0.559673,2.217386,0,1,1.0000,1.0000,1,1,0,0,0.0000,0.0000,,,,,127267,8204,1073,475,124874,7004,2393,1200,0,0,0.70408,0.12352,0
1786018636.7082,C_left_back,C,left,0,back,,305,85.4000,323.4000,171.3000,164.3000,0.0000,0.0000,360.0000,349.1000,39.4000,0.0000,155.0000,0.0000,114.6000,0.0000,-0.51000,-0.18500,0.75800,7.26000,-2.81000,-0.67000,-0.91900,0.01800,0.26800,-1.87000,-1.83000,0.04000,11.4,1.9,1.0,1.0,0.888512,0.384964,1.333744,-1.125721,0.384241,1.665992,-0.089600,0.486000,0.869300,0.003200,0.133500,0.542300,0.828800,0.034500,0.893205,0.166388,1.464463,-0.277340,0.214149,1.274336,-1.933684,-0.656468,-1.472391,-1.312062,3.020998,0.339783,0.528604,-0.950248,1.857870,1.039691,1.821727,-0.639979,-0.559673,2.217386,0,1,1.0000,1.0000,1,1,0,0,0.0000,0.0000,,,,,7700,124692,1027,511,5622,123430,2078,1260,0,2,0.70408,0.12781,0
1786018636.7339,C_left_back,C,left,0,back,,306,85.4000,323.4000,171.3000,164.3000,0.0000,0.0000,360.0000,349.1000,39.4000,0.0000,155.0000,0.0000,114.6000,0.0000,-0.51000,-0.18500,0.75800,7.26000,-2.81000,-0.67000,-0.91900,0.01800,0.26800,-1.87000,-1.83000,0.04000,11.4,1.9,1.0,1.0,0.888512,0.384964,1.333744,-1.125721,0.384241,1.665992,-0.089600,0.486000,0.869300,0.003200,0.133500,0.542300,0.828800,0.034500,0.893203,0.166388,1.464466,-0.277340,0.214149,1.274336,-1.933684,-0.656468,-1.472391,-1.312062,3.020998,0.339783,0.528604,-0.950248,1.857870,1.039691,1.821727,-0.639979,-0.559673,2.217386,0,1,1.0000,1.0000,1,1,0,0,0.0000,0.0000,,,,,7701,124692,1027,511,5623,123430,2078,1260,0,2,0.70400,0.12781,0
1786018636.7423,C_left_back,C,left,0,back,,307,85.4000,323.4000,171.3000,164.3000,0.0000,0.0000,360.0000,349.1000,39.4000,0.0000,155.0000,0.0000,114.6000,0.0000,-0.51000,-0.18500,0.75800,7.26000,-2.81000,-0.67000,-0.91900,0.01800,0.26800,-1.87000,-1.83000,0.04000,11.4,1.9,1.0,1.0,0.888512,0.384964,1.333744,-1.125721,0.384241,1.665992,-0.089600,0.486000,0.869300,0.003200,0.133500,0.542300,0.828800,0.034500,0.893203,0.166388,1.464466,-0.277340,0.214149,1.274336,-1.933684,-0.656468,-1.472391,-1.312062,3.020998,0.339783,0.528604,-0.950248,1.857870,1.039691,1.821727,-0.639979,-0.559673,2.217386,0,1,1.0000,1.0000,1,1,0,0,0.0000,0.0000,,,,,7701,124692,1027,511,5623,123430,2078,1260,0,2,0.70400,0.12781,0
1786018636.7612,C_left_back,C,left,0,back,,308,85.2000,323.7000,17.0000,164.3000,0.0000,0.0000,360.0000,349.1000,39.4000,0.0000,155.0000,0.0000,114.6000,0.0000,-0.50500,-0.21800,0.77500,1.29000,-2.00000,2.08000,-0.91900,0.01800,0.26800,-1.87000,-1.83000,0.04000,11.4,1.9,1.0,1.0,0.888512,0.384964,1.333744,-1.125721,0.384241,1.665992,-0.089600,0.486000,0.869300,0.003200,0.133500,0.542300,0.828800,0.034500,0.893203,0.166388,1.464466,-0.277340,0.214149,1.274336,-1.933684,-0.656468,-1.472391,-1.312062,3.020998,0.339783,0.528604,-0.950248,1.857870,1.039691,1.821727,-0.639979,-0.559673,2.217386,0,1,1.0000,1.0000,1,1,0,0,0.0000,0.0000,,,,,127270,8204,1073,476,124877,7004,2393,1200,0,0,0.70400,0.12352,0
1786018636.7885,C_left_back,C,left,0,back,,309,85.2000,323.7000,17.0000,164.3000,0.0000,0.0000,360.0000,349.1000,39.4000,0.0000,155.0000,0.0000,114.6000,0.0000,-0.50500,-0.21800,0.77500,1.29000,-2.00000,2.08000,-0.91900,0.01800,0.26800,-1.87000,-1.83000,0.04000,11.4,1.9,1.0,1.0,0.888512,0.384964,1.333744,-1.125721,0.384241,1.665992,-0.089600,0.486000,0.869300,0.003200,0.133500,0.542300,0.828800,0.034500,0.893203,0.166388,1.464466,-0.277340,0.214149,1.274336,-1.933637,-0.656969,-1.473259,-1.312066,3.023581,0.339678,0.526604,-0.950248,1.857870,1.039691,1.821727,-0.639979,-0.559673,2.217386,0,1,1.0000,1.0000,1,1,0,0,0.0000,0.0000,,,,,7701,8204,1027,476,5623,7004,2078,1200,0,0,0.70400,0.12352,0
1786018636.8034,C_left_back,C,left,0,back,,310,85.2000,323.7000,17.0000,164.3000,0.0000,0.0000,360.0000,349.1000,39.4000,0.0000,155.0000,0.0000,114.6000,0.0000,-0.50500,-0.21800,0.77500,1.29000,-2.00000,2.08000,-0.91900,0.01800,0.26800,-1.87000,-1.83000,0.04000,11.4,1.9,1.0,1.0,0.888512,0.384964,1.333744,-1.125721,0.384241,1.665992,-0.089600,0.486000,0.869300,0.003200,0.133500,0.542300,0.828800,0.034500,0.893201,0.166387,1.464469,-0.277340,0.214149,1.274336,-1.933637,-0.656969,-1.473259,-1.312066,3.023581,0.339678,0.526604,-0.950248,1.857870,1.039691,1.821727,-0.639979,-0.559673,2.217386,0,1,1.0000,1.0000,1,1,0,0,0.0000,0.0000,,,,,7701,8204,1027,476,5623,7004,2078,1200,0,0,0.70400,0.12352,0
1786018636.8287,C_left_back,C,left,0,back,,311,85.2000,323.7000,17.0000,164.3000,0.0000,0.0000,360.0000,349.1000,39.4000,0.0000,155.0000,0.0000,114.6000,0.0000,-0.50500,-0.21800,0.77500,1.29000,-2.00000,2.08000,-0.91900,0.01800,0.26800,-1.87000,-1.83000,0.04000,11.4,1.9,1.0,1.0,0.888512,0.384964,1.333744,-1.125721,0.384241,1.665992,-0.089600,0.486000,0.869300,0.003200,0.133500,0.542300,0.828800,0.034500,0.893201,0.166387,1.464469,-0.277340,0.214149,1.274336,-1.933637,-0.656969,-1.473259,-1.312066,3.023581,0.339678,0.526604,-0.950248,1.857870,1.039691,1.821727,-0.639979,-0.559673,2.217386,0,1,1.0000,1.0000,1,1,0,0,0.0000,0.0000,,,,,7701,8204,1027,476,5623,7004,2078,1200,0,0,0.70400,0.12352,0
1786018636.8437,C_left_back,C,left,0,back,,312,85.2000,323.7000,17.0000,164.3000,0.0000,0.0000,360.0000,349.1000,39.4000,0.0000,155.0000,0.0000,114.6000,0.0000,-0.50500,-0.21800,0.77500,1.29000,-2.00000,2.08000,-0.91900,0.01800,0.26800,-1.87000,-1.83000,0.04000,10.9,1.7,1.0,1.0,0.888512,0.384964,1.333744,-1.125721,0.384241,1.665992,-0.089600,0.486000,0.869300,0.003200,0.133500,0.542300,0.828800,0.034500,0.893201,0.166387,1.464469,-0.277340,0.214149,1.274336,-1.933637,-0.656969,-1.473259,-1.312066,3.023581,0.339678,0.526604,-0.950248,1.857870,1.039691,1.821727,-0.639979,-0.559673,2.217386,0,1,1.0000,1.0000,1,1,0,0,0.0000,0.0000,,,,,127270,124692,1073,512,124877,123430,2393,1260,0,2,0.70400,0.12781,0
1786018636.8622,C_left_back,C,left,0,back,,313,85.5000,23.7000,714.0000,164.3000,0.0000,0.0000,360.0000,348.9000,39.4000,0.0000,154.9000,0.0000,114.6000,0.0000,-0.49000,-0.20500,0.76100,1.15000,3.55000,2.14000,-0.93900,0.00100,0.27300,-0.52000,3.79000,-2.95000,10.9,1.7,1.0,1.0,0.888512,0.384964,1.333744,-1.125531,0.384151,1.666055,-0.089600,0.486000,0.869300,0.003200,0.133500,0.542300,0.828800,0.034500,0.893201,0.166387,1.464469,-0.277340,0.214149,1.274336,-1.933637,-0.656969,-1.473259,-1.312066,3.023581,0.339678,0.526604,-0.950248,1.857870,1.039691,1.821727,-0.639979,-0.559673,2.217386,0,1,1.0000,1.0000,1,1,0,0,0.0000,0.0000,,,,,7701,124692,1027,512,5623,123430,2078,1260,0,2,0.70400,0.12781,0
1786018636.8829,C_left_back,C,left,0,back,,314,85.5000,23.7000,714.0000,164.3000,0.0000,0.0000,360.0000,348.9000,39.4000,0.0000,154.9000,0.0000,114.6000,0.0000,-0.49000,-0.20500,0.76100,1.15000,3.55000,2.14000,-0.93900,0.00100,0.27300,-0.52000,3.79000,-2.95000,10.9,1.7,1.0,1.0,0.888512,0.384964,1.333744,-1.125531,0.384151,1.666055,-0.089600,0.486000,0.869300,0.003200,0.133500,0.542300,0.828800,0.034500,0.893201,0.166387,1.464469,-0.277340,0.214149,1.274336,-1.933637,-0.656969,-1.473259,-1.312066,3.023581,0.339678,0.526604,-0.950248,1.857870,1.039691,1.821727,-0.639979,-0.559673,2.217386,0,1,1.0000,1.0000,1,1,0,0,0.0000,0.0000,,,,,127270,8204,1073,476,124877,7004,2393,1200,0,0,0.70400,0.12352,0
1786018636.9045,C_left_back,C,left,0,back,,315,85.2000,3239.0000,171.4000,164.5000,0.0000,0.0000,360.0000,348.9000,39.4000,0.0000,154.9000,0.0000,114.6000,0.0000,-0.51600,-0.20600,0.73100,2.14000,4.90000,5.26000,-0.93900,0.00100,0.27300,-0.52000,3.79000,-2.95000,10.9,1.7,1.0,1.0,0.893201,0.166387,1.464469,-1.125531,0.384151,1.666055,-0.089600,0.486000,0.869300,0.003200,0.133500,0.542300,0.828800,0.034500,0.893201,0.166387,1.464469,-0.277340,0.214149,1.274336,-1.933637,-0.656969,-1.473259,-1.312066,3.023581,0.339678,0.526604,-0.950248,1.857870,1.039691,1.821727,-0.639979,-0.559673,2.217386,0,1,1.0000,1.0000,1,1,0,0,0.0000,0.0000,,,,,127270,8204,1073,476,124877,7004,2393,1200,0,0,0.70400,0.12352,0
1786018636.9310,C_left_back,C,left,0,back,,316,85.2000,324.0000,171.4000,164.5000,0.0000,0.0000,360.0000,349.0000,39.0000,0.0000,154.9000,0.0000,114.5000,0.0000,-0.50100,-0.19200,0.72400,5.16000,2.37000,4.01000,-0.93100,0.00000,0.26600,-0.15000,-0.64000,2.76000,11.9,0.9,1.0,1.0,1.034430,0.458762,1.274842,-0.275186,0.214316,1.275252,-0.089600,0.486000,0.869300,0.003200,0.133500,0.542300,0.828800,0.034500,0.893201,0.166387,1.464469,-0.277340,0.214149,1.274336,-1.933637,-0.656969,-1.473259,-1.312066,3.023581,0.339678,0.526604,-0.950248,1.857870,1.039691,1.821727,-0.639979,-0.559673,2.217386,0,1,1.0000,1.0000,1,1,0,0,0.0000,0.0000,,,,,7701,124692,1028,512,5623,123430,2078,1260,0,2,0.70400,0.12781,0
1786018636.9532,C_left_back,C,left,0,back,,317,85.2000,324.0000,171.4000,164.7000,0.0000,0.0000,360.0000,349.0000,39.4000,0.0000,155.0000,0.0000,114.5000,0.0000,-0.50500,-0.18700,0.72900,4.85000,0.50000,2.48000,-0.92300,0.00400,0.26500,-1.47000,-2.17000,3.25000,11.9,0.9,1.0,1.0,0.893201,0.166387,1.464469,-0.116791,0.186334,1.126737,-0.089600,0.486000,0.869300,0.003200,0.133500,0.542300,0.828800,0.034500,0.893201,0.166387,1.464469,-0.277340,0.214149,1.274336,-1.933637,-0.656969,-1.473259,-1.312066,3.023581,0.339678,0.526604,-0.950248,1.857870,1.039691,1.821727,-0.639979,-0.559673,2.217386,0,1,1.0000,1.0000,1,1,0,0,0.0000,0.0000,,,,,127270,8204,1074,476,124877,7004,2393,1200,0,0,0.70400,0.12352,0
1786018636.9637,C_left_back,C,left,0,back,,318,85.2000,324.0000,171.4000,164.7000,0.0000,0.0000,360.0000,349.0000,39.4000,0.0000,155.0000,0.0000,114.5000,0.0000,-0.50500,-0.18700,0.72900,4.85000,0.50000,2.48000,-0.92300,0.00400,0.26500,-1.47000,-2.17000,3.25000,11.9,0.9,1.0,1.0,0.893201,0.166387,1.464469,-0.116791,0.186334,1.126737,-0.089600,0.486000,0.869300,0.003200,0.133500,0.542300,0.828800,0.034500,0.893201,0.166387,1.464469,-0.277340,0.214149,1.274336,-1.933637,-0.656969,-1.473259,-1.312066,3.023581,0.339678,0.526604,-0.950248,1.857870,1.039691,1.821727,-0.639979,-0.559673,2.217386,0,1,1.0000,1.0000,1,1,0,0,0.0000,0.0000,,,,,127270,8204,1074,476,124877,7004,2393,1200,0,0,0.70400,0.12352,0
1786018636.9812,C_left_back,C,left,0,back,,319,85.2000,324.0000,171.4000,164.7000,0.0000,0.0000,360.0000,349.0000,39.4000,0.0000,155.0000,0.0000,114.5000,0.0000,-0.50500,-0.18700,0.72900,4.85000,0.50000,2.48000,-0.92300,0.00400,0.26500,-1.47000,-2.17000,3.25000,11.9,0.9,1.0,1.0,0.893201,0.166387,1.464469,-0.116791,0.186334,1.126737,-0.089600,0.486000,0.869300,0.003200,0.133500,0.542300,0.828800,0.034500,0.893201,0.166387,1.464469,-0.277340,0.214149,1.274336,-1.933637,-0.656969,-1.473259,-1.312066,3.023581,0.339678,0.526604,-0.950248,1.857870,1.039691,1.821727,-0.639979,-0.559673,2.217386,0,1,1.0000,1.0000,1,1,0,0,0.0000,0.0000,,,,,7701,124692,1028,512,5623,123430,2078,1260,0,2,0.70400,0.12781,0
1786018637.0088,C_left_back,C,left,0,back,,320,85.2000,324.0000,171.4000,164.7000,0.0000,0.0000,360.0000,349.0000,39.4000,0.0000,155.0000,0.0000,114.5000,0.0000,-0.50500,-0.18700,0.72900,4.85000,0.50000,2.48000,-0.92300,0.00400,0.26500,-1.47000,-2.17000,3.25000,13.6,1.0,1.0,1.0,0.893201,0.166387,1.464469,-0.116791,0.186334,1.126737,-0.089600,0.486000,0.869300,0.003200,0.133500,0.542300,0.828800,0.034500,0.893201,0.166387,1.464469,-0.277340,0.214149,1.274336,-1.933608,-0.657267,-1.473757,-1.312054,3.025053,0.339632,0.525480,-0.950248,1.857870,1.039691,1.821727,-0.639979,-0.559673,2.217386,0,1,1.0000,1.0000,1,1,0,0,0.0000,0.0000,,,,,7701,124692,1028,512,5623,123430,2078,1260,0,2,0.70400,0.12781,0
1786018637.0307,C_left_back,C,left,0,back,,321,85.2000,324.0000,171.4000,164.5000,0.0000,0.0000,360.0000,349.0000,39.4000,0.0000,155.0000,0.0000,114.5000,0.0000,-0.49300,-0.20200,0.78000,-3.76000,3.57000,-1.98000,-0.92300,-0.00100,0.27200,-3.24000,-3.27000,-1.89000,11.4,1.5,1.0,1.0,0.888512,0.384964,1.333744,-1.125224,0.384162,1.666180,-0.089600,0.486000,0.869300,0.003200,0.133500,0.542300,0.828800,0.034500,0.893201,0.166387,1.464469,-0.277340,0.214149,1.274336,-1.933597,-0.657386,-1.473956,-1.312050,3.025642,0.339614,0.525030,-0.950248,1.857870,1.039691,1.821727,-0.639979,-0.559673,2.217386,0,1,1.0000,1.0000,1,1,0,0,0.0000,0.0000,,,,,127271,8204,1074,476,124878,7004,2393,1200,0,0,0.70393,0.12352,0
1786018637.0506,C_left_back,C,left,0,back,,322,85.2000,324.0000,171.4000,164.5000,0.0000,0.0000,360.0000,349.0000,39.0000,0.0000,155.0000,0.0000,114.5000,0.0000,-0.49400,-0.19500,0.75700,-2.33000,4.13000,1.00000,-0.93600,-0.01100,0.26500,-5.21000,-1.97000,-2.21000,11.4,1.5,1.0,1.0,1.034430,0.458762,1.274842,-0.274631,0.214333,1.275483,-0.089600,0.486000,0.869300,0.003200,0.133500,0.542300,0.828800,0.034500,0.893201,0.166387,1.464469,-0.277340,0.214149,1.274336,-1.933589,-0.657469,-1.474095,-1.312046,3.026051,0.339601,0.524718,-0.950248,1.857870,1.039691,1.821727,-0.639979,-0.559673,2.217386,0,1,1.0000,1.0000,1,1,0,0,0.0000,0.0000,,,,,7701,124692,1028,512,5623,123430,2078,1260,0,2,0.70400,0.12781,0
1786018637.0636,C_left_back,C,left,0,back,,323,85.2000,324.0000,171.4000,164.5000,0.0000,0.0000,360.0000,349.0000,39.0000,0.0000,155.0000,0.0000,114.5000,0.0000,-0.49400,-0.19500,0.75700,-2.33000,4.13000,1.00000,-0.93600,-0.01100,0.26500,-5.21000,-1.97000,-2.21000,11.4,1.5,1.0,1.0,1.034430,0.458762,1.274842,-0.274631,0.214333,1.275483,-0.089600,0.486000,0.869300,0.003200,0.133500,0.542300,0.828800,0.034500,0.893201,0.166387,1.464469,-0.277340,0.214149,1.274336,-1.933589,-0.657467,-1.474098,-1.312051,3.026063,0.339596,0.524703,-0.950248,1.857870,1.039691,1.821727,-0.639979,-0.559673,2.217386,0,1,1.0000,1.0000,1,1,0,0,0.0000,0.0000,,,,,127271,8204,1074,476,124878,7004,2393,1200,0,0,0.70393,0.12352,0
1786018637.0839,C_left_back,C,left,0,back,,324,85.2000,324.0000,171.4000,164.5000,0.0000,0.0000,360.0000,349.0000,39.0000,0.0000,155.0000,0.0000,114.5000,0.0000,-0.49400,-0.19500,0.75700,-2.33000,4.13000,1.00000,-0.93600,-0.01100,0.26500,-5.21000,-1.97000,-2.21000,11.4,1.5,1.0,1.0,1.034430,0.458762,1.274842,-0.274631,0.214333,1.275483,-0.089600,0.486000,0.869300,0.003200,0.133500,0.542300,0.828800,0.034500,0.893201,0.166387,1.464469,-0.277340,0.214149,1.274336,-1.933581,-0.657561,-1.474267,-1.312059,3.026576,0.339570,0.524298,-0.950248,1.857870,1.039691,1.821727,-0.639979,-0.559673,2.217386,0,1,1.0000,1.0000,1,1,0,0,0.0000,0.0000,,,,,127271,8204,1074,476,124878,7004,2393,1200,0,0,0.70393,0.12352,0
1786018637.1028,C_left_back,C,left,0,back,,325,85.2000,324.0000,171.4000,164.5000,0.0000,0.0000,360.0000,349.0000,39.0000,0.0000,155.0000,0.0000,114.5000,0.0000,-0.49400,-0.19500,0.75700,-2.33000,4.13000,1.00000,-0.93600,-0.01100,0.26500,-5.21000,-1.97000,-2.21000,11.4,1.5,1.0,1.0,1.034430,0.458762,1.274842,-0.274631,0.214333,1.275483,-0.089600,0.486000,0.869300,0.003200,0.133500,0.542300,0.828800,0.034500,0.893201,0.166387,1.464469,-0.277340,0.214149,1.274336,-1.933567,-0.657712,-1.474528,-1.312060,3.027353,0.339539,0.523697,-0.950248,1.857870,1.039691,1.821727,-0.639979,-0.559673,2.217386,0,1,1.0000,1.0000,1,1,0,0,0.0000,0.0000,,,,,127271,8204,1074,476,124878,7004,2393,1200,0,0,0.70393,0.12352,0
1786018637.1292,C_left_back,C,left,0,back,,326,85.2000,324.0000,171.4000,164.5000,0.0000,0.0000,360.0000,349.0000,39.0000,0.0000,155.0000,0.0000,114.5000,0.0000,-0.49400,-0.19500,0.75700,-2.33000,4.13000,1.00000,-0.93600,-0.01100,0.26500,-5.21000,-1.97000,-2.21000,11.4,1.5,1.0,1.0,1.034430,0.458762,1.274842,-0.274631,0.214333,1.275483,-0.089600,0.486000,0.869300,0.003200,0.133500,0.542300,0.828800,0.034500,0.893201,0.166387,1.464469,-0.277340,0.214149,1.274336,-1.933554,-0.657862,-1.474796,-1.312070,3.028160,0.339501,0.523063,-0.950248,1.857870,1.039691,1.821727,-0.639979,-0.559673,2.217386,0,1,1.0000,1.0000,1,1,0,0,0.0000,0.0000,,,,,127271,8204,1074,477,124878,7004,2393,1200,0,0,0.70393,0.12352,0
1786018637.1658,C_left_back,C,left,0,back,,327,85.2000,324.0000,171.4000,164.5000,0.0000,0.0000,360.0000,349.0000,39.0000,0.0000,155.0000,0.0000,114.5000,0.0000,-0.49400,-0.19500,0.75700,-2.33000,4.13000,1.00000,-0.93600,-0.01100,0.26500,-5.21000,-1.97000,-2.21000,11.4,1.5,1.0,1.0,1.034430,0.458762,1.274842,-0.274631,0.214333,1.275483,-0.089600,0.486000,0.869300,0.003200,0.133500,0.542300,0.828800,0.034500,0.893201,0.166387,1.464469,-0.277340,0.214149,1.274336,-1.933549,-0.657916,-1.474893,-1.312073,3.028454,0.339487,0.522833,-0.950248,1.857870,1.039691,1.821727,-0.639979,-0.559673,2.217386,0,1,1.0000,1.0000,1,1,0,0,0.0000,0.0000,,,,,7701,124692,1029,513,5623,123430,2078,1260,0,2,0.70400,0.12781,0
1786018637.1673,C_left_back,C,left,0,back,,328,85.2000,324.0000,171.4000,164.5000,0.0000,0.0000,360.0000,349.0000,39.0000,0.0000,155.0000,0.0000,114.5000,0.0000,-0.49400,-0.19500,0.75700,-2.33000,4.13000,1.00000,-0.93600,-0.01100,0.26500,-5.21000,-1.97000,-2.21000,11.4,1.5,1.0,1.0,1.034430,0.458762,1.274842,-0.274631,0.214333,1.275483,-0.089600,0.486000,0.869300,0.003200,0.133500,0.542300,0.828800,0.034500,0.893201,0.166387,1.464469,-0.277340,0.214149,1.274336,-1.933549,-0.657916,-1.474893,-1.312073,3.028454,0.339487,0.522833,-0.950248,1.857870,1.039691,1.821727,-0.639979,-0.559673,2.217386,0,1,1.0000,1.0000,1,1,0,0,0.0000,0.0000,,,,,7701,124692,1029,513,5623,123430,2078,1260,0,2,0.70400,0.12781,0
1786018637.1856,C_left_back,C,left,0,back,,329,85.2000,324.0000,171.4000,164.5000,0.0000,0.0000,360.0000,349.0000,39.0000,0.0000,155.0000,0.0000,114.5000,0.0000,-0.49400,-0.19500,0.75700,-2.33000,4.13000,1.00000,-0.93600,-0.01100,0.26500,-5.21000,-1.97000,-2.21000,11.4,1.5,1.0,1.0,1.034430,0.458762,1.274842,-0.274631,0.214333,1.275483,-0.089600,0.486000,0.869300,0.003200,0.133500,0.542300,0.828800,0.034500,0.893201,0.166387,1.464469,-0.277340,0.214149,1.274336,-1.933548,-0.657933,-1.474923,-1.312074,3.028542,0.339483,0.522763,-0.950248,1.857870,1.039691,1.821727,-0.639979,-0.559673,2.217386,0,1,1.0000,1.0000,1,1,0,0,0.0000,0.0000,,,,,127271,8204,1074,477,124878,7004,2393,1200,0,0,0.70393,0.12352,0
1786018637.2137,C_left_back,C,left,0,back,,330,85.2000,324.0000,171.4000,164.5000,0.0000,0.0000,360.0000,349.0000,39.0000,0.0000,155.0000,0.0000,114.5000,0.0000,-0.49400,-0.19500,0.75700,-2.33000,4.13000,1.00000,-0.93600,-0.01100,0.26500,-5.21000,-1.97000,-2.21000,11.4,1.5,1.0,1.0,1.034430,0.458762,1.274842,-0.274631,0.214333,1.275483,-0.089600,0.486000,0.869300,0.003200,0.133500,0.542300,0.828800,0.034500,0.893201,0.166387,1.464469,-0.277340,0.214149,1.274336,-1.933547,-0.657937,-1.474930,-1.312074,3.028566,0.339481,0.522745,-0.950248,1.857870,1.039691,1.821727,-0.639979,-0.559673,2.217386,0,1,1.0000,1.0000,1,1,0,0,0.0000,0.0000,,,,,127271,8204,1074,477,124878,7004,2393,1200,0,0,0.70393,0.12352,0
1786018637.2274,C_left_back,C,left,0,back,,331,85.2000,324.0000,171.4000,164.5000,0.0000,0.0000,360.0000,349.0000,39.0000,0.0000,155.0000,0.0000,114.5000,0.0000,-0.49400,-0.19500,0.75700,-2.33000,4.13000,1.00000,-0.93600,-0.01100,0.26500,-5.21000,-1.97000,-2.21000,11.4,1.5,1.0,1.0,1.034430,0.458762,1.274842,-0.274631,0.214333,1.275483,-0.089600,0.486000,0.869300,0.003200,0.133500,0.542300,0.828800,0.034500,0.893201,0.166387,1.464469,-0.277340,0.214149,1.274336,-1.933547,-0.657937,-1.474930,-1.312074,3.028566,0.339481,0.522745,-0.950248,1.857870,1.039691,1.821727,-0.639979,-0.559673,2.217386,0,1,1.0000,1.0000,1,1,0,0,0.0000,0.0000,,,,,127271,8204,1074,477,124878,7004,2393,1200,0,0,0.70393,0.12352,0
1786018637.2431,C_left_back,C,left,0,back,,332,85.3000,323.5000,170.9000,164.5000,0.0000,0.0000,360.0000,349.0000,39.0000,0.0000,155.0000,0.0000,114.5000,0.0000,-0.51600,-0.18700,0.75000,3.97000,-0.20000,1.38000,-0.93600,-0.01100,0.26500,-5.21000,-1.97000,-2.21000,12.0,2.0,1.0,1.0,0.893201,0.166387,1.464469,-0.274631,0.214333,1.275483,-0.089600,0.486000,0.869300,0.003200,0.133500,0.542300,0.828800,0.034500,0.893201,0.166387,1.464469,-0.277340,0.214149,1.274336,-1.933547,-0.657937,-1.474930,-1.312074,3.028566,0.339481,0.522745,-0.950248,1.857870,1.039691,1.821727,-0.639979,-0.559673,2.217386,0,1,1.0000,1.0000,1,1,0,0,0.0000,0.0000,,,,,7701,124692,1029,513,5623,123430,2078,1260,0,2,0.70400,0.12781,0
1786018637.2687,C_left_back,C,left,0,back,,333,85.3000,323.5000,170.9000,164.5000,0.0000,0.0000,360.0000,349.0000,39.5000,0.0000,155.0000,0.0000,114.5000,0.0000,-0.51600,-0.18700,0.75000,3.97000,-0.20000,1.38000,-0.92200,-0.01200,0.26400,1.39000,0.77000,-1.60000,12.0,2.0,1.0,1.0,0.893201,0.166387,1.464469,-0.115829,0.186370,1.127150,-0.089600,0.486000,0.869300,0.003200,0.133500,0.542300,0.828800,0.034500,0.893201,0.166387,1.464469,-0.277340,0.214149,1.274336,-1.933547,-0.657937,-1.474930,-1.312074,3.028566,0.339481,0.522745,-0.950248,1.857870,1.039691,1.821727,-0.639979,-0.559673,2.217386,0,1,1.0000,1.0000,1,1,0,0,0.0000,0.0000,,,,,7701,8204,1029,477,5623,7004,2078,1200,0,0,0.70400,0.12352,0
1786018637.2943,C_left_back,C,left,0,back,,334,85.3000,323.5000,170.9000,164.5000,0.0000,0.0000,360.0000,349.0000,39.5000,0.0000,155.0000,0.0000,114.5000,0.0000,-0.51600,-0.18700,0.75000,3.97000,-0.20000,1.38000,-0.92200,-0.01200,0.26400,1.39000,0.77000,-1.60000,12.0,2.0,1.0,1.0,0.893201,0.166387,1.464469,-0.115829,0.186370,1.127150,-0.089600,0.486000,0.869300,0.003200,0.133500,0.542300,0.828800,0.034500,0.893201,0.166387,1.464469,-0.277340,0.214149,1.274336,-1.933547,-0.657937,-1.474930,-1.312074,3.028566,0.339481,0.522745,-0.950248,1.857870,1.039691,1.821727,-0.639979,-0.559673,2.217386,0,1,1.0000,1.0000,1,1,0,0,0.0000,0.0000,,,,,7701,124692,1029,513,5623,123430,2078,1260,0,2,0.70400,0.12781,0
1786018637.3068,C_left_back,C,left,0,back,,335,85.3000,323.5000,170.9000,164.5000,0.0000,0.0000,360.0000,349.0000,39.5000,0.0000,155.0000,0.0000,114.5000,0.0000,-0.51600,-0.18700,0.75000,3.97000,-0.20000,1.38000,-0.92200,-0.01200,0.26400,1.39000,0.77000,-1.60000,12.0,2.0,1.0,1.0,0.893201,0.166387,1.464469,-0.115829,0.186370,1.127150,-0.089600,0.486000,0.869300,0.003200,0.133500,0.542300,0.828800,0.034500,0.893201,0.166387,1.464469,-0.277340,0.214149,1.274336,-1.933547,-0.657937,-1.474930,-1.312074,3.028566,0.339481,0.522745,-0.950248,1.857870,1.039691,1.821727,-0.639979,-0.559673,2.217386,0,1,1.0000,1.0000,1,1,0,0,0.0000,0.0000,,,,,7701,124692,1029,513,5623,123430,2078,1260,0,2,0.70400,0.12781,0
1786018637.3216,C_left_back,C,left,0,back,,336,85.3000,323.5000,170.9000,164.5000,0.0000,0.0000,360.0000,349.0000,39.5000,0.0000,155.0000,0.0000,114.5000,0.0000,-0.51600,-0.18700,0.75000,3.97000,-0.20000,1.38000,-0.92200,-0.01200,0.26400,1.39000,0.77000,-1.60000,12.0,2.0,1.0,1.0,0.893201,0.166387,1.464469,-0.115829,0.186370,1.127150,-0.089600,0.486000,0.869300,0.003200,0.133500,0.542300,0.828800,0.034500,0.893201,0.166387,1.464469,-0.277340,0.214149,1.274336,-1.933547,-0.657937,-1.474930,-1.312074,3.028566,0.339481,0.522745,-0.950248,1.857870,1.039691,1.821727,-0.639979,-0.559673,2.217386,0,1,1.0000,1.0000,1,1,0,0,0.0000,0.0000,,,,,127271,8204,1075,477,124878,7004,2393,1200,0,0,0.70393,0.12352,0
1786018637.3504,C_left_back,C,left,0,back,,337,85.3000,323.5000,170.9000,164.5000,0.0000,0.0000,360.0000,349.0000,39.5000,0.0000,155.0000,0.0000,114.5000,0.0000,-0.51600,-0.18700,0.75000,3.97000,-0.20000,1.38000,-0.92200,-0.01200,0.26400,1.39000,0.77000,-1.60000,12.0,2.0,1.0,1.0,0.893201,0.166387,1.464469,-0.115829,0.186370,1.127150,-0.089600,0.486000,0.869300,0.003200,0.133500,0.542300,0.828800,0.034500,0.893201,0.166387,1.464469,-0.277340,0.214149,1.274336,-1.933547,-0.657937,-1.474930,-1.312074,3.028566,0.339481,0.522745,-0.950248,1.857870,1.039691,1.821727,-0.639979,-0.559673,2.217386,0,1,1.0000,1.0000,1,1,0,0,0.0000,0.0000,,,,,7702,8204,1029,477,5624,7004,2078,1200,0,0,0.70385,0.12352,0
1786018637.3622,C_left_back,C,left,0,back,,338,85.3000,323.5000,170.9000,164.5000,0.0000,0.0000,360.0000,349.0000,39.5000,0.0000,155.0000,0.0000,114.5000,0.0000,-0.51600,-0.18700,0.75000,3.97000,-0.20000,1.38000,-0.92200,-0.01200,0.26400,1.39000,0.77000,-1.60000,12.0,2.0,1.0,1.0,0.893201,0.166387,1.464469,-0.115829,0.186370,1.127150,-0.089600,0.486000,0.869300,0.003200,0.133500,0.542300,0.828800,0.034500,0.893201,0.166387,1.464469,-0.277340,0.214149,1.274336,-1.933547,-0.657937,-1.474930,-1.312074,3.028566,0.339481,0.522745,-0.950248,1.857870,1.039691,1.821727,-0.639979,-0.559673,2.217386,0,1,1.0000,1.0000,1,1,0,0,0.0000,0.0000,,,,,127272,124692,1075,513,124879,123430,2393,1260,0,2,0.70385,0.12781,0
1786018637.3840,C_left_back,C,left,0,back,,339,85.3000,323.5000,170.9000,164.5000,0.0000,0.0000,360.0000,349.0000,39.5000,0.0000,155.0000,0.0000,114.5000,0.0000,-0.51600,-0.18700,0.75000,3.97000,-0.20000,1.38000,-0.92200,-0.01200,0.26400,1.39000,0.77000,-1.60000,12.0,2.0,1.0,1.0,0.893201,0.166387,1.464469,-0.115829,0.186370,1.127150,-0.089600,0.486000,0.869300,0.003200,0.133500,0.542300,0.828800,0.034500,0.893201,0.166387,1.464469,-0.277340,0.214149,1.274336,-1.933547,-0.657937,-1.474930,-1.312074,3.028566,0.339481,0.522745,-0.950248,1.857870,1.039691,1.821727,-0.639979,-0.559673,2.217386,0,1,1.0000,1.0000,1,1,0,0,0.0000,0.0000,,,,,7702,8204,1029,477,5624,7004,2078,1200,0,0,0.70385,0.12352,0
1786018637.4113,C_left_back,C,left,0,back,,340,85.3000,323.5000,170.9000,164.5000,0.0000,0.0000,360.0000,349.0000,39.5000,0.0000,155.0000,0.0000,114.5000,0.0000,-0.51600,-0.18700,0.75000,3.97000,-0.20000,1.38000,-0.92200,-0.01200,0.26400,1.39000,0.77000,-1.60000,12.0,2.0,1.0,1.0,0.893201,0.166387,1.464469,-0.115829,0.186370,1.127150,-0.089600,0.486000,0.869300,0.003200,0.133500,0.542300,0.828800,0.034500,0.893201,0.166387,1.464469,-0.277340,0.214149,1.274336,-1.933505,-0.658401,-1.475730,-1.312078,3.030954,0.339390,0.520895,-0.950248,1.857870,1.039691,1.821727,-0.639979,-0.559673,2.217386,0,1,1.0000,1.0000,1,1,0,0,0.0000,0.0000,,,,,7702,8204,1029,477,5624,7004,2078,1200,0,0,0.70385,0.12352,0
1786018637.4352,C_left_back,C,left,0,back,,341,85.3000,323.5000,170.9000,164.5000,0.0000,0.0000,360.0000,349.0000,39.5000,0.0000,155.0000,0.0000,114.5000,0.0000,-0.51600,-0.18700,0.75000,3.97000,-0.20000,1.38000,-0.92200,-0.01200,0.26400,1.39000,0.77000,-1.60000,12.0,2.0,1.0,1.0,0.893201,0.166387,1.464469,-0.115829,0.186370,1.127150,-0.089600,0.486000,0.869300,0.003200,0.133500,0.542300,0.828800,0.034500,0.893201,0.166387,1.464469,-0.277340,0.214149,1.274336,-1.933505,-0.658409,-1.475743,-1.312078,3.030994,0.339388,0.520864,-0.950248,1.857870,1.039691,1.821727,-0.639979,-0.559673,2.217386,0,1,1.0000,1.0000,1,1,0,0,0.0000,0.0000,,,,,7702,8204,1029,478,5624,7004,2078,1200,0,0,0.70385,0.12352,0
1786018637.4466,C_left_back,C,left,0,back,,342,85.3000,323.5000,170.9000,164.5000,0.0000,0.0000,360.0000,349.0000,39.5000,0.0000,155.0000,0.0000,114.5000,0.0000,-0.51600,-0.18700,0.75000,3.97000,-0.20000,1.38000,-0.92200,-0.01200,0.26400,1.39000,0.77000,-1.60000,12.0,2.0,1.0,1.0,0.893201,0.166387,1.464469,-0.115829,0.186370,1.127150,-0.089600,0.486000,0.869300,0.003200,0.133500,0.542300,0.828800,0.034500,0.893201,0.166387,1.464469,-0.277340,0.214149,1.274336,-1.933505,-0.658409,-1.475743,-1.312078,3.030994,0.339388,0.520864,-0.950248,1.857870,1.039691,1.821727,-0.639979,-0.559673,2.217386,0,1,1.0000,1.0000,1,1,0,0,0.0000,0.0000,,,,,127272,124692,1075,514,124879,123430,2393,1260,0,2,0.70385,0.12781,0
1786018637.4751,C_left_back,C,left,0,back,,343,85.3000,323.5000,170.9000,164.5000,0.0000,0.0000,360.0000,349.0000,39.5000,0.0000,155.0000,0.0000,114.5000,0.0000,-0.51600,-0.18700,0.75000,3.97000,-0.20000,1.38000,-0.92200,-0.01200,0.26400,1.39000,0.77000,-1.60000,12.0,2.0,1.0,1.0,0.893201,0.166387,1.464469,-0.115829,0.186370,1.127150,-0.089600,0.486000,0.869300,0.003200,0.133500,0.542300,0.828800,0.034500,0.893201,0.166387,1.464469,-0.277340,0.214149,1.274336,-1.933505,-0.658409,-1.475743,-1.312078,3.030994,0.339388,0.520864,-0.950248,1.857870,1.039691,1.821727,-0.639979,-0.559673,2.217386,0,1,1.0000,1.0000,1,1,0,0,0.0000,0.0000,,,,,127272,124692,1075,514,124879,123430,2393,1260,0,2,0.70385,0.12781,0
1786018637.4823,C_left_back,C,left,0,back,,344,85.3000,323.5000,170.9000,164.5000,0.0000,0.0000,360.0000,349.0000,39.5000,0.0000,155.0000,0.0000,114.5000,0.0000,-0.51600,-0.18700,0.75000,3.97000,-0.20000,1.38000,-0.92200,-0.01200,0.26400,1.39000,0.77000,-1.60000,12.0,2.0,1.0,1.0,0.893201,0.166387,1.464469,-0.115829,0.186370,1.127150,-0.089600,0.486000,0.869300,0.003200,0.133500,0.542300,0.828800,0.034500,0.893201,0.166387,1.464469,-0.277340,0.214149,1.274336,-1.933505,-0.658409,-1.475743,-1.312078,3.030994,0.339388,0.520864,-0.950248,1.857870,1.039691,1.821727,-0.639979,-0.559673,2.217386,0,1,1.0000,1.0000,1,1,0,0,0.0000,0.0000,,,,,127272,124692,1075,514,124879,123430,2393,1260,0,2,0.70385,0.12781,0
1786018637.5357,C_left_back,C,left,0,back,,345,85.3000,323.5000,170.9000,164.5000,0.0000,0.0000,360.0000,349.1000,39.5000,0.0000,155.0000,0.0000,114.6000,0.0000,-0.50000,-0.18600,0.72000,3.54000,2.57000,2.12000,-0.92500,-0.00100,0.26700,1.33000,1.00000,0.40000,12.5,1.1,1.0,1.0,0.893201,0.166387,1.464469,-0.115997,0.186363,1.127076,-0.089600,0.486000,0.869300,0.003200,0.133500,0.542300,0.828800,0.034500,0.893201,0.166387,1.464469,-0.277340,0.214149,1.274336,-1.933505,-0.658409,-1.475743,-1.312078,3.030994,0.339388,0.520864,-0.950248,1.857870,1.039691,1.821727,-0.639979,-0.559673,2.217386,0,1,1.0000,1.0000,1,1,0,0,0.0000,0.0000,,,,,127272,124692,1075,514,124879,123430,2393,1260,0,2,0.70385,0.12781,0
1786018637.5425,C_left_back,C,left,0,back,,346,85.3000,323.5000,170.9000,164.6000,0.0000,0.0000,360.0000,349.1000,39.5000,0.0000,155.0000,0.0000,114.6000,0.0000,-0.52200,-0.19500,0.73500,2.19000,0.63000,1.95000,-0.92500,-0.00100,0.26700,1.33000,1.00000,0.40000,11.5,1.6,1.0,1.0,1.034430,0.458762,1.274842,-0.115997,0.186363,1.127076,-0.089600,0.486000,0.869300,0.003200,0.133500,0.542300,0.828800,0.034500,0.893201,0.166387,1.464469,-0.277340,0.214149,1.274336,-1.933505,-0.658409,-1.475743,-1.312078,3.030994,0.339388,0.520864,-0.950248,1.857870,1.039691,1.821727,-0.639979,-0.559673,2.217386,0,1,1.0000,1.0000,1,1,0,0,0.0000,0.0000,,,,,7702,8204,1029,478,5624,7004,2078,1200,0,0,0.70385,0.12352,0
1786018637.5449,C_left_back,C,left,0,back,,347,85.3000,323.5000,170.9000,164.6000,0.0000,0.0000,360.0000,349.1000,39.5000,0.0000,155.0000,0.0000,114.6000,0.0000,-0.52200,-0.19500,0.73500,2.19000,0.63000,1.95000,-0.92500,-0.00100,0.26700,1.33000,1.00000,0.40000,11.5,1.6,1.0,1.0,1.034430,0.458762,1.274842,-0.115997,0.186363,1.127076,-0.089600,0.486000,0.869300,0.003200,0.133500,0.542300,0.828800,0.034500,0.893201,0.166387,1.464469,-0.277340,0.214149,1.274336,-1.933505,-0.658409,-1.475743,-1.312078,3.030994,0.339388,0.520864,-0.950248,1.857870,1.039691,1.821727,-0.639979,-0.559673,2.217386,0,1,1.0000,1.0000,1,1,0,0,0.0000,0.0000,,,,,7702,8204,1029,478,5624,7004,2078,1200,0,0,0.70385,0.12352,0
1786018637.5663,C_left_back,C,left,0,back,,348,85.3000,323.5000,170.9000,164.6000,0.0000,0.0000,360.0000,349.1000,39.5000,0.0000,155.0000,0.0000,114.6000,0.0000,-0.52300,-0.20200,0.75300,1.70000,5.00000,2.60000,-0.92500,-0.00100,0.26700,1.33000,1.00000,0.40000,11.5,1.6,1.0,1.0,1.034430,0.458762,1.274842,-0.115997,0.186363,1.127076,-0.089600,0.486000,0.869300,0.003200,0.133500,0.542300,0.828800,0.034500,0.893201,0.166387,1.464469,-0.277340,0.214149,1.274336,-1.933505,-0.658409,-1.475743,-1.312078,3.030994,0.339388,0.520864,-0.950248,1.857870,1.039691,1.821727,-0.639979,-0.559673,2.217386,0,1,1.0000,1.0000,1,1,0,0,0.0000,0.0000,,,,,7702,8204,1029,478,5624,7004,2078,1200,0,0,0.70385,0.12352,0
1786018637.5926,C_left_back,C,left,0,back,,349,85.3000,323.5000,170.9000,164.6000,0.0000,0.0000,360.0000,349.1000,39.5000,0.0000,155.0000,0.0000,114.6000,0.0000,-0.52300,-0.20200,0.75300,1.70000,5.00000,2.60000,-0.92500,-0.00100,0.26700,1.33000,1.00000,0.40000,12.9,1.8,1.0,1.0,0.893201,0.166387,1.464469,-0.115997,0.186363,1.127076,-0.089600,0.486000,0.869300,0.003200,0.133500,0.542300,0.828800,0.034500,0.893201,0.166387,1.464469,-0.277340,0.214149,1.274336,-1.933505,-0.658409,-1.475743,-1.312078,3.030994,0.339388,0.520864,-0.950248,1.857870,1.039691,1.821727,-0.639979,-0.559673,2.217386,0,1,1.0000,1.0000,1,1,0,0,0.0000,0.0000,,,,,127273,124692,1075,514,124880,123430,2393,1260,0,2,0.70378,0.12781,0
1786018637.6018,C_left_back,C,left,0,back,,350,85.3000,323.5000,170.9000,164.6000,0.0000,0.0000,360.0000,349.1000,39.5000,0.0000,155.0000,0.0000,114.6000,0.0000,-0.52300,-0.20200,0.75300,1.70000,5.00000,2.60000,-0.92500,-0.00100,0.26700,1.33000,1.00000,0.40000,12.9,1.8,1.0,1.0,0.893201,0.166387,1.464469,-0.115997,0.186363,1.127076,-0.089600,0.486000,0.869300,0.003200,0.133500,0.542300,0.828800,0.034500,0.893201,0.166387,1.464469,-0.277340,0.214149,1.274336,-1.933505,-0.658409,-1.475743,-1.312078,3.030994,0.339388,0.520864,-0.950248,1.857870,1.039691,1.821727,-0.639979,-0.559673,2.217386,0,1,1.0000,1.0000,1,1,0,0,0.0000,0.0000,,,,,7702,124692,1029,514,5624,123430,2078,1260,0,2,0.70385,0.12781,0
1786018637.6239,C_left_back,C,left,0,back,,351,85.3000,323.5000,170.9000,164.6000,0.0000,0.0000,360.0000,349.1000,39.5000,0.0000,155.0000,0.0000,114.6000,0.0000,-0.52300,-0.20200,0.75300,1.70000,5.00000,2.60000,-0.92500,-0.00100,0.26700,1.33000,1.00000,0.40000,12.9,1.8,1.0,1.0,0.893201,0.166387,1.464469,-0.115997,0.186363,1.127076,-0.089600,0.486000,0.869300,0.003200,0.133500,0.542300,0.828800,0.034500,0.893201,0.166387,1.464469,-0.277340,0.214149,1.274336,-1.933505,-0.658409,-1.475743,-1.312078,3.030994,0.339388,0.520864,-0.950248,1.857870,1.039691,1.821727,-0.639979,-0.559673,2.217386,0,1,1.0000,1.0000,1,1,0,0,0.0000,0.0000,,,,,7703,124692,1029,514,5625,123430,2078,1260,0,2,0.70378,0.12781,0
1786018637.6500,C_left_back,C,left,0,back,,352,85.3000,323.5000,170.9000,164.6000,0.0000,0.0000,360.0000,349.1000,39.5000,0.0000,155.0000,0.0000,114.6000,0.0000,-0.52300,-0.20200,0.75300,1.70000,5.00000,2.60000,-0.92500,-0.00100,0.26700,1.33000,1.00000,0.40000,12.9,1.8,1.0,1.0,0.893201,0.166387,1.464469,-0.115997,0.186363,1.127076,-0.089600,0.486000,0.869300,0.003200,0.133500,0.542300,0.828800,0.034500,0.893201,0.166387,1.464469,-0.277340,0.214149,1.274336,-1.933505,-0.658409,-1.475743,-1.312078,3.030994,0.339388,0.520864,-0.950248,1.857870,1.039691,1.821727,-0.639979,-0.559673,2.217386,0,1,1.0000,1.0000,1,1,0,0,0.0000,0.0000,,,,,7703,8204,1029,478,5625,7004,2078,1200,0,0,0.70378,0.12352,0
1786018637.6632,C_left_back,C,left,0,back,,353,85.3000,323.3000,170.9000,164.9000,0.0000,0.0000,360.0000,349.1000,39.6000,0.0000,154.9000,0.0000,114.6000,0.0000,-0.51300,-0.17700,0.75600,0.91000,0.38000,94.00000,-0.93300,-0.00000,0.27800,0.64000,1.98000,-4.58000,12.2,0.9,1.0,1.0,1.034430,0.458762,1.274842,-0.274989,0.214323,1.275329,-0.089600,0.486000,0.869300,0.003200,0.133500,0.542300,0.828800,0.034500,0.893201,0.166387,1.464469,-0.277340,0.214149,1.274336,-1.933505,-0.658409,-1.475743,-1.312078,3.030994,0.339388,0.520864,-0.950248,1.857870,1.039691,1.821727,-0.639979,-0.559673,2.217386,0,1,1.0000,1.0000,1,1,0,0,0.0000,0.0000,,,,,127273,8204,1075,478,124880,7004,2393,1200,0,0,0.70378,0.12352,0
1786018637.6814,C_left_back,C,left,0,back,,354,85.3000,323.3000,170.9000,164.9000,0.0000,0.0000,360.0000,349.1000,39.6000,0.0000,154.9000,0.0000,114.6000,0.0000,-0.51300,-0.17700,0.75600,0.91000,0.38000,94.00000,-0.93300,-0.00000,0.27800,0.64000,1.98000,-4.58000,12.2,0.9,1.0,1.0,1.034430,0.458762,1.274842,-0.274989,0.214323,1.275329,-0.089600,0.486000,0.869300,0.003200,0.133500,0.542300,0.828800,0.034500,0.893201,0.166387,1.464469,-0.277340,0.214149,1.274336,-1.933505,-0.658409,-1.475743,-1.312078,3.030994,0.339388,0.520864,-0.950248,1.857870,1.039691,1.821727,-0.639979,-0.559673,2.217386,0,1,1.0000,1.0000,1,1,0,0,0.0000,0.0000,,,,,127273,124692,1075,514,124880,123430,2393,1260,0,2,0.70378,0.12781,0
1786018637.7083,C_left_back,C,left,0,back,,355,85.3000,323.3000,170.9000,164.9000,0.0000,0.0000,360.0000,349.2000,39.6000,0.0000,154.9000,0.0000,114.8000,0.0000,-0.49800,-0.18100,0.76000,2.60000,3.47000,5.51000,-0.92900,0.00700,0.27400,-2.34000,0.93000,-1.99000,13.1,3.1,1.0,1.0,0.893201,0.166387,1.464469,-0.116690,0.186352,1.126781,-0.089600,0.486000,0.869300,0.003200,0.133500,0.542300,0.828800,0.034500,0.893201,0.166387,1.464469,-0.277340,0.214149,1.274336,-1.933505,-0.658409,-1.475743,-1.312078,3.030994,0.339388,0.520864,-0.950248,1.857870,1.039691,1.821727,-0.639979,-0.559673,2.217386,0,1,1.0000,1.0000,1,1,0,0,0.0000,0.0000,,,,,127273,124692,1075,514,124880,123430,2393,1260,0,2,0.70378,0.12781,0
1786018637.7272,C_left_back,C,left,0,back,,356,85.3000,323.3000,170.9000,164.9000,0.0000,0.0000,360.0000,349.2000,39.6000,0.0000,154.9000,0.0000,114.8000,0.0000,-0.49800,-0.18100,0.76000,2.60000,3.47000,5.51000,-0.92900,0.00700,0.27400,-2.34000,0.93000,-1.99000,13.1,3.1,1.0,1.0,0.893201,0.166387,1.464469,-0.116690,0.186352,1.126781,-0.089600,0.486000,0.869300,0.003200,0.133500,0.542300,0.828800,0.034500,0.893201,0.166387,1.464469,-0.277340,0.214149,1.274336,-1.933505,-0.658409,-1.475743,-1.312078,3.030994,0.339388,0.520864,-0.950248,1.857870,1.039691,1.821727,-0.639979,-0.559673,2.217386,0,1,1.0000,1.0000,1,1,0,0,0.0000,0.0000,,,,,7703,124692,1029,514,5625,123430,2078,1260,0,2,0.70378,0.12781,0
1786018637.7433,C_left_back,C,left,0,back,,357,85.3000,323.3000,170.5000,165.0000,0.0000,0.0000,360.0000,349.2000,39.6000,0.0000,154.9000,0.0000,114.8000,0.0000,-0.50900,-0.19000,0.75900,2.53000,3.03000,3.82000,-0.92900,0.00700,0.27400,-2.34000,0.93000,-1.99000,11.8,1.3,1.0,1.0,1.034430,0.458762,1.274842,-0.116690,0.186352,1.126781,-0.089600,0.486000,0.869300,0.003200,0.133500,0.542300,0.828800,0.034500,0.893201,0.166387,1.464469,-0.277340,0.214149,1.274336,-1.933505,-0.658409,-1.475743,-1.312078,3.030994,0.339388,0.520864,-0.950248,1.857870,1.039691,1.821727,-0.639979,-0.559673,2.217386,0,1,1.0000,1.0000,1,1,0,0,0.0000,0.0000,,,,,7703,124692,1029,514,5625,123430,2078,1260,0,2,0.70378,0.12781,0
1786018637.7650,C_left_back,C,left,0,back,,358,85.3000,323.3000,170.5000,165.0000,0.0000,0.0000,360.0000,349.2000,39.6000,0.0000,154.9000,0.0000,114.8000,0.0000,-0.50900,-0.19000,0.75900,2.53000,3.03000,3.82000,-0.92900,0.00700,0.27400,-2.34000,0.93000,-1.99000,11.8,1.3,1.0,1.0,1.034430,0.458762,1.274842,-0.116690,0.186352,1.126781,-0.089600,0.486000,0.869300,0.003200,0.133500,0.542300,0.828800,0.034500,0.893201,0.166387,1.464469,-0.277340,0.214149,1.274336,-1.933490,-0.658575,-1.476030,-1.312080,3.031850,0.339356,0.520201,-0.950248,1.857870,1.039691,1.821727,-0.639979,-0.559673,2.217386,0,1,1.0000,1.0000,1,1,0,0,0.0000,0.0000,,,,,127273,124692,1075,514,124880,123430,2393,1260,0,2,0.70378,0.12781,0
1786018637.7903,C_left_back,C,left,0,back,,359,85.3000,323.3000,170.5000,165.0000,0.0000,0.0000,360.0000,349.2000,39.6000,0.0000,154.9000,0.0000,114.8000,0.0000,-0.50900,-0.19000,0.75900,2.53000,3.03000,3.82000,-0.92900,0.00700,0.27400,-2.34000,0.93000,-1.99000,11.8,1.3,1.0,1.0,1.034430,0.458762,1.274842,-0.116690,0.186352,1.126781,-0.089600,0.486000,0.869300,0.003200,0.133500,0.542300,0.828800,0.034500,0.893201,0.166387,1.464469,-0.277340,0.214149,1.274336,-1.933477,-0.658722,-1.476283,-1.312081,3.032609,0.339327,0.519613,-0.950248,1.857870,1.039691,1.821727,-0.639979,-0.559673,2.217386,0,1,1.0000,1.0000,1,1,0,0,0.0000,0.0000,,,,,7703,8204,1029,478,5625,7004,2078,1200,0,0,0.70378,0.12352,0
1786018637.8070,C_left_back,C,left,0,back,,360,85.3000,33.3137,170.3000,165.0000,0.0000,0.0000,360.0000,349.2000,39.6000,0.0000,154.9000,0.0000,114.8000,0.0000,-0.51000,-0.20400,0.74700,0.29000,1.73000,1.86000,-0.92900,0.00700,0.27400,-2.34000,0.93000,-1.99000,11.8,1.3,1.0,1.0,1.034430,0.458762,1.274842,-0.116690,0.186352,1.126781,-0.089600,0.486000,0.869300,0.003200,0.133500,0.542300,0.828800,0.034500,0.893201,0.166387,1.464469,-0.277340,0.214149,1.274336,-1.933477,-0.658722,-1.476283,-1.312081,3.032609,0.339327,0.519613,-0.950248,1.857870,1.039691,1.821727,-0.639979,-0.559673,2.217386,0,1,1.0000,1.0000,0,1,1,0,0.0378,0.0000,,,,,7703,8204,1029,478,5625,7004,2078,1200,0,0,0.70378,0.12352,0
1786018637.8223,C_left_back,C,left,0,back,,361,85.3000,33.3137,170.3000,165.0000,0.0000,0.0000,360.0000,349.2000,39.6000,0.0000,154.9000,0.0000,114.8000,0.0000,-0.51000,-0.20400,0.74700,0.29000,1.73000,1.86000,-0.92900,0.00700,0.27400,-2.34000,0.93000,-1.99000,11.8,1.3,1.0,1.0,1.034430,0.458762,1.274842,-0.116690,0.186352,1.126781,-0.089600,0.486000,0.869300,0.003200,0.133500,0.542300,0.828800,0.034500,0.893201,0.166387,1.464469,-0.277340,0.214149,1.274336,-1.933477,-0.658722,-1.476283,-1.312081,3.032609,0.339327,0.519613,-0.950248,1.857870,1.039691,1.821727,-0.639979,-0.559673,2.217386,0,1,1.0000,1.0000,0,1,1,0,0.0378,0.0000,,,,,7703,8204,1029,478,5625,7004,2078,1200,0,0,0.70378,0.12352,0
1786018637.8594,C_left_back,C,left,0,back,,362,85.3000,33.3137,170.3000,165.0000,0.0000,0.0000,360.0000,349.2000,39.6000,0.0000,154.9000,0.0000,114.8000,0.0000,-0.51000,-0.20400,0.74700,0.29000,1.73000,1.86000,-0.92900,0.00700,0.27400,-2.34000,0.93000,-1.99000,11.8,1.3,1.0,1.0,1.034430,0.458762,1.274842,-0.116690,0.186352,1.126781,-0.089600,0.486000,0.869300,0.003200,0.133500,0.542300,0.828800,0.034500,0.893201,0.166387,1.464469,-0.277340,0.214149,1.274336,-1.933464,-0.658870,-1.476539,-1.312082,3.033373,0.339298,0.519022,-0.950248,1.857870,1.039691,1.821727,-0.639979,-0.559673,2.217386,0,1,1.0000,1.0000,0,1,1,0,0.0378,0.0000,,,,,127273,8204,1075,479,124880,7004,2393,1200,0,0,0.70378,0.12352,0
1786018637.8641,C_left_back,C,left,0,back,,363,85.3000,323.3000,170.2000,165.2000,0.0000,0.0000,360.0000,349.1000,39.5000,0.0000,154.8000,0.0000,114.7000,0.0000,-0.50500,-0.20200,0.74800,1.27000,1.81000,0.66000,-0.93500,-0.01000,0.25900,-1.73000,-1.63000,-0.29000,7.4,2.7,1.0,1.0,0.888512,0.384964,1.333744,-0.115975,0.186417,1.127081,-0.089600,0.486000,0.869300,0.003200,0.133500,0.542300,0.828800,0.034500,0.893201,0.166387,1.464469,-0.277340,0.214149,1.274336,-1.933464,-0.658870,-1.476539,-1.312082,3.033373,0.339298,0.519022,-0.950248,1.857870,1.039691,1.821727,-0.639979,-0.559673,2.217386,0,1,1.0000,1.0000,1,1,0,0,0.0000,0.0000,,,,,7703,124692,1029,515,5625,123430,2078,1260,0,2,0.70378,0.12781,0
1786018637.9057,C_left_back,C,left,0,back,,364,85.3000,323.3000,170.1000,165.2000,0.0000,0.0000,360.0000,349.1000,39.5000,0.0000,154.8000,0.0000,114.7000,0.0000,-0.50200,-0.20700,0.75900,0.86000,2.32000,-0.18000,-0.94500,-0.01700,0.26400,-1.89000,-0.22000,-1.15000,7.8,3.0,1.0,1.0,0.893201,0.166387,1.464469,-0.274074,0.214440,1.275726,-0.089600,0.486000,0.869300,0.003200,0.133500,0.542300,0.828800,0.034500,0.893201,0.166387,1.464469,-0.277340,0.214149,1.274336,-1.933464,-0.658870,-1.476539,-1.312082,3.033373,0.339298,0.519022,-0.950248,1.857870,1.039691,1.821727,-0.639979,-0.559673,2.217386,0,1,1.0000,1.0000,1,1,0,0,0.0000,0.0000,,,,,7703,8204,1029,479,5625,7004,2078,1200,0,0,0.70378,0.12352,0
1786018637.9064,C_left_back,C,left,0,back,,365,85.3000,323.3000,170.1000,165.2000,0.0000,0.0000,360.0000,349.1000,39.5000,0.0000,154.8000,0.0000,114.7000,0.0000,-0.50200,-0.20700,0.75900,0.86000,2.32000,-0.18000,-0.94500,-0.01700,0.26400,-1.89000,-0.22000,-1.15000,7.8,3.0,1.0,1.0,0.893201,0.166387,1.464469,-0.274074,0.214440,1.275726,-0.089600,0.486000,0.869300,0.003200,0.133500,0.542300,0.828800,0.034500,0.893201,0.166387,1.464469,-0.277340,0.214149,1.274336,-1.933464,-0.658870,-1.476539,-1.312082,3.033373,0.339298,0.519022,-0.950248,1.857870,1.039691,1.821727,-0.639979,-0.559673,2.217386,0,1,1.0000,1.0000,1,1,0,0,0.0000,0.0000,,,,,7703,8204,1029,479,5625,7004,2078,1200,0,0,0.70378,0.12352,0
1786018637.9455,C_left_back,C,left,0,back,,366,85.3000,323.2000,170.1000,165.2000,0.0000,0.0000,360.0000,349.1000,39.5000,0.0000,154.8000,0.0000,114.6000,0.0000,-0.49500,-0.17400,0.73200,1.76000,2.50000,2.44000,-0.94100,-0.01000,0.26300,-1.87000,0.88000,-1.21000,7.2,1.7,1.0,1.0,1.034430,0.458762,1.274842,-0.273958,0.214467,1.275772,-0.089600,0.486000,0.869300,0.003200,0.133500,0.542300,0.828800,0.034500,0.893201,0.166387,1.464469,-0.277340,0.214149,1.274336,-1.933464,-0.658870,-1.476539,-1.312082,3.033373,0.339298,0.519022,-0.950248,1.857870,1.039691,1.821727,-0.639979,-0.559673,2.217386,0,1,1.0000,1.0000,1,1,0,0,0.0000,0.0000,,,,,127273,124692,1076,515,124880,123430,2393,1260,0,2,0.70378,0.12781,0
1786018637.9461,C_left_back,C,left,0,back,,367,85.3000,323.2000,170.1000,165.2000,0.0000,0.0000,360.0000,349.1000,39.5000,0.0000,154.8000,0.0000,114.6000,0.0000,-0.49500,-0.17400,0.73200,1.76000,2.50000,2.44000,-0.94100,-0.01000,0.26300,-1.87000,0.88000,-1.21000,7.2,1.7,1.0,1.0,1.034430,0.458762,1.274842,-0.273958,0.214467,1.275772,-0.089600,0.486000,0.869300,0.003200,0.133500,0.542300,0.828800,0.034500,0.893201,0.166387,1.464469,-0.277340,0.214149,1.274336,-1.933464,-0.658870,-1.476539,-1.312082,3.033373,0.339298,0.519022,-0.950248,1.857870,1.039691,1.821727,-0.639979,-0.559673,2.217386,0,1,1.0000,1.0000,1,1,0,0,0.0000,0.0000,,,,,127273,124692,1076,515,124880,123430,2393,1260,0,2,0.70378,0.12781,0
1786018637.9805,C_left_back,C,left,0,back,,368,85.3000,323.2000,170.1000,165.2000,0.0000,0.0000,360.0000,349.1000,39.5000,0.0000,154.7000,0.0000,114.6000,0.0000,-0.50200,-0.19800,0.75400,1.94000,2.45000,2.69000,-0.92900,-0.00800,0.26600,-1.24000,2.23000,-1.65000,8.7,1.3,1.0,1.0,0.893201,0.166387,1.464469,-0.115573,0.186452,1.127244,-0.089600,0.486000,0.869300,0.003200,0.133500,0.542300,0.828800,0.034500,0.893204,0.166388,1.464465,-0.277340,0.214149,1.274336,-1.933464,-0.658870,-1.476539,-1.312082,3.033373,0.339298,0.519022,-0.950248,1.857870,1.039691,1.821727,-0.639979,-0.559673,2.217386,0,1,1.0000,1.0000,1,1,0,0,0.0000,0.0000,,,,,7703,8204,1030,479,5625,7004,2078,1200,0,0,0.70378,0.12352,0
1786018637.9815,C_left_back,C,left,0,back,,369,85.3000,323.2000,170.1000,165.2000,0.0000,0.0000,360.0000,349.1000,39.5000,0.0000,154.7000,0.0000,114.6000,0.0000,-0.50200,-0.19800,0.75400,1.94000,2.45000,2.69000,-0.92900,-0.00800,0.26600,-1.24000,2.23000,-1.65000,8.7,1.3,1.0,1.0,0.893201,0.166387,1.464469,-0.115573,0.186452,1.127244,-0.089600,0.486000,0.869300,0.003200,0.133500,0.542300,0.828800,0.034500,0.893204,0.166388,1.464465,-0.277340,0.214149,1.274336,-1.933464,-0.658870,-1.476539,-1.312082,3.033373,0.339298,0.519022,-0.950248,1.857870,1.039691,1.821727,-0.639979,-0.559673,2.217386,0,1,1.0000,1.0000,1,1,0,0,0.0000,0.0000,,,,,7703,8204,1030,479,5625,7004,2078,1200,0,0,0.70378,0.12352,0
1786018638.0017,C_left_back,C,left,0,back,,370,85.3000,323.2000,170.1000,165.2000,0.0000,0.0000,360.0000,349.1000,39.5000,0.0000,154.7000,0.0000,114.6000,0.0000,-0.51300,-0.20200,0.77000,3.08000,1.90000,2.85000,-0.92900,-0.00800,0.26600,-1.24000,2.23000,-1.65000,8.7,1.3,1.0,1.0,0.888512,0.384964,1.333744,-0.115573,0.186452,1.127244,-0.089600,0.486000,0.869300,0.003200,0.133500,0.542300,0.828800,0.034500,0.893204,0.166388,1.464465,-0.277340,0.214149,1.274336,-1.933464,-0.658870,-1.476539,-1.312082,3.033373,0.339298,0.519022,-0.950248,1.857870,1.039691,1.821727,-0.639979,-0.559673,2.217386,0,1,1.0000,1.0000,1,1,0,0,0.0000,0.0000,,,,,7703,8204,1030,479,5625,7004,2078,1200,0,0,0.70378,0.12352,0
1786018638.0249,C_left_back,C,left,0,back,,371,85.3000,323.2000,170.1000,165.2000,0.0000,0.0000,360.0000,349.1000,39.5000,0.0000,14.0000,0.0000,114.6000,0.0000,-0.50700,-0.17900,0.74600,5.08000,1.41000,2.12000,-0.92400,0.01000,0.27000,-1.74000,0.59000,1.11100,10.8,0.9,1.0,1.0,0.893201,0.166387,1.464469,-0.116639,0.186333,1.126784,-0.089600,0.486000,0.869300,0.003200,0.133500,0.542300,0.828800,0.034500,0.893208,0.166389,1.464460,-0.277340,0.214149,1.274336,-1.933449,-0.659033,-1.476819,-1.312083,3.034212,0.339267,0.518372,-0.950248,1.857870,1.039691,1.821727,-0.639979,-0.559673,2.217386,0,1,1.0000,1.0000,1,0,0,1,0.0000,0.0637,,,,,7704,124692,1030,515,5626,123430,2078,1260,0,2,0.70371,0.12781,0
1786018638.0607,C_left_back,C,left,0,back,,372,85.3000,323.2000,170.1000,165.2000,0.0000,0.0000,360.0000,349.1000,39.5000,0.0000,14.0000,0.0000,114.6000,0.0000,-0.50700,-0.17900,0.74600,5.08000,1.41000,2.12000,-0.92400,0.01000,0.27000,-1.74000,0.59000,1.11100,10.8,0.9,1.0,1.0,0.893201,0.166387,1.464469,-0.116639,0.186333,1.126784,-0.089600,0.486000,0.869300,0.003200,0.133500,0.542300,0.828800,0.034500,0.893208,0.166389,1.464460,-0.277340,0.214149,1.274336,-1.933449,-0.659033,-1.476819,-1.312083,3.034212,0.339267,0.518372,-0.950248,1.857870,1.039691,1.821727,-0.639979,-0.559673,2.217386,0,1,1.0000,1.0000,1,0,0,1,0.0000,0.0637,,,,,7704,124692,1030,515,5626,123430,2078,1260,0,2,0.70371,0.12781,0
1786018638.0740,C_left_back,C,left,0,back,,373,85.3000,323.2000,170.1000,165.2000,0.0000,0.0000,360.0000,349.1000,39.5000,0.0000,154.6000,0.0000,114.6000,0.0000,-0.50100,-0.18000,0.73900,5.24000,0.81000,1.09000,-0.92500,0.01000,0.27700,-3.22000,-0.80000,-0.37000,10.8,1.0,1.0,1.0,0.888512,0.384964,1.333744,-1.125029,0.384252,1.666252,-0.089600,0.486000,0.869300,0.003200,0.133500,0.542300,0.828800,0.034500,0.893208,0.166389,1.464460,-0.277340,0.214149,1.274336,-1.933424,-0.659322,-1.477317,-1.312086,3.035703,0.339211,0.517217,-0.950248,1.857870,1.039691,1.821727,-0.639979,-0.559673,2.217386,0,1,1.0000,1.0000,1,1,0,0,0.0000,0.0000,,,,,127273,124692,1076,515,124880,123430,2393,1260,0,2,0.70378,0.12781,0
1786018638.0857,C_left_back,C,left,0,back,,374,85.3000,323.2000,170.1000,165.2000,0.0000,0.0000,360.0000,349.1000,39.5000,0.0000,154.7000,0.0000,114.6000,0.0000,-0.50100,-0.18000,0.73900,5.24000,0.81000,1.09000,-0.92700,-0.00000,0.27000,-2.67000,-2.34000,-1.85000,10.4,0.7,1.0,1.0,0.888512,0.384964,1.333744,-0.116620,0.186331,1.126785,-0.089600,0.486000,0.869300,0.003200,0.133500,0.542300,0.828800,0.034500,0.893208,0.166389,1.464460,-0.277340,0.214149,1.274336,-1.933424,-0.659322,-1.477317,-1.312086,3.035703,0.339211,0.517217,-0.950248,1.857870,1.039691,1.821727,-0.639979,-0.559673,2.217386,0,1,1.0000,1.0000,1,1,0,0,0.0000,0.0000,,,,,127273,8204,1076,479,124880,7004,2393,1200,0,0,0.70378,0.12352,0
1786018638.1059,C_left_back,C,left,0,back,,375,85.3000,323.2000,170.1000,165.2000,0.0000,0.0000,360.0000,349.1000,39.5000,0.0000,154.7000,0.0000,114.6000,0.0000,-0.50100,-0.18000,0.73900,5.24000,0.81000,1.09000,-0.92700,-0.00000,0.27000,-2.67000,-2.34000,-1.85000,10.3,1.7,1.0,1.0,0.888512,0.384964,1.333744,-0.116620,0.186331,1.126785,-0.089600,0.486000,0.869300,0.003200,0.133500,0.542300,0.828800,0.034500,0.893208,0.166389,1.464460,-0.277340,0.214149,1.274336,-1.933424,-0.659322,-1.477317,-1.312086,3.035703,0.339211,0.517217,-0.950248,1.857870,1.039691,1.821727,-0.639979,-0.559673,2.217386,0,1,1.0000,1.0000,1,1,0,0,0.0000,0.0000,,,,,7704,124692,1030,515,5626,123430,2078,1260,0,2,0.70371,0.12781,0
1786018638.1227,C_left_back,C,left,0,back,,376,85.3000,323.2000,170.1000,165.2000,0.0000,0.0000,360.0000,349.1000,39.5000,0.0000,154.7000,0.0000,114.6000,0.0000,-0.50100,-0.18000,0.73900,5.24000,0.81000,1.09000,-0.92700,-0.00000,0.27000,-2.67000,-2.34000,-1.85000,10.2,1.6,1.0,0.0,0.888512,0.384964,1.333744,-0.116620,0.186331,1.126785,-0.089600,0.486000,0.869300,0.003200,0.133500,0.542300,0.828800,0.034500,0.893208,0.166389,1.464460,-0.277340,0.214149,1.274336,-1.933424,-0.659322,-1.477317,-1.312086,3.035703,0.339211,0.517217,-0.950248,1.857870,1.039691,1.821727,-0.639979,-0.559673,2.217386,0,1,1.0000,1.0000,1,1,0,0,0.0000,0.0000,,,,,127273,124692,1076,515,124880,123430,2393,1260,0,2,0.70378,0.12781,0
1786018638.1411,C_left_back,C,left,0,back,,377,85.0000,323.2000,170.1000,165.2000,0.0000,0.0000,360.0000,349.1000,39.5000,0.0000,154.7000,0.0000,114.6000,0.0000,-0.48800,-0.20800,0.75800,-4.53000,7.15000,-3.13000,-0.92700,-0.00000,0.27000,-2.67000,-2.34000,-1.85000,11.9,1.4,1.0,0.0,0.888512,0.384964,1.333744,-0.116620,0.186331,1.126785,-0.089600,0.486000,0.869300,0.003200,0.133500,0.542300,0.828800,0.034500,0.893208,0.166389,1.464460,-0.277340,0.214149,1.274336,-1.933424,-0.659322,-1.477317,-1.312086,3.035703,0.339211,0.517217,-0.950248,1.857870,1.039691,1.821727,-0.639979,-0.559673,2.217386,0,1,1.0000,1.0000,1,1,0,0,0.0000,0.0000,,,,,7704,8204,1030,479,5626,7004,2078,1200,0,0,0.70371,0.12352,0
1786018638.1848,C_left_back,C,left,0,back,,378,85.0000,323.2000,170.1000,165.2000,0.0000,0.0000,360.0000,349.1000,39.5000,0.0000,154.8000,0.0000,114.6000,0.0000,-0.37800,-0.22600,0.76600,-1.76000,6.23000,0.31000,-0.93100,-0.01900,0.26200,0.92000,5.70000,-3.44000,12.4,0.7,1.0,0.0,0.888512,0.384964,1.333744,-1.122841,0.384600,1.667199,-0.089600,0.486000,0.869300,0.003200,0.133500,0.542300,0.828800,0.034500,0.893208,0.166389,1.464460,-0.277340,0.214149,1.274336,-1.933424,-0.659322,-1.477317,-1.312086,3.035703,0.339211,0.517217,-0.950248,1.857870,1.039691,1.821727,-0.639979,-0.559673,2.217386,0,1,1.0000,1.0000,1,1,0,0,0.0000,0.0000,,,,,127273,124692,1077,515,124880,123430,2393,1260,0,2,0.70378,0.12781,0
1786018638.1960,C_left_back,C,left,0,back,,379,85.0000,323.2000,170.1000,165.2000,0.0000,0.0000,360.0000,349.1000,39.5000,0.0000,154.6000,0.0000,114.6000,0.0000,-0.45100,-0.16400,0.76900,7.76000,2.96000,1.08000,-0.94300,-0.00300,0.27000,2.56000,5.15000,-3.56000,13.4,0.4,1.0,0.0,0.888512,0.384964,1.333744,-1.123248,0.384542,1.667009,-0.089600,0.486000,0.869300,0.003200,0.133500,0.542300,0.828800,0.034500,0.893208,0.166389,1.464460,-0.277340,0.214149,1.274336,-1.933424,-0.659322,-1.477317,-1.312086,3.035703,0.339211,0.517217,-0.950248,1.857870,1.039691,1.821727,-0.639979,-0.559673,2.217386,0,1,1.0000,1.0000,1,1,0,0,0.0000,0.0000,,,,,7704,8204,1030,480,5626,7004,2078,1200,0,0,0.70371,0.12352,0
1786018638.2153,C_left_back,C,left,0,back,,380,85.0000,323.2000,170.1000,165.2000,0.0000,0.0000,360.0000,349.1000,39.5000,0.0000,154.6000,0.0000,114.6000,0.0000,-0.45100,-0.16400,0.76900,7.76000,2.96000,1.08000,-0.94900,0.00200,0.27800,-2.18000,2.60000,-0.54000,14.1,0.5,1.0,0.0,0.888512,0.384964,1.333744,-1.123867,0.384466,1.666734,-0.089600,0.486000,0.869300,0.003200,0.133500,0.542300,0.828800,0.034500,0.893208,0.166389,1.464460,-0.277340,0.214149,1.274336,-1.933424,-0.659322,-1.477317,-1.312086,3.035703,0.339211,0.517217,-0.950248,1.857870,1.039691,1.821727,-0.639979,-0.559673,2.217386,0,1,1.0000,1.0000,1,1,0,0,0.0000,0.0000,,,,,7704,8204,1031,480,5626,7004,2078,1200,0,0,0.70371,0.12352,0
1786018638.2502,C_left_back,C,left,0,back,,381,85.0000,323.2000,170.1000,165.2000,0.0000,0.0000,360.0000,349.1000,39.5000,0.0000,154.6000,0.0000,114.6000,0.0000,-0.45100,-0.16400,0.76900,7.76000,2.96000,1.08000,-0.94900,0.00200,0.27800,-2.18000,2.60000,-0.54000,14.1,0.5,1.0,0.0,0.888512,0.384964,1.333744,-1.123867,0.384466,1.666734,-0.089600,0.486000,0.869300,0.003200,0.133500,0.542300,0.828800,0.034500,0.893208,0.166389,1.464460,-0.277340,0.214149,1.274336,-1.933424,-0.659322,-1.477317,-1.312086,3.035703,0.339211,0.517217,-0.950248,1.857870,1.039691,1.821727,-0.639979,-0.559673,2.217386,0,1,1.0000,1.0000,1,1,0,0,0.0000,0.0000,,,,,127273,124692,1077,516,124880,123430,2393,1260,0,2,0.70378,0.12781,0
1786018638.2529,C_left_back,C,left,0,back,,382,85.0000,323.2000,170.1000,165.2000,0.0000,0.0000,360.0000,349.1000,39.5000,0.0000,154.6000,0.0000,114.6000,0.0000,-0.45100,-0.16400,0.76900,7.76000,2.96000,1.08000,-0.94900,0.00200,0.27800,-2.18000,2.60000,-0.54000,14.1,0.5,1.0,0.0,0.888512,0.384964,1.333744,-1.123867,0.384466,1.666734,-0.089600,0.486000,0.869300,0.003200,0.133500,0.542300,0.828800,0.034500,0.893208,0.166389,1.464460,-0.277340,0.214149,1.274336,-1.933424,-0.659322,-1.477317,-1.312086,3.035703,0.339211,0.517217,-0.950248,1.857870,1.039691,1.821727,-0.639979,-0.559673,2.217386,0,1,1.0000,1.0000,1,1,0,0,0.0000,0.0000,,,,,127273,124692,1077,516,124880,123430,2393,1260,0,2,0.70378,0.12781,0
1786018638.2663,C_left_back,C,left,0,back,,383,85.0000,323.2000,170.1000,165.2000,0.0000,0.0000,360.0000,349.1000,39.5000,0.0000,154.6000,0.0000,114.6000,0.0000,-0.45100,-0.16400,0.76900,7.76000,2.96000,1.08000,-0.94900,0.00200,0.27800,-2.18000,2.60000,-0.54000,14.1,0.5,1.0,0.0,0.888512,0.384964,1.333744,-1.123867,0.384466,1.666734,-0.089600,0.486000,0.869300,0.003200,0.133500,0.542300,0.828800,0.034500,0.893208,0.166389,1.464460,-0.277340,0.214149,1.274336,-1.933424,-0.659322,-1.477317,-1.312086,3.035703,0.339211,0.517217,-0.950248,1.857870,1.039691,1.821727,-0.639979,-0.559673,2.217386,0,1,1.0000,1.0000,1,1,0,0,0.0000,0.0000,,,,,7704,124692,1031,516,5626,123430,2078,1260,0,2,0.70371,0.12781,0
1786018638.2924,C_left_back,C,left,0,back,,384,85.0000,323.2000,170.1000,165.2000,0.0000,0.0000,360.0000,349.1000,39.5000,0.0000,154.6000,0.0000,114.6000,0.0000,-0.45100,-0.16400,0.76900,7.76000,2.96000,1.08000,-0.94900,0.00200,0.27800,-2.18000,2.60000,-0.54000,14.1,0.5,1.0,0.0,0.888512,0.384964,1.333744,-1.123867,0.384466,1.666734,-0.089600,0.486000,0.869300,0.003200,0.133500,0.542300,0.828800,0.034500,0.893208,0.166389,1.464460,-0.277340,0.214149,1.274336,-1.933424,-0.659322,-1.477317,-1.312086,3.035703,0.339211,0.517217,-0.950248,1.857870,1.039691,1.821727,-0.639979,-0.559673,2.217386,0,1,1.0000,1.0000,1,1,0,0,0.0000,0.0000,,,,,7704,124692,1031,516,5626,123430,2078,1260,0,2,0.70371,0.12781,0
1786018638.3133,C_left_back,C,left,0,back,,385,84.8000,323.2000,170.1000,165.2000,0.0000,0.0000,360.0000,349.0000,39.5000,0.0000,154.6000,0.0000,114.6000,0.0000,-0.49900,-0.21900,0.74700,0.83000,1.24000,4.18000,-0.92000,0.01000,0.26400,-0.02000,-0.83000,-0.40000,7.9,2.5,1.0,0.0,0.888512,0.384964,1.333744,-1.124962,0.384287,1.666262,-0.089600,0.486000,0.869300,0.003200,0.133500,0.542300,0.828800,0.034500,0.893208,0.166389,1.464460,-0.277340,0.214149,1.274336,-1.933424,-0.659322,-1.477317,-1.312086,3.035703,0.339211,0.517217,-0.950248,1.857870,1.039691,1.821727,-0.639979,-0.559673,2.217386,0,1,1.0000,1.0000,1,1,0,0,0.0000,0.0000,,,,,7704,8204,1031,480,5626,7004,2078,1200,0,0,0.70371,0.12352,0
1786018638.3510,C_left_back,C,left,0,back,,386,84.8000,323.2000,170.1000,165.2000,0.0000,0.0000,360.0000,349.0000,39.5000,0.0000,154.6000,0.0000,114.6000,0.0000,-0.50700,-0.21400,0.74300,0.85000,0.88000,4.27000,-0.91600,0.01400,0.27400,-2.27000,-2.60000,0.58000,8.9,2.1,1.0,0.0,0.893201,0.166387,1.464469,-0.117628,0.186166,1.126352,-0.089600,0.486000,0.869300,0.003200,0.133500,0.542300,0.828800,0.034500,0.893208,0.166389,1.464460,-0.277340,0.214149,1.274336,-1.933424,-0.659322,-1.477317,-1.312086,3.035703,0.339211,0.517217,-0.950248,1.857870,1.039691,1.821727,-0.639979,-0.559673,2.217386,0,1,1.0000,1.0000,1,1,0,0,0.0000,0.0000,,,,,127273,8204,1077,480,124880,7004,2393,1200,0,0,0.70378,0.12352,0
1786018638.3597,C_left_back,C,left,0,back,,387,84.8000,323.2000,170.1000,165.2000,0.0000,0.0000,360.0000,349.0000,39.5000,0.0000,154.6000,0.0000,114.6000,0.0000,-0.50700,-0.21400,0.74300,0.85000,0.88000,4.27000,-0.91600,0.01400,0.27400,-2.27000,-2.60000,0.58000,8.9,2.1,1.0,0.0,0.893201,0.166387,1.464469,-0.117628,0.186166,1.126352,-0.089600,0.486000,0.869300,0.003200,0.133500,0.542300,0.828800,0.034500,0.893208,0.166389,1.464460,-0.277340,0.214149,1.274336,-1.933424,-0.659322,-1.477317,-1.312086,3.035703,0.339211,0.517217,-0.950248,1.857870,1.039691,1.821727,-0.639979,-0.559673,2.217386,0,1,1.0000,1.0000,1,1,0,0,0.0000,0.0000,,,,,127273,8204,1077,480,124880,7004,2393,1200,0,0,0.70378,0.12352,0
1786018638.3734,C_left_back,C,left,0,back,,388,84.7000,323.2000,170.1000,165.3000,0.0000,0.0000,360.0000,349.0000,395.0000,0.0000,154.6000,0.0000,114.6000,0.0000,-0.50300,-0.19800,0.74000,1.82000,0.12000,2.91000,-0.91900,0.01000,0.25300,-6.49000,-4.16000,2.21000,9.7,2.1,1.0,0.0,0.888512,0.384964,1.333744,-1.125784,0.384157,1.665871,-0.089600,0.486000,0.869300,0.003200,0.133500,0.542300,0.828800,0.034500,0.893208,0.166389,1.464460,-0.277340,0.214149,1.274336,-1.933424,-0.659322,-1.477317,-1.312086,3.035703,0.339211,0.517217,-0.950248,1.857870,1.039691,1.821727,-0.639979,-0.559673,2.217386,0,1,1.0000,1.0000,1,1,0,0,0.0000,0.0000,,,,,127273,124692,1077,516,124880,123430,2393,1260,0,2,0.70378,0.12781,0
1786018638.3991,C_left_back,C,left,0,back,,389,84.7000,323.2000,170.1000,165.3000,0.0000,0.0000,360.0000,349.0000,395.0000,0.0000,154.6000,0.0000,114.6000,0.0000,-0.50300,-0.19800,0.74000,1.82000,0.12000,2.91000,-0.91900,0.01000,0.25300,-6.49000,-4.16000,2.21000,9.7,2.1,1.0,0.0,0.888512,0.384964,1.333744,-1.125784,0.384157,1.665871,-0.089600,0.486000,0.869300,0.003200,0.133500,0.542300,0.828800,0.034500,0.893208,0.166389,1.464460,-0.277340,0.214149,1.274336,-1.933424,-0.659322,-1.477317,-1.312086,3.035703,0.339211,0.517217,-0.950248,1.857870,1.039691,1.821727,-0.639979,-0.559673,2.217386,0,1,1.0000,1.0000,1,1,0,0,0.0000,0.0000,,,,,127273,124692,1077,516,124880,123430,2393,1260,0,2,0.70378,0.12781,0
1786018638.4157,C_left_back,C,left,0,back,,390,84.7000,323.1000,170.2000,165.3000,0.0000,0.0000,360.0000,349.3000,39.5000,0.0000,154.6000,0.0000,114.6000,0.0000,-0.50400,-0.19900,0.74800,-0.45000,0.20000,2.13000,-0.93200,-0.01500,0.25200,-3.16000,-1.92000,0.46000,9.7,2.1,1.0,0.0,0.893201,0.166387,1.464469,-1.125784,0.384157,1.665871,-0.089600,0.486000,0.869300,0.003200,0.133500,0.542300,0.828800,0.034500,0.893208,0.166389,1.464460,-0.277340,0.214149,1.274336,-1.933424,-0.659322,-1.477317,-1.312086,3.035703,0.339211,0.517217,-0.950248,1.857870,1.039691,1.821727,-0.639979,-0.559673,2.217386,0,1,1.0000,1.0000,1,1,0,0,0.0000,0.0000,,,,,127273,124692,1077,516,124880,123430,2393,1260,0,2,0.70378,0.12781,0
1786018638.4316,C_left_back,C,left,0,back,,391,84.7000,323.1000,170.2000,165.3000,0.0000,0.0000,360.0000,349.3000,39.5000,0.0000,154.6000,0.0000,114.6000,0.0000,-0.50400,-0.19900,0.74800,-0.45000,0.20000,2.13000,-0.93200,-0.01500,0.25200,-3.16000,-1.92000,0.46000,9.0,1.9,1.0,0.0,0.893201,0.166387,1.464469,-0.116281,0.186440,1.126933,-0.089600,0.486000,0.869300,0.003200,0.133500,0.542300,0.828800,0.034500,0.893208,0.166389,1.464460,-0.277340,0.214149,1.274336,-1.933407,-0.659507,-1.477626,-1.312078,3.036617,0.339187,0.516519,-0.950248,1.857870,1.039691,1.821727,-0.639979,-0.559673,2.217386,0,1,1.0000,1.0000,1,1,0,0,0.0000,0.0000,,,,,127273,124692,1077,516,124880,123430,2393,1260,0,2,0.70378,0.12781,0
1786018638.4555,C_left_back,C,left,0,back,,392,84.7000,322.8000,170.0000,165.4000,0.0000,0.0000,360.0000,349.3000,39.5000,0.0000,154.6000,0.0000,114.6000,0.0000,-0.49700,-0.21700,0.76000,2.87000,1.22000,2.79000,-0.93200,-0.01500,0.25200,-3.16000,-1.92000,0.46000,9.0,1.9,1.0,0.0,1.034430,0.458762,1.274842,-0.116281,0.186440,1.126933,-0.089600,0.486000,0.869300,0.003200,0.133500,0.542300,0.828800,0.034500,0.893208,0.166389,1.464460,-0.277340,0.214149,1.274336,-1.933407,-0.659507,-1.477626,-1.312078,3.036617,0.339187,0.516519,-0.950248,1.857870,1.039691,1.821727,-0.639979,-0.559673,2.217386,0,1,1.0000,1.0000,1,1,0,0,0.0000,0.0000,,,,,127273,124692,1077,516,124880,123430,2393,1260,0,2,0.70378,0.12781,0
1786018638.4739,C_left_back,C,left,0,back,,393,84.9000,322.8000,170.1000,165.4000,0.0000,0.0000,360.0000,349.1000,39.5000,0.0000,154.7000,0.0000,114.6000,0.0000,-0.49900,-0.18900,0.74800,2.53000,3.72000,5.25000,-0.93600,-0.00900,0.28100,-3.10000,-0.04000,1.34000,7.7,1.4,1.0,0.0,0.888512,0.384964,1.333744,-1.124757,0.384291,1.666323,-0.089600,0.486000,0.869300,0.003200,0.133500,0.542300,0.828800,0.034500,0.893208,0.166389,1.464460,-0.277340,0.214149,1.274336,-1.933380,-0.659783,-1.478088,-1.312066,3.037983,0.339149,0.515477,-0.950248,1.857870,1.039691,1.821727,-0.639979,-0.559673,2.217386,0,1,1.0000,1.0000,1,1,0,0,0.0000,0.0000,,,,,7704,8204,1032,481,5626,7004,2078,1200,0,0,0.70371,0.12352,0
1786018638.4859,C_left_back,C,left,0,back,,394,84.9000,322.8000,170.1000,165.4000,0.0000,0.0000,360.0000,349.1000,39.5000,0.0000,154.7000,0.0000,114.6000,0.0000,-0.49900,-0.18900,0.74800,2.53000,3.72000,5.25000,-0.93600,-0.00900,0.28100,-3.10000,-0.04000,1.34000,9.0,2.6,1.0,0.0,0.888512,0.384964,1.333744,-1.124757,0.384291,1.666323,-0.089600,0.486000,0.869300,0.003200,0.133500,0.542300,0.828800,0.034500,0.893208,0.166389,1.464460,-0.279336,0.214099,1.280864,-1.933380,-0.659783,-1.478088,-1.312066,3.037983,0.339149,0.515477,-0.950248,1.857870,1.039691,1.821727,-0.639979,-0.559673,2.217386,0,1,1.0000,1.0000,1,1,0,0,0.0000,0.0000,,,,,127273,124692,1078,517,124880,123430,2393,1260,0,2,0.70378,0.12781,0
1786018638.5041,C_left_back,C,left,0,back,,395,84.9000,322.8000,170.1000,165.4000,0.0000,0.0000,360.0000,349.1000,39.5000,0.0000,154.8000,0.0000,114.6000,0.0000,-0.49900,-0.18900,0.74800,2.53000,3.72000,5.25000,-0.92500,-0.00400,0.27100,1.72000,1.60000,-1.81000,10.0,1.9,1.0,0.0,0.888512,0.384964,1.333744,-0.281690,0.213657,1.292137,-0.089600,0.486000,0.869300,0.003200,0.133500,0.542300,0.828800,0.034500,0.893208,0.166389,1.464460,-0.279336,0.214099,1.280864,-1.933380,-0.659783,-1.478088,-1.312066,3.037983,0.339149,0.515477,-0.950248,1.857870,1.039691,1.821727,-0.639979,-0.559673,2.217386,0,1,1.0000,1.0000,1,1,0,0,0.0000,0.0000,,,,,7704,8204,1032,481,5626,7004,2078,1200,0,0,0.70371,0.12352,0
1786018638.5212,C_left_back,C,left,0,back,,396,84.9000,322.8000,170.1000,165.4000,0.0000,0.0000,360.0000,349.1000,39.5000,0.0000,154.8000,0.0000,114.6000,0.0000,-0.49900,-0.18900,0.74800,2.53000,3.72000,5.25000,-0.92500,-0.00400,0.27100,1.72000,1.60000,-1.81000,9.7,1.6,1.0,0.0,0.888512,0.384964,1.333744,-0.281690,0.213657,1.292137,-0.089600,0.486000,0.869300,0.003200,0.133500,0.542300,0.828800,0.034500,0.893208,0.166389,1.464460,-0.279336,0.214099,1.280864,-1.933380,-0.659783,-1.478088,-1.312066,3.037983,0.339149,0.515477,-0.950248,1.857870,1.039691,1.821727,-0.639979,-0.559673,2.217386,0,1,1.0000,1.0000,1,1,0,0,0.0000,0.0000,,,,,7704,8204,1032,481,5626,7004,2078,1200,0,0,0.70371,0.12352,0
1786018638.5517,C_left_back,C,left,0,back,,397,84.8000,322.6000,170.2000,165.4000,0.0000,0.0000,360.0000,349.1000,39.5000,0.0000,154.8000,0.0000,114.6000,0.0000,-0.51300,-0.21000,0.74600,5.25000,-0.89000,-2.50000,-0.92500,-0.00400,0.27100,1.72000,1.60000,-1.81000,12.4,0.5,1.0,0.0,1.034430,0.458762,1.274842,-0.281690,0.213657,1.292137,-0.089600,0.486000,0.869300,0.003200,0.133500,0.542300,0.828800,0.034500,0.893208,0.166389,1.464460,-0.283776,0.213519,1.296349,-1.933380,-0.659783,-1.478088,-1.312066,3.037983,0.339149,0.515477,-0.950248,1.857870,1.039691,1.821727,-0.639979,-0.559673,2.217386,0,1,1.0000,1.0000,1,1,0,0,0.0000,0.0000,,,,,127273,8205,1078,481,124880,7005,2393,1200,0,0,0.70378,0.12357,0
1786018638.5646,C_left_back,C,left,0,back,,398,84.8000,322.6000,170.2000,165.4000,0.0000,0.0000,360.0000,349.1000,39.5000,0.0000,154.8000,0.0000,114.6000,0.0000,-0.51300,-0.21000,0.74600,5.25000,-0.89000,-2.50000,-0.92500,-0.00400,0.27100,1.72000,1.60000,-1.81000,12.4,0.5,1.0,0.0,1.034430,0.458762,1.274842,-0.281690,0.213657,1.292137,-0.089600,0.486000,0.869300,0.003200,0.133500,0.542300,0.828800,0.034500,0.893208,0.166389,1.464460,-0.283776,0.213519,1.296349,-1.933380,-0.659783,-1.478088,-1.312066,3.037983,0.339149,0.515477,-0.950248,1.857870,1.039691,1.821727,-0.639979,-0.559673,2.217386,0,1,1.0000,1.0000,1,1,0,0,0.0000,0.0000,,,,,127273,8205,1078,481,124880,7005,2393,1200,0,0,0.70378,0.12357,0
1786018638.5812,C_left_back,C,left,0,back,,399,84.7000,32.0000,170.1000,165.4000,0.0000,0.0000,360.0000,39.0000,39.5000,0.0000,15.0000,0.0000,114.6000,0.0000,-0.41100,-0.03000,0.65900,5.69000,-1.77000,-4.60000,-0.92300,0.00400,0.27200,0.38000,-2.31000,-1.62000,9.9,1.3,1.0,1.0,0.893201,0.166387,1.464469,-0.140988,0.193471,1.171905,-0.089600,0.486000,0.869300,0.003200,0.133500,0.542300,0.828800,0.034500,0.893208,0.166389,1.464460,-0.283776,0.213519,1.296349,-1.933380,-0.659783,-1.478088,-1.312066,3.037983,0.339149,0.515477,-0.950248,1.857870,1.039691,1.821727,-0.639979,-0.559673,2.217386,0,1,1.0000,1.0000,1,1,0,0,0.0000,0.0000,,,,,7704,8205,1032,481,5626,7005,2078,1200,0,0,0.70371,0.12357,0
