t,segment,block,arm,rep,direction,speed,sample_index,l_j1,l_j2,l_j3,l_j4,l_j5,l_j6,l_j7,r_j1,r_j2,r_j3,r_j4,r_j5,r_j6,r_j7,l_ax,l_ay,l_az,l_gx,l_gy,l_gz,r_ax,r_ay,r_az,r_gx,r_gy,r_gz,fsr1,fsr2,btn1,btn2,left_cmd_x,left_cmd_y,left_cmd_z,right_cmd_x,right_cmd_y,right_cmd_z,left_cmd_qx,left_cmd_qy,left_cmd_qz,left_cmd_qw,right_cmd_qx,right_cmd_qy,right_cmd_qz,right_cmd_qw,left_ee_x,left_ee_y,left_ee_z,right_ee_x,right_ee_y,right_ee_z,left_joint_1,left_joint_2,left_joint_3,left_joint_4,left_joint_5,left_joint_6,left_joint_7,right_joint_1,right_joint_2,right_joint_3,right_joint_4,right_joint_5,right_joint_6,right_joint_7,left_clutch,right_clutch,left_scale,right_scale,left_frame_valid,right_frame_valid,left_n_dropouts,right_n_dropouts,left_data_age_s,right_data_age_s,position_mode,orientation_mode,left_channels_live,right_channels_live,left_ik_success,right_ik_success,left_ik_fail,right_ik_fail,left_guard_direct,right_guard_direct,left_guard_slewed,right_guard_slewed,left_guard_rejected,right_guard_rejected,left_min_clearance,right_min_clearance,estop
1786018970.4221,D_left_back_left,D,left,0,back_left,,0,119.0000,331.8000,59.0000,258.5000,282.1000,2.5000,358.0000,349.1000,20.2000,0.0000,154.3000,0.0000,121.3000,0.0000,0.24100,-0.02400,0.92300,-6.31000,2.48000,-368.00000,-0.94400,0.04900,0.24100,-2.05000,-0.44000,-1.60000,14.0,4.4,1.0,1.0,0.797289,0.399498,1.759377,-0.199355,-0.510332,1.554737,-0.089600,0.486000,0.869300,0.003200,0.133500,0.542300,0.828800,0.034500,0.713962,0.303132,1.446585,-0.100836,0.013868,1.408864,-2.228416,-1.044930,-1.327117,-1.339687,2.882044,0.031509,1.017292,-0.710242,2.239845,0.767179,2.133299,-0.556394,-1.174809,1.507891,0,1,1.0000,1.0000,1,1,0,0,0.0000,0.0000,,,,,128728,8820,1879,1478,125550,7347,3178,1390,0,83,0.56138,-0.05114,0
1786018970.4610,D_left_back_left,D,left,0,back_left,,1,118.8000,331.8000,260.1000,258.9000,281.8000,2.5000,358.0000,349.0000,20.2000,0.0000,154.3000,0.0000,121.3000,0.0000,0.19800,-0.01000,0.91600,21.44000,-3.79000,-9.87000,-0.93600,0.04500,0.23600,-4.44000,-2.01000,0.40000,14.1,4.3,1.0,1.0,0.797289,0.399498,1.759377,-1.192480,-0.175300,2.048194,-0.089600,0.486000,0.869300,0.003200,0.133500,0.542300,0.828800,0.034500,0.713962,0.303132,1.446585,-0.100836,0.013868,1.408864,-2.228416,-1.044930,-1.327117,-1.339687,2.882044,0.031509,1.017292,-0.710242,2.239845,0.767179,2.133299,-0.556394,-1.174809,1.507891,0,1,1.0000,1.0000,1,1,0,0,0.0000,0.0000,,,,,128728,125295,1879,1513,125550,123760,3178,1464,0,71,0.56138,-0.05114,0
1786018970.4744,D_left_back_left,D,left,0,back_left,,2,118.8000,331.8000,260.1000,258.9000,281.8000,2.5000,358.0000,349.0000,20.2000,0.0000,154.3000,0.0000,121.3000,0.0000,0.19800,-0.01000,0.91600,21.44000,-3.79000,-9.87000,-0.93600,0.04500,0.23600,-4.44000,-2.01000,0.40000,14.1,4.3,1.0,1.0,0.797289,0.399498,1.759377,-1.192480,-0.175300,2.048194,-0.089600,0.486000,0.869300,0.003200,0.133500,0.542300,0.828800,0.034500,0.713962,0.303132,1.446585,-0.100836,0.013868,1.408864,-2.228416,-1.044930,-1.327117,-1.339687,2.882044,0.031509,1.017292,-0.710242,2.239845,0.767179,2.133299,-0.556394,-1.174809,1.507891,0,1,1.0000,1.0000,1,1,0,0,0.0000,0.0000,,,,,128728,125295,1879,1513,125550,123760,3178,1464,0,71,0.56138,-0.05114,0
1786018970.4906,D_left_back_left,D,left,0,back_left,,3,118.8000,331.8000,260.0000,258.8000,281.8000,2.5000,358.0000,349.0000,20.2000,0.0000,154.3000,0.0000,121.3000,0.0000,0.24400,-0.04400,0.93600,19.11000,-1.98000,-10.30000,-0.93600,0.04500,0.23600,-4.44000,-2.01000,0.40000,13.7,4.1,1.0,1.0,0.713962,0.303132,1.446585,-1.192480,-0.175300,2.048194,-0.089600,0.486000,0.869300,0.003200,0.133500,0.542300,0.828800,0.034500,0.713962,0.303132,1.446585,-0.100836,0.013868,1.408864,-2.228416,-1.044930,-1.327117,-1.339687,2.882044,0.031509,1.017292,-0.710242,2.239845,0.767179,2.133299,-0.556394,-1.174809,1.507891,0,1,1.0000,1.0000,1,1,0,0,0.0000,0.0000,,,,,9093,8820,1858,1478,6276,7347,2817,1390,0,83,0.56138,-0.05114,0
1786018970.5194,D_left_back_left,D,left,0,back_left,,4,18.8000,331.6000,2.2000,259.3000,281.8000,2.5000,358.0000,349.0000,20.2000,0.0000,154.3000,0.0000,121.3000,0.0000,0.25700,0.08300,0.90700,13.34000,-3.31000,2.40000,-0.93600,0.04500,0.23600,-4.44000,-2.01000,0.40000,12.4,3.2,1.0,1.0,0.713962,0.303132,1.446585,-1.192480,-0.175300,2.048194,-0.089600,0.486000,0.869300,0.003200,0.133500,0.542300,0.828800,0.034500,0.713962,0.303132,1.446585,-0.100836,0.013868,1.408864,-2.228416,-1.044930,-1.327117,-1.339687,2.882044,0.031509,1.017292,-0.710242,2.239845,0.767179,2.133299,-0.556394,-1.174809,1.507891,0,1,1.0000,1.0000,0,1,1,0,0.0113,0.0000,,,,,9093,125295,1858,1514,6276,123760,2817,1464,0,71,0.56138,-0.05114,0
1786018970.5367,D_left_back_left,D,left,0,back_left,,5,118.8000,331.5000,260.5000,259.6000,281.8000,2.5000,358.2000,349.0000,20.2000,0.0000,154.2000,0.0000,121.3000,0.0000,0.22700,0.00300,0.87400,4.10000,1.22000,2.35000,-0.93700,0.03500,0.24800,-3.79000,-0.08000,0.72000,11.8,3.1,1.0,1.0,0.797289,0.399498,1.759377,-0.197066,-0.510124,1.555670,-0.089600,0.486000,0.869300,0.003200,0.133500,0.542300,0.828800,0.034500,0.713962,0.303132,1.446585,-0.100836,0.013868,1.408864,-2.228416,-1.044930,-1.327117,-1.339687,2.882044,0.031509,1.017292,-0.710242,2.239845,0.767179,2.133299,-0.556394,-1.174809,1.507891,0,1,1.0000,1.0000,1,1,0,0,0.0000,0.0000,,,,,9093,8820,1858,1479,6276,7347,2817,1390,0,83,0.56138,-0.05114,0
1786018970.5572,D_left_back_left,D,left,0,back_left,,6,118.8000,331.5000,260.5000,256.5000,281.7000,2.4000,358.2000,349.1000,20.0000,0.0000,154.2000,0.0000,121.3000,0.0000,0.19200,-0.02800,0.89900,4.01000,0.56000,-5.05000,-0.94200,0.02600,0.24700,-2.11000,1.17000,-1.49000,11.9,3.4,1.0,1.0,0.797289,0.399498,1.759377,-0.195722,-0.509941,1.556218,-0.089600,0.486000,0.869300,0.003200,0.133500,0.542300,0.828800,0.034500,0.713962,0.303132,1.446585,-0.100836,0.013868,1.408864,-2.228416,-1.044930,-1.327117,-1.339687,2.882044,0.031509,1.017292,-0.710242,2.239845,0.767179,2.133299,-0.556394,-1.174809,1.507891,0,1,1.0000,1.0000,1,1,0,0,0.0000,0.0000,,,,,9093,8820,1858,1479,6276,7347,2817,1390,0,83,0.56138,-0.05114,0
1786018970.5684,D_left_back_left,D,left,0,back_left,,7,7.0000,331.5000,260.5000,251.7000,281.7000,2.4000,358.2000,349.1000,20.1000,0.0000,154.2000,0.0000,121.3000,0.0000,0.19800,0.00600,0.89600,4.72000,0.04000,-9.27000,-0.92600,0.04200,0.23800,0.31000,1.79000,-4.11000,12.1,3.1,1.0,1.0,0.713962,0.303132,1.446585,-1.192069,-0.175235,2.048349,-0.089600,0.486000,0.869300,0.003200,0.133500,0.542300,0.828800,0.034500,0.713962,0.303132,1.446585,-0.100836,0.013868,1.408864,-2.228416,-1.044930,-1.327117,-1.339687,2.882044,0.031509,1.017292,-0.710242,2.239845,0.767179,2.133299,-0.556394,-1.174809,1.507891,0,1,1.0000,1.0000,1,1,0,0,0.0000,0.0000,,,,,9093,125296,1859,1514,6276,123760,2817,1464,0,72,0.56138,-0.05114,0
1786018970.6018,D_left_back_left,D,left,0,back_left,,8,118.8000,331.5000,260.5000,253.8000,281.7000,2.5000,358.2000,349.1000,20.0000,0.0000,154.2000,0.0000,121.3000,0.0000,0.20400,-0.02600,0.87700,4.89000,0.21000,-7.70000,-0.93400,0.03400,0.25000,1.27000,2.05000,-3.10000,12.5,3.2,1.0,1.0,1.082470,0.790698,1.532568,-0.280692,0.044933,1.406312,-0.089600,0.486000,0.869300,0.003200,0.133500,0.542300,0.828800,0.034500,0.713962,0.303132,1.446585,-0.100836,0.013868,1.408864,-2.228416,-1.044930,-1.327117,-1.339687,2.882044,0.031509,1.017292,-0.710242,2.239845,0.767179,2.133299,-0.556394,-1.174809,1.507891,0,1,1.0000,1.0000,1,1,0,0,0.0000,0.0000,,,,,9093,8821,1859,1479,6276,7347,2817,1390,0,84,0.56138,-0.05114,0
1786018970.6026,D_left_back_left,D,left,0,back_left,,9,118.8000,331.5000,260.5000,253.8000,281.7000,2.5000,358.2000,349.1000,20.0000,0.0000,154.2000,0.0000,121.3000,0.0000,0.20400,-0.02600,0.87700,4.89000,0.21000,-7.70000,-0.93400,0.03400,0.25000,1.27000,2.05000,-3.10000,12.5,3.2,1.0,1.0,1.082470,0.790698,1.532568,-0.280692,0.044933,1.406312,-0.089600,0.486000,0.869300,0.003200,0.133500,0.542300,0.828800,0.034500,0.713962,0.303132,1.446585,-0.100836,0.013868,1.408864,-2.228416,-1.044930,-1.327117,-1.339687,2.882044,0.031509,1.017292,-0.710242,2.239845,0.767179,2.133299,-0.556394,-1.174809,1.507891,0,1,1.0000,1.0000,1,1,0,0,0.0000,0.0000,,,,,9093,8821,1859,1479,6276,7347,2817,1390,0,84,0.56138,-0.05114,0
1786018970.6271,D_left_back_left,D,left,0,back_left,,10,118.8000,331.5000,260.6000,247.4000,282.0000,2.3000,358.2000,349.1000,20.2000,0.0000,154.2000,0.0000,121.3000,0.0000,0.22100,0.00300,0.90700,-2.08000,2.66000,-2.71000,-0.93800,0.06700,0.25200,-2.38000,-1.59000,0.84000,12.7,3.0,1.0,1.0,0.797289,0.399498,1.759377,-0.199078,-0.510252,1.555012,-0.089600,0.486000,0.869300,0.003200,0.133500,0.542300,0.828800,0.034500,0.713962,0.303132,1.446585,-0.100836,0.013868,1.408864,-2.228416,-1.044930,-1.327117,-1.339687,2.882044,0.031509,1.017292,-0.710242,2.239845,0.767179,2.133299,-0.556394,-1.174809,1.507891,0,1,1.0000,1.0000,1,1,0,0,0.0000,0.0000,,,,,128728,8821,1880,1479,125550,7347,3178,1390,0,84,0.56138,-0.05114,0
1786018970.6565,D_left_back_left,D,left,0,back_left,,11,118.8000,331.5000,260.7000,247.2000,282.0000,2.3000,358.2000,349.1000,20.2000,0.0000,154.2000,0.0000,121.2000,0.0000,0.23600,0.00100,0.91500,-0.80000,2.29000,-2.64000,-0.93600,0.05600,0.26000,-2.08000,-2.35000,2.78000,11.3,3.1,1.0,1.0,1.082470,0.790698,1.532568,-0.281407,0.044877,1.406046,-0.089600,0.486000,0.869300,0.003200,0.133500,0.542300,0.828800,0.034500,0.713962,0.303132,1.446585,-0.100836,0.013868,1.408864,-2.228416,-1.044930,-1.327117,-1.339687,2.882044,0.031509,1.017292,-0.710242,2.239845,0.767179,2.133299,-0.556394,-1.174809,1.507891,0,1,1.0000,1.0000,1,1,0,0,0.0000,0.0000,,,,,9093,8821,1859,1479,6276,7347,2817,1390,0,84,0.56138,-0.05114,0
1786018970.6904,D_left_back_left,D,left,0,back_left,,12,118.8000,331.4000,260.8000,246.4000,282.0000,2.3000,358.2000,349.1000,20.2000,0.0000,154.0000,0.0000,121.3000,0.0000,0.25000,0.02100,0.92200,-0.08000,3.24000,1.50000,-0.94000,0.04900,0.24400,0.82000,-1.59000,3.76000,11.7,2.4,1.0,1.0,1.082470,0.790698,1.532568,-1.193964,-0.175401,2.047663,-0.089600,0.486000,0.869300,0.003200,0.133500,0.542300,0.828800,0.034500,0.713962,0.303132,1.446585,-0.100836,0.013868,1.408864,-2.228402,-1.044986,-1.327217,-1.339690,2.884457,0.031484,1.014955,-0.710242,2.239845,0.767179,2.133299,-0.556394,-1.174809,1.507891,0,1,1.0000,1.0000,1,1,0,0,0.0000,0.0000,,,,,128728,8822,1880,1479,125550,7347,3178,1391,0,84,0.56138,-0.05114,0
1786018970.6976,D_left_back_left,D,left,0,back_left,,13,118.8000,331.4000,260.8000,246.4000,282.0000,2.3000,358.2000,349.1000,20.2000,0.0000,154.0000,0.0000,121.3000,0.0000,0.25000,0.02100,0.92200,-0.08000,3.24000,1.50000,-0.94000,0.04900,0.24400,0.82000,-1.59000,3.76000,11.7,2.4,1.0,1.0,1.082470,0.790698,1.532568,-1.193964,-0.175401,2.047663,-0.089600,0.486000,0.869300,0.003200,0.133500,0.542300,0.828800,0.034500,0.713962,0.303132,1.446585,-0.100836,0.013868,1.408864,-2.228402,-1.044986,-1.327217,-1.339690,2.884457,0.031484,1.014955,-0.710242,2.239845,0.767179,2.133299,-0.556394,-1.174809,1.507891,0,1,1.0000,1.0000,1,1,0,0,0.0000,0.0000,,,,,128728,8822,1880,1479,125550,7347,3178,1391,0,84,0.56138,-0.05114,0
1786018970.7062,D_left_back_left,D,left,0,back_left,,14,118.8000,331.4000,260.8000,246.4000,282.0000,2.3000,358.2000,349.1000,20.2000,0.0000,154.0000,0.0000,121.3000,0.0000,0.25000,0.02100,0.92200,-0.08000,3.24000,1.50000,-0.94000,0.04900,0.24400,0.82000,-1.59000,3.76000,11.7,2.4,1.0,1.0,1.082470,0.790698,1.532568,-1.193964,-0.175401,2.047663,-0.089600,0.486000,0.869300,0.003200,0.133500,0.542300,0.828800,0.034500,0.713962,0.303132,1.446585,-0.100836,0.013868,1.408864,-2.228402,-1.044986,-1.327217,-1.339690,2.884457,0.031484,1.014955,-0.710242,2.239845,0.767179,2.133299,-0.556394,-1.174809,1.507891,0,1,1.0000,1.0000,1,1,0,0,0.0000,0.0000,,,,,128728,8822,1880,1479,125550,7347,3178,1391,0,84,0.56138,-0.05114,0
1786018970.7362,D_left_back_left,D,left,0,back_left,,15,118.8000,331.4000,261.1000,245.8000,282.0000,2.0000,358.1000,349.1000,20.0000,0.0000,154.1000,0.0000,121.3000,0.0000,0.24200,0.03200,0.90300,1.37000,0.61000,5.98000,-0.92700,0.04600,0.23200,-0.40000,0.81000,1.19000,13.5,2.0,1.0,1.0,0.797289,0.399498,1.759377,-0.281284,0.044904,1.406098,-0.089600,0.486000,0.869300,0.003200,0.133500,0.542300,0.828800,0.034500,0.713962,0.303132,1.446585,-0.100836,0.013868,1.408864,-2.228382,-1.045070,-1.327365,-1.339695,2.888047,0.031447,1.011478,-0.710242,2.239845,0.767179,2.133299,-0.556394,-1.174809,1.507891,0,1,1.0000,1.0000,1,1,0,0,0.0000,0.0000,,,,,128728,8822,1880,1479,125550,7347,3178,1391,0,84,0.56138,-0.05114,0
1786018970.7441,D_left_back_left,D,left,0,back_left,,16,118.8000,331.4000,261.1000,245.8000,282.0000,2.0000,358.1000,349.1000,20.0000,0.0000,154.1000,0.0000,121.3000,0.0000,0.24200,0.03200,0.90300,1.37000,0.61000,5.98000,-0.92700,0.04600,0.23200,-0.40000,0.81000,1.19000,13.5,2.0,1.0,1.0,0.797289,0.399498,1.759377,-0.281284,0.044904,1.406098,-0.089600,0.486000,0.869300,0.003200,0.133500,0.542300,0.828800,0.034500,0.713962,0.303132,1.446585,-0.100836,0.013868,1.408864,-2.228382,-1.045070,-1.327365,-1.339695,2.888047,0.031447,1.011478,-0.710242,2.239845,0.767179,2.133299,-0.556394,-1.174809,1.507891,0,1,1.0000,1.0000,1,1,0,0,0.0000,0.0000,,,,,128728,8822,1880,1479,125550,7347,3178,1391,0,84,0.56138,-0.05114,0
1786018970.7892,D_left_back_left,D,left,0,back_left,,17,118.7000,331.4000,261.2000,245.6000,282.0000,23.0000,358.1000,349.1000,20.1000,0.0000,154.1000,0.0000,121.3000,0.0000,0.24500,0.00600,0.92900,1.72000,0.11000,2.77000,-0.92800,0.04400,0.24300,-0.79000,0.95000,-1.32000,10.3,2.9,1.0,1.0,0.797289,0.399498,1.759377,-0.281004,0.044945,1.406201,-0.089600,0.486000,0.869300,0.003200,0.133500,0.542300,0.828800,0.034500,0.713962,0.303132,1.446585,-0.100836,0.013868,1.408864,-2.228382,-1.045070,-1.327365,-1.339695,2.888047,0.031447,1.011478,-0.710242,2.239845,0.767179,2.133299,-0.556394,-1.174809,1.507891,0,1,1.0000,1.0000,1,1,0,0,0.0000,0.0000,,,,,9093,125297,1859,1514,6276,123760,2817,1464,0,73,0.56138,-0.05114,0
1786018970.8168,D_left_back_left,D,left,0,back_left,,18,118.8000,331.3000,261.2000,245.6000,282.2000,2.3000,358.1000,349.1000,20.1000,0.0000,154.1000,0.0000,121.3000,0.0000,0.25000,0.00200,0.91600,1.55000,0.54000,2.34000,-0.92600,0.04900,0.23900,-1.35000,0.63000,-1.90000,10.0,2.7,1.0,1.0,1.082470,0.790698,1.532568,-1.193659,-0.175365,2.047775,-0.089600,0.486000,0.869300,0.003200,0.133500,0.542300,0.828800,0.034500,0.713962,0.303132,1.446585,-0.100836,0.013868,1.408864,-2.228382,-1.045070,-1.327365,-1.339695,2.888047,0.031447,1.011478,-0.710242,2.239845,0.767179,2.133299,-0.556394,-1.174809,1.507891,0,1,1.0000,1.0000,1,1,0,0,0.0000,0.0000,,,,,128728,125297,1880,1514,125550,123760,3178,1464,0,73,0.56138,-0.05114,0
1786018970.8253,D_left_back_left,D,left,0,back_left,,19,118.8000,331.3000,261.2000,245.6000,282.2000,2.3000,358.1000,349.1000,20.1000,0.0000,154.1000,0.0000,121.3000,0.0000,0.25000,0.00200,0.91600,1.55000,0.54000,2.34000,-0.92600,0.04900,0.23900,-1.35000,0.63000,-1.90000,10.0,2.7,1.0,1.0,1.082470,0.790698,1.532568,-1.193659,-0.175365,2.047775,-0.089600,0.486000,0.869300,0.003200,0.133500,0.542300,0.828800,0.034500,0.713962,0.303132,1.446585,-0.100836,0.013868,1.408864,-2.228382,-1.045070,-1.327365,-1.339695,2.888047,0.031447,1.011478,-0.710242,2.239845,0.767179,2.133299,-0.556394,-1.174809,1.507891,0,1,1.0000,1.0000,1,1,0,0,0.0000,0.0000,,,,,128728,125297,1880,1514,125550,123760,3178,1464,0,73,0.56138,-0.05114,0
1786018970.8675,D_left_back_left,D,left,0,back_left,,20,118.8000,331.3000,261.3000,245.3000,282.0000,2.5000,358.1000,349.1000,20.1000,0.0000,154.2000,0.0000,121.1000,0.0000,0.26900,0.00300,0.90600,1.50000,2.08000,3.98000,-0.93400,0.04500,0.24200,-2.42000,0.70000,-3.37000,10.5,2.3,1.0,1.0,0.713962,0.303132,1.446585,-0.280872,0.044966,1.406248,-0.089600,0.486000,0.869300,0.003200,0.133500,0.542300,0.828800,0.034500,0.713962,0.303132,1.446585,-0.100836,0.013868,1.408864,-2.228382,-1.045070,-1.327365,-1.339695,2.888047,0.031447,1.011478,-0.710242,2.239845,0.767179,2.133299,-0.556394,-1.174809,1.507891,0,1,1.0000,1.0000,1,1,0,0,0.0000,0.0000,,,,,9093,125297,1859,1514,6276,123760,2817,1464,0,73,0.56138,-0.05114,0
1786018970.8718,D_left_back_left,D,left,0,back_left,,21,118.8000,331.3000,261.3000,245.3000,282.0000,2.5000,358.1000,349.1000,20.1000,0.0000,154.2000,0.0000,121.1000,0.0000,0.26900,0.00300,0.90600,1.50000,2.08000,3.98000,-0.93400,0.04500,0.24200,-2.42000,0.70000,-3.37000,10.5,2.3,1.0,1.0,0.713962,0.303132,1.446585,-0.280872,0.044966,1.406248,-0.089600,0.486000,0.869300,0.003200,0.133500,0.542300,0.828800,0.034500,0.713962,0.303132,1.446585,-0.100836,0.013868,1.408864,-2.228382,-1.045070,-1.327365,-1.339695,2.888047,0.031447,1.011478,-0.710242,2.239845,0.767179,2.133299,-0.556394,-1.174809,1.507891,0,1,1.0000,1.0000,1,1,0,0,0.0000,0.0000,,,,,9093,125297,1859,1514,6276,123760,2817,1464,0,73,0.56138,-0.05114,0
1786018970.8722,D_left_back_left,D,left,0,back_left,,22,118.8000,331.3000,261.3000,245.3000,282.0000,2.5000,358.1000,349.1000,20.1000,0.0000,154.2000,0.0000,121.1000,0.0000,0.26900,0.00300,0.90600,1.50000,2.08000,3.98000,-0.93400,0.04500,0.24200,-2.42000,0.70000,-3.37000,10.5,2.3,1.0,1.0,0.713962,0.303132,1.446585,-0.280872,0.044966,1.406248,-0.089600,0.486000,0.869300,0.003200,0.133500,0.542300,0.828800,0.034500,0.713962,0.303132,1.446585,-0.100836,0.013868,1.408864,-2.228382,-1.045070,-1.327365,-1.339695,2.888047,0.031447,1.011478,-0.710242,2.239845,0.767179,2.133299,-0.556394,-1.174809,1.507891,0,1,1.0000,1.0000,1,1,0,0,0.0000,0.0000,,,,,9093,125297,1859,1514,6276,123760,2817,1464,0,73,0.56138,-0.05114,0
1786018970.8853,D_left_back_left,D,left,0,back_left,,23,118.8000,331.3000,261.3000,245.3000,282.0000,2.5000,358.1000,349.1000,20.1000,0.0000,154.2000,0.0000,121.1000,0.0000,0.26900,0.00300,0.90600,1.50000,2.08000,3.98000,-0.93400,0.04500,0.24200,-2.42000,0.70000,-3.37000,10.5,2.3,1.0,1.0,0.713962,0.303132,1.446585,-0.280872,0.044966,1.406248,-0.089600,0.486000,0.869300,0.003200,0.133500,0.542300,0.828800,0.034500,0.713962,0.303132,1.446585,-0.100836,0.013868,1.408864,-2.228382,-1.045070,-1.327365,-1.339695,2.888047,0.031447,1.011478,-0.710242,2.239845,0.767179,2.133299,-0.556394,-1.174809,1.507891,0,1,1.0000,1.0000,1,1,0,0,0.0000,0.0000,,,,,9093,125297,1859,1514,6276,123760,2817,1464,0,73,0.56138,-0.05114,0
1786018970.9224,D_left_back_left,D,left,0,back_left,,24,118.7000,331.3000,261.4000,245.2000,282.0000,2.3000,358.1000,349.1000,20.1000,0.0000,154.2000,0.0000,121.3000,0.0000,0.21500,0.02100,0.89800,2.20000,2.30000,233.00000,-0.94000,0.06000,0.24900,-1.31000,0.29000,-2.34000,11.7,1.2,1.0,1.0,0.713962,0.303132,1.446585,-1.196331,-0.175645,2.050528,-0.089600,0.486000,0.869300,0.003200,0.133500,0.542300,0.828800,0.034500,0.713962,0.303132,1.446585,-0.100836,0.013868,1.408864,-2.228382,-1.045070,-1.327365,-1.339695,2.888047,0.031447,1.011478,-0.710242,2.239845,0.767179,2.133299,-0.556394,-1.174809,1.507891,0,1,1.0000,1.0000,1,0,0,1,0.0000,0.0179,,,,,9093,8822,1860,1479,6276,7347,2817,1391,0,84,0.56138,-0.05114,0
1786018970.9339,D_left_back_left,D,left,0,back_left,,25,118.7000,331.1000,261.3000,245.1000,282.0000,2.3000,358.1000,349.1000,20.1000,0.0000,154.2000,0.0000,121.3000,0.0000,0.22400,0.00400,0.89900,2.50000,2.02000,1.51000,-0.94100,0.06700,0.24500,-1.34000,-0.88000,-0.74000,12.1,1.2,1.0,1.0,0.713962,0.303132,1.446585,-0.199808,-0.510300,1.554764,-0.089600,0.486000,0.869300,0.003200,0.133500,0.542300,0.828800,0.034500,0.713962,0.303132,1.446585,-0.100836,0.013868,1.408864,-2.228382,-1.045070,-1.327365,-1.339695,2.888047,0.031447,1.011478,-0.710242,2.239845,0.767179,2.133299,-0.556394,-1.174809,1.507891,0,1,1.0000,1.0000,1,1,0,0,0.0000,0.0000,,,,,9093,125297,1860,1514,6276,123760,2817,1464,0,73,0.56138,-0.05114,0
1786018970.9567,D_left_back_left,D,left,0,back_left,,26,118.7000,331.0000,261.3000,245.5000,282.0000,2.3000,358.1000,349.0000,20.1000,0.0000,154.2000,0.0000,121.3000,0.0000,0.21400,0.00300,0.91500,1.95000,3.17000,0.31000,-0.93700,0.04900,0.24200,-1.21000,-1.35000,0.91000,13.6,1.4,1.0,1.0,0.797289,0.399498,1.759377,-0.199448,-0.510306,1.554890,-0.089600,0.486000,0.869300,0.003200,0.133500,0.542300,0.828800,0.034500,0.713962,0.303132,1.446585,-0.100836,0.013868,1.408864,-2.228382,-1.045070,-1.327365,-1.339695,2.888047,0.031447,1.011478,-0.710242,2.239845,0.767179,2.133299,-0.556394,-1.174809,1.507891,0,1,1.0000,1.0000,1,1,0,0,0.0000,0.0000,,,,,9093,8822,1860,1479,6276,7347,2817,1391,0,84,0.56138,-0.05114,0
1786018970.9637,D_left_back_left,D,left,0,back_left,,27,118.7000,331.0000,261.2000,245.8000,282.0000,2.3000,358.1000,349.0000,20.1000,0.0000,154.2000,0.0000,121.3000,0.0000,0.22300,0.01400,0.91200,4.43000,1.04000,4.97000,-0.93700,0.04900,0.24200,-1.21000,-1.35000,0.91000,12.8,1.1,1.0,1.0,1.082470,0.790698,1.532568,-0.199448,-0.510306,1.554890,-0.089600,0.486000,0.869300,0.003200,0.133500,0.542300,0.828800,0.034500,0.713962,0.303132,1.446585,-0.100836,0.013868,1.408864,-2.228382,-1.045070,-1.327365,-1.339695,2.888047,0.031447,1.011478,-0.710242,2.239845,0.767179,2.133299,-0.556394,-1.174809,1.507891,0,1,1.0000,1.0000,1,1,0,0,0.0000,0.0000,,,,,128729,125297,1881,1514,125551,123760,3178,1464,0,73,0.56138,-0.05114,0
1786018970.9839,D_left_back_left,D,left,0,back_left,,28,118.7000,331.0000,261.2000,245.8000,282.0000,2.3000,358.1000,349.0000,20.1000,0.0000,154.2000,0.0000,121.3000,0.0000,0.22300,0.01400,0.91200,4.43000,1.04000,4.97000,-0.93700,0.04900,0.24200,-1.21000,-1.35000,0.91000,12.4,1.4,1.0,1.0,1.082470,0.790698,1.532568,-0.199448,-0.510306,1.554890,-0.089600,0.486000,0.869300,0.003200,0.133500,0.542300,0.828800,0.034500,0.713962,0.303132,1.446585,-0.100836,0.013868,1.408864,-2.228382,-1.045070,-1.327365,-1.339695,2.888047,0.031447,1.011478,-0.710242,2.239845,0.767179,2.133299,-0.556394,-1.174809,1.507891,0,1,1.0000,1.0000,1,1,0,0,0.0000,0.0000,,,,,128729,8822,1881,1479,125551,7347,3178,1391,0,84,0.56138,-0.05114,0
1786018971.0022,D_left_back_left,D,left,0,back_left,,29,118.7000,331.0000,261.2000,245.8000,282.0000,2.3000,358.1000,349.0000,20.1000,0.0000,154.2000,0.0000,121.3000,0.0000,0.22300,0.01400,0.91200,4.43000,1.04000,4.97000,-0.93700,0.04900,0.24200,-1.21000,-1.35000,0.91000,12.4,1.4,1.0,1.0,1.082470,0.790698,1.532568,-1.207002,-0.154964,2.050017,-0.089600,0.486000,0.869300,0.003200,0.133500,0.542300,0.828800,0.034500,0.713962,0.303132,1.446585,-0.100836,0.013868,1.408864,-2.228382,-1.045070,-1.327365,-1.339695,2.888047,0.031447,1.011478,-0.710242,2.239845,0.767179,2.133299,-0.556394,-1.174809,1.507891,0,1,1.0000,1.0000,1,1,0,0,0.0000,0.0000,,,,,128729,8822,1881,1479,125551,7347,3178,1391,0,84,0.56138,-0.05114,0
1786018971.0286,D_left_back_left,D,left,0,back_left,,30,118.9000,330.9000,261.1000,246.2000,282.1000,2.2000,358.1000,39.0000,20.2000,0.0000,154.2000,0.0000,121.0000,0.0000,0.23900,0.03000,0.90000,0.75000,4.49000,0.40000,-0.93200,0.04100,0.24100,0.20000,2.28000,-2.40000,12.8,1.1,1.0,1.0,0.797289,0.399498,1.759377,-0.282331,0.044815,1.405719,-0.089600,0.486000,0.869300,0.003200,0.133500,0.542300,0.828800,0.034500,0.713962,0.303132,1.446585,-0.100836,0.013868,1.408864,-2.228382,-1.045070,-1.327365,-1.339695,2.888047,0.031447,1.011478,-0.710242,2.239845,0.767179,2.133299,-0.556394,-1.174809,1.507891,0,1,1.0000,1.0000,1,1,0,0,0.0000,0.0000,,,,,128729,125297,1881,1515,125551,123760,3178,1464,0,73,0.56138,-0.05114,0
1786018971.0474,D_left_back_left,D,left,0,back_left,,31,118.9000,331.0000,261.1000,246.5000,282.0000,2.4000,358.1000,349.1000,20.2000,0.0000,154.2000,0.0000,121.2000,0.0000,0.23500,0.00500,0.90400,1.15000,2.38000,2.37000,-0.93000,0.05800,0.24200,-3.27000,-1.09000,0.82000,11.1,4.3,1.0,1.0,1.082470,0.790698,1.532568,-1.204067,-0.161196,2.048961,-0.089600,0.486000,0.869300,0.003200,0.133500,0.542300,0.828800,0.034500,0.713962,0.303132,1.446585,-0.100836,0.013868,1.408864,-2.228382,-1.045070,-1.327365,-1.339695,2.888047,0.031447,1.011478,-0.710242,2.239845,0.767179,2.133299,-0.556394,-1.174809,1.507891,0,1,1.0000,1.0000,1,1,0,0,0.0000,0.0000,,,,,9093,125297,1860,1515,6276,123760,2817,1464,0,73,0.56138,-0.05114,0
1786018971.0663,D_left_back_left,D,left,0,back_left,,32,118.9000,330.9000,261.2000,249.2000,281.9000,2.3000,358.1000,349.1000,20.2000,0.0000,154.2000,0.0000,121.2000,0.0000,0.23300,0.01700,0.90700,0.08000,2.64000,1.65000,-0.92600,0.06100,0.24000,-0.91000,-0.43000,-0.44000,11.4,1.8,1.0,1.0,0.797289,0.399498,1.759377,-0.283449,0.044701,1.405307,-0.089600,0.486000,0.869300,0.003200,0.133500,0.542300,0.828800,0.034500,0.713962,0.303132,1.446585,-0.100836,0.013868,1.408864,-2.228382,-1.045070,-1.327365,-1.339695,2.888047,0.031447,1.011478,-0.710242,2.239845,0.767179,2.133299,-0.556394,-1.174809,1.507891,0,1,1.0000,1.0000,1,1,0,0,0.0000,0.0000,,,,,9093,8822,1860,1480,6276,7347,2817,1391,0,84,0.56138,-0.05114,0
1786018971.0959,D_left_back_left,D,left,0,back_left,,33,118.9000,330.9000,261.2000,253.3000,281.9000,2.4000,358.1000,349.1000,20.2000,0.0000,154.2000,0.0000,121.2000,0.0000,0.24600,0.00800,0.92900,0.43000,1.99000,1.93000,-0.93800,0.06100,0.24300,-0.15000,-0.24000,-0.76000,10.6,1.5,1.0,1.0,1.082470,0.790698,1.532568,-1.201614,-0.165516,2.048360,-0.089600,0.486000,0.869300,0.003200,0.133500,0.542300,0.828800,0.034500,0.713962,0.303132,1.446585,-0.100836,0.013868,1.408864,-2.228382,-1.045070,-1.327365,-1.339695,2.888047,0.031447,1.011478,-0.710242,2.239845,0.767179,2.133299,-0.556394,-1.174809,1.507891,0,1,1.0000,1.0000,1,1,0,0,0.0000,0.0000,,,,,128729,125297,1881,1515,125551,123760,3178,1464,0,73,0.56138,-0.05114,0
1786018971.1362,D_left_back_left,D,left,0,back_left,,34,118.9000,330.9000,261.2000,253.3000,281.9000,2.4000,358.1000,349.1000,20.2000,0.0000,154.2000,0.0000,121.2000,0.0000,0.24600,0.00800,0.92900,0.43000,1.99000,1.93000,-0.94200,0.06200,0.24500,-0.66000,-0.34000,-0.30000,9.8,2.2,1.0,1.0,1.082470,0.790698,1.532568,-0.283871,0.044658,1.405152,-0.089600,0.486000,0.869300,0.003200,0.133500,0.542300,0.828800,0.034500,0.713962,0.303132,1.446585,-0.100836,0.013868,1.408864,-2.228382,-1.045070,-1.327365,-1.339695,2.888047,0.031447,1.011478,-0.710242,2.239845,0.767179,2.133299,-0.556394,-1.174809,1.507891,0,1,1.0000,1.0000,1,1,0,0,0.0000,0.0000,,,,,9093,8822,1861,1480,6276,7347,2817,1391,0,84,0.56138,-0.05114,0
1786018971.1385,D_left_back_left,D,left,0,back_left,,35,118.9000,330.9000,261.2000,254.7000,281.9000,2.5000,358.1000,349.1000,20.2000,0.0000,154.2000,0.0000,121.2000,0.0000,0.23300,0.00800,0.91600,2.45000,0.73000,1.24000,-0.94200,0.06200,0.24500,-0.66000,-0.34000,-0.30000,9.8,2.2,1.0,1.0,1.082470,0.790698,1.532568,-0.283871,0.044658,1.405152,-0.089600,0.486000,0.869300,0.003200,0.133500,0.542300,0.828800,0.034500,0.713962,0.303132,1.446585,-0.100836,0.013868,1.408864,-2.228382,-1.045070,-1.327365,-1.339695,2.888047,0.031447,1.011478,-0.710242,2.239845,0.767179,2.133299,-0.556394,-1.174809,1.507891,0,1,1.0000,1.0000,1,1,0,0,0.0000,0.0000,,,,,9093,8822,1861,1480,6276,7347,2817,1391,0,84,0.56138,-0.05114,0
1786018971.1465,D_left_back_left,D,left,0,back_left,,36,118.9000,330.9000,261.1000,257.0000,281.9000,2.3000,358.1000,349.1000,20.2000,0.0000,154.2000,0.0000,121.2000,0.0000,0.22700,0.00700,0.90200,2.50000,0.86000,1.24000,-0.93100,0.05700,0.23500,-1.51000,-0.76000,-0.34000,11.3,1.7,1.0,1.0,0.713962,0.303132,1.446585,-1.199637,-0.168512,2.048032,-0.089600,0.486000,0.869300,0.003200,0.133500,0.542300,0.828800,0.034500,0.713962,0.303132,1.446585,-0.100836,0.013868,1.408864,-2.228382,-1.045070,-1.327365,-1.339695,2.888047,0.031447,1.011478,-0.710242,2.239845,0.767179,2.133299,-0.556394,-1.174809,1.507891,0,1,1.0000,1.0000,1,1,0,0,0.0000,0.0000,,,,,9093,8822,1861,1480,6276,7347,2817,1391,0,84,0.56138,-0.05114,0
1786018971.1640,D_left_back_left,D,left,0,back_left,,37,118.9000,330.9000,261.1000,257.0000,281.9000,2.3000,358.1000,349.1000,20.2000,0.0000,154.2000,0.0000,121.2000,0.0000,0.22700,0.00700,0.90200,2.50000,0.86000,1.24000,-0.93100,0.05700,0.23500,-1.51000,-0.76000,-0.34000,11.7,4.0,1.0,1.0,0.713962,0.303132,1.446585,-1.199637,-0.168512,2.048032,-0.089600,0.486000,0.869300,0.003200,0.133500,0.542300,0.828800,0.034500,0.713962,0.303132,1.446585,-0.100836,0.013868,1.408864,-2.228382,-1.045070,-1.327365,-1.339695,2.888047,0.031447,1.011478,-0.710242,2.239845,0.767179,2.133299,-0.556394,-1.174809,1.507891,0,1,1.0000,1.0000,1,1,0,0,0.0000,0.0000,,,,,128730,8822,1882,1480,125552,7347,3178,1391,0,84,0.56138,-0.05114,0
1786018971.1903,D_left_back_left,D,left,0,back_left,,38,118.9000,330.9000,261.1000,257.0000,281.9000,2.3000,358.1000,349.1000,20.2000,0.0000,154.2000,0.0000,121.2000,0.0000,0.22700,0.00700,0.90200,2.50000,0.86000,1.24000,-0.93100,0.05700,0.23500,-1.51000,-0.76000,-0.34000,12.8,3.5,1.0,1.0,0.713962,0.303132,1.446585,-1.199637,-0.168512,2.048032,-0.089600,0.486000,0.869300,0.003200,0.133500,0.542300,0.828800,0.034500,0.713962,0.303132,1.446585,-0.100836,0.013868,1.408864,-2.228382,-1.045070,-1.327365,-1.339695,2.888047,0.031447,1.011478,-0.710242,2.239845,0.767179,2.133299,-0.556394,-1.174809,1.507891,0,1,1.0000,1.0000,1,1,0,0,0.0000,0.0000,,,,,128730,125297,1882,1515,125552,123760,3178,1464,0,73,0.56138,-0.05114,0
1786018971.2028,D_left_back_left,D,left,0,back_left,,39,118.9000,330.9000,260.8000,257.8000,281.9000,2.3000,358.1000,349.1000,20.2000,0.0000,154.2000,0.0000,121.2000,0.0000,0.27100,0.02300,0.94400,7.97000,-4.91000,4.37000,-0.93100,0.05700,0.23500,-1.51000,-0.76000,-0.34000,12.8,3.5,1.0,1.0,0.797289,0.399498,1.759377,-1.199637,-0.168512,2.048032,-0.089600,0.486000,0.869300,0.003200,0.133500,0.542300,0.828800,0.034500,0.713962,0.303132,1.446585,-0.100836,0.013868,1.408864,-2.228382,-1.045070,-1.327365,-1.339695,2.888047,0.031447,1.011478,-0.710242,2.239845,0.767179,2.133299,-0.556394,-1.174809,1.507891,0,1,1.0000,1.0000,1,1,0,0,0.0000,0.0000,,,,,9093,8822,1861,1480,6276,7347,2817,1391,0,84,0.56138,-0.05114,0
1786018971.2280,D_left_back_left,D,left,0,back_left,,40,118.9000,330.9000,260.8000,257.8000,281.9000,2.3000,358.1000,349.1000,20.2000,0.0000,154.2000,0.0000,121.2000,0.0000,0.27100,0.02300,0.94400,7.97000,-4.91000,4.37000,-0.93100,0.05700,0.23500,-1.51000,-0.76000,-0.34000,12.8,3.5,1.0,1.0,0.797289,0.399498,1.759377,-1.199637,-0.168512,2.048032,-0.089600,0.486000,0.869300,0.003200,0.133500,0.542300,0.828800,0.034500,0.713962,0.303132,1.446585,-0.100836,0.013868,1.408864,-2.228382,-1.045070,-1.327365,-1.339695,2.888047,0.031447,1.011478,-0.710242,2.239845,0.767179,2.133299,-0.556394,-1.174809,1.507891,0,1,1.0000,1.0000,1,1,0,0,0.0000,0.0000,,,,,128730,8822,1882,1480,125552,7347,3178,1391,0,84,0.56138,-0.05114,0
1786018971.2481,D_left_back_left,D,left,0,back_left,,41,118.9000,330.9000,260.8000,257.8000,281.9000,2.3000,358.1000,349.1000,20.2000,0.0000,154.2000,0.0000,121.2000,0.0000,0.27100,0.02300,0.94400,7.97000,-4.91000,4.37000,-0.93100,0.05700,0.23500,-1.51000,-0.76000,-0.34000,12.8,3.5,1.0,1.0,0.797289,0.399498,1.759377,-1.199637,-0.168512,2.048032,-0.089600,0.486000,0.869300,0.003200,0.133500,0.542300,0.828800,0.034500,0.713962,0.303132,1.446585,-0.100836,0.013868,1.408864,-2.228350,-1.045206,-1.327607,-1.339703,2.893930,0.031388,1.005780,-0.710242,2.239845,0.767179,2.133299,-0.556394,-1.174809,1.507891,0,1,1.0000,1.0000,1,1,0,0,0.0000,0.0000,,,,,128730,125297,1882,1516,125552,123760,3178,1464,0,73,0.56138,-0.05114,0
1786018971.2737,D_left_back_left,D,left,0,back_left,,42,119.0000,331.0000,60.5000,258.0000,282.3000,2.5000,358.0000,349.0000,20.2000,0.0000,54.3000,0.0000,121.4000,0.0000,0.19400,0.01100,0.87200,1.92000,2.43000,1.01000,-0.93600,0.05900,0.24800,-2.26000,0.16000,-4.08000,11.3,1.5,1.0,1.0,1.082470,0.790698,1.532568,-0.293784,0.043570,1.432904,-0.089600,0.486000,0.869300,0.003200,0.133500,0.542300,0.828800,0.034500,0.713962,0.303132,1.446585,-0.100836,0.013868,1.408864,-2.228350,-1.045206,-1.327607,-1.339703,2.893930,0.031388,1.005780,-0.710242,2.239845,0.767179,2.133299,-0.556394,-1.174809,1.507891,0,1,1.0000,1.0000,1,1,0,0,0.0000,0.0000,,,,,128730,125297,1882,1516,125552,123760,3178,1464,0,73,0.56138,-0.05114,0
1786018971.2961,D_left_back_left,D,left,0,back_left,,43,119.0000,331.2000,260.4000,257.9000,282.3000,2.4000,358.0000,349.0000,20.2000,0.0000,154.2000,0.0000,121.4000,0.0000,0.23200,-0.02100,0.87300,-0.73000,2.64000,-4.60000,-0.93900,0.06300,0.24700,-1.82000,0.14000,-3.47000,7.9,2.7,1.0,1.0,1.082470,0.790698,1.532568,-0.300822,0.042798,1.452298,-0.089600,0.486000,0.869300,0.003200,0.133500,0.542300,0.828800,0.034500,0.713962,0.303132,1.446585,-0.100836,0.013868,1.408864,-2.228350,-1.045206,-1.327607,-1.339703,2.893930,0.031388,1.005780,-0.710242,2.239845,0.767179,2.133299,-0.556394,-1.174809,1.507891,0,1,1.0000,1.0000,1,0,0,1,0.0000,0.0168,,,,,9093,8822,1862,1481,6276,7347,2817,1391,0,84,0.56138,-0.05114,0
1786018971.3044,D_left_back_left,D,left,0,back_left,,44,119.0000,331.2000,260.4000,257.9000,282.3000,2.4000,358.0000,349.0000,20.2000,0.0000,154.2000,0.0000,121.4000,0.0000,0.23200,-0.02100,0.87300,-0.73000,2.64000,-4.60000,-0.93900,0.06300,0.24700,-1.82000,0.14000,-3.47000,7.9,2.7,1.0,1.0,1.082470,0.790698,1.532568,-0.300822,0.042798,1.452298,-0.089600,0.486000,0.869300,0.003200,0.133500,0.542300,0.828800,0.034500,0.713962,0.303132,1.446585,-0.100836,0.013868,1.408864,-2.228350,-1.045206,-1.327607,-1.339703,2.893930,0.031388,1.005780,-0.710242,2.239845,0.767179,2.133299,-0.556394,-1.174809,1.507891,0,1,1.0000,1.0000,1,0,0,1,0.0000,0.0168,,,,,9093,8823,1862,1481,6276,7347,2817,1392,0,84,0.56138,-0.05114,0
1786018971.3275,D_left_back_left,D,left,0,back_left,,45,119.0000,331.2000,260.4000,257.9000,282.3000,2.4000,358.0000,349.0000,20.2000,0.0000,154.2000,0.0000,121.4000,0.0000,0.23200,-0.02100,0.87300,-0.73000,2.64000,-4.60000,-0.93900,0.06300,0.24700,-1.82000,0.14000,-3.47000,7.9,2.7,1.0,1.0,1.082470,0.790698,1.532568,-0.300822,0.042798,1.452298,-0.089600,0.486000,0.869300,0.003200,0.133500,0.542300,0.828800,0.034500,0.713962,0.303132,1.446585,-0.100836,0.013868,1.408864,-2.228350,-1.045206,-1.327607,-1.339703,2.893930,0.031388,1.005780,-0.710242,2.239845,0.767179,2.133299,-0.556394,-1.174809,1.507891,0,1,1.0000,1.0000,1,0,0,1,0.0000,0.0168,,,,,9093,8823,1862,1481,6276,7347,2817,1392,0,84,0.56138,-0.05114,0
1786018971.3439,D_left_back_left,D,left,0,back_left,,46,119.0000,331.2000,260.4000,257.9000,282.3000,2.4000,358.0000,349.0000,20.2000,0.0000,154.2000,0.0000,121.4000,0.0000,0.23200,-0.02100,0.87300,-0.73000,2.64000,-4.60000,-0.93900,0.06300,0.24700,-1.82000,0.14000,-3.47000,11.9,2.2,1.0,1.0,0.797289,0.399498,1.759377,-0.300822,0.042798,1.452298,-0.089600,0.486000,0.869300,0.003200,0.133500,0.542300,0.828800,0.034500,0.713962,0.303132,1.446585,-0.100836,0.013868,1.408864,-2.228350,-1.045206,-1.327607,-1.339703,2.893930,0.031388,1.005780,-0.710242,2.239845,0.767179,2.133299,-0.556394,-1.174809,1.507891,0,1,1.0000,1.0000,1,0,0,1,0.0000,0.0168,,,,,9093,8823,1862,1481,6276,7347,2817,1392,0,84,0.56138,-0.05114,0
1786018971.3711,D_left_back_left,D,left,0,back_left,,47,118.9000,331.3000,260.4000,258.0000,282.3000,2.4000,358.3000,349.1000,20.3000,0.0000,154.2000,0.0000,121.4000,0.0000,0.21400,0.01400,0.88000,-5.47000,5.24000,-1.66000,-0.93800,0.05700,0.24500,-1.34000,-0.49000,2.94000,12.2,1.9,1.0,1.0,0.797289,0.399498,1.759377,-0.200219,-0.510357,1.554597,-0.089600,0.486000,0.869300,0.003200,0.133500,0.542300,0.828800,0.034500,0.713962,0.303132,1.446585,-0.100836,0.013868,1.408864,-2.228350,-1.045206,-1.327607,-1.339703,2.893930,0.031388,1.005780,-0.710242,2.239845,0.767179,2.133299,-0.556394,-1.174809,1.507891,0,1,1.0000,1.0000,1,1,0,0,0.0000,0.0000,,,,,128730,125298,1883,1516,125552,123760,3178,1465,0,73,0.56138,-0.05114,0
1786018971.3863,D_left_back_left,D,left,0,back_left,,48,118.9000,331.3000,260.4000,258.0000,282.3000,2.4000,358.3000,349.1000,20.3000,0.0000,154.2000,0.0000,121.4000,0.0000,0.21400,0.01400,0.88000,-5.47000,5.24000,-1.66000,-0.93800,0.05700,0.24500,-1.34000,-0.49000,2.94000,11.1,3.1,1.0,1.0,0.797289,0.399498,1.759377,-0.200219,-0.510357,1.554597,-0.089600,0.486000,0.869300,0.003200,0.133500,0.542300,0.828800,0.034500,0.713962,0.303132,1.446585,-0.100836,0.013868,1.408864,-2.228350,-1.045206,-1.327607,-1.339703,2.893930,0.031388,1.005780,-0.710242,2.239845,0.767179,2.133299,-0.556394,-1.174809,1.507891,0,1,1.0000,1.0000,1,1,0,0,0.0000,0.0000,,,,,9093,8823,1862,1481,6276,7347,2817,1392,0,84,0.56138,-0.05114,0
1786018971.4093,D_left_back_left,D,left,0,back_left,,49,119.0000,331.3000,260.2000,261.0000,282.5000,2.2000,357.9000,349.1000,20.2000,0.0000,154.2000,0.0000,121.3000,0.0000,0.24000,0.01900,0.91700,-6.25000,-0.24000,-2.68000,-0.92700,0.06000,0.23100,-1.73000,-1.24000,4.60000,11.1,3.1,1.0,1.0,1.082470,0.790698,1.532568,-0.200675,-0.510397,1.554433,-0.089600,0.486000,0.869300,0.003200,0.133500,0.542300,0.828800,0.034500,0.713962,0.303132,1.446585,-0.100836,0.013868,1.408864,-2.228350,-1.045206,-1.327607,-1.339703,2.893930,0.031388,1.005780,-0.710242,2.239845,0.767179,2.133299,-0.556394,-1.174809,1.507891,0,1,1.0000,1.0000,1,1,0,0,0.0000,0.0000,,,,,9093,8823,1862,1481,6276,7347,2817,1392,0,84,0.56138,-0.05114,0
1786018971.4235,D_left_back_left,D,left,0,back_left,,50,119.0000,331.3000,260.2000,261.0000,282.5000,2.2000,357.9000,349.1000,20.2000,0.0000,154.2000,0.0000,121.3000,0.0000,0.24000,0.01900,0.91700,-6.25000,-0.24000,-2.68000,-0.92700,0.06000,0.23100,-1.73000,-1.24000,4.60000,11.1,3.1,1.0,1.0,1.082470,0.790698,1.532568,-0.200675,-0.510397,1.554433,-0.089600,0.486000,0.869300,0.003200,0.133500,0.542300,0.828800,0.034500,0.713962,0.303132,1.446585,-0.100836,0.013868,1.408864,-2.228350,-1.045206,-1.327607,-1.339703,2.893930,0.031388,1.005780,-0.710242,2.239845,0.767179,2.133299,-0.556394,-1.174809,1.507891,0,1,1.0000,1.0000,1,1,0,0,0.0000,0.0000,,,,,9093,8824,1862,1481,6276,7347,2817,1393,0,84,0.56138,-0.05114,0
1786018971.4511,D_left_back_left,D,left,0,back_left,,51,119.0000,331.3000,260.0000,263.8000,282.6000,2.3000,357.9000,349.2000,20.2000,0.0000,154.1000,0.0000,121.3000,0.0000,0.24500,0.02100,0.92200,-6.79000,4.44000,3.95000,-0.92800,0.05000,0.23200,-0.14000,0.82000,-0.20000,12.4,3.2,1.0,1.0,0.797289,0.399498,1.759377,-0.200201,-0.510292,1.554605,-0.089600,0.486000,0.869300,0.003200,0.133500,0.542300,0.828800,0.034500,0.713962,0.303132,1.446585,-0.100836,0.013868,1.408864,-2.228350,-1.045206,-1.327607,-1.339703,2.893930,0.031388,1.005780,-0.710242,2.239845,0.767179,2.133299,-0.556394,-1.174809,1.507891,0,1,1.0000,1.0000,1,1,0,0,0.0000,0.0000,,,,,128730,8824,1883,1481,125552,7347,3178,1393,0,84,0.56138,-0.05114,0
1786018971.4638,D_left_back_left,D,left,0,back_left,,52,119.0000,331.3000,259.6000,264.9000,282.7000,1.9000,357.9000,349.2000,20.2000,0.0000,154.1000,0.0000,121.3000,0.0000,0.23000,-0.02100,0.92100,-9.33000,4.63000,6.63000,-0.93300,0.04400,0.24100,-1.74000,-0.21000,-1.17000,15.3,4.3,1.0,1.0,1.082470,0.790698,1.532568,-0.294677,0.043520,1.438539,-0.089600,0.486000,0.869300,0.003200,0.133500,0.542300,0.828800,0.034500,0.713962,0.303132,1.446585,-0.100836,0.013868,1.408864,-2.228350,-1.045206,-1.327607,-1.339703,2.893930,0.031388,1.005780,-0.710242,2.239845,0.767179,2.133299,-0.556394,-1.174809,1.507891,0,1,1.0000,1.0000,1,1,0,0,0.0000,0.0000,,,,,9093,8825,1863,1481,6276,7347,2817,1394,0,84,0.56138,-0.05114,0
1786018971.4872,D_left_back_left,D,left,0,back_left,,53,119.0000,331.4000,259.2000,258.1000,282.7000,2.2000,357.8000,349.2000,20.2000,0.0000,154.1000,0.0000,121.3000,0.0000,0.20300,0.00100,0.91100,-2.13000,4.33000,2.76000,-0.93300,0.04400,0.24100,-1.74000,-0.21000,-1.17000,15.0,4.9,1.0,1.0,1.082470,0.790698,1.532568,-0.294677,0.043520,1.438539,-0.089600,0.486000,0.869300,0.003200,0.133500,0.542300,0.828800,0.034500,0.713962,0.303132,1.446585,-0.100836,0.013868,1.408864,-2.228350,-1.045206,-1.327607,-1.339703,2.893930,0.031388,1.005780,-0.710242,2.239845,0.767179,2.133299,-0.556394,-1.174809,1.507891,0,1,1.0000,1.0000,1,1,0,0,0.0000,0.0000,,,,,9093,8825,1863,1481,6276,7347,2817,1394,0,84,0.56138,-0.05114,0
1786018971.5073,D_left_back_left,D,left,0,back_left,,54,119.0000,331.4000,259.3000,262.9000,282.7000,2.1000,357.9000,349.2000,20.2000,0.0000,154.1000,0.0000,121.3000,0.0000,0.22500,-0.03900,0.92500,-4.27000,5.10000,3.44000,-0.94000,0.05200,0.25100,-2.47000,-0.91000,-1.59000,15.8,4.9,1.0,1.0,0.797289,0.399498,1.759377,-0.199918,-0.510224,1.554707,-0.089600,0.486000,0.869300,0.003200,0.133500,0.542300,0.828800,0.034500,0.713962,0.303132,1.446585,-0.100836,0.013868,1.408864,-2.228343,-1.045233,-1.327655,-1.339704,2.895082,0.031376,1.004663,-0.710242,2.239845,0.767179,2.133299,-0.556394,-1.174809,1.507891,0,1,1.0000,1.0000,1,1,0,0,0.0000,0.0000,,,,,128730,125302,1883,1516,125552,123760,3178,1468,0,74,0.56138,-0.05114,0
1786018971.5349,D_left_back_left,D,left,0,back_left,,55,118.9000,331.4000,259.1000,254.1000,28.0000,2.3000,357.7000,349.0000,20.2000,0.0000,154.2000,0.0000,121.1000,0.0000,0.23600,-0.01500,0.93700,-1.69000,-3.42000,3.31000,-0.93600,0.06900,0.25800,-0.15000,-0.73000,-0.88000,13.4,5.9,1.0,1.0,0.797289,0.399498,1.759377,-0.201003,-0.510408,1.554321,-0.089600,0.486000,0.869300,0.003200,0.133500,0.542300,0.828800,0.034500,0.713962,0.303132,1.446585,-0.100836,0.013868,1.408864,-2.228331,-1.045284,-1.327746,-1.339707,2.897301,0.031354,1.002514,-0.710242,2.239845,0.767179,2.133299,-0.556394,-1.174809,1.507891,0,1,1.0000,1.0000,1,1,0,0,0.0000,0.0000,,,,,128730,125302,1883,1516,125552,123760,3178,1468,0,74,0.56138,-0.05114,0
1786018971.5605,D_left_back_left,D,left,0,back_left,,56,118.9000,331.4000,259.1000,254.5000,282.7000,2.1000,357.2000,349.0000,20.2000,0.0000,154.2000,0.0000,121.2000,0.0000,0.24600,-0.04100,0.93300,0.25000,0.44000,2.50000,-0.92100,0.07200,0.24500,1.42000,-0.24000,-0.31000,15.1,5.8,1.0,1.0,0.797289,0.399498,1.759377,-0.202612,-0.510660,1.553753,-0.089600,0.486000,0.869300,0.003200,0.133500,0.542300,0.828800,0.034500,0.713962,0.303132,1.446585,-0.100836,0.013868,1.408864,-2.228318,-1.045339,-1.327844,-1.339710,2.899694,0.031331,1.000195,-0.710242,2.239845,0.767179,2.133299,-0.556394,-1.174809,1.507891,0,1,1.0000,1.0000,1,1,0,0,0.0000,0.0000,,,,,9093,125303,1863,1516,6276,123760,2817,1469,0,74,0.56138,-0.05114,0
1786018971.5659,D_left_back_left,D,left,0,back_left,,57,118.9000,331.4000,259.1000,254.5000,282.7000,2.1000,357.2000,349.0000,20.2000,0.0000,154.2000,0.0000,121.2000,0.0000,0.24600,-0.04100,0.93300,0.25000,0.44000,2.50000,-0.92100,0.07200,0.24500,1.42000,-0.24000,-0.31000,13.6,5.3,1.0,1.0,0.797289,0.399498,1.759377,-0.202612,-0.510660,1.553753,-0.089600,0.486000,0.869300,0.003200,0.133500,0.542300,0.828800,0.034500,0.713962,0.303132,1.446585,-0.100836,0.013868,1.408864,-2.228318,-1.045339,-1.327844,-1.339710,2.899694,0.031331,1.000195,-0.710242,2.239845,0.767179,2.133299,-0.556394,-1.174809,1.507891,0,1,1.0000,1.0000,1,1,0,0,0.0000,0.0000,,,,,128730,8828,1884,1481,125552,7347,3178,1397,0,84,0.56138,-0.05114,0
1786018971.5896,D_left_back_left,D,left,0,back_left,,58,118.9000,331.4000,259.1000,255.6000,282.7000,2.1000,357.1000,349.0000,20.2000,0.0000,154.2000,0.0000,121.2000,0.0000,0.23400,-0.02800,0.92500,0.59000,2.81000,1.71000,-0.93400,0.07100,0.24200,2.56000,-0.22000,-0.89000,13.8,5.1,1.0,1.0,1.082470,0.790698,1.532568,-0.203117,-0.510737,1.553580,-0.089600,0.486000,0.869300,0.003200,0.133500,0.542300,0.828800,0.034500,0.713962,0.303132,1.446585,-0.100836,0.013868,1.408864,-2.228318,-1.045339,-1.327844,-1.339710,2.899694,0.031331,1.000195,-0.710242,2.239845,0.767179,2.133299,-0.556394,-1.174809,1.507891,0,1,1.0000,1.0000,1,1,0,0,0.0000,0.0000,,,,,9093,8829,1863,1481,6276,7347,2817,1397,0,85,0.56138,-0.05114,0
1786018971.6069,D_left_back_left,D,left,0,back_left,,59,118.7000,331.4000,259.1000,257.4000,282.8000,2.2000,356.8000,349.0000,20.2000,0.0000,153.9000,0.0000,121.2000,0.0000,0.22700,0.00200,0.89800,-1.28000,6.27000,2.59000,-0.93700,0.08000,0.24800,1.25000,-1.38000,0.08000,12.4,4.4,1.0,1.0,1.082470,0.790698,1.532568,-0.289895,0.043969,1.415802,-0.089600,0.486000,0.869300,0.003200,0.133500,0.542300,0.828800,0.034500,0.713962,0.303132,1.446585,-0.100836,0.013868,1.408864,-2.228318,-1.045339,-1.327844,-1.339710,2.899694,0.031331,1.000195,-0.710242,2.239845,0.767179,2.133299,-0.556394,-1.174809,1.507891,0,1,1.0000,1.0000,1,1,0,0,0.0000,0.0000,,,,,128730,125304,1884,1516,125552,123760,3178,1470,0,74,0.56138,-0.05114,0
1786018971.6240,D_left_back_left,D,left,0,back_left,,60,118.3000,331.4000,259.0000,147.8000,282.8000,2.3000,356.6000,349.1000,20.2000,0.0000,154.1000,0.0000,121.2000,0.0000,0.20900,0.00400,0.89800,-5.06000,6.77000,3.66000,-0.93700,0.06800,0.24100,-0.99000,-2.47000,1.75000,11.8,4.6,1.0,1.0,1.082470,0.790698,1.532568,-1.199074,-0.170697,2.047516,-0.089600,0.486000,0.869300,0.003200,0.133500,0.542300,0.828800,0.034500,0.713962,0.303132,1.446585,-0.100836,0.013868,1.408864,-2.228318,-1.045339,-1.327844,-1.339710,2.899694,0.031331,1.000195,-0.710242,2.239845,0.767179,2.133299,-0.556394,-1.174809,1.507891,0,1,1.0000,1.0000,0,1,1,0,0.0189,0.0000,,,,,9093,8829,1863,1481,6276,7347,2817,1397,0,85,0.56138,-0.05114,0
1786018971.6442,D_left_back_left,D,left,0,back_left,,61,118.3000,331.4000,259.0000,147.8000,282.8000,2.3000,356.6000,349.1000,20.2000,0.0000,154.2000,0.0000,121.2000,0.0000,0.20900,0.00400,0.89800,-5.06000,6.77000,3.66000,-0.93400,0.06700,0.24600,-2.02000,-2.92000,2.31000,11.8,4.6,1.0,1.0,1.082470,0.790698,1.532568,-0.288804,0.044101,1.412353,-0.089600,0.486000,0.869300,0.003200,0.133500,0.542300,0.828800,0.034500,0.713962,0.303132,1.446585,-0.100836,0.013868,1.408864,-2.228318,-1.045339,-1.327844,-1.339710,2.899694,0.031331,1.000195,-0.710242,2.239845,0.767179,2.133299,-0.556394,-1.174809,1.507891,0,1,1.0000,1.0000,0,1,1,0,0.0189,0.0000,,,,,9093,8829,1864,1481,6276,7347,2817,1397,0,85,0.56138,-0.05114,0
1786018971.6773,D_left_back_left,D,left,0,back_left,,62,118.3000,331.4000,259.0000,147.8000,282.8000,2.3000,356.6000,349.1000,20.2000,0.0000,154.2000,0.0000,121.2000,0.0000,0.20900,0.00400,0.89800,-5.06000,6.77000,3.66000,-0.93400,0.06700,0.24600,-2.02000,-2.92000,2.31000,11.8,4.6,1.0,1.0,1.082470,0.790698,1.532568,-0.288804,0.044101,1.412353,-0.089600,0.486000,0.869300,0.003200,0.133500,0.542300,0.828800,0.034500,0.713962,0.303132,1.446585,-0.100836,0.013868,1.408864,-2.228318,-1.045339,-1.327844,-1.339710,2.899694,0.031331,1.000195,-0.710242,2.239845,0.767179,2.133299,-0.556394,-1.174809,1.507891,0,1,1.0000,1.0000,0,1,1,0,0.0189,0.0000,,,,,9093,8830,1864,1481,6276,7347,2817,1398,0,85,0.56138,-0.05114,0
1786018971.7175,D_left_back_left,D,left,0,back_left,,63,118.3000,331.4000,259.0000,147.8000,282.8000,2.3000,356.6000,349.1000,20.2000,0.0000,154.2000,0.0000,121.2000,0.0000,0.20900,0.00400,0.89800,-5.06000,6.77000,3.66000,-0.93400,0.06700,0.24600,-2.02000,-2.92000,2.31000,11.8,4.6,1.0,1.0,1.082470,0.790698,1.532568,-0.288804,0.044101,1.412353,-0.089600,0.486000,0.869300,0.003200,0.133500,0.542300,0.828800,0.034500,0.713962,0.303132,1.446585,-0.100836,0.013868,1.408864,-2.228318,-1.045339,-1.327844,-1.339710,2.899694,0.031331,1.000195,-0.710242,2.239845,0.767179,2.133299,-0.556394,-1.174809,1.507891,0,1,1.0000,1.0000,0,1,1,0,0.0189,0.0000,,,,,128730,125305,1884,1516,125552,123760,3178,1471,0,74,0.56138,-0.05114,0
1786018971.7184,D_left_back_left,D,left,0,back_left,,64,118.3000,331.4000,259.0000,147.8000,282.8000,2.3000,356.6000,349.1000,20.2000,0.0000,154.2000,0.0000,121.2000,0.0000,0.20900,0.00400,0.89800,-5.06000,6.77000,3.66000,-0.93400,0.06700,0.24600,-2.02000,-2.92000,2.31000,11.8,4.6,1.0,1.0,1.082470,0.790698,1.532568,-0.288804,0.044101,1.412353,-0.089600,0.486000,0.869300,0.003200,0.133500,0.542300,0.828800,0.034500,0.713962,0.303132,1.446585,-0.100836,0.013868,1.408864,-2.228318,-1.045339,-1.327844,-1.339710,2.899694,0.031331,1.000195,-0.710242,2.239845,0.767179,2.133299,-0.556394,-1.174809,1.507891,0,1,1.0000,1.0000,0,1,1,0,0.0189,0.0000,,,,,128730,125305,1884,1516,125552,123760,3178,1471,0,74,0.56138,-0.05114,0
1786018971.7247,D_left_back_left,D,left,0,back_left,,65,118.3000,331.4000,259.0000,147.8000,282.8000,2.3000,356.6000,349.1000,20.2000,0.0000,154.2000,0.0000,121.2000,0.0000,0.20900,0.00400,0.89800,-5.06000,6.77000,3.66000,-0.93400,0.06700,0.24600,-2.02000,-2.92000,2.31000,11.8,4.6,1.0,1.0,1.082470,0.790698,1.532568,-0.288804,0.044101,1.412353,-0.089600,0.486000,0.869300,0.003200,0.133500,0.542300,0.828800,0.034500,0.713962,0.303132,1.446585,-0.100836,0.013868,1.408864,-2.228318,-1.045339,-1.327844,-1.339710,2.899694,0.031331,1.000195,-0.710242,2.239845,0.767179,2.133299,-0.556394,-1.174809,1.507891,0,1,1.0000,1.0000,0,1,1,0,0.0189,0.0000,,,,,9093,8830,1864,1481,6276,7347,2817,1398,0,85,0.56138,-0.05114,0
1786018971.7454,D_left_back_left,D,left,0,back_left,,66,118.3000,331.4000,259.0000,147.8000,282.8000,2.3000,356.6000,349.1000,20.2000,0.0000,154.2000,0.0000,121.2000,0.0000,0.20900,0.00400,0.89800,-5.06000,6.77000,3.66000,-0.93400,0.06700,0.24600,-2.02000,-2.92000,2.31000,11.8,4.6,1.0,1.0,1.082470,0.790698,1.532568,-0.288804,0.044101,1.412353,-0.089600,0.486000,0.869300,0.003200,0.133500,0.542300,0.828800,0.034500,0.713962,0.303132,1.446585,-0.100836,0.013868,1.408864,-2.228318,-1.045339,-1.327844,-1.339710,2.899694,0.031331,1.000195,-0.710242,2.239845,0.767179,2.133299,-0.556394,-1.174809,1.507891,0,1,1.0000,1.0000,0,1,1,0,0.0189,0.0000,,,,,128730,8830,1884,1481,125552,7347,3178,1398,0,85,0.56138,-0.05114,0
1786018971.7666,D_left_back_left,D,left,0,back_left,,67,118.3000,331.4000,259.0000,147.8000,282.8000,2.3000,356.6000,349.1000,20.2000,0.0000,154.2000,0.0000,121.2000,0.0000,0.20900,0.00400,0.89800,-5.06000,6.77000,3.66000,-0.93400,0.06700,0.24600,-2.02000,-2.92000,2.31000,11.8,4.6,1.0,1.0,1.082470,0.790698,1.532568,-0.288804,0.044101,1.412353,-0.089600,0.486000,0.869300,0.003200,0.133500,0.542300,0.828800,0.034500,0.713962,0.303132,1.446585,-0.100836,0.013868,1.408864,-2.228318,-1.045339,-1.327844,-1.339710,2.899694,0.031331,1.000195,-0.710242,2.239845,0.767179,2.133299,-0.556394,-1.174809,1.507891,0,1,1.0000,1.0000,0,1,1,0,0.0189,0.0000,,,,,128730,8830,1884,1481,125552,7347,3178,1398,0,85,0.56138,-0.05114,0
1786018971.7848,D_left_back_left,D,left,0,back_left,,68,114.4000,332.1000,257.2000,0.0000,284.1000,2.3000,360.0000,349.0000,20.2000,0.0000,154.2000,0.0000,121.3000,0.0000,0.18800,-0.03200,0.89500,-15.52000,10.41000,6.53000,-0.94200,0.06600,0.24700,1.27000,2.08000,-7.99000,12.9,3.9,1.0,1.0,0.713962,0.303132,1.446585,-1.198470,-0.172250,2.047225,-0.089600,0.486000,0.869300,0.003200,0.133500,0.542300,0.828800,0.034500,0.713962,0.303132,1.446585,-0.100836,0.013868,1.408864,-2.228318,-1.045339,-1.327844,-1.339710,2.899694,0.031331,1.000195,-0.710242,2.239845,0.767179,2.133299,-0.556394,-1.174809,1.507891,0,1,1.0000,1.0000,0,1,1,0,0.6522,0.0000,,,,,9093,8830,1864,1481,6276,7347,2817,1398,0,85,0.56138,-0.05114,0
1786018971.8226,D_left_back_left,D,left,0,back_left,,69,113.5000,332.2000,256.5000,0.0000,284.4000,2.5000,360.0000,349.0000,20.2000,0.0000,154.3000,0.0000,121.3000,0.0000,0.22600,-0.11600,0.88700,-25.63000,18.43000,10.18000,-0.92300,0.07000,0.24100,-2.16000,-1.88000,-4.24000,13.1,3.4,1.0,1.0,0.713962,0.303132,1.446585,-1.198477,-0.173383,2.046872,-0.089600,0.486000,0.869300,0.003200,0.133500,0.542300,0.828800,0.034500,0.713962,0.303132,1.446585,-0.100836,0.013868,1.408864,-2.228318,-1.045339,-1.327844,-1.339710,2.899694,0.031331,1.000195,-0.710242,2.239845,0.767179,2.133299,-0.556394,-1.174809,1.507891,0,1,1.0000,1.0000,0,1,1,0,0.6792,0.0000,,,,,9093,8830,1865,1481,6276,7347,2817,1398,0,85,0.56138,-0.05114,0
1786018971.8234,D_left_back_left,D,left,0,back_left,,70,113.5000,332.2000,256.5000,0.0000,284.4000,2.5000,360.0000,349.0000,20.2000,0.0000,154.3000,0.0000,121.3000,0.0000,0.22600,-0.11600,0.88700,-25.63000,18.43000,10.18000,-0.92300,0.07000,0.24100,-2.16000,-1.88000,-4.24000,13.1,3.4,1.0,1.0,0.713962,0.303132,1.446585,-1.198477,-0.173383,2.046872,-0.089600,0.486000,0.869300,0.003200,0.133500,0.542300,0.828800,0.034500,0.713962,0.303132,1.446585,-0.100836,0.013868,1.408864,-2.228318,-1.045339,-1.327844,-1.339710,2.899694,0.031331,1.000195,-0.710242,2.239845,0.767179,2.133299,-0.556394,-1.174809,1.507891,0,1,1.0000,1.0000,0,1,1,0,0.6792,0.0000,,,,,9093,8830,1865,1481,6276,7347,2817,1398,0,85,0.56138,-0.05114,0
1786018971.8471,D_left_back_left,D,left,0,back_left,,71,112.5000,332.2000,255.9000,0.0000,284.4000,2.3000,360.0000,349.0000,20.3000,0.0000,154.2000,0.0000,121.3000,0.0000,0.19800,-0.11300,0.86400,-16.82000,28.79000,4.76000,-0.94800,0.05300,0.24800,-1.16000,-2.59000,-1.69000,12.4,3.3,1.0,1.0,0.797289,0.399498,1.759377,-0.202014,-0.510637,1.553960,-0.089600,0.486000,0.869300,0.003200,0.133500,0.542300,0.828800,0.034500,0.713962,0.303132,1.446585,-0.100836,0.013868,1.408864,-2.228318,-1.045339,-1.327844,-1.339710,2.899694,0.031331,1.000195,-0.710242,2.239845,0.767179,2.133299,-0.556394,-1.174809,1.507891,0,1,1.0000,1.0000,0,1,1,0,0.2691,0.0000,,,,,128730,125305,1885,1516,125552,123760,3178,1471,0,74,0.56138,-0.05114,0
1786018971.8845,D_left_back_left,D,left,0,back_left,,72,111.0000,332.1000,255.0000,0.0000,284.4000,2.3000,360.0000,349.0000,20.3000,0.0000,154.2000,0.0000,121.3000,0.0000,0.14000,-0.09800,0.93200,-18.26000,30.16000,1.55000,-0.94800,0.05300,0.24800,-1.16000,-2.59000,-1.69000,12.8,4.7,1.0,1.0,0.797289,0.399498,1.759377,-0.200434,-0.510483,1.554528,-0.089600,0.486000,0.869300,0.003200,0.133500,0.542300,0.828800,0.034500,0.713963,0.303134,1.446583,-0.100836,0.013868,1.408864,-2.228318,-1.045339,-1.327844,-1.339710,2.899694,0.031331,1.000195,-0.710242,2.239845,0.767179,2.133299,-0.556394,-1.174809,1.507891,0,1,1.0000,1.0000,0,1,1,0,0.3136,0.0000,,,,,9094,8830,1865,1481,6277,7347,2817,1398,0,85,0.56138,-0.05114,0
1786018971.8867,D_left_back_left,D,left,0,back_left,,73,111.0000,332.1000,255.0000,0.0000,284.4000,2.3000,360.0000,349.0000,20.2000,0.0000,154.2000,0.0000,21.3000,0.0000,0.14000,-0.09800,0.93200,-18.26000,30.16000,1.55000,-0.94700,0.04200,0.22600,-1.41000,-0.36000,2.44000,12.8,4.7,1.0,1.0,0.797289,0.399498,1.759377,-0.200434,-0.510483,1.554528,-0.089600,0.486000,0.869300,0.003200,0.133500,0.542300,0.828800,0.034500,0.713963,0.303134,1.446583,-0.100836,0.013868,1.408864,-2.228318,-1.045339,-1.327844,-1.339710,2.899694,0.031331,1.000195,-0.710242,2.239845,0.767179,2.133299,-0.556394,-1.174809,1.507891,0,1,1.0000,1.0000,0,1,1,0,0.3136,0.0000,,,,,9094,8830,1865,1481,6277,7347,2817,1398,0,85,0.56138,-0.05114,0
1786018971.9045,D_left_back_left,D,left,0,back_left,,74,111.0000,332.1000,255.0000,0.0000,284.4000,2.3000,360.0000,349.0000,20.2000,0.0000,154.2000,0.0000,21.3000,0.0000,0.14000,-0.09800,0.93200,-18.26000,30.16000,1.55000,-0.94700,0.04200,0.22600,-1.41000,-0.36000,2.44000,12.8,4.7,1.0,1.0,0.797289,0.399498,1.759377,-0.200434,-0.510483,1.554528,-0.089600,0.486000,0.869300,0.003200,0.133500,0.542300,0.828800,0.034500,0.713963,0.303134,1.446583,-0.100836,0.013868,1.408864,-2.228318,-1.045339,-1.327844,-1.339710,2.899694,0.031331,1.000195,-0.710242,2.239845,0.767179,2.133299,-0.556394,-1.174809,1.507891,0,1,1.0000,1.0000,0,1,1,0,0.3136,0.0000,,,,,9094,8830,1865,1481,6277,7347,2817,1398,0,85,0.56138,-0.05114,0
1786018971.9263,D_left_back_left,D,left,0,back_left,,75,109.3000,331.9000,253.8000,0.0000,284.4000,2.0000,360.0000,349.0000,20.2000,0.0000,154.1000,0.0000,121.3000,0.0000,0.11300,-0.12500,0.94600,-10.13000,37.09000,-13.21000,-0.94800,0.04300,0.23200,0.46000,2.15000,1.88000,13.5,4.8,1.0,1.0,0.713962,0.303132,1.446585,-1.194175,-0.174666,2.047868,-0.089600,0.486000,0.869300,0.003200,0.133500,0.542300,0.828800,0.034500,0.713963,0.303134,1.446583,-0.100836,0.013868,1.408864,-2.228318,-1.045339,-1.327844,-1.339710,2.899694,0.031331,1.000195,-0.710242,2.239845,0.767179,2.133299,-0.556394,-1.174809,1.507891,0,1,1.0000,1.0000,0,1,1,0,0.7930,0.0000,,,,,128732,125305,1885,1516,125554,123760,3178,1471,0,74,0.56138,-0.05114,0
1786018971.9478,D_left_back_left,D,left,0,back_left,,76,109.3000,331.9000,253.8000,0.0000,284.4000,2.0000,360.0000,349.0000,20.2000,0.0000,154.1000,0.0000,121.3000,0.0000,0.11300,-0.12500,0.94600,-10.13000,37.09000,-13.21000,-0.94800,0.04300,0.23200,0.46000,2.15000,1.88000,13.5,4.8,1.0,1.0,0.713962,0.303132,1.446585,-1.194175,-0.174666,2.047868,-0.089600,0.486000,0.869300,0.003200,0.133500,0.542300,0.828800,0.034500,0.713963,0.303134,1.446583,-0.100836,0.013868,1.408864,-2.228318,-1.045339,-1.327844,-1.339710,2.899694,0.031331,1.000195,-0.710242,2.239845,0.767179,2.133299,-0.556394,-1.174809,1.507891,0,1,1.0000,1.0000,0,1,1,0,0.7930,0.0000,,,,,9094,125305,1865,1516,6277,123760,2817,1471,0,74,0.56138,-0.05114,0
1786018971.9636,D_left_back_left,D,left,0,back_left,,77,109.3000,331.9000,253.8000,0.0000,284.4000,2.0000,360.0000,349.0000,20.2000,0.0000,154.1000,0.0000,121.3000,0.0000,0.11300,-0.12500,0.94600,-10.13000,37.09000,-13.21000,-0.94800,0.04300,0.23200,0.46000,2.15000,1.88000,13.5,4.8,1.0,1.0,0.713962,0.303132,1.446585,-1.194175,-0.174666,2.047868,-0.089600,0.486000,0.869300,0.003200,0.133500,0.542300,0.828800,0.034500,0.713964,0.303135,1.446582,-0.100836,0.013868,1.408864,-2.228318,-1.045339,-1.327844,-1.339710,2.899694,0.031331,1.000195,-0.710242,2.239845,0.767179,2.133299,-0.556394,-1.174809,1.507891,0,1,1.0000,1.0000,0,1,1,0,0.7930,0.0000,,,,,128732,8830,1885,1481,125554,7347,3178,1398,0,85,0.56138,-0.05114,0
1786018971.9834,D_left_back_left,D,left,0,back_left,,78,109.3000,331.9000,253.8000,0.0000,284.4000,2.0000,360.0000,349.0000,20.2000,0.0000,154.1000,0.0000,121.3000,0.0000,0.11300,-0.12500,0.94600,-10.13000,37.09000,-13.21000,-0.94800,0.04300,0.23200,0.46000,2.15000,1.88000,12.9,3.5,1.0,1.0,0.713962,0.303132,1.446585,-1.194175,-0.174666,2.047868,-0.089600,0.486000,0.869300,0.003200,0.133500,0.542300,0.828800,0.034500,0.713964,0.303135,1.446582,-0.100836,0.013868,1.408864,-2.228318,-1.045339,-1.327844,-1.339710,2.899694,0.031331,1.000195,-0.710242,2.239845,0.767179,2.133299,-0.556394,-1.174809,1.507891,0,1,1.0000,1.0000,0,1,1,0,0.7930,0.0000,,,,,9094,125305,1865,1516,6277,123760,2817,1471,0,74,0.56138,-0.05114,0
1786018972.0041,D_left_back_left,D,left,0,back_left,,79,109.3000,331.9000,253.8000,0.0000,284.4000,2.0000,360.0000,349.0000,20.2000,0.0000,154.1000,0.0000,121.3000,0.0000,0.11300,-0.12500,0.94600,-10.13000,37.09000,-13.21000,-0.94800,0.04300,0.23200,0.46000,2.15000,1.88000,12.9,3.5,1.0,1.0,0.713962,0.303132,1.446585,-1.194175,-0.174666,2.047868,-0.089600,0.486000,0.869300,0.003200,0.133500,0.542300,0.828800,0.034500,0.713964,0.303135,1.446582,-0.100836,0.013868,1.408864,-2.228318,-1.045339,-1.327844,-1.339710,2.899694,0.031331,1.000195,-0.710242,2.239845,0.767179,2.133299,-0.556394,-1.174809,1.507891,0,1,1.0000,1.0000,0,1,1,0,0.7930,0.0000,,,,,128732,8830,1885,1481,125554,7347,3178,1398,0,85,0.56138,-0.05114,0
1786018972.0411,D_left_back_left,D,left,0,back_left,,80,1063.0000,331.3000,252.5000,0.0000,283.9000,2.3000,360.0000,349.0000,20.2000,0.0000,154.2000,0.0000,21.0000,0.0000,0.14000,-0.07800,0.95500,5.23000,32.11000,-4.61000,-0.92500,0.07300,0.23900,0.23000,-1.04000,3.09000,12.6,3.5,1.0,1.0,1.082470,0.790698,1.532568,-0.287698,0.044158,1.408179,-0.089600,0.486000,0.869300,0.003200,0.133500,0.542300,0.828800,0.034500,0.713964,0.303135,1.446582,-0.100836,0.013868,1.408864,-2.228318,-1.045339,-1.327844,-1.339710,2.899694,0.031331,1.000195,-0.710242,2.239845,0.767179,2.133299,-0.556394,-1.174809,1.507891,0,1,1.0000,1.0000,0,1,1,0,0.4147,0.0000,,,,,9094,125305,1865,1516,6277,123760,2817,1471,0,74,0.56138,-0.05114,0
1786018972.0620,D_left_back_left,D,left,0,back_left,,81,105.3000,331.1000,252.2000,0.0000,283.8000,2.3000,360.0000,349.0000,20.2000,0.0000,154.2000,0.0000,121.3000,0.0000,0.08100,-0.06300,0.96800,5.09000,28.78000,-6.50000,-0.93300,0.06800,0.23600,-1.88000,-1.94000,2.15000,12.6,2.6,1.0,1.0,1.082470,0.790698,1.532568,-0.287384,0.044174,1.406974,-0.089600,0.486000,0.869300,0.003200,0.133500,0.542300,0.828800,0.034500,0.713964,0.303135,1.446582,-0.100836,0.013868,1.408864,-2.228318,-1.045339,-1.327844,-1.339710,2.899694,0.031331,1.000195,-0.710242,2.239845,0.767179,2.133299,-0.556394,-1.174809,1.507891,0,1,1.0000,1.0000,0,1,1,0,0.4436,0.0000,,,,,9094,8830,1865,1481,6277,7347,2817,1398,0,85,0.56138,-0.05114,0
1786018972.0627,D_left_back_left,D,left,0,back_left,,82,105.3000,331.1000,252.2000,0.0000,283.8000,2.3000,360.0000,349.0000,20.2000,0.0000,154.2000,0.0000,121.3000,0.0000,0.08100,-0.06300,0.96800,5.09000,28.78000,-6.50000,-0.93300,0.06800,0.23600,-1.88000,-1.94000,2.15000,12.6,2.6,1.0,1.0,1.082470,0.790698,1.532568,-0.287384,0.044174,1.406974,-0.089600,0.486000,0.869300,0.003200,0.133500,0.542300,0.828800,0.034500,0.713964,0.303135,1.446582,-0.100836,0.013868,1.408864,-2.228318,-1.045339,-1.327844,-1.339710,2.899694,0.031331,1.000195,-0.710242,2.239845,0.767179,2.133299,-0.556394,-1.174809,1.507891,0,1,1.0000,1.0000,0,1,1,0,0.4436,0.0000,,,,,9094,8830,1865,1481,6277,7347,2817,1398,0,85,0.56138,-0.05114,0
1786018972.0951,D_left_back_left,D,left,0,back_left,,83,105.3000,331.1000,252.2000,0.0000,283.8000,2.3000,360.0000,349.0000,20.2000,0.0000,154.2000,0.0000,121.3000,0.0000,0.08100,-0.06300,0.96800,5.09000,28.78000,-6.50000,-0.93300,0.06800,0.23600,-1.88000,-1.94000,2.15000,13.8,2.0,1.0,1.0,1.082470,0.790698,1.532568,-0.287384,0.044174,1.406974,-0.089600,0.486000,0.869300,0.003200,0.133500,0.542300,0.828800,0.034500,0.713964,0.303135,1.446582,-0.100836,0.013868,1.408864,-2.228318,-1.045339,-1.327844,-1.339710,2.899694,0.031331,1.000195,-0.710242,2.239845,0.767179,2.133299,-0.556394,-1.174809,1.507891,0,1,1.0000,1.0000,0,1,1,0,0.4436,0.0000,,,,,9094,8830,1865,1482,6277,7347,2817,1398,0,85,0.56138,-0.05114,0
1786018972.1038,D_left_back_left,D,left,0,back_left,,84,103.8000,330.9000,251.8000,0.0000,283.5000,2.3000,360.0000,349.0000,20.2000,0.0000,154.2000,0.0000,121.3000,0.0000,0.08000,-0.13300,0.93500,1.76000,18.73000,-13.60000,-0.93300,0.06800,0.23600,-1.88000,-1.94000,2.15000,13.8,2.0,1.0,1.0,0.797289,0.399498,1.759377,-0.287384,0.044174,1.406974,-0.089600,0.486000,0.869300,0.003200,0.133500,0.542300,0.828800,0.034500,0.713964,0.303135,1.446582,-0.100836,0.013868,1.408864,-2.228318,-1.045339,-1.327844,-1.339710,2.899694,0.031331,1.000195,-0.710242,2.239845,0.767179,2.133299,-0.556394,-1.174809,1.507891,0,1,1.0000,1.0000,0,1,1,0,0.5218,0.0000,,,,,9094,125305,1865,1517,6277,123760,2817,1471,0,74,0.56138,-0.05114,0
1786018972.1227,D_left_back_left,D,left,0,back_left,,85,103.8000,330.9000,251.8000,0.0000,283.5000,2.3000,360.0000,349.0000,20.2000,0.0000,154.2000,0.0000,121.3000,0.0000,0.08000,-0.13300,0.93500,1.76000,18.73000,-13.60000,-0.93300,0.06800,0.23600,-1.88000,-1.94000,2.15000,13.8,2.0,1.0,1.0,0.797289,0.399498,1.759377,-0.287384,0.044174,1.406974,-0.089600,0.486000,0.869300,0.003200,0.133500,0.542300,0.828800,0.034500,0.713964,0.303135,1.446582,-0.100836,0.013868,1.408864,-2.228318,-1.045339,-1.327844,-1.339710,2.899694,0.031331,1.000195,-0.710242,2.239845,0.767179,2.133299,-0.556394,-1.174809,1.507891,0,1,1.0000,1.0000,0,1,1,0,0.5218,0.0000,,,,,128732,8830,1885,1482,125554,7347,3178,1398,0,85,0.56138,-0.05114,0
1786018972.1428,D_left_back_left,D,left,0,back_left,,86,103.8000,330.9000,251.8000,0.0000,283.5000,2.3000,360.0000,349.0000,20.2000,0.0000,154.2000,0.0000,121.3000,0.0000,0.08000,-0.13300,0.93500,1.76000,18.73000,-13.60000,-0.93300,0.06800,0.23600,-1.88000,-1.94000,2.15000,12.0,2.7,1.0,1.0,0.797289,0.399498,1.759377,-0.287384,0.044174,1.406974,-0.089600,0.486000,0.869300,0.003200,0.133500,0.542300,0.828800,0.034500,0.713964,0.303135,1.446582,-0.100836,0.013868,1.408864,-2.228318,-1.045339,-1.327844,-1.339710,2.899694,0.031331,1.000195,-0.710242,2.239845,0.767179,2.133299,-0.556394,-1.174809,1.507891,0,1,1.0000,1.0000,0,1,1,0,0.5218,0.0000,,,,,128732,8830,1885,1482,125554,7347,3178,1398,0,85,0.56138,-0.05114,0
1786018972.1722,D_left_back_left,D,left,0,back_left,,87,102.5000,330.4000,251.6000,0.0000,283.0000,2.2000,360.0000,349.2000,20.2000,0.0000,154.2000,0.0000,121.1000,0.0000,0.09300,-0.09400,0.95100,10.60000,13.66000,-11.95000,-0.93600,0.06100,0.24300,-1.64000,-2.17000,0.15000,12.0,2.7,1.0,1.0,0.713962,0.303132,1.446585,-1.194703,-0.174899,2.047593,-0.089600,0.486000,0.869300,0.003200,0.133500,0.542300,0.828800,0.034500,0.713964,0.303135,1.446582,-0.100836,0.013868,1.408864,-2.228318,-1.045339,-1.327844,-1.339710,2.899694,0.031331,1.000195,-0.710242,2.239845,0.767179,2.133299,-0.556394,-1.174809,1.507891,0,1,1.0000,1.0000,0,1,1,0,1.0217,0.0000,,,,,9094,125305,1866,1517,6277,123760,2817,1471,0,74,0.56138,-0.05114,0
1786018972.1863,D_left_back_left,D,left,0,back_left,,88,101.9000,330.2000,251.4000,0.0000,283.0000,2.2000,360.0000,349.2000,20.2000,0.0000,154.2000,0.0000,121.2000,0.0000,0.07200,-0.05800,0.92900,5.32000,16.78000,-5.69000,-0.94100,0.05200,0.24100,-1.10000,-1.29000,-1.96000,11.2,1.9,1.0,1.0,0.713962,0.303132,1.446585,-1.194356,-0.174985,2.047656,-0.089600,0.486000,0.869300,0.003200,0.133500,0.542300,0.828800,0.034500,0.713964,0.303135,1.446582,-0.100836,0.013868,1.408864,-2.228318,-1.045339,-1.327844,-1.339710,2.899694,0.031331,1.000195,-0.710242,2.239845,0.767179,2.133299,-0.556394,-1.174809,1.507891,0,1,1.0000,1.0000,0,1,1,0,1.0404,0.0000,,,,,128732,125305,1885,1517,125554,123760,3178,1471,0,74,0.56138,-0.05114,0
1786018972.2031,D_left_back_left,D,left,0,back_left,,89,101.4000,330.2000,251.1000,0.1000,283.0000,2.3000,360.0000,39.2000,20.2000,0.0000,154.2000,0.0000,121.3000,0.0000,0.03000,-0.07600,0.91900,-3.64000,22.19000,-0.41000,-0.92900,0.05500,0.23300,-1.69000,0.10000,-3.07000,12.0,3.0,1.0,1.0,0.713962,0.303132,1.446585,-1.194416,-0.175077,2.047591,-0.089600,0.486000,0.869300,0.003200,0.133500,0.542300,0.828800,0.034500,0.713964,0.303135,1.446582,-0.100836,0.013868,1.408864,-2.228318,-1.045339,-1.327844,-1.339710,2.899694,0.031331,1.000195,-0.710242,2.239845,0.767179,2.133299,-0.556394,-1.174809,1.507891,0,1,1.0000,1.0000,1,0,0,1,0.0000,0.0225,,,,,128732,125305,1886,1517,125554,123760,3178,1471,0,74,0.56138,-0.05114,0
1786018972.2292,D_left_back_left,D,left,0,back_left,,90,101.4000,330.2000,251.1000,0.1000,283.0000,2.3000,360.0000,39.2000,20.2000,0.0000,154.2000,0.0000,121.3000,0.0000,0.03000,-0.07600,0.91900,-3.64000,22.19000,-0.41000,-0.92900,0.05500,0.23300,-1.69000,0.10000,-3.07000,11.2,3.0,1.0,1.0,0.713962,0.303132,1.446585,-1.194416,-0.175077,2.047591,-0.089600,0.486000,0.869300,0.003200,0.133500,0.542300,0.828800,0.034500,0.713964,0.303135,1.446582,-0.100836,0.013868,1.408864,-2.228318,-1.045339,-1.327844,-1.339710,2.899694,0.031331,1.000195,-0.710242,2.239845,0.767179,2.133299,-0.556394,-1.174809,1.507891,0,1,1.0000,1.0000,1,0,0,1,0.0000,0.0225,,,,,128732,125305,1886,1517,125554,123760,3178,1471,0,74,0.56138,-0.05114,0
1786018972.2455,D_left_back_left,D,left,0,back_left,,91,100.7000,330.1000,250.9000,0.5000,282.8000,2.1000,360.0000,349.2000,20.2000,0.0000,154.0000,0.0000,121.4000,0.0000,0.01300,-0.10900,0.92300,-4.99000,30.95000,0.16000,-0.93900,0.04600,0.25700,-1.98000,0.98000,-5.27000,11.2,3.0,1.0,1.0,1.082470,0.790698,1.532568,-0.285335,0.044476,1.406789,-0.089600,0.486000,0.869300,0.003200,0.133500,0.542300,0.828800,0.034500,0.713962,0.303132,1.446584,-0.100836,0.013868,1.408864,-2.228318,-1.045339,-1.327844,-1.339710,2.899694,0.031331,1.000195,-0.710242,2.239845,0.767179,2.133299,-0.556394,-1.174809,1.507891,0,1,1.0000,1.0000,1,1,0,0,0.0000,0.0000,,,,,9094,8830,1866,1482,6277,7347,2817,1398,0,85,0.56138,-0.05114,0
1786018972.2723,D_left_back_left,D,left,0,back_left,,92,100.2000,329.8000,250.7000,0.6000,282.1000,2.2000,360.0000,349.2000,20.2000,0.0000,154.1000,0.0000,121.2000,0.0000,0.01000,-0.12300,0.94400,-2.34000,31.79000,-0.98000,-0.94100,0.04800,0.25600,-0.97000,1.81000,-5.67000,11.4,2.7,1.0,1.0,0.797289,0.399498,1.759377,-0.199741,-0.510320,1.554778,-0.089600,0.486000,0.869300,0.003200,0.133500,0.542300,0.828800,0.034500,0.713962,0.303132,1.446584,-0.100836,0.013868,1.408864,-2.228318,-1.045339,-1.327844,-1.339710,2.899694,0.031331,1.000195,-0.710242,2.239845,0.767179,2.133299,-0.556394,-1.174809,1.507891,0,1,1.0000,1.0000,1,1,0,0,0.0000,0.0000,,,,,9094,8830,1866,1482,6277,7347,2817,1398,0,85,0.56138,-0.05114,0
1786018972.2826,D_left_back_left,D,left,0,back_left,,93,100.4000,329.8000,250.7000,0.5000,282.3000,2.1000,360.0000,349.2000,20.2000,0.0000,154.1000,0.0000,121.2000,0.0000,0.01200,-0.11500,0.91500,-3.98000,33.05000,-0.57000,-0.94100,0.05500,0.24800,-1.95000,1.28000,-5.89000,11.5,3.0,1.0,1.0,0.713962,0.303132,1.446585,-1.194363,-0.175132,2.047580,-0.089600,0.486000,0.869300,0.003200,0.133500,0.542300,0.828800,0.034500,0.713962,0.303132,1.446584,-0.100836,0.013868,1.408864,-2.228318,-1.045339,-1.327844,-1.339710,2.899694,0.031331,1.000195,-0.710242,2.239845,0.767179,2.133299,-0.556394,-1.174809,1.507891,0,1,1.0000,1.0000,1,1,0,0,0.0000,0.0000,,,,,128733,125305,1886,1517,125555,123760,3178,1471,0,74,0.56138,-0.05114,0
1786018972.3038,D_left_back_left,D,left,0,back_left,,94,99.7000,329.8000,250.6000,0.6000,281.9000,2.1000,360.0000,349.2000,20.2000,0.0000,154.1000,0.0000,121.2000,0.0000,-0.01200,-0.09400,0.96900,3.88000,30.51000,-4.25000,-0.93700,0.06900,0.26300,-0.19000,0.76000,-4.11000,12.2,2.9,1.0,1.0,0.797289,0.399498,1.759377,-0.200846,-0.510379,1.554387,-0.089600,0.486000,0.869300,0.003200,0.133500,0.542300,0.828800,0.034500,0.713962,0.303132,1.446584,-0.100836,0.013868,1.408864,-2.228318,-1.045339,-1.327844,-1.339710,2.899694,0.031331,1.000195,-0.710242,2.239845,0.767179,2.133299,-0.556394,-1.174809,1.507891,0,1,1.0000,1.0000,1,1,0,0,0.0000,0.0000,,,,,128733,125305,1886,1517,125555,123760,3178,1471,0,74,0.56138,-0.05114,0
1786018972.3306,D_left_back_left,D,left,0,back_left,,95,98.4000,329.6000,249.8000,1.0000,281.0000,2.2000,360.0000,349.2000,20.2000,0.0000,154.1000,0.0000,121.2000,0.0000,-0.00900,-0.12800,0.91100,11.48000,25.95000,-6.76000,-0.93700,0.06900,0.26300,-0.19000,0.76000,-4.11000,12.2,2.9,1.0,1.0,0.797289,0.399498,1.759377,-0.200846,-0.510379,1.554387,-0.089600,0.486000,0.869300,0.003200,0.133500,0.542300,0.828800,0.034500,0.713962,0.303132,1.446585,-0.100836,0.013868,1.408864,-2.228295,-1.045436,-1.328016,-1.339716,2.903906,0.031290,0.996114,-0.710242,2.239845,0.767179,2.133299,-0.556394,-1.174809,1.507891,0,1,1.0000,1.0000,1,1,0,0,0.0000,0.0000,,,,,128734,125305,1886,1517,125556,123760,3178,1471,0,74,0.56138,-0.05114,0
1786018972.3430,D_left_back_left,D,left,0,back_left,,96,98.4000,329.6000,249.8000,1.0000,281.0000,2.2000,360.0000,349.2000,20.2000,0.0000,154.1000,0.0000,121.2000,0.0000,-0.00900,-0.12800,0.91100,11.48000,25.95000,-6.76000,-0.93700,0.06900,0.26300,-0.19000,0.76000,-4.11000,12.2,2.9,1.0,1.0,0.797289,0.399498,1.759377,-0.200846,-0.510379,1.554387,-0.089600,0.486000,0.869300,0.003200,0.133500,0.542300,0.828800,0.034500,0.713962,0.303132,1.446585,-0.100836,0.013868,1.408864,-2.228295,-1.045436,-1.328016,-1.339716,2.903906,0.031290,0.996114,-0.710242,2.239845,0.767179,2.133299,-0.556394,-1.174809,1.507891,0,1,1.0000,1.0000,1,1,0,0,0.0000,0.0000,,,,,128734,125305,1886,1517,125556,123760,3178,1471,0,74,0.56138,-0.05114,0
1786018972.3651,D_left_back_left,D,left,0,back_left,,97,98.4000,329.6000,249.8000,1.0000,281.0000,2.2000,360.0000,349.2000,20.2000,0.0000,154.1000,0.0000,121.2000,0.0000,-0.00900,-0.12800,0.91100,11.48000,25.95000,-6.76000,-0.93700,0.06900,0.26300,-0.19000,0.76000,-4.11000,11.3,1.4,1.0,1.0,0.797289,0.399498,1.759377,-0.200846,-0.510379,1.554387,-0.089600,0.486000,0.869300,0.003200,0.133500,0.542300,0.828800,0.034500,0.713962,0.303132,1.446585,-0.100836,0.013868,1.408864,-2.228293,-1.045449,-1.328037,-1.339711,2.904475,0.031286,0.995563,-0.710242,2.239845,0.767179,2.133299,-0.556394,-1.174809,1.507891,0,1,1.0000,1.0000,1,1,0,0,0.0000,0.0000,,,,,128734,125305,1886,1518,125556,123760,3178,1471,0,74,0.56138,-0.05114,0
1786018972.3924,D_left_back_left,D,left,0,back_left,,98,98.4000,329.6000,249.8000,1.0000,281.0000,2.2000,360.0000,349.2000,20.2000,0.0000,154.1000,0.0000,121.2000,0.0000,-0.00900,-0.12800,0.91100,11.48000,25.95000,-6.76000,-0.93700,0.06900,0.26300,-0.19000,0.76000,-4.11000,11.3,1.4,1.0,1.0,0.797289,0.399498,1.759377,-0.200846,-0.510379,1.554387,-0.089600,0.486000,0.869300,0.003200,0.133500,0.542300,0.828800,0.034500,0.713962,0.303132,1.446585,-0.100836,0.013868,1.408864,-2.228290,-1.045469,-1.328068,-1.339703,2.905316,0.031281,0.994749,-0.710242,2.239845,0.767179,2.133299,-0.556394,-1.174809,1.507891,0,1,1.0000,1.0000,1,1,0,0,0.0000,0.0000,,,,,128734,8832,1886,1483,125556,7347,3178,1400,0,85,0.56138,-0.05114,0
1786018972.4076,D_left_back_left,D,left,0,back_left,,99,95.4000,329.4000,248.8000,1.4000,280.9000,2.2000,360.0000,349.2000,20.2000,0.0000,154.1000,0.0000,121.2000,0.0000,-0.04700,-0.09900,0.89700,17.08000,22.67000,-16.40000,-0.93700,0.06900,0.26300,-0.19000,0.76000,-4.11000,11.3,1.4,1.0,1.0,0.713962,0.303132,1.446585,-0.200846,-0.510379,1.554387,-0.089600,0.486000,0.869300,0.003200,0.133500,0.542300,0.828800,0.034500,0.713962,0.303132,1.446585,-0.100836,0.013868,1.408864,-2.228290,-1.045469,-1.328068,-1.339703,2.905316,0.031281,0.994749,-0.710242,2.239845,0.767179,2.133299,-0.556394,-1.174809,1.507891,0,1,1.0000,1.0000,1,1,0,0,0.0000,0.0000,,,,,128734,8832,1886,1483,125556,7347,3178,1400,0,85,0.56138,-0.05114,0
1786018972.4273,D_left_back_left,D,left,0,back_left,,100,94.5000,329.3341,248.7000,1.9000,280.8000,2.2000,360.0000,349.3000,20.2000,0.0000,154.2000,0.0000,121.2000,0.0000,-0.04900,-0.07700,0.91600,15.88000,21.40000,-15.90000,-0.94200,0.05300,0.24000,-0.44000,1.52000,-1.02000,10.8,3.5,1.0,1.0,1.082470,0.790698,1.532568,-1.194201,-0.175108,2.047619,-0.089600,0.486000,0.869300,0.003200,0.133500,0.542300,0.828800,0.034500,0.713962,0.303132,1.446585,-0.100836,0.013868,1.408864,-2.228290,-1.045469,-1.328068,-1.339703,2.905316,0.031281,0.994749,-0.710242,2.239845,0.767179,2.133299,-0.556394,-1.174809,1.507891,0,1,1.0000,1.0000,1,1,0,0,0.0000,0.0000,,,,,128734,125306,1886,1518,125556,123760,3178,1472,0,74,0.56138,-0.05114,0
1786018972.4536,D_left_back_left,D,left,0,back_left,,101,94.3000,329.3000,248.7000,1.6000,280.8000,2.2000,360.0000,349.2000,20.2000,0.0000,154.2000,0.0000,121.4000,0.0000,-0.07800,-0.08400,0.93200,14.60000,21.85000,-14.33000,-0.93700,0.05900,0.25000,-1.03000,0.55000,1.02000,10.1,3.6,1.0,1.0,0.713962,0.303132,1.446585,-1.194528,-0.175188,2.047487,-0.089600,0.486000,0.869300,0.003200,0.133500,0.542300,0.828800,0.034500,0.713962,0.303132,1.446585,-0.100836,0.013868,1.408864,-2.228290,-1.045469,-1.328068,-1.339703,2.905316,0.031281,0.994749,-0.710242,2.239845,0.767179,2.133299,-0.556394,-1.174809,1.507891,0,1,1.0000,1.0000,1,1,0,0,0.0000,0.0000,,,,,128734,125306,1886,1518,125556,123760,3178,1472,0,74,0.56138,-0.05114,0
1786018972.4626,D_left_back_left,D,left,0,back_left,,102,94.3000,329.3000,248.7000,1.6000,280.8000,2.2000,360.0000,349.2000,20.2000,0.0000,154.2000,0.0000,121.4000,0.0000,-0.07800,-0.08400,0.93200,14.60000,21.85000,-14.33000,-0.93700,0.05900,0.25000,-1.03000,0.55000,1.02000,10.1,2.8,1.0,1.0,0.713962,0.303132,1.446585,-1.194528,-0.175188,2.047487,-0.089600,0.486000,0.869300,0.003200,0.133500,0.542300,0.828800,0.034500,0.713962,0.303132,1.446585,-0.100836,0.013868,1.408864,-2.228290,-1.045469,-1.328068,-1.339703,2.905316,0.031281,0.994749,-0.710242,2.239845,0.767179,2.133299,-0.556394,-1.174809,1.507891,0,1,1.0000,1.0000,1,1,0,0,0.0000,0.0000,,,,,9094,8832,1867,1483,6277,7347,2817,1400,0,85,0.56138,-0.05114,0
1786018972.4914,D_left_back_left,D,left,0,back_left,,103,93.3000,329.3000,248.6000,2.3000,280.4000,2.1000,360.0000,349.2000,20.2000,0.0000,154.2000,0.0000,121.4000,0.1000,-0.05200,-0.08200,0.98000,13.95000,22.15000,-9.04000,-0.93500,0.05200,0.23800,-1.15000,-0.95000,1.12000,10.9,1.7,1.0,1.0,1.082470,0.790698,1.532568,-0.284466,0.044626,1.406451,-0.089600,0.486000,0.869300,0.003200,0.133500,0.542300,0.828800,0.034500,0.713962,0.303132,1.446585,-0.100836,0.013868,1.408864,-2.228290,-1.045469,-1.328068,-1.339703,2.905316,0.031281,0.994749,-0.710242,2.239845,0.767179,2.133299,-0.556394,-1.174809,1.507891,0,1,1.0000,1.0000,1,1,0,0,0.0000,0.0000,,,,,9094,125306,1868,1518,6277,123760,2817,1472,0,74,0.56138,-0.05114,0
1786018972.5379,D_left_back_left,D,left,0,back_left,,104,92.6000,329.2000,248.6000,1.8000,280.2000,2.2000,360.0000,349.2000,20.2000,0.0000,154.2000,0.0000,121.4000,0.1000,-0.08700,-0.05000,0.95500,12.48000,18.34000,-4.72000,-0.93500,0.05200,0.23800,-1.15000,-0.95000,1.12000,10.9,1.7,1.0,1.0,1.082470,0.790698,1.532568,-0.284466,0.044626,1.406451,-0.089600,0.486000,0.869300,0.003200,0.133500,0.542300,0.828800,0.034500,0.713962,0.303132,1.446585,-0.100836,0.013868,1.408864,-2.228290,-1.045469,-1.328068,-1.339703,2.905316,0.031281,0.994749,-0.710242,2.239845,0.767179,2.133299,-0.556394,-1.174809,1.507891,0,1,1.0000,1.0000,1,1,0,0,0.0000,0.0000,,,,,9094,125306,1868,1518,6277,123760,2817,1472,0,74,0.56138,-0.05114,0
1786018972.5406,D_left_back_left,D,left,0,back_left,,105,92.6000,329.2000,248.6000,1.8000,280.2000,2.2000,360.0000,349.2000,20.2000,0.0000,154.2000,0.0000,121.4000,0.1000,-0.08700,-0.05000,0.95500,12.48000,18.34000,-4.72000,-0.93500,0.05200,0.23800,-1.15000,-0.95000,1.12000,10.9,1.7,1.0,1.0,1.082470,0.790698,1.532568,-0.284466,0.044626,1.406451,-0.089600,0.486000,0.869300,0.003200,0.133500,0.542300,0.828800,0.034500,0.713962,0.303132,1.446585,-0.100836,0.013868,1.408864,-2.228290,-1.045469,-1.328068,-1.339703,2.905316,0.031281,0.994749,-0.710242,2.239845,0.767179,2.133299,-0.556394,-1.174809,1.507891,0,1,1.0000,1.0000,1,1,0,0,0.0000,0.0000,,,,,9094,125306,1868,1518,6277,123760,2817,1472,0,74,0.56138,-0.05114,0
1786018972.5492,D_left_back_left,D,left,0,back_left,,106,92.6000,329.2000,248.6000,1.8000,280.2000,2.2000,360.0000,349.2000,20.2000,0.0000,154.2000,0.0000,121.4000,0.1000,-0.08700,-0.05000,0.95500,12.48000,18.34000,-4.72000,-0.93500,0.05200,0.23800,-1.15000,-0.95000,1.12000,10.9,1.7,1.0,1.0,1.082470,0.790698,1.532568,-0.284466,0.044626,1.406451,-0.089600,0.486000,0.869300,0.003200,0.133500,0.542300,0.828800,0.034500,0.713962,0.303132,1.446585,-0.100836,0.013868,1.408864,-2.228290,-1.045469,-1.328068,-1.339703,2.905316,0.031281,0.994749,-0.710242,2.239845,0.767179,2.133299,-0.556394,-1.174809,1.507891,0,1,1.0000,1.0000,1,1,0,0,0.0000,0.0000,,,,,9094,125306,1868,1518,6277,123760,2817,1472,0,74,0.56138,-0.05114,0
1786018972.5648,D_left_back_left,D,left,0,back_left,,107,92.5000,329.2000,248.6000,1.7000,280.1000,2.3000,360.0000,349.2000,20.2000,0.0000,154.2000,0.0000,121.3000,0.0000,-0.10200,-0.05500,0.95200,11.56000,18.11000,-3.21000,-0.92700,0.04900,0.25100,-0.63000,-1.98000,1.81000,11.9,1.6,1.0,1.0,0.797289,0.399498,1.759377,-0.283590,0.044760,1.406311,-0.089600,0.486000,0.869300,0.003200,0.133500,0.542300,0.828800,0.034500,0.713962,0.303132,1.446585,-0.100836,0.013868,1.408864,-2.228290,-1.045469,-1.328068,-1.339703,2.905316,0.031281,0.994749,-0.710242,2.239845,0.767179,2.133299,-0.556394,-1.174809,1.507891,0,1,1.0000,1.0000,1,1,0,0,0.0000,0.0000,,,,,128735,125306,1887,1518,125557,123760,3178,1472,0,74,0.56138,-0.05114,0
1786018972.5871,D_left_back_left,D,left,0,back_left,,108,90.5000,329.0000,248.4000,1.4000,279.5000,2.2000,360.0000,349.2000,20.2000,0.0000,154.3000,0.0000,121.3000,0.0000,-0.12300,-0.07200,0.94600,2.17000,6.40000,-8.57000,-0.92800,0.07100,0.24700,-0.50000,-2.90000,-4.32000,10.8,1.7,1.0,1.0,0.797289,0.399498,1.759377,-0.201607,-0.510457,1.554114,-0.089600,0.486000,0.869300,0.003200,0.133500,0.542300,0.828800,0.034500,0.713962,0.303132,1.446585,-0.100836,0.013868,1.408864,-2.228290,-1.045469,-1.328068,-1.339703,2.905316,0.031281,0.994749,-0.710242,2.239845,0.767179,2.133299,-0.556394,-1.174809,1.507891,0,1,1.0000,1.0000,1,1,0,0,0.0000,0.0000,,,,,128735,125306,1887,1518,125557,123760,3178,1472,0,74,0.56138,-0.05114,0
1786018972.6046,D_left_back_left,D,left,0,back_left,,109,90.5000,329.0000,248.4000,1.4000,279.5000,2.2000,360.0000,349.2000,20.2000,0.0000,154.3000,0.0000,121.3000,0.0000,-0.12300,-0.07200,0.94600,2.17000,6.40000,-8.57000,-0.92800,0.07100,0.24700,-0.50000,-2.90000,-4.32000,10.8,1.7,1.0,1.0,0.797289,0.399498,1.759377,-0.201607,-0.510457,1.554114,-0.089600,0.486000,0.869300,0.003200,0.133500,0.542300,0.828800,0.034500,0.713962,0.303132,1.446585,-0.100836,0.013868,1.408864,-2.228290,-1.045469,-1.328068,-1.339703,2.905316,0.031281,0.994749,-0.710242,2.239845,0.767179,2.133299,-0.556394,-1.174809,1.507891,0,1,1.0000,1.0000,1,1,0,0,0.0000,0.0000,,,,,128735,125306,1887,1518,125557,123760,3178,1472,0,74,0.56138,-0.05114,0
1786018972.6261,D_left_back_left,D,left,0,back_left,,110,90.5000,329.0000,248.4000,1.4000,279.5000,2.2000,360.0000,349.2000,20.2000,0.0000,154.3000,0.0000,121.3000,0.0000,-0.12300,-0.07200,0.94600,2.17000,6.40000,-8.57000,-0.92800,0.07100,0.24700,-0.50000,-2.90000,-4.32000,11.0,2.4,1.0,1.0,0.797289,0.399498,1.759377,-0.201607,-0.510457,1.554114,-0.089600,0.486000,0.869300,0.003200,0.133500,0.542300,0.828800,0.034500,0.713962,0.303132,1.446585,-0.100836,0.013868,1.408864,-2.228290,-1.045469,-1.328068,-1.339703,2.905316,0.031281,0.994749,-0.710242,2.239845,0.767179,2.133299,-0.556394,-1.174809,1.507891,0,1,1.0000,1.0000,1,1,0,0,0.0000,0.0000,,,,,128735,125306,1887,1518,125557,123760,3178,1472,0,74,0.56138,-0.05114,0
1786018972.6588,D_left_back_left,D,left,0,back_left,,111,90.5000,329.0000,248.4000,1.4000,279.5000,2.2000,360.0000,349.2000,20.2000,0.0000,154.3000,0.0000,121.3000,0.0000,-0.12300,-0.07200,0.94600,2.17000,6.40000,-8.57000,-0.92800,0.07100,0.24700,-0.50000,-2.90000,-4.32000,11.0,2.4,1.0,1.0,0.797289,0.399498,1.759377,-0.201607,-0.510457,1.554114,-0.089600,0.486000,0.869300,0.003200,0.133500,0.542300,0.828800,0.034500,0.713962,0.303132,1.446585,-0.100836,0.013868,1.408864,-2.228290,-1.045469,-1.328068,-1.339703,2.905316,0.031281,0.994749,-0.710242,2.239845,0.767179,2.133299,-0.556394,-1.174809,1.507891,0,1,1.0000,1.0000,1,1,0,0,0.0000,0.0000,,,,,128735,125306,1887,1518,125557,123760,3178,1472,0,74,0.56138,-0.05114,0
1786018972.6712,D_left_back_left,D,left,0,back_left,,112,90.5000,329.0000,248.4000,1.4000,279.5000,2.2000,360.0000,349.2000,20.2000,0.0000,154.3000,0.0000,121.3000,0.0000,-0.12300,-0.07200,0.94600,2.17000,6.40000,-8.57000,-0.92800,0.07100,0.24700,-0.50000,-2.90000,-4.32000,10.6,1.6,1.0,1.0,0.797289,0.399498,1.759377,-0.201607,-0.510457,1.554114,-0.089600,0.486000,0.869300,0.003200,0.133500,0.542300,0.828800,0.034500,0.713962,0.303132,1.446585,-0.100836,0.013868,1.408864,-2.228290,-1.045469,-1.328068,-1.339703,2.905316,0.031281,0.994749,-0.710242,2.239845,0.767179,2.133299,-0.556394,-1.174809,1.507891,0,1,1.0000,1.0000,1,1,0,0,0.0000,0.0000,,,,,128735,125306,1887,1518,125557,123760,3178,1472,0,74,0.56138,-0.05114,0
1786018972.6872,D_left_back_left,D,left,0,back_left,,113,88.9000,328.7000,248.4000,1.4000,279.5000,2.2000,360.0000,349.2000,20.2000,0.0000,154.2000,0.0000,121.3000,0.0000,-0.09200,-0.06800,0.93600,-9.28000,16.02000,-3.03000,-0.93000,0.06200,0.23200,-3.50000,-1.40000,-2.28000,10.9,0.9,1.0,1.0,0.797289,0.399498,1.759377,-0.201794,-0.510436,1.554045,-0.089600,0.486000,0.869300,0.003200,0.133500,0.542300,0.828800,0.034500,0.713962,0.303132,1.446585,-0.100836,0.013868,1.408864,-2.228290,-1.045469,-1.328068,-1.339703,2.905316,0.031281,0.994749,-0.710242,2.239845,0.767179,2.133299,-0.556394,-1.174809,1.507891,0,1,1.0000,1.0000,1,1,0,0,0.0000,0.0000,,,,,128735,125306,1887,1518,125557,123760,3178,1472,0,74,0.56138,-0.05114,0
1786018972.7141,D_left_back_left,D,left,0,back_left,,114,86.8000,328.7000,248.0000,2.2000,279.7000,2.2000,360.0000,349.2000,20.2000,0.0000,154.2000,0.0000,121.0000,0.0000,-0.10300,-0.04800,0.89000,-9.81000,19.57000,0.99000,-0.93700,0.04500,0.25200,-2.51000,1.69000,-5.29000,9.1,2.8,1.0,1.0,0.713962,0.303132,1.446585,-1.193370,-0.175114,2.047889,-0.089600,0.486000,0.869300,0.003200,0.133500,0.542300,0.828800,0.034500,0.713962,0.303132,1.446585,-0.100836,0.013868,1.408864,-2.228276,-1.045522,-1.328164,-1.339712,2.907624,0.031257,0.992512,-0.710242,2.239845,0.767179,2.133299,-0.556394,-1.174809,1.507891,0,1,1.0000,1.0000,1,1,0,0,0.0000,0.0000,,,,,9096,8832,1868,1483,6279,7347,2817,1400,0,85,0.56138,-0.05114,0
1786018972.7298,D_left_back_left,D,left,0,back_left,,115,86.8000,328.7000,248.0000,2.2000,279.7000,2.2000,360.0000,349.2000,20.2000,0.0000,154.2000,0.0000,121.0000,0.0000,-0.10300,-0.04800,0.89000,-9.81000,19.57000,0.99000,-0.93700,0.04500,0.25200,-2.51000,1.69000,-5.29000,9.1,2.8,1.0,1.0,0.713962,0.303132,1.446585,-1.193370,-0.175114,2.047889,-0.089600,0.486000,0.869300,0.003200,0.133500,0.542300,0.828800,0.034500,0.713962,0.303132,1.446585,-0.100836,0.013868,1.408864,-2.228276,-1.045522,-1.328164,-1.339712,2.907624,0.031257,0.992512,-0.710242,2.239845,0.767179,2.133299,-0.556394,-1.174809,1.507891,0,1,1.0000,1.0000,1,1,0,0,0.0000,0.0000,,,,,9096,8832,1868,1483,6279,7347,2817,1400,0,85,0.56138,-0.05114,0
1786018972.7509,D_left_back_left,D,left,0,back_left,,116,86.8000,328.7000,248.0000,2.2000,279.7000,2.2000,360.0000,349.2000,20.2000,0.0000,154.2000,0.0000,121.0000,0.0000,-0.10300,-0.04800,0.89000,-9.81000,19.57000,0.99000,-0.93700,0.04500,0.25200,-2.51000,1.69000,-5.29000,9.1,2.8,1.0,1.0,0.713962,0.303132,1.446585,-1.193370,-0.175114,2.047889,-0.089600,0.486000,0.869300,0.003200,0.133500,0.542300,0.828800,0.034500,0.713962,0.303132,1.446585,-0.100836,0.013868,1.408864,-2.228262,-1.045576,-1.328264,-1.339721,2.910013,0.031233,0.990196,-0.710242,2.239845,0.767179,2.133299,-0.556394,-1.174809,1.507891,0,1,1.0000,1.0000,1,1,0,0,0.0000,0.0000,,,,,128735,125306,1887,1518,125557,123760,3178,1472,0,74,0.56138,-0.05114,0
1786018972.7713,D_left_back_left,D,left,0,back_left,,117,83.6000,328.5000,247.4000,2.3000,279.7000,2.2000,360.0000,349.2000,20.2000,0.0000,154.2000,0.0000,121.0000,0.0000,-0.14700,-0.11200,0.90300,7.11000,6.52000,7.61000,-0.93700,0.04500,0.25200,-2.51000,1.69000,-5.29000,9.7,1.6,1.0,1.0,1.082470,0.790698,1.532568,-1.193370,-0.175114,2.047889,-0.089600,0.486000,0.869300,0.003200,0.133500,0.542300,0.828800,0.034500,0.713962,0.303132,1.446585,-0.100836,0.013868,1.408864,-2.228259,-1.045586,-1.328283,-1.339723,2.910466,0.031228,0.989758,-0.710242,2.239845,0.767179,2.133299,-0.556394,-1.174809,1.507891,0,1,1.0000,1.0000,1,1,0,0,0.0000,0.0000,,,,,128735,125306,1887,1518,125557,123760,3178,1472,0,74,0.56138,-0.05114,0
1786018972.7851,D_left_back_left,D,left,0,back_left,,118,83.6000,328.5000,247.4000,2.3000,279.7000,2.2000,360.0000,349.2000,20.2000,0.0000,154.3000,0.0000,121.3000,0.0000,-0.14700,-0.11200,0.90300,7.11000,6.52000,7.61000,-0.93900,0.04500,0.25700,-2.53000,1.50000,-2.35000,9.7,1.6,1.0,1.0,1.082470,0.790698,1.532568,-0.282601,0.044895,1.406351,-0.089600,0.486000,0.869300,0.003200,0.133500,0.542300,0.828800,0.034500,0.713962,0.303132,1.446585,-0.100836,0.013868,1.408864,-2.228257,-1.045595,-1.328300,-1.339725,2.910852,0.031224,0.989384,-0.710242,2.239845,0.767179,2.133299,-0.556394,-1.174809,1.507891,0,1,1.0000,1.0000,1,1,0,0,0.0000,0.0000,,,,,128735,125306,1887,1519,125557,123760,3178,1472,0,74,0.56138,-0.05114,0
1786018972.8024,D_left_back_left,D,left,0,back_left,,119,83.6000,328.5000,247.4000,2.3000,279.7000,2.2000,360.0000,349.2000,20.2000,0.0000,154.3000,0.0000,121.3000,0.0000,-0.14700,-0.11200,0.90300,7.11000,6.52000,7.61000,-0.93900,0.04500,0.25700,-2.53000,1.50000,-2.35000,9.7,1.6,1.0,1.0,1.082470,0.790698,1.532568,-0.282601,0.044895,1.406351,-0.089600,0.486000,0.869300,0.003200,0.133500,0.542300,0.828800,0.034500,0.713962,0.303132,1.446585,-0.100836,0.013868,1.408864,-2.228257,-1.045595,-1.328300,-1.339725,2.910852,0.031224,0.989384,-0.710242,2.239845,0.767179,2.133299,-0.556394,-1.174809,1.507891,0,1,1.0000,1.0000,1,1,0,0,0.0000,0.0000,,,,,9096,8832,1868,1484,6279,7347,2817,1400,0,85,0.56138,-0.05114,0
1786018972.8467,D_left_back_left,D,left,0,back_left,,120,83.1000,328.3000,247.2000,2.3000,279.8000,2.2000,360.0000,349.2000,20.2000,0.0000,154.3000,0.0000,121.3000,0.0000,-0.15300,-0.09500,0.90000,10.82000,1.68000,3.23000,-0.93300,0.03800,0.25100,-1.70000,0.65000,-1.82000,10.2,1.9,1.0,1.0,0.797289,0.399498,1.759377,-0.199960,-0.510208,1.554711,-0.089600,0.486000,0.869300,0.003200,0.133500,0.542300,0.828800,0.034500,0.713962,0.303132,1.446585,-0.100836,0.013868,1.408864,-2.228257,-1.045595,-1.328300,-1.339725,2.910852,0.031224,0.989384,-0.710242,2.239845,0.767179,2.133299,-0.556394,-1.174809,1.507891,0,1,1.0000,1.0000,1,1,0,0,0.0000,0.0000,,,,,128735,125306,1888,1519,125557,123760,3178,1472,0,74,0.56138,-0.05114,0
1786018972.8573,D_left_back_left,D,left,0,back_left,,121,82.5000,328.3000,247.1000,1.8000,28.0000,2.3000,360.0000,349.2000,20.2000,0.0000,154.2000,0.0000,121.3000,0.0000,-0.17200,-0.07100,0.62000,8.23000,3.95000,-2.99000,-0.94400,0.04600,0.24000,-0.26000,1.05000,-1.68000,0.5,2.2,1.0,1.0,0.797289,0.399498,1.759377,-0.199314,-0.510117,1.554940,-0.089600,0.486000,0.869300,0.003200,0.133500,0.542300,0.828800,0.034500,0.713962,0.303132,1.446585,-0.100836,0.013868,1.408864,-2.228257,-1.045595,-1.328300,-1.339725,2.910852,0.031224,0.989384,-0.710242,2.239845,0.767179,2.133299,-0.556394,-1.174809,1.507891,0,1,1.0000,1.0000,1,1,0,0,0.0000,0.0000,,,,,9096,8832,1868,1484,6279,7347,2817,1400,0,85,0.56138,-0.05114,0
1786018972.8773,D_left_back_left,D,left,0,back_left,,122,82.5000,328.3000,247.1000,1.8000,28.0000,2.3000,360.0000,349.2000,20.2000,0.0000,154.2000,0.0000,121.3000,0.0000,-0.17200,-0.07100,0.62000,8.23000,3.95000,-2.99000,-0.94400,0.04600,0.24000,-0.26000,1.05000,-1.68000,10.2,2.7,1.0,1.0,0.797289,0.399498,1.759377,-0.199314,-0.510117,1.554940,-0.089600,0.486000,0.869300,0.003200,0.133500,0.542300,0.828800,0.034500,0.713962,0.303132,1.446585,-0.100836,0.013868,1.408864,-2.228257,-1.045595,-1.328300,-1.339725,2.910852,0.031224,0.989384,-0.710242,2.239845,0.767179,2.133299,-0.556394,-1.174809,1.507891,0,1,1.0000,1.0000,1,1,0,0,0.0000,0.0000,,,,,128735,8832,1888,1484,125557,7347,3178,1400,0,85,0.56138,-0.05114,0
1786018972.8913,D_left_back_left,D,left,0,back_left,,123,82.5000,328.3000,247.1000,1.8000,28.0000,2.3000,360.0000,349.2000,20.2000,0.0000,154.2000,0.0000,121.3000,0.0000,-0.17200,-0.07100,0.62000,8.23000,3.95000,-2.99000,-0.94400,0.04600,0.24000,-0.26000,1.05000,-1.68000,10.2,2.7,1.0,1.0,0.797289,0.399498,1.759377,-0.199314,-0.510117,1.554940,-0.089600,0.486000,0.869300,0.003200,0.133500,0.542300,0.828800,0.034500,0.713962,0.303132,1.446585,-0.100836,0.013868,1.408864,-2.228257,-1.045595,-1.328300,-1.339725,2.910852,0.031224,0.989384,-0.710242,2.239845,0.767179,2.133299,-0.556394,-1.174809,1.507891,0,1,1.0000,1.0000,1,1,0,0,0.0000,0.0000,,,,,128735,8832,1888,1484,125557,7347,3178,1400,0,85,0.56138,-0.05114,0
1786018972.9077,D_left_back_left,D,left,0,back_left,,124,82.2000,328.3000,47.0000,2.2000,280.1000,2.3000,360.0000,349.2000,20.2000,0.0000,154.4000,0.0000,121.3000,0.0000,-0.17200,-0.07600,0.89300,6.32000,8.63000,-1.48000,-0.94500,0.06100,0.24500,0.58000,-0.38000,1.41000,11.7,2.2,1.0,1.0,0.713962,0.303132,1.446585,-1.194094,-0.175208,2.047621,-0.089600,0.486000,0.869300,0.003200,0.133500,0.542300,0.828800,0.034500,0.713962,0.303132,1.446585,-0.100836,0.013868,1.408864,-2.228257,-1.045595,-1.328300,-1.339725,2.910852,0.031224,0.989384,-0.710242,2.239845,0.767179,2.133299,-0.556394,-1.174809,1.507891,0,1,1.0000,1.0000,1,1,0,0,0.0000,0.0000,,,,,9096,8832,1869,1484,6279,7347,2817,1400,0,85,0.56138,-0.05114,0
1786018972.9527,D_left_back_left,D,left,0,back_left,,125,82.2000,328.3000,247.0000,2.3000,280.0000,2.2000,360.0000,349.2000,20.2000,0.0000,154.3000,0.0000,121.2000,0.0000,-0.19900,-0.07700,0.91800,7.33000,10.92000,-1.90000,-0.93100,0.05100,0.24300,-0.69000,-1.86000,3.97000,10.6,1.7,1.0,1.0,0.713962,0.303132,1.446585,-1.193879,-0.175195,2.047693,-0.089600,0.486000,0.869300,0.003200,0.133500,0.542300,0.828800,0.034500,0.713962,0.303132,1.446585,-0.100836,0.013868,1.408864,-2.228257,-1.045595,-1.328300,-1.339725,2.910852,0.031224,0.989384,-0.710242,2.239845,0.767179,2.133299,-0.556394,-1.174809,1.507891,0,1,1.0000,1.0000,1,1,0,0,0.0000,0.0000,,,,,9096,125306,1869,1519,6279,123760,2817,1472,0,74,0.56138,-0.05114,0
1786018972.9574,D_left_back_left,D,left,0,back_left,,126,82.2000,328.3000,247.0000,2.3000,280.0000,2.2000,360.0000,349.2000,20.2000,0.0000,154.3000,0.0000,121.2000,0.0000,-0.19900,-0.07700,0.91800,7.33000,10.92000,-1.90000,-0.93100,0.05100,0.24300,-0.69000,-1.86000,3.97000,10.6,1.7,1.0,1.0,0.713962,0.303132,1.446585,-1.193879,-0.175195,2.047693,-0.089600,0.486000,0.869300,0.003200,0.133500,0.542300,0.828800,0.034500,0.713962,0.303132,1.446585,-0.100836,0.013868,1.408864,-2.228251,-1.045620,-1.328344,-1.339726,2.911937,0.031214,0.988332,-0.710242,2.239845,0.767179,2.133299,-0.556394,-1.174809,1.507891,0,1,1.0000,1.0000,1,1,0,0,0.0000,0.0000,,,,,128735,8832,1888,1484,125557,7347,3178,1400,0,85,0.56138,-0.05114,0
1786018972.9632,D_left_back_left,D,left,0,back_left,,127,82.2000,328.3000,247.0000,2.3000,280.0000,2.2000,360.0000,349.2000,20.2000,0.0000,154.3000,0.0000,121.2000,0.0000,-0.19900,-0.07700,0.91800,7.33000,10.92000,-1.90000,-0.93100,0.05100,0.24300,-0.69000,-1.86000,3.97000,10.6,1.7,1.0,1.0,1.082470,0.790698,1.532568,-1.193879,-0.175195,2.047693,-0.089600,0.486000,0.869300,0.003200,0.133500,0.542300,0.828800,0.034500,0.713962,0.303132,1.446585,-0.100836,0.013868,1.408864,-2.228243,-1.045650,-1.328398,-1.339728,2.913270,0.031201,0.987040,-0.710242,2.239845,0.767179,2.133299,-0.556394,-1.174809,1.507891,0,1,1.0000,1.0000,1,1,0,0,0.0000,0.0000,,,,,128735,125306,1888,1519,125557,123760,3178,1472,0,74,0.56138,-0.05114,0
1786018972.9898,D_left_back_left,D,left,0,back_left,,128,821.0000,328.2000,247.0000,2.5000,279.5000,2.2000,360.0000,349.1000,20.2000,0.0000,154.0000,0.0000,121.2000,0.0000,-0.17200,-0.08200,0.95400,5.34000,7.56000,-2.06000,-0.92700,0.04400,0.23200,-1.39000,-1.64000,1.92000,9.3,3.7,1.0,1.0,0.797289,0.399498,1.759377,-0.198772,-0.510094,1.555134,-0.089600,0.486000,0.869300,0.003200,0.133500,0.542300,0.828800,0.034500,0.713962,0.303132,1.446585,-0.100836,0.013868,1.408864,-2.228229,-1.045709,-1.328503,-1.339731,2.915859,0.031177,0.984532,-0.710242,2.239845,0.767179,2.133299,-0.556394,-1.174809,1.507891,0,1,1.0000,1.0000,1,1,0,0,0.0000,0.0000,,,,,9096,125306,1869,1519,6279,123760,2817,1472,0,74,0.56138,-0.05114,0
1786018973.0031,D_left_back_left,D,left,0,back_left,,129,821.0000,328.2000,247.0000,2.5000,279.5000,2.2000,360.0000,349.1000,20.2000,0.0000,154.0000,0.0000,121.2000,0.0000,-0.17200,-0.08200,0.95400,5.34000,7.56000,-2.06000,-0.92700,0.04400,0.23200,-1.39000,-1.64000,1.92000,9.3,3.7,1.0,1.0,0.797289,0.399498,1.759377,-0.198772,-0.510094,1.555134,-0.089600,0.486000,0.869300,0.003200,0.133500,0.542300,0.828800,0.034500,0.713962,0.303132,1.446585,-0.100836,0.013868,1.408864,-2.228227,-1.045719,-1.328520,-1.339732,2.916277,0.031174,0.984126,-0.710242,2.239845,0.767179,2.133299,-0.556394,-1.174809,1.507891,0,1,1.0000,1.0000,1,1,0,0,0.0000,0.0000,,,,,128735,8832,1888,1484,125557,7347,3178,1400,0,85,0.56138,-0.05114,0
1786018973.0253,D_left_back_left,D,left,0,back_left,,130,821.0000,328.2000,247.0000,2.5000,279.5000,2.2000,360.0000,349.1000,20.2000,0.0000,154.0000,0.0000,121.2000,0.0000,-0.17200,-0.08200,0.95400,5.34000,7.56000,-2.06000,-0.92700,0.04400,0.23200,-1.39000,-1.64000,1.92000,9.3,3.7,1.0,1.0,0.797289,0.399498,1.759377,-0.198772,-0.510094,1.555134,-0.089600,0.486000,0.869300,0.003200,0.133500,0.542300,0.828800,0.034500,0.713962,0.303132,1.446585,-0.100836,0.013868,1.408864,-2.228227,-1.045719,-1.328520,-1.339732,2.916277,0.031174,0.984126,-0.710242,2.239845,0.767179,2.133299,-0.556394,-1.174809,1.507891,0,1,1.0000,1.0000,1,1,0,0,0.0000,0.0000,,,,,128735,125306,1888,1520,125557,123760,3178,1472,0,74,0.56138,-0.05114,0
1786018973.0450,D_left_back_left,D,left,0,back_left,,131,81.4000,327.6000,246.9000,2.3000,279.3000,2.2000,360.0000,349.2000,20.2000,0.0000,154.1000,0.0000,121.3000,0.0000,-0.16500,-0.05200,0.88100,2.11000,-2.24000,9.27000,-0.92400,0.04800,0.24600,-2.01000,0.45000,-5.63000,11.1,2.0,1.0,1.0,1.082470,0.790698,1.532568,-0.281843,0.045009,1.406248,-0.089600,0.486000,0.869300,0.003200,0.133500,0.542300,0.828800,0.034500,0.713962,0.303132,1.446585,-0.100836,0.013868,1.408864,-2.228227,-1.045719,-1.328520,-1.339732,2.916277,0.031174,0.984126,-0.710242,2.239845,0.767179,2.133299,-0.556394,-1.174809,1.507891,0,1,1.0000,1.0000,1,1,0,0,0.0000,0.0000,,,,,9096,8832,1869,1484,6279,7347,2817,1400,0,85,0.56138,-0.05114,0
1786018973.0790,D_left_back_left,D,left,0,back_left,,132,81.4000,327.6000,246.9000,2.3000,279.3000,2.2000,360.0000,349.2000,20.2000,0.0000,154.1000,0.0000,121.3000,0.0000,-0.16500,-0.05200,0.88100,2.11000,-2.24000,9.27000,-0.92400,0.04800,0.24600,-2.01000,0.45000,-5.63000,11.1,2.0,1.0,1.0,1.082470,0.790698,1.532568,-0.281843,0.045009,1.406248,-0.089600,0.486000,0.869300,0.003200,0.133500,0.542300,0.828800,0.034500,0.713962,0.303132,1.446585,-0.100836,0.013868,1.408864,-2.228227,-1.045719,-1.328520,-1.339732,2.916277,0.031174,0.984126,-0.710242,2.239845,0.767179,2.133299,-0.556394,-1.174809,1.507891,0,1,1.0000,1.0000,1,1,0,0,0.0000,0.0000,,,,,9096,8832,1869,1485,6279,7347,2817,1400,0,85,0.56138,-0.05114,0
1786018973.0970,D_left_back_left,D,left,0,back_left,,133,81.4000,327.6000,246.9000,2.3000,279.3000,2.2000,360.0000,349.2000,20.2000,0.0000,154.1000,0.0000,121.3000,0.0000,-0.16500,-0.05200,0.88100,2.11000,-2.24000,9.27000,-0.92400,0.04800,0.24600,-2.01000,0.45000,-5.63000,10.8,1.4,1.0,1.0,1.082470,0.790698,1.532568,-0.281843,0.045009,1.406248,-0.089600,0.486000,0.869300,0.003200,0.133500,0.542300,0.828800,0.034500,0.713962,0.303132,1.446585,-0.100836,0.013868,1.408864,-2.228227,-1.045719,-1.328520,-1.339732,2.916277,0.031174,0.984126,-0.710242,2.239845,0.767179,2.133299,-0.556394,-1.174809,1.507891,0,1,1.0000,1.0000,1,1,0,0,0.0000,0.0000,,,,,9096,125306,1869,1520,6279,123760,2817,1472,0,74,0.56138,-0.05114,0
1786018973.1053,D_left_back_left,D,left,0,back_left,,134,81.4000,327.6000,246.9000,2.3000,279.3000,2.2000,360.0000,349.2000,20.2000,0.0000,154.1000,0.0000,121.3000,0.0000,-0.16500,-0.05200,0.88100,2.11000,-2.24000,9.27000,-0.92400,0.04800,0.24600,-2.01000,0.45000,-5.63000,10.8,1.4,1.0,1.0,1.082470,0.790698,1.532568,-0.281843,0.045009,1.406248,-0.089600,0.486000,0.869300,0.003200,0.133500,0.542300,0.828800,0.034500,0.713962,0.303132,1.446585,-0.100836,0.013868,1.408864,-2.228227,-1.045719,-1.328520,-1.339732,2.916277,0.031174,0.984126,-0.710242,2.239845,0.767179,2.133299,-0.556394,-1.174809,1.507891,0,1,1.0000,1.0000,1,1,0,0,0.0000,0.0000,,,,,9096,125306,1869,1520,6279,123760,2817,1472,0,74,0.56138,-0.05114,0
1786018973.1250,D_left_back_left,D,left,0,back_left,,135,80.9000,327.5000,246.5000,2.1000,279.5000,2.3000,360.0000,349.2000,20.1000,0.0000,154.2000,0.0000,121.3000,0.0000,-0.19600,-0.06700,0.88800,5.02000,0.79000,2.82000,-0.94000,0.06000,0.26500,-1.99000,-0.70000,-4.73000,10.4,1.9,1.0,1.0,0.713962,0.303132,1.446585,-1.195883,-0.175425,2.046991,-0.089600,0.486000,0.869300,0.003200,0.133500,0.542300,0.828800,0.034500,0.713962,0.303132,1.446585,-0.100836,0.013868,1.408864,-2.228227,-1.045719,-1.328520,-1.339732,2.916277,0.031174,0.984126,-0.710242,2.239845,0.767179,2.133299,-0.556394,-1.174809,1.507891,0,1,1.0000,1.0000,1,1,0,0,0.0000,0.0000,,,,,9096,8832,1870,1485,6279,7347,2817,1400,0,85,0.56138,-0.05114,0
1786018973.1510,D_left_back_left,D,left,0,back_left,,136,80.9000,327.5000,246.2000,2.2000,279.6000,2.3000,360.0000,349.3000,20.1000,0.0000,154.2000,0.0000,121.3000,0.0000,-0.20200,-0.07300,0.87400,1.95000,9.05000,1.72000,-0.94500,0.05100,0.25300,0.34000,-0.76000,0.72000,10.2,2.1,1.0,1.0,0.713962,0.303132,1.446585,-1.195049,-0.175290,2.047290,-0.089600,0.486000,0.869300,0.003200,0.133500,0.542300,0.828800,0.034500,0.713962,0.303132,1.446585,-0.100836,0.013868,1.408864,-2.228227,-1.045719,-1.328520,-1.339732,2.916277,0.031174,0.984126,-0.710242,2.239845,0.767179,2.133299,-0.556394,-1.174809,1.507891,0,1,1.0000,1.0000,1,1,0,0,0.0000,0.0000,,,,,9096,8832,1870,1485,6279,7347,2817,1400,0,85,0.56138,-0.05114,0
1786018973.1796,D_left_back_left,D,left,0,back_left,,137,80.9000,327.5000,246.1000,2.3000,279.6000,2.2000,360.0000,349.3000,20.1000,0.0000,154.2000,0.0000,121.3000,0.0000,-0.21400,-0.08100,0.90600,1.79000,11.02000,1.71000,-0.93900,0.04900,0.25800,-0.03000,-0.53000,1.64000,11.2,1.7,1.0,1.0,0.797289,0.399498,1.759377,-0.199124,-0.509941,1.555015,-0.089600,0.486000,0.869300,0.003200,0.133500,0.542300,0.828800,0.034500,0.713962,0.303132,1.446585,-0.100836,0.013868,1.408864,-2.228227,-1.045719,-1.328520,-1.339732,2.916277,0.031174,0.984126,-0.710242,2.239845,0.767179,2.133299,-0.556394,-1.174809,1.507891,0,1,1.0000,1.0000,1,1,0,0,0.0000,0.0000,,,,,9096,8832,1870,1485,6279,7347,2817,1400,0,85,0.56138,-0.05114,0
1786018973.1846,D_left_back_left,D,left,0,back_left,,138,80.9000,327.5000,246.1000,2.3000,279.6000,2.2000,360.0000,349.3000,20.1000,0.0000,154.2000,0.0000,121.3000,0.0000,-0.21400,-0.08100,0.90600,1.79000,11.02000,1.71000,-0.93900,0.04900,0.25800,-0.03000,-0.53000,1.64000,11.0,1.3,1.0,1.0,0.797289,0.399498,1.759377,-0.199124,-0.509941,1.555015,-0.089600,0.486000,0.869300,0.003200,0.133500,0.542300,0.828800,0.034500,0.713962,0.303132,1.446585,-0.100836,0.013868,1.408864,-2.228227,-1.045719,-1.328520,-1.339732,2.916277,0.031174,0.984126,-0.710242,2.239845,0.767179,2.133299,-0.556394,-1.174809,1.507891,0,1,1.0000,1.0000,1,1,0,0,0.0000,0.0000,,,,,128735,125306,1889,1520,125557,123760,3178,1472,0,74,0.56138,-0.05114,0
1786018973.2218,D_left_back_left,D,left,0,back_left,,139,80.9000,327.0000,246.0000,1.9000,279.5000,2.3000,360.0000,349.3000,20.1000,0.0000,154.2000,0.0000,121.3000,0.0000,-0.19400,-0.08400,0.95900,0.50000,5.52000,-1.35000,-0.93200,0.04400,0.24100,0.72000,-1.15000,1.77000,8.2,1.5,1.0,1.0,0.713962,0.303132,1.446585,-1.194009,-0.175145,2.047667,-0.089600,0.486000,0.869300,0.003200,0.133500,0.542300,0.828800,0.034500,0.713961,0.303133,1.446586,-0.100836,0.013868,1.408864,-2.228227,-1.045719,-1.328520,-1.339732,2.916277,0.031174,0.984126,-0.710242,2.239845,0.767179,2.133299,-0.556394,-1.174809,1.507891,0,1,1.0000,1.0000,1,1,0,0,0.0000,0.0000,,,,,128735,125306,1889,1520,125557,123760,3178,1472,0,74,0.56138,-0.05114,0
1786018973.2247,D_left_back_left,D,left,0,back_left,,140,80.9000,327.0000,246.0000,1.9000,279.5000,2.3000,360.0000,349.3000,20.1000,0.0000,154.2000,0.0000,121.3000,0.0000,-0.19400,-0.08400,0.95900,0.50000,5.52000,-1.35000,-0.93200,0.04400,0.24100,0.72000,-1.15000,1.77000,8.2,1.5,1.0,1.0,0.713962,0.303132,1.446585,-1.194009,-0.175145,2.047667,-0.089600,0.486000,0.869300,0.003200,0.133500,0.542300,0.828800,0.034500,0.713961,0.303133,1.446586,-0.100836,0.013868,1.408864,-2.228227,-1.045719,-1.328520,-1.339732,2.916277,0.031174,0.984126,-0.710242,2.239845,0.767179,2.133299,-0.556394,-1.174809,1.507891,0,1,1.0000,1.0000,1,1,0,0,0.0000,0.0000,,,,,128735,125306,1889,1520,125557,123760,3178,1472,0,74,0.56138,-0.05114,0
1786018973.2481,D_left_back_left,D,left,0,back_left,,141,80.9000,327.5000,246.0000,2.2000,279.5000,2.3000,360.0000,349.3000,20.1000,0.0000,154.2000,0.0000,121.3000,0.0000,-0.20600,-0.02200,0.95400,-1.28000,3.89000,-0.82000,-0.92600,0.03900,0.23900,-0.87000,-1.25000,-0.08000,10.0,1.6,1.0,1.0,0.713962,0.303132,1.446585,-0.198242,-0.509828,1.555342,-0.089600,0.486000,0.869300,0.003200,0.133500,0.542300,0.828800,0.034500,0.713961,0.303133,1.446586,-0.100836,0.013868,1.408864,-2.228227,-1.045719,-1.328520,-1.339732,2.916277,0.031174,0.984126,-0.710242,2.239845,0.767179,2.133299,-0.556394,-1.174809,1.507891,0,1,1.0000,1.0000,1,1,0,0,0.0000,0.0000,,,,,128736,125306,1889,1520,125558,123760,3178,1472,0,74,0.56138,-0.05114,0
1786018973.2695,D_left_back_left,D,left,0,back_left,,142,80.9000,327.5000,246.0000,2.2000,279.5000,2.3000,360.0000,349.3000,20.1000,0.0000,154.2000,0.0000,121.3000,0.0000,-0.20600,-0.02200,0.95400,-1.28000,3.89000,-0.82000,-0.92600,0.03900,0.23900,-0.87000,-1.25000,-0.08000,10.0,1.6,1.0,1.0,0.713962,0.303132,1.446585,-0.198242,-0.509828,1.555342,-0.089600,0.486000,0.869300,0.003200,0.133500,0.542300,0.828800,0.034500,0.713961,0.303133,1.446586,-0.100836,0.013868,1.408864,-2.228227,-1.045719,-1.328520,-1.339732,2.916277,0.031174,0.984126,-0.710242,2.239845,0.767179,2.133299,-0.556394,-1.174809,1.507891,0,1,1.0000,1.0000,1,1,0,0,0.0000,0.0000,,,,,128736,125306,1889,1520,125558,123760,3178,1472,0,74,0.56138,-0.05114,0
1786018973.2822,D_left_back_left,D,left,0,back_left,,143,80.6000,36.0000,245.9000,1.9000,279.4000,2.3000,360.0000,349.3000,20.1000,0.0000,154.2000,0.0000,121.3000,0.0000,-0.21100,-0.08300,0.91900,-2.24000,4.21000,-3.66000,-0.92800,0.02900,0.23800,-0.63000,0.98000,-5.10000,10.8,2.2,1.0,1.0,0.797289,0.399498,1.759377,-0.280689,0.045202,1.406512,-0.089600,0.486000,0.869300,0.003200,0.133500,0.542300,0.828800,0.034500,0.713961,0.303133,1.446586,-0.100836,0.013868,1.408864,-2.228227,-1.045719,-1.328520,-1.339732,2.916277,0.031174,0.984126,-0.710242,2.239845,0.767179,2.133299,-0.556394,-1.174809,1.507891,0,1,1.0000,1.0000,1,1,0,0,0.0000,0.0000,,,,,9097,125306,1870,1520,6280,123760,2817,1472,0,74,0.56138,-0.05114,0
1786018973.3160,D_left_back_left,D,left,0,back_left,,144,80.5000,327.4000,24.0000,2.0000,279.4000,2.3000,360.0000,349.3000,20.1000,0.0000,154.2000,0.0000,121.3000,0.0000,-0.19100,-0.09000,0.91100,-1.18000,-1.86000,-12.66000,-0.92800,0.02900,0.23800,-0.63000,0.98000,-5.10000,10.8,2.2,1.0,1.0,0.797289,0.399498,1.759377,-0.280689,0.045202,1.406512,-0.089600,0.486000,0.869300,0.003200,0.133500,0.542300,0.828800,0.034500,0.713962,0.303132,1.446585,-0.100836,0.013868,1.408864,-2.228227,-1.045719,-1.328520,-1.339732,2.916277,0.031174,0.984126,-0.710242,2.239845,0.767179,2.133299,-0.556394,-1.174809,1.507891,0,1,1.0000,1.0000,1,1,0,0,0.0000,0.0000,,,,,9097,125306,1870,1520,6280,123760,2817,1472,0,74,0.56138,-0.05114,0
1786018973.3385,D_left_back_left,D,left,0,back_left,,145,80.5000,327.4000,24.0000,2.0000,279.4000,2.3000,360.0000,349.3000,20.1000,0.0000,154.2000,0.0000,121.3000,0.0000,-0.19100,-0.09000,0.91100,-1.18000,-1.86000,-12.66000,-0.92800,0.02900,0.23800,-0.63000,0.98000,-5.10000,9.6,2.4,1.0,1.0,1.082470,0.790698,1.532568,-0.280689,0.045202,1.406512,-0.089600,0.486000,0.869300,0.003200,0.133500,0.542300,0.828800,0.034500,0.713962,0.303132,1.446585,-0.100836,0.013868,1.408864,-2.228227,-1.045719,-1.328520,-1.339732,2.916277,0.031174,0.984126,-0.710242,2.239845,0.767179,2.133299,-0.556394,-1.174809,1.507891,0,1,1.0000,1.0000,1,1,0,0,0.0000,0.0000,,,,,9097,125306,1870,1520,6280,123760,2817,1472,0,74,0.56138,-0.05114,0
1786018973.3478,D_left_back_left,D,left,0,back_left,,146,80.2000,327.4000,245.9000,1.9000,279.6000,2.3000,360.0000,349.0000,20.1000,0.0000,154.2000,0.0000,121.3000,0.0000,-0.17000,-0.10300,0.87100,-9.87000,3.30000,-9.16000,-0.92400,0.02900,0.24300,-0.68000,1.01000,-5.37000,10.7,1.8,1.0,1.0,0.797289,0.399498,1.759377,-0.196810,-0.509813,1.555877,-0.089600,0.486000,0.869300,0.003200,0.133500,0.542300,0.828800,0.034500,0.713962,0.303132,1.446585,-0.100836,0.013868,1.408864,-2.228227,-1.045719,-1.328520,-1.339732,2.916277,0.031174,0.984126,-0.710242,2.239845,0.767179,2.133299,-0.556394,-1.174809,1.507891,0,1,1.0000,1.0000,1,1,0,0,0.0000,0.0000,,,,,9098,8832,1870,1485,6281,7347,2817,1400,0,85,0.56138,-0.05114,0
1786018973.3667,D_left_back_left,D,left,0,back_left,,147,80.1000,32.4000,246.1000,2.1000,279.8000,2.3000,360.0000,349.2000,20.1000,0.0000,154.3000,0.0000,121.3000,0.0000,-0.16500,-0.12600,0.86900,-9.00000,8.40000,-5.32000,-0.93700,0.04200,0.24800,-0.47000,1.04000,-6.50000,10.5,1.4,1.0,1.0,1.082470,0.790698,1.532568,-0.196791,-0.509807,1.555879,-0.089600,0.486000,0.869300,0.003200,0.133500,0.542300,0.828800,0.034500,0.713962,0.303132,1.446585,-0.100836,0.013868,1.408864,-2.228227,-1.045719,-1.328520,-1.339732,2.916277,0.031174,0.984126,-0.710242,2.239845,0.767179,2.133299,-0.556394,-1.174809,1.507891,0,1,1.0000,1.0000,1,1,0,0,0.0000,0.0000,,,,,128738,125306,1889,1521,125560,123760,3178,1472,0,74,0.56138,-0.05114,0
1786018973.3986,D_left_back_left,D,left,0,back_left,,148,79.7000,327.3000,246.6000,2.4000,280.0000,2.4000,360.0000,349.2000,20.1000,0.0000,54.0000,0.0000,121.3000,0.0000,-0.16500,-0.05400,0.90200,5.27000,1.51000,6.02000,-0.93600,0.05600,0.26100,-1.66000,-0.13000,-5.39000,10.4,2.0,1.0,1.0,0.713962,0.303132,1.446585,-0.291327,0.044035,1.434137,-0.089600,0.486000,0.869300,0.003200,0.133500,0.542300,0.828800,0.034500,0.713962,0.303132,1.446585,-0.100836,0.013868,1.408864,-2.228227,-1.045719,-1.328520,-1.339732,2.916277,0.031174,0.984126,-0.710242,2.239845,0.767179,2.133299,-0.556394,-1.174809,1.507891,0,1,1.0000,1.0000,1,1,0,0,0.0000,0.0000,,,,,128738,125306,1889,1521,125560,123760,3178,1472,0,74,0.56138,-0.05114,0
1786018973.4027,D_left_back_left,D,left,0,back_left,,149,79.7000,327.3000,246.6000,2.4000,280.0000,2.4000,360.0000,349.2000,20.1000,0.0000,54.0000,0.0000,121.3000,0.0000,-0.16500,-0.05400,0.90200,5.27000,1.51000,6.02000,-0.93600,0.05600,0.26100,-1.66000,-0.13000,-5.39000,10.4,2.0,1.0,1.0,0.713962,0.303132,1.446585,-0.291327,0.044035,1.434137,-0.089600,0.486000,0.869300,0.003200,0.133500,0.542300,0.828800,0.034500,0.713962,0.303132,1.446585,-0.100836,0.013868,1.408864,-2.228227,-1.045719,-1.328520,-1.339732,2.916277,0.031174,0.984126,-0.710242,2.239845,0.767179,2.133299,-0.556394,-1.174809,1.507891,0,1,1.0000,1.0000,1,1,0,0,0.0000,0.0000,,,,,128738,125306,1889,1521,125560,123760,3178,1472,0,74,0.56138,-0.05114,0
1786018973.4231,D_left_back_left,D,left,0,back_left,,150,79.7000,327.2000,246.7000,2.4000,280.0000,2.4000,360.0000,349.3000,20.1000,0.0000,154.3000,0.0000,121.3000,0.0000,-0.19300,-0.06200,0.88200,6.69000,0.15000,6.21000,-0.94700,0.05100,0.24200,-1.11000,-0.10000,1.89000,10.8,1.6,1.0,1.0,0.713962,0.303132,1.446585,-0.198019,-0.509850,1.555422,-0.089600,0.486000,0.869300,0.003200,0.133500,0.542300,0.828800,0.034500,0.713962,0.303132,1.446585,-0.100836,0.013868,1.408864,-2.228227,-1.045719,-1.328520,-1.339732,2.916277,0.031174,0.984126,-0.710242,2.239845,0.767179,2.133299,-0.556394,-1.174809,1.507891,0,1,1.0000,1.0000,1,1,0,0,0.0000,0.0000,,,,,9099,125307,1870,1521,6282,123760,2817,1473,0,74,0.56138,-0.05114,0
1786018973.4433,D_left_back_left,D,left,0,back_left,,151,9.7000,327.1000,246.8000,1.8000,280.2000,2.3000,360.0000,349.3000,20.2000,0.0000,154.2000,0.0000,121.3000,0.0000,-0.18800,-0.09700,0.87400,-1.40000,4.43000,2.71000,-0.93800,0.04700,0.26200,1.50000,1.98000,0.08000,10.2,1.9,1.0,1.0,0.797289,0.399498,1.759377,-0.197945,-0.509817,1.555444,-0.089600,0.486000,0.869300,0.003200,0.133500,0.542300,0.828800,0.034500,0.713960,0.303136,1.446588,-0.100836,0.013868,1.408864,-2.228227,-1.045719,-1.328520,-1.339732,2.916277,0.031174,0.984126,-0.710242,2.239845,0.767179,2.133299,-0.556394,-1.174809,1.507891,0,1,1.0000,1.0000,1,1,0,0,0.0000,0.0000,,,,,9099,8832,1870,1486,6282,7347,2817,1400,0,85,0.56138,-0.05114,0
1786018973.4706,D_left_back_left,D,left,0,back_left,,152,9.7000,327.1000,246.8000,1.8000,280.2000,2.3000,360.0000,349.3000,20.2000,0.0000,154.2000,0.0000,121.3000,0.0000,-0.18800,-0.09700,0.87400,-1.40000,4.43000,2.71000,-0.93800,0.05800,0.27200,-1.55000,0.28000,1.42000,11.2,1.6,1.0,1.0,0.797289,0.399498,1.759377,-0.198657,-0.509878,1.555181,-0.089600,0.486000,0.869300,0.003200,0.133500,0.542300,0.828800,0.034500,0.713960,0.303136,1.446588,-0.100836,0.013868,1.408864,-2.228227,-1.045719,-1.328520,-1.339732,2.916277,0.031174,0.984126,-0.710242,2.239845,0.767179,2.133299,-0.556394,-1.174809,1.507891,0,1,1.0000,1.0000,1,1,0,0,0.0000,0.0000,,,,,9099,8832,1870,1486,6282,7347,2817,1400,0,85,0.56138,-0.05114,0
1786018973.4926,D_left_back_left,D,left,0,back_left,,153,9.7000,327.1000,246.8000,1.8000,280.2000,2.3000,360.0000,349.3000,20.2000,0.0000,154.2000,0.0000,121.3000,0.0000,-0.18800,-0.09700,0.87400,-1.40000,4.43000,2.71000,-0.93800,0.05800,0.27200,-1.55000,0.28000,1.42000,11.2,1.6,1.0,1.0,0.797289,0.399498,1.759377,-0.198657,-0.509878,1.555181,-0.089600,0.486000,0.869300,0.003200,0.133500,0.542300,0.828800,0.034500,0.713960,0.303136,1.446588,-0.100836,0.013868,1.408864,-2.228227,-1.045719,-1.328520,-1.339732,2.916277,0.031174,0.984126,-0.710242,2.239845,0.767179,2.133299,-0.556394,-1.174809,1.507891,0,1,1.0000,1.0000,1,1,0,0,0.0000,0.0000,,,,,9099,125308,1870,1521,6282,123760,2817,1473,0,75,0.56138,-0.05114,0
1786018973.5079,D_left_back_left,D,left,0,back_left,,154,9.7000,327.1000,246.8000,1.8000,280.2000,2.3000,360.0000,349.4000,20.2000,0.0000,154.0000,0.0000,121.2000,0.0000,-0.18800,-0.09700,0.87400,-1.40000,4.43000,2.71000,-0.94200,0.04700,0.25900,-0.43000,-1.08000,3.27000,12.9,1.2,1.0,1.0,0.797289,0.399498,1.759377,-1.192653,-0.174899,2.048155,-0.089600,0.486000,0.869300,0.003200,0.133500,0.542300,0.828800,0.034500,0.713960,0.303136,1.446588,-0.100836,0.013868,1.408864,-2.228227,-1.045719,-1.328520,-1.339732,2.916277,0.031174,0.984126,-0.710242,2.239845,0.767179,2.133299,-0.556394,-1.174809,1.507891,0,1,1.0000,1.0000,1,1,0,0,0.0000,0.0000,,,,,9099,125308,1870,1521,6282,123760,2817,1473,0,75,0.56138,-0.05114,0
1786018973.5264,D_left_back_left,D,left,0,back_left,,155,9.7000,327.1000,246.8000,1.8000,280.2000,2.3000,360.0000,349.4000,20.2000,0.0000,154.0000,0.0000,121.2000,0.0000,-0.18800,-0.09700,0.87400,-1.40000,4.43000,2.71000,-0.94200,0.04700,0.25900,-0.43000,-1.08000,3.27000,12.9,1.2,1.0,1.0,0.797289,0.399498,1.759377,-1.192653,-0.174899,2.048155,-0.089600,0.486000,0.869300,0.003200,0.133500,0.542300,0.828800,0.034500,0.713960,0.303136,1.446588,-0.100836,0.013868,1.408864,-2.228227,-1.045719,-1.328520,-1.339732,2.916277,0.031174,0.984126,-0.710242,2.239845,0.767179,2.133299,-0.556394,-1.174809,1.507891,0,1,1.0000,1.0000,1,1,0,0,0.0000,0.0000,,,,,9099,125308,1870,1521,6282,123760,2817,1473,0,75,0.56138,-0.05114,0
1786018973.5595,D_left_back_left,D,left,0,back_left,,156,79.7000,327.0000,247.1000,2.3000,280.1000,2.3000,360.0000,349.3000,20.1000,0.0000,154.2000,0.0000,121.2000,0.0000,-0.21700,-0.06500,0.89500,-2.71000,7.56000,-3.07000,-0.92800,0.05200,0.24500,-0.69000,-0.30000,1.24000,12.7,1.5,1.0,1.0,0.713962,0.303132,1.446585,-1.192957,-0.174940,2.048044,-0.089600,0.486000,0.869300,0.003200,0.133500,0.542300,0.828800,0.034500,0.713960,0.303136,1.446588,-0.100836,0.013868,1.408864,-2.228227,-1.045719,-1.328520,-1.339732,2.916277,0.031174,0.984126,-0.710242,2.239845,0.767179,2.133299,-0.556394,-1.174809,1.507891,0,1,1.0000,1.0000,1,1,0,0,0.0000,0.0000,,,,,128739,125309,1889,1521,125561,123760,3178,1473,0,76,0.56138,-0.05114,0
1786018973.5708,D_left_back_left,D,left,0,back_left,,157,79.7000,327.0000,247.1000,2.3000,280.1000,2.3000,360.0000,349.3000,20.1000,0.0000,154.2000,0.0000,121.2000,0.0000,-0.21700,-0.06500,0.89500,-2.71000,7.56000,-3.07000,-0.92800,0.05200,0.24500,-0.69000,-0.30000,1.24000,12.7,1.5,1.0,1.0,0.713962,0.303132,1.446585,-1.192957,-0.174940,2.048044,-0.089600,0.486000,0.869300,0.003200,0.133500,0.542300,0.828800,0.034500,0.713960,0.303136,1.446588,-0.100836,0.013868,1.408864,-2.228227,-1.045719,-1.328520,-1.339732,2.916277,0.031174,0.984126,-0.710242,2.239845,0.767179,2.133299,-0.556394,-1.174809,1.507891,0,1,1.0000,1.0000,1,1,0,0,0.0000,0.0000,,,,,128739,125309,1889,1521,125561,123760,3178,1473,0,76,0.56138,-0.05114,0
1786018973.5857,D_left_back_left,D,left,0,back_left,,158,79.7000,327.0000,247.1000,2.3000,280.1000,2.2000,360.0000,349.3000,20.1000,0.0000,154.2000,0.0000,121.2000,0.0000,-0.22300,-0.05900,0.89500,-0.62000,7.25000,-1.84000,-0.92800,0.04900,0.24700,-1.01000,-0.85000,2.18000,11.7,1.3,1.0,1.0,0.797289,0.399498,1.759377,-0.293417,0.043844,1.439303,-0.089600,0.486000,0.869300,0.003200,0.133500,0.542300,0.828800,0.034500,0.713960,0.303136,1.446588,-0.100836,0.013868,1.408864,-2.228227,-1.045719,-1.328520,-1.339732,2.916277,0.031174,0.984126,-0.710242,2.239845,0.767179,2.133299,-0.556394,-1.174809,1.507891,0,1,1.0000,1.0000,1,1,0,0,0.0000,0.0000,,,,,9099,8835,1870,1486,6282,7347,2817,1403,0,85,0.56138,-0.05114,0
1786018973.6048,D_left_back_left,D,left,0,back_left,,159,79.7000,326.9000,247.1000,2.3000,280.1000,2.3000,360.0000,349.3000,20.1000,0.0000,154.2000,0.0000,121.2000,0.0000,-0.23200,-0.06200,0.90700,-4.33000,7.98000,-3.92000,-0.92800,0.04900,0.24700,-1.01000,-0.85000,2.18000,11.7,1.3,1.0,1.0,1.082470,0.790698,1.532568,-0.293417,0.043844,1.439303,-0.089600,0.486000,0.869300,0.003200,0.133500,0.542300,0.828800,0.034500,0.713960,0.303136,1.446588,-0.100836,0.013868,1.408864,-2.228227,-1.045719,-1.328520,-1.339732,2.916277,0.031174,0.984126,-0.710242,2.239845,0.767179,2.133299,-0.556394,-1.174809,1.507891,0,1,1.0000,1.0000,1,1,0,0,0.0000,0.0000,,,,,9099,8835,1870,1486,6282,7347,2817,1403,0,85,0.56138,-0.05114,0
1786018973.6395,D_left_back_left,D,left,0,back_left,,160,79.7000,326.9000,247.1000,2.3000,280.1000,2.3000,360.0000,349.3000,20.1000,0.0000,154.2000,0.0000,121.2000,0.0000,-0.21100,-0.11500,0.90400,-10.67000,8.06000,-6.63000,-0.93200,0.06400,0.24900,-0.09000,0.24000,-2.49000,11.3,1.2,1.0,1.0,1.082470,0.790698,1.532568,-1.194079,-0.175069,2.047642,-0.089600,0.486000,0.869300,0.003200,0.133500,0.542300,0.828800,0.034500,0.713960,0.303136,1.446588,-0.100836,0.013868,1.408864,-2.228227,-1.045719,-1.328520,-1.339732,2.916277,0.031174,0.984126,-0.710242,2.239845,0.767179,2.133299,-0.556394,-1.174809,1.507891,0,1,1.0000,1.0000,1,1,0,0,0.0000,0.0000,,,,,9099,8835,1870,1486,6282,7347,2817,1403,0,85,0.56138,-0.05114,0
1786018973.6524,D_left_back_left,D,left,0,back_left,,161,79.7000,326.9000,247.1000,2.3000,280.1000,2.3000,360.0000,349.3000,20.1000,0.0000,154.2000,0.0000,121.2000,0.0000,-0.21100,-0.11500,0.90400,-10.67000,8.06000,-6.63000,-0.93200,0.06400,0.24900,-0.09000,0.24000,-2.49000,11.3,1.2,1.0,1.0,1.082470,0.790698,1.532568,-1.194079,-0.175069,2.047642,-0.089600,0.486000,0.869300,0.003200,0.133500,0.542300,0.828800,0.034500,0.713960,0.303136,1.446588,-0.100836,0.013868,1.408864,-2.228227,-1.045719,-1.328520,-1.339732,2.916277,0.031174,0.984126,-0.710242,2.239845,0.767179,2.133299,-0.556394,-1.174809,1.507891,0,1,1.0000,1.0000,1,1,0,0,0.0000,0.0000,,,,,9099,8835,1870,1486,6282,7347,2817,1403,0,85,0.56138,-0.05114,0
1786018973.6667,D_left_back_left,D,left,0,back_left,,162,79.7000,326.9000,247.1000,2.3000,280.1000,2.3000,360.0000,349.3000,20.1000,0.0000,154.2000,0.0000,121.2000,0.0000,-0.21100,-0.11500,0.90400,-10.67000,8.06000,-6.63000,-0.93200,0.06400,0.24900,-0.09000,0.24000,-2.49000,11.3,1.2,1.0,1.0,1.082470,0.790698,1.532568,-1.194079,-0.175069,2.047642,-0.089600,0.486000,0.869300,0.003200,0.133500,0.542300,0.828800,0.034500,0.713960,0.303136,1.446588,-0.100836,0.013868,1.408864,-2.228227,-1.045719,-1.328520,-1.339732,2.916277,0.031174,0.984126,-0.710242,2.239845,0.767179,2.133299,-0.556394,-1.174809,1.507891,0,1,1.0000,1.0000,1,1,0,0,0.0000,0.0000,,,,,9099,8835,1870,1486,6282,7347,2817,1403,0,85,0.56138,-0.05114,0
1786018973.7257,D_left_back_left,D,left,0,back_left,,163,79.6000,326.9000,247.2000,2.4000,280.1000,2.3000,360.0000,349.3000,20.0000,0.0000,154.2000,0.0000,121.2000,0.0000,-0.21200,-0.11200,0.90000,-10.63000,9.40000,-5.38000,-0.93000,0.06600,0.25500,-0.67000,-0.01000,-2.70000,13.6,1.8,1.0,1.0,0.713962,0.303132,1.446585,-0.199947,-0.510008,1.554728,-0.089600,0.486000,0.869300,0.003200,0.133500,0.542300,0.828800,0.034500,0.713960,0.303136,1.446588,-0.100836,0.013868,1.408864,-2.228227,-1.045719,-1.328520,-1.339732,2.916277,0.031174,0.984126,-0.710242,2.239845,0.767179,2.133299,-0.556394,-1.174809,1.507891,0,1,1.0000,1.0000,1,1,0,0,0.0000,0.0000,,,,,128739,8835,1889,1486,125561,7347,3178,1403,0,85,0.56138,-0.05114,0
1786018973.7263,D_left_back_left,D,left,0,back_left,,164,79.6000,326.9000,247.2000,2.4000,280.1000,2.3000,360.0000,349.3000,20.0000,0.0000,154.2000,0.0000,121.2000,0.0000,-0.21200,-0.11200,0.90000,-10.63000,9.40000,-5.38000,-0.93000,0.06600,0.25500,-0.67000,-0.01000,-2.70000,13.6,1.8,1.0,1.0,0.713962,0.303132,1.446585,-0.199947,-0.510008,1.554728,-0.089600,0.486000,0.869300,0.003200,0.133500,0.542300,0.828800,0.034500,0.713960,0.303136,1.446588,-0.100836,0.013868,1.408864,-2.228227,-1.045719,-1.328520,-1.339732,2.916277,0.031174,0.984126,-0.710242,2.239845,0.767179,2.133299,-0.556394,-1.174809,1.507891,0,1,1.0000,1.0000,1,1,0,0,0.0000,0.0000,,,,,128739,8835,1889,1486,125561,7347,3178,1403,0,85,0.56138,-0.05114,0
1786018973.7277,D_left_back_left,D,left,0,back_left,,165,79.6000,326.9000,247.2000,2.4000,280.1000,2.3000,360.0000,349.3000,20.0000,0.0000,154.2000,0.0000,121.2000,0.0000,-0.21200,-0.11200,0.90000,-10.63000,9.40000,-5.38000,-0.93000,0.06600,0.25500,-0.67000,-0.01000,-2.70000,13.6,1.8,1.0,1.0,0.713962,0.303132,1.446585,-0.199947,-0.510008,1.554728,-0.089600,0.486000,0.869300,0.003200,0.133500,0.542300,0.828800,0.034500,0.713960,0.303136,1.446588,-0.100836,0.013868,1.408864,-2.228227,-1.045719,-1.328520,-1.339732,2.916277,0.031174,0.984126,-0.710242,2.239845,0.767179,2.133299,-0.556394,-1.174809,1.507891,0,1,1.0000,1.0000,1,1,0,0,0.0000,0.0000,,,,,128739,8835,1889,1486,125561,7347,3178,1403,0,85,0.56138,-0.05114,0
1786018973.7480,D_left_back_left,D,left,0,back_left,,166,79.6000,326.9000,247.3000,2.4000,280.0000,2.3000,360.0000,349.3000,20.1000,0.0000,154.1000,0.0000,121.2000,0.0000,-0.21000,-0.10400,0.89700,-10.36000,10.69000,-4.40000,-0.93200,0.07100,0.24900,-1.37000,-0.60000,-156.00000,13.7,1.6,1.0,1.0,0.797289,0.399498,1.759377,-0.290961,0.044140,1.428920,-0.089600,0.486000,0.869300,0.003200,0.133500,0.542300,0.828800,0.034500,0.713960,0.303136,1.446588,-0.100836,0.013868,1.408864,-2.228218,-1.045786,-1.328635,-1.339730,2.919202,0.031145,0.981292,-0.710242,2.239845,0.767179,2.133299,-0.556394,-1.174809,1.507891,0,1,1.0000,1.0000,1,1,0,0,0.0000,0.0000,,,,,9099,125310,1871,1521,6282,123760,2817,1473,0,77,0.56138,-0.05114,0
1786018973.7740,D_left_back_left,D,left,0,back_left,,167,79.4000,326.9000,247.4000,2.5000,279.8000,2.4000,360.0000,349.2000,20.1000,0.0000,154.2000,0.0000,121.3000,0.0000,-0.22800,-0.11800,0.90800,-8.45000,11.73000,-2.72000,-0.93600,0.06500,0.25000,-2.87000,-1.55000,-0.34000,13.3,1.3,1.0,1.0,0.713962,0.303132,1.446585,-1.195851,-0.175318,2.047013,-0.089600,0.486000,0.869300,0.003200,0.133500,0.542300,0.828800,0.034500,0.713960,0.303136,1.446588,-0.100836,0.013868,1.408864,-2.228213,-1.045809,-1.328675,-1.339731,2.920202,0.031136,0.980322,-0.710242,2.239845,0.767179,2.133299,-0.556394,-1.174809,1.507891,0,1,1.0000,1.0000,1,1,0,0,0.0000,0.0000,,,,,9099,125310,1871,1521,6282,123760,2817,1473,0,77,0.56138,-0.05114,0
1786018973.7881,D_left_back_left,D,left,0,back_left,,168,79.2000,326.8000,247.9000,2.6000,279.3000,2.3000,360.0000,349.2000,20.1000,0.0000,154.2000,0.0000,121.3000,0.0000,-0.19700,-0.12600,0.91800,-4.17000,5.41000,-4.66000,-0.93000,0.05500,0.24400,-2.83000,-1.53000,-0.21000,11.5,1.2,1.0,1.0,0.713962,0.303132,1.446585,-0.200042,-0.510057,1.554688,-0.089600,0.486000,0.869300,0.003200,0.133500,0.542300,0.828800,0.034500,0.713960,0.303136,1.446588,-0.100836,0.013868,1.408864,-2.228209,-1.045817,-1.328689,-1.339732,2.920532,0.031133,0.980003,-0.710242,2.239845,0.767179,2.133299,-0.556394,-1.174809,1.507891,0,1,1.0000,1.0000,1,1,0,0,0.0000,0.0000,,,,,9099,125310,1871,1521,6282,123760,2817,1473,0,77,0.56138,-0.05114,0
1786018973.8074,D_left_back_left,D,left,0,back_left,,169,79.0000,326.7000,248.1000,2.3000,279.3000,2.3000,360.0000,349.2000,20.2000,0.0000,154.2000,0.0000,121.3000,0.0000,-0.21800,-0.10800,0.88300,-2.36000,5.68000,1.69000,-0.93100,0.05100,0.24500,-0.78000,-0.76000,-1.15000,12.1,1.2,1.0,1.0,0.797289,0.399498,1.759377,-1.195101,-0.175271,2.047271,-0.089600,0.486000,0.869300,0.003200,0.133500,0.542300,0.828800,0.034500,0.713960,0.303136,1.446588,-0.100836,0.013868,1.408864,-2.228198,-1.045840,-1.328735,-1.339739,2.921594,0.031125,0.978973,-0.710242,2.239845,0.767179,2.133299,-0.556394,-1.174809,1.507891,0,1,1.0000,1.0000,1,1,0,0,0.0000,0.0000,,,,,9099,8835,1871,1487,6282,7347,2817,1403,0,85,0.56138,-0.05114,0
1786018973.8283,D_left_back_left,D,left,0,back_left,,170,78.2000,325.7000,248.4000,2.5000,279.2000,2.4000,360.0000,349.2000,20.2000,0.0000,154.2000,0.0000,121.3000,0.0000,-0.22200,-0.12200,0.86500,-1.14000,4.89000,6.18000,-0.93100,0.05000,0.25100,-1.92000,-1.07000,-0.98000,8.8,1.5,1.0,1.0,0.713962,0.303132,1.446585,-1.194466,-0.175227,2.047492,-0.089600,0.486000,0.869300,0.003200,0.133500,0.542300,0.828800,0.034500,0.713960,0.303136,1.446588,-0.100836,0.013868,1.408864,-2.228198,-1.045840,-1.328735,-1.339739,2.921594,0.031125,0.978973,-0.710242,2.239845,0.767179,2.133299,-0.556394,-1.174809,1.507891,0,1,1.0000,1.0000,1,1,0,0,0.0000,0.0000,,,,,9099,125310,1871,1521,6282,123760,2817,1473,0,77,0.56138,-0.05114,0
1786018973.8545,D_left_back_left,D,left,0,back_left,,171,78.0000,325.4000,248.3000,2.3000,279.2000,2.5000,360.0000,349.1000,20.3000,0.0000,154.2000,0.0000,121.2000,0.0000,-0.25000,-0.14900,0.88300,0.34000,6.33000,1.31000,-0.94000,0.05000,0.25200,-1.11000,0.36000,-2.78000,11.9,1.8,1.0,1.0,0.713962,0.303132,1.446585,-0.288168,0.044367,1.422021,-0.089600,0.486000,0.869300,0.003200,0.133500,0.542300,0.828800,0.034500,0.713960,0.303136,1.446588,-0.100836,0.013868,1.408864,-2.228183,-1.045903,-1.328846,-1.339742,2.924341,0.031101,0.976310,-0.710242,2.239845,0.767179,2.133299,-0.556394,-1.174809,1.507891,0,1,1.0000,1.0000,1,1,0,0,0.0000,0.0000,,,,,128739,8835,1889,1487,125561,7347,3178,1403,0,85,0.56138,-0.05114,0
1786018973.8649,D_left_back_left,D,left,0,back_left,,172,78.0000,325.5000,248.3000,2.5000,279.2000,2.6000,360.0000,349.2000,20.2000,0.0000,154.2000,0.0000,121.2000,0.0000,-0.23800,-0.13500,0.87100,-1.27000,8.31000,5.20000,-0.93400,0.05600,0.26500,-0.33000,0.47000,-1.09000,10.4,1.9,1.0,1.0,0.797289,0.399498,1.759377,-1.194661,-0.175265,2.047416,-0.089600,0.486000,0.869300,0.003200,0.133500,0.542300,0.828800,0.034500,0.713960,0.303136,1.446588,-0.100836,0.013868,1.408864,-2.228179,-1.045920,-1.328877,-1.339743,2.925114,0.031094,0.975561,-0.710242,2.239845,0.767179,2.133299,-0.556394,-1.174809,1.507891,0,1,1.0000,1.0000,1,1,0,0,0.0000,0.0000,,,,,9099,125310,1871,1521,6282,123760,2817,1473,0,77,0.56138,-0.05114,0
1786018973.8822,D_left_back_left,D,left,0,back_left,,173,78.2000,325.6000,248.4000,2.5000,279.2000,2.4000,360.0000,349.2000,20.2000,0.0000,154.2000,0.0000,121.2000,0.0000,-0.24100,-0.16100,0.88100,2.12000,4.55000,-2.36000,-0.94000,0.05900,0.25700,-0.48000,0.39000,-1.11000,14.8,1.6,1.0,1.0,1.082470,0.790698,1.532568,-0.199594,-0.510113,1.554824,-0.089600,0.486000,0.869300,0.003200,0.133500,0.542300,0.828800,0.034500,0.713960,0.303136,1.446588,-0.100836,0.013868,1.408864,-2.228177,-1.045928,-1.328891,-1.339744,2.925440,0.031091,0.975245,-0.710242,2.239845,0.767179,2.133299,-0.556394,-1.174809,1.507891,0,1,1.0000,1.0000,1,1,0,0,0.0000,0.0000,,,,,128739,125310,1890,1521,125561,123760,3178,1473,0,77,0.56138,-0.05114,0
1786018973.9138,D_left_back_left,D,left,0,back_left,,174,77.9000,325.4000,248.4000,2.4000,279.2000,2.4000,360.0000,349.2000,20.1000,0.0000,154.2000,0.0000,121.2000,0.0000,-0.21700,-0.14600,0.90900,2.70000,8.84000,-1.64000,-0.93300,0.06400,0.24700,-1.48000,-0.67000,1.44000,12.5,3.1,1.0,1.0,1.082470,0.790698,1.532568,-0.200477,-0.510205,1.554514,-0.089600,0.486000,0.869300,0.003200,0.133500,0.542300,0.828800,0.034500,0.713960,0.303136,1.446588,-0.100836,0.013868,1.408864,-2.228180,-1.045931,-1.328894,-1.339741,2.925570,0.031088,0.975120,-0.710242,2.239845,0.767179,2.133299,-0.556394,-1.174809,1.507891,0,1,1.0000,1.0000,1,1,0,0,0.0000,0.0000,,,,,128739,125310,1890,1521,125561,123760,3178,1473,0,77,0.56138,-0.05114,0
1786018973.9347,D_left_back_left,D,left,0,back_left,,175,77.8000,325.4000,248.4000,2.5000,279.2000,2.3000,360.0000,349.2000,20.1000,0.0000,154.2000,0.0000,121.2000,0.0000,-0.23800,-0.13200,0.87400,0.44000,12.15000,2.01000,-0.93500,0.05800,0.25000,-2.44000,-0.72000,1.82000,10.9,2.8,1.0,1.0,1.082470,0.790698,1.532568,-0.285710,0.044625,1.410814,-0.089600,0.486000,0.869300,0.003200,0.133500,0.542300,0.828800,0.034500,0.713960,0.303136,1.446588,-0.100836,0.013868,1.408864,-2.228185,-1.045938,-1.328902,-1.339736,2.925841,0.031083,0.974857,-0.710242,2.239845,0.767179,2.133299,-0.556394,-1.174809,1.507891,0,1,1.0000,1.0000,1,1,0,0,0.0000,0.0000,,,,,9099,125310,1871,1522,6282,123760,2817,1473,0,77,0.56138,-0.05114,0
1786018973.9443,D_left_back_left,D,left,0,back_left,,176,77.2000,324.9000,248.5000,2.5000,279.2000,2.7000,360.0600,349.2000,20.1000,0.0000,154.2000,0.0000,121.2000,0.0000,-0.28100,-0.13800,0.85500,7.10000,8.05000,-18.24000,-0.93500,0.05800,0.25000,-2.44000,-0.72000,1.82000,10.9,2.8,1.0,1.0,1.082470,0.790698,1.532568,-0.285710,0.044625,1.410814,-0.089600,0.486000,0.869300,0.003200,0.133500,0.542300,0.828800,0.034500,0.713960,0.303136,1.446588,-0.100836,0.013868,1.408864,-2.228185,-1.045938,-1.328902,-1.339736,2.925841,0.031083,0.974857,-0.710242,2.239845,0.767179,2.133299,-0.556394,-1.174809,1.507891,0,1,1.0000,1.0000,1,1,0,0,0.0000,0.0000,,,,,9099,125310,1871,1522,6282,123760,2817,1473,0,77,0.56138,-0.05114,0
1786018973.9715,D_left_back_left,D,left,0,back_left,,177,77.2000,324.9000,248.5000,2.5000,279.2000,2.7000,360.0600,349.2000,20.1000,0.0000,154.2000,0.0000,121.2000,0.0000,-0.28100,-0.13800,0.85500,7.10000,8.05000,-18.24000,-0.94300,0.05100,0.23700,-2.29000,0.64000,3.05000,11.1,2.6,1.0,1.0,1.082470,0.790698,1.532568,-0.284625,0.044742,1.409311,-0.089600,0.486000,0.869300,0.003200,0.133500,0.542300,0.828800,0.034500,0.713960,0.303136,1.446588,-0.100836,0.013868,1.408864,-2.228190,-1.045945,-1.328908,-1.339732,2.926090,0.031079,0.974617,-0.710242,2.239845,0.767179,2.133299,-0.556394,-1.174809,1.507891,0,1,1.0000,1.0000,1,1,0,0,0.0000,0.0000,,,,,128739,125310,1890,1522,125561,123760,3178,1473,0,77,0.56138,-0.05114,0
1786018974.0150,D_left_back_left,D,left,0,back_left,,178,77.2000,324.9000,248.5000,2.5000,279.2000,2.7000,360.0600,349.2000,20.1000,0.0000,154.2000,0.0000,121.2000,0.0000,-0.28100,-0.13800,0.85500,7.10000,8.05000,-18.24000,-0.94300,0.05100,0.23700,-2.29000,0.64000,3.05000,11.1,2.6,1.0,1.0,1.082470,0.790698,1.532568,-0.284625,0.044742,1.409311,-0.089600,0.486000,0.869300,0.003200,0.133500,0.542300,0.828800,0.034500,0.713960,0.303136,1.446588,-0.100836,0.013868,1.408864,-2.228190,-1.045945,-1.328908,-1.339732,2.926090,0.031079,0.974617,-0.710242,2.239845,0.767179,2.133299,-0.556394,-1.174809,1.507891,0,1,1.0000,1.0000,1,1,0,0,0.0000,0.0000,,,,,9099,8836,1872,1487,6282,7347,2817,1403,0,86,0.56138,-0.05114,0
1786018974.0368,D_left_back_left,D,left,0,back_left,,179,77.2000,324.9000,248.5000,2.5000,279.2000,2.7000,360.0600,349.2000,20.1000,0.0000,154.2000,0.0000,121.2000,0.0000,-0.28100,-0.13800,0.85500,7.10000,8.05000,-18.24000,-0.94300,0.05100,0.23700,-2.29000,0.64000,3.05000,9.7,2.2,1.0,1.0,1.082470,0.790698,1.532568,-0.284625,0.044742,1.409311,-0.089600,0.486000,0.869300,0.003200,0.133500,0.542300,0.828800,0.034500,0.713960,0.303136,1.446588,-0.100836,0.013868,1.408864,-2.228190,-1.045945,-1.328908,-1.339732,2.926090,0.031079,0.974617,-0.710242,2.239845,0.767179,2.133299,-0.556394,-1.174809,1.507891,0,1,1.0000,1.0000,1,1,0,0,0.0000,0.0000,,,,,9099,8836,1872,1487,6282,7347,2817,1403,0,86,0.56138,-0.05114,0
1786018974.0402,D_left_back_left,D,left,0,back_left,,180,77.2000,324.9000,248.5000,2.5000,279.2000,2.7000,360.0600,349.2000,20.1000,0.0000,154.2000,0.0000,121.2000,0.0000,-0.28100,-0.13800,0.85500,7.10000,8.05000,-18.24000,-0.94300,0.05100,0.23700,-2.29000,0.64000,3.05000,9.7,2.2,1.0,1.0,1.082470,0.790698,1.532568,-0.284625,0.044742,1.409311,-0.089600,0.486000,0.869300,0.003200,0.133500,0.542300,0.828800,0.034500,0.713960,0.303136,1.446588,-0.100836,0.013868,1.408864,-2.228190,-1.045945,-1.328908,-1.339732,2.926090,0.031079,0.974617,-0.710242,2.239845,0.767179,2.133299,-0.556394,-1.174809,1.507891,0,1,1.0000,1.0000,1,1,0,0,0.0000,0.0000,,,,,9099,8836,1872,1487,6282,7347,2817,1403,0,86,0.56138,-0.05114,0
1786018974.0464,D_left_back_left,D,left,0,back_left,,181,77.1000,325.0000,249.3000,0.5000,279.2000,2.3000,360.0000,349.2000,20.1000,0.0000,154.2000,0.0000,121.2000,0.0000,-0.24300,-0.13600,0.93500,1.87000,-2.53000,1.59000,-0.94300,0.05100,0.23700,-2.29000,0.64000,3.05000,9.7,2.2,1.0,1.0,0.797289,0.399498,1.759377,-0.284625,0.044742,1.409311,-0.089600,0.486000,0.869300,0.003200,0.133500,0.542300,0.828800,0.034500,0.713960,0.303136,1.446588,-0.100836,0.013868,1.408864,-2.228190,-1.045945,-1.328908,-1.339732,2.926090,0.031079,0.974617,-0.710242,2.239845,0.767179,2.133299,-0.556394,-1.174809,1.507891,0,1,1.0000,1.0000,1,1,0,0,0.0000,0.0000,,,,,9099,8836,1872,1487,6282,7347,2817,1403,0,86,0.56138,-0.05114,0
1786018974.0780,D_left_back_left,D,left,0,back_left,,182,77.1000,325.0000,249.3000,0.5000,279.2000,2.3000,360.0000,349.2000,20.1000,0.0000,154.2000,0.0000,121.2000,0.0000,-0.24300,-0.13600,0.93500,1.87000,-2.53000,1.59000,-0.94300,0.05100,0.23700,-2.29000,0.64000,3.05000,12.6,0.9,1.0,1.0,0.797289,0.399498,1.759377,-0.284625,0.044742,1.409311,-0.089600,0.486000,0.869300,0.003200,0.133500,0.542300,0.828800,0.034500,0.713960,0.303136,1.446588,-0.100836,0.013868,1.408864,-2.228190,-1.045945,-1.328908,-1.339732,2.926090,0.031079,0.974617,-0.710242,2.239845,0.767179,2.133299,-0.556394,-1.174809,1.507891,0,1,1.0000,1.0000,1,1,0,0,0.0000,0.0000,,,,,128739,125310,1890,1522,125561,123760,3178,1473,0,77,0.56138,-0.05114,0
1786018974.1003,D_left_back_left,D,left,0,back_left,,183,77.0000,325.0000,249.4000,1.6000,279.2000,2.3000,360.0000,349.1000,20.1000,0.0000,154.2000,0.0000,121.2000,0.0000,-0.25200,-0.14500,0.87700,-5.11000,-0.62000,9.53000,-0.92900,0.05200,0.24700,0.49000,-1.87000,-3.14000,12.6,0.9,1.0,1.0,0.797289,0.399498,1.759377,-0.283950,0.044766,1.408226,-0.089600,0.486000,0.869300,0.003200,0.133500,0.542300,0.828800,0.034500,0.713960,0.303136,1.446588,-0.100836,0.013868,1.408864,-2.228190,-1.045945,-1.328908,-1.339732,2.926090,0.031079,0.974617,-0.710242,2.239845,0.767179,2.133299,-0.556394,-1.174809,1.507891,0,1,1.0000,1.0000,1,1,0,0,0.0000,0.0000,,,,,9099,8836,1872,1487,6282,7347,2817,1403,0,86,0.56138,-0.05114,0
1786018974.1126,D_left_back_left,D,left,0,back_left,,184,77.0000,325.0000,249.4000,1.4000,279.2000,2.3000,360.0000,349.1000,20.1000,0.0000,154.2000,0.0000,121.2000,0.0000,-0.24700,-0.14000,0.88900,-5.24000,-0.46000,10.79000,-0.92900,0.05200,0.24700,0.49000,-1.87000,-3.14000,12.6,0.9,1.0,1.0,1.082470,0.790698,1.532568,-0.283950,0.044766,1.408226,-0.089600,0.486000,0.869300,0.003200,0.133500,0.542300,0.828800,0.034500,0.713960,0.303136,1.446588,-0.100836,0.013868,1.408864,-2.228190,-1.045945,-1.328908,-1.339732,2.926090,0.031079,0.974617,-0.710242,2.239845,0.767179,2.133299,-0.556394,-1.174809,1.507891,0,1,1.0000,1.0000,1,1,0,0,0.0000,0.0000,,,,,9099,8836,1872,1487,6282,7347,2817,1403,0,86,0.56138,-0.05114,0
1786018974.1256,D_left_back_left,D,left,0,back_left,,185,77.0000,324.9000,249.4000,1.0000,279.2000,2.3000,360.0000,349.1000,20.0000,0.0000,154.3000,0.0000,121.3000,0.0000,-0.23700,-0.14300,0.86400,-1.38000,0.63000,4.01000,-0.94300,0.05300,0.25500,-2.85000,0.56000,-1.73000,11.9,1.6,1.0,1.0,1.082470,0.790698,1.532568,-0.283473,0.044783,1.407472,-0.089600,0.486000,0.869300,0.003200,0.133500,0.542300,0.828800,0.034500,0.713960,0.303136,1.446588,-0.100836,0.013868,1.408864,-2.228190,-1.045945,-1.328908,-1.339732,2.926090,0.031079,0.974617,-0.710242,2.239845,0.767179,2.133299,-0.556394,-1.174809,1.507891,0,1,1.0000,1.0000,1,1,0,0,0.0000,0.0000,,,,,128739,125310,1890,1522,125561,123760,3178,1473,0,77,0.56138,-0.05114,0
1786018974.1457,D_left_back_left,D,left,0,back_left,,186,77.0000,324.9000,249.4000,1.0000,279.2000,2.3000,360.0000,349.1000,20.0000,0.0000,154.3000,0.0000,121.3000,0.0000,-0.23700,-0.14300,0.86400,-1.38000,0.63000,4.01000,-0.94300,0.05300,0.25500,-2.85000,0.56000,-1.73000,11.0,1.7,1.0,1.0,1.082470,0.790698,1.532568,-0.283473,0.044783,1.407472,-0.089600,0.486000,0.869300,0.003200,0.133500,0.542300,0.828800,0.034500,0.713960,0.303136,1.446588,-0.100836,0.013868,1.408864,-2.228190,-1.045945,-1.328908,-1.339732,2.926090,0.031079,0.974617,-0.710242,2.239845,0.767179,2.133299,-0.556394,-1.174809,1.507891,0,1,1.0000,1.0000,1,1,0,0,0.0000,0.0000,,,,,9099,8836,1872,1487,6282,7347,2817,1403,0,86,0.56138,-0.05114,0
1786018974.1630,D_left_back_left,D,left,0,back_left,,187,77.0000,324.9000,249.4000,1.0000,279.2000,2.3000,360.0000,349.1000,20.0000,0.0000,154.3000,0.0000,121.3000,0.0000,-0.23700,-0.14300,0.86400,-1.38000,0.63000,4.01000,-0.94300,0.05300,0.25500,-2.85000,0.56000,-1.73000,11.0,1.7,1.0,1.0,1.082470,0.790698,1.532568,-0.283473,0.044783,1.407472,-0.089600,0.486000,0.869300,0.003200,0.133500,0.542300,0.828800,0.034500,0.713960,0.303136,1.446588,-0.100836,0.013868,1.408864,-2.228190,-1.045945,-1.328908,-1.339732,2.926090,0.031079,0.974617,-0.710242,2.239845,0.767179,2.133299,-0.556394,-1.174809,1.507891,0,1,1.0000,1.0000,1,1,0,0,0.0000,0.0000,,,,,9099,8836,1872,1487,6282,7347,2817,1403,0,86,0.56138,-0.05114,0
1786018974.1839,D_left_back_left,D,left,0,back_left,,188,77.0000,324.9000,249.4000,1.0000,279.2000,2.3000,360.0000,349.1000,20.0000,0.0000,154.3000,0.0000,121.3000,0.0000,-0.23700,-0.14300,0.86400,-1.38000,0.63000,4.01000,-0.94300,0.05300,0.25500,-2.85000,0.56000,-1.73000,11.0,1.7,1.0,1.0,1.082470,0.790698,1.532568,-0.283473,0.044783,1.407472,-0.089600,0.486000,0.869300,0.003200,0.133500,0.542300,0.828800,0.034500,0.713960,0.303136,1.446588,-0.100836,0.013868,1.408864,-2.228190,-1.045945,-1.328908,-1.339732,2.926090,0.031079,0.974617,-0.710242,2.239845,0.767179,2.133299,-0.556394,-1.174809,1.507891,0,1,1.0000,1.0000,1,1,0,0,0.0000,0.0000,,,,,9099,8836,1872,1487,6282,7347,2817,1403,0,86,0.56138,-0.05114,0
1786018974.2038,D_left_back_left,D,left,0,back_left,,189,77.0000,324.9000,249.4000,1.0000,279.2000,2.3000,360.0000,349.1000,20.0000,0.0000,154.3000,0.0000,121.3000,0.0000,-0.23700,-0.14300,0.86400,-1.38000,0.63000,4.01000,-0.94300,0.05300,0.25500,-2.85000,0.56000,-1.73000,11.0,1.7,1.0,1.0,1.082470,0.790698,1.532568,-0.283473,0.044783,1.407472,-0.089600,0.486000,0.869300,0.003200,0.133500,0.542300,0.828800,0.034500,0.713960,0.303136,1.446588,-0.100836,0.013868,1.408864,-2.228190,-1.045945,-1.328908,-1.339732,2.926090,0.031079,0.974617,-0.710242,2.239845,0.767179,2.133299,-0.556394,-1.174809,1.507891,0,1,1.0000,1.0000,1,1,0,0,0.0000,0.0000,,,,,128739,125310,1891,1523,125561,123760,3178,1473,0,77,0.56138,-0.05114,0
1786018974.2319,D_left_back_left,D,left,0,back_left,,190,77.0000,324.9000,249.4000,1.0000,279.2000,2.3000,360.0000,349.1000,20.0000,0.0000,154.3000,0.0000,121.3000,0.0000,-0.23700,-0.14300,0.86400,-1.38000,0.63000,4.01000,-0.94300,0.05300,0.25500,-2.85000,0.56000,-1.73000,11.0,1.7,1.0,1.0,1.082470,0.790698,1.532568,-0.283473,0.044783,1.407472,-0.089600,0.486000,0.869300,0.003200,0.133500,0.542300,0.828800,0.034500,0.713960,0.303136,1.446588,-0.100836,0.013868,1.408864,-2.228190,-1.045945,-1.328908,-1.339732,2.926090,0.031079,0.974617,-0.710242,2.239845,0.767179,2.133299,-0.556394,-1.174809,1.507891,0,1,1.0000,1.0000,1,1,0,0,0.0000,0.0000,,,,,9099,8836,1873,1488,6282,7347,2817,1403,0,86,0.56138,-0.05114,0
1786018974.2524,D_left_back_left,D,left,0,back_left,,191,77.0000,324.9000,249.4000,1.4000,279.2000,2.1000,360.0000,349.1000,20.1000,0.0000,154.2000,0.0000,121.1000,0.0000,-0.25500,-0.13300,0.87900,3.70000,0.73000,3.73000,-0.92700,0.04600,0.23200,-0.69000,0.81000,-0.67000,11.1,0.9,1.0,1.0,0.797289,0.399498,1.759377,-0.199746,-0.510172,1.554780,-0.089600,0.486000,0.869300,0.003200,0.133500,0.542300,0.828800,0.034500,0.713960,0.303136,1.446588,-0.100836,0.013868,1.408864,-2.228190,-1.045945,-1.328908,-1.339732,2.926090,0.031079,0.974617,-0.710242,2.239845,0.767179,2.133299,-0.556394,-1.174809,1.507891,0,1,1.0000,1.0000,1,1,0,0,0.0000,0.0000,,,,,9099,125310,1873,1523,6282,123760,2817,1473,0,77,0.56138,-0.05114,0
1786018974.2664,D_left_back_left,D,left,0,back_left,,192,77.0000,324.9000,249.4000,1.4000,279.2000,2.1000,360.0000,349.1000,20.1000,0.0000,154.2000,0.0000,121.1000,0.0000,-0.25500,-0.13300,0.87900,3.70000,0.73000,3.73000,-0.92700,0.04600,0.23200,-0.69000,0.81000,-0.67000,11.1,0.9,1.0,1.0,0.797289,0.399498,1.759377,-0.199746,-0.510172,1.554780,-0.089600,0.486000,0.869300,0.003200,0.133500,0.542300,0.828800,0.034500,0.713960,0.303136,1.446588,-0.100836,0.013868,1.408864,-2.228190,-1.045945,-1.328908,-1.339732,2.926090,0.031079,0.974617,-0.710242,2.239845,0.767179,2.133299,-0.556394,-1.174809,1.507891,0,1,1.0000,1.0000,1,1,0,0,0.0000,0.0000,,,,,128739,8836,1891,1488,125561,7347,3178,1403,0,86,0.56138,-0.05114,0
1786018974.2854,D_left_back_left,D,left,0,back_left,,193,77.0000,324.9000,249.4000,1.3000,279.2000,2.1000,360.0000,349.1000,20.1000,0.0000,154.2000,0.0000,121.2000,0.0000,-0.24600,-0.13500,0.87100,1.56000,0.75000,4.92000,-0.93400,0.05800,0.24100,0.66000,0.82000,-2.13000,9.8,1.0,1.0,1.0,0.797289,0.399498,1.759377,-0.200130,-0.510245,1.554642,-0.089600,0.486000,0.869300,0.003200,0.133500,0.542300,0.828800,0.034500,0.713960,0.303136,1.446588,-0.100836,0.013868,1.408864,-2.228190,-1.045945,-1.328908,-1.339732,2.926090,0.031079,0.974617,-0.710242,2.239845,0.767179,2.133299,-0.556394,-1.174809,1.507891,0,1,1.0000,1.0000,1,1,0,0,0.0000,0.0000,,,,,9099,8836,1873,1488,6282,7347,2817,1403,0,86,0.56138,-0.05114,0
1786018974.3023,D_left_back_left,D,left,0,back_left,,194,77.0000,324.9000,249.4000,1.3000,279.2000,2.1000,360.0000,349.1000,20.1000,0.0000,154.2000,0.0000,121.2000,0.0000,-0.24600,-0.13500,0.87100,1.56000,0.75000,4.92000,-0.93400,0.05800,0.24100,0.66000,0.82000,-2.13000,8.6,1.2,1.0,1.0,0.797289,0.399498,1.759377,-0.200130,-0.510245,1.554642,-0.089600,0.486000,0.869300,0.003200,0.133500,0.542300,0.828800,0.034500,0.713960,0.303136,1.446588,-0.100836,0.013868,1.408864,-2.228190,-1.045945,-1.328908,-1.339732,2.926090,0.031079,0.974617,-0.710242,2.239845,0.767179,2.133299,-0.556394,-1.174809,1.507891,0,1,1.0000,1.0000,1,1,0,0,0.0000,0.0000,,,,,128739,125310,1892,1523,125561,123760,3178,1473,0,77,0.56138,-0.05114,0
1786018974.3240,D_left_back_left,D,left,0,back_left,,195,77.0000,324.7000,249.4000,1.6000,279.1000,2.4000,360.0000,349.1000,20.1000,0.0000,154.2000,0.0000,121.2000,0.0000,-0.24500,-0.14900,0.87800,1.98000,-0.34000,3.37000,-0.93000,0.05700,0.24300,-2.65000,-1.08000,-1.52000,11.5,1.2,1.0,1.0,1.082470,0.790698,1.532568,-0.283553,0.044751,1.406792,-0.089600,0.486000,0.869300,0.003200,0.133500,0.542300,0.828800,0.034500,0.713960,0.303136,1.446588,-0.100836,0.013868,1.408864,-2.228190,-1.045945,-1.328908,-1.339732,2.926090,0.031079,0.974617,-0.710242,2.239845,0.767179,2.133299,-0.556394,-1.174809,1.507891,0,1,1.0000,1.0000,1,1,0,0,0.0000,0.0000,,,,,9099,8836,1873,1488,6282,7347,2817,1403,0,86,0.56138,-0.05114,0
1786018974.3627,D_left_back_left,D,left,0,back_left,,196,77.0000,324.7000,249.4000,1.6000,279.1000,2.4000,360.0000,349.1000,20.1000,0.0000,154.2000,0.0000,121.2000,0.0000,-0.24500,-0.14900,0.87800,1.98000,-0.34000,3.37000,-0.93000,0.05700,0.24300,-2.65000,-1.08000,-1.52000,13.7,1.1,1.0,1.0,1.082470,0.790698,1.532568,-0.283553,0.044751,1.406792,-0.089600,0.486000,0.869300,0.003200,0.133500,0.542300,0.828800,0.034500,0.713960,0.303136,1.446588,-0.100836,0.013868,1.408864,-2.228190,-1.045945,-1.328908,-1.339732,2.926090,0.031079,0.974617,-0.710242,2.239845,0.767179,2.133299,-0.556394,-1.174809,1.507891,0,1,1.0000,1.0000,1,1,0,0,0.0000,0.0000,,,,,9099,8836,1873,1488,6282,7347,2817,1403,0,86,0.56138,-0.05114,0
1786018974.3684,D_left_back_left,D,left,0,back_left,,197,77.2000,324.7000,249.3000,1.5000,279.1000,2.3000,360.0000,349.1000,20.1000,0.0000,154.2000,0.0000,121.2000,0.0000,-0.23600,-0.15900,0.88200,-0.13000,0.80000,4.14000,-0.93000,0.05700,0.24300,-2.65000,-1.08000,-1.52000,15.4,1.1,1.0,1.0,0.713962,0.303132,1.446585,-1.194813,-0.175293,2.047363,-0.089600,0.486000,0.869300,0.003200,0.133500,0.542300,0.828800,0.034500,0.713960,0.303136,1.446588,-0.100836,0.013868,1.408864,-2.228190,-1.045945,-1.328908,-1.339732,2.926090,0.031079,0.974617,-0.710242,2.239845,0.767179,2.133299,-0.556394,-1.174809,1.507891,0,1,1.0000,1.0000,1,1,0,0,0.0000,0.0000,,,,,9099,8836,1873,1488,6282,7347,2817,1403,0,86,0.56138,-0.05114,0
1786018974.3861,D_left_back_left,D,left,0,back_left,,198,77.1000,325.0000,249.3000,1.4000,279.1000,2.2000,360.0000,349.2000,20.1000,0.0000,154.2000,0.0000,121.3000,0.0000,-0.23700,-0.14300,0.87300,1.98000,0.91000,4.44000,-0.94500,0.05600,0.25400,-2.98000,-0.03000,-0.73000,12.5,1.4,1.0,1.0,0.797289,0.399498,1.759377,-0.200149,-0.510221,1.554636,-0.089600,0.486000,0.869300,0.003200,0.133500,0.542300,0.828800,0.034500,0.713960,0.303136,1.446588,-0.100836,0.013868,1.408864,-2.228190,-1.045945,-1.328908,-1.339732,2.926090,0.031079,0.974617,-0.710242,2.239845,0.767179,2.133299,-0.556394,-1.174809,1.507891,0,1,1.0000,1.0000,1,1,0,0,0.0000,0.0000,,,,,9099,8836,1873,1488,6282,7347,2817,1403,0,86,0.56138,-0.05114,0
1786018974.4147,D_left_back_left,D,left,0,back_left,,199,77.1000,325.0000,249.3000,1.4000,279.1000,2.2000,360.0000,349.2000,20.1000,0.0000,154.2000,0.0000,121.3000,0.0000,-0.23700,-0.14300,0.87300,1.98000,0.91000,4.44000,-0.94500,0.05600,0.25400,-2.98000,-0.03000,-0.73000,12.5,1.4,1.0,1.0,0.797289,0.399498,1.759377,-0.200149,-0.510221,1.554636,-0.089600,0.486000,0.869300,0.003200,0.133500,0.542300,0.828800,0.034500,0.713960,0.303136,1.446588,-0.100836,0.013868,1.408864,-2.228190,-1.045945,-1.328908,-1.339732,2.926090,0.031079,0.974617,-0.710242,2.239845,0.767179,2.133299,-0.556394,-1.174809,1.507891,0,1,1.0000,1.0000,1,1,0,0,0.0000,0.0000,,,,,128739,125311,1892,1523,125561,123760,3178,1473,0,78,0.56138,-0.05114,0
1786018974.4286,D_left_back_left,D,left,0,back_left,,200,77.1000,324.8000,249.3000,1.4000,279.2000,2.3000,360.0000,349.2000,20.1000,0.0000,1542.0000,0.0000,121.3000,0.0000,-0.25100,-0.14900,0.86900,4.72000,1.45000,7.61000,-0.93900,0.04100,0.24600,-0.70000,1.44000,0.08000,13.2,1.1,1.0,1.0,1.082470,0.790698,1.532568,-0.285360,0.044586,1.414971,-0.089600,0.486000,0.869300,0.003200,0.133500,0.542300,0.828800,0.034500,0.713960,0.303136,1.446588,-0.100836,0.013868,1.408864,-2.228190,-1.045945,-1.328908,-1.339732,2.926090,0.031079,0.974617,-0.710242,2.239845,0.767179,2.133299,-0.556394,-1.174809,1.507891,0,1,1.0000,1.0000,1,1,0,0,0.0000,0.0000,,,,,9099,8837,1873,1488,6282,7347,2817,1404,0,86,0.56138,-0.05114,0
1786018974.4428,D_left_back_left,D,left,0,back_left,,201,77.1000,324.8000,249.3000,1.4000,279.2000,2.3000,360.0000,349.2000,20.1000,0.0000,1542.0000,0.0000,121.3000,0.0000,-0.25100,-0.14900,0.86900,4.72000,1.45000,7.61000,-0.93900,0.04100,0.24600,-0.70000,1.44000,0.08000,13.2,1.1,1.0,1.0,1.082470,0.790698,1.532568,-0.285360,0.044586,1.414971,-0.089600,0.486000,0.869300,0.003200,0.133500,0.542300,0.828800,0.034500,0.713960,0.303136,1.446588,-0.100836,0.013868,1.408864,-2.228190,-1.045945,-1.328908,-1.339732,2.926090,0.031079,0.974617,-0.710242,2.239845,0.767179,2.133299,-0.556394,-1.174809,1.507891,0,1,1.0000,1.0000,1,1,0,0,0.0000,0.0000,,,,,128739,125311,1892,1523,125561,123760,3178,1473,0,78,0.56138,-0.05114,0
1786018974.4694,D_left_back_left,D,left,0,back_left,,202,77.0000,324.8000,249.3000,1.4000,279.2000,2.3000,360.0000,349.2000,20.1000,0.0000,154.2000,0.0000,121.3000,0.0000,-0.25100,-0.15100,0.86100,5.98000,0.05000,3.70000,-0.92600,0.05600,0.24400,-1.58000,0.30000,0.21000,10.9,1.6,1.0,1.0,0.985682,0.863568,1.554805,-0.284810,0.044667,1.412066,-0.089600,0.486000,0.869300,0.003200,0.133500,0.542300,0.828800,0.034500,0.713960,0.303136,1.446588,-0.100836,0.013868,1.408864,-2.228190,-1.045945,-1.328908,-1.339732,2.926090,0.031079,0.974617,-0.710242,2.239845,0.767179,2.133299,-0.556394,-1.174809,1.507891,1,1,1.0000,1.0000,1,1,0,0,0.0000,0.0000,,,,,9099,125311,1873,1523,6282,123760,2817,1473,0,78,0.56138,-0.05114,0
1786018974.4831,D_left_back_left,D,left,0,back_left,,203,77.0000,324.8000,249.0000,1.3000,279.2000,2.3000,360.0000,349.2000,20.1000,0.0000,154.2000,0.0000,121.3000,0.0000,-0.24800,-0.14800,0.86900,4.82000,0.27000,4.24000,-0.92600,0.05600,0.24400,-1.58000,0.30000,0.21000,14.0,1.5,1.0,1.0,0.713962,0.303132,1.446585,-0.284810,0.044667,1.412066,-0.089600,0.486000,0.869300,0.003200,0.133500,0.542300,0.828800,0.034500,0.713960,0.303136,1.446588,-0.100836,0.013868,1.408864,-2.228190,-1.045945,-1.328908,-1.339732,2.926090,0.031079,0.974617,-0.710242,2.239845,0.767179,2.133299,-0.556394,-1.174809,1.507891,0,1,1.0000,1.0000,1,1,0,0,0.0000,0.0000,,,,,128739,125311,1892,1523,125561,123760,3178,1473,0,78,0.56138,-0.05114,0
1786018974.5044,D_left_back_left,D,left,0,back_left,,204,77.0000,324.8000,249.0000,1.3000,279.2000,2.3000,360.0000,349.2000,20.1000,0.0000,154.2000,0.0000,121.3000,0.0000,-0.24800,-0.14800,0.86900,4.82000,0.27000,4.24000,-0.92600,0.05000,0.25800,-1.38000,0.24000,0.08000,14.0,1.5,1.0,1.0,0.713962,0.303132,1.446585,-1.194233,-0.175239,2.047573,-0.089600,0.486000,0.869300,0.003200,0.133500,0.542300,0.828800,0.034500,0.713960,0.303136,1.446588,-0.100836,0.013868,1.408864,-2.228190,-1.045945,-1.328908,-1.339732,2.926090,0.031079,0.974617,-0.710242,2.239845,0.767179,2.133299,-0.556394,-1.174809,1.507891,0,1,1.0000,1.0000,1,1,0,0,0.0000,0.0000,,,,,128739,8837,1892,1488,125561,7347,3178,1404,0,86,0.56138,-0.05114,0
1786018974.5487,D_left_back_left,D,left,0,back_left,,205,77.0000,324.6000,248.7000,1.3000,279.2000,2.3000,360.0000,349.2000,20.1000,0.0000,154.2000,0.0000,121.3000,0.0000,-0.24000,-0.13900,0.87600,6.82000,-1.41000,2.93000,-0.93900,0.05200,0.23900,-1.22000,-1.65000,0.63000,10.4,3.3,1.0,1.0,0.797289,0.399498,1.759377,-0.199934,-0.510180,1.554714,-0.089600,0.486000,0.869300,0.003200,0.133500,0.542300,0.828800,0.034500,0.713960,0.303136,1.446588,-0.100836,0.013868,1.408864,-2.228190,-1.045945,-1.328908,-1.339732,2.926090,0.031079,0.974617,-0.710242,2.239845,0.767179,2.133299,-0.556394,-1.174809,1.507891,0,1,1.0000,1.0000,1,1,0,0,0.0000,0.0000,,,,,128739,125311,1892,1523,125561,123760,3178,1473,0,78,0.56138,-0.05114,0
1786018974.5667,D_left_back_left,D,left,0,back_left,,206,77.1000,324.7000,248.7000,1.1000,279.2000,2.3000,360.0000,349.2000,20.1000,0.0000,154.2000,0.0000,121.3000,0.0000,-0.23500,-0.13900,0.86700,737.00000,-3.51000,2.72000,-0.93900,0.05200,0.23900,-1.22000,-1.65000,0.63000,10.3,2.7,1.0,1.0,0.797289,0.399498,1.759377,-0.199934,-0.510180,1.554714,-0.089600,0.486000,0.869300,0.003200,0.133500,0.542300,0.828800,0.034500,0.713960,0.303136,1.446588,-0.100836,0.013868,1.408864,-2.228190,-1.045945,-1.328908,-1.339732,2.926090,0.031079,0.974617,-0.710242,2.239845,0.767179,2.133299,-0.556394,-1.174809,1.507891,0,1,1.0000,1.0000,1,1,0,0,0.0000,0.0000,,,,,9099,8837,1874,1488,6282,7347,2817,1404,0,86,0.56138,-0.05114,0
1786018974.5754,D_left_back_left,D,left,0,back_left,,207,77.2000,324.7000,248.7000,1.1000,279.2000,2.3000,36.0000,34.2200,20.1000,0.0000,154.2000,0.0000,121.2000,0.0000,-0.24700,-0.12700,0.87200,7.53000,-3.37000,2.80000,-0.94000,0.05300,0.24100,-0.45000,-0.74000,0.82000,10.3,2.7,1.0,1.0,0.713962,0.303132,1.446585,-1.204206,-0.156801,2.047617,-0.089600,0.486000,0.869300,0.003200,0.133500,0.542300,0.828800,0.034500,0.713960,0.303136,1.446588,-0.100836,0.013868,1.408864,-2.228190,-1.045945,-1.328908,-1.339732,2.926090,0.031079,0.974617,-0.710242,2.239845,0.767179,2.133299,-0.556394,-1.174809,1.507891,0,1,1.0000,1.0000,1,1,0,0,0.0000,0.0000,,,,,9099,8837,1874,1488,6282,7347,2817,1404,0,86,0.56138,-0.05114,0
1786018974.5845,D_left_back_left,D,left,0,back_left,,208,77.2000,324.7000,248.7000,1.1000,279.2000,2.3000,36.0000,34.2200,20.1000,0.0000,154.2000,0.0000,121.2000,0.0000,-0.24700,-0.12700,0.87200,7.53000,-3.37000,2.80000,-0.94000,0.05300,0.24100,-0.45000,-0.74000,0.82000,10.3,2.7,1.0,1.0,0.713962,0.303132,1.446585,-1.204206,-0.156801,2.047617,-0.089600,0.486000,0.869300,0.003200,0.133500,0.542300,0.828800,0.034500,0.713960,0.303136,1.446588,-0.100836,0.013868,1.408864,-2.228190,-1.045945,-1.328908,-1.339732,2.926090,0.031079,0.974617,-0.710242,2.239845,0.767179,2.133299,-0.556394,-1.174809,1.507891,0,1,1.0000,1.0000,1,1,0,0,0.0000,0.0000,,,,,9099,8837,1874,1488,6282,7347,2817,1404,0,86,0.56138,-0.05114,0
1786018974.6075,D_left_back_left,D,left,0,back_left,,209,77.6000,324.8000,248.6000,1.1000,279.1000,2.2000,360.0000,349.2000,20.1000,0.0000,154.2000,0.0000,121.2000,0.0000,-0.25100,-0.12200,0.89200,3.71000,-0.75000,4.74000,-0.93200,0.06000,0.25300,1.40000,0.00000,0.76000,10.3,2.7,1.0,1.0,0.713962,0.303132,1.446585,-0.200370,-0.510215,1.554559,-0.089600,0.486000,0.869300,0.003200,0.133500,0.542300,0.828800,0.034500,0.713960,0.303136,1.446588,-0.100836,0.013868,1.408864,-2.228190,-1.045945,-1.328908,-1.339732,2.926090,0.031079,0.974617,-0.710242,2.239845,0.767179,2.133299,-0.556394,-1.174809,1.507891,0,1,1.0000,1.0000,1,1,0,0,0.0000,0.0000,,,,,9099,125311,1874,1523,6282,123760,2817,1473,0,78,0.56138,-0.05114,0
1786018974.6242,D_left_back_left,D,left,0,back_left,,210,77.6000,324.8000,248.6000,1.1000,279.1000,2.2000,360.0000,349.2000,20.1000,0.0000,154.2000,0.0000,121.2000,0.0000,-0.25100,-0.12200,0.89200,3.71000,-0.75000,4.74000,-0.93200,0.06000,0.25300,1.40000,0.00000,0.76000,10.3,2.7,1.0,1.0,0.713962,0.303132,1.446585,-0.200370,-0.510215,1.554559,-0.089600,0.486000,0.869300,0.003200,0.133500,0.542300,0.828800,0.034500,0.713960,0.303136,1.446588,-0.100836,0.013868,1.408864,-2.228190,-1.045945,-1.328908,-1.339732,2.926090,0.031079,0.974617,-0.710242,2.239845,0.767179,2.133299,-0.556394,-1.174809,1.507891,0,1,1.0000,1.0000,1,1,0,0,0.0000,0.0000,,,,,9099,125311,1874,1523,6282,123760,2817,1473,0,78,0.56138,-0.05114,0
1786018974.6488,D_left_back_left,D,left,0,back_left,,211,77.6000,324.8000,248.6000,1.1000,279.1000,2.2000,360.0000,349.2000,20.1000,0.0000,154.2000,0.0000,121.2000,0.0000,-0.25100,-0.12200,0.89200,3.71000,-0.75000,4.74000,-0.93200,0.06000,0.25300,1.40000,0.00000,0.76000,10.3,2.7,1.0,1.0,0.713962,0.303132,1.446585,-0.200370,-0.510215,1.554559,-0.089600,0.486000,0.869300,0.003200,0.133500,0.542300,0.828800,0.034500,0.713960,0.303136,1.446588,-0.100836,0.013868,1.408864,-2.228190,-1.045945,-1.328908,-1.339732,2.926090,0.031079,0.974617,-0.710242,2.239845,0.767179,2.133299,-0.556394,-1.174809,1.507891,0,1,1.0000,1.0000,1,1,0,0,0.0000,0.0000,,,,,128739,8837,1893,1488,125561,7347,3178,1404,0,86,0.56138,-0.05114,0
1786018974.6774,D_left_back_left,D,left,0,back_left,,212,78.0000,324.9000,248.6000,1.3000,278.8000,2.2000,360.0000,349.1000,20.1000,0.0000,154.2000,0.0000,121.2000,0.0000,-0.25100,-0.12700,0.89800,-0.36000,0.52000,2.22000,-0.92900,0.05500,0.24500,-1.59000,-0.88000,0.56000,12.7,0.8,1.0,1.0,0.797289,0.399498,1.759377,-0.200332,-0.510249,1.554571,-0.089600,0.486000,0.869300,0.003200,0.133500,0.542300,0.828800,0.034500,0.713960,0.303136,1.446588,-0.100836,0.013868,1.408864,-2.228190,-1.045945,-1.328908,-1.339732,2.926090,0.031079,0.974617,-0.710242,2.239845,0.767179,2.133299,-0.556394,-1.174809,1.507891,0,1,1.0000,1.0000,1,1,0,0,0.0000,0.0000,,,,,128739,8837,1893,1488,125561,7347,3178,1404,0,86,0.56138,-0.05114,0
1786018974.6870,D_left_back_left,D,left,0,back_left,,213,78.0000,324.9000,248.6000,1.3000,278.8000,2.2000,360.0000,349.1000,20.1000,0.0000,154.2000,0.0000,121.2000,0.0000,-0.25100,-0.12700,0.89800,-0.36000,0.52000,2.22000,-0.92900,0.05500,0.24500,-1.59000,-0.88000,0.56000,12.7,0.8,1.0,1.0,0.797289,0.399498,1.759377,-0.200332,-0.510249,1.554571,-0.089600,0.486000,0.869300,0.003200,0.133500,0.542300,0.828800,0.034500,0.713960,0.303136,1.446588,-0.100836,0.013868,1.408864,-2.228190,-1.045945,-1.328908,-1.339732,2.926090,0.031079,0.974617,-0.710242,2.239845,0.767179,2.133299,-0.556394,-1.174809,1.507891,0,1,1.0000,1.0000,1,1,0,0,0.0000,0.0000,,,,,128739,8837,1893,1488,125561,7347,3178,1404,0,86,0.56138,-0.05114,0
1786018974.7416,D_left_back_left,D,left,0,back_left,,214,78.1000,324.9000,248.6000,1.2000,278.9000,2.2000,360.0000,349.1000,20.1000,0.0000,154.3000,0.0000,121.1000,0.0000,-0.23800,-0.13000,0.88300,-2.60000,1.90000,3.17000,-0.91800,0.06400,0.24800,-4.78000,-0.31000,-3.75000,11.0,1.3,1.0,1.0,0.797289,0.399498,1.759377,-0.285062,0.044609,1.409805,-0.089600,0.486000,0.869300,0.003200,0.133500,0.542300,0.828800,0.034500,0.713960,0.303136,1.446588,-0.100836,0.013868,1.408864,-2.228190,-1.045945,-1.328908,-1.339732,2.926090,0.031079,0.974617,-0.710242,2.239845,0.767179,2.133299,-0.556394,-1.174809,1.507891,0,1,1.0000,1.0000,1,1,0,0,0.0000,0.0000,,,,,9099,8837,1874,1489,6282,7347,2817,1404,0,86,0.56138,-0.05114,0
1786018974.7447,D_left_back_left,D,left,0,back_left,,215,78.1000,324.9000,248.6000,0.9000,278.9000,2.3000,360.0000,349.1000,20.1000,0.0000,154.3000,0.0000,121.1000,0.0000,-0.24000,-0.11800,0.87500,-2.25000,1.25000,2.32000,-0.92600,0.06200,0.23500,-4.37000,-0.49000,-3.20000,12.5,1.5,1.0,1.0,0.986677,0.862663,1.554214,-0.200910,-0.510338,1.554364,-0.089600,0.486000,0.869300,0.003200,0.133500,0.542300,0.828800,0.034500,0.713960,0.303136,1.446588,-0.100836,0.013868,1.408864,-2.228190,-1.045945,-1.328908,-1.339732,2.926090,0.031079,0.974617,-0.710242,2.239845,0.767179,2.133299,-0.556394,-1.174809,1.507891,1,1,1.0000,1.0000,1,1,0,0,0.0000,0.0000,,,,,128739,8837,1893,1489,125561,7347,3178,1404,0,86,0.56138,-0.05114,0
1786018974.7455,D_left_back_left,D,left,0,back_left,,216,78.1000,324.9000,248.6000,0.9000,278.9000,2.3000,360.0000,349.1000,20.1000,0.0000,154.3000,0.0000,121.1000,0.0000,-0.24000,-0.11800,0.87500,-2.25000,1.25000,2.32000,-0.92600,0.06200,0.23500,-4.37000,-0.49000,-3.20000,12.5,1.5,1.0,1.0,0.986677,0.862663,1.554214,-0.200910,-0.510338,1.554364,-0.089600,0.486000,0.869300,0.003200,0.133500,0.542300,0.828800,0.034500,0.713960,0.303136,1.446588,-0.100836,0.013868,1.408864,-2.228190,-1.045945,-1.328908,-1.339732,2.926090,0.031079,0.974617,-0.710242,2.239845,0.767179,2.133299,-0.556394,-1.174809,1.507891,1,1,1.0000,1.0000,1,1,0,0,0.0000,0.0000,,,,,128739,8837,1893,1489,125561,7347,3178,1404,0,86,0.56138,-0.05114,0
1786018974.7681,D_left_back_left,D,left,0,back_left,,217,78.1000,324.6000,248.8000,1.0000,279.0000,2.3000,360.0000,349.1000,201.0000,0.0000,154.3000,0.0000,121.1000,0.0000,-0.23500,-0.14000,0.88300,-0.25000,-3.46000,-3.87000,-0.92800,0.06200,0.22700,-5.04000,-0.19000,-3.85000,10.6,1.6,1.0,1.0,0.797289,0.399498,1.759377,-1.210021,-0.163327,2.070935,-0.089600,0.486000,0.869300,0.003200,0.133500,0.542300,0.828800,0.034500,0.713960,0.303136,1.446588,-0.100836,0.013868,1.408864,-2.228190,-1.045945,-1.328908,-1.339732,2.926090,0.031079,0.974617,-0.710242,2.239845,0.767179,2.133299,-0.556394,-1.174809,1.507891,0,1,1.0000,1.0000,1,1,0,0,0.0000,0.0000,,,,,9099,125312,1875,1524,6282,123760,2817,1474,0,78,0.56138,-0.05114,0
1786018974.8029,D_left_back_left,D,left,0,back_left,,218,78.1000,324.6000,248.9000,1.0000,279.0000,2.3000,360.0000,349.1000,20.1000,0.0000,154.4000,0.0000,121.2000,0.0000,-0.21600,-0.13300,0.87900,0.34000,-4.52000,-4.40000,-0.93300,0.06200,0.25700,-3.34000,1.09000,-4.88000,11.9,1.3,1.0,1.0,0.986773,0.862299,1.554689,-0.201174,-0.510386,1.554267,-0.089600,0.486000,0.869300,0.003200,0.133500,0.542300,0.828800,0.034500,0.713960,0.303136,1.446588,-0.100836,0.013868,1.408864,-2.228190,-1.045945,-1.328908,-1.339732,2.926090,0.031079,0.974617,-0.710242,2.239845,0.767179,2.133299,-0.556394,-1.174809,1.507891,1,1,1.0000,1.0000,1,1,0,0,0.0000,0.0000,,,,,9099,125313,1875,1524,6282,123760,2817,1474,0,79,0.56138,-0.05114,0
1786018974.8041,D_left_back_left,D,left,0,back_left,,219,78.1000,324.6000,248.9000,1.0000,279.0000,2.3000,360.0000,349.1000,20.1000,0.0000,154.4000,0.0000,121.2000,0.0000,-0.21600,-0.13300,0.87900,0.34000,-4.52000,-4.40000,-0.93300,0.06200,0.25700,-3.34000,1.09000,-4.88000,11.9,1.3,1.0,1.0,0.986773,0.862299,1.554689,-0.201174,-0.510386,1.554267,-0.089600,0.486000,0.869300,0.003200,0.133500,0.542300,0.828800,0.034500,0.713960,0.303136,1.446588,-0.100836,0.013868,1.408864,-2.228190,-1.045945,-1.328908,-1.339732,2.926090,0.031079,0.974617,-0.710242,2.239845,0.767179,2.133299,-0.556394,-1.174809,1.507891,1,1,1.0000,1.0000,1,1,0,0,0.0000,0.0000,,,,,9099,125313,1875,1524,6282,123760,2817,1474,0,79,0.56138,-0.05114,0
1786018974.8392,D_left_back_left,D,left,0,back_left,,220,78.1000,324.6000,248.9000,1.0000,279.0000,2.3000,360.0000,349.1000,20.1000,0.0000,154.4000,0.0000,121.2000,0.0000,-0.21600,-0.13300,0.87900,0.34000,-4.52000,-4.40000,-0.93400,0.06400,0.25000,-2.77000,1.21000,-4.79000,12.2,1.2,1.0,1.0,0.986773,0.862299,1.554689,-0.285164,0.044575,1.408246,-0.089600,0.486000,0.869300,0.003200,0.133500,0.542300,0.828800,0.034500,0.713960,0.303136,1.446588,-0.100836,0.013868,1.408864,-2.228190,-1.045945,-1.328908,-1.339732,2.926090,0.031079,0.974617,-0.710242,2.239845,0.767179,2.133299,-0.556394,-1.174809,1.507891,1,1,1.0000,1.0000,1,1,0,0,0.0000,0.0000,,,,,128739,125313,1894,1524,125561,123760,3178,1474,0,79,0.56138,-0.05114,0
1786018974.8593,D_left_back_left,D,left,0,back_left,,221,78.1000,324.6000,248.9000,1.0000,279.0000,2.3000,360.0000,349.1000,20.1000,0.0000,154.4000,0.0000,121.2000,0.0000,-0.21600,-0.13300,0.87900,0.34000,-4.52000,-4.40000,-0.93400,0.06400,0.25000,-2.77000,1.21000,-4.79000,12.2,1.2,1.0,1.0,0.986773,0.862299,1.554689,-0.285164,0.044575,1.408246,-0.089600,0.486000,0.869300,0.003200,0.133500,0.542300,0.828800,0.034500,0.713960,0.303136,1.446588,-0.100836,0.013868,1.408864,-2.228190,-1.045945,-1.328908,-1.339732,2.926090,0.031079,0.974617,-0.710242,2.239845,0.767179,2.133299,-0.556394,-1.174809,1.507891,1,1,1.0000,1.0000,1,1,0,0,0.0000,0.0000,,,,,128739,125313,1894,1524,125561,123760,3178,1474,0,79,0.56138,-0.05114,0
1786018974.8621,D_left_back_left,D,left,0,back_left,,222,78.1000,324.6000,248.9000,1.0000,279.0000,2.3000,360.0000,349.1000,20.1000,0.0000,154.4000,0.0000,121.2000,0.0000,-0.21600,-0.13300,0.87900,0.34000,-4.52000,-4.40000,-0.93400,0.06400,0.25000,-2.77000,1.21000,-4.79000,12.2,1.2,1.0,1.0,0.986773,0.862299,1.554689,-0.285164,0.044575,1.408246,-0.089600,0.486000,0.869300,0.003200,0.133500,0.542300,0.828800,0.034500,0.713960,0.303136,1.446588,-0.100836,0.013868,1.408864,-2.228190,-1.045945,-1.328908,-1.339732,2.926090,0.031079,0.974617,-0.710242,2.239845,0.767179,2.133299,-0.556394,-1.174809,1.507891,1,1,1.0000,1.0000,1,1,0,0,0.0000,0.0000,,,,,9099,8838,1875,1489,6282,7347,2817,1405,0,86,0.56138,-0.05114,0
1786018974.8874,D_left_back_left,D,left,0,back_left,,223,78.1000,324.6000,248.9000,1.0000,279.0000,2.3000,360.0000,349.1000,20.1000,0.0000,154.4000,0.0000,121.2000,0.0000,-0.21600,-0.13300,0.87900,0.34000,-4.52000,-4.40000,-0.93400,0.06400,0.25000,-2.77000,1.21000,-4.79000,12.2,1.2,1.0,1.0,0.986773,0.862299,1.554689,-0.285164,0.044575,1.408246,-0.089600,0.486000,0.869300,0.003200,0.133500,0.542300,0.828800,0.034500,0.713960,0.303136,1.446588,-0.100836,0.013868,1.408864,-2.228190,-1.045945,-1.328908,-1.339732,2.926090,0.031079,0.974617,-0.710242,2.239845,0.767179,2.133299,-0.556394,-1.174809,1.507891,1,1,1.0000,1.0000,1,1,0,0,0.0000,0.0000,,,,,128739,125313,1894,1524,125561,123760,3178,1474,0,79,0.56138,-0.05114,0
1786018974.9111,D_left_back_left,D,left,0,back_left,,224,78.1000,324.6000,248.9000,1.0000,279.0000,2.3000,360.0000,349.1000,20.1000,0.0000,154.4000,0.0000,121.2000,0.0000,-0.21600,-0.13300,0.87900,0.34000,-4.52000,-4.40000,-0.93400,0.06400,0.25000,-2.77000,1.21000,-4.79000,12.2,1.2,1.0,1.0,0.986773,0.862299,1.554689,-0.285164,0.044575,1.408246,-0.089600,0.486000,0.869300,0.003200,0.133500,0.542300,0.828800,0.034500,0.713960,0.303136,1.446588,-0.100836,0.013868,1.408864,-2.228190,-1.045945,-1.328908,-1.339732,2.926090,0.031079,0.974617,-0.710242,2.239845,0.767179,2.133299,-0.556394,-1.174809,1.507891,1,1,1.0000,1.0000,1,1,0,0,0.0000,0.0000,,,,,9099,8838,1875,1489,6282,7347,2817,1405,0,86,0.56138,-0.05114,0
1786018974.9233,D_left_back_left,D,left,0,back_left,,225,78.1000,324.6000,248.9000,1.0000,279.0000,2.3000,360.0000,349.1000,20.1000,0.0000,154.4000,0.0000,121.2000,0.0000,-0.21600,-0.13300,0.87900,0.34000,-4.52000,-4.40000,-0.93400,0.06400,0.25000,-2.77000,1.21000,-4.79000,12.2,1.2,1.0,1.0,0.986773,0.862299,1.554689,-0.285164,0.044575,1.408246,-0.089600,0.486000,0.869300,0.003200,0.133500,0.542300,0.828800,0.034500,0.713960,0.303136,1.446588,-0.100836,0.013868,1.408864,-2.228190,-1.045945,-1.328908,-1.339732,2.926090,0.031079,0.974617,-0.710242,2.239845,0.767179,2.133299,-0.556394,-1.174809,1.507891,1,1,1.0000,1.0000,1,1,0,0,0.0000,0.0000,,,,,128739,125313,1894,1524,125561,123760,3178,1474,0,79,0.56138,-0.05114,0
1786018974.9431,D_left_back_left,D,left,0,back_left,,226,78.1000,324.6000,248.9000,1.0000,279.0000,2.3000,360.0000,349.1000,20.1000,0.0000,154.4000,0.0000,121.2000,0.0000,-0.21600,-0.13300,0.87900,0.34000,-4.52000,-4.40000,-0.93400,0.06400,0.25000,-2.77000,1.21000,-4.79000,12.2,1.2,1.0,1.0,0.986773,0.862299,1.554689,-0.285164,0.044575,1.408246,-0.089600,0.486000,0.869300,0.003200,0.133500,0.542300,0.828800,0.034500,0.713960,0.303136,1.446588,-0.100836,0.013868,1.408864,-2.228190,-1.045945,-1.328908,-1.339732,2.926090,0.031079,0.974617,-0.710242,2.239845,0.767179,2.133299,-0.556394,-1.174809,1.507891,1,1,1.0000,1.0000,1,1,0,0,0.0000,0.0000,,,,,128739,125313,1894,1524,125561,123760,3178,1474,0,79,0.56138,-0.05114,0
1786018974.9706,D_left_back_left,D,left,0,back_left,,227,78.1000,324.6000,248.9000,1.0000,279.0000,2.3000,360.0000,349.1000,20.1000,0.0000,154.4000,0.0000,121.2000,0.0000,-0.21600,-0.13300,0.87900,0.34000,-4.52000,-4.40000,-0.93400,0.06400,0.25000,-2.77000,1.21000,-4.79000,12.2,1.2,1.0,1.0,0.986773,0.862299,1.554689,-0.285164,0.044575,1.408246,-0.089600,0.486000,0.869300,0.003200,0.133500,0.542300,0.828800,0.034500,0.713960,0.303136,1.446588,-0.100836,0.013868,1.408864,-2.228190,-1.045945,-1.328908,-1.339732,2.926090,0.031079,0.974617,-0.710242,2.239845,0.767179,2.133299,-0.556394,-1.174809,1.507891,1,1,1.0000,1.0000,1,1,0,0,0.0000,0.0000,,,,,9099,8838,1875,1490,6282,7347,2817,1405,0,86,0.56138,-0.05114,0
1786018974.9899,D_left_back_left,D,left,0,back_left,,228,78.4000,324.7000,249.3000,0.9000,279.3000,2.3000,360.0000,349.3000,20.1000,0.0000,154.4000,0.0000,121.2000,0.0000,-0.23300,-0.16000,0.86700,-3.84000,4.85000,3.60000,-0.93900,0.06200,0.24000,-2.05000,1.02000,-6.18000,11.1,1.2,1.0,1.0,0.713962,0.303132,1.446585,-1.205878,-0.166924,2.063715,-0.089600,0.486000,0.869300,0.003200,0.133500,0.542300,0.828800,0.034500,0.713960,0.303136,1.446588,-0.100836,0.013868,1.408864,-2.228190,-1.045945,-1.328908,-1.339732,2.926090,0.031079,0.974617,-0.710242,2.239845,0.767179,2.133299,-0.556394,-1.174809,1.507891,0,1,1.0000,1.0000,1,1,0,0,0.0000,0.0000,,,,,9099,8838,1876,1490,6282,7347,2817,1405,0,86,0.56138,-0.05114,0
1786018975.0064,D_left_back_left,D,left,0,back_left,,229,78.3000,324.7000,249.3000,1.3000,279.3000,2.1000,360.0000,349.1000,20.1000,0.0000,154.3000,0.0000,121.2000,0.0000,-0.24900,-0.15100,0.87900,2.34000,5.39000,1.42000,-0.94000,0.07000,0.24600,-4.29000,-0.75000,-3.47000,12.5,1.3,1.0,1.0,0.713962,0.303132,1.446585,-1.203565,-0.169598,2.058455,-0.089600,0.486000,0.869300,0.003200,0.133500,0.542300,0.828800,0.034500,0.713960,0.303136,1.446588,-0.100836,0.013868,1.408864,-2.228190,-1.045945,-1.328908,-1.339732,2.926090,0.031079,0.974617,-0.710242,2.239845,0.767179,2.133299,-0.556394,-1.174809,1.507891,0,1,1.0000,1.0000,1,1,0,0,0.0000,0.0000,,,,,128739,125313,1895,1525,125561,123760,3178,1474,0,79,0.56138,-0.05114,0
1786018975.0292,D_left_back_left,D,left,0,back_left,,230,78.3000,324.7000,249.3000,1.3000,279.3000,2.1000,360.0000,349.1000,20.1000,0.0000,154.3000,0.0000,121.2000,0.0000,-0.24900,-0.15100,0.87900,2.34000,5.39000,1.42000,-0.94000,0.07000,0.24600,-4.29000,-0.75000,-3.47000,12.0,1.4,1.0,1.0,0.713962,0.303132,1.446585,-1.203565,-0.169598,2.058455,-0.089600,0.486000,0.869300,0.003200,0.133500,0.542300,0.828800,0.034500,0.713960,0.303136,1.446588,-0.100836,0.013868,1.408864,-2.228190,-1.045945,-1.328908,-1.339732,2.926090,0.031079,0.974617,-0.710242,2.239845,0.767179,2.133299,-0.556394,-1.174809,1.507891,0,1,1.0000,1.0000,1,1,0,0,0.0000,0.0000,,,,,128740,125313,1895,1525,125562,123760,3178,1474,0,79,0.56138,-0.05114,0
1786018975.0455,D_left_back_left,D,left,0,back_left,,231,78.3000,324.5000,249.3000,1.0000,279.3000,22.0000,360.0000,349.1000,20.1000,0.0000,154.3000,0.0000,121.2000,0.0000,-0.25600,-0.14400,0.87600,5.34000,3.89000,0.29000,-0.94200,0.05800,0.25000,-2.73000,-0.44000,-0.89000,12.0,1.4,1.0,1.0,0.797289,0.399498,1.759377,-0.201060,-0.510387,1.554306,-0.089600,0.486000,0.869300,0.003200,0.133500,0.542300,0.828800,0.034500,0.713961,0.303134,1.446587,-0.100836,0.013868,1.408864,-2.228190,-1.045945,-1.328908,-1.339732,2.926090,0.031079,0.974617,-0.710242,2.239845,0.767179,2.133299,-0.556394,-1.174809,1.507891,0,1,1.0000,1.0000,1,1,0,0,0.0000,0.0000,,,,,128740,125313,1895,1525,125562,123760,3178,1474,0,79,0.56138,-0.05114,0
1786018975.0676,D_left_back_left,D,left,0,back_left,,232,78.3000,324.4000,249.4000,0.7000,279.3000,2.2000,360.0000,349.1000,20.1000,0.0000,154.4000,0.0000,121.2000,0.0000,-0.23600,-0.15600,0.88000,2.11000,4.63000,4.85000,-0.93600,0.05300,0.25400,-0.73000,-0.71000,0.15000,12.0,1.1,1.0,1.0,0.797289,0.399498,1.759377,-0.200588,-0.510346,1.554474,-0.089600,0.486000,0.869300,0.003200,0.133500,0.542300,0.828800,0.034500,0.713961,0.303134,1.446587,-0.100836,0.013868,1.408864,-2.228190,-1.045945,-1.328908,-1.339732,2.926090,0.031079,0.974617,-0.710242,2.239845,0.767179,2.133299,-0.556394,-1.174809,1.507891,0,1,1.0000,1.0000,1,1,0,0,0.0000,0.0000,,,,,9101,8838,1876,1490,6284,7347,2817,1405,0,86,0.56138,-0.05114,0
1786018975.0851,D_left_back_left,D,left,0,back_left,,233,78.3000,324.3000,249.5000,0.7000,279.3000,2.2000,360.0000,349.1000,20.1000,0.0000,154.4000,0.0000,121.2000,0.0000,-0.25600,-0.13900,0.85800,2.39000,4.15000,4.89000,-0.94500,0.05200,0.25400,-0.85000,-1.46000,0.69000,11.0,1.3,1.0,1.0,0.986699,0.862768,1.554239,-0.284244,0.044658,1.407509,-0.089600,0.486000,0.869300,0.003200,0.133500,0.542300,0.828800,0.034500,0.713961,0.303134,1.446587,-0.100836,0.013868,1.408864,-2.228190,-1.045945,-1.328908,-1.339732,2.926090,0.031079,0.974617,-0.710242,2.239845,0.767179,2.133299,-0.556394,-1.174809,1.507891,1,1,1.0000,1.0000,1,1,0,0,0.0000,0.0000,,,,,128741,125313,1895,1525,125563,123760,3178,1474,0,79,0.56138,-0.05114,0
1786018975.1103,D_left_back_left,D,left,0,back_left,,234,78.3000,324.3000,249.5000,0.7000,279.3000,2.2000,360.0000,349.1000,20.1000,0.0000,154.4000,0.0000,121.2000,0.0000,-0.25600,-0.13900,0.85800,2.39000,4.15000,4.89000,-0.94500,0.05200,0.25400,-0.85000,-1.46000,0.69000,11.0,1.3,1.0,1.0,0.986699,0.862768,1.554239,-0.284244,0.044658,1.407509,-0.089600,0.486000,0.869300,0.003200,0.133500,0.542300,0.828800,0.034500,0.713961,0.303134,1.446587,-0.100836,0.013868,1.408864,-2.228190,-1.045945,-1.328908,-1.339732,2.926090,0.031079,0.974617,-0.710242,2.239845,0.767179,2.133299,-0.556394,-1.174809,1.507891,1,1,1.0000,1.0000,1,1,0,0,0.0000,0.0000,,,,,128741,125313,1895,1525,125563,123760,3178,1474,0,79,0.56138,-0.05114,0
1786018975.1253,D_left_back_left,D,left,0,back_left,,235,78.3000,324.0000,249.7000,0.6000,279.3000,2.1000,360.0000,349.0000,20.1000,0.0000,154.2000,0.0000,121.2000,0.0000,-0.22900,-0.09900,0.86900,5.24000,1.07000,1.44000,-0.94200,0.04300,0.25400,1.01000,-0.30000,1.80000,10.6,1.5,1.0,0.0,0.759599,0.405100,1.754371,-0.199462,-0.510282,1.554884,-0.089600,0.486000,0.869300,0.003200,0.133500,0.542300,0.828800,0.034500,0.713962,0.303132,1.446585,-0.100836,0.013868,1.408864,-2.228190,-1.045945,-1.328908,-1.339732,2.926090,0.031079,0.974617,-0.710242,2.239845,0.767179,2.133299,-0.556394,-1.174809,1.507891,1,1,1.0000,1.0000,1,1,0,0,0.0000,0.0000,,,,,128741,125313,1895,1525,125563,123760,3178,1474,0,79,0.56138,-0.05114,0
1786018975.1457,D_left_back_left,D,left,0,back_left,,236,78.3000,324.0000,249.7000,0.6000,279.3000,2.1000,360.0000,349.0000,20.1000,0.0000,154.2000,0.0000,121.2000,0.0000,-0.22900,-0.09900,0.86900,5.24000,1.07000,1.44000,-0.94200,0.04300,0.25400,1.01000,-0.30000,1.80000,10.6,1.5,1.0,0.0,0.759599,0.405100,1.754371,-0.199462,-0.510282,1.554884,-0.089600,0.486000,0.869300,0.003200,0.133500,0.542300,0.828800,0.034500,0.713962,0.303132,1.446585,-0.100836,0.013868,1.408864,-2.228190,-1.045945,-1.328908,-1.339732,2.926090,0.031079,0.974617,-0.710242,2.239845,0.767179,2.133299,-0.556394,-1.174809,1.507891,1,1,1.0000,1.0000,1,1,0,0,0.0000,0.0000,,,,,128741,125313,1895,1525,125563,123760,3178,1474,0,79,0.56138,-0.05114,0
1786018975.1640,D_left_back_left,D,left,0,back_left,,237,78.3000,324.0000,249.7000,0.6000,279.3000,2.1000,360.0000,349.0000,20.1000,0.0000,154.2000,0.0000,121.2000,0.0000,-0.22900,-0.09900,0.86900,5.24000,1.07000,1.44000,-0.94200,0.04300,0.25400,1.01000,-0.30000,1.80000,10.6,1.5,1.0,0.0,0.759599,0.405100,1.754371,-0.199462,-0.510282,1.554884,-0.089600,0.486000,0.869300,0.003200,0.133500,0.542300,0.828800,0.034500,0.713962,0.303132,1.446585,-0.100836,0.013868,1.408864,-2.228190,-1.045945,-1.328908,-1.339732,2.926090,0.031079,0.974617,-0.710242,2.239845,0.767179,2.133299,-0.556394,-1.174809,1.507891,1,1,1.0000,1.0000,1,1,0,0,0.0000,0.0000,,,,,128741,8838,1895,1490,125563,7347,3178,1405,0,86,0.56138,-0.05114,0
1786018975.1830,D_left_back_left,D,left,0,back_left,,238,78.3000,324.0000,249.7000,0.6000,279.3000,2.1000,360.0000,349.0000,20.1000,0.0000,154.2000,0.0000,121.2000,0.0000,-0.22900,-0.09900,0.86900,5.24000,1.07000,1.44000,-0.94200,0.04300,0.25400,1.01000,-0.30000,1.80000,10.6,1.5,1.0,0.0,0.759599,0.405100,1.754371,-0.199462,-0.510282,1.554884,-0.089600,0.486000,0.869300,0.003200,0.133500,0.542300,0.828800,0.034500,0.713962,0.303132,1.446585,-0.100836,0.013868,1.408864,-2.228190,-1.045945,-1.328908,-1.339732,2.926090,0.031079,0.974617,-0.710242,2.239845,0.767179,2.133299,-0.556394,-1.174809,1.507891,1,1,1.0000,1.0000,1,1,0,0,0.0000,0.0000,,,,,9101,125313,1876,1525,6284,123760,2817,1474,0,79,0.56138,-0.05114,0
1786018975.2100,D_left_back_left,D,left,0,back_left,,239,78.3000,324.0000,249.7000,0.6000,279.3000,2.1000,360.0000,349.0000,20.1000,0.0000,154.2000,0.0000,121.2000,0.0000,-0.22900,-0.09900,0.86900,5.24000,1.07000,1.44000,-0.94200,0.04300,0.25400,1.01000,-0.30000,1.80000,10.6,1.5,1.0,0.0,0.759599,0.405100,1.754371,-0.199462,-0.510282,1.554884,-0.089600,0.486000,0.869300,0.003200,0.133500,0.542300,0.828800,0.034500,0.713962,0.303132,1.446585,-0.100836,0.013868,1.408864,-2.228190,-1.045945,-1.328908,-1.339732,2.926090,0.031079,0.974617,-0.710242,2.239845,0.767179,2.133299,-0.556394,-1.174809,1.507891,1,1,1.0000,1.0000,1,1,0,0,0.0000,0.0000,,,,,9101,125313,1876,1526,6284,123760,2817,1474,0,79,0.56138,-0.05114,0
1786018975.2238,D_left_back_left,D,left,0,back_left,,240,78.3000,324.0000,249.7000,0.6000,279.3000,2.1000,360.0000,349.0000,20.1000,0.0000,154.2000,0.0000,121.2000,0.0000,-0.22900,-0.09900,0.86900,5.24000,1.07000,1.44000,-0.94200,0.04300,0.25400,1.01000,-0.30000,1.80000,10.6,1.5,1.0,0.0,0.759599,0.405100,1.754371,-0.199462,-0.510282,1.554884,-0.089600,0.486000,0.869300,0.003200,0.133500,0.542300,0.828800,0.034500,0.713962,0.303132,1.446585,-0.100836,0.013868,1.408864,-2.228190,-1.045945,-1.328908,-1.339732,2.926090,0.031079,0.974617,-0.710242,2.239845,0.767179,2.133299,-0.556394,-1.174809,1.507891,1,1,1.0000,1.0000,1,1,0,0,0.0000,0.0000,,,,,9101,125313,1876,1526,6284,123760,2817,1474,0,79,0.56138,-0.05114,0
1786018975.2472,D_left_back_left,D,left,0,back_left,,241,77.9000,324.0000,249.9000,1.5000,279.3000,2.1000,360.0000,349.0000,20.1000,0.0000,154.2000,0.0000,121.2000,0.0000,-0.23600,-0.14400,0.87500,1.76000,-4.22000,-0.48000,-0.92800,0.06400,0.24400,-2.04000,-2.10000,-2.37000,9.5,2.9,1.0,0.0,0.713962,0.303132,1.446585,-1.199172,-0.172652,2.052773,-0.089600,0.486000,0.869300,0.003200,0.133500,0.542300,0.828800,0.034500,0.713962,0.303132,1.446585,-0.100836,0.013868,1.408864,-2.228190,-1.045945,-1.328908,-1.339732,2.926090,0.031079,0.974617,-0.710242,2.239845,0.767179,2.133299,-0.556394,-1.174809,1.507891,0,1,1.0000,1.0000,1,1,0,0,0.0000,0.0000,,,,,9101,125313,1877,1526,6284,123760,2817,1474,0,79,0.56138,-0.05114,0
1786018975.2720,D_left_back_left,D,left,0,back_left,,242,77.9000,324.0000,249.9000,1.5000,279.3000,2.1000,360.0000,349.0000,20.1000,0.0000,154.3000,0.0000,121.2000,0.0000,-0.24300,-0.13200,0.86500,3.73000,-3.78000,-2.54000,-0.93000,0.05500,0.24300,-2.25000,-2.57000,-1.73000,11.3,1.6,1.0,0.0,0.713962,0.303132,1.446585,-1.199172,-0.172652,2.052773,-0.089600,0.486000,0.869300,0.003200,0.133500,0.542300,0.828800,0.034500,0.713962,0.303132,1.446585,-0.100836,0.013868,1.408864,-2.228190,-1.045945,-1.328908,-1.339732,2.926090,0.031079,0.974617,-0.710242,2.239845,0.767179,2.133299,-0.556394,-1.174809,1.507891,0,1,1.0000,1.0000,1,1,0,0,0.0000,0.0000,,,,,9101,8838,1877,1490,6284,7347,2817,1405,0,86,0.56138,-0.05114,0
1786018975.2873,D_left_back_left,D,left,0,back_left,,243,77.9000,324.0000,249.9000,1.5000,279.3000,2.1000,360.0000,349.0000,20.1000,0.0000,154.3000,0.0000,121.2000,0.0000,-0.24300,-0.13200,0.86500,3.73000,-3.78000,-2.54000,-0.93000,0.05500,0.24300,-2.25000,-2.57000,-1.73000,11.3,1.6,1.0,0.0,0.713962,0.303132,1.446585,-1.197743,-0.173535,2.051189,-0.089600,0.486000,0.869300,0.003200,0.133500,0.542300,0.828800,0.034500,0.713962,0.303132,1.446585,-0.100836,0.013868,1.408864,-2.228190,-1.045945,-1.328908,-1.339732,2.926090,0.031079,0.974617,-0.710242,2.239845,0.767179,2.133299,-0.556394,-1.174809,1.507891,0,1,1.0000,1.0000,1,1,0,0,0.0000,0.0000,,,,,128741,8838,1896,1491,125563,7347,3178,1405,0,86,0.56138,-0.05114,0
1786018975.3096,D_left_back_left,D,left,0,back_left,,244,77.9000,324.0000,249.9000,1.5000,279.3000,2.1000,360.0000,349.0000,20.1000,0.0000,154.3000,0.0000,121.2000,0.0000,-0.24300,-0.13200,0.86500,3.73000,-3.78000,-2.54000,-0.93000,0.05500,0.24300,-2.25000,-2.57000,-1.73000,11.6,1.9,1.0,0.0,0.759704,0.403946,1.756578,-1.197743,-0.173535,2.051189,-0.089600,0.486000,0.869300,0.003200,0.133500,0.542300,0.828800,0.034500,0.713962,0.303132,1.446585,-0.100836,0.013868,1.408864,-2.228190,-1.045945,-1.328908,-1.339732,2.926090,0.031079,0.974617,-0.710242,2.239845,0.767179,2.133299,-0.556394,-1.174809,1.507891,0,1,1.0000,1.0000,1,1,0,0,0.0000,0.0000,,,,,128742,8838,1896,1491,125564,7347,3178,1405,0,86,0.56138,-0.05114,0
1786018975.3274,D_left_back_left,D,left,0,back_left,,245,77.8000,324.2000,250.2000,0.8000,279.4000,2.2000,360.0000,349.0000,20.1000,0.0000,154.2000,0.0000,121.2000,0.0000,-0.24900,-0.15900,0.89500,2.73000,6.35000,2.83000,-0.93600,0.05700,0.24200,-4.60000,-0.82000,4.06000,11.6,1.9,1.0,0.0,0.759704,0.403946,1.756578,-0.199716,-0.510373,1.554788,-0.089600,0.486000,0.869300,0.003200,0.133500,0.542300,0.828800,0.034500,0.713962,0.303132,1.446585,-0.100836,0.013868,1.408864,-2.228190,-1.045945,-1.328908,-1.339732,2.926090,0.031079,0.974617,-0.710242,2.239845,0.767179,2.133299,-0.556394,-1.174809,1.507891,1,1,1.0000,1.0000,1,1,0,0,0.0000,0.0000,,,,,9102,125314,1877,1526,6285,123760,2817,1474,0,80,0.56138,-0.05114,0
1786018975.3431,D_left_back_left,D,left,0,back_left,,246,77.8000,324.2000,250.2000,0.8000,279.4000,2.2000,360.0000,349.0000,20.1000,0.0000,154.2000,0.0000,121.2000,0.0000,-0.24900,-0.15900,0.89500,2.73000,6.35000,2.83000,-0.93600,0.05700,0.24200,-4.60000,-0.82000,4.06000,11.6,1.9,1.0,0.0,0.759704,0.403946,1.756578,-0.199716,-0.510373,1.554788,-0.089600,0.486000,0.869300,0.003200,0.133500,0.542300,0.828800,0.034500,0.713962,0.303132,1.446585,-0.100836,0.013868,1.408864,-2.228190,-1.045945,-1.328908,-1.339732,2.926090,0.031079,0.974617,-0.710242,2.239845,0.767179,2.133299,-0.556394,-1.174809,1.507891,1,1,1.0000,1.0000,1,1,0,0,0.0000,0.0000,,,,,9102,125314,1877,1526,6285,123760,2817,1474,0,80,0.56138,-0.05114,0
1786018975.3627,D_left_back_left,D,left,0,back_left,,247,77.8000,324.2000,250.2000,0.8000,279.4000,2.2000,360.0000,349.0000,20.1000,0.0000,154.2000,0.0000,121.2000,0.0000,-0.24900,-0.15900,0.89500,2.73000,6.35000,2.83000,-0.93600,0.05700,0.24200,-4.60000,-0.82000,4.06000,11.6,1.9,1.0,0.0,0.759704,0.403946,1.756578,-0.199716,-0.510373,1.554788,-0.089600,0.486000,0.869300,0.003200,0.133500,0.542300,0.828800,0.034500,0.713962,0.303132,1.446585,-0.100836,0.013868,1.408864,-2.228156,-1.046032,-1.329073,-1.339747,2.930009,0.031049,0.970816,-0.710242,2.239845,0.767179,2.133299,-0.556394,-1.174809,1.507891,1,1,1.0000,1.0000,1,1,0,0,0.0000,0.0000,,,,,9102,8838,1877,1491,6285,7347,2817,1405,0,86,0.56138,-0.05114,0
1786018975.3821,D_left_back_left,D,left,0,back_left,,248,77.8000,324.2000,250.2000,0.8000,279.4000,2.2000,360.0000,349.0000,20.1000,0.0000,154.2000,0.0000,121.2000,0.0000,-0.24900,-0.15900,0.89500,2.73000,6.35000,2.83000,-0.93600,0.05700,0.24200,-4.60000,-0.82000,4.06000,11.6,1.9,1.0,0.0,0.759704,0.403946,1.756578,-0.199716,-0.510373,1.554788,-0.089600,0.486000,0.869300,0.003200,0.133500,0.542300,0.828800,0.034500,0.713962,0.303132,1.446585,-0.100836,0.013868,1.408864,-2.228151,-1.046045,-1.329098,-1.339749,2.930622,0.031045,0.970222,-0.710242,2.239845,0.767179,2.133299,-0.556394,-1.174809,1.507891,1,1,1.0000,1.0000,1,1,0,0,0.0000,0.0000,,,,,128742,125314,1896,1526,125564,123760,3178,1474,0,80,0.56138,-0.05114,0
1786018975.4024,D_left_back_left,D,left,0,back_left,,249,77.8000,324.2000,250.3000,1.1000,279.3000,2.0000,360.0000,349.2000,20.1000,0.0000,154.2000,0.0000,121.2000,0.0000,-0.26300,-0.12000,0.89200,8.63000,1.24000,-3.89000,-0.90800,0.04500,0.23300,-0.11000,4.34000,-2.44000,10.3,2.0,1.0,1.0,0.986501,0.863181,1.554161,-0.283254,0.044802,1.407124,-0.089600,0.486000,0.869300,0.003200,0.133500,0.542300,0.828800,0.034500,0.713962,0.303132,1.446585,-0.100836,0.013868,1.408864,-2.228146,-1.046058,-1.329123,-1.339751,2.931209,0.031040,0.969653,-0.710242,2.239845,0.767179,2.133299,-0.556394,-1.174809,1.507891,1,1,1.0000,1.0000,1,1,0,0,0.0000,0.0000,,,,,128742,8838,1896,1491,125564,7347,3178,1405,0,86,0.56138,-0.05114,0
