t,segment,block,arm,rep,direction,speed,sample_index,l_j1,l_j2,l_j3,l_j4,l_j5,l_j6,l_j7,r_j1,r_j2,r_j3,r_j4,r_j5,r_j6,r_j7,l_ax,l_ay,l_az,l_gx,l_gy,l_gz,r_ax,r_ay,r_az,r_gx,r_gy,r_gz,fsr1,fsr2,btn1,btn2,left_cmd_x,left_cmd_y,left_cmd_z,right_cmd_x,right_cmd_y,right_cmd_z,left_cmd_qx,left_cmd_qy,left_cmd_qz,left_cmd_qw,right_cmd_qx,right_cmd_qy,right_cmd_qz,right_cmd_qw,left_ee_x,left_ee_y,left_ee_z,right_ee_x,right_ee_y,right_ee_z,left_joint_1,left_joint_2,left_joint_3,left_joint_4,left_joint_5,left_joint_6,left_joint_7,right_joint_1,right_joint_2,right_joint_3,right_joint_4,right_joint_5,right_joint_6,right_joint_7,left_clutch,right_clutch,left_scale,right_scale,left_frame_valid,right_frame_valid,left_n_dropouts,right_n_dropouts,left_data_age_s,right_data_age_s,position_mode,orientation_mode,left_channels_live,right_channels_live,left_ik_success,right_ik_success,left_ik_fail,right_ik_fail,left_guard_direct,right_guard_direct,left_guard_slewed,right_guard_slewed,left_guard_rejected,right_guard_rejected,left_min_clearance,right_min_clearance,estop
1786019126.5654,D_right_front_left,D,right,0,front_left,,0,168.0000,344.1000,158.6000,169.6000,67.0000,0.0000,343.2000,283.8000,22.4000,0.0000,99.1000,0.0000,19.2700,0.0000,-0.85900,-0.00100,0.36400,7.70000,-0.40000,8.92000,0.19900,0.08000,0.92900,36.31000,9.02000,-20.21000,14.1,1.6,1.0,1.0,0.625302,0.084148,1.568584,-0.194738,-0.929557,1.933434,-0.089600,0.486000,0.869300,0.003200,0.133500,0.542300,0.828800,0.034500,0.646842,0.488005,1.442100,-0.100836,0.013868,1.408864,-2.776618,-1.434672,-1.365043,-0.200390,3.241167,0.565469,1.005489,-0.710242,2.239845,0.767179,2.133299,-0.556394,-1.174809,1.507891,1,0,1.0000,1.0000,1,1,0,0,0.0000,0.0000,,,,,9414,9314,2351,1861,6485,7347,2929,1818,0,149,0.41985,-0.05114,0
1786019126.5884,D_right_front_left,D,right,0,front_left,,1,168.0000,344.1000,158.6000,169.6000,67.0000,0.0000,343.2000,283.8000,22.4000,0.0000,99.1000,0.0000,19.2700,0.0000,-0.85900,-0.00100,0.36400,7.70000,-0.40000,8.92000,0.19900,0.08000,0.92900,36.31000,9.02000,-20.21000,14.1,1.6,1.0,1.0,0.625302,0.084148,1.568584,-0.194738,-0.929557,1.933434,-0.089600,0.486000,0.869300,0.003200,0.133500,0.542300,0.828800,0.034500,0.646842,0.488005,1.442100,-0.100836,0.013868,1.408864,-2.776281,-1.434343,-1.365281,-0.200728,3.240830,0.565131,1.005479,-0.710242,2.239845,0.767179,2.133299,-0.556394,-1.174809,1.507891,1,0,1.0000,1.0000,1,1,0,0,0.0000,0.0000,,,,,129061,125765,2361,1902,125761,123760,3300,1858,0,147,0.41988,-0.05114,0
1786019126.6142,D_right_front_left,D,right,0,front_left,,2,168.0000,344.1000,158.7000,169.5000,64.0000,0.0000,343.3000,282.7000,22.4000,0.0000,99.3000,0.0000,117.8000,0.0000,-0.89100,0.02800,0.36000,1.73000,1.99000,4.61000,0.24400,0.14000,0.93200,-1.51000,-0.18000,-3.16000,13.8,4.9,1.0,1.0,0.635500,0.490544,1.440052,-1.063210,-0.525860,2.644323,-0.089600,0.486000,0.869300,0.003200,0.133500,0.542300,0.828800,0.034500,0.634710,0.490324,1.442751,-0.100836,0.013868,1.408864,-2.775843,-1.433917,-1.365589,-0.201165,3.240392,0.564694,1.005466,-0.710242,2.239845,0.767179,2.133299,-0.556394,-1.174809,1.507891,0,0,1.0000,1.0000,1,1,0,0,0.0000,0.0000,,,,,9414,9314,2351,1861,6485,7347,2929,1818,0,149,0.41985,-0.05114,0
1786019126.6275,D_right_front_left,D,right,0,front_left,,3,168.0000,344.1000,158.7000,169.5000,64.0000,0.0000,343.3000,282.7000,22.4000,0.0000,99.3000,0.0000,117.8000,0.0000,-0.89100,0.02800,0.36000,1.73000,1.99000,4.61000,0.24400,0.14000,0.93200,-1.51000,-0.18000,-3.16000,11.3,4.0,1.0,1.0,0.635500,0.490544,1.440052,-1.063210,-0.525860,2.644323,-0.089600,0.486000,0.869300,0.003200,0.133500,0.542300,0.828800,0.034500,0.634710,0.490324,1.442751,-0.100836,0.013868,1.408864,-2.775548,-1.433629,-1.365797,-0.201461,3.240096,0.564398,1.005458,-0.710242,2.239845,0.767179,2.133299,-0.556394,-1.174809,1.507891,0,0,1.0000,1.0000,1,1,0,0,0.0000,0.0000,,,,,9415,125765,2351,1902,6485,123760,2930,1858,0,147,0.41985,-0.05114,0
1786019126.6553,D_right_front_left,D,right,0,front_left,,4,168.2000,344.1000,158.7000,169.5000,70.0000,0.0000,343.4000,281.7000,22.4000,0.0000,99.1000,0.0000,116.6000,0.0000,-0.89600,0.01900,0.36000,-5.84000,-1.86000,-4.63000,0.17200,0.05200,0.84700,-34.40000,-1.18000,-0.98000,13.6,4.1,1.0,1.0,0.625650,0.084133,1.568529,-0.194738,-0.929557,1.933434,-0.089600,0.486000,0.869300,0.003200,0.133500,0.542300,0.828800,0.034500,0.634710,0.490324,1.442751,-0.100836,0.013868,1.408864,-2.774818,-1.432919,-1.366311,-0.202190,3.239366,0.563669,1.005437,-0.710242,2.239845,0.767179,2.133299,-0.556394,-1.174809,1.507891,1,0,1.0000,1.0000,1,1,0,0,0.0000,0.0000,,,,,9415,9314,2351,1861,6485,7347,2930,1818,0,149,0.41985,-0.05114,0
1786019126.6802,D_right_front_left,D,right,0,front_left,,5,168.1000,344.1000,158.7000,169.5000,68.7000,0.0000,343.2000,281.5000,22.4000,0.0000,99.1000,0.0000,116.5000,0.0000,-0.89400,0.02700,0.34800,-5.89000,-4.22000,-5.90000,0.18300,0.01800,0.86500,-34.60000,-4.85000,-4.42000,10.2,3.9,1.0,1.0,1.076121,1.262416,1.619512,-0.311882,-0.546856,2.284854,-0.089600,0.486000,0.869300,0.003200,0.133500,0.542300,0.828800,0.034500,0.634710,0.490324,1.442751,-0.100836,0.013868,1.408864,-2.774482,-1.432591,-1.366548,-0.202527,3.239029,0.563332,1.005427,-0.710242,2.239845,0.767179,2.133299,-0.556394,-1.174809,1.507891,1,0,1.0000,1.0000,1,1,0,0,0.0000,0.0000,,,,,129062,125765,2361,1902,125761,123760,3301,1858,0,147,0.41985,-0.05114,0
1786019126.6864,D_right_front_left,D,right,0,front_left,,6,168.1000,344.1000,158.7000,169.5000,68.7000,0.0000,343.2000,281.5000,22.4000,0.0000,99.1000,0.0000,116.5000,0.0000,-0.89400,0.02700,0.34800,-5.89000,-4.22000,-5.90000,0.18300,0.01800,0.86500,-34.60000,-4.85000,-4.42000,12.0,4.2,1.0,1.0,1.076121,1.262416,1.619512,-0.311882,-0.546856,2.284854,-0.089600,0.486000,0.869300,0.003200,0.133500,0.542300,0.828800,0.034500,0.633204,0.490525,1.443363,-0.100836,0.013868,1.408864,-2.774109,-1.432228,-1.366811,-0.202899,3.238656,0.562959,1.005416,-0.710242,2.239845,0.767179,2.133299,-0.556394,-1.174809,1.507891,1,0,1.0000,1.0000,1,1,0,0,0.0000,0.0000,,,,,129062,9314,2361,1861,125761,7347,3301,1818,0,149,0.41985,-0.05114,0
1786019126.7163,D_right_front_left,D,right,0,front_left,,7,168.1000,344.1000,158.6000,69.5000,66.7000,0.0000,343.2000,281.2000,22.4000,0.0000,99.1000,0.0000,116.2000,0.0000,-0.87200,0.04200,0.31300,4.63000,-10.16000,-7.98000,0.26300,-0.03700,0.87000,-19.00000,-11.04000,-6.44000,13.2,4.4,1.0,1.0,1.081982,1.264980,1.620111,-0.311882,-0.546856,2.284854,-0.089600,0.486000,0.869300,0.003200,0.133500,0.542300,0.828800,0.034500,0.633204,0.490525,1.443363,-0.100836,0.013868,1.408864,-2.773404,-1.431541,-1.367307,-0.203604,3.237951,0.562254,1.005396,-0.710242,2.239845,0.767179,2.133299,-0.556394,-1.174809,1.507891,1,0,1.0000,1.0000,0,1,1,0,0.0514,0.0000,,,,,129063,125765,2361,1902,125762,123760,3301,1858,0,147,0.41426,-0.05114,0
1786019126.7416,D_right_front_left,D,right,0,front_left,,8,168.1000,344.1000,158.6000,69.5000,66.7000,0.0000,343.2000,281.3000,22.0000,0.0000,99.1000,0.0000,116.3000,0.0000,-0.87200,0.04200,0.31300,4.63000,-10.16000,-7.98000,0.27700,-0.08000,0.90500,-2.87000,-10.25000,-3.08000,13.2,4.4,1.0,1.0,1.081982,1.264980,1.620111,-0.311882,-0.546856,2.284854,-0.089600,0.486000,0.869300,0.003200,0.133500,0.542300,0.828800,0.034500,0.633204,0.490525,1.443363,-0.100836,0.013868,1.408864,-2.772318,-1.430484,-1.368072,-0.204690,3.236865,0.561169,1.005365,-0.710242,2.239845,0.767179,2.133299,-0.556394,-1.174809,1.507891,1,0,1.0000,1.0000,0,1,1,0,0.0514,0.0000,,,,,9417,125765,2351,1902,6486,123760,2931,1858,0,147,0.41353,-0.05114,0
1786019126.7636,D_right_front_left,D,right,0,front_left,,9,168.1000,344.1000,158.6000,69.5000,66.7000,0.0000,343.2000,281.3000,22.0000,0.0000,99.1000,0.0000,116.3000,0.0000,-0.87200,0.04200,0.31300,4.63000,-10.16000,-7.98000,0.27700,-0.08000,0.90500,-2.87000,-10.25000,-3.08000,13.2,4.4,1.0,1.0,1.081982,1.264980,1.620111,-0.311882,-0.546856,2.284854,-0.089600,0.486000,0.869300,0.003200,0.133500,0.542300,0.828800,0.034500,0.646950,0.486149,1.454746,-0.100836,0.013868,1.408864,-2.771599,-1.429784,-1.368578,-0.205409,3.236145,0.560450,1.005344,-0.710242,2.239845,0.767179,2.133299,-0.556394,-1.174809,1.507891,1,0,1.0000,1.0000,0,1,1,0,0.0514,0.0000,,,,,129063,9314,2361,1861,125762,7347,3301,1818,0,149,0.41426,-0.05114,0
1786019126.7682,D_right_front_left,D,right,0,front_left,,10,168.1000,344.1000,158.6000,69.5000,66.7000,0.0000,343.2000,281.3000,22.0000,0.0000,99.1000,0.0000,116.3000,0.0000,-0.87200,0.04200,0.31300,4.63000,-10.16000,-7.98000,0.27700,-0.08000,0.90500,-2.87000,-10.25000,-3.08000,13.2,4.4,1.0,1.0,1.081982,1.264980,1.620111,-0.311882,-0.546856,2.284854,-0.089600,0.486000,0.869300,0.003200,0.133500,0.542300,0.828800,0.034500,0.646950,0.486149,1.454746,-0.100836,0.013868,1.408864,-2.771244,-1.429438,-1.368828,-0.205764,3.235790,0.560094,1.005334,-0.710242,2.239845,0.767179,2.133299,-0.556394,-1.174809,1.507891,1,0,1.0000,1.0000,0,1,1,0,0.0514,0.0000,,,,,129063,125765,2361,1902,125762,123760,3301,1858,0,147,0.41426,-0.05114,0
1786019126.7875,D_right_front_left,D,right,0,front_left,,11,168.1000,344.1000,158.6000,69.5000,66.7000,0.0000,343.2000,281.3000,22.0000,0.0000,99.1000,0.0000,116.3000,0.0000,-0.87200,0.04200,0.31300,4.63000,-10.16000,-7.98000,0.27700,-0.08000,0.90500,-2.87000,-10.25000,-3.08000,13.2,4.4,1.0,1.0,1.081982,1.264980,1.620111,-0.311882,-0.546856,2.284854,-0.089600,0.486000,0.869300,0.003200,0.133500,0.542300,0.828800,0.034500,0.646950,0.486149,1.454746,-0.100836,0.013868,1.408864,-2.770838,-1.429042,-1.369114,-0.206170,3.235384,0.559688,1.005322,-0.710242,2.239845,0.767179,2.133299,-0.556394,-1.174809,1.507891,1,0,1.0000,1.0000,0,1,1,0,0.0514,0.0000,,,,,9418,9314,2351,1862,6486,7347,2932,1818,0,149,0.41353,-0.05114,0
1786019126.8116,D_right_front_left,D,right,0,front_left,,12,168.1000,344.1000,158.6000,169.7000,65.9000,0.0000,343.0000,28.0000,22.4000,0.0000,99.0000,0.0000,117.7000,0.0000,-0.85100,0.02300,0.35000,5.59000,15.69000,11.01000,0.29800,0.10600,0.96700,1.13000,-11.11000,-4.14000,12.9,4.5,0.0,1.0,0.635500,0.490544,1.440052,-1.063210,-0.525860,2.644323,-0.089600,0.486000,0.869300,0.003200,0.133500,0.542300,0.828800,0.034500,0.646950,0.486149,1.454746,-0.100836,0.013868,1.408864,-2.770515,-1.428737,-1.369343,-0.206493,-3.048121,0.559365,1.005308,-0.710242,2.239845,0.767179,2.133299,-0.556394,-1.174809,1.507891,0,0,1.0000,1.0000,1,1,0,0,0.0000,0.0000,,,,,9418,9314,2351,1862,6486,7347,2932,1818,0,149,0.41353,-0.05114,0
1786019126.8400,D_right_front_left,D,right,0,front_left,,13,167.9000,344.1000,158.6000,169.5000,69.3000,0.0000,343.3000,282.6000,22.4000,0.0000,99.1000,0.0000,118.2000,0.0000,-0.87000,-0.00300,0.38800,2.38000,17.57000,11.49000,0.28600,0.03100,0.94400,-8.76000,-10.81000,-1.26000,12.9,4.5,0.0,1.0,0.635500,0.490544,1.440052,-0.311882,-0.546856,2.284854,-0.089600,0.486000,0.869300,0.003200,0.133500,0.542300,0.828800,0.034500,0.645270,0.486520,1.454831,-0.100836,0.013868,1.408864,-2.770522,-1.428761,-1.369340,-0.206486,-3.048106,0.559372,1.005301,-0.710242,2.239845,0.767179,2.133299,-0.556394,-1.174809,1.507891,0,0,1.0000,1.0000,1,1,0,0,0.0000,0.0000,,,,,9418,125765,2351,1903,6486,123760,2932,1858,0,147,0.41353,-0.05114,0
1786019126.8457,D_right_front_left,D,right,0,front_left,,14,167.9000,344.1000,158.6000,169.5000,69.3000,0.0000,343.3000,282.6000,22.4000,0.0000,99.1000,0.0000,118.2000,0.0000,-0.87000,-0.00300,0.38800,2.38000,17.57000,11.49000,0.28600,0.03100,0.94400,-8.76000,-10.81000,-1.26000,12.9,4.5,0.0,1.0,0.635500,0.490544,1.440052,-0.311882,-0.546856,2.284854,-0.089600,0.486000,0.869300,0.003200,0.133500,0.542300,0.828800,0.034500,0.645270,0.486520,1.454831,-0.100836,0.013868,1.408864,-2.770522,-1.428761,-1.369340,-0.206486,-3.048106,0.559372,1.005301,-0.710242,2.239845,0.767179,2.133299,-0.556394,-1.174809,1.507891,0,0,1.0000,1.0000,1,1,0,0,0.0000,0.0000,,,,,9418,125765,2351,1903,6486,123760,2932,1858,0,147,0.41353,-0.05114,0
1786019126.8700,D_right_front_left,D,right,0,front_left,,15,167.9000,344.1000,158.6000,169.5000,69.3000,0.0000,343.3000,282.6000,22.4000,0.0000,99.1000,0.0000,118.2000,0.0000,-0.87000,-0.00300,0.38800,2.38000,17.57000,11.49000,0.28600,0.03100,0.94400,-8.76000,-10.81000,-1.26000,12.9,4.5,0.0,1.0,0.635500,0.490544,1.440052,-0.311882,-0.546856,2.284854,-0.089600,0.486000,0.869300,0.003200,0.133500,0.542300,0.828800,0.034500,0.645270,0.486520,1.454831,-0.100836,0.013868,1.408864,-2.770533,-1.428799,-1.369335,-0.206476,-3.048084,0.559383,1.005289,-0.710242,2.239845,0.767179,2.133299,-0.556394,-1.174809,1.507891,0,0,1.0000,1.0000,1,1,0,0,0.0000,0.0000,,,,,9418,9314,2351,1862,6486,7347,2932,1818,0,149,0.41353,-0.05114,0
1786019126.8903,D_right_front_left,D,right,0,front_left,,16,167.9000,344.2000,158.6000,169.1000,76.0000,0.0000,343.4000,282.6000,22.4000,0.0000,99.1000,0.0000,118.2000,0.0000,-0.89600,0.01000,0.37000,2.28000,-2.96000,-3.03000,0.28600,0.03100,0.94400,-8.76000,-10.81000,-1.26000,12.9,4.5,0.0,1.0,0.626317,0.084058,1.568666,-0.194738,-0.929557,1.933434,-0.089600,0.486000,0.869300,0.003200,0.133500,0.542300,0.828800,0.034500,0.643605,0.486883,1.454914,-0.100836,0.013868,1.408864,-2.770540,-1.428824,-1.369332,-0.206469,-3.048069,0.559390,1.005281,-0.710242,2.239845,0.767179,2.133299,-0.556394,-1.174809,1.507891,1,0,1.0000,1.0000,1,1,0,0,0.0000,0.0000,,,,,9418,9314,2351,1862,6486,7347,2932,1818,0,149,0.41353,-0.05114,0
1786019126.9130,D_right_front_left,D,right,0,front_left,,17,167.9000,344.2000,158.6000,169.1000,76.0000,0.0000,343.4000,282.9000,22.8000,0.0000,98.9000,0.0000,119.8000,0.0000,-0.89600,0.01000,0.37000,2.28000,-2.96000,-3.03000,0.29800,-0.00600,0.88600,-17.44000,-6.71000,4.09000,12.9,4.5,0.0,1.0,0.626317,0.084058,1.568666,-0.194738,-0.929557,1.933434,-0.089600,0.486000,0.869300,0.003200,0.133500,0.542300,0.828800,0.034500,0.643605,0.486883,1.454914,-0.100836,0.013868,1.408864,-2.770543,-1.428836,-1.369331,-0.206465,-3.048062,0.559394,1.005277,-0.710242,2.239845,0.767179,2.133299,-0.556394,-1.174809,1.507891,1,0,1.0000,1.0000,1,1,0,0,0.0000,0.0000,,,,,129063,9314,2361,1862,125762,7347,3301,1818,0,149,0.41426,-0.05114,0
1786019126.9289,D_right_front_left,D,right,0,front_left,,18,167.9000,344.2000,158.6000,169.1000,76.7000,0.0000,343.4000,282.7000,22.8000,0.0000,98.9000,0.0000,119.9000,0.0000,-0.90000,0.02100,0.34700,3.75000,-5.32000,-4.85000,0.26700,-0.05600,0.87600,-9.92000,-6.11000,1.89000,13.1,3.0,0.0,1.0,0.627305,0.084212,1.568964,-0.194738,-0.929557,1.933434,-0.089600,0.486000,0.869300,0.003200,0.133500,0.542300,0.828800,0.034500,0.643605,0.486883,1.454914,-0.100836,0.013868,1.408864,-2.770547,-1.428850,-1.369329,-0.206461,-3.048053,0.559397,1.005273,-0.710242,2.239845,0.767179,2.133299,-0.556394,-1.174809,1.507891,1,0,1.0000,1.0000,1,1,0,0,0.0000,0.0000,,,,,9418,125765,2351,1903,6486,123760,2932,1858,0,147,0.41353,-0.05114,0
1786019126.9480,D_right_front_left,D,right,0,front_left,,19,167.9000,344.2000,158.6000,169.1000,76.7000,0.0000,343.4000,282.7000,22.8000,0.0000,98.9000,0.0000,119.9000,0.0000,-0.90000,0.02100,0.34700,3.75000,-5.32000,-4.85000,0.26700,-0.05600,0.87600,-9.92000,-6.11000,1.89000,13.1,3.0,0.0,1.0,0.627305,0.084212,1.568964,-0.194738,-0.929557,1.933434,-0.089600,0.486000,0.869300,0.003200,0.133500,0.542300,0.828800,0.034500,0.643605,0.486883,1.454914,-0.100836,0.013868,1.408864,-2.772109,-1.434349,-1.368460,-0.204911,-3.045011,0.560950,1.003573,-0.710242,2.239845,0.767179,2.133299,-0.556394,-1.174809,1.507891,1,0,1.0000,1.0000,1,1,0,0,0.0000,0.0000,,,,,9418,9314,2351,1862,6486,7347,2932,1818,0,149,0.41353,-0.05114,0
1786019126.9667,D_right_front_left,D,right,0,front_left,,20,167.9000,344.2000,158.6000,169.1000,76.7000,0.0000,343.4000,282.7000,22.8000,0.0000,98.9000,0.0000,119.9000,0.0000,-0.90000,0.02100,0.34700,3.75000,-5.32000,-4.85000,0.26700,-0.05600,0.87600,-9.92000,-6.11000,1.89000,13.1,3.0,0.0,1.0,0.627305,0.084212,1.568964,-0.194738,-0.929557,1.933434,-0.089600,0.486000,0.869300,0.003200,0.133500,0.542300,0.828800,0.034500,0.643324,0.486824,1.455789,-0.100836,0.013868,1.408864,-2.773120,-1.437907,-1.367898,-0.203908,-3.043043,0.561954,1.002473,-0.710242,2.239845,0.767179,2.133299,-0.556394,-1.174809,1.507891,1,0,1.0000,1.0000,1,1,0,0,0.0000,0.0000,,,,,129063,9314,2362,1863,125762,7347,3301,1818,0,149,0.41426,-0.05114,0
1786019126.9937,D_right_front_left,D,right,0,front_left,,21,167.9000,344.2000,158.6000,169.1000,76.7000,0.0000,343.4000,282.7000,22.8000,0.0000,98.9000,0.0000,119.9000,0.0000,-0.90000,0.02100,0.34700,3.75000,-5.32000,-4.85000,0.26700,-0.05600,0.87600,-9.92000,-6.11000,1.89000,12.9,4.1,0.0,1.0,0.627305,0.084212,1.568964,-0.194738,-0.929557,1.933434,-0.089600,0.486000,0.869300,0.003200,0.133500,0.542300,0.828800,0.034500,0.643324,0.486824,1.455789,-0.100836,0.013868,1.408864,-2.779792,-1.440519,-1.362220,-0.197242,-3.036794,0.568621,1.000914,-0.710242,2.239845,0.767179,2.133299,-0.556394,-1.174809,1.507891,1,0,1.0000,1.0000,1,1,0,0,0.0000,0.0000,,,,,9418,9314,2352,1863,6486,7347,2932,1818,0,149,0.41353,-0.05114,0
1786019127.0061,D_right_front_left,D,right,0,front_left,,22,167.9000,344.2000,158.6000,169.1000,76.7000,0.0000,343.4000,282.7000,22.8000,0.0000,98.9000,0.0000,119.9000,0.0000,-0.90000,0.02100,0.34700,3.75000,-5.32000,-4.85000,0.26700,-0.05600,0.87600,-9.92000,-6.11000,1.89000,12.9,4.1,0.0,1.0,0.627305,0.084212,1.568964,-0.194738,-0.929557,1.933434,-0.089600,0.486000,0.869300,0.003200,0.133500,0.542300,0.828800,0.034500,0.643324,0.486824,1.455789,-0.100836,0.013868,1.408864,-2.786347,-1.440764,-1.356422,-0.190687,-3.031403,0.575176,1.000016,-0.710242,2.239845,0.767179,2.133299,-0.556394,-1.174809,1.507891,1,0,1.0000,1.0000,1,1,0,0,0.0000,0.0000,,,,,129064,125765,2362,1903,125762,123760,3302,1858,0,147,0.41698,-0.05114,0
1786019127.0353,D_right_front_left,D,right,0,front_left,,23,167.9000,344.2000,158.6000,169.1000,76.7000,0.0000,343.4000,282.7000,22.8000,0.0000,98.9000,0.0000,119.9000,0.0000,-0.90000,0.02100,0.34700,3.75000,-5.32000,-4.85000,0.26700,-0.05600,0.87600,-9.92000,-6.11000,1.89000,13.6,3.2,0.0,1.0,0.627305,0.084212,1.568964,-0.194738,-0.929557,1.933434,-0.089600,0.486000,0.869300,0.003200,0.133500,0.542300,0.828800,0.034500,0.645541,0.486407,1.455575,-0.100836,0.013868,1.408864,-2.798027,-1.441201,-1.346092,-0.179006,-3.021798,0.586857,0.998416,-0.710242,2.239845,0.767179,2.133299,-0.556394,-1.174809,1.507891,1,0,1.0000,1.0000,1,1,0,0,0.0000,0.0000,,,,,129064,125765,2362,1903,125762,123760,3302,1858,0,147,0.41698,-0.05114,0
1786019127.0522,D_right_front_left,D,right,0,front_left,,24,168.1000,344.1000,158.6000,169.1000,75.6000,0.0000,343.4000,282.7000,22.8000,0.0000,98.9000,0.0000,119.9000,0.0000,-0.89300,0.03900,0.34400,5.40000,-1.48000,6.07000,0.26700,-0.05600,0.87600,-9.92000,-6.11000,1.89000,10.8,3.5,0.0,1.0,1.083888,1.266648,1.619443,-0.194738,-0.929557,1.933434,-0.089600,0.486000,0.869300,0.003200,0.133500,0.542300,0.828800,0.034500,0.645541,0.486407,1.455575,-0.100836,0.013868,1.408864,-2.789475,-1.441491,-1.354765,-0.187528,-3.027454,0.578306,0.999227,-0.710242,2.239845,0.767179,2.133299,-0.556394,-1.174809,1.507891,1,0,1.0000,1.0000,1,1,0,0,0.0000,0.0000,,,,,9419,9314,2352,1863,6486,7347,2933,1818,0,149,0.41698,-0.05114,0
1786019127.0691,D_right_front_left,D,right,0,front_left,,25,168.1000,344.1000,158.6000,169.1000,76.7000,0.0000,343.4000,280.7000,22.6000,0.0000,98.9000,0.0000,119.0000,0.0000,-0.89100,0.02500,0.33400,4.02000,-0.65000,4.61000,0.24900,-0.01300,0.88000,-12.29000,-7.52000,-4.60000,10.8,3.5,0.0,1.0,1.085939,1.267551,1.619722,-0.311882,-0.546856,2.284854,-0.089600,0.486000,0.869300,0.003200,0.133500,0.542300,0.828800,0.034500,0.645541,0.486407,1.455575,-0.100836,0.013868,1.408864,-2.781958,-1.441733,-1.362281,-0.195050,-3.032508,0.570782,0.999950,-0.710242,2.239845,0.767179,2.133299,-0.556394,-1.174809,1.507891,1,0,1.0000,1.0000,1,1,0,0,0.0000,0.0000,,,,,9419,9314,2352,1863,6486,7347,2933,1818,0,149,0.41698,-0.05114,0
1786019127.0867,D_right_front_left,D,right,0,front_left,,26,168.1000,344.1000,158.6000,169.1000,76.7000,0.0000,343.4000,280.7000,22.6000,0.0000,98.9000,0.0000,119.0000,0.0000,-0.89100,0.02500,0.33400,4.02000,-0.65000,4.61000,0.24900,-0.01300,0.88000,-12.29000,-7.52000,-4.60000,10.8,3.5,0.0,1.0,1.085939,1.267551,1.619722,-0.311882,-0.546856,2.284854,-0.089600,0.486000,0.869300,0.003200,0.133500,0.542300,0.828800,0.034500,0.645541,0.486407,1.455575,-0.100836,0.013868,1.408864,-2.778081,-1.441858,-1.366157,-0.198930,-3.035115,0.566902,1.000323,-0.710242,2.239845,0.767179,2.133299,-0.556394,-1.174809,1.507891,1,0,1.0000,1.0000,1,1,0,0,0.0000,0.0000,,,,,129065,125765,2362,1904,125762,123760,3303,1858,0,147,0.41698,-0.05114,0
1786019127.1128,D_right_front_left,D,right,0,front_left,,27,168.0000,344.1000,158.6000,169.1000,78.2000,0.0000,343.4000,280.9000,22.6000,0.0000,98.9000,0.0000,119.3000,0.0000,-0.88800,0.01100,0.34500,2.56000,0.43000,2.87000,0.32400,-0.05000,0.92100,-8.30000,-2.38000,-7.58000,12.8,2.6,0.0,1.0,1.086211,1.267840,1.619577,-0.311882,-0.546856,2.284854,-0.089600,0.486000,0.869300,0.003200,0.133500,0.542300,0.828800,0.034500,0.647927,0.486004,1.455008,-0.100836,0.013868,1.408864,-2.780377,-1.435977,-1.373452,-0.196636,-3.031605,0.569195,1.006679,-0.710242,2.239845,0.767179,2.133299,-0.556394,-1.174809,1.507891,1,0,1.0000,1.0000,1,1,0,0,0.0000,0.0000,,,,,129065,9314,2362,1864,125762,7347,3303,1818,0,149,0.41698,-0.05114,0
1786019127.1295,D_right_front_left,D,right,0,front_left,,28,168.0000,344.1000,158.6000,169.1000,78.2000,0.0000,343.4000,280.9000,22.6000,0.0000,98.9000,0.0000,119.3000,0.0000,-0.88800,0.01100,0.34500,2.56000,0.43000,2.87000,0.32400,-0.05000,0.92100,-8.30000,-2.38000,-7.58000,12.8,2.6,0.0,1.0,1.086211,1.267840,1.619577,-0.311882,-0.546856,2.284854,-0.089600,0.486000,0.869300,0.003200,0.133500,0.542300,0.828800,0.034500,0.647927,0.486004,1.455008,-0.100836,0.013868,1.408864,-2.786662,-1.429824,-1.376997,-0.190351,-3.025365,0.575480,1.012815,-0.710242,2.239845,0.767179,2.133299,-0.556394,-1.174809,1.507891,1,0,1.0000,1.0000,1,1,0,0,0.0000,0.0000,,,,,129065,125765,2362,1904,125762,123760,3303,1858,0,147,0.41698,-0.05114,0
1786019127.1493,D_right_front_left,D,right,0,front_left,,29,168.0000,344.1000,158.6000,169.1000,78.2000,0.0000,343.4000,280.9000,22.6000,0.0000,98.9000,0.0000,119.3000,0.0000,-0.88800,0.01100,0.34500,2.56000,0.43000,2.87000,0.32400,-0.05000,0.92100,-8.30000,-2.38000,-7.58000,12.8,2.6,0.0,1.0,1.086211,1.267840,1.619577,-0.311882,-0.546856,2.284854,-0.089600,0.486000,0.869300,0.003200,0.133500,0.542300,0.828800,0.034500,0.647927,0.486004,1.455008,-0.100836,0.013868,1.408864,-2.792459,-1.424750,-1.381021,-0.185178,3.262952,0.580653,1.019262,-0.710242,2.239845,0.767179,2.133299,-0.556394,-1.174809,1.507891,1,0,1.0000,1.0000,1,1,0,0,0.0000,0.0000,,,,,9419,9314,2352,1864,6486,7347,2933,1818,0,149,0.41698,-0.05114,0
1786019127.1688,D_right_front_left,D,right,0,front_left,,30,168.0000,344.1000,158.6000,169.1000,788.0000,0.0000,343.4000,280.9000,22.6000,0.0000,99.0000,0.0000,119.5000,0.0000,-0.87300,-0.00100,0.36500,1.76000,-1.65000,-2.03000,0.30500,-0.01900,0.89800,-1.89000,-2.60000,-12.75000,13.8,4.0,0.0,1.0,0.635500,0.490544,1.440052,-1.063210,-0.525860,2.644323,-0.089600,0.486000,0.869300,0.003200,0.133500,0.542300,0.828800,0.034500,0.650242,0.485604,1.454457,-0.100836,0.013868,1.408864,-2.792335,-1.425563,-1.381816,-0.186018,3.262113,0.579813,1.020046,-0.710242,2.239845,0.767179,2.133299,-0.556394,-1.174809,1.507891,0,0,1.0000,1.0000,1,1,0,0,0.0000,0.0000,,,,,9419,9314,2352,1864,6486,7347,2933,1818,0,149,0.41698,-0.05114,0
1786019127.1857,D_right_front_left,D,right,0,front_left,,31,168.0000,344.1000,158.6000,169.1000,788.0000,0.0000,343.4000,280.9000,22.6000,0.0000,99.0000,0.0000,119.5000,0.0000,-0.87300,-0.00100,0.36500,1.76000,-1.65000,-2.03000,0.30500,-0.01900,0.89800,-1.89000,-2.60000,-12.75000,13.8,4.0,0.0,1.0,0.635500,0.490544,1.440052,-1.063210,-0.525860,2.644323,-0.089600,0.486000,0.869300,0.003200,0.133500,0.542300,0.828800,0.034500,0.650242,0.485604,1.454457,-0.100836,0.013868,1.408864,-2.792188,-1.426535,-1.382768,-0.187022,3.261109,0.578809,1.020983,-0.710242,2.239845,0.767179,2.133299,-0.556394,-1.174809,1.507891,0,0,1.0000,1.0000,1,1,0,0,0.0000,0.0000,,,,,129065,125765,2362,1904,125762,123760,3303,1858,0,147,0.41698,-0.05114,0
1786019127.2075,D_right_front_left,D,right,0,front_left,,32,167.9000,344.1000,158.7000,169.1400,79.2000,0.0000,343.4000,281.0000,22.6000,0.0000,98.9000,0.0000,119.5000,0.0000,-0.86100,0.01800,0.35000,2.13000,-1.10000,-0.89000,0.30700,-0.04300,0.90500,-6.92000,0.02000,-7.44000,13.2,3.8,0.0,1.0,1.085655,1.267813,1.619256,-0.311882,-0.546856,2.284854,-0.089600,0.486000,0.869300,0.003200,0.133500,0.542300,0.828800,0.034500,0.650242,0.485604,1.454457,-0.100836,0.013868,1.408864,-2.791965,-1.428005,-1.384207,-0.188542,3.259589,0.577289,1.022402,-0.710242,2.239845,0.767179,2.133299,-0.556394,-1.174809,1.507891,1,0,1.0000,1.0000,1,1,0,0,0.0000,0.0000,,,,,129065,125765,2362,1904,125762,123760,3303,1858,0,147,0.41698,-0.05114,0
1786019127.2259,D_right_front_left,D,right,0,front_left,,33,167.9000,344.1000,158.7000,169.1400,79.2000,0.0000,343.4000,281.0000,22.6000,0.0000,98.9000,0.0000,119.5000,0.0000,-0.86100,0.01800,0.35000,2.13000,-1.10000,-0.89000,0.30700,-0.04300,0.90500,-6.92000,0.02000,-7.44000,13.2,3.8,0.0,1.0,1.085655,1.267813,1.619256,-0.311882,-0.546856,2.284854,-0.089600,0.486000,0.869300,0.003200,0.133500,0.542300,0.828800,0.034500,0.650242,0.485604,1.454457,-0.100836,0.013868,1.408864,-2.791592,-1.430469,-1.386619,-0.191087,3.257044,0.574743,1.024778,-0.710242,2.239845,0.767179,2.133299,-0.556394,-1.174809,1.507891,1,0,1.0000,1.0000,1,1,0,0,0.0000,0.0000,,,,,9419,9314,2352,1864,6486,7347,2933,1818,0,149,0.41698,-0.05114,0
1786019127.2457,D_right_front_left,D,right,0,front_left,,34,167.9000,344.1000,158.7000,169.1400,79.2000,0.0000,343.4000,281.0000,22.6000,0.0000,98.9000,0.0000,119.5000,0.0000,-0.86100,0.01800,0.35000,2.13000,-1.10000,-0.89000,0.30700,-0.04300,0.90500,-6.92000,0.02000,-7.44000,13.2,3.8,0.0,1.0,1.085655,1.267813,1.619256,-0.311882,-0.546856,2.284854,-0.089600,0.486000,0.869300,0.003200,0.133500,0.542300,0.828800,0.034500,0.652581,0.485191,1.453899,-0.100836,0.013868,1.408864,-2.791544,-1.430780,-1.386924,-0.191409,3.256723,0.574422,1.025078,-0.710242,2.239845,0.767179,2.133299,-0.556394,-1.174809,1.507891,1,0,1.0000,1.0000,1,1,0,0,0.0000,0.0000,,,,,9419,125765,2352,1904,6486,123760,2933,1858,0,147,0.41698,-0.05114,0
1786019127.2695,D_right_front_left,D,right,0,front_left,,35,167.9000,344.1000,158.7000,169.1400,79.2000,0.0000,343.4000,281.0000,22.6000,0.0000,98.9000,0.0000,119.5000,0.0000,-0.86100,0.01800,0.35000,2.13000,-1.10000,-0.89000,0.30700,-0.04300,0.90500,-6.92000,0.02000,-7.44000,13.2,3.8,0.0,1.0,1.085655,1.267813,1.619256,-0.311882,-0.546856,2.284854,-0.089600,0.486000,0.869300,0.003200,0.133500,0.542300,0.828800,0.034500,0.652581,0.485191,1.453899,-0.100836,0.013868,1.408864,-2.792555,-1.430065,-1.387572,-0.190706,-3.025760,0.575125,1.026479,-0.710242,2.239845,0.767179,2.133299,-0.556394,-1.174809,1.507891,1,0,1.0000,1.0000,1,1,0,0,0.0000,0.0000,,,,,9419,9314,2352,1865,6486,7347,2933,1818,0,149,0.41698,-0.05114,0
1786019127.2923,D_right_front_left,D,right,0,front_left,,36,167.9000,344.1000,158.7000,169.1400,79.2000,0.0000,343.4000,281.0000,22.6000,0.0000,98.9000,0.0000,119.5000,0.0000,-0.86100,0.01800,0.35000,2.13000,-1.10000,-0.89000,0.30700,-0.04300,0.90500,-6.92000,0.02000,-7.44000,13.2,3.8,0.0,1.0,1.085655,1.267813,1.619256,-0.311882,-0.546856,2.284854,-0.089600,0.486000,0.869300,0.003200,0.133500,0.542300,0.828800,0.034500,0.652581,0.485191,1.453899,-0.100836,0.013868,1.408864,-2.792892,-1.429728,-1.387668,-0.190369,-3.025423,0.575462,1.026815,-0.710242,2.239845,0.767179,2.133299,-0.556394,-1.174809,1.507891,1,0,1.0000,1.0000,1,1,0,0,0.0000,0.0000,,,,,9419,9314,2352,1865,6486,7347,2933,1818,0,149,0.41698,-0.05114,0
1786019127.3172,D_right_front_left,D,right,0,front_left,,37,167.9000,344.1000,158.6000,169.1000,76.9000,0.0000,343.4000,281.0000,22.6000,0.0000,98.9000,0.0000,119.5000,0.0000,-0.88000,0.01100,0.35300,2.19000,2.92000,7.52000,0.30700,-0.04300,0.90500,-6.92000,0.02000,-7.44000,13.2,3.8,0.0,1.0,0.626846,0.084021,1.568850,-0.311882,-0.546856,2.284854,-0.089600,0.486000,0.869300,0.003200,0.133500,0.542300,0.828800,0.034500,0.654921,0.484771,1.453340,-0.100836,0.013868,1.408864,-2.791872,-1.428713,-1.387659,-0.191388,3.256991,0.574443,1.025795,-0.710242,2.239845,0.767179,2.133299,-0.556394,-1.174809,1.507891,1,0,1.0000,1.0000,1,1,0,0,0.0000,0.0000,,,,,129065,125765,2363,1905,125762,123760,3303,1858,0,147,0.41698,-0.05114,0
1786019127.3256,D_right_front_left,D,right,0,front_left,,38,167.9000,344.1000,158.6000,169.1000,76.9000,0.0000,343.4000,281.0000,22.6000,0.0000,98.9000,0.0000,119.5000,0.0000,-0.88000,0.01100,0.35300,2.19000,2.92000,7.52000,0.30700,-0.04300,0.90500,-6.92000,0.02000,-7.44000,13.2,3.8,0.0,1.0,0.626846,0.084021,1.568850,-0.311882,-0.546856,2.284854,-0.089600,0.486000,0.869300,0.003200,0.133500,0.542300,0.828800,0.034500,0.654921,0.484771,1.453340,-0.100836,0.013868,1.408864,-2.791455,-1.428297,-1.387655,-0.191806,3.256674,0.574025,1.025378,-0.710242,2.239845,0.767179,2.133299,-0.556394,-1.174809,1.507891,1,0,1.0000,1.0000,1,1,0,0,0.0000,0.0000,,,,,9419,9314,2353,1865,6486,7347,2933,1818,0,149,0.41698,-0.05114,0
1786019127.3455,D_right_front_left,D,right,0,front_left,,39,167.9000,344.1000,158.6000,169.1000,76.9000,0.0000,343.4000,281.0000,22.6000,0.0000,98.9000,0.0000,119.5000,0.0000,-0.88000,0.01100,0.35300,2.19000,2.92000,7.52000,0.30700,-0.04300,0.90500,-6.92000,0.02000,-7.44000,13.2,3.8,0.0,1.0,0.626846,0.084021,1.568850,-0.311882,-0.546856,2.284854,-0.089600,0.486000,0.869300,0.003200,0.133500,0.542300,0.828800,0.034500,0.654921,0.484771,1.453340,-0.100836,0.013868,1.408864,-2.788325,-1.425180,-1.387626,-0.194936,3.254303,0.570895,1.022248,-0.710242,2.239845,0.767179,2.133299,-0.556394,-1.174809,1.507891,1,0,1.0000,1.0000,1,1,0,0,0.0000,0.0000,,,,,9420,9314,2353,1865,6486,7347,2934,1818,0,149,0.42278,-0.05114,0
1786019127.3685,D_right_front_left,D,right,0,front_left,,40,167.9000,344.1000,158.6000,169.1000,76.9000,0.0000,343.4000,281.0000,22.6000,0.0000,98.9000,0.0000,119.5000,0.0000,-0.88000,0.01100,0.35300,2.19000,2.92000,7.52000,0.30700,-0.04300,0.90500,-6.92000,0.02000,-7.44000,13.2,3.8,0.0,1.0,0.626846,0.084021,1.568850,-0.311882,-0.546856,2.284854,-0.089600,0.486000,0.869300,0.003200,0.133500,0.542300,0.828800,0.034500,0.674967,0.480681,1.449653,-0.100836,0.013868,1.408864,-2.787301,-1.424160,-1.387617,-0.195960,3.253527,0.569871,1.021224,-0.710242,2.239845,0.767179,2.133299,-0.556394,-1.174809,1.507891,1,0,1.0000,1.0000,1,1,0,0,0.0000,0.0000,,,,,129066,125765,2363,1905,125762,123760,3304,1858,0,147,0.42278,-0.05114,0
1786019127.3860,D_right_front_left,D,right,0,front_left,,41,167.9000,344.1000,158.6000,169.1000,76.9000,0.0000,343.4000,281.0000,22.6000,0.0000,98.9000,0.0000,119.5000,0.0000,-0.88000,0.01100,0.35300,2.19000,2.92000,7.52000,0.30700,-0.04300,0.90500,-6.92000,0.02000,-7.44000,13.2,4.5,0.0,1.0,0.626846,0.084021,1.568850,-0.311882,-0.546856,2.284854,-0.089600,0.486000,0.869300,0.003200,0.133500,0.542300,0.828800,0.034500,0.674967,0.480681,1.449653,-0.100836,0.013868,1.408864,-2.785914,-1.422778,-1.387604,-0.197347,3.252476,0.568484,1.019837,-0.710242,2.239845,0.767179,2.133299,-0.556394,-1.174809,1.507891,1,0,1.0000,1.0000,1,1,0,0,0.0000,0.0000,,,,,9420,9314,2353,1865,6486,7347,2934,1818,0,149,0.42278,-0.05114,0
1786019127.4076,D_right_front_left,D,right,0,front_left,,42,167.9000,344.1000,158.7000,169.1000,72.9000,0.0000,343.4000,280.8000,22.3000,0.0000,98.9000,0.0000,119.2000,0.0000,-0.89100,0.03100,0.34700,2.30000,3.47000,3.41000,0.25600,0.05800,0.88900,5.61000,-0.73000,-10.04000,13.2,4.5,0.0,1.0,1.086588,1.268139,1.619413,-0.311882,-0.546856,2.284854,-0.089600,0.486000,0.869300,0.003200,0.133500,0.542300,0.828800,0.034500,0.674967,0.480681,1.449653,-0.100836,0.013868,1.408864,-2.784869,-1.421737,-1.387594,-0.198392,3.251684,0.567439,1.018792,-0.710242,2.239845,0.767179,2.133299,-0.556394,-1.174809,1.507891,1,0,1.0000,1.0000,1,1,0,0,0.0000,0.0000,,,,,9420,9314,2353,1865,6486,7347,2934,1818,0,149,0.42278,-0.05114,0
1786019127.4430,D_right_front_left,D,right,0,front_left,,43,167.9000,344.1000,158.7000,168.8000,73.8000,0.0000,343.4000,280.7000,22.3000,0.0000,98.8000,0.0000,119.3000,0.0000,-0.89200,0.01800,0.35200,0.03000,1.69000,-1.97000,0.28300,0.02600,0.89400,-3.27000,-3.05000,-7.52000,12.7,2.9,0.0,1.0,0.635500,0.490544,1.440052,-1.063210,-0.525860,2.644323,-0.089600,0.486000,0.869300,0.003200,0.133500,0.542300,0.828800,0.034500,0.717126,0.470078,1.442141,-0.100836,0.013868,1.408864,-2.784161,-1.421032,-1.387588,-0.199099,3.251148,0.566731,1.018084,-0.710242,2.239845,0.767179,2.133299,-0.556394,-1.174809,1.507891,0,0,1.0000,1.0000,1,1,0,0,0.0000,0.0000,,,,,129066,125765,2363,1905,125762,123760,3304,1858,0,147,0.42278,-0.05114,0
1786019127.4476,D_right_front_left,D,right,0,front_left,,44,167.9000,344.1000,158.7000,168.8000,73.8000,0.0000,343.4000,280.7000,22.3000,0.0000,98.8000,0.0000,119.3000,0.0000,-0.89200,0.01800,0.35200,0.03000,1.69000,-1.97000,0.28300,0.02600,0.89400,-3.27000,-3.05000,-7.52000,12.7,2.9,0.0,1.0,0.635500,0.490544,1.440052,-1.063210,-0.525860,2.644323,-0.089600,0.486000,0.869300,0.003200,0.133500,0.542300,0.828800,0.034500,0.717126,0.470078,1.442141,-0.100836,0.013868,1.408864,-2.784161,-1.421032,-1.387588,-0.199099,3.251148,0.566731,1.018084,-0.710242,2.239845,0.767179,2.133299,-0.556394,-1.174809,1.507891,0,0,1.0000,1.0000,1,1,0,0,0.0000,0.0000,,,,,129066,125765,2363,1905,125762,123760,3304,1858,0,147,0.42278,-0.05114,0
1786019127.4659,D_right_front_left,D,right,0,front_left,,45,167.9000,344.1000,158.7000,168.9000,73.6000,0.0000,343.4000,280.7000,22.3000,0.0000,98.8000,0.0000,119.3000,0.0000,-0.88900,0.02200,0.35300,0.88000,0.21000,-2.98000,0.29100,0.00000,0.90200,-2.52000,-1.30000,-6.81000,13.1,3.6,0.0,1.0,0.627070,0.084029,1.568980,-0.194738,-0.929557,1.933434,-0.089600,0.486000,0.869300,0.003200,0.133500,0.542300,0.828800,0.034500,0.717126,0.470078,1.442141,-0.100836,0.013868,1.408864,-2.783822,-1.420694,-1.387585,-0.199439,3.250891,0.566392,1.017745,-0.710242,2.239845,0.767179,2.133299,-0.556394,-1.174809,1.507891,1,0,1.0000,1.0000,1,1,0,0,0.0000,0.0000,,,,,9420,9314,2353,1865,6486,7347,2934,1818,0,149,0.42278,-0.05114,0
1786019127.4880,D_right_front_left,D,right,0,front_left,,46,167.9000,344.1000,158.7000,168.9000,73.6000,0.0000,343.4000,280.7000,22.3000,0.0000,98.8000,0.0000,119.3000,0.0000,-0.88900,0.02200,0.35300,0.88000,0.21000,-2.98000,0.29100,0.00000,0.90200,-2.52000,-1.30000,-6.81000,13.1,3.6,0.0,1.0,0.627070,0.084029,1.568980,-0.194738,-0.929557,1.933434,-0.089600,0.486000,0.869300,0.003200,0.133500,0.542300,0.828800,0.034500,0.717126,0.470078,1.442141,-0.100836,0.013868,1.408864,-2.783123,-1.419998,-1.387578,-0.200138,3.250362,0.565693,1.017046,-0.710242,2.239845,0.767179,2.133299,-0.556394,-1.174809,1.507891,1,0,1.0000,1.0000,1,1,0,0,0.0000,0.0000,,,,,9420,9314,2353,1865,6486,7347,2934,1818,0,149,0.42278,-0.05114,0
1786019127.5281,D_right_front_left,D,right,0,front_left,,47,167.9000,344.1000,158.7000,168.9000,73.6000,0.0000,343.4000,280.7000,22.3000,0.0000,98.8000,0.0000,119.3000,0.0000,-0.88900,0.02200,0.35300,0.88000,0.21000,-2.98000,0.29100,0.00000,0.90200,-2.52000,-1.30000,-6.81000,13.1,3.6,0.0,1.0,0.627070,0.084029,1.568980,-0.194738,-0.929557,1.933434,-0.089600,0.486000,0.869300,0.003200,0.133500,0.542300,0.828800,0.034500,0.758294,0.457043,1.434848,-0.100836,0.013868,1.408864,-2.782077,-1.418956,-1.387568,-0.201184,3.249569,0.564647,1.016000,-0.710242,2.239845,0.767179,2.133299,-0.556394,-1.174809,1.507891,1,0,1.0000,1.0000,1,1,0,0,0.0000,0.0000,,,,,129066,125765,2363,1905,125762,123760,3304,1858,0,147,0.42278,-0.05114,0
1786019127.5295,D_right_front_left,D,right,0,front_left,,48,167.9000,344.1000,158.7000,168.9000,73.6000,0.0000,343.4000,280.7000,22.3000,0.0000,98.8000,0.0000,119.3000,0.0000,-0.88900,0.02200,0.35300,0.88000,0.21000,-2.98000,0.29100,0.00000,0.90200,-2.52000,-1.30000,-6.81000,13.1,3.6,0.0,1.0,0.627070,0.084029,1.568980,-0.194738,-0.929557,1.933434,-0.089600,0.486000,0.869300,0.003200,0.133500,0.542300,0.828800,0.034500,0.758294,0.457043,1.434848,-0.100836,0.013868,1.408864,-2.782077,-1.418956,-1.387568,-0.201184,3.249569,0.564647,1.016000,-0.710242,2.239845,0.767179,2.133299,-0.556394,-1.174809,1.507891,1,0,1.0000,1.0000,1,1,0,0,0.0000,0.0000,,,,,129066,125765,2363,1905,125762,123760,3304,1858,0,147,0.42278,-0.05114,0
1786019127.5485,D_right_front_left,D,right,0,front_left,,49,167.9000,344.1000,158.7000,168.9000,73.6000,0.0000,343.4000,280.7000,22.3000,0.0000,98.8000,0.0000,119.3000,0.0000,-0.88900,0.02200,0.35300,0.88000,0.21000,-2.98000,0.29100,0.00000,0.90200,-2.52000,-1.30000,-6.81000,13.1,3.6,0.0,1.0,0.627070,0.084029,1.568980,-0.194738,-0.929557,1.933434,-0.089600,0.486000,0.869300,0.003200,0.133500,0.542300,0.828800,0.034500,0.758294,0.457043,1.434848,-0.100836,0.013868,1.408864,-2.780270,-1.417156,-1.387552,-0.202991,3.248200,0.562840,1.014193,-0.710242,2.239845,0.767179,2.133299,-0.556394,-1.174809,1.507891,1,0,1.0000,1.0000,1,1,0,0,0.0000,0.0000,,,,,9420,9314,2353,1865,6486,7347,2934,1818,0,149,0.42278,-0.05114,0
1786019127.5683,D_right_front_left,D,right,0,front_left,,50,167.9000,344.1000,158.7000,168.9000,73.6000,0.0000,343.4000,280.7000,22.3000,0.0000,98.8000,0.0000,119.3000,0.0000,-0.88900,0.02200,0.35300,0.88000,0.21000,-2.98000,0.29100,0.00000,0.90200,-2.52000,-1.30000,-6.81000,13.1,3.6,0.0,1.0,0.627070,0.084029,1.568980,-0.194738,-0.929557,1.933434,-0.089600,0.486000,0.869300,0.003200,0.133500,0.542300,0.828800,0.034500,0.758294,0.457043,1.434848,-0.100836,0.013868,1.408864,-2.779976,-1.416864,-1.387549,-0.203284,3.247978,0.562546,1.013899,-0.710242,2.239845,0.767179,2.133299,-0.556394,-1.174809,1.507891,1,0,1.0000,1.0000,1,1,0,0,0.0000,0.0000,,,,,9420,125765,2353,1905,6486,123760,2934,1858,0,147,0.42278,-0.05114,0
1786019127.5862,D_right_front_left,D,right,0,front_left,,51,168.0000,344.1000,158.7000,169.1000,75.0000,0.0000,343.4000,280.7000,22.3000,0.0000,98.8000,0.0000,119.3000,0.0000,-0.84200,0.01200,0.35300,6.09000,4.68000,0.41000,0.29100,0.00000,0.90200,-2.52000,-1.30000,-6.81000,13.1,3.6,0.0,1.0,0.625737,0.083679,1.568617,-0.194738,-0.929557,1.933434,-0.089600,0.486000,0.869300,0.003200,0.133500,0.542300,0.828800,0.034500,0.798049,0.441767,1.428010,-0.100836,0.013868,1.408864,-2.773646,-1.410534,-1.389485,-0.209614,3.242104,0.556217,1.009860,-0.710242,2.239845,0.767179,2.133299,-0.556394,-1.174809,1.507891,1,0,1.0000,1.0000,1,1,0,0,0.0000,0.0000,,,,,9420,125765,2353,1905,6486,123760,2934,1858,0,147,0.42278,-0.05114,0
1786019127.6082,D_right_front_left,D,right,0,front_left,,52,168.0000,344.1000,158.7000,169.1000,76.3000,0.0000,343.4000,280.7000,22.3000,0.0000,98.8000,0.0000,119.3000,0.0000,-0.85800,0.01200,0.36300,5.20000,7.08000,3.89000,0.29100,0.00000,0.90200,-2.52000,-1.30000,-6.81000,13.1,3.6,0.0,1.0,0.635500,0.490544,1.440052,-0.194738,-0.929557,1.933434,-0.089600,0.486000,0.869300,0.003200,0.133500,0.542300,0.828800,0.034500,0.798049,0.441767,1.428010,-0.100836,0.013868,1.408864,-2.773646,-1.410534,-1.389485,-0.209614,3.242104,0.556217,1.009860,-0.710242,2.239845,0.767179,2.133299,-0.556394,-1.174809,1.507891,0,0,1.0000,1.0000,1,1,0,0,0.0000,0.0000,,,,,9420,9314,2353,1865,6486,7347,2934,1818,0,149,0.42278,-0.05114,0
1786019127.6271,D_right_front_left,D,right,0,front_left,,53,168.0000,344.2000,158.7000,169.1000,77.0000,0.0000,343.4000,2806.0000,22.5000,0.0000,98.7000,0.0000,119.8000,0.0000,-0.87200,0.01900,0.36300,4.19000,8.50000,5.06000,0.28800,0.05300,0.94400,1.09000,-13.24000,-22.92000,13.5,3.3,0.0,1.0,1.085409,1.267922,1.619022,-1.063210,-0.525860,2.644323,-0.089600,0.486000,0.869300,0.003200,0.133500,0.542300,0.828800,0.034500,0.798049,0.441767,1.428010,-0.100836,0.013868,1.408864,-2.761374,-1.398261,-1.394152,-0.221886,3.229813,0.543944,1.002280,-0.710242,2.239845,0.767179,2.133299,-0.556394,-1.174809,1.507891,1,0,1.0000,1.0000,1,1,0,0,0.0000,0.0000,,,,,9420,9314,2354,1865,6486,7347,2934,1818,0,149,0.42278,-0.05114,0
1786019127.6477,D_right_front_left,D,right,0,front_left,,54,168.0000,344.2000,158.7000,169.1000,77.0000,0.0000,343.4000,2806.0000,22.5000,0.0000,98.7000,0.0000,119.8000,0.0000,-0.87200,0.01900,0.36300,4.19000,8.50000,5.06000,0.28800,0.05300,0.94400,1.09000,-13.24000,-22.92000,13.5,3.3,0.0,1.0,1.085409,1.267922,1.619022,-1.063210,-0.525860,2.644323,-0.089600,0.486000,0.869300,0.003200,0.133500,0.542300,0.828800,0.034500,0.798049,0.441767,1.428010,-0.100836,0.013868,1.408864,-2.761374,-1.398261,-1.394152,-0.221886,3.229813,0.543944,1.002280,-0.710242,2.239845,0.767179,2.133299,-0.556394,-1.174809,1.507891,1,0,1.0000,1.0000,1,1,0,0,0.0000,0.0000,,,,,9420,9314,2354,1865,6486,7347,2934,1818,0,149,0.42278,-0.05114,0
1786019127.6739,D_right_front_left,D,right,0,front_left,,55,168.0000,344.2000,158.7000,169.1000,77.0000,0.0000,343.4000,280.6000,22.6000,0.0000,98.7000,0.0000,120.1000,0.0000,-0.87200,0.01900,0.36300,4.19000,8.50000,5.06000,0.36300,0.02200,0.92800,-4.31000,-17.77000,-21.41000,13.2,4.6,0.0,1.0,1.085409,1.267922,1.619022,-0.311882,-0.546856,2.284854,-0.089600,0.486000,0.869300,0.003200,0.133500,0.542300,0.828800,0.034500,0.831063,0.426917,1.422604,-0.100836,0.013868,1.408864,-2.748785,-1.385672,-1.398940,-0.234476,3.217204,0.531355,0.994505,-0.710242,2.239845,0.767179,2.133299,-0.556394,-1.174809,1.507891,1,0,1.0000,1.0000,1,1,0,0,0.0000,0.0000,,,,,9420,125765,2354,1905,6486,123760,2934,1858,0,147,0.42278,-0.05114,0
1786019127.6861,D_right_front_left,D,right,0,front_left,,56,168.0000,344.2000,158.7000,169.1000,77.0000,0.0000,343.4000,280.6000,22.6000,0.0000,98.7000,0.0000,120.1000,0.0000,-0.87200,0.01900,0.36300,4.19000,8.50000,5.06000,0.36300,0.02200,0.92800,-4.31000,-17.77000,-21.41000,13.2,4.6,0.0,1.0,1.085409,1.267922,1.619022,-0.311882,-0.546856,2.284854,-0.089600,0.486000,0.869300,0.003200,0.133500,0.542300,0.828800,0.034500,0.831063,0.426917,1.422604,-0.100836,0.013868,1.408864,-2.743653,-1.380540,-1.400892,-0.239608,3.212064,0.526223,0.991336,-0.710242,2.239845,0.767179,2.133299,-0.556394,-1.174809,1.507891,1,0,1.0000,1.0000,1,1,0,0,0.0000,0.0000,,,,,129066,125765,2364,1905,125762,123760,3304,1858,0,147,0.42278,-0.05114,0
1786019127.7106,D_right_front_left,D,right,0,front_left,,57,168.0000,344.2000,158.7000,169.1000,77.0000,0.0000,343.4000,280.6000,22.6000,0.0000,98.7000,0.0000,120.1000,0.0000,-0.87200,0.01900,0.36300,4.19000,8.50000,5.06000,0.36300,0.02200,0.92800,-4.31000,-17.77000,-21.41000,13.2,4.6,0.0,1.0,1.085409,1.267922,1.619022,-0.311882,-0.546856,2.284854,-0.089600,0.486000,0.869300,0.003200,0.133500,0.542300,0.828800,0.034500,0.831063,0.426917,1.422604,-0.100836,0.013868,1.408864,-2.725341,-1.362228,-1.407855,-0.257919,3.193724,0.507911,0.980026,-0.710242,2.239845,0.767179,2.133299,-0.556394,-1.174809,1.507891,1,0,1.0000,1.0000,1,1,0,0,0.0000,0.0000,,,,,129066,9314,2364,1866,125762,7347,3304,1818,0,149,0.42278,-0.05114,0
1786019127.7436,D_right_front_left,D,right,0,front_left,,58,167.9000,344.1000,158.7000,169.1000,67.8000,0.0000,343.5000,278.6000,23.7000,0.0000,98.7000,0.0000,121.6000,0.0000,-0.91000,30.00000,0.32300,5.00000,1.90000,4.98000,0.31200,-0.06300,0.84500,-18.78000,-27.02000,-53.49000,12.3,3.6,0.0,1.0,0.624812,0.083404,1.568362,-1.063210,-0.525860,2.644323,-0.089600,0.486000,0.869300,0.003200,0.133500,0.542300,0.828800,0.034500,0.829775,0.427545,1.422673,-0.100836,0.013868,1.408864,-2.701686,-1.338573,-1.416851,-0.281575,3.170033,0.484256,0.965417,-0.710242,2.239845,0.767179,2.133299,-0.556394,-1.174809,1.507891,1,0,1.0000,1.0000,1,1,0,0,0.0000,0.0000,,,,,129066,9314,2364,1866,125762,7347,3304,1818,0,149,0.42278,-0.05114,0
1786019127.7475,D_right_front_left,D,right,0,front_left,,59,167.9000,344.1000,158.7000,169.1000,67.8000,0.0000,343.5000,278.6000,23.7000,0.0000,98.7000,0.0000,121.6000,0.0000,-0.91000,30.00000,0.32300,5.00000,1.90000,4.98000,0.31200,-0.06300,0.84500,-18.78000,-27.02000,-53.49000,12.3,3.6,0.0,1.0,0.624812,0.083404,1.568362,-1.063210,-0.525860,2.644323,-0.089600,0.486000,0.869300,0.003200,0.133500,0.542300,0.828800,0.034500,0.829775,0.427545,1.422673,-0.100836,0.013868,1.408864,-2.701686,-1.338573,-1.416851,-0.281575,3.170033,0.484256,0.965417,-0.710242,2.239845,0.767179,2.133299,-0.556394,-1.174809,1.507891,1,0,1.0000,1.0000,1,1,0,0,0.0000,0.0000,,,,,129066,9314,2364,1866,125762,7347,3304,1818,0,149,0.42278,-0.05114,0
1786019127.7720,D_right_front_left,D,right,0,front_left,,60,167.9000,344.2000,158.7000,169.1000,65.2000,0.0000,343.5000,278.1000,23.9000,0.0000,98.7000,0.0000,122.8000,0.0000,-0.88300,0.04100,0.31700,2.66000,4.79000,-4.66000,0.26200,-0.00300,0.87500,-15.57000,-27.46000,-67.54000,13.6,2.9,0.0,1.0,1.088416,1.268736,1.619862,-0.311882,-0.546856,2.284854,-0.089600,0.486000,0.869300,0.003200,0.133500,0.542300,0.828800,0.034500,0.829775,0.427545,1.422673,-0.100836,0.013868,1.408864,-2.689570,-1.326457,-1.421459,-0.293691,3.157898,0.472140,0.957934,-0.710242,2.239845,0.767179,2.133299,-0.556394,-1.174809,1.507891,1,0,1.0000,1.0000,1,1,0,0,0.0000,0.0000,,,,,129066,9314,2364,1866,125762,7347,3304,1818,0,149,0.42278,-0.05114,0
1786019127.7907,D_right_front_left,D,right,0,front_left,,61,167.9000,344.2000,158.7000,169.1000,65.2000,0.0000,343.5000,278.1000,23.9000,0.0000,98.7000,0.0000,122.8000,0.0000,-0.88300,0.04100,0.31700,2.66000,4.79000,-4.66000,0.26200,-0.00300,0.87500,-15.57000,-27.46000,-67.54000,13.6,2.9,0.0,1.0,1.088416,1.268736,1.619862,-0.311882,-0.546856,2.284854,-0.089600,0.486000,0.869300,0.003200,0.133500,0.542300,0.828800,0.034500,0.829775,0.427545,1.422673,-0.100836,0.013868,1.408864,-2.677782,-1.314669,-1.425942,-0.305479,3.146092,0.460352,0.950654,-0.710242,2.239845,0.767179,2.133299,-0.556394,-1.174809,1.507891,1,0,1.0000,1.0000,1,1,0,0,0.0000,0.0000,,,,,9421,9314,2354,1866,6487,7347,2934,1818,0,149,0.49254,-0.05114,0
1786019127.8102,D_right_front_left,D,right,0,front_left,,62,167.9000,344.2000,158.7000,169.1000,65.2000,0.0000,343.5000,278.1000,23.9000,0.0000,98.7000,0.0000,122.8000,0.0000,-0.88300,0.04100,0.31700,2.66000,4.79000,-4.66000,0.26200,-0.00300,0.87500,-15.57000,-27.46000,-67.54000,13.6,2.9,0.0,1.0,1.088416,1.268736,1.619862,-0.311882,-0.546856,2.284854,-0.089600,0.486000,0.869300,0.003200,0.133500,0.542300,0.828800,0.034500,0.828565,0.428132,1.422739,-0.100836,0.013868,1.408864,-2.664867,-1.301754,-1.430853,-0.318393,3.133158,0.447437,0.942677,-0.710242,2.239845,0.767179,2.133299,-0.556394,-1.174809,1.507891,1,0,1.0000,1.0000,1,1,0,0,0.0000,0.0000,,,,,9421,125765,2354,1906,6487,123760,2934,1858,0,147,0.49254,-0.05114,0
1786019127.8277,D_right_front_left,D,right,0,front_left,,63,167.9000,344.2000,158.7000,169.1000,65.2000,0.0000,343.5000,278.1000,23.9000,0.0000,98.7000,0.0000,122.8000,0.0000,-0.88300,0.04100,0.31700,2.66000,4.79000,-4.66000,0.26200,-0.00300,0.87500,-15.57000,-27.46000,-67.54000,13.6,2.9,0.0,1.0,1.088416,1.268736,1.619862,-0.311882,-0.546856,2.284854,-0.089600,0.486000,0.869300,0.003200,0.133500,0.542300,0.828800,0.034500,0.828565,0.428132,1.422739,-0.100836,0.013868,1.408864,-2.647452,-1.284339,-1.437476,-0.335809,3.115716,0.430022,0.931922,-0.710242,2.239845,0.767179,2.133299,-0.556394,-1.174809,1.507891,1,0,1.0000,1.0000,1,1,0,0,0.0000,0.0000,,,,,129066,125765,2364,1906,125762,123760,3304,1858,0,147,0.42278,-0.05114,0
1786019127.8477,D_right_front_left,D,right,0,front_left,,64,167.9000,344.2000,158.7000,169.1000,65.2000,0.0000,343.5000,278.1000,23.9000,0.0000,98.7000,0.0000,122.8000,0.0000,-0.88300,0.04100,0.31700,2.66000,4.79000,-4.66000,0.26200,-0.00300,0.87500,-15.57000,-27.46000,-67.54000,14.1,1.2,0.0,1.0,0.635500,0.490544,1.440052,-0.311882,-0.546856,2.284854,-0.089600,0.486000,0.869300,0.003200,0.133500,0.542300,0.828800,0.034500,0.828565,0.428132,1.422739,-0.100836,0.013868,1.408864,-2.623853,-1.260740,-1.446450,-0.359407,3.092081,0.406423,0.917347,-0.710242,2.239845,0.767179,2.133299,-0.556394,-1.174809,1.507891,1,0,1.0000,1.0000,1,1,0,0,0.0000,0.0000,,,,,129066,125765,2365,1906,125762,123760,3304,1858,0,147,0.42278,-0.05114,0
1786019127.8850,D_right_front_left,D,right,0,front_left,,65,168.0000,344.1000,158.7000,169.2000,74.0000,0.0000,343.4000,277.1000,23.9000,0.0000,98.9000,0.0000,128.0000,0.0000,-0.86300,-0.00300,0.35200,-0.38000,-2.18000,2.98000,0.26600,0.01500,0.85000,-11.37000,10.18000,-77.63000,14.1,1.2,0.0,1.0,0.635500,0.490544,1.440052,-1.063210,-0.525860,2.644323,-0.089600,0.486000,0.869300,0.003200,0.133500,0.542300,0.828800,0.034500,0.827322,0.428733,1.422807,-0.100836,0.013868,1.408864,-2.605587,-1.242474,-1.453397,-0.377674,3.073786,0.388157,0.906066,-0.710242,2.239845,0.767179,2.133299,-0.556394,-1.174809,1.507891,0,0,1.0000,1.0000,1,1,0,0,0.0000,0.0000,,,,,9421,9314,2355,1866,6487,7347,2934,1818,0,149,0.49254,-0.05114,0
1786019127.8854,D_right_front_left,D,right,0,front_left,,66,168.0000,344.1000,158.7000,169.2000,74.0000,0.0000,343.4000,277.1000,23.9000,0.0000,98.9000,0.0000,128.0000,0.0000,-0.86300,-0.00300,0.35200,-0.38000,-2.18000,2.98000,0.26600,0.01500,0.85000,-11.37000,10.18000,-77.63000,14.1,1.2,0.0,1.0,0.635500,0.490544,1.440052,-1.063210,-0.525860,2.644323,-0.089600,0.486000,0.869300,0.003200,0.133500,0.542300,0.828800,0.034500,0.827322,0.428733,1.422807,-0.100836,0.013868,1.408864,-2.605587,-1.242474,-1.453397,-0.377674,3.073786,0.388157,0.906066,-0.710242,2.239845,0.767179,2.133299,-0.556394,-1.174809,1.507891,0,0,1.0000,1.0000,1,1,0,0,0.0000,0.0000,,,,,9421,9314,2355,1866,6487,7347,2934,1818,0,149,0.49254,-0.05114,0
1786019127.9067,D_right_front_left,D,right,0,front_left,,67,168.0000,344.1000,158.7000,169.2000,74.0000,0.0000,343.4000,277.1000,23.9000,0.0000,98.9000,0.0000,128.0000,0.0000,-0.86300,-0.00300,0.35200,-0.38000,-2.18000,2.98000,0.26600,0.01500,0.85000,-11.37000,10.18000,-77.63000,14.1,1.2,0.0,1.0,0.635500,0.490544,1.440052,-1.063210,-0.525860,2.644323,-0.089600,0.486000,0.869300,0.003200,0.133500,0.542300,0.828800,0.034500,0.827322,0.428733,1.422807,-0.100836,0.013868,1.408864,-2.599660,-1.236599,-1.455537,-0.383589,-3.215420,0.382243,0.902403,-0.710242,2.239845,0.767179,2.133299,-0.556394,-1.174809,1.507891,0,0,1.0000,1.0000,1,1,0,0,0.0000,0.0000,,,,,129067,125765,2365,1907,125763,123760,3304,1858,0,147,0.50710,-0.05114,0
1786019127.9259,D_right_front_left,D,right,0,front_left,,68,168.0000,344.1000,158.7000,169.2000,74.0000,0.0000,343.4000,277.1000,23.9000,0.0000,98.9000,0.0000,128.0000,0.0000,-0.86300,-0.00300,0.35200,-0.38000,-2.18000,2.98000,0.26600,0.01500,0.85000,-11.37000,10.18000,-77.63000,14.1,1.2,0.0,1.0,0.635500,0.490544,1.440052,-1.063210,-0.525860,2.644323,-0.089600,0.486000,0.869300,0.003200,0.133500,0.542300,0.828800,0.034500,0.827322,0.428733,1.422807,-0.100836,0.013868,1.408864,-2.600344,-1.237390,-1.455049,-0.382880,-3.214905,0.382952,0.902822,-0.710242,2.239845,0.767179,2.133299,-0.556394,-1.174809,1.507891,0,0,1.0000,1.0000,1,1,0,0,0.0000,0.0000,,,,,9422,125765,2355,1907,6488,123760,2934,1858,0,147,0.50710,-0.05114,0
1786019127.9482,D_right_front_left,D,right,0,front_left,,69,168.0000,344.1000,158.7000,169.2000,74.0000,0.0000,343.4000,277.1000,23.9000,0.0000,98.9000,0.0000,128.0000,0.0000,-0.86300,-0.00300,0.35200,-0.38000,-2.18000,2.98000,0.26600,0.01500,0.85000,-11.37000,10.18000,-77.63000,14.1,1.2,0.0,1.0,0.635500,0.490544,1.440052,-1.063210,-0.525860,2.644323,-0.089600,0.486000,0.869300,0.003200,0.133500,0.542300,0.828800,0.034500,0.805691,0.438725,1.424098,-0.100836,0.013868,1.408864,-2.600522,-1.237596,-1.454922,-0.382696,-3.214772,0.383137,0.902931,-0.710242,2.239845,0.767179,2.133299,-0.556394,-1.174809,1.507891,0,0,1.0000,1.0000,1,1,0,0,0.0000,0.0000,,,,,129067,9314,2365,1867,125763,7347,3304,1818,0,149,0.50710,-0.05114,0
1786019127.9687,D_right_front_left,D,right,0,front_left,,70,168.0000,344.1000,158.7000,169.2000,74.0000,0.0000,343.4000,277.1000,23.9000,0.0000,98.9000,0.0000,128.0000,0.0000,-0.86300,-0.00300,0.35200,-0.38000,-2.18000,2.98000,0.26600,0.01500,0.85000,-11.37000,10.18000,-77.63000,14.1,1.2,0.0,1.0,0.635500,0.490544,1.440052,-1.063210,-0.525860,2.644323,-0.089600,0.486000,0.869300,0.003200,0.133500,0.542300,0.828800,0.034500,0.805691,0.438725,1.424098,-0.100836,0.013868,1.408864,-2.600858,-1.237985,-1.454682,-0.382347,-3.214518,0.383486,0.903137,-0.710242,2.239845,0.767179,2.133299,-0.556394,-1.174809,1.507891,0,0,1.0000,1.0000,1,1,0,0,0.0000,0.0000,,,,,129067,9314,2365,1867,125763,7347,3304,1818,0,149,0.50710,-0.05114,0
1786019127.9861,D_right_front_left,D,right,0,front_left,,71,168.0000,344.1000,158.7000,169.2000,74.0000,0.0000,343.4000,277.1000,23.9000,0.0000,98.9000,0.0000,128.0000,0.0000,-0.86300,-0.00300,0.35200,-0.38000,-2.18000,2.98000,0.26600,0.01500,0.85000,-11.37000,10.18000,-77.63000,14.1,1.2,0.0,1.0,0.635500,0.490544,1.440052,-1.063210,-0.525860,2.644323,-0.089600,0.486000,0.869300,0.003200,0.133500,0.542300,0.828800,0.034500,0.805691,0.438725,1.424098,-0.100836,0.013868,1.408864,-2.601542,-1.238775,-1.454194,-0.381639,-3.214004,0.384195,0.903555,-0.710242,2.239845,0.767179,2.133299,-0.556394,-1.174809,1.507891,0,0,1.0000,1.0000,1,1,0,0,0.0000,0.0000,,,,,9422,9314,2355,1867,6488,7347,2934,1818,0,149,0.50710,-0.05114,0
1786019128.0125,D_right_front_left,D,right,0,front_left,,72,168.0000,344.1000,158.7000,169.2000,74.0000,0.0000,343.4000,277.1000,23.9000,0.0000,98.9000,0.0000,128.0000,0.0000,-0.86300,-0.00300,0.35200,-0.38000,-2.18000,2.98000,0.26600,0.01500,0.85000,-11.37000,10.18000,-77.63000,14.1,1.2,0.0,1.0,0.635500,0.490544,1.440052,-1.063210,-0.525860,2.644323,-0.089600,0.486000,0.869300,0.003200,0.133500,0.542300,0.828800,0.034500,0.768294,0.454049,1.426861,-0.100836,0.013868,1.408864,-2.602234,-1.239575,-1.453701,-0.380922,-3.213483,0.384913,0.903979,-0.710242,2.239845,0.767179,2.133299,-0.556394,-1.174809,1.507891,0,0,1.0000,1.0000,1,1,0,0,0.0000,0.0000,,,,,9422,125765,2355,1908,6488,123760,2934,1858,0,147,0.50710,-0.05114,0
1786019128.0329,D_right_front_left,D,right,0,front_left,,73,168.0000,344.1000,158.7000,169.2000,74.0000,0.0000,343.4000,277.1000,23.9000,0.0000,98.9000,0.0000,128.0000,0.0000,-0.86300,-0.00300,0.35200,-0.38000,-2.18000,2.98000,0.26600,0.01500,0.85000,-11.37000,10.18000,-77.63000,14.1,1.2,0.0,1.0,0.635500,0.490544,1.440052,-1.063210,-0.525860,2.644323,-0.089600,0.486000,0.869300,0.003200,0.133500,0.542300,0.828800,0.034500,0.768294,0.454049,1.426861,-0.100836,0.013868,1.408864,-2.602563,-1.239955,-1.453467,-0.380582,-3.213236,0.385253,0.904180,-0.710242,2.239845,0.767179,2.133299,-0.556394,-1.174809,1.507891,0,0,1.0000,1.0000,1,1,0,0,0.0000,0.0000,,,,,9422,125765,2355,1908,6488,123760,2934,1858,0,147,0.50710,-0.05114,0
1786019128.0492,D_right_front_left,D,right,0,front_left,,74,168.0000,344.1000,158.7000,169.2000,74.0000,0.0000,343.4000,277.1000,23.9000,0.0000,98.9000,0.0000,128.0000,0.0000,-0.86300,-0.00300,0.35200,-0.38000,-2.18000,2.98000,0.26600,0.01500,0.85000,-11.37000,10.18000,-77.63000,14.1,1.2,0.0,1.0,0.635500,0.490544,1.440052,-1.063210,-0.525860,2.644323,-0.089600,0.486000,0.869300,0.003200,0.133500,0.542300,0.828800,0.034500,0.768294,0.454049,1.426861,-0.100836,0.013868,1.408864,-2.602899,-1.240343,-1.453227,-0.380234,-3.212983,0.385602,0.904385,-0.710242,2.239845,0.767179,2.133299,-0.556394,-1.174809,1.507891,0,0,1.0000,1.0000,1,1,0,0,0.0000,0.0000,,,,,9422,125765,2355,1908,6488,123760,2934,1858,0,147,0.50710,-0.05114,0
1786019128.0737,D_right_front_left,D,right,0,front_left,,75,168.0000,344.1000,158.7000,169.2000,74.0000,0.0000,343.4000,277.1000,23.9000,0.0000,98.9000,0.0000,128.0000,0.0000,-0.86300,-0.00300,0.35200,-0.38000,-2.18000,2.98000,0.26600,0.01500,0.85000,-11.37000,10.18000,-77.63000,14.1,1.2,0.0,1.0,0.635500,0.490544,1.440052,-1.063210,-0.525860,2.644323,-0.089600,0.486000,0.869300,0.003200,0.133500,0.542300,0.828800,0.034500,0.729581,0.467465,1.430280,-0.100836,0.013868,1.408864,-2.603239,-1.240736,-1.452984,-0.379882,-3.212727,0.385955,0.904593,-0.710242,2.239845,0.767179,2.133299,-0.556394,-1.174809,1.507891,0,0,1.0000,1.0000,1,1,0,0,0.0000,0.0000,,,,,9422,125765,2355,1908,6488,123760,2934,1858,0,147,0.50710,-0.05114,0
1786019128.0901,D_right_front_left,D,right,0,front_left,,76,167.9000,344.0000,5.0000,169.1000,69.2000,0.0000,343.1000,277.1000,23.9000,0.0000,98.9000,0.0000,128.0000,0.0000,-0.89000,0.03100,0.34100,0.83000,-9.34000,-4.46000,0.26600,0.01500,0.85000,-11.37000,10.18000,-77.63000,14.8,1.7,0.0,1.0,0.635500,0.490544,1.440052,-1.063210,-0.525860,2.644323,-0.089600,0.486000,0.869300,0.003200,0.133500,0.542300,0.828800,0.034500,0.729581,0.467465,1.430280,-0.100836,0.013868,1.408864,-2.608795,-1.247134,-1.448761,-0.374127,-3.208855,0.391720,0.908050,-0.710242,2.239845,0.767179,2.133299,-0.556394,-1.174809,1.507891,0,0,1.0000,1.0000,1,1,0,0,0.0000,0.0000,,,,,129067,9314,2365,1867,125763,7347,3304,1818,0,149,0.50710,-0.05114,0
1786019128.1179,D_right_front_left,D,right,0,front_left,,77,167.9000,344.0000,158.7000,169.1000,66.1000,0.0000,343.2000,278.1000,23.8000,0.0000,98.7000,0.0000,135.5000,0.0000,-0.87700,0.04500,0.31500,1.44000,-6.01000,-3.36000,0.33000,0.06500,0.88100,-8.89000,-9.22000,-24.12000,14.3,1.8,0.0,1.0,1.091284,1.269519,1.620634,-0.311882,-0.546856,2.284854,-0.089600,0.486000,0.869300,0.003200,0.133500,0.542300,0.828800,0.034500,0.729581,0.467465,1.430280,-0.100836,0.013868,1.408864,-2.618857,-1.258717,-1.441083,-0.363706,-3.201880,0.402160,0.914315,-0.710242,2.239845,0.767179,2.133299,-0.556394,-1.174809,1.507891,1,0,1.0000,1.0000,1,1,0,0,0.0000,0.0000,,,,,9422,9314,2355,1867,6488,7347,2934,1818,0,149,0.50710,-0.05114,0
1786019128.1305,D_right_front_left,D,right,0,front_left,,78,167.9000,344.0000,158.7000,169.1000,66.1000,0.0000,343.2000,278.1000,23.8000,0.0000,98.7000,0.0000,135.5000,0.0000,-0.87700,0.04500,0.31500,1.44000,-6.01000,-3.36000,0.33000,0.06500,0.88100,-8.89000,-9.22000,-24.12000,14.3,1.8,0.0,1.0,1.091284,1.269519,1.620634,-0.311882,-0.546856,2.284854,-0.089600,0.486000,0.869300,0.003200,0.133500,0.542300,0.828800,0.034500,0.729581,0.467465,1.430280,-0.100836,0.013868,1.408864,-2.618857,-1.258717,-1.441083,-0.363706,-3.201880,0.402160,0.914315,-0.710242,2.239845,0.767179,2.133299,-0.556394,-1.174809,1.507891,1,0,1.0000,1.0000,1,1,0,0,0.0000,0.0000,,,,,9422,9314,2355,1867,6488,7347,2934,1818,0,149,0.50710,-0.05114,0
1786019128.1769,D_right_front_left,D,right,0,front_left,,79,167.9000,344.0000,158.7000,169.1000,66.9000,0.0000,343.2000,278.3000,23.9000,0.0000,98.7000,0.0000,136.2000,0.0000,-0.88100,0.05100,0.31700,1.67000,-4.81000,-1.48000,0.33200,0.06100,0.87900,-7.65000,-7.96000,-23.66000,14.5,1.5,0.0,1.0,0.628666,0.084384,1.569489,-0.194738,-0.929557,1.933434,-0.089600,0.486000,0.869300,0.003200,0.133500,0.542300,0.828800,0.034500,0.692244,0.478185,1.433980,-0.100836,0.013868,1.408864,-2.628602,-1.269935,-1.433646,-0.353612,-3.195124,0.412272,0.920383,-0.710242,2.239845,0.767179,2.133299,-0.556394,-1.174809,1.507891,1,0,1.0000,1.0000,1,1,0,0,0.0000,0.0000,,,,,129068,9314,2365,1867,125764,7347,3304,1818,0,149,0.46080,-0.05114,0
1786019128.1775,D_right_front_left,D,right,0,front_left,,80,167.9000,344.0000,158.7000,169.1000,66.9000,0.0000,343.2000,278.3000,23.9000,0.0000,98.7000,0.0000,136.2000,0.0000,-0.88100,0.05100,0.31700,1.67000,-4.81000,-1.48000,0.33200,0.06100,0.87900,-7.65000,-7.96000,-23.66000,14.5,1.5,0.0,1.0,0.628666,0.084384,1.569489,-0.194738,-0.929557,1.933434,-0.089600,0.486000,0.869300,0.003200,0.133500,0.542300,0.828800,0.034500,0.692244,0.478185,1.433980,-0.100836,0.013868,1.408864,-2.628602,-1.269935,-1.433646,-0.353612,-3.195124,0.412272,0.920383,-0.710242,2.239845,0.767179,2.133299,-0.556394,-1.174809,1.507891,1,0,1.0000,1.0000,1,1,0,0,0.0000,0.0000,,,,,129068,9314,2365,1867,125764,7347,3304,1818,0,149,0.46080,-0.05114,0
1786019128.2126,D_right_front_left,D,right,0,front_left,,81,167.9000,344.0000,158.7000,169.1000,66.9000,0.0000,343.2000,278.3000,23.9000,0.0000,98.7000,0.0000,136.2000,0.0000,-0.88100,0.05100,0.31700,1.67000,-4.81000,-1.48000,0.33200,0.06100,0.87900,-7.65000,-7.96000,-23.66000,14.5,1.5,0.0,1.0,0.628666,0.084384,1.569489,-0.194738,-0.929557,1.933434,-0.089600,0.486000,0.869300,0.003200,0.133500,0.542300,0.828800,0.034500,0.692244,0.478185,1.433980,-0.100836,0.013868,1.408864,-2.638165,-1.280943,-1.426349,-0.343708,-3.188495,0.422194,0.926338,-0.710242,2.239845,0.767179,2.133299,-0.556394,-1.174809,1.507891,1,0,1.0000,1.0000,1,1,0,0,0.0000,0.0000,,,,,129068,9314,2365,1867,125764,7347,3304,1818,0,149,0.46080,-0.05114,0
1786019128.2131,D_right_front_left,D,right,0,front_left,,82,167.9000,344.0000,158.7000,169.1000,66.9000,0.0000,343.2000,278.3000,23.9000,0.0000,98.7000,0.0000,136.2000,0.0000,-0.88100,0.05100,0.31700,1.67000,-4.81000,-1.48000,0.33200,0.06100,0.87900,-7.65000,-7.96000,-23.66000,14.5,1.5,0.0,1.0,0.628666,0.084384,1.569489,-0.194738,-0.929557,1.933434,-0.089600,0.486000,0.869300,0.003200,0.133500,0.542300,0.828800,0.034500,0.692244,0.478185,1.433980,-0.100836,0.013868,1.408864,-2.638165,-1.280943,-1.426349,-0.343708,-3.188495,0.422194,0.926338,-0.710242,2.239845,0.767179,2.133299,-0.556394,-1.174809,1.507891,1,0,1.0000,1.0000,1,1,0,0,0.0000,0.0000,,,,,129068,9314,2365,1867,125764,7347,3304,1818,0,149,0.46080,-0.05114,0
1786019128.2269,D_right_front_left,D,right,0,front_left,,83,167.9000,344.0000,158.7000,169.1000,66.9000,0.0000,343.2000,278.3000,23.9000,0.0000,98.7000,0.0000,136.2000,0.0000,-0.88100,0.05100,0.31700,1.67000,-4.81000,-1.48000,0.33200,0.06100,0.87900,-7.65000,-7.96000,-23.66000,14.5,1.5,0.0,1.0,0.628666,0.084384,1.569489,-0.194738,-0.929557,1.933434,-0.089600,0.486000,0.869300,0.003200,0.133500,0.542300,0.828800,0.034500,0.692244,0.478185,1.433980,-0.100836,0.013868,1.408864,-2.638165,-1.280943,-1.426349,-0.343708,-3.188495,0.422194,0.926338,-0.710242,2.239845,0.767179,2.133299,-0.556394,-1.174809,1.507891,1,0,1.0000,1.0000,1,1,0,0,0.0000,0.0000,,,,,129068,9314,2365,1867,125764,7347,3304,1818,0,149,0.46080,-0.05114,0
1786019128.2529,D_right_front_left,D,right,0,front_left,,84,168.0000,344.1000,158.7000,169.1000,88.1000,0.0000,343.4000,278.3000,23.9000,0.0000,98.7000,0.0000,136.2000,0.0000,-0.86100,-0.01000,0.37400,3.46000,5.40000,7.25000,0.33200,0.06100,0.87900,-7.65000,-7.96000,-23.66000,13.9,3.6,0.0,1.0,1.086818,1.268396,1.619414,-0.194738,-0.929557,1.933434,-0.089600,0.486000,0.869300,0.003200,0.133500,0.542300,0.828800,0.034500,0.655470,0.486717,1.437876,-0.100836,0.013868,1.408864,-2.653127,-1.298168,-1.414931,-0.328211,-3.178122,0.437720,0.935655,-0.710242,2.239845,0.767179,2.133299,-0.556394,-1.174809,1.507891,1,0,1.0000,1.0000,1,1,0,0,0.0000,0.0000,,,,,9423,125765,2355,1908,6489,123760,2934,1858,0,147,0.46080,-0.05114,0
1786019128.2696,D_right_front_left,D,right,0,front_left,,85,168.0000,344.1000,158.7000,169.1000,88.1000,0.0000,343.4000,278.3000,23.9000,0.0000,98.7000,0.0000,136.2000,0.0000,-0.86100,-0.01000,0.37400,3.46000,5.40000,7.25000,0.33200,0.06100,0.87900,-7.65000,-7.96000,-23.66000,13.9,3.6,0.0,1.0,1.086818,1.268396,1.619414,-0.194738,-0.929557,1.933434,-0.089600,0.486000,0.869300,0.003200,0.133500,0.542300,0.828800,0.034500,0.655470,0.486717,1.437876,-0.100836,0.013868,1.408864,-2.657900,-1.303662,-1.411289,-0.323267,-3.174813,0.442672,0.938627,-0.710242,2.239845,0.767179,2.133299,-0.556394,-1.174809,1.507891,1,0,1.0000,1.0000,1,1,0,0,0.0000,0.0000,,,,,129068,9314,2365,1867,125764,7347,3304,1818,0,149,0.46080,-0.05114,0
1786019128.2907,D_right_front_left,D,right,0,front_left,,86,168.0000,344.1000,158.7000,169.1000,88.1000,0.0000,343.4000,278.3000,23.9000,0.0000,98.7000,0.0000,136.2000,0.0000,-0.86100,-0.01000,0.37400,3.46000,5.40000,7.25000,0.33200,0.06100,0.87900,-7.65000,-7.96000,-23.66000,13.9,3.6,0.0,1.0,1.086818,1.268396,1.619414,-0.194738,-0.929557,1.933434,-0.089600,0.486000,0.869300,0.003200,0.133500,0.542300,0.828800,0.034500,0.655470,0.486717,1.437876,-0.100836,0.013868,1.408864,-2.662675,-1.309159,-1.407645,-0.318322,-3.171503,0.447627,0.941600,-0.710242,2.239845,0.767179,2.133299,-0.556394,-1.174809,1.507891,1,0,1.0000,1.0000,1,1,0,0,0.0000,0.0000,,,,,9423,125765,2355,1908,6489,123760,2934,1858,0,147,0.46080,-0.05114,0
1786019128.3168,D_right_front_left,D,right,0,front_left,,87,168.0000,344.1000,158.7000,169.3000,86.6000,0.0000,343.4000,278.3000,23.9000,0.0000,98.7000,0.0000,136.2000,0.0000,-0.87700,-0.00800,0.38400,2.76000,1.81000,3.24000,0.33200,0.06100,0.87900,-7.65000,-7.96000,-23.66000,14.5,3.5,0.0,1.0,0.625235,0.083503,1.568523,-1.063210,-0.525860,2.644323,-0.089600,0.486000,0.869300,0.003200,0.133500,0.542300,0.828800,0.034500,0.635499,0.490540,1.440052,-0.100836,0.013868,1.408864,-2.672520,-1.320491,-1.400132,-0.308125,-3.164678,0.457842,0.947730,-0.710242,2.239845,0.767179,2.133299,-0.556394,-1.174809,1.507891,1,0,1.0000,1.0000,1,1,0,0,0.0000,0.0000,,,,,9423,9314,2355,1867,6489,7347,2934,1818,0,149,0.46080,-0.05114,0
1786019128.3287,D_right_front_left,D,right,0,front_left,,88,168.0000,344.1000,158.7000,169.2000,86.4000,0.0000,343.4000,280.4000,24.9000,0.0000,98.7000,0.0000,144.2000,0.0000,-0.88300,0.00700,0.37500,2.37000,0.27000,2.27000,0.32000,0.11900,0.87700,2.07000,7.69000,-17.24000,14.2,4.3,0.0,1.0,0.635500,0.490544,1.440052,-1.063210,-0.525860,2.644323,-0.089600,0.486000,0.869300,0.003200,0.133500,0.542300,0.828800,0.034500,0.635499,0.490540,1.440052,-0.100836,0.013868,1.408864,-2.677381,-1.326087,-1.396423,-0.303091,-3.161308,0.462886,0.950757,-0.710242,2.239845,0.767179,2.133299,-0.556394,-1.174809,1.507891,0,0,1.0000,1.0000,1,1,0,0,0.0000,0.0000,,,,,9423,125765,2355,1908,6489,123760,2934,1858,0,147,0.46080,-0.05114,0
1786019128.3518,D_right_front_left,D,right,0,front_left,,89,168.0000,344.1000,158.7000,169.1000,86.8000,0.0000,343.3000,280.6000,24.6000,0.0000,98.8000,0.0000,144.7000,0.0000,-0.87900,0.03100,0.35600,-1.70000,0.75000,2.24000,0.29800,0.08600,0.88100,0.82000,7.42000,-14.59000,14.1,3.5,0.0,1.0,0.635500,0.490544,1.440052,-1.063210,-0.525860,2.644323,-0.089600,0.486000,0.869300,0.003200,0.133500,0.542300,0.828800,0.034500,0.635499,0.490540,1.440052,-0.100836,0.013868,1.408864,-2.692611,-1.343619,-1.384801,-0.287317,-3.150750,0.478689,0.960240,-0.710242,2.239845,0.767179,2.133299,-0.556394,-1.174809,1.507891,0,0,1.0000,1.0000,1,1,0,0,0.0000,0.0000,,,,,9423,9314,2355,1867,6489,7347,2934,1818,0,149,0.46080,-0.05114,0
1786019128.3662,D_right_front_left,D,right,0,front_left,,90,168.0000,344.1000,158.7000,169.1000,86.8000,0.0000,343.3000,280.6000,24.6000,0.0000,98.8000,0.0000,144.7000,0.0000,-0.87900,0.03100,0.35600,-1.70000,0.75000,2.24000,0.29800,0.08600,0.88100,0.82000,7.42000,-14.59000,14.1,3.5,0.0,1.0,0.635500,0.490544,1.440052,-1.063210,-0.525860,2.644323,-0.089600,0.486000,0.869300,0.003200,0.133500,0.542300,0.828800,0.034500,0.635499,0.490540,1.440052,-0.100836,0.013868,1.408864,-2.692611,-1.343619,-1.384801,-0.287317,-3.150750,0.478689,0.960240,-0.710242,2.239845,0.767179,2.133299,-0.556394,-1.174809,1.507891,0,0,1.0000,1.0000,1,1,0,0,0.0000,0.0000,,,,,9423,9314,2355,1867,6489,7347,2934,1818,0,149,0.46080,-0.05114,0
1786019128.3906,D_right_front_left,D,right,0,front_left,,91,168.0000,344.1000,158.7000,169.1000,88.0000,0.0000,33.0000,280.6000,24.6000,0.0000,98.8000,0.0000,144.7000,0.0000,-0.89000,0.02700,0.34200,-0.40000,-0.64000,0.65000,0.29800,0.08600,0.88100,0.82000,7.42000,-14.59000,14.2,1.7,0.0,1.0,0.635500,0.490544,1.440052,-1.063210,-0.525860,2.644323,-0.089600,0.486000,0.869300,0.003200,0.133500,0.542300,0.828800,0.034500,0.635499,0.490540,1.440052,-0.100836,0.013868,1.408864,-2.696902,-1.348560,-1.381526,-0.282872,-3.147775,0.483142,0.962913,-0.710242,2.239845,0.767179,2.133299,-0.556394,-1.174809,1.507891,0,0,1.0000,1.0000,1,1,0,0,0.0000,0.0000,,,,,129068,125765,2365,1908,125764,123760,3304,1858,0,147,0.46080,-0.05114,0
1786019128.4111,D_right_front_left,D,right,0,front_left,,92,168.0000,344.1000,158.7000,169.1000,88.0000,0.0000,33.0000,280.6000,24.6000,0.0000,98.8000,0.0000,144.7000,0.0000,-0.89000,0.02700,0.34200,-0.40000,-0.64000,0.65000,0.29800,0.08600,0.88100,0.82000,7.42000,-14.59000,14.2,1.7,0.0,1.0,0.635500,0.490544,1.440052,-1.063210,-0.525860,2.644323,-0.089600,0.486000,0.869300,0.003200,0.133500,0.542300,0.828800,0.034500,0.635499,0.490540,1.440052,-0.100836,0.013868,1.408864,-2.707302,-1.360531,-1.373590,-0.272101,-3.140566,0.493932,0.969388,-0.710242,2.239845,0.767179,2.133299,-0.556394,-1.174809,1.507891,0,0,1.0000,1.0000,1,1,0,0,0.0000,0.0000,,,,,9423,125765,2355,1908,6489,123760,2934,1858,0,147,0.46080,-0.05114,0
1786019128.4343,D_right_front_left,D,right,0,front_left,,93,168.0000,344.1000,158.7000,169.1000,88.0000,0.0000,33.0000,280.6000,24.6000,0.0000,98.8000,0.0000,144.7000,0.0000,-0.89000,0.02700,0.34200,-0.40000,-0.64000,0.65000,0.29800,0.08600,0.88100,0.82000,7.42000,-14.59000,14.2,1.7,0.0,1.0,0.635500,0.490544,1.440052,-1.063210,-0.525860,2.644323,-0.089600,0.486000,0.869300,0.003200,0.133500,0.542300,0.828800,0.034500,0.635500,0.490543,1.440052,-0.100836,0.013868,1.408864,-2.712224,-1.366198,-1.369833,-0.267002,-3.137153,0.499040,0.972453,-0.710242,2.239845,0.767179,2.133299,-0.556394,-1.174809,1.507891,0,0,1.0000,1.0000,1,1,0,0,0.0000,0.0000,,,,,129068,9314,2366,1867,125764,7347,3304,1818,0,149,0.46080,-0.05114,0
1786019128.4472,D_right_front_left,D,right,0,front_left,,94,168.0000,344.1000,158.7000,169.1000,88.0000,0.0000,33.0000,280.6000,24.6000,0.0000,98.8000,0.0000,144.7000,0.0000,-0.89000,0.02700,0.34200,-0.40000,-0.64000,0.65000,0.29800,0.08600,0.88100,0.82000,7.42000,-14.59000,14.2,1.7,0.0,1.0,0.635500,0.490544,1.440052,-1.063210,-0.525860,2.644323,-0.089600,0.486000,0.869300,0.003200,0.133500,0.542300,0.828800,0.034500,0.635500,0.490543,1.440052,-0.100836,0.013868,1.408864,-2.712224,-1.366198,-1.369833,-0.267002,-3.137153,0.499040,0.972453,-0.710242,2.239845,0.767179,2.133299,-0.556394,-1.174809,1.507891,0,0,1.0000,1.0000,1,1,0,0,0.0000,0.0000,,,,,129068,9314,2366,1867,125764,7347,3304,1818,0,149,0.46080,-0.05114,0
1786019128.4784,D_right_front_left,D,right,0,front_left,,95,168.0000,344.1000,158.5000,169.1000,73.2000,0.0000,343.4000,280.9000,23.8000,0.0000,98.8000,0.0000,145.4000,0.0000,-0.87300,0.03700,0.31900,10.03000,7.43000,5.20000,0.28800,0.14600,0.88900,-5.97000,4.62000,-23.56000,12.8,1.5,0.0,1.0,0.635500,0.490544,1.440052,-1.063210,-0.525860,2.644323,-0.089600,0.486000,0.869300,0.003200,0.133500,0.542300,0.828800,0.034500,0.635500,0.490543,1.440052,-0.100836,0.013868,1.408864,-2.725406,-1.381448,-1.360401,-0.253374,-3.127238,0.512706,0.980529,-0.710242,2.239845,0.767179,2.133299,-0.556394,-1.174809,1.507891,0,0,1.0000,1.0000,1,1,0,0,0.0000,0.0000,,,,,9423,9314,2356,1868,6489,7347,2934,1818,0,149,0.46080,-0.05114,0
1786019128.4873,D_right_front_left,D,right,0,front_left,,96,168.0000,344.1000,158.5000,169.1000,73.2000,0.0000,343.4000,280.9000,23.8000,0.0000,98.8000,0.0000,145.4000,0.0000,-0.87300,0.03700,0.31900,10.03000,7.43000,5.20000,0.28800,0.14600,0.88900,-5.97000,4.62000,-23.56000,12.8,1.5,0.0,1.0,0.635500,0.490544,1.440052,-1.063210,-0.525860,2.644323,-0.089600,0.486000,0.869300,0.003200,0.133500,0.542300,0.828800,0.034500,0.635500,0.490543,1.440052,-0.100836,0.013868,1.408864,-2.735807,-1.393481,-1.352957,-0.242621,-3.119414,0.523489,0.986901,-0.710242,2.239845,0.767179,2.133299,-0.556394,-1.174809,1.507891,0,0,1.0000,1.0000,1,1,0,0,0.0000,0.0000,,,,,9423,9314,2356,1868,6489,7347,2934,1818,0,149,0.46080,-0.05114,0
1786019128.5227,D_right_front_left,D,right,0,front_left,,97,168.0000,344.1000,158.5000,169.1000,73.2000,0.0000,343.4000,280.9000,23.8000,0.0000,98.8000,0.0000,145.4000,0.0000,-0.87300,0.03700,0.31900,10.03000,7.43000,5.20000,0.28800,0.14600,0.88900,-5.97000,4.62000,-23.56000,12.8,1.5,0.0,1.0,0.635500,0.490544,1.440052,-1.063210,-0.525860,2.644323,-0.089600,0.486000,0.869300,0.003200,0.133500,0.542300,0.828800,0.034500,0.635500,0.490544,1.440052,-0.100836,0.013868,1.408864,-2.747952,-1.407533,-1.344266,-0.230063,-3.110279,0.536081,0.994341,-0.710242,2.239845,0.767179,2.133299,-0.556394,-1.174809,1.507891,0,0,1.0000,1.0000,1,1,0,0,0.0000,0.0000,,,,,129070,125765,2366,1909,125766,123760,3304,1858,0,147,0.41576,-0.05114,0
1786019128.5264,D_right_front_left,D,right,0,front_left,,98,168.0000,344.1000,158.5000,169.1000,73.2000,0.0000,343.4000,280.9000,23.8000,0.0000,98.8000,0.0000,145.4000,0.0000,-0.87300,0.03700,0.31900,10.03000,7.43000,5.20000,0.28800,0.14600,0.88900,-5.97000,4.62000,-23.56000,12.8,1.5,0.0,1.0,0.635500,0.490544,1.440052,-1.063210,-0.525860,2.644323,-0.089600,0.486000,0.869300,0.003200,0.133500,0.542300,0.828800,0.034500,0.635500,0.490544,1.440052,-0.100836,0.013868,1.408864,-2.752376,-1.412651,-1.341100,-0.225490,-3.106951,0.540667,0.997051,-0.710242,2.239845,0.767179,2.133299,-0.556394,-1.174809,1.507891,0,0,1.0000,1.0000,1,1,0,0,0.0000,0.0000,,,,,9423,9314,2356,1868,6489,7347,2934,1818,0,149,0.46080,-0.05114,0
1786019128.5558,D_right_front_left,D,right,0,front_left,,99,168.0000,344.1000,158.5000,169.1000,73.2000,0.0000,343.4000,280.9000,23.8000,0.0000,98.8000,0.0000,145.4000,0.0000,-0.87300,0.03700,0.31900,10.03000,7.43000,5.20000,0.28800,0.14600,0.88900,-5.97000,4.62000,-23.56000,12.8,1.5,0.0,1.0,0.635500,0.490544,1.440052,-1.063210,-0.525860,2.644323,-0.089600,0.486000,0.869300,0.003200,0.133500,0.542300,0.828800,0.034500,0.635500,0.490544,1.440052,-0.100836,0.013868,1.408864,-2.757199,-1.418230,-1.337649,-0.220503,-3.103324,0.545667,1.000006,-0.710242,2.239845,0.767179,2.133299,-0.556394,-1.174809,1.507891,0,0,1.0000,1.0000,1,1,0,0,0.0000,0.0000,,,,,9424,125765,2356,1909,6490,123760,2934,1858,0,147,0.41566,-0.05114,0
1786019128.5666,D_right_front_left,D,right,0,front_left,,100,168.0000,344.1000,158.5000,169.1000,73.2000,0.0000,343.4000,280.9000,23.8000,0.0000,98.8000,0.0000,145.4000,0.0000,-0.87300,0.03700,0.31900,10.03000,7.43000,5.20000,0.28800,0.14600,0.88900,-5.97000,4.62000,-23.56000,12.8,1.5,0.0,1.0,0.635500,0.490544,1.440052,-1.063210,-0.525860,2.644323,-0.089600,0.486000,0.869300,0.003200,0.133500,0.542300,0.828800,0.034500,0.635500,0.490544,1.440052,-0.100836,0.013868,1.408864,-2.761389,-1.423078,-1.334650,-0.216171,-3.100172,0.550011,1.002573,-0.710242,2.239845,0.767179,2.133299,-0.556394,-1.174809,1.507891,0,0,1.0000,1.0000,1,1,0,0,0.0000,0.0000,,,,,129071,9314,2366,1868,125767,7347,3304,1818,0,149,0.41566,-0.05114,0
1786019128.5870,D_right_front_left,D,right,0,front_left,,101,167.8000,344.1000,158.6000,169.1000,83.3000,0.0000,343.3000,280.9000,23.8000,0.0000,98.8000,0.0000,145.4000,0.0000,-0.88500,0.00100,0.37000,1.69000,-0.95000,-3.87000,0.28800,0.14600,0.88900,-5.97000,4.62000,-23.56000,13.4,4.5,0.0,1.0,0.624178,0.083175,1.568223,-1.063210,-0.525860,2.644323,-0.089600,0.486000,0.869300,0.003200,0.133500,0.542300,0.828800,0.034500,0.635500,0.490544,1.440052,-0.100836,0.013868,1.408864,-2.774309,-1.438027,-1.325404,-0.202812,-3.090453,0.563407,1.010489,-0.710242,2.239845,0.767179,2.133299,-0.556394,-1.174809,1.507891,1,0,1.0000,1.0000,1,1,0,0,0.0000,0.0000,,,,,9425,125765,2356,1909,6491,123760,2934,1858,0,147,0.41557,-0.05114,0
1786019128.6133,D_right_front_left,D,right,0,front_left,,102,167.8000,344.1000,158.6000,169.1000,83.3000,0.0000,343.3000,280.9000,23.8000,0.0000,98.8000,0.0000,145.4000,0.0000,-0.88500,0.00100,0.37000,1.69000,-0.95000,-3.87000,0.28800,0.14600,0.88900,-5.97000,4.62000,-23.56000,13.4,4.5,0.0,1.0,0.624178,0.083175,1.568223,-1.063210,-0.525860,2.644323,-0.089600,0.486000,0.869300,0.003200,0.133500,0.542300,0.828800,0.034500,0.635500,0.490544,1.440052,-0.100836,0.013868,1.408864,-2.774309,-1.438027,-1.325404,-0.202812,-3.090453,0.563407,1.010489,-0.710242,2.239845,0.767179,2.133299,-0.556394,-1.174809,1.507891,1,0,1.0000,1.0000,1,1,0,0,0.0000,0.0000,,,,,9425,125765,2356,1909,6491,123760,2934,1858,0,147,0.41557,-0.05114,0
1786019128.6310,D_right_front_left,D,right,0,front_left,,103,167.9000,344.1000,158.6000,169.1000,85.4000,0.0000,343.3000,281.1000,23.7000,0.0000,98.9000,0.0000,147.4000,0.0000,-0.86900,0.01400,0.33000,1.22000,-4.50000,-4.99000,0.30200,0.11600,0.93500,-9.56000,0.78000,-9.49000,14.8,4.5,0.0,1.0,1.087420,1.268551,1.619528,-0.311882,-0.546856,2.284854,-0.089600,0.486000,0.869300,0.003200,0.133500,0.542300,0.828800,0.034500,0.635500,0.490544,1.440052,-0.100836,0.013868,1.408864,-2.774309,-1.438027,-1.325404,-0.202812,-3.090453,0.563407,1.010489,-0.710242,2.239845,0.767179,2.133299,-0.556394,-1.174809,1.507891,1,0,1.0000,1.0000,1,1,0,0,0.0000,0.0000,,,,,9425,9314,2356,1868,6491,7347,2934,1818,0,149,0.41557,-0.05114,0
1786019128.6489,D_right_front_left,D,right,0,front_left,,104,167.9000,344.1000,158.6000,169.1000,84.3000,0.0000,343.3000,281.1000,23.7000,0.0000,98.9000,0.0000,147.4000,0.0000,-0.86400,0.02400,0.31100,2.83000,-3.68000,-3.69000,0.30200,0.11600,0.93500,-9.56000,0.78000,-9.49000,14.3,4.6,0.0,1.0,0.635500,0.490544,1.440052,-1.063210,-0.525860,2.644323,-0.089600,0.486000,0.869300,0.003200,0.133500,0.542300,0.828800,0.034500,0.635208,0.489674,1.446753,-0.100836,0.013868,1.408864,-2.774309,-1.438027,-1.325404,-0.202812,-3.090453,0.563407,1.010489,-0.710242,2.239845,0.767179,2.133299,-0.556394,-1.174809,1.507891,0,0,1.0000,1.0000,1,1,0,0,0.0000,0.0000,,,,,129072,125765,2366,1910,125768,123760,3304,1858,0,147,0.41557,-0.05114,0
1786019128.6656,D_right_front_left,D,right,0,front_left,,105,167.9000,344.1000,158.6000,169.1000,84.3000,0.0000,343.3000,281.1000,23.7000,0.0000,98.9000,0.0000,147.6000,0.0000,-0.86400,0.02400,0.31100,2.83000,-3.68000,-3.69000,0.27300,0.11300,0.92700,-11.59000,1.01000,-6.48000,13.6,7.2,0.0,1.0,0.635500,0.490544,1.440052,-1.063210,-0.525860,2.644323,-0.089600,0.486000,0.869300,0.003200,0.133500,0.542300,0.828800,0.034500,0.635208,0.489674,1.446753,-0.100836,0.013868,1.408864,-2.774309,-1.438027,-1.325404,-0.202812,-3.090453,0.563407,1.010489,-0.710242,2.239845,0.767179,2.133299,-0.556394,-1.174809,1.507891,0,0,1.0000,1.0000,1,1,0,0,0.0000,0.0000,,,,,129072,125765,2366,1910,125768,123760,3304,1858,0,147,0.41557,-0.05114,0
1786019128.6873,D_right_front_left,D,right,0,front_left,,106,167.9000,344.1000,158.6000,169.1000,84.3000,0.0000,343.3000,281.1000,23.7000,0.0000,98.9000,0.0000,147.6000,0.0000,-0.86400,0.02400,0.31100,2.83000,-3.68000,-3.69000,0.27300,0.11300,0.92700,-11.59000,1.01000,-6.48000,13.6,7.2,0.0,1.0,0.635500,0.490544,1.440052,-1.063210,-0.525860,2.644323,-0.089600,0.486000,0.869300,0.003200,0.133500,0.542300,0.828800,0.034500,0.635208,0.489674,1.446753,-0.100836,0.013868,1.408864,-2.774315,-1.438107,-1.326277,-0.202789,-3.089420,0.563410,1.010298,-0.710242,2.239845,0.767179,2.133299,-0.556394,-1.174809,1.507891,0,0,1.0000,1.0000,1,1,0,0,0.0000,0.0000,,,,,9426,9314,2356,1869,6491,7347,2935,1818,0,149,0.41551,-0.05114,0
1786019128.7070,D_right_front_left,D,right,0,front_left,,107,167.9000,344.1000,158.6000,169.1000,84.3000,0.0000,343.3000,281.1000,23.7000,0.0000,98.9000,0.0000,147.6000,0.0000,-0.86400,0.02400,0.31100,2.83000,-3.68000,-3.69000,0.27300,0.11300,0.92700,-11.59000,1.01000,-6.48000,13.6,7.2,0.0,1.0,0.635500,0.490544,1.440052,-1.063210,-0.525860,2.644323,-0.089600,0.486000,0.869300,0.003200,0.133500,0.542300,0.828800,0.034500,0.640674,0.488328,1.448710,-0.100836,0.013868,1.408864,-2.774334,-1.438360,-1.329051,-0.202716,-3.086142,0.563422,1.009695,-0.710242,2.239845,0.767179,2.133299,-0.556394,-1.174809,1.507891,0,0,1.0000,1.0000,1,1,0,0,0.0000,0.0000,,,,,129075,125765,2366,1910,125770,123760,3305,1858,0,147,0.41481,-0.05114,0
1786019128.7274,D_right_front_left,D,right,0,front_left,,108,167.9000,344.1000,158.6000,169.1000,84.3000,0.0000,343.3000,281.1000,23.7000,0.0000,98.9000,0.0000,147.6000,0.0000,-0.86400,0.02400,0.31100,2.83000,-3.68000,-3.69000,0.27300,0.11300,0.92700,-11.59000,1.01000,-6.48000,13.6,7.2,0.0,1.0,0.635500,0.490544,1.440052,-1.063210,-0.525860,2.644323,-0.089600,0.486000,0.869300,0.003200,0.133500,0.542300,0.828800,0.034500,0.640674,0.488328,1.448710,-0.100836,0.013868,1.408864,-2.774339,-1.438426,-1.329772,-0.202697,-3.085290,0.563425,1.009538,-0.710242,2.239845,0.767179,2.133299,-0.556394,-1.174809,1.507891,0,0,1.0000,1.0000,1,1,0,0,0.0000,0.0000,,,,,129075,125765,2366,1910,125770,123760,3305,1858,0,147,0.41481,-0.05114,0
1786019128.7471,D_right_front_left,D,right,0,front_left,,109,167.9000,344.1000,158.6000,169.1000,84.3000,0.0000,343.3000,281.1000,23.7000,0.0000,98.9000,0.0000,147.6000,0.0000,-0.86400,0.02400,0.31100,2.83000,-3.68000,-3.69000,0.27300,0.11300,0.92700,-11.59000,1.01000,-6.48000,13.6,7.2,0.0,1.0,0.635500,0.490544,1.440052,-1.063210,-0.525860,2.644323,-0.089600,0.486000,0.869300,0.003200,0.133500,0.542300,0.828800,0.034500,0.640674,0.488328,1.448710,-0.100836,0.013868,1.408864,-2.774334,-1.438529,-1.330937,-0.202700,-3.083914,0.563411,1.009283,-0.710242,2.239845,0.767179,2.133299,-0.556394,-1.174809,1.507891,0,0,1.0000,1.0000,1,1,0,0,0.0000,0.0000,,,,,129075,125765,2366,1910,125770,123760,3305,1858,0,147,0.41481,-0.05114,0
1786019128.7656,D_right_front_left,D,right,0,front_left,,110,168.1000,344.1000,18.7000,1691.0000,87.7000,0.0000,343.3000,281.1000,23.7000,0.0000,98.9000,0.0000,147.6000,0.0000,-0.89600,0.02300,0.35700,3.43000,-3.87000,5.53000,0.27300,0.11300,0.92700,-11.59000,1.01000,-6.48000,13.5,2.9,0.0,1.0,1.087926,1.268755,1.616029,-1.063210,-0.525860,2.644323,-0.089600,0.486000,0.869300,0.003200,0.133500,0.542300,0.828800,0.034500,0.635500,0.490544,1.440052,-0.100836,0.013868,1.408864,-2.774324,-1.438711,-1.333006,-0.202706,-3.081468,0.563385,1.008829,-0.710242,2.239845,0.767179,2.133299,-0.556394,-1.174809,1.507891,1,0,1.0000,1.0000,1,1,0,0,0.0000,0.0000,,,,,9427,9314,2356,1870,6492,7347,2935,1818,0,149,0.41481,-0.05114,0
1786019128.7927,D_right_front_left,D,right,0,front_left,,111,168.1000,344.1000,18.7000,1691.0000,87.7000,0.0000,343.3000,280.0000,24.2000,0.0000,98.9000,0.0000,148.5000,0.0000,-0.89600,0.02300,0.35700,3.43000,-3.87000,5.53000,0.26700,0.08300,0.88700,-2.50000,0.85000,-5.98000,13.5,2.9,0.0,1.0,1.087926,1.268755,1.616029,-0.311882,-0.546856,2.284854,-0.089600,0.486000,0.869300,0.003200,0.133500,0.542300,0.828800,0.034500,0.635500,0.490544,1.440052,-0.100836,0.013868,1.408864,-2.774322,-1.438746,-1.333397,-0.202707,-3.081007,0.563381,1.008743,-0.710242,2.239845,0.767179,2.133299,-0.556394,-1.174809,1.507891,1,0,1.0000,1.0000,1,1,0,0,0.0000,0.0000,,,,,129075,9314,2366,1870,125770,7347,3305,1818,0,149,0.41481,-0.05114,0
1786019128.8071,D_right_front_left,D,right,0,front_left,,112,168.1000,344.1000,18.7000,1691.0000,87.7000,0.0000,343.3000,280.0000,24.2000,0.0000,98.9000,0.0000,148.5000,0.0000,-0.89600,0.02300,0.35700,3.43000,-3.87000,5.53000,0.26700,0.08300,0.88700,-2.50000,0.85000,-5.98000,13.5,2.9,0.0,1.0,1.087926,1.268755,1.616029,-0.311882,-0.546856,2.284854,-0.089600,0.486000,0.869300,0.003200,0.133500,0.542300,0.828800,0.034500,0.635500,0.490544,1.440052,-0.100836,0.013868,1.408864,-2.774322,-1.438764,-1.333602,-0.202707,-3.080764,0.563378,1.008698,-0.710242,2.239845,0.767179,2.133299,-0.556394,-1.174809,1.507891,1,0,1.0000,1.0000,1,1,0,0,0.0000,0.0000,,,,,129075,125765,2366,1911,125770,123760,3305,1858,0,147,0.41481,-0.05114,0
1786019128.8266,D_right_front_left,D,right,0,front_left,,113,67.0000,34.1000,158.7000,169.1000,89.2000,0.0000,343.3000,280.0000,24.2000,0.0000,98.9000,2.0000,148.8000,0.0000,-0.87900,0.01200,0.32700,5.16000,-5.85000,1.10000,0.27400,0.05700,0.87900,-0.48000,2.82000,-7.59000,13.0,2.0,0.0,1.0,1.089476,1.269213,1.613923,-0.311882,-0.546856,2.284854,-0.089600,0.486000,0.869300,0.003200,0.133500,0.542300,0.828800,0.034500,0.635500,0.490544,1.440052,-0.100836,0.013868,1.408864,-2.774320,-1.438803,-1.334047,-0.202709,-3.080239,0.563373,1.008601,-0.710242,2.239845,0.767179,2.133299,-0.556394,-1.174809,1.507891,1,0,1.0000,1.0000,0,1,2,0,0.0389,0.0000,,,,,9427,9314,2356,1870,6492,7347,2935,1818,0,149,0.41481,-0.05114,0
1786019128.8516,D_right_front_left,D,right,0,front_left,,114,67.0000,34.1000,158.7000,169.1000,89.2000,0.0000,343.3000,280.0000,24.2000,0.0000,98.9000,2.0000,148.8000,0.0000,-0.87900,0.01200,0.32700,5.16000,-5.85000,1.10000,0.27400,0.05700,0.87900,-0.48000,2.82000,-7.59000,11.8,2.8,0.0,1.0,1.089476,1.269213,1.613923,-0.311882,-0.546856,2.284854,-0.089600,0.486000,0.869300,0.003200,0.133500,0.542300,0.828800,0.034500,0.635500,0.490544,1.440052,-0.100836,0.013868,1.408864,-2.798062,-1.424608,-1.346408,-0.178966,-3.060620,0.587059,1.020962,-0.710242,2.239845,0.767179,2.133299,-0.556394,-1.174809,1.507891,1,0,1.0000,1.0000,0,1,2,0,0.0389,0.0000,,,,,9427,9314,2356,1870,6492,7347,2935,1818,0,149,0.41481,-0.05114,0
1786019128.8682,D_right_front_left,D,right,0,front_left,,115,167.9000,344.1000,158.6000,169.2000,88.1000,0.0000,343.3000,280.0000,24.2000,0.0000,98.9000,0.0000,148.8000,0.0000,-0.87700,0.02300,0.32700,2.72000,3.41000,1.14000,0.25100,0.08400,0.86800,5.64000,7.09000,-12.13000,11.8,2.8,0.0,1.0,0.626596,0.083800,1.568854,-0.194738,-0.929557,1.933434,-0.089600,0.486000,0.869300,0.003200,0.133500,0.542300,0.828800,0.034500,0.635500,0.490544,1.440052,-0.100836,0.013868,1.408864,-2.797276,-1.423438,-1.348877,-0.179751,-3.059538,0.586265,1.022411,-0.710242,2.239845,0.767179,2.133299,-0.556394,-1.174809,1.507891,1,0,1.0000,1.0000,1,1,0,0,0.0000,0.0000,,,,,9427,9314,2356,1870,6492,7347,2935,1818,0,149,0.41481,-0.05114,0
1786019128.9028,D_right_front_left,D,right,0,front_left,,116,167.9000,344.1000,158.6000,169.2000,88.1000,0.0000,343.3000,280.0000,24.2000,0.0000,98.9000,0.0000,148.8000,0.0000,-0.87700,0.02300,0.32700,2.72000,3.41000,1.14000,0.25100,0.08400,0.86800,5.64000,7.09000,-12.13000,11.8,2.8,0.0,1.0,0.626596,0.083800,1.568854,-0.194738,-0.929557,1.933434,-0.089600,0.486000,0.869300,0.003200,0.133500,0.542300,0.828800,0.034500,0.635500,0.490544,1.440052,-0.100836,0.013868,1.408864,-2.788941,-1.429207,-1.345709,-0.188081,-3.064433,0.577938,1.016916,-0.710242,2.239845,0.767179,2.133299,-0.556394,-1.174809,1.507891,1,0,1.0000,1.0000,1,1,0,0,0.0000,0.0000,,,,,129075,9314,2366,1870,125770,7347,3305,1818,0,149,0.41481,-0.05114,0
1786019128.9077,D_right_front_left,D,right,0,front_left,,117,167.9000,344.1000,158.6000,169.2000,88.1000,0.0000,343.3000,280.0000,24.2000,0.0000,98.9000,0.0000,148.8000,0.0000,-0.87700,0.02300,0.32700,2.72000,3.41000,1.14000,0.25100,0.08400,0.86800,5.64000,7.09000,-12.13000,11.8,2.8,0.0,1.0,0.626596,0.083800,1.568854,-0.194738,-0.929557,1.933434,-0.089600,0.486000,0.869300,0.003200,0.133500,0.542300,0.828800,0.034500,0.635500,0.490544,1.440052,-0.100836,0.013868,1.408864,-2.788941,-1.429207,-1.345709,-0.188081,-3.064433,0.577938,1.016916,-0.710242,2.239845,0.767179,2.133299,-0.556394,-1.174809,1.507891,1,0,1.0000,1.0000,1,1,0,0,0.0000,0.0000,,,,,129075,9314,2366,1870,125770,7347,3305,1818,0,149,0.41481,-0.05114,0
1786019128.9345,D_right_front_left,D,right,0,front_left,,118,167.9000,344.1000,158.6000,169.2000,96.7000,0.0000,343.3000,280.0000,24.2000,0.0000,98.9000,0.0000,148.8000,0.0000,-0.86600,0.02900,0.37700,1.90000,4.73000,0.20000,0.25100,0.08400,0.86800,5.64000,7.09000,-12.13000,12.1,3.2,0.0,1.0,0.635500,0.490544,1.440052,-0.194738,-0.929557,1.933434,-0.089600,0.486000,0.869300,0.003200,0.133500,0.542300,0.828800,0.034500,0.635500,0.490544,1.440052,-0.100836,0.013868,1.408864,-2.786014,-1.431200,-1.344213,-0.191009,-3.066605,0.575015,1.015070,-0.710242,2.239845,0.767179,2.133299,-0.556394,-1.174809,1.507891,0,0,1.0000,1.0000,1,1,0,0,0.0000,0.0000,,,,,9427,125765,2356,1911,6492,123760,2935,1858,0,147,0.41481,-0.05114,0
1786019128.9557,D_right_front_left,D,right,0,front_left,,119,167.9000,344.1000,158.6000,169.2000,96.7000,0.0000,343.3000,280.0000,24.2000,0.0000,98.9000,0.0000,148.8000,0.0000,-0.86600,0.02900,0.37700,1.90000,4.73000,0.20000,0.25100,0.08400,0.86800,5.64000,7.09000,-12.13000,12.1,3.2,0.0,1.0,0.635500,0.490544,1.440052,-0.194738,-0.929557,1.933434,-0.089600,0.486000,0.869300,0.003200,0.133500,0.542300,0.828800,0.034500,0.635500,0.490544,1.440052,-0.100836,0.013868,1.408864,-2.783019,-1.433239,-1.342683,-0.194003,-3.068827,0.572026,1.013181,-0.710242,2.239845,0.767179,2.133299,-0.556394,-1.174809,1.507891,0,0,1.0000,1.0000,1,1,0,0,0.0000,0.0000,,,,,129075,9314,2366,1870,125770,7347,3305,1818,0,149,0.41481,-0.05114,0
1786019128.9658,D_right_front_left,D,right,0,front_left,,120,167.9000,344.1000,158.6000,169.2000,96.7000,0.0000,343.3000,280.0000,24.2000,0.0000,98.9000,0.0000,148.8000,0.0000,-0.86600,0.02900,0.37700,1.90000,4.73000,0.20000,0.25100,0.08400,0.86800,5.64000,7.09000,-12.13000,12.1,3.2,0.0,1.0,0.635500,0.490544,1.440052,-0.194738,-0.929557,1.933434,-0.089600,0.486000,0.869300,0.003200,0.133500,0.542300,0.828800,0.034500,0.635500,0.490544,1.440052,-0.100836,0.013868,1.408864,-2.774302,-1.439172,-1.338230,-0.202720,-3.075295,0.563324,1.007683,-0.710242,2.239845,0.767179,2.133299,-0.556394,-1.174809,1.507891,0,0,1.0000,1.0000,1,1,0,0,0.0000,0.0000,,,,,9427,125765,2356,1911,6492,123760,2935,1858,0,147,0.41481,-0.05114,0
1786019128.9882,D_right_front_left,D,right,0,front_left,,121,167.9000,344.1000,158.6000,169.2000,96.7000,0.0000,343.3000,280.0000,24.2000,0.0000,98.9000,0.0000,148.8000,0.0000,-0.86600,0.02900,0.37700,1.90000,4.73000,0.20000,0.25100,0.08400,0.86800,5.64000,7.09000,-12.13000,12.1,3.2,0.0,1.0,0.635500,0.490544,1.440052,-0.194738,-0.929557,1.933434,-0.089600,0.486000,0.869300,0.003200,0.133500,0.542300,0.828800,0.034500,0.635500,0.490544,1.440052,-0.100836,0.013868,1.408864,-2.774302,-1.439172,-1.338230,-0.202720,-3.075295,0.563324,1.007683,-0.710242,2.239845,0.767179,2.133299,-0.556394,-1.174809,1.507891,0,0,1.0000,1.0000,1,1,0,0,0.0000,0.0000,,,,,9427,125765,2356,1911,6492,123760,2935,1858,0,147,0.41481,-0.05114,0
1786019129.0344,D_right_front_left,D,right,0,front_left,,122,167.9000,344.1000,158.6000,169.1000,97.1000,0.0000,343.3000,280.0000,24.2000,0.0000,98.9000,0.0000,148.8000,0.0000,-0.87400,0.03000,0.33100,2.18000,-0.56000,5.89000,0.25100,0.08400,0.86800,5.64000,7.09000,-12.13000,12.1,3.2,0.0,1.0,0.628184,0.084210,1.569294,-0.194738,-0.929557,1.933434,-0.089600,0.486000,0.869300,0.003200,0.133500,0.542300,0.828800,0.034500,0.635500,0.490544,1.440052,-0.100836,0.013868,1.408864,-2.774302,-1.439172,-1.338230,-0.202720,-3.075295,0.563324,1.007683,-0.710242,2.239845,0.767179,2.133299,-0.556394,-1.174809,1.507891,1,0,1.0000,1.0000,1,1,0,0,0.0000,0.0000,,,,,129075,9314,2366,1870,125770,7347,3305,1818,0,149,0.41481,-0.05114,0
1786019129.0400,D_right_front_left,D,right,0,front_left,,123,167.9000,344.1000,158.6000,169.1000,97.1000,0.0000,343.3000,280.0000,24.2000,0.0000,98.9000,0.0000,148.8000,0.0000,-0.87400,0.03000,0.33100,2.18000,-0.56000,5.89000,0.25100,0.08400,0.86800,5.64000,7.09000,-12.13000,12.1,3.2,0.0,1.0,0.628184,0.084210,1.569294,-0.194738,-0.929557,1.933434,-0.089600,0.486000,0.869300,0.003200,0.133500,0.542300,0.828800,0.034500,0.635500,0.490544,1.440052,-0.100836,0.013868,1.408864,-2.774302,-1.439172,-1.338230,-0.202720,-3.075295,0.563324,1.007683,-0.710242,2.239845,0.767179,2.133299,-0.556394,-1.174809,1.507891,1,0,1.0000,1.0000,1,1,0,0,0.0000,0.0000,,,,,9427,125765,2357,1911,6492,123760,2935,1858,0,147,0.41481,-0.05114,0
1786019129.0475,D_right_front_left,D,right,0,front_left,,124,167.9000,344.1000,158.6000,169.1000,97.1000,0.0000,343.3000,280.0000,24.2000,0.0000,98.9000,0.0000,148.8000,0.0000,-0.87400,0.03000,0.33100,2.18000,-0.56000,5.89000,0.25100,0.08400,0.86800,5.64000,7.09000,-12.13000,12.1,3.2,0.0,1.0,0.628184,0.084210,1.569294,-0.194738,-0.929557,1.933434,-0.089600,0.486000,0.869300,0.003200,0.133500,0.542300,0.828800,0.034500,0.635500,0.490544,1.440052,-0.100836,0.013868,1.408864,-2.774302,-1.439172,-1.338230,-0.202720,-3.075295,0.563324,1.007683,-0.710242,2.239845,0.767179,2.133299,-0.556394,-1.174809,1.507891,1,0,1.0000,1.0000,1,1,0,0,0.0000,0.0000,,,,,129075,9314,2367,1870,125770,7347,3305,1818,0,149,0.41481,-0.05114,0
1786019129.0710,D_right_front_left,D,right,0,front_left,,125,167.9000,44.1000,158.6000,169.1000,94.8000,0.0000,34.0000,280.1000,24.2000,0.0000,99.0000,0.0000,149.9000,0.0000,-0.88500,0.01400,0.33700,3.94000,0.85000,4.69000,0.27300,0.08700,0.90500,-3.15000,-0.31000,1.10000,13.9,3.3,0.0,1.0,0.635500,0.490544,1.440052,-1.063210,-0.525860,2.644323,-0.089600,0.486000,0.869300,0.003200,0.133500,0.542300,0.828800,0.034500,0.635500,0.490544,1.440052,-0.100836,0.013868,1.408864,-2.774302,-1.439172,-1.338230,-0.202720,-3.075295,0.563324,1.007683,-0.710242,2.239845,0.767179,2.133299,-0.556394,-1.174809,1.507891,0,0,1.0000,1.0000,1,1,0,0,0.0000,0.0000,,,,,9428,9314,2357,1871,6492,7347,2936,1818,0,149,0.41537,-0.05114,0
1786019129.0879,D_right_front_left,D,right,0,front_left,,126,167.9000,44.1000,158.6000,169.1000,94.8000,0.0000,34.0000,280.1000,24.2000,0.0000,99.0000,0.0000,149.9000,0.0000,-0.88500,0.01400,0.33700,3.94000,0.85000,4.69000,0.27300,0.08700,0.90500,-3.15000,-0.31000,1.10000,13.9,3.3,0.0,1.0,0.635500,0.490544,1.440052,-1.063210,-0.525860,2.644323,-0.089600,0.486000,0.869300,0.003200,0.133500,0.542300,0.828800,0.034500,0.635500,0.490544,1.440052,-0.100836,0.013868,1.408864,-2.774302,-1.439172,-1.338230,-0.202720,-3.075295,0.563324,1.007683,-0.710242,2.239845,0.767179,2.133299,-0.556394,-1.174809,1.507891,0,0,1.0000,1.0000,1,1,0,0,0.0000,0.0000,,,,,129077,9314,2367,1871,125771,7347,3306,1818,0,149,0.41537,-0.05114,0
1786019129.1061,D_right_front_left,D,right,0,front_left,,127,167.9000,44.1000,158.6000,169.1000,94.8000,0.0000,34.0000,280.1000,24.2000,0.0000,99.0000,0.0000,149.9000,0.0000,-0.88500,0.01400,0.33700,3.94000,0.85000,4.69000,0.27300,0.08700,0.90500,-3.15000,-0.31000,1.10000,12.8,4.0,0.0,1.0,0.635500,0.490544,1.440052,-1.063210,-0.525860,2.644323,-0.089600,0.486000,0.869300,0.003200,0.133500,0.542300,0.828800,0.034500,0.635500,0.490544,1.440052,-0.100836,0.013868,1.408864,-2.774302,-1.439172,-1.338230,-0.202720,-3.075295,0.563324,1.007683,-0.710242,2.239845,0.767179,2.133299,-0.556394,-1.174809,1.507891,0,0,1.0000,1.0000,1,1,0,0,0.0000,0.0000,,,,,129077,125765,2367,1912,125771,123760,3306,1858,0,147,0.41537,-0.05114,0
1786019129.1399,D_right_front_left,D,right,0,front_left,,128,167.9000,44.1000,158.6000,169.1000,94.8000,0.0000,34.0000,280.1000,24.2000,0.0000,99.0000,0.0000,149.9000,0.0000,-0.88500,0.01400,0.33700,3.94000,0.85000,4.69000,0.27300,0.08700,0.90500,-3.15000,-0.31000,1.10000,12.8,4.0,0.0,1.0,0.635500,0.490544,1.440052,-1.063210,-0.525860,2.644323,-0.089600,0.486000,0.869300,0.003200,0.133500,0.542300,0.828800,0.034500,0.635500,0.490544,1.440052,-0.100836,0.013868,1.408864,-2.774302,-1.439172,-1.338230,-0.202720,-3.075295,0.563324,1.007683,-0.710242,2.239845,0.767179,2.133299,-0.556394,-1.174809,1.507891,0,0,1.0000,1.0000,1,1,0,0,0.0000,0.0000,,,,,9429,9314,2357,1871,6493,7347,2936,1818,0,149,0.41537,-0.05114,0
1786019129.1476,D_right_front_left,D,right,0,front_left,,129,167.9000,44.1000,158.6000,169.1000,94.8000,0.0000,34.0000,280.2000,24.2000,0.0000,99.0000,0.0000,149.9000,0.0000,-0.88500,0.01400,0.33700,3.94000,0.85000,4.69000,0.26400,0.10100,0.91200,-3.02000,1.24000,-5.48000,12.5,2.8,0.0,1.0,0.635500,0.490544,1.440052,-0.311882,-0.546856,2.284854,-0.089600,0.486000,0.869300,0.003200,0.133500,0.542300,0.828800,0.034500,0.637060,0.490272,1.439831,-0.100836,0.013868,1.408864,-2.774302,-1.439172,-1.338230,-0.202720,-3.075295,0.563324,1.007683,-0.710242,2.239845,0.767179,2.133299,-0.556394,-1.174809,1.507891,0,0,1.0000,1.0000,1,1,0,0,0.0000,0.0000,,,,,9429,125765,2357,1912,6493,123760,2936,1858,0,147,0.41537,-0.05114,0
1786019129.1683,D_right_front_left,D,right,0,front_left,,130,167.9000,44.1000,158.6000,169.1000,94.8000,0.0000,34.0000,280.2000,24.2000,0.0000,99.0000,0.0000,149.9000,0.0000,-0.88500,0.01400,0.33700,3.94000,0.85000,4.69000,0.26400,0.10100,0.91200,-3.02000,1.24000,-5.48000,12.5,2.8,0.0,1.0,0.635500,0.490544,1.440052,-0.311882,-0.546856,2.284854,-0.089600,0.486000,0.869300,0.003200,0.133500,0.542300,0.828800,0.034500,0.637060,0.490272,1.439831,-0.100836,0.013868,1.408864,-2.774302,-1.439172,-1.338230,-0.202720,-3.075295,0.563324,1.007683,-0.710242,2.239845,0.767179,2.133299,-0.556394,-1.174809,1.507891,0,0,1.0000,1.0000,1,1,0,0,0.0000,0.0000,,,,,129077,9314,2367,1871,125771,7347,3306,1818,0,149,0.41537,-0.05114,0
1786019129.1991,D_right_front_left,D,right,0,front_left,,131,167.9000,344.1000,158.6000,169.1000,103.5000,0.0000,343.3000,280.2000,24.2000,0.0000,99.0000,0.0000,149.9000,0.0000,-0.87000,0.03400,0.34800,6.15000,4.08000,-1.66000,0.26400,0.10100,0.91200,-3.02000,1.24000,-5.48000,12.1,3.6,0.0,1.0,0.635500,0.490544,1.440052,-0.311882,-0.546856,2.284854,-0.089600,0.486000,0.869300,0.003200,0.133500,0.542300,0.828800,0.034500,0.637050,0.490273,1.439833,-0.100836,0.013868,1.408864,-2.774302,-1.439172,-1.338230,-0.202720,-3.075295,0.563324,1.007683,-0.710242,2.239845,0.767179,2.133299,-0.556394,-1.174809,1.507891,0,0,1.0000,1.0000,1,1,0,0,0.0000,0.0000,,,,,129077,125765,2367,1912,125771,123760,3306,1858,0,147,0.41537,-0.05114,0
1786019129.2210,D_right_front_left,D,right,0,front_left,,132,167.9000,344.1000,158.6000,169.1000,103.5000,0.0000,343.3000,280.2000,24.2000,0.0000,99.0000,0.0000,149.9000,0.0000,-0.87000,0.03400,0.34800,6.15000,4.08000,-1.66000,0.26400,0.10100,0.91200,-3.02000,1.24000,-5.48000,12.1,3.6,0.0,1.0,0.635500,0.490544,1.440052,-0.311882,-0.546856,2.284854,-0.089600,0.486000,0.869300,0.003200,0.133500,0.542300,0.828800,0.034500,0.637050,0.490273,1.439833,-0.100836,0.013868,1.408864,-2.774302,-1.439172,-1.338230,-0.202720,-3.075295,0.563324,1.007683,-0.710242,2.239845,0.767179,2.133299,-0.556394,-1.174809,1.507891,0,0,1.0000,1.0000,1,1,0,0,0.0000,0.0000,,,,,129077,125765,2367,1912,125771,123760,3306,1858,0,147,0.41537,-0.05114,0
1786019129.2274,D_right_front_left,D,right,0,front_left,,133,167.9000,34.1000,158.6000,169.1000,108.0000,0.0000,343.3000,280.3000,24.2000,0.0000,98.9000,0.0000,149.9000,0.0000,-0.87000,0.03300,0.34200,6.47000,3.98000,-0.93000,0.24100,0.09400,0.88600,-5.44000,3.88000,-3.14000,12.1,4.6,0.0,1.0,0.627548,0.084042,1.573397,-0.194738,-0.929557,1.933434,-0.089600,0.486000,0.869300,0.003200,0.133500,0.542300,0.828800,0.034500,0.637050,0.490273,1.439833,-0.100836,0.013868,1.408864,-2.773948,-1.438818,-1.338521,-0.203074,3.207537,0.562970,1.007688,-0.710242,2.239845,0.767179,2.133299,-0.556394,-1.174809,1.507891,1,0,1.0000,1.0000,1,1,0,0,0.0000,0.0000,,,,,9429,9314,2357,1871,6493,7347,2936,1818,0,149,0.41537,-0.05114,0
1786019129.2733,D_right_front_left,D,right,0,front_left,,134,167.9000,344.1000,158.7000,169.3000,114.6000,0.0000,343.3000,280.3000,24.1000,0.0000,98.9000,0.0000,149.9000,0.0000,-0.86500,0.03200,0.36000,0.34000,6.10000,7.46000,0.21200,0.06600,0.87600,0.82000,7.52000,-2.80000,11.9,4.4,0.0,1.0,1.087926,1.268771,1.615248,-0.311882,-0.546856,2.284854,-0.089600,0.486000,0.869300,0.003200,0.133500,0.542300,0.828800,0.034500,0.636236,0.490419,1.439948,-0.100836,0.013868,1.408864,-2.772872,-1.437743,-1.339418,-0.204150,-3.076712,0.561894,1.007700,-0.710242,2.239845,0.767179,2.133299,-0.556394,-1.174809,1.507891,1,0,1.0000,1.0000,1,1,0,0,0.0000,0.0000,,,,,129078,9314,2367,1872,125772,7347,3306,1818,0,149,0.41609,-0.05114,0
1786019129.2742,D_right_front_left,D,right,0,front_left,,135,167.9000,344.1000,158.7000,169.3000,114.6000,0.0000,343.3000,280.3000,24.1000,0.0000,98.9000,0.0000,149.9000,0.0000,-0.86500,0.03200,0.36000,0.34000,6.10000,7.46000,0.21200,0.06600,0.87600,0.82000,7.52000,-2.80000,11.9,4.4,0.0,1.0,1.087926,1.268771,1.615248,-0.311882,-0.546856,2.284854,-0.089600,0.486000,0.869300,0.003200,0.133500,0.542300,0.828800,0.034500,0.636236,0.490419,1.439948,-0.100836,0.013868,1.408864,-2.772872,-1.437743,-1.339418,-0.204150,-3.076712,0.561894,1.007700,-0.710242,2.239845,0.767179,2.133299,-0.556394,-1.174809,1.507891,1,0,1.0000,1.0000,1,1,0,0,0.0000,0.0000,,,,,129078,9314,2367,1872,125772,7347,3306,1818,0,149,0.41609,-0.05114,0
1786019129.2866,D_right_front_left,D,right,0,front_left,,136,167.9000,344.1000,158.7000,169.3000,114.6000,0.0000,343.3000,280.3000,24.1000,0.0000,98.9000,0.0000,149.9000,0.0000,-0.86500,0.03200,0.36000,0.34000,6.10000,7.46000,0.21200,0.06600,0.87600,0.82000,7.52000,-2.80000,11.9,4.4,0.0,1.0,1.087926,1.268771,1.615248,-0.311882,-0.546856,2.284854,-0.089600,0.486000,0.869300,0.003200,0.133500,0.542300,0.828800,0.034500,0.636236,0.490419,1.439948,-0.100836,0.013868,1.408864,-2.772872,-1.437743,-1.339418,-0.204150,-3.076712,0.561894,1.007700,-0.710242,2.239845,0.767179,2.133299,-0.556394,-1.174809,1.507891,1,0,1.0000,1.0000,1,1,0,0,0.0000,0.0000,,,,,129078,9314,2367,1872,125772,7347,3306,1818,0,149,0.41609,-0.05114,0
1786019129.3124,D_right_front_left,D,right,0,front_left,,137,167.9000,344.1000,158.7000,169.1000,117.6000,0.0000,343.3000,280.6000,24.0000,0.0000,99.0000,0.0000,149.9000,0.0000,-0.88500,0.02100,0.36200,0.70000,-2.55000,4.94000,0.19800,0.09600,0.87700,11.47000,7.63000,1.02000,12.0,3.5,0.0,1.0,1.086798,1.268449,1.616222,-1.063210,-0.525860,2.644323,-0.089600,0.486000,0.869300,0.003200,0.133500,0.542300,0.828800,0.034500,0.636236,0.490419,1.439948,-0.100836,0.013868,1.408864,-2.772877,-1.437750,-1.339429,-0.204144,-3.076688,0.561899,1.007697,-0.710242,2.239845,0.767179,2.133299,-0.556394,-1.174809,1.507891,1,0,1.0000,1.0000,1,1,0,0,0.0000,0.0000,,,,,9431,9314,2357,1872,6495,7347,2936,1818,0,149,0.41609,-0.05114,0
1786019129.3488,D_right_front_left,D,right,0,front_left,,138,167.9000,344.1000,158.7000,169.1000,115.3000,0.0000,343.3000,281.2000,23.8000,0.0000,99.0000,0.0000,149.9000,0.0000,-0.89500,0.01600,0.35100,1.12000,-5.45000,2.79000,0.28100,0.22400,0.93100,8.53000,9.18000,18.69000,12.0,3.5,0.0,1.0,0.635500,0.490544,1.440052,-1.063210,-0.525860,2.644323,-0.089600,0.486000,0.869300,0.003200,0.133500,0.542300,0.828800,0.034500,0.636236,0.490419,1.439948,-0.100836,0.013868,1.408864,-2.772879,-1.437752,-1.339433,-0.204143,-3.076680,0.561901,1.007696,-0.710242,2.239845,0.767179,2.133299,-0.556394,-1.174809,1.507891,0,0,1.0000,1.0000,1,1,0,0,0.0000,0.0000,,,,,9431,125765,2357,1913,6495,123760,2936,1858,0,147,0.41609,-0.05114,0
1786019129.3564,D_right_front_left,D,right,0,front_left,,139,167.9000,344.1000,158.7000,169.1000,115.3000,0.0000,343.3000,281.2000,23.8000,0.0000,99.0000,0.0000,149.9000,0.0000,-0.89500,0.01600,0.35100,1.12000,-5.45000,2.79000,0.28100,0.22400,0.93100,8.53000,9.18000,18.69000,12.0,3.5,0.0,1.0,0.635500,0.490544,1.440052,-1.063210,-0.525860,2.644323,-0.089600,0.486000,0.869300,0.003200,0.133500,0.542300,0.828800,0.034500,0.635561,0.490533,1.440043,-0.100836,0.013868,1.408864,-2.772879,-1.437752,-1.339433,-0.204143,-3.076680,0.561901,1.007696,-0.710242,2.239845,0.767179,2.133299,-0.556394,-1.174809,1.507891,0,0,1.0000,1.0000,1,1,0,0,0.0000,0.0000,,,,,9431,125765,2357,1913,6495,123760,2936,1858,0,147,0.41609,-0.05114,0
1786019129.3667,D_right_front_left,D,right,0,front_left,,140,167.9000,3441.0000,158.7000,169.1000,101.8000,0.0000,343.3000,282.0000,23.3000,0.0000,98.9000,0.0000,149.1000,0.0000,-0.86700,0.02600,0.31800,2.24000,-4.95000,1.14000,0.21600,0.18500,0.90300,6.34000,34.87000,46.48000,11.9,3.4,0.0,1.0,1.088496,1.268873,1.617619,-0.311882,-0.546856,2.284854,-0.089600,0.486000,0.869300,0.003200,0.133500,0.542300,0.828800,0.034500,0.635561,0.490533,1.440043,-0.100836,0.013868,1.408864,-2.772880,-1.437754,-1.339435,-0.204142,-3.076676,0.561902,1.007695,-0.710242,2.239845,0.767179,2.133299,-0.556394,-1.174809,1.507891,1,0,1.0000,1.0000,0,1,1,0,0.0347,0.0000,,,,,129079,125765,2367,1913,125773,123760,3306,1858,0,147,0.41564,-0.05114,0
1786019129.3892,D_right_front_left,D,right,0,front_left,,141,167.9000,344.0000,158.7000,169.2000,87.9000,0.0000,343.2000,282.0000,23.3000,0.0000,98.9000,0.0000,149.1000,0.0000,-0.86600,0.04500,0.31400,-0.03000,-0.80000,2.62000,0.21600,0.18500,0.90300,6.34000,34.87000,46.48000,11.9,4.8,0.0,1.0,1.090555,1.269395,1.618839,-0.311882,-0.546856,2.284854,-0.089600,0.486000,0.869300,0.003200,0.133500,0.542300,0.828800,0.034500,0.635561,0.490533,1.440043,-0.100836,0.013868,1.408864,-2.772883,-1.437757,-1.339440,-0.204139,-3.076664,0.561905,1.007693,-0.710242,2.239845,0.767179,2.133299,-0.556394,-1.174809,1.507891,1,0,1.0000,1.0000,1,1,0,0,0.0000,0.0000,,,,,9431,125765,2357,1913,6495,123760,2936,1858,0,147,0.41609,-0.05114,0
1786019129.4195,D_right_front_left,D,right,0,front_left,,142,167.9000,344.0000,158.7000,169.2000,87.9000,0.0000,343.2000,282.0000,23.3000,0.0000,98.9000,0.0000,149.1000,0.0000,-0.86600,0.04500,0.31400,-0.03000,-0.80000,2.62000,0.21600,0.18500,0.90300,6.34000,34.87000,46.48000,11.9,4.8,0.0,1.0,1.090555,1.269395,1.618839,-0.311882,-0.546856,2.284854,-0.089600,0.486000,0.869300,0.003200,0.133500,0.542300,0.828800,0.034500,0.635561,0.490533,1.440043,-0.100836,0.013868,1.408864,-2.772887,-1.437762,-1.339449,-0.204135,-3.076646,0.561909,1.007691,-0.710242,2.239845,0.767179,2.133299,-0.556394,-1.174809,1.507891,1,0,1.0000,1.0000,1,1,0,0,0.0000,0.0000,,,,,129080,125765,2367,1913,125774,123760,3306,1858,0,147,0.41564,-0.05114,0
1786019129.4448,D_right_front_left,D,right,0,front_left,,143,17.9300,344.1000,158.7000,169.2000,90.5000,0.0000,343.3000,282.8000,23.3000,0.0000,99.1000,0.0000,145.8000,0.0000,-0.93500,0.02500,0.40400,-15.19000,9.10000,0.86000,0.09400,0.37900,0.88300,22.89000,7.02000,48.99000,12.2,4.6,0.0,1.0,0.596330,0.066839,1.571605,-0.311882,-0.546856,2.284854,-0.089600,0.486000,0.869300,0.003200,0.133500,0.542300,0.828800,0.034500,0.635500,0.490544,1.440052,-0.100836,0.013868,1.408864,-2.773167,-1.438112,-1.339978,-0.203855,-3.075461,0.562183,1.007519,-0.710242,2.239845,0.767179,2.133299,-0.556394,-1.174809,1.507891,1,0,1.0000,1.0000,1,1,0,0,0.0000,0.0000,,,,,9431,9314,2357,1872,6495,7347,2936,1818,0,149,0.41609,-0.05114,0
1786019129.4459,D_right_front_left,D,right,0,front_left,,144,17.9300,344.1000,158.7000,169.2000,90.5000,0.0000,343.3000,282.8000,23.3000,0.0000,99.1000,0.0000,145.8000,0.0000,-0.93500,0.02500,0.40400,-15.19000,9.10000,0.86000,0.09400,0.37900,0.88300,22.89000,7.02000,48.99000,12.2,4.6,0.0,1.0,0.596330,0.066839,1.571605,-0.311882,-0.546856,2.284854,-0.089600,0.486000,0.869300,0.003200,0.133500,0.542300,0.828800,0.034500,0.635500,0.490544,1.440052,-0.100836,0.013868,1.408864,-2.773167,-1.438112,-1.339978,-0.203855,-3.075461,0.562183,1.007519,-0.710242,2.239845,0.767179,2.133299,-0.556394,-1.174809,1.507891,1,0,1.0000,1.0000,1,1,0,0,0.0000,0.0000,,,,,9431,9314,2357,1872,6495,7347,2936,1818,0,149,0.41609,-0.05114,0
1786019129.4701,D_right_front_left,D,right,0,front_left,,145,167.9000,344.1000,158.7000,169.1000,88.2000,0.0000,343.3000,284.0000,23.1000,0.0000,99.0000,0.0000,145.6000,0.0000,-0.91800,0.00100,395.00000,-1.10000,44.00000,40.00000,0.08500,0.33800,0.92500,-9.74000,-9.53000,65.79000,12.6,4.6,0.0,1.0,1.091987,1.269759,1.619722,-1.063210,-0.525860,2.644323,-0.089600,0.486000,0.869300,0.003200,0.133500,0.542300,0.828800,0.034500,0.635500,0.490544,1.440052,-0.100836,0.013868,1.408864,-2.773415,-1.438399,-1.340403,-0.203572,-3.074513,0.562435,1.007386,-0.710242,2.239845,0.767179,2.133299,-0.556394,-1.174809,1.507891,1,0,1.0000,1.0000,1,1,0,0,0.0000,0.0000,,,,,9431,9314,2357,1872,6495,7347,2936,1818,0,149,0.41609,-0.05114,0
1786019129.4962,D_right_front_left,D,right,0,front_left,,146,167.9000,344.1000,158.7000,169.1000,86.1000,51.9000,343.2000,284.0000,23.1000,0.0000,99.0000,0.0000,145.6000,0.0000,-0.90700,0.01400,0.33800,4.34000,-7.41000,-20.24000,0.08500,0.33800,0.92500,-9.74000,-9.53000,65.79000,13.4,4.5,0.0,1.0,0.635500,0.490544,1.440052,-1.063210,-0.525860,2.644323,-0.089600,0.486000,0.869300,0.003200,0.133500,0.542300,0.828800,0.034500,0.635500,0.490544,1.440052,-0.100836,0.013868,1.408864,-2.773669,-1.438692,-1.340839,-0.203284,-3.073542,0.562693,1.007250,-0.710242,2.239845,0.767179,2.133299,-0.556394,-1.174809,1.507891,0,0,1.0000,1.0000,1,1,0,0,0.0000,0.0000,,,,,129080,125765,2367,1913,125774,123760,3306,1858,0,147,0.41564,-0.05114,0
1786019129.5056,D_right_front_left,D,right,0,front_left,,147,167.9000,344.1000,158.7000,169.1000,86.1000,51.9000,343.2000,284.0000,23.1000,0.0000,99.0000,0.0000,145.6000,0.0000,-0.90700,0.01400,0.33800,4.34000,-7.41000,-20.24000,0.08500,0.33800,0.92500,-9.74000,-9.53000,65.79000,13.4,4.5,0.0,1.0,0.572343,0.052689,1.571141,-1.063210,-0.525860,2.644323,-0.089600,0.486000,0.869300,0.003200,0.133500,0.542300,0.828800,0.034500,0.635500,0.490544,1.440052,-0.100836,0.013868,1.408864,-2.773669,-1.438692,-1.340839,-0.203284,-3.073542,0.562693,1.007250,-0.710242,2.239845,0.767179,2.133299,-0.556394,-1.174809,1.507891,0,0,1.0000,1.0000,1,1,0,0,0.0000,0.0000,,,,,129080,125765,2367,1913,125774,123760,3306,1858,0,147,0.41564,-0.05114,0
1786019129.5263,D_right_front_left,D,right,0,front_left,,148,167.9000,344.1000,158.7000,169.1000,86.1000,51.9000,343.2000,284.0000,23.1000,0.0000,99.0000,0.0000,145.6000,0.0000,-0.90700,0.01400,0.33800,4.34000,-7.41000,-20.24000,0.08500,0.33800,0.92500,-9.74000,-9.53000,65.79000,13.4,4.5,0.0,1.0,0.572343,0.052689,1.571141,-1.063210,-0.525860,2.644323,-0.089600,0.486000,0.869300,0.003200,0.133500,0.542300,0.828800,0.034500,0.635500,0.490544,1.440052,-0.100836,0.013868,1.408864,-2.773669,-1.438692,-1.340839,-0.203284,-3.073542,0.562693,1.007250,-0.710242,2.239845,0.767179,2.133299,-0.556394,-1.174809,1.507891,0,0,1.0000,1.0000,1,1,0,0,0.0000,0.0000,,,,,129080,125765,2367,1913,125774,123760,3306,1858,0,147,0.41564,-0.05114,0
1786019129.5505,D_right_front_left,D,right,0,front_left,,149,168.2000,344.1000,158.7000,169.1000,83.3000,38.5000,343.2000,286.2000,23.0000,0.0000,98.9000,0.0000,146.1000,0.0000,-0.87600,0.02600,0.31500,6.56000,-6.85000,-20.81000,0.11500,0.12100,0.90400,-12.95000,-25.85000,48.25000,14.6,4.7,0.0,1.0,1.092493,1.270002,1.620191,-0.194738,-0.929557,1.933434,-0.089600,0.486000,0.869300,0.003200,0.133500,0.542300,0.828800,0.034500,0.635500,0.490544,1.440052,-0.100836,0.013868,1.408864,-2.774105,-1.439274,-1.341739,-0.202894,-3.071535,0.563108,1.006953,-0.710242,2.239845,0.767179,2.133299,-0.556394,-1.174809,1.507891,1,0,1.0000,1.0000,1,1,0,0,0.0000,0.0000,,,,,9431,9314,2357,1872,6495,7347,2936,1818,0,149,0.41609,-0.05114,0
1786019129.5659,D_right_front_left,D,right,0,front_left,,150,168.2000,344.1000,158.7000,169.1000,83.3000,38.5000,343.2000,286.2000,23.0000,0.0000,98.9000,0.0000,146.1000,0.0000,-0.87600,0.02600,0.31500,6.56000,-6.85000,-20.81000,0.11500,0.12100,0.90400,-12.95000,-25.85000,48.25000,14.6,4.7,0.0,1.0,1.092493,1.270002,1.620191,-0.194738,-0.929557,1.933434,-0.089600,0.486000,0.869300,0.003200,0.133500,0.542300,0.828800,0.034500,0.635500,0.490544,1.440052,-0.100836,0.013868,1.408864,-2.774144,-1.439326,-1.341819,-0.202859,-3.071356,0.563145,1.006927,-0.710242,2.239845,0.767179,2.133299,-0.556394,-1.174809,1.507891,1,0,1.0000,1.0000,1,1,0,0,0.0000,0.0000,,,,,9431,125765,2357,1914,6495,123760,2936,1858,0,147,0.41609,-0.05114,0
1786019129.5936,D_right_front_left,D,right,0,front_left,,151,167.9000,344.1000,158.6000,169.1000,80.7000,0.4000,343.4000,296.5000,25.1000,0.0000,98.9000,0.0000,157.1000,0.0000,-0.83100,-0.01600,0.34100,2.44000,13.31000,5.97000,0.21200,0.02400,0.85800,13.60000,-0.31000,96.00000,15.0,6.7,0.0,1.0,1.088843,1.269011,1.619385,-0.311882,-0.546856,2.284854,-0.089600,0.486000,0.869300,0.003200,0.133500,0.542300,0.828800,0.034500,0.635500,0.490544,1.440052,-0.100836,0.013868,1.408864,-2.774234,-1.439446,-1.342001,-0.202779,-3.070948,0.563230,1.006867,-0.710242,2.239845,0.767179,2.133299,-0.556394,-1.174809,1.507891,1,0,1.0000,1.0000,1,1,0,0,0.0000,0.0000,,,,,9431,9314,2358,1872,6495,7347,2936,1818,0,149,0.41609,-0.05114,0
1786019129.6101,D_right_front_left,D,right,0,front_left,,152,167.9000,344.1000,158.6000,169.1000,79.4000,0.0000,343.4000,298.6000,25.8000,0.0000,98.9000,0.0000,159.8000,0.0000,-0.83500,-0.03700,0.35100,7.18000,7.82000,7.76000,0.24600,0.08900,0.92100,8.64000,4.30000,12.73000,15.0,6.7,0.0,1.0,0.635500,0.490544,1.440052,-1.063210,-0.525860,2.644323,-0.089600,0.486000,0.869300,0.003200,0.133500,0.542300,0.828800,0.034500,0.635500,0.490544,1.440052,-0.100836,0.013868,1.408864,-2.774282,-1.439510,-1.342098,-0.202736,-3.070729,0.563276,1.006834,-0.710242,2.239845,0.767179,2.133299,-0.556394,-1.174809,1.507891,0,0,1.0000,1.0000,1,1,0,0,0.0000,0.0000,,,,,129080,125765,2367,1914,125774,123760,3306,1858,0,147,0.41564,-0.05114,0
1786019129.6293,D_right_front_left,D,right,0,front_left,,153,167.9000,344.1000,158.6000,169.1000,79.4000,0.0000,343.4000,298.6000,25.8000,0.0000,98.9000,0.0000,159.8000,0.0000,-0.83500,-0.03700,0.35100,7.18000,7.82000,7.76000,0.24600,0.08900,0.92100,8.64000,4.30000,12.73000,15.7,8.0,0.0,1.0,0.635500,0.490544,1.440052,-1.063210,-0.525860,2.644323,-0.089600,0.486000,0.869300,0.003200,0.133500,0.542300,0.828800,0.034500,0.635500,0.490544,1.440052,-0.100836,0.013868,1.408864,-2.774281,-1.439569,-1.342763,-0.202737,-3.069941,0.563270,1.006688,-0.710242,2.239845,0.767179,2.133299,-0.556394,-1.174809,1.507891,0,0,1.0000,1.0000,1,1,0,0,0.0000,0.0000,,,,,9431,125765,2358,1914,6495,123760,2936,1858,0,147,0.41609,-0.05114,0
1786019129.6461,D_right_front_left,D,right,0,front_left,,154,167.9000,344.1000,158.6000,169.1000,79.4000,0.0000,343.4000,298.6000,25.8000,0.0000,98.9000,0.0000,159.8000,0.0000,-0.83500,-0.03700,0.35100,7.18000,7.82000,7.76000,0.24600,0.08900,0.92100,8.64000,4.30000,12.73000,15.7,8.0,0.0,1.0,0.635500,0.490544,1.440052,-1.063210,-0.525860,2.644323,-0.089600,0.486000,0.869300,0.003200,0.133500,0.542300,0.828800,0.034500,0.635500,0.490544,1.440052,-0.100836,0.013868,1.408864,-2.774277,-1.439753,-1.344811,-0.202738,-3.067516,0.563252,1.006238,-0.710242,2.239845,0.767179,2.133299,-0.556394,-1.174809,1.507891,0,0,1.0000,1.0000,1,1,0,0,0.0000,0.0000,,,,,129080,125765,2368,1914,125774,123760,3306,1858,0,147,0.41564,-0.05114,0
1786019129.6689,D_right_front_left,D,right,0,front_left,,155,167.9000,344.1000,158.6000,169.1000,79.4000,0.0000,343.4000,298.6000,25.8000,0.0000,98.9000,0.0000,159.8000,0.0000,-0.83500,-0.03700,0.35100,7.18000,7.82000,7.76000,0.24600,0.08900,0.92100,8.64000,4.30000,12.73000,15.7,8.0,0.0,1.0,0.635500,0.490544,1.440052,-1.063210,-0.525860,2.644323,-0.089600,0.486000,0.869300,0.003200,0.133500,0.542300,0.828800,0.034500,0.635500,0.490544,1.440052,-0.100836,0.013868,1.408864,-2.774275,-1.439808,-1.345424,-0.202738,-3.066789,0.563246,1.006103,-0.710242,2.239845,0.767179,2.133299,-0.556394,-1.174809,1.507891,0,0,1.0000,1.0000,1,1,0,0,0.0000,0.0000,,,,,9432,9314,2358,1873,6496,7347,2936,1818,0,149,0.41515,-0.05114,0
1786019129.6906,D_right_front_left,D,right,0,front_left,,156,167.9000,344.1000,158.6000,169.1000,79.4000,0.0000,343.4000,298.6000,25.8000,0.0000,98.9000,0.0000,159.8000,0.0000,-0.83500,-0.03700,0.35100,7.18000,7.82000,7.76000,0.24600,0.08900,0.92100,8.64000,4.30000,12.73000,15.7,8.0,0.0,1.0,0.635500,0.490544,1.440052,-1.063210,-0.525860,2.644323,-0.089600,0.486000,0.869300,0.003200,0.133500,0.542300,0.828800,0.034500,0.635500,0.490545,1.440052,-0.100836,0.013868,1.408864,-2.774275,-1.439808,-1.345424,-0.202738,-3.066789,0.563246,1.006103,-0.710242,2.239845,0.767179,2.133299,-0.556394,-1.174809,1.507891,0,0,1.0000,1.0000,1,1,0,0,0.0000,0.0000,,,,,9432,9314,2358,1873,6496,7347,2936,1818,0,149,0.41515,-0.05114,0
1786019129.7155,D_right_front_left,D,right,0,front_left,,157,167.9000,344.2000,158.6000,169.1000,77.1000,0.0000,343.2000,310.2000,29.0000,0.0000,99.0000,0.0000,171.7000,0.0000,-0.88600,-0.01000,0.37000,-6.02000,-1.95000,12.91000,0.14000,0.03900,0.90100,-29.01000,4.63000,39.02000,18.6,8.9,0.0,1.0,1.086052,1.268256,1.618764,-0.311882,-0.546856,2.284854,-0.089600,0.486000,0.869300,0.003200,0.133500,0.542300,0.828800,0.034500,0.635500,0.490545,1.440052,-0.100836,0.013868,1.408864,-2.774275,-1.439808,-1.345424,-0.202738,-3.066789,0.563246,1.006103,-0.710242,2.239845,0.767179,2.133299,-0.556394,-1.174809,1.507891,1,0,1.0000,1.0000,1,1,0,0,0.0000,0.0000,,,,,129082,125765,2368,1914,125776,123760,3306,1858,0,147,0.41511,-0.05114,0
1786019129.7292,D_right_front_left,D,right,0,front_left,,158,167.9000,344.2000,158.6000,169.1000,77.1000,0.0000,343.2000,310.2000,29.0000,0.0000,99.0000,0.0000,171.7000,0.0000,-0.88600,-0.01000,0.37000,-6.02000,-1.95000,12.91000,0.14000,0.03900,0.90100,-29.01000,4.63000,39.02000,18.6,8.9,0.0,1.0,1.086052,1.268256,1.618764,-0.311882,-0.546856,2.284854,-0.089600,0.486000,0.869300,0.003200,0.133500,0.542300,0.828800,0.034500,0.635500,0.490545,1.440052,-0.100836,0.013868,1.408864,-2.774275,-1.439808,-1.345424,-0.202738,-3.066789,0.563246,1.006103,-0.710242,2.239845,0.767179,2.133299,-0.556394,-1.174809,1.507891,1,0,1.0000,1.0000,1,1,0,0,0.0000,0.0000,,,,,9433,9314,2358,1873,6497,7347,2936,1818,0,149,0.41511,-0.05114,0
1786019129.7467,D_right_front_left,D,right,0,front_left,,159,167.9000,344.2000,158.6000,169.1000,78.7000,0.0000,343.2000,313.2000,29.3000,0.0000,99.0000,0.0000,174.6000,0.0000,-0.90500,-0.01700,0.35000,1.80000,11.00000,6.00000,0.18400,0.09300,0.93500,-21.38000,2.40000,163.00000,18.6,8.9,0.0,1.0,1.085698,1.268144,1.618743,-0.311882,-0.546856,2.284854,-0.089600,0.486000,0.869300,0.003200,0.133500,0.542300,0.828800,0.034500,0.635500,0.490545,1.440052,-0.100836,0.013868,1.408864,-2.774275,-1.439808,-1.345424,-0.202738,-3.066789,0.563246,1.006103,-0.710242,2.239845,0.767179,2.133299,-0.556394,-1.174809,1.507891,1,0,1.0000,1.0000,1,1,0,0,0.0000,0.0000,,,,,9433,9314,2358,1873,6497,7347,2936,1818,0,149,0.41511,-0.05114,0
1786019129.7664,D_right_front_left,D,right,0,front_left,,160,168.0000,344.2000,158.6000,169.1000,84.4000,0.0000,4.2000,317.8000,29.6000,0.0000,98.9000,0.0000,179.2000,0.0000,-0.87500,0.05100,0.32000,-4.82000,-5.57000,3.46000,0.13500,0.08500,0.91800,-24.27000,1.26000,18.77000,18.2,9.8,0.0,1.0,0.635500,0.490544,1.440052,-1.063210,-0.525860,2.644323,-0.089600,0.486000,0.869300,0.003200,0.133500,0.542300,0.828800,0.034500,0.635501,0.490546,1.440052,-0.100836,0.013868,1.408864,-2.774275,-1.439808,-1.345424,-0.202738,-3.066789,0.563246,1.006103,-0.710242,2.239845,0.767179,2.133299,-0.556394,-1.174809,1.507891,0,0,1.0000,1.0000,1,1,0,0,0.0000,0.0000,,,,,9433,9314,2358,1873,6497,7347,2936,1818,0,149,0.41511,-0.05114,0
1786019129.7879,D_right_front_left,D,right,0,front_left,,161,168.0000,344.2000,158.6000,169.1000,84.4000,0.0000,4.2000,317.8000,29.6000,0.0000,98.9000,0.0000,179.2000,0.0000,-0.87500,0.05100,0.32000,-4.82000,-5.57000,3.46000,0.13500,0.08500,0.91800,-24.27000,1.26000,18.77000,18.4,8.0,0.0,1.0,0.635500,0.490544,1.440052,-1.063210,-0.525860,2.644323,-0.089600,0.486000,0.869300,0.003200,0.133500,0.542300,0.828800,0.034500,0.635501,0.490546,1.440052,-0.100836,0.013868,1.408864,-2.774275,-1.439808,-1.345424,-0.202738,-3.066789,0.563246,1.006103,-0.710242,2.239845,0.767179,2.133299,-0.556394,-1.174809,1.507891,0,0,1.0000,1.0000,1,1,0,0,0.0000,0.0000,,,,,9433,9314,2358,1874,6497,7347,2936,1818,0,149,0.41511,-0.05114,0
1786019129.8097,D_right_front_left,D,right,0,front_left,,162,168.0000,344.2000,158.6000,169.1000,84.4000,0.0000,4.2000,317.8000,29.6000,0.0000,98.9000,0.0000,179.2000,0.0000,-0.87500,0.05100,0.32000,-4.82000,-5.57000,3.46000,0.13500,0.08500,0.91800,-24.27000,1.26000,18.77000,18.4,8.0,0.0,1.0,0.635500,0.490544,1.440052,-1.063210,-0.525860,2.644323,-0.089600,0.486000,0.869300,0.003200,0.133500,0.542300,0.828800,0.034500,0.635501,0.490546,1.440052,-0.100836,0.013868,1.408864,-2.774275,-1.439808,-1.345424,-0.202738,-3.066789,0.563246,1.006103,-0.710242,2.239845,0.767179,2.133299,-0.556394,-1.174809,1.507891,0,0,1.0000,1.0000,1,1,0,0,0.0000,0.0000,,,,,9433,9314,2358,1874,6497,7347,2936,1818,0,149,0.41511,-0.05114,0
1786019129.8264,D_right_front_left,D,right,0,front_left,,163,168.0000,344.2000,158.6000,169.1000,84.4000,0.0000,4.2000,317.8000,29.6000,0.0000,98.9000,0.0000,179.2000,0.0000,-0.87500,0.05100,0.32000,-4.82000,-5.57000,3.46000,0.13500,0.08500,0.91800,-24.27000,1.26000,18.77000,18.4,8.0,0.0,1.0,0.635500,0.490544,1.440052,-1.063210,-0.525860,2.644323,-0.089600,0.486000,0.869300,0.003200,0.133500,0.542300,0.828800,0.034500,0.635501,0.490546,1.440052,-0.100836,0.013868,1.408864,-2.774273,-1.439877,-1.346212,-0.202740,-3.065858,0.563239,1.005930,-0.710242,2.239845,0.767179,2.133299,-0.556394,-1.174809,1.507891,0,0,1.0000,1.0000,1,1,0,0,0.0000,0.0000,,,,,9433,125765,2358,1915,6497,123760,2936,1858,0,147,0.41511,-0.05114,0
1786019129.8510,D_right_front_left,D,right,0,front_left,,164,168.0000,344.2000,158.6000,169.1000,84.4000,0.0000,4.2000,317.8000,29.6000,0.0000,98.9000,0.0000,179.2000,0.0000,-0.87500,0.05100,0.32000,-4.82000,-5.57000,3.46000,0.13500,0.08500,0.91800,-24.27000,1.26000,18.77000,19.3,8.1,0.0,1.0,0.635500,0.490544,1.440052,-1.063210,-0.525860,2.644323,-0.089600,0.486000,0.869300,0.003200,0.133500,0.542300,0.828800,0.034500,0.635501,0.490546,1.440052,-0.100836,0.013868,1.408864,-2.774269,-1.439988,-1.347466,-0.202743,-3.064376,0.563226,1.005654,-0.710242,2.239845,0.767179,2.133299,-0.556394,-1.174809,1.507891,0,0,1.0000,1.0000,1,1,0,0,0.0000,0.0000,,,,,129082,125765,2368,1915,125776,123760,3306,1858,0,147,0.41511,-0.05114,0
1786019129.8681,D_right_front_left,D,right,0,front_left,,165,168.0000,344.1000,158.6000,169.2000,90.4000,0.0000,343.2000,327.6000,30.7000,0.0000,98.7000,0.0000,193.7000,0.0000,-0.89100,0.05500,0.33600,9.87000,0.69000,7.88000,0.22000,0.15000,0.90600,13.57000,13.85000,-9.14000,19.3,8.1,0.0,1.0,0.591135,0.062714,1.571152,-0.194738,-0.929557,1.933434,-0.089600,0.486000,0.869300,0.003200,0.133500,0.542300,0.828800,0.034500,0.635501,0.490546,1.440052,-0.100836,0.013868,1.408864,-2.774267,-1.440051,-1.348183,-0.202744,-3.063527,0.563219,1.005497,-0.710242,2.239845,0.767179,2.133299,-0.556394,-1.174809,1.507891,1,0,1.0000,1.0000,1,1,0,0,0.0000,0.0000,,,,,9433,9314,2358,1874,6497,7347,2936,1818,0,149,0.41511,-0.05114,0
1786019129.8919,D_right_front_left,D,right,0,front_left,,166,168.0000,344.1000,158.6000,169.2000,88.6000,0.0000,43.0000,327.6000,30.7000,0.0000,98.7000,0.0000,193.7000,0.0000,-0.89600,0.04900,0.36400,5.67000,11.36000,5.11000,0.22000,0.15000,0.90600,13.57000,13.85000,-9.14000,19.3,8.2,0.0,1.0,0.602538,0.069271,1.570636,-0.194738,-0.929557,1.933434,-0.089600,0.486000,0.869300,0.003200,0.133500,0.542300,0.828800,0.034500,0.635501,0.490546,1.440052,-0.100836,0.013868,1.408864,-2.774271,-1.440107,-1.348801,-0.202731,-3.062797,0.563221,1.005362,-0.710242,2.239845,0.767179,2.133299,-0.556394,-1.174809,1.507891,1,0,1.0000,1.0000,1,1,0,0,0.0000,0.0000,,,,,129082,125765,2368,1915,125776,123760,3306,1858,0,147,0.41511,-0.05114,0
1786019129.9087,D_right_front_left,D,right,0,front_left,,167,168.0000,344.1000,158.6000,169.2000,88.6000,0.0000,43.0000,335.4000,32.4000,0.0000,98.7000,0.0000,206.7000,0.0000,-0.89600,0.04900,0.36400,5.67000,11.36000,5.11000,0.26000,0.06500,0.91200,9.05000,11.34000,1.36000,19.4,9.4,0.0,1.0,0.602538,0.069271,1.570636,-0.194738,-0.929557,1.933434,-0.089600,0.486000,0.869300,0.003200,0.133500,0.542300,0.828800,0.034500,0.635501,0.490546,1.440052,-0.100836,0.013868,1.408864,-2.774277,-1.440122,-1.348945,-0.202717,-3.062626,0.563228,1.005331,-0.710242,2.239845,0.767179,2.133299,-0.556394,-1.174809,1.507891,1,0,1.0000,1.0000,1,1,0,0,0.0000,0.0000,,,,,9433,9314,2358,1874,6497,7347,2936,1818,0,149,0.41511,-0.05114,0
1786019129.9260,D_right_front_left,D,right,0,front_left,,168,168.0000,344.1000,158.6000,169.2000,88.6000,0.0000,43.0000,335.4000,32.4000,0.0000,98.7000,0.0000,206.7000,0.0000,-0.89600,0.04900,0.36400,5.67000,11.36000,5.11000,0.26000,0.06500,0.91200,9.05000,11.34000,1.36000,19.6,9.3,0.0,1.0,0.602538,0.069271,1.570636,-0.194738,-0.929557,1.933434,-0.089600,0.486000,0.869300,0.003200,0.133500,0.542300,0.828800,0.034500,0.635501,0.490546,1.440052,-0.100836,0.013868,1.408864,-2.774289,-1.440150,-1.349237,-0.202688,-3.062281,0.563242,1.005269,-0.710242,2.239845,0.767179,2.133299,-0.556394,-1.174809,1.507891,1,0,1.0000,1.0000,1,1,0,0,0.0000,0.0000,,,,,9433,9314,2358,1874,6497,7347,2936,1818,0,149,0.41511,-0.05114,0
1786019129.9456,D_right_front_left,D,right,0,front_left,,169,168.0000,344.1000,158.6000,169.2000,88.6000,0.0000,43.0000,335.4000,32.4000,0.0000,98.7000,0.0000,206.7000,0.0000,-0.89600,0.04900,0.36400,5.67000,11.36000,5.11000,0.26000,0.06500,0.91200,9.05000,11.34000,1.36000,19.6,9.3,0.0,1.0,0.602538,0.069271,1.570636,-0.194738,-0.929557,1.933434,-0.089600,0.486000,0.869300,0.003200,0.133500,0.542300,0.828800,0.034500,0.635501,0.490546,1.440052,-0.100836,0.013868,1.408864,-2.774294,-1.440163,-1.349371,-0.202674,-3.062122,0.563248,1.005241,-0.710242,2.239845,0.767179,2.133299,-0.556394,-1.174809,1.507891,1,0,1.0000,1.0000,1,1,0,0,0.0000,0.0000,,,,,129083,125765,2369,1916,125776,123760,3307,1858,0,147,0.41503,-0.05114,0
1786019129.9746,D_right_front_left,D,right,0,front_left,,170,168.0000,344.1000,158.6000,169.2000,88.6000,0.0000,43.0000,335.4000,32.4000,0.0000,98.7000,0.0000,206.7000,0.0000,-0.89600,0.04900,0.36400,5.67000,11.36000,5.11000,0.26000,0.06500,0.91200,9.05000,11.34000,1.36000,19.6,9.3,0.0,1.0,0.602538,0.069271,1.570636,-0.194738,-0.929557,1.933434,-0.089600,0.486000,0.869300,0.003200,0.133500,0.542300,0.828800,0.034500,0.639408,0.489952,1.438766,-0.100836,0.013868,1.408864,-2.774294,-1.440163,-1.349371,-0.202674,-3.062122,0.563248,1.005241,-0.710242,2.239845,0.767179,2.133299,-0.556394,-1.174809,1.507891,1,0,1.0000,1.0000,1,1,0,0,0.0000,0.0000,,,,,129083,9314,2369,1875,125776,7347,3307,1818,0,149,0.41503,-0.05114,0
1786019129.9990,D_right_front_left,D,right,0,front_left,,171,168.0000,344.1000,158.6000,169.2000,88.6000,0.0000,43.0000,335.4000,32.4000,0.0000,98.7000,0.0000,206.7000,0.0000,-0.89600,0.04900,0.36400,5.67000,11.36000,5.11000,0.26000,0.06500,0.91200,9.05000,11.34000,1.36000,19.6,9.3,0.0,1.0,0.602538,0.069271,1.570636,-0.194738,-0.929557,1.933434,-0.089600,0.486000,0.869300,0.003200,0.133500,0.542300,0.828800,0.034500,0.639408,0.489952,1.438766,-0.100836,0.013868,1.408864,-2.774294,-1.440163,-1.349371,-0.202674,-3.062122,0.563248,1.005241,-0.710242,2.239845,0.767179,2.133299,-0.556394,-1.174809,1.507891,1,0,1.0000,1.0000,1,1,0,0,0.0000,0.0000,,,,,129083,125765,2369,1916,125776,123760,3307,1858,0,147,0.41503,-0.05114,0
1786019130.0123,D_right_front_left,D,right,0,front_left,,172,168.0000,344.1000,158.6000,169.2000,88.6000,0.0000,43.0000,335.4000,32.4000,0.0000,98.7000,0.0000,206.7000,0.0000,-0.89600,0.04900,0.36400,5.67000,11.36000,5.11000,0.26000,0.06500,0.91200,9.05000,11.34000,1.36000,19.6,9.3,0.0,1.0,0.602538,0.069271,1.570636,-0.194738,-0.929557,1.933434,-0.089600,0.486000,0.869300,0.003200,0.133500,0.542300,0.828800,0.034500,0.639408,0.489952,1.438766,-0.100836,0.013868,1.408864,-2.774294,-1.440163,-1.349371,-0.202674,-3.062122,0.563248,1.005241,-0.710242,2.239845,0.767179,2.133299,-0.556394,-1.174809,1.507891,1,0,1.0000,1.0000,1,1,0,0,0.0000,0.0000,,,,,129083,125765,2369,1916,125776,123760,3307,1858,0,147,0.41503,-0.05114,0
1786019130.0276,D_right_front_left,D,right,0,front_left,,173,168.0000,344.1000,158.6000,169.2000,88.6000,0.0000,43.0000,335.4000,32.4000,0.0000,98.7000,0.0000,206.7000,0.0000,-0.89600,0.04900,0.36400,5.67000,11.36000,5.11000,0.26000,0.06500,0.91200,9.05000,11.34000,1.36000,19.6,9.3,0.0,1.0,0.602538,0.069271,1.570636,-0.194738,-0.929557,1.933434,-0.089600,0.486000,0.869300,0.003200,0.133500,0.542300,0.828800,0.034500,0.639408,0.489952,1.438766,-0.100836,0.013868,1.408864,-2.774294,-1.440163,-1.349371,-0.202674,-3.062122,0.563248,1.005241,-0.710242,2.239845,0.767179,2.133299,-0.556394,-1.174809,1.507891,1,0,1.0000,1.0000,1,1,0,0,0.0000,0.0000,,,,,9434,9314,2359,1875,6497,7347,2937,1818,0,149,0.41503,-0.05114,0
1786019130.0460,D_right_front_left,D,right,0,front_left,,174,168.0000,344.1000,158.6000,169.2000,88.6000,0.0000,43.0000,335.4000,32.4000,0.0000,98.7000,0.0000,206.7000,0.0000,-0.89600,0.04900,0.36400,5.67000,11.36000,5.11000,0.26000,0.06500,0.91200,9.05000,11.34000,1.36000,19.6,9.3,0.0,1.0,0.602538,0.069271,1.570636,-0.194738,-0.929557,1.933434,-0.089600,0.486000,0.869300,0.003200,0.133500,0.542300,0.828800,0.034500,0.639607,0.490037,1.437835,-0.100836,0.013868,1.408864,-2.774294,-1.440163,-1.349371,-0.202674,-3.062122,0.563248,1.005241,-0.710242,2.239845,0.767179,2.133299,-0.556394,-1.174809,1.507891,1,0,1.0000,1.0000,1,1,0,0,0.0000,0.0000,,,,,9434,9314,2359,1875,6497,7347,2937,1818,0,149,0.41503,-0.05114,0
1786019130.0689,D_right_front_left,D,right,0,front_left,,175,168.0000,344.1000,158.6000,169.2000,88.6000,0.0000,43.0000,335.4000,32.4000,0.0000,98.7000,0.0000,206.7000,0.0000,-0.89600,0.04900,0.36400,5.67000,11.36000,5.11000,0.26000,0.06500,0.91200,9.05000,11.34000,1.36000,19.6,9.3,0.0,1.0,0.602538,0.069271,1.570636,-0.194738,-0.929557,1.933434,-0.089600,0.486000,0.869300,0.003200,0.133500,0.542300,0.828800,0.034500,0.639607,0.490037,1.437835,-0.100836,0.013868,1.408864,-2.774294,-1.440163,-1.349371,-0.202674,-3.062122,0.563248,1.005241,-0.710242,2.239845,0.767179,2.133299,-0.556394,-1.174809,1.507891,1,0,1.0000,1.0000,1,1,0,0,0.0000,0.0000,,,,,9434,9314,2359,1875,6497,7347,2937,1818,0,149,0.41503,-0.05114,0
1786019130.0885,D_right_front_left,D,right,0,front_left,,176,168.0000,344.1000,158.6000,169.2000,88.6000,0.0000,43.0000,335.4000,32.4000,0.0000,98.7000,0.0000,206.7000,0.0000,-0.89600,0.04900,0.36400,5.67000,11.36000,5.11000,0.26000,0.06500,0.91200,9.05000,11.34000,1.36000,19.6,9.3,0.0,1.0,0.602538,0.069271,1.570636,-0.194738,-0.929557,1.933434,-0.089600,0.486000,0.869300,0.003200,0.133500,0.542300,0.828800,0.034500,0.639607,0.490037,1.437835,-0.100836,0.013868,1.408864,-2.774294,-1.440163,-1.349371,-0.202674,-3.062122,0.563248,1.005241,-0.710242,2.239845,0.767179,2.133299,-0.556394,-1.174809,1.507891,1,0,1.0000,1.0000,1,1,0,0,0.0000,0.0000,,,,,129083,125765,2369,1916,125776,123760,3307,1858,0,147,0.41503,-0.05114,0
1786019130.1096,D_right_front_left,D,right,0,front_left,,177,168.0000,344.1000,158.6000,169.2000,88.6000,0.0000,43.0000,335.4000,32.4000,0.0000,98.7000,0.0000,206.7000,0.0000,-0.89600,0.04900,0.36400,5.67000,11.36000,5.11000,0.26000,0.06500,0.91200,9.05000,11.34000,1.36000,19.6,9.3,0.0,1.0,0.602538,0.069271,1.570636,-0.194738,-0.929557,1.933434,-0.089600,0.486000,0.869300,0.003200,0.133500,0.542300,0.828800,0.034500,0.639810,0.490119,1.436900,-0.100836,0.013868,1.408864,-2.769603,-1.434265,-1.343731,-0.209022,3.223605,0.556900,0.999601,-0.710242,2.239845,0.767179,2.133299,-0.556394,-1.174809,1.507891,1,0,1.0000,1.0000,1,1,0,0,0.0000,0.0000,,,,,129083,9314,2369,1875,125776,7347,3307,1818,0,149,0.41503,-0.05114,0
1786019130.1292,D_right_front_left,D,right,0,front_left,,178,168.0000,344.1000,158.6000,169.2000,88.6000,0.0000,43.0000,335.4000,32.4000,0.0000,98.7000,0.0000,206.7000,0.0000,-0.89600,0.04900,0.36400,5.67000,11.36000,5.11000,0.26000,0.06500,0.91200,9.05000,11.34000,1.36000,19.6,9.3,0.0,1.0,0.602538,0.069271,1.570636,-0.194738,-0.929557,1.933434,-0.089600,0.486000,0.869300,0.003200,0.133500,0.542300,0.828800,0.034500,0.639810,0.490119,1.436900,-0.100836,0.013868,1.408864,-2.769019,-1.434459,-1.344418,-0.209685,3.222925,0.556237,1.000287,-0.710242,2.239845,0.767179,2.133299,-0.556394,-1.174809,1.507891,1,0,1.0000,1.0000,1,1,0,0,0.0000,0.0000,,,,,129083,125765,2369,1916,125776,123760,3307,1858,0,147,0.41503,-0.05114,0
1786019130.1463,D_right_front_left,D,right,0,front_left,,179,168.0000,344.1000,158.6000,169.2000,88.6000,0.0000,43.0000,335.4000,32.4000,0.0000,98.7000,0.0000,206.7000,0.0000,-0.89600,0.04900,0.36400,5.67000,11.36000,5.11000,0.26000,0.06500,0.91200,9.05000,11.34000,1.36000,19.6,9.3,0.0,1.0,0.602538,0.069271,1.570636,-0.194738,-0.929557,1.933434,-0.089600,0.486000,0.869300,0.003200,0.133500,0.542300,0.828800,0.034500,0.639810,0.490119,1.436900,-0.100836,0.013868,1.408864,-2.767798,-1.434865,-1.345853,-0.211072,3.221503,0.554851,1.001722,-0.710242,2.239845,0.767179,2.133299,-0.556394,-1.174809,1.507891,1,0,1.0000,1.0000,1,1,0,0,0.0000,0.0000,,,,,9434,9314,2359,1875,6497,7347,2937,1818,0,149,0.41503,-0.05114,0
1786019130.1673,D_right_front_left,D,right,0,front_left,,180,168.0000,344.1000,158.6000,169.2000,88.6000,0.0000,43.0000,335.4000,32.4000,0.0000,98.7000,0.0000,206.7000,0.0000,-0.89600,0.04900,0.36400,5.67000,11.36000,5.11000,0.26000,0.06500,0.91200,9.05000,11.34000,1.36000,19.6,9.3,0.0,1.0,0.602538,0.069271,1.570636,-0.194738,-0.929557,1.933434,-0.089600,0.486000,0.869300,0.003200,0.133500,0.542300,0.828800,0.034500,0.639810,0.490119,1.436900,-0.100836,0.013868,1.408864,-2.766876,-1.435172,-1.346936,-0.212118,3.220429,0.553804,1.002805,-0.710242,2.239845,0.767179,2.133299,-0.556394,-1.174809,1.507891,1,0,1.0000,1.0000,1,1,0,0,0.0000,0.0000,,,,,129083,125765,2369,1916,125776,123760,3307,1858,0,147,0.41503,-0.05114,0
1786019130.1888,D_right_front_left,D,right,0,front_left,,181,168.0000,344.1000,158.6000,169.2000,88.6000,0.0000,43.0000,335.4000,32.4000,0.0000,98.7000,0.0000,206.7000,0.0000,-0.89600,0.04900,0.36400,5.67000,11.36000,5.11000,0.26000,0.06500,0.91200,9.05000,11.34000,1.36000,19.6,9.3,0.0,1.0,0.602538,0.069271,1.570636,-0.194738,-0.929557,1.933434,-0.089600,0.486000,0.869300,0.003200,0.133500,0.542300,0.828800,0.034500,0.640015,0.490198,1.435967,-0.100836,0.013868,1.408864,-2.766264,-1.435375,-1.347655,-0.212813,3.219716,0.553109,1.003524,-0.710242,2.239845,0.767179,2.133299,-0.556394,-1.174809,1.507891,1,0,1.0000,1.0000,1,1,0,0,0.0000,0.0000,,,,,129083,125765,2369,1916,125776,123760,3307,1858,0,147,0.41503,-0.05114,0
1786019130.2055,D_right_front_left,D,right,0,front_left,,182,168.0000,344.1000,158.6000,169.2000,88.6000,0.0000,43.0000,335.4000,32.4000,0.0000,98.7000,0.0000,206.7000,0.0000,-0.89600,0.04900,0.36400,5.67000,11.36000,5.11000,0.26000,0.06500,0.91200,9.05000,11.34000,1.36000,19.6,9.3,0.0,1.0,0.602538,0.069271,1.570636,-0.194738,-0.929557,1.933434,-0.089600,0.486000,0.869300,0.003200,0.133500,0.542300,0.828800,0.034500,0.640015,0.490198,1.435967,-0.100836,0.013868,1.408864,-2.765652,-1.435579,-1.348375,-0.213509,3.219003,0.552414,1.004244,-0.710242,2.239845,0.767179,2.133299,-0.556394,-1.174809,1.507891,1,0,1.0000,1.0000,1,1,0,0,0.0000,0.0000,,,,,129083,125765,2369,1916,125776,123760,3307,1858,0,147,0.41503,-0.05114,0
1786019130.2270,D_right_front_left,D,right,0,front_left,,183,168.0000,344.1000,158.6000,169.2000,88.6000,0.0000,43.0000,335.4000,32.4000,0.0000,98.7000,0.0000,206.7000,0.0000,-0.89600,0.04900,0.36400,5.67000,11.36000,5.11000,0.26000,0.06500,0.91200,9.05000,11.34000,1.36000,19.6,9.3,0.0,1.0,0.602538,0.069271,1.570636,-0.194738,-0.929557,1.933434,-0.089600,0.486000,0.869300,0.003200,0.133500,0.542300,0.828800,0.034500,0.640015,0.490198,1.435967,-0.100836,0.013868,1.408864,-2.764735,-1.435883,-1.349452,-0.214550,3.217934,0.551372,1.005322,-0.710242,2.239845,0.767179,2.133299,-0.556394,-1.174809,1.507891,1,0,1.0000,1.0000,1,1,0,0,0.0000,0.0000,,,,,9434,9314,2359,1875,6497,7347,2937,1818,0,149,0.41503,-0.05114,0
1786019130.2496,D_right_front_left,D,right,0,front_left,,184,168.0000,344.1000,158.6000,169.2000,88.6000,0.0000,43.0000,335.4000,32.4000,0.0000,98.7000,0.0000,206.7000,0.0000,-0.89600,0.04900,0.36400,5.67000,11.36000,5.11000,0.26000,0.06500,0.91200,9.05000,11.34000,1.36000,19.6,9.3,0.0,1.0,0.602538,0.069271,1.570636,-0.194738,-0.929557,1.933434,-0.089600,0.486000,0.869300,0.003200,0.133500,0.542300,0.828800,0.034500,0.640223,0.490274,1.435032,-0.100836,0.013868,1.408864,-2.763195,-1.436395,-1.351262,-0.216299,3.216141,0.549624,1.007131,-0.710242,2.239845,0.767179,2.133299,-0.556394,-1.174809,1.507891,1,0,1.0000,1.0000,1,1,0,0,0.0000,0.0000,,,,,129083,9314,2369,1875,125776,7347,3307,1818,0,149,0.41503,-0.05114,0
1786019130.2667,D_right_front_left,D,right,0,front_left,,185,168.0000,344.1000,158.6000,169.2000,88.6000,0.0000,43.0000,335.4000,32.4000,0.0000,98.7000,0.0000,206.7000,0.0000,-0.89600,0.04900,0.36400,5.67000,11.36000,5.11000,0.26000,0.06500,0.91200,9.05000,11.34000,1.36000,19.6,9.3,0.0,1.0,0.602538,0.069271,1.570636,-0.194738,-0.929557,1.933434,-0.089600,0.486000,0.869300,0.003200,0.133500,0.542300,0.828800,0.034500,0.640223,0.490274,1.435032,-0.100836,0.013868,1.408864,-2.761976,-1.436800,-1.352694,-0.217683,3.214721,0.548240,1.008564,-0.710242,2.239845,0.767179,2.133299,-0.556394,-1.174809,1.507891,1,0,1.0000,1.0000,1,1,0,0,0.0000,0.0000,,,,,9434,9314,2359,1875,6497,7347,2937,1818,0,149,0.41503,-0.05114,0
1786019130.2871,D_right_front_left,D,right,0,front_left,,186,168.0000,344.1000,158.6000,169.2000,88.6000,0.0000,43.0000,335.4000,32.4000,0.0000,98.7000,0.0000,206.7000,0.0000,-0.89600,0.04900,0.36400,5.67000,11.36000,5.11000,0.26000,0.06500,0.91200,9.05000,11.34000,1.36000,19.6,9.3,0.0,1.0,0.602538,0.069271,1.570636,-0.194738,-0.929557,1.933434,-0.089600,0.486000,0.869300,0.003200,0.133500,0.542300,0.828800,0.034500,0.640223,0.490274,1.435032,-0.100836,0.013868,1.408864,-2.760752,-1.437208,-1.354133,-0.219073,3.213294,0.546849,1.010003,-0.710242,2.239845,0.767179,2.133299,-0.556394,-1.174809,1.507891,1,0,1.0000,1.0000,1,1,0,0,0.0000,0.0000,,,,,9434,9314,2359,1875,6497,7347,2937,1818,0,149,0.41503,-0.05114,0
1786019130.3147,D_right_front_left,D,right,0,front_left,,187,168.0000,344.1000,158.6000,169.2000,88.6000,0.0000,43.0000,335.4000,32.4000,0.0000,98.7000,0.0000,206.7000,0.0000,-0.89600,0.04900,0.36400,5.67000,11.36000,5.11000,0.26000,0.06500,0.91200,9.05000,11.34000,1.36000,19.6,9.3,0.0,1.0,0.602538,0.069271,1.570636,-0.194738,-0.929557,1.933434,-0.089600,0.486000,0.869300,0.003200,0.133500,0.542300,0.828800,0.034500,0.640437,0.490348,1.434088,-0.100836,0.013868,1.408864,-2.759217,-1.437718,-1.355936,-0.220815,3.211507,0.545107,1.011806,-0.710242,2.239845,0.767179,2.133299,-0.556394,-1.174809,1.507891,1,0,1.0000,1.0000,1,1,0,0,0.0000,0.0000,,,,,129083,9314,2369,1875,125776,7347,3307,1818,0,149,0.41503,-0.05114,0
1786019130.3300,D_right_front_left,D,right,0,front_left,,188,168.0000,344.1000,158.6000,169.2000,88.6000,0.0000,43.0000,335.4000,32.4000,0.0000,98.7000,0.0000,206.7000,0.0000,-0.89600,0.04900,0.36400,5.67000,11.36000,5.11000,0.26000,0.06500,0.91200,9.05000,11.34000,1.36000,19.6,9.3,0.0,1.0,0.602538,0.069271,1.570636,-0.194738,-0.929557,1.933434,-0.089600,0.486000,0.869300,0.003200,0.133500,0.542300,0.828800,0.034500,0.640437,0.490348,1.434088,-0.100836,0.013868,1.408864,-2.758595,-1.437925,-1.356668,-0.221523,3.210781,0.544400,1.012538,-0.710242,2.239845,0.767179,2.133299,-0.556394,-1.174809,1.507891,1,0,1.0000,1.0000,1,1,0,0,0.0000,0.0000,,,,,129083,9314,2369,1875,125776,7347,3307,1818,0,149,0.41503,-0.05114,0
1786019130.3509,D_right_front_left,D,right,0,front_left,,189,168.1000,344.0000,158.6000,169.1000,88.6000,0.0000,343.4000,360.0000,38.0000,0.0000,98.0000,0.0000,245.1000,0.0000,-0.88100,0.04800,0.31300,-0.83000,-0.69000,-2.50000,0.20400,0.24200,0.93000,13.42000,9.60000,6.27000,16.9,8.3,0.0,1.0,1.089041,1.269083,1.619807,-0.311882,-0.546856,2.284854,-0.089600,0.486000,0.869300,0.003200,0.133500,0.542300,0.828800,0.034500,0.640437,0.490348,1.434088,-0.100836,0.013868,1.408864,-2.757947,-1.438140,-1.357429,-0.222258,3.210027,0.543664,1.013299,-0.710242,2.239845,0.767179,2.133299,-0.556394,-1.174809,1.507891,1,0,1.0000,1.0000,1,1,0,0,0.0000,0.0000,,,,,129083,125765,2369,1916,125776,123760,3307,1858,0,147,0.41503,-0.05114,0
1786019130.3811,D_right_front_left,D,right,0,front_left,,190,168.0000,344.0000,158.6000,169.1000,87.8000,0.0000,343.3000,360.0000,38.3000,0.0000,98.0000,0.0000,246.0000,0.0000,-0.86600,0.04100,0.31600,1.13000,-1.94000,-0.86000,0.17100,0.18300,0.92600,14.24000,9.82000,-7.84000,18.8,8.3,0.0,1.0,0.635500,0.490544,1.440052,-1.063210,-0.525860,2.644323,-0.089600,0.486000,0.869300,0.003200,0.133500,0.542300,0.828800,0.034500,0.640437,0.490348,1.434088,-0.100836,0.013868,1.408864,-2.756760,-1.438535,-1.358824,-0.223606,3.208644,0.542316,1.014694,-0.710242,2.239845,0.767179,2.133299,-0.556394,-1.174809,1.507891,0,0,1.0000,1.0000,1,1,0,0,0.0000,0.0000,,,,,9434,9314,2359,1875,6497,7347,2937,1818,0,149,0.41503,-0.05114,0
1786019130.4008,D_right_front_left,D,right,0,front_left,,191,168.0000,344.0000,158.6000,169.1000,87.8000,0.0000,343.3000,360.0000,39.5000,0.0000,98.0000,0.0000,248.3000,0.0000,-0.86600,0.04100,0.31600,1.13000,-1.94000,-0.86000,0.15200,0.22800,0.93500,11.23000,0.76000,-13.41000,18.8,8.3,0.0,1.0,0.635500,0.490544,1.440052,-0.311882,-0.546856,2.284854,-0.089600,0.486000,0.869300,0.003200,0.133500,0.542300,0.828800,0.034500,0.640655,0.490420,1.433135,-0.100836,0.013868,1.408864,-2.756147,-1.438738,-1.359544,-0.224302,3.207930,0.541621,1.015414,-0.710242,2.239845,0.767179,2.133299,-0.556394,-1.174809,1.507891,0,0,1.0000,1.0000,1,1,0,0,0.0000,0.0000,,,,,9434,9314,2359,1875,6497,7347,2937,1818,0,149,0.41503,-0.05114,0
1786019130.4069,D_right_front_left,D,right,0,front_left,,192,168.0000,344.0000,158.6000,169.1000,87.8000,0.0000,343.3000,360.0000,39.5000,0.0000,98.0000,0.0000,248.3000,0.0000,-0.86600,0.04100,0.31600,1.13000,-1.94000,-0.86000,0.15200,0.22800,0.93500,11.23000,0.76000,-13.41000,18.8,8.3,0.0,1.0,0.635500,0.490544,1.440052,-0.311882,-0.546856,2.284854,-0.089600,0.486000,0.869300,0.003200,0.133500,0.542300,0.828800,0.034500,0.640655,0.490420,1.433135,-0.100836,0.013868,1.408864,-2.755507,-1.438951,-1.360297,-0.225029,3.207185,0.540894,1.016166,-0.710242,2.239845,0.767179,2.133299,-0.556394,-1.174809,1.507891,0,0,1.0000,1.0000,1,1,0,0,0.0000,0.0000,,,,,9434,125765,2359,1916,6497,123760,2937,1858,0,147,0.41503,-0.05114,0
1786019130.4256,D_right_front_left,D,right,0,front_left,,193,168.0000,344.0000,158.6000,169.1000,87.8000,0.0000,343.3000,360.0000,39.5000,0.0000,98.0000,0.0000,248.3000,0.0000,-0.86600,0.04100,0.31600,1.13000,-1.94000,-0.86000,0.15200,0.22800,0.93500,11.23000,0.76000,-13.41000,18.8,8.3,0.0,1.0,0.635500,0.490544,1.440052,-0.311882,-0.546856,2.284854,-0.089600,0.486000,0.869300,0.003200,0.133500,0.542300,0.828800,0.034500,0.640655,0.490420,1.433135,-0.100836,0.013868,1.408864,-2.755234,-1.439042,-1.360618,-0.225339,3.206866,0.540583,1.016487,-0.710242,2.239845,0.767179,2.133299,-0.556394,-1.174809,1.507891,0,0,1.0000,1.0000,1,1,0,0,0.0000,0.0000,,,,,9434,9314,2359,1875,6497,7347,2937,1818,0,149,0.41503,-0.05114,0
1786019130.4552,D_right_front_left,D,right,0,front_left,,194,168.0000,344.0000,158.6000,169.1000,87.8000,0.0000,343.3000,360.0000,39.5000,0.0000,98.0000,0.0000,248.3000,0.0000,-0.86600,0.04100,0.31600,1.13000,-1.94000,-0.86000,0.15200,0.22800,0.93500,11.23000,0.76000,-13.41000,18.8,8.3,0.0,1.0,0.635500,0.490544,1.440052,-0.311882,-0.546856,2.284854,-0.089600,0.486000,0.869300,0.003200,0.133500,0.542300,0.828800,0.034500,0.640655,0.490420,1.433135,-0.100836,0.013868,1.408864,-2.754316,-1.439347,-1.361696,-0.226381,3.205797,0.539541,1.017566,-0.710242,2.239845,0.767179,2.133299,-0.556394,-1.174809,1.507891,0,0,1.0000,1.0000,1,1,0,0,0.0000,0.0000,,,,,129083,9314,2369,1875,125776,7347,3307,1818,0,149,0.41503,-0.05114,0
1786019130.4663,D_right_front_left,D,right,0,front_left,,195,168.0000,344.0000,158.6000,169.1000,87.8000,0.0000,343.3000,360.0000,39.5000,0.0000,98.0000,0.0000,248.3000,0.0000,-0.86600,0.04100,0.31600,1.13000,-1.94000,-0.86000,0.15200,0.22800,0.93500,11.23000,0.76000,-13.41000,17.7,9.9,0.0,1.0,0.635500,0.490544,1.440052,-0.311882,-0.546856,2.284854,-0.089600,0.486000,0.869300,0.003200,0.133500,0.542300,0.828800,0.034500,0.640655,0.490420,1.433135,-0.100836,0.013868,1.408864,-2.753955,-1.439467,-1.362120,-0.226791,3.205377,0.539132,1.017989,-0.710242,2.239845,0.767179,2.133299,-0.556394,-1.174809,1.507891,0,0,1.0000,1.0000,1,1,0,0,0.0000,0.0000,,,,,129083,125765,2369,1916,125776,123760,3307,1858,0,147,0.41503,-0.05114,0
1786019130.4893,D_right_front_left,D,right,0,front_left,,196,168.0000,344.0000,158.6000,169.1000,87.8000,0.0000,343.3000,360.0000,39.5000,0.0000,98.0000,0.0000,248.3000,0.0000,-0.86600,0.04100,0.31600,1.13000,-1.94000,-0.86000,0.15200,0.22800,0.93500,11.23000,0.76000,-13.41000,18.8,9.7,0.0,1.0,0.635500,0.490544,1.440052,-0.311882,-0.546856,2.284854,-0.089600,0.486000,0.869300,0.003200,0.133500,0.542300,0.828800,0.034500,0.640869,0.490486,1.432211,-0.100836,0.013868,1.408864,-2.753604,-1.439584,-1.362533,-0.227190,3.204968,0.538733,1.018402,-0.710242,2.239845,0.767179,2.133299,-0.556394,-1.174809,1.507891,0,0,1.0000,1.0000,1,1,0,0,0.0000,0.0000,,,,,9434,9314,2359,1875,6497,7347,2937,1818,0,149,0.41503,-0.05114,0
1786019130.5069,D_right_front_left,D,right,0,front_left,,197,168.0000,344.0000,158.6000,169.1000,87.8000,0.0000,343.3000,360.0000,39.5000,0.0000,98.0000,0.0000,248.3000,0.0000,-0.86600,0.04100,0.31600,1.13000,-1.94000,-0.86000,0.15200,0.22800,0.93500,11.23000,0.76000,-13.41000,18.8,9.7,0.0,1.0,0.635500,0.490544,1.440052,-0.311882,-0.546856,2.284854,-0.089600,0.486000,0.869300,0.003200,0.133500,0.542300,0.828800,0.034500,0.640869,0.490486,1.432211,-0.100836,0.013868,1.408864,-2.753171,-1.439728,-1.363042,-0.227682,3.204463,0.538241,1.018912,-0.710242,2.239845,0.767179,2.133299,-0.556394,-1.174809,1.507891,0,0,1.0000,1.0000,1,1,0,0,0.0000,0.0000,,,,,129083,125765,2369,1916,125776,123760,3307,1858,0,147,0.41503,-0.05114,0
1786019130.5344,D_right_front_left,D,right,0,front_left,,198,168.0000,344.1000,18.6216,169.2000,96.8000,0.0000,343.3000,360.0000,42.8000,0.0000,98.0000,0.0000,254.3000,0.0000,-0.87500,0.02200,0.37200,5.12000,0.15000,1.68000,0.16000,0.18400,0.92500,-1.66000,0.55000,-4.36000,18.8,8.3,0.0,1.0,0.608579,0.073352,1.569759,-0.194738,-0.929557,1.933434,-0.089600,0.486000,0.869300,0.003200,0.133500,0.542300,0.828800,0.034500,0.641093,0.490552,1.431261,-0.100836,0.013868,1.408864,-2.752778,-1.439858,-1.363503,-0.228128,3.204006,0.537795,1.019373,-0.710242,2.239845,0.767179,2.133299,-0.556394,-1.174809,1.507891,1,0,1.0000,1.0000,1,1,0,0,0.0000,0.0000,,,,,129083,125765,2369,1916,125776,123760,3307,1858,0,147,0.41503,-0.05114,0
1786019130.5464,D_right_front_left,D,right,0,front_left,,199,168.0000,344.1000,18.6216,169.2000,96.8000,0.0000,343.3000,360.0000,42.8000,0.0000,98.0000,0.0000,254.3000,0.0000,-0.87500,0.02200,0.37200,5.12000,0.15000,1.68000,0.16000,0.18400,0.92500,-1.66000,0.55000,-4.36000,18.8,8.3,0.0,1.0,0.608579,0.073352,1.569759,-0.194738,-0.929557,1.933434,-0.089600,0.486000,0.869300,0.003200,0.133500,0.542300,0.828800,0.034500,0.641093,0.490552,1.431261,-0.100836,0.013868,1.408864,-2.752156,-1.440065,-1.364234,-0.228834,3.203281,0.537089,1.020104,-0.710242,2.239845,0.767179,2.133299,-0.556394,-1.174809,1.507891,1,0,1.0000,1.0000,1,1,0,0,0.0000,0.0000,,,,,9434,125765,2359,1916,6497,123760,2937,1858,0,147,0.41503,-0.05114,0
1786019130.5664,D_right_front_left,D,right,0,front_left,,200,168.0000,344.1000,18.6216,169.2000,96.8000,0.0000,343.3000,360.0000,42.8000,0.0000,98.0000,0.0000,254.3000,0.0000,-0.87500,0.02200,0.37200,5.12000,0.15000,1.68000,0.16000,0.18400,0.92500,-1.66000,0.55000,-4.36000,18.8,8.3,0.0,1.0,0.608579,0.073352,1.569759,-0.194738,-0.929557,1.933434,-0.089600,0.486000,0.869300,0.003200,0.133500,0.542300,0.828800,0.034500,0.641093,0.490552,1.431261,-0.100836,0.013868,1.408864,-2.751446,-1.440301,-1.365069,-0.229640,3.202454,0.536282,1.020938,-0.710242,2.239845,0.767179,2.133299,-0.556394,-1.174809,1.507891,1,0,1.0000,1.0000,1,1,0,0,0.0000,0.0000,,,,,129083,125765,2369,1916,125776,123760,3307,1858,0,147,0.41503,-0.05114,0
1786019130.5896,D_right_front_left,D,right,0,front_left,,201,167.9000,344.1000,158.6000,169.2000,96.2000,0.0000,343.3000,360.0000,44.2000,0.0000,98.0000,0.0000,256.6000,0.0000,-0.86500,0.03300,0.36200,-0.72000,7.14000,2.73000,0.14000,0.22300,0.91700,-4.02000,3.14000,9.34000,18.8,8.3,0.0,1.0,1.087533,1.268656,1.619372,-0.311882,-0.546856,2.284854,-0.089600,0.486000,0.869300,0.003200,0.133500,0.542300,0.828800,0.034500,0.641316,0.490614,1.430322,-0.100836,0.013868,1.408864,-2.750331,-1.440672,-1.366379,-0.230906,3.201155,0.535016,1.022248,-0.710242,2.239845,0.767179,2.133299,-0.556394,-1.174809,1.507891,1,0,1.0000,1.0000,1,1,0,0,0.0000,0.0000,,,,,129083,9314,2370,1876,125776,7347,3307,1818,0,149,0.41503,-0.05114,0
1786019130.6115,D_right_front_left,D,right,0,front_left,,202,167.9000,344.1000,158.6000,169.2000,96.2000,0.0000,343.3000,360.0000,44.2000,0.0000,98.0000,0.0000,256.6000,0.0000,-0.86500,0.03300,0.36200,-0.72000,7.14000,2.73000,0.14000,0.22300,0.91700,-4.02000,3.14000,9.34000,18.8,8.3,0.0,1.0,1.087533,1.268656,1.619372,-0.311882,-0.546856,2.284854,-0.089600,0.486000,0.869300,0.003200,0.133500,0.542300,0.828800,0.034500,0.641316,0.490614,1.430322,-0.100836,0.013868,1.408864,-2.749408,-1.440979,-1.367464,-0.231954,3.200080,0.533968,1.023333,-0.710242,2.239845,0.767179,2.133299,-0.556394,-1.174809,1.507891,1,0,1.0000,1.0000,1,1,0,0,0.0000,0.0000,,,,,129083,125765,2370,1917,125776,123760,3307,1858,0,147,0.41503,-0.05114,0
1786019130.6321,D_right_front_left,D,right,0,front_left,,203,167.9000,344.1000,158.4000,169.3000,96.3000,0.0000,343.2000,360.0000,45.1000,0.0000,98.0000,0.0000,259.1000,0.0000,-0.88400,0.04000,0.37100,-2.27000,4.18000,1.98000,0.14500,0.19700,0.90300,3.09000,8.85000,-2.16000,13.9,4.5,0.0,1.0,0.635500,0.490544,1.440052,-1.063210,-0.525860,2.644323,-0.089600,0.486000,0.869300,0.003200,0.133500,0.542300,0.828800,0.034500,0.641316,0.490614,1.430322,-0.100836,0.013868,1.408864,-2.748799,-1.441181,-1.368180,-0.232646,3.199370,0.533276,1.024049,-0.710242,2.239845,0.767179,2.133299,-0.556394,-1.174809,1.507891,0,0,1.0000,1.0000,1,1,0,0,0.0000,0.0000,,,,,9434,9314,2360,1876,6497,7347,2937,1818,0,149,0.41503,-0.05114,0
1786019130.6505,D_right_front_left,D,right,0,front_left,,204,167.9000,344.1000,158.4000,169.3000,96.3000,0.0000,343.2000,360.0000,45.1000,0.0000,98.0000,0.0000,259.1000,0.0000,-0.88400,0.04000,0.37100,-2.27000,4.18000,1.98000,0.14500,0.19700,0.90300,3.09000,8.85000,-2.16000,13.9,4.5,0.0,1.0,0.635500,0.490544,1.440052,-1.063210,-0.525860,2.644323,-0.089600,0.486000,0.869300,0.003200,0.133500,0.542300,0.828800,0.034500,0.641316,0.490614,1.430322,-0.100836,0.013868,1.408864,-2.748188,-1.441384,-1.368898,-0.233340,3.198658,0.532583,1.024767,-0.710242,2.239845,0.767179,2.133299,-0.556394,-1.174809,1.507891,0,0,1.0000,1.0000,1,1,0,0,0.0000,0.0000,,,,,129083,125765,2370,1917,125776,123760,3307,1858,0,147,0.41503,-0.05114,0
1786019130.6704,D_right_front_left,D,right,0,front_left,,205,167.8000,344.1000,158.5000,169.3000,94.3000,0.0000,343.2000,360.0000,45.6000,0.0000,98.0000,0.0000,260.1000,0.0000,-0.87100,0.04000,0.34300,-1.67000,0.48000,2.18000,0.11700,0.23500,0.91300,-3.23000,3.11000,4.04000,14.7,4.0,0.0,1.0,0.615134,0.076746,1.569737,-0.194738,-0.929557,1.933434,-0.089600,0.486000,0.869300,0.003200,0.133500,0.542300,0.828800,0.034500,0.641544,0.490673,1.429375,-0.100836,0.013868,1.408864,-2.747879,-1.441487,-1.369260,-0.233690,3.198299,0.532232,1.025130,-0.710242,2.239845,0.767179,2.133299,-0.556394,-1.174809,1.507891,1,0,1.0000,1.0000,1,1,0,0,0.0000,0.0000,,,,,9434,9314,2360,1876,6497,7347,2937,1818,0,149,0.41503,-0.05114,0
1786019130.6889,D_right_front_left,D,right,0,front_left,,206,167.8000,344.1000,158.5000,169.3000,94.3000,0.0000,343.2000,360.0000,45.6000,0.0000,98.0000,0.0000,260.1000,0.0000,-0.87100,0.04000,0.34300,-1.67000,0.48000,2.18000,0.11700,0.23500,0.91300,-3.23000,3.11000,4.04000,14.7,4.0,0.0,1.0,0.615134,0.076746,1.569737,-0.194738,-0.929557,1.933434,-0.089600,0.486000,0.869300,0.003200,0.133500,0.542300,0.828800,0.034500,0.641544,0.490673,1.429375,-0.100836,0.013868,1.408864,-2.746961,-1.441792,-1.370339,-0.234733,3.197229,0.531189,1.026209,-0.710242,2.239845,0.767179,2.133299,-0.556394,-1.174809,1.507891,1,0,1.0000,1.0000,1,1,0,0,0.0000,0.0000,,,,,9434,9314,2360,1876,6497,7347,2937,1818,0,149,0.41503,-0.05114,0
1786019130.7091,D_right_front_left,D,right,0,front_left,,207,167.8000,344.1000,158.5000,169.3000,94.3000,0.0000,343.2000,360.0000,45.6000,0.0000,98.0000,0.0000,260.1000,0.0000,-0.87100,0.04000,0.34300,-1.67000,0.48000,2.18000,0.11700,0.23500,0.91300,-3.23000,3.11000,4.04000,14.7,4.0,0.0,1.0,0.615134,0.076746,1.569737,-0.194738,-0.929557,1.933434,-0.089600,0.486000,0.869300,0.003200,0.133500,0.542300,0.828800,0.034500,0.641544,0.490673,1.429375,-0.100836,0.013868,1.408864,-2.746651,-1.441895,-1.370704,-0.235085,3.196868,0.530837,1.026573,-0.710242,2.239845,0.767179,2.133299,-0.556394,-1.174809,1.507891,1,0,1.0000,1.0000,1,1,0,0,0.0000,0.0000,,,,,9434,9314,2360,1876,6497,7347,2937,1818,0,149,0.41503,-0.05114,0
1786019130.7426,D_right_front_left,D,right,0,front_left,,208,167.8000,344.1000,158.5000,169.3000,94.3000,0.0000,343.2000,360.0000,45.6000,0.0000,98.0000,0.0000,260.1000,0.0000,-0.87100,0.04000,0.34300,-1.67000,0.48000,2.18000,0.11700,0.23500,0.91300,-3.23000,3.11000,4.04000,14.7,4.0,0.0,1.0,0.615134,0.076746,1.569737,-0.194738,-0.929557,1.933434,-0.089600,0.486000,0.869300,0.003200,0.133500,0.542300,0.828800,0.034500,0.641775,0.490730,1.428427,-0.100836,0.013868,1.408864,-2.745736,-1.442199,-1.371779,-0.236124,3.195802,0.529799,1.027648,-0.710242,2.239845,0.767179,2.133299,-0.556394,-1.174809,1.507891,1,0,1.0000,1.0000,1,1,0,0,0.0000,0.0000,,,,,9434,125765,2360,1917,6497,123760,2937,1858,0,147,0.41503,-0.05114,0
1786019130.7526,D_right_front_left,D,right,0,front_left,,209,167.8000,344.1000,158.5000,169.3000,94.3000,0.0000,343.2000,360.0000,45.6000,0.0000,98.0000,0.0000,260.1000,0.0000,-0.87100,0.04000,0.34300,-1.67000,0.48000,2.18000,0.11700,0.23500,0.91300,-3.23000,3.11000,4.04000,14.7,4.0,0.0,1.0,0.615134,0.076746,1.569737,-0.194738,-0.929557,1.933434,-0.089600,0.486000,0.869300,0.003200,0.133500,0.542300,0.828800,0.034500,0.641775,0.490730,1.428427,-0.100836,0.013868,1.408864,-2.745422,-1.442303,-1.372148,-0.236480,3.195437,0.529442,1.028017,-0.710242,2.239845,0.767179,2.133299,-0.556394,-1.174809,1.507891,1,0,1.0000,1.0000,1,1,0,0,0.0000,0.0000,,,,,129083,9314,2370,1876,125776,7347,3307,1818,0,149,0.41503,-0.05114,0
1786019130.7712,D_right_front_left,D,right,0,front_left,,210,167.8000,344.1000,158.5000,169.3000,94.3000,0.0000,343.2000,360.0000,45.6000,0.0000,98.0000,0.0000,260.1000,0.0000,-0.87100,0.04000,0.34300,-1.67000,0.48000,2.18000,0.11700,0.23500,0.91300,-3.23000,3.11000,4.04000,14.7,4.0,0.0,1.0,0.615134,0.076746,1.569737,-0.194738,-0.929557,1.933434,-0.089600,0.486000,0.869300,0.003200,0.133500,0.542300,0.828800,0.034500,0.641775,0.490730,1.428427,-0.100836,0.013868,1.408864,-2.744512,-1.442606,-1.373218,-0.237515,3.194376,0.528408,1.029087,-0.710242,2.239845,0.767179,2.133299,-0.556394,-1.174809,1.507891,1,0,1.0000,1.0000,1,1,0,0,0.0000,0.0000,,,,,9434,9314,2361,1876,6497,7347,2937,1818,0,149,0.41503,-0.05114,0
1786019130.7862,D_right_front_left,D,right,0,front_left,,211,167.8000,344.1000,158.5000,169.3000,94.3000,0.0000,343.2000,360.0000,45.6000,0.0000,98.0000,0.0000,260.1000,0.0000,-0.87100,0.04000,0.34300,-1.67000,0.48000,2.18000,0.11700,0.23500,0.91300,-3.23000,3.11000,4.04000,14.7,4.0,0.0,1.0,0.615134,0.076746,1.569737,-0.194738,-0.929557,1.933434,-0.089600,0.486000,0.869300,0.003200,0.133500,0.542300,0.828800,0.034500,0.641775,0.490730,1.428427,-0.100836,0.013868,1.408864,-2.744188,-1.442714,-1.373598,-0.237882,3.193999,0.528041,1.029467,-0.710242,2.239845,0.767179,2.133299,-0.556394,-1.174809,1.507891,1,0,1.0000,1.0000,1,1,0,0,0.0000,0.0000,,,,,9434,9314,2361,1877,6497,7347,2937,1818,0,149,0.41503,-0.05114,0
1786019130.8062,D_right_front_left,D,right,0,front_left,,212,167.8000,344.1000,158.5000,169.3000,94.3000,0.0000,343.2000,360.0000,45.6000,0.0000,98.0000,0.0000,260.1000,0.0000,-0.87100,0.04000,0.34300,-1.67000,0.48000,2.18000,0.11700,0.23500,0.91300,-3.23000,3.11000,4.04000,14.7,4.0,0.0,1.0,0.615134,0.076746,1.569737,-0.194738,-0.929557,1.933434,-0.089600,0.486000,0.869300,0.003200,0.133500,0.542300,0.828800,0.034500,0.642010,0.490784,1.427473,-0.100836,0.013868,1.408864,-2.743289,-1.443013,-1.374654,-0.238903,3.192952,0.527020,1.030524,-0.710242,2.239845,0.767179,2.133299,-0.556394,-1.174809,1.507891,1,0,1.0000,1.0000,1,1,0,0,0.0000,0.0000,,,,,129083,9314,2371,1877,125776,7347,3307,1818,0,149,0.41503,-0.05114,0
1786019130.8279,D_right_front_left,D,right,0,front_left,,213,167.8000,344.1000,158.5000,169.3000,94.3000,0.0000,343.2000,360.0000,45.6000,0.0000,98.0000,0.0000,260.1000,0.0000,-0.87100,0.04000,0.34300,-1.67000,0.48000,2.18000,0.11700,0.23500,0.91300,-3.23000,3.11000,4.04000,14.7,4.0,0.0,1.0,0.615134,0.076746,1.569737,-0.194738,-0.929557,1.933434,-0.089600,0.486000,0.869300,0.003200,0.133500,0.542300,0.828800,0.034500,0.642010,0.490784,1.427473,-0.100836,0.013868,1.408864,-2.742676,-1.443216,-1.375375,-0.239599,3.192237,0.526323,1.031245,-0.710242,2.239845,0.767179,2.133299,-0.556394,-1.174809,1.507891,1,0,1.0000,1.0000,1,1,0,0,0.0000,0.0000,,,,,9434,9314,2361,1877,6497,7347,2937,1818,0,149,0.41503,-0.05114,0
1786019130.8467,D_right_front_left,D,right,0,front_left,,214,167.8000,344.1000,158.5000,169.3000,94.3000,0.0000,343.2000,360.0000,45.6000,0.0000,98.0000,0.0000,260.1000,0.0000,-0.87100,0.04000,0.34300,-1.67000,0.48000,2.18000,0.11700,0.23500,0.91300,-3.23000,3.11000,4.04000,14.7,4.0,0.0,1.0,0.615134,0.076746,1.569737,-0.194738,-0.929557,1.933434,-0.089600,0.486000,0.869300,0.003200,0.133500,0.542300,0.828800,0.034500,0.642010,0.490784,1.427473,-0.100836,0.013868,1.408864,-2.742353,-1.443324,-1.375755,-0.239966,3.191861,0.525957,1.031624,-0.710242,2.239845,0.767179,2.133299,-0.556394,-1.174809,1.507891,1,0,1.0000,1.0000,1,1,0,0,0.0000,0.0000,,,,,9434,9314,2361,1877,6497,7347,2937,1818,0,149,0.41503,-0.05114,0
1786019130.8704,D_right_front_left,D,right,0,front_left,,215,167.8000,344.1000,158.5000,169.3000,94.3000,0.0000,343.2000,360.0000,45.6000,0.0000,98.0000,0.0000,260.1000,0.0000,-0.87100,0.04000,0.34300,-1.67000,0.48000,2.18000,0.11700,0.23500,0.91300,-3.23000,3.11000,4.04000,14.7,4.0,0.0,1.0,0.615134,0.076746,1.569737,-0.194738,-0.929557,1.933434,-0.089600,0.486000,0.869300,0.003200,0.133500,0.542300,0.828800,0.034500,0.642010,0.490784,1.427473,-0.100836,0.013868,1.408864,-2.741748,-1.443525,-1.376465,-0.240653,3.191157,0.525270,1.032335,-0.710242,2.239845,0.767179,2.133299,-0.556394,-1.174809,1.507891,1,0,1.0000,1.0000,1,1,0,0,0.0000,0.0000,,,,,129083,125765,2371,1918,125776,123760,3307,1858,0,147,0.41503,-0.05114,0
1786019130.8947,D_right_front_left,D,right,0,front_left,,216,167.8000,344.1000,158.5000,169.3000,94.3000,0.0000,343.2000,360.0000,45.6000,0.0000,98.0000,0.0000,260.1000,0.0000,-0.87100,0.04000,0.34300,-1.67000,0.48000,2.18000,0.11700,0.23500,0.91300,-3.23000,3.11000,4.04000,14.7,4.0,0.0,1.0,0.615134,0.076746,1.569737,-0.194738,-0.929557,1.933434,-0.089600,0.486000,0.869300,0.003200,0.133500,0.542300,0.828800,0.034500,0.642246,0.490834,1.426527,-0.100836,0.013868,1.408864,-2.740834,-1.443829,-1.377540,-0.241691,3.190091,0.524231,1.033410,-0.710242,2.239845,0.767179,2.133299,-0.556394,-1.174809,1.507891,1,0,1.0000,1.0000,1,1,0,0,0.0000,0.0000,,,,,9434,9314,2361,1877,6497,7347,2937,1818,0,149,0.41503,-0.05114,0
1786019130.9192,D_right_front_left,D,right,0,front_left,,217,167.8000,344.1000,158.5000,169.3000,94.3000,0.0000,343.2000,360.0000,45.6000,0.0000,98.0000,0.0000,260.1000,0.0000,-0.87100,0.04000,0.34300,-1.67000,0.48000,2.18000,0.11700,0.23500,0.91300,-3.23000,3.11000,4.04000,14.7,4.0,0.0,1.0,0.615134,0.076746,1.569737,-0.194738,-0.929557,1.933434,-0.089600,0.486000,0.869300,0.003200,0.133500,0.542300,0.828800,0.034500,0.642246,0.490834,1.426527,-0.100836,0.013868,1.408864,-2.740522,-1.443933,-1.377907,-0.242045,3.189728,0.523877,1.033776,-0.710242,2.239845,0.767179,2.133299,-0.556394,-1.174809,1.507891,1,0,1.0000,1.0000,1,1,0,0,0.0000,0.0000,,,,,9434,9314,2361,1877,6497,7347,2937,1818,0,149,0.41503,-0.05114,0
1786019130.9260,D_right_front_left,D,right,0,front_left,,218,167.8000,344.1000,158.5000,169.3000,94.3000,0.0000,343.2000,360.0000,45.6000,0.0000,98.0000,0.0000,260.1000,0.0000,-0.87100,0.04000,0.34300,-1.67000,0.48000,2.18000,0.11700,0.23500,0.91300,-3.23000,3.11000,4.04000,14.7,4.0,0.0,1.0,0.615134,0.076746,1.569737,-0.194738,-0.929557,1.933434,-0.089600,0.486000,0.869300,0.003200,0.133500,0.542300,0.828800,0.034500,0.642246,0.490834,1.426527,-0.100836,0.013868,1.408864,-2.739612,-1.444235,-1.378975,-0.243078,3.188668,0.522844,1.034845,-0.710242,2.239845,0.767179,2.133299,-0.556394,-1.174809,1.507891,1,0,1.0000,1.0000,1,1,0,0,0.0000,0.0000,,,,,9434,9314,2361,1877,6497,7347,2937,1818,0,149,0.41503,-0.05114,0
1786019130.9477,D_right_front_left,D,right,0,front_left,,219,167.8000,344.1000,158.5000,169.3000,94.3000,0.0000,343.2000,360.0000,45.6000,0.0000,98.0000,0.0000,260.1000,0.0000,-0.87100,0.04000,0.34300,-1.67000,0.48000,2.18000,0.11700,0.23500,0.91300,-3.23000,3.11000,4.04000,14.7,4.0,0.0,1.0,0.615134,0.076746,1.569737,-0.194738,-0.929557,1.933434,-0.089600,0.486000,0.869300,0.003200,0.133500,0.542300,0.828800,0.034500,0.642486,0.490882,1.425574,-0.100836,0.013868,1.408864,-2.739000,-1.444439,-1.379696,-0.243774,3.187955,0.522149,1.035565,-0.710242,2.239845,0.767179,2.133299,-0.556394,-1.174809,1.507891,1,0,1.0000,1.0000,1,1,0,0,0.0000,0.0000,,,,,129083,125765,2371,1918,125776,123760,3307,1858,0,147,0.41503,-0.05114,0
1786019130.9663,D_right_front_left,D,right,0,front_left,,220,167.8000,344.1000,158.5000,169.3000,94.3000,0.0000,343.2000,360.0000,45.6000,0.0000,98.0000,0.0000,260.1000,0.0000,-0.87100,0.04000,0.34300,-1.67000,0.48000,2.18000,0.11700,0.23500,0.91300,-3.23000,3.11000,4.04000,14.7,4.0,0.0,1.0,0.615134,0.076746,1.569737,-0.194738,-0.929557,1.933434,-0.089600,0.486000,0.869300,0.003200,0.133500,0.542300,0.828800,0.034500,0.642486,0.490882,1.425574,-0.100836,0.013868,1.408864,-2.738375,-1.444646,-1.380430,-0.244483,3.187227,0.521439,1.036299,-0.710242,2.239845,0.767179,2.133299,-0.556394,-1.174809,1.507891,1,0,1.0000,1.0000,1,1,0,0,0.0000,0.0000,,,,,9434,9314,2361,1877,6497,7347,2937,1818,0,149,0.41503,-0.05114,0
1786019130.9897,D_right_front_left,D,right,0,front_left,,221,167.8000,344.1000,158.5000,169.3000,94.3000,0.0000,343.2000,360.0000,45.6000,0.0000,98.0000,0.0000,260.1000,0.0000,-0.87100,0.04000,0.34300,-1.67000,0.48000,2.18000,0.11700,0.23500,0.91300,-3.23000,3.11000,4.04000,14.7,4.0,0.0,1.0,0.615134,0.076746,1.569737,-0.194738,-0.929557,1.933434,-0.089600,0.486000,0.869300,0.003200,0.133500,0.542300,0.828800,0.034500,0.642486,0.490882,1.425574,-0.100836,0.013868,1.408864,-2.738080,-1.444744,-1.380776,-0.244818,3.186883,0.521104,1.036646,-0.710242,2.239845,0.767179,2.133299,-0.556394,-1.174809,1.507891,1,0,1.0000,1.0000,1,1,0,0,0.0000,0.0000,,,,,129083,125765,2371,1918,125776,123760,3307,1858,0,147,0.41503,-0.05114,0
1786019131.0139,D_right_front_left,D,right,0,front_left,,222,167.8000,344.1000,158.5000,169.3000,94.3000,0.0000,343.2000,360.0000,45.6000,0.0000,98.0000,0.0000,260.1000,0.0000,-0.87100,0.04000,0.34300,-1.67000,0.48000,2.18000,0.11700,0.23500,0.91300,-3.23000,3.11000,4.04000,14.7,4.0,0.0,1.0,0.615134,0.076746,1.569737,-0.194738,-0.929557,1.933434,-0.089600,0.486000,0.869300,0.003200,0.133500,0.542300,0.828800,0.034500,0.642486,0.490882,1.425574,-0.100836,0.013868,1.408864,-2.737149,-1.445054,-1.381870,-0.245875,3.185799,0.520047,1.037740,-0.710242,2.239845,0.767179,2.133299,-0.556394,-1.174809,1.507891,1,0,1.0000,1.0000,1,1,0,0,0.0000,0.0000,,,,,129083,9314,2371,1877,125776,7347,3307,1818,0,149,0.41503,-0.05114,0
1786019131.0381,D_right_front_left,D,right,0,front_left,,223,167.9000,344.1000,158.6000,169.5000,85.2000,0.0000,343.2000,360.0000,54.5000,0.0000,98.8000,0.0000,268.4000,0.0000,-0.87200,0.05600,0.35500,-5.56000,3.65000,5.99000,0.06900,0.19300,0.91200,-1.39000,9.76000,12.80000,13.0,3.7,0.0,1.0,0.635500,0.490544,1.440052,-0.194738,-0.929557,1.933434,-0.089600,0.486000,0.869300,0.003200,0.133500,0.542300,0.828800,0.034500,0.642731,0.490928,1.424612,-0.100836,0.013868,1.408864,-2.736857,-1.445151,-1.382213,-0.246207,3.185459,0.519716,1.038083,-0.710242,2.239845,0.767179,2.133299,-0.556394,-1.174809,1.507891,0,0,1.0000,1.0000,1,1,0,0,0.0000,0.0000,,,,,9434,125765,2361,1918,6497,123760,2937,1858,0,147,0.41503,-0.05114,0
1786019131.0557,D_right_front_left,D,right,0,front_left,,224,167.9000,344.1000,158.6000,169.5000,84.3000,0.0000,343.2000,360.0000,54.3000,0.0000,98.8000,0.0000,268.3000,0.0000,-0.87700,0.04900,0.34400,-5.33000,2.05000,5.51000,0.07600,0.21600,0.91100,0.66000,10.74000,9.89000,13.0,3.7,0.0,1.0,0.620134,0.079266,1.569785,-1.063210,-0.525860,2.644323,-0.089600,0.486000,0.869300,0.003200,0.133500,0.542300,0.828800,0.034500,0.642731,0.490928,1.424612,-0.100836,0.013868,1.408864,-2.736470,-1.445279,-1.382668,-0.246646,3.185008,0.519277,1.038537,-0.710242,2.239845,0.767179,2.133299,-0.556394,-1.174809,1.507891,1,0,1.0000,1.0000,1,1,0,0,0.0000,0.0000,,,,,9434,125765,2361,1918,6497,123760,2937,1858,0,147,0.41503,-0.05114,0
1786019131.0690,D_right_front_left,D,right,0,front_left,,225,167.9000,344.1000,158.6000,169.5000,84.3000,0.0000,343.2000,360.0000,54.3000,0.0000,98.8000,0.0000,268.3000,0.0000,-0.87700,0.04900,0.34400,-5.33000,2.05000,5.51000,0.07600,0.21600,0.91100,0.66000,10.74000,9.89000,13.0,3.7,0.0,1.0,0.620134,0.079266,1.569785,-1.063210,-0.525860,2.644323,-0.089600,0.486000,0.869300,0.003200,0.133500,0.542300,0.828800,0.034500,0.642731,0.490928,1.424612,-0.100836,0.013868,1.408864,-2.736241,-1.445355,-1.382937,-0.246906,3.184741,0.519017,1.038806,-0.710242,2.239845,0.767179,2.133299,-0.556394,-1.174809,1.507891,1,0,1.0000,1.0000,1,1,0,0,0.0000,0.0000,,,,,9434,125765,2361,1918,6497,123760,2937,1858,0,147,0.41503,-0.05114,0
1786019131.0969,D_right_front_left,D,right,0,front_left,,226,167.9000,344.2000,158.6000,169.5000,85.7000,0.0000,343.1000,360.0000,55.7000,0.0000,99.0000,0.0000,269.0000,0.0000,-0.86700,0.04800,0.32100,-2.40000,0.04000,6.56000,0.08700,0.16700,0.91900,2.27000,8.59000,-0.81000,11.3,3.3,0.0,1.0,0.635500,0.490544,1.440052,-0.311882,-0.546856,2.284854,-0.089600,0.486000,0.869300,0.003200,0.133500,0.542300,0.828800,0.034500,0.642895,0.490959,1.423951,-0.100836,0.013868,1.408864,-2.735608,-1.445566,-1.383681,-0.247625,3.184004,0.518298,1.039550,-0.710242,2.239845,0.767179,2.133299,-0.556394,-1.174809,1.507891,0,0,1.0000,1.0000,1,1,0,0,0.0000,0.0000,,,,,129084,125765,2371,1918,125777,123760,3307,1858,0,147,0.41773,-0.05114,0
1786019131.1099,D_right_front_left,D,right,0,front_left,,227,167.9000,344.2000,158.6000,169.5000,85.7000,0.0000,343.1000,360.0000,56.2000,0.0000,99.2000,0.0000,269.3000,0.0000,-0.86700,0.04800,0.32100,-2.40000,0.04000,6.56000,0.07900,0.17400,0.91800,1.78000,6.38000,-2.57000,11.3,3.3,0.0,1.0,0.635500,0.490544,1.440052,-1.063210,-0.525860,2.644323,-0.089600,0.486000,0.869300,0.003200,0.133500,0.542300,0.828800,0.034500,0.642895,0.490959,1.423951,-0.100836,0.013868,1.408864,-2.735671,-1.445557,-1.383619,-0.247552,-3.099129,0.518370,1.039496,-0.710242,2.239845,0.767179,2.133299,-0.556394,-1.174809,1.507891,0,0,1.0000,1.0000,1,1,0,0,0.0000,0.0000,,,,,9435,125765,2361,1918,6498,123760,2937,1858,0,147,0.41773,-0.05114,0
1786019131.1296,D_right_front_left,D,right,0,front_left,,228,167.9000,344.2000,158.6000,169.5000,85.7000,0.0000,343.1000,360.0000,56.2000,0.0000,99.2000,0.0000,269.3000,0.0000,-0.86700,0.04800,0.32100,-2.40000,0.04000,6.56000,0.07900,0.17400,0.91800,1.78000,6.38000,-2.57000,11.7,3.3,0.0,1.0,0.635500,0.490544,1.440052,-1.063210,-0.525860,2.644323,-0.089600,0.486000,0.869300,0.003200,0.133500,0.542300,0.828800,0.034500,0.642895,0.490959,1.423951,-0.100836,0.013868,1.408864,-2.735788,-1.445539,-1.383502,-0.247416,-3.099032,0.518507,1.039395,-0.710242,2.239845,0.767179,2.133299,-0.556394,-1.174809,1.507891,0,0,1.0000,1.0000,1,1,0,0,0.0000,0.0000,,,,,129084,9314,2371,1877,125777,7347,3307,1818,0,149,0.41773,-0.05114,0
1786019131.1528,D_right_front_left,D,right,0,front_left,,229,167.9000,344.2000,158.6000,169.5000,85.7000,0.0000,343.1000,360.0000,56.2000,0.0000,99.2000,0.0000,269.3000,0.0000,-0.86700,0.04800,0.32100,-2.40000,0.04000,6.56000,0.07900,0.17400,0.91800,1.78000,6.38000,-2.57000,11.7,3.3,0.0,1.0,0.635500,0.490544,1.440052,-1.063210,-0.525860,2.644323,-0.089600,0.486000,0.869300,0.003200,0.133500,0.542300,0.828800,0.034500,0.642895,0.490959,1.423951,-0.100836,0.013868,1.408864,-2.735858,-1.445529,-1.383433,-0.247335,-3.098974,0.518588,1.039335,-0.710242,2.239845,0.767179,2.133299,-0.556394,-1.174809,1.507891,0,0,1.0000,1.0000,1,1,0,0,0.0000,0.0000,,,,,9435,9314,2361,1877,6498,7347,2937,1818,0,149,0.41773,-0.05114,0
1786019131.1679,D_right_front_left,D,right,0,front_left,,230,167.9000,344.2000,158.6000,169.5000,85.7000,0.0000,343.1000,360.0000,56.2000,0.0000,99.2000,0.0000,269.3000,0.0000,-0.86700,0.04800,0.32100,-2.40000,0.04000,6.56000,0.07900,0.17400,0.91800,1.78000,6.38000,-2.57000,12.2,3.3,0.0,1.0,0.635500,0.490544,1.440052,-1.063210,-0.525860,2.644323,-0.089600,0.486000,0.869300,0.003200,0.133500,0.542300,0.828800,0.034500,0.642843,0.490959,1.424061,-0.100836,0.013868,1.408864,-2.735932,-1.445518,-1.383359,-0.247249,-3.098912,0.518674,1.039270,-0.710242,2.239845,0.767179,2.133299,-0.556394,-1.174809,1.507891,0,0,1.0000,1.0000,1,1,0,0,0.0000,0.0000,,,,,129084,9314,2371,1877,125777,7347,3307,1818,0,149,0.41773,-0.05114,0
1786019131.1908,D_right_front_left,D,right,0,front_left,,231,167.9000,344.2000,158.6000,169.5000,85.7000,0.0000,343.1000,360.0000,56.2000,0.0000,99.2000,0.0000,269.3000,0.0000,-0.86700,0.04800,0.32100,-2.40000,0.04000,6.56000,0.07900,0.17400,0.91800,1.78000,6.38000,-2.57000,12.2,3.3,0.0,1.0,0.635500,0.490544,1.440052,-1.063210,-0.525860,2.644323,-0.089600,0.486000,0.869300,0.003200,0.133500,0.542300,0.828800,0.034500,0.642843,0.490959,1.424061,-0.100836,0.013868,1.408864,-2.736080,-1.445496,-1.383212,-0.247077,-3.098789,0.518846,1.039143,-0.710242,2.239845,0.767179,2.133299,-0.556394,-1.174809,1.507891,0,0,1.0000,1.0000,1,1,0,0,0.0000,0.0000,,,,,129084,9314,2371,1877,125777,7347,3307,1818,0,149,0.41773,-0.05114,0
1786019131.2105,D_right_front_left,D,right,0,front_left,,232,167.9000,344.2000,158.6000,169.5000,85.7000,0.0000,343.1000,360.0000,56.2000,0.0000,99.2000,0.0000,269.3000,0.0000,-0.86700,0.04800,0.32100,-2.40000,0.04000,6.56000,0.07900,0.17400,0.91800,1.78000,6.38000,-2.57000,12.2,3.3,0.0,1.0,0.635500,0.490544,1.440052,-1.063210,-0.525860,2.644323,-0.089600,0.486000,0.869300,0.003200,0.133500,0.542300,0.828800,0.034500,0.642843,0.490959,1.424061,-0.100836,0.013868,1.408864,-2.736080,-1.445496,-1.383212,-0.247077,-3.098789,0.518846,1.039143,-0.710242,2.239845,0.767179,2.133299,-0.556394,-1.174809,1.507891,0,0,1.0000,1.0000,1,1,0,0,0.0000,0.0000,,,,,9435,9314,2361,1877,6498,7347,2937,1818,0,149,0.41773,-0.05114,0
1786019131.2279,D_right_front_left,D,right,0,front_left,,233,167.9000,344.2000,158.6000,169.5000,85.7000,0.0000,343.1000,360.0000,56.2000,0.0000,99.2000,0.0000,269.3000,0.0000,-0.86700,0.04800,0.32100,-2.40000,0.04000,6.56000,0.07900,0.17400,0.91800,1.78000,6.38000,-2.57000,12.2,3.3,0.0,1.0,0.635500,0.490544,1.440052,-1.063210,-0.525860,2.644323,-0.089600,0.486000,0.869300,0.003200,0.133500,0.542300,0.828800,0.034500,0.642789,0.490959,1.424173,-0.100836,0.013868,1.408864,-2.736155,-1.445484,-1.383137,-0.246990,-3.098726,0.518934,1.039078,-0.710242,2.239845,0.767179,2.133299,-0.556394,-1.174809,1.507891,0,0,1.0000,1.0000,1,1,0,0,0.0000,0.0000,,,,,9435,9314,2361,1877,6498,7347,2937,1818,0,149,0.41773,-0.05114,0
1786019131.2460,D_right_front_left,D,right,0,front_left,,234,168.2000,344.1000,158.6000,169.5000,93.7000,0.0000,343.1000,360.0000,58.5000,0.0000,99.8000,0.0000,270.9000,0.0000,-0.88600,0.05700,0.34900,2.18000,4.77000,1.04000,0.09300,0.14200,0.87800,-9.47000,2.90000,8.94000,12.2,3.3,0.0,1.0,0.635500,0.490544,1.440052,-1.063210,-0.525860,2.644323,-0.089600,0.486000,0.869300,0.003200,0.133500,0.542300,0.828800,0.034500,0.642789,0.490959,1.424173,-0.100836,0.013868,1.408864,-2.736302,-1.445462,-1.382991,-0.246819,-3.098604,0.519104,1.038951,-0.710242,2.239845,0.767179,2.133299,-0.556394,-1.174809,1.507891,0,0,1.0000,1.0000,1,1,0,0,0.0000,0.0000,,,,,9435,9314,2361,1877,6498,7347,2937,1818,0,149,0.41773,-0.05114,0
1786019131.2667,D_right_front_left,D,right,0,front_left,,235,168.2000,344.1000,158.6000,169.5000,94.3000,0.0000,343.1000,360.0000,58.6000,0.0000,99.9000,0.0000,271.1000,0.0000,-0.88500,0.04700,0.35600,0.50000,5.48000,0.08000,0.07700,0.14000,0.90500,-9.63000,0.86000,11.11000,12.1,4.6,0.0,1.0,0.622994,0.080971,1.569640,-0.194738,-0.929557,1.933434,-0.089600,0.486000,0.869300,0.003200,0.133500,0.542300,0.828800,0.034500,0.642789,0.490959,1.424173,-0.100836,0.013868,1.408864,-2.736378,-1.445451,-1.382916,-0.246731,-3.098541,0.519193,1.038885,-0.710242,2.239845,0.767179,2.133299,-0.556394,-1.174809,1.507891,1,0,1.0000,1.0000,1,1,0,0,0.0000,0.0000,,,,,9435,9314,2361,1878,6498,7347,2937,1818,0,149,0.41773,-0.05114,0
1786019131.2947,D_right_front_left,D,right,0,front_left,,236,167.9000,344.1000,158.6000,169.5000,3.0000,0.0000,343.5000,360.0000,58.8000,0.0000,100.2000,0.0000,271.1000,0.0000,-0.86300,0.05200,0.36400,-2.92000,5.56000,-0.47000,0.08700,0.15200,0.92300,-5.96000,-2.72000,8.73000,11.6,3.6,0.0,1.0,0.635500,0.490544,1.440052,-1.063210,-0.525860,2.644323,-0.089600,0.486000,0.869300,0.003200,0.133500,0.542300,0.828800,0.034500,0.642738,0.490960,1.424280,-0.100836,0.013868,1.408864,-2.736453,-1.445440,-1.382842,-0.246645,-3.098479,0.519279,1.038821,-0.710242,2.239845,0.767179,2.133299,-0.556394,-1.174809,1.507891,0,0,1.0000,1.0000,1,1,0,0,0.0000,0.0000,,,,,9435,9314,2361,1878,6498,7347,2937,1818,0,149,0.41773,-0.05114,0
1786019131.3167,D_right_front_left,D,right,0,front_left,,237,167.9000,344.1000,158.6000,169.5000,3.0000,0.0000,343.5000,360.0000,58.8000,0.0000,100.2000,0.0000,271.1000,0.0000,-0.86300,0.05200,0.36400,-2.92000,5.56000,-0.47000,0.08700,0.15200,0.92300,-5.96000,-2.72000,8.73000,11.6,3.6,0.0,1.0,0.635500,0.490544,1.440052,-1.063210,-0.525860,2.644323,-0.089600,0.486000,0.869300,0.003200,0.133500,0.542300,0.828800,0.034500,0.642738,0.490960,1.424280,-0.100836,0.013868,1.408864,-2.736489,-1.445434,-1.382805,-0.246602,-3.098448,0.519322,1.038789,-0.710242,2.239845,0.767179,2.133299,-0.556394,-1.174809,1.507891,0,0,1.0000,1.0000,1,1,0,0,0.0000,0.0000,,,,,9435,125765,2362,1919,6498,123760,2937,1858,0,147,0.41773,-0.05114,0
1786019131.3459,D_right_front_left,D,right,0,front_left,,238,167.9000,344.2000,158.6000,169.5000,73.5000,0.0000,343.3000,360.0000,58.8000,0.0000,100.3000,0.0000,271.2000,0.0000,-0.86800,0.04000,0.36500,-2.99000,-1.22000,0.74000,0.09400,0.18300,0.92800,-0.52000,-1.92000,-2.40000,13.7,4.0,0.0,1.0,0.635500,0.490544,1.440052,-1.063210,-0.525860,2.644323,-0.089600,0.486000,0.869300,0.003200,0.133500,0.542300,0.828800,0.034500,0.642738,0.490960,1.424280,-0.100836,0.013868,1.408864,-2.736599,-1.445418,-1.382696,-0.246474,-3.098357,0.519450,1.038694,-0.710242,2.239845,0.767179,2.133299,-0.556394,-1.174809,1.507891,0,0,1.0000,1.0000,1,1,0,0,0.0000,0.0000,,,,,9435,9314,2362,1878,6498,7347,2937,1818,0,149,0.41773,-0.05114,0
1786019131.3521,D_right_front_left,D,right,0,front_left,,239,167.9000,344.2000,158.6000,169.5000,72.3000,0.0000,343.3000,360.0000,58.8000,0.0000,100.3000,0.0000,271.2000,0.0000,-0.87200,0.03900,0.34100,0.44000,-6.13000,-0.22000,0.09400,0.18300,0.92800,-0.52000,-1.92000,-2.40000,12.2,1.8,0.0,1.0,1.088372,1.268823,1.619417,-1.063210,-0.525860,2.644323,-0.089600,0.486000,0.869300,0.003200,0.133500,0.542300,0.828800,0.034500,0.642738,0.490960,1.424280,-0.100836,0.013868,1.408864,-2.741751,-1.444645,-1.377536,-0.240493,-3.094118,0.525439,1.034253,-0.710242,2.239845,0.767179,2.133299,-0.556394,-1.174809,1.507891,1,0,1.0000,1.0000,1,1,0,0,0.0000,0.0000,,,,,129085,125765,2372,1919,125778,123760,3307,1858,0,147,0.41767,-0.05114,0
1786019131.3693,D_right_front_left,D,right,0,front_left,,240,167.9000,344.2000,158.6000,169.5000,72.3000,0.0000,343.3000,360.0000,58.8000,0.0000,100.3000,0.0000,271.2000,0.0000,-0.87200,0.03900,0.34100,0.44000,-6.13000,-0.22000,0.09400,0.18300,0.92800,-0.52000,-1.92000,-2.40000,12.2,1.8,0.0,1.0,1.088372,1.268823,1.619417,-1.063210,-0.525860,2.644323,-0.089600,0.486000,0.869300,0.003200,0.133500,0.542300,0.828800,0.034500,0.639971,0.490909,1.430149,-0.100836,0.013868,1.408864,-2.746202,-1.443978,-1.373077,-0.235325,-3.090456,0.530614,1.030416,-0.710242,2.239845,0.767179,2.133299,-0.556394,-1.174809,1.507891,1,0,1.0000,1.0000,1,1,0,0,0.0000,0.0000,,,,,9436,9314,2362,1878,6499,7347,2937,1818,0,149,0.41767,-0.05114,0
1786019131.3862,D_right_front_left,D,right,0,front_left,,241,167.9000,344.1000,158.5000,169.5000,70.6000,0.0000,343.2000,360.0000,58.7000,0.0000,100.3000,0.0000,271.2000,0.0000,-0.87200,0.04500,0.31600,6.03000,-8.27000,-1.03000,0.10100,0.15800,0.89400,-6.27000,-3.95000,-0.79000,12.4,1.4,0.0,1.0,1.090492,1.269367,1.620017,-0.311882,-0.546856,2.284854,-0.089600,0.486000,0.869300,0.003200,0.133500,0.542300,0.828800,0.034500,0.639971,0.490909,1.430149,-0.100836,0.013868,1.408864,-2.758528,-1.442130,-1.360734,-0.221014,-3.080309,0.544944,1.019789,-0.710242,2.239845,0.767179,2.133299,-0.556394,-1.174809,1.507891,1,0,1.0000,1.0000,1,1,0,0,0.0000,0.0000,,,,,9437,9314,2362,1878,6500,7347,2937,1818,0,149,0.41767,-0.05114,0
1786019131.4084,D_right_front_left,D,right,0,front_left,,242,167.9000,344.1000,158.5000,169.5000,70.6000,0.0000,343.2000,360.0000,58.7000,0.0000,100.3000,0.0000,271.2000,0.0000,-0.87200,0.04500,0.31600,6.03000,-8.27000,-1.03000,0.10100,0.15800,0.89400,-6.27000,-3.95000,-0.79000,12.4,1.4,0.0,1.0,1.090492,1.269367,1.620017,-0.311882,-0.546856,2.284854,-0.089600,0.486000,0.869300,0.003200,0.133500,0.542300,0.828800,0.034500,0.639971,0.490909,1.430149,-0.100836,0.013868,1.408864,-2.768242,-1.440674,-1.351016,-0.209735,-3.072304,0.556237,1.011413,-0.710242,2.239845,0.767179,2.133299,-0.556394,-1.174809,1.507891,1,0,1.0000,1.0000,1,1,0,0,0.0000,0.0000,,,,,129085,9314,2372,1878,125778,7347,3307,1818,0,149,0.41767,-0.05114,0
1786019131.4328,D_right_front_left,D,right,0,front_left,,243,167.9000,344.1000,158.5000,169.5000,70.6000,0.0000,343.2000,360.0000,58.7000,0.0000,100.7000,0.0000,271.3000,0.0000,-0.87200,0.04500,0.31600,6.03000,-8.27000,-1.03000,0.06900,0.17200,0.91500,-4.56000,0.57000,1.87000,11.9,1.9,0.0,1.0,1.090492,1.269367,1.620017,-0.194738,-0.929557,1.933434,-0.089600,0.486000,0.869300,0.003200,0.133500,0.542300,0.828800,0.034500,0.639971,0.490909,1.430149,-0.100836,0.013868,1.408864,-2.772078,-1.440100,-1.347178,-0.205282,-3.069143,0.560696,1.008106,-0.710242,2.239845,0.767179,2.133299,-0.556394,-1.174809,1.507891,1,0,1.0000,1.0000,1,1,0,0,0.0000,0.0000,,,,,129085,125765,2372,1919,125778,123760,3307,1858,0,147,0.41767,-0.05114,0
1786019131.4497,D_right_front_left,D,right,0,front_left,,244,167.9000,344.1000,158.5000,169.5000,70.6000,0.0000,343.2000,360.0000,58.7000,0.0000,100.7000,0.0000,271.3000,0.0000,-0.87200,0.04500,0.31600,6.03000,-8.27000,-1.03000,0.06900,0.17200,0.91500,-4.56000,0.57000,1.87000,11.5,2.0,0.0,1.0,1.090492,1.269367,1.620017,-0.194738,-0.929557,1.933434,-0.089600,0.486000,0.869300,0.003200,0.133500,0.542300,0.828800,0.034500,0.635500,0.490544,1.440052,-0.100836,0.013868,1.408864,-2.774284,-1.439769,-1.344972,-0.202721,-3.067325,0.563260,1.006204,-0.710242,2.239845,0.767179,2.133299,-0.556394,-1.174809,1.507891,1,0,1.0000,1.0000,1,1,0,0,0.0000,0.0000,,,,,9437,9314,2362,1878,6500,7347,2937,1818,0,149,0.41767,-0.05114,0
1786019131.4680,D_right_front_left,D,right,0,front_left,,245,167.9000,344.1000,158.5000,169.5000,70.6000,0.0000,343.2000,360.0000,58.7000,0.0000,100.7000,0.0000,271.3000,0.0000,-0.87200,0.04500,0.31600,6.03000,-8.27000,-1.03000,0.06900,0.17200,0.91500,-4.56000,0.57000,1.87000,11.5,2.0,0.0,1.0,1.090492,1.269367,1.620017,-0.194738,-0.929557,1.933434,-0.089600,0.486000,0.869300,0.003200,0.133500,0.542300,0.828800,0.034500,0.635500,0.490544,1.440052,-0.100836,0.013868,1.408864,-2.774284,-1.439769,-1.344972,-0.202721,-3.067325,0.563260,1.006204,-0.710242,2.239845,0.767179,2.133299,-0.556394,-1.174809,1.507891,1,0,1.0000,1.0000,1,1,0,0,0.0000,0.0000,,,,,129085,125765,2372,1919,125778,123760,3307,1858,0,147,0.41767,-0.05114,0
1786019131.4873,D_right_front_left,D,right,0,front_left,,246,167.9000,344.1000,158.5000,169.5000,70.6000,0.0000,343.2000,360.0000,58.7000,0.0000,100.7000,0.0000,271.3000,0.0000,-0.87200,0.04500,0.31600,6.03000,-8.27000,-1.03000,0.06900,0.17200,0.91500,-4.56000,0.57000,1.87000,11.5,2.0,0.0,1.0,1.090492,1.269367,1.620017,-0.194738,-0.929557,1.933434,-0.089600,0.486000,0.869300,0.003200,0.133500,0.542300,0.828800,0.034500,0.635500,0.490544,1.440052,-0.100836,0.013868,1.408864,-2.774284,-1.439769,-1.344972,-0.202721,-3.067325,0.563260,1.006204,-0.710242,2.239845,0.767179,2.133299,-0.556394,-1.174809,1.507891,1,0,1.0000,1.0000,1,1,0,0,0.0000,0.0000,,,,,129085,125765,2372,1920,125778,123760,3307,1858,0,147,0.41767,-0.05114,0
1786019133.9189,D_right_front_left,D,right,0,front_left,,247,167.9000,344.1000,158.5000,169.5000,70.6000,0.0000,343.2000,360.0000,58.7000,0.0000,100.7000,0.0000,271.3000,0.0000,-0.87200,0.04500,0.31600,6.03000,-8.27000,-1.03000,0.06900,0.17200,0.91500,-4.56000,0.57000,1.87000,11.5,2.0,0.0,1.0,1.090492,1.269367,1.620017,-0.194738,-0.929557,1.933434,-0.089600,0.486000,0.869300,0.003200,0.133500,0.542300,0.828800,0.034500,0.635500,0.490544,1.440052,-0.100836,0.013868,1.408864,-2.774284,-1.439769,-1.344972,-0.202721,-3.067325,0.563260,1.006204,-0.710242,2.239845,0.767179,2.133299,-0.556394,-1.174809,1.507891,1,0,1.0000,1.0000,1,1,0,0,0.0000,0.0000,,,,,129085,125765,2373,1920,125778,123760,3307,1858,0,147,0.41767,-0.05114,0
1786019133.9243,D_right_front_left,D,right,0,front_left,,248,167.9000,344.1000,158.5000,169.5000,70.6000,0.0000,343.2000,360.0000,58.7000,0.0000,100.7000,0.0000,271.3000,0.0000,-0.87200,0.04500,0.31600,6.03000,-8.27000,-1.03000,0.06900,0.17200,0.91500,-4.56000,0.57000,1.87000,11.5,2.0,0.0,1.0,1.090492,1.269367,1.620017,-0.194738,-0.929557,1.933434,-0.089600,0.486000,0.869300,0.003200,0.133500,0.542300,0.828800,0.034500,0.635500,0.490544,1.440052,-0.100836,0.013868,1.408864,-2.774284,-1.439769,-1.344972,-0.202721,-3.067325,0.563260,1.006204,-0.710242,2.239845,0.767179,2.133299,-0.556394,-1.174809,1.507891,1,0,1.0000,1.0000,1,1,0,0,0.0000,0.0000,,,,,9437,9314,2362,1879,6500,7347,2937,1818,0,149,0.41767,-0.05114,0
1786019133.9636,D_right_front_left,D,right,0,front_left,,249,167.9000,344.1000,158.5000,169.5000,70.6000,0.0000,343.2000,360.0000,58.7000,0.0000,100.7000,0.0000,271.3000,0.0000,-0.87200,0.04500,0.31600,6.03000,-8.27000,-1.03000,0.06900,0.17200,0.91500,-4.56000,0.57000,1.87000,11.5,2.0,0.0,1.0,1.090492,1.269367,1.620017,-0.194738,-0.929557,1.933434,-0.089600,0.486000,0.869300,0.003200,0.133500,0.542300,0.828800,0.034500,0.635500,0.490544,1.440052,-0.100836,0.013868,1.408864,-2.774284,-1.439769,-1.344972,-0.202721,-3.067325,0.563260,1.006204,-0.710242,2.239845,0.767179,2.133299,-0.556394,-1.174809,1.507891,1,0,1.0000,1.0000,1,1,0,0,0.0000,0.0000,,,,,9437,125765,2363,1920,6500,123760,2937,1858,0,147,0.41767,-0.05114,0
1786019133.9652,D_right_front_left,D,right,0,front_left,,250,167.9000,344.1000,158.5000,169.5000,70.6000,0.0000,343.2000,360.0000,58.7000,0.0000,100.7000,0.0000,271.3000,0.0000,-0.87200,0.04500,0.31600,6.03000,-8.27000,-1.03000,0.06900,0.17200,0.91500,-4.56000,0.57000,1.87000,11.5,2.0,0.0,1.0,1.090492,1.269367,1.620017,-0.194738,-0.929557,1.933434,-0.089600,0.486000,0.869300,0.003200,0.133500,0.542300,0.828800,0.034500,0.635500,0.490544,1.440052,-0.100836,0.013868,1.408864,-2.774284,-1.439769,-1.344972,-0.202721,-3.067325,0.563260,1.006204,-0.710242,2.239845,0.767179,2.133299,-0.556394,-1.174809,1.507891,1,0,1.0000,1.0000,1,1,0,0,0.0000,0.0000,,,,,9437,125765,2363,1920,6500,123760,2937,1858,0,147,0.41767,-0.05114,0
1786019133.9878,D_right_front_left,D,right,0,front_left,,251,167.9000,344.1000,158.5000,169.5000,70.6000,0.0000,343.2000,360.0000,58.7000,0.0000,100.7000,0.0000,271.3000,0.0000,-0.87200,0.04500,0.31600,6.03000,-8.27000,-1.03000,0.06900,0.17200,0.91500,-4.56000,0.57000,1.87000,11.5,2.0,0.0,1.0,1.090492,1.269367,1.620017,-0.194738,-0.929557,1.933434,-0.089600,0.486000,0.869300,0.003200,0.133500,0.542300,0.828800,0.034500,0.635500,0.490544,1.440052,-0.100836,0.013868,1.408864,-2.774284,-1.439769,-1.344972,-0.202721,-3.067325,0.563260,1.006204,-0.710242,2.239845,0.767179,2.133299,-0.556394,-1.174809,1.507891,1,0,1.0000,1.0000,1,1,0,0,0.0000,0.0000,,,,,129085,9314,2373,1879,125778,7347,3307,1818,0,149,0.41767,-0.05114,0
1786019134.0059,D_right_front_left,D,right,0,front_left,,252,167.8000,344.2000,158.5000,169.5000,62.3000,0.0000,343.2000,360.0000,58.7000,0.0000,100.7000,0.0000,271.3000,0.0000,-0.86300,0.04500,0.33900,3.17000,0.84000,0.84000,0.06900,0.17200,0.91500,-4.56000,0.57000,1.87000,12.3,3.5,0.0,1.0,0.635500,0.490544,1.440052,-0.194738,-0.929557,1.933434,-0.089600,0.486000,0.869300,0.003200,0.133500,0.542300,0.828800,0.034500,0.635500,0.490544,1.440052,-0.100836,0.013868,1.408864,-2.774284,-1.439769,-1.344972,-0.202721,-3.067325,0.563260,1.006204,-0.710242,2.239845,0.767179,2.133299,-0.556394,-1.174809,1.507891,0,0,1.0000,1.0000,1,1,0,0,0.0000,0.0000,,,,,129085,9314,2373,1879,125778,7347,3307,1818,0,149,0.41767,-0.05114,0
1786019134.0269,D_right_front_left,D,right,0,front_left,,253,167.8000,344.2000,158.5000,169.5000,62.3000,0.0000,343.2000,360.0000,58.4000,0.0000,101.1000,0.0000,271.4000,0.0000,-0.86300,0.04500,0.33900,3.17000,0.84000,0.84000,0.08500,0.13900,0.91000,-1.85000,-0.32000,2.18000,12.3,3.5,0.0,1.0,0.635500,0.490544,1.440052,-1.063210,-0.525860,2.644323,-0.089600,0.486000,0.869300,0.003200,0.133500,0.542300,0.828800,0.034500,0.635500,0.490544,1.440052,-0.100836,0.013868,1.408864,-2.774284,-1.439769,-1.344972,-0.202721,-3.067325,0.563260,1.006204,-0.710242,2.239845,0.767179,2.133299,-0.556394,-1.174809,1.507891,0,0,1.0000,1.0000,1,1,0,0,0.0000,0.0000,,,,,9437,125765,2363,1920,6500,123760,2937,1858,0,147,0.41767,-0.05114,0
1786019134.0481,D_right_front_left,D,right,0,front_left,,254,167.8000,344.2000,158.5000,169.5000,62.3000,0.0000,343.2000,360.0000,58.4000,0.0000,101.1000,0.0000,271.4000,0.0000,-0.86300,0.04500,0.33900,3.17000,0.84000,0.84000,0.08500,0.13900,0.91000,-1.85000,-0.32000,2.18000,12.3,3.5,0.0,1.0,0.635500,0.490544,1.440052,-1.063210,-0.525860,2.644323,-0.089600,0.486000,0.869300,0.003200,0.133500,0.542300,0.828800,0.034500,0.635500,0.490544,1.440052,-0.100836,0.013868,1.408864,-2.774284,-1.439769,-1.344972,-0.202721,-3.067325,0.563260,1.006204,-0.710242,2.239845,0.767179,2.133299,-0.556394,-1.174809,1.507891,0,0,1.0000,1.0000,1,1,0,0,0.0000,0.0000,,,,,9437,125765,2363,1920,6500,123760,2937,1858,0,147,0.41767,-0.05114,0
1786019134.0692,D_right_front_left,D,right,0,front_left,,255,167.8000,344.2000,158.5000,169.5000,62.3000,0.0000,343.2000,360.0000,58.4000,0.0000,101.1000,0.0000,271.4000,0.0000,-0.86300,0.04500,0.33900,3.17000,0.84000,0.84000,0.08500,0.13900,0.91000,-1.85000,-0.32000,2.18000,12.3,3.5,0.0,1.0,0.635500,0.490544,1.440052,-1.063210,-0.525860,2.644323,-0.089600,0.486000,0.869300,0.003200,0.133500,0.542300,0.828800,0.034500,0.635500,0.490544,1.440052,-0.100836,0.013868,1.408864,-2.774280,-1.439839,-1.345761,-0.202726,-3.066391,0.563251,1.006030,-0.710242,2.239845,0.767179,2.133299,-0.556394,-1.174809,1.507891,0,0,1.0000,1.0000,1,1,0,0,0.0000,0.0000,,,,,129086,9314,2373,1879,125779,7347,3307,1818,0,149,0.41516,-0.05114,0
1786019134.1124,D_right_front_left,D,right,0,front_left,,256,167.8000,344.2000,158.5000,169.5000,62.3000,0.0000,343.2000,360.0000,58.4000,0.0000,101.1000,0.0000,271.4000,0.0000,-0.86300,0.04500,0.33900,3.17000,0.84000,0.84000,0.08500,0.13900,0.91000,-1.85000,-0.32000,2.18000,12.3,3.5,0.0,1.0,0.635500,0.490544,1.440052,-1.063210,-0.525860,2.644323,-0.089600,0.486000,0.869300,0.003200,0.133500,0.542300,0.828800,0.034500,0.635500,0.490545,1.440052,-0.100836,0.013868,1.408864,-2.774290,-1.440010,-1.347664,-0.202693,-3.064141,0.563252,1.005615,-0.710242,2.239845,0.767179,2.133299,-0.556394,-1.174809,1.507891,0,0,1.0000,1.0000,1,1,0,0,0.0000,0.0000,,,,,9438,9314,2363,1879,6501,7347,2937,1818,0,149,0.41516,-0.05114,0
1786019134.1128,D_right_front_left,D,right,0,front_left,,257,167.8000,344.2000,158.5000,169.5000,62.3000,0.0000,343.2000,360.0000,58.4000,0.0000,101.1000,0.0000,271.4000,0.0000,-0.86300,0.04500,0.33900,3.17000,0.84000,0.84000,0.08500,0.13900,0.91000,-1.85000,-0.32000,2.18000,12.3,3.5,0.0,1.0,0.635500,0.490544,1.440052,-1.063210,-0.525860,2.644323,-0.089600,0.486000,0.869300,0.003200,0.133500,0.542300,0.828800,0.034500,0.635500,0.490545,1.440052,-0.100836,0.013868,1.408864,-2.774290,-1.440010,-1.347664,-0.202693,-3.064141,0.563252,1.005615,-0.710242,2.239845,0.767179,2.133299,-0.556394,-1.174809,1.507891,0,0,1.0000,1.0000,1,1,0,0,0.0000,0.0000,,,,,9438,9314,2363,1879,6501,7347,2937,1818,0,149,0.41516,-0.05114,0
1786019134.1354,D_right_front_left,D,right,0,front_left,,258,167.8000,344.2000,158.5000,169.5000,62.3000,0.0000,343.2000,360.0000,58.4000,0.0000,101.1000,0.0000,271.4000,0.0000,-0.86300,0.04500,0.33900,3.17000,0.84000,0.84000,0.08500,0.13900,0.91000,-1.85000,-0.32000,2.18000,12.3,3.5,0.0,1.0,0.635500,0.490544,1.440052,-1.063210,-0.525860,2.644323,-0.089600,0.486000,0.869300,0.003200,0.133500,0.542300,0.828800,0.034500,0.635500,0.490545,1.440052,-0.100836,0.013868,1.408864,-2.774296,-1.440124,-1.348928,-0.202671,-3.062647,0.563254,1.005339,-0.710242,2.239845,0.767179,2.133299,-0.556394,-1.174809,1.507891,0,0,1.0000,1.0000,1,1,0,0,0.0000,0.0000,,,,,9438,9314,2363,1879,6501,7347,2937,1818,0,149,0.41516,-0.05114,0
1786019134.1467,D_right_front_left,D,right,0,front_left,,259,167.8000,344.2000,158.5000,169.5000,62.3000,0.0000,343.2000,360.0000,58.4000,0.0000,101.1000,0.0000,271.4000,0.0000,-0.86300,0.04500,0.33900,3.17000,0.84000,0.84000,0.08500,0.13900,0.91000,-1.85000,-0.32000,2.18000,12.3,3.5,0.0,1.0,0.635500,0.490544,1.440052,-1.063210,-0.525860,2.644323,-0.089600,0.486000,0.869300,0.003200,0.133500,0.542300,0.828800,0.034500,0.635501,0.490546,1.440052,-0.100836,0.013868,1.408864,-2.774296,-1.440124,-1.348928,-0.202671,-3.062647,0.563254,1.005339,-0.710242,2.239845,0.767179,2.133299,-0.556394,-1.174809,1.507891,0,0,1.0000,1.0000,1,1,0,0,0.0000,0.0000,,,,,9438,9314,2363,1879,6501,7347,2937,1818,0,149,0.41516,-0.05114,0
1786019134.1655,D_right_front_left,D,right,0,front_left,,260,167.8000,344.2000,158.5000,169.5000,62.3000,0.0000,343.2000,360.0000,58.4000,0.0000,101.1000,0.0000,271.4000,0.0000,-0.86300,0.04500,0.33900,3.17000,0.84000,0.84000,0.08500,0.13900,0.91000,-1.85000,-0.32000,2.18000,12.3,3.5,0.0,1.0,0.635500,0.490544,1.440052,-1.063210,-0.525860,2.644323,-0.089600,0.486000,0.869300,0.003200,0.133500,0.542300,0.828800,0.034500,0.635501,0.490546,1.440052,-0.100836,0.013868,1.408864,-2.774296,-1.440124,-1.348928,-0.202671,-3.062647,0.563254,1.005339,-0.710242,2.239845,0.767179,2.133299,-0.556394,-1.174809,1.507891,0,0,1.0000,1.0000,1,1,0,0,0.0000,0.0000,,,,,129086,125765,2373,1920,125779,123760,3307,1858,0,147,0.41516,-0.05114,0
1786019134.1948,D_right_front_left,D,right,0,front_left,,261,167.8000,344.2000,158.5000,169.5000,62.3000,0.0000,343.2000,360.0000,58.4000,0.0000,101.1000,0.0000,271.4000,0.0000,-0.86300,0.04500,0.33900,3.17000,0.84000,0.84000,0.08500,0.13900,0.91000,-1.85000,-0.32000,2.18000,12.3,3.5,0.0,1.0,0.635500,0.490544,1.440052,-1.063210,-0.525860,2.644323,-0.089600,0.486000,0.869300,0.003200,0.133500,0.542300,0.828800,0.034500,0.635501,0.490546,1.440052,-0.100836,0.013868,1.408864,-2.774296,-1.440124,-1.348928,-0.202671,-3.062647,0.563254,1.005339,-0.710242,2.239845,0.767179,2.133299,-0.556394,-1.174809,1.507891,0,0,1.0000,1.0000,1,1,0,0,0.0000,0.0000,,,,,129086,125765,2373,1921,125779,123760,3307,1858,0,147,0.41516,-0.05114,0
1786019134.2090,D_right_front_left,D,right,0,front_left,,262,167.8000,344.2000,158.5000,169.5000,62.3000,0.0000,343.2000,360.0000,58.4000,0.0000,101.1000,0.0000,271.4000,0.0000,-0.86300,0.04500,0.33900,3.17000,0.84000,0.84000,0.08500,0.13900,0.91000,-1.85000,-0.32000,2.18000,12.3,3.5,0.0,1.0,0.635500,0.490544,1.440052,-1.063210,-0.525860,2.644323,-0.089600,0.486000,0.869300,0.003200,0.133500,0.542300,0.828800,0.034500,0.635501,0.490546,1.440052,-0.100836,0.013868,1.408864,-2.774296,-1.440124,-1.348928,-0.202671,-3.062647,0.563254,1.005339,-0.710242,2.239845,0.767179,2.133299,-0.556394,-1.174809,1.507891,0,0,1.0000,1.0000,1,1,0,0,0.0000,0.0000,,,,,9438,9314,2363,1880,6501,7347,2937,1818,0,149,0.41516,-0.05114,0
1786019134.2239,D_right_front_left,D,right,0,front_left,,263,167.8000,344.2000,158.5000,169.5000,62.3000,0.0000,343.2000,360.0000,58.4000,0.0000,101.1000,0.0000,271.4000,0.0000,-0.86300,0.04500,0.33900,3.17000,0.84000,0.84000,0.08500,0.13900,0.91000,-1.85000,-0.32000,2.18000,12.3,3.5,0.0,1.0,0.635500,0.490544,1.440052,-1.063210,-0.525860,2.644323,-0.089600,0.486000,0.869300,0.003200,0.133500,0.542300,0.828800,0.034500,0.635501,0.490546,1.440052,-0.100836,0.013868,1.408864,-2.774296,-1.440124,-1.348928,-0.202671,-3.062647,0.563254,1.005339,-0.710242,2.239845,0.767179,2.133299,-0.556394,-1.174809,1.507891,0,0,1.0000,1.0000,1,1,0,0,0.0000,0.0000,,,,,129086,125765,2373,1921,125779,123760,3307,1858,0,147,0.41516,-0.05114,0
1786019134.2448,D_right_front_left,D,right,0,front_left,,264,167.8000,344.2000,158.5000,169.5000,62.3000,0.0000,343.2000,360.0000,58.4000,0.0000,101.1000,0.0000,271.4000,0.0000,-0.86300,0.04500,0.33900,3.17000,0.84000,0.84000,0.08500,0.13900,0.91000,-1.85000,-0.32000,2.18000,12.3,3.5,0.0,1.0,0.635500,0.490544,1.440052,-1.063210,-0.525860,2.644323,-0.089600,0.486000,0.869300,0.003200,0.133500,0.542300,0.828800,0.034500,0.635501,0.490546,1.440052,-0.100836,0.013868,1.408864,-2.774296,-1.440124,-1.348928,-0.202671,-3.062647,0.563254,1.005339,-0.710242,2.239845,0.767179,2.133299,-0.556394,-1.174809,1.507891,0,0,1.0000,1.0000,1,1,0,0,0.0000,0.0000,,,,,9438,9314,2363,1880,6501,7347,2937,1818,0,149,0.41516,-0.05114,0
1786019134.2673,D_right_front_left,D,right,0,front_left,,265,167.8000,344.2000,158.5000,169.5000,62.3000,0.0000,343.2000,360.0000,58.4000,0.0000,101.1000,0.0000,271.4000,0.0000,-0.86300,0.04500,0.33900,3.17000,0.84000,0.84000,0.08500,0.13900,0.91000,-1.85000,-0.32000,2.18000,12.3,3.5,0.0,1.0,0.635500,0.490544,1.440052,-1.063210,-0.525860,2.644323,-0.089600,0.486000,0.869300,0.003200,0.133500,0.542300,0.828800,0.034500,0.635501,0.490546,1.440052,-0.100836,0.013868,1.408864,-2.774296,-1.440124,-1.348928,-0.202671,-3.062647,0.563254,1.005339,-0.710242,2.239845,0.767179,2.133299,-0.556394,-1.174809,1.507891,0,0,1.0000,1.0000,1,1,0,0,0.0000,0.0000,,,,,129086,9314,2373,1880,125779,7347,3307,1818,0,149,0.41516,-0.05114,0
1786019134.2864,D_right_front_left,D,right,0,front_left,,266,167.8000,344.2000,158.5000,169.5000,62.3000,0.0000,343.2000,360.0000,58.4000,0.0000,101.1000,0.0000,271.4000,0.0000,-0.86300,0.04500,0.33900,3.17000,0.84000,0.84000,0.08500,0.13900,0.91000,-1.85000,-0.32000,2.18000,12.3,3.5,0.0,1.0,0.635500,0.490544,1.440052,-1.063210,-0.525860,2.644323,-0.089600,0.486000,0.869300,0.003200,0.133500,0.542300,0.828800,0.034500,0.635501,0.490546,1.440052,-0.100836,0.013868,1.408864,-2.774296,-1.440124,-1.348928,-0.202671,-3.062647,0.563254,1.005339,-0.710242,2.239845,0.767179,2.133299,-0.556394,-1.174809,1.507891,0,0,1.0000,1.0000,1,1,0,0,0.0000,0.0000,,,,,9438,125765,2363,1921,6501,123760,2937,1858,0,147,0.41516,-0.05114,0
1786019134.3120,D_right_front_left,D,right,0,front_left,,267,167.8000,344.2000,158.5000,169.5000,62.3000,0.0000,343.2000,360.0000,58.4000,0.0000,101.1000,0.0000,271.4000,0.0000,-0.86300,0.04500,0.33900,3.17000,0.84000,0.84000,0.08500,0.13900,0.91000,-1.85000,-0.32000,2.18000,12.3,3.5,0.0,1.0,0.635500,0.490544,1.440052,-1.063210,-0.525860,2.644323,-0.089600,0.486000,0.869300,0.003200,0.133500,0.542300,0.828800,0.034500,0.635501,0.490546,1.440052,-0.100836,0.013868,1.408864,-2.774296,-1.440124,-1.348928,-0.202671,-3.062647,0.563254,1.005339,-0.710242,2.239845,0.767179,2.133299,-0.556394,-1.174809,1.507891,0,0,1.0000,1.0000,1,1,0,0,0.0000,0.0000,,,,,129086,9314,2373,1880,125779,7347,3307,1818,0,149,0.41516,-0.05114,0
1786019134.3291,D_right_front_left,D,right,0,front_left,,268,167.8000,344.2000,158.5000,169.5000,62.3000,0.0000,343.2000,360.0000,58.4000,0.0000,101.1000,0.0000,271.4000,0.0000,-0.86300,0.04500,0.33900,3.17000,0.84000,0.84000,0.08500,0.13900,0.91000,-1.85000,-0.32000,2.18000,12.3,3.5,0.0,1.0,0.635500,0.490544,1.440052,-1.063210,-0.525860,2.644323,-0.089600,0.486000,0.869300,0.003200,0.133500,0.542300,0.828800,0.034500,0.635501,0.490546,1.440052,-0.100836,0.013868,1.408864,-2.774296,-1.440124,-1.348928,-0.202671,-3.062647,0.563254,1.005339,-0.710242,2.239845,0.767179,2.133299,-0.556394,-1.174809,1.507891,0,0,1.0000,1.0000,1,1,0,0,0.0000,0.0000,,,,,129086,9314,2373,1880,125779,7347,3307,1818,0,149,0.41516,-0.05114,0
1786019134.3449,D_right_front_left,D,right,0,front_left,,269,167.8000,344.2000,158.5000,169.5000,62.3000,0.0000,343.2000,360.0000,58.4000,0.0000,101.1000,0.0000,271.4000,0.0000,-0.86300,0.04500,0.33900,3.17000,0.84000,0.84000,0.08500,0.13900,0.91000,-1.85000,-0.32000,2.18000,12.3,3.5,0.0,1.0,0.635500,0.490544,1.440052,-1.063210,-0.525860,2.644323,-0.089600,0.486000,0.869300,0.003200,0.133500,0.542300,0.828800,0.034500,0.635501,0.490546,1.440052,-0.100836,0.013868,1.408864,-2.774296,-1.440124,-1.348928,-0.202671,-3.062647,0.563254,1.005339,-0.710242,2.239845,0.767179,2.133299,-0.556394,-1.174809,1.507891,0,0,1.0000,1.0000,1,1,0,0,0.0000,0.0000,,,,,129086,125765,2373,1921,125779,123760,3307,1858,0,147,0.41516,-0.05114,0
1786019134.3646,D_right_front_left,D,right,0,front_left,,270,167.8000,344.2000,158.5000,169.5000,62.3000,0.0000,343.2000,360.0000,58.4000,0.0000,101.1000,0.0000,271.4000,0.0000,-0.86300,0.04500,0.33900,3.17000,0.84000,0.84000,0.08500,0.13900,0.91000,-1.85000,-0.32000,2.18000,12.3,3.5,0.0,1.0,0.635500,0.490544,1.440052,-1.063210,-0.525860,2.644323,-0.089600,0.486000,0.869300,0.003200,0.133500,0.542300,0.828800,0.034500,0.635501,0.490546,1.440052,-0.100836,0.013868,1.408864,-2.774296,-1.440124,-1.348928,-0.202671,-3.062647,0.563254,1.005339,-0.710242,2.239845,0.767179,2.133299,-0.556394,-1.174809,1.507891,0,0,1.0000,1.0000,1,1,0,0,0.0000,0.0000,,,,,129086,9314,2373,1880,125779,7347,3307,1818,0,149,0.41516,-0.05114,0
1786019134.3975,D_right_front_left,D,right,0,front_left,,271,167.9000,344.1000,158.6000,169.4000,60.6000,0.0000,343.2000,360.0000,58.4000,0.0000,101.5000,0.0000,271.5000,0.0000,-0.88100,0.02800,0.35100,5.01000,2.56000,-0.49000,0.05600,0.18200,0.92300,-2.08000,0.82000,0.34000,11.1,3.0,0.0,1.0,1.089424,1.269083,1.619700,-0.311882,-0.546856,2.284854,-0.089600,0.486000,0.869300,0.003200,0.133500,0.542300,0.828800,0.034500,0.635501,0.490546,1.440052,-0.100836,0.013868,1.408864,-2.774296,-1.440124,-1.348928,-0.202671,-3.062647,0.563254,1.005339,-0.710242,2.239845,0.767179,2.133299,-0.556394,-1.174809,1.507891,1,0,1.0000,1.0000,1,1,0,0,0.0000,0.0000,,,,,129086,9314,2373,1880,125779,7347,3307,1818,0,149,0.41516,-0.05114,0
1786019134.4143,D_right_front_left,D,right,0,front_left,,272,167.9000,344.1000,158.6000,169.4000,60.6000,0.0000,343.2000,360.0000,58.4000,0.0000,101.5000,0.0000,271.5000,0.0000,-0.88100,0.02800,0.35100,5.01000,2.56000,-0.49000,0.05600,0.18200,0.92300,-2.08000,0.82000,0.34000,11.1,3.0,0.0,1.0,1.089424,1.269083,1.619700,-0.311882,-0.546856,2.284854,-0.089600,0.486000,0.869300,0.003200,0.133500,0.542300,0.828800,0.034500,0.635501,0.490546,1.440052,-0.100836,0.013868,1.408864,-2.774296,-1.440124,-1.348928,-0.202671,-3.062647,0.563254,1.005339,-0.710242,2.239845,0.767179,2.133299,-0.556394,-1.174809,1.507891,1,0,1.0000,1.0000,1,1,0,0,0.0000,0.0000,,,,,129086,9314,2373,1880,125779,7347,3307,1818,0,149,0.41516,-0.05114,0
1786019134.4303,D_right_front_left,D,right,0,front_left,,273,167.9000,344.1000,158.6000,169.4000,60.6000,0.0000,343.2000,360.0000,58.4000,0.0000,101.5000,0.0000,271.5000,0.0000,-0.88100,0.02800,0.35100,5.01000,2.56000,-0.49000,0.05600,0.18200,0.92300,-2.08000,0.82000,0.34000,11.1,3.0,0.0,1.0,1.089424,1.269083,1.619700,-0.311882,-0.546856,2.284854,-0.089600,0.486000,0.869300,0.003200,0.133500,0.542300,0.828800,0.034500,0.635501,0.490546,1.440052,-0.100836,0.013868,1.408864,-2.774296,-1.440124,-1.348928,-0.202671,-3.062647,0.563254,1.005339,-0.710242,2.239845,0.767179,2.133299,-0.556394,-1.174809,1.507891,1,0,1.0000,1.0000,1,1,0,0,0.0000,0.0000,,,,,9438,125765,2363,1921,6501,123760,2937,1858,0,147,0.41516,-0.05114,0
1786019134.4468,D_right_front_left,D,right,0,front_left,,274,167.9000,344.1000,158.6000,169.4000,60.6000,0.0000,343.2000,360.0000,58.4000,0.0000,101.5000,0.0000,271.5000,0.0000,-0.88100,0.02800,0.35100,5.01000,2.56000,-0.49000,0.05600,0.18200,0.92300,-2.08000,0.82000,0.34000,11.1,3.0,0.0,1.0,1.089424,1.269083,1.619700,-0.311882,-0.546856,2.284854,-0.089600,0.486000,0.869300,0.003200,0.133500,0.542300,0.828800,0.034500,0.635501,0.490546,1.440052,-0.100836,0.013868,1.408864,-2.774296,-1.440124,-1.348928,-0.202671,-3.062647,0.563254,1.005339,-0.710242,2.239845,0.767179,2.133299,-0.556394,-1.174809,1.507891,1,0,1.0000,1.0000,1,1,0,0,0.0000,0.0000,,,,,9438,125765,2363,1921,6501,123760,2937,1858,0,147,0.41516,-0.05114,0
1786019134.4808,D_right_front_left,D,right,0,front_left,,275,167.9000,344.1000,158.6000,169.4000,60.6000,0.0000,343.2000,360.0000,58.4000,0.0000,101.5000,0.0000,271.5000,0.0000,-0.88100,0.02800,0.35100,5.01000,2.56000,-0.49000,0.05600,0.18200,0.92300,-2.08000,0.82000,0.34000,11.1,3.0,0.0,1.0,1.089424,1.269083,1.619700,-0.311882,-0.546856,2.284854,-0.089600,0.486000,0.869300,0.003200,0.133500,0.542300,0.828800,0.034500,0.635501,0.490546,1.440052,-0.100836,0.013868,1.408864,-2.774296,-1.440124,-1.348928,-0.202671,-3.062647,0.563254,1.005339,-0.710242,2.239845,0.767179,2.133299,-0.556394,-1.174809,1.507891,1,0,1.0000,1.0000,1,1,0,0,0.0000,0.0000,,,,,9438,9314,2363,1880,6501,7347,2937,1818,0,149,0.41516,-0.05114,0
1786019134.4937,D_right_front_left,D,right,0,front_left,,276,167.9000,344.1000,158.5000,169.4000,65.5000,0.0000,343.2000,360.0000,58.5000,0.0000,101.5000,0.0000,271.5000,0.0000,-0.87600,0.04300,0.35200,3.34000,0.60000,2.40000,0.08300,0.16800,0.91600,-1.33000,-0.38000,3.35000,12.3,3.5,0.0,1.0,1.089039,1.268979,1.619580,-0.311882,-0.546856,2.284854,-0.089600,0.486000,0.869300,0.003200,0.133500,0.542300,0.828800,0.034500,0.635501,0.490546,1.440052,-0.100836,0.013868,1.408864,-2.774296,-1.440124,-1.348928,-0.202671,-3.062647,0.563254,1.005339,-0.710242,2.239845,0.767179,2.133299,-0.556394,-1.174809,1.507891,1,0,1.0000,1.0000,1,1,0,0,0.0000,0.0000,,,,,9438,9314,2363,1880,6501,7347,2937,1818,0,149,0.41516,-0.05114,0
1786019134.5051,D_right_front_left,D,right,0,front_left,,277,167.9000,344.1000,158.5000,169.4000,65.5000,0.0000,343.2000,360.0000,58.5000,0.0000,101.5000,0.0000,271.5000,0.0000,-0.87600,0.04300,0.35200,3.34000,0.60000,2.40000,0.08300,0.16800,0.91600,-1.33000,-0.38000,3.35000,12.3,3.5,0.0,1.0,1.089039,1.268979,1.619580,-0.311882,-0.546856,2.284854,-0.089600,0.486000,0.869300,0.003200,0.133500,0.542300,0.828800,0.034500,0.635501,0.490546,1.440052,-0.100836,0.013868,1.408864,-2.774296,-1.440124,-1.348928,-0.202671,-3.062647,0.563254,1.005339,-0.710242,2.239845,0.767179,2.133299,-0.556394,-1.174809,1.507891,1,0,1.0000,1.0000,1,1,0,0,0.0000,0.0000,,,,,9438,9314,2363,1880,6501,7347,2937,1818,0,149,0.41516,-0.05114,0
1786019134.5285,D_right_front_left,D,right,0,front_left,,278,167.9000,344.1000,158.5000,169.4000,65.5000,0.0000,343.2000,360.0000,58.5000,0.0000,101.5000,0.0000,271.5000,0.0000,-0.87600,0.04300,0.35200,3.34000,0.60000,2.40000,0.08300,0.16800,0.91600,-1.33000,-0.38000,3.35000,12.3,2.7,0.0,1.0,1.089039,1.268979,1.619580,-0.311882,-0.546856,2.284854,-0.089600,0.486000,0.869300,0.003200,0.133500,0.542300,0.828800,0.034500,0.635501,0.490546,1.440052,-0.100836,0.013868,1.408864,-2.774296,-1.440124,-1.348928,-0.202671,-3.062647,0.563254,1.005339,-0.710242,2.239845,0.767179,2.133299,-0.556394,-1.174809,1.507891,1,0,1.0000,1.0000,1,1,0,0,0.0000,0.0000,,,,,129086,9314,2373,1880,125779,7347,3307,1818,0,149,0.41516,-0.05114,0
1786019134.5460,D_right_front_left,D,right,0,front_left,,279,167.9000,344.1000,158.5000,169.4000,65.5000,0.0000,343.2000,360.0000,58.5000,0.0000,101.5000,0.0000,271.5000,0.0000,-0.87600,0.04300,0.35200,3.34000,0.60000,2.40000,0.08300,0.16800,0.91600,-1.33000,-0.38000,3.35000,12.3,2.7,0.0,1.0,1.089039,1.268979,1.619580,-0.311882,-0.546856,2.284854,-0.089600,0.486000,0.869300,0.003200,0.133500,0.542300,0.828800,0.034500,0.635501,0.490546,1.440052,-0.100836,0.013868,1.408864,-2.774296,-1.440124,-1.348928,-0.202671,-3.062647,0.563254,1.005339,-0.710242,2.239845,0.767179,2.133299,-0.556394,-1.174809,1.507891,1,0,1.0000,1.0000,1,1,0,0,0.0000,0.0000,,,,,9438,125765,2363,1921,6501,123760,2937,1858,0,147,0.41516,-0.05114,0
1786019134.5638,D_right_front_left,D,right,0,front_left,,280,167.9000,344.1000,158.5000,169.4000,65.5000,0.0000,343.2000,360.0000,58.5000,0.0000,101.5000,0.0000,271.5000,0.0000,-0.87600,0.04300,0.35200,3.34000,0.60000,2.40000,0.08300,0.16800,0.91600,-1.33000,-0.38000,3.35000,12.3,2.7,0.0,1.0,1.089039,1.268979,1.619580,-0.311882,-0.546856,2.284854,-0.089600,0.486000,0.869300,0.003200,0.133500,0.542300,0.828800,0.034500,0.635501,0.490546,1.440052,-0.100836,0.013868,1.408864,-2.774296,-1.440124,-1.348928,-0.202671,-3.062647,0.563254,1.005339,-0.710242,2.239845,0.767179,2.133299,-0.556394,-1.174809,1.507891,1,0,1.0000,1.0000,1,1,0,0,0.0000,0.0000,,,,,129086,125765,2373,1921,125779,123760,3307,1858,0,147,0.41516,-0.05114,0
1786019134.5853,D_right_front_left,D,right,0,front_left,,281,167.9000,344.1000,158.5000,169.4000,65.5000,0.0000,343.2000,360.0000,58.5000,0.0000,101.5000,0.0000,271.5000,0.0000,-0.87600,0.04300,0.35200,3.34000,0.60000,2.40000,0.08300,0.16800,0.91600,-1.33000,-0.38000,3.35000,11.1,2.3,0.0,1.0,1.089039,1.268979,1.619580,-0.311882,-0.546856,2.284854,-0.089600,0.486000,0.869300,0.003200,0.133500,0.542300,0.828800,0.034500,0.635501,0.490546,1.440052,-0.100836,0.013868,1.408864,-2.774296,-1.440124,-1.348928,-0.202671,-3.062647,0.563254,1.005339,-0.710242,2.239845,0.767179,2.133299,-0.556394,-1.174809,1.507891,1,0,1.0000,1.0000,1,1,0,0,0.0000,0.0000,,,,,9438,9314,2363,1880,6501,7347,2937,1818,0,149,0.41516,-0.05114,0
1786019134.6050,D_right_front_left,D,right,0,front_left,,282,167.9000,344.1000,158.5000,169.4000,65.5000,0.0000,343.2000,360.0000,58.5000,0.0000,101.5000,0.0000,271.5000,0.0000,-0.87600,0.04300,0.35200,3.34000,0.60000,2.40000,0.08300,0.16800,0.91600,-1.33000,-0.38000,3.35000,11.1,2.3,0.0,1.0,1.089039,1.268979,1.619580,-0.311882,-0.546856,2.284854,-0.089600,0.486000,0.869300,0.003200,0.133500,0.542300,0.828800,0.034500,0.635501,0.490546,1.440052,-0.100836,0.013868,1.408864,-2.774296,-1.440124,-1.348928,-0.202671,-3.062647,0.563254,1.005339,-0.710242,2.239845,0.767179,2.133299,-0.556394,-1.174809,1.507891,1,0,1.0000,1.0000,1,1,0,0,0.0000,0.0000,,,,,129086,125765,2373,1921,125779,123760,3307,1858,0,147,0.41516,-0.05114,0
1786019134.6738,D_right_front_left,D,right,0,front_left,,283,167.9000,41.0000,158.5000,169.5000,67.0000,0.0000,343.1000,360.0000,58.8000,0.0000,101.7000,0.0000,271.5000,0.0000,-0.87300,0.04700,0.34900,0.13000,5.79000,1.00000,0.06600,0.16700,0.91600,-0.43000,0.20000,-7.46000,12.2,2.0,0.0,1.0,1.087688,1.268624,1.624524,-0.311882,-0.546856,2.284854,-0.089600,0.486000,0.869300,0.003200,0.133500,0.542300,0.828800,0.034500,0.635501,0.490546,1.440052,-0.100836,0.013868,1.408864,-2.774296,-1.440124,-1.348928,-0.202671,-3.062647,0.563254,1.005339,-0.710242,2.239845,0.767179,2.133299,-0.556394,-1.174809,1.507891,1,0,1.0000,1.0000,1,1,0,0,0.0000,0.0000,,,,,129086,125765,2374,1921,125779,123760,3307,1858,0,147,0.41516,-0.05114,0
1786019134.6748,D_right_front_left,D,right,0,front_left,,284,167.9000,41.0000,158.5000,169.5000,67.0000,0.0000,343.1000,360.0000,58.8000,0.0000,101.7000,0.0000,271.5000,0.0000,-0.87300,0.04700,0.34900,0.13000,5.79000,1.00000,0.06600,0.16700,0.91600,-0.43000,0.20000,-7.46000,12.2,2.0,0.0,1.0,1.087688,1.268624,1.624524,-0.311882,-0.546856,2.284854,-0.089600,0.486000,0.869300,0.003200,0.133500,0.542300,0.828800,0.034500,0.635501,0.490546,1.440052,-0.100836,0.013868,1.408864,-2.774296,-1.440124,-1.348928,-0.202671,-3.062647,0.563254,1.005339,-0.710242,2.239845,0.767179,2.133299,-0.556394,-1.174809,1.507891,1,0,1.0000,1.0000,1,1,0,0,0.0000,0.0000,,,,,129086,125765,2374,1921,125779,123760,3307,1858,0,147,0.41516,-0.05114,0
1786019134.6756,D_right_front_left,D,right,0,front_left,,285,167.9000,41.0000,158.5000,169.5000,67.0000,0.0000,343.1000,360.0000,58.8000,0.0000,101.7000,0.0000,271.5000,0.0000,-0.87300,0.04700,0.34900,0.13000,5.79000,1.00000,0.06600,0.16700,0.91600,-0.43000,0.20000,-7.46000,12.2,2.0,0.0,1.0,1.087688,1.268624,1.624524,-0.311882,-0.546856,2.284854,-0.089600,0.486000,0.869300,0.003200,0.133500,0.542300,0.828800,0.034500,0.635501,0.490546,1.440052,-0.100836,0.013868,1.408864,-2.774296,-1.440124,-1.348928,-0.202671,-3.062647,0.563254,1.005339,-0.710242,2.239845,0.767179,2.133299,-0.556394,-1.174809,1.507891,1,0,1.0000,1.0000,1,1,0,0,0.0000,0.0000,,,,,129086,125765,2374,1921,125779,123760,3307,1858,0,147,0.41516,-0.05114,0
1786019134.6887,D_right_front_left,D,right,0,front_left,,286,167.9000,41.0000,158.5000,169.5000,67.0000,0.0000,343.1000,360.0000,58.8000,0.0000,101.7000,0.0000,271.5000,0.0000,-0.87300,0.04700,0.34900,0.13000,5.79000,1.00000,0.06600,0.16700,0.91600,-0.43000,0.20000,-7.46000,12.2,2.0,0.0,1.0,1.087688,1.268624,1.624524,-0.311882,-0.546856,2.284854,-0.089600,0.486000,0.869300,0.003200,0.133500,0.542300,0.828800,0.034500,0.635501,0.490546,1.440052,-0.100836,0.013868,1.408864,-2.774296,-1.440124,-1.348928,-0.202671,-3.062647,0.563254,1.005339,-0.710242,2.239845,0.767179,2.133299,-0.556394,-1.174809,1.507891,1,0,1.0000,1.0000,1,1,0,0,0.0000,0.0000,,,,,129086,125765,2374,1921,125779,123760,3307,1858,0,147,0.41516,-0.05114,0
1786019134.7312,D_right_front_left,D,right,0,front_left,,287,167.9000,41.0000,158.5000,169.5000,67.0000,0.0000,343.1000,360.0000,58.8000,0.0000,101.7000,0.0000,271.5000,0.0000,-0.87300,0.04700,0.34900,0.13000,5.79000,1.00000,0.06600,0.16700,0.91600,-0.43000,0.20000,-7.46000,11.9,3.5,0.0,1.0,1.087688,1.268624,1.624524,-0.311882,-0.546856,2.284854,-0.089600,0.486000,0.869300,0.003200,0.133500,0.542300,0.828800,0.034500,0.633784,0.490035,1.446029,-0.100836,0.013868,1.408864,-2.774296,-1.440124,-1.348928,-0.202671,-3.062647,0.563254,1.005339,-0.710242,2.239845,0.767179,2.133299,-0.556394,-1.174809,1.507891,1,0,1.0000,1.0000,1,1,0,0,0.0000,0.0000,,,,,9438,9314,2364,1881,6501,7347,2937,1818,0,149,0.41516,-0.05114,0
1786019134.7347,D_right_front_left,D,right,0,front_left,,288,167.9000,41.0000,158.5000,169.5000,67.0000,0.0000,343.1000,360.0000,58.8000,0.0000,101.7000,0.0000,271.5000,0.0000,-0.87300,0.04700,0.34900,0.13000,5.79000,1.00000,0.06600,0.16700,0.91600,-0.43000,0.20000,-7.46000,11.9,3.5,0.0,1.0,1.087688,1.268624,1.624524,-0.311882,-0.546856,2.284854,-0.089600,0.486000,0.869300,0.003200,0.133500,0.542300,0.828800,0.034500,0.633784,0.490035,1.446029,-0.100836,0.013868,1.408864,-2.774296,-1.440124,-1.348928,-0.202671,-3.062647,0.563254,1.005339,-0.710242,2.239845,0.767179,2.133299,-0.556394,-1.174809,1.507891,1,0,1.0000,1.0000,1,1,0,0,0.0000,0.0000,,,,,9438,9314,2364,1881,6501,7347,2937,1818,0,149,0.41516,-0.05114,0
1786019134.7468,D_right_front_left,D,right,0,front_left,,289,167.9000,344.1000,158.5000,169.5000,64.1000,0.0000,343.1000,360.0000,58.8000,0.0000,101.7000,0.0000,271.5000,0.0000,-0.86700,0.06000,0.33800,4.19000,-0.44000,2.53000,0.06600,0.16700,0.91600,-0.43000,0.20000,-7.46000,11.9,3.5,0.0,1.0,1.089131,1.268998,1.623315,-0.311882,-0.546856,2.284854,-0.089600,0.486000,0.869300,0.003200,0.133500,0.542300,0.828800,0.034500,0.633784,0.490035,1.446029,-0.100836,0.013868,1.408864,-2.774296,-1.440124,-1.348928,-0.202671,-3.062647,0.563254,1.005339,-0.710242,2.239845,0.767179,2.133299,-0.556394,-1.174809,1.507891,1,0,1.0000,1.0000,1,1,0,0,0.0000,0.0000,,,,,129087,125765,2374,1922,125779,123760,3308,1858,0,147,0.41504,-0.05114,0
1786019134.7647,D_right_front_left,D,right,0,front_left,,290,167.9000,344.1000,158.2000,169.7000,63.9000,0.0000,343.1000,360.0000,59.0000,0.0000,101.5000,0.0000,271.5000,0.0000,-0.87600,0.04300,0.33700,3.43000,0.42000,3.91000,0.07600,0.15000,0.91000,0.37000,-1.08000,-4.31000,12.0,2.6,0.0,1.0,0.627976,0.083504,1.569532,-0.311882,-0.546856,2.284854,-0.089600,0.486000,0.869300,0.003200,0.133500,0.542300,0.828800,0.034500,0.636656,0.489544,1.445643,-0.100836,0.013868,1.408864,-2.786565,-1.437937,-1.341322,-0.190403,-3.050378,0.575522,1.007143,-0.710242,2.239845,0.767179,2.133299,-0.556394,-1.174809,1.507891,1,0,1.0000,1.0000,1,1,0,0,0.0000,0.0000,,,,,129087,125765,2374,1922,125779,123760,3308,1858,0,147,0.41504,-0.05114,0
1786019134.7906,D_right_front_left,D,right,0,front_left,,291,167.9000,344.1000,158.2000,169.7000,63.9000,0.0000,343.1000,360.0000,59.1000,0.0000,101.5000,0.0000,271.5000,0.0000,-0.87600,0.04300,0.33700,3.43000,0.42000,3.91000,0.07700,0.15900,0.92600,0.95000,-1.90000,-3.00000,12.0,2.8,0.0,1.0,0.627976,0.083504,1.569532,-0.194738,-0.929557,1.933434,-0.089600,0.486000,0.869300,0.003200,0.133500,0.542300,0.828800,0.034500,0.636656,0.489544,1.445643,-0.100836,0.013868,1.408864,-2.786198,-1.437586,-1.341684,-0.190769,3.232441,0.575156,1.007422,-0.710242,2.239845,0.767179,2.133299,-0.556394,-1.174809,1.507891,1,0,1.0000,1.0000,1,1,0,0,0.0000,0.0000,,,,,9439,125765,2364,1922,6501,123760,2938,1858,0,147,0.41504,-0.05114,0
1786019134.8043,D_right_front_left,D,right,0,front_left,,292,167.9000,344.1000,158.3000,169.7000,63.6000,0.0000,343.1000,360.0000,59.1000,0.0000,101.5000,0.0000,271.5000,0.0000,-0.87800,0.04300,0.33800,3.27000,0.65000,3.53000,0.06200,0.17300,0.92000,1.64000,-1.86000,-2.34000,12.0,2.8,0.0,1.0,0.635500,0.490544,1.440052,-1.063210,-0.525860,2.644323,-0.089600,0.486000,0.869300,0.003200,0.133500,0.542300,0.828800,0.034500,0.636656,0.489544,1.445643,-0.100836,0.013868,1.408864,-2.785324,-1.436746,-1.342548,-0.191644,3.231566,0.574281,1.008088,-0.710242,2.239845,0.767179,2.133299,-0.556394,-1.174809,1.507891,0,0,1.0000,1.0000,1,1,0,0,0.0000,0.0000,,,,,9439,125765,2364,1922,6501,123760,2938,1858,0,147,0.41504,-0.05114,0
1786019134.8409,D_right_front_left,D,right,0,front_left,,293,167.9000,344.1000,158.3000,169.7000,63.6000,0.0000,343.1000,360.0000,59.1000,0.0000,101.5000,0.0000,271.5000,0.0000,-0.87800,0.04300,0.33800,3.27000,0.65000,3.53000,0.06200,0.17300,0.92000,1.64000,-1.86000,-2.34000,12.0,2.8,0.0,1.0,0.635500,0.490544,1.440052,-1.063210,-0.525860,2.644323,-0.089600,0.486000,0.869300,0.003200,0.133500,0.542300,0.828800,0.034500,0.636656,0.489544,1.445643,-0.100836,0.013868,1.408864,-2.784357,-1.435818,-1.343501,-0.192610,3.230600,0.573315,1.008823,-0.710242,2.239845,0.767179,2.133299,-0.556394,-1.174809,1.507891,0,0,1.0000,1.0000,1,1,0,0,0.0000,0.0000,,,,,129087,9314,2374,1881,125779,7347,3308,1818,0,149,0.41504,-0.05114,0
1786019134.8556,D_right_front_left,D,right,0,front_left,,294,167.9000,344.0000,158.4000,169.6000,66.8000,0.0000,343.1000,360.0000,59.0000,0.0000,101.5000,0.0000,271.5000,0.0000,-0.88200,0.04200,0.35600,2.92000,3.05000,0.71000,0.14600,0.18500,0.89100,7.07000,3.56000,-14.31000,12.0,2.8,0.0,1.0,1.088707,1.268886,1.622014,-1.063210,-0.525860,2.644323,-0.089600,0.486000,0.869300,0.003200,0.133500,0.542300,0.828800,0.034500,0.639358,0.489072,1.445280,-0.100836,0.013868,1.408864,-2.783919,-1.435398,-1.343934,-0.193048,3.230161,0.572877,1.009157,-0.710242,2.239845,0.767179,2.133299,-0.556394,-1.174809,1.507891,1,0,1.0000,1.0000,1,1,0,0,0.0000,0.0000,,,,,9439,9314,2364,1881,6501,7347,2938,1818,0,149,0.41504,-0.05114,0
1786019134.8772,D_right_front_left,D,right,0,front_left,,295,167.9000,344.0000,158.5000,169.6000,65.6000,0.0000,343.1000,360.0000,59.0000,0.0000,101.5000,0.0000,271.5000,0.0000,-0.87500,0.01900,0.34600,6.85000,1.57000,-1.76000,0.14600,0.18500,0.89100,7.07000,3.56000,-14.31000,11.8,2.0,1.0,1.0,0.627916,0.083681,1.569264,-0.311882,-0.546856,2.284854,-0.089600,0.486000,0.869300,0.003200,0.133500,0.542300,0.828800,0.034500,0.639358,0.489072,1.445280,-0.100836,0.013868,1.408864,-2.783596,-1.435087,-1.344253,-0.193372,3.229838,0.572553,1.009403,-0.710242,2.239845,0.767179,2.133299,-0.556394,-1.174809,1.507891,1,0,1.0000,1.0000,1,1,0,0,0.0000,0.0000,,,,,129087,9314,2374,1881,125779,7347,3308,1818,0,149,0.41504,-0.05114,0
