t,segment,block,arm,rep,direction,speed,sample_index,l_j1,l_j2,l_j3,l_j4,l_j5,l_j6,l_j7,r_j1,r_j2,r_j3,r_j4,r_j5,r_j6,r_j7,l_ax,l_ay,l_az,l_gx,l_gy,l_gz,r_ax,r_ay,r_az,r_gx,r_gy,r_gz,fsr1,fsr2,btn1,btn2,left_cmd_x,left_cmd_y,left_cmd_z,right_cmd_x,right_cmd_y,right_cmd_z,left_cmd_qx,left_cmd_qy,left_cmd_qz,left_cmd_qw,right_cmd_qx,right_cmd_qy,right_cmd_qz,right_cmd_qw,left_ee_x,left_ee_y,left_ee_z,right_ee_x,right_ee_y,right_ee_z,left_joint_1,left_joint_2,left_joint_3,left_joint_4,left_joint_5,left_joint_6,left_joint_7,right_joint_1,right_joint_2,right_joint_3,right_joint_4,right_joint_5,right_joint_6,right_joint_7,left_clutch,right_clutch,left_scale,right_scale,left_frame_valid,right_frame_valid,left_n_dropouts,right_n_dropouts,left_data_age_s,right_data_age_s,position_mode,orientation_mode,left_channels_live,right_channels_live,left_ik_success,right_ik_success,left_ik_fail,right_ik_fail,left_guard_direct,right_guard_direct,left_guard_slewed,right_guard_slewed,left_guard_rejected,right_guard_rejected,left_min_clearance,right_min_clearance,estop
1786019419.6485,E_right_up_r1,E,right,1,up,,0,147.3000,345.1000,1733.0000,174.3000,0.0000,0.0000,33.4000,82.0000,120.4000,0.0000,0.0000,0.0000,203.3000,0.0000,-0.88100,0.04300,0.33700,1.45000,-3.94000,1.21000,0.23200,0.06800,0.87900,0.08000,1.67000,-0.37000,14.2,5.7,1.0,0.0,0.962904,0.133946,1.920236,-0.380837,-1.335940,2.207253,-0.089600,0.486000,0.869300,0.003200,0.133500,0.542300,0.828800,0.034500,0.916993,0.127566,1.755808,-0.100836,0.013868,1.408864,2.542153,-0.962663,-0.865127,0.888419,-2.386196,1.172582,0.220893,-0.710242,2.239845,0.767179,2.133299,-0.556394,-1.174809,1.507891,1,0,1.0000,1.0000,1,0,0,1,0.0000,7.9046,,,,,129436,125765,3290,2910,126090,123760,3346,1858,0,147,0.47296,-0.05114,0
1786019419.7281,E_right_up_r1,E,right,1,up,,1,147.4000,345.1000,173.1000,174.4000,0.0000,0.0000,333.4000,283.4000,120.4000,0.0000,0.0000,0.0000,203.3000,0.0000,-0.90000,0.05300,0.28700,8.20000,-5.15000,-0.80000,0.19300,0.18800,0.91600,-6.10000,2.76000,-446.00000,13.5,3.8,1.0,0.0,0.731644,0.710789,1.543827,-1.398048,-1.202410,2.896808,-0.089600,0.486000,0.869300,0.003200,0.133500,0.542300,0.828800,0.034500,0.916993,0.127566,1.755808,-0.100836,0.013868,1.408864,2.542153,-0.962663,-0.865127,0.888419,-2.386196,1.172582,0.220893,-0.710242,2.239845,0.767179,2.133299,-0.556394,-1.174809,1.507891,1,0,1.0000,1.0000,1,0,0,1,0.0000,4.7223,,,,,9803,9314,3265,2861,6825,7347,2978,1818,0,149,0.47296,-0.05114,0
1786019419.7319,E_right_up_r1,E,right,1,up,,2,147.4000,345.1000,173.1000,174.4000,0.0000,0.0000,333.4000,283.4000,120.4000,0.0000,0.0000,0.0000,203.3000,0.0000,-0.90000,0.05300,0.28700,8.20000,-5.15000,-0.80000,0.19300,0.18800,0.91600,-6.10000,2.76000,-446.00000,13.5,3.8,1.0,0.0,0.731644,0.710789,1.543827,-1.398048,-1.202410,2.896808,-0.089600,0.486000,0.869300,0.003200,0.133500,0.542300,0.828800,0.034500,0.916993,0.127566,1.755808,-0.100836,0.013868,1.408864,2.542153,-0.962663,-0.865127,0.888419,-2.386196,1.172582,0.220893,-0.710242,2.239845,0.767179,2.133299,-0.556394,-1.174809,1.507891,1,0,1.0000,1.0000,1,0,0,1,0.0000,4.7223,,,,,9803,9314,3265,2861,6825,7347,2978,1818,0,149,0.47296,-0.05114,0
1786019419.7380,E_right_up_r1,E,right,1,up,,3,147.4000,345.1000,173.1000,174.4000,0.0000,0.0000,333.4000,283.4000,120.4000,0.0000,0.0000,0.0000,203.3000,0.0000,-0.90000,0.05300,0.28700,8.20000,-5.15000,-0.80000,0.19300,0.18800,0.91600,-6.10000,2.76000,-446.00000,13.5,3.8,1.0,0.0,0.731644,0.710789,1.543827,-1.398048,-1.202410,2.896808,-0.089600,0.486000,0.869300,0.003200,0.133500,0.542300,0.828800,0.034500,0.916993,0.127566,1.755808,-0.100836,0.013868,1.408864,2.542153,-0.962663,-0.865127,0.888419,-2.386196,1.172582,0.220893,-0.710242,2.239845,0.767179,2.133299,-0.556394,-1.174809,1.507891,1,0,1.0000,1.0000,1,0,0,1,0.0000,4.7223,,,,,129436,125765,3291,2910,126090,123760,3346,1858,0,147,0.47296,-0.05114,0
1786019419.7388,E_right_up_r1,E,right,1,up,,4,147.4000,345.1000,173.1000,174.4000,0.0000,0.0000,333.4000,283.4000,120.4000,0.0000,0.0000,0.0000,203.3000,0.0000,-0.90000,0.05300,0.28700,8.20000,-5.15000,-0.80000,0.19300,0.18800,0.91600,-6.10000,2.76000,-446.00000,13.5,3.8,1.0,0.0,0.731644,0.710789,1.543827,-1.398048,-1.202410,2.896808,-0.089600,0.486000,0.869300,0.003200,0.133500,0.542300,0.828800,0.034500,0.916993,0.127566,1.755808,-0.100836,0.013868,1.408864,2.542153,-0.962663,-0.865127,0.888419,-2.386196,1.172582,0.220893,-0.710242,2.239845,0.767179,2.133299,-0.556394,-1.174809,1.507891,1,0,1.0000,1.0000,1,0,0,1,0.0000,4.7223,,,,,129436,125765,3291,2910,126090,123760,3346,1858,0,147,0.47296,-0.05114,0
1786019419.7487,E_right_up_r1,E,right,1,up,,5,147.4000,345.1000,173.1000,174.4000,0.0000,0.0000,333.4000,283.4000,120.4000,0.0000,0.0000,0.0000,203.3000,0.0000,-0.90000,0.05300,0.28700,8.20000,-5.15000,-0.80000,0.19300,0.18800,0.91600,-6.10000,2.76000,-446.00000,13.5,3.8,1.0,0.0,0.731644,0.710789,1.543827,-1.398048,-1.202410,2.896808,-0.089600,0.486000,0.869300,0.003200,0.133500,0.542300,0.828800,0.034500,0.916993,0.127566,1.755808,-0.100836,0.013868,1.408864,2.542153,-0.962663,-0.865127,0.888419,-2.386196,1.172582,0.220893,-0.710242,2.239845,0.767179,2.133299,-0.556394,-1.174809,1.507891,1,0,1.0000,1.0000,1,0,0,1,0.0000,4.7223,,,,,129436,9314,3291,2861,126090,7347,3346,1818,0,149,0.47296,-0.05114,0
1786019419.7700,E_right_up_r1,E,right,1,up,,6,147.4000,345.1000,173.1000,174.4000,0.0000,0.0000,333.4000,283.4000,120.4000,0.0000,0.0000,0.0000,203.3000,0.0000,-0.90000,0.05300,0.28700,8.20000,-5.15000,-0.80000,0.19300,0.18800,0.91600,-6.10000,2.76000,-446.00000,15.6,3.3,1.0,0.0,0.731644,0.710789,1.543827,-1.398048,-1.202410,2.896808,-0.089600,0.486000,0.869300,0.003200,0.133500,0.542300,0.828800,0.034500,0.916993,0.127566,1.755808,-0.100836,0.013868,1.408864,2.542153,-0.962663,-0.865127,0.888419,-2.386196,1.172582,0.220893,-0.710242,2.239845,0.767179,2.133299,-0.556394,-1.174809,1.507891,1,0,1.0000,1.0000,1,0,0,1,0.0000,4.7223,,,,,9803,125765,3265,2910,6825,123760,2978,1858,0,147,0.47296,-0.05114,0
1786019419.7893,E_right_up_r1,E,right,1,up,,7,147.4000,345.1000,173.1000,174.4000,0.0000,0.0000,333.4000,283.4000,120.4000,0.0000,0.0000,0.0000,203.3000,0.0000,-0.90000,0.05300,0.28700,8.20000,-5.15000,-0.80000,0.19300,0.18800,0.91600,-6.10000,2.76000,-446.00000,14.3,3.4,1.0,0.0,0.731644,0.710789,1.543827,-1.398048,-1.202410,2.896808,-0.089600,0.486000,0.869300,0.003200,0.133500,0.542300,0.828800,0.034500,0.916993,0.127566,1.755808,-0.100836,0.013868,1.408864,2.542153,-0.962663,-0.865127,0.888419,-2.386196,1.172582,0.220893,-0.710242,2.239845,0.767179,2.133299,-0.556394,-1.174809,1.507891,1,0,1.0000,1.0000,1,0,0,1,0.0000,4.7223,,,,,9803,125765,3265,2910,6825,123760,2978,1858,0,147,0.47296,-0.05114,0
1786019419.8137,E_right_up_r1,E,right,1,up,,8,147.4000,345.1000,173.1000,174.4000,0.0000,0.0000,333.4000,283.4000,120.4000,0.0000,0.0000,0.0000,203.3000,0.0000,-0.90000,0.05300,0.28700,8.20000,-5.15000,-0.80000,0.19300,0.18800,0.91600,-6.10000,2.76000,-446.00000,14.3,3.4,1.0,0.0,0.731644,0.710789,1.543827,-1.398048,-1.202410,2.896808,-0.089600,0.486000,0.869300,0.003200,0.133500,0.542300,0.828800,0.034500,0.916993,0.127566,1.755808,-0.100836,0.013868,1.408864,2.542153,-0.962663,-0.865127,0.888419,-2.386196,1.172582,0.220893,-0.710242,2.239845,0.767179,2.133299,-0.556394,-1.174809,1.507891,1,0,1.0000,1.0000,1,0,0,1,0.0000,4.7223,,,,,129436,125765,3291,2911,126090,123760,3346,1858,0,147,0.47296,-0.05114,0
1786019419.8350,E_right_up_r1,E,right,1,up,,9,147.3000,345.1000,173.1000,174.3000,0.0000,0.0000,333.4000,283.4000,120.2000,0.0000,0.0000,0.0000,203.6000,0.0000,-0.88800,0.03200,0.34700,4.82000,4.21000,0.45000,0.25400,0.13000,0.91800,-4.41000,5.56000,4.45000,14.8,5.7,1.0,0.0,0.961888,0.134146,1.919828,-0.380837,-1.335940,2.207253,-0.089600,0.486000,0.869300,0.003200,0.133500,0.542300,0.828800,0.034500,0.916993,0.127566,1.755808,-0.100836,0.013868,1.408864,2.542153,-0.962663,-0.865127,0.888419,-2.386196,1.172582,0.220893,-0.710242,2.239845,0.767179,2.133299,-0.556394,-1.174809,1.507891,1,0,1.0000,1.0000,1,0,0,1,0.0000,8.0846,,,,,9803,9314,3266,2862,6825,7347,2978,1818,0,149,0.47296,-0.05114,0
1786019419.8502,E_right_up_r1,E,right,1,up,,10,147.3000,345.1000,173.1000,174.3000,0.0000,0.0000,333.4000,283.4000,120.2000,0.0000,0.0000,0.0000,203.6000,0.0000,-0.88800,0.03200,0.34700,4.82000,4.21000,0.45000,0.25400,0.13000,0.91800,-4.41000,5.56000,4.45000,14.8,5.7,1.0,0.0,0.961888,0.134146,1.919828,-0.380837,-1.335940,2.207253,-0.089600,0.486000,0.869300,0.003200,0.133500,0.542300,0.828800,0.034500,0.916993,0.127566,1.755808,-0.100836,0.013868,1.408864,2.542153,-0.962663,-0.865127,0.888419,-2.386196,1.172582,0.220893,-0.710242,2.239845,0.767179,2.133299,-0.556394,-1.174809,1.507891,1,0,1.0000,1.0000,1,0,0,1,0.0000,8.0846,,,,,129436,125765,3291,2911,126090,123760,3346,1858,0,147,0.47296,-0.05114,0
1786019419.8703,E_right_up_r1,E,right,1,up,,11,147.3000,345.1000,173.1000,174.3000,0.0000,0.0000,333.4000,283.4000,120.2000,0.0000,0.0000,0.0000,203.6000,0.0000,-0.88800,0.03200,0.34700,4.82000,4.21000,0.45000,0.25400,0.13000,0.91800,-4.41000,5.56000,4.45000,14.8,5.7,1.0,0.0,0.961888,0.134146,1.919828,-0.380837,-1.335940,2.207253,-0.089600,0.486000,0.869300,0.003200,0.133500,0.542300,0.828800,0.034500,0.916993,0.127566,1.755808,-0.100836,0.013868,1.408864,2.542153,-0.962663,-0.865127,0.888419,-2.386196,1.172582,0.220893,-0.710242,2.239845,0.767179,2.133299,-0.556394,-1.174809,1.507891,1,0,1.0000,1.0000,1,0,0,1,0.0000,8.0846,,,,,9803,9314,3266,2862,6825,7347,2978,1818,0,149,0.47296,-0.05114,0
1786019419.9041,E_right_up_r1,E,right,1,up,,12,147.3000,345.1000,173.1000,174.3000,0.0000,0.0000,333.4000,283.4000,120.2000,0.0000,0.0000,0.0000,203.6000,0.0000,-0.88800,0.03200,0.34700,4.82000,4.21000,0.45000,0.25400,0.13000,0.91800,-4.41000,5.56000,4.45000,14.8,5.7,1.0,0.0,0.961888,0.134146,1.919828,-0.380837,-1.335940,2.207253,-0.089600,0.486000,0.869300,0.003200,0.133500,0.542300,0.828800,0.034500,0.916993,0.127566,1.755808,-0.100836,0.013868,1.408864,2.542153,-0.962663,-0.865127,0.888419,-2.386196,1.172582,0.220893,-0.710242,2.239845,0.767179,2.133299,-0.556394,-1.174809,1.507891,1,0,1.0000,1.0000,1,0,0,1,0.0000,8.0846,,,,,9803,9314,3266,2862,6825,7347,2978,1818,0,149,0.47296,-0.05114,0
1786019419.9190,E_right_up_r1,E,right,1,up,,13,147.3000,345.1000,173.1000,174.3000,0.0000,0.0000,333.4000,283.4000,120.2000,0.0000,0.0000,0.0000,203.6000,0.0000,-0.88800,0.03200,0.34700,4.82000,4.21000,0.45000,0.25400,0.13000,0.91800,-4.41000,5.56000,4.45000,15.2,5.5,1.0,0.0,0.961888,0.134146,1.919828,-0.380837,-1.335940,2.207253,-0.089600,0.486000,0.869300,0.003200,0.133500,0.542300,0.828800,0.034500,0.916993,0.127566,1.755808,-0.100836,0.013868,1.408864,2.542153,-0.962663,-0.865127,0.888419,-2.386196,1.172582,0.220893,-0.710242,2.239845,0.767179,2.133299,-0.556394,-1.174809,1.507891,1,0,1.0000,1.0000,1,0,0,1,0.0000,8.0846,,,,,129436,125765,3292,2911,126090,123760,3346,1858,0,147,0.47296,-0.05114,0
1786019419.9391,E_right_up_r1,E,right,1,up,,14,147.1000,345.1000,173.0000,174.3000,0.0000,0.0000,333.4000,283.4000,120.2000,0.0000,0.0000,0.0000,203.6000,0.0000,-0.87900,0.05600,0.30900,-1.83000,8.63000,2.61000,0.25400,0.13000,0.91800,-4.41000,5.56000,4.45000,13.9,5.4,1.0,0.0,0.731272,0.710753,1.543690,-0.380837,-1.335940,2.207253,-0.089600,0.486000,0.869300,0.003200,0.133500,0.542300,0.828800,0.034500,0.916993,0.127566,1.755808,-0.100836,0.013868,1.408864,2.542153,-0.962663,-0.865127,0.888419,-2.386196,1.172582,0.220893,-0.710242,2.239845,0.767179,2.133299,-0.556394,-1.174809,1.507891,1,0,1.0000,1.0000,1,0,0,1,0.0000,8.0846,,,,,9803,9314,3266,2862,6825,7347,2978,1818,0,149,0.47296,-0.05114,0
1786019419.9519,E_right_up_r1,E,right,1,up,,15,147.1000,345.1000,173.0000,174.3000,0.0000,0.0000,333.4000,283.4000,120.2000,0.0000,0.0000,0.0000,203.6000,0.0000,-0.87900,0.05600,0.30900,-1.83000,8.63000,2.61000,0.25400,0.13000,0.91800,-4.41000,5.56000,4.45000,13.1,7.1,1.0,0.0,0.731272,0.710753,1.543690,-0.380837,-1.335940,2.207253,-0.089600,0.486000,0.869300,0.003200,0.133500,0.542300,0.828800,0.034500,0.916993,0.127566,1.755808,-0.100836,0.013868,1.408864,2.542153,-0.962663,-0.865127,0.888419,-2.386196,1.172582,0.220893,-0.710242,2.239845,0.767179,2.133299,-0.556394,-1.174809,1.507891,1,0,1.0000,1.0000,1,0,0,1,0.0000,8.0846,,,,,129436,125765,3292,2911,126090,123760,3346,1858,0,147,0.47296,-0.05114,0
1786019419.9832,E_right_up_r1,E,right,1,up,,16,147.3000,345.0000,173.0000,174.3000,0.0000,0.0000,333.4000,283.7000,120.0000,0.0000,0.0000,0.0000,203.3000,0.0000,-0.89300,0.05800,0.31100,1.60000,0.98000,4.10000,0.18500,0.13700,0.90900,0.86000,-1.01000,1.45000,13.3,7.0,1.0,0.0,0.965709,0.133884,1.920863,-1.398048,-1.202410,2.896808,-0.089600,0.486000,0.869300,0.003200,0.133500,0.542300,0.828800,0.034500,0.916993,0.127566,1.755808,-0.100836,0.013868,1.408864,2.542153,-0.962663,-0.865127,0.888419,-2.386196,1.172582,0.220893,-0.710242,2.239845,0.767179,2.133299,-0.556394,-1.174809,1.507891,1,0,1.0000,1.0000,1,0,0,1,0.0000,4.9707,,,,,9803,125765,3266,2911,6825,123760,2978,1858,0,147,0.47296,-0.05114,0
1786019420.0138,E_right_up_r1,E,right,1,up,,17,147.3000,345.0000,173.0000,174.3000,0.0000,0.0000,333.4000,283.7000,120.0000,0.0000,0.0000,0.0000,203.3000,0.0000,-0.89300,0.05800,0.31100,1.60000,0.98000,4.10000,0.18500,0.13700,0.90900,0.86000,-1.01000,1.45000,14.1,6.3,1.0,0.0,0.965709,0.133884,1.920863,-1.398048,-1.202410,2.896808,-0.089600,0.486000,0.869300,0.003200,0.133500,0.542300,0.828800,0.034500,0.916993,0.127566,1.755808,-0.100836,0.013868,1.408864,2.542153,-0.962663,-0.865127,0.888419,-2.386196,1.172582,0.220893,-0.710242,2.239845,0.767179,2.133299,-0.556394,-1.174809,1.507891,1,0,1.0000,1.0000,1,0,0,1,0.0000,4.9707,,,,,129436,125765,3292,2911,126090,123760,3346,1858,0,147,0.47296,-0.05114,0
1786019420.0153,E_right_up_r1,E,right,1,up,,18,147.3000,345.0000,173.0000,174.3000,0.0000,0.0000,333.4000,283.7000,120.0000,0.0000,0.0000,0.0000,203.3000,0.0000,-0.89300,0.05800,0.31100,1.60000,0.98000,4.10000,0.18500,0.13700,0.90900,0.86000,-1.01000,1.45000,14.1,6.3,1.0,0.0,0.965709,0.133884,1.920863,-1.398048,-1.202410,2.896808,-0.089600,0.486000,0.869300,0.003200,0.133500,0.542300,0.828800,0.034500,0.916993,0.127566,1.755808,-0.100836,0.013868,1.408864,2.542153,-0.962663,-0.865127,0.888419,-2.386196,1.172582,0.220893,-0.710242,2.239845,0.767179,2.133299,-0.556394,-1.174809,1.507891,1,0,1.0000,1.0000,1,0,0,1,0.0000,4.9707,,,,,9803,9314,3266,2863,6825,7347,2978,1818,0,149,0.47296,-0.05114,0
1786019420.0518,E_right_up_r1,E,right,1,up,,19,147.3000,345.0000,173.0000,174.3000,0.0000,0.0000,333.4000,283.7000,120.0000,0.0000,0.0000,0.0000,203.3000,0.0000,-0.89300,0.05800,0.31100,1.60000,0.98000,4.10000,0.18500,0.13700,0.90900,0.86000,-1.01000,1.45000,14.1,6.3,1.0,0.0,0.965709,0.133884,1.920863,-1.398048,-1.202410,2.896808,-0.089600,0.486000,0.869300,0.003200,0.133500,0.542300,0.828800,0.034500,0.916993,0.127566,1.755808,-0.100836,0.013868,1.408864,2.542153,-0.962663,-0.865127,0.888419,-2.386196,1.172582,0.220893,-0.710242,2.239845,0.767179,2.133299,-0.556394,-1.174809,1.507891,1,0,1.0000,1.0000,1,0,0,1,0.0000,4.9707,,,,,129436,9314,3292,2863,126090,7347,3346,1818,0,149,0.47296,-0.05114,0
1786019420.0578,E_right_up_r1,E,right,1,up,,20,147.3000,345.0000,173.0000,174.3000,0.0000,0.0000,333.4000,283.7000,120.0000,0.0000,0.0000,0.0000,203.3000,0.0000,-0.89300,0.05800,0.31100,1.60000,0.98000,4.10000,0.18500,0.13700,0.90900,0.86000,-1.01000,1.45000,14.1,6.3,1.0,0.0,0.965709,0.133884,1.920863,-1.398048,-1.202410,2.896808,-0.089600,0.486000,0.869300,0.003200,0.133500,0.542300,0.828800,0.034500,0.916993,0.127566,1.755808,-0.100836,0.013868,1.408864,2.542153,-0.962663,-0.865127,0.888419,-2.386196,1.172582,0.220893,-0.710242,2.239845,0.767179,2.133299,-0.556394,-1.174809,1.507891,1,0,1.0000,1.0000,1,0,0,1,0.0000,4.9707,,,,,129436,125765,3292,2911,126090,123760,3346,1858,0,147,0.47296,-0.05114,0
1786019420.0700,E_right_up_r1,E,right,1,up,,21,147.3000,345.0000,173.0000,174.2000,0.0000,0.0000,333.3000,283.7000,120.0000,0.0000,0.0000,0.0000,203.3000,0.0000,-0.89100,0.06500,0.30300,4.85000,4.23000,3.79000,0.18500,0.13700,0.90900,0.86000,-1.01000,1.45000,14.2,4.4,1.0,0.0,1.145303,1.459997,1.882391,-1.398048,-1.202410,2.896808,-0.089600,0.486000,0.869300,0.003200,0.133500,0.542300,0.828800,0.034500,0.916993,0.127566,1.755808,-0.100836,0.013868,1.408864,2.542153,-0.962663,-0.865127,0.888419,-2.386196,1.172582,0.220893,-0.710242,2.239845,0.767179,2.133299,-0.556394,-1.174809,1.507891,1,0,1.0000,1.0000,1,0,0,1,0.0000,4.9707,,,,,129436,125765,3292,2911,126090,123760,3346,1858,0,147,0.47296,-0.05114,0
1786019420.0970,E_right_up_r1,E,right,1,up,,22,147.3000,345.0000,173.0000,174.2000,0.0000,0.0000,333.3000,283.3000,119.8000,0.0000,0.0000,0.0000,202.4000,0.0000,-0.89100,0.06500,0.30300,4.85000,4.23000,3.79000,0.16200,0.18400,0.90400,6.63000,-0.60000,0.95000,14.2,4.4,1.0,0.0,1.145303,1.459997,1.882391,-0.440117,-0.556123,2.413331,-0.089600,0.486000,0.869300,0.003200,0.133500,0.542300,0.828800,0.034500,0.916993,0.127566,1.755808,-0.100836,0.013868,1.408864,2.542153,-0.962663,-0.865127,0.888419,-2.386196,1.172582,0.220893,-0.710242,2.239845,0.767179,2.133299,-0.556394,-1.174809,1.507891,1,0,1.0000,1.0000,1,0,0,1,0.0000,8.2606,,,,,9803,9314,3266,2863,6825,7347,2978,1818,0,149,0.47296,-0.05114,0
1786019420.1163,E_right_up_r1,E,right,1,up,,23,147.3000,345.0000,173.0000,174.2000,0.0000,0.0000,333.3000,283.2000,119.8000,0.0000,0.0000,0.0000,202.3000,0.0000,-0.89600,0.06300,0.31900,2.24000,5.97000,3.61000,0.16900,0.17900,0.88800,3.60000,-0.76000,0.66000,14.6,4.2,1.0,0.0,1.144495,1.460093,1.882126,-0.440117,-0.556123,2.413331,-0.089600,0.486000,0.869300,0.003200,0.133500,0.542300,0.828800,0.034500,0.916993,0.127566,1.755808,-0.100836,0.013868,1.408864,2.542153,-0.962663,-0.865127,0.888419,-2.386196,1.172582,0.220893,-0.710242,2.239845,0.767179,2.133299,-0.556394,-1.174809,1.507891,1,0,1.0000,1.0000,1,0,0,1,0.0000,8.2760,,,,,9803,9314,3266,2863,6825,7347,2978,1818,0,149,0.47296,-0.05114,0
1786019420.1299,E_right_up_r1,E,right,1,up,,24,147.3000,345.0000,173.0000,174.2000,0.0000,0.0000,333.3000,283.2000,119.8000,0.0000,0.0000,0.0000,202.3000,0.0000,-0.89600,0.06300,0.31900,2.24000,5.97000,3.61000,0.16900,0.17900,0.88800,3.60000,-0.76000,0.66000,14.6,4.2,1.0,0.0,1.144495,1.460093,1.882126,-0.440117,-0.556123,2.413331,-0.089600,0.486000,0.869300,0.003200,0.133500,0.542300,0.828800,0.034500,0.916993,0.127566,1.755808,-0.100836,0.013868,1.408864,2.542153,-0.962663,-0.865127,0.888419,-2.386196,1.172582,0.220893,-0.710242,2.239845,0.767179,2.133299,-0.556394,-1.174809,1.507891,1,0,1.0000,1.0000,1,0,0,1,0.0000,8.2760,,,,,9803,9314,3266,2863,6825,7347,2978,1818,0,149,0.47296,-0.05114,0
1786019420.1519,E_right_up_r1,E,right,1,up,,25,147.3000,345.0000,173.0000,174.2000,0.0000,0.0000,333.3000,283.0000,120.0000,0.0000,0.0000,0.0000,202.4000,0.0000,-0.88300,0.05100,0.34400,1.37000,4.18000,2.46000,0.16900,0.16500,0.88600,0.68000,-0.09000,0.35000,14.4,3.9,1.0,0.0,0.964629,0.134021,1.920513,-0.380837,-1.335940,2.207253,-0.089600,0.486000,0.869300,0.003200,0.133500,0.542300,0.828800,0.034500,0.916993,0.127566,1.755808,-0.100836,0.013868,1.408864,2.542153,-0.962663,-0.865127,0.888419,-2.386196,1.172582,0.220893,-0.710242,2.239845,0.767179,2.133299,-0.556394,-1.174809,1.507891,1,0,1.0000,1.0000,1,0,0,1,0.0000,8.3939,,,,,129436,125765,3293,2912,126090,123760,3346,1858,0,147,0.47296,-0.05114,0
1786019420.1733,E_right_up_r1,E,right,1,up,,26,147.3000,345.0000,173.0000,174.2000,0.0000,0.0000,333.3000,283.0000,120.0000,0.0000,0.0000,0.0000,202.4000,0.0000,-0.88300,0.05100,0.34400,1.37000,4.18000,2.46000,0.16900,0.16500,0.88600,0.68000,-0.09000,0.35000,14.9,5.5,1.0,0.0,0.964629,0.134021,1.920513,-0.380837,-1.335940,2.207253,-0.089600,0.486000,0.869300,0.003200,0.133500,0.542300,0.828800,0.034500,0.916993,0.127566,1.755808,-0.100836,0.013868,1.408864,2.542153,-0.962663,-0.865127,0.888419,-2.386196,1.172582,0.220893,-0.710242,2.239845,0.767179,2.133299,-0.556394,-1.174809,1.507891,1,0,1.0000,1.0000,1,0,0,1,0.0000,8.3939,,,,,129436,125765,3293,2912,126090,123760,3346,1858,0,147,0.47296,-0.05114,0
1786019420.1921,E_right_up_r1,E,right,1,up,,27,147.3000,345.0000,173.0000,174.2000,0.0000,0.0000,333.3000,283.0000,120.0000,0.0000,0.0000,0.0000,202.4000,0.0000,-0.88300,0.05100,0.34400,1.37000,4.18000,2.46000,0.16900,0.16500,0.88600,0.68000,-0.09000,0.35000,14.9,5.5,1.0,0.0,0.964629,0.134021,1.920513,-0.380837,-1.335940,2.207253,-0.089600,0.486000,0.869300,0.003200,0.133500,0.542300,0.828800,0.034500,0.916993,0.127566,1.755808,-0.100836,0.013868,1.408864,2.542153,-0.962663,-0.865127,0.888419,-2.386196,1.172582,0.220893,-0.710242,2.239845,0.767179,2.133299,-0.556394,-1.174809,1.507891,1,0,1.0000,1.0000,1,0,0,1,0.0000,8.3939,,,,,9803,9314,3267,2863,6825,7347,2978,1818,0,149,0.47296,-0.05114,0
1786019420.2225,E_right_up_r1,E,right,1,up,,28,147.3000,345.0000,173.0000,174.2000,0.0000,0.0000,333.3000,283.0000,120.5000,0.0000,0.0000,0.0000,202.4000,0.0000,-0.88600,0.06900,0.30200,0.53000,-2.14000,4.84000,0.17400,0.15400,0.88600,-0.51000,-0.15000,-0.43000,13.7,6.0,1.0,0.0,1.145033,1.460044,1.882312,-0.440117,-0.556123,2.413331,-0.089600,0.486000,0.869300,0.003200,0.133500,0.542300,0.828800,0.034500,0.916993,0.127566,1.755808,-0.100836,0.013868,1.408864,2.542153,-0.962663,-0.865127,0.888419,-2.386196,1.172582,0.220893,-0.710242,2.239845,0.767179,2.133299,-0.556394,-1.174809,1.507891,1,0,1.0000,1.0000,1,0,0,1,0.0000,8.3987,,,,,129436,125765,3293,2912,126090,123760,3346,1858,0,147,0.47296,-0.05114,0
1786019420.2301,E_right_up_r1,E,right,1,up,,29,147.3000,345.0000,173.0000,174.3000,0.0000,0.0000,333.4000,283.0000,120.5000,0.0000,0.0000,0.0000,202.4000,0.0000,-0.88900,0.06900,0.30400,-0.55000,-0.47000,6.83000,0.19900,0.16300,0.88900,-0.92000,-0.02000,-0.24000,13.2,6.2,1.0,0.0,1.145348,1.460016,1.882393,-0.440117,-0.556123,2.413331,-0.089600,0.486000,0.869300,0.003200,0.133500,0.542300,0.828800,0.034500,0.916993,0.127566,1.755808,-0.100836,0.013868,1.408864,2.542153,-0.962663,-0.865127,0.888419,-2.386196,1.172582,0.220893,-0.710242,2.239845,0.767179,2.133299,-0.556394,-1.174809,1.507891,1,0,1.0000,1.0000,1,0,0,1,0.0000,8.4109,,,,,9803,9314,3267,2863,6825,7347,2978,1818,0,149,0.47296,-0.05114,0
1786019420.2601,E_right_up_r1,E,right,1,up,,30,147.3000,345.0000,173.0000,174.3000,0.0000,0.0000,333.4000,283.0000,120.5000,0.0000,0.0000,0.0000,202.4000,0.0000,-0.88400,0.06800,0.30800,0.05000,-1.15000,5.85000,0.19900,0.17700,0.89000,-1.05000,0.25000,-0.55000,11.9,5.4,1.0,0.0,0.731550,0.710775,1.543754,-1.398048,-1.202410,2.896808,-0.089600,0.486000,0.869300,0.003200,0.133500,0.542300,0.828800,0.034500,0.916993,0.127566,1.755808,-0.100836,0.013868,1.408864,2.542153,-0.962663,-0.865127,0.888419,-2.386196,1.172582,0.220893,-0.710242,2.239845,0.767179,2.133299,-0.556394,-1.174809,1.507891,1,0,1.0000,1.0000,1,0,0,1,0.0000,5.2422,,,,,9803,125765,3267,2912,6825,123760,2978,1858,0,147,0.47296,-0.05114,0
1786019420.2737,E_right_up_r1,E,right,1,up,,31,147.3000,344.9000,173.0000,174.3000,0.0000,0.0000,333.4000,283.0000,120.5000,0.0000,0.0000,0.0000,202.4000,0.0000,-0.89900,0.06700,0.31000,1.75000,0.11000,2.80000,0.20300,0.16400,0.90600,-1.84000,1.13000,-1.59000,14.4,5.6,1.0,0.0,1.145304,1.460025,1.882356,-0.440117,-0.556123,2.413331,-0.089600,0.486000,0.869300,0.003200,0.133500,0.542300,0.828800,0.034500,0.916993,0.127566,1.755808,-0.100836,0.013868,1.408864,2.542153,-0.962663,-0.865127,0.888419,-2.386196,1.172582,0.220893,-0.710242,2.239845,0.767179,2.133299,-0.556394,-1.174809,1.507891,1,0,1.0000,1.0000,1,0,0,1,0.0000,8.4588,,,,,9803,9314,3267,2864,6825,7347,2978,1818,0,149,0.47296,-0.05114,0
1786019420.2907,E_right_up_r1,E,right,1,up,,32,147.3000,344.9000,173.0000,174.3000,0.0000,0.0000,333.7000,283.0000,120.5000,0.0000,0.0000,0.0000,202.4000,0.0000,-0.89000,0.07100,0.29800,2.51000,1.44000,2.95000,0.20100,0.17500,0.89800,-0.26000,1.19000,-2.23000,15.1,6.8,1.0,0.0,1.146012,1.459953,1.882585,-0.440117,-0.556123,2.413331,-0.089600,0.486000,0.869300,0.003200,0.133500,0.542300,0.828800,0.034500,0.916993,0.127566,1.755808,-0.100836,0.013868,1.408864,2.542153,-0.962663,-0.865127,0.888419,-2.386196,1.172582,0.220893,-0.710242,2.239845,0.767179,2.133299,-0.556394,-1.174809,1.507891,1,0,1.0000,1.0000,1,0,0,1,0.0000,8.4772,,,,,9803,125765,3267,2912,6825,123760,2978,1858,0,147,0.47296,-0.05114,0
1786019420.3173,E_right_up_r1,E,right,1,up,,33,147.3000,344.9000,173.0000,174.3000,0.0000,0.0000,333.7000,283.0000,120.5000,0.0000,0.0000,0.0000,202.4000,0.0000,-0.89000,0.07100,0.29800,2.51000,1.44000,2.95000,0.20100,0.17500,0.89800,-0.26000,1.19000,-2.23000,14.6,6.9,1.0,0.0,1.146012,1.459953,1.882585,-0.440117,-0.556123,2.413331,-0.089600,0.486000,0.869300,0.003200,0.133500,0.542300,0.828800,0.034500,0.916993,0.127566,1.755808,-0.100836,0.013868,1.408864,2.542153,-0.962663,-0.865127,0.888419,-2.386196,1.172582,0.220893,-0.710242,2.239845,0.767179,2.133299,-0.556394,-1.174809,1.507891,1,0,1.0000,1.0000,1,0,0,1,0.0000,8.4772,,,,,9803,125765,3267,2912,6825,123760,2978,1858,0,147,0.47296,-0.05114,0
1786019420.3365,E_right_up_r1,E,right,1,up,,34,147.2000,345.0000,173.0000,174.3000,0.0000,0.0000,333.5000,283.0000,120.5000,0.0000,0.0000,0.0000,202.4000,0.0000,-0.89800,0.07000,0.31400,4.11000,2.47000,1.24000,0.18500,0.19900,0.89700,-0.82000,0.45000,-1.85000,14.3,5.6,1.0,0.0,1.145822,1.459934,1.882507,-0.440117,-0.556123,2.413331,-0.089600,0.486000,0.869300,0.003200,0.133500,0.542300,0.828800,0.034500,0.916993,0.127566,1.755808,-0.100836,0.013868,1.408864,2.542153,-0.962663,-0.865127,0.888419,-2.386196,1.172582,0.220893,-0.710242,2.239845,0.767179,2.133299,-0.556394,-1.174809,1.507891,1,0,1.0000,1.0000,1,0,0,1,0.0000,8.4993,,,,,9803,9314,3267,2864,6825,7347,2978,1818,0,149,0.47296,-0.05114,0
1786019420.3521,E_right_up_r1,E,right,1,up,,35,147.2000,345.0000,173.0000,174.3000,0.0000,0.0000,333.5000,283.0000,120.5000,0.0000,0.0000,0.0000,202.4000,0.0000,-0.89800,0.07000,0.31400,4.11000,2.47000,1.24000,0.17900,0.19200,0.90300,-2.51000,0.93000,-1.20000,14.7,6.7,1.0,0.0,1.145822,1.459934,1.882507,-0.440117,-0.556123,2.413331,-0.089600,0.486000,0.869300,0.003200,0.133500,0.542300,0.828800,0.034500,0.916993,0.127566,1.755808,-0.100836,0.013868,1.408864,2.542153,-0.962663,-0.865127,0.888419,-2.386196,1.172582,0.220893,-0.710242,2.239845,0.767179,2.133299,-0.556394,-1.174809,1.507891,1,0,1.0000,1.0000,1,0,0,1,0.0000,8.5239,,,,,129436,125765,3293,2912,126090,123760,3346,1858,0,147,0.47296,-0.05114,0
1786019420.3751,E_right_up_r1,E,right,1,up,,36,147.2000,345.0000,173.0000,174.3000,0.0000,0.0000,333.5000,283.0000,120.4000,0.0000,0.0000,0.0000,202.4000,0.0000,-0.89800,0.07100,0.31500,3.31000,3.68000,0.00000,0.17600,0.18200,0.88800,-3.08000,-0.35000,-0.49000,15.3,6.1,1.0,0.0,0.967956,0.133657,1.921497,-0.440117,-0.556123,2.413331,-0.089600,0.486000,0.869300,0.003200,0.133500,0.542300,0.828800,0.034500,0.916993,0.127566,1.755808,-0.100836,0.013868,1.408864,2.542153,-0.962663,-0.865127,0.888419,-2.386196,1.172582,0.220893,-0.710242,2.239845,0.767179,2.133299,-0.556394,-1.174809,1.507891,1,0,1.0000,1.0000,1,0,0,1,0.0000,8.5494,,,,,129436,9314,3294,2864,126090,7347,3346,1818,0,149,0.47296,-0.05114,0
1786019420.3935,E_right_up_r1,E,right,1,up,,37,147.2000,345.0000,173.0000,174.3000,0.0000,0.0000,333.5000,283.0000,120.4000,0.0000,0.0000,0.0000,202.4000,0.0000,-0.89800,0.07100,0.31500,3.31000,3.68000,0.00000,0.17600,0.18200,0.88800,-3.08000,-0.35000,-0.49000,15.3,6.1,1.0,0.0,0.967956,0.133657,1.921497,-0.440117,-0.556123,2.413331,-0.089600,0.486000,0.869300,0.003200,0.133500,0.542300,0.828800,0.034500,0.916993,0.127566,1.755808,-0.100836,0.013868,1.408864,2.542153,-0.962663,-0.865127,0.888419,-2.386196,1.172582,0.220893,-0.710242,2.239845,0.767179,2.133299,-0.556394,-1.174809,1.507891,1,0,1.0000,1.0000,1,0,0,1,0.0000,8.5494,,,,,129436,9314,3294,2864,126090,7347,3346,1818,0,149,0.47296,-0.05114,0
1786019420.4219,E_right_up_r1,E,right,1,up,,38,147.2000,345.0000,173.1000,174.3000,0.0000,0.0000,333.5000,283.0000,120.4000,0.0000,0.0000,0.0000,202.4000,0.0000,-0.89900,0.07600,0.31900,2.57000,4.00000,0.00000,0.18400,0.18600,0.90800,-2.62000,-0.77000,-0.73000,14.6,5.9,1.0,0.0,0.968397,0.133591,1.921610,-0.380837,-1.335940,2.207253,-0.089600,0.486000,0.869300,0.003200,0.133500,0.542300,0.828800,0.034500,0.916993,0.127566,1.755808,-0.100836,0.013868,1.408864,2.542153,-0.962663,-0.865127,0.888419,-2.386196,1.172582,0.220893,-0.710242,2.239845,0.767179,2.133299,-0.556394,-1.174809,1.507891,1,0,1.0000,1.0000,1,0,0,1,0.0000,8.6617,,,,,129436,125765,3294,2913,126090,123760,3346,1858,0,147,0.47296,-0.05114,0
1786019420.4605,E_right_up_r1,E,right,1,up,,39,147.2000,345.0000,173.1000,174.3000,0.0000,0.0000,333.5000,283.0000,120.5000,0.0000,0.0000,0.0000,225.0000,0.0000,-0.88600,0.06800,0.32600,1.85000,2.86000,0.00000,0.18500,0.16200,0.90200,-3.41000,-2.82000,-0.94000,13.4,2.7,1.0,0.0,1.142943,1.460177,1.881550,-0.440117,-0.556123,2.413331,-0.089600,0.486000,0.869300,0.003200,0.133500,0.542300,0.828800,0.034500,0.916993,0.127566,1.755808,-0.100836,0.013868,1.408864,2.542153,-0.962663,-0.865127,0.888419,-2.386196,1.172582,0.220893,-0.710242,2.239845,0.767179,2.133299,-0.556394,-1.174809,1.507891,1,0,1.0000,1.0000,1,0,0,1,0.0000,8.6193,,,,,129436,125765,3294,2913,126090,123760,3346,1858,0,147,0.47296,-0.05114,0
1786019420.4699,E_right_up_r1,E,right,1,up,,40,147.2000,345.0000,173.1000,174.3000,0.0000,0.0000,333.5000,283.0000,120.5000,0.0000,0.0000,0.0000,225.0000,0.0000,-0.88800,0.06500,0.33000,2.82000,-0.01000,-1.56000,0.18500,0.16200,0.90200,-3.41000,-2.82000,-0.94000,13.4,2.7,1.0,0.0,1.142943,1.460177,1.881550,-0.440117,-0.556123,2.413331,-0.089600,0.486000,0.869300,0.003200,0.133500,0.542300,0.828800,0.034500,0.916993,0.127566,1.755808,-0.100836,0.013868,1.408864,2.542153,-0.962663,-0.865127,0.888419,-2.386196,1.172582,0.220893,-0.710242,2.239845,0.767179,2.133299,-0.556394,-1.174809,1.507891,1,0,1.0000,1.0000,1,0,0,1,0.0000,8.6193,,,,,129436,125765,3294,2913,126090,123760,3346,1858,0,147,0.47296,-0.05114,0
1786019420.5000,E_right_up_r1,E,right,1,up,,41,147.2000,345.0000,173.1000,174.3000,0.0000,0.0000,333.5000,283.0000,120.5000,0.0000,0.0000,0.0000,225.0000,0.0000,-0.88800,0.06500,0.33000,2.82000,-0.01000,-1.56000,0.18500,0.16200,0.90200,-3.41000,-2.82000,-0.94000,13.4,2.7,1.0,0.0,1.142943,1.460177,1.881550,-0.440117,-0.556123,2.413331,-0.089600,0.486000,0.869300,0.003200,0.133500,0.542300,0.828800,0.034500,0.916993,0.127566,1.755808,-0.100836,0.013868,1.408864,2.542153,-0.962663,-0.865127,0.888419,-2.386196,1.172582,0.220893,-0.710242,2.239845,0.767179,2.133299,-0.556394,-1.174809,1.507891,1,0,1.0000,1.0000,1,0,0,1,0.0000,8.6193,,,,,9803,9314,3268,2864,6825,7347,2978,1818,0,149,0.47296,-0.05114,0
1786019420.5149,E_right_up_r1,E,right,1,up,,42,147.2000,345.0000,173.1000,174.3000,0.0000,0.0000,333.5000,283.0000,120.5000,0.0000,0.0000,0.0000,225.0000,0.0000,-0.88800,0.06500,0.33000,2.82000,-0.01000,-1.56000,0.18500,0.16200,0.90200,-3.41000,-2.82000,-0.94000,13.4,2.7,1.0,0.0,1.142943,1.460177,1.881550,-0.440117,-0.556123,2.413331,-0.089600,0.486000,0.869300,0.003200,0.133500,0.542300,0.828800,0.034500,0.916993,0.127566,1.755808,-0.100836,0.013868,1.408864,2.542153,-0.962663,-0.865127,0.888419,-2.386196,1.172582,0.220893,-0.710242,2.239845,0.767179,2.133299,-0.556394,-1.174809,1.507891,1,0,1.0000,1.0000,1,0,0,1,0.0000,8.6193,,,,,129436,9314,3294,2864,126090,7347,3346,1818,0,149,0.47296,-0.05114,0
1786019420.5160,E_right_up_r1,E,right,1,up,,43,147.2000,345.0000,173.1000,174.3000,0.0000,0.0000,333.5000,283.0000,120.5000,0.0000,0.0000,0.0000,225.0000,0.0000,-0.88800,0.06500,0.33000,2.82000,-0.01000,-1.56000,0.18500,0.16200,0.90200,-3.41000,-2.82000,-0.94000,13.4,2.7,1.0,0.0,1.142943,1.460177,1.881550,-0.440117,-0.556123,2.413331,-0.089600,0.486000,0.869300,0.003200,0.133500,0.542300,0.828800,0.034500,0.916993,0.127566,1.755808,-0.100836,0.013868,1.408864,2.542153,-0.962663,-0.865127,0.888419,-2.386196,1.172582,0.220893,-0.710242,2.239845,0.767179,2.133299,-0.556394,-1.174809,1.507891,1,0,1.0000,1.0000,1,0,0,1,0.0000,8.6193,,,,,129436,9314,3294,2864,126090,7347,3346,1818,0,149,0.47296,-0.05114,0
1786019420.5332,E_right_up_r1,E,right,1,up,,44,147.2000,345.0000,173.1000,174.3000,0.0000,0.0000,333.5000,283.0000,120.5000,0.0000,0.0000,0.0000,225.0000,0.0000,-0.88800,0.06500,0.33000,2.82000,-0.01000,-1.56000,0.18500,0.16200,0.90200,-3.41000,-2.82000,-0.94000,13.4,2.7,1.0,0.0,1.142943,1.460177,1.881550,-0.440117,-0.556123,2.413331,-0.089600,0.486000,0.869300,0.003200,0.133500,0.542300,0.828800,0.034500,0.916993,0.127566,1.755808,-0.100836,0.013868,1.408864,2.542153,-0.962663,-0.865127,0.888419,-2.386196,1.172582,0.220893,-0.710242,2.239845,0.767179,2.133299,-0.556394,-1.174809,1.507891,1,0,1.0000,1.0000,1,0,0,1,0.0000,8.6193,,,,,129436,9314,3294,2864,126090,7347,3346,1818,0,149,0.47296,-0.05114,0
1786019420.5495,E_right_up_r1,E,right,1,up,,45,17.2000,345.0000,173.1000,174.3000,0.0000,0.0000,333.4000,283.0000,120.8000,0.0000,0.0000,0.0000,202.5000,0.0000,-0.87500,0.05900,0.30100,3.06000,4.01000,1.70000,0.18100,0.14500,0.91700,-0.89000,0.88000,-0.11000,13.5,3.7,1.0,0.0,1.143428,1.460115,1.881706,-0.440117,-0.556123,2.413331,-0.089600,0.486000,0.869300,0.003200,0.133500,0.542300,0.828800,0.034500,0.916993,0.127566,1.755808,-0.100836,0.013868,1.408864,2.542153,-0.962663,-0.865127,0.888419,-2.386196,1.172582,0.220893,-0.710242,2.239845,0.767179,2.133299,-0.556394,-1.174809,1.507891,1,0,1.0000,1.0000,0,0,1,1,0.0797,8.7001,,,,,129436,125765,3294,2913,126090,123760,3346,1858,0,147,0.47296,-0.05114,0
1786019420.5778,E_right_up_r1,E,right,1,up,,46,147.2000,345.0000,173.1000,174.3000,0.0000,0.0000,333.4000,283.0000,120.8000,0.0000,0.0000,0.0000,202.5000,0.0000,-0.88500,0.04800,0.30800,3.92000,5.68000,3.20000,0.17700,0.14800,0.91200,-0.04000,-0.38000,0.20000,13.7,5.9,1.0,0.0,0.968730,0.133541,1.921697,-0.440117,-0.556123,2.413331,-0.089600,0.486000,0.869300,0.003200,0.133500,0.542300,0.828800,0.034500,0.916993,0.127566,1.755808,-0.100836,0.013868,1.408864,2.542153,-0.962663,-0.865127,0.888419,-2.386196,1.172582,0.220893,-0.710242,2.239845,0.767179,2.133299,-0.556394,-1.174809,1.507891,1,0,1.0000,1.0000,1,0,0,1,0.0000,8.7314,,,,,9803,9314,3268,2865,6825,7347,2978,1818,0,149,0.47296,-0.05114,0
1786019420.6044,E_right_up_r1,E,right,1,up,,47,147.4000,345.0000,173.1000,174.3000,0.0000,0.0000,333.4000,283.0000,120.8000,0.0000,0.0000,0.0000,202.5000,0.0000,-0.88500,0.06000,0.32200,3.10000,4.73000,3.00000,0.17800,0.16900,0.90800,1.19000,0.76000,1.08000,13.8,6.9,1.0,0.0,0.730666,0.710923,1.543456,-1.398048,-1.202410,2.896808,-0.089600,0.486000,0.869300,0.003200,0.133500,0.542300,0.828800,0.034500,0.916993,0.127566,1.755808,-0.100836,0.013868,1.408864,2.542153,-0.962663,-0.865127,0.888419,-2.386196,1.172582,0.220893,-0.710242,2.239845,0.767179,2.133299,-0.556394,-1.174809,1.507891,1,0,1.0000,1.0000,1,0,0,1,0.0000,5.5784,,,,,129436,125765,3294,2913,126090,123760,3346,1858,0,147,0.47296,-0.05114,0
1786019420.6219,E_right_up_r1,E,right,1,up,,48,147.4000,345.0000,173.1000,174.3000,0.0000,0.0000,333.4000,283.0000,120.8000,0.0000,0.0000,0.0000,202.5000,0.0000,-0.88500,0.06000,0.32200,3.10000,4.73000,3.00000,0.17800,0.16900,0.90800,1.19000,0.76000,1.08000,14.2,5.8,1.0,0.0,0.730666,0.710923,1.543456,-1.398048,-1.202410,2.896808,-0.089600,0.486000,0.869300,0.003200,0.133500,0.542300,0.828800,0.034500,0.916993,0.127566,1.755808,-0.100836,0.013868,1.408864,2.542153,-0.962663,-0.865127,0.888419,-2.386196,1.172582,0.220893,-0.710242,2.239845,0.767179,2.133299,-0.556394,-1.174809,1.507891,1,0,1.0000,1.0000,1,0,0,1,0.0000,5.5784,,,,,129436,125765,3295,2914,126090,123760,3346,1858,0,147,0.47296,-0.05114,0
1786019420.6441,E_right_up_r1,E,right,1,up,,49,147.4000,345.0000,173.1000,174.3000,0.0000,0.0000,333.4000,283.0000,120.8000,0.0000,0.0000,0.0000,202.5000,0.0000,-0.89100,0.07000,0.32500,0.41000,0.95000,1.83000,0.17300,0.17300,0.89000,-0.05000,-0.41000,-0.65000,13.4,5.1,1.0,0.0,1.142747,1.460258,1.881473,-0.440117,-0.556123,2.413331,-0.089600,0.486000,0.869300,0.003200,0.133500,0.542300,0.828800,0.034500,0.916993,0.127566,1.755808,-0.100836,0.013868,1.408864,2.542153,-0.962663,-0.865127,0.888419,-2.386196,1.172582,0.220893,-0.710242,2.239845,0.767179,2.133299,-0.556394,-1.174809,1.507891,1,0,1.0000,1.0000,1,0,0,1,0.0000,8.8124,,,,,129436,125765,3295,2914,126090,123760,3346,1858,0,147,0.47296,-0.05114,0
1786019420.6512,E_right_up_r1,E,right,1,up,,50,147.4000,345.0000,173.1000,174.3000,0.0000,0.0000,333.4000,283.0000,120.8000,0.0000,0.0000,0.0000,202.5000,0.0000,-0.89100,0.07000,0.32500,0.41000,0.95000,1.83000,0.17300,0.17300,0.89000,-0.05000,-0.41000,-0.65000,13.4,5.1,1.0,0.0,1.142747,1.460258,1.881473,-0.440117,-0.556123,2.413331,-0.089600,0.486000,0.869300,0.003200,0.133500,0.542300,0.828800,0.034500,0.916993,0.127566,1.755808,-0.100836,0.013868,1.408864,2.542153,-0.962663,-0.865127,0.888419,-2.386196,1.172582,0.220893,-0.710242,2.239845,0.767179,2.133299,-0.556394,-1.174809,1.507891,1,0,1.0000,1.0000,1,0,0,1,0.0000,8.8124,,,,,129436,9314,3295,2865,126090,7347,3346,1818,0,149,0.47296,-0.05114,0
1786019420.6791,E_right_up_r1,E,right,1,up,,51,147.4000,345.0000,173.1000,174.3000,0.0000,0.0000,333.4000,283.0000,120.8000,0.0000,0.0000,0.0000,202.5000,0.0000,-0.89100,0.07000,0.32500,0.41000,0.95000,1.83000,0.17300,0.17300,0.89000,-0.05000,-0.41000,-0.65000,13.4,5.1,1.0,0.0,1.142747,1.460258,1.881473,-0.440117,-0.556123,2.413331,-0.089600,0.486000,0.869300,0.003200,0.133500,0.542300,0.828800,0.034500,0.916993,0.127566,1.755808,-0.100836,0.013868,1.408864,2.542153,-0.962663,-0.865127,0.888419,-2.386196,1.172582,0.220893,-0.710242,2.239845,0.767179,2.133299,-0.556394,-1.174809,1.507891,1,0,1.0000,1.0000,1,0,0,1,0.0000,8.8124,,,,,9803,125765,3269,2914,6825,123760,2978,1858,0,147,0.47296,-0.05114,0
1786019420.6947,E_right_up_r1,E,right,1,up,,52,147.4000,345.0000,173.1000,174.3000,0.0000,0.0000,333.4000,283.0000,120.8000,0.0000,0.0000,0.0000,202.5000,0.0000,-0.89100,0.07000,0.32500,0.41000,0.95000,1.83000,0.17300,0.17300,0.89000,-0.05000,-0.41000,-0.65000,13.4,5.1,1.0,0.0,1.142747,1.460258,1.881473,-0.440117,-0.556123,2.413331,-0.089600,0.486000,0.869300,0.003200,0.133500,0.542300,0.828800,0.034500,0.916993,0.127566,1.755808,-0.100836,0.013868,1.408864,2.542153,-0.962663,-0.865127,0.888419,-2.386196,1.172582,0.220893,-0.710242,2.239845,0.767179,2.133299,-0.556394,-1.174809,1.507891,1,0,1.0000,1.0000,1,0,0,1,0.0000,8.8124,,,,,9803,9314,3269,2865,6825,7347,2978,1818,0,149,0.47296,-0.05114,0
1786019420.7110,E_right_up_r1,E,right,1,up,,53,147.4000,345.0000,173.1000,174.3000,0.0000,0.0000,333.4000,283.0000,120.8000,0.0000,0.0000,0.0000,202.5000,0.0000,-0.89100,0.07000,0.32500,0.41000,0.95000,1.83000,0.17300,0.17300,0.89000,-0.05000,-0.41000,-0.65000,12.2,4.1,1.0,0.0,1.142747,1.460258,1.881473,-0.440117,-0.556123,2.413331,-0.089600,0.486000,0.869300,0.003200,0.133500,0.542300,0.828800,0.034500,0.916993,0.127566,1.755808,-0.100836,0.013868,1.408864,2.542153,-0.962663,-0.865127,0.888419,-2.386196,1.172582,0.220893,-0.710242,2.239845,0.767179,2.133299,-0.556394,-1.174809,1.507891,1,0,1.0000,1.0000,1,0,0,1,0.0000,8.8124,,,,,129436,9314,3295,2865,126090,7347,3346,1818,0,149,0.47296,-0.05114,0
1786019420.7495,E_right_up_r1,E,right,1,up,,54,147.4000,345.0000,173.1000,174.3000,0.0000,0.0000,333.4000,283.0000,120.8000,0.0000,0.0000,0.0000,202.5000,0.0000,-0.89100,0.07000,0.32500,0.41000,0.95000,1.83000,0.17300,0.17300,0.89000,-0.05000,-0.41000,-0.65000,12.2,4.1,1.0,0.0,1.142747,1.460258,1.881473,-0.440117,-0.556123,2.413331,-0.089600,0.486000,0.869300,0.003200,0.133500,0.542300,0.828800,0.034500,0.916993,0.127566,1.755808,-0.100836,0.013868,1.408864,2.542153,-0.962663,-0.865127,0.888419,-2.386196,1.172582,0.220893,-0.710242,2.239845,0.767179,2.133299,-0.556394,-1.174809,1.507891,1,0,1.0000,1.0000,1,0,0,1,0.0000,8.8124,,,,,129436,125765,3295,2914,126090,123760,3346,1858,0,147,0.47296,-0.05114,0
1786019420.7537,E_right_up_r1,E,right,1,up,,55,147.4000,345.0000,173.1000,174.3000,0.0000,0.0000,333.4000,283.0000,120.8000,0.0000,0.0000,0.0000,202.5000,0.0000,-0.89100,0.07000,0.32500,0.41000,0.95000,1.83000,0.17300,0.17300,0.89000,-0.05000,-0.41000,-0.65000,12.2,4.1,1.0,0.0,1.142747,1.460258,1.881473,-0.440117,-0.556123,2.413331,-0.089600,0.486000,0.869300,0.003200,0.133500,0.542300,0.828800,0.034500,0.916993,0.127566,1.755808,-0.100836,0.013868,1.408864,2.542153,-0.962663,-0.865127,0.888419,-2.386196,1.172582,0.220893,-0.710242,2.239845,0.767179,2.133299,-0.556394,-1.174809,1.507891,1,0,1.0000,1.0000,1,0,0,1,0.0000,8.8124,,,,,9803,9314,3269,2865,6825,7347,2978,1818,0,149,0.47296,-0.05114,0
1786019420.7705,E_right_up_r1,E,right,1,up,,56,147.3000,34513711.0000,173.1000,174.0000,0.0000,0.0000,333.3000,282.9000,120.8000,0.0000,0.0000,0.0000,202.7000,0.0000,-0.88900,0.06000,0.32300,-1.24000,1.58000,4.70000,0.11500,0.16500,0.90800,-7.71000,-0.04000,2.62000,14.8,3.9,1.0,0.0,1.135287,1.461055,1.903186,-0.440117,-0.556123,2.413331,-0.089600,0.486000,0.869300,0.003200,0.133500,0.542300,0.828800,0.034500,0.916993,0.127566,1.755808,-0.100836,0.013868,1.408864,2.542153,-0.962663,-0.865127,0.888419,-2.386196,1.172582,0.220893,-0.710242,2.239845,0.767179,2.133299,-0.556394,-1.174809,1.507891,1,0,1.0000,1.0000,1,0,0,1,0.0000,8.9516,,,,,9803,9314,3269,2865,6825,7347,2978,1818,0,149,0.47296,-0.05114,0
1786019420.7940,E_right_up_r1,E,right,1,up,,57,147.3000,34513711.0000,173.1000,174.0000,0.0000,0.0000,333.3000,282.9000,120.8000,0.0000,0.0000,0.0000,202.7000,0.0000,-0.88900,0.06000,0.32300,-1.24000,1.58000,4.70000,0.11500,0.16500,0.90800,-7.71000,-0.04000,2.62000,14.8,3.9,1.0,0.0,1.135287,1.461055,1.903186,-0.440117,-0.556123,2.413331,-0.089600,0.486000,0.869300,0.003200,0.133500,0.542300,0.828800,0.034500,0.916993,0.127566,1.755808,-0.100836,0.013868,1.408864,2.542153,-0.962663,-0.865127,0.888419,-2.386196,1.172582,0.220893,-0.710242,2.239845,0.767179,2.133299,-0.556394,-1.174809,1.507891,1,0,1.0000,1.0000,1,0,0,1,0.0000,8.9516,,,,,9803,9314,3270,2865,6825,7347,2978,1818,0,149,0.47296,-0.05114,0
1786019420.8594,E_right_up_r1,E,right,1,up,,58,147.3000,34513711.0000,173.1000,174.0000,0.0000,0.0000,333.3000,282.9000,120.8000,0.0000,0.0000,0.0000,202.7000,0.0000,-0.88900,0.06000,0.32300,-1.24000,1.58000,4.70000,0.11500,0.16500,0.90800,-7.71000,-0.04000,2.62000,14.8,3.9,1.0,0.0,1.135287,1.461055,1.903186,-0.440117,-0.556123,2.413331,-0.089600,0.486000,0.869300,0.003200,0.133500,0.542300,0.828800,0.034500,0.916993,0.127566,1.755808,-0.100836,0.013868,1.408864,2.542153,-0.962663,-0.865127,0.888419,-2.386196,1.172582,0.220893,-0.710242,2.239845,0.767179,2.133299,-0.556394,-1.174809,1.507891,1,0,1.0000,1.0000,1,0,0,1,0.0000,8.9516,,,,,9803,9314,3270,2866,6825,7347,2978,1818,0,149,0.47296,-0.05114,0
1786019420.8647,E_right_up_r1,E,right,1,up,,59,147.3000,3.0000,173.0000,174.3000,0.0000,0.0000,333.3000,282.9000,120.8000,0.0000,0.0000,0.0000,202.7000,0.0000,-0.88500,0.06000,0.32000,0.37000,-11.40000,7.53000,0.11500,0.16500,0.90800,-7.71000,-0.04000,2.62000,14.8,3.9,1.0,0.0,0.968142,0.133628,1.922701,-0.440117,-0.556123,2.413331,-0.089600,0.486000,0.869300,0.003200,0.133500,0.542300,0.828800,0.034500,0.916993,0.127566,1.755808,-0.100836,0.013868,1.408864,2.542153,-0.962663,-0.865127,0.888419,-2.386196,1.172582,0.220893,-0.710242,2.239845,0.767179,2.133299,-0.556394,-1.174809,1.507891,1,0,1.0000,1.0000,1,0,0,1,0.0000,8.9516,,,,,9803,9314,3270,2866,6825,7347,2978,1818,0,149,0.47296,-0.05114,0
1786019420.8658,E_right_up_r1,E,right,1,up,,60,147.3000,3.0000,173.0000,174.3000,0.0000,0.0000,333.3000,282.9000,120.8000,0.0000,0.0000,0.0000,202.7000,0.0000,-0.88500,0.06000,0.32000,0.37000,-11.40000,7.53000,0.11500,0.16500,0.90800,-7.71000,-0.04000,2.62000,14.8,3.9,1.0,0.0,0.968142,0.133628,1.922701,-0.440117,-0.556123,2.413331,-0.089600,0.486000,0.869300,0.003200,0.133500,0.542300,0.828800,0.034500,0.916993,0.127566,1.755808,-0.100836,0.013868,1.408864,2.542153,-0.962663,-0.865127,0.888419,-2.386196,1.172582,0.220893,-0.710242,2.239845,0.767179,2.133299,-0.556394,-1.174809,1.507891,1,0,1.0000,1.0000,1,0,0,1,0.0000,8.9516,,,,,9803,9314,3270,2866,6825,7347,2978,1818,0,149,0.47296,-0.05114,0
1786019420.8686,E_right_up_r1,E,right,1,up,,61,147.3000,3.0000,173.0000,174.3000,0.0000,0.0000,333.3000,282.9000,120.8000,0.0000,0.0000,0.0000,202.7000,0.0000,-0.88500,0.06000,0.32000,0.37000,-11.40000,7.53000,0.11500,0.16500,0.90800,-7.71000,-0.04000,2.62000,14.8,3.9,1.0,0.0,0.968142,0.133628,1.922701,-0.440117,-0.556123,2.413331,-0.089600,0.486000,0.869300,0.003200,0.133500,0.542300,0.828800,0.034500,0.916993,0.127566,1.755808,-0.100836,0.013868,1.408864,2.542153,-0.962663,-0.865127,0.888419,-2.386196,1.172582,0.220893,-0.710242,2.239845,0.767179,2.133299,-0.556394,-1.174809,1.507891,1,0,1.0000,1.0000,1,0,0,1,0.0000,8.9516,,,,,9803,9314,3270,2866,6825,7347,2978,1818,0,149,0.47296,-0.05114,0
1786019420.9058,E_right_up_r1,E,right,1,up,,62,147.3000,3.0000,173.0000,174.3000,0.0000,0.0000,333.3000,282.9000,120.8000,0.0000,0.0000,0.0000,202.7000,0.0000,-0.88500,0.06000,0.32000,0.37000,-11.40000,7.53000,0.11500,0.16500,0.90800,-7.71000,-0.04000,2.62000,14.2,5.3,1.0,0.0,0.968142,0.133628,1.922701,-0.440117,-0.556123,2.413331,-0.089600,0.486000,0.869300,0.003200,0.133500,0.542300,0.828800,0.034500,0.916993,0.127566,1.755808,-0.100836,0.013868,1.408864,2.542153,-0.962663,-0.865127,0.888419,-2.386196,1.172582,0.220893,-0.710242,2.239845,0.767179,2.133299,-0.556394,-1.174809,1.507891,1,0,1.0000,1.0000,1,0,0,1,0.0000,8.9516,,,,,9803,9314,3270,2866,6825,7347,2978,1818,0,149,0.47296,-0.05114,0
1786019420.9133,E_right_up_r1,E,right,1,up,,63,147.3000,3.0000,173.0000,174.3000,0.0000,0.0000,333.3000,282.9000,120.8000,0.0000,0.0000,0.0000,202.7000,0.0000,-0.88500,0.06000,0.32000,0.37000,-11.40000,7.53000,0.11500,0.16500,0.90800,-7.71000,-0.04000,2.62000,14.2,5.3,1.0,0.0,0.968142,0.133628,1.922701,-0.440117,-0.556123,2.413331,-0.089600,0.486000,0.869300,0.003200,0.133500,0.542300,0.828800,0.034500,0.916993,0.127566,1.755808,-0.100836,0.013868,1.408864,2.542153,-0.962663,-0.865127,0.888419,-2.386196,1.172582,0.220893,-0.710242,2.239845,0.767179,2.133299,-0.556394,-1.174809,1.507891,1,0,1.0000,1.0000,1,0,0,1,0.0000,8.9516,,,,,129436,125765,3296,2915,126090,123760,3346,1858,0,147,0.47296,-0.05114,0
1786019420.9396,E_right_up_r1,E,right,1,up,,64,147.5000,345.1000,173.0000,174.3000,0.0000,0.0000,333.3000,286.6000,120.5000,0.0000,0.0000,0.0000,204.9000,0.0000,-0.89000,0.07800,0.30100,3.66000,0.05000,-0.12000,0.25900,0.15100,0.93100,1.99000,1.21000,-8.14000,14.2,4.7,1.0,0.0,0.732157,0.710853,1.543958,-1.398048,-1.202410,2.896808,-0.089600,0.486000,0.869300,0.003200,0.133500,0.542300,0.828800,0.034500,0.916993,0.127566,1.755808,-0.100836,0.013868,1.408864,2.542153,-0.962663,-0.865127,0.888419,-2.386196,1.172582,0.220893,-0.710242,2.239845,0.767179,2.133299,-0.556394,-1.174809,1.507891,1,0,1.0000,1.0000,1,0,0,1,0.0000,5.9408,,,,,129436,9314,3296,2866,126090,7347,3346,1818,0,149,0.47296,-0.05114,0
1786019420.9540,E_right_up_r1,E,right,1,up,,65,147.5000,345.1000,173.0000,174.3000,0.0000,0.0000,333.3000,286.6000,120.5000,0.0000,0.0000,0.0000,204.9000,0.0000,-0.89000,0.07800,0.30100,3.66000,0.05000,-0.12000,0.25900,0.15100,0.93100,1.99000,1.21000,-8.14000,14.2,4.7,1.0,0.0,0.732157,0.710853,1.543958,-1.398048,-1.202410,2.896808,-0.089600,0.486000,0.869300,0.003200,0.133500,0.542300,0.828800,0.034500,0.916993,0.127566,1.755808,-0.100836,0.013868,1.408864,2.542153,-0.962663,-0.865127,0.888419,-2.386196,1.172582,0.220893,-0.710242,2.239845,0.767179,2.133299,-0.556394,-1.174809,1.507891,1,0,1.0000,1.0000,1,0,0,1,0.0000,5.9408,,,,,129436,125765,3296,2915,126090,123760,3346,1858,0,147,0.47296,-0.05114,0
1786019420.9763,E_right_up_r1,E,right,1,up,,66,147.5000,345.1000,173.0000,174.3000,0.0000,0.0000,333.3000,286.6000,120.5000,0.0000,0.0000,0.0000,204.9000,0.0000,-0.89000,0.07800,0.30100,3.66000,0.05000,-0.12000,0.25900,0.15100,0.93100,1.99000,1.21000,-8.14000,14.2,4.7,1.0,0.0,0.732157,0.710853,1.543958,-1.398048,-1.202410,2.896808,-0.089600,0.486000,0.869300,0.003200,0.133500,0.542300,0.828800,0.034500,0.916993,0.127566,1.755808,-0.100836,0.013868,1.408864,2.542153,-0.962663,-0.865127,0.888419,-2.386196,1.172582,0.220893,-0.710242,2.239845,0.767179,2.133299,-0.556394,-1.174809,1.507891,1,0,1.0000,1.0000,1,0,0,1,0.0000,5.9408,,,,,129436,125765,3296,2915,126090,123760,3346,1858,0,147,0.47296,-0.05114,0
1786019420.9907,E_right_up_r1,E,right,1,up,,67,147.5000,345.1000,173.0000,174.3000,0.0000,0.0000,333.3000,286.6000,120.5000,0.0000,0.0000,0.0000,204.9000,0.0000,-0.89000,0.07800,0.30100,3.66000,0.05000,-0.12000,0.25900,0.15100,0.93100,1.99000,1.21000,-8.14000,14.2,4.7,1.0,0.0,0.732157,0.710853,1.543958,-1.398048,-1.202410,2.896808,-0.089600,0.486000,0.869300,0.003200,0.133500,0.542300,0.828800,0.034500,0.916993,0.127566,1.755808,-0.100836,0.013868,1.408864,2.542153,-0.962663,-0.865127,0.888419,-2.386196,1.172582,0.220893,-0.710242,2.239845,0.767179,2.133299,-0.556394,-1.174809,1.507891,1,0,1.0000,1.0000,1,0,0,1,0.0000,5.9408,,,,,9803,125765,3270,2915,6825,123760,2978,1858,0,147,0.47296,-0.05114,0
1786019421.0397,E_right_up_r1,E,right,1,up,,68,147.3000,345.0000,173.1000,7.0000,0.0000,0.0000,333.3000,287.7000,121.0000,0.0000,0.0000,0.0000,207.4000,0.0000,-0.88900,0.06700,0.34700,1.55000,14.79000,1.06000,0.19800,0.19300,0.88200,-7.49000,1.33000,2.84000,14.8,3.4,1.0,0.0,0.951660,0.135384,1.973134,-1.398048,-1.202410,2.896808,-0.089600,0.486000,0.869300,0.003200,0.133500,0.542300,0.828800,0.034500,0.916993,0.127566,1.755808,-0.100836,0.013868,1.408864,2.542153,-0.962663,-0.865127,0.888419,-2.386196,1.172582,0.220893,-0.710242,2.239845,0.767179,2.133299,-0.556394,-1.174809,1.507891,1,0,1.0000,1.0000,1,0,0,1,0.0000,5.9997,,,,,9803,125765,3270,2915,6825,123760,2978,1858,0,147,0.47296,-0.05114,0
1786019421.0404,E_right_up_r1,E,right,1,up,,69,147.3000,345.0000,173.1000,7.0000,0.0000,0.0000,333.3000,287.7000,121.0000,0.0000,0.0000,0.0000,207.4000,0.0000,-0.88900,0.06700,0.34700,1.55000,14.79000,1.06000,0.19800,0.19300,0.88200,-7.49000,1.33000,2.84000,14.8,3.4,1.0,0.0,0.951660,0.135384,1.973134,-1.398048,-1.202410,2.896808,-0.089600,0.486000,0.869300,0.003200,0.133500,0.542300,0.828800,0.034500,0.916993,0.127566,1.755808,-0.100836,0.013868,1.408864,2.542153,-0.962663,-0.865127,0.888419,-2.386196,1.172582,0.220893,-0.710242,2.239845,0.767179,2.133299,-0.556394,-1.174809,1.507891,1,0,1.0000,1.0000,1,0,0,1,0.0000,5.9997,,,,,9803,125765,3270,2915,6825,123760,2978,1858,0,147,0.47296,-0.05114,0
1786019421.0527,E_right_up_r1,E,right,1,up,,70,147.3000,345.0000,173.1000,7.0000,0.0000,0.0000,333.3000,287.7000,121.0000,0.0000,0.0000,0.0000,207.4000,0.0000,-0.88900,0.06700,0.34700,1.55000,14.79000,1.06000,0.19800,0.19300,0.88200,-7.49000,1.33000,2.84000,14.2,2.6,1.0,0.0,0.951660,0.135384,1.973134,-0.380837,-1.335940,2.207253,-0.089600,0.486000,0.869300,0.003200,0.133500,0.542300,0.828800,0.034500,0.916993,0.127566,1.755808,-0.100836,0.013868,1.408864,2.542153,-0.962663,-0.865127,0.888419,-2.386196,1.172582,0.220893,-0.710242,2.239845,0.767179,2.133299,-0.556394,-1.174809,1.507891,1,0,1.0000,1.0000,1,0,0,1,0.0000,9.2832,,,,,129436,125765,3296,2916,126090,123760,3346,1858,0,147,0.47296,-0.05114,0
1786019421.0701,E_right_up_r1,E,right,1,up,,71,147.3000,345.0000,173.0000,173.6000,0.0000,0.0000,333.3000,287.9000,121.2000,0.0000,0.0000,0.0000,207.9000,0.0000,-0.87600,0.06300,0.36000,1.15000,13.28000,2.37000,0.19900,0.17300,0.89100,-8.06000,-0.76000,8.37000,14.2,2.6,1.0,0.0,0.727050,0.711396,1.542539,-1.398048,-1.202410,2.896808,-0.089600,0.486000,0.869300,0.003200,0.133500,0.542300,0.828800,0.034500,0.916993,0.127566,1.755808,-0.100836,0.013868,1.408864,2.542153,-0.962663,-0.865127,0.888419,-2.386196,1.172582,0.220893,-0.710242,2.239845,0.767179,2.133299,-0.556394,-1.174809,1.507891,1,0,1.0000,1.0000,1,0,0,1,0.0000,6.0607,,,,,129436,125765,3297,2916,126090,123760,3346,1858,0,147,0.47296,-0.05114,0
1786019421.0897,E_right_up_r1,E,right,1,up,,72,147.3000,345.0000,173.0000,173.6000,0.0000,0.0000,333.3000,287.9000,121.2000,0.0000,0.0000,0.0000,207.9000,0.0000,-0.87600,0.06300,0.36000,1.15000,13.28000,2.37000,0.19900,0.17300,0.89100,-8.06000,-0.76000,8.37000,14.2,2.6,1.0,0.0,0.727050,0.711396,1.542539,-1.398048,-1.202410,2.896808,-0.089600,0.486000,0.869300,0.003200,0.133500,0.542300,0.828800,0.034500,0.916993,0.127566,1.755808,-0.100836,0.013868,1.408864,2.542153,-0.962663,-0.865127,0.888419,-2.386196,1.172582,0.220893,-0.710242,2.239845,0.767179,2.133299,-0.556394,-1.174809,1.507891,1,0,1.0000,1.0000,1,0,0,1,0.0000,6.0607,,,,,9803,125765,3271,2916,6825,123760,2978,1858,0,147,0.47296,-0.05114,0
1786019421.1128,E_right_up_r1,E,right,1,up,,73,147.3000,345.0000,173.0000,173.4000,0.0000,0.0000,333.3000,287.9000,121.2000,0.0000,0.0000,0.0000,207.9000,0.0000,-0.91500,0.03900,0.34100,5.90000,-1.80000,-3.74000,0.19900,0.17300,0.89100,-8.06000,-0.76000,8.37000,13.1,6.4,1.0,0.0,0.726129,0.711463,1.542422,-1.398048,-1.202410,2.896808,-0.089600,0.486000,0.869300,0.003200,0.133500,0.542300,0.828800,0.034500,0.916993,0.127566,1.755808,-0.100836,0.013868,1.408864,2.542153,-0.962663,-0.865127,0.888419,-2.386196,1.172582,0.220893,-0.710242,2.239845,0.767179,2.133299,-0.556394,-1.174809,1.507891,1,0,1.0000,1.0000,1,0,0,1,0.0000,6.0607,,,,,9803,125765,3271,2916,6825,123760,2978,1858,0,147,0.47296,-0.05114,0
1786019421.1338,E_right_up_r1,E,right,1,up,,74,147.3000,345.0000,173.0000,173.4000,0.0000,0.0000,333.3000,287.9000,121.2000,0.0000,0.0000,0.0000,207.9000,0.0000,-0.91500,0.03900,0.34100,5.90000,-1.80000,-3.74000,0.19900,0.17300,0.89100,-8.06000,-0.76000,8.37000,13.1,6.4,1.0,0.0,0.726129,0.711463,1.542422,-1.398048,-1.202410,2.896808,-0.089600,0.486000,0.869300,0.003200,0.133500,0.542300,0.828800,0.034500,0.916993,0.127566,1.755808,-0.100836,0.013868,1.408864,2.542153,-0.962663,-0.865127,0.888419,-2.386196,1.172582,0.220893,-0.710242,2.239845,0.767179,2.133299,-0.556394,-1.174809,1.507891,1,0,1.0000,1.0000,1,0,0,1,0.0000,6.0607,,,,,129436,9314,3297,2866,126090,7347,3346,1818,0,149,0.47296,-0.05114,0
1786019421.1559,E_right_up_r1,E,right,1,up,,75,147.3000,345.0000,173.0000,173.4000,0.0000,0.0000,333.3000,287.9000,121.2000,0.0000,0.0000,0.0000,207.9000,0.0000,-0.91500,0.03900,0.34100,5.90000,-1.80000,-3.74000,0.19900,0.17300,0.89100,-8.06000,-0.76000,8.37000,13.1,6.4,1.0,0.0,0.726129,0.711463,1.542422,-1.398048,-1.202410,2.896808,-0.089600,0.486000,0.869300,0.003200,0.133500,0.542300,0.828800,0.034500,0.916993,0.127566,1.755808,-0.100836,0.013868,1.408864,2.542153,-0.962663,-0.865127,0.888419,-2.386196,1.172582,0.220893,-0.710242,2.239845,0.767179,2.133299,-0.556394,-1.174809,1.507891,1,0,1.0000,1.0000,1,0,0,1,0.0000,6.0607,,,,,129436,9314,3297,2866,126090,7347,3346,1818,0,149,0.47296,-0.05114,0
1786019421.1849,E_right_up_r1,E,right,1,up,,76,147.3000,345.0000,173.1000,173.3000,0.0000,0.0000,333.3000,289.7000,121.4000,0.0000,0.0000,0.0000,208.5000,0.0000,-0.87500,0.06000,0.30100,7.28000,7.13000,-4.27000,0.17400,0.18800,0.90200,4.38000,2.35000,-1.04000,15.2,5.9,1.0,0.0,0.963460,0.134172,1.948405,-0.380837,-1.335940,2.207253,-0.089600,0.486000,0.869300,0.003200,0.133500,0.542300,0.828800,0.034500,0.916993,0.127566,1.755808,-0.100836,0.013868,1.408864,2.542153,-0.962663,-0.865127,0.888419,-2.386196,1.172582,0.220893,-0.710242,2.239845,0.767179,2.133299,-0.556394,-1.174809,1.507891,1,0,1.0000,1.0000,1,0,0,1,0.0000,9.4012,,,,,129436,125765,3297,2916,126090,123760,3346,1858,0,147,0.47296,-0.05114,0
1786019421.1907,E_right_up_r1,E,right,1,up,,77,147.3000,345.0000,173.1000,173.3000,0.0000,0.0000,333.3000,289.7000,121.4000,0.0000,0.0000,0.0000,208.5000,0.0000,-0.87500,0.06000,0.30100,7.28000,7.13000,-4.27000,0.17400,0.18800,0.90200,4.38000,2.35000,-1.04000,15.2,5.9,1.0,0.0,0.963460,0.134172,1.948405,-0.380837,-1.335940,2.207253,-0.089600,0.486000,0.869300,0.003200,0.133500,0.542300,0.828800,0.034500,0.916993,0.127566,1.755808,-0.100836,0.013868,1.408864,2.542153,-0.962663,-0.865127,0.888419,-2.386196,1.172582,0.220893,-0.710242,2.239845,0.767179,2.133299,-0.556394,-1.174809,1.507891,1,0,1.0000,1.0000,1,0,0,1,0.0000,9.4012,,,,,129436,125765,3297,2916,126090,123760,3346,1858,0,147,0.47296,-0.05114,0
1786019421.2086,E_right_up_r1,E,right,1,up,,78,147.3000,345.0000,173.1000,173.3000,0.0000,0.0000,333.3000,289.7000,121.4000,0.0000,0.0000,0.0000,208.1000,0.0000,-0.88300,0.07400,0.31200,6.74000,8.98000,-3.18000,0.14000,0.15400,0.89100,1.48000,-2.31000,-0.95000,13.7,6.6,1.0,0.0,1.138024,1.460777,1.897110,-0.380837,-1.335940,2.207253,-0.089600,0.486000,0.869300,0.003200,0.133500,0.542300,0.828800,0.034500,0.916993,0.127566,1.755808,-0.100836,0.013868,1.408864,2.542153,-0.962663,-0.865127,0.888419,-2.386196,1.172582,0.220893,-0.710242,2.239845,0.767179,2.133299,-0.556394,-1.174809,1.507891,1,0,1.0000,1.0000,1,0,0,1,0.0000,9.4546,,,,,129436,9314,3297,2866,126090,7347,3346,1818,0,149,0.47296,-0.05114,0
1786019421.2370,E_right_up_r1,E,right,1,up,,79,147.3000,345.0000,173.1000,173.3000,0.0000,0.0000,333.3000,289.7000,121.4000,0.0000,0.0000,0.0000,208.1000,0.0000,-0.88300,0.07400,0.31200,6.74000,8.98000,-3.18000,0.14000,0.14800,0.89300,1.44000,-2.36000,-1.70000,13.3,5.4,1.0,0.0,1.138024,1.460777,1.897110,-0.440117,-0.556123,2.413331,-0.089600,0.486000,0.869300,0.003200,0.133500,0.542300,0.828800,0.034500,0.916993,0.127566,1.755808,-0.100836,0.013868,1.408864,2.542153,-0.962663,-0.865127,0.888419,-2.386196,1.172582,0.220893,-0.710242,2.239845,0.767179,2.133299,-0.556394,-1.174809,1.507891,1,0,1.0000,1.0000,1,0,0,1,0.0000,9.3799,,,,,9803,9314,3271,2866,6825,7347,2978,1818,0,149,0.47296,-0.05114,0
1786019421.2577,E_right_up_r1,E,right,1,up,,80,147.3000,345.0000,173.1000,173.4000,0.0000,0.0000,333.3000,289.7000,121.4000,0.0000,0.0000,0.0000,208.0000,0.0000,-0.88500,0.04800,0.35100,2.69000,3.92000,1.10000,0.17900,0.14500,0.91400,-1.07000,-1.02000,0.43000,13.3,5.4,1.0,0.0,0.724535,0.711610,1.542063,-1.398048,-1.202410,2.896808,-0.089600,0.486000,0.869300,0.003200,0.133500,0.542300,0.828800,0.034500,0.916993,0.127566,1.755808,-0.100836,0.013868,1.408864,2.542153,-0.962663,-0.865127,0.888419,-2.386196,1.172582,0.220893,-0.710242,2.239845,0.767179,2.133299,-0.556394,-1.174809,1.507891,1,0,1.0000,1.0000,1,0,0,1,0.0000,6.2401,,,,,129436,125765,3297,2916,126090,123760,3346,1858,0,147,0.47296,-0.05114,0
1786019421.2685,E_right_up_r1,E,right,1,up,,81,147.3000,345.0000,173.1000,173.4000,0.0000,0.0000,333.3000,289.7000,121.4000,0.0000,0.0000,0.0000,208.0000,0.0000,-0.88500,0.04800,0.35100,2.69000,3.92000,1.10000,0.17900,0.14500,0.91400,-1.07000,-1.02000,0.43000,13.3,5.4,1.0,0.0,0.724535,0.711610,1.542063,-1.398048,-1.202410,2.896808,-0.089600,0.486000,0.869300,0.003200,0.133500,0.542300,0.828800,0.034500,0.916993,0.127566,1.755808,-0.100836,0.013868,1.408864,2.542153,-0.962663,-0.865127,0.888419,-2.386196,1.172582,0.220893,-0.710242,2.239845,0.767179,2.133299,-0.556394,-1.174809,1.507891,1,0,1.0000,1.0000,1,0,0,1,0.0000,6.2401,,,,,129436,125765,3297,2916,126090,123760,3346,1858,0,147,0.47296,-0.05114,0
1786019421.2902,E_right_up_r1,E,right,1,up,,82,147.3000,345.0000,173.1000,173.6000,0.0000,0.0000,333.3000,289.6000,121.5000,0.0000,0.0000,0.0000,207.9000,0.0000,-0.88400,0.04600,0.31300,2.76000,-4.56000,0.44000,0.16500,0.15300,0.91200,0.24000,-3.86000,-0.05000,11.9,3.9,1.0,0.0,1.138871,1.460694,1.892422,-0.440117,-0.556123,2.413331,-0.089600,0.486000,0.869300,0.003200,0.133500,0.542300,0.828800,0.034500,0.916993,0.127566,1.755808,-0.100836,0.013868,1.408864,2.542153,-0.962663,-0.865127,0.888419,-2.386196,1.172582,0.220893,-0.710242,2.239845,0.767179,2.133299,-0.556394,-1.174809,1.507891,1,0,1.0000,1.0000,1,0,0,1,0.0000,9.4710,,,,,129436,125765,3297,2917,126090,123760,3346,1858,0,147,0.47296,-0.05114,0
1786019421.3329,E_right_up_r1,E,right,1,up,,83,147.3000,345.0000,173.1000,173.6000,0.0000,0.0000,333.3000,289.6000,121.5000,0.0000,0.0000,0.0000,207.9000,0.0000,-0.88500,0.04100,0.30100,1.16000,-0.73000,1.18000,0.16500,0.15300,0.91200,0.24000,-3.86000,-0.05000,12.5,4.4,1.0,0.0,0.967277,0.133785,1.935532,-0.440117,-0.556123,2.413331,-0.089600,0.486000,0.869300,0.003200,0.133500,0.542300,0.828800,0.034500,0.916993,0.127566,1.755808,-0.100836,0.013868,1.408864,2.542153,-0.962663,-0.865127,0.888419,-2.386196,1.172582,0.220893,-0.710242,2.239845,0.767179,2.133299,-0.556394,-1.174809,1.507891,1,0,1.0000,1.0000,1,0,0,1,0.0000,9.4710,,,,,129436,9314,3298,2867,126090,7347,3346,1818,0,149,0.47296,-0.05114,0
1786019421.3372,E_right_up_r1,E,right,1,up,,84,147.3000,345.0000,173.1000,173.6000,0.0000,0.0000,333.3000,289.6000,121.6000,0.0000,0.0000,0.0000,207.9000,0.0000,-0.88500,0.04100,0.30100,1.16000,-0.73000,1.18000,0.17200,0.15200,0.88300,1.49000,-2.02000,-0.82000,12.5,4.4,1.0,0.0,0.967277,0.133785,1.935532,-0.380837,-1.335940,2.207253,-0.089600,0.486000,0.869300,0.003200,0.133500,0.542300,0.828800,0.034500,0.916993,0.127566,1.755808,-0.100836,0.013868,1.408864,2.542153,-0.962663,-0.865127,0.888419,-2.386196,1.172582,0.220893,-0.710242,2.239845,0.767179,2.133299,-0.556394,-1.174809,1.507891,1,0,1.0000,1.0000,1,0,0,1,0.0000,9.6018,,,,,129436,125765,3298,2917,126090,123760,3346,1858,0,147,0.47296,-0.05114,0
1786019421.3768,E_right_up_r1,E,right,1,up,,85,147.3000,345.0000,173.1000,173.6000,0.0000,0.0000,333.3000,289.6000,121.6000,0.0000,0.0000,0.0000,207.9000,0.0000,-0.88500,0.04100,0.30100,1.16000,-0.73000,1.18000,0.17200,0.15200,0.88300,1.49000,-2.02000,-0.82000,12.5,4.4,1.0,0.0,0.967277,0.133785,1.935532,-0.380837,-1.335940,2.207253,-0.089600,0.486000,0.869300,0.003200,0.133500,0.542300,0.828800,0.034500,0.916993,0.127566,1.755808,-0.100836,0.013868,1.408864,2.542153,-0.962663,-0.865127,0.888419,-2.386196,1.172582,0.220893,-0.710242,2.239845,0.767179,2.133299,-0.556394,-1.174809,1.507891,1,0,1.0000,1.0000,1,0,0,1,0.0000,9.6018,,,,,9803,9314,3272,2867,6825,7347,2978,1818,0,149,0.47296,-0.05114,0
1786019421.3792,E_right_up_r1,E,right,1,up,,86,147.3000,345.0000,173.1000,173.6000,0.0000,0.0000,333.3000,289.6000,121.6000,0.0000,0.0000,0.0000,207.9000,0.0000,-0.88500,0.04100,0.30100,1.16000,-0.73000,1.18000,0.17200,0.15200,0.88300,1.49000,-2.02000,-0.82000,12.5,4.4,1.0,0.0,0.967277,0.133785,1.935532,-0.380837,-1.335940,2.207253,-0.089600,0.486000,0.869300,0.003200,0.133500,0.542300,0.828800,0.034500,0.916993,0.127566,1.755808,-0.100836,0.013868,1.408864,2.542153,-0.962663,-0.865127,0.888419,-2.386196,1.172582,0.220893,-0.710242,2.239845,0.767179,2.133299,-0.556394,-1.174809,1.507891,1,0,1.0000,1.0000,1,0,0,1,0.0000,9.6018,,,,,9803,9314,3272,2867,6825,7347,2978,1818,0,149,0.47296,-0.05114,0
1786019421.3960,E_right_up_r1,E,right,1,up,,87,147.3000,345.0000,173.1000,173.6000,0.0000,0.0000,333.3000,289.6000,121.6000,0.0000,0.0000,0.0000,207.9000,0.0000,-0.88500,0.04100,0.30100,1.16000,-0.73000,1.18000,0.17200,0.15200,0.88300,1.49000,-2.02000,-0.82000,12.5,4.4,1.0,0.0,0.967277,0.133785,1.935532,-0.380837,-1.335940,2.207253,-0.089600,0.486000,0.869300,0.003200,0.133500,0.542300,0.828800,0.034500,0.916993,0.127566,1.755808,-0.100836,0.013868,1.408864,2.542153,-0.962663,-0.865127,0.888419,-2.386196,1.172582,0.220893,-0.710242,2.239845,0.767179,2.133299,-0.556394,-1.174809,1.507891,1,0,1.0000,1.0000,1,0,0,1,0.0000,9.6018,,,,,129436,125765,3298,2917,126090,123760,3346,1858,0,147,0.47296,-0.05114,0
1786019421.4100,E_right_up_r1,E,right,1,up,,88,147.3000,345.0000,173.1000,173.6000,0.0000,0.0000,333.3000,289.6000,121.6000,0.0000,0.0000,0.0000,207.9000,0.0000,-0.88500,0.04100,0.30100,1.16000,-0.73000,1.18000,0.17200,0.15200,0.88300,1.49000,-2.02000,-0.82000,12.5,4.4,1.0,0.0,0.967277,0.133785,1.935532,-0.380837,-1.335940,2.207253,-0.089600,0.486000,0.869300,0.003200,0.133500,0.542300,0.828800,0.034500,0.916993,0.127566,1.755808,-0.100836,0.013868,1.408864,2.542153,-0.962663,-0.865127,0.888419,-2.386196,1.172582,0.220893,-0.710242,2.239845,0.767179,2.133299,-0.556394,-1.174809,1.507891,1,0,1.0000,1.0000,1,0,0,1,0.0000,9.6018,,,,,9803,125765,3272,2917,6825,123760,2978,1858,0,147,0.47296,-0.05114,0
1786019421.4310,E_right_up_r1,E,right,1,up,,89,147.3000,345.0000,173.1000,173.6000,0.0000,0.0000,333.3000,289.6000,121.6000,0.0000,0.0000,0.0000,207.9000,0.0000,-0.88500,0.04100,0.30100,1.16000,-0.73000,1.18000,0.17200,0.15200,0.88300,1.49000,-2.02000,-0.82000,12.5,4.4,1.0,0.0,0.967277,0.133785,1.935532,-0.380837,-1.335940,2.207253,-0.089600,0.486000,0.869300,0.003200,0.133500,0.542300,0.828800,0.034500,0.916993,0.127566,1.755808,-0.100836,0.013868,1.408864,2.542153,-0.962663,-0.865127,0.888419,-2.386196,1.172582,0.220893,-0.710242,2.239845,0.767179,2.133299,-0.556394,-1.174809,1.507891,1,0,1.0000,1.0000,1,0,0,1,0.0000,9.6018,,,,,9803,9314,3272,2867,6825,7347,2978,1818,0,149,0.47296,-0.05114,0
1786019421.4529,E_right_up_r1,E,right,1,up,,90,147.3000,345.0000,173.1000,173.6000,0.0000,0.0000,333.3000,289.6000,121.6000,0.0000,0.0000,0.0000,207.9000,0.0000,-0.88500,0.04100,0.30100,1.16000,-0.73000,1.18000,0.17200,0.15200,0.88300,1.49000,-2.02000,-0.82000,12.5,4.4,1.0,0.0,0.967277,0.133785,1.935532,-0.380837,-1.335940,2.207253,-0.089600,0.486000,0.869300,0.003200,0.133500,0.542300,0.828800,0.034500,0.916993,0.127566,1.755808,-0.100836,0.013868,1.408864,2.542153,-0.962663,-0.865127,0.888419,-2.386196,1.172582,0.220893,-0.710242,2.239845,0.767179,2.133299,-0.556394,-1.174809,1.507891,1,0,1.0000,1.0000,1,0,0,1,0.0000,9.6018,,,,,9803,9314,3272,2867,6825,7347,2978,1818,0,149,0.47296,-0.05114,0
1786019421.4782,E_right_up_r1,E,right,1,up,,91,147.3000,345.0000,173.1000,173.6000,0.0000,0.0000,333.3000,289.6000,121.6000,0.0000,0.0000,0.0000,207.9000,0.0000,-0.88500,0.04100,0.30100,1.16000,-0.73000,1.18000,0.17200,0.15200,0.88300,1.49000,-2.02000,-0.82000,12.5,4.4,1.0,0.0,0.967277,0.133785,1.935532,-0.380837,-1.335940,2.207253,-0.089600,0.486000,0.869300,0.003200,0.133500,0.542300,0.828800,0.034500,0.916993,0.127566,1.755808,-0.100836,0.013868,1.408864,2.542153,-0.962663,-0.865127,0.888419,-2.386196,1.172582,0.220893,-0.710242,2.239845,0.767179,2.133299,-0.556394,-1.174809,1.507891,1,0,1.0000,1.0000,1,0,0,1,0.0000,9.6018,,,,,9803,9314,3272,2867,6825,7347,2978,1818,0,149,0.47296,-0.05114,0
1786019421.4962,E_right_up_r1,E,right,1,up,,92,147.3000,345.0000,173.1000,173.6000,0.0000,0.0000,333.3000,289.6000,121.6000,0.0000,0.0000,0.0000,207.9000,0.0000,-0.88500,0.04100,0.30100,1.16000,-0.73000,1.18000,0.17200,0.15200,0.88300,1.49000,-2.02000,-0.82000,13.1,4.5,1.0,0.0,0.967643,0.133750,1.931534,-0.380837,-1.335940,2.207253,-0.089600,0.486000,0.869300,0.003200,0.133500,0.542300,0.828800,0.034500,0.916993,0.127566,1.755808,-0.100836,0.013868,1.408864,2.542153,-0.962663,-0.865127,0.888419,-2.386196,1.172582,0.220893,-0.710242,2.239845,0.767179,2.133299,-0.556394,-1.174809,1.507891,1,0,1.0000,1.0000,1,0,0,1,0.0000,9.6018,,,,,129436,125765,3298,2917,126090,123760,3346,1858,0,147,0.47296,-0.05114,0
1786019421.5254,E_right_up_r1,E,right,1,up,,93,147.3000,345.0000,173.0000,173.6000,0.0000,0.0000,333.3000,289.9000,216.0000,0.0000,0.0000,0.0000,208.2000,0.0000,-0.87400,0.05100,0.31000,3.09000,-0.38000,1.89000,0.19200,0.14800,0.90400,-1.21000,-0.27000,-4.30000,14.5,6.0,1.0,0.0,0.967643,0.133750,1.931534,-0.380837,-1.335940,2.207253,-0.089600,0.486000,0.869300,0.003200,0.133500,0.542300,0.828800,0.034500,0.916993,0.127566,1.755808,-0.100836,0.013868,1.408864,2.542153,-0.962663,-0.865127,0.888419,-2.386196,1.172582,0.220893,-0.710242,2.239845,0.767179,2.133299,-0.556394,-1.174809,1.507891,1,0,1.0000,1.0000,1,0,0,1,0.0000,9.7647,,,,,129436,125765,3298,2917,126090,123760,3346,1858,0,147,0.47296,-0.05114,0
1786019421.5352,E_right_up_r1,E,right,1,up,,94,147.4000,344.9000,173.0000,173.5000,0.0000,0.0000,333.3000,289.9000,216.0000,0.0000,0.0000,0.0000,208.2000,0.0000,-0.87300,0.04900,0.30500,4.06000,3.09000,5.17000,0.19200,0.14800,0.90400,-1.21000,-0.27000,-4.30000,14.5,6.0,1.0,0.0,1.139857,1.460636,1.889290,-0.440117,-0.556123,2.413331,-0.089600,0.486000,0.869300,0.003200,0.133500,0.542300,0.828800,0.034500,0.916993,0.127566,1.755808,-0.100836,0.013868,1.408864,2.542153,-0.962663,-0.865127,0.888419,-2.386196,1.172582,0.220893,-0.710242,2.239845,0.767179,2.133299,-0.556394,-1.174809,1.507891,1,0,1.0000,1.0000,1,0,0,1,0.0000,9.7647,,,,,9803,9314,3273,2868,6825,7347,2978,1818,0,149,0.47296,-0.05114,0
1786019421.5522,E_right_up_r1,E,right,1,up,,95,147.3000,344.9000,173.0000,173.5000,0.0000,0.0000,333.3000,289.9000,121.6000,0.0000,0.0000,0.0000,208.2000,0.0000,-0.87900,0.05200,0.30600,4.21000,4.99000,5.90000,0.20300,0.13700,0.91400,0.46000,1.65000,-0.69000,13.9,4.8,1.0,0.0,0.726290,0.711411,1.542661,-0.440117,-0.556123,2.413331,-0.089600,0.486000,0.869300,0.003200,0.133500,0.542300,0.828800,0.034500,0.916993,0.127566,1.755808,-0.100836,0.013868,1.408864,2.542153,-0.962663,-0.865127,0.888419,-2.386196,1.172582,0.220893,-0.710242,2.239845,0.767179,2.133299,-0.556394,-1.174809,1.507891,1,0,1.0000,1.0000,1,0,0,1,0.0000,9.7161,,,,,129436,125765,3299,2918,126090,123760,3346,1858,0,147,0.47296,-0.05114,0
1786019421.5688,E_right_up_r1,E,right,1,up,,96,147.3000,344.9000,173.0000,173.5000,0.0000,0.0000,333.3000,289.9000,121.6000,0.0000,0.0000,0.0000,208.2000,0.0000,-0.87900,0.05200,0.30600,4.21000,4.99000,5.90000,0.17800,0.17500,0.90600,1.47000,2.60000,0.76000,13.8,5.2,1.0,0.0,0.726290,0.711411,1.542661,-1.398048,-1.202410,2.896808,-0.089600,0.486000,0.869300,0.003200,0.133500,0.542300,0.828800,0.034500,0.916993,0.127566,1.755808,-0.100836,0.013868,1.408864,2.542153,-0.962663,-0.865127,0.888419,-2.386196,1.172582,0.220893,-0.710242,2.239845,0.767179,2.133299,-0.556394,-1.174809,1.507891,1,0,1.0000,1.0000,1,0,0,1,0.0000,6.5602,,,,,9803,9314,3273,2868,6825,7347,2978,1818,0,149,0.47296,-0.05114,0
1786019421.6058,E_right_up_r1,E,right,1,up,,97,147.3000,345.0000,173.0000,173.5000,0.0000,0.0000,333.3000,290.0000,121.6000,0.0000,0.0000,0.0000,208.2000,0.0000,-0.89300,0.04900,0.32800,3.56000,5.56000,5.33000,0.16900,0.18100,0.90000,0.23000,0.95000,2.53000,13.4,4.0,1.0,0.0,0.726295,0.711400,1.542693,-1.398048,-1.202410,2.896808,-0.089600,0.486000,0.869300,0.003200,0.133500,0.542300,0.828800,0.034500,0.916993,0.127566,1.755808,-0.100836,0.013868,1.408864,2.542153,-0.962663,-0.865127,0.888419,-2.386196,1.172582,0.220893,-0.710242,2.239845,0.767179,2.133299,-0.556394,-1.174809,1.507891,1,0,1.0000,1.0000,1,0,0,1,0.0000,6.5773,,,,,129436,125765,3299,2918,126090,123760,3346,1858,0,147,0.47296,-0.05114,0
1786019421.6154,E_right_up_r1,E,right,1,up,,98,147.3000,35.0000,173.0000,173.4000,0.0000,0.0000,333.3000,290.1000,121.6000,0.0000,0.0000,0.0000,208.2000,0.0000,-0.90400,0.05200,0.32700,2.56000,5.25000,4.18000,0.18400,0.16700,0.91500,-1.16000,-0.83000,2.12000,13.4,4.0,1.0,0.0,1.138290,1.460792,1.891993,-1.398048,-1.202410,2.896808,-0.089600,0.486000,0.869300,0.003200,0.133500,0.542300,0.828800,0.034500,0.916993,0.127566,1.755808,-0.100836,0.013868,1.408864,2.542153,-0.962663,-0.865127,0.888419,-2.386196,1.172582,0.220893,-0.710242,2.239845,0.767179,2.133299,-0.556394,-1.174809,1.507891,1,0,1.0000,1.0000,1,0,0,1,0.0000,9.7836,,,,,9803,125765,3273,2918,6825,123760,2978,1858,0,147,0.47296,-0.05114,0
1786019421.6553,E_right_up_r1,E,right,1,up,,99,147.3000,345.0000,173.0000,173.4000,0.0000,0.0000,333.3000,290.1000,121.6000,0.0000,0.0000,0.0000,208.2000,0.0000,-0.89800,0.05200,0.32900,0.04000,1.95000,-0.02000,0.18500,0.16900,0.91300,0.34000,-1.25000,-0.15000,12.8,4.9,1.0,0.0,0.725797,0.711446,1.542589,-1.398048,-1.202410,2.896808,-0.089600,0.486000,0.869300,0.003200,0.133500,0.542300,0.828800,0.034500,0.916993,0.127566,1.755808,-0.100836,0.013868,1.408864,2.542153,-0.962663,-0.865127,0.888419,-2.386196,1.172582,0.220893,-0.710242,2.239845,0.767179,2.133299,-0.556394,-1.174809,1.507891,1,0,1.0000,1.0000,0,0,1,1,0.0326,6.6196,,,,,9803,9314,3273,2868,6825,7347,2978,1818,0,149,0.47296,-0.05114,0
1786019421.6559,E_right_up_r1,E,right,1,up,,100,147.3000,345.0000,173.0000,173.4000,0.0000,0.0000,333.3000,290.1000,121.6000,0.0000,0.0000,0.0000,208.2000,0.0000,-0.89800,0.05200,0.32900,0.04000,1.95000,-0.02000,0.18500,0.16900,0.91300,0.34000,-1.25000,-0.15000,12.8,4.9,1.0,0.0,0.725797,0.711446,1.542589,-1.398048,-1.202410,2.896808,-0.089600,0.486000,0.869300,0.003200,0.133500,0.542300,0.828800,0.034500,0.916993,0.127566,1.755808,-0.100836,0.013868,1.408864,2.542153,-0.962663,-0.865127,0.888419,-2.386196,1.172582,0.220893,-0.710242,2.239845,0.767179,2.133299,-0.556394,-1.174809,1.507891,1,0,1.0000,1.0000,0,0,1,1,0.0326,6.6196,,,,,9803,9314,3273,2868,6825,7347,2978,1818,0,149,0.47296,-0.05114,0
1786019421.6823,E_right_up_r1,E,right,1,up,,101,147.3000,345.0000,173.0000,173.4000,0.0000,0.0000,333.2000,290.2000,121.6000,0.0000,0.0000,0.0000,208.3000,0.0000,-0.90300,0.06400,0.33600,-1.37000,-0.49000,-1.33000,0.17600,0.17700,0.90000,1.02000,-1.00000,0.98000,11.1,5.2,1.0,0.0,0.726216,0.711397,1.542754,-0.440117,-0.556123,2.413331,-0.089600,0.486000,0.869300,0.003200,0.133500,0.542300,0.828800,0.034500,0.916993,0.127566,1.755808,-0.100836,0.013868,1.408864,2.542153,-0.962663,-0.865127,0.888419,-2.386196,1.172582,0.220893,-0.710242,2.239845,0.767179,2.133299,-0.556394,-1.174809,1.507891,1,0,1.0000,1.0000,1,0,0,1,0.0000,9.8232,,,,,129436,125765,3299,2918,126090,123760,3346,1858,0,147,0.47296,-0.05114,0
1786019421.6925,E_right_up_r1,E,right,1,up,,102,147.3000,345.0000,173.0000,173.4000,0.0000,0.0000,333.2000,290.2000,121.7000,0.0000,0.0000,0.0000,208.3000,0.0000,-0.89600,0.04700,0.32000,-0.17000,-2.92000,-1.86000,0.19400,0.18500,0.88600,1.47000,-2.01000,-1.63000,12.8,5.1,1.0,0.0,1.137950,1.460817,1.890113,-1.398048,-1.202410,2.896808,-0.089600,0.486000,0.869300,0.003200,0.133500,0.542300,0.828800,0.034500,0.916993,0.127566,1.755808,-0.100836,0.013868,1.408864,2.542153,-0.962663,-0.865127,0.888419,-2.386196,1.172582,0.220893,-0.710242,2.239845,0.767179,2.133299,-0.556394,-1.174809,1.507891,1,0,1.0000,1.0000,1,0,0,1,0.0000,6.6485,,,,,129436,125765,3299,2918,126090,123760,3346,1858,0,147,0.47296,-0.05114,0
1786019421.7235,E_right_up_r1,E,right,1,up,,103,147.3000,345.0000,173.0000,173.4000,0.0000,0.0000,333.2000,290.2000,121.7000,0.0000,0.0000,0.0000,208.3000,0.0000,-0.89300,0.05500,0.33200,-1.01000,-1.97000,-1.68000,0.17700,0.18800,0.89400,1.69000,-1.11000,-1.66000,13.6,5.3,1.0,0.0,0.967033,0.133817,1.928516,-0.380837,-1.335940,2.207253,-0.089600,0.486000,0.869300,0.003200,0.133500,0.542300,0.828800,0.034500,0.916993,0.127566,1.755808,-0.100836,0.013868,1.408864,2.542153,-0.962663,-0.865127,0.888419,-2.386196,1.172582,0.220893,-0.710242,2.239845,0.767179,2.133299,-0.556394,-1.174809,1.507891,1,0,1.0000,1.0000,1,0,0,1,0.0000,9.9434,,,,,9803,9314,3273,2868,6825,7347,2978,1818,0,149,0.47296,-0.05114,0
1786019421.7326,E_right_up_r1,E,right,1,up,,104,147.3000,345.0000,173.0000,173.4000,0.0000,0.0000,333.2000,290.2000,121.7000,0.0000,0.0000,0.0000,208.3000,0.0000,-0.89300,0.05500,0.33200,-1.01000,-1.97000,-1.68000,0.17700,0.18800,0.89400,1.69000,-1.11000,-1.66000,13.6,5.3,1.0,0.0,0.967033,0.133817,1.928516,-0.380837,-1.335940,2.207253,-0.089600,0.486000,0.869300,0.003200,0.133500,0.542300,0.828800,0.034500,0.916993,0.127566,1.755808,-0.100836,0.013868,1.408864,2.542153,-0.962663,-0.865127,0.888419,-2.386196,1.172582,0.220893,-0.710242,2.239845,0.767179,2.133299,-0.556394,-1.174809,1.507891,1,0,1.0000,1.0000,1,0,0,1,0.0000,9.9434,,,,,129436,9314,3299,2868,126090,7347,3346,1818,0,149,0.47296,-0.05114,0
1786019421.7498,E_right_up_r1,E,right,1,up,,105,147.3000,345.0000,173.0000,173.4000,0.0000,0.0000,333.2000,290.2000,121.7000,0.0000,0.0000,0.0000,208.3000,0.0000,-0.89300,0.05500,0.33200,-1.01000,-1.97000,-1.68000,0.17700,0.18800,0.89400,1.69000,-1.11000,-1.66000,13.6,5.3,1.0,0.0,0.967033,0.133817,1.928516,-0.380837,-1.335940,2.207253,-0.089600,0.486000,0.869300,0.003200,0.133500,0.542300,0.828800,0.034500,0.916993,0.127566,1.755808,-0.100836,0.013868,1.408864,2.542153,-0.962663,-0.865127,0.888419,-2.386196,1.172582,0.220893,-0.710242,2.239845,0.767179,2.133299,-0.556394,-1.174809,1.507891,1,0,1.0000,1.0000,1,0,0,1,0.0000,9.9434,,,,,129436,9314,3299,2868,126090,7347,3346,1818,0,149,0.47296,-0.05114,0
1786019421.7717,E_right_up_r1,E,right,1,up,,106,147.4000,345.0000,173.0000,173.5000,0.0000,0.0000,333.2000,290.3000,122.0000,0.0000,0.0000,0.0000,208.5000,0.0000,-0.89800,0.06700,0.30200,1.55000,-1.01000,-1.38000,0.13900,0.18400,0.84500,-4.01000,-4.25000,0.69000,13.6,7.1,1.0,0.0,0.728638,0.711182,1.543543,-1.398048,-1.202410,2.896808,-0.089600,0.486000,0.869300,0.003200,0.133500,0.542300,0.828800,0.034500,0.916993,0.127566,1.755808,-0.100836,0.013868,1.408864,2.542153,-0.962663,-0.865127,0.888419,-2.386196,1.172582,0.220893,-0.710242,2.239845,0.767179,2.133299,-0.556394,-1.174809,1.507891,1,0,1.0000,1.0000,1,0,0,1,0.0000,6.7312,,,,,129436,125765,3299,2918,126090,123760,3346,1858,0,147,0.47296,-0.05114,0
1786019421.7893,E_right_up_r1,E,right,1,up,,107,17.0000,345.0000,173.2000,173.5000,0.0000,0.0000,333.2000,290.9000,122.0000,0.0000,0.0000,0.0000,208.7000,0.0000,-0.89300,0.05300,0.30900,2.14000,0.89000,-1.31000,0.10800,0.18400,0.81400,-6.12000,-7.52000,-1.82000,12.9,7.3,1.0,0.0,0.969445,0.133639,1.925896,-0.380837,-1.335940,2.207253,-0.089600,0.486000,0.869300,0.003200,0.133500,0.542300,0.828800,0.034500,0.916993,0.127566,1.755808,-0.100836,0.013868,1.408864,2.542153,-0.962663,-0.865127,0.888419,-2.386196,1.172582,0.220893,-0.710242,2.239845,0.767179,2.133299,-0.556394,-1.174809,1.507891,1,0,1.0000,1.0000,0,0,1,1,0.0438,10.0228,,,,,9803,125765,3273,2918,6825,123760,2978,1858,0,147,0.47296,-0.05114,0
1786019421.8096,E_right_up_r1,E,right,1,up,,108,147.4000,345.0000,173.1000,173.5000,0.0000,0.0000,333.2000,290.9000,122.0000,0.0000,0.0000,0.0000,208.7000,0.0000,-0.88700,0.04000,0.31200,4.69000,0.03000,-2.27000,0.10800,0.18400,0.81400,-6.12000,-7.52000,-1.82000,12.1,6.7,1.0,0.0,1.140812,1.460582,1.886224,-0.380837,-1.335940,2.207253,-0.089600,0.486000,0.869300,0.003200,0.133500,0.542300,0.828800,0.034500,0.916993,0.127566,1.755808,-0.100836,0.013868,1.408864,2.542153,-0.962663,-0.865127,0.888419,-2.386196,1.172582,0.220893,-0.710242,2.239845,0.767179,2.133299,-0.556394,-1.174809,1.507891,1,0,1.0000,1.0000,1,0,0,1,0.0000,10.0228,,,,,129436,9314,3300,2868,126090,7347,3346,1818,0,149,0.47296,-0.05114,0
1786019421.8291,E_right_up_r1,E,right,1,up,,109,147.3000,345.0000,173.2000,173.5000,0.0000,0.0000,333.2000,294.1000,121.7000,0.0000,0.0000,0.0000,210.8000,0.0000,-0.88600,0.04700,0.32800,5.53000,-0.09000,-3.39000,0.18700,0.15700,0.84400,-5.44000,-19.69000,-4.34000,12.1,6.7,1.0,0.0,0.968108,0.133759,1.924485,-0.380837,-1.335940,2.207253,-0.089600,0.486000,0.869300,0.003200,0.133500,0.542300,0.828800,0.034500,0.916993,0.127566,1.755808,-0.100836,0.013868,1.408864,2.542153,-0.962663,-0.865127,0.888419,-2.386196,1.172582,0.220893,-0.710242,2.239845,0.767179,2.133299,-0.556394,-1.174809,1.507891,1,0,1.0000,1.0000,1,0,0,1,0.0000,10.0768,,,,,129436,125765,3300,2918,126090,123760,3346,1858,0,147,0.47296,-0.05114,0
1786019421.8631,E_right_up_r1,E,right,1,up,,110,147.3000,345.0000,173.1000,173.5000,0.0000,0.0000,333.2000,297.8000,120.9000,0.0000,0.0000,0.0000,212.6000,0.0000,-0.87000,0.03400,0.33600,1.07000,2.67000,-2.47000,0.22000,0.11800,0.84700,-5.92000,-19.60000,-4.78000,13.8,6.5,1.0,0.0,0.965828,0.133984,1.923099,-0.440117,-0.556123,2.413331,-0.089600,0.486000,0.869300,0.003200,0.133500,0.542300,0.828800,0.034500,0.916993,0.127566,1.755808,-0.100836,0.013868,1.408864,2.542153,-0.962663,-0.865127,0.888419,-2.386196,1.172582,0.220893,-0.710242,2.239845,0.767179,2.133299,-0.556394,-1.174809,1.507891,1,0,1.0000,1.0000,1,0,0,1,0.0000,10.0307,,,,,9803,9314,3274,2869,6825,7347,2978,1818,0,149,0.47296,-0.05114,0
1786019421.8840,E_right_up_r1,E,right,1,up,,111,147.3000,345.0000,173.0000,173.5000,0.0000,0.0000,333.2000,300.5000,119.9000,0.0000,0.0000,0.0000,214.1000,0.0000,-0.87300,0.03300,0.34500,1.48000,2.21000,-2.03000,0.22000,0.09400,0.85400,-6.83000,-20.73000,-4.47000,13.3,6.6,1.0,0.0,0.725829,0.711462,1.542690,-1.398048,-1.202410,2.896808,-0.089600,0.486000,0.869300,0.003200,0.133500,0.542300,0.828800,0.034500,0.916993,0.127566,1.755808,-0.100836,0.013868,1.408864,2.542153,-0.962663,-0.865127,0.888419,-2.386196,1.172582,0.220893,-0.710242,2.239845,0.767179,2.133299,-0.556394,-1.174809,1.507891,1,0,1.0000,1.0000,1,0,0,1,0.0000,6.8778,,,,,9803,9314,3274,2869,6825,7347,2978,1818,0,149,0.47296,-0.05114,0
1786019421.8894,E_right_up_r1,E,right,1,up,,112,147.3000,345.0000,173.0000,173.5000,0.0000,0.0000,333.2000,300.5000,119.9000,0.0000,0.0000,0.0000,214.1000,0.0000,-0.87300,0.03300,0.34500,1.48000,2.21000,-2.03000,0.22000,0.09400,0.85400,-6.83000,-20.73000,-4.47000,12.9,5.5,1.0,0.0,0.723733,0.711636,1.542058,-1.398048,-1.202410,2.896808,-0.089600,0.486000,0.869300,0.003200,0.133500,0.542300,0.828800,0.034500,0.916993,0.127566,1.755808,-0.100836,0.013868,1.408864,2.542153,-0.962663,-0.865127,0.888419,-2.386196,1.172582,0.220893,-0.710242,2.239845,0.767179,2.133299,-0.556394,-1.174809,1.507891,1,0,1.0000,1.0000,1,0,0,1,0.0000,6.8778,,,,,129436,125765,3300,2919,126090,123760,3346,1858,0,147,0.47296,-0.05114,0
1786019421.9278,E_right_up_r1,E,right,1,up,,113,147.2000,345.0000,173.1000,173.5000,0.0000,0.0000,333.2000,302.8000,118.9000,0.0000,0.0000,0.0000,215.2000,0.0000,-0.86900,0.03200,0.34500,1.15000,1.09000,-0.82000,0.22100,0.08400,0.87200,-2.99000,-20.44000,-6.18000,12.9,5.5,1.0,0.0,1.137015,1.460907,1.882707,-1.398048,-1.202410,2.896808,-0.089600,0.486000,0.869300,0.003200,0.133500,0.542300,0.828800,0.034500,0.916993,0.127566,1.755808,-0.100836,0.013868,1.408864,2.542153,-0.962663,-0.865127,0.888419,-2.386196,1.172582,0.220893,-0.710242,2.239845,0.767179,2.133299,-0.556394,-1.174809,1.507891,1,0,1.0000,1.0000,1,0,0,1,0.0000,6.8977,,,,,129436,125765,3300,2919,126090,123760,3346,1858,0,147,0.47296,-0.05114,0
1786019421.9291,E_right_up_r1,E,right,1,up,,114,147.2000,345.0000,173.1000,173.5000,0.0000,0.0000,333.2000,302.8000,118.9000,0.0000,0.0000,0.0000,215.2000,0.0000,-0.86900,0.03200,0.34500,1.15000,1.09000,-0.82000,0.22100,0.08400,0.87200,-2.99000,-20.44000,-6.18000,12.9,5.5,1.0,0.0,1.137015,1.460907,1.882707,-1.398048,-1.202410,2.896808,-0.089600,0.486000,0.869300,0.003200,0.133500,0.542300,0.828800,0.034500,0.916993,0.127566,1.755808,-0.100836,0.013868,1.408864,2.542153,-0.962663,-0.865127,0.888419,-2.386196,1.172582,0.220893,-0.710242,2.239845,0.767179,2.133299,-0.556394,-1.174809,1.507891,1,0,1.0000,1.0000,1,0,0,1,0.0000,6.8977,,,,,129436,125765,3300,2919,126090,123760,3346,1858,0,147,0.47296,-0.05114,0
1786019421.9498,E_right_up_r1,E,right,1,up,,115,147.2000,345.0000,173.0000,173.3000,0.0000,0.0000,333.5000,308.7000,40.2000,0.0000,0.0000,0.0000,218.3000,0.0000,-0.87100,0.02900,0.33700,1.09000,-0.64000,1.79000,0.23600,0.15400,0.91800,4.17000,-19.79000,-2.16000,12.5,2.5,1.0,0.0,1.135694,1.461009,1.881679,-0.440117,-0.556123,2.413331,-0.089600,0.486000,0.869300,0.003200,0.133500,0.542300,0.828800,0.034500,0.916993,0.127566,1.755808,-0.100836,0.013868,1.408864,2.542153,-0.962663,-0.865127,0.888419,-2.386196,1.172582,0.220893,-0.710242,2.239845,0.767179,2.133299,-0.556394,-1.174809,1.507891,1,0,1.0000,1.0000,1,0,0,1,0.0000,10.1279,,,,,129436,125765,3300,2919,126090,123760,3346,1858,0,147,0.47296,-0.05114,0
1786019421.9720,E_right_up_r1,E,right,1,up,,116,147.2000,345.0000,173.0000,173.3000,0.0000,0.0000,333.5000,308.7000,40.2000,0.0000,0.0000,0.0000,218.3000,0.0000,-0.87100,0.02900,0.33700,1.09000,-0.64000,1.79000,0.23600,0.15400,0.91800,4.17000,-19.79000,-2.16000,12.5,2.5,1.0,0.0,1.135694,1.461009,1.881679,-0.440117,-0.556123,2.413331,-0.089600,0.486000,0.869300,0.003200,0.133500,0.542300,0.828800,0.034500,0.916993,0.127566,1.755808,-0.100836,0.013868,1.408864,2.542153,-0.962663,-0.865127,0.888419,-2.386196,1.172582,0.220893,-0.710242,2.239845,0.767179,2.133299,-0.556394,-1.174809,1.507891,1,0,1.0000,1.0000,1,0,0,1,0.0000,10.1279,,,,,9803,9314,3274,2869,6825,7347,2978,1818,0,149,0.47296,-0.05114,0
1786019422.0000,E_right_up_r1,E,right,1,up,,117,147.2000,345.0000,173.0000,173.4000,0.0000,0.0000,333.4000,308.7000,40.2000,0.0000,0.0000,0.0000,218.3000,0.0000,-0.89000,0.04500,0.32400,1.81000,-1.51000,2.08000,0.23600,0.15400,0.91800,4.17000,-19.79000,-2.16000,12.5,2.5,1.0,0.0,0.724540,0.711515,1.542311,-0.440117,-0.556123,2.413331,-0.089600,0.486000,0.869300,0.003200,0.133500,0.542300,0.828800,0.034500,0.916993,0.127566,1.755808,-0.100836,0.013868,1.408864,2.542153,-0.962663,-0.865127,0.888419,-2.386196,1.172582,0.220893,-0.710242,2.239845,0.767179,2.133299,-0.556394,-1.174809,1.507891,1,0,1.0000,1.0000,1,0,0,1,0.0000,10.1279,,,,,129436,125765,3300,2919,126090,123760,3346,1858,0,147,0.47296,-0.05114,0
1786019422.0117,E_right_up_r1,E,right,1,up,,118,147.2000,345.0000,173.0000,173.4000,0.0000,0.0000,333.4000,308.7000,40.2000,0.0000,0.0000,0.0000,218.3000,0.0000,-0.89000,0.04500,0.32400,1.81000,-1.51000,2.08000,0.23600,0.15400,0.91800,4.17000,-19.79000,-2.16000,12.5,2.5,1.0,0.0,0.724540,0.711515,1.542311,-0.440117,-0.556123,2.413331,-0.089600,0.486000,0.869300,0.003200,0.133500,0.542300,0.828800,0.034500,0.916993,0.127566,1.755808,-0.100836,0.013868,1.408864,2.542153,-0.962663,-0.865127,0.888419,-2.386196,1.172582,0.220893,-0.710242,2.239845,0.767179,2.133299,-0.556394,-1.174809,1.507891,1,0,1.0000,1.0000,1,0,0,1,0.0000,10.1279,,,,,129436,125765,3300,2919,126090,123760,3346,1858,0,147,0.47296,-0.05114,0
1786019422.0297,E_right_up_r1,E,right,1,up,,119,147.2000,345.0000,173.0000,173.4000,0.0000,0.0000,333.4000,308.7000,40.2000,0.0000,0.0000,0.0000,218.3000,0.0000,-0.89000,0.04500,0.32400,1.81000,-1.51000,2.08000,0.23600,0.15400,0.91800,4.17000,-19.79000,-2.16000,12.5,2.5,1.0,0.0,0.724540,0.711515,1.542311,-0.440117,-0.556123,2.413331,-0.089600,0.486000,0.869300,0.003200,0.133500,0.542300,0.828800,0.034500,0.916993,0.127566,1.755808,-0.100836,0.013868,1.408864,2.542153,-0.962663,-0.865127,0.888419,-2.386196,1.172582,0.220893,-0.710242,2.239845,0.767179,2.133299,-0.556394,-1.174809,1.507891,1,0,1.0000,1.0000,1,0,0,1,0.0000,10.1279,,,,,129436,9314,3301,2869,126090,7347,3346,1818,0,149,0.47296,-0.05114,0
1786019422.0667,E_right_up_r1,E,right,1,up,,120,147.2000,345.0000,173.0000,173.4000,0.0000,0.0000,333.4000,308.7000,40.2000,0.0000,0.0000,0.0000,218.3000,0.0000,-0.89000,0.04500,0.32400,1.81000,-1.51000,2.08000,0.23600,0.15400,0.91800,4.17000,-19.79000,-2.16000,12.5,2.5,1.0,0.0,0.724540,0.711515,1.542311,-0.440117,-0.556123,2.413331,-0.089600,0.486000,0.869300,0.003200,0.133500,0.542300,0.828800,0.034500,0.916993,0.127566,1.755808,-0.100836,0.013868,1.408864,2.542153,-0.962663,-0.865127,0.888419,-2.386196,1.172582,0.220893,-0.710242,2.239845,0.767179,2.133299,-0.556394,-1.174809,1.507891,1,0,1.0000,1.0000,1,0,0,1,0.0000,10.1279,,,,,129436,125765,3301,2919,126090,123760,3346,1858,0,147,0.47296,-0.05114,0
1786019422.0697,E_right_up_r1,E,right,1,up,,121,147.2000,345.0000,173.0000,173.4000,0.0000,0.0000,333.4000,308.7000,40.2000,0.0000,0.0000,0.0000,218.3000,0.0000,-0.89000,0.04500,0.32400,1.81000,-1.51000,2.08000,0.23600,0.15400,0.91800,4.17000,-19.79000,-2.16000,12.5,2.5,1.0,0.0,0.724540,0.711515,1.542311,-0.440117,-0.556123,2.413331,-0.089600,0.486000,0.869300,0.003200,0.133500,0.542300,0.828800,0.034500,0.916993,0.127566,1.755808,-0.100836,0.013868,1.408864,2.542153,-0.962663,-0.865127,0.888419,-2.386196,1.172582,0.220893,-0.710242,2.239845,0.767179,2.133299,-0.556394,-1.174809,1.507891,1,0,1.0000,1.0000,1,0,0,1,0.0000,10.1279,,,,,129436,125765,3301,2919,126090,123760,3346,1858,0,147,0.47296,-0.05114,0
1786019422.0927,E_right_up_r1,E,right,1,up,,122,147.2000,345.0000,173.0000,173.4000,0.0000,0.0000,333.4000,308.7000,40.2000,0.0000,0.0000,0.0000,218.3000,0.0000,-0.89000,0.04500,0.32400,1.81000,-1.51000,2.08000,0.23600,0.15400,0.91800,4.17000,-19.79000,-2.16000,12.5,2.5,1.0,0.0,0.724540,0.711515,1.542311,-0.440117,-0.556123,2.413331,-0.089600,0.486000,0.869300,0.003200,0.133500,0.542300,0.828800,0.034500,0.916993,0.127566,1.755808,-0.100836,0.013868,1.408864,2.542153,-0.962663,-0.865127,0.888419,-2.386196,1.172582,0.220893,-0.710242,2.239845,0.767179,2.133299,-0.556394,-1.174809,1.507891,1,0,1.0000,1.0000,1,0,0,1,0.0000,10.1279,,,,,129436,125765,3301,2920,126090,123760,3346,1858,0,147,0.47296,-0.05114,0
1786019422.1096,E_right_up_r1,E,right,1,up,,123,147.2000,345.0000,173.0000,173.4000,0.0000,0.0000,333.3000,308.7000,40.2000,0.0000,0.0000,0.0000,218.3000,0.0000,-0.87200,0.03900,0.32300,2.74000,2.97000,7.34000,0.23600,0.15400,0.91800,4.17000,-19.79000,-2.16000,9.4,1.6,1.0,0.0,0.965289,0.133992,1.922469,-0.440117,-0.556123,2.413331,-0.089600,0.486000,0.869300,0.003200,0.133500,0.542300,0.828800,0.034500,0.916993,0.127566,1.755808,-0.100836,0.013868,1.408864,2.542153,-0.962663,-0.865127,0.888419,-2.386196,1.172582,0.220893,-0.710242,2.239845,0.767179,2.133299,-0.556394,-1.174809,1.507891,1,0,1.0000,1.0000,1,0,0,1,0.0000,10.1279,,,,,129436,125765,3301,2920,126090,123760,3346,1858,0,147,0.47296,-0.05114,0
1786019422.1436,E_right_up_r1,E,right,1,up,,124,147.2000,345.0000,173.0000,173.4000,0.0000,0.0000,333.3000,323.1000,1071.0000,0.0000,41.0000,0.0000,229.6000,0.0100,-0.87200,0.03900,0.32300,2.74000,2.97000,7.34000,0.25600,0.08400,0.86700,7.20000,-5.47000,-7.50000,9.4,1.6,1.0,0.0,0.965289,0.133992,1.922469,-0.380837,-1.335940,2.207253,-0.089600,0.486000,0.869300,0.003200,0.133500,0.542300,0.828800,0.034500,0.916993,0.127566,1.755808,-0.100836,0.013868,1.408864,2.542153,-0.962663,-0.865127,0.888419,-2.386196,1.172582,0.220893,-0.710242,2.239845,0.767179,2.133299,-0.556394,-1.174809,1.507891,1,0,1.0000,1.0000,1,1,0,0,0.0000,0.0000,,,,,129436,125765,3302,2920,126090,123760,3346,1858,0,147,0.47296,-0.05114,0
1786019422.1514,E_right_up_r1,E,right,1,up,,125,147.2000,345.0000,173.0000,173.4000,0.0000,0.0000,333.3000,323.1000,1071.0000,0.0000,41.0000,0.0000,229.6000,0.0100,-0.87200,0.03900,0.32300,2.74000,2.97000,7.34000,0.25600,0.08400,0.86700,7.20000,-5.47000,-7.50000,9.4,1.6,1.0,0.0,0.965289,0.133992,1.922469,-0.380837,-1.335940,2.207253,-0.089600,0.486000,0.869300,0.003200,0.133500,0.542300,0.828800,0.034500,0.916993,0.127566,1.755808,-0.100836,0.013868,1.408864,2.542153,-0.962663,-0.865127,0.888419,-2.386196,1.172582,0.220893,-0.710242,2.239845,0.767179,2.133299,-0.556394,-1.174809,1.507891,1,0,1.0000,1.0000,1,1,0,0,0.0000,0.0000,,,,,9803,9314,3276,2870,6825,7347,2978,1818,0,149,0.47296,-0.05114,0
1786019422.1702,E_right_up_r1,E,right,1,up,,126,147.2000,345.0000,173.0000,173.4000,0.0000,0.0000,333.3000,323.1000,1071.0000,0.0000,41.0000,0.0000,229.6000,0.0100,-0.87200,0.03900,0.32300,2.74000,2.97000,7.34000,0.25600,0.08400,0.86700,7.20000,-5.47000,-7.50000,9.4,1.6,1.0,0.0,0.965289,0.133992,1.922469,-0.380837,-1.335940,2.207253,-0.089600,0.486000,0.869300,0.003200,0.133500,0.542300,0.828800,0.034500,0.916993,0.127566,1.755808,-0.100836,0.013868,1.408864,2.542153,-0.962663,-0.865127,0.888419,-2.386196,1.172582,0.220893,-0.710242,2.239845,0.767179,2.133299,-0.556394,-1.174809,1.507891,1,0,1.0000,1.0000,1,1,0,0,0.0000,0.0000,,,,,129436,125765,3302,2920,126090,123760,3346,1858,0,147,0.47296,-0.05114,0
1786019422.1911,E_right_up_r1,E,right,1,up,,127,147.2000,345.0000,173.0000,173.4000,0.0000,0.0000,333.3000,323.1000,1071.0000,0.0000,41.0000,0.0000,229.6000,0.0100,-0.87200,0.03900,0.32300,2.74000,2.97000,7.34000,0.25600,0.08400,0.86700,7.20000,-5.47000,-7.50000,9.4,1.6,1.0,0.0,0.965289,0.133992,1.922469,-0.380837,-1.335940,2.207253,-0.089600,0.486000,0.869300,0.003200,0.133500,0.542300,0.828800,0.034500,0.916993,0.127566,1.755808,-0.100836,0.013868,1.408864,2.542153,-0.962663,-0.865127,0.888419,-2.386196,1.172582,0.220893,-0.710242,2.239845,0.767179,2.133299,-0.556394,-1.174809,1.507891,1,0,1.0000,1.0000,1,1,0,0,0.0000,0.0000,,,,,9803,9314,3276,2870,6825,7347,2978,1818,0,149,0.47296,-0.05114,0
1786019422.2092,E_right_up_r1,E,right,1,up,,128,147.2000,345.0000,173.0000,173.4000,0.0000,0.0000,333.3000,323.1000,1071.0000,0.0000,41.0000,0.0000,229.6000,0.0100,-0.87200,0.03900,0.32300,2.74000,2.97000,7.34000,0.25600,0.08400,0.86700,7.20000,-5.47000,-7.50000,9.4,1.6,1.0,0.0,0.965289,0.133992,1.922469,-0.380837,-1.335940,2.207253,-0.089600,0.486000,0.869300,0.003200,0.133500,0.542300,0.828800,0.034500,0.916993,0.127566,1.755808,-0.100836,0.013868,1.408864,2.542153,-0.962663,-0.865127,0.888419,-2.386196,1.172582,0.220893,-0.710242,2.239845,0.767179,2.133299,-0.556394,-1.174809,1.507891,1,0,1.0000,1.0000,1,1,0,0,0.0000,0.0000,,,,,129436,125765,3302,2920,126090,123760,3346,1858,0,147,0.47296,-0.05114,0
1786019422.2324,E_right_up_r1,E,right,1,up,,129,147.2000,345.0000,173.0000,173.4000,0.0000,0.0000,333.3000,323.1000,1071.0000,0.0000,41.0000,0.0000,229.6000,0.0100,-0.87200,0.03900,0.32300,2.74000,2.97000,7.34000,0.25600,0.08400,0.86700,7.20000,-5.47000,-7.50000,9.4,1.6,1.0,0.0,0.965289,0.133992,1.922469,-0.380837,-1.335940,2.207253,-0.089600,0.486000,0.869300,0.003200,0.133500,0.542300,0.828800,0.034500,0.916993,0.127566,1.755808,-0.100836,0.013868,1.408864,2.542153,-0.962663,-0.865127,0.888419,-2.386196,1.172582,0.220893,-0.710242,2.239845,0.767179,2.133299,-0.556394,-1.174809,1.507891,1,0,1.0000,1.0000,1,1,0,0,0.0000,0.0000,,,,,9803,9314,3276,2870,6825,7347,2978,1818,0,149,0.47296,-0.05114,0
1786019422.2525,E_right_up_r1,E,right,1,up,,130,147.2000,345.0000,173.0000,173.4000,0.0000,0.0000,333.3000,323.1000,1071.0000,0.0000,41.0000,0.0000,229.6000,0.0100,-0.87200,0.03900,0.32300,2.74000,2.97000,7.34000,0.25600,0.08400,0.86700,7.20000,-5.47000,-7.50000,9.4,1.6,1.0,0.0,0.965289,0.133992,1.922469,-0.380837,-1.335940,2.207253,-0.089600,0.486000,0.869300,0.003200,0.133500,0.542300,0.828800,0.034500,0.916993,0.127566,1.755808,-0.100836,0.013868,1.408864,2.542153,-0.962663,-0.865127,0.888419,-2.386196,1.172582,0.220893,-0.710242,2.239845,0.767179,2.133299,-0.556394,-1.174809,1.507891,1,0,1.0000,1.0000,1,1,0,0,0.0000,0.0000,,,,,9803,9314,3276,2870,6825,7347,2978,1818,0,149,0.47296,-0.05114,0
1786019422.2871,E_right_up_r1,E,right,1,up,,131,147.2000,345.0000,173.0000,173.4000,0.0000,0.0000,333.3000,323.1000,1071.0000,0.0000,41.0000,0.0000,229.6000,0.0100,-0.87200,0.03900,0.32300,2.74000,2.97000,7.34000,0.25600,0.08400,0.86700,7.20000,-5.47000,-7.50000,9.4,1.6,1.0,0.0,0.965289,0.133992,1.922469,-0.380837,-1.335940,2.207253,-0.089600,0.486000,0.869300,0.003200,0.133500,0.542300,0.828800,0.034500,0.916993,0.127566,1.755808,-0.100836,0.013868,1.408864,2.542153,-0.962663,-0.865127,0.888419,-2.386196,1.172582,0.220893,-0.710242,2.239845,0.767179,2.133299,-0.556394,-1.174809,1.507891,1,0,1.0000,1.0000,1,1,0,0,0.0000,0.0000,,,,,129436,125765,3302,2920,126090,123760,3346,1858,0,147,0.47296,-0.05114,0
1786019422.2942,E_right_up_r1,E,right,1,up,,132,147.2000,345.0000,173.0000,173.4000,0.0000,0.0000,333.3000,323.1000,1071.0000,0.0000,41.0000,0.0000,229.6000,0.0100,-0.87200,0.03900,0.32300,2.74000,2.97000,7.34000,0.25600,0.08400,0.86700,7.20000,-5.47000,-7.50000,9.4,1.6,1.0,0.0,0.965289,0.133992,1.922469,-0.380837,-1.335940,2.207253,-0.089600,0.486000,0.869300,0.003200,0.133500,0.542300,0.828800,0.034500,0.916993,0.127566,1.755808,-0.100836,0.013868,1.408864,2.542153,-0.962663,-0.865127,0.888419,-2.386196,1.172582,0.220893,-0.710242,2.239845,0.767179,2.133299,-0.556394,-1.174809,1.507891,1,0,1.0000,1.0000,1,1,0,0,0.0000,0.0000,,,,,129436,125765,3302,2920,126090,123760,3346,1858,0,147,0.47296,-0.05114,0
1786019422.3116,E_right_up_r1,E,right,1,up,,133,147.3000,344.9000,173.0000,173.5000,0.0000,0.0000,333.3000,348.9000,97.0000,0.0000,99.2000,0.0000,241.8000,0.0000,-0.89300,0.06000,0.31200,-3.84000,0.49000,-6.21000,0.34100,0.23700,0.88900,-4.03000,2.90000,5.63000,10.2,2.1,1.0,0.0,1.137982,1.460779,1.881886,-0.380837,-1.335940,2.207253,-0.089600,0.486000,0.869300,0.003200,0.133500,0.542300,0.828800,0.034500,0.916993,0.127566,1.755808,-0.100836,0.013868,1.408864,2.542153,-0.962663,-0.865127,0.888419,-2.386196,1.172582,0.220893,-0.710242,2.239845,0.767179,2.133299,-0.556394,-1.174809,1.507891,1,0,1.0000,1.0000,1,1,0,0,0.0000,0.0000,,,,,9803,125765,3276,2920,6825,123760,2978,1858,0,147,0.47296,-0.05114,0
1786019422.3301,E_right_up_r1,E,right,1,up,,134,147.3000,344.9000,173.1000,173.5000,0.0000,0.0000,333.3000,351.3000,95.8000,0.0000,99.3000,0.0000,243.6000,0.0000,-0.88400,0.04400,0.31000,4.31000,-1.21000,-6.11000,0.32100,0.19900,0.88900,-13.31000,10.93000,7.08000,9.3,2.2,1.0,0.0,1.138960,1.460683,1.881827,-0.440117,-0.556123,2.413331,-0.089600,0.486000,0.869300,0.003200,0.133500,0.542300,0.828800,0.034500,0.916993,0.127566,1.755808,-0.100836,0.013868,1.408864,2.542153,-0.962663,-0.865127,0.888419,-2.386196,1.172582,0.220893,-0.710242,2.239845,0.767179,2.133299,-0.556394,-1.174809,1.507891,1,0,1.0000,1.0000,1,1,0,0,0.0000,0.0000,,,,,129436,125765,3303,2921,126090,123760,3346,1858,0,147,0.47296,-0.05114,0
1786019422.3563,E_right_up_r1,E,right,1,up,,135,147.3000,344.9000,173.1000,173.5000,0.0000,0.0000,333.3000,351.3000,95.8000,0.0000,99.3000,0.0000,243.6000,0.0000,-0.88300,0.05000,0.30800,6.21000,-2.09000,-5.81000,0.32100,0.19900,0.88900,-13.31000,10.93000,7.08000,9.3,2.2,1.0,0.0,1.138960,1.460683,1.881827,-0.440117,-0.556123,2.413331,-0.089600,0.486000,0.869300,0.003200,0.133500,0.542300,0.828800,0.034500,0.916993,0.127566,1.755808,-0.100836,0.013868,1.408864,2.542153,-0.962663,-0.865127,0.888419,-2.386196,1.172582,0.220893,-0.710242,2.239845,0.767179,2.133299,-0.556394,-1.174809,1.507891,1,0,1.0000,1.0000,1,1,0,0,0.0000,0.0000,,,,,129436,125765,3303,2921,126090,123760,3346,1858,0,147,0.47296,-0.05114,0
1786019422.3691,E_right_up_r1,E,right,1,up,,136,147.3000,344.9000,173.1000,173.5000,0.0000,0.0000,333.3000,352.9000,95.1000,0.0000,99.3000,0.0000,244.4000,0.0000,-0.88300,0.05000,0.30800,6.21000,-2.09000,-5.81000,0.30400,0.16100,0.92000,-12.76000,13.88000,3.21000,9.2,2.4,1.0,0.0,0.966525,0.133867,1.922502,-0.380837,-1.335940,2.207253,-0.089600,0.486000,0.869300,0.003200,0.133500,0.542300,0.828800,0.034500,0.916993,0.127566,1.755808,-0.100836,0.013868,1.408864,2.542153,-0.962663,-0.865127,0.888419,-2.386196,1.172582,0.220893,-0.710242,2.239845,0.767179,2.133299,-0.556394,-1.174809,1.507891,1,0,1.0000,1.0000,1,1,0,0,0.0000,0.0000,,,,,9803,9314,3277,2871,6825,7347,2978,1818,0,149,0.47296,-0.05114,0
1786019422.3913,E_right_up_r1,E,right,1,up,,137,147.3000,344.9000,173.1000,173.5000,0.0000,0.0000,333.3000,354.5000,94.6000,0.0000,99.3000,0.0000,245.2000,0.0000,-0.88600,0.04900,0.31500,6.69000,-1.06000,-4.15000,0.33900,0.16100,0.92200,-10.53000,12.61000,-1.89000,9.4,3.0,1.0,0.0,0.966966,0.133824,1.922388,-0.380837,-1.335940,2.207253,-0.089600,0.486000,0.869300,0.003200,0.133500,0.542300,0.828800,0.034500,0.916993,0.127566,1.755808,-0.100836,0.013868,1.408864,2.542153,-0.962663,-0.865127,0.888419,-2.386196,1.172582,0.220893,-0.710242,2.239845,0.767179,2.133299,-0.556394,-1.174809,1.507891,1,0,1.0000,1.0000,1,1,0,0,0.0000,0.0000,,,,,9803,9314,3277,2871,6825,7347,2978,1818,0,149,0.47296,-0.05114,0
1786019422.4098,E_right_up_r1,E,right,1,up,,138,147.4000,344.9000,173.1000,173.5000,0.0000,0.0000,333.3000,354.5000,94.6000,0.0000,99.3000,0.0000,245.2000,0.0000,-0.83400,0.02700,0.33400,3.68000,3.05000,3.56000,0.33900,0.16100,0.92200,-10.53000,12.61000,-1.89000,9.4,2.5,1.0,0.0,0.722498,0.711778,1.541696,-0.380837,-1.335940,2.207253,-0.089600,0.486000,0.869300,0.003200,0.133500,0.542300,0.828800,0.034500,0.916993,0.127566,1.755808,-0.100836,0.013868,1.408864,2.542153,-0.962663,-0.865127,0.888419,-2.386196,1.172582,0.220893,-0.710242,2.239845,0.767179,2.133299,-0.556394,-1.174809,1.507891,1,0,1.0000,1.0000,1,1,0,0,0.0000,0.0000,,,,,9803,125765,3277,2921,6825,123760,2978,1858,0,147,0.47296,-0.05114,0
1786019422.4333,E_right_up_r1,E,right,1,up,,139,147.4000,344.9000,173.1000,173.6000,0.0000,0.0000,333.4000,356.0000,93.9000,0.0000,99.4000,0.0000,247.1000,0.0000,-0.85100,0.01400,0.34700,4.08000,3.18000,5.08000,0.29400,0.15300,0.91200,-9.74000,13.28000,-3.08000,9.4,2.5,1.0,0.0,1.135402,1.461095,1.880528,-1.398048,-1.202410,2.896808,-0.089600,0.486000,0.869300,0.003200,0.133500,0.542300,0.828800,0.034500,0.916993,0.127566,1.755808,-0.100836,0.013868,1.408864,2.542153,-0.962663,-0.865127,0.888419,-2.386196,1.172582,0.220893,-0.710242,2.239845,0.767179,2.133299,-0.556394,-1.174809,1.507891,1,0,1.0000,1.0000,1,1,0,0,0.0000,0.0000,,,,,129436,125765,3303,2921,126090,123760,3346,1858,0,147,0.47296,-0.05114,0
1786019422.4497,E_right_up_r1,E,right,1,up,,140,147.3000,345.0000,173.0000,173.6000,0.0000,0.0000,333.4000,360.0000,93.5000,0.0000,99.4000,0.0000,248.8000,0.0000,-0.84300,0.00700,0.36500,7.40000,1.26000,6.42000,0.25800,0.12200,0.90600,-13.83000,19.40000,7.17000,9.2,3.2,1.0,0.0,0.718524,0.712195,1.540601,-1.398048,-1.202410,2.896808,-0.089600,0.486000,0.869300,0.003200,0.133500,0.542300,0.828800,0.034500,0.916993,0.127566,1.755808,-0.100836,0.013868,1.408864,2.542153,-0.962663,-0.865127,0.888419,-2.386196,1.172582,0.220893,-0.710242,2.239845,0.767179,2.133299,-0.556394,-1.174809,1.507891,1,0,1.0000,1.0000,1,1,0,0,0.0000,0.0000,,,,,9803,9314,3277,2871,6825,7347,2978,1818,0,149,0.47296,-0.05114,0
1786019422.4713,E_right_up_r1,E,right,1,up,,141,147.3000,345.0000,173.0000,173.4000,0.0000,0.0000,333.4000,360.0000,93.5000,0.0000,99.4000,0.0000,248.8000,0.0000,-0.88900,0.02500,0.37100,6.17000,0.55000,5.67000,0.25800,0.12200,0.90600,-13.83000,19.40000,7.17000,10.1,2.9,1.0,0.0,0.962943,0.134249,1.921093,-1.398048,-1.202410,2.896808,-0.089600,0.486000,0.869300,0.003200,0.133500,0.542300,0.828800,0.034500,0.916993,0.127566,1.755808,-0.100836,0.013868,1.408864,2.542153,-0.962663,-0.865127,0.888419,-2.386196,1.172582,0.220893,-0.710242,2.239845,0.767179,2.133299,-0.556394,-1.174809,1.507891,1,0,1.0000,1.0000,1,1,0,0,0.0000,0.0000,,,,,9803,9314,3277,2871,6825,7347,2978,1818,0,149,0.47296,-0.05114,0
1786019422.4938,E_right_up_r1,E,right,1,up,,142,147.3000,345.0000,173.0000,173.4000,0.0000,0.0000,333.4000,360.0000,93.3000,0.0000,99.4000,0.0000,249.7000,0.0000,-0.88900,0.02500,0.37100,6.17000,0.55000,5.67000,0.22200,0.06400,0.90300,-8.66000,12.89000,9.06000,10.1,2.9,1.0,0.0,0.962943,0.134249,1.921093,-0.380837,-1.335940,2.207253,-0.089600,0.486000,0.869300,0.003200,0.133500,0.542300,0.828800,0.034500,0.916993,0.127566,1.755808,-0.100836,0.013868,1.408864,2.542153,-0.962663,-0.865127,0.888419,-2.386196,1.172582,0.220893,-0.710242,2.239845,0.767179,2.133299,-0.556394,-1.174809,1.507891,1,0,1.0000,1.0000,1,1,0,0,0.0000,0.0000,,,,,9803,9314,3277,2871,6825,7347,2978,1818,0,149,0.47296,-0.05114,0
1786019422.5264,E_right_up_r1,E,right,1,up,,143,147.3000,4.1000,173.0000,173.3000,0.0000,0.0000,333.4000,360.0000,92.7000,0.0000,99.6000,0.0000,250.5000,0.0000,-0.87900,0.03500,0.36400,-2.63000,0.46000,3.25000,0.26100,0.13700,0.92600,4.27000,11.28000,-8.84000,8.4,2.0,1.0,0.0,0.960360,0.134522,1.921590,-0.380837,-1.335940,2.207253,-0.089600,0.486000,0.869300,0.003200,0.133500,0.542300,0.828800,0.034500,0.916993,0.127566,1.755808,-0.100836,0.013868,1.408864,2.542153,-0.962663,-0.865127,0.888419,-2.386196,1.172582,0.220893,-0.710242,2.239845,0.767179,2.133299,-0.556394,-1.174809,1.507891,1,0,1.0000,1.0000,1,1,0,0,0.0000,0.0000,,,,,9803,9314,3277,2871,6825,7347,2978,1818,0,149,0.47296,-0.05114,0
1786019422.5306,E_right_up_r1,E,right,1,up,,144,147.3000,4.1000,173.0000,173.3000,0.0000,0.0000,333.4000,360.0000,92.7000,0.0000,99.6000,0.0000,250.5000,0.0000,-0.87900,0.03500,0.36400,-2.63000,0.46000,3.25000,0.26100,0.13700,0.92600,4.27000,11.28000,-8.84000,8.4,2.0,1.0,0.0,0.960360,0.134522,1.921590,-0.380837,-1.335940,2.207253,-0.089600,0.486000,0.869300,0.003200,0.133500,0.542300,0.828800,0.034500,0.916993,0.127566,1.755808,-0.100836,0.013868,1.408864,2.542153,-0.962663,-0.865127,0.888419,-2.386196,1.172582,0.220893,-0.710242,2.239845,0.767179,2.133299,-0.556394,-1.174809,1.507891,1,0,1.0000,1.0000,1,1,0,0,0.0000,0.0000,,,,,9803,9314,3277,2871,6825,7347,2978,1818,0,149,0.47296,-0.05114,0
1786019422.5563,E_right_up_r1,E,right,1,up,,145,147.3000,4.1000,173.0000,173.3000,0.0000,0.0000,333.4000,360.0000,92.7000,0.0000,99.6000,0.0000,250.5000,0.0000,-0.87900,0.03500,0.36400,-2.63000,0.46000,3.25000,0.26100,0.13700,0.92600,4.27000,11.28000,-8.84000,8.4,2.0,1.0,0.0,0.960360,0.134522,1.921590,-0.380837,-1.335940,2.207253,-0.089600,0.486000,0.869300,0.003200,0.133500,0.542300,0.828800,0.034500,0.916993,0.127566,1.755808,-0.100836,0.013868,1.408864,2.542153,-0.962663,-0.865127,0.888419,-2.386196,1.172582,0.220893,-0.710242,2.239845,0.767179,2.133299,-0.556394,-1.174809,1.507891,1,0,1.0000,1.0000,1,1,0,0,0.0000,0.0000,,,,,9803,9314,3277,2871,6825,7347,2978,1818,0,149,0.47296,-0.05114,0
1786019422.5798,E_right_up_r1,E,right,1,up,,146,147.3000,4.1000,173.0000,173.3000,0.0000,0.0000,333.4000,360.0000,92.7000,0.0000,99.6000,0.0000,250.5000,0.0000,-0.87900,0.03500,0.36400,-2.63000,0.46000,3.25000,0.26100,0.13700,0.92600,4.27000,11.28000,-8.84000,8.4,2.0,1.0,0.0,0.960360,0.134522,1.921590,-0.380837,-1.335940,2.207253,-0.089600,0.486000,0.869300,0.003200,0.133500,0.542300,0.828800,0.034500,0.916993,0.127566,1.755808,-0.100836,0.013868,1.408864,2.542153,-0.962663,-0.865127,0.888419,-2.386196,1.172582,0.220893,-0.710242,2.239845,0.767179,2.133299,-0.556394,-1.174809,1.507891,1,0,1.0000,1.0000,1,1,0,0,0.0000,0.0000,,,,,129436,125765,3304,2921,126090,123760,3346,1858,0,147,0.47296,-0.05114,0
1786019422.5914,E_right_up_r1,E,right,1,up,,147,147.3000,344.9000,173.0000,173.2000,0.0000,0.0000,333.3000,360.0000,92.7000,0.0000,99.6000,0.0000,250.5000,0.0000,-0.89700,0.03500,0.34200,0.97000,-2.76000,0.55000,0.26100,0.13700,0.92600,4.27000,11.28000,-8.84000,8.4,2.0,1.0,0.0,1.135057,1.461125,1.880317,-0.380837,-1.335940,2.207253,-0.089600,0.486000,0.869300,0.003200,0.133500,0.542300,0.828800,0.034500,0.916993,0.127566,1.755808,-0.100836,0.013868,1.408864,2.542153,-0.962663,-0.865127,0.888419,-2.386196,1.172582,0.220893,-0.710242,2.239845,0.767179,2.133299,-0.556394,-1.174809,1.507891,1,0,1.0000,1.0000,1,1,0,0,0.0000,0.0000,,,,,9803,9314,3278,2872,6825,7347,2978,1818,0,149,0.47296,-0.05114,0
1786019422.6095,E_right_up_r1,E,right,1,up,,148,147.3000,344.9000,173.0000,173.2000,0.0000,0.0000,333.3000,360.0000,92.7000,0.0000,99.6000,0.0000,250.5000,0.0000,-0.89700,0.03500,0.34200,0.97000,-2.76000,0.55000,0.26100,0.13700,0.92600,4.27000,11.28000,-8.84000,8.4,2.0,1.0,0.0,1.135057,1.461125,1.880317,-0.380837,-1.335940,2.207253,-0.089600,0.486000,0.869300,0.003200,0.133500,0.542300,0.828800,0.034500,0.916993,0.127566,1.755808,-0.100836,0.013868,1.408864,2.542153,-0.962663,-0.865127,0.888419,-2.386196,1.172582,0.220893,-0.710242,2.239845,0.767179,2.133299,-0.556394,-1.174809,1.507891,1,0,1.0000,1.0000,1,1,0,0,0.0000,0.0000,,,,,9803,9314,3278,2872,6825,7347,2978,1818,0,149,0.47296,-0.05114,0
1786019422.6405,E_right_up_r1,E,right,1,up,,149,147.3000,344.9000,173.0000,173.2000,0.0000,0.0000,333.3000,360.0000,92.7000,0.0000,99.6000,0.0000,250.5000,0.0000,-0.89700,0.03500,0.34200,0.97000,-2.76000,0.55000,0.26100,0.13700,0.92600,4.27000,11.28000,-8.84000,8.4,2.0,1.0,0.0,1.135057,1.461125,1.880317,-0.380837,-1.335940,2.207253,-0.089600,0.486000,0.869300,0.003200,0.133500,0.542300,0.828800,0.034500,0.916993,0.127566,1.755808,-0.100836,0.013868,1.408864,2.542153,-0.962663,-0.865127,0.888419,-2.386196,1.172582,0.220893,-0.710242,2.239845,0.767179,2.133299,-0.556394,-1.174809,1.507891,1,0,1.0000,1.0000,1,1,0,0,0.0000,0.0000,,,,,9803,9314,3278,2872,6825,7347,2978,1818,0,149,0.47296,-0.05114,0
1786019422.6493,E_right_up_r1,E,right,1,up,,150,147.3000,344.9000,173.0000,173.2000,0.0000,0.0000,333.3000,360.0000,92.7000,0.0000,99.6000,0.0000,250.5000,0.0000,-0.89700,0.03500,0.34200,0.97000,-2.76000,0.55000,0.26100,0.13700,0.92600,4.27000,11.28000,-8.84000,8.4,2.0,1.0,0.0,1.135057,1.461125,1.880317,-0.380837,-1.335940,2.207253,-0.089600,0.486000,0.869300,0.003200,0.133500,0.542300,0.828800,0.034500,0.916993,0.127566,1.755808,-0.100836,0.013868,1.408864,2.542153,-0.962663,-0.865127,0.888419,-2.386196,1.172582,0.220893,-0.710242,2.239845,0.767179,2.133299,-0.556394,-1.174809,1.507891,1,0,1.0000,1.0000,1,1,0,0,0.0000,0.0000,,,,,129436,125765,3304,2922,126090,123760,3346,1858,0,147,0.47296,-0.05114,0
1786019422.6701,E_right_up_r1,E,right,1,up,,151,147.3000,344.9000,173.0000,173.2000,0.0000,0.0000,333.3000,360.0000,92.7000,0.0000,99.6000,0.0000,250.5000,0.0000,-0.89700,0.03500,0.34200,0.97000,-2.76000,0.55000,0.26100,0.13700,0.92600,4.27000,11.28000,-8.84000,8.4,2.0,1.0,0.0,1.135057,1.461125,1.880317,-0.380837,-1.335940,2.207253,-0.089600,0.486000,0.869300,0.003200,0.133500,0.542300,0.828800,0.034500,0.916993,0.127566,1.755808,-0.100836,0.013868,1.408864,2.542153,-0.962663,-0.865127,0.888419,-2.386196,1.172582,0.220893,-0.710242,2.239845,0.767179,2.133299,-0.556394,-1.174809,1.507891,1,0,1.0000,1.0000,1,1,0,0,0.0000,0.0000,,,,,129436,125765,3304,2922,126090,123760,3346,1858,0,147,0.47296,-0.05114,0
1786019422.6933,E_right_up_r1,E,right,1,up,,152,147.3000,344.9000,173.0000,173.2000,0.0000,0.0000,333.3000,360.0000,92.7000,0.0000,99.6000,0.0000,250.5000,0.0000,-0.89700,0.03500,0.34200,0.97000,-2.76000,0.55000,0.26100,0.13700,0.92600,4.27000,11.28000,-8.84000,8.4,2.0,1.0,0.0,1.135057,1.461125,1.880317,-0.380837,-1.335940,2.207253,-0.089600,0.486000,0.869300,0.003200,0.133500,0.542300,0.828800,0.034500,0.916993,0.127566,1.755808,-0.100836,0.013868,1.408864,2.542153,-0.962663,-0.865127,0.888419,-2.386196,1.172582,0.220893,-0.710242,2.239845,0.767179,2.133299,-0.556394,-1.174809,1.507891,1,0,1.0000,1.0000,1,1,0,0,0.0000,0.0000,,,,,9803,9314,3279,2872,6825,7347,2978,1818,0,149,0.47296,-0.05114,0
1786019422.7246,E_right_up_r1,E,right,1,up,,153,147.3000,344.9000,173.0000,173.2000,0.0000,0.0000,333.3000,360.0000,92.7000,0.0000,99.6000,0.0000,250.5000,0.0000,-0.89700,0.03500,0.34200,0.97000,-2.76000,0.55000,0.26100,0.13700,0.92600,4.27000,11.28000,-8.84000,8.4,2.0,1.0,0.0,1.135057,1.461125,1.880317,-0.380837,-1.335940,2.207253,-0.089600,0.486000,0.869300,0.003200,0.133500,0.542300,0.828800,0.034500,0.916993,0.127566,1.755808,-0.100836,0.013868,1.408864,2.542153,-0.962663,-0.865127,0.888419,-2.386196,1.172582,0.220893,-0.710242,2.239845,0.767179,2.133299,-0.556394,-1.174809,1.507891,1,0,1.0000,1.0000,1,1,0,0,0.0000,0.0000,,,,,129436,125765,3305,2922,126090,123760,3346,1858,0,147,0.47296,-0.05114,0
1786019422.7307,E_right_up_r1,E,right,1,up,,154,147.3000,344.9000,173.0000,173.2000,0.0000,0.0000,333.3000,360.0000,92.7000,0.0000,99.6000,0.0000,250.5000,0.0000,-0.89700,0.03500,0.34200,0.97000,-2.76000,0.55000,0.26100,0.13700,0.92600,4.27000,11.28000,-8.84000,8.4,2.0,1.0,0.0,1.135057,1.461125,1.880317,-0.380837,-1.335940,2.207253,-0.089600,0.486000,0.869300,0.003200,0.133500,0.542300,0.828800,0.034500,0.916993,0.127566,1.755808,-0.100836,0.013868,1.408864,2.542153,-0.962663,-0.865127,0.888419,-2.386196,1.172582,0.220893,-0.710242,2.239845,0.767179,2.133299,-0.556394,-1.174809,1.507891,1,0,1.0000,1.0000,1,1,0,0,0.0000,0.0000,,,,,9803,9314,3279,2872,6825,7347,2978,1818,0,149,0.47296,-0.05114,0
1786019422.7511,E_right_up_r1,E,right,1,up,,155,147.3000,344.9000,173.0000,173.2000,0.0000,0.0000,333.3000,360.0000,92.7000,0.0000,99.6000,0.0000,250.5000,0.0000,-0.89700,0.03500,0.34200,0.97000,-2.76000,0.55000,0.26100,0.13700,0.92600,4.27000,11.28000,-8.84000,8.4,2.0,1.0,0.0,1.135057,1.461125,1.880317,-0.380837,-1.335940,2.207253,-0.089600,0.486000,0.869300,0.003200,0.133500,0.542300,0.828800,0.034500,0.916993,0.127566,1.755808,-0.100836,0.013868,1.408864,2.542153,-0.962663,-0.865127,0.888419,-2.386196,1.172582,0.220893,-0.710242,2.239845,0.767179,2.133299,-0.556394,-1.174809,1.507891,1,0,1.0000,1.0000,1,1,0,0,0.0000,0.0000,,,,,129436,125765,3305,2922,126090,123760,3346,1858,0,147,0.47296,-0.05114,0
1786019422.7700,E_right_up_r1,E,right,1,up,,156,147.3000,344.9000,173.0000,173.2000,0.0000,0.0000,333.3000,360.0000,92.7000,0.0000,99.6000,0.0000,250.5000,0.0000,-0.89700,0.03500,0.34200,0.97000,-2.76000,0.55000,0.26100,0.13700,0.92600,4.27000,11.28000,-8.84000,8.4,2.0,1.0,0.0,1.135057,1.461125,1.880317,-0.380837,-1.335940,2.207253,-0.089600,0.486000,0.869300,0.003200,0.133500,0.542300,0.828800,0.034500,0.916993,0.127566,1.755808,-0.100836,0.013868,1.408864,2.542153,-0.962663,-0.865127,0.888419,-2.386196,1.172582,0.220893,-0.710242,2.239845,0.767179,2.133299,-0.556394,-1.174809,1.507891,1,0,1.0000,1.0000,1,1,0,0,0.0000,0.0000,,,,,9803,9314,3279,2872,6825,7347,2978,1818,0,149,0.47296,-0.05114,0
1786019422.7895,E_right_up_r1,E,right,1,up,,157,147.3000,344.9000,173.0000,173.2000,0.0000,0.0000,333.3000,360.0000,92.7000,0.0000,99.6000,0.0000,250.5000,0.0000,-0.89700,0.03500,0.34200,0.97000,-2.76000,0.55000,0.26100,0.13700,0.92600,4.27000,11.28000,-8.84000,8.4,2.0,1.0,0.0,1.135057,1.461125,1.880317,-0.380837,-1.335940,2.207253,-0.089600,0.486000,0.869300,0.003200,0.133500,0.542300,0.828800,0.034500,0.916993,0.127566,1.755808,-0.100836,0.013868,1.408864,2.542153,-0.962663,-0.865127,0.888419,-2.386196,1.172582,0.220893,-0.710242,2.239845,0.767179,2.133299,-0.556394,-1.174809,1.507891,1,0,1.0000,1.0000,1,1,0,0,0.0000,0.0000,,,,,129436,125765,3305,2922,126090,123760,3346,1858,0,147,0.47296,-0.05114,0
1786019422.8196,E_right_up_r1,E,right,1,up,,158,147.3000,344.9000,173.0000,173.2000,0.0000,0.0000,333.3000,360.0000,92.7000,0.0000,99.6000,0.0000,250.5000,0.0000,-0.89700,0.03500,0.34200,0.97000,-2.76000,0.55000,0.26100,0.13700,0.92600,4.27000,11.28000,-8.84000,8.4,2.0,1.0,0.0,1.135057,1.461125,1.880317,-0.380837,-1.335940,2.207253,-0.089600,0.486000,0.869300,0.003200,0.133500,0.542300,0.828800,0.034500,0.916993,0.127566,1.755808,-0.100836,0.013868,1.408864,2.542153,-0.962663,-0.865127,0.888419,-2.386196,1.172582,0.220893,-0.710242,2.239845,0.767179,2.133299,-0.556394,-1.174809,1.507891,1,0,1.0000,1.0000,1,1,0,0,0.0000,0.0000,,,,,9803,9314,3279,2872,6825,7347,2978,1818,0,149,0.47296,-0.05114,0
1786019422.8480,E_right_up_r1,E,right,1,up,,159,147.3000,344.9000,173.0000,173.2000,0.0000,0.0000,333.3000,360.0000,92.7000,0.0000,99.6000,0.0000,250.5000,0.0000,-0.89700,0.03500,0.34200,0.97000,-2.76000,0.55000,0.26100,0.13700,0.92600,4.27000,11.28000,-8.84000,8.4,2.0,1.0,0.0,1.135057,1.461125,1.880317,-0.380837,-1.335940,2.207253,-0.089600,0.486000,0.869300,0.003200,0.133500,0.542300,0.828800,0.034500,0.916993,0.127566,1.755808,-0.100836,0.013868,1.408864,2.542153,-0.962663,-0.865127,0.888419,-2.386196,1.172582,0.220893,-0.710242,2.239845,0.767179,2.133299,-0.556394,-1.174809,1.507891,1,0,1.0000,1.0000,1,1,0,0,0.0000,0.0000,,,,,9803,9314,3279,2872,6825,7347,2978,1818,0,149,0.47296,-0.05114,0
1786019422.8603,E_right_up_r1,E,right,1,up,,160,147.2000,344.7000,173.0000,172.9000,0.0000,0.0000,333.2000,360.0000,93.2000,0.0000,99.5000,0.0000,263.8000,0.0000,-0.88700,0.04800,0.35700,-0.31000,-1.13000,0.39000,0.18300,0.20700,0.89400,1.40000,6.82000,8.24000,9.8,1.0,1.0,0.0,0.959965,0.134529,1.921102,-0.380837,-1.335940,2.207253,-0.089600,0.486000,0.869300,0.003200,0.133500,0.542300,0.828800,0.034500,0.916993,0.127566,1.755808,-0.100836,0.013868,1.408864,2.542153,-0.962663,-0.865127,0.888419,-2.386196,1.172582,0.220893,-0.710242,2.239845,0.767179,2.133299,-0.556394,-1.174809,1.507891,1,0,1.0000,1.0000,1,1,0,0,0.0000,0.0000,,,,,9803,9314,3279,2872,6825,7347,2978,1818,0,149,0.47296,-0.05114,0
1786019422.8735,E_right_up_r1,E,right,1,up,,161,147.2000,344.7000,173.0000,172.9000,0.0000,0.0000,333.2000,360.0000,93.2000,0.0000,99.5000,0.0000,263.8000,0.0000,-0.88700,0.04800,0.35700,-0.31000,-1.13000,0.39000,0.18300,0.20700,0.89400,1.40000,6.82000,8.24000,9.8,1.0,1.0,0.0,0.959965,0.134529,1.921102,-0.380837,-1.335940,2.207253,-0.089600,0.486000,0.869300,0.003200,0.133500,0.542300,0.828800,0.034500,0.916993,0.127566,1.755808,-0.100836,0.013868,1.408864,2.542153,-0.962663,-0.865127,0.888419,-2.386196,1.172582,0.220893,-0.710242,2.239845,0.767179,2.133299,-0.556394,-1.174809,1.507891,1,0,1.0000,1.0000,1,1,0,0,0.0000,0.0000,,,,,9803,125765,3279,2922,6825,123760,2978,1858,0,147,0.47296,-0.05114,0
1786019422.8913,E_right_up_r1,E,right,1,up,,162,147.2000,344.7000,173.0000,172.9000,0.0000,0.0000,333.2000,360.0000,93.2000,0.0000,99.5000,0.0000,263.8000,0.0000,-0.88100,0.05100,0.34900,-1.20000,-1.25000,-0.51000,0.18300,0.20700,0.89400,1.40000,6.82000,8.24000,9.8,1.0,1.0,0.0,1.134594,1.461133,1.880181,-0.380837,-1.335940,2.207253,-0.089600,0.486000,0.869300,0.003200,0.133500,0.542300,0.828800,0.034500,0.916993,0.127566,1.755808,-0.100836,0.013868,1.408864,2.542153,-0.962663,-0.865127,0.888419,-2.386196,1.172582,0.220893,-0.710242,2.239845,0.767179,2.133299,-0.556394,-1.174809,1.507891,1,0,1.0000,1.0000,1,1,0,0,0.0000,0.0000,,,,,9803,125765,3279,2922,6825,123760,2978,1858,0,147,0.47296,-0.05114,0
1786019422.9241,E_right_up_r1,E,right,1,up,,163,147.2000,345.0000,173.0000,172.8000,0.0000,0.0000,333.2000,360.0000,93.2000,0.0000,99.5000,0.0000,263.8000,0.0000,-0.87300,0.07800,0.32000,-2.14000,1.71000,1.34000,0.18300,0.20700,0.89400,1.40000,6.82000,8.24000,9.8,1.0,1.0,0.0,0.962871,0.134193,1.921769,-0.380837,-1.335940,2.207253,-0.089600,0.486000,0.869300,0.003200,0.133500,0.542300,0.828800,0.034500,0.916993,0.127566,1.755808,-0.100836,0.013868,1.408864,2.542153,-0.962663,-0.865127,0.888419,-2.386196,1.172582,0.220893,-0.710242,2.239845,0.767179,2.133299,-0.556394,-1.174809,1.507891,1,0,1.0000,1.0000,1,1,0,0,0.0000,0.0000,,,,,129436,9314,3305,2872,126090,7347,3346,1818,0,149,0.47296,-0.05114,0
1786019422.9288,E_right_up_r1,E,right,1,up,,164,147.2000,345.0000,173.0000,172.8000,0.0000,0.0000,333.2000,360.0000,93.2000,0.0000,99.5000,0.0000,263.8000,0.0000,-0.87300,0.07800,0.32000,-2.14000,1.71000,1.34000,0.18300,0.20700,0.89400,1.40000,6.82000,8.24000,9.8,1.0,1.0,0.0,0.962871,0.134193,1.921769,-0.380837,-1.335940,2.207253,-0.089600,0.486000,0.869300,0.003200,0.133500,0.542300,0.828800,0.034500,0.916993,0.127566,1.755808,-0.100836,0.013868,1.408864,2.542153,-0.962663,-0.865127,0.888419,-2.386196,1.172582,0.220893,-0.710242,2.239845,0.767179,2.133299,-0.556394,-1.174809,1.507891,1,0,1.0000,1.0000,1,1,0,0,0.0000,0.0000,,,,,9803,9314,3279,2872,6825,7347,2978,1818,0,149,0.47296,-0.05114,0
1786019422.9486,E_right_up_r1,E,right,1,up,,165,147.2000,345.0000,173.0000,172.7000,0.0000,0.0000,333.2000,360.0000,93.3000,0.0000,99.5000,0.0000,266.4000,0.0000,-0.86200,0.07000,0.33600,-1.99000,2.69000,2.45000,0.20600,0.16000,0.92000,-13.11000,-0.13000,14.43000,7.5,2.0,1.0,0.0,0.720497,0.711949,1.541362,-0.380837,-1.335940,2.207253,-0.089600,0.486000,0.869300,0.003200,0.133500,0.542300,0.828800,0.034500,0.916993,0.127566,1.755808,-0.100836,0.013868,1.408864,2.542153,-0.962663,-0.865127,0.888419,-2.386196,1.172582,0.220893,-0.710242,2.239845,0.767179,2.133299,-0.556394,-1.174809,1.507891,1,0,1.0000,1.0000,1,1,0,0,0.0000,0.0000,,,,,9803,125765,3279,2922,6825,123760,2978,1858,0,147,0.47296,-0.05114,0
1786019422.9704,E_right_up_r1,E,right,1,up,,166,147.2000,345.0000,173.0000,172.7000,0.0000,0.0000,333.2000,360.0000,93.3000,0.0000,99.5000,0.0000,266.4000,0.0000,-0.86200,0.07000,0.33600,-1.99000,2.69000,2.45000,0.20600,0.16000,0.92000,-13.11000,-0.13000,14.43000,8.5,1.9,1.0,0.0,0.720497,0.711949,1.541362,-0.380837,-1.335940,2.207253,-0.089600,0.486000,0.869300,0.003200,0.133500,0.542300,0.828800,0.034500,0.916993,0.127566,1.755808,-0.100836,0.013868,1.408864,2.542153,-0.962663,-0.865127,0.888419,-2.386196,1.172582,0.220893,-0.710242,2.239845,0.767179,2.133299,-0.556394,-1.174809,1.507891,1,0,1.0000,1.0000,1,1,0,0,0.0000,0.0000,,,,,129436,9314,3305,2872,126090,7347,3346,1818,0,149,0.47296,-0.05114,0
1786019423.0001,E_right_up_r1,E,right,1,up,,167,147.2000,345.0000,173.0000,172.7000,0.0000,0.0000,333.2000,360.0000,93.3000,0.0000,99.5000,0.0000,266.4000,0.0000,-0.86200,0.07000,0.33600,-1.99000,2.69000,2.45000,0.20600,0.16000,0.92000,-13.11000,-0.13000,14.43000,8.5,1.9,1.0,0.0,0.720497,0.711949,1.541362,-0.380837,-1.335940,2.207253,-0.089600,0.486000,0.869300,0.003200,0.133500,0.542300,0.828800,0.034500,0.916993,0.127566,1.755808,-0.100836,0.013868,1.408864,2.542153,-0.962663,-0.865127,0.888419,-2.386196,1.172582,0.220893,-0.710242,2.239845,0.767179,2.133299,-0.556394,-1.174809,1.507891,1,0,1.0000,1.0000,1,1,0,0,0.0000,0.0000,,,,,129436,125765,3305,2922,126090,123760,3346,1858,0,147,0.47296,-0.05114,0
1786019423.0100,E_right_up_r1,E,right,1,up,,168,147.2000,345.0000,173.0000,172.7000,0.0000,0.0000,333.2000,360.0000,93.3000,0.0000,99.5000,0.0000,266.4000,0.0000,-0.86200,0.07000,0.33600,-1.99000,2.69000,2.45000,0.20600,0.16000,0.92000,-13.11000,-0.13000,14.43000,8.5,1.9,1.0,0.0,0.720497,0.711949,1.541362,-0.380837,-1.335940,2.207253,-0.089600,0.486000,0.869300,0.003200,0.133500,0.542300,0.828800,0.034500,0.916993,0.127566,1.755808,-0.100836,0.013868,1.408864,2.542153,-0.962663,-0.865127,0.888419,-2.386196,1.172582,0.220893,-0.710242,2.239845,0.767179,2.133299,-0.556394,-1.174809,1.507891,1,0,1.0000,1.0000,1,1,0,0,0.0000,0.0000,,,,,129436,125765,3305,2922,126090,123760,3346,1858,0,147,0.47296,-0.05114,0
1786019423.0302,E_right_up_r1,E,right,1,up,,169,147.2000,345.0000,173.0000,172.7000,0.0000,0.0000,333.2000,360.0000,93.3000,0.0000,99.5000,0.0000,266.4000,0.0000,-0.86200,0.07000,0.33600,-1.99000,2.69000,2.45000,0.20600,0.16000,0.92000,-13.11000,-0.13000,14.43000,8.5,1.9,1.0,0.0,0.720497,0.711949,1.541362,-0.380837,-1.335940,2.207253,-0.089600,0.486000,0.869300,0.003200,0.133500,0.542300,0.828800,0.034500,0.916993,0.127566,1.755808,-0.100836,0.013868,1.408864,2.542153,-0.962663,-0.865127,0.888419,-2.386196,1.172582,0.220893,-0.710242,2.239845,0.767179,2.133299,-0.556394,-1.174809,1.507891,1,0,1.0000,1.0000,1,1,0,0,0.0000,0.0000,,,,,9803,9314,3279,2872,6825,7347,2978,1818,0,149,0.47296,-0.05114,0
1786019423.0502,E_right_up_r1,E,right,1,up,,170,147.2000,345.0000,173.0000,172.8000,0.0000,0.0000,333.2000,360.0000,93.4000,0.0000,99.3000,0.0000,270.2000,0.0000,-0.85000,0.06300,0.34900,-1.97000,16.82000,10.49000,0.17800,0.10100,0.90000,-15.88000,2.82000,8.92000,9.7,1.0,1.0,0.0,1.135104,1.461029,1.880409,-0.440117,-0.556123,2.413331,-0.089600,0.486000,0.869300,0.003200,0.133500,0.542300,0.828800,0.034500,0.916993,0.127566,1.755808,-0.100836,0.013868,1.408864,2.542153,-0.962663,-0.865127,0.888419,-2.386196,1.172582,0.220893,-0.710242,2.239845,0.767179,2.133299,-0.556394,-1.174809,1.507891,1,0,1.0000,1.0000,1,1,0,0,0.0000,0.0000,,,,,129436,125765,3305,2922,126090,123760,3346,1858,0,147,0.47296,-0.05114,0
1786019423.0772,E_right_up_r1,E,right,1,up,,171,147.2000,345.0000,173.0000,172.8000,0.0000,0.0000,333.2000,360.0000,93.6000,0.0000,99.2000,0.0000,271.5000,0.0000,-0.85000,0.06300,0.34900,-1.97000,16.82000,10.49000,0.16300,0.12200,0.90300,-0.62000,8.63000,1.82000,9.7,1.0,1.0,0.0,1.135104,1.461029,1.880409,-0.440117,-0.556123,2.413331,-0.089600,0.486000,0.869300,0.003200,0.133500,0.542300,0.828800,0.034500,0.916993,0.127566,1.755808,-0.100836,0.013868,1.408864,2.542153,-0.962663,-0.865127,0.888419,-2.386196,1.172582,0.220893,-0.710242,2.239845,0.767179,2.133299,-0.556394,-1.174809,1.507891,1,0,1.0000,1.0000,1,1,0,0,0.0000,0.0000,,,,,9803,9314,3279,2872,6825,7347,2978,1818,0,149,0.47296,-0.05114,0
1786019423.0889,E_right_up_r1,E,right,1,up,,172,147.2000,345.0000,173.0000,172.7000,0.0000,0.0000,333.2000,360.0000,93.8000,0.0000,99.2000,0.0000,272.1000,0.0000,-0.86500,0.01500,0.34600,-3.79000,15.74000,9.58000,0.18600,0.14200,0.88600,6.79000,12.04000,1.45000,9.7,3.0,1.0,0.0,1.133102,1.461228,1.879891,-0.440117,-0.556123,2.413331,-0.089600,0.486000,0.869300,0.003200,0.133500,0.542300,0.828800,0.034500,0.916993,0.127566,1.755808,-0.100836,0.013868,1.408864,2.542153,-0.962663,-0.865127,0.888419,-2.386196,1.172582,0.220893,-0.710242,2.239845,0.767179,2.133299,-0.556394,-1.174809,1.507891,1,0,1.0000,1.0000,1,1,0,0,0.0000,0.0000,,,,,9803,9314,3279,2872,6825,7347,2978,1818,0,149,0.47296,-0.05114,0
1786019423.1307,E_right_up_r1,E,right,1,up,,173,147.2000,345.0000,173.1000,172.3000,0.0000,0.0000,333.1000,360.0000,93.8000,0.0000,99.2000,0.0000,272.1000,0.0000,-0.90400,0.03200,0.36000,3.24000,-4.34000,1.60000,0.18600,0.14200,0.88600,6.79000,12.04000,1.45000,9.0,3.2,1.0,0.0,0.961285,0.134346,1.921284,-0.440117,-0.556123,2.413331,-0.089600,0.486000,0.869300,0.003200,0.133500,0.542300,0.828800,0.034500,0.916993,0.127566,1.755808,-0.100836,0.013868,1.408864,2.542153,-0.962663,-0.865127,0.888419,-2.386196,1.172582,0.220893,-0.710242,2.239845,0.767179,2.133299,-0.556394,-1.174809,1.507891,1,0,1.0000,1.0000,1,1,0,0,0.0000,0.0000,,,,,9803,125765,3280,2923,6825,123760,2978,1858,0,147,0.47296,-0.05114,0
1786019423.1328,E_right_up_r1,E,right,1,up,,174,147.2000,345.0000,173.1000,172.3000,0.0000,0.0000,333.1000,360.0000,93.8000,0.0000,99.2000,0.0000,272.1000,0.0000,-0.90400,0.03200,0.36000,3.24000,-4.34000,1.60000,0.18600,0.14200,0.88600,6.79000,12.04000,1.45000,9.0,3.2,1.0,0.0,0.961285,0.134346,1.921284,-0.440117,-0.556123,2.413331,-0.089600,0.486000,0.869300,0.003200,0.133500,0.542300,0.828800,0.034500,0.916993,0.127566,1.755808,-0.100836,0.013868,1.408864,2.542153,-0.962663,-0.865127,0.888419,-2.386196,1.172582,0.220893,-0.710242,2.239845,0.767179,2.133299,-0.556394,-1.174809,1.507891,1,0,1.0000,1.0000,1,1,0,0,0.0000,0.0000,,,,,9803,125765,3280,2923,6825,123760,2978,1858,0,147,0.47296,-0.05114,0
1786019423.1507,E_right_up_r1,E,right,1,up,,175,147.2000,345.0000,173.1000,172.3000,0.0000,0.0000,333.1000,360.0000,95.0000,0.0000,99.3000,0.0000,273.0000,0.0000,-0.90200,0.08100,0.33200,-2.95000,-7.76000,-0.32000,0.13000,0.15700,0.87100,1.37000,7.86000,-5.11000,9.4,2.7,1.0,0.0,0.721202,0.711831,1.541997,-0.440117,-0.556123,2.413331,-0.089600,0.486000,0.869300,0.003200,0.133500,0.542300,0.828800,0.034500,0.916993,0.127566,1.755808,-0.100836,0.013868,1.408864,2.542153,-0.962663,-0.865127,0.888419,-2.386196,1.172582,0.220893,-0.710242,2.239845,0.767179,2.133299,-0.556394,-1.174809,1.507891,1,0,1.0000,1.0000,1,1,0,0,0.0000,0.0000,,,,,129436,9314,3306,2873,126090,7347,3346,1818,0,149,0.47296,-0.05114,0
1786019423.1808,E_right_up_r1,E,right,1,up,,176,147.2000,345.0000,173.1000,172.3000,0.0000,0.0000,333.1000,360.0000,95.0000,0.0000,99.3000,0.0000,273.0000,0.0000,-0.90200,0.08100,0.33200,-2.95000,-7.76000,-0.32000,0.13000,0.15700,0.87100,1.37000,7.86000,-5.11000,9.4,2.7,1.0,0.0,0.721202,0.711831,1.541997,-0.440117,-0.556123,2.413331,-0.089600,0.486000,0.869300,0.003200,0.133500,0.542300,0.828800,0.034500,0.916993,0.127566,1.755808,-0.100836,0.013868,1.408864,2.542153,-0.962663,-0.865127,0.888419,-2.386196,1.172582,0.220893,-0.710242,2.239845,0.767179,2.133299,-0.556394,-1.174809,1.507891,1,0,1.0000,1.0000,1,1,0,0,0.0000,0.0000,,,,,129436,9314,3306,2873,126090,7347,3346,1818,0,149,0.47296,-0.05114,0
1786019423.1988,E_right_up_r1,E,right,1,up,,177,147.2000,345.0000,173.1000,172.3000,0.0000,0.0000,333.1000,360.0000,96.2000,0.0000,99.4000,0.0000,273.5000,0.0000,-0.97900,0.10400,0.31500,-5.21000,-1.02000,-0.46000,0.11200,0.11900,0.87100,-15.85000,4.99000,1.97000,9.9,1.5,1.0,0.0,0.726897,0.711210,1.543996,-1.398048,-1.202410,2.896808,-0.089600,0.486000,0.869300,0.003200,0.133500,0.542300,0.828800,0.034500,0.916993,0.127566,1.755808,-0.100836,0.013868,1.408864,2.542153,-0.962663,-0.865127,0.888419,-2.386196,1.172582,0.220893,-0.710242,2.239845,0.767179,2.133299,-0.556394,-1.174809,1.507891,1,0,1.0000,1.0000,1,1,0,0,0.0000,0.0000,,,,,129436,9314,3306,2873,126090,7347,3346,1818,0,149,0.47296,-0.05114,0
1786019423.2197,E_right_up_r1,E,right,1,up,,178,147.2000,345.0000,173.1000,172.3000,0.0000,0.0000,333.1000,360.0000,96.3000,0.0000,99.4000,0.0000,273.7000,0.0000,-0.89600,0.09500,0.31300,-1.69000,2.08000,5.25000,0.13300,0.10900,0.89600,-13.93000,4.26000,4.41000,9.5,2.0,1.0,0.0,1.137770,1.460713,1.881603,-0.440117,-0.556123,2.413331,-0.089600,0.486000,0.869300,0.003200,0.133500,0.542300,0.828800,0.034500,0.916993,0.127566,1.755808,-0.100836,0.013868,1.408864,2.542153,-0.962663,-0.865127,0.888419,-2.386196,1.172582,0.220893,-0.710242,2.239845,0.767179,2.133299,-0.556394,-1.174809,1.507891,1,0,1.0000,1.0000,1,1,0,0,0.0000,0.0000,,,,,9803,125765,3280,2923,6825,123760,2978,1858,0,147,0.47296,-0.05114,0
1786019423.2340,E_right_up_r1,E,right,1,up,,179,147.2000,345.0000,173.1000,172.3000,0.0000,0.0000,333.1000,360.0000,96.3000,0.0000,99.4000,0.0000,273.7000,0.0000,-0.89600,0.09500,0.31300,-1.69000,2.08000,5.25000,0.13300,0.10900,0.89600,-13.93000,4.26000,4.41000,9.5,2.0,1.0,0.0,1.137770,1.460713,1.881603,-0.440117,-0.556123,2.413331,-0.089600,0.486000,0.869300,0.003200,0.133500,0.542300,0.828800,0.034500,0.916993,0.127566,1.755808,-0.100836,0.013868,1.408864,2.542153,-0.962663,-0.865127,0.888419,-2.386196,1.172582,0.220893,-0.710242,2.239845,0.767179,2.133299,-0.556394,-1.174809,1.507891,1,0,1.0000,1.0000,1,1,0,0,0.0000,0.0000,,,,,129436,9314,3306,2873,126090,7347,3346,1818,0,149,0.47296,-0.05114,0
1786019423.2673,E_right_up_r1,E,right,1,up,,180,147.2000,345.0000,173.1000,172.3000,0.0000,0.0000,333.1000,360.0000,96.8000,0.0000,99.5000,0.0000,274.0000,0.0000,-0.87200,0.07600,0.33200,-4.40000,7.16000,7.20000,0.17400,0.13000,0.93100,-9.51000,-1.00000,5.11000,9.9,1.3,1.0,0.0,0.962922,0.134158,1.921756,-0.380837,-1.335940,2.207253,-0.089600,0.486000,0.869300,0.003200,0.133500,0.542300,0.828800,0.034500,0.916993,0.127566,1.755808,-0.100836,0.013868,1.408864,2.542153,-0.962663,-0.865127,0.888419,-2.386196,1.172582,0.220893,-0.710242,2.239845,0.767179,2.133299,-0.556394,-1.174809,1.507891,1,0,1.0000,1.0000,1,1,0,0,0.0000,0.0000,,,,,129436,9314,3306,2873,126090,7347,3346,1818,0,149,0.47296,-0.05114,0
1786019423.2690,E_right_up_r1,E,right,1,up,,181,147.2000,345.0000,173.1000,172.3000,0.0000,0.0000,333.1000,360.0000,96.8000,0.0000,99.5000,0.0000,274.0000,0.0000,-0.87200,0.07600,0.33200,-4.40000,7.16000,7.20000,0.17400,0.13000,0.93100,-9.51000,-1.00000,5.11000,9.9,1.3,1.0,0.0,0.962922,0.134158,1.921756,-0.380837,-1.335940,2.207253,-0.089600,0.486000,0.869300,0.003200,0.133500,0.542300,0.828800,0.034500,0.916993,0.127566,1.755808,-0.100836,0.013868,1.408864,2.542153,-0.962663,-0.865127,0.888419,-2.386196,1.172582,0.220893,-0.710242,2.239845,0.767179,2.133299,-0.556394,-1.174809,1.507891,1,0,1.0000,1.0000,1,1,0,0,0.0000,0.0000,,,,,129436,9314,3306,2873,126090,7347,3346,1818,0,149,0.47296,-0.05114,0
1786019423.3045,E_right_up_r1,E,right,1,up,,182,147.2000,345.0000,173.1000,172.3000,0.0000,0.0000,333.1000,360.0000,97.0000,0.0000,9.5000,0.0000,274.5000,0.0000,-0.85800,0.03300,0.34400,0.95000,1.29000,10.34000,0.16200,0.14500,0.92900,-9.63000,6.32000,0.24000,9.5,2.6,1.0,0.0,1.135531,1.460947,1.880990,-0.440117,-0.556123,2.413331,-0.089600,0.486000,0.869300,0.003200,0.133500,0.542300,0.828800,0.034500,0.916993,0.127566,1.755808,-0.100836,0.013868,1.408864,2.542153,-0.962663,-0.865127,0.888419,-2.386196,1.172582,0.220893,-0.710242,2.239845,0.767179,2.133299,-0.556394,-1.174809,1.507891,1,0,1.0000,1.0000,1,1,0,0,0.0000,0.0000,,,,,9803,125765,3280,2923,6825,123760,2978,1858,0,147,0.47296,-0.05114,0
1786019423.3093,E_right_up_r1,E,right,1,up,,183,147.2000,345.0000,173.1000,172.3000,0.0000,0.0000,333.1000,360.0000,97.0000,0.0000,9.5000,0.0000,274.5000,0.0000,-0.85800,0.03300,0.34400,0.95000,1.29000,10.34000,0.16200,0.14500,0.92900,-9.63000,6.32000,0.24000,9.5,2.6,1.0,0.0,1.135531,1.460947,1.880990,-0.440117,-0.556123,2.413331,-0.089600,0.486000,0.869300,0.003200,0.133500,0.542300,0.828800,0.034500,0.916993,0.127566,1.755808,-0.100836,0.013868,1.408864,2.542153,-0.962663,-0.865127,0.888419,-2.386196,1.172582,0.220893,-0.710242,2.239845,0.767179,2.133299,-0.556394,-1.174809,1.507891,1,0,1.0000,1.0000,1,1,0,0,0.0000,0.0000,,,,,9803,125765,3280,2923,6825,123760,2978,1858,0,147,0.47296,-0.05114,0
1786019423.3286,E_right_up_r1,E,right,1,up,,184,147.2000,345.0000,173.1000,172.3000,0.0000,0.0000,333.1000,360.0000,97.0000,0.0000,9.5000,0.0000,274.5000,0.0000,-0.87800,0.03300,0.32500,4.98000,1.50000,9.15000,0.16200,0.14500,0.92900,-9.63000,6.32000,0.24000,9.5,2.6,1.0,0.0,1.135663,1.460929,1.881048,-0.440117,-0.556123,2.413331,-0.089600,0.486000,0.869300,0.003200,0.133500,0.542300,0.828800,0.034500,0.916993,0.127566,1.755808,-0.100836,0.013868,1.408864,2.542153,-0.962663,-0.865127,0.888419,-2.386196,1.172582,0.220893,-0.710242,2.239845,0.767179,2.133299,-0.556394,-1.174809,1.507891,1,0,1.0000,1.0000,1,1,0,0,0.0000,0.0000,,,,,129436,9314,3306,2873,126090,7347,3346,1818,0,149,0.47296,-0.05114,0
1786019423.3623,E_right_up_r1,E,right,1,up,,185,147.2000,345.0000,173.1000,172.3000,0.0000,0.0000,333.1000,360.0000,97.0000,0.0000,9.5000,0.0000,274.5000,0.0000,-0.89100,0.04600,0.32800,4.93000,4.13000,8.53000,0.16200,0.14500,0.92900,-9.63000,6.32000,0.24000,9.2,1.2,1.0,0.0,1.136302,1.460859,1.881254,-0.440117,-0.556123,2.413331,-0.089600,0.486000,0.869300,0.003200,0.133500,0.542300,0.828800,0.034500,0.916993,0.127566,1.755808,-0.100836,0.013868,1.408864,2.542153,-0.962663,-0.865127,0.888419,-2.386196,1.172582,0.220893,-0.710242,2.239845,0.767179,2.133299,-0.556394,-1.174809,1.507891,1,0,1.0000,1.0000,1,1,0,0,0.0000,0.0000,,,,,9803,9314,3280,2873,6825,7347,2978,1818,0,149,0.47296,-0.05114,0
1786019423.3739,E_right_up_r1,E,right,1,up,,186,147.2000,3450.0000,173.1000,172.3000,0.0000,0.0000,333.1000,360.0000,97.1000,0.0000,99.8000,0.0000,274.8000,0.0000,-0.91600,0.05600,0.33700,-0.79000,7.53000,2.69000,0.12500,0.10800,0.91300,-7.28000,10.31000,8.33000,11.2,1.6,1.0,0.0,0.722419,0.711680,1.559205,-0.440117,-0.556123,2.413331,-0.089600,0.486000,0.869300,0.003200,0.133500,0.542300,0.828800,0.034500,0.916993,0.127566,1.755808,-0.100836,0.013868,1.408864,2.542153,-0.962663,-0.865127,0.888419,-2.386196,1.172582,0.220893,-0.710242,2.239845,0.767179,2.133299,-0.556394,-1.174809,1.507891,1,0,1.0000,1.0000,1,0,0,1,0.0000,0.0377,,,,,129436,125765,3307,2923,126090,123760,3346,1858,0,147,0.47296,-0.05114,0
1786019423.4232,E_right_up_r1,E,right,1,up,,187,147.2000,344.9000,173.1000,172.3000,0.0000,0.0000,333.1000,360.0000,97.1000,0.0000,99.8000,0.0000,274.8000,0.0000,-0.90300,0.05000,0.33600,-1.95000,2.79000,-4.89000,0.09100,0.13100,0.91400,-1.16000,6.68000,-1.26000,9.5,1.9,1.0,0.0,0.955945,0.134890,1.948625,-0.380837,-1.335940,2.207253,-0.089600,0.486000,0.869300,0.003200,0.133500,0.542300,0.828800,0.034500,0.916993,0.127566,1.755808,-0.100836,0.013868,1.408864,2.542153,-0.962663,-0.865127,0.888419,-2.386196,1.172582,0.220893,-0.710242,2.239845,0.767179,2.133299,-0.556394,-1.174809,1.507891,1,0,1.0000,1.0000,0,1,1,0,0.0393,0.0000,,,,,9803,125765,3281,2923,6825,123760,2978,1858,0,147,0.47296,-0.05114,0
1786019423.4431,E_right_up_r1,E,right,1,up,,188,147.2000,344.9000,173.1000,172.3000,0.0000,0.0000,333.1000,360.0000,97.3000,0.0000,99.9000,0.0000,274.8000,0.0000,-0.88900,0.06900,0.31800,-3.38000,2.52000,-6.20000,0.11300,0.13600,0.90500,-1.89000,4.66000,-2.58000,7.7,1.2,1.0,0.0,1.138193,1.460655,1.881855,-0.440117,-0.556123,2.413331,-0.089600,0.486000,0.869300,0.003200,0.133500,0.542300,0.828800,0.034500,0.916993,0.127566,1.755808,-0.100836,0.013868,1.408864,2.542153,-0.962663,-0.865127,0.888419,-2.386196,1.172582,0.220893,-0.710242,2.239845,0.767179,2.133299,-0.556394,-1.174809,1.507891,1,0,1.0000,1.0000,1,1,0,0,0.0000,0.0000,,,,,129436,9314,3307,2873,126090,7347,3346,1818,0,149,0.47296,-0.05114,0
1786019423.4436,E_right_up_r1,E,right,1,up,,189,147.2000,344.9000,173.1000,172.3000,0.0000,0.0000,333.1000,360.0000,97.3000,0.0000,99.9000,0.0000,274.8000,0.0000,-0.88900,0.06900,0.31800,-3.38000,2.52000,-6.20000,0.11300,0.13600,0.90500,-1.89000,4.66000,-2.58000,7.7,1.2,1.0,0.0,1.138193,1.460655,1.881855,-0.440117,-0.556123,2.413331,-0.089600,0.486000,0.869300,0.003200,0.133500,0.542300,0.828800,0.034500,0.916993,0.127566,1.755808,-0.100836,0.013868,1.408864,2.542153,-0.962663,-0.865127,0.888419,-2.386196,1.172582,0.220893,-0.710242,2.239845,0.767179,2.133299,-0.556394,-1.174809,1.507891,1,0,1.0000,1.0000,1,1,0,0,0.0000,0.0000,,,,,129436,9314,3307,2873,126090,7347,3346,1818,0,149,0.47296,-0.05114,0
1786019423.4521,E_right_up_r1,E,right,1,up,,190,147.2000,344.9000,173.1000,172.3000,0.0000,0.0000,333.1000,360.0000,97.4000,0.0000,99.9000,0.0000,274.8000,0.0000,-0.88800,0.07600,0.31100,-1.11000,1.10000,-4.61000,0.07800,0.13300,0.89500,-2.99000,3.34000,-2.30000,8.8,0.9,1.0,0.0,1.140204,1.460439,1.882506,-0.440117,-0.556123,2.413331,-0.089600,0.486000,0.869300,0.003200,0.133500,0.542300,0.828800,0.034500,0.916993,0.127566,1.755808,-0.100836,0.013868,1.408864,2.542153,-0.962663,-0.865127,0.888419,-2.386196,1.172582,0.220893,-0.710242,2.239845,0.767179,2.133299,-0.556394,-1.174809,1.507891,1,0,1.0000,1.0000,1,1,0,0,0.0000,0.0000,,,,,9803,125765,3281,2924,6825,123760,2978,1858,0,147,0.47296,-0.05114,0
1786019423.4717,E_right_up_r1,E,right,1,up,,191,147.2000,344.9000,173.1000,172.3000,0.0000,0.0000,333.1000,360.0000,97.4000,0.0000,99.9000,0.0000,274.8000,0.0000,-0.88800,0.07600,0.31100,-1.11000,1.10000,-4.61000,0.07800,0.13300,0.89500,-2.99000,3.34000,-2.30000,8.8,0.9,1.0,0.0,1.140204,1.460439,1.882506,-0.440117,-0.556123,2.413331,-0.089600,0.486000,0.869300,0.003200,0.133500,0.542300,0.828800,0.034500,0.916993,0.127566,1.755808,-0.100836,0.013868,1.408864,2.542153,-0.962663,-0.865127,0.888419,-2.386196,1.172582,0.220893,-0.710242,2.239845,0.767179,2.133299,-0.556394,-1.174809,1.507891,1,0,1.0000,1.0000,1,1,0,0,0.0000,0.0000,,,,,9803,125765,3281,2924,6825,123760,2978,1858,0,147,0.47296,-0.05114,0
1786019423.4949,E_right_up_r1,E,right,1,up,,192,147.2000,344.9000,173.1000,172.3000,0.0000,0.0000,333.0000,360.0000,97.6000,0.0000,99.9000,0.0000,275.2000,0.0000,-0.86500,0.07000,0.29900,4.09000,-1.04000,-0.44000,0.12900,0.10500,0.90700,-7.30000,-0.68000,-2.53000,9.4,0.4,1.0,0.0,0.960852,0.134361,1.941439,-0.380837,-1.335940,2.207253,-0.089600,0.486000,0.869300,0.003200,0.133500,0.542300,0.828800,0.034500,0.916993,0.127566,1.755808,-0.100836,0.013868,1.408864,2.542153,-0.962663,-0.865127,0.888419,-2.386196,1.172582,0.220893,-0.710242,2.239845,0.767179,2.133299,-0.556394,-1.174809,1.507891,1,0,1.0000,1.0000,1,1,0,0,0.0000,0.0000,,,,,129436,9314,3307,2874,126090,7347,3346,1818,0,149,0.47296,-0.05114,0
1786019423.5086,E_right_up_r1,E,right,1,up,,193,147.2000,344.9000,173.1000,172.3000,0.0000,0.0000,333.0000,360.0000,97.6000,0.0000,99.9000,0.0000,275.2000,0.0000,-0.86500,0.07000,0.29900,4.09000,-1.04000,-0.44000,0.12900,0.10500,0.90700,-7.30000,-0.68000,-2.53000,9.4,0.4,1.0,0.0,0.960852,0.134361,1.941439,-0.380837,-1.335940,2.207253,-0.089600,0.486000,0.869300,0.003200,0.133500,0.542300,0.828800,0.034500,0.916993,0.127566,1.755808,-0.100836,0.013868,1.408864,2.542153,-0.962663,-0.865127,0.888419,-2.386196,1.172582,0.220893,-0.710242,2.239845,0.767179,2.133299,-0.556394,-1.174809,1.507891,1,0,1.0000,1.0000,1,1,0,0,0.0000,0.0000,,,,,9803,125765,3281,2924,6825,123760,2978,1858,0,147,0.47296,-0.05114,0
1786019423.5492,E_right_up_r1,E,right,1,up,,194,147.3000,344.9000,173.1000,172.3000,0.0000,0.0000,333.0000,360.0000,97.6000,0.0000,99.9000,0.0000,275.2000,0.0000,-0.89500,0.06200,0.31300,10.21000,5.49000,4.91000,0.12900,0.10500,0.90700,-7.30000,-0.68000,-2.53000,9.6,0.5,1.0,0.0,0.727501,0.711168,1.552397,-0.380837,-1.335940,2.207253,-0.089600,0.486000,0.869300,0.003200,0.133500,0.542300,0.828800,0.034500,0.916993,0.127566,1.755808,-0.100836,0.013868,1.408864,2.542153,-0.962663,-0.865127,0.888419,-2.386196,1.172582,0.220893,-0.710242,2.239845,0.767179,2.133299,-0.556394,-1.174809,1.507891,1,0,1.0000,1.0000,1,1,0,0,0.0000,0.0000,,,,,9803,9314,3281,2874,6825,7347,2978,1818,0,149,0.47296,-0.05114,0
1786019423.5498,E_right_up_r1,E,right,1,up,,195,147.3000,344.9000,173.1000,172.3000,0.0000,0.0000,333.0000,360.0000,97.6000,0.0000,99.9000,0.0000,275.2000,0.0000,-0.89500,0.06200,0.31300,10.21000,5.49000,4.91000,0.12900,0.10500,0.90700,-7.30000,-0.68000,-2.53000,9.6,0.5,1.0,0.0,0.727501,0.711168,1.552397,-0.380837,-1.335940,2.207253,-0.089600,0.486000,0.869300,0.003200,0.133500,0.542300,0.828800,0.034500,0.916993,0.127566,1.755808,-0.100836,0.013868,1.408864,2.542153,-0.962663,-0.865127,0.888419,-2.386196,1.172582,0.220893,-0.710242,2.239845,0.767179,2.133299,-0.556394,-1.174809,1.507891,1,0,1.0000,1.0000,1,1,0,0,0.0000,0.0000,,,,,9803,9314,3281,2874,6825,7347,2978,1818,0,149,0.47296,-0.05114,0
1786019423.5793,E_right_up_r1,E,right,1,up,,196,147.3000,344.6000,173.1000,172.3000,0.0000,0.0000,333.0000,360.0000,97.7000,0.0000,99.9000,0.0000,275.3000,0.0000,-0.89700,0.06000,0.31600,11.32000,6.36000,4.34000,0.10200,0.11500,0.92000,0.98000,3.14000,-3.61000,9.4,0.3,1.0,0.0,1.140871,1.460408,1.882699,-0.440117,-0.556123,2.413331,-0.089600,0.486000,0.869300,0.003200,0.133500,0.542300,0.828800,0.034500,0.916993,0.127566,1.755808,-0.100836,0.013868,1.408864,2.542153,-0.962663,-0.865127,0.888419,-2.386196,1.172582,0.220893,-0.710242,2.239845,0.767179,2.133299,-0.556394,-1.174809,1.507891,1,0,1.0000,1.0000,1,1,0,0,0.0000,0.0000,,,,,129436,125765,3307,2924,126090,123760,3346,1858,0,147,0.47296,-0.05114,0
1786019423.6104,E_right_up_r1,E,right,1,up,,197,147.3000,344.6000,173.1000,172.3000,0.0000,0.0000,333.0000,360.0000,97.7000,0.0000,99.9000,0.0000,275.3000,0.0000,-0.89700,0.06000,0.31600,11.32000,6.36000,4.34000,0.10200,0.11500,0.92000,0.98000,3.14000,-3.61000,9.4,0.3,1.0,0.0,0.726002,0.711313,1.550136,-0.440117,-0.556123,2.413331,-0.089600,0.486000,0.869300,0.003200,0.133500,0.542300,0.828800,0.034500,0.916993,0.127566,1.755808,-0.100836,0.013868,1.408864,2.542153,-0.962663,-0.865127,0.888419,-2.386196,1.172582,0.220893,-0.710242,2.239845,0.767179,2.133299,-0.556394,-1.174809,1.507891,1,0,1.0000,1.0000,1,1,0,0,0.0000,0.0000,,,,,129436,9314,3308,2874,126090,7347,3346,1818,0,149,0.47296,-0.05114,0
1786019423.6111,E_right_up_r1,E,right,1,up,,198,147.3000,344.6000,173.1000,172.3000,0.0000,0.0000,333.0000,360.0000,97.7000,0.0000,99.9000,0.0000,275.3000,0.0000,-0.89700,0.06000,0.31600,11.32000,6.36000,4.34000,0.10200,0.11500,0.92000,0.98000,3.14000,-3.61000,9.4,0.3,1.0,0.0,0.726002,0.711313,1.550136,-0.440117,-0.556123,2.413331,-0.089600,0.486000,0.869300,0.003200,0.133500,0.542300,0.828800,0.034500,0.916993,0.127566,1.755808,-0.100836,0.013868,1.408864,2.542153,-0.962663,-0.865127,0.888419,-2.386196,1.172582,0.220893,-0.710242,2.239845,0.767179,2.133299,-0.556394,-1.174809,1.507891,1,0,1.0000,1.0000,1,1,0,0,0.0000,0.0000,,,,,129436,9314,3308,2874,126090,7347,3346,1818,0,149,0.47296,-0.05114,0
1786019423.6397,E_right_up_r1,E,right,1,up,,199,147.2000,344.9000,173.1000,172.3000,0.0000,0.0000,333.0000,360.0000,97.6000,0.0000,99.9000,0.0000,274.9000,0.0000,-0.88200,0.04600,0.35600,-1.63000,3.79000,-4.97000,0.08400,0.11400,0.92000,-1.22000,-2.11000,-4.85000,10.3,0.6,1.0,0.0,0.962385,0.134192,1.931548,-0.380837,-1.335940,2.207253,-0.089600,0.486000,0.869300,0.003200,0.133500,0.542300,0.828800,0.034500,0.916993,0.127566,1.755808,-0.100836,0.013868,1.408864,2.542153,-0.962663,-0.865127,0.888419,-2.386196,1.172582,0.220893,-0.710242,2.239845,0.767179,2.133299,-0.556394,-1.174809,1.507891,1,0,1.0000,1.0000,1,1,0,0,0.0000,0.0000,,,,,9803,9314,3282,2874,6825,7347,2978,1818,0,149,0.47296,-0.05114,0
1786019423.6525,E_right_up_r1,E,right,1,up,,200,147.2000,344.9000,173.1000,172.3000,0.0000,0.0000,333.0000,360.0000,97.6000,0.0000,99.9000,0.0000,274.9000,0.0000,-0.87400,0.03100,0.35100,-0.63000,-0.30000,-5.09000,0.08400,0.11400,0.92000,-1.22000,-2.11000,-4.85000,12.2,0.3,1.0,0.0,0.960761,0.134364,1.928076,-0.380837,-1.335940,2.207253,-0.089600,0.486000,0.869300,0.003200,0.133500,0.542300,0.828800,0.034500,0.916993,0.127566,1.755808,-0.100836,0.013868,1.408864,2.542153,-0.962663,-0.865127,0.888419,-2.386196,1.172582,0.220893,-0.710242,2.239845,0.767179,2.133299,-0.556394,-1.174809,1.507891,1,0,1.0000,1.0000,1,1,0,0,0.0000,0.0000,,,,,129436,125765,3308,2924,126090,123760,3346,1858,0,147,0.47296,-0.05114,0
1786019423.6866,E_right_up_r1,E,right,1,up,,201,147.2000,344.9000,173.1000,172.3000,0.0000,0.0000,333.0000,360.0000,97.6000,0.0000,100.0000,0.0000,274.9000,0.0000,-0.87400,0.03100,0.35100,-0.63000,-0.30000,-5.09000,0.10200,0.11500,0.92700,-5.20000,-1.73000,-2.18000,12.2,0.3,1.0,0.0,0.960761,0.134364,1.928076,-0.380837,-1.335940,2.207253,-0.089600,0.486000,0.869300,0.003200,0.133500,0.542300,0.828800,0.034500,0.916993,0.127566,1.755808,-0.100836,0.013868,1.408864,2.542153,-0.962663,-0.865127,0.888419,-2.386196,1.172582,0.220893,-0.710242,2.239845,0.767179,2.133299,-0.556394,-1.174809,1.507891,1,0,1.0000,1.0000,1,1,0,0,0.0000,0.0000,,,,,9803,9314,3282,2874,6825,7347,2978,1818,0,149,0.47296,-0.05114,0
1786019423.7234,E_right_up_r1,E,right,1,up,,202,147.2000,345.0000,173.1000,172.3000,0.0000,0.0000,333.0000,360.0000,97.6000,0.0000,99.8000,0.0000,274.9000,0.0000,-0.86600,0.06400,0.30300,2.26000,0.50000,1.62000,0.09400,0.08100,0.92200,1.97000,-1.14000,3.18000,9.3,2.6,1.0,0.0,1.141695,1.460307,1.882972,-0.440117,-0.556123,2.413331,-0.089600,0.486000,0.869300,0.003200,0.133500,0.542300,0.828800,0.034500,0.916993,0.127566,1.755808,-0.100836,0.013868,1.408864,2.542153,-0.962663,-0.865127,0.888419,-2.386196,1.172582,0.220893,-0.710242,2.239845,0.767179,2.133299,-0.556394,-1.174809,1.507891,1,0,1.0000,1.0000,1,1,0,0,0.0000,0.0000,,,,,129436,125765,3308,2925,126090,123760,3346,1858,0,147,0.47296,-0.05114,0
1786019423.7306,E_right_up_r1,E,right,1,up,,203,147.2000,345.0000,173.1000,172.3000,0.0000,0.0000,333.0000,360.0000,97.6000,0.0000,99.8000,0.0000,274.9000,0.0000,-0.86600,0.06400,0.30300,2.26000,0.50000,1.62000,0.09400,0.08100,0.92200,1.97000,-1.14000,3.18000,8.9,1.4,1.0,0.0,1.141695,1.460307,1.882972,-0.440117,-0.556123,2.413331,-0.089600,0.486000,0.869300,0.003200,0.133500,0.542300,0.828800,0.034500,0.916993,0.127566,1.755808,-0.100836,0.013868,1.408864,2.542153,-0.962663,-0.865127,0.888419,-2.386196,1.172582,0.220893,-0.710242,2.239845,0.767179,2.133299,-0.556394,-1.174809,1.507891,1,0,1.0000,1.0000,1,1,0,0,0.0000,0.0000,,,,,9803,9314,3282,2875,6825,7347,2978,1818,0,149,0.47296,-0.05114,0
1786019423.7314,E_right_up_r1,E,right,1,up,,204,147.2000,345.0000,173.1000,172.3000,0.0000,0.0000,333.0000,360.0000,97.6000,0.0000,99.8000,0.0000,274.9000,0.0000,-0.86600,0.06400,0.30300,2.26000,0.50000,1.62000,0.09400,0.08100,0.92200,1.97000,-1.14000,3.18000,8.9,1.4,1.0,0.0,1.141695,1.460307,1.882972,-0.440117,-0.556123,2.413331,-0.089600,0.486000,0.869300,0.003200,0.133500,0.542300,0.828800,0.034500,0.916993,0.127566,1.755808,-0.100836,0.013868,1.408864,2.542153,-0.962663,-0.865127,0.888419,-2.386196,1.172582,0.220893,-0.710242,2.239845,0.767179,2.133299,-0.556394,-1.174809,1.507891,1,0,1.0000,1.0000,1,1,0,0,0.0000,0.0000,,,,,9803,9314,3282,2875,6825,7347,2978,1818,0,149,0.47296,-0.05114,0
1786019423.7521,E_right_up_r1,E,right,1,up,,205,147.2000,345.0000,173.1000,172.3000,0.0000,0.0000,332.9000,360.0000,97.6000,0.0000,99.8000,0.0000,274.9000,0.0000,-0.88600,0.05100,0.30900,2.67000,2.18000,4.79000,0.09400,0.08100,0.92200,1.97000,-1.14000,3.18000,9.0,0.8,1.0,0.0,1.141805,1.460286,1.883008,-0.440117,-0.556123,2.413331,-0.089600,0.486000,0.869300,0.003200,0.133500,0.542300,0.828800,0.034500,0.916993,0.127566,1.755808,-0.100836,0.013868,1.408864,2.542153,-0.962663,-0.865127,0.888419,-2.386196,1.172582,0.220893,-0.710242,2.239845,0.767179,2.133299,-0.556394,-1.174809,1.507891,1,0,1.0000,1.0000,1,1,0,0,0.0000,0.0000,,,,,9803,9314,3282,2875,6825,7347,2978,1818,0,149,0.47296,-0.05114,0
1786019423.7748,E_right_up_r1,E,right,1,up,,206,147.2000,345.0000,173.1000,172.3000,0.0000,0.0000,332.9000,360.0000,97.6000,0.0000,99.9000,0.0000,274.7000,0.0000,-0.88900,0.05500,0.30800,4.76000,2.28000,4.67000,0.11000,0.11200,0.94200,3.22000,-0.45000,0.53000,8.9,2.3,1.0,0.0,1.142149,1.460243,1.883121,-0.440117,-0.556123,2.413331,-0.089600,0.486000,0.869300,0.003200,0.133500,0.542300,0.828800,0.034500,0.916993,0.127566,1.755808,-0.100836,0.013868,1.408864,2.542153,-0.962663,-0.865127,0.888419,-2.386196,1.172582,0.220893,-0.710242,2.239845,0.767179,2.133299,-0.556394,-1.174809,1.507891,1,0,1.0000,1.0000,1,1,0,0,0.0000,0.0000,,,,,129436,125765,3308,2925,126090,123760,3346,1858,0,147,0.47296,-0.05114,0
1786019423.7910,E_right_up_r1,E,right,1,up,,207,147.2000,345.0000,173.1000,172.3000,0.0000,0.0000,332.9000,360.0000,97.6000,0.0000,99.9000,0.0000,274.7000,0.0000,-0.88900,0.05500,0.30800,4.76000,2.28000,4.67000,0.11000,0.11200,0.94200,3.22000,-0.45000,0.53000,8.9,2.3,1.0,0.0,1.142149,1.460243,1.883121,-0.440117,-0.556123,2.413331,-0.089600,0.486000,0.869300,0.003200,0.133500,0.542300,0.828800,0.034500,0.916993,0.127566,1.755808,-0.100836,0.013868,1.408864,2.542153,-0.962663,-0.865127,0.888419,-2.386196,1.172582,0.220893,-0.710242,2.239845,0.767179,2.133299,-0.556394,-1.174809,1.507891,1,0,1.0000,1.0000,1,1,0,0,0.0000,0.0000,,,,,129436,125765,3308,2925,126090,123760,3346,1858,0,147,0.47296,-0.05114,0
1786019423.8102,E_right_up_r1,E,right,1,up,,208,147.2000,345.0000,173.1000,172.3000,0.0000,0.0000,332.9000,360.0000,97.6000,0.0000,99.9000,0.0000,274.7000,0.0000,-0.88900,0.05500,0.30800,4.76000,2.28000,4.67000,0.11000,0.11200,0.94200,3.22000,-0.45000,0.53000,8.9,2.3,1.0,0.0,1.142149,1.460243,1.883121,-0.440117,-0.556123,2.413331,-0.089600,0.486000,0.869300,0.003200,0.133500,0.542300,0.828800,0.034500,0.916993,0.127566,1.755808,-0.100836,0.013868,1.408864,2.542153,-0.962663,-0.865127,0.888419,-2.386196,1.172582,0.220893,-0.710242,2.239845,0.767179,2.133299,-0.556394,-1.174809,1.507891,1,0,1.0000,1.0000,1,1,0,0,0.0000,0.0000,,,,,9803,9314,3282,2875,6825,7347,2978,1818,0,149,0.47296,-0.05114,0
1786019423.8337,E_right_up_r1,E,right,1,up,,209,147.2000,345.0000,173.1000,172.3000,0.0000,0.0000,332.9000,360.0000,97.6000,0.0000,99.9000,0.0000,274.7000,0.0000,-0.88900,0.05500,0.30800,4.76000,2.28000,4.67000,0.11000,0.11200,0.94200,3.22000,-0.45000,0.53000,8.9,2.3,1.0,0.0,1.142149,1.460243,1.883121,-0.440117,-0.556123,2.413331,-0.089600,0.486000,0.869300,0.003200,0.133500,0.542300,0.828800,0.034500,0.916993,0.127566,1.755808,-0.100836,0.013868,1.408864,2.542153,-0.962663,-0.865127,0.888419,-2.386196,1.172582,0.220893,-0.710242,2.239845,0.767179,2.133299,-0.556394,-1.174809,1.507891,1,0,1.0000,1.0000,1,1,0,0,0.0000,0.0000,,,,,129436,125765,3309,2925,126090,123760,3346,1858,0,147,0.47296,-0.05114,0
1786019423.8488,E_right_up_r1,E,right,1,up,,210,147.2000,345.0000,173.1000,172.3000,0.0000,0.0000,332.9000,360.0000,97.6000,0.0000,99.9000,0.0000,274.7000,0.0000,-0.88900,0.05500,0.30800,4.76000,2.28000,4.67000,0.11000,0.11200,0.94200,3.22000,-0.45000,0.53000,8.9,2.3,1.0,0.0,1.142149,1.460243,1.883121,-0.440117,-0.556123,2.413331,-0.089600,0.486000,0.869300,0.003200,0.133500,0.542300,0.828800,0.034500,0.916993,0.127566,1.755808,-0.100836,0.013868,1.408864,2.542153,-0.962663,-0.865127,0.888419,-2.386196,1.172582,0.220893,-0.710242,2.239845,0.767179,2.133299,-0.556394,-1.174809,1.507891,1,0,1.0000,1.0000,1,1,0,0,0.0000,0.0000,,,,,129436,125765,3309,2925,126090,123760,3346,1858,0,147,0.47296,-0.05114,0
1786019423.8732,E_right_up_r1,E,right,1,up,,211,147.2000,345.0000,173.1000,172.3000,0.0000,0.0000,332.9000,360.0000,97.6000,0.0000,99.9000,0.0000,274.7000,0.0000,-0.88900,0.05500,0.30800,4.76000,2.28000,4.67000,0.11000,0.11200,0.94200,3.22000,-0.45000,0.53000,8.9,2.3,1.0,0.0,1.139775,1.460492,1.882386,-0.440117,-0.556123,2.413331,-0.089600,0.486000,0.869300,0.003200,0.133500,0.542300,0.828800,0.034500,0.916993,0.127566,1.755808,-0.100836,0.013868,1.408864,2.542153,-0.962663,-0.865127,0.888419,-2.386196,1.172582,0.220893,-0.710242,2.239845,0.767179,2.133299,-0.556394,-1.174809,1.507891,1,0,1.0000,1.0000,1,1,0,0,0.0000,0.0000,,,,,129436,125765,3309,2926,126090,123760,3346,1858,0,147,0.47296,-0.05114,0
1786019423.8906,E_right_up_r1,E,right,1,up,,212,147.2000,345.0000,173.2000,172.3000,0.0000,0.0000,332.6000,360.0000,97.9000,0.0000,99.9000,0.0000,274.7000,0.0000,-0.89600,0.05100,0.35000,2.24000,5.24000,2.97000,0.06700,0.07900,0.89100,-1.88000,1.97000,2.60000,8.9,2.3,1.0,0.0,1.139775,1.460492,1.882386,-0.440117,-0.556123,2.413331,-0.089600,0.486000,0.869300,0.003200,0.133500,0.542300,0.828800,0.034500,0.916993,0.127566,1.755808,-0.100836,0.013868,1.408864,2.542153,-0.962663,-0.865127,0.888419,-2.386196,1.172582,0.220893,-0.710242,2.239845,0.767179,2.133299,-0.556394,-1.174809,1.507891,1,0,1.0000,1.0000,1,1,0,0,0.0000,0.0000,,,,,129436,125765,3309,2926,126090,123760,3346,1858,0,147,0.47296,-0.05114,0
1786019423.9112,E_right_up_r1,E,right,1,up,,213,147.2000,345.0000,173.2000,172.3000,0.0000,0.0000,332.6000,360.0000,97.9000,0.0000,99.9000,0.0000,274.7000,0.0000,-0.89600,0.05100,0.35000,2.24000,5.24000,2.97000,0.06700,0.07900,0.89100,-1.88000,1.97000,2.60000,8.9,2.3,1.0,0.0,1.139775,1.460492,1.882386,-0.440117,-0.556123,2.413331,-0.089600,0.486000,0.869300,0.003200,0.133500,0.542300,0.828800,0.034500,0.916993,0.127566,1.755808,-0.100836,0.013868,1.408864,2.542153,-0.962663,-0.865127,0.888419,-2.386196,1.172582,0.220893,-0.710242,2.239845,0.767179,2.133299,-0.556394,-1.174809,1.507891,1,0,1.0000,1.0000,1,1,0,0,0.0000,0.0000,,,,,9803,9314,3283,2876,6825,7347,2978,1818,0,149,0.47296,-0.05114,0
1786019423.9379,E_right_up_r1,E,right,1,up,,214,147.3000,345.0000,173.2000,172.3000,0.0000,0.0000,332.8000,360.0000,97.7000,0.0000,99.9000,0.0000,274.7000,0.0000,-0.88500,0.04800,0.34500,-1.42000,-3.70000,2.27000,0.10200,0.12300,0.91700,-0.61000,-2.64000,3.21000,8.6,1.6,1.0,0.0,1.138069,1.460708,1.881857,-0.440117,-0.556123,2.413331,-0.089600,0.486000,0.869300,0.003200,0.133500,0.542300,0.828800,0.034500,0.916993,0.127566,1.755808,-0.100836,0.013868,1.408864,2.542153,-0.962663,-0.865127,0.888419,-2.386196,1.172582,0.220893,-0.710242,2.239845,0.767179,2.133299,-0.556394,-1.174809,1.507891,1,0,1.0000,1.0000,1,1,0,0,0.0000,0.0000,,,,,9803,9314,3283,2876,6825,7347,2978,1818,0,149,0.47296,-0.05114,0
1786019423.9562,E_right_up_r1,E,right,1,up,,215,147.3000,345.0000,173.2000,172.3000,0.0000,0.0000,332.8000,360.0000,97.7000,0.0000,99.9000,0.0000,274.7000,0.0000,-0.88500,0.04800,0.34500,-1.42000,-3.70000,2.27000,0.10200,0.12300,0.91700,-0.61000,-2.64000,3.21000,8.6,1.6,1.0,0.0,1.138069,1.460708,1.881857,-0.440117,-0.556123,2.413331,-0.089600,0.486000,0.869300,0.003200,0.133500,0.542300,0.828800,0.034500,0.916993,0.127566,1.755808,-0.100836,0.013868,1.408864,2.542153,-0.962663,-0.865127,0.888419,-2.386196,1.172582,0.220893,-0.710242,2.239845,0.767179,2.133299,-0.556394,-1.174809,1.507891,1,0,1.0000,1.0000,1,1,0,0,0.0000,0.0000,,,,,9803,9314,3283,2876,6825,7347,2978,1818,0,149,0.47296,-0.05114,0
1786019423.9718,E_right_up_r1,E,right,1,up,,216,147.3000,345.0000,173.2000,172.3000,0.0000,0.0000,332.8000,360.0000,97.7000,0.0000,99.9000,0.0000,274.7000,0.0000,-0.88500,0.04800,0.34500,-1.42000,-3.70000,2.27000,0.10200,0.12300,0.91700,-0.61000,-2.64000,3.21000,9.2,1.7,1.0,0.0,1.138069,1.460708,1.881857,-0.440117,-0.556123,2.413331,-0.089600,0.486000,0.869300,0.003200,0.133500,0.542300,0.828800,0.034500,0.916993,0.127566,1.755808,-0.100836,0.013868,1.408864,2.542153,-0.962663,-0.865127,0.888419,-2.386196,1.172582,0.220893,-0.710242,2.239845,0.767179,2.133299,-0.556394,-1.174809,1.507891,1,0,1.0000,1.0000,1,1,0,0,0.0000,0.0000,,,,,9803,9314,3284,2876,6825,7347,2978,1818,0,149,0.47296,-0.05114,0
1786019423.9937,E_right_up_r1,E,right,1,up,,217,147.3000,345.0000,173.1000,172.3000,0.0000,0.0000,332.6000,360.0000,97.7000,0.0000,100.0000,0.0000,274.7000,0.0000,-0.89900,0.07000,0.28700,4.29000,-4.49000,1.46000,0.12900,0.10700,0.90800,-5.95000,-3.01000,2.18000,9.3,4.2,1.0,0.0,0.965607,0.133891,1.927546,-0.380837,-1.335940,2.207253,-0.089600,0.486000,0.869300,0.003200,0.133500,0.542300,0.828800,0.034500,0.916993,0.127566,1.755808,-0.100836,0.013868,1.408864,2.542153,-0.962663,-0.865127,0.888419,-2.386196,1.172582,0.220893,-0.710242,2.239845,0.767179,2.133299,-0.556394,-1.174809,1.507891,1,0,1.0000,1.0000,1,1,0,0,0.0000,0.0000,,,,,129436,125765,3310,2926,126090,123760,3346,1858,0,147,0.47296,-0.05114,0
1786019424.0104,E_right_up_r1,E,right,1,up,,218,147.3000,45.0000,1.0000,172.5000,0.0000,0.0000,332.7000,360.0000,97.7000,0.0000,100.0000,0.0000,274.7000,0.0000,-0.90500,0.07500,0.29900,4.42000,0.61000,1.40000,0.12900,0.10700,0.90800,-5.95000,-3.01000,2.18000,9.3,4.2,1.0,0.0,0.728410,0.711080,1.550205,-0.380837,-1.335940,2.207253,-0.089600,0.486000,0.869300,0.003200,0.133500,0.542300,0.828800,0.034500,0.916993,0.127566,1.755808,-0.100836,0.013868,1.408864,2.542153,-0.962663,-0.865127,0.888419,-2.386196,1.172582,0.220893,-0.710242,2.239845,0.767179,2.133299,-0.556394,-1.174809,1.507891,1,0,1.0000,1.0000,1,1,0,0,0.0000,0.0000,,,,,9803,9314,3284,2876,6825,7347,2978,1818,0,149,0.47296,-0.05114,0
1786019424.0322,E_right_up_r1,E,right,1,up,,219,147.3000,45.0000,1.0000,172.5000,0.0000,0.0000,332.7000,360.0000,97.7000,0.0000,100.0000,0.0000,274.7000,0.0000,-0.90500,0.07500,0.29900,4.42000,0.61000,1.40000,0.12900,0.10700,0.90800,-5.95000,-3.01000,2.18000,9.3,4.2,1.0,0.0,0.728410,0.711080,1.550205,-0.380837,-1.335940,2.207253,-0.089600,0.486000,0.869300,0.003200,0.133500,0.542300,0.828800,0.034500,0.916993,0.127566,1.755808,-0.100836,0.013868,1.408864,2.542153,-0.962663,-0.865127,0.888419,-2.386196,1.172582,0.220893,-0.710242,2.239845,0.767179,2.133299,-0.556394,-1.174809,1.507891,1,0,1.0000,1.0000,1,1,0,0,0.0000,0.0000,,,,,129436,125765,3310,2926,126090,123760,3346,1858,0,147,0.47296,-0.05114,0
1786019424.0555,E_right_up_r1,E,right,1,up,,220,147.3000,45.0000,1.0000,172.5000,0.0000,0.0000,332.7000,360.0000,97.7000,0.0000,100.0000,0.0000,274.7000,0.0000,-0.90500,0.07500,0.29900,4.42000,0.61000,1.40000,0.12900,0.10700,0.90800,-5.95000,-3.01000,2.18000,9.3,4.2,1.0,0.0,0.728410,0.711080,1.550205,-0.380837,-1.335940,2.207253,-0.089600,0.486000,0.869300,0.003200,0.133500,0.542300,0.828800,0.034500,0.916993,0.127566,1.755808,-0.100836,0.013868,1.408864,2.542153,-0.962663,-0.865127,0.888419,-2.386196,1.172582,0.220893,-0.710242,2.239845,0.767179,2.133299,-0.556394,-1.174809,1.507891,1,0,1.0000,1.0000,1,1,0,0,0.0000,0.0000,,,,,9803,9314,3284,2876,6825,7347,2978,1818,0,149,0.47296,-0.05114,0
1786019424.0743,E_right_up_r1,E,right,1,up,,221,147.3000,45.0000,1.0000,172.5000,0.0000,0.0000,332.7000,360.0000,97.7000,0.0000,100.0000,0.0000,274.7000,0.0000,-0.90500,0.07500,0.29900,4.42000,0.61000,1.40000,0.12900,0.10700,0.90800,-5.95000,-3.01000,2.18000,9.6,2.4,1.0,0.0,0.728410,0.711080,1.550205,-0.380837,-1.335940,2.207253,-0.089600,0.486000,0.869300,0.003200,0.133500,0.542300,0.828800,0.034500,0.916993,0.127566,1.755808,-0.100836,0.013868,1.408864,2.542153,-0.962663,-0.865127,0.888419,-2.386196,1.172582,0.220893,-0.710242,2.239845,0.767179,2.133299,-0.556394,-1.174809,1.507891,1,0,1.0000,1.0000,1,1,0,0,0.0000,0.0000,,,,,9803,9314,3284,2876,6825,7347,2978,1818,0,149,0.47296,-0.05114,0
1786019424.1011,E_right_up_r1,E,right,1,up,,222,147.3000,45.0000,1.0000,172.5000,0.0000,0.0000,332.7000,360.0000,97.7000,0.0000,100.0000,0.0000,274.7000,0.0000,-0.90500,0.07500,0.29900,4.42000,0.61000,1.40000,0.12900,0.10700,0.90800,-5.95000,-3.01000,2.18000,9.6,2.4,1.0,0.0,0.728410,0.711080,1.550205,-0.380837,-1.335940,2.207253,-0.089600,0.486000,0.869300,0.003200,0.133500,0.542300,0.828800,0.034500,0.916993,0.127566,1.755808,-0.100836,0.013868,1.408864,2.542153,-0.962663,-0.865127,0.888419,-2.386196,1.172582,0.220893,-0.710242,2.239845,0.767179,2.133299,-0.556394,-1.174809,1.507891,1,0,1.0000,1.0000,1,1,0,0,0.0000,0.0000,,,,,9803,9314,3284,2876,6825,7347,2978,1818,0,149,0.47296,-0.05114,0
1786019424.1231,E_right_up_r1,E,right,1,up,,223,147.3000,45.0000,1.0000,172.5000,0.0000,0.0000,332.7000,360.0000,97.7000,0.0000,100.0000,0.0000,274.7000,0.0000,-0.90500,0.07500,0.29900,4.42000,0.61000,1.40000,0.12900,0.10700,0.90800,-5.95000,-3.01000,2.18000,9.6,2.4,1.0,0.0,0.728410,0.711080,1.550205,-0.380837,-1.335940,2.207253,-0.089600,0.486000,0.869300,0.003200,0.133500,0.542300,0.828800,0.034500,0.916993,0.127566,1.755808,-0.100836,0.013868,1.408864,2.542153,-0.962663,-0.865127,0.888419,-2.386196,1.172582,0.220893,-0.710242,2.239845,0.767179,2.133299,-0.556394,-1.174809,1.507891,1,0,1.0000,1.0000,1,1,0,0,0.0000,0.0000,,,,,129436,125765,3310,2926,126090,123760,3346,1858,0,147,0.47296,-0.05114,0
1786019424.1320,E_right_up_r1,E,right,1,up,,224,147.3000,45.0000,1.0000,172.5000,0.0000,0.0000,332.7000,360.0000,97.7000,0.0000,100.0000,0.0000,274.7000,0.0000,-0.90500,0.07500,0.29900,4.42000,0.61000,1.40000,0.12900,0.10700,0.90800,-5.95000,-3.01000,2.18000,9.6,2.4,1.0,0.0,0.728410,0.711080,1.550205,-0.380837,-1.335940,2.207253,-0.089600,0.486000,0.869300,0.003200,0.133500,0.542300,0.828800,0.034500,0.916993,0.127566,1.755808,-0.100836,0.013868,1.408864,2.542153,-0.962663,-0.865127,0.888419,-2.386196,1.172582,0.220893,-0.710242,2.239845,0.767179,2.133299,-0.556394,-1.174809,1.507891,1,0,1.0000,1.0000,1,1,0,0,0.0000,0.0000,,,,,129436,125765,3310,2926,126090,123760,3346,1858,0,147,0.47296,-0.05114,0
1786019424.1522,E_right_up_r1,E,right,1,up,,225,147.3000,45.0000,1.0000,172.5000,0.0000,0.0000,332.7000,360.0000,97.7000,0.0000,100.0000,0.0000,274.7000,0.0000,-0.90500,0.07500,0.29900,4.42000,0.61000,1.40000,0.12900,0.10700,0.90800,-5.95000,-3.01000,2.18000,9.6,2.4,1.0,0.0,0.728410,0.711080,1.550205,-0.380837,-1.335940,2.207253,-0.089600,0.486000,0.869300,0.003200,0.133500,0.542300,0.828800,0.034500,0.916993,0.127566,1.755808,-0.100836,0.013868,1.408864,2.542153,-0.962663,-0.865127,0.888419,-2.386196,1.172582,0.220893,-0.710242,2.239845,0.767179,2.133299,-0.556394,-1.174809,1.507891,1,0,1.0000,1.0000,1,1,0,0,0.0000,0.0000,,,,,9803,9314,3284,2877,6825,7347,2978,1818,0,149,0.47296,-0.05114,0
1786019424.1813,E_right_up_r1,E,right,1,up,,226,147.2000,345.0000,173.1000,172.7000,0.0000,0.0000,332.8000,360.0000,97.6000,0.0000,100.0000,0.0000,274.6000,0.0000,-0.87300,0.03700,0.32700,4.32000,-1.90000,-0.47000,0.09400,0.09100,0.89900,-1.60000,0.17000,2.47000,9.4,0.8,1.0,0.0,0.963415,0.134101,1.924127,-0.380837,-1.335940,2.207253,-0.089600,0.486000,0.869300,0.003200,0.133500,0.542300,0.828800,0.034500,0.916993,0.127566,1.755808,-0.100836,0.013868,1.408864,2.542153,-0.962663,-0.865127,0.888419,-2.386196,1.172582,0.220893,-0.710242,2.239845,0.767179,2.133299,-0.556394,-1.174809,1.507891,1,0,1.0000,1.0000,1,1,0,0,0.0000,0.0000,,,,,129436,125765,3311,2927,126090,123760,3346,1858,0,147,0.47296,-0.05114,0
1786019424.1957,E_right_up_r1,E,right,1,up,,227,147.2000,345.0000,173.1000,172.7000,0.0000,0.0000,332.7000,360.0000,97.6000,0.0000,100.0000,0.0000,274.6000,0.0000,-0.87300,0.04100,0.31800,4.88000,-2.20000,-0.16000,0.09400,0.09100,0.89900,-1.60000,0.17000,2.47000,9.4,0.8,1.0,0.0,0.727635,0.711145,1.548153,-0.380837,-1.335940,2.207253,-0.089600,0.486000,0.869300,0.003200,0.133500,0.542300,0.828800,0.034500,0.916993,0.127566,1.755808,-0.100836,0.013868,1.408864,2.542153,-0.962663,-0.865127,0.888419,-2.386196,1.172582,0.220893,-0.710242,2.239845,0.767179,2.133299,-0.556394,-1.174809,1.507891,1,0,1.0000,1.0000,1,1,0,0,0.0000,0.0000,,,,,9803,9314,3284,2877,6825,7347,2978,1818,0,149,0.47296,-0.05114,0
1786019424.2117,E_right_up_r1,E,right,1,up,,228,147.2000,345.0000,173.1000,172.7000,0.0000,0.0000,332.7000,360.0000,97.6000,0.0000,100.0000,0.0000,274.6000,0.0000,-0.87300,0.04100,0.31800,4.88000,-2.20000,-0.16000,0.09400,0.09100,0.89900,-1.60000,0.17000,2.47000,9.0,1.1,1.0,0.0,0.727635,0.711145,1.548153,-0.380837,-1.335940,2.207253,-0.089600,0.486000,0.869300,0.003200,0.133500,0.542300,0.828800,0.034500,0.916993,0.127566,1.755808,-0.100836,0.013868,1.408864,2.542153,-0.962663,-0.865127,0.888419,-2.386196,1.172582,0.220893,-0.710242,2.239845,0.767179,2.133299,-0.556394,-1.174809,1.507891,1,0,1.0000,1.0000,1,1,0,0,0.0000,0.0000,,,,,129436,125765,3311,2927,126090,123760,3346,1858,0,147,0.47296,-0.05114,0
1786019424.2389,E_right_up_r1,E,right,1,up,,229,147.2000,345.0000,173.1000,172.7000,0.0000,0.0000,332.8000,360.0000,97.6000,0.0000,100.0000,0.0000,274.7000,0.0000,-0.88700,0.05100,0.30600,2.09000,-1.56000,1.25000,0.08300,0.11700,0.92100,-1.89000,-4.85000,4.41000,9.7,0.8,1.0,0.0,1.139499,1.460542,1.882191,-0.380837,-1.335940,2.207253,-0.089600,0.486000,0.869300,0.003200,0.133500,0.542300,0.828800,0.034500,0.916993,0.127566,1.755808,-0.100836,0.013868,1.408864,2.542153,-0.962663,-0.865127,0.888419,-2.386196,1.172582,0.220893,-0.710242,2.239845,0.767179,2.133299,-0.556394,-1.174809,1.507891,1,0,1.0000,1.0000,1,1,0,0,0.0000,0.0000,,,,,9803,125765,3285,2927,6825,123760,2978,1858,0,147,0.47296,-0.05114,0
1786019424.2501,E_right_up_r1,E,right,1,up,,230,147.2000,345.0000,173.1000,172.7000,0.0000,0.0000,332.8000,360.0000,97.6000,0.0000,100.0000,0.0000,274.6000,0.0000,-0.89000,0.04300,0.30300,1.81000,-0.84000,1.58000,0.10500,0.09500,0.90900,-9.11000,-6.56000,7.36000,9.6,1.1,1.0,0.0,1.141282,1.460342,1.882688,-0.440117,-0.556123,2.413331,-0.089600,0.486000,0.869300,0.003200,0.133500,0.542300,0.828800,0.034500,0.916993,0.127566,1.755808,-0.100836,0.013868,1.408864,2.542153,-0.962663,-0.865127,0.888419,-2.386196,1.172582,0.220893,-0.710242,2.239845,0.767179,2.133299,-0.556394,-1.174809,1.507891,1,0,1.0000,1.0000,1,1,0,0,0.0000,0.0000,,,,,129436,9314,3311,2877,126090,7347,3346,1818,0,149,0.47296,-0.05114,0
1786019424.2712,E_right_up_r1,E,right,1,up,,231,147.2000,345.0000,173.1000,172.7000,0.0000,0.0000,332.8000,360.0000,97.6000,0.0000,100.0000,0.0000,274.5000,0.0000,-0.88500,0.04600,0.29100,3.61000,-0.35000,0.92000,0.08900,0.08700,0.91600,-9.33000,-3.32000,7.29000,9.8,0.9,1.0,0.0,1.141282,1.460342,1.882688,-0.440117,-0.556123,2.413331,-0.089600,0.486000,0.869300,0.003200,0.133500,0.542300,0.828800,0.034500,0.916993,0.127566,1.755808,-0.100836,0.013868,1.408864,2.542153,-0.962663,-0.865127,0.888419,-2.386196,1.172582,0.220893,-0.710242,2.239845,0.767179,2.133299,-0.556394,-1.174809,1.507891,1,0,1.0000,1.0000,1,1,0,0,0.0000,0.0000,,,,,129436,125765,3311,2927,126090,123760,3346,1858,0,147,0.47296,-0.05114,0
1786019424.2900,E_right_up_r1,E,right,1,up,,232,147.2000,345.0000,173.1000,172.7000,0.0000,0.0000,332.7000,360.0000,97.6000,0.0000,100.0000,0.0000,274.5000,0.0000,-0.87900,0.05800,0.31300,5.56000,3.27000,1.40000,0.08900,0.08700,0.91600,-9.33000,-3.32000,7.29000,9.8,0.9,1.0,0.0,0.728161,0.711076,1.547054,-0.440117,-0.556123,2.413331,-0.089600,0.486000,0.869300,0.003200,0.133500,0.542300,0.828800,0.034500,0.916993,0.127566,1.755808,-0.100836,0.013868,1.408864,2.542153,-0.962663,-0.865127,0.888419,-2.386196,1.172582,0.220893,-0.710242,2.239845,0.767179,2.133299,-0.556394,-1.174809,1.507891,1,0,1.0000,1.0000,1,1,0,0,0.0000,0.0000,,,,,129436,125765,3311,2927,126090,123760,3346,1858,0,147,0.47296,-0.05114,0
1786019424.3094,E_right_up_r1,E,right,1,up,,233,147.2000,345.0000,173.1000,172.7000,0.0000,0.0000,332.6000,360.0000,97.6000,0.0000,100.0000,0.0000,274.5000,0.0000,-0.88100,0.06900,0.33300,1.24000,7.72000,3.85000,0.08900,0.08700,0.91600,-9.33000,-3.32000,7.29000,9.8,0.9,1.0,0.0,1.140639,1.460405,1.882416,-0.440117,-0.556123,2.413331,-0.089600,0.486000,0.869300,0.003200,0.133500,0.542300,0.828800,0.034500,0.916993,0.127566,1.755808,-0.100836,0.013868,1.408864,2.542153,-0.962663,-0.865127,0.888419,-2.386196,1.172582,0.220893,-0.710242,2.239845,0.767179,2.133299,-0.556394,-1.174809,1.507891,1,0,1.0000,1.0000,1,1,0,0,0.0000,0.0000,,,,,129436,125765,3311,2927,126090,123760,3346,1858,0,147,0.47296,-0.05114,0
1786019424.3302,E_right_up_r1,E,right,1,up,,234,147.2000,345.0000,173.0000,172.6000,0.0000,0.0000,332.8000,360.0000,97.6000,0.0000,100.0000,0.0000,274.5000,0.0000,-0.88600,0.04600,0.34400,2.21000,4.33000,4.47000,0.08900,0.08700,0.91600,-9.33000,-3.32000,7.29000,10.0,0.5,1.0,0.0,0.964157,0.134010,1.923040,-0.440117,-0.556123,2.413331,-0.089600,0.486000,0.869300,0.003200,0.133500,0.542300,0.828800,0.034500,0.916993,0.127566,1.755808,-0.100836,0.013868,1.408864,2.542153,-0.962663,-0.865127,0.888419,-2.386196,1.172582,0.220893,-0.710242,2.239845,0.767179,2.133299,-0.556394,-1.174809,1.507891,1,0,1.0000,1.0000,1,1,0,0,0.0000,0.0000,,,,,129436,125765,3311,2927,126090,123760,3346,1858,0,147,0.47296,-0.05114,0
1786019424.3568,E_right_up_r1,E,right,1,up,,235,147.2000,345.0000,173.0000,172.6000,0.0000,0.0000,332.9000,360.0000,97.4000,0.0000,100.0000,0.0000,274.1000,0.0000,-0.89000,0.03600,0.32500,6.91000,0.85000,1.65000,0.13300,0.13800,0.94900,1.05000,-1.88000,4.21000,9.4,2.4,1.0,0.0,0.964227,0.133999,1.922682,-0.380837,-1.335940,2.207253,-0.089600,0.486000,0.869300,0.003200,0.133500,0.542300,0.828800,0.034500,0.916993,0.127566,1.755808,-0.100836,0.013868,1.408864,2.542153,-0.962663,-0.865127,0.888419,-2.386196,1.172582,0.220893,-0.710242,2.239845,0.767179,2.133299,-0.556394,-1.174809,1.507891,1,0,1.0000,1.0000,1,1,0,0,0.0000,0.0000,,,,,9803,9314,3285,2877,6825,7347,2978,1818,0,149,0.47296,-0.05114,0
1786019424.3751,E_right_up_r1,E,right,1,up,,236,147.2000,345.0000,173.0000,172.6000,0.0000,0.0000,332.9000,360.0000,97.3000,0.0000,100.0000,0.0000,274.0000,0.0000,-0.90500,0.07300,0.32400,3.24000,3.02000,0.92000,0.10000,0.05500,0.90600,2.76000,-1.25000,4.45000,8.5,2.5,1.0,0.0,0.965986,0.133808,1.922975,-0.380837,-1.335940,2.207253,-0.089600,0.486000,0.869300,0.003200,0.133500,0.542300,0.828800,0.034500,0.916993,0.127566,1.755808,-0.100836,0.013868,1.408864,2.542153,-0.962663,-0.865127,0.888419,-2.386196,1.172582,0.220893,-0.710242,2.239845,0.767179,2.133299,-0.556394,-1.174809,1.507891,1,0,1.0000,1.0000,1,1,0,0,0.0000,0.0000,,,,,9803,9314,3285,2877,6825,7347,2978,1818,0,149,0.47296,-0.05114,0
1786019424.3917,E_right_up_r1,E,right,1,up,,237,147.2000,345.0000,173.0000,172.6000,0.0000,0.0000,332.9000,360.0000,97.3000,0.0000,100.0000,0.0000,274.0000,0.0000,-0.90500,0.07300,0.32400,3.24000,3.02000,0.92000,0.10000,0.05500,0.90600,2.76000,-1.25000,4.45000,8.5,2.5,1.0,0.0,0.965986,0.133808,1.922975,-0.380837,-1.335940,2.207253,-0.089600,0.486000,0.869300,0.003200,0.133500,0.542300,0.828800,0.034500,0.916993,0.127566,1.755808,-0.100836,0.013868,1.408864,2.542153,-0.962663,-0.865127,0.888419,-2.386196,1.172582,0.220893,-0.710242,2.239845,0.767179,2.133299,-0.556394,-1.174809,1.507891,1,0,1.0000,1.0000,1,1,0,0,0.0000,0.0000,,,,,9803,9314,3285,2877,6825,7347,2978,1818,0,149,0.47296,-0.05114,0
1786019424.4130,E_right_up_r1,E,right,1,up,,238,147.2000,345.0000,173.0000,172.6000,0.0000,0.0000,332.9000,360.0000,97.3000,0.0000,100.0000,0.0000,274.0000,0.0000,-0.90500,0.07300,0.32400,3.24000,3.02000,0.92000,0.10000,0.05500,0.90600,2.76000,-1.25000,4.45000,8.5,2.5,1.0,0.0,0.965986,0.133808,1.922975,-0.380837,-1.335940,2.207253,-0.089600,0.486000,0.869300,0.003200,0.133500,0.542300,0.828800,0.034500,0.916993,0.127566,1.755808,-0.100836,0.013868,1.408864,2.542153,-0.962663,-0.865127,0.888419,-2.386196,1.172582,0.220893,-0.710242,2.239845,0.767179,2.133299,-0.556394,-1.174809,1.507891,1,0,1.0000,1.0000,1,1,0,0,0.0000,0.0000,,,,,129436,125765,3312,2927,126090,123760,3346,1858,0,147,0.47296,-0.05114,0
1786019424.4305,E_right_up_r1,E,right,1,up,,239,147.2000,345.0000,173.0000,172.6000,0.0000,0.0000,332.9000,360.0000,97.3000,0.0000,100.0000,0.0000,274.0000,0.0000,-0.90500,0.07300,0.32400,3.24000,3.02000,0.92000,0.10000,0.05500,0.90600,2.76000,-1.25000,4.45000,9.4,2.3,1.0,0.0,0.965986,0.133808,1.922975,-0.380837,-1.335940,2.207253,-0.089600,0.486000,0.869300,0.003200,0.133500,0.542300,0.828800,0.034500,0.916993,0.127566,1.755808,-0.100836,0.013868,1.408864,2.542153,-0.962663,-0.865127,0.888419,-2.386196,1.172582,0.220893,-0.710242,2.239845,0.767179,2.133299,-0.556394,-1.174809,1.507891,1,0,1.0000,1.0000,1,1,0,0,0.0000,0.0000,,,,,9803,9314,3285,2877,6825,7347,2978,1818,0,149,0.47296,-0.05114,0
1786019424.4544,E_right_up_r1,E,right,1,up,,240,147.2000,345.0000,173.0000,172.6000,0.0000,0.0000,332.9000,360.0000,97.3000,0.0000,100.0000,0.0000,274.0000,0.0000,-0.90500,0.07300,0.32400,3.24000,3.02000,0.92000,0.10000,0.05500,0.90600,2.76000,-1.25000,4.45000,9.4,2.3,1.0,0.0,0.965986,0.133808,1.922975,-0.380837,-1.335940,2.207253,-0.089600,0.486000,0.869300,0.003200,0.133500,0.542300,0.828800,0.034500,0.916993,0.127566,1.755808,-0.100836,0.013868,1.408864,2.542153,-0.962663,-0.865127,0.888419,-2.386196,1.172582,0.220893,-0.710242,2.239845,0.767179,2.133299,-0.556394,-1.174809,1.507891,1,0,1.0000,1.0000,1,1,0,0,0.0000,0.0000,,,,,9803,125765,3285,2927,6825,123760,2978,1858,0,147,0.47296,-0.05114,0
1786019424.4732,E_right_up_r1,E,right,1,up,,241,147.2000,345.0000,173.0000,172.6000,0.0000,0.0000,332.9000,360.0000,97.3000,0.0000,100.0000,0.0000,274.0000,0.0000,-0.90500,0.07300,0.32400,3.24000,3.02000,0.92000,0.10000,0.05500,0.90600,2.76000,-1.25000,4.45000,9.4,2.3,1.0,0.0,0.965986,0.133808,1.922975,-0.380837,-1.335940,2.207253,-0.089600,0.486000,0.869300,0.003200,0.133500,0.542300,0.828800,0.034500,0.916993,0.127566,1.755808,-0.100836,0.013868,1.408864,2.542153,-0.962663,-0.865127,0.888419,-2.386196,1.172582,0.220893,-0.710242,2.239845,0.767179,2.133299,-0.556394,-1.174809,1.507891,1,0,1.0000,1.0000,1,1,0,0,0.0000,0.0000,,,,,9803,125765,3285,2927,6825,123760,2978,1858,0,147,0.47296,-0.05114,0
1786019424.4900,E_right_up_r1,E,right,1,up,,242,147.2000,345.0000,173.0000,172.6000,0.0000,0.0000,332.9000,360.0000,97.3000,0.0000,100.0000,0.0000,274.0000,0.0000,-0.90500,0.07300,0.32400,3.24000,3.02000,0.92000,0.10000,0.05500,0.90600,2.76000,-1.25000,4.45000,9.0,1.0,1.0,0.0,0.965986,0.133808,1.922975,-0.380837,-1.335940,2.207253,-0.089600,0.486000,0.869300,0.003200,0.133500,0.542300,0.828800,0.034500,0.916993,0.127566,1.755808,-0.100836,0.013868,1.408864,2.542153,-0.962663,-0.865127,0.888419,-2.386196,1.172582,0.220893,-0.710242,2.239845,0.767179,2.133299,-0.556394,-1.174809,1.507891,1,0,1.0000,1.0000,1,1,0,0,0.0000,0.0000,,,,,129436,9314,3312,2877,126090,7347,3346,1818,0,149,0.47296,-0.05114,0
1786019424.5130,E_right_up_r1,E,right,1,up,,243,147.2000,345.0000,173.0000,172.6000,0.0000,0.0000,332.9000,360.0000,97.3000,0.0000,100.0000,0.0000,274.0000,0.0000,-0.90500,0.07300,0.32400,3.24000,3.02000,0.92000,0.10000,0.05500,0.90600,2.76000,-1.25000,4.45000,9.0,1.0,1.0,0.0,0.965986,0.133808,1.922975,-0.380837,-1.335940,2.207253,-0.089600,0.486000,0.869300,0.003200,0.133500,0.542300,0.828800,0.034500,0.916993,0.127566,1.755808,-0.100836,0.013868,1.408864,2.542153,-0.962663,-0.865127,0.888419,-2.386196,1.172582,0.220893,-0.710242,2.239845,0.767179,2.133299,-0.556394,-1.174809,1.507891,1,0,1.0000,1.0000,1,1,0,0,0.0000,0.0000,,,,,129436,125765,3312,2928,126090,123760,3346,1858,0,147,0.47296,-0.05114,0
1786019424.5297,E_right_up_r1,E,right,1,up,,244,147.2000,345.0000,173.0000,172.6000,0.0000,0.0000,332.9000,360.0000,97.3000,0.0000,100.0000,0.0000,274.0000,0.0000,-0.90500,0.07300,0.32400,3.24000,3.02000,0.92000,0.10000,0.05500,0.90600,2.76000,-1.25000,4.45000,9.0,1.0,1.0,0.0,0.965986,0.133808,1.922975,-0.380837,-1.335940,2.207253,-0.089600,0.486000,0.869300,0.003200,0.133500,0.542300,0.828800,0.034500,0.916993,0.127566,1.755808,-0.100836,0.013868,1.408864,2.542153,-0.962663,-0.865127,0.888419,-2.386196,1.172582,0.220893,-0.710242,2.239845,0.767179,2.133299,-0.556394,-1.174809,1.507891,1,0,1.0000,1.0000,1,1,0,0,0.0000,0.0000,,,,,9803,9314,3286,2878,6825,7347,2978,1818,0,149,0.47296,-0.05114,0
1786019424.5513,E_right_up_r1,E,right,1,up,,245,147.2000,345.0000,173.0000,172.6000,0.0000,0.0000,332.9000,360.0000,97.3000,0.0000,100.0000,0.0000,274.0000,0.0000,-0.90500,0.07300,0.32400,3.24000,3.02000,0.92000,0.10000,0.05500,0.90600,2.76000,-1.25000,4.45000,9.0,1.0,1.0,0.0,0.965986,0.133808,1.922975,-0.380837,-1.335940,2.207253,-0.089600,0.486000,0.869300,0.003200,0.133500,0.542300,0.828800,0.034500,0.916993,0.127566,1.755808,-0.100836,0.013868,1.408864,2.542153,-0.962663,-0.865127,0.888419,-2.386196,1.172582,0.220893,-0.710242,2.239845,0.767179,2.133299,-0.556394,-1.174809,1.507891,1,0,1.0000,1.0000,1,1,0,0,0.0000,0.0000,,,,,9803,9314,3286,2878,6825,7347,2978,1818,0,149,0.47296,-0.05114,0
1786019424.5709,E_right_up_r1,E,right,1,up,,246,147.2000,345.0000,173.0000,172.6000,0.0000,0.0000,332.9000,360.0000,97.3000,0.0000,100.0000,0.0000,274.0000,0.0000,-0.90500,0.07300,0.32400,3.24000,3.02000,0.92000,0.10000,0.05500,0.90600,2.76000,-1.25000,4.45000,9.0,1.0,1.0,0.0,0.965986,0.133808,1.922975,-0.380837,-1.335940,2.207253,-0.089600,0.486000,0.869300,0.003200,0.133500,0.542300,0.828800,0.034500,0.916993,0.127566,1.755808,-0.100836,0.013868,1.408864,2.542153,-0.962663,-0.865127,0.888419,-2.386196,1.172582,0.220893,-0.710242,2.239845,0.767179,2.133299,-0.556394,-1.174809,1.507891,1,0,1.0000,1.0000,1,1,0,0,0.0000,0.0000,,,,,129436,125765,3313,2928,126090,123760,3346,1858,0,147,0.47296,-0.05114,0
1786019424.6004,E_right_up_r1,E,right,1,up,,247,147.3000,344.0000,173.0000,172.6000,0.0000,0.0000,332.7000,30.0000,95.5000,0.0000,100.0000,0.0000,273.8000,0.0000,-0.89000,0.06400,0.31600,2.72000,-1.50000,1.17000,0.13900,0.08300,0.91300,1.01000,-9.98000,2.73000,9.3,1.3,1.0,0.0,0.728792,0.711041,1.546358,-1.398048,-1.202410,2.896808,-0.089600,0.486000,0.869300,0.003200,0.133500,0.542300,0.828800,0.034500,0.916993,0.127566,1.755808,-0.100836,0.013868,1.408864,2.542153,-0.962663,-0.865127,0.888419,-2.386196,1.172582,0.220893,-0.710242,2.239845,0.767179,2.133299,-0.556394,-1.174809,1.507891,1,0,1.0000,1.0000,1,1,0,0,0.0000,0.0000,,,,,9803,125765,3286,2928,6825,123760,2978,1858,0,147,0.47296,-0.05114,0
1786019424.6133,E_right_up_r1,E,right,1,up,,248,147.3000,344.8000,173.0000,172.6000,0.0000,0.0000,332.7000,360.0000,95.4000,0.0000,100.0000,0.0000,273.8000,0.0000,-0.89100,0.06800,0.31200,0.99000,-1.93000,1.89000,0.16200,0.10100,0.92800,1.53000,-10.94000,3.86000,9.1,2.4,1.0,0.0,1.140789,1.460425,1.882438,-0.380837,-1.335940,2.207253,-0.089600,0.486000,0.869300,0.003200,0.133500,0.542300,0.828800,0.034500,0.916993,0.127566,1.755808,-0.100836,0.013868,1.408864,2.542153,-0.962663,-0.865127,0.888419,-2.386196,1.172582,0.220893,-0.710242,2.239845,0.767179,2.133299,-0.556394,-1.174809,1.507891,1,0,1.0000,1.0000,1,1,0,0,0.0000,0.0000,,,,,129436,9314,3313,2878,126090,7347,3346,1818,0,149,0.47296,-0.05114,0
1786019424.6392,E_right_up_r1,E,right,1,up,,249,147.3000,344.9000,173.0000,172.6000,0.0000,0.0000,32.8000,360.0000,952.0000,0.0000,100.0000,0.0000,273.7000,0.0000,-0.89200,0.05500,0.31800,2.61000,-2.98000,1.52000,0.16800,0.10600,0.96500,2.63000,-6.15000,0.82000,8.4,1.9,1.0,0.0,0.969475,0.133506,1.923785,-0.440117,-0.556123,2.413331,-0.089600,0.486000,0.869300,0.003200,0.133500,0.542300,0.828800,0.034500,0.916993,0.127566,1.755808,-0.100836,0.013868,1.408864,2.542153,-0.962663,-0.865127,0.888419,-2.386196,1.172582,0.220893,-0.710242,2.239845,0.767179,2.133299,-0.556394,-1.174809,1.507891,1,0,1.0000,1.0000,1,1,0,0,0.0000,0.0000,,,,,129436,125765,3313,2928,126090,123760,3346,1858,0,147,0.47296,-0.05114,0
1786019424.6539,E_right_up_r1,E,right,1,up,,250,147.3000,344.9000,173.0000,172.6000,0.0000,0.0000,332.8000,360.0000,952.0000,0.0000,100.0000,0.0000,273.7000,0.0000,-0.90000,0.04700,0.28900,6.54000,-3.50000,-2.29000,0.16800,0.10600,0.96500,2.63000,-6.15000,0.82000,8.4,1.9,1.0,0.0,0.969475,0.133506,1.923785,-0.440117,-0.556123,2.413331,-0.089600,0.486000,0.869300,0.003200,0.133500,0.542300,0.828800,0.034500,0.916993,0.127566,1.755808,-0.100836,0.013868,1.408864,2.542153,-0.962663,-0.865127,0.888419,-2.386196,1.172582,0.220893,-0.710242,2.239845,0.767179,2.133299,-0.556394,-1.174809,1.507891,1,0,1.0000,1.0000,1,1,0,0,0.0000,0.0000,,,,,129436,125765,3313,2928,126090,123760,3346,1858,0,147,0.47296,-0.05114,0
1786019424.6693,E_right_up_r1,E,right,1,up,,251,147.3000,344.9000,173.0000,172.6000,0.0000,0.0000,332.8000,360.0000,95.2000,0.0000,100.0000,0.0000,273.7000,0.0000,-0.90000,0.04700,0.28900,6.54000,-3.50000,-2.29000,0.15700,0.08700,0.95200,-13.59000,-9.75000,5.77000,8.8,1.4,1.0,0.0,0.969475,0.133506,1.923785,-0.380837,-1.335940,2.207253,-0.089600,0.486000,0.869300,0.003200,0.133500,0.542300,0.828800,0.034500,0.916993,0.127566,1.755808,-0.100836,0.013868,1.408864,2.542153,-0.962663,-0.865127,0.888419,-2.386196,1.172582,0.220893,-0.710242,2.239845,0.767179,2.133299,-0.556394,-1.174809,1.507891,1,0,1.0000,1.0000,1,1,0,0,0.0000,0.0000,,,,,129436,125765,3313,2928,126090,123760,3346,1858,0,147,0.47296,-0.05114,0
1786019424.6988,E_right_up_r1,E,right,1,up,,252,147.3000,344.9000,173.0000,172.6000,0.0000,0.0000,332.8000,360.0000,95.2000,0.0000,100.0000,0.0000,273.7000,0.0000,-0.90000,0.04700,0.28900,6.54000,-3.50000,-2.29000,0.15700,0.08700,0.95200,-13.59000,-9.75000,5.77000,8.8,1.4,1.0,0.0,0.969475,0.133506,1.923785,-0.380837,-1.335940,2.207253,-0.089600,0.486000,0.869300,0.003200,0.133500,0.542300,0.828800,0.034500,0.916993,0.127566,1.755808,-0.100836,0.013868,1.408864,2.542153,-0.962663,-0.865127,0.888419,-2.386196,1.172582,0.220893,-0.710242,2.239845,0.767179,2.133299,-0.556394,-1.174809,1.507891,1,0,1.0000,1.0000,1,1,0,0,0.0000,0.0000,,,,,9803,125765,3286,2928,6825,123760,2978,1858,0,147,0.47296,-0.05114,0
1786019424.7188,E_right_up_r1,E,right,1,up,,253,147.2000,344.9000,173.0000,172.7000,0.0000,0.0000,332.7000,360.0000,95.3000,0.0000,100.2000,0.0000,273.6000,0.0000,-0.87600,0.04500,0.32900,3.23000,6.41000,2.18000,0.22000,0.05500,0.91200,7.08000,-11.31000,-2.68000,8.9,1.9,1.0,0.0,1.139498,1.460547,1.881992,-0.440117,-0.556123,2.413331,-0.089600,0.486000,0.869300,0.003200,0.133500,0.542300,0.828800,0.034500,0.916993,0.127566,1.755808,-0.100836,0.013868,1.408864,2.542153,-0.962663,-0.865127,0.888419,-2.386196,1.172582,0.220893,-0.710242,2.239845,0.767179,2.133299,-0.556394,-1.174809,1.507891,1,0,1.0000,1.0000,1,1,0,0,0.0000,0.0000,,,,,129436,9314,3313,2878,126090,7347,3346,1818,0,149,0.47296,-0.05114,0
1786019424.7327,E_right_up_r1,E,right,1,up,,254,147.2000,344.9000,173.0000,172.7000,0.0000,0.0000,332.7000,360.0000,95.3000,0.0000,100.2000,0.0000,273.6000,0.0000,-0.87600,0.04500,0.32900,3.23000,6.41000,2.18000,0.22000,0.05500,0.91200,7.08000,-11.31000,-2.68000,8.9,1.9,1.0,0.0,1.139498,1.460547,1.881992,-0.440117,-0.556123,2.413331,-0.089600,0.486000,0.869300,0.003200,0.133500,0.542300,0.828800,0.034500,0.916993,0.127566,1.755808,-0.100836,0.013868,1.408864,2.542153,-0.962663,-0.865127,0.888419,-2.386196,1.172582,0.220893,-0.710242,2.239845,0.767179,2.133299,-0.556394,-1.174809,1.507891,1,0,1.0000,1.0000,1,1,0,0,0.0000,0.0000,,,,,129436,125765,3313,2928,126090,123760,3346,1858,0,147,0.47296,-0.05114,0
1786019424.7560,E_right_up_r1,E,right,1,up,,255,147.2000,344.9000,173.1000,172.7000,0.0000,0.0000,332.7000,360.0000,95.3000,0.0000,100.2000,0.0000,273.7000,0.0000,-0.86100,0.02700,0.33100,5.64000,4.60000,1.72000,0.24400,0.07300,0.91800,3.82000,-7.91000,-0.15000,9.2,1.2,1.0,0.0,0.726284,0.711291,1.544975,-1.398048,-1.202410,2.896808,-0.089600,0.486000,0.869300,0.003200,0.133500,0.542300,0.828800,0.034500,0.916993,0.127566,1.755808,-0.100836,0.013868,1.408864,2.542153,-0.962663,-0.865127,0.888419,-2.386196,1.172582,0.220893,-0.710242,2.239845,0.767179,2.133299,-0.556394,-1.174809,1.507891,1,0,1.0000,1.0000,1,1,0,0,0.0000,0.0000,,,,,129436,125765,3313,2928,126090,123760,3346,1858,0,147,0.47296,-0.05114,0
1786019424.7704,E_right_up_r1,E,right,1,up,,256,147.2000,344.9000,173.1000,172.7000,0.0000,0.0000,332.7000,360.0000,95.3000,0.0000,100.2000,0.0000,273.7000,0.0000,-0.86100,0.02700,0.33100,5.64000,4.60000,1.72000,0.24400,0.07300,0.91800,3.82000,-7.91000,-0.15000,9.2,1.2,1.0,0.0,0.726284,0.711291,1.544975,-1.398048,-1.202410,2.896808,-0.089600,0.486000,0.869300,0.003200,0.133500,0.542300,0.828800,0.034500,0.916993,0.127566,1.755808,-0.100836,0.013868,1.408864,2.542153,-0.962663,-0.865127,0.888419,-2.386196,1.172582,0.220893,-0.710242,2.239845,0.767179,2.133299,-0.556394,-1.174809,1.507891,1,0,1.0000,1.0000,1,1,0,0,0.0000,0.0000,,,,,129436,125765,3313,2928,126090,123760,3346,1858,0,147,0.47296,-0.05114,0
1786019424.7973,E_right_up_r1,E,right,1,up,,257,147.2000,344.9000,173.1000,172.7000,0.0000,0.0000,332.7000,360.0000,95.3000,0.0000,100.1000,0.0000,273.7000,0.0000,-0.88200,0.03500,0.33700,9.37000,4.53000,2.05000,0.20100,0.05100,0.88500,1.34000,-1.95000,2.47000,10.1,0.9,1.0,0.0,0.967226,0.133737,1.922872,-0.380837,-1.335940,2.207253,-0.089600,0.486000,0.869300,0.003200,0.133500,0.542300,0.828800,0.034500,0.916993,0.127566,1.755808,-0.100836,0.013868,1.408864,2.542153,-0.962663,-0.865127,0.888419,-2.386196,1.172582,0.220893,-0.710242,2.239845,0.767179,2.133299,-0.556394,-1.174809,1.507891,1,0,1.0000,1.0000,1,1,0,0,0.0000,0.0000,,,,,129436,125765,3313,2928,126090,123760,3346,1858,0,147,0.47296,-0.05114,0
1786019424.8142,E_right_up_r1,E,right,1,up,,258,147.2000,344.9000,173.1000,172.7000,0.0000,0.0000,332.7000,360.0000,95.3000,0.0000,100.1000,0.0000,273.7000,0.0000,-0.91500,0.06600,0.34200,0.77000,8.53000,1.35000,0.20100,0.05100,0.88500,1.34000,-1.95000,2.47000,9.5,1.3,1.0,0.0,0.726452,0.711260,1.544582,-0.380837,-1.335940,2.207253,-0.089600,0.486000,0.869300,0.003200,0.133500,0.542300,0.828800,0.034500,0.916993,0.127566,1.755808,-0.100836,0.013868,1.408864,2.542153,-0.962663,-0.865127,0.888419,-2.386196,1.172582,0.220893,-0.710242,2.239845,0.767179,2.133299,-0.556394,-1.174809,1.507891,1,0,1.0000,1.0000,1,1,0,0,0.0000,0.0000,,,,,129436,125765,3313,2928,126090,123760,3346,1858,0,147,0.47296,-0.05114,0
1786019424.8379,E_right_up_r1,E,right,1,up,,259,147.2000,344.9000,173.1000,17.7000,0.0000,0.0000,332.7000,360.0000,95.0000,0.0000,100.1000,0.0000,273.5000,0.0000,-0.91500,0.06300,0.34500,-3.33000,6.36000,0.30000,0.14500,0.03500,0.90200,-1.44000,-4.68000,-4.94000,9.5,1.3,1.0,0.0,0.966645,0.133779,1.922614,-0.380837,-1.335940,2.207253,-0.089600,0.486000,0.869300,0.003200,0.133500,0.542300,0.828800,0.034500,0.916993,0.127566,1.755808,-0.100836,0.013868,1.408864,2.542153,-0.962663,-0.865127,0.888419,-2.386196,1.172582,0.220893,-0.710242,2.239845,0.767179,2.133299,-0.556394,-1.174809,1.507891,1,0,1.0000,1.0000,0,1,1,0,0.0684,0.0000,,,,,129436,9314,3313,2878,126090,7347,3346,1818,0,149,0.47296,-0.05114,0
1786019424.8495,E_right_up_r1,E,right,1,up,,260,147.2000,344.9000,173.1000,17.7000,0.0000,0.0000,332.7000,360.0000,95.3000,0.0000,100.1000,0.0000,273.6000,0.0000,-0.91500,0.06300,0.34500,-3.33000,6.36000,0.30000,0.16100,0.05600,0.88600,-0.60000,-4.00000,-1.72000,9.5,1.3,1.0,0.0,0.966645,0.133779,1.922614,-1.398048,-1.202410,2.896808,-0.089600,0.486000,0.869300,0.003200,0.133500,0.542300,0.828800,0.034500,0.916993,0.127566,1.755808,-0.100836,0.013868,1.408864,2.542153,-0.962663,-0.865127,0.888419,-2.386196,1.172582,0.220893,-0.710242,2.239845,0.767179,2.133299,-0.556394,-1.174809,1.507891,1,0,1.0000,1.0000,0,1,1,0,0.0684,0.0000,,,,,9803,9314,3286,2878,6825,7347,2978,1818,0,149,0.47296,-0.05114,0
1786019424.8810,E_right_up_r1,E,right,1,up,,261,147.2000,344.9000,173.1000,172.8000,0.0000,0.0000,332.6000,360.0000,95.4000,0.0000,100.1000,0.0000,273.4000,0.0000,-0.85700,0.03100,0.30000,0.20000,-5.74000,-0.28000,0.17800,0.07800,0.87800,-4.93000,-5.84000,-5.69000,9.6,2.5,1.0,0.0,0.966735,0.133755,1.922562,-0.380837,-1.335940,2.207253,-0.089600,0.486000,0.869300,0.003200,0.133500,0.542300,0.828800,0.034500,0.916993,0.127566,1.755808,-0.100836,0.013868,1.408864,2.542153,-0.962663,-0.865127,0.888419,-2.386196,1.172582,0.220893,-0.710242,2.239845,0.767179,2.133299,-0.556394,-1.174809,1.507891,1,0,1.0000,1.0000,1,1,0,0,0.0000,0.0000,,,,,129436,125765,3314,2928,126090,123760,3346,1858,0,147,0.47296,-0.05114,0
1786019424.8938,E_right_up_r1,E,right,1,up,,262,147.2000,344.9000,173.1000,172.8000,0.0000,0.0000,332.6000,360.0000,95.4000,0.0000,100.1000,0.0000,273.4000,0.0000,-0.85700,0.03100,0.30000,0.20000,-5.74000,-0.28000,0.17800,0.07800,0.87800,-4.93000,-5.84000,-5.69000,9.6,2.5,1.0,0.0,0.966735,0.133755,1.922562,-0.380837,-1.335940,2.207253,-0.089600,0.486000,0.869300,0.003200,0.133500,0.542300,0.828800,0.034500,0.916993,0.127566,1.755808,-0.100836,0.013868,1.408864,2.542153,-0.962663,-0.865127,0.888419,-2.386196,1.172582,0.220893,-0.710242,2.239845,0.767179,2.133299,-0.556394,-1.174809,1.507891,1,0,1.0000,1.0000,1,1,0,0,0.0000,0.0000,,,,,9803,9314,3287,2879,6825,7347,2978,1818,0,149,0.47296,-0.05114,0
1786019424.9207,E_right_up_r1,E,right,1,up,,263,147.2000,345.0000,173.0000,172.8000,0.0000,0.0000,332.6000,360.0000,95.4000,0.0000,100.1000,0.0000,273.5000,0.0000,-0.89000,0.05700,0.28900,4.60000,-5.79000,3.27000,0.17400,0.04100,0.89400,-0.66000,-3.24000,-1.27000,9.9,2.3,1.0,0.0,1.141887,1.460281,1.882731,-0.380837,-1.335940,2.207253,-0.089600,0.486000,0.869300,0.003200,0.133500,0.542300,0.828800,0.034500,0.916993,0.127566,1.755808,-0.100836,0.013868,1.408864,2.542153,-0.962663,-0.865127,0.888419,-2.386196,1.172582,0.220893,-0.710242,2.239845,0.767179,2.133299,-0.556394,-1.174809,1.507891,1,0,1.0000,1.0000,1,1,0,0,0.0000,0.0000,,,,,129436,125765,3314,2929,126090,123760,3346,1858,0,147,0.47296,-0.05114,0
1786019424.9314,E_right_up_r1,E,right,1,up,,264,147.2000,344.8000,173.0000,172.8000,0.0000,0.0000,332.6000,360.0000,95.4000,0.0000,100.0000,0.0000,273.5000,0.0000,-0.90100,0.07000,0.29000,2.73000,-1.04000,4.94000,0.15300,0.06400,0.92000,-5.52000,-10.31000,0.62000,957.0,2.1,1.0,0.0,0.969678,0.133431,1.923497,-0.382290,-1.336369,2.228697,-0.089600,0.486000,0.869300,0.003200,0.133500,0.542300,0.828800,0.034500,0.916993,0.127566,1.755808,-0.100836,0.013868,1.408864,2.542153,-0.962663,-0.865127,0.888419,-2.386196,1.172582,0.220893,-0.710242,2.239845,0.767179,2.133299,-0.556394,-1.174809,1.507891,1,1,1.0000,1.0000,1,1,0,0,0.0000,0.0000,,,,,129436,125765,3314,2929,126090,123760,3346,1858,0,147,0.47296,-0.05114,0
1786019424.9610,E_right_up_r1,E,right,1,up,,265,147.2000,344.8000,173.0000,172.8000,0.0000,0.0000,332.6000,360.0000,95.4000,0.0000,100.0000,0.0000,273.5000,0.0000,-0.90100,0.07000,0.29000,2.73000,-1.04000,4.94000,0.15300,0.06400,0.92000,-5.52000,-10.31000,0.62000,9.7,1.6,1.0,0.0,0.969678,0.133431,1.923497,-0.382290,-1.336369,2.228697,-0.089600,0.486000,0.869300,0.003200,0.133500,0.542300,0.828800,0.034500,0.916993,0.127566,1.755808,-0.100836,0.013868,1.408864,2.542153,-0.962663,-0.865127,0.888419,-2.386196,1.172582,0.220893,-0.710242,2.239845,0.767179,2.133299,-0.556394,-1.174809,1.507891,1,1,1.0000,1.0000,1,1,0,0,0.0000,0.0000,,,,,9803,9314,3287,2879,6825,7347,2978,1818,0,149,0.47296,-0.05114,0
1786019424.9732,E_right_up_r1,E,right,1,up,,266,147.2000,344.8000,173.0000,172.8000,0.0000,0.0000,332.6000,360.0000,95.4000,0.0000,100.0000,0.0000,273.5000,0.0000,-0.90100,0.07000,0.29000,2.73000,-1.04000,4.94000,0.15300,0.06400,0.92000,-5.52000,-10.31000,0.62000,9.7,1.6,1.0,0.0,0.969678,0.133431,1.923497,-0.382290,-1.336369,2.228697,-0.089600,0.486000,0.869300,0.003200,0.133500,0.542300,0.828800,0.034500,0.916993,0.127566,1.755808,-0.100836,0.013868,1.408864,2.542153,-0.962663,-0.865127,0.888419,-2.386196,1.172582,0.220893,-0.710242,2.239845,0.767179,2.133299,-0.556394,-1.174809,1.507891,1,1,1.0000,1.0000,1,1,0,0,0.0000,0.0000,,,,,9803,125765,3287,2929,6825,123760,2978,1858,0,147,0.47296,-0.05114,0
1786019424.9941,E_right_up_r1,E,right,1,up,,267,147.2000,344.0000,173.0000,173.1000,0.0000,0.0000,332.6000,360.0000,95.4000,0.0000,100.1000,0.0000,273.4000,0.0000,-0.88900,0.03700,0.30500,6.30000,2.83000,2.70000,0.20200,0.05300,0.91100,-4.23000,0.60000,-2.63000,9.6,2.6,1.0,0.0,0.727371,0.711152,1.544416,-1.398048,-1.202410,2.896808,-0.089600,0.486000,0.869300,0.003200,0.133500,0.542300,0.828800,0.034500,0.916993,0.127566,1.755808,-0.100836,0.013868,1.408864,2.542153,-0.962663,-0.865127,0.888419,-2.386196,1.172582,0.220893,-0.710242,2.239845,0.767179,2.133299,-0.556394,-1.174809,1.507891,1,0,1.0000,1.0000,1,1,0,0,0.0000,0.0000,,,,,129436,125765,3314,2929,126090,123760,3346,1858,0,147,0.47296,-0.05114,0
1786019425.0127,E_right_up_r1,E,right,1,up,,268,147.2000,344.0000,173.0000,173.1000,0.0000,0.0000,332.6000,360.0000,95.4000,0.0000,100.1000,0.0000,273.4000,0.0000,-0.88900,0.03700,0.30500,6.30000,2.83000,2.70000,0.20200,0.05300,0.91100,-4.23000,0.60000,-2.63000,9.6,2.6,1.0,0.0,0.727371,0.711152,1.544416,-1.398048,-1.202410,2.896808,-0.089600,0.486000,0.869300,0.003200,0.133500,0.542300,0.828800,0.034500,0.916993,0.127566,1.755808,-0.100836,0.013868,1.408864,2.542153,-0.962663,-0.865127,0.888419,-2.386196,1.172582,0.220893,-0.710242,2.239845,0.767179,2.133299,-0.556394,-1.174809,1.507891,1,0,1.0000,1.0000,1,1,0,0,0.0000,0.0000,,,,,129436,125765,3314,2929,126090,123760,3346,1858,0,147,0.47296,-0.05114,0
1786019425.0321,E_right_up_r1,E,right,1,up,,269,147.2000,344.0000,173.0000,173.1000,0.0000,0.0000,332.6000,360.0000,95.4000,0.0000,100.1000,0.0000,273.4000,0.0000,-0.88900,0.03700,0.30500,6.30000,2.83000,2.70000,0.20200,0.05300,0.91100,-4.23000,0.60000,-2.63000,9.6,2.6,1.0,0.0,0.727371,0.711152,1.544416,-1.398048,-1.202410,2.896808,-0.089600,0.486000,0.869300,0.003200,0.133500,0.542300,0.828800,0.034500,0.916993,0.127566,1.755808,-0.100836,0.013868,1.408864,2.542153,-0.962663,-0.865127,0.888419,-2.386196,1.172582,0.220893,-0.710242,2.239845,0.767179,2.133299,-0.556394,-1.174809,1.507891,1,0,1.0000,1.0000,1,1,0,0,0.0000,0.0000,,,,,9803,9314,3287,2879,6825,7347,2978,1818,0,149,0.47296,-0.05114,0
1786019425.0631,E_right_up_r1,E,right,1,up,,270,147.3000,344.9000,173.0000,173.0000,0.0000,0.0000,332.6000,360.0000,95.4000,0.0000,100.2000,0.0000,273.4000,0.0000,-0.88300,0.05600,0.33500,0.50000,6.99000,4.47000,0.19300,0.05600,0.91400,-4.71000,-1.47000,0.67000,9.2,3.4,1.0,0.0,0.967097,0.133734,1.922492,-0.381607,-1.336154,2.236730,-0.089600,0.486000,0.869300,0.003200,0.133500,0.542300,0.828800,0.034500,0.916993,0.127566,1.755808,-0.100836,0.013868,1.408864,2.542153,-0.962663,-0.865127,0.888419,-2.386196,1.172582,0.220893,-0.710242,2.239845,0.767179,2.133299,-0.556394,-1.174809,1.507891,1,1,1.0000,1.0000,1,1,0,0,0.0000,0.0000,,,,,9803,9314,3287,2879,6825,7347,2978,1818,0,149,0.47296,-0.05114,0
1786019425.0799,E_right_up_r1,E,right,1,up,,271,147.3000,344.9000,173.0000,173.0000,0.0000,0.0000,332.6000,360.0000,95.4000,0.0000,100.2000,0.0000,273.4000,0.0000,-0.88300,0.05600,0.33500,0.50000,6.99000,4.47000,0.19300,0.05600,0.91400,-4.71000,-1.47000,0.67000,9.2,3.4,1.0,0.0,0.967097,0.133734,1.922492,-0.381607,-1.336154,2.236730,-0.089600,0.486000,0.869300,0.003200,0.133500,0.542300,0.828800,0.034500,0.916993,0.127566,1.755808,-0.100836,0.013868,1.408864,2.542153,-0.962663,-0.865127,0.888419,-2.386196,1.172582,0.220893,-0.710242,2.239845,0.767179,2.133299,-0.556394,-1.174809,1.507891,1,1,1.0000,1.0000,1,1,0,0,0.0000,0.0000,,,,,9803,9314,3287,2879,6825,7347,2978,1818,0,149,0.47296,-0.05114,0
1786019425.1053,E_right_up_r1,E,right,1,up,,272,147.3000,344.9000,173.0000,173.0000,0.0000,0.0000,332.6000,360.0000,95.4000,0.0000,100.2000,0.0000,273.4000,0.0000,-0.88300,0.05600,0.33500,0.50000,6.99000,4.47000,0.19300,0.05600,0.91400,-4.71000,-1.47000,0.67000,9.2,3.4,1.0,0.0,0.967097,0.133734,1.922492,-0.381607,-1.336154,2.236730,-0.089600,0.486000,0.869300,0.003200,0.133500,0.542300,0.828800,0.034500,0.916993,0.127566,1.755808,-0.100836,0.013868,1.408864,2.542153,-0.962663,-0.865127,0.888419,-2.386196,1.172582,0.220893,-0.710242,2.239845,0.767179,2.133299,-0.556394,-1.174809,1.507891,1,1,1.0000,1.0000,1,1,0,0,0.0000,0.0000,,,,,129436,125765,3314,2929,126090,123760,3346,1858,0,147,0.47296,-0.05114,0
1786019425.1140,E_right_up_r1,E,right,1,up,,273,147.3000,344.9000,173.0000,173.0000,0.0000,0.0000,332.6000,360.0000,95.4000,0.0000,100.2000,0.0000,273.4000,0.0000,-0.88300,0.05600,0.33500,0.50000,6.99000,4.47000,0.19300,0.05600,0.91400,-4.71000,-1.47000,0.67000,9.2,3.4,1.0,0.0,0.967097,0.133734,1.922492,-0.381607,-1.336154,2.236730,-0.089600,0.486000,0.869300,0.003200,0.133500,0.542300,0.828800,0.034500,0.916993,0.127566,1.755808,-0.100836,0.013868,1.408864,2.542153,-0.962663,-0.865127,0.888419,-2.386196,1.172582,0.220893,-0.710242,2.239845,0.767179,2.133299,-0.556394,-1.174809,1.507891,1,1,1.0000,1.0000,1,1,0,0,0.0000,0.0000,,,,,129436,125765,3314,2929,126090,123760,3346,1858,0,147,0.47296,-0.05114,0
1786019425.1362,E_right_up_r1,E,right,1,up,,274,147.3000,345.0000,173.0000,173.0000,0.0000,0.0000,332.5000,360.0000,95.4000,0.0000,100.1000,0.0000,273.3000,0.0000,-0.87700,0.06600,0.30700,0.94000,-0.31000,2.25000,0.20100,0.05700,0.92700,-1.71000,1.11000,1.80000,9.6,1.6,1.0,0.0,0.968285,0.133634,1.922825,-0.381619,-1.336158,2.236828,-0.089600,0.486000,0.869300,0.003200,0.133500,0.542300,0.828800,0.034500,0.916993,0.127566,1.755808,-0.100836,0.013868,1.408864,2.542153,-0.962663,-0.865127,0.888419,-2.386196,1.172582,0.220893,-0.710242,2.239845,0.767179,2.133299,-0.556394,-1.174809,1.507891,1,1,1.0000,1.0000,1,1,0,0,0.0000,0.0000,,,,,9803,9314,3288,2880,6825,7347,2978,1818,0,149,0.47296,-0.05114,0
1786019425.1608,E_right_up_r1,E,right,1,up,,275,147.3000,345.0000,173.0000,173.0000,0.0000,0.0000,332.5000,360.0000,95.4000,0.0000,100.1000,0.0000,273.3000,0.0000,-0.87700,0.06600,0.30700,0.94000,-0.31000,2.25000,0.20100,0.05700,0.92700,-1.71000,1.11000,1.80000,9.6,1.6,1.0,0.0,0.968285,0.133634,1.922825,-0.381619,-1.336158,2.236828,-0.089600,0.486000,0.869300,0.003200,0.133500,0.542300,0.828800,0.034500,0.916993,0.127566,1.755808,-0.100836,0.013868,1.408864,2.542153,-0.962663,-0.865127,0.888419,-2.386196,1.172582,0.220893,-0.710242,2.239845,0.767179,2.133299,-0.556394,-1.174809,1.507891,1,1,1.0000,1.0000,1,1,0,0,0.0000,0.0000,,,,,9803,125765,3288,2929,6825,123760,2978,1858,0,147,0.47296,-0.05114,0
1786019425.1749,E_right_up_r1,E,right,1,up,,276,147.3000,35.0000,173.0000,173.0000,0.0000,0.0000,332.5000,360.0000,95.4000,0.0000,100.1000,0.0000,273.3000,0.0000,-0.89500,0.06400,0.29800,-1.06000,1.16000,3.76000,0.20100,0.05700,0.92700,-1.71000,1.11000,1.80000,9.6,1.6,1.0,0.0,0.727752,0.711146,1.549897,-0.381619,-1.336158,2.236828,-0.089600,0.486000,0.869300,0.003200,0.133500,0.542300,0.828800,0.034500,0.916993,0.127566,1.755808,-0.100836,0.013868,1.408864,2.542153,-0.962663,-0.865127,0.888419,-2.386196,1.172582,0.220893,-0.710242,2.239845,0.767179,2.133299,-0.556394,-1.174809,1.507891,1,1,1.0000,1.0000,1,1,0,0,0.0000,0.0000,,,,,129436,125765,3315,2930,126090,123760,3346,1858,0,147,0.47296,-0.05114,0
1786019425.1928,E_right_up_r1,E,right,1,up,,277,147.3000,35.0000,173.0000,173.0000,0.0000,0.0000,332.5000,360.0000,95.4000,0.0000,100.1000,0.0000,273.3000,0.0000,-0.89500,0.06400,0.29800,-1.06000,1.16000,3.76000,0.20100,0.05700,0.92700,-1.71000,1.11000,1.80000,9.6,1.6,1.0,0.0,0.727752,0.711146,1.549897,-0.381619,-1.336158,2.236828,-0.089600,0.486000,0.869300,0.003200,0.133500,0.542300,0.828800,0.034500,0.916993,0.127566,1.755808,-0.100836,0.013868,1.408864,2.542153,-0.962663,-0.865127,0.888419,-2.386196,1.172582,0.220893,-0.710242,2.239845,0.767179,2.133299,-0.556394,-1.174809,1.507891,1,1,1.0000,1.0000,1,1,0,0,0.0000,0.0000,,,,,129436,9314,3315,2880,126090,7347,3346,1818,0,149,0.47296,-0.05114,0
1786019425.2128,E_right_up_r1,E,right,1,up,,278,147.3000,345.0000,173.0000,173.0000,0.0000,0.0000,332.5000,360.0000,95.4000,0.0000,100.1000,0.0000,273.3000,0.0000,-0.89000,0.05500,0.29700,2.31000,3.39000,3.95000,0.20100,0.05700,0.92700,-1.71000,1.11000,1.80000,9.6,1.6,1.0,0.0,0.969605,0.133513,1.923224,-0.381619,-1.336158,2.236828,-0.089600,0.486000,0.869300,0.003200,0.133500,0.542300,0.828800,0.034500,0.916993,0.127566,1.755808,-0.100836,0.013868,1.408864,2.542153,-0.962663,-0.865127,0.888419,-2.386196,1.172582,0.220893,-0.710242,2.239845,0.767179,2.133299,-0.556394,-1.174809,1.507891,1,1,1.0000,1.0000,1,1,0,0,0.0000,0.0000,,,,,129436,9314,3315,2880,126090,7347,3346,1818,0,149,0.47296,-0.05114,0
1786019425.2315,E_right_up_r1,E,right,1,up,,279,147.3000,345.0000,173.0000,173.0000,0.0000,0.0000,332.5000,360.0000,95.4000,0.0000,100.1000,0.0000,273.3000,0.0000,-0.89000,0.05500,0.29700,2.31000,3.39000,3.95000,0.20100,0.05700,0.92700,-1.71000,1.11000,1.80000,9.6,1.6,1.0,0.0,0.969605,0.133513,1.923224,-0.381619,-1.336158,2.236828,-0.089600,0.486000,0.869300,0.003200,0.133500,0.542300,0.828800,0.034500,0.916993,0.127566,1.755808,-0.100836,0.013868,1.408864,2.542153,-0.962663,-0.865127,0.888419,-2.386196,1.172582,0.220893,-0.710242,2.239845,0.767179,2.133299,-0.556394,-1.174809,1.507891,1,1,1.0000,1.0000,1,1,0,0,0.0000,0.0000,,,,,9803,9314,3288,2880,6825,7347,2978,1818,0,149,0.47296,-0.05114,0
1786019425.2517,E_right_up_r1,E,right,1,up,,280,147.3000,345.0000,173.0000,173.0000,0.0000,0.0000,332.5000,360.0000,95.4000,0.0000,100.1000,0.0000,273.3000,0.0000,-0.89000,0.05500,0.29700,2.31000,3.39000,3.95000,0.20100,0.05700,0.92700,-1.71000,1.11000,1.80000,9.6,1.6,1.0,0.0,0.969605,0.133513,1.923224,-0.381619,-1.336158,2.236828,-0.089600,0.486000,0.869300,0.003200,0.133500,0.542300,0.828800,0.034500,0.916993,0.127566,1.755808,-0.100836,0.013868,1.408864,2.542153,-0.962663,-0.865127,0.888419,-2.386196,1.172582,0.220893,-0.710242,2.239845,0.767179,2.133299,-0.556394,-1.174809,1.507891,1,1,1.0000,1.0000,1,1,0,0,0.0000,0.0000,,,,,129436,9314,3315,2880,126090,7347,3346,1818,0,149,0.47296,-0.05114,0
1786019425.2687,E_right_up_r1,E,right,1,up,,281,147.3000,345.0000,173.0000,173.0000,0.0000,0.0000,332.5000,360.0000,95.4000,0.0000,100.1000,0.0000,273.3000,0.0000,-0.89000,0.05500,0.29700,2.31000,3.39000,3.95000,0.20100,0.05700,0.92700,-1.71000,1.11000,1.80000,9.6,1.6,1.0,0.0,0.969605,0.133513,1.923224,-0.381619,-1.336158,2.236828,-0.089600,0.486000,0.869300,0.003200,0.133500,0.542300,0.828800,0.034500,0.916993,0.127566,1.755808,-0.100836,0.013868,1.408864,2.542153,-0.962663,-0.865127,0.888419,-2.386196,1.172582,0.220893,-0.710242,2.239845,0.767179,2.133299,-0.556394,-1.174809,1.507891,1,1,1.0000,1.0000,1,1,0,0,0.0000,0.0000,,,,,9803,125765,3288,2930,6825,123760,2978,1858,0,147,0.47296,-0.05114,0
1786019425.2898,E_right_up_r1,E,right,1,up,,282,147.3000,345.0000,173.0000,173.0000,0.0000,0.0000,332.5000,360.0000,95.4000,0.0000,100.1000,0.0000,273.3000,0.0000,-0.89000,0.05500,0.29700,2.31000,3.39000,3.95000,0.20100,0.05700,0.92700,-1.71000,1.11000,1.80000,9.6,1.6,1.0,0.0,0.969605,0.133513,1.923224,-0.381619,-1.336158,2.236828,-0.089600,0.486000,0.869300,0.003200,0.133500,0.542300,0.828800,0.034500,0.916993,0.127566,1.755808,-0.100836,0.013868,1.408864,2.542153,-0.962663,-0.865127,0.888419,-2.386196,1.172582,0.220893,-0.710242,2.239845,0.767179,2.133299,-0.556394,-1.174809,1.507891,1,1,1.0000,1.0000,1,1,0,0,0.0000,0.0000,,,,,9803,125765,3288,2930,6825,123760,2978,1858,0,147,0.47296,-0.05114,0
1786019425.3157,E_right_up_r1,E,right,1,up,,283,147.3000,345.0000,172.9000,173.0000,0.0000,0.0000,332.5000,360.0000,95.3000,0.0000,100.2000,0.0000,273.3000,0.0000,-0.90100,0.05300,0.31900,3.30000,2.69000,2.89000,0.17400,0.07200,0.88200,-6.32000,3.21000,-1.04000,9.9,1.3,1.0,0.0,0.728153,0.711127,1.548161,-1.398048,-1.202410,2.896808,-0.089600,0.486000,0.869300,0.003200,0.133500,0.542300,0.828800,0.034500,0.916993,0.127566,1.755808,-0.100836,0.013868,1.408864,2.542153,-0.962663,-0.865127,0.888419,-2.386196,1.172582,0.220893,-0.710242,2.239845,0.767179,2.133299,-0.556394,-1.174809,1.507891,1,0,1.0000,1.0000,1,1,0,0,0.0000,0.0000,,,,,9803,9314,3288,2880,6825,7347,2978,1818,0,149,0.47296,-0.05114,0
1786019425.3295,E_right_up_r1,E,right,1,up,,284,147.3000,345.0000,172.9000,173.0000,0.0000,0.0000,332.5000,360.0000,95.3000,0.0000,100.2000,0.0000,273.3000,0.0000,-0.89900,0.05300,0.31900,2.23000,1.07000,0.63000,0.16800,0.05300,0.88700,-6.30000,2.80000,-0.06000,9.9,2.7,1.0,0.0,0.728394,0.711118,1.546932,-1.398048,-1.202410,2.896808,-0.089600,0.486000,0.869300,0.003200,0.133500,0.542300,0.828800,0.034500,0.916993,0.127566,1.755808,-0.100836,0.013868,1.408864,2.542153,-0.962663,-0.865127,0.888419,-2.386196,1.172582,0.220893,-0.710242,2.239845,0.767179,2.133299,-0.556394,-1.174809,1.507891,1,0,1.0000,1.0000,1,1,0,0,0.0000,0.0000,,,,,129436,9314,3315,2880,126090,7347,3346,1818,0,149,0.47296,-0.05114,0
1786019425.3591,E_right_up_r1,E,right,1,up,,285,147.3000,345.0000,172.9000,173.0000,0.0000,0.0000,332.5000,36097.0000,95.5000,0.0000,100.2000,0.0000,273.3000,0.0000,-0.89900,0.05300,0.31900,2.23000,1.07000,0.63000,0.16800,0.03500,0.89700,-2.72000,-2.02000,-0.27000,10.2,1.5,1.0,0.0,0.728394,0.711118,1.546932,-1.398048,-1.202410,2.896808,-0.089600,0.486000,0.869300,0.003200,0.133500,0.542300,0.828800,0.034500,0.916993,0.127566,1.755808,-0.100836,0.013868,1.408864,2.542153,-0.962663,-0.865127,0.888419,-2.386196,1.172582,0.220893,-0.710242,2.239845,0.767179,2.133299,-0.556394,-1.174809,1.507891,1,0,1.0000,1.0000,1,0,0,1,0.0000,0.0252,,,,,129436,9314,3316,2881,126090,7347,3346,1818,0,149,0.47296,-0.05114,0
1786019425.3700,E_right_up_r1,E,right,1,up,,286,147.3000,345.0000,173.0000,173.0000,0.0000,0.0000,332.5000,360.0000,95.6000,0.0000,100.2000,0.0000,273.5000,0.0000,-0.88900,0.05100,0.32800,-0.34000,-1.67000,1.74000,0.20400,0.04400,0.91200,-3.65000,-2.41000,-1.93000,9.3,2.2,1.0,0.0,1.140848,1.460475,1.882139,-1.398048,-1.202410,2.896808,-0.089600,0.486000,0.869300,0.003200,0.133500,0.542300,0.828800,0.034500,0.916993,0.127566,1.755808,-0.100836,0.013868,1.408864,2.542153,-0.962663,-0.865127,0.888419,-2.386196,1.172582,0.220893,-0.710242,2.239845,0.767179,2.133299,-0.556394,-1.174809,1.507891,1,0,1.0000,1.0000,1,1,0,0,0.0000,0.0000,,,,,9803,125765,3289,2930,6825,123760,2978,1858,0,147,0.47296,-0.05114,0
1786019425.3952,E_right_up_r1,E,right,1,up,,287,147.3000,345.0000,172.8000,173.0000,0.0000,0.0000,332.5000,360.0000,95.5000,0.0000,10.2000,0.0000,273.5000,0.0000,-0.87500,0.04100,0.32800,0.17000,-4.11000,1.90000,0.18800,0.04800,0.91200,-3.49000,-3.59000,-1.24000,9.7,1.9,1.0,0.0,0.967723,0.133723,1.922601,-0.440117,-0.556123,2.413331,-0.089600,0.486000,0.869300,0.003200,0.133500,0.542300,0.828800,0.034500,0.916993,0.127566,1.755808,-0.100836,0.013868,1.408864,2.542153,-0.962663,-0.865127,0.888419,-2.386196,1.172582,0.220893,-0.710242,2.239845,0.767179,2.133299,-0.556394,-1.174809,1.507891,1,0,1.0000,1.0000,1,0,0,1,0.0000,0.0433,,,,,9803,125765,3289,2930,6825,123760,2978,1858,0,147,0.47296,-0.05114,0
1786019425.4087,E_right_up_r1,E,right,1,up,,288,147.3000,345.0000,172.9000,173.0000,0.0000,0.0000,332.5000,360.0000,95.5000,0.0000,10.2000,0.0000,273.5000,0.0000,-0.87600,0.04200,0.32700,1.13000,-5.13000,1.30000,0.18800,0.04800,0.91200,-3.49000,-3.59000,-1.24000,9.7,1.9,1.0,0.0,0.726193,0.711369,1.544696,-0.440117,-0.556123,2.413331,-0.089600,0.486000,0.869300,0.003200,0.133500,0.542300,0.828800,0.034500,0.916993,0.127566,1.755808,-0.100836,0.013868,1.408864,2.542153,-0.962663,-0.865127,0.888419,-2.386196,1.172582,0.220893,-0.710242,2.239845,0.767179,2.133299,-0.556394,-1.174809,1.507891,1,0,1.0000,1.0000,1,0,0,1,0.0000,0.0433,,,,,9803,125765,3289,2931,6825,123760,2978,1858,0,147,0.47296,-0.05114,0
1786019425.4476,E_right_up_r1,E,right,1,up,,289,147.3000,345.0000,172.9000,173.0000,0.0000,0.0000,332.5000,360.0000,95.5000,0.0000,10.2000,0.0000,273.5000,0.0000,-0.87600,0.04200,0.32700,1.13000,-5.13000,1.30000,0.18800,0.04800,0.91200,-3.49000,-3.59000,-1.24000,9.7,1.9,1.0,0.0,0.726193,0.711369,1.544696,-0.440117,-0.556123,2.413331,-0.089600,0.486000,0.869300,0.003200,0.133500,0.542300,0.828800,0.034500,0.916993,0.127566,1.755808,-0.100836,0.013868,1.408864,2.542153,-0.962663,-0.865127,0.888419,-2.386196,1.172582,0.220893,-0.710242,2.239845,0.767179,2.133299,-0.556394,-1.174809,1.507891,1,0,1.0000,1.0000,1,0,0,1,0.0000,0.0433,,,,,9803,125765,3289,2931,6825,123760,2978,1858,0,147,0.47296,-0.05114,0
1786019425.4569,E_right_up_r1,E,right,1,up,,290,147.3000,345.0000,172.9000,173.0000,0.0000,0.0000,332.5000,360.0000,95.5000,0.0000,10.2000,0.0000,273.5000,0.0000,-0.87600,0.04200,0.32700,1.13000,-5.13000,1.30000,0.18800,0.04800,0.91200,-3.49000,-3.59000,-1.24000,9.7,1.9,1.0,0.0,0.726193,0.711369,1.544696,-0.440117,-0.556123,2.413331,-0.089600,0.486000,0.869300,0.003200,0.133500,0.542300,0.828800,0.034500,0.916993,0.127566,1.755808,-0.100836,0.013868,1.408864,2.542153,-0.962663,-0.865127,0.888419,-2.386196,1.172582,0.220893,-0.710242,2.239845,0.767179,2.133299,-0.556394,-1.174809,1.507891,1,0,1.0000,1.0000,1,0,0,1,0.0000,0.0433,,,,,129436,9314,3316,2881,126090,7347,3346,1818,0,149,0.47296,-0.05114,0
1786019425.4724,E_right_up_r1,E,right,1,up,,291,147.3000,345.0000,172.9000,173.0000,0.0000,0.0000,332.5000,360.0000,95.5000,0.0000,10.2000,0.0000,273.5000,0.0000,-0.87600,0.04200,0.32700,1.13000,-5.13000,1.30000,0.18800,0.04800,0.91200,-3.49000,-3.59000,-1.24000,9.7,1.9,1.0,0.0,0.726193,0.711369,1.544696,-0.440117,-0.556123,2.413331,-0.089600,0.486000,0.869300,0.003200,0.133500,0.542300,0.828800,0.034500,0.916993,0.127566,1.755808,-0.100836,0.013868,1.408864,2.542153,-0.962663,-0.865127,0.888419,-2.386196,1.172582,0.220893,-0.710242,2.239845,0.767179,2.133299,-0.556394,-1.174809,1.507891,1,0,1.0000,1.0000,1,0,0,1,0.0000,0.0433,,,,,129436,125765,3316,2931,126090,123760,3346,1858,0,147,0.47296,-0.05114,0
1786019425.4886,E_right_up_r1,E,right,1,up,,292,147.3000,345.0000,172.9000,173.0000,0.0000,0.0000,332.5000,360.0000,95.5000,0.0000,10.2000,0.0000,273.5000,0.0000,-0.87600,0.04200,0.32700,1.13000,-5.13000,1.30000,0.18800,0.04800,0.91200,-3.49000,-3.59000,-1.24000,9.7,1.9,1.0,0.0,0.726193,0.711369,1.544696,-0.440117,-0.556123,2.413331,-0.089600,0.486000,0.869300,0.003200,0.133500,0.542300,0.828800,0.034500,0.916993,0.127566,1.755808,-0.100836,0.013868,1.408864,2.542153,-0.962663,-0.865127,0.888419,-2.386196,1.172582,0.220893,-0.710242,2.239845,0.767179,2.133299,-0.556394,-1.174809,1.507891,1,0,1.0000,1.0000,1,0,0,1,0.0000,0.0433,,,,,129436,9314,3316,2881,126090,7347,3346,1818,0,149,0.47296,-0.05114,0
1786019425.5117,E_right_up_r1,E,right,1,up,,293,147.3000,345.0000,172.9000,173.0000,0.0000,0.0000,332.5000,360.0000,95.5000,0.0000,10.2000,0.0000,273.5000,0.0000,-0.87600,0.04200,0.32700,1.13000,-5.13000,1.30000,0.18800,0.04800,0.91200,-3.49000,-3.59000,-1.24000,9.7,1.9,1.0,0.0,0.726193,0.711369,1.544696,-0.440117,-0.556123,2.413331,-0.089600,0.486000,0.869300,0.003200,0.133500,0.542300,0.828800,0.034500,0.916993,0.127566,1.755808,-0.100836,0.013868,1.408864,2.542153,-0.962663,-0.865127,0.888419,-2.386196,1.172582,0.220893,-0.710242,2.239845,0.767179,2.133299,-0.556394,-1.174809,1.507891,1,0,1.0000,1.0000,1,0,0,1,0.0000,0.0433,,,,,129436,125765,3316,2931,126090,123760,3346,1858,0,147,0.47296,-0.05114,0
1786019425.5435,E_right_up_r1,E,right,1,up,,294,147.3000,345.0000,172.9000,173.0000,0.0000,0.0000,332.5000,360.0000,95.5000,0.0000,10.2000,0.0000,273.5000,0.0000,-0.87600,0.04200,0.32700,1.13000,-5.13000,1.30000,0.18800,0.04800,0.91200,-3.49000,-3.59000,-1.24000,9.7,1.9,1.0,0.0,0.726193,0.711369,1.544696,-0.440117,-0.556123,2.413331,-0.089600,0.486000,0.869300,0.003200,0.133500,0.542300,0.828800,0.034500,0.916993,0.127566,1.755808,-0.100836,0.013868,1.408864,2.542153,-0.962663,-0.865127,0.888419,-2.386196,1.172582,0.220893,-0.710242,2.239845,0.767179,2.133299,-0.556394,-1.174809,1.507891,1,0,1.0000,1.0000,1,0,0,1,0.0000,0.0433,,,,,129436,125765,3316,2931,126090,123760,3346,1858,0,147,0.47296,-0.05114,0
1786019425.5501,E_right_up_r1,E,right,1,up,,295,147.3000,345.0000,172.9000,173.0000,0.0000,0.0000,332.5000,360.0000,95.5000,0.0000,10.2000,0.0000,273.5000,0.0000,-0.87600,0.04200,0.32700,1.13000,-5.13000,1.30000,0.18800,0.04800,0.91200,-3.49000,-3.59000,-1.24000,9.7,1.9,1.0,0.0,0.726193,0.711369,1.544696,-0.440117,-0.556123,2.413331,-0.089600,0.486000,0.869300,0.003200,0.133500,0.542300,0.828800,0.034500,0.916993,0.127566,1.755808,-0.100836,0.013868,1.408864,2.542153,-0.962663,-0.865127,0.888419,-2.386196,1.172582,0.220893,-0.710242,2.239845,0.767179,2.133299,-0.556394,-1.174809,1.507891,1,0,1.0000,1.0000,1,0,0,1,0.0000,0.0433,,,,,9803,125765,3289,2931,6825,123760,2978,1858,0,147,0.47296,-0.05114,0
1786019425.5687,E_right_up_r1,E,right,1,up,,296,147.3000,345.0000,172.9000,173.0000,0.0000,0.0000,332.5000,360.0000,95.5000,0.0000,10.2000,0.0000,273.5000,0.0000,-0.87600,0.04200,0.32700,1.13000,-5.13000,1.30000,0.18800,0.04800,0.91200,-3.49000,-3.59000,-1.24000,9.7,1.9,1.0,0.0,0.726193,0.711369,1.544696,-0.440117,-0.556123,2.413331,-0.089600,0.486000,0.869300,0.003200,0.133500,0.542300,0.828800,0.034500,0.916993,0.127566,1.755808,-0.100836,0.013868,1.408864,2.542153,-0.962663,-0.865127,0.888419,-2.386196,1.172582,0.220893,-0.710242,2.239845,0.767179,2.133299,-0.556394,-1.174809,1.507891,1,0,1.0000,1.0000,1,0,0,1,0.0000,0.0433,,,,,129436,125765,3316,2931,126090,123760,3346,1858,0,147,0.47296,-0.05114,0
1786019425.5886,E_right_up_r1,E,right,1,up,,297,147.3000,345.0000,173.0000,173.0000,0.0000,0.0000,332.3000,360.0000,95.6000,0.0000,100.2000,0.0000,273.6200,0.0000,-0.91400,0.07400,0.32900,4.27000,6.73000,2.20000,0.20500,0.09600,0.87400,-1.54000,0.73000,-0.42000,8.4,1.6,1.0,0.0,0.968375,0.133663,1.922786,-0.381635,-1.336163,2.236711,-0.089600,0.486000,0.869300,0.003200,0.133500,0.542300,0.828800,0.034500,0.916993,0.127566,1.755808,-0.100836,0.013868,1.408864,2.542153,-0.962663,-0.865127,0.888419,-2.386196,1.172582,0.220893,-0.710242,2.239845,0.767179,2.133299,-0.556394,-1.174809,1.507891,1,1,1.0000,1.0000,1,1,0,0,0.0000,0.0000,,,,,9803,9314,3289,2881,6825,7347,2978,1818,0,149,0.47296,-0.05114,0
1786019425.6125,E_right_up_r1,E,right,1,up,,298,147.3000,345.0000,173.0000,173.0000,0.0000,0.0000,332.3000,360.0000,95.6000,0.0000,100.2000,0.0000,273.7000,0.0000,-0.91000,0.06000,0.31200,0.47000,4.86000,-1.37000,0.21800,0.07600,0.86900,-2.86000,-1.06000,-0.21000,9.2,1.3,1.0,0.0,0.727923,0.711192,1.544804,-1.398048,-1.202410,2.896808,-0.089600,0.486000,0.869300,0.003200,0.133500,0.542300,0.828800,0.034500,0.916993,0.127566,1.755808,-0.100836,0.013868,1.408864,2.542153,-0.962663,-0.865127,0.888419,-2.386196,1.172582,0.220893,-0.710242,2.239845,0.767179,2.133299,-0.556394,-1.174809,1.507891,1,1,1.0000,1.0000,1,1,0,0,0.0000,0.0000,,,,,129436,125765,3316,2931,126090,123760,3346,1858,0,147,0.47296,-0.05114,0
1786019425.6295,E_right_up_r1,E,right,1,up,,299,147.3000,345.0000,173.0000,173.0000,0.0000,0.0000,332.3000,360.0000,95.6000,0.0000,100.2000,0.0000,273.7000,0.0000,-0.90000,0.05100,0.32200,2.21000,2.98000,-2.50000,0.22800,0.08100,0.86900,-3.40000,2.28000,-0.94000,9.4,1.9,1.0,0.0,0.968136,0.133694,1.922689,-0.381568,-1.336142,2.238910,-0.089600,0.486000,0.869300,0.003200,0.133500,0.542300,0.828800,0.034500,0.916993,0.127566,1.755808,-0.100836,0.013868,1.408864,2.542153,-0.962663,-0.865127,0.888419,-2.386196,1.172582,0.220893,-0.710242,2.239845,0.767179,2.133299,-0.556394,-1.174809,1.507891,1,0,1.0000,1.0000,1,1,0,0,0.0000,0.0000,,,,,9803,9314,3290,2881,6825,7347,2978,1818,0,149,0.47296,-0.05114,0
1786019425.6500,E_right_up_r1,E,right,1,up,,300,147.3000,345.0000,173.0000,173.0000,0.0000,0.0000,332.3000,360.0000,95.6000,0.0000,100.2000,0.0000,273.7000,0.0000,-0.90000,0.05100,0.32200,2.21000,2.98000,-2.50000,0.22800,0.08100,0.86900,-3.40000,2.28000,-0.94000,9.4,1.9,1.0,0.0,0.968136,0.133694,1.922689,-0.381568,-1.336142,2.238910,-0.089600,0.486000,0.869300,0.003200,0.133500,0.542300,0.828800,0.034500,0.916993,0.127566,1.755808,-0.100836,0.013868,1.408864,2.542153,-0.962663,-0.865127,0.888419,-2.386196,1.172582,0.220893,-0.710242,2.239845,0.767179,2.133299,-0.556394,-1.174809,1.507891,1,1,1.0000,1.0000,1,1,0,0,0.0000,0.0000,,,,,129436,9314,3317,2882,126090,7347,3346,1818,0,149,0.47296,-0.05114,0
1786019425.6733,E_right_up_r1,E,right,1,up,,301,147.3000,345.0000,173.0000,173.0000,0.0000,0.0000,332.3000,360.0000,95.6000,0.0000,100.2000,0.0000,273.7000,0.0000,-0.90000,0.05100,0.32200,2.21000,2.98000,-2.50000,0.22800,0.08100,0.86900,-3.40000,2.28000,-0.94000,9.4,1.9,1.0,0.0,0.968136,0.133694,1.922689,-0.381568,-1.336142,2.238910,-0.089600,0.486000,0.869300,0.003200,0.133500,0.542300,0.828800,0.034500,0.916993,0.127566,1.755808,-0.100836,0.013868,1.408864,2.542153,-0.962663,-0.865127,0.888419,-2.386196,1.172582,0.220893,-0.710242,2.239845,0.767179,2.133299,-0.556394,-1.174809,1.507891,1,1,1.0000,1.0000,1,1,0,0,0.0000,0.0000,,,,,129436,125765,3317,2932,126090,123760,3346,1858,0,147,0.47296,-0.05114,0
1786019425.6890,E_right_up_r1,E,right,1,up,,302,147.3000,345.0000,173.0000,173.0000,0.0000,0.0000,332.3000,360.0000,95.6000,0.0000,100.2000,0.0000,273.7000,0.0000,-0.90000,0.05100,0.32200,2.21000,2.98000,-2.50000,0.22800,0.08100,0.86900,-3.40000,2.28000,-0.94000,9.4,1.9,1.0,0.0,0.968136,0.133694,1.922689,-0.381568,-1.336142,2.238910,-0.089600,0.486000,0.869300,0.003200,0.133500,0.542300,0.828800,0.034500,0.916993,0.127566,1.755808,-0.100836,0.013868,1.408864,2.542153,-0.962663,-0.865127,0.888419,-2.386196,1.172582,0.220893,-0.710242,2.239845,0.767179,2.133299,-0.556394,-1.174809,1.507891,1,1,1.0000,1.0000,1,1,0,0,0.0000,0.0000,,,,,129436,125765,3317,2932,126090,123760,3346,1858,0,147,0.47296,-0.05114,0
1786019425.7099,E_right_up_r1,E,right,1,up,,303,147.3000,345.0000,173.0000,173.0000,0.0000,0.0000,332.3000,360.0000,95.6000,0.0000,100.2000,0.0000,273.7000,0.0000,-0.90000,0.05100,0.32200,2.21000,2.98000,-2.50000,0.22800,0.08100,0.86900,-3.40000,2.28000,-0.94000,9.4,1.9,1.0,0.0,0.968136,0.133694,1.922689,-0.381568,-1.336142,2.238910,-0.089600,0.486000,0.869300,0.003200,0.133500,0.542300,0.828800,0.034500,0.916993,0.127566,1.755808,-0.100836,0.013868,1.408864,2.542153,-0.962663,-0.865127,0.888419,-2.386196,1.172582,0.220893,-0.710242,2.239845,0.767179,2.133299,-0.556394,-1.174809,1.507891,1,1,1.0000,1.0000,1,1,0,0,0.0000,0.0000,,,,,9803,125765,3290,2932,6825,123760,2978,1858,0,147,0.47296,-0.05114,0
1786019425.7372,E_right_up_r1,E,right,1,up,,304,147.3000,345.0000,173.0000,173.0000,0.0000,0.0000,332.3000,360.0000,95.6000,0.0000,100.2000,0.0000,273.7000,0.0000,-0.90000,0.05100,0.32200,2.21000,2.98000,-2.50000,0.22800,0.08100,0.86900,-3.40000,2.28000,-0.94000,9.4,1.9,1.0,0.0,0.968136,0.133694,1.922689,-0.381568,-1.336142,2.238910,-0.089600,0.486000,0.869300,0.003200,0.133500,0.542300,0.828800,0.034500,0.916993,0.127566,1.755808,-0.100836,0.013868,1.408864,2.542153,-0.962663,-0.865127,0.888419,-2.386196,1.172582,0.220893,-0.710242,2.239845,0.767179,2.133299,-0.556394,-1.174809,1.507891,1,1,1.0000,1.0000,1,1,0,0,0.0000,0.0000,,,,,129436,125765,3317,2932,126090,123760,3346,1858,0,147,0.47296,-0.05114,0
1786019425.7525,E_right_up_r1,E,right,1,up,,305,147.3000,345.0000,173.0000,173.0000,0.0000,0.0000,332.3000,360.0000,95.6000,0.0000,100.2000,0.0000,273.7000,0.0000,-0.90000,0.05100,0.32200,2.21000,2.98000,-2.50000,0.22800,0.08100,0.86900,-3.40000,2.28000,-0.94000,9.4,1.9,1.0,0.0,0.968136,0.133694,1.922689,-0.381568,-1.336142,2.238910,-0.089600,0.486000,0.869300,0.003200,0.133500,0.542300,0.828800,0.034500,0.916993,0.127566,1.755808,-0.100836,0.013868,1.408864,2.542153,-0.962663,-0.865127,0.888419,-2.386196,1.172582,0.220893,-0.710242,2.239845,0.767179,2.133299,-0.556394,-1.174809,1.507891,1,1,1.0000,1.0000,1,1,0,0,0.0000,0.0000,,,,,129436,125765,3317,2932,126090,123760,3346,1858,0,147,0.47296,-0.05114,0
1786019425.7824,E_right_up_r1,E,right,1,up,,306,147.3000,345.0000,173.0000,173.0000,0.0000,0.0000,332.3000,360.0000,95.6000,0.0000,100.2000,0.0000,273.7000,0.0000,-0.90000,0.05100,0.32200,2.21000,2.98000,-2.50000,0.22800,0.08100,0.86900,-3.40000,2.28000,-0.94000,9.4,1.9,1.0,0.0,0.968136,0.133694,1.922689,-0.381568,-1.336142,2.238910,-0.089600,0.486000,0.869300,0.003200,0.133500,0.542300,0.828800,0.034500,0.916993,0.127566,1.755808,-0.100836,0.013868,1.408864,2.542153,-0.962663,-0.865127,0.888419,-2.386196,1.172582,0.220893,-0.710242,2.239845,0.767179,2.133299,-0.556394,-1.174809,1.507891,1,1,1.0000,1.0000,1,1,0,0,0.0000,0.0000,,,,,129436,125765,3317,2932,126090,123760,3346,1858,0,147,0.47296,-0.05114,0
1786019425.7894,E_right_up_r1,E,right,1,up,,307,147.3000,345.0000,173.0000,173.0000,0.0000,0.0000,332.3000,360.0000,95.6000,0.0000,100.2000,0.0000,273.7000,0.0000,-0.90000,0.05100,0.32200,2.21000,2.98000,-2.50000,0.22800,0.08100,0.86900,-3.40000,2.28000,-0.94000,9.4,1.9,1.0,0.0,0.968136,0.133694,1.922689,-0.381568,-1.336142,2.238910,-0.089600,0.486000,0.869300,0.003200,0.133500,0.542300,0.828800,0.034500,0.916993,0.127566,1.755808,-0.100836,0.013868,1.408864,2.542153,-0.962663,-0.865127,0.888419,-2.386196,1.172582,0.220893,-0.710242,2.239845,0.767179,2.133299,-0.556394,-1.174809,1.507891,1,1,1.0000,1.0000,1,1,0,0,0.0000,0.0000,,,,,9803,9314,3290,2882,6825,7347,2978,1818,0,149,0.47296,-0.05114,0
1786019425.8110,E_right_up_r1,E,right,1,up,,308,147.3000,345.0000,173.0000,173.0000,0.0000,0.0000,332.3000,360.0000,95.6000,0.0000,100.2000,0.0000,273.7000,0.0000,-0.90000,0.05100,0.32200,2.21000,2.98000,-2.50000,0.22800,0.08100,0.86900,-3.40000,2.28000,-0.94000,9.1,3.5,1.0,0.0,0.968136,0.133694,1.922689,-0.381568,-1.336142,2.238910,-0.089600,0.486000,0.869300,0.003200,0.133500,0.542300,0.828800,0.034500,0.916993,0.127566,1.755808,-0.100836,0.013868,1.408864,2.542153,-0.962663,-0.865127,0.888419,-2.386196,1.172582,0.220893,-0.710242,2.239845,0.767179,2.133299,-0.556394,-1.174809,1.507891,1,1,1.0000,1.0000,1,1,0,0,0.0000,0.0000,,,,,129436,125765,3317,2932,126090,123760,3346,1858,0,147,0.47296,-0.05114,0
1786019425.8400,E_right_up_r1,E,right,1,up,,309,147.3000,345.0000,172.9000,173.0000,0.0000,0.0000,332.3000,360.0000,95.6000,0.0000,100.2000,0.0000,273.7000,0.0000,-0.86200,0.04100,0.31800,6.28000,5.10000,3.55000,0.22800,0.08100,0.86900,-3.40000,2.28000,-0.94000,9.4,2.9,1.0,0.0,0.727077,0.711285,1.544220,-0.381568,-1.336142,2.238910,-0.089600,0.486000,0.869300,0.003200,0.133500,0.542300,0.828800,0.034500,0.916993,0.127566,1.755808,-0.100836,0.013868,1.408864,2.542153,-0.962663,-0.865127,0.888419,-2.386196,1.172582,0.220893,-0.710242,2.239845,0.767179,2.133299,-0.556394,-1.174809,1.507891,1,1,1.0000,1.0000,1,1,0,0,0.0000,0.0000,,,,,129436,125765,3318,2933,126090,123760,3346,1858,0,147,0.47296,-0.05114,0
1786019425.8685,E_right_up_r1,E,right,1,up,,310,147.3000,345.0000,173.0000,173.0000,0.0000,0.0000,332.3000,360.0000,95.0000,0.0000,100.6000,0.0000,7.8000,0.0000,-0.86900,0.02800,0.35500,5.22000,8.82000,5.15000,0.25000,0.01500,0.98100,5.10000,-6.91000,-3.39000,10.0,1.2,1.0,0.0,0.723785,0.711634,1.543043,-1.398048,-1.202410,2.896808,-0.089600,0.486000,0.869300,0.003200,0.133500,0.542300,0.828800,0.034500,0.916993,0.127566,1.755808,-0.100836,0.013868,1.408864,2.542153,-0.962663,-0.865127,0.888419,-2.386196,1.172582,0.220893,-0.710242,2.239845,0.767179,2.133299,-0.556394,-1.174809,1.507891,1,0,1.0000,1.0000,1,1,0,0,0.0000,0.0000,,,,,9803,9314,3291,2883,6825,7347,2978,1818,0,149,0.47296,-0.05114,0
1786019425.8691,E_right_up_r1,E,right,1,up,,311,147.3000,345.0000,173.0000,173.0000,0.0000,0.0000,332.3000,360.0000,95.0000,0.0000,100.6000,0.0000,7.8000,0.0000,-0.86900,0.02800,0.35500,5.22000,8.82000,5.15000,0.25000,0.01500,0.98100,5.10000,-6.91000,-3.39000,10.0,1.2,1.0,0.0,0.723785,0.711634,1.543043,-1.398048,-1.202410,2.896808,-0.089600,0.486000,0.869300,0.003200,0.133500,0.542300,0.828800,0.034500,0.916993,0.127566,1.755808,-0.100836,0.013868,1.408864,2.542153,-0.962663,-0.865127,0.888419,-2.386196,1.172582,0.220893,-0.710242,2.239845,0.767179,2.133299,-0.556394,-1.174809,1.507891,1,0,1.0000,1.0000,1,1,0,0,0.0000,0.0000,,,,,9803,9314,3291,2883,6825,7347,2978,1818,0,149,0.47296,-0.05114,0
1786019425.8950,E_right_up_r1,E,right,1,up,,312,147.3000,345.0000,173.0000,173.0000,0.0000,0.0000,332.3000,360.0000,95.0000,0.0000,100.7000,0.0000,271.8000,0.0000,-0.87800,0.03500,0.36800,6.38000,9.77000,2.56000,0.28400,0.05000,0.87800,13.22000,7.62000,-5.21000,9.6,1.3,1.0,0.0,0.961087,0.134442,1.920620,-0.381322,-1.336067,2.248029,-0.089600,0.486000,0.869300,0.003200,0.133500,0.542300,0.828800,0.034500,0.916993,0.127566,1.755808,-0.100836,0.013868,1.408864,2.542153,-0.962663,-0.865127,0.888419,-2.386196,1.172582,0.220893,-0.710242,2.239845,0.767179,2.133299,-0.556394,-1.174809,1.507891,1,1,1.0000,1.0000,1,1,0,0,0.0000,0.0000,,,,,9803,9314,3291,2883,6825,7347,2978,1818,0,149,0.47296,-0.05114,0
1786019425.9346,E_right_up_r1,E,right,1,up,,313,147.3000,345.0000,173.0000,173.0000,0.0000,0.0000,332.3000,360.0000,95.0000,0.0000,100.7000,0.0000,271.8000,0.0000,-0.87800,0.03500,0.36800,6.38000,9.77000,2.56000,0.28400,0.05000,0.87800,13.22000,7.62000,-5.21000,9.2,1.7,1.0,0.0,0.961087,0.134442,1.920620,-0.381322,-1.336067,2.248029,-0.089600,0.486000,0.869300,0.003200,0.133500,0.542300,0.828800,0.034500,0.916993,0.127566,1.755808,-0.100836,0.013868,1.408864,2.542153,-0.962663,-0.865127,0.888419,-2.386196,1.172582,0.220893,-0.710242,2.239845,0.767179,2.133299,-0.556394,-1.174809,1.507891,1,1,1.0000,1.0000,1,1,0,0,0.0000,0.0000,,,,,9803,9314,3291,2883,6825,7347,2978,1818,0,149,0.47296,-0.05114,0
1786019425.9437,E_right_up_r1,E,right,1,up,,314,147.3000,345.0000,173.0000,173.0000,0.0000,0.0000,332.3000,360.0000,95.0000,0.0000,100.7000,0.0000,271.8000,0.0000,-0.87800,0.03500,0.36800,6.38000,9.77000,2.56000,0.28400,0.05000,0.87800,13.22000,7.62000,-5.21000,9.2,1.7,1.0,0.0,0.961087,0.134442,1.920620,-0.381322,-1.336067,2.248029,-0.089600,0.486000,0.869300,0.003200,0.133500,0.542300,0.828800,0.034500,0.916993,0.127566,1.755808,-0.100836,0.013868,1.408864,2.542153,-0.962663,-0.865127,0.888419,-2.386196,1.172582,0.220893,-0.710242,2.239845,0.767179,2.133299,-0.556394,-1.174809,1.507891,1,1,1.0000,1.0000,1,1,0,0,0.0000,0.0000,,,,,129436,9314,3318,2883,126090,7347,3346,1818,0,149,0.47296,-0.05114,0
1786019425.9556,E_right_up_r1,E,right,1,up,,315,147.3000,345.0000,173.0000,173.0000,0.0000,0.0000,332.3000,360.0000,95.0000,0.0000,100.7000,0.0000,271.8000,0.0000,-0.87800,0.03500,0.36800,6.38000,9.77000,2.56000,0.28400,0.05000,0.87800,13.22000,7.62000,-5.21000,9.2,1.7,1.0,0.0,0.961087,0.134442,1.920620,-0.381322,-1.336067,2.248029,-0.089600,0.486000,0.869300,0.003200,0.133500,0.542300,0.828800,0.034500,0.916993,0.127566,1.755808,-0.100836,0.013868,1.408864,2.542153,-0.962663,-0.865127,0.888419,-2.386196,1.172582,0.220893,-0.710242,2.239845,0.767179,2.133299,-0.556394,-1.174809,1.507891,1,1,1.0000,1.0000,1,1,0,0,0.0000,0.0000,,,,,129436,9314,3318,2883,126090,7347,3346,1818,0,149,0.47296,-0.05114,0
1786019425.9756,E_right_up_r1,E,right,1,up,,316,147.3000,345.0000,173.0000,173.0000,0.0000,0.0000,332.3000,360.0000,95.0000,0.0000,100.7000,0.0000,271.8000,0.0000,-0.87800,0.03500,0.36800,6.38000,9.77000,2.56000,0.28400,0.05000,0.87800,13.22000,7.62000,-5.21000,10.2,2.1,1.0,0.0,0.961087,0.134442,1.920620,-0.381322,-1.336067,2.248029,-0.089600,0.486000,0.869300,0.003200,0.133500,0.542300,0.828800,0.034500,0.916993,0.127566,1.755808,-0.100836,0.013868,1.408864,2.542153,-0.962663,-0.865127,0.888419,-2.386196,1.172582,0.220893,-0.710242,2.239845,0.767179,2.133299,-0.556394,-1.174809,1.507891,1,1,1.0000,1.0000,1,1,0,0,0.0000,0.0000,,,,,9803,9314,3291,2883,6825,7347,2978,1818,0,149,0.47296,-0.05114,0
1786019425.9892,E_right_up_r1,E,right,1,up,,317,147.3000,345.0000,173.0000,173.0000,0.0000,0.0000,332.3000,360.0000,95.0000,0.0000,100.7000,0.0000,271.8000,0.0000,-0.87800,0.03500,0.36800,6.38000,9.77000,2.56000,0.28400,0.05000,0.87800,13.22000,7.62000,-5.21000,10.2,2.1,1.0,0.0,0.961087,0.134442,1.920620,-0.381322,-1.336067,2.248029,-0.089600,0.486000,0.869300,0.003200,0.133500,0.542300,0.828800,0.034500,0.916993,0.127566,1.755808,-0.100836,0.013868,1.408864,2.542153,-0.962663,-0.865127,0.888419,-2.386196,1.172582,0.220893,-0.710242,2.239845,0.767179,2.133299,-0.556394,-1.174809,1.507891,1,1,1.0000,1.0000,1,1,0,0,0.0000,0.0000,,,,,129436,125765,3318,2933,126090,123760,3346,1858,0,147,0.47296,-0.05114,0
1786019426.0094,E_right_up_r1,E,right,1,up,,318,147.3000,345.0000,173.0000,173.0000,0.0000,0.0000,332.3000,360.0000,95.0000,0.0000,100.7000,0.0000,271.8000,0.0000,-0.87800,0.03500,0.36800,6.38000,9.77000,2.56000,0.28400,0.05000,0.87800,13.22000,7.62000,-5.21000,10.2,2.1,1.0,0.0,0.961087,0.134442,1.920620,-0.381322,-1.336067,2.248029,-0.089600,0.486000,0.869300,0.003200,0.133500,0.542300,0.828800,0.034500,0.916993,0.127566,1.755808,-0.100836,0.013868,1.408864,2.542153,-0.962663,-0.865127,0.888419,-2.386196,1.172582,0.220893,-0.710242,2.239845,0.767179,2.133299,-0.556394,-1.174809,1.507891,1,1,1.0000,1.0000,1,1,0,0,0.0000,0.0000,,,,,129436,125765,3318,2933,126090,123760,3346,1858,0,147,0.47296,-0.05114,0
1786019426.0304,E_right_up_r1,E,right,1,up,,319,147.3000,345.0000,173.0000,173.0000,0.0000,0.0000,332.3000,360.0000,95.0000,0.0000,100.7000,0.0000,271.8000,0.0000,-0.87800,0.03500,0.36800,6.38000,9.77000,2.56000,0.28400,0.05000,0.87800,13.22000,7.62000,-5.21000,10.2,2.1,1.0,0.0,0.961087,0.134442,1.920620,-0.381322,-1.336067,2.248029,-0.089600,0.486000,0.869300,0.003200,0.133500,0.542300,0.828800,0.034500,0.916993,0.127566,1.755808,-0.100836,0.013868,1.408864,2.542153,-0.962663,-0.865127,0.888419,-2.386196,1.172582,0.220893,-0.710242,2.239845,0.767179,2.133299,-0.556394,-1.174809,1.507891,1,1,1.0000,1.0000,1,1,0,0,0.0000,0.0000,,,,,9803,9314,3291,2883,6825,7347,2978,1818,0,149,0.47296,-0.05114,0
1786019426.0499,E_right_up_r1,E,right,1,up,,320,147.3000,345.0000,173.0000,173.0000,0.0000,0.0000,332.3000,360.0000,95.0000,0.0000,100.7000,0.0000,271.8000,0.0000,-0.87800,0.03500,0.36800,6.38000,9.77000,2.56000,0.28400,0.05000,0.87800,13.22000,7.62000,-5.21000,10.2,2.1,1.0,0.0,0.961087,0.134442,1.920620,-0.381322,-1.336067,2.248029,-0.089600,0.486000,0.869300,0.003200,0.133500,0.542300,0.828800,0.034500,0.916993,0.127566,1.755808,-0.100836,0.013868,1.408864,2.542153,-0.962663,-0.865127,0.888419,-2.386196,1.172582,0.220893,-0.710242,2.239845,0.767179,2.133299,-0.556394,-1.174809,1.507891,1,1,1.0000,1.0000,1,1,0,0,0.0000,0.0000,,,,,129436,9314,3319,2883,126090,7347,3346,1818,0,149,0.47296,-0.05114,0
1786019426.0725,E_right_up_r1,E,right,1,up,,321,147.3000,345.0000,173.0000,173.0000,0.0000,0.0000,332.3000,360.0000,95.0000,0.0000,100.7000,0.0000,271.8000,0.0000,-0.87800,0.03500,0.36800,6.38000,9.77000,2.56000,0.28400,0.05000,0.87800,13.22000,7.62000,-5.21000,10.2,2.1,1.0,0.0,0.961087,0.134442,1.920620,-0.381322,-1.336067,2.248029,-0.089600,0.486000,0.869300,0.003200,0.133500,0.542300,0.828800,0.034500,0.916993,0.127566,1.755808,-0.100836,0.013868,1.408864,2.542153,-0.962663,-0.865127,0.888419,-2.386196,1.172582,0.220893,-0.710242,2.239845,0.767179,2.133299,-0.556394,-1.174809,1.507891,1,1,1.0000,1.0000,1,1,0,0,0.0000,0.0000,,,,,129436,125765,3319,2934,126090,123760,3346,1858,0,147,0.47296,-0.05114,0
1786019426.0901,E_right_up_r1,E,right,1,up,,322,147.3000,345.0000,173.0000,173.0000,0.0000,0.0000,332.3000,360.0000,95.0000,0.0000,100.7000,0.0000,271.8000,0.0000,-0.87800,0.03500,0.36800,6.38000,9.77000,2.56000,0.28400,0.05000,0.87800,13.22000,7.62000,-5.21000,10.2,2.1,1.0,0.0,0.961087,0.134442,1.920620,-0.381322,-1.336067,2.248029,-0.089600,0.486000,0.869300,0.003200,0.133500,0.542300,0.828800,0.034500,0.916993,0.127566,1.755808,-0.100836,0.013868,1.408864,2.542153,-0.962663,-0.865127,0.888419,-2.386196,1.172582,0.220893,-0.710242,2.239845,0.767179,2.133299,-0.556394,-1.174809,1.507891,1,1,1.0000,1.0000,1,1,0,0,0.0000,0.0000,,,,,9803,125765,3292,2934,6825,123760,2978,1858,0,147,0.47296,-0.05114,0
1786019426.1145,E_right_up_r1,E,right,1,up,,323,147.3000,345.0000,172.6000,174.5000,0.0000,0.0000,332.1000,360.0000,90.3000,0.0000,100.7000,0.0000,245.9000,0.0000,-0.90000,0.03900,0.28100,9.73000,-12.52000,1.05000,0.19100,-0.01500,0.99200,-16.77000,-0.17000,44.60000,8.5,2.3,1.0,0.0,0.965426,0.133988,1.921565,-0.380945,-1.335952,2.245286,-0.089600,0.486000,0.869300,0.003200,0.133500,0.542300,0.828800,0.034500,0.916993,0.127566,1.755808,-0.100836,0.013868,1.408864,2.542153,-0.962663,-0.865127,0.888419,-2.386196,1.172582,0.220893,-0.710242,2.239845,0.767179,2.133299,-0.556394,-1.174809,1.507891,1,1,1.0000,1.0000,1,1,0,0,0.0000,0.0000,,,,,9803,9314,3292,2884,6825,7347,2978,1818,0,149,0.47296,-0.05114,0
1786019426.1392,E_right_up_r1,E,right,1,up,,324,147.2000,345.0000,172.7000,174.8000,0.0000,0.0000,332.0000,360.0000,88.9000,0.0000,100.7000,0.0000,240.6000,0.0000,-0.91800,0.04000,0.28400,13.83000,-7.81000,0.30000,0.16700,-0.03400,1.04900,-13.11000,3.73000,34.76000,9.4,1.5,1.0,0.0,1.143324,1.460178,1.882455,-0.440117,-0.556123,2.413331,-0.089600,0.486000,0.869300,0.003200,0.133500,0.542300,0.828800,0.034500,0.916993,0.127566,1.755808,-0.100836,0.013868,1.408864,2.542153,-0.962663,-0.865127,0.888419,-2.386196,1.172582,0.220893,-0.710242,2.239845,0.767179,2.133299,-0.556394,-1.174809,1.507891,1,0,1.0000,1.0000,1,1,0,0,0.0000,0.0000,,,,,9803,9314,3292,2884,6825,7347,2978,1818,0,149,0.47296,-0.05114,0
1786019426.1547,E_right_up_r1,E,right,1,up,,325,147.2000,345.0000,172.7000,174.8000,0.0000,0.0000,332.0000,360.0000,88.9000,0.0000,100.7000,0.0000,240.6000,0.0000,-0.91800,0.04000,0.28400,13.83000,-7.81000,0.30000,0.16700,-0.03400,1.04900,-13.11000,3.73000,34.76000,9.7,1.6,1.0,0.0,1.143324,1.460178,1.882455,-0.440117,-0.556123,2.413331,-0.089600,0.486000,0.869300,0.003200,0.133500,0.542300,0.828800,0.034500,0.916993,0.127566,1.755808,-0.100836,0.013868,1.408864,2.542153,-0.962663,-0.865127,0.888419,-2.386196,1.172582,0.220893,-0.710242,2.239845,0.767179,2.133299,-0.556394,-1.174809,1.507891,1,0,1.0000,1.0000,1,1,0,0,0.0000,0.0000,,,,,129436,9314,3319,2884,126090,7347,3346,1818,0,149,0.47296,-0.05114,0
1786019426.1801,E_right_up_r1,E,right,1,up,,326,147.2000,345.0000,172.7000,174.8000,0.0000,0.0000,332.0000,360.0000,88.9000,0.0000,100.7000,0.0000,240.6000,0.0000,-0.91800,0.04000,0.28400,13.83000,-7.81000,0.30000,0.16700,-0.03400,1.04900,-13.11000,3.73000,34.76000,9.7,1.6,1.0,0.0,1.143324,1.460178,1.882455,-0.440117,-0.556123,2.413331,-0.089600,0.486000,0.869300,0.003200,0.133500,0.542300,0.828800,0.034500,0.916993,0.127566,1.755808,-0.100836,0.013868,1.408864,2.542153,-0.962663,-0.865127,0.888419,-2.386196,1.172582,0.220893,-0.710242,2.239845,0.767179,2.133299,-0.556394,-1.174809,1.507891,1,0,1.0000,1.0000,1,1,0,0,0.0000,0.0000,,,,,129436,125765,3319,2934,126090,123760,3346,1858,0,147,0.47296,-0.05114,0
1786019426.2005,E_right_up_r1,E,right,1,up,,327,147.2000,345.0000,172.7000,175.1000,0.0000,0.0000,332.0000,345.4000,85.4000,0.0000,105.4000,0.0000,226.7000,0.0000,-0.91600,-0.01200,0.32800,12.22000,-0.88000,-13.99000,0.16400,-0.13700,1.20000,1.94000,1.02000,-47.81000,9.4,3.3,1.0,0.0,0.964384,0.134062,1.920751,-0.376350,-1.354687,2.243321,-0.089600,0.486000,0.869300,0.003200,0.133500,0.542300,0.828800,0.034500,0.916993,0.127566,1.755808,-0.100836,0.013868,1.408864,2.542153,-0.962663,-0.865127,0.888419,-2.386196,1.172582,0.220893,-0.710242,2.239845,0.767179,2.133299,-0.556394,-1.174809,1.507891,1,1,1.0000,1.0000,1,1,0,0,0.0000,0.0000,,,,,9803,125765,3292,2934,6825,123760,2978,1858,0,147,0.47296,-0.05114,0
1786019426.2214,E_right_up_r1,E,right,1,up,,328,147.2000,345.0000,172.7000,175.1000,0.0000,0.0000,332.0000,345.4000,85.4000,0.0000,105.4000,0.0000,226.7000,0.0000,-0.91000,-0.00900,0.33300,14.37000,0.24000,-17.11000,0.16400,-0.13700,1.20000,1.94000,1.02000,-47.81000,9.7,2.5,1.0,0.0,0.963237,0.134158,1.920062,-0.376350,-1.354687,2.243321,-0.089600,0.486000,0.869300,0.003200,0.133500,0.542300,0.828800,0.034500,0.916993,0.127566,1.755808,-0.100836,0.013868,1.408864,2.542153,-0.962663,-0.865127,0.888419,-2.386196,1.172582,0.220893,-0.710242,2.239845,0.767179,2.133299,-0.556394,-1.174809,1.507891,1,1,1.0000,1.0000,1,1,0,0,0.0000,0.0000,,,,,9803,125765,3292,2934,6825,123760,2978,1858,0,147,0.47296,-0.05114,0
1786019426.2458,E_right_up_r1,E,right,1,up,,329,147.2000,345.0000,172.0000,175.1000,0.0000,0.0000,332.0000,339.5000,5.0000,0.0000,106.2000,0.0000,225.4000,0.0000,-0.78500,-0.01800,0.31800,12.52000,14.53000,-17.75000,0.04600,-0.05800,1.20200,6.22000,5.90000,-45.48000,10.1,1.9,1.0,0.0,1.145084,1.459967,1.882604,-0.440117,-0.556123,2.413331,-0.089600,0.486000,0.869300,0.003200,0.133500,0.542300,0.828800,0.034500,0.916993,0.127566,1.755808,-0.100836,0.013868,1.408864,2.542153,-0.962663,-0.865127,0.888419,-2.386196,1.172582,0.220893,-0.710242,2.239845,0.767179,2.133299,-0.556394,-1.174809,1.507891,1,0,1.0000,1.0000,1,1,0,0,0.0000,0.0000,,,,,129436,9314,3319,2884,126090,7347,3346,1818,0,149,0.47296,-0.05114,0
1786019426.2558,E_right_up_r1,E,right,1,up,,330,147.2000,345.0000,172.0000,175.1000,0.0000,0.0000,332.0000,339.5000,5.0000,0.0000,106.2000,0.0000,225.4000,0.0000,-0.78500,-0.01800,0.31800,12.52000,14.53000,-17.75000,0.04600,-0.05800,1.20200,6.22000,5.90000,-45.48000,10.1,1.9,1.0,0.0,1.145084,1.459967,1.882604,-0.440117,-0.556123,2.413331,-0.089600,0.486000,0.869300,0.003200,0.133500,0.542300,0.828800,0.034500,0.916993,0.127566,1.755808,-0.100836,0.013868,1.408864,2.542153,-0.962663,-0.865127,0.888419,-2.386196,1.172582,0.220893,-0.710242,2.239845,0.767179,2.133299,-0.556394,-1.174809,1.507891,1,0,1.0000,1.0000,1,1,0,0,0.0000,0.0000,,,,,129436,9314,3319,2884,126090,7347,3346,1818,0,149,0.47296,-0.05114,0
1786019426.2846,E_right_up_r1,E,right,1,up,,331,147.2000,345.0000,172.0000,175.1000,0.0000,0.0000,332.0000,339.5000,5.0000,0.0000,106.2000,0.0000,225.4000,0.0000,-0.78500,-0.01800,0.31800,12.52000,14.53000,-17.75000,0.04600,-0.05800,1.20200,6.22000,5.90000,-45.48000,10.1,1.9,1.0,0.0,1.145084,1.459967,1.882604,-0.440117,-0.556123,2.413331,-0.089600,0.486000,0.869300,0.003200,0.133500,0.542300,0.828800,0.034500,0.916993,0.127566,1.755808,-0.100836,0.013868,1.408864,2.542153,-0.962663,-0.865127,0.888419,-2.386196,1.172582,0.220893,-0.710242,2.239845,0.767179,2.133299,-0.556394,-1.174809,1.507891,1,0,1.0000,1.0000,1,1,0,0,0.0000,0.0000,,,,,9803,125765,3292,2934,6825,123760,2978,1858,0,147,0.47296,-0.05114,0
1786019426.2905,E_right_up_r1,E,right,1,up,,332,147.2000,345.0000,173.0000,174.8000,0.0000,0.0000,332.1000,333.0000,85.3000,0.0000,106.7000,0.0000,218.3000,0.0000,-0.80000,0.00500,0.32400,9.85000,34.19000,-4.01000,0.04800,0.00200,1.12800,4.85000,-4.53000,-54.00000,9.6,2.2,1.0,0.0,0.960469,0.134435,1.919127,-0.375217,-1.384093,2.231097,-0.089600,0.486000,0.869300,0.003200,0.133500,0.542300,0.828800,0.034500,0.916993,0.127566,1.755808,-0.100836,0.013868,1.408864,2.542153,-0.962663,-0.865127,0.888419,-2.386196,1.172582,0.220893,-0.710242,2.239845,0.767179,2.133299,-0.556394,-1.174809,1.507891,1,1,1.0000,1.0000,1,1,0,0,0.0000,0.0000,,,,,9803,125765,3292,2934,6825,123760,2978,1858,0,147,0.47296,-0.05114,0
1786019426.3092,E_right_up_r1,E,right,1,up,,333,147.4000,345.0000,173.0000,174.5000,0.0000,0.0000,332.1000,333.0000,85.3000,0.0000,106.7000,0.0000,218.3000,0.0000,-0.83400,-0.00300,0.35200,5.89000,38.16000,5.80000,0.04800,0.00200,1.12800,4.85000,-4.53000,-54.00000,9.6,2.2,1.0,0.0,1.138371,1.460730,1.880509,-0.375217,-1.384093,2.231097,-0.089600,0.486000,0.869300,0.003200,0.133500,0.542300,0.828800,0.034500,0.916993,0.127566,1.755808,-0.100836,0.013868,1.408864,2.542153,-0.962663,-0.865127,0.888419,-2.386196,1.172582,0.220893,-0.710242,2.239845,0.767179,2.133299,-0.556394,-1.174809,1.507891,1,1,1.0000,1.0000,1,1,0,0,0.0000,0.0000,,,,,129436,125765,3319,2934,126090,123760,3346,1858,0,147,0.47296,-0.05114,0
1786019426.3456,E_right_up_r1,E,right,1,up,,334,147.3000,345.0000,173.0000,174.0000,0.0000,0.0000,332.1000,325.8000,86.6000,0.0000,106.0000,0.0000,214.4000,0.0000,-0.82300,-0.00900,0.35500,5.49000,36.11000,9.74000,0.25000,-0.05000,1.15400,-2.26000,3.45000,-0.84000,8.7,1.2,1.0,0.0,1.132917,1.461313,1.878999,-0.440117,-0.556123,2.413331,-0.089600,0.486000,0.869300,0.003200,0.133500,0.542300,0.828800,0.034500,0.916993,0.127566,1.755808,-0.100836,0.013868,1.408864,2.542153,-0.962663,-0.865127,0.888419,-2.386196,1.172582,0.220893,-0.710242,2.239845,0.767179,2.133299,-0.556394,-1.174809,1.507891,1,0,1.0000,1.0000,1,1,0,0,0.0000,0.0000,,,,,9803,125765,3292,2934,6825,123760,2978,1858,0,147,0.47296,-0.05114,0
1786019426.3502,E_right_up_r1,E,right,1,up,,335,147.3000,345.0000,173.0000,174.0000,0.0000,0.0000,332.1000,325.8000,86.6000,0.0000,106.0000,0.0000,214.4000,0.0000,-0.82300,-0.00900,0.35500,5.49000,36.11000,9.74000,0.25000,-0.05000,1.15400,-2.26000,3.45000,-0.84000,8.7,1.2,1.0,0.0,1.132917,1.461313,1.878999,-0.440117,-0.556123,2.413331,-0.089600,0.486000,0.869300,0.003200,0.133500,0.542300,0.828800,0.034500,0.916993,0.127566,1.755808,-0.100836,0.013868,1.408864,2.542153,-0.962663,-0.865127,0.888419,-2.386196,1.172582,0.220893,-0.710242,2.239845,0.767179,2.133299,-0.556394,-1.174809,1.507891,1,0,1.0000,1.0000,1,1,0,0,0.0000,0.0000,,,,,129436,125765,3319,2934,126090,123760,3346,1858,0,147,0.47296,-0.05114,0
1786019426.3732,E_right_up_r1,E,right,1,up,,336,147.3000,345.0000,173.0000,174.0000,0.0000,0.0000,332.1000,325.8000,86.6000,0.0000,106.0000,0.0000,214.4000,0.0000,-0.82300,-0.00900,0.35500,5.49000,36.11000,9.74000,0.25000,-0.05000,1.15400,-2.26000,3.45000,-0.84000,8.7,1.2,1.0,0.0,1.132917,1.461313,1.878999,-0.440117,-0.556123,2.413331,-0.089600,0.486000,0.869300,0.003200,0.133500,0.542300,0.828800,0.034500,0.916993,0.127566,1.755808,-0.100836,0.013868,1.408864,2.542153,-0.962663,-0.865127,0.888419,-2.386196,1.172582,0.220893,-0.710242,2.239845,0.767179,2.133299,-0.556394,-1.174809,1.507891,1,0,1.0000,1.0000,1,1,0,0,0.0000,0.0000,,,,,129436,125765,3319,2934,126090,123760,3346,1858,0,147,0.47296,-0.05114,0
1786019426.4498,E_right_up_r1,E,right,1,up,,337,147.3000,345.0000,173.0000,174.0000,0.0000,0.0000,332.1000,325.8000,86.6000,0.0000,106.0000,0.0000,214.4000,0.0000,-0.82300,-0.00900,0.35500,5.49000,36.11000,9.74000,0.25000,-0.05000,1.15400,-2.26000,3.45000,-0.84000,10.2,1.3,1.0,0.0,1.132917,1.461313,1.878999,-0.440117,-0.556123,2.413331,-0.089600,0.486000,0.869300,0.003200,0.133500,0.542300,0.828800,0.034500,0.916993,0.127566,1.755808,-0.100836,0.013868,1.408864,2.542153,-0.962663,-0.865127,0.888419,-2.386196,1.172582,0.220893,-0.710242,2.239845,0.767179,2.133299,-0.556394,-1.174809,1.507891,1,0,1.0000,1.0000,1,1,0,0,0.0000,0.0000,,,,,129436,125765,3320,2935,126090,123760,3346,1858,0,147,0.47296,-0.05114,0
1786019426.4503,E_right_up_r1,E,right,1,up,,338,147.3000,345.0000,173.0000,174.0000,0.0000,0.0000,332.1000,325.8000,86.6000,0.0000,106.0000,0.0000,214.4000,0.0000,-0.82300,-0.00900,0.35500,5.49000,36.11000,9.74000,0.25000,-0.05000,1.15400,-2.26000,3.45000,-0.84000,10.2,1.3,1.0,0.0,1.132917,1.461313,1.878999,-0.440117,-0.556123,2.413331,-0.089600,0.486000,0.869300,0.003200,0.133500,0.542300,0.828800,0.034500,0.916993,0.127566,1.755808,-0.100836,0.013868,1.408864,2.542153,-0.962663,-0.865127,0.888419,-2.386196,1.172582,0.220893,-0.710242,2.239845,0.767179,2.133299,-0.556394,-1.174809,1.507891,1,0,1.0000,1.0000,1,1,0,0,0.0000,0.0000,,,,,129436,125765,3320,2935,126090,123760,3346,1858,0,147,0.47296,-0.05114,0
1786019426.4508,E_right_up_r1,E,right,1,up,,339,147.3000,345.0000,173.0000,174.0000,0.0000,0.0000,332.1000,325.8000,86.6000,0.0000,106.0000,0.0000,214.4000,0.0000,-0.82300,-0.00900,0.35500,5.49000,36.11000,9.74000,0.25000,-0.05000,1.15400,-2.26000,3.45000,-0.84000,10.2,1.3,1.0,0.0,1.132917,1.461313,1.878999,-0.440117,-0.556123,2.413331,-0.089600,0.486000,0.869300,0.003200,0.133500,0.542300,0.828800,0.034500,0.916993,0.127566,1.755808,-0.100836,0.013868,1.408864,2.542153,-0.962663,-0.865127,0.888419,-2.386196,1.172582,0.220893,-0.710242,2.239845,0.767179,2.133299,-0.556394,-1.174809,1.507891,1,0,1.0000,1.0000,1,1,0,0,0.0000,0.0000,,,,,129436,125765,3320,2935,126090,123760,3346,1858,0,147,0.47296,-0.05114,0
1786019426.4518,E_right_up_r1,E,right,1,up,,340,147.3000,345.0000,173.0000,174.0000,0.0000,0.0000,332.1000,325.8000,86.6000,0.0000,106.0000,0.0000,214.4000,0.0000,-0.82300,-0.00900,0.35500,5.49000,36.11000,9.74000,0.25000,-0.05000,1.15400,-2.26000,3.45000,-0.84000,10.2,1.3,1.0,0.0,1.132917,1.461313,1.878999,-0.440117,-0.556123,2.413331,-0.089600,0.486000,0.869300,0.003200,0.133500,0.542300,0.828800,0.034500,0.916993,0.127566,1.755808,-0.100836,0.013868,1.408864,2.542153,-0.962663,-0.865127,0.888419,-2.386196,1.172582,0.220893,-0.710242,2.239845,0.767179,2.133299,-0.556394,-1.174809,1.507891,1,0,1.0000,1.0000,1,1,0,0,0.0000,0.0000,,,,,129436,125765,3320,2935,126090,123760,3346,1858,0,147,0.47296,-0.05114,0
1786019426.4743,E_right_up_r1,E,right,1,up,,341,147.3000,345.0000,173.0000,174.0000,0.0000,0.0000,332.1000,325.8000,86.6000,0.0000,106.0000,0.0000,214.4000,0.0000,-0.82300,-0.00900,0.35500,5.49000,36.11000,9.74000,0.25000,-0.05000,1.15400,-2.26000,3.45000,-0.84000,8.0,2.5,1.0,0.0,1.132917,1.461313,1.878999,-0.440117,-0.556123,2.413331,-0.089600,0.486000,0.869300,0.003200,0.133500,0.542300,0.828800,0.034500,0.916993,0.127566,1.755808,-0.100836,0.013868,1.408864,2.542153,-0.962663,-0.865127,0.888419,-2.386196,1.172582,0.220893,-0.710242,2.239845,0.767179,2.133299,-0.556394,-1.174809,1.507891,1,0,1.0000,1.0000,1,1,0,0,0.0000,0.0000,,,,,129436,125765,3320,2935,126090,123760,3346,1858,0,147,0.47296,-0.05114,0
1786019426.5003,E_right_up_r1,E,right,1,up,,342,147.3000,345.0000,173.0000,173.1000,0.0000,0.0000,332.0000,295.5000,96.0000,0.0000,103.5000,0.0000,203.2000,0.0000,-0.93100,0.09100,0.29100,-14.78000,-18.76000,11.63000,0.08500,-0.00100,0.82000,12.37000,-53.55000,-56.63000,8.7,2.1,1.0,0.0,0.729001,0.711088,1.544610,-1.398048,-1.202410,2.896808,-0.089600,0.486000,0.869300,0.003200,0.133500,0.542300,0.828800,0.034500,0.916993,0.127566,1.755808,-0.100836,0.013868,1.408864,2.542153,-0.962663,-0.865127,0.888419,-2.386196,1.172582,0.220893,-0.710242,2.239845,0.767179,2.133299,-0.556394,-1.174809,1.507891,1,0,1.0000,1.0000,1,1,0,0,0.0000,0.0000,,,,,129436,9314,3320,2885,126090,7347,3346,1818,0,149,0.47296,-0.05114,0
1786019426.5114,E_right_up_r1,E,right,1,up,,343,147.3000,345.0000,17.0000,173.6000,0.0000,0.0000,332.0000,294.4000,96.3000,0.0000,102.8000,0.0000,203.1000,0.0000,-0.89300,0.07700,0.27300,-7.61000,-20.53000,13.85000,0.15000,0.04100,0.77800,5.02000,-63.47000,-73.88000,9.0,2.9,1.0,0.0,1.139172,1.460662,1.881014,-0.440117,-0.556123,2.413331,-0.089600,0.486000,0.869300,0.003200,0.133500,0.542300,0.828800,0.034500,0.916993,0.127566,1.755808,-0.100836,0.013868,1.408864,2.542153,-0.962663,-0.865127,0.888419,-2.386196,1.172582,0.220893,-0.710242,2.239845,0.767179,2.133299,-0.556394,-1.174809,1.507891,1,0,1.0000,1.0000,1,1,0,0,0.0000,0.0000,,,,,129436,9314,3320,2885,126090,7347,3346,1818,0,149,0.47296,-0.05114,0
1786019426.5314,E_right_up_r1,E,right,1,up,,344,147.3000,345.0000,172.9000,174.1000,0.0000,0.0000,331.9000,290.2000,97.7000,0.0000,101.4000,0.0000,205.5000,0.0000,-0.88400,0.04500,0.27500,7.97000,-29.02000,16.59000,0.34600,0.02500,0.72000,11.12000,-47.98000,-98.27000,12.2,5.8,1.0,0.0,1.142193,1.460350,1.881872,-0.440117,-0.556123,2.413331,-0.089600,0.486000,0.869300,0.003200,0.133500,0.542300,0.828800,0.034500,0.916993,0.127566,1.755808,-0.100836,0.013868,1.408864,2.542153,-0.962663,-0.865127,0.888419,-2.386196,1.172582,0.220893,-0.710242,2.239845,0.767179,2.133299,-0.556394,-1.174809,1.507891,1,0,1.0000,1.0000,1,1,0,0,0.0000,0.0000,,,,,9803,125765,3293,2935,6825,123760,2978,1858,0,147,0.47296,-0.05114,0
1786019426.5609,E_right_up_r1,E,right,1,up,,345,147.3000,345.0000,172.9000,174.1000,0.0000,0.0000,331.9000,290.2000,97.7000,0.0000,101.4000,0.0000,205.5000,0.0000,-0.88400,0.04500,0.27500,7.97000,-29.02000,16.59000,0.34600,0.02500,0.72000,11.12000,-47.98000,-98.27000,12.2,5.8,1.0,0.0,1.142193,1.460350,1.881872,-0.440117,-0.556123,2.413331,-0.089600,0.486000,0.869300,0.003200,0.133500,0.542300,0.828800,0.034500,0.916993,0.127566,1.755808,-0.100836,0.013868,1.408864,2.542153,-0.962663,-0.865127,0.888419,-2.386196,1.172582,0.220893,-0.710242,2.239845,0.767179,2.133299,-0.556394,-1.174809,1.507891,1,0,1.0000,1.0000,1,1,0,0,0.0000,0.0000,,,,,129436,9314,3321,2885,126090,7347,3346,1818,0,149,0.47296,-0.05114,0
1786019426.5785,E_right_up_r1,E,right,1,up,,346,147.3000,345.0000,172.9000,174.1000,0.0000,0.0000,331.9000,290.2000,97.7000,0.0000,101.4000,0.0000,205.5000,0.0000,-0.88400,0.04500,0.27500,7.97000,-29.02000,16.59000,0.34600,0.02500,0.72000,11.12000,-47.98000,-98.27000,12.2,5.8,1.0,0.0,1.142193,1.460350,1.881872,-0.440117,-0.556123,2.413331,-0.089600,0.486000,0.869300,0.003200,0.133500,0.542300,0.828800,0.034500,0.916993,0.127566,1.755808,-0.100836,0.013868,1.408864,2.542153,-0.962663,-0.865127,0.888419,-2.386196,1.172582,0.220893,-0.710242,2.239845,0.767179,2.133299,-0.556394,-1.174809,1.507891,1,0,1.0000,1.0000,1,1,0,0,0.0000,0.0000,,,,,129436,9314,3321,2885,126090,7347,3346,1818,0,149,0.47296,-0.05114,0
1786019426.5896,E_right_up_r1,E,right,1,up,,347,147.3000,345.0000,172.9000,174.1000,0.0000,0.0000,331.9000,290.2000,97.7000,0.0000,101.4000,0.0000,205.5000,0.0000,-0.88400,0.04500,0.27500,7.97000,-29.02000,16.59000,0.34600,0.02500,0.72000,11.12000,-47.98000,-98.27000,12.2,5.8,1.0,0.0,1.142193,1.460350,1.881872,-0.440117,-0.556123,2.413331,-0.089600,0.486000,0.869300,0.003200,0.133500,0.542300,0.828800,0.034500,0.916993,0.127566,1.755808,-0.100836,0.013868,1.408864,2.542153,-0.962663,-0.865127,0.888419,-2.386196,1.172582,0.220893,-0.710242,2.239845,0.767179,2.133299,-0.556394,-1.174809,1.507891,1,0,1.0000,1.0000,1,1,0,0,0.0000,0.0000,,,,,129436,125765,3321,2935,126090,123760,3346,1858,0,147,0.47296,-0.05114,0
1786019426.6216,E_right_up_r1,E,right,1,up,,348,147.3000,345.0000,172.9000,174.1000,0.0000,0.0000,331.9000,290.2000,97.7000,0.0000,101.4000,0.0000,205.5000,0.0000,-0.88400,0.04500,0.27500,7.97000,-29.02000,16.59000,0.34600,0.02500,0.72000,11.12000,-47.98000,-98.27000,12.2,5.8,1.0,0.0,1.142193,1.460350,1.881872,-0.440117,-0.556123,2.413331,-0.089600,0.486000,0.869300,0.003200,0.133500,0.542300,0.828800,0.034500,0.916993,0.127566,1.755808,-0.100836,0.013868,1.408864,2.542153,-0.962663,-0.865127,0.888419,-2.386196,1.172582,0.220893,-0.710242,2.239845,0.767179,2.133299,-0.556394,-1.174809,1.507891,1,0,1.0000,1.0000,1,1,0,0,0.0000,0.0000,,,,,129436,125765,3321,2935,126090,123760,3346,1858,0,147,0.47296,-0.05114,0
1786019426.6631,E_right_up_r1,E,right,1,up,,349,147.3000,345.0000,172.7000,175.9000,0.0000,0.0000,331.9000,290.2000,97.7000,0.0000,101.4000,0.0000,205.5000,0.0000,-0.87100,0.05800,0.29500,2.90000,10.84000,17.91000,0.34600,0.02500,0.72000,11.12000,-47.98000,-98.27000,13.4,4.9,1.0,0.0,1.143312,1.460235,1.881641,-0.440117,-0.556123,2.413331,-0.089600,0.486000,0.869300,0.003200,0.133500,0.542300,0.828800,0.034500,0.916993,0.127566,1.755808,-0.100836,0.013868,1.408864,2.542153,-0.962663,-0.865127,0.888419,-2.386196,1.172582,0.220893,-0.710242,2.239845,0.767179,2.133299,-0.556394,-1.174809,1.507891,1,0,1.0000,1.0000,1,1,0,0,0.0000,0.0000,,,,,129436,125765,3321,2935,126090,123760,3346,1858,0,147,0.47296,-0.05114,0
1786019426.6675,E_right_up_r1,E,right,1,up,,350,147.3000,345.0000,172.7000,175.9000,0.0000,0.0000,331.9000,290.2000,97.7000,0.0000,101.4000,0.0000,205.5000,0.0000,-0.87100,0.05800,0.29500,2.90000,10.84000,17.91000,0.34600,0.02500,0.72000,11.12000,-47.98000,-98.27000,13.4,4.9,1.0,0.0,1.143312,1.460235,1.881641,-0.440117,-0.556123,2.413331,-0.089600,0.486000,0.869300,0.003200,0.133500,0.542300,0.828800,0.034500,0.916993,0.127566,1.755808,-0.100836,0.013868,1.408864,2.542153,-0.962663,-0.865127,0.888419,-2.386196,1.172582,0.220893,-0.710242,2.239845,0.767179,2.133299,-0.556394,-1.174809,1.507891,1,0,1.0000,1.0000,1,1,0,0,0.0000,0.0000,,,,,9803,125765,3294,2935,6825,123760,2978,1858,0,147,0.47296,-0.05114,0
1786019426.6696,E_right_up_r1,E,right,1,up,,351,147.3000,345.0000,172.7000,175.9000,0.0000,0.0000,331.9000,290.2000,97.7000,0.0000,101.4000,0.0000,205.5000,0.0000,-0.87100,0.05800,0.29500,2.90000,10.84000,17.91000,0.34600,0.02500,0.72000,11.12000,-47.98000,-98.27000,13.4,4.9,1.0,0.0,1.143312,1.460235,1.881641,-0.440117,-0.556123,2.413331,-0.089600,0.486000,0.869300,0.003200,0.133500,0.542300,0.828800,0.034500,0.916993,0.127566,1.755808,-0.100836,0.013868,1.408864,2.542153,-0.962663,-0.865127,0.888419,-2.386196,1.172582,0.220893,-0.710242,2.239845,0.767179,2.133299,-0.556394,-1.174809,1.507891,1,0,1.0000,1.0000,1,1,0,0,0.0000,0.0000,,,,,9803,125765,3294,2935,6825,123760,2978,1858,0,147,0.47296,-0.05114,0
1786019426.6915,E_right_up_r1,E,right,1,up,,352,147.3000,345.0000,172.8000,175.6000,0.0000,0.0000,332.1000,273.9000,99.9000,0.0000,100.0000,0.0000,211.0000,0.0000,-0.86600,0.07100,0.34600,-3.81000,26.00000,10.02000,0.12200,0.37900,0.87200,50.44000,24.49000,-37.59000,13.4,4.9,1.0,0.0,0.727570,0.711239,1.543305,-1.398048,-1.202410,2.896808,-0.089600,0.486000,0.869300,0.003200,0.133500,0.542300,0.828800,0.034500,0.916993,0.127566,1.755808,-0.100836,0.013868,1.408864,2.542153,-0.962663,-0.865127,0.888419,-2.386196,1.172582,0.220893,-0.710242,2.239845,0.767179,2.133299,-0.556394,-1.174809,1.507891,1,0,1.0000,1.0000,1,1,0,0,0.0000,0.0000,,,,,9803,9314,3294,2885,6825,7347,2978,1818,0,149,0.47296,-0.05114,0
1786019426.7103,E_right_up_r1,E,right,1,up,,353,147.3000,345.0000,172.8000,175.6000,0.0000,0.0000,332.1000,273.9000,99.9000,0.0000,100.0000,0.0000,211.0000,0.0000,-0.86600,0.07100,0.34600,-3.81000,26.00000,10.02000,0.12200,0.37900,0.87200,50.44000,24.49000,-37.59000,13.4,4.9,1.0,0.0,0.727570,0.711239,1.543305,-1.398048,-1.202410,2.896808,-0.089600,0.486000,0.869300,0.003200,0.133500,0.542300,0.828800,0.034500,0.916993,0.127566,1.755808,-0.100836,0.013868,1.408864,2.542153,-0.962663,-0.865127,0.888419,-2.386196,1.172582,0.220893,-0.710242,2.239845,0.767179,2.133299,-0.556394,-1.174809,1.507891,1,0,1.0000,1.0000,1,1,0,0,0.0000,0.0000,,,,,9803,9314,3294,2885,6825,7347,2978,1818,0,149,0.47296,-0.05114,0
1786019426.7288,E_right_up_r1,E,right,1,up,,354,147.3000,345.0000,172.9000,174.8000,0.0000,0.0000,331.9000,270.5000,100.1000,0.0000,100.0000,0.0000,211.7000,0.0000,-0.88700,0.09200,0.34400,-3.63000,16.21000,-3.61000,0.17900,0.30200,0.76800,12.81000,-1.78000,-2.18000,13.4,4.9,1.0,0.0,0.962833,0.134210,1.919710,-0.426661,-1.461419,2.222944,-0.089600,0.486000,0.869300,0.003200,0.133500,0.542300,0.828800,0.034500,0.916993,0.127566,1.755808,-0.100836,0.013868,1.408864,2.542153,-0.962663,-0.865127,0.888419,-2.386196,1.172582,0.220893,-0.710242,2.239845,0.767179,2.133299,-0.556394,-1.174809,1.507891,1,1,1.0000,1.0000,1,1,0,0,0.0000,0.0000,,,,,9803,9314,3294,2885,6825,7347,2978,1818,0,149,0.47296,-0.05114,0
1786019426.7522,E_right_up_r1,E,right,1,up,,355,147.3000,345.0000,172.9000,174.8000,0.0000,0.0000,331.9000,270.5000,100.1000,0.0000,100.0000,0.0000,211.7000,0.0000,-0.88700,0.09200,0.34400,-3.63000,16.21000,-3.61000,0.17900,0.30200,0.76800,12.81000,-1.78000,-2.18000,13.4,4.9,1.0,0.0,0.962833,0.134210,1.919710,-0.426661,-1.461419,2.222944,-0.089600,0.486000,0.869300,0.003200,0.133500,0.542300,0.828800,0.034500,0.916993,0.127566,1.755808,-0.100836,0.013868,1.408864,2.542153,-0.962663,-0.865127,0.888419,-2.386196,1.172582,0.220893,-0.710242,2.239845,0.767179,2.133299,-0.556394,-1.174809,1.507891,1,1,1.0000,1.0000,1,1,0,0,0.0000,0.0000,,,,,129436,125765,3321,2935,126090,123760,3346,1858,0,147,0.47296,-0.05114,0
1786019426.7694,E_right_up_r1,E,right,1,up,,356,147.3000,344.9000,172.9000,174.5000,0.0000,0.0000,331.9000,270.5000,100.1000,0.0000,100.0000,0.0000,211.7000,0.0000,-0.98200,0.10500,0.32900,-3.29000,7.98000,-13.24000,0.17900,0.30200,0.76800,12.81000,-1.78000,-2.18000,15.3,7.2,1.0,0.0,1.145575,1.460000,1.882373,-0.426661,-1.461419,2.222944,-0.089600,0.486000,0.869300,0.003200,0.133500,0.542300,0.828800,0.034500,0.916993,0.127566,1.755808,-0.100836,0.013868,1.408864,2.542153,-0.962663,-0.865127,0.888419,-2.386196,1.172582,0.220893,-0.710242,2.239845,0.767179,2.133299,-0.556394,-1.174809,1.507891,1,1,1.0000,1.0000,1,1,0,0,0.0000,0.0000,,,,,129436,125765,3321,2935,126090,123760,3346,1858,0,147,0.47296,-0.05114,0
1786019426.7921,E_right_up_r1,E,right,1,up,,357,147.3000,344.9000,172.9000,174.5000,0.0000,0.0000,331.9000,269.4000,100.1000,0.0000,99.9000,0.0000,211.9000,0.0000,-0.98700,0.12100,0.31100,3.68000,-4.44000,-13.23000,0.28000,0.38500,0.71100,11.53000,-10.46000,6.11000,15.3,7.2,1.0,0.0,1.148816,1.459661,1.883514,-0.440117,-0.556123,2.413331,-0.089600,0.486000,0.869300,0.003200,0.133500,0.542300,0.828800,0.034500,0.916993,0.127566,1.755808,-0.100836,0.013868,1.408864,2.542153,-0.962663,-0.865127,0.888419,-2.386196,1.172582,0.220893,-0.710242,2.239845,0.767179,2.133299,-0.556394,-1.174809,1.507891,1,0,1.0000,1.0000,1,1,0,0,0.0000,0.0000,,,,,129436,9314,3322,2886,126090,7347,3346,1818,0,149,0.47296,-0.05114,0
1786019426.8160,E_right_up_r1,E,right,1,up,,358,147.3000,344.9000,172.9000,174.5000,0.0000,0.0000,331.9000,269.3000,100.0000,0.0000,99.9000,0.0000,211.7000,0.0000,-0.98700,0.12100,0.31100,3.68000,-4.44000,-13.23000,0.27200,0.31400,0.60200,17.43000,-11.27000,3.80000,15.3,7.2,1.0,0.0,1.148816,1.459661,1.883514,-0.440117,-0.556123,2.413331,-0.089600,0.486000,0.869300,0.003200,0.133500,0.542300,0.828800,0.034500,0.916993,0.127566,1.755808,-0.100836,0.013868,1.408864,2.542153,-0.962663,-0.865127,0.888419,-2.386196,1.172582,0.220893,-0.710242,2.239845,0.767179,2.133299,-0.556394,-1.174809,1.507891,1,0,1.0000,1.0000,1,1,0,0,0.0000,0.0000,,,,,9803,125765,3295,2936,6825,123760,2978,1858,0,147,0.47296,-0.05114,0
1786019426.8337,E_right_up_r1,E,right,1,up,,359,147.3000,344.9000,172.9000,174.5000,0.0000,0.0000,331.9000,269.3000,100.0000,0.0000,99.9000,0.0000,211.7000,0.0000,-0.94000,0.11300,0.28800,-1.62000,-3.64000,-19.56000,0.27200,0.31400,0.60200,17.43000,-11.27000,3.80000,16.4,5.2,1.0,0.0,0.969419,0.133535,1.921968,-0.440117,-0.556123,2.413331,-0.089600,0.486000,0.869300,0.003200,0.133500,0.542300,0.828800,0.034500,0.916993,0.127566,1.755808,-0.100836,0.013868,1.408864,2.542153,-0.962663,-0.865127,0.888419,-2.386196,1.172582,0.220893,-0.710242,2.239845,0.767179,2.133299,-0.556394,-1.174809,1.507891,1,0,1.0000,1.0000,1,1,0,0,0.0000,0.0000,,,,,129436,9314,3322,2886,126090,7347,3346,1818,0,149,0.47296,-0.05114,0
1786019426.8524,E_right_up_r1,E,right,1,up,,360,147.0000,344.9000,172.8000,174.5000,0.0000,0.0000,331.9000,269.9000,99.1000,0.0000,99.7000,0.0000,211.0000,0.0000,-0.94200,0.07800,0.28900,3.81000,-7.29000,-22.88000,0.21000,0.38300,0.59000,43.22000,-31.15000,-1.81000,16.4,5.2,1.0,0.0,1.150169,1.459379,1.883965,-0.440117,-0.556123,2.413331,-0.089600,0.486000,0.869300,0.003200,0.133500,0.542300,0.828800,0.034500,0.916993,0.127566,1.755808,-0.100836,0.013868,1.408864,2.542153,-0.962663,-0.865127,0.888419,-2.386196,1.172582,0.220893,-0.710242,2.239845,0.767179,2.133299,-0.556394,-1.174809,1.507891,1,0,1.0000,1.0000,1,1,0,0,0.0000,0.0000,,,,,9803,9314,3295,2886,6825,7347,2978,1818,0,149,0.47296,-0.05114,0
1786019426.8694,E_right_up_r1,E,right,1,up,,361,147.0000,344.9000,172.8000,174.5000,0.0000,0.0000,331.9000,270.8000,98.3000,0.0000,99.6000,0.0000,210.6000,0.0000,-0.94200,0.07800,0.28900,3.81000,-7.29000,-22.88000,0.17600,0.32200,0.57300,41.37000,-44.18000,-2.14000,16.4,5.2,1.0,0.0,1.150169,1.459379,1.883965,-0.440117,-0.556123,2.413331,-0.089600,0.486000,0.869300,0.003200,0.133500,0.542300,0.828800,0.034500,0.916993,0.127566,1.755808,-0.100836,0.013868,1.408864,2.542153,-0.962663,-0.865127,0.888419,-2.386196,1.172582,0.220893,-0.710242,2.239845,0.767179,2.133299,-0.556394,-1.174809,1.507891,1,0,1.0000,1.0000,1,1,0,0,0.0000,0.0000,,,,,129436,9314,3322,2886,126090,7347,3346,1818,0,149,0.47296,-0.05114,0
1786019426.9018,E_right_up_r1,E,right,1,up,,362,147.0000,344.9000,172.8000,174.5000,0.0000,0.0000,331.9000,270.8000,98.3000,0.0000,99.6000,0.0000,210.6000,0.0000,-0.94200,0.07800,0.28900,3.81000,-7.29000,-22.88000,0.17600,0.32200,0.57300,41.37000,-44.18000,-2.14000,16.4,5.2,1.0,0.0,1.150169,1.459379,1.883965,-0.440117,-0.556123,2.413331,-0.089600,0.486000,0.869300,0.003200,0.133500,0.542300,0.828800,0.034500,0.916993,0.127566,1.755808,-0.100836,0.013868,1.408864,2.542153,-0.962663,-0.865127,0.888419,-2.386196,1.172582,0.220893,-0.710242,2.239845,0.767179,2.133299,-0.556394,-1.174809,1.507891,1,0,1.0000,1.0000,1,1,0,0,0.0000,0.0000,,,,,9803,9314,3295,2886,6825,7347,2978,1818,0,149,0.47296,-0.05114,0
1786019426.9143,E_right_up_r1,E,right,1,up,,363,147.0000,344.9000,172.8000,174.5000,0.0000,0.0000,331.9000,270.8000,98.3000,0.0000,99.6000,0.0000,210.6000,0.0000,-0.94200,0.07800,0.28900,3.81000,-7.29000,-22.88000,0.17600,0.32200,0.57300,41.37000,-44.18000,-2.14000,16.4,5.2,1.0,0.0,1.150169,1.459379,1.883965,-0.440117,-0.556123,2.413331,-0.089600,0.486000,0.869300,0.003200,0.133500,0.542300,0.828800,0.034500,0.916993,0.127566,1.755808,-0.100836,0.013868,1.408864,2.542153,-0.962663,-0.865127,0.888419,-2.386196,1.172582,0.220893,-0.710242,2.239845,0.767179,2.133299,-0.556394,-1.174809,1.507891,1,0,1.0000,1.0000,1,1,0,0,0.0000,0.0000,,,,,9803,9314,3295,2886,6825,7347,2978,1818,0,149,0.47296,-0.05114,0
1786019426.9386,E_right_up_r1,E,right,1,up,,364,147.3000,344.9000,172.6000,175.0000,0.0000,0.0000,331.8000,312.4000,93.4000,0.0000,99.8000,0.0000,211.1000,0.0000,-0.88800,0.01900,0.28200,10.81000,-0.09000,-28.98000,0.15900,0.01400,0.63800,76.24000,-79.91000,-27.18000,11.1,3.9,1.0,0.0,0.732707,0.710701,1.544397,-1.398048,-1.202410,2.896808,-0.089600,0.486000,0.869300,0.003200,0.133500,0.542300,0.828800,0.034500,0.916993,0.127566,1.755808,-0.100836,0.013868,1.408864,2.542153,-0.962663,-0.865127,0.888419,-2.386196,1.172582,0.220893,-0.710242,2.239845,0.767179,2.133299,-0.556394,-1.174809,1.507891,1,0,1.0000,1.0000,1,1,0,0,0.0000,0.0000,,,,,9803,125765,3295,2936,6825,123760,2978,1858,0,147,0.47296,-0.05114,0
1786019426.9486,E_right_up_r1,E,right,1,up,,365,147.3000,344.9000,172.6000,175.0000,0.0000,0.0000,331.7000,321.9000,94.2000,0.0000,99.8000,0.0000,210.7000,0.0000,-0.93300,0.03500,0.28800,8.91000,-0.70000,-28.36000,0.12700,0.10400,0.65600,64.70000,-75.04000,-18.90000,11.1,3.9,1.0,0.0,1.149755,1.459465,1.883640,-0.440117,-0.556123,2.413331,-0.089600,0.486000,0.869300,0.003200,0.133500,0.542300,0.828800,0.034500,0.916993,0.127566,1.755808,-0.100836,0.013868,1.408864,2.542153,-0.962663,-0.865127,0.888419,-2.386196,1.172582,0.220893,-0.710242,2.239845,0.767179,2.133299,-0.556394,-1.174809,1.507891,1,0,1.0000,1.0000,1,1,0,0,0.0000,0.0000,,,,,129436,9314,3322,2886,126090,7347,3346,1818,0,149,0.47296,-0.05114,0
1786019426.9713,E_right_up_r1,E,right,1,up,,366,147.3000,344.9000,172.6000,175.0000,0.0000,0.0000,331.7000,321.9000,94.2000,0.0000,99.8000,0.0000,210.7000,0.0000,-0.93300,0.03500,0.28800,8.91000,-0.70000,-28.36000,0.12700,0.10400,0.65600,64.70000,-75.04000,-18.90000,10.3,3.1,1.0,0.0,1.149755,1.459465,1.883640,-0.440117,-0.556123,2.413331,-0.089600,0.486000,0.869300,0.003200,0.133500,0.542300,0.828800,0.034500,0.916993,0.127566,1.755808,-0.100836,0.013868,1.408864,2.542153,-0.962663,-0.865127,0.888419,-2.386196,1.172582,0.220893,-0.710242,2.239845,0.767179,2.133299,-0.556394,-1.174809,1.507891,1,0,1.0000,1.0000,1,1,0,0,0.0000,0.0000,,,,,129436,125765,3322,2936,126090,123760,3346,1858,0,147,0.47296,-0.05114,0
1786019427.0021,E_right_up_r1,E,right,1,up,,367,147.2000,345.0000,172.7000,175.1000,0.0000,0.0000,332.1000,296.8000,87.0000,0.0000,100.0000,0.0000,219.2000,0.0000,-0.80300,-0.02700,0.33000,6.64000,9.84000,-23.75000,0.47000,0.19200,0.69000,138.91000,-74.73000,-11.70000,9.8,2.4,1.0,0.0,0.963555,0.134132,1.920076,-0.460083,-1.536924,2.243914,-0.089600,0.486000,0.869300,0.003200,0.133500,0.542300,0.828800,0.034500,0.916993,0.127566,1.755808,-0.100836,0.013868,1.408864,2.542153,-0.962663,-0.865127,0.888419,-2.386196,1.172582,0.220893,-0.710242,2.239845,0.767179,2.133299,-0.556394,-1.174809,1.507891,1,1,1.0000,1.0000,1,1,0,0,0.0000,0.0000,,,,,129436,125765,3322,2936,126090,123760,3346,1858,0,147,0.47296,-0.05114,0
1786019427.0353,E_right_up_r1,E,right,1,up,,368,147.2000,345.0000,172.7000,175.1000,0.0000,0.0000,332.1000,297.6000,85.6000,0.0000,100.0000,0.0000,221.0000,0.0000,-0.81100,-0.03000,0.33700,4.43000,9.69000,-18.31000,0.57400,0.24000,0.77000,139.77000,-73.23000,9.47000,9.0,3.1,1.0,0.0,0.725694,0.711409,1.542100,-1.398048,-1.202410,2.896808,-0.089600,0.486000,0.869300,0.003200,0.133500,0.542300,0.828800,0.034500,0.916993,0.127566,1.755808,-0.100836,0.013868,1.408864,2.542153,-0.962663,-0.865127,0.888419,-2.386196,1.172582,0.220893,-0.710242,2.239845,0.767179,2.133299,-0.556394,-1.174809,1.507891,1,0,1.0000,1.0000,1,1,0,0,0.0000,0.0000,,,,,129436,125765,3323,2936,126090,123760,3346,1858,0,147,0.47296,-0.05114,0
1786019427.0372,E_right_up_r1,E,right,1,up,,369,147.2000,345.0000,172.7000,175.1000,0.0000,0.0000,332.1000,297.6000,85.6000,0.0000,100.0000,0.0000,221.0000,0.0000,-0.81100,-0.03000,0.33700,4.43000,9.69000,-18.31000,0.57400,0.24000,0.77000,139.77000,-73.23000,9.47000,9.0,3.1,1.0,0.0,0.725694,0.711409,1.542100,-1.398048,-1.202410,2.896808,-0.089600,0.486000,0.869300,0.003200,0.133500,0.542300,0.828800,0.034500,0.916993,0.127566,1.755808,-0.100836,0.013868,1.408864,2.542153,-0.962663,-0.865127,0.888419,-2.386196,1.172582,0.220893,-0.710242,2.239845,0.767179,2.133299,-0.556394,-1.174809,1.507891,1,0,1.0000,1.0000,1,1,0,0,0.0000,0.0000,,,,,129436,125765,3323,2936,126090,123760,3346,1858,0,147,0.47296,-0.05114,0
1786019427.0515,E_right_up_r1,E,right,1,up,,370,147.2000,345.0000,172.7000,175.1000,0.0000,0.0000,332.1000,298.6000,83.9000,0.0000,100.0000,0.0000,222.4000,0.0000,-0.81100,-0.03000,0.33700,4.43000,9.69000,-18.31000,0.69200,0.28900,0.73300,140.30000,-64.78000,30.91000,9.0,3.1,1.0,0.0,0.725694,0.711409,1.542100,-1.398048,-1.202410,2.896808,-0.089600,0.486000,0.869300,0.003200,0.133500,0.542300,0.828800,0.034500,0.916993,0.127566,1.755808,-0.100836,0.013868,1.408864,2.542153,-0.962663,-0.865127,0.888419,-2.386196,1.172582,0.220893,-0.710242,2.239845,0.767179,2.133299,-0.556394,-1.174809,1.507891,1,0,1.0000,1.0000,1,1,0,0,0.0000,0.0000,,,,,9803,9314,3296,2887,6825,7347,2978,1818,0,149,0.47296,-0.05114,0
1786019427.0757,E_right_up_r1,E,right,1,up,,371,147.2000,345.0000,172.7000,175.2000,0.0000,0.0000,332.2000,306.1000,73.0000,0.0000,100.8000,0.0000,227.0000,0.0000,-0.78400,-0.07300,0.31600,14.63000,-15.12000,-1.95000,1.02300,0.57100,0.79900,110.88000,17.80000,64.71000,9.0,1.2,1.0,0.0,1.136511,1.460855,1.879390,-0.440117,-0.556123,2.413331,-0.089600,0.486000,0.869300,0.003200,0.133500,0.542300,0.828800,0.034500,0.916993,0.127566,1.755808,-0.100836,0.013868,1.408864,2.542153,-0.962663,-0.865127,0.888419,-2.386196,1.172582,0.220893,-0.710242,2.239845,0.767179,2.133299,-0.556394,-1.174809,1.507891,1,0,1.0000,1.0000,1,1,0,0,0.0000,0.0000,,,,,129436,125765,3323,2936,126090,123760,3346,1858,0,147,0.47296,-0.05114,0
1786019427.0940,E_right_up_r1,E,right,1,up,,372,147.2000,345.1000,172.7000,175.0000,0.0000,0.0000,332.2000,308.5000,68.1000,0.0000,101.4000,0.0000,227.1000,0.0000,-0.80200,-0.04500,0.30800,17.40000,-14.15000,6.24000,0.98200,0.70200,0.77800,86.72000,34.09000,72.76000,9.6,1.8,1.0,0.0,0.960773,0.134408,1.919108,-0.446961,-1.540576,2.262753,-0.089600,0.486000,0.869300,0.003200,0.133500,0.542300,0.828800,0.034500,0.916993,0.127566,1.755808,-0.100836,0.013868,1.408864,2.542153,-0.962663,-0.865127,0.888419,-2.386196,1.172582,0.220893,-0.710242,2.239845,0.767179,2.133299,-0.556394,-1.174809,1.507891,1,1,1.0000,1.0000,1,1,0,0,0.0000,0.0000,,,,,129436,9314,3323,2887,126090,7347,3346,1818,0,149,0.47296,-0.05114,0
1786019427.1116,E_right_up_r1,E,right,1,up,,373,147.0000,345.1000,172.7000,175.1000,0.0000,0.0000,332.2000,310.7000,60.6000,0.0000,102.5000,0.0000,225.5000,0.0000,-0.80300,-0.03400,0.30100,19.02000,-12.76000,14.84000,1.13900,0.79100,0.94400,51.24000,64.12000,75.93000,9.0,0.9,1.0,0.0,0.723196,0.711577,1.541103,-1.398048,-1.202410,2.896808,-0.089600,0.486000,0.869300,0.003200,0.133500,0.542300,0.828800,0.034500,0.916993,0.127566,1.755808,-0.100836,0.013868,1.408864,2.542153,-0.962663,-0.865127,0.888419,-2.386196,1.172582,0.220893,-0.710242,2.239845,0.767179,2.133299,-0.556394,-1.174809,1.507891,1,0,1.0000,1.0000,1,1,0,0,0.0000,0.0000,,,,,129436,125765,3323,2936,126090,123760,3346,1858,0,147,0.47296,-0.05114,0
1786019427.1319,E_right_up_r1,E,right,1,up,,374,147.0000,345.1000,172.7000,175.1000,0.0000,0.0000,332.2000,310.7000,60.6000,0.0000,102.5000,0.0000,225.5000,0.0000,-0.80300,-0.03400,0.30100,19.02000,-12.76000,14.84000,1.13900,0.79100,0.94400,51.24000,64.12000,75.93000,9.0,0.9,1.0,0.0,0.723196,0.711577,1.541103,-1.398048,-1.202410,2.896808,-0.089600,0.486000,0.869300,0.003200,0.133500,0.542300,0.828800,0.034500,0.916993,0.127566,1.755808,-0.100836,0.013868,1.408864,2.542153,-0.962663,-0.865127,0.888419,-2.386196,1.172582,0.220893,-0.710242,2.239845,0.767179,2.133299,-0.556394,-1.174809,1.507891,1,0,1.0000,1.0000,1,1,0,0,0.0000,0.0000,,,,,129436,9314,3323,2887,126090,7347,3346,1818,0,149,0.47296,-0.05114,0
1786019427.1580,E_right_up_r1,E,right,1,up,,375,147.0000,345.1000,172.7000,175.1000,0.0000,0.0000,332.2000,310.7000,60.6000,0.0000,102.5000,0.0000,225.5000,0.0000,-0.80300,-0.03400,0.30100,19.02000,-12.76000,14.84000,1.13900,0.79100,0.94400,51.24000,64.12000,75.93000,9.0,0.9,1.0,0.0,0.723196,0.711577,1.541103,-1.398048,-1.202410,2.896808,-0.089600,0.486000,0.869300,0.003200,0.133500,0.542300,0.828800,0.034500,0.916993,0.127566,1.755808,-0.100836,0.013868,1.408864,2.542153,-0.962663,-0.865127,0.888419,-2.386196,1.172582,0.220893,-0.710242,2.239845,0.767179,2.133299,-0.556394,-1.174809,1.507891,1,0,1.0000,1.0000,1,1,0,0,0.0000,0.0000,,,,,9803,125765,3296,2937,6825,123760,2978,1858,0,147,0.47296,-0.05114,0
1786019427.1725,E_right_up_r1,E,right,1,up,,376,147.0000,345.1000,172.7000,175.1000,0.0000,0.0000,332.2000,310.7000,60.6000,0.0000,102.5000,0.0000,225.5000,0.0000,-0.80300,-0.03400,0.30100,19.02000,-12.76000,14.84000,1.13900,0.79100,0.94400,51.24000,64.12000,75.93000,9.2,1.4,1.0,0.0,0.723196,0.711577,1.541103,-1.398048,-1.202410,2.896808,-0.089600,0.486000,0.869300,0.003200,0.133500,0.542300,0.828800,0.034500,0.916993,0.127566,1.755808,-0.100836,0.013868,1.408864,2.542153,-0.962663,-0.865127,0.888419,-2.386196,1.172582,0.220893,-0.710242,2.239845,0.767179,2.133299,-0.556394,-1.174809,1.507891,1,0,1.0000,1.0000,1,1,0,0,0.0000,0.0000,,,,,9803,125765,3296,2937,6825,123760,2978,1858,0,147,0.47296,-0.05114,0
1786019427.1921,E_right_up_r1,E,right,1,up,,377,147.0000,345.1000,172.7000,175.1000,0.0000,0.0000,332.2000,310.7000,60.6000,0.0000,102.5000,0.0000,225.5000,0.0000,-0.80300,-0.03400,0.30100,19.02000,-12.76000,14.84000,1.13900,0.79100,0.94400,51.24000,64.12000,75.93000,9.1,1.5,1.0,0.0,0.723196,0.711577,1.541103,-1.398048,-1.202410,2.896808,-0.089600,0.486000,0.869300,0.003200,0.133500,0.542300,0.828800,0.034500,0.916993,0.127566,1.755808,-0.100836,0.013868,1.408864,2.542153,-0.962663,-0.865127,0.888419,-2.386196,1.172582,0.220893,-0.710242,2.239845,0.767179,2.133299,-0.556394,-1.174809,1.507891,1,0,1.0000,1.0000,1,1,0,0,0.0000,0.0000,,,,,129436,125765,3323,2937,126090,123760,3346,1858,0,147,0.47296,-0.05114,0
1786019427.2252,E_right_up_r1,E,right,1,up,,378,147.3000,345.1000,172.7000,174.5000,0.0000,0.0000,332.1000,310.7000,60.6000,0.0000,102.5000,0.0000,225.5000,0.0000,-0.91700,0.02900,0.36700,2.75000,23.73000,37.02000,1.13900,0.79100,0.94400,51.24000,64.12000,75.93000,9.5,1.9,1.0,0.0,1.133003,1.461276,1.878277,-1.398048,-1.202410,2.896808,-0.089600,0.486000,0.869300,0.003200,0.133500,0.542300,0.828800,0.034500,0.916993,0.127566,1.755808,-0.100836,0.013868,1.408864,2.542153,-0.962663,-0.865127,0.888419,-2.386196,1.172582,0.220893,-0.710242,2.239845,0.767179,2.133299,-0.556394,-1.174809,1.507891,1,0,1.0000,1.0000,1,1,0,0,0.0000,0.0000,,,,,9803,9314,3296,2887,6825,7347,2978,1818,0,149,0.47296,-0.05114,0
1786019427.2305,E_right_up_r1,E,right,1,up,,379,147.3000,345.1000,172.7000,174.5000,0.0000,0.0000,332.1000,310.7000,60.6000,0.0000,102.5000,0.0000,225.5000,0.0000,-0.91700,0.02900,0.36700,2.75000,23.73000,37.02000,1.13900,0.79100,0.94400,51.24000,64.12000,75.93000,9.5,1.9,1.0,0.0,1.133003,1.461276,1.878277,-1.398048,-1.202410,2.896808,-0.089600,0.486000,0.869300,0.003200,0.133500,0.542300,0.828800,0.034500,0.916993,0.127566,1.755808,-0.100836,0.013868,1.408864,2.542153,-0.962663,-0.865127,0.888419,-2.386196,1.172582,0.220893,-0.710242,2.239845,0.767179,2.133299,-0.556394,-1.174809,1.507891,1,0,1.0000,1.0000,1,1,0,0,0.0000,0.0000,,,,,9803,9314,3296,2887,6825,7347,2978,1818,0,149,0.47296,-0.05114,0
1786019427.2836,E_right_up_r1,E,right,1,up,,380,147.2000,344.9000,172.7000,174.0000,0.0000,0.0000,331.3000,289.8000,32.1000,0.0000,99.8000,0.0000,153.2000,0.0000,-1.02400,0.10400,0.35300,-10.34000,5.87000,2.44000,0.30600,0.50800,0.83800,-41.58000,79.89000,22.64000,9.0,0.3,1.0,0.0,0.727030,0.711167,1.542426,-1.398048,-1.202410,2.896808,-0.089600,0.486000,0.869300,0.003200,0.133500,0.542300,0.828800,0.034500,0.916993,0.127566,1.755808,-0.100836,0.013868,1.408864,2.542153,-0.962663,-0.865127,0.888419,-2.386196,1.172582,0.220893,-0.710242,2.239845,0.767179,2.133299,-0.556394,-1.174809,1.507891,1,1,1.0000,1.0000,1,1,0,0,0.0000,0.0000,,,,,129436,9314,3323,2887,126090,7347,3346,1818,0,149,0.47296,-0.05114,0
1786019427.2891,E_right_up_r1,E,right,1,up,,381,147.2000,344.9000,172.7000,174.0000,0.0000,0.0000,331.3000,291.6000,32.2000,0.0000,99.8000,0.0000,156.8000,0.0000,-1.00600,0.12100,0.33800,-14.35000,4.31000,-0.66000,0.37600,0.52300,0.84400,-37.37000,84.89000,18.47000,9.7,0.4,1.0,0.0,0.966328,0.133800,1.921050,-0.455186,-1.559557,2.250962,-0.089600,0.486000,0.869300,0.003200,0.133500,0.542300,0.828800,0.034500,0.916993,0.127566,1.755808,-0.100836,0.013868,1.408864,2.542153,-0.962663,-0.865127,0.888419,-2.386196,1.172582,0.220893,-0.710242,2.239845,0.767179,2.133299,-0.556394,-1.174809,1.507891,1,0,1.0000,1.0000,1,1,0,0,0.0000,0.0000,,,,,129436,125765,3323,2937,126090,123760,3346,1858,0,147,0.47296,-0.05114,0
1786019427.2898,E_right_up_r1,E,right,1,up,,382,147.2000,344.9000,172.7000,174.0000,0.0000,0.0000,331.3000,291.6000,32.2000,0.0000,99.8000,0.0000,156.8000,0.0000,-1.00600,0.12100,0.33800,-14.35000,4.31000,-0.66000,0.37600,0.52300,0.84400,-37.37000,84.89000,18.47000,9.7,0.4,1.0,0.0,0.966328,0.133800,1.921050,-0.455186,-1.559557,2.250962,-0.089600,0.486000,0.869300,0.003200,0.133500,0.542300,0.828800,0.034500,0.916993,0.127566,1.755808,-0.100836,0.013868,1.408864,2.542153,-0.962663,-0.865127,0.888419,-2.386196,1.172582,0.220893,-0.710242,2.239845,0.767179,2.133299,-0.556394,-1.174809,1.507891,1,0,1.0000,1.0000,1,1,0,0,0.0000,0.0000,,,,,129436,125765,3323,2937,126090,123760,3346,1858,0,147,0.47296,-0.05114,0
1786019427.3124,E_right_up_r1,E,right,1,up,,383,147.2000,344.8000,172.7000,174.0000,0.0000,0.0000,330.8000,287.5000,32.1000,0.0000,99.7000,0.0000,149.6000,0.0000,-0.98100,0.12000,0.31300,-25.50000,-2.92000,-5.66000,0.30400,0.50300,0.84000,-46.21000,78.74000,26.63000,9.7,0.4,1.0,0.0,0.971201,0.133269,1.922781,-0.465882,-1.575984,2.241086,-0.089600,0.486000,0.869300,0.003200,0.133500,0.542300,0.828800,0.034500,0.916993,0.127566,1.755808,-0.100836,0.013868,1.408864,2.542153,-0.962663,-0.865127,0.888419,-2.386196,1.172582,0.220893,-0.710242,2.239845,0.767179,2.133299,-0.556394,-1.174809,1.507891,1,0,1.0000,1.0000,1,1,0,0,0.0000,0.0000,,,,,129436,125765,3323,2937,126090,123760,3346,1858,0,147,0.47296,-0.05114,0
1786019427.3297,E_right_up_r1,E,right,1,up,,384,147.2000,344.8000,172.7000,174.0000,0.0000,0.0000,330.8000,287.5000,32.1000,0.0000,99.7000,0.0000,149.6000,0.0000,-0.98100,0.12000,0.31300,-25.50000,-2.92000,-5.66000,0.30400,0.50300,0.84000,-46.21000,78.74000,26.63000,8.5,1.0,1.0,0.0,0.971201,0.133269,1.922781,-0.465882,-1.575984,2.241086,-0.089600,0.486000,0.869300,0.003200,0.133500,0.542300,0.828800,0.034500,0.916993,0.127566,1.755808,-0.100836,0.013868,1.408864,2.542153,-0.962663,-0.865127,0.888419,-2.386196,1.172582,0.220893,-0.710242,2.239845,0.767179,2.133299,-0.556394,-1.174809,1.507891,1,0,1.0000,1.0000,1,1,0,0,0.0000,0.0000,,,,,129436,125765,3323,2937,126090,123760,3346,1858,0,147,0.47296,-0.05114,0
1786019427.3516,E_right_up_r1,E,right,1,up,,385,4.2000,344.8000,172.0000,174.5000,0.0000,0.0000,328.7000,275.6000,33.3000,0.0000,99.5000,0.0000,132.6000,0.0000,-0.89600,0.08700,0.28500,-19.39000,-29.76000,-9.15000,0.13800,0.38000,0.73000,-46.79000,44.83000,29.39000,8.7,1.1,1.0,0.0,1.143910,1.460075,1.882148,-0.440117,-0.556123,2.413331,-0.089600,0.486000,0.869300,0.003200,0.133500,0.542300,0.828800,0.034500,0.916993,0.127566,1.755808,-0.100836,0.013868,1.408864,2.542153,-0.962663,-0.865127,0.888419,-2.386196,1.172582,0.220893,-0.710242,2.239845,0.767179,2.133299,-0.556394,-1.174809,1.507891,1,0,1.0000,1.0000,0,1,1,0,0.0496,0.0000,,,,,9803,9314,3296,2888,6825,7347,2978,1818,0,149,0.47296,-0.05114,0
1786019427.3767,E_right_up_r1,E,right,1,up,,386,148.1000,344.7000,170.2000,175.3000,0.0000,0.0000,328.3000,733.0000,41.0000,0.0000,99.7000,0.0000,124.0000,0.0000,-0.89100,0.09100,0.25100,-2.66000,-48.48000,-2.28000,0.08700,0.35700,0.70500,-27.98000,15.41000,11.88000,9.4,0.7,1.0,0.0,1.148930,1.459985,1.883627,-1.398048,-1.202410,2.896808,-0.089600,0.486000,0.869300,0.003200,0.133500,0.542300,0.828800,0.034500,0.916993,0.127566,1.755808,-0.100836,0.013868,1.408864,2.542153,-0.962663,-0.865127,0.888419,-2.386196,1.172582,0.220893,-0.710242,2.239845,0.767179,2.133299,-0.556394,-1.174809,1.507891,1,0,1.0000,1.0000,1,1,0,0,0.0000,0.0000,,,,,129436,125765,3324,2938,126090,123760,3346,1858,0,147,0.47296,-0.05114,0
1786019427.3957,E_right_up_r1,E,right,1,up,,387,148.3000,344.7000,170.0000,175.5000,0.0000,0.0000,328.4000,265.0000,38.2000,0.0000,100.1000,0.0000,119.4000,0.0000,-0.88100,0.09300,0.23900,5.99000,-47.84000,2.79000,0.13800,0.47300,0.72900,-27.08000,-0.61000,-2.08000,9.4,0.7,1.0,0.0,0.738837,0.710586,1.546265,-1.398048,-1.202410,2.896808,-0.089600,0.486000,0.869300,0.003200,0.133500,0.542300,0.828800,0.034500,0.916993,0.127566,1.755808,-0.100836,0.013868,1.408864,2.542153,-0.962663,-0.865127,0.888419,-2.386196,1.172582,0.220893,-0.710242,2.239845,0.767179,2.133299,-0.556394,-1.174809,1.507891,1,0,1.0000,1.0000,1,0,0,1,0.0000,0.0139,,,,,129436,125765,3324,2938,126090,123760,3346,1858,0,147,0.47296,-0.05114,0
1786019427.4086,E_right_up_r1,E,right,1,up,,388,148.3000,344.7000,170.0000,175.5000,0.0000,0.0000,328.4000,265.0000,38.2000,0.0000,100.1000,0.0000,119.4000,0.0000,-0.88100,0.09300,0.23900,5.99000,-47.84000,2.79000,0.13800,0.47300,0.72900,-27.08000,-0.61000,-2.08000,9.4,0.7,1.0,0.0,0.738837,0.710586,1.546265,-1.398048,-1.202410,2.896808,-0.089600,0.486000,0.869300,0.003200,0.133500,0.542300,0.828800,0.034500,0.916993,0.127566,1.755808,-0.100836,0.013868,1.408864,2.542153,-0.962663,-0.865127,0.888419,-2.386196,1.172582,0.220893,-0.710242,2.239845,0.767179,2.133299,-0.556394,-1.174809,1.507891,1,0,1.0000,1.0000,1,0,0,1,0.0000,0.0139,,,,,9803,9314,3297,2888,6825,7347,2978,1818,0,149,0.47296,-0.05114,0
1786019427.4292,E_right_up_r1,E,right,1,up,,389,148.3000,344.7000,170.0000,175.5000,0.0000,0.0000,328.4000,265.0000,38.2000,0.0000,100.1000,0.0000,119.4000,0.0000,-0.88100,0.09300,0.23900,5.99000,-47.84000,2.79000,0.13800,0.47300,0.72900,-27.08000,-0.61000,-2.08000,9.4,0.7,1.0,0.0,0.738837,0.710586,1.546265,-1.398048,-1.202410,2.896808,-0.089600,0.486000,0.869300,0.003200,0.133500,0.542300,0.828800,0.034500,0.916993,0.127566,1.755808,-0.100836,0.013868,1.408864,2.542153,-0.962663,-0.865127,0.888419,-2.386196,1.172582,0.220893,-0.710242,2.239845,0.767179,2.133299,-0.556394,-1.174809,1.507891,1,0,1.0000,1.0000,1,0,0,1,0.0000,0.0139,,,,,129436,125765,3324,2938,126090,123760,3346,1858,0,147,0.47296,-0.05114,0
1786019427.4523,E_right_up_r1,E,right,1,up,,390,148.7000,344.7000,169.1000,176.9000,0.0000,0.0000,328.5000,257.0000,44.9000,0.0000,103.2000,0.0000,113.4000,0.0000,-0.83900,0.03000,0.28800,2.98000,5.57000,21.91000,0.29800,0.38800,0.78200,-71.40000,-9.15000,11.36000,9.4,0.7,1.0,0.0,1.146966,1.460666,1.882227,-0.440117,-0.556123,2.413331,-0.089600,0.486000,0.869300,0.003200,0.133500,0.542300,0.828800,0.034500,0.916993,0.127566,1.755808,-0.100836,0.013868,1.408864,2.542153,-0.962663,-0.865127,0.888419,-2.386196,1.172582,0.220893,-0.710242,2.239845,0.767179,2.133299,-0.556394,-1.174809,1.507891,1,0,1.0000,1.0000,1,1,0,0,0.0000,0.0000,,,,,129436,9314,3324,2888,126090,7347,3346,1818,0,149,0.47296,-0.05114,0
1786019427.4735,E_right_up_r1,E,right,1,up,,391,148.7000,344.7000,169.1000,176.9000,0.0000,0.0000,328.5000,257.0000,44.9000,0.0000,103.2000,0.0000,113.4000,0.0000,-0.83900,0.03000,0.28800,2.98000,5.57000,21.91000,0.29800,0.38800,0.78200,-71.40000,-9.15000,11.36000,9.4,0.7,1.0,0.0,1.146966,1.460666,1.882227,-0.440117,-0.556123,2.413331,-0.089600,0.486000,0.869300,0.003200,0.133500,0.542300,0.828800,0.034500,0.916993,0.127566,1.755808,-0.100836,0.013868,1.408864,2.542153,-0.962663,-0.865127,0.888419,-2.386196,1.172582,0.220893,-0.710242,2.239845,0.767179,2.133299,-0.556394,-1.174809,1.507891,1,0,1.0000,1.0000,1,1,0,0,0.0000,0.0000,,,,,129436,125765,3324,2938,126090,123760,3346,1858,0,147,0.47296,-0.05114,0
1786019427.4910,E_right_up_r1,E,right,1,up,,392,148.7000,344.7000,169.1000,176.9000,0.0000,0.0000,328.5000,257.0000,44.9000,0.0000,103.2000,0.0000,113.4000,0.0000,-0.83900,0.03000,0.28800,2.98000,5.57000,21.91000,0.29800,0.38800,0.78200,-71.40000,-9.15000,11.36000,9.4,0.7,1.0,0.0,1.146966,1.460666,1.882227,-0.440117,-0.556123,2.413331,-0.089600,0.486000,0.869300,0.003200,0.133500,0.542300,0.828800,0.034500,0.916993,0.127566,1.755808,-0.100836,0.013868,1.408864,2.542153,-0.962663,-0.865127,0.888419,-2.386196,1.172582,0.220893,-0.710242,2.239845,0.767179,2.133299,-0.556394,-1.174809,1.507891,1,0,1.0000,1.0000,1,1,0,0,0.0000,0.0000,,,,,129436,125765,3324,2938,126090,123760,3346,1858,0,147,0.47296,-0.05114,0
1786019427.5273,E_right_up_r1,E,right,1,up,,393,148.8000,345.0000,168.2000,176.6000,0.0000,0.0000,328.8000,249.5000,57.0000,0.0000,13.7000,0.0000,111.7000,0.0000,-0.90400,-0.06700,0.37500,9.79000,23.76000,11.08000,0.21500,0.22400,0.76100,-48.72000,-25.60000,7.40000,9.0,2.1,1.0,0.0,1.139062,1.461699,1.879544,-0.440117,-0.556123,2.413331,-0.089600,0.486000,0.869300,0.003200,0.133500,0.542300,0.828800,0.034500,0.916993,0.127566,1.755808,-0.100836,0.013868,1.408864,2.542153,-0.962663,-0.865127,0.888419,-2.386196,1.172582,0.220893,-0.710242,2.239845,0.767179,2.133299,-0.556394,-1.174809,1.507891,1,0,1.0000,1.0000,1,1,0,0,0.0000,0.0000,,,,,129436,125765,3324,2938,126090,123760,3346,1858,0,147,0.47296,-0.05114,0
1786019427.5351,E_right_up_r1,E,right,1,up,,394,148.8000,345.0000,168.2000,176.6000,0.0000,0.0000,328.8000,249.5000,57.0000,0.0000,13.7000,0.0000,111.7000,0.0000,-0.90400,-0.06700,0.37500,9.79000,23.76000,11.08000,0.21500,0.22400,0.76100,-48.72000,-25.60000,7.40000,9.0,2.1,1.0,0.0,1.139062,1.461699,1.879544,-0.440117,-0.556123,2.413331,-0.089600,0.486000,0.869300,0.003200,0.133500,0.542300,0.828800,0.034500,0.916993,0.127566,1.755808,-0.100836,0.013868,1.408864,2.542153,-0.962663,-0.865127,0.888419,-2.386196,1.172582,0.220893,-0.710242,2.239845,0.767179,2.133299,-0.556394,-1.174809,1.507891,1,0,1.0000,1.0000,1,1,0,0,0.0000,0.0000,,,,,129436,125765,3324,2938,126090,123760,3346,1858,0,147,0.47296,-0.05114,0
1786019427.5540,E_right_up_r1,E,right,1,up,,395,148.8000,345.0000,168.2000,175.9000,0.0000,0.0000,329.0000,250.2000,59.3000,0.0000,91.0000,0.0000,112.8000,0.0000,-0.94300,0.02000,0.39100,-4.92000,1515.00000,-8.90000,0.28400,0.08000,0.77700,-29.09000,-24.68000,-15.40000,8.8,2.8,1.0,0.0,1.132430,1.462709,1.877227,-0.440117,-0.556123,2.413331,-0.089600,0.486000,0.869300,0.003200,0.133500,0.542300,0.828800,0.034500,0.916993,0.127566,1.755808,-0.100836,0.013868,1.408864,2.542153,-0.962663,-0.865127,0.888419,-2.386196,1.172582,0.220893,-0.710242,2.239845,0.767179,2.133299,-0.556394,-1.174809,1.507891,1,0,1.0000,1.0000,1,0,0,1,0.0000,0.0211,,,,,9803,9314,3297,2888,6825,7347,2978,1818,0,149,0.47296,-0.05114,0
1786019427.5704,E_right_up_r1,E,right,1,up,,396,148.8000,345.0000,168.2000,175.6000,0.0000,0.0000,329.0000,251.9000,62.4000,0.0000,0.0000,0.0000,113.7000,0.0000,-0.93800,0.03700,0.37300,-6.00000,11.49000,-139.00000,0.22100,0.24200,0.79000,11.40000,-31.95000,-43.16000,8.6,1.6,1.0,0.0,0.967557,0.134221,1.921205,-0.473182,-1.587780,2.237505,-0.089600,0.486000,0.869300,0.003200,0.133500,0.542300,0.828800,0.034500,0.916993,0.127566,1.755808,-0.100836,0.013868,1.408864,2.542153,-0.962663,-0.865127,0.888419,-2.386196,1.172582,0.220893,-0.710242,2.239845,0.767179,2.133299,-0.556394,-1.174809,1.507891,1,1,1.0000,1.0000,1,0,0,1,0.0000,0.2837,,,,,9803,9314,3297,2888,6825,7347,2978,1818,0,149,0.47296,-0.05114,0
1786019427.6000,E_right_up_r1,E,right,1,up,,397,148.8000,345.0000,168.2000,175.6000,0.0000,0.0000,329.0000,251.9000,62.4000,0.0000,0.0000,0.0000,113.7000,0.0000,-0.93800,0.03700,0.37300,-6.00000,11.49000,-139.00000,0.22100,0.24200,0.79000,11.40000,-31.95000,-43.16000,8.6,1.6,1.0,0.0,0.967557,0.134221,1.921205,-0.473182,-1.587780,2.237505,-0.089600,0.486000,0.869300,0.003200,0.133500,0.542300,0.828800,0.034500,0.916993,0.127566,1.755808,-0.100836,0.013868,1.408864,2.542153,-0.962663,-0.865127,0.888419,-2.386196,1.172582,0.220893,-0.710242,2.239845,0.767179,2.133299,-0.556394,-1.174809,1.507891,1,1,1.0000,1.0000,1,0,0,1,0.0000,0.2837,,,,,9803,9314,3298,2889,6825,7347,2978,1818,0,149,0.47296,-0.05114,0
1786019427.6119,E_right_up_r1,E,right,1,up,,398,148.8000,345.0000,168.2000,175.6000,0.0000,0.0000,329.0000,251.9000,62.4000,0.0000,0.0000,0.0000,113.7000,0.0000,-0.93800,0.03700,0.37300,-6.00000,11.49000,-139.00000,0.22100,0.24200,0.79000,11.40000,-31.95000,-43.16000,8.6,1.6,1.0,0.0,0.967557,0.134221,1.921205,-0.473182,-1.587780,2.237505,-0.089600,0.486000,0.869300,0.003200,0.133500,0.542300,0.828800,0.034500,0.916993,0.127566,1.755808,-0.100836,0.013868,1.408864,2.542153,-0.962663,-0.865127,0.888419,-2.386196,1.172582,0.220893,-0.710242,2.239845,0.767179,2.133299,-0.556394,-1.174809,1.507891,1,1,1.0000,1.0000,1,0,0,1,0.0000,0.2837,,,,,129436,125765,3325,2939,126090,123760,3346,1858,0,147,0.47296,-0.05114,0
1786019427.6338,E_right_up_r1,E,right,1,up,,399,148.8000,345.0000,168.2000,175.6000,0.0000,0.0000,329.0000,251.9000,62.4000,0.0000,0.0000,0.0000,113.7000,0.0000,-0.93800,0.03700,0.37300,-6.00000,11.49000,-139.00000,0.22100,0.24200,0.79000,11.40000,-31.95000,-43.16000,8.6,1.6,1.0,0.0,0.967557,0.134221,1.921205,-0.473182,-1.587780,2.237505,-0.089600,0.486000,0.869300,0.003200,0.133500,0.542300,0.828800,0.034500,0.916993,0.127566,1.755808,-0.100836,0.013868,1.408864,2.542153,-0.962663,-0.865127,0.888419,-2.386196,1.172582,0.220893,-0.710242,2.239845,0.767179,2.133299,-0.556394,-1.174809,1.507891,1,1,1.0000,1.0000,1,0,0,1,0.0000,0.2837,,,,,9803,9314,3298,2889,6825,7347,2978,1818,0,149,0.47296,-0.05114,0
1786019427.6513,E_right_up_r1,E,right,1,up,,400,148.8000,344.6000,168.2000,174.8000,0.0000,0.0000,328.8000,266.8000,71.0000,0.0000,39.5000,0.0000,133.3000,0.0000,-0.86300,0.14600,0.26700,3.50000,-9.08000,-18.51000,0.32200,0.14300,0.57100,-17.13000,-82.08000,-71.90000,9.1,1.7,1.0,0.0,1.141815,1.462111,1.880687,-0.440117,-0.556123,2.413331,-0.089600,0.486000,0.869300,0.003200,0.133500,0.542300,0.828800,0.034500,0.916993,0.127566,1.755808,-0.100836,0.013868,1.408864,2.542153,-0.962663,-0.865127,0.888419,-2.386196,1.172582,0.220893,-0.710242,2.239845,0.767179,2.133299,-0.556394,-1.174809,1.507891,1,0,1.0000,1.0000,1,1,0,0,0.0000,0.0000,,,,,129436,125765,3325,2939,126090,123760,3346,1858,0,147,0.47296,-0.05114,0
1786019427.6728,E_right_up_r1,E,right,1,up,,401,148.8000,344.6000,168.2000,174.8000,0.0000,0.0000,328.8000,266.8000,71.0000,0.0000,39.5000,0.0000,133.3000,0.0000,-0.86300,0.14600,0.26700,3.50000,-9.08000,-18.51000,0.32200,0.14300,0.57100,-17.13000,-82.08000,-71.90000,9.1,1.7,1.0,0.0,1.141815,1.462111,1.880687,-0.440117,-0.556123,2.413331,-0.089600,0.486000,0.869300,0.003200,0.133500,0.542300,0.828800,0.034500,0.916993,0.127566,1.755808,-0.100836,0.013868,1.408864,2.542153,-0.962663,-0.865127,0.888419,-2.386196,1.172582,0.220893,-0.710242,2.239845,0.767179,2.133299,-0.556394,-1.174809,1.507891,1,0,1.0000,1.0000,1,1,0,0,0.0000,0.0000,,,,,129436,125765,3325,2939,126090,123760,3346,1858,0,147,0.47296,-0.05114,0
1786019427.6889,E_right_up_r1,E,right,1,up,,402,148.8000,344.6000,168.2000,174.8000,0.0000,0.0000,328.8000,266.8000,71.0000,0.0000,39.5000,0.0000,133.3000,0.0000,-0.86300,0.14600,0.26700,3.50000,-9.08000,-18.51000,0.32200,0.14300,0.57100,-17.13000,-82.08000,-71.90000,9.1,1.7,1.0,0.0,1.141815,1.462111,1.880687,-0.440117,-0.556123,2.413331,-0.089600,0.486000,0.869300,0.003200,0.133500,0.542300,0.828800,0.034500,0.916993,0.127566,1.755808,-0.100836,0.013868,1.408864,2.542153,-0.962663,-0.865127,0.888419,-2.386196,1.172582,0.220893,-0.710242,2.239845,0.767179,2.133299,-0.556394,-1.174809,1.507891,1,0,1.0000,1.0000,1,1,0,0,0.0000,0.0000,,,,,9803,9314,3298,2889,6825,7347,2978,1818,0,149,0.47296,-0.05114,0
1786019427.7106,E_right_up_r1,E,right,1,up,,403,148.8000,344.6000,168.2000,174.0000,0.0000,0.0000,328.9000,278.4000,70.5000,0.0000,84.3000,0.0000,150.7000,0.0000,-0.86600,0.10100,0.26700,14.33000,-1.81000,-7.78000,0.41700,0.39100,0.72600,59.66000,-93.69000,-74.98000,8.2,1.8,1.0,0.0,1.146364,1.461851,1.882502,-0.440117,-0.556123,2.413331,-0.089600,0.486000,0.869300,0.003200,0.133500,0.542300,0.828800,0.034500,0.916993,0.127566,1.755808,-0.100836,0.013868,1.408864,2.542153,-0.962663,-0.865127,0.888419,-2.386196,1.172582,0.220893,-0.710242,2.239845,0.767179,2.133299,-0.556394,-1.174809,1.507891,1,0,1.0000,1.0000,1,1,0,0,0.0000,0.0000,,,,,129436,125765,3325,2939,126090,123760,3346,1858,0,147,0.47296,-0.05114,0
1786019427.7339,E_right_up_r1,E,right,1,up,,404,148.8000,344.6000,168.2000,174.0000,0.0000,0.0000,328.9000,278.4000,70.5000,0.0000,84.3000,0.0000,150.7000,0.0000,-0.86600,0.10100,0.26700,14.33000,-1.81000,-7.78000,0.41700,0.39100,0.72600,59.66000,-93.69000,-74.98000,8.2,1.8,1.0,0.0,1.146364,1.461851,1.882502,-0.440117,-0.556123,2.413331,-0.089600,0.486000,0.869300,0.003200,0.133500,0.542300,0.828800,0.034500,0.916993,0.127566,1.755808,-0.100836,0.013868,1.408864,2.542153,-0.962663,-0.865127,0.888419,-2.386196,1.172582,0.220893,-0.710242,2.239845,0.767179,2.133299,-0.556394,-1.174809,1.507891,1,0,1.0000,1.0000,1,1,0,0,0.0000,0.0000,,,,,129436,125765,3325,2939,126090,123760,3346,1858,0,147,0.47296,-0.05114,0
1786019427.7487,E_right_up_r1,E,right,1,up,,405,148.8000,344.6000,168.2000,174.0000,0.0000,0.0000,328.9000,278.4000,70.5000,0.0000,84.3000,0.0000,150.7000,0.0000,-0.86600,0.10100,0.26700,14.33000,-1.81000,-7.78000,0.41700,0.39100,0.72600,59.66000,-93.69000,-74.98000,9.0,2.6,1.0,0.0,1.146364,1.461851,1.882502,-0.440117,-0.556123,2.413331,-0.089600,0.486000,0.869300,0.003200,0.133500,0.542300,0.828800,0.034500,0.916993,0.127566,1.755808,-0.100836,0.013868,1.408864,2.542153,-0.962663,-0.865127,0.888419,-2.386196,1.172582,0.220893,-0.710242,2.239845,0.767179,2.133299,-0.556394,-1.174809,1.507891,1,0,1.0000,1.0000,1,1,0,0,0.0000,0.0000,,,,,9803,9314,3298,2889,6825,7347,2978,1818,0,149,0.47296,-0.05114,0
1786019427.7832,E_right_up_r1,E,right,1,up,,406,148.8000,345.0000,168.0000,174.7000,0.0000,0.0000,330.4000,298.7000,67.9000,0.0000,98.4000,0.0000,194.6000,0.0000,-0.90300,-0.02300,0.36100,6.07000,27.76000,-4.00000,0.54200,0.14600,0.82100,-59.97000,-28.31000,-16.00000,8.0,2.4,1.0,0.0,0.963107,0.135036,1.919837,-0.464959,-1.585199,2.259794,-0.089600,0.486000,0.869300,0.003200,0.133500,0.542300,0.828800,0.034500,0.916993,0.127566,1.755808,-0.100836,0.013868,1.408864,2.542153,-0.962663,-0.865127,0.888419,-2.386196,1.172582,0.220893,-0.710242,2.239845,0.767179,2.133299,-0.556394,-1.174809,1.507891,1,1,1.0000,1.0000,1,1,0,0,0.0000,0.0000,,,,,9803,9314,3298,2889,6825,7347,2978,1818,0,149,0.47296,-0.05114,0
1786019427.7933,E_right_up_r1,E,right,1,up,,407,148.8000,345.0000,168.0000,174.7000,0.0000,0.0000,330.4000,298.7000,67.9000,0.0000,98.4000,0.0000,194.6000,0.0000,-0.90300,-0.02300,0.36100,6.07000,27.76000,-4.00000,0.54200,0.14600,0.82100,-59.97000,-28.31000,-16.00000,8.0,2.4,1.0,0.0,0.963107,0.135036,1.919837,-0.464959,-1.585199,2.259794,-0.089600,0.486000,0.869300,0.003200,0.133500,0.542300,0.828800,0.034500,0.916993,0.127566,1.755808,-0.100836,0.013868,1.408864,2.542153,-0.962663,-0.865127,0.888419,-2.386196,1.172582,0.220893,-0.710242,2.239845,0.767179,2.133299,-0.556394,-1.174809,1.507891,1,1,1.0000,1.0000,1,1,0,0,0.0000,0.0000,,,,,9803,9314,3298,2889,6825,7347,2978,1818,0,149,0.47296,-0.05114,0
1786019427.8163,E_right_up_r1,E,right,1,up,,408,148.8000,345.0000,168.0000,174.7000,0.0000,0.0000,330.4000,298.7000,67.9000,0.0000,98.4000,0.0000,194.6000,0.0000,-0.90300,-0.02300,0.36100,6.07000,27.76000,-4.00000,0.54200,0.14600,0.82100,-59.97000,-28.31000,-16.00000,8.0,2.4,1.0,0.0,0.963107,0.135036,1.919837,-0.464959,-1.585199,2.259794,-0.089600,0.486000,0.869300,0.003200,0.133500,0.542300,0.828800,0.034500,0.916993,0.127566,1.755808,-0.100836,0.013868,1.408864,2.542153,-0.962663,-0.865127,0.888419,-2.386196,1.172582,0.220893,-0.710242,2.239845,0.767179,2.133299,-0.556394,-1.174809,1.507891,1,1,1.0000,1.0000,1,1,0,0,0.0000,0.0000,,,,,9803,9314,3298,2889,6825,7347,2978,1818,0,149,0.47296,-0.05114,0
1786019427.8314,E_right_up_r1,E,right,1,up,,409,148.8000,345.0000,168.0000,174.7000,0.0000,0.0000,330.4000,298.7000,67.9000,0.0000,98.4000,0.0000,194.6000,0.0000,-0.90300,-0.02300,0.36100,6.07000,27.76000,-4.00000,0.54200,0.14600,0.82100,-59.97000,-28.31000,-16.00000,8.0,2.4,1.0,0.0,0.963107,0.135036,1.919837,-0.464959,-1.585199,2.259794,-0.089600,0.486000,0.869300,0.003200,0.133500,0.542300,0.828800,0.034500,0.916993,0.127566,1.755808,-0.100836,0.013868,1.408864,2.542153,-0.962663,-0.865127,0.888419,-2.386196,1.172582,0.220893,-0.710242,2.239845,0.767179,2.133299,-0.556394,-1.174809,1.507891,1,1,1.0000,1.0000,1,1,0,0,0.0000,0.0000,,,,,9803,125765,3298,2940,6825,123760,2978,1858,0,147,0.47296,-0.05114,0
1786019427.8510,E_right_up_r1,E,right,1,up,,410,148.8000,345.0000,168.0000,174.7000,0.0000,0.0000,330.4000,298.7000,67.9000,0.0000,98.4000,0.0000,194.6000,0.0000,-0.90300,-0.02300,0.36100,6.07000,27.76000,-4.00000,0.54200,0.14600,0.82100,-59.97000,-28.31000,-16.00000,8.0,2.4,1.0,0.0,0.963107,0.135036,1.919837,-0.464959,-1.585199,2.259794,-0.089600,0.486000,0.869300,0.003200,0.133500,0.542300,0.828800,0.034500,0.916993,0.127566,1.755808,-0.100836,0.013868,1.408864,2.542153,-0.962663,-0.865127,0.888419,-2.386196,1.172582,0.220893,-0.710242,2.239845,0.767179,2.133299,-0.556394,-1.174809,1.507891,1,1,1.0000,1.0000,1,1,0,0,0.0000,0.0000,,,,,9803,9314,3299,2890,6825,7347,2978,1818,0,149,0.47296,-0.05114,0
1786019427.8805,E_right_up_r1,E,right,1,up,,411,148.8000,345.0000,168.0000,174.7000,0.0000,0.0000,330.4000,298.7000,67.9000,0.0000,98.4000,0.0000,194.6000,0.0000,-0.90300,-0.02300,0.36100,6.07000,27.76000,-4.00000,0.54200,0.14600,0.82100,-59.97000,-28.31000,-16.00000,8.0,2.4,1.0,0.0,0.963107,0.135036,1.919837,-0.464959,-1.585199,2.259794,-0.089600,0.486000,0.869300,0.003200,0.133500,0.542300,0.828800,0.034500,0.916993,0.127566,1.755808,-0.100836,0.013868,1.408864,2.542153,-0.962663,-0.865127,0.888419,-2.386196,1.172582,0.220893,-0.710242,2.239845,0.767179,2.133299,-0.556394,-1.174809,1.507891,1,1,1.0000,1.0000,1,1,0,0,0.0000,0.0000,,,,,129436,125765,3326,2940,126090,123760,3346,1858,0,147,0.47296,-0.05114,0
1786019427.8933,E_right_up_r1,E,right,1,up,,412,148.8000,345.0000,168.0000,174.4000,0.0000,0.0000,331.0000,314.6000,72.3000,0.0000,99.8000,0.0000,228.4000,0.0000,-0.76700,-0.02400,0.32800,-2.52000,-13.01000,-6.62000,0.73700,0.35600,0.87700,-16.33000,-1.56000,-19.03000,8.1,1.2,1.0,0.0,1.149582,1.461667,1.883688,-0.440117,-0.556123,2.413331,-0.089600,0.486000,0.869300,0.003200,0.133500,0.542300,0.828800,0.034500,0.916993,0.127566,1.755808,-0.100836,0.013868,1.408864,2.542153,-0.962663,-0.865127,0.888419,-2.386196,1.172582,0.220893,-0.710242,2.239845,0.767179,2.133299,-0.556394,-1.174809,1.507891,1,0,1.0000,1.0000,1,1,0,0,0.0000,0.0000,,,,,9803,9314,3299,2890,6825,7347,2978,1818,0,149,0.47296,-0.05114,0
1786019427.9152,E_right_up_r1,E,right,1,up,,413,148.8000,345.0000,168.0000,174.4000,0.0000,0.0000,331.0000,314.6000,72.3000,0.0000,99.8000,0.0000,228.4000,0.0000,-0.76700,-0.02400,0.32800,-2.52000,-13.01000,-6.62000,0.73700,0.35600,0.87700,-16.33000,-1.56000,-19.03000,8.5,0.9,1.0,0.0,1.149582,1.461667,1.883688,-0.440117,-0.556123,2.413331,-0.089600,0.486000,0.869300,0.003200,0.133500,0.542300,0.828800,0.034500,0.916993,0.127566,1.755808,-0.100836,0.013868,1.408864,2.542153,-0.962663,-0.865127,0.888419,-2.386196,1.172582,0.220893,-0.710242,2.239845,0.767179,2.133299,-0.556394,-1.174809,1.507891,1,0,1.0000,1.0000,1,1,0,0,0.0000,0.0000,,,,,129436,125765,3326,2940,126090,123760,3346,1858,0,147,0.47296,-0.05114,0
1786019427.9386,E_right_up_r1,E,right,1,up,,414,148.8000,345.0000,168.0000,174.4000,0.0000,0.0000,331.0000,314.6000,72.3000,0.0000,99.8000,0.0000,228.4000,0.0000,-0.76700,-0.02400,0.32800,-2.52000,-13.01000,-6.62000,0.73700,0.35600,0.87700,-16.33000,-1.56000,-19.03000,8.5,0.9,1.0,0.0,1.149582,1.461667,1.883688,-0.440117,-0.556123,2.413331,-0.089600,0.486000,0.869300,0.003200,0.133500,0.542300,0.828800,0.034500,0.916993,0.127566,1.755808,-0.100836,0.013868,1.408864,2.542153,-0.962663,-0.865127,0.888419,-2.386196,1.172582,0.220893,-0.710242,2.239845,0.767179,2.133299,-0.556394,-1.174809,1.507891,1,0,1.0000,1.0000,1,1,0,0,0.0000,0.0000,,,,,9803,9314,3299,2890,6825,7347,2978,1818,0,149,0.47296,-0.05114,0
1786019427.9528,E_right_up_r1,E,right,1,up,,415,148.8000,345.0000,168.0000,174.4000,0.0000,0.0000,331.0000,314.6000,72.3000,0.0000,99.8000,0.0000,228.4000,0.0000,-0.76700,-0.02400,0.32800,-2.52000,-13.01000,-6.62000,0.73700,0.35600,0.87700,-16.33000,-1.56000,-19.03000,8.5,0.9,1.0,0.0,1.149582,1.461667,1.883688,-0.440117,-0.556123,2.413331,-0.089600,0.486000,0.869300,0.003200,0.133500,0.542300,0.828800,0.034500,0.916993,0.127566,1.755808,-0.100836,0.013868,1.408864,2.542153,-0.962663,-0.865127,0.888419,-2.386196,1.172582,0.220893,-0.710242,2.239845,0.767179,2.133299,-0.556394,-1.174809,1.507891,1,0,1.0000,1.0000,1,1,0,0,0.0000,0.0000,,,,,129436,125765,3326,2940,126090,123760,3346,1858,0,147,0.47296,-0.05114,0
1786019427.9712,E_right_up_r1,E,right,1,up,,416,148.8000,345.0000,168.0000,174.4000,0.0000,0.0000,331.0000,314.6000,72.3000,0.0000,99.8000,0.0000,228.4000,0.0000,-0.76700,-0.02400,0.32800,-2.52000,-13.01000,-6.62000,0.73700,0.35600,0.87700,-16.33000,-1.56000,-19.03000,8.5,0.9,1.0,0.0,1.149582,1.461667,1.883688,-0.440117,-0.556123,2.413331,-0.089600,0.486000,0.869300,0.003200,0.133500,0.542300,0.828800,0.034500,0.916993,0.127566,1.755808,-0.100836,0.013868,1.408864,2.542153,-0.962663,-0.865127,0.888419,-2.386196,1.172582,0.220893,-0.710242,2.239845,0.767179,2.133299,-0.556394,-1.174809,1.507891,1,0,1.0000,1.0000,1,1,0,0,0.0000,0.0000,,,,,9803,9314,3299,2890,6825,7347,2978,1818,0,149,0.47296,-0.05114,0
1786019427.9950,E_right_up_r1,E,right,1,up,,417,148.8000,345.0000,168.0000,174.4000,0.0000,0.0000,331.0000,314.6000,72.3000,0.0000,99.8000,0.0000,228.4000,0.0000,-0.76700,-0.02400,0.32800,-2.52000,-13.01000,-6.62000,0.73700,0.35600,0.87700,-16.33000,-1.56000,-19.03000,8.5,0.9,1.0,0.0,1.149582,1.461667,1.883688,-0.440117,-0.556123,2.413331,-0.089600,0.486000,0.869300,0.003200,0.133500,0.542300,0.828800,0.034500,0.916993,0.127566,1.755808,-0.100836,0.013868,1.408864,2.542153,-0.962663,-0.865127,0.888419,-2.386196,1.172582,0.220893,-0.710242,2.239845,0.767179,2.133299,-0.556394,-1.174809,1.507891,1,0,1.0000,1.0000,1,1,0,0,0.0000,0.0000,,,,,129436,9314,3326,2890,126090,7347,3346,1818,0,149,0.47296,-0.05114,0
1786019428.0403,E_right_up_r1,E,right,1,up,,418,148.9000,345.0000,166.8000,175.0000,0.0000,0.0000,330.6000,323.8000,81.5000,0.0000,99.6000,0.0000,238.3000,0.0000,-0.91800,0.07800,0.32300,6.08000,20.94000,25.50000,0.72900,0.24000,0.86800,-56.78000,46.90000,13.08000,9.5,0.7,1.0,0.0,0.965957,0.135180,1.920547,-0.442373,-1.556431,2.275429,-0.089600,0.486000,0.869300,0.003200,0.133500,0.542300,0.828800,0.034500,0.916993,0.127566,1.755808,-0.100836,0.013868,1.408864,2.542153,-0.962663,-0.865127,0.888419,-2.386196,1.172582,0.220893,-0.710242,2.239845,0.767179,2.133299,-0.556394,-1.174809,1.507891,1,1,1.0000,1.0000,1,1,0,0,0.0000,0.0000,,,,,9803,9314,3299,2890,6825,7347,2978,1818,0,149,0.47296,-0.05114,0
1786019428.0424,E_right_up_r1,E,right,1,up,,419,148.9000,345.0000,166.8000,175.0000,0.0000,0.0000,330.6000,323.8000,81.5000,0.0000,99.6000,0.0000,238.3000,0.0000,-0.91800,0.07800,0.32300,6.08000,20.94000,25.50000,0.72900,0.24000,0.86800,-56.78000,46.90000,13.08000,9.5,0.7,1.0,0.0,0.965957,0.135180,1.920547,-0.442373,-1.556431,2.275429,-0.089600,0.486000,0.869300,0.003200,0.133500,0.542300,0.828800,0.034500,0.916993,0.127566,1.755808,-0.100836,0.013868,1.408864,2.542153,-0.962663,-0.865127,0.888419,-2.386196,1.172582,0.220893,-0.710242,2.239845,0.767179,2.133299,-0.556394,-1.174809,1.507891,1,1,1.0000,1.0000,1,1,0,0,0.0000,0.0000,,,,,9803,9314,3299,2890,6825,7347,2978,1818,0,149,0.47296,-0.05114,0
1786019428.0520,E_right_up_r1,E,right,1,up,,420,148.9000,345.0000,166.8000,175.0000,0.0000,0.0000,330.6000,323.8000,81.5000,0.0000,99.6000,0.0000,238.3000,0.0000,-0.91800,0.07800,0.32300,6.08000,20.94000,25.50000,0.72900,0.24000,0.86800,-56.78000,46.90000,13.08000,9.4,0.5,1.0,0.0,0.965957,0.135180,1.920547,-0.442373,-1.556431,2.275429,-0.089600,0.486000,0.869300,0.003200,0.133500,0.542300,0.828800,0.034500,0.916993,0.127566,1.755808,-0.100836,0.013868,1.408864,2.542153,-0.962663,-0.865127,0.888419,-2.386196,1.172582,0.220893,-0.710242,2.239845,0.767179,2.133299,-0.556394,-1.174809,1.507891,1,1,1.0000,1.0000,1,1,0,0,0.0000,0.0000,,,,,9803,125765,3299,2940,6825,123760,2978,1858,0,147,0.47296,-0.05114,0
1786019428.0688,E_right_up_r1,E,right,1,up,,421,148.9000,345.0000,166.8000,175.0000,0.0000,0.0000,330.6000,323.8000,81.5000,0.0000,99.6000,0.0000,238.3000,0.0000,-0.91800,0.07800,0.32300,6.08000,20.94000,25.50000,0.72900,0.24000,0.86800,-56.78000,46.90000,13.08000,9.4,0.5,1.0,0.0,0.965957,0.135180,1.920547,-0.442373,-1.556431,2.275429,-0.089600,0.486000,0.869300,0.003200,0.133500,0.542300,0.828800,0.034500,0.916993,0.127566,1.755808,-0.100836,0.013868,1.408864,2.542153,-0.962663,-0.865127,0.888419,-2.386196,1.172582,0.220893,-0.710242,2.239845,0.767179,2.133299,-0.556394,-1.174809,1.507891,1,1,1.0000,1.0000,1,1,0,0,0.0000,0.0000,,,,,129436,125765,3327,2941,126090,123760,3346,1858,0,147,0.47296,-0.05114,0
1786019428.0938,E_right_up_r1,E,right,1,up,,422,148.9000,345.0000,166.8000,175.0000,0.0000,0.0000,330.6000,323.8000,81.5000,0.0000,99.6000,0.0000,238.3000,0.0000,-0.91800,0.07800,0.32300,6.08000,20.94000,25.50000,0.72900,0.24000,0.86800,-56.78000,46.90000,13.08000,9.4,0.5,1.0,0.0,0.965957,0.135180,1.920547,-0.442373,-1.556431,2.275429,-0.089600,0.486000,0.869300,0.003200,0.133500,0.542300,0.828800,0.034500,0.916993,0.127566,1.755808,-0.100836,0.013868,1.408864,2.542153,-0.962663,-0.865127,0.888419,-2.386196,1.172582,0.220893,-0.710242,2.239845,0.767179,2.133299,-0.556394,-1.174809,1.507891,1,1,1.0000,1.0000,1,1,0,0,0.0000,0.0000,,,,,129436,125765,3327,2941,126090,123760,3346,1858,0,147,0.47296,-0.05114,0
1786019428.1134,E_right_up_r1,E,right,1,up,,423,148.8000,3449.0000,166.6000,174.4000,0.0000,0.0000,330.4000,323.8000,81.5000,0.0000,99.6000,0.0000,238.3000,0.0000,-0.92300,0.01900,0.37200,1.22000,38.80000,5.63000,0.72900,0.24000,0.86800,-56.78000,46.90000,13.08000,9.6,1.9,1.0,0.0,0.962958,0.135665,1.919545,-0.442373,-1.556431,2.275429,-0.089600,0.486000,0.869300,0.003200,0.133500,0.542300,0.828800,0.034500,0.916993,0.127566,1.755808,-0.100836,0.013868,1.408864,2.542153,-0.962663,-0.865127,0.888419,-2.386196,1.172582,0.220893,-0.710242,2.239845,0.767179,2.133299,-0.556394,-1.174809,1.507891,1,1,1.0000,1.0000,0,1,1,0,0.0731,0.0000,,,,,9803,9314,3300,2891,6825,7347,2978,1818,0,149,0.47296,-0.05114,0
1786019428.1304,E_right_up_r1,E,right,1,up,,424,148.8000,345.0000,166.7000,173.7000,0.0000,0.0000,330.3000,324.3000,96.0000,0.0000,99.5000,0.0000,238.5000,0.0000,-0.94000,0.03100,0.36600,-0.85000,20.20000,-5.12000,0.49100,0.12200,0.80000,-90.47000,34.94000,13.06000,9.0,0.9,1.0,0.0,0.731613,0.712051,1.543871,-1.398048,-1.202410,2.896808,-0.089600,0.486000,0.869300,0.003200,0.133500,0.542300,0.828800,0.034500,0.916993,0.127566,1.755808,-0.100836,0.013868,1.408864,2.542153,-0.962663,-0.865127,0.888419,-2.386196,1.172582,0.220893,-0.710242,2.239845,0.767179,2.133299,-0.556394,-1.174809,1.507891,1,0,1.0000,1.0000,1,1,0,0,0.0000,0.0000,,,,,9803,9314,3300,2891,6825,7347,2978,1818,0,149,0.47296,-0.05114,0
1786019428.1505,E_right_up_r1,E,right,1,up,,425,148.8000,345.0000,166.7000,173.6000,0.0000,0.0000,330.3000,323.7000,98.7000,0.0000,99.6000,0.0000,238.4000,0.0000,-0.93400,0.03600,0.34400,-2.00000,10.31000,-9.31000,0.42700,0.01400,0.75900,-92.89000,21.61000,9.35000,8.8,0.9,1.0,0.0,0.963285,0.135780,1.919903,-0.427418,-1.536129,2.285499,-0.089600,0.486000,0.869300,0.003200,0.133500,0.542300,0.828800,0.034500,0.916993,0.127566,1.755808,-0.100836,0.013868,1.408864,2.542153,-0.962663,-0.865127,0.888419,-2.386196,1.172582,0.220893,-0.710242,2.239845,0.767179,2.133299,-0.556394,-1.174809,1.507891,1,1,1.0000,1.0000,1,1,0,0,0.0000,0.0000,,,,,129436,125765,3327,2941,126090,123760,3346,1858,0,147,0.47296,-0.05114,0
1786019428.1790,E_right_up_r1,E,right,1,up,,426,148.8000,345.0000,166.7000,173.6000,0.0000,0.0000,330.3000,323.7000,98.7000,0.0000,99.6000,0.0000,238.4000,0.0000,-0.92800,0.05900,0.30300,-5.59000,1.83000,-10.15000,0.42700,0.01400,0.75900,-92.89000,21.61000,9.35000,8.5,1.3,1.0,0.0,1.148964,1.461764,1.883670,-0.427418,-1.536129,2.285499,-0.089600,0.486000,0.869300,0.003200,0.133500,0.542300,0.828800,0.034500,0.916993,0.127566,1.755808,-0.100836,0.013868,1.408864,2.542153,-0.962663,-0.865127,0.888419,-2.386196,1.172582,0.220893,-0.710242,2.239845,0.767179,2.133299,-0.556394,-1.174809,1.507891,1,1,1.0000,1.0000,1,1,0,0,0.0000,0.0000,,,,,129436,9314,3327,2891,126090,7347,3346,1818,0,149,0.47296,-0.05114,0
1786019428.1886,E_right_up_r1,E,right,1,up,,427,148.8000,345.0000,166.9000,173.6000,0.0000,0.0000,330.0000,323.3000,100.0000,0.0000,99.7000,0.0000,238.3000,0.0000,-0.91700,0.05500,0.29000,-6.30000,-3.24000,-10.46000,0.40200,-0.08800,0.72400,-83.18000,9.70000,-2.95000,8.8,0.9,1.0,0.0,0.733183,0.712186,1.544540,-0.440117,-0.556123,2.413331,-0.089600,0.486000,0.869300,0.003200,0.133500,0.542300,0.828800,0.034500,0.916993,0.127566,1.755808,-0.100836,0.013868,1.408864,2.542153,-0.962663,-0.865127,0.888419,-2.386196,1.172582,0.220893,-0.710242,2.239845,0.767179,2.133299,-0.556394,-1.174809,1.507891,1,0,1.0000,1.0000,1,1,0,0,0.0000,0.0000,,,,,9803,125765,3300,2941,6825,123760,2978,1858,0,147,0.47296,-0.05114,0
1786019428.2114,E_right_up_r1,E,right,1,up,,428,148.8000,345.0000,166.9000,173.6000,0.0000,0.0000,329.7000,320.8000,106.1000,0.0000,99.8000,0.0000,237.2000,0.0000,-0.86000,0.06200,0.27300,-7.43000,-12.09000,-1.89000,0.42900,-0.19700,0.83400,-23.45000,20.54000,-43.42000,9.2,1.8,1.0,0.0,0.967477,0.135548,1.921465,-0.419784,-1.524714,2.295946,-0.089600,0.486000,0.869300,0.003200,0.133500,0.542300,0.828800,0.034500,0.916993,0.127566,1.755808,-0.100836,0.013868,1.408864,2.542153,-0.962663,-0.865127,0.888419,-2.386196,1.172582,0.220893,-0.710242,2.239845,0.767179,2.133299,-0.556394,-1.174809,1.507891,1,1,1.0000,1.0000,1,1,0,0,0.0000,0.0000,,,,,129436,9314,3327,2891,126090,7347,3346,1818,0,149,0.47296,-0.05114,0
1786019428.2509,E_right_up_r1,E,right,1,up,,429,18.0000,345.0000,167.0000,173.9000,0.0000,0.0000,329.7000,319.1000,108.1000,0.0000,99.8000,0.0000,236.8000,0.0000,-0.85000,0.05900,0.25300,-2.85000,-21.75000,8.66000,0.36200,-0.09600,0.82600,-14.64000,21.11000,-41.30000,10.6,1.0,1.0,0.0,0.735653,0.712172,1.545514,-1.398048,-1.202410,2.896808,-0.089600,0.486000,0.869300,0.003200,0.133500,0.542300,0.828800,0.034500,0.916993,0.127566,1.755808,-0.100836,0.013868,1.408864,2.542153,-0.962663,-0.865127,0.888419,-2.386196,1.172582,0.220893,-0.710242,2.239845,0.767179,2.133299,-0.556394,-1.174809,1.507891,1,0,1.0000,1.0000,0,1,1,0,0.0506,0.0000,,,,,129436,125765,3327,2941,126090,123760,3346,1858,0,147,0.47296,-0.05114,0
1786019428.2536,E_right_up_r1,E,right,1,up,,430,18.0000,345.0000,167.0000,173.9000,0.0000,0.0000,329.7000,319.1000,108.1000,0.0000,99.8000,0.0000,236.8000,0.0000,-0.85000,0.05900,0.25300,-2.85000,-21.75000,8.66000,0.36200,-0.09600,0.82600,-14.64000,21.11000,-41.30000,10.6,1.0,1.0,0.0,0.735653,0.712172,1.545514,-1.398048,-1.202410,2.896808,-0.089600,0.486000,0.869300,0.003200,0.133500,0.542300,0.828800,0.034500,0.916993,0.127566,1.755808,-0.100836,0.013868,1.408864,2.542153,-0.962663,-0.865127,0.888419,-2.386196,1.172582,0.220893,-0.710242,2.239845,0.767179,2.133299,-0.556394,-1.174809,1.507891,1,0,1.0000,1.0000,0,1,1,0,0.0506,0.0000,,,,,9803,9314,3300,2891,6825,7347,2978,1818,0,149,0.47296,-0.05114,0
1786019428.2732,E_right_up_r1,E,right,1,up,,431,148.8000,345.0000,167.1000,175.1000,0.0000,0.0000,329.6000,319.1000,108.1000,0.0000,99.8000,0.0000,236.8000,0.0000,-0.84800,0.07100,0.24900,15.31000,-22.66000,24.42000,0.36200,-0.09600,0.82600,-14.64000,21.11000,-41.30000,11.7,2.3,1.0,0.0,0.972291,0.135238,1.922854,-0.417191,-1.526065,2.291449,-0.089600,0.486000,0.869300,0.003200,0.133500,0.542300,0.828800,0.034500,0.916993,0.127566,1.755808,-0.100836,0.013868,1.408864,2.542153,-0.962663,-0.865127,0.888419,-2.386196,1.172582,0.220893,-0.710242,2.239845,0.767179,2.133299,-0.556394,-1.174809,1.507891,1,0,1.0000,1.0000,1,1,0,0,0.0000,0.0000,,,,,9803,125765,3300,2941,6825,123760,2978,1858,0,147,0.47296,-0.05114,0
1786019428.2907,E_right_up_r1,E,right,1,up,,432,148.8000,345.0000,167.1000,175.1000,0.0000,0.0000,329.6000,313.1000,113.5000,0.0000,99.8000,0.0000,235.3000,0.0000,-0.84800,0.07100,0.24900,15.31000,-22.66000,24.42000,0.29900,-0.05200,0.80000,6.71000,-3.37000,-33.05000,11.7,2.3,1.0,0.0,0.972291,0.135238,1.922854,-0.417191,-1.526065,2.291449,-0.089600,0.486000,0.869300,0.003200,0.133500,0.542300,0.828800,0.034500,0.916993,0.127566,1.755808,-0.100836,0.013868,1.408864,2.542153,-0.962663,-0.865127,0.888419,-2.386196,1.172582,0.220893,-0.710242,2.239845,0.767179,2.133299,-0.556394,-1.174809,1.507891,1,1,1.0000,1.0000,1,1,0,0,0.0000,0.0000,,,,,129436,125765,3328,2942,126090,123760,3346,1858,0,147,0.47296,-0.05114,0
1786019428.3274,E_right_up_r1,E,right,1,up,,433,148.8000,345.0000,166.9000,175.8000,0.0000,0.0000,329.5000,309.7000,115.3000,0.0000,99.9000,0.0000,233.9000,0.0000,-0.90800,0.06200,0.26800,10.34000,-0.97000,27.90000,0.31000,0.00600,0.81100,-8.73000,-25.10000,-2.10000,11.7,2.3,1.0,0.0,1.150706,1.461660,1.883854,-0.440117,-0.556123,2.413331,-0.089600,0.486000,0.869300,0.003200,0.133500,0.542300,0.828800,0.034500,0.916993,0.127566,1.755808,-0.100836,0.013868,1.408864,2.542153,-0.962663,-0.865127,0.888419,-2.386196,1.172582,0.220893,-0.710242,2.239845,0.767179,2.133299,-0.556394,-1.174809,1.507891,1,0,1.0000,1.0000,1,1,0,0,0.0000,0.0000,,,,,9803,9314,3301,2892,6825,7347,2978,1818,0,149,0.47296,-0.05114,0
1786019428.3295,E_right_up_r1,E,right,1,up,,434,148.8000,345.0000,166.9000,175.8000,0.0000,0.0000,329.5000,309.7000,115.3000,0.0000,99.9000,0.0000,233.9000,0.0000,-0.90800,0.06200,0.26800,10.34000,-0.97000,27.90000,0.31000,0.00600,0.81100,-8.73000,-25.10000,-2.10000,11.7,2.3,1.0,0.0,1.150706,1.461660,1.883854,-0.440117,-0.556123,2.413331,-0.089600,0.486000,0.869300,0.003200,0.133500,0.542300,0.828800,0.034500,0.916993,0.127566,1.755808,-0.100836,0.013868,1.408864,2.542153,-0.962663,-0.865127,0.888419,-2.386196,1.172582,0.220893,-0.710242,2.239845,0.767179,2.133299,-0.556394,-1.174809,1.507891,1,0,1.0000,1.0000,1,1,0,0,0.0000,0.0000,,,,,9803,9314,3301,2892,6825,7347,2978,1818,0,149,0.47296,-0.05114,0
1786019428.3683,E_right_up_r1,E,right,1,up,,435,148.8000,345.0000,166.9000,175.8000,0.0000,0.0000,329.5000,309.7000,115.3000,0.0000,99.9000,0.0000,233.9000,0.0000,-0.90800,0.06200,0.26800,10.34000,-0.97000,27.90000,0.31000,0.00600,0.81100,-8.73000,-25.10000,-2.10000,11.7,2.3,1.0,0.0,1.150706,1.461660,1.883854,-0.440117,-0.556123,2.413331,-0.089600,0.486000,0.869300,0.003200,0.133500,0.542300,0.828800,0.034500,0.916993,0.127566,1.755808,-0.100836,0.013868,1.408864,2.542153,-0.962663,-0.865127,0.888419,-2.386196,1.172582,0.220893,-0.710242,2.239845,0.767179,2.133299,-0.556394,-1.174809,1.507891,1,0,1.0000,1.0000,1,1,0,0,0.0000,0.0000,,,,,9803,125765,3301,2942,6825,123760,2978,1858,0,147,0.47296,-0.05114,0
1786019428.3730,E_right_up_r1,E,right,1,up,,436,148.8000,345.0000,166.9000,175.8000,0.0000,0.0000,329.5000,309.7000,115.3000,0.0000,99.9000,0.0000,233.9000,0.0000,-0.90800,0.06200,0.26800,10.34000,-0.97000,27.90000,0.31000,0.00600,0.81100,-8.73000,-25.10000,-2.10000,11.7,2.3,1.0,0.0,1.150706,1.461660,1.883854,-0.440117,-0.556123,2.413331,-0.089600,0.486000,0.869300,0.003200,0.133500,0.542300,0.828800,0.034500,0.916993,0.127566,1.755808,-0.100836,0.013868,1.408864,2.542153,-0.962663,-0.865127,0.888419,-2.386196,1.172582,0.220893,-0.710242,2.239845,0.767179,2.133299,-0.556394,-1.174809,1.507891,1,0,1.0000,1.0000,1,1,0,0,0.0000,0.0000,,,,,9803,125765,3301,2942,6825,123760,2978,1858,0,147,0.47296,-0.05114,0
1786019428.3923,E_right_up_r1,E,right,1,up,,437,148.8000,345.0000,166.9000,175.8000,0.0000,0.0000,329.5000,309.7000,115.3000,0.0000,99.9000,0.0000,233.9000,0.0000,-0.90800,0.06200,0.26800,10.34000,-0.97000,27.90000,0.31000,0.00600,0.81100,-8.73000,-25.10000,-2.10000,11.7,2.3,1.0,0.0,1.150706,1.461660,1.883854,-0.440117,-0.556123,2.413331,-0.089600,0.486000,0.869300,0.003200,0.133500,0.542300,0.828800,0.034500,0.916993,0.127566,1.755808,-0.100836,0.013868,1.408864,2.542153,-0.962663,-0.865127,0.888419,-2.386196,1.172582,0.220893,-0.710242,2.239845,0.767179,2.133299,-0.556394,-1.174809,1.507891,1,0,1.0000,1.0000,1,1,0,0,0.0000,0.0000,,,,,129436,125765,3328,2942,126090,123760,3346,1858,0,147,0.47296,-0.05114,0
1786019428.4129,E_right_up_r1,E,right,1,up,,438,148.8000,345.0000,166.9000,175.8000,0.0000,0.0000,329.5000,309.7000,115.3000,0.0000,99.9000,0.0000,233.9000,0.0000,-0.90800,0.06200,0.26800,10.34000,-0.97000,27.90000,0.31000,0.00600,0.81100,-8.73000,-25.10000,-2.10000,11.7,2.3,1.0,0.0,1.150706,1.461660,1.883854,-0.440117,-0.556123,2.413331,-0.089600,0.486000,0.869300,0.003200,0.133500,0.542300,0.828800,0.034500,0.916993,0.127566,1.755808,-0.100836,0.013868,1.408864,2.542153,-0.962663,-0.865127,0.888419,-2.386196,1.172582,0.220893,-0.710242,2.239845,0.767179,2.133299,-0.556394,-1.174809,1.507891,1,0,1.0000,1.0000,1,1,0,0,0.0000,0.0000,,,,,129436,9314,3328,2892,126090,7347,3346,1818,0,149,0.47296,-0.05114,0
1786019428.4312,E_right_up_r1,E,right,1,up,,439,148.8000,345.0000,166.9000,175.8000,0.0000,0.0000,329.5000,309.7000,115.3000,0.0000,99.9000,0.0000,233.9000,0.0000,-0.90800,0.06200,0.26800,10.34000,-0.97000,27.90000,0.31000,0.00600,0.81100,-8.73000,-25.10000,-2.10000,11.7,2.3,1.0,0.0,1.150706,1.461660,1.883854,-0.440117,-0.556123,2.413331,-0.089600,0.486000,0.869300,0.003200,0.133500,0.542300,0.828800,0.034500,0.916993,0.127566,1.755808,-0.100836,0.013868,1.408864,2.542153,-0.962663,-0.865127,0.888419,-2.386196,1.172582,0.220893,-0.710242,2.239845,0.767179,2.133299,-0.556394,-1.174809,1.507891,1,0,1.0000,1.0000,1,1,0,0,0.0000,0.0000,,,,,129436,9314,3328,2892,126090,7347,3346,1818,0,149,0.47296,-0.05114,0
1786019428.4495,E_right_up_r1,E,right,1,up,,440,148.8000,345.0000,166.9000,175.8000,0.0000,0.0000,329.5000,309.7000,115.3000,0.0000,99.9000,0.0000,233.9000,0.0000,-0.90800,0.06200,0.26800,10.34000,-0.97000,27.90000,0.31000,0.00600,0.81100,-8.73000,-25.10000,-2.10000,11.7,2.3,1.0,0.0,1.150706,1.461660,1.883854,-0.440117,-0.556123,2.413331,-0.089600,0.486000,0.869300,0.003200,0.133500,0.542300,0.828800,0.034500,0.916993,0.127566,1.755808,-0.100836,0.013868,1.408864,2.542153,-0.962663,-0.865127,0.888419,-2.386196,1.172582,0.220893,-0.710242,2.239845,0.767179,2.133299,-0.556394,-1.174809,1.507891,1,0,1.0000,1.0000,1,1,0,0,0.0000,0.0000,,,,,9803,125765,3301,2942,6825,123760,2978,1858,0,147,0.47296,-0.05114,0
1786019428.4899,E_right_up_r1,E,right,1,up,,441,148.9000,345.0000,166.9000,175.0000,0.0000,0.0000,329.5000,309.7000,115.3000,0.0000,99.9000,0.0000,233.9000,0.0000,-0.90600,0.06800,0.32600,-1.87000,1.85000,-7.11000,0.31000,0.00600,0.81100,-8.73000,-25.10000,-2.10000,12.8,5.0,1.0,0.0,0.971595,0.135382,1.922397,-0.440117,-0.556123,2.413331,-0.089600,0.486000,0.869300,0.003200,0.133500,0.542300,0.828800,0.034500,0.916993,0.127566,1.755808,-0.100836,0.013868,1.408864,2.542153,-0.962663,-0.865127,0.888419,-2.386196,1.172582,0.220893,-0.710242,2.239845,0.767179,2.133299,-0.556394,-1.174809,1.507891,1,0,1.0000,1.0000,1,1,0,0,0.0000,0.0000,,,,,9803,9314,3301,2892,6825,7347,2978,1818,0,149,0.47296,-0.05114,0
1786019428.5091,E_right_up_r1,E,right,1,up,,442,148.8000,345.0000,167.0000,174.9000,0.0000,0.0000,329.5000,305.3000,2.0000,0.0000,87.1000,0.0000,236.1000,0.0000,-0.89600,0.09600,0.30500,-1.31000,-1.44000,-6.19000,0.42900,0.10000,0.73900,34.00000,31.67000,-19.25000,14.0,7.0,1.0,0.0,0.973320,0.135268,1.922864,-0.433892,-1.533465,2.293427,-0.089600,0.486000,0.869300,0.003200,0.133500,0.542300,0.828800,0.034500,0.916993,0.127566,1.755808,-0.100836,0.013868,1.408864,2.542153,-0.962663,-0.865127,0.888419,-2.386196,1.172582,0.220893,-0.710242,2.239845,0.767179,2.133299,-0.556394,-1.174809,1.507891,1,1,1.0000,1.0000,1,1,0,0,0.0000,0.0000,,,,,129436,9314,3328,2892,126090,7347,3346,1818,0,149,0.47296,-0.05114,0
1786019428.5101,E_right_up_r1,E,right,1,up,,443,148.8000,345.0000,167.0000,174.9000,0.0000,0.0000,329.5000,305.3000,2.0000,0.0000,87.1000,0.0000,236.1000,0.0000,-0.89600,0.09600,0.30500,-1.31000,-1.44000,-6.19000,0.42900,0.10000,0.73900,34.00000,31.67000,-19.25000,14.0,7.0,1.0,0.0,0.973320,0.135268,1.922864,-0.433892,-1.533465,2.293427,-0.089600,0.486000,0.869300,0.003200,0.133500,0.542300,0.828800,0.034500,0.916993,0.127566,1.755808,-0.100836,0.013868,1.408864,2.542153,-0.962663,-0.865127,0.888419,-2.386196,1.172582,0.220893,-0.710242,2.239845,0.767179,2.133299,-0.556394,-1.174809,1.507891,1,1,1.0000,1.0000,1,1,0,0,0.0000,0.0000,,,,,129436,9314,3328,2892,126090,7347,3346,1818,0,149,0.47296,-0.05114,0
1786019428.5387,E_right_up_r1,E,right,1,up,,444,148.8000,345.0000,167.0000,174.9000,0.0000,0.0000,329.5000,305.3000,2.0000,0.0000,87.1000,0.0000,236.1000,0.0000,-0.89600,0.09600,0.30500,-1.31000,-1.44000,-6.19000,0.42900,0.10000,0.73900,34.00000,31.67000,-19.25000,16.2,7.8,1.0,0.0,0.973320,0.135268,1.922864,-0.433892,-1.533465,2.293427,-0.089600,0.486000,0.869300,0.003200,0.133500,0.542300,0.828800,0.034500,0.916993,0.127566,1.755808,-0.100836,0.013868,1.408864,2.542153,-0.962663,-0.865127,0.888419,-2.386196,1.172582,0.220893,-0.710242,2.239845,0.767179,2.133299,-0.556394,-1.174809,1.507891,1,1,1.0000,1.0000,1,1,0,0,0.0000,0.0000,,,,,129436,125765,3328,2942,126090,123760,3346,1858,0,147,0.47296,-0.05114,0
1786019428.5528,E_right_up_r1,E,right,1,up,,445,148.8000,345.0000,167.0000,174.9000,0.0000,0.0000,329.5000,305.3000,2.0000,0.0000,87.1000,0.0000,236.1000,0.0000,-0.89600,0.09600,0.30500,-1.31000,-1.44000,-6.19000,0.42900,0.10000,0.73900,34.00000,31.67000,-19.25000,17.1,8.1,1.0,0.0,0.973320,0.135268,1.922864,-0.433892,-1.533465,2.293427,-0.089600,0.486000,0.869300,0.003200,0.133500,0.542300,0.828800,0.034500,0.916993,0.127566,1.755808,-0.100836,0.013868,1.408864,2.542153,-0.962663,-0.865127,0.888419,-2.386196,1.172582,0.220893,-0.710242,2.239845,0.767179,2.133299,-0.556394,-1.174809,1.507891,1,1,1.0000,1.0000,1,1,0,0,0.0000,0.0000,,,,,9803,125765,3301,2942,6825,123760,2978,1858,0,147,0.47296,-0.05114,0
1786019428.5756,E_right_up_r1,E,right,1,up,,446,148.8000,345.0000,167.1000,174.9000,0.0000,0.0000,329.7000,12.0000,0.0000,0.0000,77.4000,0.0000,237.3000,0.0000,-0.91000,0.11500,0.26800,14.15000,1.15000,11.25000,0.42300,0.16500,0.82800,5.36000,13.54000,3.94000,17.1,8.1,1.0,0.0,0.739549,0.711992,1.546693,-1.398048,-1.202410,2.896808,-0.089600,0.486000,0.869300,0.003200,0.133500,0.542300,0.828800,0.034500,0.916993,0.127566,1.755808,-0.100836,0.013868,1.408864,2.542153,-0.962663,-0.865127,0.888419,-2.386196,1.172582,0.220893,-0.710242,2.239845,0.767179,2.133299,-0.556394,-1.174809,1.507891,1,0,1.0000,1.0000,1,0,0,1,0.0000,0.3252,,,,,129436,9314,3329,2893,126090,7347,3346,1818,0,149,0.47296,-0.05114,0
1786019428.5930,E_right_up_r1,E,right,1,up,,447,148.8000,345.0000,167.1000,174.9000,0.0000,0.0000,329.7000,12.0000,0.0000,0.0000,77.4000,0.0000,237.3000,0.0000,-0.91000,0.11500,0.26800,14.15000,1.15000,11.25000,0.42300,0.16500,0.82800,5.36000,13.54000,3.94000,16.6,6.9,1.0,0.0,0.739549,0.711992,1.546693,-1.398048,-1.202410,2.896808,-0.089600,0.486000,0.869300,0.003200,0.133500,0.542300,0.828800,0.034500,0.916993,0.127566,1.755808,-0.100836,0.013868,1.408864,2.542153,-0.962663,-0.865127,0.888419,-2.386196,1.172582,0.220893,-0.710242,2.239845,0.767179,2.133299,-0.556394,-1.174809,1.507891,1,0,1.0000,1.0000,1,0,0,1,0.0000,0.3252,,,,,129436,9314,3329,2893,126090,7347,3346,1818,0,149,0.47296,-0.05114,0
1786019428.6087,E_right_up_r1,E,right,1,up,,448,148.8000,345.0000,167.1000,174.9000,0.0000,0.0000,329.7000,12.0000,0.0000,0.0000,77.4000,0.0000,237.3000,0.0000,-0.91000,0.11500,0.26800,14.15000,1.15000,11.25000,0.42300,0.16500,0.82800,5.36000,13.54000,3.94000,16.6,6.9,1.0,0.0,0.739549,0.711992,1.546693,-1.398048,-1.202410,2.896808,-0.089600,0.486000,0.869300,0.003200,0.133500,0.542300,0.828800,0.034500,0.916993,0.127566,1.755808,-0.100836,0.013868,1.408864,2.542153,-0.962663,-0.865127,0.888419,-2.386196,1.172582,0.220893,-0.710242,2.239845,0.767179,2.133299,-0.556394,-1.174809,1.507891,1,0,1.0000,1.0000,1,0,0,1,0.0000,0.3252,,,,,129436,9314,3329,2893,126090,7347,3346,1818,0,149,0.47296,-0.05114,0
1786019428.6319,E_right_up_r1,E,right,1,up,,449,148.8000,345.0000,167.1000,174.9000,0.0000,0.0000,329.7000,12.0000,0.0000,0.0000,77.4000,0.0000,237.3000,0.0000,-0.91000,0.11500,0.26800,14.15000,1.15000,11.25000,0.42300,0.16500,0.82800,5.36000,13.54000,3.94000,16.6,6.9,1.0,0.0,0.739549,0.711992,1.546693,-1.398048,-1.202410,2.896808,-0.089600,0.486000,0.869300,0.003200,0.133500,0.542300,0.828800,0.034500,0.916993,0.127566,1.755808,-0.100836,0.013868,1.408864,2.542153,-0.962663,-0.865127,0.888419,-2.386196,1.172582,0.220893,-0.710242,2.239845,0.767179,2.133299,-0.556394,-1.174809,1.507891,1,0,1.0000,1.0000,1,0,0,1,0.0000,0.3252,,,,,129436,9314,3329,2893,126090,7347,3346,1818,0,149,0.47296,-0.05114,0
1786019428.6609,E_right_up_r1,E,right,1,up,,450,148.8000,345.0000,167.1000,174.9000,0.0000,0.0000,329.7000,12.0000,0.0000,0.0000,77.4000,0.0000,237.3000,0.0000,-0.91000,0.11500,0.26800,14.15000,1.15000,11.25000,0.42300,0.16500,0.82800,5.36000,13.54000,3.94000,16.6,6.9,1.0,0.0,0.739549,0.711992,1.546693,-1.398048,-1.202410,2.896808,-0.089600,0.486000,0.869300,0.003200,0.133500,0.542300,0.828800,0.034500,0.916993,0.127566,1.755808,-0.100836,0.013868,1.408864,2.542153,-0.962663,-0.865127,0.888419,-2.386196,1.172582,0.220893,-0.710242,2.239845,0.767179,2.133299,-0.556394,-1.174809,1.507891,1,0,1.0000,1.0000,1,0,0,1,0.0000,0.3252,,,,,9803,9314,3302,2893,6825,7347,2978,1818,0,149,0.47296,-0.05114,0
1786019428.6735,E_right_up_r1,E,right,1,up,,451,148.8000,345.0000,167.1000,174.9000,0.0000,0.0000,329.7000,12.0000,0.0000,0.0000,77.4000,0.0000,237.3000,0.0000,-0.91000,0.11500,0.26800,14.15000,1.15000,11.25000,0.42300,0.16500,0.82800,5.36000,13.54000,3.94000,16.6,6.9,1.0,0.0,0.739549,0.711992,1.546693,-1.398048,-1.202410,2.896808,-0.089600,0.486000,0.869300,0.003200,0.133500,0.542300,0.828800,0.034500,0.916993,0.127566,1.755808,-0.100836,0.013868,1.408864,2.542153,-0.962663,-0.865127,0.888419,-2.386196,1.172582,0.220893,-0.710242,2.239845,0.767179,2.133299,-0.556394,-1.174809,1.507891,1,0,1.0000,1.0000,1,0,0,1,0.0000,0.3252,,,,,9803,9314,3302,2893,6825,7347,2978,1818,0,149,0.47296,-0.05114,0
1786019428.6896,E_right_up_r1,E,right,1,up,,452,148.8000,345.0000,167.2000,175.0000,0.0000,0.0000,329.9000,12.0000,0.0000,0.0000,77.4000,0.0000,237.3000,0.0000,-0.90300,0.03600,0.30800,-1.37000,-6.92000,-6.32000,0.42300,0.16500,0.82800,5.36000,13.54000,3.94000,16.6,6.9,1.0,0.0,0.972274,0.135365,1.922391,-1.398048,-1.202410,2.896808,-0.089600,0.486000,0.869300,0.003200,0.133500,0.542300,0.828800,0.034500,0.916993,0.127566,1.755808,-0.100836,0.013868,1.408864,2.542153,-0.962663,-0.865127,0.888419,-2.386196,1.172582,0.220893,-0.710242,2.239845,0.767179,2.133299,-0.556394,-1.174809,1.507891,1,0,1.0000,1.0000,1,0,0,1,0.0000,0.3252,,,,,129436,125765,3329,2943,126090,123760,3346,1858,0,147,0.47296,-0.05114,0
1786019428.7173,E_right_up_r1,E,right,1,up,,453,148.8000,345.0000,167.2000,175.0000,0.0000,0.0000,329.8000,302.9000,0.0000,0.0000,0.0000,0.0000,236.1000,0.0000,-0.88900,0.05400,0.28200,-1.78000,-11.82000,-7.40000,0.20600,0.10000,0.86700,4.82000,12.02000,5.92000,13.5,6.4,1.0,0.0,1.150328,1.461714,1.883608,-0.440117,-0.556123,2.413331,-0.089600,0.486000,0.869300,0.003200,0.133500,0.542300,0.828800,0.034500,0.916993,0.127566,1.755808,-0.100836,0.013868,1.408864,2.542153,-0.962663,-0.865127,0.888419,-2.386196,1.172582,0.220893,-0.710242,2.239845,0.767179,2.133299,-0.556394,-1.174809,1.507891,1,0,1.0000,1.0000,1,0,0,2,0.0000,0.3852,,,,,9803,9314,3302,2893,6825,7347,2978,1818,0,149,0.47296,-0.05114,0
1786019428.7290,E_right_up_r1,E,right,1,up,,454,148.8000,345.0000,167.2000,175.0000,0.0000,0.0000,329.8000,302.9000,0.0000,0.0000,0.0000,0.0000,236.1000,0.0000,-0.88900,0.05400,0.28200,-1.78000,-11.82000,-7.40000,0.20600,0.10000,0.86700,4.82000,12.02000,5.92000,13.5,6.4,1.0,0.0,1.150328,1.461714,1.883608,-0.440117,-0.556123,2.413331,-0.089600,0.486000,0.869300,0.003200,0.133500,0.542300,0.828800,0.034500,0.916993,0.127566,1.755808,-0.100836,0.013868,1.408864,2.542153,-0.962663,-0.865127,0.888419,-2.386196,1.172582,0.220893,-0.710242,2.239845,0.767179,2.133299,-0.556394,-1.174809,1.507891,1,0,1.0000,1.0000,1,0,0,2,0.0000,0.3852,,,,,9803,9314,3302,2893,6825,7347,2978,1818,0,149,0.47296,-0.05114,0
1786019428.7612,E_right_up_r1,E,right,1,up,,455,148.8000,345.0000,167.2000,175.2000,0.0000,0.0000,329.9000,302.9000,0.0000,0.0000,0.0000,0.0000,236.1000,0.0000,-0.89000,0.06600,0.25500,-3.05000,-15.02000,-1.49000,0.21500,0.12600,0.87200,8.18000,8.29000,17.49000,15.4,8.5,1.0,0.0,1.152293,1.461576,1.884217,-0.440117,-0.556123,2.413331,-0.089600,0.486000,0.869300,0.003200,0.133500,0.542300,0.828800,0.034500,0.916993,0.127566,1.755808,-0.100836,0.013868,1.408864,2.542153,-0.962663,-0.865127,0.888419,-2.386196,1.172582,0.220893,-0.710242,2.239845,0.767179,2.133299,-0.556394,-1.174809,1.507891,1,0,1.0000,1.0000,1,0,0,2,0.0000,0.4332,,,,,9803,125765,3302,2943,6825,123760,2978,1858,0,147,0.47296,-0.05114,0
1786019428.7776,E_right_up_r1,E,right,1,up,,456,148.8000,345.0000,167.2000,175.2000,0.0000,0.0000,329.9000,302.9000,0.0000,0.0000,0.0000,0.0000,236.1000,0.0000,-0.89000,0.06600,0.25500,-3.05000,-15.02000,-1.49000,0.21500,0.12600,0.87200,8.18000,8.29000,17.49000,15.4,8.5,1.0,0.0,1.152293,1.461576,1.884217,-0.440117,-0.556123,2.413331,-0.089600,0.486000,0.869300,0.003200,0.133500,0.542300,0.828800,0.034500,0.916993,0.127566,1.755808,-0.100836,0.013868,1.408864,2.542153,-0.962663,-0.865127,0.888419,-2.386196,1.172582,0.220893,-0.710242,2.239845,0.767179,2.133299,-0.556394,-1.174809,1.507891,1,0,1.0000,1.0000,1,0,0,2,0.0000,0.4332,,,,,9803,9314,3303,2893,6825,7347,2978,1818,0,149,0.47296,-0.05114,0
1786019428.8074,E_right_up_r1,E,right,1,up,,457,148.8000,345.0000,167.2000,175.2000,0.0000,0.0000,329.9000,302.9000,0.0000,0.0000,0.0000,0.0000,236.1000,0.0000,-0.89000,0.06600,0.25500,-3.05000,-15.02000,-1.49000,0.21500,0.12600,0.87200,8.18000,8.29000,17.49000,15.4,8.5,1.0,0.0,1.152293,1.461576,1.884217,-0.440117,-0.556123,2.413331,-0.089600,0.486000,0.869300,0.003200,0.133500,0.542300,0.828800,0.034500,0.916993,0.127566,1.755808,-0.100836,0.013868,1.408864,2.542153,-0.962663,-0.865127,0.888419,-2.386196,1.172582,0.220893,-0.710242,2.239845,0.767179,2.133299,-0.556394,-1.174809,1.507891,1,0,1.0000,1.0000,1,0,0,2,0.0000,0.4332,,,,,9803,9314,3303,2894,6825,7347,2978,1818,0,149,0.47296,-0.05114,0
1786019428.8308,E_right_up_r1,E,right,1,up,,458,148.8000,345.0000,167.2000,175.2000,0.0000,0.0000,329.9000,302.9000,0.0000,0.0000,0.0000,0.0000,236.1000,0.0000,-0.89000,0.06600,0.25500,-3.05000,-15.02000,-1.49000,0.21500,0.12600,0.87200,8.18000,8.29000,17.49000,15.4,8.5,1.0,0.0,1.152293,1.461576,1.884217,-0.440117,-0.556123,2.413331,-0.089600,0.486000,0.869300,0.003200,0.133500,0.542300,0.828800,0.034500,0.916993,0.127566,1.755808,-0.100836,0.013868,1.408864,2.542153,-0.962663,-0.865127,0.888419,-2.386196,1.172582,0.220893,-0.710242,2.239845,0.767179,2.133299,-0.556394,-1.174809,1.507891,1,0,1.0000,1.0000,1,0,0,2,0.0000,0.4332,,,,,129436,125765,3330,2944,126090,123760,3346,1858,0,147,0.47296,-0.05114,0
1786019428.8341,E_right_up_r1,E,right,1,up,,459,148.8000,345.0000,167.2000,175.3000,0.0000,0.0000,329.8000,302.9000,0.0000,0.0000,0.0000,0.0000,236.1000,0.0000,-0.89500,0.10700,0.29700,3.02000,-1.43000,5.36000,0.21500,0.12600,0.87200,8.18000,8.29000,17.49000,15.4,8.5,1.0,0.0,0.740024,0.712043,1.546522,-0.440117,-0.556123,2.413331,-0.089600,0.486000,0.869300,0.003200,0.133500,0.542300,0.828800,0.034500,0.916993,0.127566,1.755808,-0.100836,0.013868,1.408864,2.542153,-0.962663,-0.865127,0.888419,-2.386196,1.172582,0.220893,-0.710242,2.239845,0.767179,2.133299,-0.556394,-1.174809,1.507891,1,0,1.0000,1.0000,1,0,0,2,0.0000,0.4332,,,,,9803,9314,3303,2894,6825,7347,2978,1818,0,149,0.47296,-0.05114,0
1786019428.8647,E_right_up_r1,E,right,1,up,,460,148.8000,345.0000,167.2000,175.3000,0.0000,0.0000,329.8000,302.9000,0.0000,0.0000,0.0000,0.0000,236.1000,0.0000,-0.89500,0.10700,0.29700,3.02000,-1.43000,5.36000,0.21500,0.12600,0.87200,8.18000,8.29000,17.49000,15.4,8.5,1.0,0.0,0.740024,0.712043,1.546522,-0.440117,-0.556123,2.413331,-0.089600,0.486000,0.869300,0.003200,0.133500,0.542300,0.828800,0.034500,0.916993,0.127566,1.755808,-0.100836,0.013868,1.408864,2.542153,-0.962663,-0.865127,0.888419,-2.386196,1.172582,0.220893,-0.710242,2.239845,0.767179,2.133299,-0.556394,-1.174809,1.507891,1,0,1.0000,1.0000,1,0,0,2,0.0000,0.4332,,,,,9803,125765,3303,2944,6825,123760,2978,1858,0,147,0.47296,-0.05114,0
1786019428.8714,E_right_up_r1,E,right,1,up,,461,148.8000,345.0000,167.2000,175.3000,0.0000,0.0000,329.8000,302.9000,0.0000,0.0000,0.0000,0.0000,236.1000,0.0000,-0.89500,0.10700,0.29700,3.02000,-1.43000,5.36000,0.21500,0.12600,0.87200,8.18000,8.29000,17.49000,18.9,9.4,1.0,0.0,0.740024,0.712043,1.546522,-0.440117,-0.556123,2.413331,-0.089600,0.486000,0.869300,0.003200,0.133500,0.542300,0.828800,0.034500,0.916993,0.127566,1.755808,-0.100836,0.013868,1.408864,2.542153,-0.962663,-0.865127,0.888419,-2.386196,1.172582,0.220893,-0.710242,2.239845,0.767179,2.133299,-0.556394,-1.174809,1.507891,1,0,1.0000,1.0000,1,0,0,2,0.0000,0.4332,,,,,9803,125765,3303,2944,6825,123760,2978,1858,0,147,0.47296,-0.05114,0
1786019428.8932,E_right_up_r1,E,right,1,up,,462,148.8000,345.0000,167.2000,175.3000,0.0000,0.0000,329.8000,302.9000,0.0000,0.0000,0.0000,0.0000,236.1000,0.0000,-0.89500,0.10700,0.29700,3.02000,-1.43000,5.36000,0.21500,0.12600,0.87200,8.18000,8.29000,17.49000,18.9,9.4,1.0,0.0,0.740024,0.712043,1.546522,-0.440117,-0.556123,2.413331,-0.089600,0.486000,0.869300,0.003200,0.133500,0.542300,0.828800,0.034500,0.916993,0.127566,1.755808,-0.100836,0.013868,1.408864,2.542153,-0.962663,-0.865127,0.888419,-2.386196,1.172582,0.220893,-0.710242,2.239845,0.767179,2.133299,-0.556394,-1.174809,1.507891,1,0,1.0000,1.0000,1,0,0,2,0.0000,0.4332,,,,,129436,9314,3330,2894,126090,7347,3346,1818,0,149,0.47296,-0.05114,0
1786019428.9241,E_right_up_r1,E,right,1,up,,463,148.8000,345.0000,167.2000,175.3000,0.0000,0.0000,329.8000,302.9000,0.0000,0.0000,0.0000,0.0000,236.1000,0.0000,-0.89500,0.10700,0.29700,3.02000,-1.43000,5.36000,0.21500,0.12600,0.87200,8.18000,8.29000,17.49000,18.9,9.4,1.0,0.0,0.735155,0.712488,1.544793,-0.440117,-0.556123,2.413331,-0.089600,0.486000,0.869300,0.003200,0.133500,0.542300,0.828800,0.034500,0.916993,0.127566,1.755808,-0.100836,0.013868,1.408864,2.542153,-0.962663,-0.865127,0.888419,-2.386196,1.172582,0.220893,-0.710242,2.239845,0.767179,2.133299,-0.556394,-1.174809,1.507891,1,0,1.0000,1.0000,1,0,0,2,0.0000,0.4332,,,,,9803,125765,3303,2944,6825,123760,2978,1858,0,147,0.47296,-0.05114,0
1786019428.9418,E_right_up_r1,E,right,1,up,,464,148.8000,345.0000,167.2000,174.8000,0.0000,0.0000,3301.0000,302.9000,0.0000,0.0000,0.0000,0.0000,236.1000,0.0000,-0.87800,0.04700,0.33600,0.74000,3.23000,1.37000,0.21500,0.12600,0.87200,8.18000,8.29000,17.49000,18.9,9.4,1.0,0.0,0.735155,0.712488,1.544793,-0.440117,-0.556123,2.413331,-0.089600,0.486000,0.869300,0.003200,0.133500,0.542300,0.828800,0.034500,0.916993,0.127566,1.755808,-0.100836,0.013868,1.408864,2.542153,-0.962663,-0.865127,0.888419,-2.386196,1.172582,0.220893,-0.710242,2.239845,0.767179,2.133299,-0.556394,-1.174809,1.507891,1,0,1.0000,1.0000,1,0,0,2,0.0000,0.4332,,,,,129436,125765,3331,2944,126090,123760,3346,1858,0,147,0.47296,-0.05114,0
1786019428.9595,E_right_up_r1,E,right,1,up,,465,148.8000,345.0000,167.2000,174.8000,0.0000,0.0000,3301.0000,302.9000,0.0000,0.0000,0.0000,0.0000,236.1000,0.0000,-0.87800,0.04700,0.33600,0.74000,3.23000,1.37000,0.21500,0.12600,0.87200,8.18000,8.29000,17.49000,15.8,5.1,1.0,0.0,0.735155,0.712488,1.544793,-0.440117,-0.556123,2.413331,-0.089600,0.486000,0.869300,0.003200,0.133500,0.542300,0.828800,0.034500,0.916993,0.127566,1.755808,-0.100836,0.013868,1.408864,2.542153,-0.962663,-0.865127,0.888419,-2.386196,1.172582,0.220893,-0.710242,2.239845,0.767179,2.133299,-0.556394,-1.174809,1.507891,1,0,1.0000,1.0000,1,0,0,2,0.0000,0.4332,,,,,129436,125765,3331,2944,126090,123760,3346,1858,0,147,0.47296,-0.05114,0
1786019428.9727,E_right_up_r1,E,right,1,up,,466,148.8000,345.0000,167.2000,174.8000,0.0000,0.0000,3301.0000,302.9000,0.0000,0.0000,0.0000,0.0000,236.1000,0.0000,-0.87800,0.04700,0.33600,0.74000,3.23000,1.37000,0.21500,0.12600,0.87200,8.18000,8.29000,17.49000,15.8,5.1,1.0,0.0,0.735155,0.712488,1.544793,-0.440117,-0.556123,2.413331,-0.089600,0.486000,0.869300,0.003200,0.133500,0.542300,0.828800,0.034500,0.916993,0.127566,1.755808,-0.100836,0.013868,1.408864,2.542153,-0.962663,-0.865127,0.888419,-2.386196,1.172582,0.220893,-0.710242,2.239845,0.767179,2.133299,-0.556394,-1.174809,1.507891,1,0,1.0000,1.0000,1,0,0,2,0.0000,0.4332,,,,,9803,9314,3303,2894,6825,7347,2978,1818,0,149,0.47296,-0.05114,0
1786019428.9890,E_right_up_r1,E,right,1,up,,467,148.8000,345.0000,167.2000,174.8000,0.0000,0.0000,3301.0000,302.9000,0.0000,0.0000,0.0000,0.0000,236.1000,0.0000,-0.87800,0.04700,0.33600,0.74000,3.23000,1.37000,0.21500,0.12600,0.87200,8.18000,8.29000,17.49000,14.2,4.5,1.0,0.0,0.971714,0.135420,1.922251,-0.440117,-0.556123,2.413331,-0.089600,0.486000,0.869300,0.003200,0.133500,0.542300,0.828800,0.034500,0.916993,0.127566,1.755808,-0.100836,0.013868,1.408864,2.542153,-0.962663,-0.865127,0.888419,-2.386196,1.172582,0.220893,-0.710242,2.239845,0.767179,2.133299,-0.556394,-1.174809,1.507891,1,0,1.0000,1.0000,1,0,0,2,0.0000,0.4332,,,,,9803,9314,3304,2894,6825,7347,2978,1818,0,149,0.47296,-0.05114,0
1786019429.0101,E_right_up_r1,E,right,1,up,,468,148.8000,345.0000,167.2000,174.5000,0.0000,0.0000,330.5000,325.2000,64.8000,0.0000,91.3000,0.0000,243.4000,0.0000,-0.90600,0.08000,0.33100,1.50000,3.41000,-6.15000,0.28700,0.06300,0.88500,-13.77000,8.60000,50.77000,14.2,4.5,1.0,0.0,0.971714,0.135420,1.922251,-0.423735,-1.519682,2.271467,-0.089600,0.486000,0.869300,0.003200,0.133500,0.542300,0.828800,0.034500,0.916993,0.127566,1.755808,-0.100836,0.013868,1.408864,2.542153,-0.962663,-0.865127,0.888419,-2.386196,1.172582,0.220893,-0.710242,2.239845,0.767179,2.133299,-0.556394,-1.174809,1.507891,1,1,1.0000,1.0000,1,1,0,0,0.0000,0.0000,,,,,129436,9314,3331,2894,126090,7347,3346,1818,0,149,0.47296,-0.05114,0
1786019429.0292,E_right_up_r1,E,right,1,up,,469,148.8000,345.0000,167.2000,174.5000,0.0000,0.0000,330.5000,325.2000,64.8000,0.0000,91.3000,0.0000,243.4000,0.0000,-0.88900,0.08200,0.33500,-5.84000,6.09000,-5.27000,0.28700,0.06300,0.88500,-13.77000,8.60000,50.77000,14.3,6.0,1.0,0.0,1.149130,1.461836,1.883214,-0.440117,-0.556123,2.413331,-0.089600,0.486000,0.869300,0.003200,0.133500,0.542300,0.828800,0.034500,0.916993,0.127566,1.755808,-0.100836,0.013868,1.408864,2.542153,-0.962663,-0.865127,0.888419,-2.386196,1.172582,0.220893,-0.710242,2.239845,0.767179,2.133299,-0.556394,-1.174809,1.507891,1,1,1.0000,1.0000,1,1,0,0,0.0000,0.0000,,,,,9803,9314,3304,2894,6825,7347,2978,1818,0,149,0.47296,-0.05114,0
1786019429.0536,E_right_up_r1,E,right,1,up,,470,148.8000,345.0000,167.1000,174.5000,0.0000,0.0000,330.5000,334.3000,106.7000,0.0000,96.4000,0.0000,245.6000,0.0000,-0.88000,0.07200,0.33000,-6.89000,5.76000,-4.21000,0.31300,0.04600,0.91100,-21.07000,1.29000,52.82000,14.8,6.2,1.0,0.0,1.146621,1.462042,1.882418,-0.440117,-0.556123,2.413331,-0.089600,0.486000,0.869300,0.003200,0.133500,0.542300,0.828800,0.034500,0.916993,0.127566,1.755808,-0.100836,0.013868,1.408864,2.542153,-0.962663,-0.865127,0.888419,-2.386196,1.172582,0.220893,-0.710242,2.239845,0.767179,2.133299,-0.556394,-1.174809,1.507891,1,0,1.0000,1.0000,1,1,0,0,0.0000,0.0000,,,,,9803,9314,3304,2894,6825,7347,2978,1818,0,149,0.47296,-0.05114,0
1786019429.0757,E_right_up_r1,E,right,1,up,,471,148.8000,345.0000,167.1000,174.5000,0.0000,0.0000,330.5000,334.3000,106.7000,0.0000,96.4000,0.0000,245.6000,0.0000,-0.88000,0.07200,0.33000,-6.89000,5.76000,-4.21000,0.31300,0.04600,0.91100,-21.07000,1.29000,52.82000,14.8,6.2,1.0,0.0,1.146621,1.462042,1.882418,-0.440117,-0.556123,2.413331,-0.089600,0.486000,0.869300,0.003200,0.133500,0.542300,0.828800,0.034500,0.916993,0.127566,1.755808,-0.100836,0.013868,1.408864,2.542153,-0.962663,-0.865127,0.888419,-2.386196,1.172582,0.220893,-0.710242,2.239845,0.767179,2.133299,-0.556394,-1.174809,1.507891,1,0,1.0000,1.0000,1,1,0,0,0.0000,0.0000,,,,,129436,9314,3332,2894,126090,7347,3346,1818,0,149,0.47296,-0.05114,0
1786019429.0923,E_right_up_r1,E,right,1,up,,472,148.6000,345.0000,167.2000,174.5000,0.0000,0.0000,330.5000,344.1000,123.9000,0.0000,97.9000,0.0000,248.1000,0.0000,-0.87500,0.06500,0.28600,3.52000,-4.49000,-0.79000,0.29400,-0.03600,0.93800,14.29000,17.76000,30.25000,12.8,6.3,1.0,0.0,1.147278,1.461907,1.882673,-0.440117,-0.556123,2.413331,-0.089600,0.486000,0.869300,0.003200,0.133500,0.542300,0.828800,0.034500,0.916993,0.127566,1.755808,-0.100836,0.013868,1.408864,2.542153,-0.962663,-0.865127,0.888419,-2.386196,1.172582,0.220893,-0.710242,2.239845,0.767179,2.133299,-0.556394,-1.174809,1.507891,1,0,1.0000,1.0000,1,1,0,0,0.0000,0.0000,,,,,129436,125765,3332,2944,126090,123760,3346,1858,0,147,0.47296,-0.05114,0
1786019429.1089,E_right_up_r1,E,right,1,up,,473,148.6000,345.0000,167.2000,174.5000,0.0000,0.0000,330.5000,344.1000,123.9000,0.0000,97.9000,0.0000,248.1000,0.0000,-0.87500,0.06500,0.28600,3.52000,-4.49000,-0.79000,0.29400,-0.03600,0.93800,14.29000,17.76000,30.25000,14.2,4.9,1.0,0.0,1.147278,1.461907,1.882673,-0.440117,-0.556123,2.413331,-0.089600,0.486000,0.869300,0.003200,0.133500,0.542300,0.828800,0.034500,0.916993,0.127566,1.755808,-0.100836,0.013868,1.408864,2.542153,-0.962663,-0.865127,0.888419,-2.386196,1.172582,0.220893,-0.710242,2.239845,0.767179,2.133299,-0.556394,-1.174809,1.507891,1,0,1.0000,1.0000,1,1,0,0,0.0000,0.0000,,,,,129436,125765,3332,2944,126090,123760,3346,1858,0,147,0.47296,-0.05114,0
1786019429.1302,E_right_up_r1,E,right,1,up,,474,148.7000,345.0000,167.2000,174.5000,0.0000,0.0000,330.7000,347.9000,126.3000,0.0000,98.0000,0.0000,249.4000,0.0000,-0.89600,0.06100,0.26600,4.98000,-3.44000,3.24000,0.21700,0.02900,0.89900,15.42000,15.50000,28.62000,14.2,4.9,1.0,0.0,0.973968,0.135122,1.923130,-0.403817,-1.458947,2.266936,-0.089600,0.486000,0.869300,0.003200,0.133500,0.542300,0.828800,0.034500,0.916993,0.127566,1.755808,-0.100836,0.013868,1.408864,2.542153,-0.962663,-0.865127,0.888419,-2.386196,1.172582,0.220893,-0.710242,2.239845,0.767179,2.133299,-0.556394,-1.174809,1.507891,1,1,1.0000,1.0000,1,1,0,0,0.0000,0.0000,,,,,9803,9314,3304,2894,6825,7347,2978,1818,0,149,0.47296,-0.05114,0
1786019429.1660,E_right_up_r1,E,right,1,up,,475,148.7000,345.0000,167.2000,174.5000,0.0000,0.0000,330.7000,347.9000,126.3000,0.0000,98.0000,0.0000,249.4000,0.0000,-0.89600,0.06100,0.26600,4.98000,-3.44000,3.24000,0.21700,0.02900,0.89900,15.42000,15.50000,28.62000,14.2,4.9,1.0,0.0,0.973968,0.135122,1.923130,-0.403817,-1.458947,2.266936,-0.089600,0.486000,0.869300,0.003200,0.133500,0.542300,0.828800,0.034500,0.916993,0.127566,1.755808,-0.100836,0.013868,1.408864,2.542153,-0.962663,-0.865127,0.888419,-2.386196,1.172582,0.220893,-0.710242,2.239845,0.767179,2.133299,-0.556394,-1.174809,1.507891,1,1,1.0000,1.0000,1,1,0,0,0.0000,0.0000,,,,,129436,9314,3332,2894,126090,7347,3346,1818,0,149,0.47296,-0.05114,0
1786019429.1742,E_right_up_r1,E,right,1,up,,476,148.7000,345.0000,167.2000,174.5000,0.0000,0.0000,330.7000,347.9000,126.3000,0.0000,98.0000,0.0000,249.4000,0.0000,-0.89600,0.06100,0.26600,4.98000,-3.44000,3.24000,0.21700,0.02900,0.89900,15.42000,15.50000,28.62000,14.2,4.9,1.0,0.0,0.973968,0.135122,1.923130,-0.403817,-1.458947,2.266936,-0.089600,0.486000,0.869300,0.003200,0.133500,0.542300,0.828800,0.034500,0.916993,0.127566,1.755808,-0.100836,0.013868,1.408864,2.542153,-0.962663,-0.865127,0.888419,-2.386196,1.172582,0.220893,-0.710242,2.239845,0.767179,2.133299,-0.556394,-1.174809,1.507891,1,1,1.0000,1.0000,1,1,0,0,0.0000,0.0000,,,,,129436,9314,3332,2894,126090,7347,3346,1818,0,149,0.47296,-0.05114,0
1786019429.1896,E_right_up_r1,E,right,1,up,,477,148.7000,345.0000,167.2000,174.5000,0.0000,0.0000,330.7000,347.9000,126.3000,0.0000,98.0000,0.0000,249.4000,0.0000,-0.89600,0.06100,0.26600,4.98000,-3.44000,3.24000,0.21700,0.02900,0.89900,15.42000,15.50000,28.62000,14.2,4.9,1.0,0.0,0.973968,0.135122,1.923130,-0.403817,-1.458947,2.266936,-0.089600,0.486000,0.869300,0.003200,0.133500,0.542300,0.828800,0.034500,0.916993,0.127566,1.755808,-0.100836,0.013868,1.408864,2.542153,-0.962663,-0.865127,0.888419,-2.386196,1.172582,0.220893,-0.710242,2.239845,0.767179,2.133299,-0.556394,-1.174809,1.507891,1,1,1.0000,1.0000,1,1,0,0,0.0000,0.0000,,,,,9803,125765,3304,2944,6825,123760,2978,1858,0,147,0.47296,-0.05114,0
1786019429.2110,E_right_up_r1,E,right,1,up,,478,148.8000,345.0000,167.2000,174.5000,0.0000,0.0000,330.8000,347.9000,126.3000,0.0000,98.0000,0.0000,249.4000,0.0000,-0.89800,0.02200,0.33200,5.96000,-2.02000,2.68000,0.21700,0.02900,0.89900,15.42000,15.50000,28.62000,14.2,4.9,1.0,0.0,1.143756,1.462215,1.881561,-0.440117,-0.556123,2.413331,-0.089600,0.486000,0.869300,0.003200,0.133500,0.542300,0.828800,0.034500,0.916993,0.127566,1.755808,-0.100836,0.013868,1.408864,2.542153,-0.962663,-0.865127,0.888419,-2.386196,1.172582,0.220893,-0.710242,2.239845,0.767179,2.133299,-0.556394,-1.174809,1.507891,1,1,1.0000,1.0000,1,1,0,0,0.0000,0.0000,,,,,129436,9314,3332,2894,126090,7347,3346,1818,0,149,0.47296,-0.05114,0
1786019429.2341,E_right_up_r1,E,right,1,up,,479,148.8000,345.0000,167.2000,174.5000,0.0000,0.0000,330.8000,360.0000,126.3000,0.0000,98.0000,0.0000,254.0000,0.0000,-0.89800,0.02200,0.33200,5.96000,-2.02000,2.68000,0.19400,0.02900,0.87300,19.09000,-4.40000,15.02000,14.2,4.9,1.0,0.0,1.143756,1.462215,1.881561,-0.440117,-0.556123,2.413331,-0.089600,0.486000,0.869300,0.003200,0.133500,0.542300,0.828800,0.034500,0.916993,0.127566,1.755808,-0.100836,0.013868,1.408864,2.542153,-0.962663,-0.865127,0.888419,-2.386196,1.172582,0.220893,-0.710242,2.239845,0.767179,2.133299,-0.556394,-1.174809,1.507891,1,0,1.0000,1.0000,1,1,0,0,0.0000,0.0000,,,,,129436,125765,3332,2945,126090,123760,3346,1858,0,147,0.47296,-0.05114,0
1786019429.2491,E_right_up_r1,E,right,1,up,,480,148.8000,345.0000,167.2000,174.5000,0.0000,0.0000,330.8000,360.0000,126.3000,0.0000,98.0000,0.0000,254.0000,0.0000,-0.89800,0.02200,0.33200,5.96000,-2.02000,2.68000,0.19400,0.02900,0.87300,19.09000,-4.40000,15.02000,14.2,4.9,1.0,0.0,1.143756,1.462215,1.881561,-0.440117,-0.556123,2.413331,-0.089600,0.486000,0.869300,0.003200,0.133500,0.542300,0.828800,0.034500,0.916993,0.127566,1.755808,-0.100836,0.013868,1.408864,2.542153,-0.962663,-0.865127,0.888419,-2.386196,1.172582,0.220893,-0.710242,2.239845,0.767179,2.133299,-0.556394,-1.174809,1.507891,1,0,1.0000,1.0000,1,1,0,0,0.0000,0.0000,,,,,129436,125765,3332,2945,126090,123760,3346,1858,0,147,0.47296,-0.05114,0
1786019429.2726,E_right_up_r1,E,right,1,up,,481,148.8000,345.0000,167.2000,174.5000,0.0000,0.0000,330.8000,360.0000,126.3000,0.0000,98.0000,0.0000,254.0000,0.0000,-0.89800,0.02200,0.33200,5.96000,-2.02000,2.68000,0.19400,0.02900,0.87300,19.09000,-4.40000,15.02000,14.2,4.9,1.0,0.0,1.143756,1.462215,1.881561,-0.440117,-0.556123,2.413331,-0.089600,0.486000,0.869300,0.003200,0.133500,0.542300,0.828800,0.034500,0.916993,0.127566,1.755808,-0.100836,0.013868,1.408864,2.542153,-0.962663,-0.865127,0.888419,-2.386196,1.172582,0.220893,-0.710242,2.239845,0.767179,2.133299,-0.556394,-1.174809,1.507891,1,0,1.0000,1.0000,1,1,0,0,0.0000,0.0000,,,,,9803,9314,3305,2895,6825,7347,2978,1818,0,149,0.47296,-0.05114,0
1786019429.2948,E_right_up_r1,E,right,1,up,,482,148.8000,345.0000,167.2000,174.5000,0.0000,0.0000,330.9000,360.0000,126.3000,0.0000,98.0000,0.0000,254.0000,0.0000,-0.87300,0.04500,0.32700,-2.08000,4.19000,2.74000,0.19400,0.02900,0.87300,19.09000,-4.40000,15.02000,11.8,3.4,1.0,0.0,0.732114,0.712771,1.543773,-0.440117,-0.556123,2.413331,-0.089600,0.486000,0.869300,0.003200,0.133500,0.542300,0.828800,0.034500,0.916993,0.127566,1.755808,-0.100836,0.013868,1.408864,2.542153,-0.962663,-0.865127,0.888419,-2.386196,1.172582,0.220893,-0.710242,2.239845,0.767179,2.133299,-0.556394,-1.174809,1.507891,1,0,1.0000,1.0000,1,1,0,0,0.0000,0.0000,,,,,129436,125765,3333,2945,126090,123760,3346,1858,0,147,0.47296,-0.05114,0
1786019429.3101,E_right_up_r1,E,right,1,up,,483,148.8000,345.0000,167.2000,174.5000,0.0000,0.0000,330.9000,360.0000,123.3000,0.0000,98.0000,0.0000,258.7000,0.0000,-0.89500,0.06500,0.35400,-2.02000,3.87000,2.83000,0.20600,0.08200,0.92200,15.91000,8.69000,17.12000,11.8,3.4,1.0,0.0,1.141420,1.462420,1.880820,-1.398048,-1.202410,2.896808,-0.089600,0.486000,0.869300,0.003200,0.133500,0.542300,0.828800,0.034500,0.916993,0.127566,1.755808,-0.100836,0.013868,1.408864,2.542153,-0.962663,-0.865127,0.888419,-2.386196,1.172582,0.220893,-0.710242,2.239845,0.767179,2.133299,-0.556394,-1.174809,1.507891,1,0,1.0000,1.0000,1,1,0,0,0.0000,0.0000,,,,,129436,125765,3333,2945,126090,123760,3346,1858,0,147,0.47296,-0.05114,0
1786019429.3440,E_right_up_r1,E,right,1,up,,484,148.8000,345.0000,167.2000,174.5000,0.0000,0.0000,330.9000,360.0000,123.3000,0.0000,98.0000,0.0000,258.7000,0.0000,-0.89500,0.06500,0.35400,-2.02000,3.87000,2.83000,0.20600,0.08200,0.92200,15.91000,8.69000,17.12000,11.8,3.4,1.0,0.0,1.141420,1.462420,1.880820,-1.398048,-1.202410,2.896808,-0.089600,0.486000,0.869300,0.003200,0.133500,0.542300,0.828800,0.034500,0.916993,0.127566,1.755808,-0.100836,0.013868,1.408864,2.542153,-0.962663,-0.865127,0.888419,-2.386196,1.172582,0.220893,-0.710242,2.239845,0.767179,2.133299,-0.556394,-1.174809,1.507891,1,0,1.0000,1.0000,1,1,0,0,0.0000,0.0000,,,,,9803,9314,3305,2895,6825,7347,2978,1818,0,149,0.47296,-0.05114,0
1786019429.3558,E_right_up_r1,E,right,1,up,,485,148.7000,345.0000,167.2000,17.0000,0.0000,0.0000,330.9000,360.0000,121.1000,0.0000,97.9000,0.0000,260.8000,0.0000,-0.89400,0.05900,0.34400,0.88000,1.01000,0.28000,0.30300,0.03500,0.97400,11.21000,2.32000,15.53000,11.8,3.4,1.0,0.0,1.140120,1.462537,1.880401,-0.440117,-0.556123,2.413331,-0.089600,0.486000,0.869300,0.003200,0.133500,0.542300,0.828800,0.034500,0.916993,0.127566,1.755808,-0.100836,0.013868,1.408864,2.542153,-0.962663,-0.865127,0.888419,-2.386196,1.172582,0.220893,-0.710242,2.239845,0.767179,2.133299,-0.556394,-1.174809,1.507891,1,0,1.0000,1.0000,0,1,1,0,0.0396,0.0000,,,,,129436,125765,3333,2945,126090,123760,3346,1858,0,147,0.47296,-0.05114,0
1786019429.3729,E_right_up_r1,E,right,1,up,,486,148.8000,345.0000,167.0000,174.5000,0.0000,0.0000,330.8000,360.0000,119.8000,0.0000,97.9000,0.0000,263.0000,0.0000,-0.89400,0.07400,0.32300,-0.76000,2.44000,1.63000,0.25200,0.07700,0.97800,14.30000,11.35000,3.58000,10.6,1.7,1.0,0.0,0.731795,0.712827,1.543629,-1.398048,-1.202410,2.896808,-0.089600,0.486000,0.869300,0.003200,0.133500,0.542300,0.828800,0.034500,0.916993,0.127566,1.755808,-0.100836,0.013868,1.408864,2.542153,-0.962663,-0.865127,0.888419,-2.386196,1.172582,0.220893,-0.710242,2.239845,0.767179,2.133299,-0.556394,-1.174809,1.507891,1,0,1.0000,1.0000,1,1,0,0,0.0000,0.0000,,,,,9803,9314,3305,2895,6825,7347,2978,1818,0,149,0.47296,-0.05114,0
1786019429.3947,E_right_up_r1,E,right,1,up,,487,148.8000,345.0000,167.2000,174.5000,0.0000,0.0000,330.7000,360.0000,119.8000,0.0000,97.9000,0.0000,263.0000,0.0000,-0.89200,0.07600,0.31700,-1.27000,1.98000,2.92000,0.25200,0.07700,0.97800,14.30000,11.35000,3.58000,10.5,1.6,1.0,0.0,0.973329,0.135216,1.922911,-0.399904,-1.422950,2.259174,-0.089600,0.486000,0.869300,0.003200,0.133500,0.542300,0.828800,0.034500,0.916993,0.127566,1.755808,-0.100836,0.013868,1.408864,2.542153,-0.962663,-0.865127,0.888419,-2.386196,1.172582,0.220893,-0.710242,2.239845,0.767179,2.133299,-0.556394,-1.174809,1.507891,1,0,1.0000,1.0000,1,1,0,0,0.0000,0.0000,,,,,9803,9314,3305,2895,6825,7347,2978,1818,0,149,0.47296,-0.05114,0
1786019429.4324,E_right_up_r1,E,right,1,up,,488,148.8000,345.0000,167.2000,174.5000,0.0000,0.0000,330.9000,360.0000,117.8000,0.0000,98.0000,0.0000,265.9000,0.0000,-0.87500,0.06000,0.30200,-0.14000,1.09000,3.97000,0.20900,0.06700,0.91300,-4.40000,11.36000,1.52000,10.5,3.4,1.0,0.0,0.972884,0.135281,1.922758,-0.397066,-1.397722,2.253119,-0.089600,0.486000,0.869300,0.003200,0.133500,0.542300,0.828800,0.034500,0.916993,0.127566,1.755808,-0.100836,0.013868,1.408864,2.542153,-0.962663,-0.865127,0.888419,-2.386196,1.172582,0.220893,-0.710242,2.239845,0.767179,2.133299,-0.556394,-1.174809,1.507891,1,1,1.0000,1.0000,1,1,0,0,0.0000,0.0000,,,,,129436,125765,3333,2945,126090,123760,3346,1858,0,147,0.47296,-0.05114,0
1786019429.4413,E_right_up_r1,E,right,1,up,,489,148.8000,345.0000,167.2000,174.5000,0.0000,0.0000,330.9000,360.0000,117.8000,0.0000,98.0000,0.0000,265.9000,0.0000,-0.87500,0.06000,0.30200,-0.14000,1.09000,3.97000,0.20900,0.06700,0.91300,-4.40000,11.36000,1.52000,10.5,3.4,1.0,0.0,0.972884,0.135281,1.922758,-0.397066,-1.397722,2.253119,-0.089600,0.486000,0.869300,0.003200,0.133500,0.542300,0.828800,0.034500,0.916993,0.127566,1.755808,-0.100836,0.013868,1.408864,2.542153,-0.962663,-0.865127,0.888419,-2.386196,1.172582,0.220893,-0.710242,2.239845,0.767179,2.133299,-0.556394,-1.174809,1.507891,1,1,1.0000,1.0000,1,1,0,0,0.0000,0.0000,,,,,9803,9314,3305,2895,6825,7347,2978,1818,0,149,0.47296,-0.05114,0
1786019429.4699,E_right_up_r1,E,right,1,up,,490,148.7000,345.0000,167.4000,174.5000,0.0000,0.0000,330.7000,360.0000,76.5000,0.0000,98.0000,0.0000,269.1000,0.0000,-0.89000,0.05500,0.30200,1.55000,-0.49000,7.05000,0.22300,0.05900,0.92900,2.46000,-3.19000,-2.37000,9.7,2.2,1.0,0.0,0.972684,0.135276,1.922690,-0.391944,-1.379103,2.249758,-0.089600,0.486000,0.869300,0.003200,0.133500,0.542300,0.828800,0.034500,0.916993,0.127566,1.755808,-0.100836,0.013868,1.408864,2.542153,-0.962663,-0.865127,0.888419,-2.386196,1.172582,0.220893,-0.710242,2.239845,0.767179,2.133299,-0.556394,-1.174809,1.507891,1,1,1.0000,1.0000,1,1,0,0,0.0000,0.0000,,,,,129436,125765,3333,2946,126090,123760,3346,1858,0,147,0.47296,-0.05114,0
1786019429.4708,E_right_up_r1,E,right,1,up,,491,148.7000,345.0000,167.4000,174.5000,0.0000,0.0000,330.7000,360.0000,76.5000,0.0000,98.0000,0.0000,269.1000,0.0000,-0.89000,0.05500,0.30200,1.55000,-0.49000,7.05000,0.22300,0.05900,0.92900,2.46000,-3.19000,-2.37000,9.7,2.2,1.0,0.0,0.972684,0.135276,1.922690,-0.391944,-1.379103,2.249758,-0.089600,0.486000,0.869300,0.003200,0.133500,0.542300,0.828800,0.034500,0.916993,0.127566,1.755808,-0.100836,0.013868,1.408864,2.542153,-0.962663,-0.865127,0.888419,-2.386196,1.172582,0.220893,-0.710242,2.239845,0.767179,2.133299,-0.556394,-1.174809,1.507891,1,1,1.0000,1.0000,1,1,0,0,0.0000,0.0000,,,,,129436,125765,3333,2946,126090,123760,3346,1858,0,147,0.47296,-0.05114,0
1786019429.4962,E_right_up_r1,E,right,1,up,,492,148.7000,345.0000,167.3000,174.5000,0.0000,0.0000,330.7000,360.0000,76.5000,0.0000,98.0000,0.0000,269.1000,0.0000,-0.88100,0.04900,0.31600,2.98000,-0.65000,7.82000,0.22300,0.05900,0.92900,2.46000,-3.19000,-2.37000,9.1,2.0,1.0,0.0,0.730913,0.712892,1.543299,-0.391944,-1.379103,2.249758,-0.089600,0.486000,0.869300,0.003200,0.133500,0.542300,0.828800,0.034500,0.916993,0.127566,1.755808,-0.100836,0.013868,1.408864,2.542153,-0.962663,-0.865127,0.888419,-2.386196,1.172582,0.220893,-0.710242,2.239845,0.767179,2.133299,-0.556394,-1.174809,1.507891,1,1,1.0000,1.0000,1,1,0,0,0.0000,0.0000,,,,,9803,9314,3306,2896,6825,7347,2978,1818,0,149,0.47296,-0.05114,0
1786019429.5090,E_right_up_r1,E,right,1,up,,493,148.7000,345.0000,167.3000,174.5000,0.0000,0.0000,330.7000,360.0000,76.5000,0.0000,98.0000,0.0000,269.1000,0.0000,-0.88100,0.04900,0.31600,2.98000,-0.65000,7.82000,0.22300,0.05900,0.92900,2.46000,-3.19000,-2.37000,9.1,2.0,1.0,0.0,0.730913,0.712892,1.543299,-1.398048,-1.202410,2.896808,-0.089600,0.486000,0.869300,0.003200,0.133500,0.542300,0.828800,0.034500,0.916993,0.127566,1.755808,-0.100836,0.013868,1.408864,2.542153,-0.962663,-0.865127,0.888419,-2.386196,1.172582,0.220893,-0.710242,2.239845,0.767179,2.133299,-0.556394,-1.174809,1.507891,1,1,1.0000,1.0000,1,1,0,0,0.0000,0.0000,,,,,129436,125765,3333,2946,126090,123760,3346,1858,0,147,0.47296,-0.05114,0
1786019429.5322,E_right_up_r1,E,right,1,up,,494,148.7000,345.0000,167.3000,174.5000,0.0000,0.0000,330.7000,360.0000,76.5000,0.0000,98.0000,0.0000,269.1000,0.0000,-0.88100,0.04900,0.31600,2.98000,-0.65000,7.82000,0.22300,0.05900,0.92900,2.46000,-3.19000,-2.37000,9.1,2.0,1.0,0.0,0.730913,0.712892,1.543299,-1.398048,-1.202410,2.896808,-0.089600,0.486000,0.869300,0.003200,0.133500,0.542300,0.828800,0.034500,0.916993,0.127566,1.755808,-0.100836,0.013868,1.408864,2.542153,-0.962663,-0.865127,0.888419,-2.386196,1.172582,0.220893,-0.710242,2.239845,0.767179,2.133299,-0.556394,-1.174809,1.507891,1,1,1.0000,1.0000,1,1,0,0,0.0000,0.0000,,,,,129436,125765,3333,2946,126090,123760,3346,1858,0,147,0.47296,-0.05114,0
1786019429.5511,E_right_up_r1,E,right,1,up,,495,148.7000,345.0000,167.2000,174.5000,0.0000,0.0000,330.7000,360.0000,43.6000,0.0000,97.7000,0.0000,273.2000,0.0000,-0.88100,0.04600,0.32600,5.66000,2.34000,9.27000,0.30700,0.11600,0.90800,-9.73000,9.76000,4.04000,8.6,1.6,1.0,0.0,0.970485,0.135438,1.921981,-0.392112,-1.367218,2.249530,-0.089600,0.486000,0.869300,0.003200,0.133500,0.542300,0.828800,0.034500,0.916993,0.127566,1.755808,-0.100836,0.013868,1.408864,2.542153,-0.962663,-0.865127,0.888419,-2.386196,1.172582,0.220893,-0.710242,2.239845,0.767179,2.133299,-0.556394,-1.174809,1.507891,1,0,1.0000,1.0000,1,1,0,0,0.0000,0.0000,,,,,9803,9314,3306,2896,6825,7347,2978,1818,0,149,0.47296,-0.05114,0
1786019429.5785,E_right_up_r1,E,right,1,up,,496,148.7000,345.0000,167.2000,174.5000,0.0000,0.0000,330.7000,360.0000,22.5000,0.0000,97.7000,0.0000,273.8000,0.0000,-0.88100,0.04600,0.32600,5.66000,2.34000,9.27000,0.27500,0.11500,0.91900,-7.73000,12.83000,5.63000,8.6,1.6,1.0,0.0,0.970485,0.135438,1.921981,-0.392112,-1.367218,2.249530,-0.089600,0.486000,0.869300,0.003200,0.133500,0.542300,0.828800,0.034500,0.916993,0.127566,1.755808,-0.100836,0.013868,1.408864,2.542153,-0.962663,-0.865127,0.888419,-2.386196,1.172582,0.220893,-0.710242,2.239845,0.767179,2.133299,-0.556394,-1.174809,1.507891,1,1,1.0000,1.0000,1,1,0,0,0.0000,0.0000,,,,,9803,9314,3306,2896,6825,7347,2978,1818,0,149,0.47296,-0.05114,0
1786019429.5994,E_right_up_r1,E,right,1,up,,497,148.7000,345.0000,167.2000,174.5000,0.0000,0.0000,330.7000,360.0000,6.8000,0.0000,97.6000,0.0000,275.0000,0.0000,-0.90400,0.06500,0.33300,5.29000,3.24000,5.94000,0.19500,0.09700,0.89100,-5.39000,10.38000,3.29000,9.1,2.2,1.0,0.0,1.139804,1.462513,1.880284,-0.440117,-0.556123,2.413331,-0.089600,0.486000,0.869300,0.003200,0.133500,0.542300,0.828800,0.034500,0.916993,0.127566,1.755808,-0.100836,0.013868,1.408864,2.542153,-0.962663,-0.865127,0.888419,-2.386196,1.172582,0.220893,-0.710242,2.239845,0.767179,2.133299,-0.556394,-1.174809,1.507891,1,0,1.0000,1.0000,1,1,0,0,0.0000,0.0000,,,,,129436,125765,3334,2946,126090,123760,3346,1858,0,147,0.47296,-0.05114,0
1786019429.6115,E_right_up_r1,E,right,1,up,,498,148.7000,345.0000,167.2000,174.5000,0.0000,0.0000,330.7000,360.0000,6.8000,0.0000,97.6000,0.0000,275.0000,0.0000,-0.90400,0.06500,0.33300,5.29000,3.24000,5.94000,0.19500,0.09700,0.89100,-5.39000,10.38000,3.29000,9.1,2.2,1.0,0.0,1.139804,1.462513,1.880284,-0.440117,-0.556123,2.413331,-0.089600,0.486000,0.869300,0.003200,0.133500,0.542300,0.828800,0.034500,0.916993,0.127566,1.755808,-0.100836,0.013868,1.408864,2.542153,-0.962663,-0.865127,0.888419,-2.386196,1.172582,0.220893,-0.710242,2.239845,0.767179,2.133299,-0.556394,-1.174809,1.507891,1,0,1.0000,1.0000,1,1,0,0,0.0000,0.0000,,,,,129436,125765,3334,2946,126090,123760,3346,1858,0,147,0.47296,-0.05114,0
1786019429.6327,E_right_up_r1,E,right,1,up,,499,14.7000,345.0000,167.2000,174.1000,0.0000,0.0000,330.7000,360.0000,0.0000,0.0000,97.6000,0.0000,276.1000,0.0000,-0.91100,0.05100,0.34000,-8.10000,5.01000,3.31000,0.18600,0.12700,0.87200,-4.90000,4.73000,-0.15000,9.0,2.1,1.0,0.0,0.968890,0.135555,1.921467,-0.392464,-1.358970,2.243504,-0.089600,0.486000,0.869300,0.003200,0.133500,0.542300,0.828800,0.034500,0.916993,0.127566,1.755808,-0.100836,0.013868,1.408864,2.542153,-0.962663,-0.865127,0.888419,-2.386196,1.172582,0.220893,-0.710242,2.239845,0.767179,2.133299,-0.556394,-1.174809,1.507891,1,1,1.0000,1.0000,0,0,1,1,0.0812,0.0797,,,,,9803,9314,3306,2896,6825,7347,2978,1818,0,149,0.47296,-0.05114,0
1786019429.6495,E_right_up_r1,E,right,1,up,,500,14.7000,345.0000,167.2000,174.1000,0.0000,0.0000,330.7000,360.0000,0.0000,0.0000,97.6000,0.0000,276.1000,0.0000,-0.91100,0.05100,0.34000,-8.10000,5.01000,3.31000,0.18600,0.12700,0.87200,-4.90000,4.73000,-0.15000,9.0,2.1,1.0,0.0,0.968890,0.135555,1.921467,-0.392464,-1.358970,2.243504,-0.089600,0.486000,0.869300,0.003200,0.133500,0.542300,0.828800,0.034500,0.916993,0.127566,1.755808,-0.100836,0.013868,1.408864,2.542153,-0.962663,-0.865127,0.888419,-2.386196,1.172582,0.220893,-0.710242,2.239845,0.767179,2.133299,-0.556394,-1.174809,1.507891,1,1,1.0000,1.0000,0,0,1,1,0.0812,0.0797,,,,,9803,9314,3306,2896,6825,7347,2978,1818,0,149,0.47296,-0.05114,0
1786019429.6699,E_right_up_r1,E,right,1,up,,501,148.7000,345.0000,167.2000,173.7000,0.0000,0.0000,330.7000,360.0000,0.0000,0.0000,97.6000,0.0000,276.8000,0.0000,-0.88500,0.07100,0.33300,-2.35000,-0.83000,-0.59000,0.22400,0.08600,0.88400,-9.69000,-1.59000,5.11000,11.1,1.4,1.0,0.0,0.729189,0.712999,1.542939,-1.398048,-1.202410,2.896808,-0.089600,0.486000,0.869300,0.003200,0.133500,0.542300,0.828800,0.034500,0.916993,0.127566,1.755808,-0.100836,0.013868,1.408864,2.542153,-0.962663,-0.865127,0.888419,-2.386196,1.172582,0.220893,-0.710242,2.239845,0.767179,2.133299,-0.556394,-1.174809,1.507891,1,0,1.0000,1.0000,1,0,0,1,0.0000,0.1342,,,,,9803,125765,3306,2947,6825,123760,2978,1858,0,147,0.47296,-0.05114,0
1786019429.6928,E_right_up_r1,E,right,1,up,,502,148.7000,345.0000,167.2000,173.7000,0.0000,0.0000,330.7000,360.0000,0.0000,0.0000,97.6000,0.0000,276.8000,0.0000,-0.88500,0.07100,0.33300,-2.35000,-0.83000,-0.59000,0.22400,0.08600,0.88400,-9.69000,-1.59000,5.11000,11.1,1.4,1.0,0.0,0.729189,0.712999,1.542939,-1.398048,-1.202410,2.896808,-0.089600,0.486000,0.869300,0.003200,0.133500,0.542300,0.828800,0.034500,0.916993,0.127566,1.755808,-0.100836,0.013868,1.408864,2.542153,-0.962663,-0.865127,0.888419,-2.386196,1.172582,0.220893,-0.710242,2.239845,0.767179,2.133299,-0.556394,-1.174809,1.507891,1,0,1.0000,1.0000,1,0,0,1,0.0000,0.1342,,,,,129436,9314,3334,2896,126090,7347,3346,1818,0,149,0.47296,-0.05114,0
1786019429.7218,E_right_up_r1,E,right,1,up,,503,148.7000,345.0000,167.4000,173.6000,0.0000,0.0000,330.7000,360.0000,0.0000,0.0000,97.5000,0.0000,277.3000,0.0000,-0.87700,0.07800,0.31200,-1.65000,-2.79000,3.12000,0.24200,0.07600,0.91700,-4.22000,0.29000,2.13000,9.3,2.3,1.0,0.0,0.969811,0.135474,1.922007,-0.392484,-1.353127,2.244107,-0.089600,0.486000,0.869300,0.003200,0.133500,0.542300,0.828800,0.034500,0.916993,0.127566,1.755808,-0.100836,0.013868,1.408864,2.542153,-0.962663,-0.865127,0.888419,-2.386196,1.172582,0.220893,-0.710242,2.239845,0.767179,2.133299,-0.556394,-1.174809,1.507891,1,1,1.0000,1.0000,1,0,0,1,0.0000,0.1653,,,,,9803,125765,3306,2947,6825,123760,2978,1858,0,147,0.47296,-0.05114,0
1786019429.7318,E_right_up_r1,E,right,1,up,,504,148.7000,345.0000,167.4000,173.6000,0.0000,0.0000,330.7000,360.0000,0.0000,0.0000,97.5000,0.0000,277.3000,0.0000,-0.87700,0.07800,0.31200,-1.65000,-2.79000,3.12000,0.24200,0.07600,0.91700,-4.22000,0.29000,2.13000,9.3,2.3,1.0,0.0,0.969811,0.135474,1.922007,-0.392484,-1.353127,2.244107,-0.089600,0.486000,0.869300,0.003200,0.133500,0.542300,0.828800,0.034500,0.916993,0.127566,1.755808,-0.100836,0.013868,1.408864,2.542153,-0.962663,-0.865127,0.888419,-2.386196,1.172582,0.220893,-0.710242,2.239845,0.767179,2.133299,-0.556394,-1.174809,1.507891,1,1,1.0000,1.0000,1,0,0,1,0.0000,0.1653,,,,,129436,9314,3334,2897,126090,7347,3346,1818,0,149,0.47296,-0.05114,0
1786019429.7499,E_right_up_r1,E,right,1,up,,505,148.7000,345.0000,167.2000,173.6000,0.0000,0.0000,330.6000,360.0000,0.0000,0.0000,97.5000,0.0000,277.3000,0.0000,-0.88000,0.07400,0.29900,0.05000,-2.37000,4.79000,0.24200,0.07600,0.91700,-4.22000,0.29000,2.13000,9.3,2.3,1.0,0.0,1.142029,1.462319,1.881257,-0.392484,-1.353127,2.244107,-0.089600,0.486000,0.869300,0.003200,0.133500,0.542300,0.828800,0.034500,0.916993,0.127566,1.755808,-0.100836,0.013868,1.408864,2.542153,-0.962663,-0.865127,0.888419,-2.386196,1.172582,0.220893,-0.710242,2.239845,0.767179,2.133299,-0.556394,-1.174809,1.507891,1,1,1.0000,1.0000,1,0,0,1,0.0000,0.1653,,,,,129436,9314,3335,2897,126090,7347,3346,1818,0,149,0.47296,-0.05114,0
1786019429.7696,E_right_up_r1,E,right,1,up,,506,148.7000,345.0000,167.2000,173.6000,0.0000,0.0000,330.6000,360.0000,0.0000,0.0000,97.5000,0.0000,277.3000,0.0000,-0.88000,0.07400,0.29900,0.05000,-2.37000,4.79000,0.24200,0.07600,0.91700,-4.22000,0.29000,2.13000,9.3,2.3,1.0,0.0,1.142029,1.462319,1.881257,-0.392484,-1.353127,2.244107,-0.089600,0.486000,0.869300,0.003200,0.133500,0.542300,0.828800,0.034500,0.916993,0.127566,1.755808,-0.100836,0.013868,1.408864,2.542153,-0.962663,-0.865127,0.888419,-2.386196,1.172582,0.220893,-0.710242,2.239845,0.767179,2.133299,-0.556394,-1.174809,1.507891,1,1,1.0000,1.0000,1,0,0,1,0.0000,0.1653,,,,,9803,9314,3307,2897,6825,7347,2978,1818,0,149,0.47296,-0.05114,0
1786019429.7934,E_right_up_r1,E,right,1,up,,507,148.7000,345.0000,167.2000,173.6000,0.0000,0.0000,330.0000,360.0000,0.0000,0.0000,97.5000,0.0000,277.5000,0.0000,-0.91600,0.07700,0.28900,6.24000,-0.01000,2.73000,0.23800,0.06800,0.92800,0.54000,2.98000,-1.93000,9.7,2.0,1.0,0.0,1.144954,1.462074,1.882430,-0.440117,-0.556123,2.413331,-0.089600,0.486000,0.869300,0.003200,0.133500,0.542300,0.828800,0.034500,0.916993,0.127566,1.755808,-0.100836,0.013868,1.408864,2.542153,-0.962663,-0.865127,0.888419,-2.386196,1.172582,0.220893,-0.710242,2.239845,0.767179,2.133299,-0.556394,-1.174809,1.507891,1,0,1.0000,1.0000,1,0,0,1,0.0000,0.1897,,,,,129436,9314,3335,2897,126090,7347,3346,1818,0,149,0.47296,-0.05114,0
1786019429.8087,E_right_up_r1,E,right,1,up,,508,148.7000,345.0000,167.2000,173.6000,0.0000,0.0000,330.5000,360.0000,0.0000,0.0000,97.4000,0.0000,277.5000,0.0000,-0.90100,0.07500,0.28900,4.15000,3.17000,2.12000,0.21000,0.10300,0.92000,-2.87000,3.80000,-5.08000,9.5,3.0,1.0,0.0,1.146675,1.461929,1.883131,-0.440117,-0.556123,2.413331,-0.089600,0.486000,0.869300,0.003200,0.133500,0.542300,0.828800,0.034500,0.916993,0.127566,1.755808,-0.100836,0.013868,1.408864,2.542153,-0.962663,-0.865127,0.888419,-2.386196,1.172582,0.220893,-0.710242,2.239845,0.767179,2.133299,-0.556394,-1.174809,1.507891,1,0,1.0000,1.0000,1,0,0,1,0.0000,0.2212,,,,,9803,125765,3307,2947,6825,123760,2978,1858,0,147,0.47296,-0.05114,0
1786019429.8353,E_right_up_r1,E,right,1,up,,509,148.7000,345.0000,167.2000,173.6000,0.0000,0.0000,330.4000,360.0000,0.0000,0.0000,97.4000,0.0000,277.5000,0.0000,-0.89800,0.05900,0.30500,6.13000,7.68000,-0.52000,0.18400,0.07100,0.92700,-5.02000,3.73000,-2.04000,9.6,1.6,1.0,0.0,0.970564,0.135408,1.922421,-0.392660,-1.349087,2.240596,-0.089600,0.486000,0.869300,0.003200,0.133500,0.542300,0.828800,0.034500,0.916993,0.127566,1.755808,-0.100836,0.013868,1.408864,2.542153,-0.962663,-0.865127,0.888419,-2.386196,1.172582,0.220893,-0.710242,2.239845,0.767179,2.133299,-0.556394,-1.174809,1.507891,1,1,1.0000,1.0000,1,0,0,1,0.0000,0.2756,,,,,129436,125765,3335,2947,126090,123760,3346,1858,0,147,0.47296,-0.05114,0
1786019429.8614,E_right_up_r1,E,right,1,up,,510,148.7000,345.0000,167.2000,173.6000,0.0000,0.0000,330.4000,360.0000,0.0000,0.0000,97.4000,0.0000,277.5000,0.0000,-0.89200,0.05700,0.32000,3.93000,9.03000,-2.02000,0.16400,0.04500,0.90200,-3.85000,4.67000,-2.56000,9.2,2.5,1.0,0.0,1.145096,1.462051,1.882667,-0.440117,-0.556123,2.413331,-0.089600,0.486000,0.869300,0.003200,0.133500,0.542300,0.828800,0.034500,0.916993,0.127566,1.755808,-0.100836,0.013868,1.408864,2.542153,-0.962663,-0.865127,0.888419,-2.386196,1.172582,0.220893,-0.710242,2.239845,0.767179,2.133299,-0.556394,-1.174809,1.507891,1,0,1.0000,1.0000,1,0,0,1,0.0000,0.2772,,,,,129436,125765,3335,2947,126090,123760,3346,1858,0,147,0.47296,-0.05114,0
1786019429.8919,E_right_up_r1,E,right,1,up,,511,148.7000,345.0000,167.2000,173.6000,0.0000,0.0000,330.4000,360.0000,0.0000,0.0000,97.4000,0.0000,277.5000,0.0000,-0.89200,0.05700,0.32000,3.93000,9.03000,-2.02000,0.16400,0.04500,0.90200,-3.85000,4.67000,-2.56000,10.2,1.9,1.0,0.0,1.145096,1.462051,1.882667,-0.440117,-0.556123,2.413331,-0.089600,0.486000,0.869300,0.003200,0.133500,0.542300,0.828800,0.034500,0.916993,0.127566,1.755808,-0.100836,0.013868,1.408864,2.542153,-0.962663,-0.865127,0.888419,-2.386196,1.172582,0.220893,-0.710242,2.239845,0.767179,2.133299,-0.556394,-1.174809,1.507891,1,0,1.0000,1.0000,1,0,0,1,0.0000,0.2772,,,,,9803,9314,3307,2897,6825,7347,2978,1818,0,149,0.47296,-0.05114,0
1786019429.8941,E_right_up_r1,E,right,1,up,,512,148.7000,345.0000,167.2000,173.6000,0.0000,0.0000,330.4000,360.0000,0.0000,0.0000,97.4000,0.0000,277.5000,0.0000,-0.89200,0.05700,0.32000,3.93000,9.03000,-2.02000,0.16400,0.04500,0.90200,-3.85000,4.67000,-2.56000,10.1,2.4,1.0,0.0,1.145096,1.462051,1.882667,-0.440117,-0.556123,2.413331,-0.089600,0.486000,0.869300,0.003200,0.133500,0.542300,0.828800,0.034500,0.916993,0.127566,1.755808,-0.100836,0.013868,1.408864,2.542153,-0.962663,-0.865127,0.888419,-2.386196,1.172582,0.220893,-0.710242,2.239845,0.767179,2.133299,-0.556394,-1.174809,1.507891,1,0,1.0000,1.0000,1,0,0,1,0.0000,0.2772,,,,,129436,125765,3335,2948,126090,123760,3346,1858,0,147,0.47296,-0.05114,0
1786019429.9091,E_right_up_r1,E,right,1,up,,513,148.7000,345.0000,167.2000,173.6000,0.0000,0.0000,330.4000,360.0000,0.0000,0.0000,97.4000,0.0000,277.5000,0.0000,-0.89200,0.05700,0.32000,3.93000,9.03000,-2.02000,0.16400,0.04500,0.90200,-3.85000,4.67000,-2.56000,10.1,2.4,1.0,0.0,1.145096,1.462051,1.882667,-0.440117,-0.556123,2.413331,-0.089600,0.486000,0.869300,0.003200,0.133500,0.542300,0.828800,0.034500,0.916993,0.127566,1.755808,-0.100836,0.013868,1.408864,2.542153,-0.962663,-0.865127,0.888419,-2.386196,1.172582,0.220893,-0.710242,2.239845,0.767179,2.133299,-0.556394,-1.174809,1.507891,1,0,1.0000,1.0000,1,0,0,1,0.0000,0.2772,,,,,129436,125765,3335,2948,126090,123760,3346,1858,0,147,0.47296,-0.05114,0
1786019429.9367,E_right_up_r1,E,right,1,up,,514,148.7000,345.0000,167.2000,173.6000,0.0000,0.0000,330.4000,360.0000,0.0000,0.0000,97.4000,0.0000,277.5000,0.0000,-0.89200,0.05700,0.32000,3.93000,9.03000,-2.02000,0.16400,0.04500,0.90200,-3.85000,4.67000,-2.56000,10.1,2.4,1.0,0.0,1.145096,1.462051,1.882667,-0.440117,-0.556123,2.413331,-0.089600,0.486000,0.869300,0.003200,0.133500,0.542300,0.828800,0.034500,0.916993,0.127566,1.755808,-0.100836,0.013868,1.408864,2.542153,-0.962663,-0.865127,0.888419,-2.386196,1.172582,0.220893,-0.710242,2.239845,0.767179,2.133299,-0.556394,-1.174809,1.507891,1,0,1.0000,1.0000,1,0,0,1,0.0000,0.2772,,,,,129436,125765,3335,2948,126090,123760,3346,1858,0,147,0.47296,-0.05114,0
1786019429.9514,E_right_up_r1,E,right,1,up,,515,148.8000,345.0000,167.2000,173.3000,0.0000,0.0000,330.1000,360.0000,0.0000,0.0000,97.4000,0.0000,277.5000,0.0000,-0.89900,0.05800,0.31100,4.33000,-3.98000,-0.55000,0.16400,0.04500,0.90200,-3.85000,4.67000,-2.56000,9.8,2.1,1.0,0.0,1.144713,1.462120,1.882661,-0.440117,-0.556123,2.413331,-0.089600,0.486000,0.869300,0.003200,0.133500,0.542300,0.828800,0.034500,0.916993,0.127566,1.755808,-0.100836,0.013868,1.408864,2.542153,-0.962663,-0.865127,0.888419,-2.386196,1.172582,0.220893,-0.710242,2.239845,0.767179,2.133299,-0.556394,-1.174809,1.507891,1,0,1.0000,1.0000,1,0,0,1,0.0000,0.2772,,,,,9803,9314,3307,2898,6825,7347,2978,1818,0,149,0.47296,-0.05114,0
1786019429.9726,E_right_up_r1,E,right,1,up,,516,148.8000,345.0000,167.2000,173.3000,0.0000,0.0000,330.1000,360.0000,0.0000,0.0000,97.4000,0.0000,277.5000,0.0000,-0.89900,0.05800,0.31100,4.33000,-3.98000,-0.55000,0.16400,0.04500,0.90200,-3.85000,4.67000,-2.56000,9.8,2.1,1.0,0.0,1.144713,1.462120,1.882661,-0.440117,-0.556123,2.413331,-0.089600,0.486000,0.869300,0.003200,0.133500,0.542300,0.828800,0.034500,0.916993,0.127566,1.755808,-0.100836,0.013868,1.408864,2.542153,-0.962663,-0.865127,0.888419,-2.386196,1.172582,0.220893,-0.710242,2.239845,0.767179,2.133299,-0.556394,-1.174809,1.507891,1,0,1.0000,1.0000,1,0,0,1,0.0000,0.2772,,,,,129436,125765,3335,2948,126090,123760,3346,1858,0,147,0.47296,-0.05114,0
1786019430.0028,E_right_up_r1,E,right,1,up,,517,148.8000,345.0000,167.2000,173.3000,0.0000,0.0000,330.1000,360.0000,0.0000,0.0000,97.4000,0.0000,277.6000,0.0000,-0.89900,0.05800,0.31100,4.33000,-3.98000,-0.55000,0.17900,0.07000,0.92300,1.57000,4.53000,-3.93000,9.8,2.1,1.0,0.0,1.144713,1.462120,1.882661,-0.440117,-0.556123,2.413331,-0.089600,0.486000,0.869300,0.003200,0.133500,0.542300,0.828800,0.034500,0.916993,0.127566,1.755808,-0.100836,0.013868,1.408864,2.542153,-0.962663,-0.865127,0.888419,-2.386196,1.172582,0.220893,-0.710242,2.239845,0.767179,2.133299,-0.556394,-1.174809,1.507891,1,0,1.0000,1.0000,1,0,0,1,0.0000,0.3773,,,,,129436,125765,3336,2948,126090,123760,3346,1858,0,147,0.47296,-0.05114,0
1786019430.0105,E_right_up_r1,E,right,1,up,,518,148.8000,345.0000,167.2000,173.3000,0.0000,0.0000,330.1000,360.0000,0.0000,0.0000,97.4000,0.0000,277.6000,0.0000,-0.89900,0.05800,0.31100,4.33000,-3.98000,-0.55000,0.17900,0.07000,0.92300,1.57000,4.53000,-3.93000,9.8,2.3,1.0,0.0,1.144713,1.462120,1.882661,-0.440117,-0.556123,2.413331,-0.089600,0.486000,0.869300,0.003200,0.133500,0.542300,0.828800,0.034500,0.916993,0.127566,1.755808,-0.100836,0.013868,1.408864,2.542153,-0.962663,-0.865127,0.888419,-2.386196,1.172582,0.220893,-0.710242,2.239845,0.767179,2.133299,-0.556394,-1.174809,1.507891,1,0,1.0000,1.0000,1,0,0,1,0.0000,0.3773,,,,,129436,125765,3336,2948,126090,123760,3346,1858,0,147,0.47296,-0.05114,0
1786019430.0329,E_right_up_r1,E,right,1,up,,519,148.8000,345.0000,167.2000,173.4000,0.0000,0.0000,329.8000,360.0000,29.5000,0.0000,97.2000,0.0000,277.6000,0.0000,-0.87900,0.08000,0.29500,0.87000,5.54000,2.08000,0.18100,0.04100,0.92200,-0.53000,-1.50000,-1.88000,9.2,2.4,1.0,0.0,0.972150,0.135321,1.923132,-0.391946,-1.346003,2.238815,-0.089600,0.486000,0.869300,0.003200,0.133500,0.542300,0.828800,0.034500,0.916993,0.127566,1.755808,-0.100836,0.013868,1.408864,2.542153,-0.962663,-0.865127,0.888419,-2.386196,1.172582,0.220893,-0.710242,2.239845,0.767179,2.133299,-0.556394,-1.174809,1.507891,1,1,1.0000,1.0000,1,1,0,0,0.0000,0.0000,,,,,9803,9314,3308,2898,6825,7347,2978,1818,0,149,0.47296,-0.05114,0
1786019430.0672,E_right_up_r1,E,right,1,up,,520,148.8000,345.0000,167.2000,173.4000,0.0000,0.0000,329.8000,360.0000,29.5000,0.0000,97.2000,0.0000,277.6000,0.0000,-0.87900,0.08000,0.29500,0.87000,5.54000,2.08000,0.18100,0.04100,0.92200,-0.53000,-1.50000,-1.88000,9.2,2.4,1.0,0.0,0.972150,0.135321,1.923132,-0.391946,-1.346003,2.238815,-0.089600,0.486000,0.869300,0.003200,0.133500,0.542300,0.828800,0.034500,0.916993,0.127566,1.755808,-0.100836,0.013868,1.408864,2.542153,-0.962663,-0.865127,0.888419,-2.386196,1.172582,0.220893,-0.710242,2.239845,0.767179,2.133299,-0.556394,-1.174809,1.507891,1,1,1.0000,1.0000,1,1,0,0,0.0000,0.0000,,,,,129436,125765,3336,2948,126090,123760,3346,1858,0,147,0.47296,-0.05114,0
1786019430.0685,E_right_up_r1,E,right,1,up,,521,148.8000,345.0000,167.2000,173.4000,0.0000,0.0000,329.8000,360.0000,29.5000,0.0000,97.2000,0.0000,277.6000,0.0000,-0.87900,0.08000,0.29500,0.87000,5.54000,2.08000,0.18100,0.04100,0.92200,-0.53000,-1.50000,-1.88000,9.2,2.4,1.0,0.0,0.972150,0.135321,1.923132,-0.391946,-1.346003,2.238815,-0.089600,0.486000,0.869300,0.003200,0.133500,0.542300,0.828800,0.034500,0.916993,0.127566,1.755808,-0.100836,0.013868,1.408864,2.542153,-0.962663,-0.865127,0.888419,-2.386196,1.172582,0.220893,-0.710242,2.239845,0.767179,2.133299,-0.556394,-1.174809,1.507891,1,1,1.0000,1.0000,1,1,0,0,0.0000,0.0000,,,,,129436,125765,3336,2948,126090,123760,3346,1858,0,147,0.47296,-0.05114,0
1786019430.0946,E_right_up_r1,E,right,1,up,,522,148.8000,345.0000,167.2000,173.4000,0.0000,0.0000,329.8000,360.0000,29.5000,0.0000,97.2000,0.0000,277.6000,0.0000,-0.87900,0.08000,0.29500,0.87000,5.54000,2.08000,0.18100,0.04100,0.92200,-0.53000,-1.50000,-1.88000,9.2,2.4,1.0,0.0,0.972150,0.135321,1.923132,-0.391946,-1.346003,2.238815,-0.089600,0.486000,0.869300,0.003200,0.133500,0.542300,0.828800,0.034500,0.916993,0.127566,1.755808,-0.100836,0.013868,1.408864,2.542153,-0.962663,-0.865127,0.888419,-2.386196,1.172582,0.220893,-0.710242,2.239845,0.767179,2.133299,-0.556394,-1.174809,1.507891,1,1,1.0000,1.0000,1,1,0,0,0.0000,0.0000,,,,,129436,125765,3336,2948,126090,123760,3346,1858,0,147,0.47296,-0.05114,0
1786019430.1182,E_right_up_r1,E,right,1,up,,523,148.8000,345.0000,167.2000,173.4000,0.0000,0.0000,329.8000,360.0000,54.9000,0.0000,97.2000,0.0000,277.6000,0.0000,-0.88600,0.05200,0.31900,4.63000,2.69000,2.10000,0.15700,0.08700,0.92600,0.37000,4.34000,-2.65000,8.9,2.3,1.0,0.0,1.143466,1.462245,1.882310,-0.440117,-0.556123,2.413331,-0.089600,0.486000,0.869300,0.003200,0.133500,0.542300,0.828800,0.034500,0.916993,0.127566,1.755808,-0.100836,0.013868,1.408864,2.542153,-0.962663,-0.865127,0.888419,-2.386196,1.172582,0.220893,-0.710242,2.239845,0.767179,2.133299,-0.556394,-1.174809,1.507891,1,0,1.0000,1.0000,1,1,0,0,0.0000,0.0000,,,,,129436,125765,3336,2949,126090,123760,3346,1858,0,147,0.47296,-0.05114,0
1786019430.1312,E_right_up_r1,E,right,1,up,,524,148.8000,345.0000,167.2000,173.4000,0.0000,0.0000,329.8000,360.0000,54.9000,0.0000,97.2000,0.0000,277.6000,0.0000,-0.88600,0.05200,0.31900,4.63000,2.69000,2.10000,0.15700,0.08700,0.92600,0.37000,4.34000,-2.65000,8.9,2.3,1.0,0.0,1.143466,1.462245,1.882310,-0.440117,-0.556123,2.413331,-0.089600,0.486000,0.869300,0.003200,0.133500,0.542300,0.828800,0.034500,0.916993,0.127566,1.755808,-0.100836,0.013868,1.408864,2.542153,-0.962663,-0.865127,0.888419,-2.386196,1.172582,0.220893,-0.710242,2.239845,0.767179,2.133299,-0.556394,-1.174809,1.507891,1,0,1.0000,1.0000,1,1,0,0,0.0000,0.0000,,,,,129436,125765,3336,2949,126090,123760,3346,1858,0,147,0.47296,-0.05114,0
1786019430.1616,E_right_up_r1,E,right,1,up,,525,148.8000,344.9000,167.2000,173.3000,0.0000,0.0000,329.7000,360.0000,61.5000,0.0000,97.2000,0.0000,277.6000,0.0000,-0.88100,0.06300,0.30700,1.76000,3.47000,4.16000,0.17700,0.06400,0.90400,2.15000,2.76000,-3.18000,8.5,2.6,1.0,0.0,0.971870,0.135370,1.923176,-0.388861,-1.343053,2.236623,-0.089600,0.486000,0.869300,0.003200,0.133500,0.542300,0.828800,0.034500,0.916993,0.127566,1.755808,-0.100836,0.013868,1.408864,2.542153,-0.962663,-0.865127,0.888419,-2.386196,1.172582,0.220893,-0.710242,2.239845,0.767179,2.133299,-0.556394,-1.174809,1.507891,1,1,1.0000,1.0000,1,1,0,0,0.0000,0.0000,,,,,129436,125765,3336,2949,126090,123760,3346,1858,0,147,0.47296,-0.05114,0
1786019430.1687,E_right_up_r1,E,right,1,up,,526,148.8000,344.9000,167.2000,173.3000,0.0000,0.0000,329.7000,360.0000,61.5000,0.0000,97.2000,0.0000,277.6000,0.0000,-0.88100,0.06300,0.30700,1.76000,3.47000,4.16000,0.17700,0.06400,0.90400,2.15000,2.76000,-3.18000,8.5,2.6,1.0,0.0,0.971870,0.135370,1.923176,-0.388861,-1.343053,2.236623,-0.089600,0.486000,0.869300,0.003200,0.133500,0.542300,0.828800,0.034500,0.916993,0.127566,1.755808,-0.100836,0.013868,1.408864,2.542153,-0.962663,-0.865127,0.888419,-2.386196,1.172582,0.220893,-0.710242,2.239845,0.767179,2.133299,-0.556394,-1.174809,1.507891,1,1,1.0000,1.0000,1,1,0,0,0.0000,0.0000,,,,,9803,9314,3308,2898,6825,7347,2978,1818,0,149,0.47296,-0.05114,0
1786019430.1891,E_right_up_r1,E,right,1,up,,527,148.8000,344.9000,167.2000,173.3000,0.0000,0.0000,329.7000,360.0000,61.5000,0.0000,97.2000,0.0000,277.6000,0.0000,-0.88100,0.06300,0.30700,1.76000,3.47000,4.16000,0.17700,0.06400,0.90400,2.15000,2.76000,-3.18000,8.5,2.6,1.0,0.0,0.971870,0.135370,1.923176,-0.388861,-1.343053,2.236623,-0.089600,0.486000,0.869300,0.003200,0.133500,0.542300,0.828800,0.034500,0.916993,0.127566,1.755808,-0.100836,0.013868,1.408864,2.542153,-0.962663,-0.865127,0.888419,-2.386196,1.172582,0.220893,-0.710242,2.239845,0.767179,2.133299,-0.556394,-1.174809,1.507891,1,1,1.0000,1.0000,1,1,0,0,0.0000,0.0000,,,,,9803,9314,3308,2898,6825,7347,2978,1818,0,149,0.47296,-0.05114,0
1786019430.2128,E_right_up_r1,E,right,1,up,,528,148.8000,344.9000,167.2000,173.3000,0.0000,0.0000,329.7000,360.0000,61.5000,0.0000,97.2000,0.0000,277.6000,0.0000,-0.88100,0.06300,0.30700,1.76000,3.47000,4.16000,0.17700,0.06400,0.90400,2.15000,2.76000,-3.18000,8.5,2.6,1.0,0.0,0.971870,0.135370,1.923176,-0.388861,-1.343053,2.236623,-0.089600,0.486000,0.869300,0.003200,0.133500,0.542300,0.828800,0.034500,0.916993,0.127566,1.755808,-0.100836,0.013868,1.408864,2.542153,-0.962663,-0.865127,0.888419,-2.386196,1.172582,0.220893,-0.710242,2.239845,0.767179,2.133299,-0.556394,-1.174809,1.507891,1,1,1.0000,1.0000,1,1,0,0,0.0000,0.0000,,,,,129436,9314,3336,2898,126090,7347,3346,1818,0,149,0.47296,-0.05114,0
1786019430.2383,E_right_up_r1,E,right,1,up,,529,148.8000,344.9000,167.2000,173.5000,0.0000,0.0000,329.7000,360.0000,59.6000,0.0000,97.2000,0.0000,27.0000,0.0000,-0.88000,0.06600,0.30300,2.63000,0.11000,1.70000,0.16600,0.08000,0.90600,1.07000,3.44000,-4.46000,9.9,1.6,1.0,0.0,0.730338,0.712939,1.543513,-1.398048,-1.202410,2.896808,-0.089600,0.486000,0.869300,0.003200,0.133500,0.542300,0.828800,0.034500,0.916993,0.127566,1.755808,-0.100836,0.013868,1.408864,2.542153,-0.962663,-0.865127,0.888419,-2.386196,1.172582,0.220893,-0.710242,2.239845,0.767179,2.133299,-0.556394,-1.174809,1.507891,1,0,1.0000,1.0000,1,1,0,0,0.0000,0.0000,,,,,129436,125765,3336,2949,126090,123760,3346,1858,0,147,0.47296,-0.05114,0
1786019430.2680,E_right_up_r1,E,right,1,up,,530,148.8000,44.9000,167.2000,173.5000,0.0000,0.0000,329.7000,360.0000,65.2000,0.0000,97.2000,0.0000,277.8000,0.0000,-0.89500,0.06100,0.30200,2.77000,-0.17000,1.88000,0.16100,0.07800,0.89300,-1.05000,3.18000,-3.13000,10.0,2.4,1.0,0.0,0.970093,0.135528,1.929548,-0.386709,-1.340991,2.233577,-0.089600,0.486000,0.869300,0.003200,0.133500,0.542300,0.828800,0.034500,0.916993,0.127566,1.755808,-0.100836,0.013868,1.408864,2.542153,-0.962663,-0.865127,0.888419,-2.386196,1.172582,0.220893,-0.710242,2.239845,0.767179,2.133299,-0.556394,-1.174809,1.507891,1,1,1.0000,1.0000,1,1,0,0,0.0000,0.0000,,,,,129436,125765,3337,2949,126090,123760,3346,1858,0,147,0.47296,-0.05114,0
1786019430.2747,E_right_up_r1,E,right,1,up,,531,148.8000,344.9000,167.2000,173.6000,0.0000,0.0000,329.7000,360.0000,65.3000,0.0000,97.2000,0.0000,277.8000,0.0000,-0.89000,0.07600,0.30100,3.84000,1.01000,2.53000,0.13100,0.07600,0.89100,-1.46000,-1.16000,-0.48000,10.0,3.1,1.0,0.0,0.969332,0.135601,1.934176,-0.385421,-1.339614,2.229262,-0.089600,0.486000,0.869300,0.003200,0.133500,0.542300,0.828800,0.034500,0.916993,0.127566,1.755808,-0.100836,0.013868,1.408864,2.542153,-0.962663,-0.865127,0.888419,-2.386196,1.172582,0.220893,-0.710242,2.239845,0.767179,2.133299,-0.556394,-1.174809,1.507891,1,1,1.0000,1.0000,0,1,1,0,0.0205,0.0000,,,,,9803,9314,3308,2898,6825,7347,2978,1818,0,149,0.47296,-0.05114,0
1786019430.2904,E_right_up_r1,E,right,1,up,,532,148.8000,344.9000,167.2000,173.6000,0.0000,0.0000,329.7000,360.0000,65.3000,0.0000,97.2000,0.0000,277.8000,0.0000,-0.89000,0.07600,0.30100,3.84000,1.01000,2.53000,0.13100,0.07600,0.89100,-1.46000,-1.16000,-0.48000,10.0,3.1,1.0,0.0,0.969332,0.135601,1.934176,-0.385421,-1.339614,2.229262,-0.089600,0.486000,0.869300,0.003200,0.133500,0.542300,0.828800,0.034500,0.916993,0.127566,1.755808,-0.100836,0.013868,1.408864,2.542153,-0.962663,-0.865127,0.888419,-2.386196,1.172582,0.220893,-0.710242,2.239845,0.767179,2.133299,-0.556394,-1.174809,1.507891,1,1,1.0000,1.0000,0,1,1,0,0.0205,0.0000,,,,,9803,9314,3309,2898,6825,7347,2978,1818,0,149,0.47296,-0.05114,0
1786019430.3099,E_right_up_r1,E,right,1,up,,533,148.8000,344.9000,167.2000,173.6000,0.0000,0.0000,329.6000,360.0000,63.8000,0.0000,97.2000,0.0000,277.8000,0.0000,-0.90000,0.07700,0.30900,2.15000,4.37000,2.70000,0.14000,0.03600,0.91000,-4.58000,-14.37000,4.95000,9.9,1.7,1.0,0.0,1.144449,1.462187,1.882622,-0.440117,-0.556123,2.413331,-0.089600,0.486000,0.869300,0.003200,0.133500,0.542300,0.828800,0.034500,0.916993,0.127566,1.755808,-0.100836,0.013868,1.408864,2.542153,-0.962663,-0.865127,0.888419,-2.386196,1.172582,0.220893,-0.710242,2.239845,0.767179,2.133299,-0.556394,-1.174809,1.507891,1,0,1.0000,1.0000,1,1,0,0,0.0000,0.0000,,,,,9803,9314,3309,2899,6825,7347,2978,1818,0,149,0.47296,-0.05114,0
1786019430.3333,E_right_up_r1,E,right,1,up,,534,148.8000,344.9000,167.2000,173.6000,0.0000,0.0000,329.6000,360.0000,63.8000,0.0000,97.2000,0.0000,277.8000,0.0000,-0.90000,0.07700,0.30900,2.15000,4.37000,2.70000,0.14000,0.03600,0.91000,-4.58000,-14.37000,4.95000,9.9,1.7,1.0,0.0,1.144449,1.462187,1.882622,-0.440117,-0.556123,2.413331,-0.089600,0.486000,0.869300,0.003200,0.133500,0.542300,0.828800,0.034500,0.916993,0.127566,1.755808,-0.100836,0.013868,1.408864,2.542153,-0.962663,-0.865127,0.888419,-2.386196,1.172582,0.220893,-0.710242,2.239845,0.767179,2.133299,-0.556394,-1.174809,1.507891,1,0,1.0000,1.0000,1,1,0,0,0.0000,0.0000,,,,,129436,125765,3337,2950,126090,123760,3346,1858,0,147,0.47296,-0.05114,0
1786019430.3488,E_right_up_r1,E,right,1,up,,535,148.8000,344.9000,167.2000,173.6000,0.0000,0.0000,329.6000,360.0000,63.8000,0.0000,97.2000,0.0000,277.8000,0.0000,-0.90000,0.07700,0.30900,2.15000,4.37000,2.70000,0.14000,0.03600,0.91000,-4.58000,-14.37000,4.95000,9.9,1.7,1.0,0.0,1.144449,1.462187,1.882622,-0.440117,-0.556123,2.413331,-0.089600,0.486000,0.869300,0.003200,0.133500,0.542300,0.828800,0.034500,0.916993,0.127566,1.755808,-0.100836,0.013868,1.408864,2.542153,-0.962663,-0.865127,0.888419,-2.386196,1.172582,0.220893,-0.710242,2.239845,0.767179,2.133299,-0.556394,-1.174809,1.507891,1,0,1.0000,1.0000,1,1,0,0,0.0000,0.0000,,,,,129436,125765,3337,2950,126090,123760,3346,1858,0,147,0.47296,-0.05114,0
1786019430.3732,E_right_up_r1,E,right,1,up,,536,148.8000,344.9000,167.2000,173.6000,0.0000,0.0000,329.6000,360.0000,63.8000,0.0000,97.2000,0.0000,277.8000,0.0000,-0.90000,0.07700,0.30900,2.15000,4.37000,2.70000,0.14000,0.03600,0.91000,-4.58000,-14.37000,4.95000,9.9,1.7,1.0,0.0,1.144449,1.462187,1.882622,-0.440117,-0.556123,2.413331,-0.089600,0.486000,0.869300,0.003200,0.133500,0.542300,0.828800,0.034500,0.916993,0.127566,1.755808,-0.100836,0.013868,1.408864,2.542153,-0.962663,-0.865127,0.888419,-2.386196,1.172582,0.220893,-0.710242,2.239845,0.767179,2.133299,-0.556394,-1.174809,1.507891,1,0,1.0000,1.0000,1,1,0,0,0.0000,0.0000,,,,,9803,9314,3309,2899,6825,7347,2978,1818,0,149,0.47296,-0.05114,0
1786019430.3966,E_right_up_r1,E,right,1,up,,537,148.8000,344.9000,167.2000,173.6000,0.0000,0.0000,329.6000,360.0000,63.8000,0.0000,97.2000,0.0000,277.8000,0.0000,-0.90000,0.07700,0.30900,2.15000,4.37000,2.70000,0.14000,0.03600,0.91000,-4.58000,-14.37000,4.95000,9.9,1.7,1.0,0.0,1.144449,1.462187,1.882622,-0.440117,-0.556123,2.413331,-0.089600,0.486000,0.869300,0.003200,0.133500,0.542300,0.828800,0.034500,0.916993,0.127566,1.755808,-0.100836,0.013868,1.408864,2.542153,-0.962663,-0.865127,0.888419,-2.386196,1.172582,0.220893,-0.710242,2.239845,0.767179,2.133299,-0.556394,-1.174809,1.507891,1,0,1.0000,1.0000,1,1,0,0,0.0000,0.0000,,,,,129436,125765,3337,2950,126090,123760,3346,1858,0,147,0.47296,-0.05114,0
1786019430.4322,E_right_up_r1,E,right,1,up,,538,148.8000,344.9000,167.1000,173.5000,0.0000,0.0000,329.6000,360.0000,92.4000,0.0000,96.2000,0.0000,278.2000,0.0000,-0.94800,0.10400,0.32400,5.55000,15.60000,5.70000,0.13100,0.07500,0.94300,-3.27000,-1.27000,9.56000,8.8,2.7,0.0,0.0,1.146086,1.462071,1.883203,-0.440117,-0.556123,2.413331,-0.089600,0.486000,0.869300,0.003200,0.133500,0.542300,0.828800,0.034500,0.916993,0.127566,1.755808,-0.100836,0.013868,1.408864,2.542153,-0.962663,-0.865127,0.888419,-2.386196,1.172582,0.220893,-0.710242,2.239845,0.767179,2.133299,-0.556394,-1.174809,1.507891,1,0,1.0000,1.0000,1,1,0,0,0.0000,0.0000,,,,,9803,125765,3309,2950,6825,123760,2978,1858,0,147,0.47296,-0.05114,0
1786019430.4328,E_right_up_r1,E,right,1,up,,539,148.8000,344.9000,167.1000,173.5000,0.0000,0.0000,329.6000,360.0000,92.4000,0.0000,96.2000,0.0000,278.2000,0.0000,-0.94800,0.10400,0.32400,5.55000,15.60000,5.70000,0.13100,0.07500,0.94300,-3.27000,-1.27000,9.56000,8.8,2.7,0.0,0.0,1.146086,1.462071,1.883203,-0.440117,-0.556123,2.413331,-0.089600,0.486000,0.869300,0.003200,0.133500,0.542300,0.828800,0.034500,0.916993,0.127566,1.755808,-0.100836,0.013868,1.408864,2.542153,-0.962663,-0.865127,0.888419,-2.386196,1.172582,0.220893,-0.710242,2.239845,0.767179,2.133299,-0.556394,-1.174809,1.507891,1,0,1.0000,1.0000,1,1,0,0,0.0000,0.0000,,,,,9803,125765,3309,2950,6825,123760,2978,1858,0,147,0.47296,-0.05114,0
1786019430.4512,E_right_up_r1,E,right,1,up,,540,148.8000,344.9000,167.1000,173.5000,0.0000,0.0000,329.6000,360.0000,92.4000,0.0000,96.2000,0.0000,278.2000,0.0000,-0.94600,0.09900,0.34500,-1.31000,15.27000,4.64000,0.13100,0.07500,0.94300,-3.27000,-1.27000,9.56000,8.8,2.7,0.0,0.0,0.731105,0.712901,1.543901,-0.440117,-0.556123,2.413331,-0.089600,0.486000,0.869300,0.003200,0.133500,0.542300,0.828800,0.034500,0.916993,0.127566,1.755808,-0.100836,0.013868,1.408864,2.542153,-0.962663,-0.865127,0.888419,-2.386196,1.172582,0.220893,-0.710242,2.239845,0.767179,2.133299,-0.556394,-1.174809,1.507891,1,0,1.0000,1.0000,1,1,0,0,0.0000,0.0000,,,,,129436,125765,3337,2950,126090,123760,3346,1858,0,147,0.47296,-0.05114,0
1786019430.4701,E_right_up_r1,E,right,1,up,,541,148.8000,344.9000,167.1000,173.5000,0.0000,0.0000,329.6000,360.0000,97.6000,0.0000,96.2000,0.0000,278.2000,0.0000,-0.92000,0.07300,0.34400,-5.24000,14.44000,1.75000,0.13300,0.10000,0.95100,-7.79000,-0.06000,0.53000,9.1,2.8,0.0,0.0,0.968786,0.135653,1.930490,-0.385677,-1.339004,2.225349,-0.089600,0.486000,0.869300,0.003200,0.133500,0.542300,0.828800,0.034500,0.916993,0.127566,1.755808,-0.100836,0.013868,1.408864,2.542153,-0.962663,-0.865127,0.888419,-2.386196,1.172582,0.220893,-0.710242,2.239845,0.767179,2.133299,-0.556394,-1.174809,1.507891,1,1,1.0000,1.0000,1,1,0,0,0.0000,0.0000,,,,,129436,9314,3337,2899,126090,7347,3346,1818,0,149,0.47296,-0.05114,0
1786019430.4921,E_right_up_r1,E,right,1,up,,542,148.8000,344.9000,167.1000,173.3000,0.0000,0.0000,329.6000,360.0000,96.0000,0.0000,96.2000,0.0000,278.2000,0.0000,-0.87900,0.05600,0.34400,-0.79000,7.11000,-1.62000,0.13400,0.08700,0.96000,-5.52000,-1.21000,5.05000,9.7,2.2,0.0,0.0,0.968786,0.135653,1.930490,-1.398048,-1.202410,2.896808,-0.089600,0.486000,0.869300,0.003200,0.133500,0.542300,0.828800,0.034500,0.916993,0.127566,1.755808,-0.100836,0.013868,1.408864,2.542153,-0.962663,-0.865127,0.888419,-2.386196,1.172582,0.220893,-0.710242,2.239845,0.767179,2.133299,-0.556394,-1.174809,1.507891,1,0,1.0000,1.0000,1,1,0,0,0.0000,0.0000,,,,,9803,9314,3309,2899,6825,7347,2978,1818,0,149,0.47296,-0.05114,0
1786019430.5085,E_right_up_r1,E,right,1,up,,543,148.8000,344.9000,167.1000,173.3000,0.0000,0.0000,329.5000,360.0000,80.3000,0.0000,96.5000,0.0000,278.4000,0.0000,-0.89900,0.06100,0.34200,-0.76000,3.60000,-1.48000,0.19400,0.06500,0.90800,-6.29000,-10.76000,11.46000,9.3,2.7,0.0,0.0,0.967623,0.135751,1.927722,-0.385677,-1.339004,2.225349,-0.089600,0.486000,0.869300,0.003200,0.133500,0.542300,0.828800,0.034500,0.916993,0.127566,1.755808,-0.100836,0.013868,1.408864,2.542153,-0.962663,-0.865127,0.888419,-2.386196,1.172582,0.220893,-0.710242,2.239845,0.767179,2.133299,-0.556394,-1.174809,1.507891,1,0,1.0000,1.0000,1,1,0,0,0.0000,0.0000,,,,,129436,9314,3338,2899,126090,7347,3346,1818,0,149,0.47296,-0.05114,0
1786019430.5343,E_right_up_r1,E,right,1,up,,544,148.8000,344.9000,167.1000,173.3000,0.0000,0.0000,329.5000,360.0000,80.3000,0.0000,96.5000,0.0000,278.4000,0.0000,-0.89900,0.06100,0.34200,-0.76000,3.60000,-1.48000,0.19400,0.06500,0.90800,-6.29000,-10.76000,11.46000,9.3,2.7,0.0,0.0,0.967623,0.135751,1.927722,-0.385677,-1.339004,2.225349,-0.089600,0.486000,0.869300,0.003200,0.133500,0.542300,0.828800,0.034500,0.916993,0.127566,1.755808,-0.100836,0.013868,1.408864,2.542153,-0.962663,-0.865127,0.888419,-2.386196,1.172582,0.220893,-0.710242,2.239845,0.767179,2.133299,-0.556394,-1.174809,1.507891,1,0,1.0000,1.0000,1,1,0,0,0.0000,0.0000,,,,,9803,9314,3310,2899,6825,7347,2978,1818,0,149,0.47296,-0.05114,0
1786019430.5500,E_right_up_r1,E,right,1,up,,545,148.8000,344.9000,167.0000,173.3000,0.0000,0.0000,329.5000,360.0000,80.3000,0.0000,96.5000,0.0000,278.4000,0.0000,-0.87000,0.06700,0.27000,2.07000,-5.30000,0.00000,0.19400,0.06500,0.90800,-6.29000,-10.76000,11.46000,9.3,2.7,0.0,0.0,0.731966,0.712859,1.544520,-0.385677,-1.339004,2.225349,-0.089600,0.486000,0.869300,0.003200,0.133500,0.542300,0.828800,0.034500,0.916993,0.127566,1.755808,-0.100836,0.013868,1.408864,2.542153,-0.962663,-0.865127,0.888419,-2.386196,1.172582,0.220893,-0.710242,2.239845,0.767179,2.133299,-0.556394,-1.174809,1.507891,1,0,1.0000,1.0000,1,1,0,0,0.0000,0.0000,,,,,129436,125765,3338,2951,126090,123760,3346,1858,0,147,0.47296,-0.05114,0
1786019430.5986,E_right_up_r1,E,right,1,up,,546,148.8000,344.9000,167.0000,173.5000,0.0000,0.0000,329.5000,360.0000,80.3000,0.0000,96.5000,0.0000,278.4000,0.0000,-0.90600,0.06800,0.28100,9.45000,-3.11000,3.18000,0.19400,0.06500,0.90800,-6.29000,-10.76000,11.46000,9.3,1.6,1.0,0.0,1.147810,1.461945,1.883821,-0.385677,-1.339004,2.225349,-0.089600,0.486000,0.869300,0.003200,0.133500,0.542300,0.828800,0.034500,0.916993,0.127566,1.755808,-0.100836,0.013868,1.408864,2.542153,-0.962663,-0.865127,0.888419,-2.386196,1.172582,0.220893,-0.710242,2.239845,0.767179,2.133299,-0.556394,-1.174809,1.507891,1,0,1.0000,1.0000,1,1,0,0,0.0000,0.0000,,,,,9803,125765,3310,2951,6825,123760,2978,1858,0,147,0.47296,-0.05114,0
