t,segment,block,arm,rep,direction,speed,sample_index,l_j1,l_j2,l_j3,l_j4,l_j5,l_j6,l_j7,r_j1,r_j2,r_j3,r_j4,r_j5,r_j6,r_j7,l_ax,l_ay,l_az,l_gx,l_gy,l_gz,r_ax,r_ay,r_az,r_gx,r_gy,r_gz,fsr1,fsr2,btn1,btn2,left_cmd_x,left_cmd_y,left_cmd_z,right_cmd_x,right_cmd_y,right_cmd_z,left_cmd_qx,left_cmd_qy,left_cmd_qz,left_cmd_qw,right_cmd_qx,right_cmd_qy,right_cmd_qz,right_cmd_qw,left_ee_x,left_ee_y,left_ee_z,right_ee_x,right_ee_y,right_ee_z,left_joint_1,left_joint_2,left_joint_3,left_joint_4,left_joint_5,left_joint_6,left_joint_7,right_joint_1,right_joint_2,right_joint_3,right_joint_4,right_joint_5,right_joint_6,right_joint_7,left_clutch,right_clutch,left_scale,right_scale,left_frame_valid,right_frame_valid,left_n_dropouts,right_n_dropouts,left_data_age_s,right_data_age_s,position_mode,orientation_mode,left_channels_live,right_channels_live,left_ik_success,right_ik_success,left_ik_fail,right_ik_fail,left_guard_direct,right_guard_direct,left_guard_slewed,right_guard_slewed,left_guard_rejected,right_guard_rejected,left_min_clearance,right_min_clearance,estop
1786019661.7295,F_left_front_fast,F,left,0,front,fast,0,211.1000,343.9000,201.8000,282.5000,317.8000,0.0000,160.2000,350.4000,21.2000,0.0000,0.0000,0.0000,125.6000,0.0000,0.34100,0.04400,0.84900,-4.83000,7.00000,6.80000,-0.92200,0.02800,0.24100,-2.14000,-3.85000,2.07000,12.4,2.3,1.0,1.0,1.274282,1.835062,2.316563,-0.392309,-0.678285,2.592542,-0.089600,0.486000,0.869300,0.003200,0.133500,0.542300,0.828800,0.034500,0.916993,0.127566,1.755808,-0.100836,0.013868,1.408864,2.542153,-0.962663,-0.865127,0.888419,-2.386196,1.172582,0.220893,-0.710242,2.239845,0.767179,2.133299,-0.556394,-1.174809,1.507891,0,0,1.0000,1.0000,1,0,0,1,0.0000,4.4531,,,,,9803,9314,3771,3354,6825,7347,2978,1818,0,149,0.47296,-0.05114,1
1786019661.7497,F_left_front_fast,F,left,0,front,fast,1,211.1000,343.9000,201.8000,282.5000,317.8000,0.0000,160.2000,350.4000,21.2000,0.0000,0.0000,0.0000,125.6000,0.0000,0.34100,0.04400,0.84900,-4.83000,7.00000,6.80000,-0.92200,0.02800,0.24100,-2.14000,-3.85000,2.07000,12.4,2.3,1.0,1.0,1.274282,1.835062,2.316563,-0.392309,-0.678285,2.592542,-0.089600,0.486000,0.869300,0.003200,0.133500,0.542300,0.828800,0.034500,0.916993,0.127566,1.755808,-0.100836,0.013868,1.408864,2.542153,-0.962663,-0.865127,0.888419,-2.386196,1.172582,0.220893,-0.710242,2.239845,0.767179,2.133299,-0.556394,-1.174809,1.507891,0,0,1.0000,1.0000,1,0,0,1,0.0000,4.4531,,,,,9803,9314,3771,3354,6825,7347,2978,1818,0,149,0.47296,-0.05114,1
1786019661.7698,F_left_front_fast,F,left,0,front,fast,2,211.1000,343.9000,201.8000,282.5000,317.8000,0.0000,160.2000,350.4000,21.2000,0.0000,0.0000,0.0000,125.6000,0.0000,0.34100,0.04400,0.84900,-4.83000,7.00000,6.80000,-0.92200,0.02800,0.24100,-2.14000,-3.85000,2.07000,12.4,2.3,1.0,1.0,1.274282,1.835062,2.316563,-0.392309,-0.678285,2.592542,-0.089600,0.486000,0.869300,0.003200,0.133500,0.542300,0.828800,0.034500,0.916993,0.127566,1.755808,-0.100836,0.013868,1.408864,2.542153,-0.962663,-0.865127,0.888419,-2.386196,1.172582,0.220893,-0.710242,2.239845,0.767179,2.133299,-0.556394,-1.174809,1.507891,0,0,1.0000,1.0000,1,0,0,1,0.0000,4.4531,,,,,9803,9314,3771,3354,6825,7347,2978,1818,0,149,0.47296,-0.05114,1
1786019661.7909,F_left_front_fast,F,left,0,front,fast,3,211.1000,343.9000,201.8000,282.5000,317.8000,0.0000,160.2000,350.4000,21.2000,0.0000,0.0000,0.0000,125.6000,0.0000,0.34100,0.04400,0.84900,-4.83000,7.00000,6.80000,-0.92200,0.02800,0.24100,-2.14000,-3.85000,2.07000,12.4,2.3,1.0,1.0,1.274282,1.835062,2.316563,-0.392309,-0.678285,2.592542,-0.089600,0.486000,0.869300,0.003200,0.133500,0.542300,0.828800,0.034500,0.916993,0.127566,1.755808,-0.100836,0.013868,1.408864,2.542153,-0.962663,-0.865127,0.888419,-2.386196,1.172582,0.220893,-0.710242,2.239845,0.767179,2.133299,-0.556394,-1.174809,1.507891,0,0,1.0000,1.0000,1,0,0,1,0.0000,4.4531,,,,,129436,125765,3815,3410,126090,123760,3346,1858,0,147,0.47296,-0.05114,1
1786019661.8155,F_left_front_fast,F,left,0,front,fast,4,210.6000,343.9000,201.1000,282.7000,316.7000,0.0000,162.3000,350.4000,21.2000,0.0000,0.0000,0.0000,125.6000,0.0000,0.39200,0.08100,0.84500,-5.55000,2.75000,-2.62000,-0.92600,0.03200,0.26000,-5.44000,-2.34000,0.08000,13.1,3.2,1.0,1.0,0.827959,0.901610,1.692522,-1.446772,-1.203532,3.155968,-0.089600,0.486000,0.869300,0.003200,0.133500,0.542300,0.828800,0.034500,0.916993,0.127566,1.755808,-0.100836,0.013868,1.408864,2.542153,-0.962663,-0.865127,0.888419,-2.386196,1.172582,0.220893,-0.710242,2.239845,0.767179,2.133299,-0.556394,-1.174809,1.507891,0,1,1.0000,1.0000,1,0,0,1,0.0000,12.0538,,,,,9803,9314,3771,3354,6825,7347,2978,1818,0,149,0.47296,-0.05114,1
1786019661.8313,F_left_front_fast,F,left,0,front,fast,5,210.6000,343.9000,201.2000,283.0000,316.3000,0.0000,162.7000,350.4000,21.2000,0.0000,0.0000,0.0000,125.6000,0.0000,0.35300,-0.02700,0.84200,-5.07000,12.72000,-1.07000,-0.92600,0.03200,0.26000,-5.44000,-2.34000,0.08000,10.9,3.6,1.0,1.0,0.827959,0.901610,1.692522,-1.446772,-1.203532,3.155968,-0.089600,0.486000,0.869300,0.003200,0.133500,0.542300,0.828800,0.034500,0.916993,0.127566,1.755808,-0.100836,0.013868,1.408864,2.542153,-0.962663,-0.865127,0.888419,-2.386196,1.172582,0.220893,-0.710242,2.239845,0.767179,2.133299,-0.556394,-1.174809,1.507891,0,1,1.0000,1.0000,1,0,0,1,0.0000,12.0538,,,,,9803,9314,3771,3354,6825,7347,2978,1818,0,149,0.47296,-0.05114,1
1786019661.8499,F_left_front_fast,F,left,0,front,fast,6,210.6000,343.9000,201.2000,283.0000,316.3000,0.0000,162.7000,350.4000,21.2000,0.0000,0.0000,0.0000,125.6000,0.0000,0.35300,-0.02700,0.84200,-5.07000,12.72000,-1.07000,-0.91600,0.03300,0.24900,-1.08000,1.10000,-5.52000,10.9,3.6,1.0,1.0,0.827959,0.901610,1.692522,-1.446600,-1.203510,3.156032,-0.089600,0.486000,0.869300,0.003200,0.133500,0.542300,0.828800,0.034500,0.916993,0.127566,1.755808,-0.100836,0.013868,1.408864,2.542153,-0.962663,-0.865127,0.888419,-2.386196,1.172582,0.220893,-0.710242,2.239845,0.767179,2.133299,-0.556394,-1.174809,1.507891,0,1,1.0000,1.0000,1,0,0,1,0.0000,12.0818,,,,,9803,9314,3771,3354,6825,7347,2978,1818,0,149,0.47296,-0.05114,1
1786019661.8696,F_left_front_fast,F,left,0,front,fast,7,210.6000,343.9000,201.2000,283.0000,316.3000,0.0000,162.7000,350.4000,21.2000,0.0000,0.0000,0.0000,125.6000,0.0000,0.35300,-0.02700,0.84200,-5.07000,12.72000,-1.07000,-0.91600,0.03300,0.24900,-1.08000,1.10000,-5.52000,10.9,3.6,1.0,1.0,0.827959,0.901610,1.692522,-1.446600,-1.203510,3.156032,-0.089600,0.486000,0.869300,0.003200,0.133500,0.542300,0.828800,0.034500,0.916993,0.127566,1.755808,-0.100836,0.013868,1.408864,2.542153,-0.962663,-0.865127,0.888419,-2.386196,1.172582,0.220893,-0.710242,2.239845,0.767179,2.133299,-0.556394,-1.174809,1.507891,0,1,1.0000,1.0000,1,0,0,1,0.0000,12.0818,,,,,9803,9314,3771,3354,6825,7347,2978,1818,0,149,0.47296,-0.05114,1
1786019661.8900,F_left_front_fast,F,left,0,front,fast,8,210.6000,343.9000,201.2000,283.0000,316.3000,0.0000,162.7000,350.4000,21.2000,0.0000,0.0000,0.0000,125.6000,0.0000,0.35300,-0.02700,0.84200,-5.07000,12.72000,-1.07000,-0.91600,0.03300,0.24900,-1.08000,1.10000,-5.52000,10.9,3.6,1.0,1.0,0.827959,0.901610,1.692522,-1.446600,-1.203510,3.156032,-0.089600,0.486000,0.869300,0.003200,0.133500,0.542300,0.828800,0.034500,0.916993,0.127566,1.755808,-0.100836,0.013868,1.408864,2.542153,-0.962663,-0.865127,0.888419,-2.386196,1.172582,0.220893,-0.710242,2.239845,0.767179,2.133299,-0.556394,-1.174809,1.507891,0,1,1.0000,1.0000,1,0,0,1,0.0000,12.0818,,,,,9803,9314,3771,3354,6825,7347,2978,1818,0,149,0.47296,-0.05114,1
1786019661.9246,F_left_front_fast,F,left,0,front,fast,9,210.6000,343.9000,201.2000,283.0000,316.3000,0.0000,162.7000,350.4000,21.2000,0.0000,0.0000,0.0000,125.6000,0.0000,0.35300,-0.02700,0.84200,-5.07000,12.72000,-1.07000,-0.91600,0.03300,0.24900,-1.08000,1.10000,-5.52000,10.9,3.6,1.0,1.0,0.827959,0.901610,1.692522,-1.446600,-1.203510,3.156032,-0.089600,0.486000,0.869300,0.003200,0.133500,0.542300,0.828800,0.034500,0.916993,0.127566,1.755808,-0.100836,0.013868,1.408864,2.542153,-0.962663,-0.865127,0.888419,-2.386196,1.172582,0.220893,-0.710242,2.239845,0.767179,2.133299,-0.556394,-1.174809,1.507891,0,1,1.0000,1.0000,1,0,0,1,0.0000,12.0818,,,,,9803,9314,3771,3354,6825,7347,2978,1818,0,149,0.47296,-0.05114,1
1786019661.9306,F_left_front_fast,F,left,0,front,fast,10,210.6000,343.9000,201.2000,283.0000,316.3000,0.0000,162.7000,350.4000,21.2000,0.0000,0.0000,0.0000,125.6000,0.0000,0.35300,-0.02700,0.84200,-5.07000,12.72000,-1.07000,-0.91600,0.03300,0.24900,-1.08000,1.10000,-5.52000,10.9,3.6,1.0,1.0,0.827959,0.901610,1.692522,-1.446600,-1.203510,3.156032,-0.089600,0.486000,0.869300,0.003200,0.133500,0.542300,0.828800,0.034500,0.916993,0.127566,1.755808,-0.100836,0.013868,1.408864,2.542153,-0.962663,-0.865127,0.888419,-2.386196,1.172582,0.220893,-0.710242,2.239845,0.767179,2.133299,-0.556394,-1.174809,1.507891,0,1,1.0000,1.0000,1,0,0,1,0.0000,12.0818,,,,,129436,125765,3815,3410,126090,123760,3346,1858,0,147,0.47296,-0.05114,1
1786019661.9499,F_left_front_fast,F,left,0,front,fast,11,210.6000,343.9000,201.2000,283.0000,316.3000,0.0000,162.7000,350.4000,21.2000,0.0000,0.0000,0.0000,125.6000,0.0000,0.35300,-0.02700,0.84200,-5.07000,12.72000,-1.07000,-0.91600,0.03300,0.24900,-1.08000,1.10000,-5.52000,10.9,3.6,1.0,1.0,0.827959,0.901610,1.692522,-1.446600,-1.203510,3.156032,-0.089600,0.486000,0.869300,0.003200,0.133500,0.542300,0.828800,0.034500,0.916993,0.127566,1.755808,-0.100836,0.013868,1.408864,2.542153,-0.962663,-0.865127,0.888419,-2.386196,1.172582,0.220893,-0.710242,2.239845,0.767179,2.133299,-0.556394,-1.174809,1.507891,0,1,1.0000,1.0000,1,0,0,1,0.0000,12.0818,,,,,9803,9314,3771,3354,6825,7347,2978,1818,0,149,0.47296,-0.05114,1
1786019661.9698,F_left_front_fast,F,left,0,front,fast,12,210.6000,343.9000,201.2000,283.0000,316.3000,0.0000,162.7000,350.4000,21.2000,0.0000,0.0000,0.0000,125.6000,0.0000,0.35300,-0.02700,0.84200,-5.07000,12.72000,-1.07000,-0.91600,0.03300,0.24900,-1.08000,1.10000,-5.52000,10.9,3.6,1.0,1.0,0.827959,0.901610,1.692522,-1.446600,-1.203510,3.156032,-0.089600,0.486000,0.869300,0.003200,0.133500,0.542300,0.828800,0.034500,0.916993,0.127566,1.755808,-0.100836,0.013868,1.408864,2.542153,-0.962663,-0.865127,0.888419,-2.386196,1.172582,0.220893,-0.710242,2.239845,0.767179,2.133299,-0.556394,-1.174809,1.507891,0,1,1.0000,1.0000,1,0,0,1,0.0000,12.0818,,,,,9803,9314,3771,3354,6825,7347,2978,1818,0,149,0.47296,-0.05114,1
1786019661.9965,F_left_front_fast,F,left,0,front,fast,13,210.5000,343.9000,200.8000,284.0000,315.6000,0.0000,163.2000,350.4000,21.2000,0.0000,0.0000,0.0000,125.6000,0.0000,0.41800,-0.09400,0.86200,9.43000,-1.96000,1.88000,-0.90500,0.03600,0.24900,-1.99000,-2.38000,0.46000,11.9,3.5,1.0,0.0,1.012979,0.441191,2.230510,-0.508364,-1.562965,2.588812,-0.089600,0.486000,0.869300,0.003200,0.133500,0.542300,0.828800,0.034500,0.916993,0.127566,1.755808,-0.100836,0.013868,1.408864,2.542153,-0.962663,-0.865127,0.888419,-2.386196,1.172582,0.220893,-0.710242,2.239845,0.767179,2.133299,-0.556394,-1.174809,1.507891,0,1,1.0000,1.0000,1,0,0,1,0.0000,5.3995,,,,,9803,9314,3771,3354,6825,7347,2978,1818,0,149,0.47296,-0.05114,1
1786019662.0097,F_left_front_fast,F,left,0,front,fast,14,210.5000,343.9000,200.8000,284.0000,315.6000,0.0000,163.2000,350.4000,21.2000,0.0000,0.0000,0.0000,125.6000,0.0000,0.41800,-0.09400,0.86200,9.43000,-1.96000,1.88000,-0.90500,0.03600,0.24900,-1.99000,-2.38000,0.46000,11.9,3.5,1.0,0.0,1.012979,0.441191,2.230510,-0.508364,-1.562965,2.588812,-0.089600,0.486000,0.869300,0.003200,0.133500,0.542300,0.828800,0.034500,0.916993,0.127566,1.755808,-0.100836,0.013868,1.408864,2.542153,-0.962663,-0.865127,0.888419,-2.386196,1.172582,0.220893,-0.710242,2.239845,0.767179,2.133299,-0.556394,-1.174809,1.507891,0,1,1.0000,1.0000,1,0,0,1,0.0000,5.3995,,,,,9803,9314,3771,3354,6825,7347,2978,1818,0,149,0.47296,-0.05114,1
1786019662.0382,F_left_front_fast,F,left,0,front,fast,15,210.4000,343.9000,200.7000,284.0000,316.0000,0.0000,163.4000,350.4000,21.2000,0.0000,0.0000,0.0000,125.6000,0.0000,0.36900,0.00500,0.89300,-0.10000,-0.40000,-1.82000,-0.92800,0.04000,0.24300,-4.86000,0.96000,0.15000,11.6,3.0,1.0,0.0,1.274282,1.835062,2.316563,-0.392309,-0.678285,2.592542,-0.089600,0.486000,0.869300,0.003200,0.133500,0.542300,0.828800,0.034500,0.916993,0.127566,1.755808,-0.100836,0.013868,1.408864,2.542153,-0.962663,-0.865127,0.888419,-2.386196,1.172582,0.220893,-0.710242,2.239845,0.767179,2.133299,-0.556394,-1.174809,1.507891,0,0,1.0000,1.0000,1,0,0,1,0.0000,4.8556,,,,,9803,9314,3771,3354,6825,7347,2978,1818,0,149,0.47296,-0.05114,1
1786019662.0497,F_left_front_fast,F,left,0,front,fast,16,210.4000,343.9000,200.7000,283.9000,316.2000,0.0000,163.4000,350.4000,21.2000,0.0000,0.0000,0.0000,125.6000,0.0000,0.36100,-0.02400,0.89700,-1.04000,1.27000,-2.11000,-0.91200,0.04200,0.24000,-5.22000,2.85000,-1.90000,11.9,3.4,1.0,0.0,0.827959,0.901610,1.692522,-1.446698,-1.203523,3.155995,-0.089600,0.486000,0.869300,0.003200,0.133500,0.542300,0.828800,0.034500,0.916993,0.127566,1.755808,-0.100836,0.013868,1.408864,2.542153,-0.962663,-0.865127,0.888419,-2.386196,1.172582,0.220893,-0.710242,2.239845,0.767179,2.133299,-0.556394,-1.174809,1.507891,0,1,1.0000,1.0000,1,0,0,1,0.0000,12.2943,,,,,9803,9314,3771,3354,6825,7347,2978,1818,0,149,0.47296,-0.05114,1
1786019662.0888,F_left_front_fast,F,left,0,front,fast,17,210.4000,343.9000,200.7000,283.9000,316.2000,0.0000,163.4000,350.4000,21.2000,0.0000,0.0000,0.0000,125.6000,0.0000,0.36100,-0.02400,0.89700,-1.04000,1.27000,-2.11000,-0.91200,0.04200,0.24000,-5.22000,2.85000,-1.90000,11.9,3.4,1.0,0.0,0.827959,0.901610,1.692522,-1.446698,-1.203523,3.155995,-0.089600,0.486000,0.869300,0.003200,0.133500,0.542300,0.828800,0.034500,0.916993,0.127566,1.755808,-0.100836,0.013868,1.408864,2.542153,-0.962663,-0.865127,0.888419,-2.386196,1.172582,0.220893,-0.710242,2.239845,0.767179,2.133299,-0.556394,-1.174809,1.507891,0,1,1.0000,1.0000,1,0,0,1,0.0000,12.2943,,,,,129436,125765,3815,3410,126090,123760,3346,1858,0,147,0.47296,-0.05114,1
1786019662.0921,F_left_front_fast,F,left,0,front,fast,18,210.4000,343.9000,200.7000,283.9000,316.2000,0.0000,163.4000,350.4000,21.2000,0.0000,0.0000,0.0000,125.6000,0.0000,0.36100,-0.02400,0.89700,-1.04000,1.27000,-2.11000,-0.91200,0.04200,0.24000,-5.22000,2.85000,-1.90000,11.9,3.4,1.0,0.0,0.827959,0.901610,1.692522,-1.446698,-1.203523,3.155995,-0.089600,0.486000,0.869300,0.003200,0.133500,0.542300,0.828800,0.034500,0.916993,0.127566,1.755808,-0.100836,0.013868,1.408864,2.542153,-0.962663,-0.865127,0.888419,-2.386196,1.172582,0.220893,-0.710242,2.239845,0.767179,2.133299,-0.556394,-1.174809,1.507891,0,1,1.0000,1.0000,1,0,0,1,0.0000,12.2943,,,,,9803,9314,3771,3354,6825,7347,2978,1818,0,149,0.47296,-0.05114,1
1786019662.1097,F_left_front_fast,F,left,0,front,fast,19,210.4000,343.9000,200.7000,283.9000,316.2000,0.0000,163.4000,350.4000,21.2000,0.0000,0.0000,0.0000,125.6000,0.0000,0.36100,-0.02400,0.89700,-1.04000,1.27000,-2.11000,-0.91200,0.04200,0.24000,-5.22000,2.85000,-1.90000,11.9,3.4,1.0,0.0,0.827959,0.901610,1.692522,-1.446698,-1.203523,3.155995,-0.089600,0.486000,0.869300,0.003200,0.133500,0.542300,0.828800,0.034500,0.916993,0.127566,1.755808,-0.100836,0.013868,1.408864,2.542153,-0.962663,-0.865127,0.888419,-2.386196,1.172582,0.220893,-0.710242,2.239845,0.767179,2.133299,-0.556394,-1.174809,1.507891,0,1,1.0000,1.0000,1,0,0,1,0.0000,12.2943,,,,,9803,9314,3771,3354,6825,7347,2978,1818,0,149,0.47296,-0.05114,1
1786019662.1319,F_left_front_fast,F,left,0,front,fast,20,210.4000,343.9000,200.7000,283.9000,316.2000,0.0000,163.4000,350.4000,21.2000,0.0000,0.0000,0.0000,125.6000,0.0000,0.36100,-0.02400,0.89700,-1.04000,1.27000,-2.11000,-0.91200,0.04200,0.24000,-5.22000,2.85000,-1.90000,11.9,3.4,1.0,0.0,0.827959,0.901610,1.692522,-1.446698,-1.203523,3.155995,-0.089600,0.486000,0.869300,0.003200,0.133500,0.542300,0.828800,0.034500,0.916993,0.127566,1.755808,-0.100836,0.013868,1.408864,2.542153,-0.962663,-0.865127,0.888419,-2.386196,1.172582,0.220893,-0.710242,2.239845,0.767179,2.133299,-0.556394,-1.174809,1.507891,0,1,1.0000,1.0000,1,0,0,1,0.0000,12.2943,,,,,9803,9314,3771,3354,6825,7347,2978,1818,0,149,0.47296,-0.05114,1
1786019662.1499,F_left_front_fast,F,left,0,front,fast,21,210.4000,343.9000,200.7000,283.9000,316.2000,0.0000,163.4000,350.4000,21.2000,0.0000,0.0000,0.0000,125.6000,0.0000,0.36100,-0.02400,0.89700,-1.04000,1.27000,-2.11000,-0.91200,0.04200,0.24000,-5.22000,2.85000,-1.90000,12.4,2.2,1.0,0.0,0.827959,0.901610,1.692522,-1.446698,-1.203523,3.155995,-0.089600,0.486000,0.869300,0.003200,0.133500,0.542300,0.828800,0.034500,0.916993,0.127566,1.755808,-0.100836,0.013868,1.408864,2.542153,-0.962663,-0.865127,0.888419,-2.386196,1.172582,0.220893,-0.710242,2.239845,0.767179,2.133299,-0.556394,-1.174809,1.507891,0,1,1.0000,1.0000,1,0,0,1,0.0000,12.2943,,,,,9803,9314,3771,3354,6825,7347,2978,1818,0,149,0.47296,-0.05114,1
1786019662.1708,F_left_front_fast,F,left,0,front,fast,22,210.4000,343.9000,201.6000,284.3000,316.7000,0.0000,163.8000,350.4000,1.0000,0.0000,0.0000,0.0000,125.7000,0.0000,0.38500,-0.05000,0.87400,8.13000,-3.01000,-2.93000,-0.93400,0.03600,0.25700,-2.19000,-5.05000,3.21000,13.2,2.4,1.0,0.0,1.274282,1.835062,2.316563,-0.392309,-0.678285,2.592542,-0.089600,0.486000,0.869300,0.003200,0.133500,0.542300,0.828800,0.034500,0.916993,0.127566,1.755808,-0.100836,0.013868,1.408864,2.542153,-0.962663,-0.865127,0.888419,-2.386196,1.172582,0.220893,-0.710242,2.239845,0.767179,2.133299,-0.556394,-1.174809,1.507891,0,0,1.0000,1.0000,1,0,0,1,0.0000,4.9969,,,,,9803,9314,3771,3354,6825,7347,2978,1818,0,149,0.47296,-0.05114,1
1786019662.1973,F_left_front_fast,F,left,0,front,fast,23,210.4000,343.9000,201.6000,284.3000,316.7000,0.0000,163.8000,350.4000,1.0000,0.0000,0.0000,0.0000,125.7000,0.0000,0.38500,-0.05000,0.87400,8.13000,-3.01000,-2.93000,-0.93400,0.03600,0.25700,-2.19000,-5.05000,3.21000,13.2,2.4,1.0,0.0,1.274282,1.835062,2.316563,-0.392309,-0.678285,2.592542,-0.089600,0.486000,0.869300,0.003200,0.133500,0.542300,0.828800,0.034500,0.916993,0.127566,1.755808,-0.100836,0.013868,1.408864,2.542153,-0.962663,-0.865127,0.888419,-2.386196,1.172582,0.220893,-0.710242,2.239845,0.767179,2.133299,-0.556394,-1.174809,1.507891,0,0,1.0000,1.0000,1,0,0,1,0.0000,4.9969,,,,,129436,125765,3815,3410,126090,123760,3346,1858,0,147,0.47296,-0.05114,1
1786019662.2108,F_left_front_fast,F,left,0,front,fast,24,210.4000,343.9000,201.6000,284.3000,316.7000,0.0000,163.8000,350.4000,1.0000,0.0000,0.0000,0.0000,125.7000,0.0000,0.38500,-0.05000,0.87400,8.13000,-3.01000,-2.93000,-0.93400,0.03600,0.25700,-2.19000,-5.05000,3.21000,13.2,2.4,1.0,0.0,1.274282,1.835062,2.316563,-0.392309,-0.678285,2.592542,-0.089600,0.486000,0.869300,0.003200,0.133500,0.542300,0.828800,0.034500,0.916993,0.127566,1.755808,-0.100836,0.013868,1.408864,2.542153,-0.962663,-0.865127,0.888419,-2.386196,1.172582,0.220893,-0.710242,2.239845,0.767179,2.133299,-0.556394,-1.174809,1.507891,0,0,1.0000,1.0000,1,0,0,1,0.0000,4.9969,,,,,9803,9314,3771,3354,6825,7347,2978,1818,0,149,0.47296,-0.05114,1
1786019662.2358,F_left_front_fast,F,left,0,front,fast,25,210.9000,343.9000,202.0000,284.6000,317.0000,0.0000,164.0000,350.4000,21.1000,0.0000,0.0000,0.0000,125.6000,0.0000,0.38100,0.01500,0.88800,-2.53000,3.92000,0.52000,-0.92600,0.03400,0.24500,-1.76000,1.36000,-2.97000,12.1,2.6,1.0,0.0,1.012979,0.441191,2.230510,-0.507952,-1.562910,2.588963,-0.089600,0.486000,0.869300,0.003200,0.133500,0.542300,0.828800,0.034500,0.916993,0.127566,1.755808,-0.100836,0.013868,1.408864,2.542153,-0.962663,-0.865127,0.888419,-2.386196,1.172582,0.220893,-0.710242,2.239845,0.767179,2.133299,-0.556394,-1.174809,1.507891,0,1,1.0000,1.0000,1,0,0,1,0.0000,5.6354,,,,,9803,9314,3771,3354,6825,7347,2978,1818,0,149,0.47296,-0.05114,1
1786019662.2502,F_left_front_fast,F,left,0,front,fast,26,210.9000,343.9000,202.0000,284.6000,317.0000,0.0000,164.0000,350.4000,21.1000,0.0000,0.0000,0.0000,125.6000,0.0000,0.38100,0.01500,0.88800,-2.53000,3.92000,0.52000,-0.92600,0.03400,0.24500,-1.76000,1.36000,-2.97000,12.1,2.6,1.0,0.0,1.012979,0.441191,2.230510,-0.507952,-1.562910,2.588963,-0.089600,0.486000,0.869300,0.003200,0.133500,0.542300,0.828800,0.034500,0.916993,0.127566,1.755808,-0.100836,0.013868,1.408864,2.542153,-0.962663,-0.865127,0.888419,-2.386196,1.172582,0.220893,-0.710242,2.239845,0.767179,2.133299,-0.556394,-1.174809,1.507891,0,1,1.0000,1.0000,1,0,0,1,0.0000,5.6354,,,,,9803,9314,3771,3354,6825,7347,2978,1818,0,149,0.47296,-0.05114,1
1786019662.2767,F_left_front_fast,F,left,0,front,fast,27,210.9000,343.9000,202.0000,284.6000,317.0000,0.0000,164.0000,350.4000,21.1000,0.0000,0.0000,0.0000,125.6000,0.0000,0.38100,0.01500,0.88800,-2.53000,3.92000,0.52000,-0.92600,0.03400,0.24500,-1.76000,1.36000,-2.97000,12.1,2.6,1.0,0.0,1.012979,0.441191,2.230510,-0.507952,-1.562910,2.588963,-0.089600,0.486000,0.869300,0.003200,0.133500,0.542300,0.828800,0.034500,0.916993,0.127566,1.755808,-0.100836,0.013868,1.408864,2.542153,-0.962663,-0.865127,0.888419,-2.386196,1.172582,0.220893,-0.710242,2.239845,0.767179,2.133299,-0.556394,-1.174809,1.507891,0,1,1.0000,1.0000,1,0,0,1,0.0000,5.6354,,,,,9803,9314,3771,3354,6825,7347,2978,1818,0,149,0.47296,-0.05114,1
1786019662.2901,F_left_front_fast,F,left,0,front,fast,28,210.9000,343.9000,202.0000,284.6000,317.0000,0.0000,164.0000,350.4000,21.1000,0.0000,0.0000,0.0000,125.6000,0.0000,0.38100,0.01500,0.88800,-2.53000,3.92000,0.52000,-0.92600,0.03400,0.24500,-1.76000,1.36000,-2.97000,12.1,2.6,1.0,0.0,1.012979,0.441191,2.230510,-0.507952,-1.562910,2.588963,-0.089600,0.486000,0.869300,0.003200,0.133500,0.542300,0.828800,0.034500,0.916993,0.127566,1.755808,-0.100836,0.013868,1.408864,2.542153,-0.962663,-0.865127,0.888419,-2.386196,1.172582,0.220893,-0.710242,2.239845,0.767179,2.133299,-0.556394,-1.174809,1.507891,0,1,1.0000,1.0000,1,0,0,1,0.0000,5.6354,,,,,9803,9314,3771,3354,6825,7347,2978,1818,0,149,0.47296,-0.05114,1
1786019662.3105,F_left_front_fast,F,left,0,front,fast,29,210.9000,343.9000,202.0000,284.6000,317.0000,0.0000,164.0000,350.4000,21.1000,0.0000,0.0000,0.0000,125.6000,0.0000,0.38100,0.01500,0.88800,-2.53000,3.92000,0.52000,-0.92600,0.03400,0.24500,-1.76000,1.36000,-2.97000,12.1,2.6,1.0,0.0,1.012979,0.441191,2.230510,-0.507952,-1.562910,2.588963,-0.089600,0.486000,0.869300,0.003200,0.133500,0.542300,0.828800,0.034500,0.916993,0.127566,1.755808,-0.100836,0.013868,1.408864,2.542153,-0.962663,-0.865127,0.888419,-2.386196,1.172582,0.220893,-0.710242,2.239845,0.767179,2.133299,-0.556394,-1.174809,1.507891,0,1,1.0000,1.0000,1,0,0,1,0.0000,5.6354,,,,,9803,9314,3771,3354,6825,7347,2978,1818,0,149,0.47296,-0.05114,1
1786019662.3305,F_left_front_fast,F,left,0,front,fast,30,210.9000,343.9000,202.0000,284.6000,317.0000,0.0000,164.0000,350.4000,21.1000,0.0000,0.0000,0.0000,125.6000,0.0000,0.38100,0.01500,0.88800,-2.53000,3.92000,0.52000,-0.92600,0.03400,0.24500,-1.76000,1.36000,-2.97000,12.1,2.6,1.0,0.0,1.012979,0.441191,2.230510,-0.507952,-1.562910,2.588963,-0.089600,0.486000,0.869300,0.003200,0.133500,0.542300,0.828800,0.034500,0.916993,0.127566,1.755808,-0.100836,0.013868,1.408864,2.542153,-0.962663,-0.865127,0.888419,-2.386196,1.172582,0.220893,-0.710242,2.239845,0.767179,2.133299,-0.556394,-1.174809,1.507891,0,1,1.0000,1.0000,1,0,0,1,0.0000,5.6354,,,,,9803,9314,3771,3354,6825,7347,2978,1818,0,149,0.47296,-0.05114,1
1786019662.3518,F_left_front_fast,F,left,0,front,fast,31,210.9000,343.9000,202.0000,284.6000,317.0000,0.0000,164.0000,350.4000,21.1000,0.0000,0.0000,0.0000,125.6000,0.0000,0.38100,0.01500,0.88800,-2.53000,3.92000,0.52000,-0.92600,0.03400,0.24500,-1.76000,1.36000,-2.97000,12.1,2.6,1.0,0.0,1.012979,0.441191,2.230510,-0.507952,-1.562910,2.588963,-0.089600,0.486000,0.869300,0.003200,0.133500,0.542300,0.828800,0.034500,0.916993,0.127566,1.755808,-0.100836,0.013868,1.408864,2.542153,-0.962663,-0.865127,0.888419,-2.386196,1.172582,0.220893,-0.710242,2.239845,0.767179,2.133299,-0.556394,-1.174809,1.507891,0,1,1.0000,1.0000,1,0,0,1,0.0000,5.6354,,,,,9803,9314,3771,3354,6825,7347,2978,1818,0,149,0.47296,-0.05114,1
1786019662.3705,F_left_front_fast,F,left,0,front,fast,32,210.9000,343.9000,202.0000,284.6000,317.0000,0.0000,164.0000,350.4000,21.1000,0.0000,0.0000,0.0000,125.6000,0.0000,0.38100,0.01500,0.88800,-2.53000,3.92000,0.52000,-0.92600,0.03400,0.24500,-1.76000,1.36000,-2.97000,12.1,2.6,1.0,0.0,1.012979,0.441191,2.230510,-0.507952,-1.562910,2.588963,-0.089600,0.486000,0.869300,0.003200,0.133500,0.542300,0.828800,0.034500,0.916993,0.127566,1.755808,-0.100836,0.013868,1.408864,2.542153,-0.962663,-0.865127,0.888419,-2.386196,1.172582,0.220893,-0.710242,2.239845,0.767179,2.133299,-0.556394,-1.174809,1.507891,0,1,1.0000,1.0000,1,0,0,1,0.0000,5.6354,,,,,9803,9314,3771,3354,6825,7347,2978,1818,0,149,0.47296,-0.05114,1
1786019662.3896,F_left_front_fast,F,left,0,front,fast,33,210.9000,343.9000,202.0000,284.6000,317.0000,0.0000,164.0000,350.4000,21.1000,0.0000,0.0000,0.0000,125.6000,0.0000,0.38100,0.01500,0.88800,-2.53000,3.92000,0.52000,-0.92600,0.03400,0.24500,-1.76000,1.36000,-2.97000,12.1,2.6,1.0,0.0,1.012979,0.441191,2.230510,-0.507952,-1.562910,2.588963,-0.089600,0.486000,0.869300,0.003200,0.133500,0.542300,0.828800,0.034500,0.916993,0.127566,1.755808,-0.100836,0.013868,1.408864,2.542153,-0.962663,-0.865127,0.888419,-2.386196,1.172582,0.220893,-0.710242,2.239845,0.767179,2.133299,-0.556394,-1.174809,1.507891,0,1,1.0000,1.0000,1,0,0,1,0.0000,5.6354,,,,,9803,9314,3771,3354,6825,7347,2978,1818,0,149,0.47296,-0.05114,1
1786019662.4098,F_left_front_fast,F,left,0,front,fast,34,212.6000,343.8000,202.8000,285.7000,316.7000,0.0000,164.2000,350.4000,21.1000,0.0000,0.0000,0.0000,125.6000,0.0000,0.36400,-0.03700,0.85200,4.05000,-0.79000,1.61000,-0.93800,0.04400,0.26700,-0.32000,-0.27000,0.62000,12.2,2.4,1.0,0.0,1.012979,0.441191,2.230510,-0.507901,-1.562904,2.588978,-0.089600,0.486000,0.869300,0.003200,0.133500,0.542300,0.828800,0.034500,0.916993,0.127566,1.755808,-0.100836,0.013868,1.408864,2.542153,-0.962663,-0.865127,0.888419,-2.386196,1.172582,0.220893,-0.710242,2.239845,0.767179,2.133299,-0.556394,-1.174809,1.507891,0,1,1.0000,1.0000,1,0,0,1,0.0000,5.8116,,,,,9803,9314,3771,3354,6825,7347,2978,1818,0,149,0.47296,-0.05114,1
1786019662.4411,F_left_front_fast,F,left,0,front,fast,35,212.6000,343.8000,202.8000,285.7000,316.7000,0.0000,164.2000,350.4000,21.1000,0.0000,0.0000,0.0000,125.6000,0.0000,0.36400,-0.03700,0.85200,4.05000,-0.79000,1.61000,-0.93800,0.04400,0.26700,-0.32000,-0.27000,0.62000,12.2,2.4,1.0,0.0,1.012979,0.441191,2.230510,-0.507901,-1.562904,2.588978,-0.089600,0.486000,0.869300,0.003200,0.133500,0.542300,0.828800,0.034500,0.916993,0.127566,1.755808,-0.100836,0.013868,1.408864,2.542153,-0.962663,-0.865127,0.888419,-2.386196,1.172582,0.220893,-0.710242,2.239845,0.767179,2.133299,-0.556394,-1.174809,1.507891,0,1,1.0000,1.0000,1,0,0,1,0.0000,5.8116,,,,,129436,9314,3815,3354,126090,7347,3346,1818,0,149,0.47296,-0.05114,1
1786019662.4530,F_left_front_fast,F,left,0,front,fast,36,212.7000,343.8000,203.5000,285.7000,316.6000,0.0000,164.4000,350.5000,21.1000,0.0000,0.0000,0.0000,125.6000,0.0000,0.36600,0.06200,0.84200,4.81000,-0.88000,8.64000,-0.93100,0.03400,0.25300,-0.79000,1.81000,0.18000,12.7,2.3,1.0,0.0,1.012979,0.441191,2.230510,-0.507573,-1.562861,2.589097,-0.089600,0.486000,0.869300,0.003200,0.133500,0.542300,0.828800,0.034500,0.916993,0.127566,1.755808,-0.100836,0.013868,1.408864,2.542153,-0.962663,-0.865127,0.888419,-2.386196,1.172582,0.220893,-0.710242,2.239845,0.767179,2.133299,-0.556394,-1.174809,1.507891,0,1,1.0000,1.0000,1,0,0,1,0.0000,5.8589,,,,,9803,9314,3771,3354,6825,7347,2978,1818,0,149,0.47296,-0.05114,1
1786019662.4714,F_left_front_fast,F,left,0,front,fast,37,212.7000,343.8000,203.6000,285.5000,316.6000,0.0000,164.5000,350.5000,21.1000,0.0000,0.0000,0.0000,125.6000,0.0000,0.37900,0.04300,0.85600,-0.36000,0.96000,9.75000,-0.92200,0.04300,0.25800,0.95000,2.46000,-1.83000,11.8,3.0,1.0,0.0,1.274282,1.835062,2.316563,-0.392309,-0.678285,2.592542,-0.089600,0.486000,0.869300,0.003200,0.133500,0.542300,0.828800,0.034500,0.916993,0.127566,1.755808,-0.100836,0.013868,1.408864,2.542153,-0.962663,-0.865127,0.888419,-2.386196,1.172582,0.220893,-0.710242,2.239845,0.767179,2.133299,-0.556394,-1.174809,1.507891,0,0,1.0000,1.0000,1,0,0,1,0.0000,5.2977,,,,,9803,9314,3771,3354,6825,7347,2978,1818,0,149,0.47296,-0.05114,1
1786019662.4919,F_left_front_fast,F,left,0,front,fast,38,212.7000,343.8000,203.6000,285.5000,316.6000,0.0000,164.5000,350.5000,21.1000,0.0000,0.0000,0.0000,125.6000,0.0000,0.37900,0.04300,0.85600,-0.36000,0.96000,9.75000,-0.92200,0.04300,0.25800,0.95000,2.46000,-1.83000,11.8,3.0,1.0,0.0,1.274282,1.835062,2.316563,-0.392309,-0.678285,2.592542,-0.089600,0.486000,0.869300,0.003200,0.133500,0.542300,0.828800,0.034500,0.916993,0.127566,1.755808,-0.100836,0.013868,1.408864,2.542153,-0.962663,-0.865127,0.888419,-2.386196,1.172582,0.220893,-0.710242,2.239845,0.767179,2.133299,-0.556394,-1.174809,1.507891,0,0,1.0000,1.0000,1,0,0,1,0.0000,5.2977,,,,,9803,9314,3771,3354,6825,7347,2978,1818,0,149,0.47296,-0.05114,1
1786019662.5096,F_left_front_fast,F,left,0,front,fast,39,212.5000,343.8000,203.7000,285.0000,316.4000,0.0000,164.4000,350.4000,21.1000,0.0000,0.0000,0.0000,125.6000,0.0000,0.40700,0.01200,0.89300,-3.80000,1.18000,9.05000,-0.92300,0.05800,0.27600,-2.15000,0.34000,-0.93000,12.2,2.4,1.0,0.0,0.827959,0.901610,1.692522,-1.447038,-1.203567,3.155868,-0.089600,0.486000,0.869300,0.003200,0.133500,0.542300,0.828800,0.034500,0.916993,0.127566,1.755808,-0.100836,0.013868,1.408864,2.542153,-0.962663,-0.865127,0.888419,-2.386196,1.172582,0.220893,-0.710242,2.239845,0.767179,2.133299,-0.556394,-1.174809,1.507891,0,1,1.0000,1.0000,1,0,0,1,0.0000,12.7562,,,,,9803,9314,3771,3354,6825,7347,2978,1818,0,149,0.47296,-0.05114,1
1786019662.5345,F_left_front_fast,F,left,0,front,fast,40,212.5000,343.8000,203.7000,284.8000,316.2000,0.0000,164.5000,350.4000,21.1000,0.0000,0.0000,0.0000,125.6000,0.0000,0.42300,-0.03400,0.90900,-1.23000,4.67000,3.91000,-0.91500,0.05500,0.26600,-2.08000,-0.48000,-1.63000,11.3,3.6,1.0,0.0,1.012979,0.441191,2.230510,-0.507979,-1.562914,2.588946,-0.089600,0.486000,0.869300,0.003200,0.133500,0.542300,0.828800,0.034500,0.916993,0.127566,1.755808,-0.100836,0.013868,1.408864,2.542153,-0.962663,-0.865127,0.888419,-2.386196,1.172582,0.220893,-0.710242,2.239845,0.767179,2.133299,-0.556394,-1.174809,1.507891,0,1,1.0000,1.0000,1,0,0,1,0.0000,5.9328,,,,,9803,125765,3771,3410,6825,123760,2978,1858,0,147,0.47296,-0.05114,1
1786019662.5496,F_left_front_fast,F,left,0,front,fast,41,212.5000,343.8000,203.7000,284.8000,316.2000,0.0000,164.5000,350.4000,21.1000,0.0000,0.0000,0.0000,125.6000,0.0000,0.42300,-0.03400,0.90900,-1.23000,4.67000,3.91000,-0.91500,0.05500,0.26600,-2.08000,-0.48000,-1.63000,11.3,3.6,1.0,0.0,1.012979,0.441191,2.230510,-0.507979,-1.562914,2.588946,-0.089600,0.486000,0.869300,0.003200,0.133500,0.542300,0.828800,0.034500,0.916993,0.127566,1.755808,-0.100836,0.013868,1.408864,2.542153,-0.962663,-0.865127,0.888419,-2.386196,1.172582,0.220893,-0.710242,2.239845,0.767179,2.133299,-0.556394,-1.174809,1.507891,0,1,1.0000,1.0000,1,0,0,1,0.0000,5.9328,,,,,9803,9314,3771,3354,6825,7347,2978,1818,0,149,0.47296,-0.05114,1
1786019662.5702,F_left_front_fast,F,left,0,front,fast,42,212.5000,343.8000,203.7000,284.8000,316.2000,0.0000,164.5000,350.4000,21.1000,0.0000,0.0000,0.0000,125.6000,0.0000,0.42300,-0.03400,0.90900,-1.23000,4.67000,3.91000,-0.91500,0.05500,0.26600,-2.08000,-0.48000,-1.63000,12.2,3.9,1.0,0.0,1.012979,0.441191,2.230510,-0.507979,-1.562914,2.588946,-0.089600,0.486000,0.869300,0.003200,0.133500,0.542300,0.828800,0.034500,0.916993,0.127566,1.755808,-0.100836,0.013868,1.408864,2.542153,-0.962663,-0.865127,0.888419,-2.386196,1.172582,0.220893,-0.710242,2.239845,0.767179,2.133299,-0.556394,-1.174809,1.507891,0,1,1.0000,1.0000,1,0,0,1,0.0000,5.9328,,,,,9803,9314,3771,3354,6825,7347,2978,1818,0,149,0.47296,-0.05114,1
1786019662.5985,F_left_front_fast,F,left,0,front,fast,43,212.3000,343.8000,203.7000,284.6000,315.9000,0.0000,164.6000,350.4000,21.1000,0.0000,0.0000,0.0000,125.6000,0.0000,0.37600,-0.01700,0.89400,-0.59000,2.28000,1.48000,-0.92100,0.03900,0.25900,-1.56000,-0.69000,-3.76000,11.3,4.4,1.0,0.0,1.274282,1.835062,2.316563,-0.392309,-0.678285,2.592542,-0.089600,0.486000,0.869300,0.003200,0.133500,0.542300,0.828800,0.034500,0.916993,0.127566,1.755808,-0.100836,0.013868,1.408864,2.542153,-0.962663,-0.865127,0.888419,-2.386196,1.172582,0.220893,-0.710242,2.239845,0.767179,2.133299,-0.556394,-1.174809,1.507891,0,0,1.0000,1.0000,1,0,0,1,0.0000,5.4180,,,,,129436,125765,3815,3410,126090,123760,3346,1858,0,147,0.47296,-0.05114,1
1786019662.6127,F_left_front_fast,F,left,0,front,fast,44,212.3000,343.8000,203.7000,284.6000,315.9000,0.0000,164.6000,350.4000,21.1000,0.0000,0.0000,0.0000,125.6000,0.0000,0.37600,-0.01700,0.89400,-0.59000,2.28000,1.48000,-0.92100,0.03900,0.25900,-1.56000,-0.69000,-3.76000,11.3,4.4,1.0,0.0,1.274282,1.835062,2.316563,-1.446990,-1.203561,3.155885,-0.089600,0.486000,0.869300,0.003200,0.133500,0.542300,0.828800,0.034500,0.916993,0.127566,1.755808,-0.100836,0.013868,1.408864,2.542153,-0.962663,-0.865127,0.888419,-2.386196,1.172582,0.220893,-0.710242,2.239845,0.767179,2.133299,-0.556394,-1.174809,1.507891,0,0,1.0000,1.0000,1,0,0,1,0.0000,5.4180,,,,,9803,9314,3771,3354,6825,7347,2978,1818,0,149,0.47296,-0.05114,1
1786019662.6328,F_left_front_fast,F,left,0,front,fast,45,212.3000,343.8000,203.7000,284.6000,315.9000,0.0000,164.6000,350.4000,21.1000,0.0000,0.0000,0.0000,125.6000,0.0000,0.37600,-0.01700,0.89400,-0.59000,2.28000,1.48000,-0.92800,0.04400,0.26700,-0.89000,-0.82000,-4.55000,11.3,4.4,1.0,0.0,1.274282,1.835062,2.316563,-1.446990,-1.203561,3.155885,-0.089600,0.486000,0.869300,0.003200,0.133500,0.542300,0.828800,0.034500,0.916993,0.127566,1.755808,-0.100836,0.013868,1.408864,2.542153,-0.962663,-0.865127,0.888419,-2.386196,1.172582,0.220893,-0.710242,2.239845,0.767179,2.133299,-0.556394,-1.174809,1.507891,0,1,1.0000,1.0000,1,0,0,1,0.0000,12.8631,,,,,9803,9314,3771,3354,6825,7347,2978,1818,0,149,0.47296,-0.05114,1
1786019662.6504,F_left_front_fast,F,left,0,front,fast,46,212.3000,343.8000,203.7000,284.6000,315.9000,0.0000,164.6000,350.4000,21.1000,0.0000,0.0000,0.0000,125.6000,0.0000,0.37600,-0.01700,0.89400,-0.59000,2.28000,1.48000,-0.92800,0.04400,0.26700,-0.89000,-0.82000,-4.55000,11.3,4.4,1.0,0.0,1.274282,1.835062,2.316563,-1.446990,-1.203561,3.155885,-0.089600,0.486000,0.869300,0.003200,0.133500,0.542300,0.828800,0.034500,0.916993,0.127566,1.755808,-0.100836,0.013868,1.408864,2.542153,-0.962663,-0.865127,0.888419,-2.386196,1.172582,0.220893,-0.710242,2.239845,0.767179,2.133299,-0.556394,-1.174809,1.507891,0,1,1.0000,1.0000,1,0,0,1,0.0000,12.8631,,,,,9803,9314,3771,3354,6825,7347,2978,1818,0,149,0.47296,-0.05114,1
1786019662.6696,F_left_front_fast,F,left,0,front,fast,47,212.3000,343.8000,203.7000,284.6000,315.9000,0.0000,164.6000,350.4000,21.1000,0.0000,0.0000,0.0000,125.6000,0.0000,0.37600,-0.01700,0.89400,-0.59000,2.28000,1.48000,-0.92800,0.04400,0.26700,-0.89000,-0.82000,-4.55000,11.3,4.4,1.0,0.0,1.274282,1.835062,2.316563,-1.446990,-1.203561,3.155885,-0.089600,0.486000,0.869300,0.003200,0.133500,0.542300,0.828800,0.034500,0.916993,0.127566,1.755808,-0.100836,0.013868,1.408864,2.542153,-0.962663,-0.865127,0.888419,-2.386196,1.172582,0.220893,-0.710242,2.239845,0.767179,2.133299,-0.556394,-1.174809,1.507891,0,1,1.0000,1.0000,1,0,0,1,0.0000,12.8631,,,,,9803,9314,3771,3354,6825,7347,2978,1818,0,149,0.47296,-0.05114,1
1786019662.6898,F_left_front_fast,F,left,0,front,fast,48,212.3000,343.8000,203.7000,284.6000,315.9000,0.0000,164.6000,350.4000,21.1000,0.0000,0.0000,0.0000,125.6000,0.0000,0.37600,-0.01700,0.89400,-0.59000,2.28000,1.48000,-0.92800,0.04400,0.26700,-0.89000,-0.82000,-4.55000,11.3,4.4,1.0,0.0,1.274282,1.835062,2.316563,-1.446990,-1.203561,3.155885,-0.089600,0.486000,0.869300,0.003200,0.133500,0.542300,0.828800,0.034500,0.916993,0.127566,1.755808,-0.100836,0.013868,1.408864,2.542153,-0.962663,-0.865127,0.888419,-2.386196,1.172582,0.220893,-0.710242,2.239845,0.767179,2.133299,-0.556394,-1.174809,1.507891,0,1,1.0000,1.0000,1,0,0,1,0.0000,12.8631,,,,,9803,9314,3771,3354,6825,7347,2978,1818,0,149,0.47296,-0.05114,1
1786019662.7136,F_left_front_fast,F,left,0,front,fast,49,212.3000,343.8000,203.7000,284.6000,315.9000,0.0000,164.6000,350.4000,21.1000,0.0000,0.0000,0.0000,125.6000,0.0000,0.37600,-0.01700,0.89400,-0.59000,2.28000,1.48000,-0.92800,0.04400,0.26700,-0.89000,-0.82000,-4.55000,11.3,4.4,1.0,0.0,1.274282,1.835062,2.316563,-1.446990,-1.203561,3.155885,-0.089600,0.486000,0.869300,0.003200,0.133500,0.542300,0.828800,0.034500,0.916993,0.127566,1.755808,-0.100836,0.013868,1.408864,2.542153,-0.962663,-0.865127,0.888419,-2.386196,1.172582,0.220893,-0.710242,2.239845,0.767179,2.133299,-0.556394,-1.174809,1.507891,0,1,1.0000,1.0000,1,0,0,1,0.0000,12.8631,,,,,9803,9314,3771,3354,6825,7347,2978,1818,0,149,0.47296,-0.05114,1
1786019662.7297,F_left_front_fast,F,left,0,front,fast,50,212.3000,343.8000,203.7000,284.6000,315.9000,0.0000,164.6000,350.4000,21.1000,0.0000,0.0000,0.0000,125.6000,0.0000,0.37600,-0.01700,0.89400,-0.59000,2.28000,1.48000,-0.92800,0.04400,0.26700,-0.89000,-0.82000,-4.55000,11.3,4.4,1.0,0.0,1.274282,1.835062,2.316563,-1.446990,-1.203561,3.155885,-0.089600,0.486000,0.869300,0.003200,0.133500,0.542300,0.828800,0.034500,0.916993,0.127566,1.755808,-0.100836,0.013868,1.408864,2.542153,-0.962663,-0.865127,0.888419,-2.386196,1.172582,0.220893,-0.710242,2.239845,0.767179,2.133299,-0.556394,-1.174809,1.507891,0,1,1.0000,1.0000,1,0,0,1,0.0000,12.8631,,,,,9803,9314,3771,3354,6825,7347,2978,1818,0,149,0.47296,-0.05114,1
1786019662.7518,F_left_front_fast,F,left,0,front,fast,51,212.3000,343.8000,203.7000,284.6000,315.9000,0.0000,164.6000,350.4000,21.1000,0.0000,0.0000,0.0000,125.6000,0.0000,0.37600,-0.01700,0.89400,-0.59000,2.28000,1.48000,-0.92800,0.04400,0.26700,-0.89000,-0.82000,-4.55000,11.3,4.4,1.0,0.0,1.274282,1.835062,2.316563,-1.446990,-1.203561,3.155885,-0.089600,0.486000,0.869300,0.003200,0.133500,0.542300,0.828800,0.034500,0.916993,0.127566,1.755808,-0.100836,0.013868,1.408864,2.542153,-0.962663,-0.865127,0.888419,-2.386196,1.172582,0.220893,-0.710242,2.239845,0.767179,2.133299,-0.556394,-1.174809,1.507891,0,1,1.0000,1.0000,1,0,0,1,0.0000,12.8631,,,,,9803,9314,3771,3354,6825,7347,2978,1818,0,149,0.47296,-0.05114,1
1786019662.7864,F_left_front_fast,F,left,0,front,fast,52,212.3000,343.8000,203.7000,284.6000,315.9000,0.0000,164.6000,350.4000,21.1000,0.0000,0.0000,0.0000,125.6000,0.0000,0.37600,-0.01700,0.89400,-0.59000,2.28000,1.48000,-0.92800,0.04400,0.26700,-0.89000,-0.82000,-4.55000,11.7,2.2,1.0,0.0,1.274282,1.835062,2.316563,-1.446990,-1.203561,3.155885,-0.089600,0.486000,0.869300,0.003200,0.133500,0.542300,0.828800,0.034500,0.916993,0.127566,1.755808,-0.100836,0.013868,1.408864,2.542153,-0.962663,-0.865127,0.888419,-2.386196,1.172582,0.220893,-0.710242,2.239845,0.767179,2.133299,-0.556394,-1.174809,1.507891,0,1,1.0000,1.0000,1,0,0,1,0.0000,12.8631,,,,,129436,125765,3815,3410,126090,123760,3346,1858,0,147,0.47296,-0.05114,1
1786019662.7914,F_left_front_fast,F,left,0,front,fast,53,212.3000,343.8000,203.7000,284.6000,315.9000,0.0000,164.6000,350.4000,21.1000,0.0000,0.0000,0.0000,125.6000,0.0000,0.37600,-0.01700,0.89400,-0.59000,2.28000,1.48000,-0.92800,0.04400,0.26700,-0.89000,-0.82000,-4.55000,11.7,2.2,1.0,0.0,1.274282,1.835062,2.316563,-1.446990,-1.203561,3.155885,-0.089600,0.486000,0.869300,0.003200,0.133500,0.542300,0.828800,0.034500,0.916993,0.127566,1.755808,-0.100836,0.013868,1.408864,2.542153,-0.962663,-0.865127,0.888419,-2.386196,1.172582,0.220893,-0.710242,2.239845,0.767179,2.133299,-0.556394,-1.174809,1.507891,0,1,1.0000,1.0000,1,0,0,1,0.0000,12.8631,,,,,9803,9314,3771,3354,6825,7347,2978,1818,0,149,0.47296,-0.05114,1
1786019662.8097,F_left_front_fast,F,left,0,front,fast,54,212.3000,343.8000,203.7000,284.6000,315.9000,0.0000,164.6000,350.4000,21.1000,0.0000,0.0000,0.0000,125.6000,0.0000,0.37600,-0.01700,0.89400,-0.59000,2.28000,1.48000,-0.92800,0.04400,0.26700,-0.89000,-0.82000,-4.55000,11.7,2.2,1.0,0.0,1.274282,1.835062,2.316563,-1.446990,-1.203561,3.155885,-0.089600,0.486000,0.869300,0.003200,0.133500,0.542300,0.828800,0.034500,0.916993,0.127566,1.755808,-0.100836,0.013868,1.408864,2.542153,-0.962663,-0.865127,0.888419,-2.386196,1.172582,0.220893,-0.710242,2.239845,0.767179,2.133299,-0.556394,-1.174809,1.507891,0,1,1.0000,1.0000,1,0,0,1,0.0000,12.8631,,,,,9803,9314,3771,3354,6825,7347,2978,1818,0,149,0.47296,-0.05114,1
1786019662.8371,F_left_front_fast,F,left,0,front,fast,55,212.3000,343.8000,203.7000,284.6000,315.9000,0.0000,164.6000,350.4000,21.1000,0.0000,0.0000,0.0000,125.6000,0.0000,0.37600,-0.01700,0.89400,-0.59000,2.28000,1.48000,-0.92800,0.04400,0.26700,-0.89000,-0.82000,-4.55000,11.7,2.2,1.0,0.0,1.274282,1.835062,2.316563,-1.446990,-1.203561,3.155885,-0.089600,0.486000,0.869300,0.003200,0.133500,0.542300,0.828800,0.034500,0.916993,0.127566,1.755808,-0.100836,0.013868,1.408864,2.542153,-0.962663,-0.865127,0.888419,-2.386196,1.172582,0.220893,-0.710242,2.239845,0.767179,2.133299,-0.556394,-1.174809,1.507891,0,1,1.0000,1.0000,1,0,0,1,0.0000,12.8631,,,,,9803,125765,3771,3410,6825,123760,2978,1858,0,147,0.47296,-0.05114,1
1786019662.8533,F_left_front_fast,F,left,0,front,fast,56,212.3000,343.8000,203.7000,284.6000,315.9000,0.0000,164.6000,350.4000,21.1000,0.0000,0.0000,0.0000,125.6000,0.0000,0.37600,-0.01700,0.89400,-0.59000,2.28000,1.48000,-0.92800,0.04400,0.26700,-0.89000,-0.82000,-4.55000,11.7,2.2,1.0,0.0,1.274282,1.835062,2.316563,-1.446990,-1.203561,3.155885,-0.089600,0.486000,0.869300,0.003200,0.133500,0.542300,0.828800,0.034500,0.916993,0.127566,1.755808,-0.100836,0.013868,1.408864,2.542153,-0.962663,-0.865127,0.888419,-2.386196,1.172582,0.220893,-0.710242,2.239845,0.767179,2.133299,-0.556394,-1.174809,1.507891,0,1,1.0000,1.0000,1,0,0,1,0.0000,12.8631,,,,,9803,9314,3771,3354,6825,7347,2978,1818,0,149,0.47296,-0.05114,1
1786019662.8705,F_left_front_fast,F,left,0,front,fast,57,212.3000,343.8000,203.7000,284.6000,315.9000,0.0000,164.6000,350.4000,21.1000,0.0000,0.0000,0.0000,125.6000,0.0000,0.37600,-0.01700,0.89400,-0.59000,2.28000,1.48000,-0.92800,0.04400,0.26700,-0.89000,-0.82000,-4.55000,11.7,2.2,1.0,0.0,1.274282,1.835062,2.316563,-1.446990,-1.203561,3.155885,-0.089600,0.486000,0.869300,0.003200,0.133500,0.542300,0.828800,0.034500,0.916993,0.127566,1.755808,-0.100836,0.013868,1.408864,2.542153,-0.962663,-0.865127,0.888419,-2.386196,1.172582,0.220893,-0.710242,2.239845,0.767179,2.133299,-0.556394,-1.174809,1.507891,0,1,1.0000,1.0000,1,0,0,1,0.0000,12.8631,,,,,9803,9314,3771,3354,6825,7347,2978,1818,0,149,0.47296,-0.05114,1
1786019662.8897,F_left_front_fast,F,left,0,front,fast,58,212.3000,343.8000,203.7000,284.6000,315.9000,0.0000,164.6000,350.4000,21.1000,0.0000,0.0000,0.0000,125.6000,0.0000,0.37600,-0.01700,0.89400,-0.59000,2.28000,1.48000,-0.92800,0.04400,0.26700,-0.89000,-0.82000,-4.55000,11.7,2.2,1.0,0.0,1.274282,1.835062,2.316563,-1.446990,-1.203561,3.155885,-0.089600,0.486000,0.869300,0.003200,0.133500,0.542300,0.828800,0.034500,0.916993,0.127566,1.755808,-0.100836,0.013868,1.408864,2.542153,-0.962663,-0.865127,0.888419,-2.386196,1.172582,0.220893,-0.710242,2.239845,0.767179,2.133299,-0.556394,-1.174809,1.507891,0,1,1.0000,1.0000,1,0,0,1,0.0000,12.8631,,,,,9803,9314,3771,3354,6825,7347,2978,1818,0,149,0.47296,-0.05114,1
1786019662.9116,F_left_front_fast,F,left,0,front,fast,59,212.3000,343.8000,203.7000,284.6000,315.9000,0.0000,164.6000,350.4000,21.1000,0.0000,0.0000,0.0000,125.6000,0.0000,0.37600,-0.01700,0.89400,-0.59000,2.28000,1.48000,-0.92800,0.04400,0.26700,-0.89000,-0.82000,-4.55000,11.7,2.2,1.0,0.0,1.274282,1.835062,2.316563,-1.446990,-1.203561,3.155885,-0.089600,0.486000,0.869300,0.003200,0.133500,0.542300,0.828800,0.034500,0.916993,0.127566,1.755808,-0.100836,0.013868,1.408864,2.542153,-0.962663,-0.865127,0.888419,-2.386196,1.172582,0.220893,-0.710242,2.239845,0.767179,2.133299,-0.556394,-1.174809,1.507891,0,1,1.0000,1.0000,1,0,0,1,0.0000,12.8631,,,,,9803,9314,3771,3354,6825,7347,2978,1818,0,149,0.47296,-0.05114,1
1786019662.9297,F_left_front_fast,F,left,0,front,fast,60,212.3000,343.8000,203.7000,284.6000,315.9000,0.0000,164.6000,350.4000,21.1000,0.0000,0.0000,0.0000,125.6000,0.0000,0.37600,-0.01700,0.89400,-0.59000,2.28000,1.48000,-0.92800,0.04400,0.26700,-0.89000,-0.82000,-4.55000,11.7,2.2,1.0,0.0,1.274282,1.835062,2.316563,-1.446990,-1.203561,3.155885,-0.089600,0.486000,0.869300,0.003200,0.133500,0.542300,0.828800,0.034500,0.916993,0.127566,1.755808,-0.100836,0.013868,1.408864,2.542153,-0.962663,-0.865127,0.888419,-2.386196,1.172582,0.220893,-0.710242,2.239845,0.767179,2.133299,-0.556394,-1.174809,1.507891,0,1,1.0000,1.0000,1,0,0,1,0.0000,12.8631,,,,,9803,9314,3771,3354,6825,7347,2978,1818,0,149,0.47296,-0.05114,1
1786019662.9543,F_left_front_fast,F,left,0,front,fast,61,212.4000,343.7000,203.7000,84.8000,316.0000,0.0000,165.0000,350.4000,21.1000,0.0000,0.0000,0.0000,125.6000,0.0000,0.39900,-0.02000,0.89900,2.99000,-0.47000,0.29000,-0.92800,0.04400,0.26700,-0.89000,-0.82000,-4.55000,10.6,3.0,1.0,0.0,1.012979,0.441191,2.230510,-1.446990,-1.203561,3.155885,-0.089600,0.486000,0.869300,0.003200,0.133500,0.542300,0.828800,0.034500,0.916993,0.127566,1.755808,-0.100836,0.013868,1.408864,2.542153,-0.962663,-0.865127,0.888419,-2.386196,1.172582,0.220893,-0.710242,2.239845,0.767179,2.133299,-0.556394,-1.174809,1.507891,0,1,1.0000,1.0000,1,0,0,1,0.0000,12.8631,,,,,129436,9314,3815,3354,126090,7347,3346,1818,0,149,0.47296,-0.05114,1
1786019662.9696,F_left_front_fast,F,left,0,front,fast,62,212.4000,343.7000,203.7000,84.8000,316.0000,0.0000,165.0000,350.4000,21.2000,0.0000,0.0000,0.0000,125.6000,0.0000,0.39900,-0.02000,0.89900,2.99000,-0.47000,0.29000,-0.93600,0.04600,0.26000,-1.11000,-0.60000,0.82000,10.6,3.0,1.0,0.0,1.012979,0.441191,2.230510,-0.508049,-1.562923,2.588917,-0.089600,0.486000,0.869300,0.003200,0.133500,0.542300,0.828800,0.034500,0.916993,0.127566,1.755808,-0.100836,0.013868,1.408864,2.542153,-0.962663,-0.865127,0.888419,-2.386196,1.172582,0.220893,-0.710242,2.239845,0.767179,2.133299,-0.556394,-1.174809,1.507891,0,1,1.0000,1.0000,1,0,0,1,0.0000,6.3572,,,,,9803,9314,3771,3354,6825,7347,2978,1818,0,149,0.47296,-0.05114,1
1786019662.9955,F_left_front_fast,F,left,0,front,fast,63,212.4000,343.7000,203.8000,284.8000,315.8000,0.0000,165.2000,350.4000,21.1000,0.0000,0.0000,0.0000,125.6000,0.0000,0.39800,-0.00300,0.87600,5.21000,-1.24000,-1.42000,-0.91900,0.03100,0.25700,-3.89000,0.74000,-0.65000,11.7,2.7,1.0,0.0,1.012979,0.441191,2.230510,-0.507619,-1.562867,2.589079,-0.089600,0.486000,0.869300,0.003200,0.133500,0.542300,0.828800,0.034500,0.916993,0.127566,1.755808,-0.100836,0.013868,1.408864,2.542153,-0.962663,-0.865127,0.888419,-2.386196,1.172582,0.220893,-0.710242,2.239845,0.767179,2.133299,-0.556394,-1.174809,1.507891,0,1,1.0000,1.0000,0,0,1,1,0.0369,6.3955,,,,,9803,9314,3771,3354,6825,7347,2978,1818,0,149,0.47296,-0.05114,1
1786019663.0111,F_left_front_fast,F,left,0,front,fast,64,212.8000,343.7000,204.4000,284.8000,315.8000,0.0000,165.3000,350.4000,21.1000,0.0000,0.0000,0.0000,125.6000,0.0000,0.40000,0.01900,0.86000,3.08000,2.12000,-3.36000,-0.92800,0.04300,0.26300,-1.75000,2.68000,-4.52000,11.7,2.7,1.0,0.0,1.012979,0.441191,2.230510,-0.507655,-1.562871,2.589064,-0.089600,0.486000,0.869300,0.003200,0.133500,0.542300,0.828800,0.034500,0.916993,0.127566,1.755808,-0.100836,0.013868,1.408864,2.542153,-0.962663,-0.865127,0.888419,-2.386196,1.172582,0.220893,-0.710242,2.239845,0.767179,2.133299,-0.556394,-1.174809,1.507891,0,1,1.0000,1.0000,0,0,1,1,0.0624,6.4183,,,,,9803,9314,3771,3354,6825,7347,2978,1818,0,149,0.47296,-0.05114,1
1786019663.0330,F_left_front_fast,F,left,0,front,fast,65,212.8000,343.7000,204.4000,284.8000,315.8000,0.0000,165.3000,350.4000,21.1000,0.0000,0.0000,0.0000,125.6000,0.0000,0.40000,0.01900,0.86000,3.08000,2.12000,-3.36000,-0.92800,0.04300,0.26300,-1.75000,2.68000,-4.52000,11.7,2.7,1.0,0.0,1.012979,0.441191,2.230510,-0.507655,-1.562871,2.589064,-0.089600,0.486000,0.869300,0.003200,0.133500,0.542300,0.828800,0.034500,0.916993,0.127566,1.755808,-0.100836,0.013868,1.408864,2.542153,-0.962663,-0.865127,0.888419,-2.386196,1.172582,0.220893,-0.710242,2.239845,0.767179,2.133299,-0.556394,-1.174809,1.507891,0,1,1.0000,1.0000,0,0,1,1,0.0624,6.4183,,,,,9803,9314,3771,3354,6825,7347,2978,1818,0,149,0.47296,-0.05114,1
1786019663.0616,F_left_front_fast,F,left,0,front,fast,66,212.8000,343.7000,204.4000,284.8000,315.8000,0.0000,165.3000,350.4000,21.1000,0.0000,0.0000,0.0000,125.6000,0.0000,0.40000,0.01900,0.86000,3.08000,2.12000,-3.36000,-0.92800,0.04300,0.26300,-1.75000,2.68000,-4.52000,11.7,2.7,1.0,0.0,1.012979,0.441191,2.230510,-0.507655,-1.562871,2.589064,-0.089600,0.486000,0.869300,0.003200,0.133500,0.542300,0.828800,0.034500,0.916993,0.127566,1.755808,-0.100836,0.013868,1.408864,2.542153,-0.962663,-0.865127,0.888419,-2.386196,1.172582,0.220893,-0.710242,2.239845,0.767179,2.133299,-0.556394,-1.174809,1.507891,0,1,1.0000,1.0000,0,0,1,1,0.0624,6.4183,,,,,9803,9314,3771,3354,6825,7347,2978,1818,0,149,0.47296,-0.05114,1
1786019663.0696,F_left_front_fast,F,left,0,front,fast,67,212.8000,343.7000,204.4000,284.8000,315.8000,0.0000,165.3000,350.4000,21.1000,0.0000,0.0000,0.0000,125.6000,0.0000,0.40000,0.01900,0.86000,3.08000,2.12000,-3.36000,-0.92800,0.04300,0.26300,-1.75000,2.68000,-4.52000,11.7,2.7,1.0,0.0,1.012979,0.441191,2.230510,-0.507655,-1.562871,2.589064,-0.089600,0.486000,0.869300,0.003200,0.133500,0.542300,0.828800,0.034500,0.916993,0.127566,1.755808,-0.100836,0.013868,1.408864,2.542153,-0.962663,-0.865127,0.888419,-2.386196,1.172582,0.220893,-0.710242,2.239845,0.767179,2.133299,-0.556394,-1.174809,1.507891,0,1,1.0000,1.0000,0,0,1,1,0.0624,6.4183,,,,,9803,9314,3771,3354,6825,7347,2978,1818,0,149,0.47296,-0.05114,1
1786019663.0896,F_left_front_fast,F,left,0,front,fast,68,212.8000,343.7000,204.4000,284.8000,315.8000,0.0000,165.3000,350.4000,21.1000,0.0000,0.0000,0.0000,125.6000,0.0000,0.40000,0.01900,0.86000,3.08000,2.12000,-3.36000,-0.92800,0.04300,0.26300,-1.75000,2.68000,-4.52000,11.7,2.7,1.0,0.0,1.012979,0.441191,2.230510,-0.507655,-1.562871,2.589064,-0.089600,0.486000,0.869300,0.003200,0.133500,0.542300,0.828800,0.034500,0.916993,0.127566,1.755808,-0.100836,0.013868,1.408864,2.542153,-0.962663,-0.865127,0.888419,-2.386196,1.172582,0.220893,-0.710242,2.239845,0.767179,2.133299,-0.556394,-1.174809,1.507891,0,1,1.0000,1.0000,0,0,1,1,0.0624,6.4183,,,,,9803,9314,3771,3354,6825,7347,2978,1818,0,149,0.47296,-0.05114,1
1786019663.1243,F_left_front_fast,F,left,0,front,fast,69,212.8000,343.7000,204.4000,284.8000,315.8000,0.0000,165.3000,350.4000,21.1000,0.0000,0.0000,0.0000,125.6000,0.0000,0.40000,0.01900,0.86000,3.08000,2.12000,-3.36000,-0.92800,0.04300,0.26300,-1.75000,2.68000,-4.52000,11.7,2.7,1.0,0.0,1.012979,0.441191,2.230510,-0.507655,-1.562871,2.589064,-0.089600,0.486000,0.869300,0.003200,0.133500,0.542300,0.828800,0.034500,0.916993,0.127566,1.755808,-0.100836,0.013868,1.408864,2.542153,-0.962663,-0.865127,0.888419,-2.386196,1.172582,0.220893,-0.710242,2.239845,0.767179,2.133299,-0.556394,-1.174809,1.507891,0,1,1.0000,1.0000,0,0,1,1,0.0624,6.4183,,,,,129436,125765,3815,3410,126090,123760,3346,1858,0,147,0.47296,-0.05114,1
1786019663.1367,F_left_front_fast,F,left,0,front,fast,70,212.8000,343.7000,204.4000,284.8000,315.8000,0.0000,165.3000,350.4000,21.1000,0.0000,0.0000,0.0000,125.6000,0.0000,0.40000,0.01900,0.86000,3.08000,2.12000,-3.36000,-0.92800,0.04300,0.26300,-1.75000,2.68000,-4.52000,11.7,2.7,1.0,0.0,1.012979,0.441191,2.230510,-0.507655,-1.562871,2.589064,-0.089600,0.486000,0.869300,0.003200,0.133500,0.542300,0.828800,0.034500,0.916993,0.127566,1.755808,-0.100836,0.013868,1.408864,2.542153,-0.962663,-0.865127,0.888419,-2.386196,1.172582,0.220893,-0.710242,2.239845,0.767179,2.133299,-0.556394,-1.174809,1.507891,0,1,1.0000,1.0000,0,0,1,1,0.0624,6.4183,,,,,129436,125765,3815,3410,126090,123760,3346,1858,0,147,0.47296,-0.05114,1
1786019663.1580,F_left_front_fast,F,left,0,front,fast,71,212.8000,343.7000,204.4000,284.8000,315.8000,0.0000,165.3000,350.4000,21.1000,0.0000,0.0000,0.0000,125.6000,0.0000,0.40000,0.01900,0.86000,3.08000,2.12000,-3.36000,-0.92800,0.04300,0.26300,-1.75000,2.68000,-4.52000,11.7,2.7,1.0,0.0,1.012979,0.441191,2.230510,-0.507655,-1.562871,2.589064,-0.089600,0.486000,0.869300,0.003200,0.133500,0.542300,0.828800,0.034500,0.916993,0.127566,1.755808,-0.100836,0.013868,1.408864,2.542153,-0.962663,-0.865127,0.888419,-2.386196,1.172582,0.220893,-0.710242,2.239845,0.767179,2.133299,-0.556394,-1.174809,1.507891,0,1,1.0000,1.0000,0,0,1,1,0.0624,6.4183,,,,,129436,125765,3815,3410,126090,123760,3346,1858,0,147,0.47296,-0.05114,1
1786019663.1697,F_left_front_fast,F,left,0,front,fast,72,212.8000,343.7000,204.4000,284.8000,315.8000,0.0000,165.3000,350.4000,21.1000,0.0000,0.0000,0.0000,125.6000,0.0000,0.40000,0.01900,0.86000,3.08000,2.12000,-3.36000,-0.92800,0.04300,0.26300,-1.75000,2.68000,-4.52000,11.7,2.7,1.0,0.0,1.012979,0.441191,2.230510,-0.507655,-1.562871,2.589064,-0.089600,0.486000,0.869300,0.003200,0.133500,0.542300,0.828800,0.034500,0.916993,0.127566,1.755808,-0.100836,0.013868,1.408864,2.542153,-0.962663,-0.865127,0.888419,-2.386196,1.172582,0.220893,-0.710242,2.239845,0.767179,2.133299,-0.556394,-1.174809,1.507891,0,1,1.0000,1.0000,0,0,1,1,0.0624,6.4183,,,,,9803,9314,3771,3354,6825,7347,2978,1818,0,149,0.47296,-0.05114,1
1786019663.1897,F_left_front_fast,F,left,0,front,fast,73,212.8000,343.7000,204.4000,284.8000,315.8000,0.0000,165.3000,350.4000,21.1000,0.0000,0.0000,0.0000,125.6000,0.0000,0.40000,0.01900,0.86000,3.08000,2.12000,-3.36000,-0.92800,0.04300,0.26300,-1.75000,2.68000,-4.52000,11.7,2.7,1.0,0.0,1.012979,0.441191,2.230510,-0.507655,-1.562871,2.589064,-0.089600,0.486000,0.869300,0.003200,0.133500,0.542300,0.828800,0.034500,0.916993,0.127566,1.755808,-0.100836,0.013868,1.408864,2.542153,-0.962663,-0.865127,0.888419,-2.386196,1.172582,0.220893,-0.710242,2.239845,0.767179,2.133299,-0.556394,-1.174809,1.507891,0,1,1.0000,1.0000,0,0,1,1,0.0624,6.4183,,,,,9803,9314,3771,3354,6825,7347,2978,1818,0,149,0.47296,-0.05114,1
1786019663.2096,F_left_front_fast,F,left,0,front,fast,74,212.8000,343.7000,204.4000,284.8000,315.8000,0.0000,165.3000,350.4000,21.1000,0.0000,0.0000,0.0000,125.6000,0.0000,0.40000,0.01900,0.86000,3.08000,2.12000,-3.36000,-0.92800,0.04300,0.26300,-1.75000,2.68000,-4.52000,11.7,2.7,1.0,0.0,1.012979,0.441191,2.230510,-0.507655,-1.562871,2.589064,-0.089600,0.486000,0.869300,0.003200,0.133500,0.542300,0.828800,0.034500,0.916993,0.127566,1.755808,-0.100836,0.013868,1.408864,2.542153,-0.962663,-0.865127,0.888419,-2.386196,1.172582,0.220893,-0.710242,2.239845,0.767179,2.133299,-0.556394,-1.174809,1.507891,0,1,1.0000,1.0000,0,0,1,1,0.0624,6.4183,,,,,9803,9314,3771,3354,6825,7347,2978,1818,0,149,0.47296,-0.05114,1
1786019663.2306,F_left_front_fast,F,left,0,front,fast,75,212.8000,343.7000,204.4000,284.8000,315.8000,0.0000,165.3000,350.4000,21.1000,0.0000,0.0000,0.0000,125.6000,0.0000,0.40000,0.01900,0.86000,3.08000,2.12000,-3.36000,-0.92800,0.04300,0.26300,-1.75000,2.68000,-4.52000,11.7,2.7,1.0,0.0,1.012979,0.441191,2.230510,-0.507655,-1.562871,2.589064,-0.089600,0.486000,0.869300,0.003200,0.133500,0.542300,0.828800,0.034500,0.916993,0.127566,1.755808,-0.100836,0.013868,1.408864,2.542153,-0.962663,-0.865127,0.888419,-2.386196,1.172582,0.220893,-0.710242,2.239845,0.767179,2.133299,-0.556394,-1.174809,1.507891,0,1,1.0000,1.0000,0,0,1,1,0.0624,6.4183,,,,,9803,9314,3771,3354,6825,7347,2978,1818,0,149,0.47296,-0.05114,1
1786019663.2538,F_left_front_fast,F,left,0,front,fast,76,212.8000,343.7000,204.4000,284.8000,315.8000,0.0000,165.3000,350.4000,21.1000,0.0000,0.0000,0.0000,125.6000,0.0000,0.40000,0.01900,0.86000,3.08000,2.12000,-3.36000,-0.92800,0.04300,0.26300,-1.75000,2.68000,-4.52000,11.7,2.7,1.0,0.0,1.012979,0.441191,2.230510,-0.507655,-1.562871,2.589064,-0.089600,0.486000,0.869300,0.003200,0.133500,0.542300,0.828800,0.034500,0.916993,0.127566,1.755808,-0.100836,0.013868,1.408864,2.542153,-0.962663,-0.865127,0.888419,-2.386196,1.172582,0.220893,-0.710242,2.239845,0.767179,2.133299,-0.556394,-1.174809,1.507891,0,1,1.0000,1.0000,0,0,1,1,0.0624,6.4183,,,,,9803,9314,3771,3354,6825,7347,2978,1818,0,149,0.47296,-0.05114,1
1786019663.2753,F_left_front_fast,F,left,0,front,fast,77,212.8000,343.7000,204.4000,284.8000,315.8000,0.0000,165.3000,350.4000,21.1000,0.0000,0.0000,0.0000,125.6000,0.0000,0.40000,0.01900,0.86000,3.08000,2.12000,-3.36000,-0.92800,0.04300,0.26300,-1.75000,2.68000,-4.52000,11.7,2.7,1.0,0.0,1.012979,0.441191,2.230510,-0.507655,-1.562871,2.589064,-0.089600,0.486000,0.869300,0.003200,0.133500,0.542300,0.828800,0.034500,0.916993,0.127566,1.755808,-0.100836,0.013868,1.408864,2.542153,-0.962663,-0.865127,0.888419,-2.386196,1.172582,0.220893,-0.710242,2.239845,0.767179,2.133299,-0.556394,-1.174809,1.507891,0,1,1.0000,1.0000,0,0,1,1,0.0624,6.4183,,,,,9803,9314,3771,3354,6825,7347,2978,1818,0,149,0.47296,-0.05114,1
1786019663.2927,F_left_front_fast,F,left,0,front,fast,78,212.8000,343.7000,204.4000,284.8000,315.8000,0.0000,165.3000,350.4000,21.1000,0.0000,0.0000,0.0000,125.6000,0.0000,0.40000,0.01900,0.86000,3.08000,2.12000,-3.36000,-0.92800,0.04300,0.26300,-1.75000,2.68000,-4.52000,11.7,2.7,1.0,0.0,1.012979,0.441191,2.230510,-0.507655,-1.562871,2.589064,-0.089600,0.486000,0.869300,0.003200,0.133500,0.542300,0.828800,0.034500,0.916993,0.127566,1.755808,-0.100836,0.013868,1.408864,2.542153,-0.962663,-0.865127,0.888419,-2.386196,1.172582,0.220893,-0.710242,2.239845,0.767179,2.133299,-0.556394,-1.174809,1.507891,0,1,1.0000,1.0000,0,0,1,1,0.0624,6.4183,,,,,9803,9314,3771,3354,6825,7347,2978,1818,0,149,0.47296,-0.05114,1
1786019663.3125,F_left_front_fast,F,left,0,front,fast,79,212.8000,343.7000,204.4000,284.8000,315.8000,0.0000,165.3000,350.4000,21.1000,0.0000,0.0000,0.0000,125.6000,0.0000,0.40000,0.01900,0.86000,3.08000,2.12000,-3.36000,-0.92800,0.04300,0.26300,-1.75000,2.68000,-4.52000,11.7,2.7,1.0,0.0,1.012979,0.441191,2.230510,-0.507655,-1.562871,2.589064,-0.089600,0.486000,0.869300,0.003200,0.133500,0.542300,0.828800,0.034500,0.916993,0.127566,1.755808,-0.100836,0.013868,1.408864,2.542153,-0.962663,-0.865127,0.888419,-2.386196,1.172582,0.220893,-0.710242,2.239845,0.767179,2.133299,-0.556394,-1.174809,1.507891,0,1,1.0000,1.0000,0,0,1,1,0.0624,6.4183,,,,,9803,9314,3771,3354,6825,7347,2978,1818,0,149,0.47296,-0.05114,1
1786019663.3323,F_left_front_fast,F,left,0,front,fast,80,212.8000,343.7000,204.4000,284.8000,315.8000,0.0000,165.3000,350.4000,21.1000,0.0000,0.0000,0.0000,125.6000,0.0000,0.40000,0.01900,0.86000,3.08000,2.12000,-3.36000,-0.92800,0.04300,0.26300,-1.75000,2.68000,-4.52000,11.7,2.7,1.0,0.0,1.012979,0.441191,2.230510,-0.507655,-1.562871,2.589064,-0.089600,0.486000,0.869300,0.003200,0.133500,0.542300,0.828800,0.034500,0.916993,0.127566,1.755808,-0.100836,0.013868,1.408864,2.542153,-0.962663,-0.865127,0.888419,-2.386196,1.172582,0.220893,-0.710242,2.239845,0.767179,2.133299,-0.556394,-1.174809,1.507891,0,1,1.0000,1.0000,0,0,1,1,0.0624,6.4183,,,,,9803,9314,3771,3354,6825,7347,2978,1818,0,149,0.47296,-0.05114,1
1786019663.3604,F_left_front_fast,F,left,0,front,fast,81,146.3000,341.9000,199.5000,252.9000,0.0000,0.0000,151.0000,350.4000,21.1000,0.0000,0.0000,0.0000,125.6000,0.0000,0.82300,0.04900,1.02400,9.05000,-3.69000,29.67000,-0.92800,0.04300,0.26300,-1.75000,2.68000,-4.52000,15.1,5.4,1.0,0.0,1.274282,1.835062,2.316563,-0.507655,-1.562871,2.589064,-0.089600,0.486000,0.869300,0.003200,0.133500,0.542300,0.828800,0.034500,0.916993,0.127566,1.755808,-0.100836,0.013868,1.408864,2.542153,-0.962663,-0.865127,0.888419,-2.386196,1.172582,0.220893,-0.710242,2.239845,0.767179,2.133299,-0.556394,-1.174809,1.507891,0,1,1.0000,1.0000,1,0,0,1,0.0000,6.4183,,,,,9803,9314,3771,3354,6825,7347,2978,1818,0,149,0.47296,-0.05114,1
1786019663.3749,F_left_front_fast,F,left,0,front,fast,82,146.3000,341.9000,199.5000,252.9000,0.0000,0.0000,151.0000,350.4000,21.1000,0.0000,0.0000,0.0000,125.6000,0.0000,0.82300,0.04900,1.02400,9.05000,-3.69000,29.67000,-0.92700,0.01400,0.26600,-5.38000,11.66000,15.31000,15.1,5.4,1.0,0.0,1.274282,1.835062,2.316563,-0.392309,-0.678285,2.592542,-0.089600,0.486000,0.869300,0.003200,0.133500,0.542300,0.828800,0.034500,0.916993,0.127566,1.755808,-0.100836,0.013868,1.408864,2.542153,-0.962663,-0.865127,0.888419,-2.386196,1.172582,0.220893,-0.710242,2.239845,0.767179,2.133299,-0.556394,-1.174809,1.507891,0,0,1.0000,1.0000,1,0,0,1,0.0000,6.1784,,,,,9803,125765,3771,3410,6825,123760,2978,1858,0,147,0.47296,-0.05114,1
1786019663.3899,F_left_front_fast,F,left,0,front,fast,83,146.3000,341.9000,199.5000,252.9000,0.0000,0.0000,151.0000,350.4000,21.1000,0.0000,0.0000,0.0000,125.6000,0.0000,0.82300,0.04900,1.02400,9.05000,-3.69000,29.67000,-0.92700,0.01400,0.26600,-5.38000,11.66000,15.31000,15.1,5.4,1.0,0.0,1.274282,1.835062,2.316563,-0.392309,-0.678285,2.592542,-0.089600,0.486000,0.869300,0.003200,0.133500,0.542300,0.828800,0.034500,0.916993,0.127566,1.755808,-0.100836,0.013868,1.408864,2.542153,-0.962663,-0.865127,0.888419,-2.386196,1.172582,0.220893,-0.710242,2.239845,0.767179,2.133299,-0.556394,-1.174809,1.507891,0,0,1.0000,1.0000,1,0,0,1,0.0000,6.1784,,,,,9803,9314,3771,3354,6825,7347,2978,1818,0,149,0.47296,-0.05114,1
1786019663.4145,F_left_front_fast,F,left,0,front,fast,84,146.3000,341.9000,199.5000,252.9000,0.0000,0.0000,151.0000,350.4000,21.1000,0.0000,0.0000,0.0000,125.6000,0.0000,0.82300,0.04900,1.02400,9.05000,-3.69000,29.67000,-0.92700,0.01400,0.26600,-5.38000,11.66000,15.31000,15.6,5.3,1.0,0.0,1.274282,1.835062,2.316563,-0.392309,-0.678285,2.592542,-0.089600,0.486000,0.869300,0.003200,0.133500,0.542300,0.828800,0.034500,0.916993,0.127566,1.755808,-0.100836,0.013868,1.408864,2.542153,-0.962663,-0.865127,0.888419,-2.386196,1.172582,0.220893,-0.710242,2.239845,0.767179,2.133299,-0.556394,-1.174809,1.507891,0,0,1.0000,1.0000,1,0,0,1,0.0000,6.1784,,,,,129436,125765,3815,3410,126090,123760,3346,1858,0,147,0.47296,-0.05114,1
1786019663.4502,F_left_front_fast,F,left,0,front,fast,85,1448.0000,336.5000,199.5000,248.7000,0.0000,0.0000,299.6000,3504.0000,21.1000,0.0000,0.0000,0.0000,125.6000,0.0000,0.77600,0.04700,1.00800,2.02000,70.04000,-13.69000,-0.89700,0.02800,0.29300,6.07000,11.00000,7.57000,15.6,5.3,1.0,0.0,1.012979,0.441191,2.230510,-0.507098,-1.562798,2.589279,-0.089600,0.486000,0.869300,0.003200,0.133500,0.542300,0.828800,0.034500,0.916993,0.127566,1.755808,-0.100836,0.013868,1.408864,2.542153,-0.962663,-0.865127,0.888419,-2.386196,1.172582,0.220893,-0.710242,2.239845,0.767179,2.133299,-0.556394,-1.174809,1.507891,0,1,1.0000,1.0000,1,0,0,1,0.0000,6.8159,,,,,129436,125765,3815,3410,126090,123760,3346,1858,0,147,0.47296,-0.05114,1
1786019663.4506,F_left_front_fast,F,left,0,front,fast,86,1448.0000,336.5000,199.5000,248.7000,0.0000,0.0000,299.6000,3504.0000,21.1000,0.0000,0.0000,0.0000,125.6000,0.0000,0.77600,0.04700,1.00800,2.02000,70.04000,-13.69000,-0.89700,0.02800,0.29300,6.07000,11.00000,7.57000,15.6,5.3,1.0,0.0,1.012979,0.441191,2.230510,-0.507098,-1.562798,2.589279,-0.089600,0.486000,0.869300,0.003200,0.133500,0.542300,0.828800,0.034500,0.916993,0.127566,1.755808,-0.100836,0.013868,1.408864,2.542153,-0.962663,-0.865127,0.888419,-2.386196,1.172582,0.220893,-0.710242,2.239845,0.767179,2.133299,-0.556394,-1.174809,1.507891,0,1,1.0000,1.0000,1,0,0,1,0.0000,6.8159,,,,,129436,125765,3815,3410,126090,123760,3346,1858,0,147,0.47296,-0.05114,1
1786019663.4785,F_left_front_fast,F,left,0,front,fast,87,117.9000,334.3000,195.3000,247.6000,0.0000,0.0000,328.6000,350.4000,21.1000,0.0000,0.0000,0.0000,125.6000,0.0000,0.45300,-0.21500,0.72600,-12.38000,78.72000,-21.35000,-0.87800,0.13300,0.23300,8.11000,-18.79000,-3.92000,12.1,3.4,1.0,0.0,0.827959,0.901610,1.692522,-1.449172,-1.203844,3.155193,-0.089600,0.486000,0.869300,0.003200,0.133500,0.542300,0.828800,0.034500,0.916993,0.127566,1.755808,-0.100836,0.013868,1.408864,2.542153,-0.962663,-0.865127,0.888419,-2.386196,1.172582,0.220893,-0.710242,2.239845,0.767179,2.133299,-0.556394,-1.174809,1.507891,0,1,1.0000,1.0000,1,0,0,1,0.0000,13.7196,,,,,9803,125765,3771,3410,6825,123760,2978,1858,0,147,0.47296,-0.05114,1
1786019663.4915,F_left_front_fast,F,left,0,front,fast,88,113.2000,334.1000,194.5000,245.0000,0.0000,0.0000,336.3000,350.4000,21.1000,0.0000,0.0000,0.0000,125.6000,0.0000,0.39200,-0.11700,0.79600,-15.56000,81.15000,-17.21000,-0.90500,0.11800,0.21800,2.76000,-25.84000,-3.72000,12.4,3.0,1.0,0.0,1.012979,0.441191,2.230510,-0.509719,-1.563143,2.588406,-0.089600,0.486000,0.869300,0.003200,0.133500,0.542300,0.828800,0.034500,0.916993,0.127566,1.755808,-0.100836,0.013868,1.408864,2.542153,-0.962663,-0.865127,0.888419,-2.386196,1.172582,0.220893,-0.710242,2.239845,0.767179,2.133299,-0.556394,-1.174809,1.507891,0,1,1.0000,1.0000,1,0,0,1,0.0000,6.9004,,,,,9803,9314,3771,3354,6825,7347,2978,1818,0,149,0.47296,-0.05114,1
1786019663.5113,F_left_front_fast,F,left,0,front,fast,89,109.3000,333.9000,193.9000,240.7000,0.0000,18.5000,345.0000,350.4000,21.0000,0.0000,0.0000,0.0000,125.8000,0.0000,0.40600,-0.15200,0.78100,-16.33000,76.41000,-7.47000,-0.90200,0.08000,0.22300,-0.88000,-25.68000,-9.01000,10.8,3.5,1.0,0.0,1.012979,0.441191,2.230510,-0.510372,-1.563229,2.588156,-0.089600,0.486000,0.869300,0.003200,0.133500,0.542300,0.828800,0.034500,0.916993,0.127566,1.755808,-0.100836,0.013868,1.408864,2.542153,-0.962663,-0.865127,0.888419,-2.386196,1.172582,0.220893,-0.710242,2.239845,0.767179,2.133299,-0.556394,-1.174809,1.507891,0,1,1.0000,1.0000,1,0,0,1,0.0000,6.9185,,,,,9803,9314,3771,3354,6825,7347,2978,1818,0,149,0.47296,-0.05114,1
1786019663.5325,F_left_front_fast,F,left,0,front,fast,90,106.3000,333.6000,193.6000,239.2000,0.0000,17.9000,350.0000,350.4000,21.0000,0.0000,0.0000,0.0000,126.0000,0.0000,0.42200,-0.27000,0.86000,-4.05000,58.85000,-9.28000,-0.91300,0.06500,0.21400,0.79000,-25.80000,-9.89000,10.4,2.3,1.0,0.0,0.827959,0.901610,1.692522,-1.449036,-1.203826,3.155213,-0.089600,0.486000,0.869300,0.003200,0.133500,0.542300,0.828800,0.034500,0.916993,0.127566,1.755808,-0.100836,0.013868,1.408864,2.542153,-0.962663,-0.865127,0.888419,-2.386196,1.172582,0.220893,-0.710242,2.239845,0.767179,2.133299,-0.556394,-1.174809,1.507891,0,1,1.0000,1.0000,1,0,0,1,0.0000,13.7758,,,,,9803,9314,3771,3354,6825,7347,2978,1818,0,149,0.47296,-0.05114,1
1786019663.5496,F_left_front_fast,F,left,0,front,fast,91,106.3000,333.6000,193.6000,239.2000,0.0000,17.9000,350.0000,350.4000,21.0000,0.0000,0.0000,0.0000,126.0000,0.0000,0.42200,-0.27000,0.86000,-4.05000,58.85000,-9.28000,-0.91300,0.06500,0.21400,0.79000,-25.80000,-9.89000,10.4,2.3,1.0,0.0,0.827959,0.901610,1.692522,-1.449036,-1.203826,3.155213,-0.089600,0.486000,0.869300,0.003200,0.133500,0.542300,0.828800,0.034500,0.916993,0.127566,1.755808,-0.100836,0.013868,1.408864,2.542153,-0.962663,-0.865127,0.888419,-2.386196,1.172582,0.220893,-0.710242,2.239845,0.767179,2.133299,-0.556394,-1.174809,1.507891,0,1,1.0000,1.0000,1,0,0,1,0.0000,13.7758,,,,,129436,9314,3815,3354,126090,7347,3346,1818,0,149,0.47296,-0.05114,1
1786019663.5705,F_left_front_fast,F,left,0,front,fast,92,106.3000,333.6000,193.6000,239.2000,0.0000,17.9000,350.0000,350.4000,21.0000,0.0000,0.0000,0.0000,126.0000,0.0000,0.42200,-0.27000,0.86000,-4.05000,58.85000,-9.28000,-0.91300,0.06500,0.21400,0.79000,-25.80000,-9.89000,10.4,2.3,1.0,0.0,0.827959,0.901610,1.692522,-1.449036,-1.203826,3.155213,-0.089600,0.486000,0.869300,0.003200,0.133500,0.542300,0.828800,0.034500,0.916993,0.127566,1.755808,-0.100836,0.013868,1.408864,2.542153,-0.962663,-0.865127,0.888419,-2.386196,1.172582,0.220893,-0.710242,2.239845,0.767179,2.133299,-0.556394,-1.174809,1.507891,0,1,1.0000,1.0000,1,0,0,1,0.0000,13.7758,,,,,9803,9314,3771,3354,6825,7347,2978,1818,0,149,0.47296,-0.05114,1
1786019663.5926,F_left_front_fast,F,left,0,front,fast,93,106.3000,333.6000,193.6000,239.2000,0.0000,17.9000,350.0000,350.4000,21.0000,0.0000,0.0000,0.0000,126.0000,0.0000,0.42200,-0.27000,0.86000,-4.05000,58.85000,-9.28000,-0.91300,0.06500,0.21400,0.79000,-25.80000,-9.89000,10.4,2.3,1.0,0.0,0.827959,0.901610,1.692522,-1.449036,-1.203826,3.155213,-0.089600,0.486000,0.869300,0.003200,0.133500,0.542300,0.828800,0.034500,0.916993,0.127566,1.755808,-0.100836,0.013868,1.408864,2.542153,-0.962663,-0.865127,0.888419,-2.386196,1.172582,0.220893,-0.710242,2.239845,0.767179,2.133299,-0.556394,-1.174809,1.507891,0,1,1.0000,1.0000,1,0,0,1,0.0000,13.7758,,,,,9803,9314,3771,3354,6825,7347,2978,1818,0,149,0.47296,-0.05114,1
1786019663.6141,F_left_front_fast,F,left,0,front,fast,94,106.3000,333.6000,193.6000,239.2000,0.0000,17.9000,350.0000,350.4000,21.0000,0.0000,0.0000,0.0000,126.0000,0.0000,0.42200,-0.27000,0.86000,-4.05000,58.85000,-9.28000,-0.91300,0.06500,0.21400,0.79000,-25.80000,-9.89000,10.4,2.3,1.0,0.0,0.827959,0.901610,1.692522,-1.449036,-1.203826,3.155213,-0.089600,0.486000,0.869300,0.003200,0.133500,0.542300,0.828800,0.034500,0.916993,0.127566,1.755808,-0.100836,0.013868,1.408864,2.542153,-0.962663,-0.865127,0.888419,-2.386196,1.172582,0.220893,-0.710242,2.239845,0.767179,2.133299,-0.556394,-1.174809,1.507891,0,1,1.0000,1.0000,1,0,0,1,0.0000,13.7758,,,,,9803,9314,3771,3354,6825,7347,2978,1818,0,149,0.47296,-0.05114,1
1786019663.6322,F_left_front_fast,F,left,0,front,fast,95,106.3000,333.6000,193.6000,239.2000,0.0000,17.9000,350.0000,350.4000,21.0000,0.0000,0.0000,0.0000,126.0000,0.0000,0.42200,-0.27000,0.86000,-4.05000,58.85000,-9.28000,-0.91300,0.06500,0.21400,0.79000,-25.80000,-9.89000,10.4,2.3,1.0,0.0,0.827959,0.901610,1.692522,-1.449036,-1.203826,3.155213,-0.089600,0.486000,0.869300,0.003200,0.133500,0.542300,0.828800,0.034500,0.916993,0.127566,1.755808,-0.100836,0.013868,1.408864,2.542153,-0.962663,-0.865127,0.888419,-2.386196,1.172582,0.220893,-0.710242,2.239845,0.767179,2.133299,-0.556394,-1.174809,1.507891,0,1,1.0000,1.0000,1,0,0,1,0.0000,13.7758,,,,,9803,9314,3771,3354,6825,7347,2978,1818,0,149,0.47296,-0.05114,1
1786019663.6553,F_left_front_fast,F,left,0,front,fast,96,99.7000,332.7000,192.8000,236.1000,0.0000,0.0000,348.7000,350.4000,21.0000,0.0000,0.0000,0.0000,126.3000,0.0000,0.21000,-0.20400,0.92200,4.08000,8.22000,-24.25000,-0.93600,0.04200,0.28500,-7.98000,4.52000,0.11000,9.3,2.0,1.0,0.0,1.012979,0.441191,2.230510,-0.509470,-1.563110,2.588460,-0.089600,0.486000,0.869300,0.003200,0.133500,0.542300,0.828800,0.034500,0.916993,0.127566,1.755808,-0.100836,0.013868,1.408864,2.542153,-0.962663,-0.865127,0.888419,-2.386196,1.172582,0.220893,-0.710242,2.239845,0.767179,2.133299,-0.556394,-1.174809,1.507891,0,1,1.0000,1.0000,1,0,0,1,0.0000,7.0485,,,,,9803,9314,3771,3354,6825,7347,2978,1818,0,149,0.47296,-0.05114,1
1786019663.6698,F_left_front_fast,F,left,0,front,fast,97,98.9000,3.0000,193.1000,235.9000,0.0000,0.0000,347.4000,350.4000,21.0000,0.0000,0.0000,0.0000,126.3000,0.0000,0.20800,-0.18000,0.87500,-2.60000,18.23000,-11.82000,-0.90900,0.04700,0.29800,-6.53000,11.95000,-1.84000,9.9,1.8,1.0,0.0,0.827959,0.901610,1.692522,-1.448345,-1.203737,3.155443,-0.089600,0.486000,0.869300,0.003200,0.133500,0.542300,0.828800,0.034500,0.916993,0.127566,1.755808,-0.100836,0.013868,1.408864,2.542153,-0.962663,-0.865127,0.888419,-2.386196,1.172582,0.220893,-0.710242,2.239845,0.767179,2.133299,-0.556394,-1.174809,1.507891,0,1,1.0000,1.0000,1,0,0,1,0.0000,13.9155,,,,,9803,9314,3771,3354,6825,7347,2978,1818,0,149,0.47296,-0.05114,1
1786019663.6988,F_left_front_fast,F,left,0,front,fast,98,98.9000,3.0000,193.1000,235.9000,0.0000,0.0000,347.4000,350.4000,21.0000,0.0000,0.0000,0.0000,126.3000,0.0000,0.20800,-0.18000,0.87500,-2.60000,18.23000,-11.82000,-0.90900,0.04700,0.29800,-6.53000,11.95000,-1.84000,9.9,1.8,1.0,0.0,0.827959,0.901610,1.692522,-1.448345,-1.203737,3.155443,-0.089600,0.486000,0.869300,0.003200,0.133500,0.542300,0.828800,0.034500,0.916993,0.127566,1.755808,-0.100836,0.013868,1.408864,2.542153,-0.962663,-0.865127,0.888419,-2.386196,1.172582,0.220893,-0.710242,2.239845,0.767179,2.133299,-0.556394,-1.174809,1.507891,0,1,1.0000,1.0000,1,0,0,1,0.0000,13.9155,,,,,9803,9314,3771,3354,6825,7347,2978,1818,0,149,0.47296,-0.05114,1
1786019663.7097,F_left_front_fast,F,left,0,front,fast,99,98.9000,3.0000,193.1000,235.9000,0.0000,0.0000,347.4000,350.4000,21.0000,0.0000,0.0000,0.0000,126.3000,0.0000,0.20800,-0.18000,0.87500,-2.60000,18.23000,-11.82000,-0.90900,0.04700,0.29800,-6.53000,11.95000,-1.84000,9.9,1.8,1.0,0.0,0.827959,0.901610,1.692522,-1.448345,-1.203737,3.155443,-0.089600,0.486000,0.869300,0.003200,0.133500,0.542300,0.828800,0.034500,0.916993,0.127566,1.755808,-0.100836,0.013868,1.408864,2.542153,-0.962663,-0.865127,0.888419,-2.386196,1.172582,0.220893,-0.710242,2.239845,0.767179,2.133299,-0.556394,-1.174809,1.507891,0,1,1.0000,1.0000,1,0,0,1,0.0000,13.9155,,,,,9803,9314,3771,3354,6825,7347,2978,1818,0,149,0.47296,-0.05114,1
1786019663.7303,F_left_front_fast,F,left,0,front,fast,100,98.9000,3.0000,193.1000,235.9000,0.0000,0.0000,347.4000,350.4000,21.0000,0.0000,0.0000,0.0000,126.3000,0.0000,0.20800,-0.18000,0.87500,-2.60000,18.23000,-11.82000,-0.90900,0.04700,0.29800,-6.53000,11.95000,-1.84000,9.9,1.8,1.0,0.0,0.827959,0.901610,1.692522,-1.448345,-1.203737,3.155443,-0.089600,0.486000,0.869300,0.003200,0.133500,0.542300,0.828800,0.034500,0.916993,0.127566,1.755808,-0.100836,0.013868,1.408864,2.542153,-0.962663,-0.865127,0.888419,-2.386196,1.172582,0.220893,-0.710242,2.239845,0.767179,2.133299,-0.556394,-1.174809,1.507891,0,1,1.0000,1.0000,1,0,0,1,0.0000,13.9155,,,,,9803,9314,3771,3354,6825,7347,2978,1818,0,149,0.47296,-0.05114,1
1786019663.7546,F_left_front_fast,F,left,0,front,fast,101,98.9000,3.0000,193.1000,235.9000,0.0000,0.0000,347.4000,350.4000,21.0000,0.0000,0.0000,0.0000,126.3000,0.0000,0.20800,-0.18000,0.87500,-2.60000,18.23000,-11.82000,-0.90900,0.04700,0.29800,-6.53000,11.95000,-1.84000,9.9,1.8,1.0,0.0,0.827959,0.901610,1.692522,-1.448345,-1.203737,3.155443,-0.089600,0.486000,0.869300,0.003200,0.133500,0.542300,0.828800,0.034500,0.916993,0.127566,1.755808,-0.100836,0.013868,1.408864,2.542153,-0.962663,-0.865127,0.888419,-2.386196,1.172582,0.220893,-0.710242,2.239845,0.767179,2.133299,-0.556394,-1.174809,1.507891,0,1,1.0000,1.0000,1,0,0,1,0.0000,13.9155,,,,,9803,9314,3771,3354,6825,7347,2978,1818,0,149,0.47296,-0.05114,1
1786019663.7752,F_left_front_fast,F,left,0,front,fast,102,98.9000,3.0000,193.1000,235.9000,0.0000,0.0000,347.4000,350.4000,21.0000,0.0000,0.0000,0.0000,126.3000,0.0000,0.20800,-0.18000,0.87500,-2.60000,18.23000,-11.82000,-0.90900,0.04700,0.29800,-6.53000,11.95000,-1.84000,9.9,1.8,1.0,0.0,0.827959,0.901610,1.692522,-1.448345,-1.203737,3.155443,-0.089600,0.486000,0.869300,0.003200,0.133500,0.542300,0.828800,0.034500,0.916993,0.127566,1.755808,-0.100836,0.013868,1.408864,2.542153,-0.962663,-0.865127,0.888419,-2.386196,1.172582,0.220893,-0.710242,2.239845,0.767179,2.133299,-0.556394,-1.174809,1.507891,0,1,1.0000,1.0000,1,0,0,1,0.0000,13.9155,,,,,9803,125765,3771,3410,6825,123760,2978,1858,0,147,0.47296,-0.05114,1
1786019663.7915,F_left_front_fast,F,left,0,front,fast,103,98.9000,3.0000,193.1000,235.9000,0.0000,0.0000,347.4000,350.4000,21.0000,0.0000,0.0000,0.0000,126.3000,0.0000,0.20800,-0.18000,0.87500,-2.60000,18.23000,-11.82000,-0.90900,0.04700,0.29800,-6.53000,11.95000,-1.84000,9.9,1.8,1.0,0.0,0.827959,0.901610,1.692522,-1.448345,-1.203737,3.155443,-0.089600,0.486000,0.869300,0.003200,0.133500,0.542300,0.828800,0.034500,0.916993,0.127566,1.755808,-0.100836,0.013868,1.408864,2.542153,-0.962663,-0.865127,0.888419,-2.386196,1.172582,0.220893,-0.710242,2.239845,0.767179,2.133299,-0.556394,-1.174809,1.507891,0,1,1.0000,1.0000,1,0,0,1,0.0000,13.9155,,,,,9803,9314,3771,3354,6825,7347,2978,1818,0,149,0.47296,-0.05114,1
1786019663.8169,F_left_front_fast,F,left,0,front,fast,104,98.9000,3.0000,193.1000,235.9000,0.0000,0.0000,347.4000,350.4000,21.0000,0.0000,0.0000,0.0000,126.3000,0.0000,0.20800,-0.18000,0.87500,-2.60000,18.23000,-11.82000,-0.90900,0.04700,0.29800,-6.53000,11.95000,-1.84000,9.9,1.8,1.0,0.0,0.827959,0.901610,1.692522,-1.448345,-1.203737,3.155443,-0.089600,0.486000,0.869300,0.003200,0.133500,0.542300,0.828800,0.034500,0.916993,0.127566,1.755808,-0.100836,0.013868,1.408864,2.542153,-0.962663,-0.865127,0.888419,-2.386196,1.172582,0.220893,-0.710242,2.239845,0.767179,2.133299,-0.556394,-1.174809,1.507891,0,1,1.0000,1.0000,1,0,0,1,0.0000,13.9155,,,,,9803,9314,3771,3354,6825,7347,2978,1818,0,149,0.47296,-0.05114,1
1786019663.8353,F_left_front_fast,F,left,0,front,fast,105,98.9000,3.0000,193.1000,235.9000,0.0000,0.0000,347.4000,350.4000,21.0000,0.0000,0.0000,0.0000,125.6000,0.0000,0.20800,-0.18000,0.87500,-2.60000,18.23000,-11.82000,-0.93800,0.04800,0.25700,2.98000,-2.34000,0.52000,9.1,1.5,1.0,0.0,0.827959,0.901610,1.692522,-1.448010,-1.203693,3.155548,-0.089600,0.486000,0.869300,0.003200,0.133500,0.542300,0.828800,0.034500,0.916993,0.127566,1.755808,-0.100836,0.013868,1.408864,2.542153,-0.962663,-0.865127,0.888419,-2.386196,1.172582,0.220893,-0.710242,2.239845,0.767179,2.133299,-0.556394,-1.174809,1.507891,0,1,1.0000,1.0000,1,0,0,1,0.0000,14.0735,,,,,9803,125765,3771,3410,6825,123760,2978,1858,0,147,0.47296,-0.05114,1
1786019663.8585,F_left_front_fast,F,left,0,front,fast,106,98.9000,3.0000,193.1000,235.9000,0.0000,0.0000,347.4000,350.4000,21.0000,0.0000,0.0000,0.0000,125.6000,0.0000,0.20800,-0.18000,0.87500,-2.60000,18.23000,-11.82000,-0.93800,0.04800,0.25700,2.98000,-2.34000,0.52000,9.1,1.5,1.0,0.0,0.827959,0.901610,1.692522,-1.448010,-1.203693,3.155548,-0.089600,0.486000,0.869300,0.003200,0.133500,0.542300,0.828800,0.034500,0.916993,0.127566,1.755808,-0.100836,0.013868,1.408864,2.542153,-0.962663,-0.865127,0.888419,-2.386196,1.172582,0.220893,-0.710242,2.239845,0.767179,2.133299,-0.556394,-1.174809,1.507891,0,1,1.0000,1.0000,1,0,0,1,0.0000,14.0735,,,,,129436,9314,3815,3354,126090,7347,3346,1818,0,149,0.47296,-0.05114,1
1786019663.8733,F_left_front_fast,F,left,0,front,fast,107,98.9000,3.0000,193.1000,235.9000,0.0000,0.0000,347.4000,350.4000,21.0000,0.0000,0.0000,0.0000,125.6000,0.0000,0.20800,-0.18000,0.87500,-2.60000,18.23000,-11.82000,-0.93800,0.04800,0.25700,2.98000,-2.34000,0.52000,9.1,1.5,1.0,0.0,0.827959,0.901610,1.692522,-1.448010,-1.203693,3.155548,-0.089600,0.486000,0.869300,0.003200,0.133500,0.542300,0.828800,0.034500,0.916993,0.127566,1.755808,-0.100836,0.013868,1.408864,2.542153,-0.962663,-0.865127,0.888419,-2.386196,1.172582,0.220893,-0.710242,2.239845,0.767179,2.133299,-0.556394,-1.174809,1.507891,0,1,1.0000,1.0000,1,0,0,1,0.0000,14.0735,,,,,9803,9314,3771,3354,6825,7347,2978,1818,0,149,0.47296,-0.05114,1
1786019663.8902,F_left_front_fast,F,left,0,front,fast,108,98.9000,3.0000,193.1000,235.9000,0.0000,0.0000,347.4000,350.4000,21.0000,0.0000,0.0000,0.0000,125.6000,0.0000,0.20800,-0.18000,0.87500,-2.60000,18.23000,-11.82000,-0.93800,0.04800,0.25700,2.98000,-2.34000,0.52000,9.1,1.5,1.0,0.0,0.827959,0.901610,1.692522,-1.448010,-1.203693,3.155548,-0.089600,0.486000,0.869300,0.003200,0.133500,0.542300,0.828800,0.034500,0.916993,0.127566,1.755808,-0.100836,0.013868,1.408864,2.542153,-0.962663,-0.865127,0.888419,-2.386196,1.172582,0.220893,-0.710242,2.239845,0.767179,2.133299,-0.556394,-1.174809,1.507891,0,1,1.0000,1.0000,1,0,0,1,0.0000,14.0735,,,,,9803,9314,3771,3354,6825,7347,2978,1818,0,149,0.47296,-0.05114,1
1786019663.9112,F_left_front_fast,F,left,0,front,fast,109,98.9000,3.0000,193.1000,235.9000,0.0000,0.0000,347.4000,350.4000,21.0000,0.0000,0.0000,0.0000,125.6000,0.0000,0.20800,-0.18000,0.87500,-2.60000,18.23000,-11.82000,-0.93800,0.04800,0.25700,2.98000,-2.34000,0.52000,9.1,1.5,1.0,0.0,0.827959,0.901610,1.692522,-1.448010,-1.203693,3.155548,-0.089600,0.486000,0.869300,0.003200,0.133500,0.542300,0.828800,0.034500,0.916993,0.127566,1.755808,-0.100836,0.013868,1.408864,2.542153,-0.962663,-0.865127,0.888419,-2.386196,1.172582,0.220893,-0.710242,2.239845,0.767179,2.133299,-0.556394,-1.174809,1.507891,0,1,1.0000,1.0000,1,0,0,1,0.0000,14.0735,,,,,9803,9314,3771,3354,6825,7347,2978,1818,0,149,0.47296,-0.05114,1
1786019663.9350,F_left_front_fast,F,left,0,front,fast,110,98.9000,3.0000,193.1000,235.9000,0.0000,0.0000,347.4000,350.4000,21.0000,0.0000,0.0000,0.0000,125.6000,0.0000,0.20800,-0.18000,0.87500,-2.60000,18.23000,-11.82000,-0.93800,0.04800,0.25700,2.98000,-2.34000,0.52000,9.1,1.5,1.0,0.0,0.827959,0.901610,1.692522,-1.448010,-1.203693,3.155548,-0.089600,0.486000,0.869300,0.003200,0.133500,0.542300,0.828800,0.034500,0.916993,0.127566,1.755808,-0.100836,0.013868,1.408864,2.542153,-0.962663,-0.865127,0.888419,-2.386196,1.172582,0.220893,-0.710242,2.239845,0.767179,2.133299,-0.556394,-1.174809,1.507891,0,1,1.0000,1.0000,1,0,0,1,0.0000,14.0735,,,,,9803,125765,3771,3410,6825,123760,2978,1858,0,147,0.47296,-0.05114,1
1786019663.9559,F_left_front_fast,F,left,0,front,fast,111,98.9000,3.0000,193.1000,235.9000,0.0000,0.0000,347.4000,350.4000,21.0000,0.0000,0.0000,0.0000,125.6000,0.0000,0.20800,-0.18000,0.87500,-2.60000,18.23000,-11.82000,-0.93800,0.04800,0.25700,2.98000,-2.34000,0.52000,9.1,1.5,1.0,0.0,0.827959,0.901610,1.692522,-1.448010,-1.203693,3.155548,-0.089600,0.486000,0.869300,0.003200,0.133500,0.542300,0.828800,0.034500,0.916993,0.127566,1.755808,-0.100836,0.013868,1.408864,2.542153,-0.962663,-0.865127,0.888419,-2.386196,1.172582,0.220893,-0.710242,2.239845,0.767179,2.133299,-0.556394,-1.174809,1.507891,0,1,1.0000,1.0000,1,0,0,1,0.0000,14.0735,,,,,9803,9314,3771,3354,6825,7347,2978,1818,0,149,0.47296,-0.05114,1
1786019663.9809,F_left_front_fast,F,left,0,front,fast,112,98.9000,3.0000,193.1000,235.9000,0.0000,0.0000,347.4000,350.4000,21.0000,0.0000,0.0000,0.0000,125.6000,0.0000,0.20800,-0.18000,0.87500,-2.60000,18.23000,-11.82000,-0.93800,0.04800,0.25700,2.98000,-2.34000,0.52000,9.1,1.5,1.0,0.0,0.827959,0.901610,1.692522,-1.448010,-1.203693,3.155548,-0.089600,0.486000,0.869300,0.003200,0.133500,0.542300,0.828800,0.034500,0.916993,0.127566,1.755808,-0.100836,0.013868,1.408864,2.542153,-0.962663,-0.865127,0.888419,-2.386196,1.172582,0.220893,-0.710242,2.239845,0.767179,2.133299,-0.556394,-1.174809,1.507891,0,1,1.0000,1.0000,1,0,0,1,0.0000,14.0735,,,,,9803,9314,3771,3354,6825,7347,2978,1818,0,149,0.47296,-0.05114,1
1786019663.9897,F_left_front_fast,F,left,0,front,fast,113,98.9000,3.0000,193.1000,235.9000,0.0000,0.0000,347.4000,350.4000,21.0000,0.0000,0.0000,0.0000,125.6000,0.0000,0.20800,-0.18000,0.87500,-2.60000,18.23000,-11.82000,-0.93800,0.04800,0.25700,2.98000,-2.34000,0.52000,9.1,1.5,1.0,0.0,0.827959,0.901610,1.692522,-1.448010,-1.203693,3.155548,-0.089600,0.486000,0.869300,0.003200,0.133500,0.542300,0.828800,0.034500,0.916993,0.127566,1.755808,-0.100836,0.013868,1.408864,2.542153,-0.962663,-0.865127,0.888419,-2.386196,1.172582,0.220893,-0.710242,2.239845,0.767179,2.133299,-0.556394,-1.174809,1.507891,0,1,1.0000,1.0000,1,0,0,1,0.0000,14.0735,,,,,9803,9314,3771,3354,6825,7347,2978,1818,0,149,0.47296,-0.05114,1
1786019664.0096,F_left_front_fast,F,left,0,front,fast,114,98.9000,3.0000,193.1000,235.9000,0.0000,0.0000,347.4000,350.4000,21.0000,0.0000,0.0000,0.0000,125.6000,0.0000,0.20800,-0.18000,0.87500,-2.60000,18.23000,-11.82000,-0.93800,0.04800,0.25700,2.98000,-2.34000,0.52000,9.1,1.5,1.0,0.0,0.827959,0.901610,1.692522,-1.448010,-1.203693,3.155548,-0.089600,0.486000,0.869300,0.003200,0.133500,0.542300,0.828800,0.034500,0.916993,0.127566,1.755808,-0.100836,0.013868,1.408864,2.542153,-0.962663,-0.865127,0.888419,-2.386196,1.172582,0.220893,-0.710242,2.239845,0.767179,2.133299,-0.556394,-1.174809,1.507891,0,1,1.0000,1.0000,1,0,0,1,0.0000,14.0735,,,,,9803,9314,3771,3354,6825,7347,2978,1818,0,149,0.47296,-0.05114,1
1786019664.0414,F_left_front_fast,F,left,0,front,fast,115,98.9000,3.0000,193.1000,235.9000,0.0000,0.0000,347.4000,350.4000,21.0000,0.0000,0.0000,0.0000,125.6000,0.0000,0.20800,-0.18000,0.87500,-2.60000,18.23000,-11.82000,-0.93800,0.04800,0.25700,2.98000,-2.34000,0.52000,9.1,1.5,1.0,0.0,0.827959,0.901610,1.692522,-1.448010,-1.203693,3.155548,-0.089600,0.486000,0.869300,0.003200,0.133500,0.542300,0.828800,0.034500,0.916993,0.127566,1.755808,-0.100836,0.013868,1.408864,2.542153,-0.962663,-0.865127,0.888419,-2.386196,1.172582,0.220893,-0.710242,2.239845,0.767179,2.133299,-0.556394,-1.174809,1.507891,0,1,1.0000,1.0000,1,0,0,1,0.0000,14.0735,,,,,9803,125765,3771,3410,6825,123760,2978,1858,0,147,0.47296,-0.05114,1
1786019664.0521,F_left_front_fast,F,left,0,front,fast,116,96.4000,333.8000,193.8000,235.1000,0.0000,0.0000,344.2000,350.4000,21.0000,0.0000,0.0000,0.0000,125.6000,0.0000,0.15600,-0.15500,0.94300,-0.06000,5.27000,10.81000,-0.93800,0.04800,0.25700,2.98000,-2.34000,0.52000,10.0,1.7,1.0,0.0,1.274282,1.835062,2.316563,-1.448010,-1.203693,3.155548,-0.089600,0.486000,0.869300,0.003200,0.133500,0.542300,0.828800,0.034500,0.916993,0.127566,1.755808,-0.100836,0.013868,1.408864,2.542153,-0.962663,-0.865127,0.888419,-2.386196,1.172582,0.220893,-0.710242,2.239845,0.767179,2.133299,-0.556394,-1.174809,1.507891,0,1,1.0000,1.0000,1,0,0,1,0.0000,14.0735,,,,,9803,9314,3771,3354,6825,7347,2978,1818,0,149,0.47296,-0.05114,1
1786019664.0744,F_left_front_fast,F,left,0,front,fast,117,96.4000,333.8000,193.8000,235.1000,0.0000,0.0000,344.2000,350.4000,20.9000,0.0000,0.0000,0.0000,125.5000,0.0000,0.15600,-0.15500,0.94300,-0.06000,5.27000,10.81000,-0.92800,0.04200,0.27900,2.49000,1.79000,-2.56000,10.0,1.7,1.0,0.0,1.274282,1.835062,2.316563,-0.392309,-0.678285,2.592542,-0.089600,0.486000,0.869300,0.003200,0.133500,0.542300,0.828800,0.034500,0.916993,0.127566,1.755808,-0.100836,0.013868,1.408864,2.542153,-0.962663,-0.865127,0.888419,-2.386196,1.172582,0.220893,-0.710242,2.239845,0.767179,2.133299,-0.556394,-1.174809,1.507891,0,0,1.0000,1.0000,1,0,0,1,0.0000,6.8817,,,,,9803,125765,3771,3410,6825,123760,2978,1858,0,147,0.47296,-0.05114,1
1786019664.0898,F_left_front_fast,F,left,0,front,fast,118,96.4000,333.8000,193.8000,235.1000,0.0000,0.0000,344.2000,350.4000,20.9000,0.0000,0.0000,0.0000,125.5000,0.0000,0.15600,-0.15500,0.94300,-0.06000,5.27000,10.81000,-0.92800,0.04200,0.27900,2.49000,1.79000,-2.56000,10.0,1.7,1.0,0.0,1.274282,1.835062,2.316563,-0.392309,-0.678285,2.592542,-0.089600,0.486000,0.869300,0.003200,0.133500,0.542300,0.828800,0.034500,0.916993,0.127566,1.755808,-0.100836,0.013868,1.408864,2.542153,-0.962663,-0.865127,0.888419,-2.386196,1.172582,0.220893,-0.710242,2.239845,0.767179,2.133299,-0.556394,-1.174809,1.507891,0,0,1.0000,1.0000,1,0,0,1,0.0000,6.8817,,,,,9803,9314,3771,3354,6825,7347,2978,1818,0,149,0.47296,-0.05114,1
1786019664.1104,F_left_front_fast,F,left,0,front,fast,119,96.4000,333.8000,193.8000,235.1000,0.0000,0.0000,344.2000,350.4000,20.9000,0.0000,0.0000,0.0000,125.5000,0.0000,0.15600,-0.15500,0.94300,-0.06000,5.27000,10.81000,-0.92800,0.04200,0.27900,2.49000,1.79000,-2.56000,10.0,1.7,1.0,0.0,1.274282,1.835062,2.316563,-0.392309,-0.678285,2.592542,-0.089600,0.486000,0.869300,0.003200,0.133500,0.542300,0.828800,0.034500,0.916993,0.127566,1.755808,-0.100836,0.013868,1.408864,2.542153,-0.962663,-0.865127,0.888419,-2.386196,1.172582,0.220893,-0.710242,2.239845,0.767179,2.133299,-0.556394,-1.174809,1.507891,0,0,1.0000,1.0000,1,0,0,1,0.0000,6.8817,,,,,9803,9314,3771,3354,6825,7347,2978,1818,0,149,0.47296,-0.05114,1
1786019664.1324,F_left_front_fast,F,left,0,front,fast,120,96.4000,333.8000,193.8000,235.1000,0.0000,0.0000,344.2000,350.4000,20.9000,0.0000,0.0000,0.0000,125.5000,0.0000,0.15600,-0.15500,0.94300,-0.06000,5.27000,10.81000,-0.92800,0.04200,0.27900,2.49000,1.79000,-2.56000,10.0,1.7,1.0,0.0,1.274282,1.835062,2.316563,-0.392309,-0.678285,2.592542,-0.089600,0.486000,0.869300,0.003200,0.133500,0.542300,0.828800,0.034500,0.916993,0.127566,1.755808,-0.100836,0.013868,1.408864,2.542153,-0.962663,-0.865127,0.888419,-2.386196,1.172582,0.220893,-0.710242,2.239845,0.767179,2.133299,-0.556394,-1.174809,1.507891,0,0,1.0000,1.0000,1,0,0,1,0.0000,6.8817,,,,,9803,9314,3771,3354,6825,7347,2978,1818,0,149,0.47296,-0.05114,1
1786019664.1498,F_left_front_fast,F,left,0,front,fast,121,96.4000,333.8000,193.8000,235.1000,0.0000,0.0000,344.2000,350.4000,20.9000,0.0000,0.0000,0.0000,125.5000,0.0000,0.15600,-0.15500,0.94300,-0.06000,5.27000,10.81000,-0.92800,0.04200,0.27900,2.49000,1.79000,-2.56000,10.0,1.7,1.0,0.0,1.274282,1.835062,2.316563,-0.392309,-0.678285,2.592542,-0.089600,0.486000,0.869300,0.003200,0.133500,0.542300,0.828800,0.034500,0.916993,0.127566,1.755808,-0.100836,0.013868,1.408864,2.542153,-0.962663,-0.865127,0.888419,-2.386196,1.172582,0.220893,-0.710242,2.239845,0.767179,2.133299,-0.556394,-1.174809,1.507891,0,0,1.0000,1.0000,1,0,0,1,0.0000,6.8817,,,,,9803,9314,3771,3354,6825,7347,2978,1818,0,149,0.47296,-0.05114,1
1786019664.1712,F_left_front_fast,F,left,0,front,fast,122,96.4000,333.8000,193.8000,235.1000,0.0000,0.0000,344.2000,350.4000,20.9000,0.0000,0.0000,0.0000,125.5000,0.0000,0.15600,-0.15500,0.94300,-0.06000,5.27000,10.81000,-0.92800,0.04200,0.27900,2.49000,1.79000,-2.56000,10.0,1.7,1.0,0.0,1.274282,1.835062,2.316563,-0.392309,-0.678285,2.592542,-0.089600,0.486000,0.869300,0.003200,0.133500,0.542300,0.828800,0.034500,0.916993,0.127566,1.755808,-0.100836,0.013868,1.408864,2.542153,-0.962663,-0.865127,0.888419,-2.386196,1.172582,0.220893,-0.710242,2.239845,0.767179,2.133299,-0.556394,-1.174809,1.507891,0,0,1.0000,1.0000,1,0,0,1,0.0000,6.8817,,,,,129436,9314,3815,3354,126090,7347,3346,1818,0,149,0.47296,-0.05114,1
1786019664.1898,F_left_front_fast,F,left,0,front,fast,123,96.4000,333.8000,193.8000,235.1000,0.0000,0.0000,344.2000,350.4000,20.9000,0.0000,0.0000,0.0000,125.5000,0.0000,0.15600,-0.15500,0.94300,-0.06000,5.27000,10.81000,-0.92800,0.04200,0.27900,2.49000,1.79000,-2.56000,10.0,1.7,1.0,0.0,1.274282,1.835062,2.316563,-0.392309,-0.678285,2.592542,-0.089600,0.486000,0.869300,0.003200,0.133500,0.542300,0.828800,0.034500,0.916993,0.127566,1.755808,-0.100836,0.013868,1.408864,2.542153,-0.962663,-0.865127,0.888419,-2.386196,1.172582,0.220893,-0.710242,2.239845,0.767179,2.133299,-0.556394,-1.174809,1.507891,0,0,1.0000,1.0000,1,0,0,1,0.0000,6.8817,,,,,9803,9314,3771,3354,6825,7347,2978,1818,0,149,0.47296,-0.05114,1
1786019664.2110,F_left_front_fast,F,left,0,front,fast,124,96.4000,333.4000,193.9000,235.8000,0.0000,0.0000,34.0000,350.4000,20.9000,0.0000,0.0000,0.0000,125.6000,0.0000,0.13500,-0.16800,0.91400,2.27000,-2.35000,0.09000,-0.91900,0.04600,0.27100,-1.40000,-1.95000,-1.71000,9.0,1.7,1.0,0.0,0.827959,0.901610,1.692522,-1.447707,-1.203654,3.155647,-0.089600,0.486000,0.869300,0.003200,0.133500,0.542300,0.828800,0.034500,0.916993,0.127566,1.755808,-0.100836,0.013868,1.408864,2.542153,-0.962663,-0.865127,0.888419,-2.386196,1.172582,0.220893,-0.710242,2.239845,0.767179,2.133299,-0.556394,-1.174809,1.507891,0,1,1.0000,1.0000,1,0,0,1,0.0000,14.4607,,,,,9803,9314,3771,3354,6825,7347,2978,1818,0,149,0.47296,-0.05114,1
1786019664.2610,F_left_front_fast,F,left,0,front,fast,125,96.4000,333.4000,193.9000,235.8000,0.0000,0.0000,34.0000,350.4000,20.9000,0.0000,0.0000,0.0000,125.6000,0.0000,0.13500,-0.16800,0.91400,2.27000,-2.35000,0.09000,-0.91900,0.04600,0.27100,-1.40000,-1.95000,-1.71000,9.0,1.7,1.0,0.0,0.827959,0.901610,1.692522,-1.447707,-1.203654,3.155647,-0.089600,0.486000,0.869300,0.003200,0.133500,0.542300,0.828800,0.034500,0.916993,0.127566,1.755808,-0.100836,0.013868,1.408864,2.542153,-0.962663,-0.865127,0.888419,-2.386196,1.172582,0.220893,-0.710242,2.239845,0.767179,2.133299,-0.556394,-1.174809,1.507891,0,1,1.0000,1.0000,1,0,0,1,0.0000,14.4607,,,,,9803,9314,3771,3354,6825,7347,2978,1818,0,149,0.47296,-0.05114,1
1786019664.2676,F_left_front_fast,F,left,0,front,fast,126,96.2000,333.5000,194.0000,236.2000,0.0000,0.0000,347.8000,350.4000,20.9000,0.0000,0.0000,0.0000,125.6000,0.0000,0.15600,-0.17500,0.91100,0.34000,-1.81000,-2.08000,-0.93300,0.03700,0.28800,0.85000,-0.71000,-180.00000,10.4,1.3,1.0,0.0,0.827959,0.901610,1.692522,-1.447243,-1.203594,3.155812,-0.089600,0.486000,0.869300,0.003200,0.133500,0.542300,0.828800,0.034500,0.916993,0.127566,1.755808,-0.100836,0.013868,1.408864,2.542153,-0.962663,-0.865127,0.888419,-2.386196,1.172582,0.220893,-0.710242,2.239845,0.767179,2.133299,-0.556394,-1.174809,1.507891,0,1,1.0000,1.0000,1,0,0,1,0.0000,14.5059,,,,,129436,9314,3815,3354,126090,7347,3346,1818,0,149,0.47296,-0.05114,1
1786019664.2712,F_left_front_fast,F,left,0,front,fast,127,96.2000,333.5000,194.0000,236.2000,0.0000,0.0000,347.8000,350.4000,20.9000,0.0000,0.0000,0.0000,125.6000,0.0000,0.15600,-0.17500,0.91100,0.34000,-1.81000,-2.08000,-0.93300,0.03700,0.28800,0.85000,-0.71000,-180.00000,10.4,1.3,1.0,0.0,0.827959,0.901610,1.692522,-1.447243,-1.203594,3.155812,-0.089600,0.486000,0.869300,0.003200,0.133500,0.542300,0.828800,0.034500,0.916993,0.127566,1.755808,-0.100836,0.013868,1.408864,2.542153,-0.962663,-0.865127,0.888419,-2.386196,1.172582,0.220893,-0.710242,2.239845,0.767179,2.133299,-0.556394,-1.174809,1.507891,0,1,1.0000,1.0000,1,0,0,1,0.0000,14.5059,,,,,129436,125765,3815,3410,126090,123760,3346,1858,0,147,0.47296,-0.05114,1
1786019664.2896,F_left_front_fast,F,left,0,front,fast,128,96.2000,333.5000,194.0000,236.2000,0.0000,0.0000,347.8000,350.4000,20.9000,0.0000,0.0000,0.0000,125.6000,0.0000,0.15600,-0.17500,0.91100,0.34000,-1.81000,-2.08000,-0.93300,0.03700,0.28800,0.85000,-0.71000,-180.00000,10.4,1.3,1.0,0.0,0.827959,0.901610,1.692522,-1.447243,-1.203594,3.155812,-0.089600,0.486000,0.869300,0.003200,0.133500,0.542300,0.828800,0.034500,0.916993,0.127566,1.755808,-0.100836,0.013868,1.408864,2.542153,-0.962663,-0.865127,0.888419,-2.386196,1.172582,0.220893,-0.710242,2.239845,0.767179,2.133299,-0.556394,-1.174809,1.507891,0,1,1.0000,1.0000,1,0,0,1,0.0000,14.5059,,,,,9803,9314,3771,3354,6825,7347,2978,1818,0,149,0.47296,-0.05114,1
1786019664.3128,F_left_front_fast,F,left,0,front,fast,129,96.2000,333.5000,194.0000,236.2000,0.0000,0.0000,347.8000,350.4000,20.9000,0.0000,0.0000,0.0000,125.6000,0.0000,0.15600,-0.17500,0.91100,0.34000,-1.81000,-2.08000,-0.93300,0.03700,0.28800,0.85000,-0.71000,-180.00000,10.4,1.3,1.0,0.0,0.827959,0.901610,1.692522,-1.447243,-1.203594,3.155812,-0.089600,0.486000,0.869300,0.003200,0.133500,0.542300,0.828800,0.034500,0.916993,0.127566,1.755808,-0.100836,0.013868,1.408864,2.542153,-0.962663,-0.865127,0.888419,-2.386196,1.172582,0.220893,-0.710242,2.239845,0.767179,2.133299,-0.556394,-1.174809,1.507891,0,1,1.0000,1.0000,1,0,0,1,0.0000,14.5059,,,,,9803,9314,3771,3354,6825,7347,2978,1818,0,149,0.47296,-0.05114,1
1786019664.3297,F_left_front_fast,F,left,0,front,fast,130,96.2000,333.5000,194.0000,236.2000,0.0000,0.0000,347.8000,350.4000,20.9000,0.0000,0.0000,0.0000,125.6000,0.0000,0.15600,-0.17500,0.91100,0.34000,-1.81000,-2.08000,-0.93300,0.03700,0.28800,0.85000,-0.71000,-180.00000,10.4,1.3,1.0,0.0,0.827959,0.901610,1.692522,-1.447243,-1.203594,3.155812,-0.089600,0.486000,0.869300,0.003200,0.133500,0.542300,0.828800,0.034500,0.916993,0.127566,1.755808,-0.100836,0.013868,1.408864,2.542153,-0.962663,-0.865127,0.888419,-2.386196,1.172582,0.220893,-0.710242,2.239845,0.767179,2.133299,-0.556394,-1.174809,1.507891,0,1,1.0000,1.0000,1,0,0,1,0.0000,14.5059,,,,,9803,9314,3771,3354,6825,7347,2978,1818,0,149,0.47296,-0.05114,1
1786019664.3496,F_left_front_fast,F,left,0,front,fast,131,96.2000,333.5000,194.0000,236.2000,0.0000,0.0000,347.8000,350.4000,20.9000,0.0000,0.0000,0.0000,125.6000,0.0000,0.15600,-0.17500,0.91100,0.34000,-1.81000,-2.08000,-0.93300,0.03700,0.28800,0.85000,-0.71000,-180.00000,10.4,1.3,1.0,0.0,0.827959,0.901610,1.692522,-1.447243,-1.203594,3.155812,-0.089600,0.486000,0.869300,0.003200,0.133500,0.542300,0.828800,0.034500,0.916993,0.127566,1.755808,-0.100836,0.013868,1.408864,2.542153,-0.962663,-0.865127,0.888419,-2.386196,1.172582,0.220893,-0.710242,2.239845,0.767179,2.133299,-0.556394,-1.174809,1.507891,0,1,1.0000,1.0000,1,0,0,1,0.0000,14.5059,,,,,9803,9314,3771,3354,6825,7347,2978,1818,0,149,0.47296,-0.05114,1
1786019664.3700,F_left_front_fast,F,left,0,front,fast,132,96.2000,333.5000,194.0000,236.2000,0.0000,0.0000,347.8000,350.4000,20.9000,0.0000,0.0000,0.0000,125.6000,0.0000,0.15600,-0.17500,0.91100,0.34000,-1.81000,-2.08000,-0.93300,0.03700,0.28800,0.85000,-0.71000,-180.00000,10.4,1.3,1.0,0.0,0.827959,0.901610,1.692522,-1.447243,-1.203594,3.155812,-0.089600,0.486000,0.869300,0.003200,0.133500,0.542300,0.828800,0.034500,0.916993,0.127566,1.755808,-0.100836,0.013868,1.408864,2.542153,-0.962663,-0.865127,0.888419,-2.386196,1.172582,0.220893,-0.710242,2.239845,0.767179,2.133299,-0.556394,-1.174809,1.507891,0,1,1.0000,1.0000,1,0,0,1,0.0000,14.5059,,,,,9803,9314,3771,3354,6825,7347,2978,1818,0,149,0.47296,-0.05114,1
1786019664.4005,F_left_front_fast,F,left,0,front,fast,133,96.2000,333.5000,194.0000,236.2000,0.0000,0.0000,347.8000,350.4000,20.9000,0.0000,0.0000,0.0000,125.6000,0.0000,0.15600,-0.17500,0.91100,0.34000,-1.81000,-2.08000,-0.93300,0.03700,0.28800,0.85000,-0.71000,-180.00000,10.4,1.3,1.0,0.0,0.827959,0.901610,1.692522,-1.447243,-1.203594,3.155812,-0.089600,0.486000,0.869300,0.003200,0.133500,0.542300,0.828800,0.034500,0.916993,0.127566,1.755808,-0.100836,0.013868,1.408864,2.542153,-0.962663,-0.865127,0.888419,-2.386196,1.172582,0.220893,-0.710242,2.239845,0.767179,2.133299,-0.556394,-1.174809,1.507891,0,1,1.0000,1.0000,1,0,0,1,0.0000,14.5059,,,,,129436,125765,3815,3410,126090,123760,3346,1858,0,147,0.47296,-0.05114,1
1786019664.4107,F_left_front_fast,F,left,0,front,fast,134,94.8000,333.3000,194.1000,3.2000,0.0000,0.0000,349.1000,350.4000,20.9000,0.0000,0.0000,0.0000,125.6000,0.0000,0.15600,-0.15700,0.92000,5.44000,-0.67000,3.24000,-0.92400,0.05600,0.28300,-1.51000,1.06000,0.15000,9.1,0.8,1.0,0.0,1.012979,0.441191,2.230510,-0.509258,-1.563082,2.588517,-0.089600,0.486000,0.869300,0.003200,0.133500,0.542300,0.828800,0.034500,0.916993,0.127566,1.755808,-0.100836,0.013868,1.408864,2.542153,-0.962663,-0.865127,0.888419,-2.386196,1.172582,0.220893,-0.710242,2.239845,0.767179,2.133299,-0.556394,-1.174809,1.507891,0,1,1.0000,1.0000,1,0,0,1,0.0000,7.8159,,,,,9803,9314,3771,3354,6825,7347,2978,1818,0,149,0.47296,-0.05114,1
1786019664.4320,F_left_front_fast,F,left,0,front,fast,135,94.8000,333.3000,194.1000,237.3000,0.0000,0.0000,348.9000,350.4000,20.9000,0.0000,0.0000,0.0000,125.6000,0.0000,0.15500,-0.16000,0.92500,7.64000,-4.21000,1.16000,-0.93900,0.05900,0.29100,0.91000,0.42000,0.43000,8.8,1.4,1.0,0.0,1.012979,0.441191,2.230510,-0.509154,-1.563069,2.588541,-0.089600,0.486000,0.869300,0.003200,0.133500,0.542300,0.828800,0.034500,0.916993,0.127566,1.755808,-0.100836,0.013868,1.408864,2.542153,-0.962663,-0.865127,0.888419,-2.386196,1.172582,0.220893,-0.710242,2.239845,0.767179,2.133299,-0.556394,-1.174809,1.507891,0,1,1.0000,1.0000,0,0,1,1,0.0184,7.8362,,,,,9803,9314,3771,3354,6825,7347,2978,1818,0,149,0.47296,-0.05114,1
1786019664.4581,F_left_front_fast,F,left,0,front,fast,136,94.8000,333.3000,194.1000,237.3000,0.0000,0.0000,348.9000,350.4000,20.9000,0.0000,0.0000,0.0000,125.6000,0.0000,0.15500,-0.16000,0.92500,7.64000,-4.21000,1.16000,-0.93900,0.05900,0.29100,0.91000,0.42000,0.43000,8.8,1.4,1.0,0.0,1.012979,0.441191,2.230510,-0.509154,-1.563069,2.588541,-0.089600,0.486000,0.869300,0.003200,0.133500,0.542300,0.828800,0.034500,0.916993,0.127566,1.755808,-0.100836,0.013868,1.408864,2.542153,-0.962663,-0.865127,0.888419,-2.386196,1.172582,0.220893,-0.710242,2.239845,0.767179,2.133299,-0.556394,-1.174809,1.507891,0,1,1.0000,1.0000,0,0,1,1,0.0184,7.8362,,,,,9803,125765,3771,3410,6825,123760,2978,1858,0,147,0.47296,-0.05114,1
1786019664.4696,F_left_front_fast,F,left,0,front,fast,137,94.8000,333.3000,194.1000,237.4000,0.0000,0.0000,348.1000,350.4000,20.9000,0.0000,0.0000,0.0000,125.6000,0.0000,0.14000,-0.16300,0.90500,7.99000,-3.78000,-2.53000,-0.91700,0.06200,0.28300,1.34000,-0.26000,1.56000,9.7,1.5,1.0,0.0,1.274282,1.835062,2.316563,-0.392309,-0.678285,2.592542,-0.089600,0.486000,0.869300,0.003200,0.133500,0.542300,0.828800,0.034500,0.916993,0.127566,1.755808,-0.100836,0.013868,1.408864,2.542153,-0.962663,-0.865127,0.888419,-2.386196,1.172582,0.220893,-0.710242,2.239845,0.767179,2.133299,-0.556394,-1.174809,1.507891,0,0,1.0000,1.0000,1,0,0,1,0.0000,7.2929,,,,,9803,9314,3771,3354,6825,7347,2978,1818,0,149,0.47296,-0.05114,1
1786019664.4970,F_left_front_fast,F,left,0,front,fast,138,94.8000,333.2000,194.2000,237.6000,0.0000,0.0000,348.2000,350.4000,20.9000,0.0000,0.0000,0.0000,125.6000,0.0000,0.15200,-0.14700,0.91400,0.15000,2.87000,5.45000,-0.91700,0.06200,0.28300,1.34000,-0.26000,1.56000,9.7,1.5,1.0,0.0,1.012979,0.441191,2.230510,-0.392309,-0.678285,2.592542,-0.089600,0.486000,0.869300,0.003200,0.133500,0.542300,0.828800,0.034500,0.916993,0.127566,1.755808,-0.100836,0.013868,1.408864,2.542153,-0.962663,-0.865127,0.888419,-2.386196,1.172582,0.220893,-0.710242,2.239845,0.767179,2.133299,-0.556394,-1.174809,1.507891,0,0,1.0000,1.0000,0,0,1,1,0.0836,7.2929,,,,,9803,125765,3771,3410,6825,123760,2978,1858,0,147,0.47296,-0.05114,1
1786019664.5118,F_left_front_fast,F,left,0,front,fast,139,94.8000,333.2000,194.2000,237.6000,0.0000,0.0000,348.2000,350.4000,20.9000,0.0000,0.0000,0.0000,125.6000,0.0000,0.15200,-0.14700,0.91400,0.15000,2.87000,5.45000,-0.91700,0.06200,0.28300,1.34000,-0.26000,1.56000,8.2,1.8,1.0,0.0,1.012979,0.441191,2.230510,-0.392309,-0.678285,2.592542,-0.089600,0.486000,0.869300,0.003200,0.133500,0.542300,0.828800,0.034500,0.916993,0.127566,1.755808,-0.100836,0.013868,1.408864,2.542153,-0.962663,-0.865127,0.888419,-2.386196,1.172582,0.220893,-0.710242,2.239845,0.767179,2.133299,-0.556394,-1.174809,1.507891,0,0,1.0000,1.0000,0,0,1,1,0.0836,7.2929,,,,,9803,9314,3771,3354,6825,7347,2978,1818,0,149,0.47296,-0.05114,1
1786019664.5320,F_left_front_fast,F,left,0,front,fast,140,94.7000,333.2000,194.3000,238.0000,0.0000,0.0000,347.9000,350.4000,20.9000,0.0000,0.0000,0.0000,125.6000,0.0000,0.15700,-0.16100,0.91300,-0.55000,6.12000,6.34000,-0.91400,0.04100,0.25200,-2.74000,-3.23000,3.02000,8.5,1.0,1.0,0.0,0.827959,0.901610,1.692522,-1.447163,-1.203583,3.155830,-0.089600,0.486000,0.869300,0.003200,0.133500,0.542300,0.828800,0.034500,0.916993,0.127566,1.755808,-0.100836,0.013868,1.408864,2.542153,-0.962663,-0.865127,0.888419,-2.386196,1.172582,0.220893,-0.710242,2.239845,0.767179,2.133299,-0.556394,-1.174809,1.507891,0,1,1.0000,1.0000,1,0,0,1,0.0000,14.7798,,,,,129436,9314,3815,3354,126090,7347,3346,1818,0,149,0.47296,-0.05114,1
1786019664.5519,F_left_front_fast,F,left,0,front,fast,141,94.7000,333.2000,194.4000,238.0000,0.0000,0.0000,348.4000,350.4000,20.9000,0.0000,0.0000,0.0000,125.6000,0.0000,0.15800,-0.15400,0.91000,-2.87000,8.74000,8.94000,-0.90800,0.04200,0.24200,-2.76000,-2.35000,0.63000,9.8,1.0,1.0,0.0,0.827959,0.901610,1.692522,-1.447092,-1.203574,3.155853,-0.089600,0.486000,0.869300,0.003200,0.133500,0.542300,0.828800,0.034500,0.916993,0.127566,1.755808,-0.100836,0.013868,1.408864,2.542153,-0.962663,-0.865127,0.888419,-2.386196,1.172582,0.220893,-0.710242,2.239845,0.767179,2.133299,-0.556394,-1.174809,1.507891,0,1,1.0000,1.0000,1,0,0,1,0.0000,14.7977,,,,,9803,9314,3771,3354,6825,7347,2978,1818,0,149,0.47296,-0.05114,1
1786019664.5697,F_left_front_fast,F,left,0,front,fast,142,94.7000,333.2000,194.4000,238.0000,0.0000,0.0000,348.4000,350.4000,20.9000,0.0000,0.0000,0.0000,125.6000,0.0000,0.15800,-0.15400,0.91000,-2.87000,8.74000,8.94000,-0.90800,0.04200,0.24200,-2.76000,-2.35000,0.63000,9.8,1.0,1.0,0.0,0.827959,0.901610,1.692522,-1.447092,-1.203574,3.155853,-0.089600,0.486000,0.869300,0.003200,0.133500,0.542300,0.828800,0.034500,0.916993,0.127566,1.755808,-0.100836,0.013868,1.408864,2.542153,-0.962663,-0.865127,0.888419,-2.386196,1.172582,0.220893,-0.710242,2.239845,0.767179,2.133299,-0.556394,-1.174809,1.507891,0,1,1.0000,1.0000,1,0,0,1,0.0000,14.7977,,,,,9803,9314,3771,3354,6825,7347,2978,1818,0,149,0.47296,-0.05114,1
1786019664.5998,F_left_front_fast,F,left,0,front,fast,143,94.7000,333.2000,194.4000,238.0000,0.0000,0.0000,348.4000,350.4000,20.9000,0.0000,0.0000,0.0000,125.6000,0.0000,0.15800,-0.15400,0.91000,-2.87000,8.74000,8.94000,-0.90800,0.04200,0.24200,-2.76000,-2.35000,0.63000,9.8,1.0,1.0,0.0,0.827959,0.901610,1.692522,-1.447092,-1.203574,3.155853,-0.089600,0.486000,0.869300,0.003200,0.133500,0.542300,0.828800,0.034500,0.916993,0.127566,1.755808,-0.100836,0.013868,1.408864,2.542153,-0.962663,-0.865127,0.888419,-2.386196,1.172582,0.220893,-0.710242,2.239845,0.767179,2.133299,-0.556394,-1.174809,1.507891,0,1,1.0000,1.0000,1,0,0,1,0.0000,14.7977,,,,,9803,9314,3771,3354,6825,7347,2978,1818,0,149,0.47296,-0.05114,1
1786019664.6098,F_left_front_fast,F,left,0,front,fast,144,94.7000,333.2000,194.4000,238.0000,0.0000,0.0000,348.4000,350.4000,20.9000,0.0000,0.0000,0.0000,125.6000,0.0000,0.15800,-0.15400,0.91000,-2.87000,8.74000,8.94000,-0.90800,0.04200,0.24200,-2.76000,-2.35000,0.63000,9.8,1.0,1.0,0.0,0.827959,0.901610,1.692522,-1.447092,-1.203574,3.155853,-0.089600,0.486000,0.869300,0.003200,0.133500,0.542300,0.828800,0.034500,0.916993,0.127566,1.755808,-0.100836,0.013868,1.408864,2.542153,-0.962663,-0.865127,0.888419,-2.386196,1.172582,0.220893,-0.710242,2.239845,0.767179,2.133299,-0.556394,-1.174809,1.507891,0,1,1.0000,1.0000,1,0,0,1,0.0000,14.7977,,,,,9803,9314,3771,3354,6825,7347,2978,1818,0,149,0.47296,-0.05114,1
1786019664.6305,F_left_front_fast,F,left,0,front,fast,145,94.7000,333.2000,194.4000,238.0000,0.0000,0.0000,348.4000,350.4000,20.9000,0.0000,0.0000,0.0000,125.6000,0.0000,0.15800,-0.15400,0.91000,-2.87000,8.74000,8.94000,-0.90800,0.04200,0.24200,-2.76000,-2.35000,0.63000,9.8,1.0,1.0,0.0,0.827959,0.901610,1.692522,-1.447092,-1.203574,3.155853,-0.089600,0.486000,0.869300,0.003200,0.133500,0.542300,0.828800,0.034500,0.916993,0.127566,1.755808,-0.100836,0.013868,1.408864,2.542153,-0.962663,-0.865127,0.888419,-2.386196,1.172582,0.220893,-0.710242,2.239845,0.767179,2.133299,-0.556394,-1.174809,1.507891,0,1,1.0000,1.0000,1,0,0,1,0.0000,14.7977,,,,,9803,9314,3771,3354,6825,7347,2978,1818,0,149,0.47296,-0.05114,1
1786019664.6540,F_left_front_fast,F,left,0,front,fast,146,94.5000,332.2000,195.4000,237.8000,0.0000,0.0000,350.1000,350.4000,20.9000,0.0000,0.0000,0.0000,125.6000,0.0000,0.13800,-0.14800,0.92300,11.66000,-2.91000,0.35000,-0.90800,0.04200,0.24200,-2.76000,-2.35000,0.63000,9.9,1.6,1.0,0.0,1.274282,1.835062,2.316563,-0.392309,-0.678285,2.592542,-0.089600,0.486000,0.869300,0.003200,0.133500,0.542300,0.828800,0.034500,0.916993,0.127566,1.755808,-0.100836,0.013868,1.408864,2.542153,-0.962663,-0.865127,0.888419,-2.386196,1.172582,0.220893,-0.710242,2.239845,0.767179,2.133299,-0.556394,-1.174809,1.507891,0,1,1.0000,1.0000,1,0,0,1,0.0000,14.7977,,,,,9803,9314,3771,3354,6825,7347,2978,1818,0,149,0.47296,-0.05114,1
1786019664.6807,F_left_front_fast,F,left,0,front,fast,147,94.5000,332.2000,195.4000,237.8000,0.0000,0.0000,350.1000,350.4000,20.8000,0.0000,0.0000,0.0000,125.6000,0.0000,0.13800,-0.14800,0.92300,11.66000,-2.91000,0.35000,-0.93300,0.05400,0.28700,-2.39000,1.58000,-2.37000,8.5,2.5,1.0,0.0,1.274282,1.835062,2.316563,-0.392309,-0.678285,2.592542,-0.089600,0.486000,0.869300,0.003200,0.133500,0.542300,0.828800,0.034500,0.916993,0.127566,1.755808,-0.100836,0.013868,1.408864,2.542153,-0.962663,-0.865127,0.888419,-2.386196,1.172582,0.220893,-0.710242,2.239845,0.767179,2.133299,-0.556394,-1.174809,1.507891,0,0,1.0000,1.0000,1,0,0,1,0.0000,7.4794,,,,,9803,9314,3771,3354,6825,7347,2978,1818,0,149,0.47296,-0.05114,1
1786019664.6931,F_left_front_fast,F,left,0,front,fast,148,94.5000,331.9000,195.9000,238.1000,0.0000,0.0000,349.9000,350.4000,21.0000,0.0000,0.0000,0.0000,125.6000,0.0000,0.14200,-0.15600,0.91300,7.79000,-0.25000,6.82000,-0.92400,0.05400,0.29300,-0.37000,-0.83000,-0.11000,8.3,2.5,1.0,0.0,1.012979,0.441191,2.230510,-0.508852,-1.563029,2.588635,-0.089600,0.486000,0.869300,0.003200,0.133500,0.542300,0.828800,0.034500,0.916993,0.127566,1.755808,-0.100836,0.013868,1.408864,2.542153,-0.962663,-0.865127,0.888419,-2.386196,1.172582,0.220893,-0.710242,2.239845,0.767179,2.133299,-0.556394,-1.174809,1.507891,0,1,1.0000,1.0000,1,0,0,1,0.0000,8.0997,,,,,9803,9314,3771,3354,6825,7347,2978,1818,0,149,0.47296,-0.05114,1
1786019664.7116,F_left_front_fast,F,left,0,front,fast,149,94.5000,331.7000,196.1000,238.2000,0.0000,0.0000,350.3000,350.4000,21.0000,0.0000,0.0000,0.0000,125.7000,0.0000,0.16200,-0.14900,0.91600,8.59000,-0.54000,6.37000,-0.92600,0.05100,0.28700,0.62000,-1.30000,0.20000,9.7,4.6,1.0,0.0,0.827959,0.901610,1.692522,-1.447121,-1.203578,3.155840,-0.089600,0.486000,0.869300,0.003200,0.133500,0.542300,0.828800,0.034500,0.916993,0.127566,1.755808,-0.100836,0.013868,1.408864,2.542153,-0.962663,-0.865127,0.888419,-2.386196,1.172582,0.220893,-0.710242,2.239845,0.767179,2.133299,-0.556394,-1.174809,1.507891,0,1,1.0000,1.0000,1,0,0,1,0.0000,14.9577,,,,,129436,125765,3815,3410,126090,123760,3346,1858,0,147,0.47296,-0.05114,1
1786019664.7304,F_left_front_fast,F,left,0,front,fast,150,94.5000,331.7000,196.1000,238.2000,0.0000,0.0000,350.3000,350.4000,21.0000,0.0000,0.0000,0.0000,125.7000,0.0000,0.16200,-0.14900,0.91600,8.59000,-0.54000,6.37000,-0.92600,0.05100,0.28700,0.62000,-1.30000,0.20000,9.7,4.6,1.0,0.0,0.827959,0.901610,1.692522,-1.447121,-1.203578,3.155840,-0.089600,0.486000,0.869300,0.003200,0.133500,0.542300,0.828800,0.034500,0.916993,0.127566,1.755808,-0.100836,0.013868,1.408864,2.542153,-0.962663,-0.865127,0.888419,-2.386196,1.172582,0.220893,-0.710242,2.239845,0.767179,2.133299,-0.556394,-1.174809,1.507891,0,1,1.0000,1.0000,1,0,0,1,0.0000,14.9577,,,,,129436,125765,3815,3410,126090,123760,3346,1858,0,147,0.47296,-0.05114,1
1786019664.7497,F_left_front_fast,F,left,0,front,fast,151,94.5000,331.4000,196.2000,238.6000,0.0000,0.0000,350.3000,350.4000,21.0000,0.0000,0.0000,0.0000,125.7000,0.0000,0.16000,-0.13800,0.90900,7.89000,-0.94000,1.84000,-0.93200,0.05200,0.27600,1.37000,-1.95000,0.44000,7.1,2.6,1.0,0.0,0.827959,0.901610,1.692522,-1.447198,-1.203588,3.155809,-0.089600,0.486000,0.869300,0.003200,0.133500,0.542300,0.828800,0.034500,0.916993,0.127566,1.755808,-0.100836,0.013868,1.408864,2.542153,-0.962663,-0.865127,0.888419,-2.386196,1.172582,0.220893,-0.710242,2.239845,0.767179,2.133299,-0.556394,-1.174809,1.507891,0,1,1.0000,1.0000,1,0,0,1,0.0000,14.9932,,,,,9803,9314,3771,3354,6825,7347,2978,1818,0,149,0.47296,-0.05114,1
1786019664.7698,F_left_front_fast,F,left,0,front,fast,152,94.5000,331.4000,196.2000,238.6000,0.0000,0.0000,350.3000,350.4000,21.0000,0.0000,0.0000,0.0000,125.7000,0.0000,0.16000,-0.13800,0.90900,7.89000,-0.94000,1.84000,-0.93200,0.05200,0.27600,1.37000,-1.95000,0.44000,7.1,2.6,1.0,0.0,0.827959,0.901610,1.692522,-1.447198,-1.203588,3.155809,-0.089600,0.486000,0.869300,0.003200,0.133500,0.542300,0.828800,0.034500,0.916993,0.127566,1.755808,-0.100836,0.013868,1.408864,2.542153,-0.962663,-0.865127,0.888419,-2.386196,1.172582,0.220893,-0.710242,2.239845,0.767179,2.133299,-0.556394,-1.174809,1.507891,0,1,1.0000,1.0000,1,0,0,1,0.0000,14.9932,,,,,9803,9314,3771,3354,6825,7347,2978,1818,0,149,0.47296,-0.05114,1
1786019664.7898,F_left_front_fast,F,left,0,front,fast,153,94.5000,331.4000,196.2000,238.6000,0.0000,0.0000,350.3000,350.4000,21.0000,0.0000,0.0000,0.0000,125.7000,0.0000,0.16000,-0.13800,0.90900,7.89000,-0.94000,1.84000,-0.93200,0.05200,0.27600,1.37000,-1.95000,0.44000,7.1,2.6,1.0,0.0,0.827959,0.901610,1.692522,-1.447198,-1.203588,3.155809,-0.089600,0.486000,0.869300,0.003200,0.133500,0.542300,0.828800,0.034500,0.916993,0.127566,1.755808,-0.100836,0.013868,1.408864,2.542153,-0.962663,-0.865127,0.888419,-2.386196,1.172582,0.220893,-0.710242,2.239845,0.767179,2.133299,-0.556394,-1.174809,1.507891,0,1,1.0000,1.0000,1,0,0,1,0.0000,14.9932,,,,,9803,9314,3771,3354,6825,7347,2978,1818,0,149,0.47296,-0.05114,1
1786019664.8309,F_left_front_fast,F,left,0,front,fast,154,94.1000,331.4000,196.4000,239.2000,0.0000,0.0000,349.7000,350.4000,21.0000,0.0000,0.0000,0.0000,125.5000,0.0000,0.16000,-0.13100,0.91000,-1.25000,6.27000,3.18000,-0.92900,0.05000,0.25700,-1.98000,0.15000,-1.87000,7.8,1.3,1.0,0.0,1.012979,0.441191,2.230510,-0.508743,-1.563015,2.588670,-0.089600,0.486000,0.869300,0.003200,0.133500,0.542300,0.828800,0.034500,0.916993,0.127566,1.755808,-0.100836,0.013868,1.408864,2.542153,-0.962663,-0.865127,0.888419,-2.386196,1.172582,0.220893,-0.710242,2.239845,0.767179,2.133299,-0.556394,-1.174809,1.507891,0,1,1.0000,1.0000,1,0,0,1,0.0000,8.2186,,,,,129436,125765,3815,3410,126090,123760,3346,1858,0,147,0.47296,-0.05114,1
1786019664.8326,F_left_front_fast,F,left,0,front,fast,155,94.1000,331.4000,196.4000,239.2000,0.0000,0.0000,349.7000,350.4000,21.0000,0.0000,0.0000,0.0000,125.5000,0.0000,0.16000,-0.13100,0.91000,-1.25000,6.27000,3.18000,-0.92900,0.05000,0.25700,-1.98000,0.15000,-1.87000,7.8,1.3,1.0,0.0,1.012979,0.441191,2.230510,-0.508743,-1.563015,2.588670,-0.089600,0.486000,0.869300,0.003200,0.133500,0.542300,0.828800,0.034500,0.916993,0.127566,1.755808,-0.100836,0.013868,1.408864,2.542153,-0.962663,-0.865127,0.888419,-2.386196,1.172582,0.220893,-0.710242,2.239845,0.767179,2.133299,-0.556394,-1.174809,1.507891,0,1,1.0000,1.0000,1,0,0,1,0.0000,8.2186,,,,,129436,125765,3815,3410,126090,123760,3346,1858,0,147,0.47296,-0.05114,1
1786019664.8519,F_left_front_fast,F,left,0,front,fast,156,94.1000,331.4000,196.4000,239.2000,0.0000,0.0000,349.7000,350.4000,21.0000,0.0000,0.0000,0.0000,125.5000,0.0000,0.16000,-0.13100,0.91000,-1.25000,6.27000,3.18000,-0.92900,0.05000,0.25700,-1.98000,0.15000,-1.87000,7.8,1.3,1.0,0.0,1.012979,0.441191,2.230510,-0.508743,-1.563015,2.588670,-0.089600,0.486000,0.869300,0.003200,0.133500,0.542300,0.828800,0.034500,0.916993,0.127566,1.755808,-0.100836,0.013868,1.408864,2.542153,-0.962663,-0.865127,0.888419,-2.386196,1.172582,0.220893,-0.710242,2.239845,0.767179,2.133299,-0.556394,-1.174809,1.507891,0,1,1.0000,1.0000,1,0,0,1,0.0000,8.2186,,,,,9803,9314,3771,3354,6825,7347,2978,1818,0,149,0.47296,-0.05114,1
1786019664.8715,F_left_front_fast,F,left,0,front,fast,157,94.1000,331.4000,196.4000,239.2000,0.0000,0.0000,349.7000,350.4000,21.0000,0.0000,0.0000,0.0000,125.5000,0.0000,0.16000,-0.13100,0.91000,-1.25000,6.27000,3.18000,-0.92900,0.05000,0.25700,-1.98000,0.15000,-1.87000,7.8,1.3,1.0,0.0,1.012979,0.441191,2.230510,-0.508743,-1.563015,2.588670,-0.089600,0.486000,0.869300,0.003200,0.133500,0.542300,0.828800,0.034500,0.916993,0.127566,1.755808,-0.100836,0.013868,1.408864,2.542153,-0.962663,-0.865127,0.888419,-2.386196,1.172582,0.220893,-0.710242,2.239845,0.767179,2.133299,-0.556394,-1.174809,1.507891,0,1,1.0000,1.0000,1,0,0,1,0.0000,8.2186,,,,,129436,9314,3815,3354,126090,7347,3346,1818,0,149,0.47296,-0.05114,1
1786019664.8907,F_left_front_fast,F,left,0,front,fast,158,94.1000,331.4000,196.4000,239.2000,0.0000,0.0000,349.7000,350.4000,21.0000,0.0000,0.0000,0.0000,125.5000,0.0000,0.16000,-0.13100,0.91000,-1.25000,6.27000,3.18000,-0.92900,0.05000,0.25700,-1.98000,0.15000,-1.87000,7.8,1.3,1.0,0.0,1.012979,0.441191,2.230510,-0.508743,-1.563015,2.588670,-0.089600,0.486000,0.869300,0.003200,0.133500,0.542300,0.828800,0.034500,0.916993,0.127566,1.755808,-0.100836,0.013868,1.408864,2.542153,-0.962663,-0.865127,0.888419,-2.386196,1.172582,0.220893,-0.710242,2.239845,0.767179,2.133299,-0.556394,-1.174809,1.507891,0,1,1.0000,1.0000,1,0,0,1,0.0000,8.2186,,,,,9803,9314,3771,3354,6825,7347,2978,1818,0,149,0.47296,-0.05114,1
1786019664.9127,F_left_front_fast,F,left,0,front,fast,159,94.1000,331.4000,196.4000,239.2000,0.0000,0.0000,349.7000,350.4000,21.0000,0.0000,0.0000,0.0000,125.5000,0.0000,0.16000,-0.13100,0.91000,-1.25000,6.27000,3.18000,-0.92900,0.05000,0.25700,-1.98000,0.15000,-1.87000,7.8,1.3,1.0,0.0,1.012979,0.441191,2.230510,-0.508743,-1.563015,2.588670,-0.089600,0.486000,0.869300,0.003200,0.133500,0.542300,0.828800,0.034500,0.916993,0.127566,1.755808,-0.100836,0.013868,1.408864,2.542153,-0.962663,-0.865127,0.888419,-2.386196,1.172582,0.220893,-0.710242,2.239845,0.767179,2.133299,-0.556394,-1.174809,1.507891,0,1,1.0000,1.0000,1,0,0,1,0.0000,8.2186,,,,,9803,9314,3771,3354,6825,7347,2978,1818,0,149,0.47296,-0.05114,1
1786019664.9297,F_left_front_fast,F,left,0,front,fast,160,94.1000,331.4000,196.4000,239.2000,0.0000,0.0000,349.7000,350.4000,21.0000,0.0000,0.0000,0.0000,125.5000,0.0000,0.16000,-0.13100,0.91000,-1.25000,6.27000,3.18000,-0.92900,0.05000,0.25700,-1.98000,0.15000,-1.87000,7.8,1.3,1.0,0.0,1.012979,0.441191,2.230510,-0.508743,-1.563015,2.588670,-0.089600,0.486000,0.869300,0.003200,0.133500,0.542300,0.828800,0.034500,0.916993,0.127566,1.755808,-0.100836,0.013868,1.408864,2.542153,-0.962663,-0.865127,0.888419,-2.386196,1.172582,0.220893,-0.710242,2.239845,0.767179,2.133299,-0.556394,-1.174809,1.507891,0,1,1.0000,1.0000,1,0,0,1,0.0000,8.2186,,,,,9803,9314,3771,3354,6825,7347,2978,1818,0,149,0.47296,-0.05114,1
1786019664.9549,F_left_front_fast,F,left,0,front,fast,161,94.1000,331.8000,196.4000,238.9000,0.0000,0.0000,351.0000,350.4000,21.0000,0.0000,0.0000,0.0000,125.5000,0.0000,0.14200,-0.14300,0.91500,11.43000,-0.60000,-0.78000,-0.92900,0.05000,0.25700,-1.98000,0.15000,-1.87000,7.8,1.3,1.0,0.0,1.012979,0.441191,2.230510,-0.508743,-1.563015,2.588670,-0.089600,0.486000,0.869300,0.003200,0.133500,0.542300,0.828800,0.034500,0.916993,0.127566,1.755808,-0.100836,0.013868,1.408864,2.542153,-0.962663,-0.865127,0.888419,-2.386196,1.172582,0.220893,-0.710242,2.239845,0.767179,2.133299,-0.556394,-1.174809,1.507891,0,1,1.0000,1.0000,1,0,0,1,0.0000,8.2186,,,,,9803,9314,3771,3354,6825,7347,2978,1818,0,149,0.47296,-0.05114,1
1786019664.9706,F_left_front_fast,F,left,0,front,fast,162,94.1000,332.2000,196.6000,238.9000,0.0000,0.0000,350.6000,350.4000,20.9000,0.0000,0.0000,0.0000,125.7000,0.0000,0.15600,-0.17200,0.91200,5.96000,2.01000,10.56000,-0.91400,0.02300,0.25600,-3.02000,-1.93000,-0.63000,8.8,1.8,1.0,1.0,0.827959,0.901610,1.692522,-1.446662,-1.203518,3.156014,-0.089600,0.486000,0.869300,0.003200,0.133500,0.542300,0.828800,0.034500,0.916993,0.127566,1.755808,-0.100836,0.013868,1.408864,2.542153,-0.962663,-0.865127,0.888419,-2.386196,1.172582,0.220893,-0.710242,2.239845,0.767179,2.133299,-0.556394,-1.174809,1.507891,0,1,1.0000,1.0000,1,0,0,1,0.0000,15.2196,,,,,9803,9314,3771,3354,6825,7347,2978,1818,0,149,0.47296,-0.05114,1
