t,phase,master_x,master_y,master_z,master_qx,master_qy,master_qz,master_qw,pointing_x,pointing_y,pointing_z,clutch,ee_x,ee_y,ee_z,ee_qx,ee_qy,ee_qz,ee_qw,cmd_x,cmd_y,cmd_z,gripper_rad,autonomy_state,intent_top,intent_top_p,intent_margin,intent_ambiguous,intent_dist,intent_ids,grasp_offered,channels_live,ik_success,ik_fail,ik_rejected,clearance_m,payload_kg,estop
0.5045,reach,-0.4398185638443584,0.3253540106178986,1.2015645532264603,0.0,0.0,0.0,1.0,-0.33864273073929785,-0.4740998230350188,0.8127425537743149,1,-0.4359861048595143,0.3311081508988715,1.1917971615202239,-9.242594748820612e-05,-1.5380073169202205e-05,3.249066481976482e-05,0.9999999950826272,-0.4398185638443584,0.3253540106178986,1.2015645532264603,0.7929,ASSIST,tag_1,0.9729251841080763,0.9458503682161525,0,"[0.027074815891923752, 0.9729251841080763]","[""tag_0"", ""tag_1""]",1,"{""j1"": true, ""j2"": true, ""j3"": true, ""j4"": true, ""j5"": true, ""j6"": true, ""j7"": true, ""accel"": true, ""gyro"": true, ""imu2"": true}",27419.0,4496.0,2.0,0.14422120550038164,0.0,0
0.506,reach,-0.4398185638443584,0.3253540106178986,1.2015645532264603,0.0,0.0,0.0,1.0,-0.33864273073929785,-0.4740998230350188,0.8127425537743149,1,-0.4359861048595143,0.3311081508988715,1.1917971615202239,-9.242594748820612e-05,-1.5380073169202205e-05,3.249066481976482e-05,0.9999999950826272,-0.4398185638443584,0.3253540106178986,1.2015645532264603,0.7929,ASSIST,tag_1,0.9729251841080763,0.9458503682161525,0,"[0.027074815891923752, 0.9729251841080763]","[""tag_0"", ""tag_1""]",1,"{""j1"": true, ""j2"": true, ""j3"": true, ""j4"": true, ""j5"": true, ""j6"": true, ""j7"": true, ""accel"": true, ""gyro"": true, ""imu2"": true}",27419.0,4496.0,2.0,0.14422120550038164,0.0,0
0.5117,reach,-0.4398185638443584,0.3253540106178986,1.2015645532264603,0.0,0.0,0.0,1.0,-0.33864273073929785,-0.4740998230350188,0.8127425537743149,1,-0.4359861048595143,0.3311081508988715,1.1917971615202239,-9.242594748820612e-05,-1.5380073169202205e-05,3.249066481976482e-05,0.9999999950826272,-0.4398185638443584,0.3253540106178986,1.2015645532264603,0.7929,ASSIST,tag_1,0.9729251841080763,0.9458503682161525,0,"[0.027074815891923752, 0.9729251841080763]","[""tag_0"", ""tag_1""]",1,"{""j1"": true, ""j2"": true, ""j3"": true, ""j4"": true, ""j5"": true, ""j6"": true, ""j7"": true, ""accel"": true, ""gyro"": true, ""imu2"": true}",27420.0,4496.0,2.0,0.14319738251799213,0.0,0
0.5119,reach,-0.4398185638443584,0.3253540106178986,1.2015645532264603,0.0,0.0,0.0,1.0,-0.33864273073929785,-0.4740998230350188,0.8127425537743149,1,-0.4359861048595143,0.3311081508988715,1.1917971615202239,-9.242594748820612e-05,-1.5380073169202205e-05,3.249066481976482e-05,0.9999999950826272,-0.4398185638443584,0.3253540106178986,1.2015645532264603,0.7929,ASSIST,tag_1,0.9729251841080763,0.9458503682161525,0,"[0.027074815891923752, 0.9729251841080763]","[""tag_0"", ""tag_1""]",1,"{""j1"": true, ""j2"": true, ""j3"": true, ""j4"": true, ""j5"": true, ""j6"": true, ""j7"": true, ""accel"": true, ""gyro"": true, ""imu2"": true}",27420.0,4496.0,2.0,0.14319738251799213,0.0,0
0.5125,reach,-0.4398185638443584,0.3253540106178986,1.2015645532264603,0.0,0.0,0.0,1.0,-0.33864273073929785,-0.4740998230350188,0.8127425537743149,1,-0.4359861048595143,0.3311081508988715,1.1917971615202239,-9.242594748820612e-05,-1.5380073169202205e-05,3.249066481976482e-05,0.9999999950826272,-0.4398185638443584,0.3253540106178986,1.2015645532264603,0.7929,ASSIST,tag_1,0.9729251841080763,0.9458503682161525,0,"[0.027074815891923752, 0.9729251841080763]","[""tag_0"", ""tag_1""]",1,"{""j1"": true, ""j2"": true, ""j3"": true, ""j4"": true, ""j5"": true, ""j6"": true, ""j7"": true, ""accel"": true, ""gyro"": true, ""imu2"": true}",27420.0,4496.0,2.0,0.14319738251799213,0.0,0
0.5179,reach,-0.4390058212905841,0.3264918501931826,1.1996139710974019,0.0,0.0,0.0,1.0,-0.33864273073929785,-0.4740998230350188,0.8127425537743149,1,-0.4359861048595143,0.3311081508988715,1.1917971615202239,-9.242594748820612e-05,-1.5380073169202205e-05,3.249066481976482e-05,0.9999999950826272,-0.4390058212905841,0.3264918501931826,1.1996139710974019,0.7929,ASSIST,tag_1,0.9729251841080763,0.9458503682161525,0,"[0.027074815891923752, 0.9729251841080763]","[""tag_0"", ""tag_1""]",1,"{""j1"": true, ""j2"": true, ""j3"": true, ""j4"": true, ""j5"": true, ""j6"": true, ""j7"": true, ""accel"": true, ""gyro"": true, ""imu2"": true}",27420.0,4496.0,2.0,0.14319738251799213,0.0,0
0.5187,reach,-0.4390058212905841,0.3264918501931826,1.1996139710974019,0.0,0.0,0.0,1.0,0.3386427307392991,0.47409982303501297,-0.8127425537743178,1,-0.4359861048595143,0.3311081508988715,1.1917971615202239,-9.242594748820612e-05,-1.5380073169202205e-05,3.249066481976482e-05,0.9999999950826272,-0.4390058212905841,0.3264918501931826,1.1996139710974019,0.7929,ASSIST,tag_1,0.9729251841080763,0.9458503682161525,0,"[0.027074815891923752, 0.9729251841080763]","[""tag_0"", ""tag_1""]",1,"{""j1"": true, ""j2"": true, ""j3"": true, ""j4"": true, ""j5"": true, ""j6"": true, ""j7"": true, ""accel"": true, ""gyro"": true, ""imu2"": true}",27420.0,4496.0,2.0,0.14319738251799213,0.0,0
0.519,reach,-0.4390058212905841,0.3264918501931826,1.1996139710974019,0.0,0.0,0.0,1.0,0.3386427307392991,0.47409982303501297,-0.8127425537743178,1,-0.4359861048595143,0.3311081508988715,1.1917971615202239,-9.242594748820612e-05,-1.5380073169202205e-05,3.249066481976482e-05,0.9999999950826272,-0.4390058212905841,0.3264918501931826,1.1996139710974019,0.7929,ASSIST,tag_1,0.9729251841080763,0.9458503682161525,0,"[0.027074815891923752, 0.9729251841080763]","[""tag_0"", ""tag_1""]",1,"{""j1"": true, ""j2"": true, ""j3"": true, ""j4"": true, ""j5"": true, ""j6"": true, ""j7"": true, ""accel"": true, ""gyro"": true, ""imu2"": true}",27420.0,4496.0,2.0,0.14319738251799213,0.0,0
0.523,reach,-0.4390058212905841,0.3264918501931826,1.1996139710974019,0.0,0.0,0.0,1.0,0.3386427307392991,0.47409982303501297,-0.8127425537743178,1,-0.4359861048595143,0.3311081508988715,1.1917971615202239,-9.242594748820612e-05,-1.5380073169202205e-05,3.249066481976482e-05,0.9999999950826272,-0.4390058212905841,0.3264918501931826,1.1996139710974019,0.7929,ASSIST,tag_1,0.9729251841080763,0.9458503682161525,0,"[0.027074815891923752, 0.9729251841080763]","[""tag_0"", ""tag_1""]",1,"{""j1"": true, ""j2"": true, ""j3"": true, ""j4"": true, ""j5"": true, ""j6"": true, ""j7"": true, ""accel"": true, ""gyro"": true, ""imu2"": true}",27420.0,4496.0,2.0,0.14319738251799213,0.0,0
0.5252,reach,-0.4390058212905841,0.3264918501931826,1.1996139710974019,0.0,0.0,0.0,1.0,0.3386427307392991,0.47409982303501297,-0.8127425537743178,1,-0.4359861048595143,0.3311081508988715,1.1917971615202239,-9.242594748820612e-05,-1.5380073169202205e-05,3.249066481976482e-05,0.9999999950826272,-0.4390058212905841,0.3264918501931826,1.1996139710974019,0.7929,ASSIST,tag_1,0.9729251841080763,0.9458503682161525,0,"[0.027074815891923752, 0.9729251841080763]","[""tag_0"", ""tag_1""]",1,"{""j1"": true, ""j2"": true, ""j3"": true, ""j4"": true, ""j5"": true, ""j6"": true, ""j7"": true, ""accel"": true, ""gyro"": true, ""imu2"": true}",27420.0,4496.0,2.0,0.14319738251799213,0.0,0
0.5312,reach,-0.4390058212905841,0.3264918501931826,1.1996139710974019,0.0,0.0,0.0,1.0,0.3386427307392991,0.47409982303501297,-0.8127425537743178,1,-0.4359861048595143,0.3311081508988715,1.1917971615202239,-9.242594748820612e-05,-1.5380073169202205e-05,3.249066481976482e-05,0.9999999950826272,-0.4390058212905841,0.3264918501931826,1.1996139710974019,0.7929,ASSIST,tag_1,0.9729251841080763,0.9458503682161525,0,"[0.027074815891923752, 0.9729251841080763]","[""tag_0"", ""tag_1""]",1,"{""j1"": true, ""j2"": true, ""j3"": true, ""j4"": true, ""j5"": true, ""j6"": true, ""j7"": true, ""accel"": true, ""gyro"": true, ""imu2"": true}",27420.0,4496.0,2.0,0.14319738251799213,0.0,0
0.5319,reach,-0.4390058212905841,0.3264918501931826,1.1996139710974019,0.0,0.0,0.0,1.0,0.3386427307392991,0.47409982303501297,-0.8127425537743178,1,-0.4359861048595143,0.3311081508988715,1.1917971615202239,-9.242594748820612e-05,-1.5380073169202205e-05,3.249066481976482e-05,0.9999999950826272,-0.4390058212905841,0.3264918501931826,1.1996139710974019,0.7929,ASSIST,tag_1,0.9729251841080763,0.9458503682161525,0,"[0.027074815891923752, 0.9729251841080763]","[""tag_0"", ""tag_1""]",1,"{""j1"": true, ""j2"": true, ""j3"": true, ""j4"": true, ""j5"": true, ""j6"": true, ""j7"": true, ""accel"": true, ""gyro"": true, ""imu2"": true}",27421.0,4496.0,2.0,0.14319738251799213,0.0,0
0.5327,reach,-0.4390058212905841,0.3264918501931826,1.1996139710974019,0.0,0.0,0.0,1.0,0.3386427307392991,0.47409982303501297,-0.8127425537743178,1,-0.4359861048595143,0.3311081508988715,1.1917971615202239,-9.242594748820612e-05,-1.5380073169202205e-05,3.249066481976482e-05,0.9999999950826272,-0.4390058212905841,0.3264918501931826,1.1996139710974019,0.7929,ASSIST,tag_1,0.9729251841080763,0.9458503682161525,0,"[0.027074815891923752, 0.9729251841080763]","[""tag_0"", ""tag_1""]",1,"{""j1"": true, ""j2"": true, ""j3"": true, ""j4"": true, ""j5"": true, ""j6"": true, ""j7"": true, ""accel"": true, ""gyro"": true, ""imu2"": true}",27421.0,4496.0,2.0,0.14319738251799213,0.0,0
0.5375,reach,-0.43819307873680974,0.3276296897684666,1.1976633889683435,0.0,0.0,0.0,1.0,0.3386427307392991,0.47409982303501297,-0.8127425537743178,1,-0.4359861048595143,0.3311081508988715,1.1917971615202239,-9.242594748820612e-05,-1.5380073169202205e-05,3.249066481976482e-05,0.9999999950826272,-0.43819307873680974,0.3276296897684666,1.1976633889683435,0.7929,ASSIST,tag_1,0.9729251841080763,0.9458503682161525,0,"[0.027074815891923752, 0.9729251841080763]","[""tag_0"", ""tag_1""]",1,"{""j1"": true, ""j2"": true, ""j3"": true, ""j4"": true, ""j5"": true, ""j6"": true, ""j7"": true, ""accel"": true, ""gyro"": true, ""imu2"": true}",27421.0,4496.0,2.0,0.14319738251799213,0.0,0
0.5385,reach,-0.43819307873680974,0.3276296897684666,1.1976633889683435,0.0,0.0,0.0,1.0,0.338642730739299,0.4740998230350136,-0.8127425537743176,1,-0.4359861048595143,0.3311081508988715,1.1917971615202239,-9.242594748820612e-05,-1.5380073169202205e-05,3.249066481976482e-05,0.9999999950826272,-0.43819307873680974,0.3276296897684666,1.1976633889683435,0.7929,ASSIST,tag_1,0.9729251841080763,0.9458503682161525,0,"[0.027074815891923752, 0.9729251841080763]","[""tag_0"", ""tag_1""]",1,"{""j1"": true, ""j2"": true, ""j3"": true, ""j4"": true, ""j5"": true, ""j6"": true, ""j7"": true, ""accel"": true, ""gyro"": true, ""imu2"": true}",27421.0,4496.0,2.0,0.14319738251799213,0.0,0
0.5387,reach,-0.43819307873680974,0.3276296897684666,1.1976633889683435,0.0,0.0,0.0,1.0,0.338642730739299,0.4740998230350136,-0.8127425537743176,1,-0.4359861048595143,0.3311081508988715,1.1917971615202239,-9.242594748820612e-05,-1.5380073169202205e-05,3.249066481976482e-05,0.9999999950826272,-0.43819307873680974,0.3276296897684666,1.1976633889683435,0.7929,ASSIST,tag_1,0.9729251841080763,0.9458503682161525,0,"[0.027074815891923752, 0.9729251841080763]","[""tag_0"", ""tag_1""]",1,"{""j1"": true, ""j2"": true, ""j3"": true, ""j4"": true, ""j5"": true, ""j6"": true, ""j7"": true, ""accel"": true, ""gyro"": true, ""imu2"": true}",27421.0,4496.0,2.0,0.14319738251799213,0.0,0
0.5428,reach,-0.43819307873680974,0.3276296897684666,1.1976633889683435,0.0,0.0,0.0,1.0,0.338642730739299,0.4740998230350136,-0.8127425537743176,1,-0.4359861048595143,0.3311081508988715,1.1917971615202239,-9.242594748820612e-05,-1.5380073169202205e-05,3.249066481976482e-05,0.9999999950826272,-0.43819307873680974,0.3276296897684666,1.1976633889683435,0.7929,ASSIST,tag_1,0.9729251841080763,0.9458503682161525,0,"[0.027074815891923752, 0.9729251841080763]","[""tag_0"", ""tag_1""]",1,"{""j1"": true, ""j2"": true, ""j3"": true, ""j4"": true, ""j5"": true, ""j6"": true, ""j7"": true, ""accel"": true, ""gyro"": true, ""imu2"": true}",27421.0,4496.0,2.0,0.14319738251799213,0.0,0
0.5446,reach,-0.43819307873680974,0.3276296897684666,1.1976633889683435,0.0,0.0,0.0,1.0,0.338642730739299,0.4740998230350136,-0.8127425537743176,1,-0.4359861048595143,0.3311081508988715,1.1917971615202239,-9.242594748820612e-05,-1.5380073169202205e-05,3.249066481976482e-05,0.9999999950826272,-0.43819307873680974,0.3276296897684666,1.1976633889683435,0.7929,ASSIST,tag_1,0.9729251841080763,0.9458503682161525,0,"[0.027074815891923752, 0.9729251841080763]","[""tag_0"", ""tag_1""]",1,"{""j1"": true, ""j2"": true, ""j3"": true, ""j4"": true, ""j5"": true, ""j6"": true, ""j7"": true, ""accel"": true, ""gyro"": true, ""imu2"": true}",27421.0,4496.0,2.0,0.14319738251799213,0.0,0
0.5454,reach,-0.43819307873680974,0.3276296897684666,1.1976633889683435,0.0,0.0,0.0,1.0,0.338642730739299,0.4740998230350136,-0.8127425537743176,1,-0.4359861048595143,0.3311081508988715,1.1917971615202239,-9.242594748820612e-05,-1.5380073169202205e-05,3.249066481976482e-05,0.9999999950826272,-0.43819307873680974,0.3276296897684666,1.1976633889683435,0.7929,ASSIST,tag_1,0.902673500180568,0.8053470003611359,0,"[0.09732649981943207, 0.902673500180568]","[""tag_0"", ""tag_1""]",1,"{""j1"": true, ""j2"": true, ""j3"": true, ""j4"": true, ""j5"": true, ""j6"": true, ""j7"": true, ""accel"": true, ""gyro"": true, ""imu2"": true}",27421.0,4496.0,2.0,0.14319738251799213,0.0,0
0.5522,reach,-0.43819307873680974,0.3276296897684666,1.1976633889683435,0.0,0.0,0.0,1.0,0.338642730739299,0.4740998230350136,-0.8127425537743176,1,-0.4359861048595143,0.3311081508988715,1.1917971615202239,-9.242594748820612e-05,-1.5380073169202205e-05,3.249066481976482e-05,0.9999999950826272,-0.43819307873680974,0.3276296897684666,1.1976633889683435,0.7929,ASSIST,tag_1,0.902673500180568,0.8053470003611359,0,"[0.09732649981943207, 0.902673500180568]","[""tag_0"", ""tag_1""]",1,"{""j1"": true, ""j2"": true, ""j3"": true, ""j4"": true, ""j5"": true, ""j6"": true, ""j7"": true, ""accel"": true, ""gyro"": true, ""imu2"": true}",27421.0,4496.0,2.0,0.14319738251799213,0.0,0
0.5534,reach,-0.43819307873680974,0.3276296897684666,1.1976633889683435,0.0,0.0,0.0,1.0,0.338642730739299,0.4740998230350136,-0.8127425537743176,1,-0.4359861048595143,0.3311081508988715,1.1917971615202239,-9.242594748820612e-05,-1.5380073169202205e-05,3.249066481976482e-05,0.9999999950826272,-0.43819307873680974,0.3276296897684666,1.1976633889683435,0.7929,ASSIST,tag_1,0.902673500180568,0.8053470003611359,0,"[0.09732649981943207, 0.902673500180568]","[""tag_0"", ""tag_1""]",1,"{""j1"": true, ""j2"": true, ""j3"": true, ""j4"": true, ""j5"": true, ""j6"": true, ""j7"": true, ""accel"": true, ""gyro"": true, ""imu2"": true}",27421.0,4496.0,2.0,0.14319738251799213,0.0,0
0.5537,reach,-0.43819307873680974,0.3276296897684666,1.1976633889683435,0.0,0.0,0.0,1.0,0.338642730739299,0.4740998230350136,-0.8127425537743176,1,-0.4359861048595143,0.3311081508988715,1.1917971615202239,-9.242594748820612e-05,-1.5380073169202205e-05,3.249066481976482e-05,0.9999999950826272,-0.43819307873680974,0.3276296897684666,1.1976633889683435,0.7929,ASSIST,tag_1,0.902673500180568,0.8053470003611359,0,"[0.09732649981943207, 0.902673500180568]","[""tag_0"", ""tag_1""]",1,"{""j1"": true, ""j2"": true, ""j3"": true, ""j4"": true, ""j5"": true, ""j6"": true, ""j7"": true, ""accel"": true, ""gyro"": true, ""imu2"": true}",27422.0,4496.0,2.0,0.14319738251799213,0.0,0
0.5582,reach,-0.4373803361830354,0.32876752934375064,1.195712806839285,0.0,0.0,0.0,1.0,0.338642730739299,0.4740998230350136,-0.8127425537743176,1,-0.4359861048595143,0.3311081508988715,1.1917971615202239,-9.242594748820612e-05,-1.5380073169202205e-05,3.249066481976482e-05,0.9999999950826272,-0.4373803361830354,0.32876752934375064,1.195712806839285,0.7929,ASSIST,tag_1,0.902673500180568,0.8053470003611359,0,"[0.09732649981943207, 0.902673500180568]","[""tag_0"", ""tag_1""]",1,"{""j1"": true, ""j2"": true, ""j3"": true, ""j4"": true, ""j5"": true, ""j6"": true, ""j7"": true, ""accel"": true, ""gyro"": true, ""imu2"": true}",27422.0,4496.0,2.0,0.14319738251799213,0.0,0
0.5591,reach,-0.4373803361830354,0.32876752934375064,1.195712806839285,0.0,0.0,0.0,1.0,0.33864273073929885,0.4740998230350142,-0.8127425537743173,1,-0.4359861048595143,0.3311081508988715,1.1917971615202239,-9.242594748820612e-05,-1.5380073169202205e-05,3.249066481976482e-05,0.9999999950826272,-0.4373803361830354,0.32876752934375064,1.195712806839285,0.7929,ASSIST,tag_1,0.902673500180568,0.8053470003611359,0,"[0.09732649981943207, 0.902673500180568]","[""tag_0"", ""tag_1""]",1,"{""j1"": true, ""j2"": true, ""j3"": true, ""j4"": true, ""j5"": true, ""j6"": true, ""j7"": true, ""accel"": true, ""gyro"": true, ""imu2"": true}",27422.0,4496.0,2.0,0.14319738251799213,0.0,0
0.5596,reach,-0.4373803361830354,0.32876752934375064,1.195712806839285,0.0,0.0,0.0,1.0,0.33864273073929885,0.4740998230350142,-0.8127425537743173,1,-0.4359861048595143,0.3311081508988715,1.1917971615202239,-9.242594748820612e-05,-1.5380073169202205e-05,3.249066481976482e-05,0.9999999950826272,-0.4373803361830354,0.32876752934375064,1.195712806839285,0.7929,ASSIST,tag_1,0.902673500180568,0.8053470003611359,0,"[0.09732649981943207, 0.902673500180568]","[""tag_0"", ""tag_1""]",1,"{""j1"": true, ""j2"": true, ""j3"": true, ""j4"": true, ""j5"": true, ""j6"": true, ""j7"": true, ""accel"": true, ""gyro"": true, ""imu2"": true}",27422.0,4496.0,2.0,0.14319738251799213,0.0,0
0.5631,reach,-0.4373803361830354,0.32876752934375064,1.195712806839285,0.0,0.0,0.0,1.0,0.33864273073929885,0.4740998230350142,-0.8127425537743173,1,-0.4359861048595143,0.3311081508988715,1.1917971615202239,-9.242594748820612e-05,-1.5380073169202205e-05,3.249066481976482e-05,0.9999999950826272,-0.4373803361830354,0.32876752934375064,1.195712806839285,0.7929,ASSIST,tag_1,0.902673500180568,0.8053470003611359,0,"[0.09732649981943207, 0.902673500180568]","[""tag_0"", ""tag_1""]",1,"{""j1"": true, ""j2"": true, ""j3"": true, ""j4"": true, ""j5"": true, ""j6"": true, ""j7"": true, ""accel"": true, ""gyro"": true, ""imu2"": true}",27422.0,4496.0,2.0,0.14319738251799213,0.0,0
0.5648,reach,-0.4373803361830354,0.32876752934375064,1.195712806839285,0.0,0.0,0.0,1.0,0.33864273073929885,0.4740998230350142,-0.8127425537743173,1,-0.4359861048595143,0.3311081508988715,1.1917971615202239,-9.242594748820612e-05,-1.5380073169202205e-05,3.249066481976482e-05,0.9999999950826272,-0.4373803361830354,0.32876752934375064,1.195712806839285,0.7929,ASSIST,tag_1,0.902673500180568,0.8053470003611359,0,"[0.09732649981943207, 0.902673500180568]","[""tag_0"", ""tag_1""]",1,"{""j1"": true, ""j2"": true, ""j3"": true, ""j4"": true, ""j5"": true, ""j6"": true, ""j7"": true, ""accel"": true, ""gyro"": true, ""imu2"": true}",27422.0,4496.0,2.0,0.14319738251799213,0.0,0
0.5708,reach,-0.4373803361830354,0.32876752934375064,1.195712806839285,0.0,0.0,0.0,1.0,0.33864273073929885,0.4740998230350142,-0.8127425537743173,1,-0.4359861048595143,0.3311081508988715,1.1917971615202239,-9.242594748820612e-05,-1.5380073169202205e-05,3.249066481976482e-05,0.9999999950826272,-0.4373803361830354,0.32876752934375064,1.195712806839285,0.7929,ASSIST,tag_1,0.902673500180568,0.8053470003611359,0,"[0.09732649981943207, 0.902673500180568]","[""tag_0"", ""tag_1""]",1,"{""j1"": true, ""j2"": true, ""j3"": true, ""j4"": true, ""j5"": true, ""j6"": true, ""j7"": true, ""accel"": true, ""gyro"": true, ""imu2"": true}",27422.0,4496.0,2.0,0.14319738251799213,0.0,0
0.5718,reach,-0.4373803361830354,0.32876752934375064,1.195712806839285,0.0,0.0,0.0,1.0,0.33864273073929885,0.4740998230350142,-0.8127425537743173,1,-0.4359861048595143,0.3311081508988715,1.1917971615202239,-9.242594748820612e-05,-1.5380073169202205e-05,3.249066481976482e-05,0.9999999950826272,-0.4373803361830354,0.32876752934375064,1.195712806839285,0.7929,ASSIST,tag_1,0.902673500180568,0.8053470003611359,0,"[0.09732649981943207, 0.902673500180568]","[""tag_0"", ""tag_1""]",1,"{""j1"": true, ""j2"": true, ""j3"": true, ""j4"": true, ""j5"": true, ""j6"": true, ""j7"": true, ""accel"": true, ""gyro"": true, ""imu2"": true}",27423.0,4496.0,2.0,0.14319738251799213,0.0,0
0.5732,reach,-0.4373803361830354,0.32876752934375064,1.195712806839285,0.0,0.0,0.0,1.0,0.33864273073929885,0.4740998230350142,-0.8127425537743173,1,-0.4359861048595143,0.3311081508988715,1.1917971615202239,-9.242594748820612e-05,-1.5380073169202205e-05,3.249066481976482e-05,0.9999999950826272,-0.4373803361830354,0.32876752934375064,1.195712806839285,0.7929,ASSIST,tag_1,0.902673500180568,0.8053470003611359,0,"[0.09732649981943207, 0.902673500180568]","[""tag_0"", ""tag_1""]",1,"{""j1"": true, ""j2"": true, ""j3"": true, ""j4"": true, ""j5"": true, ""j6"": true, ""j7"": true, ""accel"": true, ""gyro"": true, ""imu2"": true}",27423.0,4496.0,2.0,0.14319738251799213,0.0,0
0.5744,reach,-0.4373803361830354,0.32876752934375064,1.195712806839285,0.0,0.0,0.0,1.0,0.33864273073929885,0.4740998230350142,-0.8127425537743173,1,-0.4381024359319403,0.32789599979853346,1.1972402986040482,-3.4619387028589355e-05,-2.7895694384161285e-06,1.3941478268705843e-05,0.9999999992996758,-0.4373803361830354,0.32876752934375064,1.195712806839285,0.7929,ASSIST,tag_1,0.902673500180568,0.8053470003611359,0,"[0.09732649981943207, 0.902673500180568]","[""tag_0"", ""tag_1""]",1,"{""j1"": true, ""j2"": true, ""j3"": true, ""j4"": true, ""j5"": true, ""j6"": true, ""j7"": true, ""accel"": true, ""gyro"": true, ""imu2"": true}",27423.0,4496.0,2.0,0.14319738251799213,0.0,0
0.5774,reach,-0.43656759362926106,0.32990536891903466,1.1937622247102266,0.0,0.0,0.0,1.0,0.33864273073929885,0.4740998230350142,-0.8127425537743173,1,-0.4381024359319403,0.32789599979853346,1.1972402986040482,-3.4619387028589355e-05,-2.7895694384161285e-06,1.3941478268705843e-05,0.9999999992996758,-0.43656759362926106,0.32990536891903466,1.1937622247102266,0.7929,ASSIST,tag_1,0.902673500180568,0.8053470003611359,0,"[0.09732649981943207, 0.902673500180568]","[""tag_0"", ""tag_1""]",1,"{""j1"": true, ""j2"": true, ""j3"": true, ""j4"": true, ""j5"": true, ""j6"": true, ""j7"": true, ""accel"": true, ""gyro"": true, ""imu2"": true}",27423.0,4496.0,2.0,0.14319738251799213,0.0,0
0.5781,reach,-0.43656759362926106,0.32990536891903466,1.1937622247102266,0.0,0.0,0.0,1.0,0.33864273073929874,0.4740998230350149,-0.812742553774317,1,-0.4381024359319403,0.32789599979853346,1.1972402986040482,-3.4619387028589355e-05,-2.7895694384161285e-06,1.3941478268705843e-05,0.9999999992996758,-0.43656759362926106,0.32990536891903466,1.1937622247102266,0.7929,ASSIST,tag_1,0.902673500180568,0.8053470003611359,0,"[0.09732649981943207, 0.902673500180568]","[""tag_0"", ""tag_1""]",1,"{""j1"": true, ""j2"": true, ""j3"": true, ""j4"": true, ""j5"": true, ""j6"": true, ""j7"": true, ""accel"": true, ""gyro"": true, ""imu2"": true}",27423.0,4496.0,2.0,0.14319738251799213,0.0,0
0.5786,reach,-0.43656759362926106,0.32990536891903466,1.1937622247102266,0.0,0.0,0.0,1.0,0.33864273073929874,0.4740998230350149,-0.812742553774317,1,-0.4381024359319403,0.32789599979853346,1.1972402986040482,-3.4619387028589355e-05,-2.7895694384161285e-06,1.3941478268705843e-05,0.9999999992996758,-0.43656759362926106,0.32990536891903466,1.1937622247102266,0.7929,ASSIST,tag_1,0.902673500180568,0.8053470003611359,0,"[0.09732649981943207, 0.902673500180568]","[""tag_0"", ""tag_1""]",1,"{""j1"": true, ""j2"": true, ""j3"": true, ""j4"": true, ""j5"": true, ""j6"": true, ""j7"": true, ""accel"": true, ""gyro"": true, ""imu2"": true}",27423.0,4496.0,2.0,0.14319738251799213,0.0,0
0.583,reach,-0.43656759362926106,0.32990536891903466,1.1937622247102266,0.0,0.0,0.0,1.0,0.33864273073929874,0.4740998230350149,-0.812742553774317,1,-0.4381024359319403,0.32789599979853346,1.1972402986040482,-3.4619387028589355e-05,-2.7895694384161285e-06,1.3941478268705843e-05,0.9999999992996758,-0.43656759362926106,0.32990536891903466,1.1937622247102266,0.7929,ASSIST,tag_1,0.902673500180568,0.8053470003611359,0,"[0.09732649981943207, 0.902673500180568]","[""tag_0"", ""tag_1""]",1,"{""j1"": true, ""j2"": true, ""j3"": true, ""j4"": true, ""j5"": true, ""j6"": true, ""j7"": true, ""accel"": true, ""gyro"": true, ""imu2"": true}",27423.0,4496.0,2.0,0.14319738251799213,0.0,0
0.5846,reach,-0.43656759362926106,0.32990536891903466,1.1937622247102266,0.0,0.0,0.0,1.0,0.33864273073929874,0.4740998230350149,-0.812742553774317,1,-0.4381024359319403,0.32789599979853346,1.1972402986040482,-3.4619387028589355e-05,-2.7895694384161285e-06,1.3941478268705843e-05,0.9999999992996758,-0.43656759362926106,0.32990536891903466,1.1937622247102266,0.7929,ASSIST,tag_1,0.902673500180568,0.8053470003611359,0,"[0.09732649981943207, 0.902673500180568]","[""tag_0"", ""tag_1""]",1,"{""j1"": true, ""j2"": true, ""j3"": true, ""j4"": true, ""j5"": true, ""j6"": true, ""j7"": true, ""accel"": true, ""gyro"": true, ""imu2"": true}",27423.0,4496.0,2.0,0.14319738251799213,0.0,0
0.5905,reach,-0.43656759362926106,0.32990536891903466,1.1937622247102266,0.0,0.0,0.0,1.0,0.33864273073929874,0.4740998230350149,-0.812742553774317,1,-0.4381024359319403,0.32789599979853346,1.1972402986040482,-3.4619387028589355e-05,-2.7895694384161285e-06,1.3941478268705843e-05,0.9999999992996758,-0.43656759362926106,0.32990536891903466,1.1937622247102266,0.7929,ASSIST,tag_1,0.902673500180568,0.8053470003611359,0,"[0.09732649981943207, 0.902673500180568]","[""tag_0"", ""tag_1""]",1,"{""j1"": true, ""j2"": true, ""j3"": true, ""j4"": true, ""j5"": true, ""j6"": true, ""j7"": true, ""accel"": true, ""gyro"": true, ""imu2"": true}",27423.0,4496.0,2.0,0.14319738251799213,0.0,0
0.5918,reach,-0.43656759362926106,0.32990536891903466,1.1937622247102266,0.0,0.0,0.0,1.0,0.33864273073929874,0.4740998230350149,-0.812742553774317,1,-0.4381024359319403,0.32789599979853346,1.1972402986040482,-3.4619387028589355e-05,-2.7895694384161285e-06,1.3941478268705843e-05,0.9999999992996758,-0.43656759362926106,0.32990536891903466,1.1937622247102266,0.7929,ASSIST,tag_1,0.902673500180568,0.8053470003611359,0,"[0.09732649981943207, 0.902673500180568]","[""tag_0"", ""tag_1""]",1,"{""j1"": true, ""j2"": true, ""j3"": true, ""j4"": true, ""j5"": true, ""j6"": true, ""j7"": true, ""accel"": true, ""gyro"": true, ""imu2"": true}",27424.0,4496.0,2.0,0.14240598188544085,0.0,0
0.5924,reach,-0.43656759362926106,0.32990536891903466,1.1937622247102266,0.0,0.0,0.0,1.0,0.33864273073929874,0.4740998230350149,-0.812742553774317,1,-0.4381024359319403,0.32789599979853346,1.1972402986040482,-3.4619387028589355e-05,-2.7895694384161285e-06,1.3941478268705843e-05,0.9999999992996758,-0.43656759362926106,0.32990536891903466,1.1937622247102266,0.7929,ASSIST,tag_1,0.902673500180568,0.8053470003611359,0,"[0.09732649981943207, 0.902673500180568]","[""tag_0"", ""tag_1""]",1,"{""j1"": true, ""j2"": true, ""j3"": true, ""j4"": true, ""j5"": true, ""j6"": true, ""j7"": true, ""accel"": true, ""gyro"": true, ""imu2"": true}",27424.0,4496.0,2.0,0.14240598188544085,0.0,0
0.5961,reach,-0.43656759362926106,0.32990536891903466,1.1937622247102266,0.0,0.0,0.0,1.0,0.33864273073929874,0.4740998230350149,-0.812742553774317,1,-0.4381024359319403,0.32789599979853346,1.1972402986040482,-3.4619387028589355e-05,-2.7895694384161285e-06,1.3941478268705843e-05,0.9999999992996758,-0.43656759362926106,0.32990536891903466,1.1937622247102266,0.7929,ASSIST,tag_1,0.7556149644178632,0.5112299288357265,0,"[0.2443850355821368, 0.7556149644178632]","[""tag_0"", ""tag_1""]",1,"{""j1"": true, ""j2"": true, ""j3"": true, ""j4"": true, ""j5"": true, ""j6"": true, ""j7"": true, ""accel"": true, ""gyro"": true, ""imu2"": true}",27424.0,4496.0,2.0,0.14240598188544085,0.0,0
0.598,reach,-0.4357548510754867,0.3310432084943187,1.1918116425811682,0.0,0.0,0.0,1.0,0.33864273073929874,0.4740998230350149,-0.812742553774317,1,-0.4381024359319403,0.32789599979853346,1.1972402986040482,-3.4619387028589355e-05,-2.7895694384161285e-06,1.3941478268705843e-05,0.9999999992996758,-0.4357548510754867,0.3310432084943187,1.1918116425811682,0.7929,ASSIST,tag_1,0.7556149644178632,0.5112299288357265,0,"[0.2443850355821368, 0.7556149644178632]","[""tag_0"", ""tag_1""]",1,"{""j1"": true, ""j2"": true, ""j3"": true, ""j4"": true, ""j5"": true, ""j6"": true, ""j7"": true, ""accel"": true, ""gyro"": true, ""imu2"": true}",27424.0,4496.0,2.0,0.14240598188544085,0.0,0
0.5985,reach,-0.4357548510754867,0.3310432084943187,1.1918116425811682,0.0,0.0,0.0,1.0,0.33864273073929857,0.4740998230350157,-0.8127425537743166,1,-0.4381024359319403,0.32789599979853346,1.1972402986040482,-3.4619387028589355e-05,-2.7895694384161285e-06,1.3941478268705843e-05,0.9999999992996758,-0.4357548510754867,0.3310432084943187,1.1918116425811682,0.7929,ASSIST,tag_1,0.7556149644178632,0.5112299288357265,0,"[0.2443850355821368, 0.7556149644178632]","[""tag_0"", ""tag_1""]",1,"{""j1"": true, ""j2"": true, ""j3"": true, ""j4"": true, ""j5"": true, ""j6"": true, ""j7"": true, ""accel"": true, ""gyro"": true, ""imu2"": true}",27424.0,4496.0,2.0,0.14240598188544085,0.0,0
0.5992,reach,-0.4357548510754867,0.3310432084943187,1.1918116425811682,0.0,0.0,0.0,1.0,0.33864273073929857,0.4740998230350157,-0.8127425537743166,1,-0.4381024359319403,0.32789599979853346,1.1972402986040482,-3.4619387028589355e-05,-2.7895694384161285e-06,1.3941478268705843e-05,0.9999999992996758,-0.4357548510754867,0.3310432084943187,1.1918116425811682,0.7929,ASSIST,tag_1,0.7556149644178632,0.5112299288357265,0,"[0.2443850355821368, 0.7556149644178632]","[""tag_0"", ""tag_1""]",1,"{""j1"": true, ""j2"": true, ""j3"": true, ""j4"": true, ""j5"": true, ""j6"": true, ""j7"": true, ""accel"": true, ""gyro"": true, ""imu2"": true}",27424.0,4496.0,2.0,0.14240598188544085,0.0,0
0.603,reach,-0.4357548510754867,0.3310432084943187,1.1918116425811682,0.0,0.0,0.0,1.0,0.33864273073929857,0.4740998230350157,-0.8127425537743166,1,-0.4381024359319403,0.32789599979853346,1.1972402986040482,-3.4619387028589355e-05,-2.7895694384161285e-06,1.3941478268705843e-05,0.9999999992996758,-0.4357548510754867,0.3310432084943187,1.1918116425811682,0.7929,ASSIST,tag_1,0.7556149644178632,0.5112299288357265,0,"[0.2443850355821368, 0.7556149644178632]","[""tag_0"", ""tag_1""]",1,"{""j1"": true, ""j2"": true, ""j3"": true, ""j4"": true, ""j5"": true, ""j6"": true, ""j7"": true, ""accel"": true, ""gyro"": true, ""imu2"": true}",27424.0,4496.0,2.0,0.14240598188544085,0.0,0
0.6044,reach,-0.4357548510754867,0.3310432084943187,1.1918116425811682,0.0,0.0,0.0,1.0,0.33864273073929857,0.4740998230350157,-0.8127425537743166,1,-0.4381024359319403,0.32789599979853346,1.1972402986040482,-3.4619387028589355e-05,-2.7895694384161285e-06,1.3941478268705843e-05,0.9999999992996758,-0.4357548510754867,0.3310432084943187,1.1918116425811682,0.7929,ASSIST,tag_1,0.7556149644178632,0.5112299288357265,0,"[0.2443850355821368, 0.7556149644178632]","[""tag_0"", ""tag_1""]",1,"{""j1"": true, ""j2"": true, ""j3"": true, ""j4"": true, ""j5"": true, ""j6"": true, ""j7"": true, ""accel"": true, ""gyro"": true, ""imu2"": true}",27424.0,4496.0,2.0,0.14240598188544085,0.0,0
0.6103,reach,-0.4357548510754867,0.3310432084943187,1.1918116425811682,0.0,0.0,0.0,1.0,0.33864273073929857,0.4740998230350157,-0.8127425537743166,1,-0.4381024359319403,0.32789599979853346,1.1972402986040482,-3.4619387028589355e-05,-2.7895694384161285e-06,1.3941478268705843e-05,0.9999999992996758,-0.4357548510754867,0.3310432084943187,1.1918116425811682,0.7929,ASSIST,tag_1,0.7556149644178632,0.5112299288357265,0,"[0.2443850355821368, 0.7556149644178632]","[""tag_0"", ""tag_1""]",1,"{""j1"": true, ""j2"": true, ""j3"": true, ""j4"": true, ""j5"": true, ""j6"": true, ""j7"": true, ""accel"": true, ""gyro"": true, ""imu2"": true}",27424.0,4496.0,2.0,0.14240598188544085,0.0,0
0.6118,reach,-0.4357548510754867,0.3310432084943187,1.1918116425811682,0.0,0.0,0.0,1.0,0.33864273073929857,0.4740998230350157,-0.8127425537743166,1,-0.4381024359319403,0.32789599979853346,1.1972402986040482,-3.4619387028589355e-05,-2.7895694384161285e-06,1.3941478268705843e-05,0.9999999992996758,-0.4357548510754867,0.3310432084943187,1.1918116425811682,0.7929,ASSIST,tag_1,0.7556149644178632,0.5112299288357265,0,"[0.2443850355821368, 0.7556149644178632]","[""tag_0"", ""tag_1""]",1,"{""j1"": true, ""j2"": true, ""j3"": true, ""j4"": true, ""j5"": true, ""j6"": true, ""j7"": true, ""accel"": true, ""gyro"": true, ""imu2"": true}",27425.0,4496.0,2.0,0.14240598188544085,0.0,0
0.6133,reach,-0.4357548510754867,0.3310432084943187,1.1918116425811682,0.0,0.0,0.0,1.0,0.33864273073929857,0.4740998230350157,-0.8127425537743166,1,-0.4381024359319403,0.32789599979853346,1.1972402986040482,-3.4619387028589355e-05,-2.7895694384161285e-06,1.3941478268705843e-05,0.9999999992996758,-0.4357548510754867,0.3310432084943187,1.1918116425811682,0.7929,ASSIST,tag_1,0.7556149644178632,0.5112299288357265,0,"[0.2443850355821368, 0.7556149644178632]","[""tag_0"", ""tag_1""]",1,"{""j1"": true, ""j2"": true, ""j3"": true, ""j4"": true, ""j5"": true, ""j6"": true, ""j7"": true, ""accel"": true, ""gyro"": true, ""imu2"": true}",27425.0,4496.0,2.0,0.14240598188544085,0.0,0
0.6177,reach,-0.4349421085217124,0.3321810480696027,1.1898610604521098,0.0,0.0,0.0,1.0,0.33864273073929857,0.4740998230350157,-0.8127425537743166,1,-0.4381024359319403,0.32789599979853346,1.1972402986040482,-3.4619387028589355e-05,-2.7895694384161285e-06,1.3941478268705843e-05,0.9999999992996758,-0.4349421085217124,0.3321810480696027,1.1898610604521098,0.7929,ASSIST,tag_1,0.7556149644178632,0.5112299288357265,0,"[0.2443850355821368, 0.7556149644178632]","[""tag_0"", ""tag_1""]",1,"{""j1"": true, ""j2"": true, ""j3"": true, ""j4"": true, ""j5"": true, ""j6"": true, ""j7"": true, ""accel"": true, ""gyro"": true, ""imu2"": true}",27425.0,4496.0,2.0,0.14240598188544085,0.0,0
0.6193,reach,-0.4349421085217124,0.3321810480696027,1.1898610604521098,0.0,0.0,0.0,1.0,0.33864273073929835,0.47409982303501647,-0.812742553774316,1,-0.4381024359319403,0.32789599979853346,1.1972402986040482,-3.4619387028589355e-05,-2.7895694384161285e-06,1.3941478268705843e-05,0.9999999992996758,-0.4349421085217124,0.3321810480696027,1.1898610604521098,0.7929,ASSIST,tag_1,0.7556149644178632,0.5112299288357265,0,"[0.2443850355821368, 0.7556149644178632]","[""tag_0"", ""tag_1""]",1,"{""j1"": true, ""j2"": true, ""j3"": true, ""j4"": true, ""j5"": true, ""j6"": true, ""j7"": true, ""accel"": true, ""gyro"": true, ""imu2"": true}",27425.0,4496.0,2.0,0.14240598188544085,0.0,0
0.6197,reach,-0.4349421085217124,0.3321810480696027,1.1898610604521098,0.0,0.0,0.0,1.0,0.33864273073929835,0.47409982303501647,-0.812742553774316,1,-0.4381024359319403,0.32789599979853346,1.1972402986040482,-3.4619387028589355e-05,-2.7895694384161285e-06,1.3941478268705843e-05,0.9999999992996758,-0.4349421085217124,0.3321810480696027,1.1898610604521098,0.7929,ASSIST,tag_1,0.7556149644178632,0.5112299288357265,0,"[0.2443850355821368, 0.7556149644178632]","[""tag_0"", ""tag_1""]",1,"{""j1"": true, ""j2"": true, ""j3"": true, ""j4"": true, ""j5"": true, ""j6"": true, ""j7"": true, ""accel"": true, ""gyro"": true, ""imu2"": true}",27425.0,4496.0,2.0,0.14240598188544085,0.0,0
0.6232,reach,-0.4349421085217124,0.3321810480696027,1.1898610604521098,0.0,0.0,0.0,1.0,0.33864273073929835,0.47409982303501647,-0.812742553774316,1,-0.4381024359319403,0.32789599979853346,1.1972402986040482,-3.4619387028589355e-05,-2.7895694384161285e-06,1.3941478268705843e-05,0.9999999992996758,-0.4349421085217124,0.3321810480696027,1.1898610604521098,0.7929,ASSIST,tag_1,0.7556149644178632,0.5112299288357265,0,"[0.2443850355821368, 0.7556149644178632]","[""tag_0"", ""tag_1""]",1,"{""j1"": true, ""j2"": true, ""j3"": true, ""j4"": true, ""j5"": true, ""j6"": true, ""j7"": true, ""accel"": true, ""gyro"": true, ""imu2"": true}",27425.0,4496.0,2.0,0.14240598188544085,0.0,0
0.6247,reach,-0.4349421085217124,0.3321810480696027,1.1898610604521098,0.0,0.0,0.0,1.0,0.33864273073929835,0.47409982303501647,-0.812742553774316,1,-0.4381024359319403,0.32789599979853346,1.1972402986040482,-3.4619387028589355e-05,-2.7895694384161285e-06,1.3941478268705843e-05,0.9999999992996758,-0.4349421085217124,0.3321810480696027,1.1898610604521098,0.7929,ASSIST,tag_1,0.7556149644178632,0.5112299288357265,0,"[0.2443850355821368, 0.7556149644178632]","[""tag_0"", ""tag_1""]",1,"{""j1"": true, ""j2"": true, ""j3"": true, ""j4"": true, ""j5"": true, ""j6"": true, ""j7"": true, ""accel"": true, ""gyro"": true, ""imu2"": true}",27425.0,4496.0,2.0,0.14240598188544085,0.0,0
0.6303,reach,-0.4349421085217124,0.3321810480696027,1.1898610604521098,0.0,0.0,0.0,1.0,0.33864273073929835,0.47409982303501647,-0.812742553774316,1,-0.4381024359319403,0.32789599979853346,1.1972402986040482,-3.4619387028589355e-05,-2.7895694384161285e-06,1.3941478268705843e-05,0.9999999992996758,-0.4349421085217124,0.3321810480696027,1.1898610604521098,0.7929,ASSIST,tag_1,0.7556149644178632,0.5112299288357265,0,"[0.2443850355821368, 0.7556149644178632]","[""tag_0"", ""tag_1""]",1,"{""j1"": true, ""j2"": true, ""j3"": true, ""j4"": true, ""j5"": true, ""j6"": true, ""j7"": true, ""accel"": true, ""gyro"": true, ""imu2"": true}",27425.0,4496.0,2.0,0.14240598188544085,0.0,0
0.6317,reach,-0.4349421085217124,0.3321810480696027,1.1898610604521098,0.0,0.0,0.0,1.0,0.33864273073929835,0.47409982303501647,-0.812742553774316,1,-0.4381024359319403,0.32789599979853346,1.1972402986040482,-3.4619387028589355e-05,-2.7895694384161285e-06,1.3941478268705843e-05,0.9999999992996758,-0.4349421085217124,0.3321810480696027,1.1898610604521098,0.7929,ASSIST,tag_1,0.7556149644178632,0.5112299288357265,0,"[0.2443850355821368, 0.7556149644178632]","[""tag_0"", ""tag_1""]",1,"{""j1"": true, ""j2"": true, ""j3"": true, ""j4"": true, ""j5"": true, ""j6"": true, ""j7"": true, ""accel"": true, ""gyro"": true, ""imu2"": true}",27426.0,4496.0,2.0,0.14240598188544085,0.0,0
0.6323,reach,-0.4349421085217124,0.3321810480696027,1.1898610604521098,0.0,0.0,0.0,1.0,0.33864273073929835,0.47409982303501647,-0.812742553774316,1,-0.4381024359319403,0.32789599979853346,1.1972402986040482,-3.4619387028589355e-05,-2.7895694384161285e-06,1.3941478268705843e-05,0.9999999992996758,-0.4349421085217124,0.3321810480696027,1.1898610604521098,0.7929,ASSIST,tag_1,0.7556149644178632,0.5112299288357265,0,"[0.2443850355821368, 0.7556149644178632]","[""tag_0"", ""tag_1""]",1,"{""j1"": true, ""j2"": true, ""j3"": true, ""j4"": true, ""j5"": true, ""j6"": true, ""j7"": true, ""accel"": true, ""gyro"": true, ""imu2"": true}",27426.0,4496.0,2.0,0.14240598188544085,0.0,0
0.6375,reach,-0.43412936596793805,0.3333188876448867,1.1879104783230514,0.0,0.0,0.0,1.0,0.33864273073929835,0.47409982303501647,-0.812742553774316,1,-0.4381024359319403,0.32789599979853346,1.1972402986040482,-3.4619387028589355e-05,-2.7895694384161285e-06,1.3941478268705843e-05,0.9999999992996758,-0.43412936596793805,0.3333188876448867,1.1879104783230514,0.7929,ASSIST,tag_1,0.7556149644178632,0.5112299288357265,0,"[0.2443850355821368, 0.7556149644178632]","[""tag_0"", ""tag_1""]",1,"{""j1"": true, ""j2"": true, ""j3"": true, ""j4"": true, ""j5"": true, ""j6"": true, ""j7"": true, ""accel"": true, ""gyro"": true, ""imu2"": true}",27426.0,4496.0,2.0,0.14240598188544085,0.0,0
0.6384,reach,-0.43412936596793805,0.3333188876448867,1.1879104783230514,0.0,0.0,0.0,1.0,0.3386427307392982,0.47409982303501746,-0.8127425537743157,1,-0.4381024359319403,0.32789599979853346,1.1972402986040482,-3.4619387028589355e-05,-2.7895694384161285e-06,1.3941478268705843e-05,0.9999999992996758,-0.43412936596793805,0.3333188876448867,1.1879104783230514,0.7929,ASSIST,tag_1,0.7556149644178632,0.5112299288357265,0,"[0.2443850355821368, 0.7556149644178632]","[""tag_0"", ""tag_1""]",1,"{""j1"": true, ""j2"": true, ""j3"": true, ""j4"": true, ""j5"": true, ""j6"": true, ""j7"": true, ""accel"": true, ""gyro"": true, ""imu2"": true}",27426.0,4496.0,2.0,0.14240598188544085,0.0,0
0.6387,reach,-0.43412936596793805,0.3333188876448867,1.1879104783230514,0.0,0.0,0.0,1.0,0.3386427307392982,0.47409982303501746,-0.8127425537743157,1,-0.4381024359319403,0.32789599979853346,1.1972402986040482,-3.4619387028589355e-05,-2.7895694384161285e-06,1.3941478268705843e-05,0.9999999992996758,-0.43412936596793805,0.3333188876448867,1.1879104783230514,0.7929,ASSIST,tag_1,0.7556149644178632,0.5112299288357265,0,"[0.2443850355821368, 0.7556149644178632]","[""tag_0"", ""tag_1""]",1,"{""j1"": true, ""j2"": true, ""j3"": true, ""j4"": true, ""j5"": true, ""j6"": true, ""j7"": true, ""accel"": true, ""gyro"": true, ""imu2"": true}",27426.0,4496.0,2.0,0.14240598188544085,0.0,0
0.6444,reach,-0.43412936596793805,0.3333188876448867,1.1879104783230514,0.0,0.0,0.0,1.0,0.3386427307392982,0.47409982303501746,-0.8127425537743157,1,-0.4363579621694126,0.33025360647598473,1.1931794784286514,-1.3878251076404616e-05,6.03575523810962e-07,4.6404860409091095e-06,0.9999999998927478,-0.43412936596793805,0.3333188876448867,1.1879104783230514,0.7929,ASSIST,tag_1,0.7556149644178632,0.5112299288357265,0,"[0.2443850355821368, 0.7556149644178632]","[""tag_0"", ""tag_1""]",1,"{""j1"": true, ""j2"": true, ""j3"": true, ""j4"": true, ""j5"": true, ""j6"": true, ""j7"": true, ""accel"": true, ""gyro"": true, ""imu2"": true}",27426.0,4496.0,2.0,0.14240598188544085,0.0,0
0.6448,reach,-0.43412936596793805,0.3333188876448867,1.1879104783230514,0.0,0.0,0.0,1.0,0.3386427307392982,0.47409982303501746,-0.8127425537743157,1,-0.4363579621694126,0.33025360647598473,1.1931794784286514,-1.3878251076404616e-05,6.03575523810962e-07,4.6404860409091095e-06,0.9999999998927478,-0.43412936596793805,0.3333188876448867,1.1879104783230514,0.7929,ASSIST,tag_1,0.7556149644178632,0.5112299288357265,0,"[0.2443850355821368, 0.7556149644178632]","[""tag_0"", ""tag_1""]",1,"{""j1"": true, ""j2"": true, ""j3"": true, ""j4"": true, ""j5"": true, ""j6"": true, ""j7"": true, ""accel"": true, ""gyro"": true, ""imu2"": true}",27426.0,4496.0,2.0,0.14240598188544085,0.0,0
0.6452,reach,-0.43412936596793805,0.3333188876448867,1.1879104783230514,0.0,0.0,0.0,1.0,0.3386427307392982,0.47409982303501746,-0.8127425537743157,1,-0.4363579621694126,0.33025360647598473,1.1931794784286514,-1.3878251076404616e-05,6.03575523810962e-07,4.6404860409091095e-06,0.9999999998927478,-0.43412936596793805,0.3333188876448867,1.1879104783230514,0.7929,ASSIST,tag_1,0.7556149644178632,0.5112299288357265,0,"[0.2443850355821368, 0.7556149644178632]","[""tag_0"", ""tag_1""]",1,"{""j1"": true, ""j2"": true, ""j3"": true, ""j4"": true, ""j5"": true, ""j6"": true, ""j7"": true, ""accel"": true, ""gyro"": true, ""imu2"": true}",27426.0,4496.0,2.0,0.14240598188544085,0.0,0
0.6459,reach,-0.43412936596793805,0.3333188876448867,1.1879104783230514,0.0,0.0,0.0,1.0,0.3386427307392982,0.47409982303501746,-0.8127425537743157,1,-0.4363579621694126,0.33025360647598473,1.1931794784286514,-1.3878251076404616e-05,6.03575523810962e-07,4.6404860409091095e-06,0.9999999998927478,-0.43412936596793805,0.3333188876448867,1.1879104783230514,0.7929,ASSIST,tag_1,0.5029200042381294,0.005840008476258929,1,"[0.4970799957618705, 0.5029200042381294]","[""tag_0"", ""tag_1""]",1,"{""j1"": true, ""j2"": true, ""j3"": true, ""j4"": true, ""j5"": true, ""j6"": true, ""j7"": true, ""accel"": true, ""gyro"": true, ""imu2"": true}",27426.0,4496.0,2.0,0.14240598188544085,0.0,0
0.6518,reach,-0.43412936596793805,0.3333188876448867,1.1879104783230514,0.0,0.0,0.0,1.0,0.3386427307392982,0.47409982303501746,-0.8127425537743157,1,-0.4363579621694126,0.33025360647598473,1.1931794784286514,-1.3878251076404616e-05,6.03575523810962e-07,4.6404860409091095e-06,0.9999999998927478,-0.43412936596793805,0.3333188876448867,1.1879104783230514,0.7929,ASSIST,tag_1,0.5029200042381294,0.005840008476258929,1,"[0.4970799957618705, 0.5029200042381294]","[""tag_0"", ""tag_1""]",1,"{""j1"": true, ""j2"": true, ""j3"": true, ""j4"": true, ""j5"": true, ""j6"": true, ""j7"": true, ""accel"": true, ""gyro"": true, ""imu2"": true}",27426.0,4496.0,2.0,0.14240598188544085,0.0,0
0.6525,reach,-0.43412936596793805,0.3333188876448867,1.1879104783230514,0.0,0.0,0.0,1.0,0.3386427307392982,0.47409982303501746,-0.8127425537743157,1,-0.4363579621694126,0.33025360647598473,1.1931794784286514,-1.3878251076404616e-05,6.03575523810962e-07,4.6404860409091095e-06,0.9999999998927478,-0.43412936596793805,0.3333188876448867,1.1879104783230514,0.7929,ASSIST,tag_1,0.5029200042381294,0.005840008476258929,1,"[0.4970799957618705, 0.5029200042381294]","[""tag_0"", ""tag_1""]",1,"{""j1"": true, ""j2"": true, ""j3"": true, ""j4"": true, ""j5"": true, ""j6"": true, ""j7"": true, ""accel"": true, ""gyro"": true, ""imu2"": true}",27426.0,4496.0,2.0,0.14240598188544085,0.0,0
0.6527,reach,-0.43412936596793805,0.3333188876448867,1.1879104783230514,0.0,0.0,0.0,1.0,0.3386427307392982,0.47409982303501746,-0.8127425537743157,1,-0.4363579621694126,0.33025360647598473,1.1931794784286514,-1.3878251076404616e-05,6.03575523810962e-07,4.6404860409091095e-06,0.9999999998927478,-0.43412936596793805,0.3333188876448867,1.1879104783230514,0.7929,ASSIST,tag_1,0.5029200042381294,0.005840008476258929,1,"[0.4970799957618705, 0.5029200042381294]","[""tag_0"", ""tag_1""]",1,"{""j1"": true, ""j2"": true, ""j3"": true, ""j4"": true, ""j5"": true, ""j6"": true, ""j7"": true, ""accel"": true, ""gyro"": true, ""imu2"": true}",27427.0,4496.0,2.0,0.1430106935341945,0.0,0
0.6577,reach,-0.4333166234141637,0.3344567272201707,1.185959896193993,0.0,0.0,0.0,1.0,0.3386427307392982,0.47409982303501746,-0.8127425537743157,1,-0.4363579621694126,0.33025360647598473,1.1931794784286514,-1.3878251076404616e-05,6.03575523810962e-07,4.6404860409091095e-06,0.9999999998927478,-0.4333166234141637,0.3344567272201707,1.185959896193993,0.7929,ASSIST,tag_1,0.5029200042381294,0.005840008476258929,1,"[0.4970799957618705, 0.5029200042381294]","[""tag_0"", ""tag_1""]",1,"{""j1"": true, ""j2"": true, ""j3"": true, ""j4"": true, ""j5"": true, ""j6"": true, ""j7"": true, ""accel"": true, ""gyro"": true, ""imu2"": true}",27427.0,4496.0,2.0,0.1430106935341945,0.0,0
0.6584,reach,-0.4333166234141637,0.3344567272201707,1.185959896193993,0.0,0.0,0.0,1.0,0.33864273073929796,0.4740998230350185,-0.8127425537743151,1,-0.4363579621694126,0.33025360647598473,1.1931794784286514,-1.3878251076404616e-05,6.03575523810962e-07,4.6404860409091095e-06,0.9999999998927478,-0.4333166234141637,0.3344567272201707,1.185959896193993,0.7929,ASSIST,tag_1,0.5029200042381294,0.005840008476258929,1,"[0.4970799957618705, 0.5029200042381294]","[""tag_0"", ""tag_1""]",1,"{""j1"": true, ""j2"": true, ""j3"": true, ""j4"": true, ""j5"": true, ""j6"": true, ""j7"": true, ""accel"": true, ""gyro"": true, ""imu2"": true}",27427.0,4496.0,2.0,0.1430106935341945,0.0,0
0.6587,reach,-0.4333166234141637,0.3344567272201707,1.185959896193993,0.0,0.0,0.0,1.0,0.33864273073929796,0.4740998230350185,-0.8127425537743151,1,-0.4363579621694126,0.33025360647598473,1.1931794784286514,-1.3878251076404616e-05,6.03575523810962e-07,4.6404860409091095e-06,0.9999999998927478,-0.4333166234141637,0.3344567272201707,1.185959896193993,0.7929,ASSIST,tag_1,0.5029200042381294,0.005840008476258929,1,"[0.4970799957618705, 0.5029200042381294]","[""tag_0"", ""tag_1""]",1,"{""j1"": true, ""j2"": true, ""j3"": true, ""j4"": true, ""j5"": true, ""j6"": true, ""j7"": true, ""accel"": true, ""gyro"": true, ""imu2"": true}",27427.0,4496.0,2.0,0.1430106935341945,0.0,0
0.6631,reach,-0.4333166234141637,0.3344567272201707,1.185959896193993,0.0,0.0,0.0,1.0,0.33864273073929796,0.4740998230350185,-0.8127425537743151,1,-0.4363579621694126,0.33025360647598473,1.1931794784286514,-1.3878251076404616e-05,6.03575523810962e-07,4.6404860409091095e-06,0.9999999998927478,-0.4333166234141637,0.3344567272201707,1.185959896193993,0.7929,ASSIST,tag_1,0.5029200042381294,0.005840008476258929,1,"[0.4970799957618705, 0.5029200042381294]","[""tag_0"", ""tag_1""]",1,"{""j1"": true, ""j2"": true, ""j3"": true, ""j4"": true, ""j5"": true, ""j6"": true, ""j7"": true, ""accel"": true, ""gyro"": true, ""imu2"": true}",27427.0,4496.0,2.0,0.1430106935341945,0.0,0
0.6649,reach,-0.4333166234141637,0.3344567272201707,1.185959896193993,0.0,0.0,0.0,1.0,0.33864273073929796,0.4740998230350185,-0.8127425537743151,1,-0.4363579621694126,0.33025360647598473,1.1931794784286514,-1.3878251076404616e-05,6.03575523810962e-07,4.6404860409091095e-06,0.9999999998927478,-0.4333166234141637,0.3344567272201707,1.185959896193993,0.7929,DIRECT,tag_1,0.5029200042381294,0.005840008476258929,1,"[0.4970799957618705, 0.5029200042381294]","[""tag_0"", ""tag_1""]",1,"{""j1"": true, ""j2"": true, ""j3"": true, ""j4"": true, ""j5"": true, ""j6"": true, ""j7"": true, ""accel"": true, ""gyro"": true, ""imu2"": true}",27427.0,4496.0,2.0,0.1430106935341945,0.0,0
0.6707,reach,-0.4333166234141637,0.3344567272201707,1.185959896193993,0.0,0.0,0.0,1.0,0.33864273073929796,0.4740998230350185,-0.8127425537743151,1,-0.4363579621694126,0.33025360647598473,1.1931794784286514,-1.3878251076404616e-05,6.03575523810962e-07,4.6404860409091095e-06,0.9999999998927478,-0.4333166234141637,0.3344567272201707,1.185959896193993,0.7929,DIRECT,tag_1,0.5029200042381294,0.005840008476258929,1,"[0.4970799957618705, 0.5029200042381294]","[""tag_0"", ""tag_1""]",1,"{""j1"": true, ""j2"": true, ""j3"": true, ""j4"": true, ""j5"": true, ""j6"": true, ""j7"": true, ""accel"": true, ""gyro"": true, ""imu2"": true}",27427.0,4496.0,2.0,0.1430106935341945,0.0,0
0.6715,reach,-0.4333166234141637,0.3344567272201707,1.185959896193993,0.0,0.0,0.0,1.0,0.33864273073929796,0.4740998230350185,-0.8127425537743151,1,-0.4363579621694126,0.33025360647598473,1.1931794784286514,-1.3878251076404616e-05,6.03575523810962e-07,4.6404860409091095e-06,0.9999999998927478,-0.4333166234141637,0.3344567272201707,1.185959896193993,0.7929,DIRECT,tag_1,0.5029200042381294,0.005840008476258929,1,"[0.4970799957618705, 0.5029200042381294]","[""tag_0"", ""tag_1""]",1,"{""j1"": true, ""j2"": true, ""j3"": true, ""j4"": true, ""j5"": true, ""j6"": true, ""j7"": true, ""accel"": true, ""gyro"": true, ""imu2"": true}",27428.0,4496.0,2.0,0.1430106935341945,0.0,0
0.6728,reach,-0.4333166234141637,0.3344567272201707,1.185959896193993,0.0,0.0,0.0,1.0,0.33864273073929796,0.4740998230350185,-0.8127425537743151,1,-0.4363579621694126,0.33025360647598473,1.1931794784286514,-1.3878251076404616e-05,6.03575523810962e-07,4.6404860409091095e-06,0.9999999998927478,-0.4333166234141637,0.3344567272201707,1.185959896193993,0.7929,DIRECT,tag_1,0.5029200042381294,0.005840008476258929,1,"[0.4970799957618705, 0.5029200042381294]","[""tag_0"", ""tag_1""]",1,"{""j1"": true, ""j2"": true, ""j3"": true, ""j4"": true, ""j5"": true, ""j6"": true, ""j7"": true, ""accel"": true, ""gyro"": true, ""imu2"": true}",27428.0,4496.0,2.0,0.1430106935341945,0.0,0
0.6776,reach,-0.4325038808603894,0.3355945667954548,1.1840093140649346,0.0,0.0,0.0,1.0,0.33864273073929796,0.4740998230350185,-0.8127425537743151,1,-0.4363579621694126,0.33025360647598473,1.1931794784286514,-1.3878251076404616e-05,6.03575523810962e-07,4.6404860409091095e-06,0.9999999998927478,-0.4325038808603894,0.3355945667954548,1.1840093140649346,0.7929,DIRECT,tag_1,0.5029200042381294,0.005840008476258929,1,"[0.4970799957618705, 0.5029200042381294]","[""tag_0"", ""tag_1""]",1,"{""j1"": true, ""j2"": true, ""j3"": true, ""j4"": true, ""j5"": true, ""j6"": true, ""j7"": true, ""accel"": true, ""gyro"": true, ""imu2"": true}",27428.0,4496.0,2.0,0.1430106935341945,0.0,0
0.6782,reach,-0.4325038808603894,0.3355945667954548,1.1840093140649346,0.0,0.0,0.0,1.0,0.3386427307392979,0.4740998230350185,-0.812742553774315,1,-0.4363579621694126,0.33025360647598473,1.1931794784286514,-1.3878251076404616e-05,6.03575523810962e-07,4.6404860409091095e-06,0.9999999998927478,-0.4325038808603894,0.3355945667954548,1.1840093140649346,0.7929,DIRECT,tag_1,0.5029200042381294,0.005840008476258929,1,"[0.4970799957618705, 0.5029200042381294]","[""tag_0"", ""tag_1""]",1,"{""j1"": true, ""j2"": true, ""j3"": true, ""j4"": true, ""j5"": true, ""j6"": true, ""j7"": true, ""accel"": true, ""gyro"": true, ""imu2"": true}",27428.0,4496.0,2.0,0.1430106935341945,0.0,0
0.6785,reach,-0.4325038808603894,0.3355945667954548,1.1840093140649346,0.0,0.0,0.0,1.0,0.3386427307392979,0.4740998230350185,-0.812742553774315,1,-0.4363579621694126,0.33025360647598473,1.1931794784286514,-1.3878251076404616e-05,6.03575523810962e-07,4.6404860409091095e-06,0.9999999998927478,-0.4325038808603894,0.3355945667954548,1.1840093140649346,0.7929,DIRECT,tag_1,0.5029200042381294,0.005840008476258929,1,"[0.4970799957618705, 0.5029200042381294]","[""tag_0"", ""tag_1""]",1,"{""j1"": true, ""j2"": true, ""j3"": true, ""j4"": true, ""j5"": true, ""j6"": true, ""j7"": true, ""accel"": true, ""gyro"": true, ""imu2"": true}",27428.0,4496.0,2.0,0.1430106935341945,0.0,0
0.6828,reach,-0.4325038808603894,0.3355945667954548,1.1840093140649346,0.0,0.0,0.0,1.0,0.3386427307392979,0.4740998230350185,-0.812742553774315,1,-0.4363579621694126,0.33025360647598473,1.1931794784286514,-1.3878251076404616e-05,6.03575523810962e-07,4.6404860409091095e-06,0.9999999998927478,-0.4325038808603894,0.3355945667954548,1.1840093140649346,0.7929,DIRECT,tag_1,0.5029200042381294,0.005840008476258929,1,"[0.4970799957618705, 0.5029200042381294]","[""tag_0"", ""tag_1""]",1,"{""j1"": true, ""j2"": true, ""j3"": true, ""j4"": true, ""j5"": true, ""j6"": true, ""j7"": true, ""accel"": true, ""gyro"": true, ""imu2"": true}",27428.0,4496.0,2.0,0.1430106935341945,0.0,0
0.6845,reach,-0.4325038808603894,0.3355945667954548,1.1840093140649346,0.0,0.0,0.0,1.0,0.3386427307392979,0.4740998230350185,-0.812742553774315,1,-0.4363579621694126,0.33025360647598473,1.1931794784286514,-1.3878251076404616e-05,6.03575523810962e-07,4.6404860409091095e-06,0.9999999998927478,-0.4325038808603894,0.3355945667954548,1.1840093140649346,0.7929,DIRECT,tag_1,0.5029200042381294,0.005840008476258929,1,"[0.4970799957618705, 0.5029200042381294]","[""tag_0"", ""tag_1""]",1,"{""j1"": true, ""j2"": true, ""j3"": true, ""j4"": true, ""j5"": true, ""j6"": true, ""j7"": true, ""accel"": true, ""gyro"": true, ""imu2"": true}",27428.0,4496.0,2.0,0.1430106935341945,0.0,0
0.6909,reach,-0.4325038808603894,0.3355945667954548,1.1840093140649346,0.0,0.0,0.0,1.0,0.3386427307392979,0.4740998230350185,-0.812742553774315,1,-0.4363579621694126,0.33025360647598473,1.1931794784286514,-1.3878251076404616e-05,6.03575523810962e-07,4.6404860409091095e-06,0.9999999998927478,-0.4325038808603894,0.3355945667954548,1.1840093140649346,0.7929,DIRECT,tag_1,0.5029200042381294,0.005840008476258929,1,"[0.4970799957618705, 0.5029200042381294]","[""tag_0"", ""tag_1""]",1,"{""j1"": true, ""j2"": true, ""j3"": true, ""j4"": true, ""j5"": true, ""j6"": true, ""j7"": true, ""accel"": true, ""gyro"": true, ""imu2"": true}",27428.0,4496.0,2.0,0.1430106935341945,0.0,0
0.6916,reach,-0.4325038808603894,0.3355945667954548,1.1840093140649346,0.0,0.0,0.0,1.0,0.3386427307392979,0.4740998230350185,-0.812742553774315,1,-0.4363579621694126,0.33025360647598473,1.1931794784286514,-1.3878251076404616e-05,6.03575523810962e-07,4.6404860409091095e-06,0.9999999998927478,-0.4325038808603894,0.3355945667954548,1.1840093140649346,0.7929,DIRECT,tag_1,0.5029200042381294,0.005840008476258929,1,"[0.4970799957618705, 0.5029200042381294]","[""tag_0"", ""tag_1""]",1,"{""j1"": true, ""j2"": true, ""j3"": true, ""j4"": true, ""j5"": true, ""j6"": true, ""j7"": true, ""accel"": true, ""gyro"": true, ""imu2"": true}",27429.0,4496.0,2.0,0.1430106935341945,0.0,0
0.6929,reach,-0.4325038808603894,0.3355945667954548,1.1840093140649346,0.0,0.0,0.0,1.0,0.3386427307392979,0.4740998230350185,-0.812742553774315,1,-0.4363579621694126,0.33025360647598473,1.1931794784286514,-1.3878251076404616e-05,6.03575523810962e-07,4.6404860409091095e-06,0.9999999998927478,-0.4325038808603894,0.3355945667954548,1.1840093140649346,0.7929,DIRECT,tag_1,0.5029200042381294,0.005840008476258929,1,"[0.4970799957618705, 0.5029200042381294]","[""tag_0"", ""tag_1""]",1,"{""j1"": true, ""j2"": true, ""j3"": true, ""j4"": true, ""j5"": true, ""j6"": true, ""j7"": true, ""accel"": true, ""gyro"": true, ""imu2"": true}",27429.0,4496.0,2.0,0.1430106935341945,0.0,0
0.6955,reach,-0.4325038808603894,0.3355945667954548,1.1840093140649346,0.0,0.0,0.0,1.0,0.3386427307392979,0.4740998230350185,-0.812742553774315,1,-0.4363579621694126,0.33025360647598473,1.1931794784286514,-1.3878251076404616e-05,6.03575523810962e-07,4.6404860409091095e-06,0.9999999998927478,-0.4325038808603894,0.3355945667954548,1.1840093140649346,0.7929,DIRECT,tag_0,0.7411371780768959,0.48227435615379194,0,"[0.7411371780768959, 0.258862821923104]","[""tag_0"", ""tag_1""]",1,"{""j1"": true, ""j2"": true, ""j3"": true, ""j4"": true, ""j5"": true, ""j6"": true, ""j7"": true, ""accel"": true, ""gyro"": true, ""imu2"": true}",27429.0,4496.0,2.0,0.1430106935341945,0.0,0
0.698,reach,-0.43169113830661504,0.33673240637073887,1.1820587319358762,0.0,0.0,0.0,1.0,0.3386427307392979,0.4740998230350185,-0.812742553774315,1,-0.4363579621694126,0.33025360647598473,1.1931794784286514,-1.3878251076404616e-05,6.03575523810962e-07,4.6404860409091095e-06,0.9999999998927478,-0.43169113830661504,0.33673240637073887,1.1820587319358762,0.7929,DIRECT,tag_0,0.7411371780768959,0.48227435615379194,0,"[0.7411371780768959, 0.258862821923104]","[""tag_0"", ""tag_1""]",1,"{""j1"": true, ""j2"": true, ""j3"": true, ""j4"": true, ""j5"": true, ""j6"": true, ""j7"": true, ""accel"": true, ""gyro"": true, ""imu2"": true}",27429.0,4496.0,2.0,0.1430106935341945,0.0,0
0.6987,reach,-0.43169113830661504,0.33673240637073887,1.1820587319358762,0.0,0.0,0.0,1.0,0.3386427307392979,0.4740998230350186,-0.8127425537743149,1,-0.4363579621694126,0.33025360647598473,1.1931794784286514,-1.3878251076404616e-05,6.03575523810962e-07,4.6404860409091095e-06,0.9999999998927478,-0.43169113830661504,0.33673240637073887,1.1820587319358762,0.7929,DIRECT,tag_0,0.7411371780768959,0.48227435615379194,0,"[0.7411371780768959, 0.258862821923104]","[""tag_0"", ""tag_1""]",1,"{""j1"": true, ""j2"": true, ""j3"": true, ""j4"": true, ""j5"": true, ""j6"": true, ""j7"": true, ""accel"": true, ""gyro"": true, ""imu2"": true}",27429.0,4496.0,2.0,0.1430106935341945,0.0,0
0.699,reach,-0.43169113830661504,0.33673240637073887,1.1820587319358762,0.0,0.0,0.0,1.0,0.3386427307392979,0.4740998230350186,-0.8127425537743149,1,-0.4363579621694126,0.33025360647598473,1.1931794784286514,-1.3878251076404616e-05,6.03575523810962e-07,4.6404860409091095e-06,0.9999999998927478,-0.43169113830661504,0.33673240637073887,1.1820587319358762,0.7929,DIRECT,tag_0,0.7411371780768959,0.48227435615379194,0,"[0.7411371780768959, 0.258862821923104]","[""tag_0"", ""tag_1""]",1,"{""j1"": true, ""j2"": true, ""j3"": true, ""j4"": true, ""j5"": true, ""j6"": true, ""j7"": true, ""accel"": true, ""gyro"": true, ""imu2"": true}",27429.0,4496.0,2.0,0.1430106935341945,0.0,0
0.7026,reach,-0.43169113830661504,0.33673240637073887,1.1820587319358762,0.0,0.0,0.0,1.0,0.3386427307392979,0.4740998230350186,-0.8127425537743149,1,-0.4363579621694126,0.33025360647598473,1.1931794784286514,-1.3878251076404616e-05,6.03575523810962e-07,4.6404860409091095e-06,0.9999999998927478,-0.43169113830661504,0.33673240637073887,1.1820587319358762,0.7929,DIRECT,tag_0,0.7411371780768959,0.48227435615379194,0,"[0.7411371780768959, 0.258862821923104]","[""tag_0"", ""tag_1""]",1,"{""j1"": true, ""j2"": true, ""j3"": true, ""j4"": true, ""j5"": true, ""j6"": true, ""j7"": true, ""accel"": true, ""gyro"": true, ""imu2"": true}",27429.0,4496.0,2.0,0.1430106935341945,0.0,0
0.705,reach,-0.43169113830661504,0.33673240637073887,1.1820587319358762,0.0,0.0,0.0,1.0,0.3386427307392979,0.4740998230350186,-0.8127425537743149,1,-0.4363579621694126,0.33025360647598473,1.1931794784286514,-1.3878251076404616e-05,6.03575523810962e-07,4.6404860409091095e-06,0.9999999998927478,-0.43169113830661504,0.33673240637073887,1.1820587319358762,0.7929,ASSIST,tag_0,0.7411371780768959,0.48227435615379194,0,"[0.7411371780768959, 0.258862821923104]","[""tag_0"", ""tag_1""]",1,"{""j1"": true, ""j2"": true, ""j3"": true, ""j4"": true, ""j5"": true, ""j6"": true, ""j7"": true, ""accel"": true, ""gyro"": true, ""imu2"": true}",27429.0,4496.0,2.0,0.1430106935341945,0.0,0
0.7106,reach,-0.43169113830661504,0.33673240637073887,1.1820587319358762,0.0,0.0,0.0,1.0,0.3386427307392979,0.4740998230350186,-0.8127425537743149,1,-0.4363579621694126,0.33025360647598473,1.1931794784286514,-1.3878251076404616e-05,6.03575523810962e-07,4.6404860409091095e-06,0.9999999998927478,-0.43169113830661504,0.33673240637073887,1.1820587319358762,0.7929,ASSIST,tag_0,0.7411371780768959,0.48227435615379194,0,"[0.7411371780768959, 0.258862821923104]","[""tag_0"", ""tag_1""]",1,"{""j1"": true, ""j2"": true, ""j3"": true, ""j4"": true, ""j5"": true, ""j6"": true, ""j7"": true, ""accel"": true, ""gyro"": true, ""imu2"": true}",27429.0,4496.0,2.0,0.1430106935341945,0.0,0
0.712,reach,-0.43169113830661504,0.33673240637073887,1.1820587319358762,0.0,0.0,0.0,1.0,0.3386427307392979,0.4740998230350186,-0.8127425537743149,1,-0.4363579621694126,0.33025360647598473,1.1931794784286514,-1.3878251076404616e-05,6.03575523810962e-07,4.6404860409091095e-06,0.9999999998927478,-0.43169113830661504,0.33673240637073887,1.1820587319358762,0.7929,ASSIST,tag_0,0.7411371780768959,0.48227435615379194,0,"[0.7411371780768959, 0.258862821923104]","[""tag_0"", ""tag_1""]",1,"{""j1"": true, ""j2"": true, ""j3"": true, ""j4"": true, ""j5"": true, ""j6"": true, ""j7"": true, ""accel"": true, ""gyro"": true, ""imu2"": true}",27430.0,4496.0,2.0,0.1430106935341945,0.0,0
0.715,reach,-0.43169113830661504,0.33673240637073887,1.1820587319358762,0.0,0.0,0.0,1.0,0.3386427307392979,0.4740998230350186,-0.8127425537743149,1,-0.43372030573254605,0.333956286900625,1.1868359047819337,-1.6337784116471358e-05,2.276856367430802e-06,4.6651096040004076e-06,0.9999999998530648,-0.43169113830661504,0.33673240637073887,1.1820587319358762,0.7929,ASSIST,tag_0,0.7411371780768959,0.48227435615379194,0,"[0.7411371780768959, 0.258862821923104]","[""tag_0"", ""tag_1""]",1,"{""j1"": true, ""j2"": true, ""j3"": true, ""j4"": true, ""j5"": true, ""j6"": true, ""j7"": true, ""accel"": true, ""gyro"": true, ""imu2"": true}",27430.0,4496.0,2.0,0.1430106935341945,0.0,0
0.7154,reach,-0.43169113830661504,0.33673240637073887,1.1820587319358762,0.0,0.0,0.0,1.0,0.3386427307392979,0.4740998230350186,-0.8127425537743149,1,-0.43372030573254605,0.333956286900625,1.1868359047819337,-1.6337784116471358e-05,2.276856367430802e-06,4.6651096040004076e-06,0.9999999998530648,-0.43169113830661504,0.33673240637073887,1.1820587319358762,0.7929,ASSIST,tag_0,0.7411371780768959,0.48227435615379194,0,"[0.7411371780768959, 0.258862821923104]","[""tag_0"", ""tag_1""]",1,"{""j1"": true, ""j2"": true, ""j3"": true, ""j4"": true, ""j5"": true, ""j6"": true, ""j7"": true, ""accel"": true, ""gyro"": true, ""imu2"": true}",27430.0,4496.0,2.0,0.1430106935341945,0.0,0
0.7181,reach,-0.4308783957528407,0.33787024594602294,1.1801081498068178,0.0,0.0,0.0,1.0,0.3386427307392979,0.4740998230350186,-0.8127425537743149,1,-0.43372030573254605,0.333956286900625,1.1868359047819337,-1.6337784116471358e-05,2.276856367430802e-06,4.6651096040004076e-06,0.9999999998530648,-0.4308783957528407,0.33787024594602294,1.1801081498068178,0.7929,ASSIST,tag_0,0.7411371780768959,0.48227435615379194,0,"[0.7411371780768959, 0.258862821923104]","[""tag_0"", ""tag_1""]",1,"{""j1"": true, ""j2"": true, ""j3"": true, ""j4"": true, ""j5"": true, ""j6"": true, ""j7"": true, ""accel"": true, ""gyro"": true, ""imu2"": true}",27430.0,4496.0,2.0,0.1430106935341945,0.0,0
0.7189,reach,-0.4308783957528407,0.33787024594602294,1.1801081498068178,0.0,0.0,0.0,1.0,0.3386427307392979,0.47409982303501874,-0.812742553774315,1,-0.43372030573254605,0.333956286900625,1.1868359047819337,-1.6337784116471358e-05,2.276856367430802e-06,4.6651096040004076e-06,0.9999999998530648,-0.4308783957528407,0.33787024594602294,1.1801081498068178,0.7929,ASSIST,tag_0,0.7411371780768959,0.48227435615379194,0,"[0.7411371780768959, 0.258862821923104]","[""tag_0"", ""tag_1""]",1,"{""j1"": true, ""j2"": true, ""j3"": true, ""j4"": true, ""j5"": true, ""j6"": true, ""j7"": true, ""accel"": true, ""gyro"": true, ""imu2"": true}",27430.0,4496.0,2.0,0.1430106935341945,0.0,0
0.7192,reach,-0.4308783957528407,0.33787024594602294,1.1801081498068178,0.0,0.0,0.0,1.0,0.3386427307392979,0.47409982303501874,-0.812742553774315,1,-0.43372030573254605,0.333956286900625,1.1868359047819337,-1.6337784116471358e-05,2.276856367430802e-06,4.6651096040004076e-06,0.9999999998530648,-0.4308783957528407,0.33787024594602294,1.1801081498068178,0.7929,ASSIST,tag_0,0.7411371780768959,0.48227435615379194,0,"[0.7411371780768959, 0.258862821923104]","[""tag_0"", ""tag_1""]",1,"{""j1"": true, ""j2"": true, ""j3"": true, ""j4"": true, ""j5"": true, ""j6"": true, ""j7"": true, ""accel"": true, ""gyro"": true, ""imu2"": true}",27430.0,4496.0,2.0,0.1430106935341945,0.0,0
0.7225,reach,-0.4308783957528407,0.33787024594602294,1.1801081498068178,0.0,0.0,0.0,1.0,0.3386427307392979,0.47409982303501874,-0.812742553774315,1,-0.43372030573254605,0.333956286900625,1.1868359047819337,-1.6337784116471358e-05,2.276856367430802e-06,4.6651096040004076e-06,0.9999999998530648,-0.4308783957528407,0.33787024594602294,1.1801081498068178,0.7929,ASSIST,tag_0,0.7411371780768959,0.48227435615379194,0,"[0.7411371780768959, 0.258862821923104]","[""tag_0"", ""tag_1""]",1,"{""j1"": true, ""j2"": true, ""j3"": true, ""j4"": true, ""j5"": true, ""j6"": true, ""j7"": true, ""accel"": true, ""gyro"": true, ""imu2"": true}",27430.0,4496.0,2.0,0.1430106935341945,0.0,0
0.7243,reach,-0.4308783957528407,0.33787024594602294,1.1801081498068178,0.0,0.0,0.0,1.0,0.3386427307392979,0.47409982303501874,-0.812742553774315,1,-0.43372030573254605,0.333956286900625,1.1868359047819337,-1.6337784116471358e-05,2.276856367430802e-06,4.6651096040004076e-06,0.9999999998530648,-0.4308783957528407,0.33787024594602294,1.1801081498068178,0.7929,ASSIST,tag_0,0.7411371780768959,0.48227435615379194,0,"[0.7411371780768959, 0.258862821923104]","[""tag_0"", ""tag_1""]",1,"{""j1"": true, ""j2"": true, ""j3"": true, ""j4"": true, ""j5"": true, ""j6"": true, ""j7"": true, ""accel"": true, ""gyro"": true, ""imu2"": true}",27430.0,4496.0,2.0,0.1430106935341945,0.0,0
0.7295,reach,-0.4308783957528407,0.33787024594602294,1.1801081498068178,0.0,0.0,0.0,1.0,0.3386427307392979,0.47409982303501874,-0.812742553774315,1,-0.43372030573254605,0.333956286900625,1.1868359047819337,-1.6337784116471358e-05,2.276856367430802e-06,4.6651096040004076e-06,0.9999999998530648,-0.4308783957528407,0.33787024594602294,1.1801081498068178,0.7929,ASSIST,tag_0,0.7411371780768959,0.48227435615379194,0,"[0.7411371780768959, 0.258862821923104]","[""tag_0"", ""tag_1""]",1,"{""j1"": true, ""j2"": true, ""j3"": true, ""j4"": true, ""j5"": true, ""j6"": true, ""j7"": true, ""accel"": true, ""gyro"": true, ""imu2"": true}",27430.0,4496.0,2.0,0.1430106935341945,0.0,0
0.7317,reach,-0.4308783957528407,0.33787024594602294,1.1801081498068178,0.0,0.0,0.0,1.0,0.3386427307392979,0.47409982303501874,-0.812742553774315,1,-0.43372030573254605,0.333956286900625,1.1868359047819337,-1.6337784116471358e-05,2.276856367430802e-06,4.6651096040004076e-06,0.9999999998530648,-0.4308783957528407,0.33787024594602294,1.1801081498068178,0.7929,ASSIST,tag_0,0.7411371780768959,0.48227435615379194,0,"[0.7411371780768959, 0.258862821923104]","[""tag_0"", ""tag_1""]",1,"{""j1"": true, ""j2"": true, ""j3"": true, ""j4"": true, ""j5"": true, ""j6"": true, ""j7"": true, ""accel"": true, ""gyro"": true, ""imu2"": true}",27431.0,4496.0,2.0,0.1438795259278477,0.0,0
0.7331,reach,-0.4308783957528407,0.33787024594602294,1.1801081498068178,0.0,0.0,0.0,1.0,0.3386427307392979,0.47409982303501874,-0.812742553774315,1,-0.43372030573254605,0.333956286900625,1.1868359047819337,-1.6337784116471358e-05,2.276856367430802e-06,4.6651096040004076e-06,0.9999999998530648,-0.4308783957528407,0.33787024594602294,1.1801081498068178,0.7929,ASSIST,tag_0,0.7411371780768959,0.48227435615379194,0,"[0.7411371780768959, 0.258862821923104]","[""tag_0"", ""tag_1""]",1,"{""j1"": true, ""j2"": true, ""j3"": true, ""j4"": true, ""j5"": true, ""j6"": true, ""j7"": true, ""accel"": true, ""gyro"": true, ""imu2"": true}",27431.0,4496.0,2.0,0.1438795259278477,0.0,0
0.7377,reach,-0.43006565319906637,0.339008085521307,1.1781575676777594,0.0,0.0,0.0,1.0,0.3386427307392979,0.47409982303501874,-0.812742553774315,1,-0.43372030573254605,0.333956286900625,1.1868359047819337,-1.6337784116471358e-05,2.276856367430802e-06,4.6651096040004076e-06,0.9999999998530648,-0.43006565319906637,0.339008085521307,1.1781575676777594,0.7929,ASSIST,tag_0,0.7411371780768959,0.48227435615379194,0,"[0.7411371780768959, 0.258862821923104]","[""tag_0"", ""tag_1""]",1,"{""j1"": true, ""j2"": true, ""j3"": true, ""j4"": true, ""j5"": true, ""j6"": true, ""j7"": true, ""accel"": true, ""gyro"": true, ""imu2"": true}",27431.0,4496.0,2.0,0.1438795259278477,0.0,0
0.7383,reach,-0.43006565319906637,0.339008085521307,1.1781575676777594,0.0,0.0,0.0,1.0,0.3386427307392979,0.4740998230350188,-0.8127425537743149,1,-0.43372030573254605,0.333956286900625,1.1868359047819337,-1.6337784116471358e-05,2.276856367430802e-06,4.6651096040004076e-06,0.9999999998530648,-0.43006565319906637,0.339008085521307,1.1781575676777594,0.7929,ASSIST,tag_0,0.7411371780768959,0.48227435615379194,0,"[0.7411371780768959, 0.258862821923104]","[""tag_0"", ""tag_1""]",1,"{""j1"": true, ""j2"": true, ""j3"": true, ""j4"": true, ""j5"": true, ""j6"": true, ""j7"": true, ""accel"": true, ""gyro"": true, ""imu2"": true}",27431.0,4496.0,2.0,0.1438795259278477,0.0,0
0.7386,reach,-0.43006565319906637,0.339008085521307,1.1781575676777594,0.0,0.0,0.0,1.0,0.3386427307392979,0.4740998230350188,-0.8127425537743149,1,-0.43372030573254605,0.333956286900625,1.1868359047819337,-1.6337784116471358e-05,2.276856367430802e-06,4.6651096040004076e-06,0.9999999998530648,-0.43006565319906637,0.339008085521307,1.1781575676777594,0.7929,ASSIST,tag_0,0.7411371780768959,0.48227435615379194,0,"[0.7411371780768959, 0.258862821923104]","[""tag_0"", ""tag_1""]",1,"{""j1"": true, ""j2"": true, ""j3"": true, ""j4"": true, ""j5"": true, ""j6"": true, ""j7"": true, ""accel"": true, ""gyro"": true, ""imu2"": true}",27431.0,4496.0,2.0,0.1438795259278477,0.0,0
0.7428,reach,-0.43006565319906637,0.339008085521307,1.1781575676777594,0.0,0.0,0.0,1.0,0.3386427307392979,0.4740998230350188,-0.8127425537743149,1,-0.43372030573254605,0.333956286900625,1.1868359047819337,-1.6337784116471358e-05,2.276856367430802e-06,4.6651096040004076e-06,0.9999999998530648,-0.43006565319906637,0.339008085521307,1.1781575676777594,0.7929,ASSIST,tag_0,0.7411371780768959,0.48227435615379194,0,"[0.7411371780768959, 0.258862821923104]","[""tag_0"", ""tag_1""]",1,"{""j1"": true, ""j2"": true, ""j3"": true, ""j4"": true, ""j5"": true, ""j6"": true, ""j7"": true, ""accel"": true, ""gyro"": true, ""imu2"": true}",27431.0,4496.0,2.0,0.1438795259278477,0.0,0
0.7447,reach,-0.43006565319906637,0.339008085521307,1.1781575676777594,0.0,0.0,0.0,1.0,0.3386427307392979,0.4740998230350188,-0.8127425537743149,1,-0.43372030573254605,0.333956286900625,1.1868359047819337,-1.6337784116471358e-05,2.276856367430802e-06,4.6651096040004076e-06,0.9999999998530648,-0.43006565319906637,0.339008085521307,1.1781575676777594,0.7929,ASSIST,tag_0,0.7411371780768959,0.48227435615379194,0,"[0.7411371780768959, 0.258862821923104]","[""tag_0"", ""tag_1""]",1,"{""j1"": true, ""j2"": true, ""j3"": true, ""j4"": true, ""j5"": true, ""j6"": true, ""j7"": true, ""accel"": true, ""gyro"": true, ""imu2"": true}",27431.0,4496.0,2.0,0.1438795259278477,0.0,0
0.746,reach,-0.43006565319906637,0.339008085521307,1.1781575676777594,0.0,0.0,0.0,1.0,0.3386427307392979,0.4740998230350188,-0.8127425537743149,1,-0.43372030573254605,0.333956286900625,1.1868359047819337,-1.6337784116471358e-05,2.276856367430802e-06,4.6651096040004076e-06,0.9999999998530648,-0.43006565319906637,0.339008085521307,1.1781575676777594,0.7929,ASSIST,tag_0,0.8928199273363215,0.7856398546726431,0,"[0.8928199273363215, 0.10718007266367845]","[""tag_0"", ""tag_1""]",1,"{""j1"": true, ""j2"": true, ""j3"": true, ""j4"": true, ""j5"": true, ""j6"": true, ""j7"": true, ""accel"": true, ""gyro"": true, ""imu2"": true}",27431.0,4496.0,2.0,0.1438795259278477,0.0,0
0.7517,reach,-0.43006565319906637,0.339008085521307,1.1781575676777594,0.0,0.0,0.0,1.0,0.3386427307392979,0.4740998230350188,-0.8127425537743149,1,-0.43372030573254605,0.333956286900625,1.1868359047819337,-1.6337784116471358e-05,2.276856367430802e-06,4.6651096040004076e-06,0.9999999998530648,-0.43006565319906637,0.339008085521307,1.1781575676777594,0.7929,ASSIST,tag_0,0.8928199273363215,0.7856398546726431,0,"[0.8928199273363215, 0.10718007266367845]","[""tag_0"", ""tag_1""]",1,"{""j1"": true, ""j2"": true, ""j3"": true, ""j4"": true, ""j5"": true, ""j6"": true, ""j7"": true, ""accel"": true, ""gyro"": true, ""imu2"": true}",27432.0,4496.0,2.0,0.1438795259278477,0.0,0
0.7526,reach,-0.43006565319906637,0.339008085521307,1.1781575676777594,0.0,0.0,0.0,1.0,0.3386427307392979,0.4740998230350188,-0.8127425537743149,1,-0.43372030573254605,0.333956286900625,1.1868359047819337,-1.6337784116471358e-05,2.276856367430802e-06,4.6651096040004076e-06,0.9999999998530648,-0.43006565319906637,0.339008085521307,1.1781575676777594,0.7929,ASSIST,tag_0,0.8928199273363215,0.7856398546726431,0,"[0.8928199273363215, 0.10718007266367845]","[""tag_0"", ""tag_1""]",1,"{""j1"": true, ""j2"": true, ""j3"": true, ""j4"": true, ""j5"": true, ""j6"": true, ""j7"": true, ""accel"": true, ""gyro"": true, ""imu2"": true}",27432.0,4496.0,2.0,0.1438795259278477,0.0,0
0.7532,reach,-0.43006565319906637,0.339008085521307,1.1781575676777594,0.0,0.0,0.0,1.0,0.3386427307392979,0.4740998230350188,-0.8127425537743149,1,-0.43372030573254605,0.333956286900625,1.1868359047819337,-1.6337784116471358e-05,2.276856367430802e-06,4.6651096040004076e-06,0.9999999998530648,-0.43006565319906637,0.339008085521307,1.1781575676777594,0.7929,ASSIST,tag_0,0.8928199273363215,0.7856398546726431,0,"[0.8928199273363215, 0.10718007266367845]","[""tag_0"", ""tag_1""]",1,"{""j1"": true, ""j2"": true, ""j3"": true, ""j4"": true, ""j5"": true, ""j6"": true, ""j7"": true, ""accel"": true, ""gyro"": true, ""imu2"": true}",27432.0,4496.0,2.0,0.1438795259278477,0.0,0
0.7579,reach,-0.42925291064529203,0.3401459250965911,1.176206985548701,0.0,0.0,0.0,1.0,0.3386427307392979,0.4740998230350188,-0.8127425537743149,1,-0.43372030573254605,0.333956286900625,1.1868359047819337,-1.6337784116471358e-05,2.276856367430802e-06,4.6651096040004076e-06,0.9999999998530648,-0.42925291064529203,0.3401459250965911,1.176206985548701,0.7929,ASSIST,tag_0,0.8928199273363215,0.7856398546726431,0,"[0.8928199273363215, 0.10718007266367845]","[""tag_0"", ""tag_1""]",1,"{""j1"": true, ""j2"": true, ""j3"": true, ""j4"": true, ""j5"": true, ""j6"": true, ""j7"": true, ""accel"": true, ""gyro"": true, ""imu2"": true}",27432.0,4496.0,2.0,0.1438795259278477,0.0,0
0.7586,grasp,-0.42925291064529203,0.3401459250965911,1.176206985548701,0.0,0.0,0.0,1.0,0.3386427307392979,0.47409982303501896,-0.8127425537743149,1,-0.43372030573254605,0.333956286900625,1.1868359047819337,-1.6337784116471358e-05,2.276856367430802e-06,4.6651096040004076e-06,0.9999999998530648,-0.42925291064529203,0.3401459250965911,1.176206985548701,0.7929,ASSIST,tag_0,0.8928199273363215,0.7856398546726431,0,"[0.8928199273363215, 0.10718007266367845]","[""tag_0"", ""tag_1""]",1,"{""j1"": true, ""j2"": true, ""j3"": true, ""j4"": true, ""j5"": true, ""j6"": true, ""j7"": true, ""accel"": true, ""gyro"": true, ""imu2"": true}",27432.0,4496.0,2.0,0.1438795259278477,0.0,0
0.7589,grasp,-0.42925291064529203,0.3401459250965911,1.176206985548701,0.0,0.0,0.0,1.0,0.3386427307392979,0.47409982303501896,-0.8127425537743149,1,-0.43372030573254605,0.333956286900625,1.1868359047819337,-1.6337784116471358e-05,2.276856367430802e-06,4.6651096040004076e-06,0.9999999998530648,-0.42925291064529203,0.3401459250965911,1.176206985548701,0.7929,ASSIST,tag_0,0.8928199273363215,0.7856398546726431,0,"[0.8928199273363215, 0.10718007266367845]","[""tag_0"", ""tag_1""]",1,"{""j1"": true, ""j2"": true, ""j3"": true, ""j4"": true, ""j5"": true, ""j6"": true, ""j7"": true, ""accel"": true, ""gyro"": true, ""imu2"": true}",27432.0,4496.0,2.0,0.1438795259278477,0.0,0
0.7628,grasp,-0.42925291064529203,0.3401459250965911,1.176206985548701,0.0,0.0,0.0,1.0,0.3386427307392979,0.47409982303501896,-0.8127425537743149,1,-0.43372030573254605,0.333956286900625,1.1868359047819337,-1.6337784116471358e-05,2.276856367430802e-06,4.6651096040004076e-06,0.9999999998530648,-0.42925291064529203,0.3401459250965911,1.176206985548701,0.7929,ASSIST,tag_0,0.8928199273363215,0.7856398546726431,0,"[0.8928199273363215, 0.10718007266367845]","[""tag_0"", ""tag_1""]",1,"{""j1"": true, ""j2"": true, ""j3"": true, ""j4"": true, ""j5"": true, ""j6"": true, ""j7"": true, ""accel"": true, ""gyro"": true, ""imu2"": true}",27432.0,4496.0,2.0,0.1438795259278477,0.0,0
0.7643,grasp,-0.42925291064529203,0.3401459250965911,1.176206985548701,0.0,0.0,0.0,1.0,0.3386427307392979,0.47409982303501896,-0.8127425537743149,1,-0.43372030573254605,0.333956286900625,1.1868359047819337,-1.6337784116471358e-05,2.276856367430802e-06,4.6651096040004076e-06,0.9999999998530648,-0.42925291064529203,0.3401459250965911,1.176206985548701,0.7929,ASSIST,tag_0,0.8928199273363215,0.7856398546726431,0,"[0.8928199273363215, 0.10718007266367845]","[""tag_0"", ""tag_1""]",1,"{""j1"": true, ""j2"": true, ""j3"": true, ""j4"": true, ""j5"": true, ""j6"": true, ""j7"": true, ""accel"": true, ""gyro"": true, ""imu2"": true}",27432.0,4496.0,2.0,0.1438795259278477,0.0,0
0.7705,grasp,-0.42925291064529203,0.3401459250965911,1.176206985548701,0.0,0.0,0.0,1.0,0.3386427307392979,0.47409982303501896,-0.8127425537743149,1,-0.43372030573254605,0.333956286900625,1.1868359047819337,-1.6337784116471358e-05,2.276856367430802e-06,4.6651096040004076e-06,0.9999999998530648,-0.42925291064529203,0.3401459250965911,1.176206985548701,0.7929,ASSIST,tag_0,0.8928199273363215,0.7856398546726431,0,"[0.8928199273363215, 0.10718007266367845]","[""tag_0"", ""tag_1""]",1,"{""j1"": true, ""j2"": true, ""j3"": true, ""j4"": true, ""j5"": true, ""j6"": true, ""j7"": true, ""accel"": true, ""gyro"": true, ""imu2"": true}",27432.0,4496.0,2.0,0.1438795259278477,0.0,0
0.7721,grasp,-0.42925291064529203,0.3401459250965911,1.176206985548701,0.0,0.0,0.0,1.0,0.3386427307392979,0.47409982303501896,-0.8127425537743149,1,-0.43372030573254605,0.333956286900625,1.1868359047819337,-1.6337784116471358e-05,2.276856367430802e-06,4.6651096040004076e-06,0.9999999998530648,-0.42925291064529203,0.3401459250965911,1.176206985548701,0.7929,ASSIST,tag_0,0.8928199273363215,0.7856398546726431,0,"[0.8928199273363215, 0.10718007266367845]","[""tag_0"", ""tag_1""]",1,"{""j1"": true, ""j2"": true, ""j3"": true, ""j4"": true, ""j5"": true, ""j6"": true, ""j7"": true, ""accel"": true, ""gyro"": true, ""imu2"": true}",27433.0,4496.0,2.0,0.1438795259278477,0.0,0
0.7727,grasp,-0.42925291064529203,0.3401459250965911,1.176206985548701,0.0,0.0,0.0,1.0,0.3386427307392979,0.47409982303501896,-0.8127425537743149,1,-0.43372030573254605,0.333956286900625,1.1868359047819337,-1.6337784116471358e-05,2.276856367430802e-06,4.6651096040004076e-06,0.9999999998530648,-0.42925291064529203,0.3401459250965911,1.176206985548701,0.7929,ASSIST,tag_0,0.8928199273363215,0.7856398546726431,0,"[0.8928199273363215, 0.10718007266367845]","[""tag_0"", ""tag_1""]",1,"{""j1"": true, ""j2"": true, ""j3"": true, ""j4"": true, ""j5"": true, ""j6"": true, ""j7"": true, ""accel"": true, ""gyro"": true, ""imu2"": true}",27433.0,4496.0,2.0,0.1438795259278477,0.0,0
0.7778,grasp,-0.4284401680915177,0.34128376467187516,1.1742564034196425,0.0,0.0,0.0,1.0,0.3386427307392979,0.47409982303501896,-0.8127425537743149,1,-0.43372030573254605,0.333956286900625,1.1868359047819337,-1.6337784116471358e-05,2.276856367430802e-06,4.6651096040004076e-06,0.9999999998530648,-0.4284401680915177,0.34128376467187516,1.1742564034196425,0.7929,ASSIST,tag_0,0.8928199273363215,0.7856398546726431,0,"[0.8928199273363215, 0.10718007266367845]","[""tag_0"", ""tag_1""]",1,"{""j1"": true, ""j2"": true, ""j3"": true, ""j4"": true, ""j5"": true, ""j6"": true, ""j7"": true, ""accel"": true, ""gyro"": true, ""imu2"": true}",27433.0,4496.0,2.0,0.1438795259278477,0.0,0
0.7785,grasp,-0.4284401680915177,0.34128376467187516,1.1742564034196425,0.0,0.0,0.0,1.0,0.33864273073929785,0.4740998230350191,-0.8127425537743148,1,-0.43372030573254605,0.333956286900625,1.1868359047819337,-1.6337784116471358e-05,2.276856367430802e-06,4.6651096040004076e-06,0.9999999998530648,-0.4284401680915177,0.34128376467187516,1.1742564034196425,0.7929,ASSIST,tag_0,0.8928199273363215,0.7856398546726431,0,"[0.8928199273363215, 0.10718007266367845]","[""tag_0"", ""tag_1""]",1,"{""j1"": true, ""j2"": true, ""j3"": true, ""j4"": true, ""j5"": true, ""j6"": true, ""j7"": true, ""accel"": true, ""gyro"": true, ""imu2"": true}",27433.0,4496.0,2.0,0.1438795259278477,0.0,0
0.7792,grasp,-0.4284401680915177,0.34128376467187516,1.1742564034196425,0.0,0.0,0.0,1.0,0.33864273073929785,0.4740998230350191,-0.8127425537743148,1,-0.43372030573254605,0.333956286900625,1.1868359047819337,-1.6337784116471358e-05,2.276856367430802e-06,4.6651096040004076e-06,0.9999999998530648,-0.4284401680915177,0.34128376467187516,1.1742564034196425,0.7929,ASSIST,tag_0,0.8928199273363215,0.7856398546726431,0,"[0.8928199273363215, 0.10718007266367845]","[""tag_0"", ""tag_1""]",1,"{""j1"": true, ""j2"": true, ""j3"": true, ""j4"": true, ""j5"": true, ""j6"": true, ""j7"": true, ""accel"": true, ""gyro"": true, ""imu2"": true}",27433.0,4496.0,2.0,0.1438795259278477,0.0,0
0.7827,grasp,-0.4284401680915177,0.34128376467187516,1.1742564034196425,0.0,0.0,0.0,1.0,0.33864273073929785,0.4740998230350191,-0.8127425537743148,1,-0.43372030573254605,0.333956286900625,1.1868359047819337,-1.6337784116471358e-05,2.276856367430802e-06,4.6651096040004076e-06,0.9999999998530648,-0.4284401680915177,0.34128376467187516,1.1742564034196425,0.7929,ASSIST,tag_0,0.8928199273363215,0.7856398546726431,0,"[0.8928199273363215, 0.10718007266367845]","[""tag_0"", ""tag_1""]",1,"{""j1"": true, ""j2"": true, ""j3"": true, ""j4"": true, ""j5"": true, ""j6"": true, ""j7"": true, ""accel"": true, ""gyro"": true, ""imu2"": true}",27433.0,4496.0,2.0,0.1438795259278477,0.0,0
0.7842,grasp,-0.4284401680915177,0.34128376467187516,1.1742564034196425,0.0,0.0,0.0,1.0,0.33864273073929785,0.4740998230350191,-0.8127425537743148,1,-0.4311248642347252,0.3376251468312138,1.1805577752794973,-2.405793444520965e-05,4.209750712261262e-06,6.289967318044709e-06,0.9999999996819651,-0.4284401680915177,0.34128376467187516,1.1742564034196425,0.7929,ASSIST,tag_0,0.8928199273363215,0.7856398546726431,0,"[0.8928199273363215, 0.10718007266367845]","[""tag_0"", ""tag_1""]",1,"{""j1"": true, ""j2"": true, ""j3"": true, ""j4"": true, ""j5"": true, ""j6"": true, ""j7"": true, ""accel"": true, ""gyro"": true, ""imu2"": true}",27433.0,4496.0,2.0,0.1438795259278477,0.0,0
0.7848,grasp,-0.4284401680915177,0.34128376467187516,1.1742564034196425,0.0,0.0,0.0,1.0,0.33864273073929785,0.4740998230350191,-0.8127425537743148,1,-0.4311248642347252,0.3376251468312138,1.1805577752794973,-2.405793444520965e-05,4.209750712261262e-06,6.289967318044709e-06,0.9999999996819651,-0.4284401680915177,0.34128376467187516,1.1742564034196425,0.7929,ASSIST,tag_0,0.8928199273363215,0.7856398546726431,0,"[0.8928199273363215, 0.10718007266367845]","[""tag_0"", ""tag_1""]",1,"{""j1"": true, ""j2"": true, ""j3"": true, ""j4"": true, ""j5"": true, ""j6"": true, ""j7"": true, ""accel"": true, ""gyro"": true, ""imu2"": true}",27433.0,4496.0,2.0,0.1438795259278477,0.0,0
0.7911,grasp,-0.4284401680915177,0.34128376467187516,1.1742564034196425,0.0,0.0,0.0,1.0,0.33864273073929785,0.4740998230350191,-0.8127425537743148,1,-0.4311248642347252,0.3376251468312138,1.1805577752794973,-2.405793444520965e-05,4.209750712261262e-06,6.289967318044709e-06,0.9999999996819651,-0.4284401680915177,0.34128376467187516,1.1742564034196425,0.7929,ASSIST,tag_0,0.8928199273363215,0.7856398546726431,0,"[0.8928199273363215, 0.10718007266367845]","[""tag_0"", ""tag_1""]",1,"{""j1"": true, ""j2"": true, ""j3"": true, ""j4"": true, ""j5"": true, ""j6"": true, ""j7"": true, ""accel"": true, ""gyro"": true, ""imu2"": true}",27433.0,4496.0,2.0,0.1438795259278477,0.0,0
0.7927,grasp,-0.4284401680915177,0.34128376467187516,1.1742564034196425,0.0,0.0,0.0,1.0,0.33864273073929785,0.4740998230350191,-0.8127425537743148,1,-0.4311248642347252,0.3376251468312138,1.1805577752794973,-2.405793444520965e-05,4.209750712261262e-06,6.289967318044709e-06,0.9999999996819651,-0.4284401680915177,0.34128376467187516,1.1742564034196425,0.7929,ASSIST,tag_0,0.8928199273363215,0.7856398546726431,0,"[0.8928199273363215, 0.10718007266367845]","[""tag_0"", ""tag_1""]",1,"{""j1"": true, ""j2"": true, ""j3"": true, ""j4"": true, ""j5"": true, ""j6"": true, ""j7"": true, ""accel"": true, ""gyro"": true, ""imu2"": true}",27434.0,4496.0,2.0,0.1446460392019392,0.0,0
0.7935,grasp,-0.4284401680915177,0.34128376467187516,1.1742564034196425,0.0,0.0,0.0,1.0,0.33864273073929785,0.4740998230350191,-0.8127425537743148,1,-0.4311248642347252,0.3376251468312138,1.1805577752794973,-2.405793444520965e-05,4.209750712261262e-06,6.289967318044709e-06,0.9999999996819651,-0.4284401680915177,0.34128376467187516,1.1742564034196425,0.7929,ASSIST,tag_0,0.8928199273363215,0.7856398546726431,0,"[0.8928199273363215, 0.10718007266367845]","[""tag_0"", ""tag_1""]",1,"{""j1"": true, ""j2"": true, ""j3"": true, ""j4"": true, ""j5"": true, ""j6"": true, ""j7"": true, ""accel"": true, ""gyro"": true, ""imu2"": true}",27434.0,4496.0,2.0,0.1446460392019392,0.0,0
0.7955,grasp,-0.4284401680915177,0.34128376467187516,1.1742564034196425,0.0,0.0,0.0,1.0,0.33864273073929785,0.4740998230350191,-0.8127425537743148,1,-0.4311248642347252,0.3376251468312138,1.1805577752794973,-2.405793444520965e-05,4.209750712261262e-06,6.289967318044709e-06,0.9999999996819651,-0.4284401680915177,0.34128376467187516,1.1742564034196425,0.7929,ASSIST,tag_0,0.9525403557342688,0.9050807114685375,0,"[0.9525403557342688, 0.047459644265731286]","[""tag_0"", ""tag_1""]",1,"{""j1"": true, ""j2"": true, ""j3"": true, ""j4"": true, ""j5"": true, ""j6"": true, ""j7"": true, ""accel"": true, ""gyro"": true, ""imu2"": true}",27434.0,4496.0,2.0,0.1446460392019392,0.0,0
0.7982,grasp,-0.4284401680915177,0.34128376467187516,1.1742564034196425,0.0,0.0,0.0,1.0,0.33864273073929785,0.4740998230350191,-0.8127425537743148,1,-0.4311248642347252,0.3376251468312138,1.1805577752794973,-2.405793444520965e-05,4.209750712261262e-06,6.289967318044709e-06,0.9999999996819651,-0.4284401680915177,0.34128376467187516,1.1742564034196425,0.7929,ASSIST,tag_0,0.9525403557342688,0.9050807114685375,0,"[0.9525403557342688, 0.047459644265731286]","[""tag_0"", ""tag_1""]",1,"{""j1"": true, ""j2"": true, ""j3"": true, ""j4"": true, ""j5"": true, ""j6"": true, ""j7"": true, ""accel"": true, ""gyro"": true, ""imu2"": true}",27434.0,4496.0,2.0,0.1446460392019392,0.0,0
0.7992,grasp,-0.42762742553774336,0.34242160424715923,1.1723058212905841,0.0,0.0,0.0,1.0,0.33864273073929785,0.4740998230350191,-0.8127425537743148,1,-0.4311248642347252,0.3376251468312138,1.1805577752794973,-2.405793444520965e-05,4.209750712261262e-06,6.289967318044709e-06,0.9999999996819651,-0.42762742553774336,0.34242160424715923,1.1723058212905841,0.7929,ASSIST,tag_0,0.9525403557342688,0.9050807114685375,0,"[0.9525403557342688, 0.047459644265731286]","[""tag_0"", ""tag_1""]",1,"{""j1"": true, ""j2"": true, ""j3"": true, ""j4"": true, ""j5"": true, ""j6"": true, ""j7"": true, ""accel"": true, ""gyro"": true, ""imu2"": true}",27434.0,4496.0,2.0,0.1446460392019392,0.0,0
0.7999,grasp,-0.42762742553774336,0.34242160424715923,1.1723058212905841,0.0,0.0,0.0,1.0,0.3386427307392978,0.4740998230350192,-0.8127425537743147,1,-0.4311248642347252,0.3376251468312138,1.1805577752794973,-2.405793444520965e-05,4.209750712261262e-06,6.289967318044709e-06,0.9999999996819651,-0.42762742553774336,0.34242160424715923,1.1723058212905841,0.7929,ASSIST,tag_0,0.9525403557342688,0.9050807114685375,0,"[0.9525403557342688, 0.047459644265731286]","[""tag_0"", ""tag_1""]",1,"{""j1"": true, ""j2"": true, ""j3"": true, ""j4"": true, ""j5"": true, ""j6"": true, ""j7"": true, ""accel"": true, ""gyro"": true, ""imu2"": true}",27434.0,4496.0,2.0,0.1446460392019392,0.0,0
0.8004,grasp,-0.42762742553774336,0.34242160424715923,1.1723058212905841,0.0,0.0,0.0,1.0,0.3386427307392978,0.4740998230350192,-0.8127425537743147,1,-0.4311248642347252,0.3376251468312138,1.1805577752794973,-2.405793444520965e-05,4.209750712261262e-06,6.289967318044709e-06,0.9999999996819651,-0.42762742553774336,0.34242160424715923,1.1723058212905841,0.7929,ASSIST,tag_0,0.9525403557342688,0.9050807114685375,0,"[0.9525403557342688, 0.047459644265731286]","[""tag_0"", ""tag_1""]",1,"{""j1"": true, ""j2"": true, ""j3"": true, ""j4"": true, ""j5"": true, ""j6"": true, ""j7"": true, ""accel"": true, ""gyro"": true, ""imu2"": true}",27434.0,4496.0,2.0,0.1446460392019392,0.0,0
0.8027,grasp,-0.42762742553774336,0.34242160424715923,1.1723058212905841,0.0,0.0,0.0,1.0,0.3386427307392978,0.4740998230350192,-0.8127425537743147,1,-0.4311248642347252,0.3376251468312138,1.1805577752794973,-2.405793444520965e-05,4.209750712261262e-06,6.289967318044709e-06,0.9999999996819651,-0.42762742553774336,0.34242160424715923,1.1723058212905841,0.7929,ASSIST,tag_0,0.9525403557342688,0.9050807114685375,0,"[0.9525403557342688, 0.047459644265731286]","[""tag_0"", ""tag_1""]",1,"{""j1"": true, ""j2"": true, ""j3"": true, ""j4"": true, ""j5"": true, ""j6"": true, ""j7"": true, ""accel"": true, ""gyro"": true, ""imu2"": true}",27434.0,4496.0,2.0,0.1446460392019392,0.0,0
0.8047,grasp,-0.42762742553774336,0.34242160424715923,1.1723058212905841,0.0,0.0,0.0,1.0,0.3386427307392978,0.4740998230350192,-0.8127425537743147,1,-0.4311248642347252,0.3376251468312138,1.1805577752794973,-2.405793444520965e-05,4.209750712261262e-06,6.289967318044709e-06,0.9999999996819651,-0.42762742553774336,0.34242160424715923,1.1723058212905841,0.7929,ASSIST,tag_0,0.9525403557342688,0.9050807114685375,0,"[0.9525403557342688, 0.047459644265731286]","[""tag_0"", ""tag_1""]",1,"{""j1"": true, ""j2"": true, ""j3"": true, ""j4"": true, ""j5"": true, ""j6"": true, ""j7"": true, ""accel"": true, ""gyro"": true, ""imu2"": true}",27434.0,4496.0,2.0,0.1446460392019392,0.0,0
0.8107,grasp,-0.42762742553774336,0.34242160424715923,1.1723058212905841,0.0,0.0,0.0,1.0,0.3386427307392978,0.4740998230350192,-0.8127425537743147,1,-0.4311248642347252,0.3376251468312138,1.1805577752794973,-2.405793444520965e-05,4.209750712261262e-06,6.289967318044709e-06,0.9999999996819651,-0.42762742553774336,0.34242160424715923,1.1723058212905841,0.7929,ASSIST,tag_0,0.9525403557342688,0.9050807114685375,0,"[0.9525403557342688, 0.047459644265731286]","[""tag_0"", ""tag_1""]",1,"{""j1"": true, ""j2"": true, ""j3"": true, ""j4"": true, ""j5"": true, ""j6"": true, ""j7"": true, ""accel"": true, ""gyro"": true, ""imu2"": true}",27434.0,4496.0,2.0,0.1446460392019392,0.0,0
0.8121,grasp,-0.42762742553774336,0.34242160424715923,1.1723058212905841,0.0,0.0,0.0,1.0,0.3386427307392978,0.4740998230350192,-0.8127425537743147,1,-0.4311248642347252,0.3376251468312138,1.1805577752794973,-2.405793444520965e-05,4.209750712261262e-06,6.289967318044709e-06,0.9999999996819651,-0.42762742553774336,0.34242160424715923,1.1723058212905841,0.7929,ASSIST,tag_0,0.9525403557342688,0.9050807114685375,0,"[0.9525403557342688, 0.047459644265731286]","[""tag_0"", ""tag_1""]",1,"{""j1"": true, ""j2"": true, ""j3"": true, ""j4"": true, ""j5"": true, ""j6"": true, ""j7"": true, ""accel"": true, ""gyro"": true, ""imu2"": true}",27435.0,4496.0,2.0,0.1446460392019392,0.0,0
0.8128,grasp,-0.42762742553774336,0.34242160424715923,1.1723058212905841,0.0,0.0,0.0,1.0,0.3386427307392978,0.4740998230350192,-0.8127425537743147,1,-0.4311248642347252,0.3376251468312138,1.1805577752794973,-2.405793444520965e-05,4.209750712261262e-06,6.289967318044709e-06,0.9999999996819651,-0.42762742553774336,0.34242160424715923,1.1723058212905841,0.7929,ASSIST,tag_0,0.9525403557342688,0.9050807114685375,0,"[0.9525403557342688, 0.047459644265731286]","[""tag_0"", ""tag_1""]",1,"{""j1"": true, ""j2"": true, ""j3"": true, ""j4"": true, ""j5"": true, ""j6"": true, ""j7"": true, ""accel"": true, ""gyro"": true, ""imu2"": true}",27435.0,4496.0,2.0,0.1446460392019392,0.0,0
0.8181,grasp,-0.426814682983969,0.3435594438224433,1.1703552391615257,0.0,0.0,0.0,1.0,0.3386427307392978,0.4740998230350192,-0.8127425537743147,1,-0.4311248642347252,0.3376251468312138,1.1805577752794973,-2.405793444520965e-05,4.209750712261262e-06,6.289967318044709e-06,0.9999999996819651,-0.426814682983969,0.3435594438224433,1.1703552391615257,0.7929,ASSIST,tag_0,0.9525403557342688,0.9050807114685375,0,"[0.9525403557342688, 0.047459644265731286]","[""tag_0"", ""tag_1""]",1,"{""j1"": true, ""j2"": true, ""j3"": true, ""j4"": true, ""j5"": true, ""j6"": true, ""j7"": true, ""accel"": true, ""gyro"": true, ""imu2"": true}",27435.0,4496.0,2.0,0.1446460392019392,0.0,0
0.819,grasp,-0.426814682983969,0.3435594438224433,1.1703552391615257,0.0,0.0,0.0,1.0,0.33864273073929774,0.47409982303501946,-0.8127425537743146,1,-0.4311248642347252,0.3376251468312138,1.1805577752794973,-2.405793444520965e-05,4.209750712261262e-06,6.289967318044709e-06,0.9999999996819651,-0.426814682983969,0.3435594438224433,1.1703552391615257,0.7929,ASSIST,tag_0,0.9525403557342688,0.9050807114685375,0,"[0.9525403557342688, 0.047459644265731286]","[""tag_0"", ""tag_1""]",1,"{""j1"": true, ""j2"": true, ""j3"": true, ""j4"": true, ""j5"": true, ""j6"": true, ""j7"": true, ""accel"": true, ""gyro"": true, ""imu2"": true}",27435.0,4496.0,2.0,0.1446460392019392,0.0,0
0.8193,grasp,-0.426814682983969,0.3435594438224433,1.1703552391615257,0.0,0.0,0.0,1.0,0.33864273073929774,0.47409982303501946,-0.8127425537743146,1,-0.4311248642347252,0.3376251468312138,1.1805577752794973,-2.405793444520965e-05,4.209750712261262e-06,6.289967318044709e-06,0.9999999996819651,-0.426814682983969,0.3435594438224433,1.1703552391615257,0.7929,ASSIST,tag_0,0.9525403557342688,0.9050807114685375,0,"[0.9525403557342688, 0.047459644265731286]","[""tag_0"", ""tag_1""]",1,"{""j1"": true, ""j2"": true, ""j3"": true, ""j4"": true, ""j5"": true, ""j6"": true, ""j7"": true, ""accel"": true, ""gyro"": true, ""imu2"": true}",27435.0,4496.0,2.0,0.1446460392019392,0.0,0
0.8234,grasp,-0.426814682983969,0.3435594438224433,1.1703552391615257,0.0,0.0,0.0,1.0,0.33864273073929774,0.47409982303501946,-0.8127425537743146,1,-0.4311248642347252,0.3376251468312138,1.1805577752794973,-2.405793444520965e-05,4.209750712261262e-06,6.289967318044709e-06,0.9999999996819651,-0.426814682983969,0.3435594438224433,1.1703552391615257,0.7929,ASSIST,tag_0,0.9525403557342688,0.9050807114685375,0,"[0.9525403557342688, 0.047459644265731286]","[""tag_0"", ""tag_1""]",1,"{""j1"": true, ""j2"": true, ""j3"": true, ""j4"": true, ""j5"": true, ""j6"": true, ""j7"": true, ""accel"": true, ""gyro"": true, ""imu2"": true}",27435.0,4496.0,2.0,0.1446460392019392,0.0,0
0.825,grasp,-0.426814682983969,0.3435594438224433,1.1703552391615257,0.0,0.0,0.0,1.0,0.33864273073929774,0.47409982303501946,-0.8127425537743146,1,-0.4311248642347252,0.3376251468312138,1.1805577752794973,-2.405793444520965e-05,4.209750712261262e-06,6.289967318044709e-06,0.9999999996819651,-0.426814682983969,0.3435594438224433,1.1703552391615257,0.7929,ASSIST,tag_0,0.9525403557342688,0.9050807114685375,0,"[0.9525403557342688, 0.047459644265731286]","[""tag_0"", ""tag_1""]",1,"{""j1"": true, ""j2"": true, ""j3"": true, ""j4"": true, ""j5"": true, ""j6"": true, ""j7"": true, ""accel"": true, ""gyro"": true, ""imu2"": true}",27435.0,4496.0,2.0,0.1446460392019392,0.0,0
0.8305,grasp,-0.426814682983969,0.3435594438224433,1.1703552391615257,0.0,0.0,0.0,1.0,0.33864273073929774,0.47409982303501946,-0.8127425537743146,1,-0.4311248642347252,0.3376251468312138,1.1805577752794973,-2.405793444520965e-05,4.209750712261262e-06,6.289967318044709e-06,0.9999999996819651,-0.426814682983969,0.3435594438224433,1.1703552391615257,0.7929,ASSIST,tag_0,0.9525403557342688,0.9050807114685375,0,"[0.9525403557342688, 0.047459644265731286]","[""tag_0"", ""tag_1""]",1,"{""j1"": true, ""j2"": true, ""j3"": true, ""j4"": true, ""j5"": true, ""j6"": true, ""j7"": true, ""accel"": true, ""gyro"": true, ""imu2"": true}",27435.0,4496.0,2.0,0.1446460392019392,0.0,0
0.8318,grasp,-0.426814682983969,0.3435594438224433,1.1703552391615257,0.0,0.0,0.0,1.0,0.33864273073929774,0.47409982303501946,-0.8127425537743146,1,-0.4311248642347252,0.3376251468312138,1.1805577752794973,-2.405793444520965e-05,4.209750712261262e-06,6.289967318044709e-06,0.9999999996819651,-0.426814682983969,0.3435594438224433,1.1703552391615257,0.7929,ASSIST,tag_0,0.9525403557342688,0.9050807114685375,0,"[0.9525403557342688, 0.047459644265731286]","[""tag_0"", ""tag_1""]",1,"{""j1"": true, ""j2"": true, ""j3"": true, ""j4"": true, ""j5"": true, ""j6"": true, ""j7"": true, ""accel"": true, ""gyro"": true, ""imu2"": true}",27436.0,4496.0,2.0,0.1446460392019392,0.0,0
0.8335,grasp,-0.426814682983969,0.3435594438224433,1.1703552391615257,0.0,0.0,0.0,1.0,0.33864273073929774,0.47409982303501946,-0.8127425537743146,1,-0.4311248642347252,0.3376251468312138,1.1805577752794973,-2.405793444520965e-05,4.209750712261262e-06,6.289967318044709e-06,0.9999999996819651,-0.426814682983969,0.3435594438224433,1.1703552391615257,0.7929,ASSIST,tag_0,0.9525403557342688,0.9050807114685375,0,"[0.9525403557342688, 0.047459644265731286]","[""tag_0"", ""tag_1""]",1,"{""j1"": true, ""j2"": true, ""j3"": true, ""j4"": true, ""j5"": true, ""j6"": true, ""j7"": true, ""accel"": true, ""gyro"": true, ""imu2"": true}",27436.0,4496.0,2.0,0.1446460392019392,0.0,0
0.8385,grasp,-0.4260019404301947,0.34469728339772737,1.1684046570324673,0.0,0.0,0.0,1.0,0.33864273073929774,0.47409982303501946,-0.8127425537743146,1,-0.4311248642347252,0.3376251468312138,1.1805577752794973,-2.405793444520965e-05,4.209750712261262e-06,6.289967318044709e-06,0.9999999996819651,-0.4260019404301947,0.34469728339772737,1.1684046570324673,0.7929,ASSIST,tag_0,0.9525403557342688,0.9050807114685375,0,"[0.9525403557342688, 0.047459644265731286]","[""tag_0"", ""tag_1""]",1,"{""j1"": true, ""j2"": true, ""j3"": true, ""j4"": true, ""j5"": true, ""j6"": true, ""j7"": true, ""accel"": true, ""gyro"": true, ""imu2"": true}",27436.0,4496.0,2.0,0.1446460392019392,0.0,0
0.8394,grasp,-0.4260019404301947,0.34469728339772737,1.1684046570324673,0.0,0.0,0.0,1.0,0.3386427307392977,0.47409982303501963,-0.8127425537743145,1,-0.4311248642347252,0.3376251468312138,1.1805577752794973,-2.405793444520965e-05,4.209750712261262e-06,6.289967318044709e-06,0.9999999996819651,-0.4260019404301947,0.34469728339772737,1.1684046570324673,0.7929,ASSIST,tag_0,0.9525403557342688,0.9050807114685375,0,"[0.9525403557342688, 0.047459644265731286]","[""tag_0"", ""tag_1""]",1,"{""j1"": true, ""j2"": true, ""j3"": true, ""j4"": true, ""j5"": true, ""j6"": true, ""j7"": true, ""accel"": true, ""gyro"": true, ""imu2"": true}",27436.0,4496.0,2.0,0.1446460392019392,0.0,0
0.8398,grasp,-0.4260019404301947,0.34469728339772737,1.1684046570324673,0.0,0.0,0.0,1.0,0.3386427307392977,0.47409982303501963,-0.8127425537743145,1,-0.4311248642347252,0.3376251468312138,1.1805577752794973,-2.405793444520965e-05,4.209750712261262e-06,6.289967318044709e-06,0.9999999996819651,-0.4260019404301947,0.34469728339772737,1.1684046570324673,0.7929,ASSIST,tag_0,0.9525403557342688,0.9050807114685375,0,"[0.9525403557342688, 0.047459644265731286]","[""tag_0"", ""tag_1""]",1,"{""j1"": true, ""j2"": true, ""j3"": true, ""j4"": true, ""j5"": true, ""j6"": true, ""j7"": true, ""accel"": true, ""gyro"": true, ""imu2"": true}",27436.0,4496.0,2.0,0.1446460392019392,0.0,0
0.8432,grasp,-0.4260019404301947,0.34469728339772737,1.1684046570324673,0.0,0.0,0.0,1.0,0.3386427307392977,0.47409982303501963,-0.8127425537743145,1,-0.4311248642347252,0.3376251468312138,1.1805577752794973,-2.405793444520965e-05,4.209750712261262e-06,6.289967318044709e-06,0.9999999996819651,-0.4260019404301947,0.34469728339772737,1.1684046570324673,0.7929,ASSIST,tag_0,0.9525403557342688,0.9050807114685375,0,"[0.9525403557342688, 0.047459644265731286]","[""tag_0"", ""tag_1""]",1,"{""j1"": true, ""j2"": true, ""j3"": true, ""j4"": true, ""j5"": true, ""j6"": true, ""j7"": true, ""accel"": true, ""gyro"": true, ""imu2"": true}",27436.0,4496.0,2.0,0.1446460392019392,0.0,0
0.8444,grasp,-0.4260019404301947,0.34469728339772737,1.1684046570324673,0.0,0.0,0.0,1.0,0.3386427307392977,0.47409982303501963,-0.8127425537743145,1,-0.4311248642347252,0.3376251468312138,1.1805577752794973,-2.405793444520965e-05,4.209750712261262e-06,6.289967318044709e-06,0.9999999996819651,-0.4260019404301947,0.34469728339772737,1.1684046570324673,0.7929,ASSIST,tag_0,0.9525403557342688,0.9050807114685375,0,"[0.9525403557342688, 0.047459644265731286]","[""tag_0"", ""tag_1""]",1,"{""j1"": true, ""j2"": true, ""j3"": true, ""j4"": true, ""j5"": true, ""j6"": true, ""j7"": true, ""accel"": true, ""gyro"": true, ""imu2"": true}",27436.0,4496.0,2.0,0.1446460392019392,0.0,0
0.8456,grasp,-0.4260019404301947,0.34469728339772737,1.1684046570324673,0.0,0.0,0.0,1.0,0.3386427307392977,0.47409982303501963,-0.8127425537743145,1,-0.4311248642347252,0.3376251468312138,1.1805577752794973,-2.405793444520965e-05,4.209750712261262e-06,6.289967318044709e-06,0.9999999996819651,-0.4260019404301947,0.34469728339772737,1.1684046570324673,0.7929,ASSIST,tag_0,0.9684091857619023,0.9368183715238045,0,"[0.9684091857619023, 0.03159081423809773]","[""tag_0"", ""tag_1""]",1,"{""j1"": true, ""j2"": true, ""j3"": true, ""j4"": true, ""j5"": true, ""j6"": true, ""j7"": true, ""accel"": true, ""gyro"": true, ""imu2"": true}",27436.0,4496.0,2.0,0.1446460392019392,0.0,0
0.8513,grasp,-0.4260019404301947,0.34469728339772737,1.1684046570324673,0.0,0.0,0.0,1.0,0.3386427307392977,0.47409982303501963,-0.8127425537743145,1,-0.4311248642347252,0.3376251468312138,1.1805577752794973,-2.405793444520965e-05,4.209750712261262e-06,6.289967318044709e-06,0.9999999996819651,-0.4260019404301947,0.34469728339772737,1.1684046570324673,0.7929,ASSIST,tag_0,0.9684091857619023,0.9368183715238045,0,"[0.9684091857619023, 0.03159081423809773]","[""tag_0"", ""tag_1""]",1,"{""j1"": true, ""j2"": true, ""j3"": true, ""j4"": true, ""j5"": true, ""j6"": true, ""j7"": true, ""accel"": true, ""gyro"": true, ""imu2"": true}",27436.0,4496.0,2.0,0.1446460392019392,0.0,0
0.8541,grasp,-0.4260019404301947,0.34469728339772737,1.1684046570324673,0.0,0.0,0.0,1.0,0.3386427307392977,0.47409982303501963,-0.8127425537743145,1,-0.4311248642347252,0.3376251468312138,1.1805577752794973,-2.405793444520965e-05,4.209750712261262e-06,6.289967318044709e-06,0.9999999996819651,-0.4260019404301947,0.34469728339772737,1.1684046570324673,0.7929,ASSIST,tag_0,0.9684091857619023,0.9368183715238045,0,"[0.9684091857619023, 0.03159081423809773]","[""tag_0"", ""tag_1""]",1,"{""j1"": true, ""j2"": true, ""j3"": true, ""j4"": true, ""j5"": true, ""j6"": true, ""j7"": true, ""accel"": true, ""gyro"": true, ""imu2"": true}",27437.0,4496.0,2.0,0.1446460392019392,0.0,0
0.8555,grasp,-0.4260019404301947,0.34469728339772737,1.1684046570324673,0.0,0.0,0.0,1.0,0.3386427307392977,0.47409982303501963,-0.8127425537743145,1,-0.4311248642347252,0.3376251468312138,1.1805577752794973,-2.405793444520965e-05,4.209750712261262e-06,6.289967318044709e-06,0.9999999996819651,-0.4260019404301947,0.34469728339772737,1.1684046570324673,0.7929,ASSIST,tag_0,0.9684091857619023,0.9368183715238045,0,"[0.9684091857619023, 0.03159081423809773]","[""tag_0"", ""tag_1""]",1,"{""j1"": true, ""j2"": true, ""j3"": true, ""j4"": true, ""j5"": true, ""j6"": true, ""j7"": true, ""accel"": true, ""gyro"": true, ""imu2"": true}",27437.0,4496.0,2.0,0.1446460392019392,0.0,0
0.8568,grasp,-0.4260019404301947,0.34469728339772737,1.1684046570324673,0.0,0.0,0.0,1.0,0.3386427307392977,0.47409982303501963,-0.8127425537743145,1,-0.42879463156175135,0.3409481229307499,1.1748807355694084,-3.67428753609289e-05,7.454903630549346e-06,8.938006005099195e-06,0.9999999992572488,-0.4260019404301947,0.34469728339772737,1.1684046570324673,0.7929,ASSIST,tag_0,0.9684091857619023,0.9368183715238045,0,"[0.9684091857619023, 0.03159081423809773]","[""tag_0"", ""tag_1""]",1,"{""j1"": true, ""j2"": true, ""j3"": true, ""j4"": true, ""j5"": true, ""j6"": true, ""j7"": true, ""accel"": true, ""gyro"": true, ""imu2"": true}",27437.0,4496.0,2.0,0.1446460392019392,0.0,0
0.859,grasp,-0.42518919787642034,0.34583512297301144,1.166454074903409,0.0,0.0,0.0,1.0,0.3386427307392977,0.47409982303501963,-0.8127425537743145,1,-0.42879463156175135,0.3409481229307499,1.1748807355694084,-3.67428753609289e-05,7.454903630549346e-06,8.938006005099195e-06,0.9999999992572488,-0.42518919787642034,0.34583512297301144,1.166454074903409,0.7929,ASSIST,tag_0,0.9684091857619023,0.9368183715238045,0,"[0.9684091857619023, 0.03159081423809773]","[""tag_0"", ""tag_1""]",1,"{""j1"": true, ""j2"": true, ""j3"": true, ""j4"": true, ""j5"": true, ""j6"": true, ""j7"": true, ""accel"": true, ""gyro"": true, ""imu2"": true}",27437.0,4496.0,2.0,0.1446460392019392,0.0,0
0.8593,grasp,-0.42518919787642034,0.34583512297301144,1.166454074903409,0.0,0.0,0.0,1.0,0.3386427307392976,0.47409982303502,-0.8127425537743144,1,-0.42879463156175135,0.3409481229307499,1.1748807355694084,-3.67428753609289e-05,7.454903630549346e-06,8.938006005099195e-06,0.9999999992572488,-0.42518919787642034,0.34583512297301144,1.166454074903409,0.7929,ASSIST,tag_0,0.9684091857619023,0.9368183715238045,0,"[0.9684091857619023, 0.03159081423809773]","[""tag_0"", ""tag_1""]",1,"{""j1"": true, ""j2"": true, ""j3"": true, ""j4"": true, ""j5"": true, ""j6"": true, ""j7"": true, ""accel"": true, ""gyro"": true, ""imu2"": true}",27437.0,4496.0,2.0,0.1446460392019392,0.0,0
0.8599,grasp,-0.42518919787642034,0.34583512297301144,1.166454074903409,0.0,0.0,0.0,1.0,0.3386427307392976,0.47409982303502,-0.8127425537743144,1,-0.42879463156175135,0.3409481229307499,1.1748807355694084,-3.67428753609289e-05,7.454903630549346e-06,8.938006005099195e-06,0.9999999992572488,-0.42518919787642034,0.34583512297301144,1.166454074903409,0.7929,ASSIST,tag_0,0.9684091857619023,0.9368183715238045,0,"[0.9684091857619023, 0.03159081423809773]","[""tag_0"", ""tag_1""]",1,"{""j1"": true, ""j2"": true, ""j3"": true, ""j4"": true, ""j5"": true, ""j6"": true, ""j7"": true, ""accel"": true, ""gyro"": true, ""imu2"": true}",27437.0,4496.0,2.0,0.1446460392019392,0.0,0
0.8631,grasp,-0.42518919787642034,0.34583512297301144,1.166454074903409,0.0,0.0,0.0,1.0,0.3386427307392976,0.47409982303502,-0.8127425537743144,1,-0.42879463156175135,0.3409481229307499,1.1748807355694084,-3.67428753609289e-05,7.454903630549346e-06,8.938006005099195e-06,0.9999999992572488,-0.42518919787642034,0.34583512297301144,1.166454074903409,0.7929,ASSIST,tag_0,0.9684091857619023,0.9368183715238045,0,"[0.9684091857619023, 0.03159081423809773]","[""tag_0"", ""tag_1""]",1,"{""j1"": true, ""j2"": true, ""j3"": true, ""j4"": true, ""j5"": true, ""j6"": true, ""j7"": true, ""accel"": true, ""gyro"": true, ""imu2"": true}",27437.0,4496.0,2.0,0.1446460392019392,0.0,0
0.8647,grasp,-0.42518919787642034,0.34583512297301144,1.166454074903409,0.0,0.0,0.0,1.0,0.3386427307392976,0.47409982303502,-0.8127425537743144,1,-0.42879463156175135,0.3409481229307499,1.1748807355694084,-3.67428753609289e-05,7.454903630549346e-06,8.938006005099195e-06,0.9999999992572488,-0.42518919787642034,0.34583512297301144,1.166454074903409,0.7929,ASSIST,tag_0,0.9684091857619023,0.9368183715238045,0,"[0.9684091857619023, 0.03159081423809773]","[""tag_0"", ""tag_1""]",1,"{""j1"": true, ""j2"": true, ""j3"": true, ""j4"": true, ""j5"": true, ""j6"": true, ""j7"": true, ""accel"": true, ""gyro"": true, ""imu2"": true}",27437.0,4496.0,2.0,0.1446460392019392,0.0,0
0.8666,grasp,-0.42518919787642034,0.34583512297301144,1.166454074903409,0.0,0.0,0.0,1.0,0.3386427307392976,0.47409982303502,-0.8127425537743144,1,-0.42879463156175135,0.3409481229307499,1.1748807355694084,-3.67428753609289e-05,7.454903630549346e-06,8.938006005099195e-06,0.9999999992572488,-0.42518919787642034,0.34583512297301144,1.166454074903409,0.7929,ASSIST,tag_0,0.9684091857619023,0.9368183715238045,0,"[0.9684091857619023, 0.03159081423809773]","[""tag_0"", ""tag_1""]",1,"{""j1"": true, ""j2"": true, ""j3"": true, ""j4"": true, ""j5"": true, ""j6"": true, ""j7"": true, ""accel"": true, ""gyro"": true, ""imu2"": true}",27437.0,4496.0,2.0,0.1446460392019392,0.0,0
0.8727,grasp,-0.42518919787642034,0.34583512297301144,1.166454074903409,0.0,0.0,0.0,1.0,0.3386427307392976,0.47409982303502,-0.8127425537743144,1,-0.42879463156175135,0.3409481229307499,1.1748807355694084,-3.67428753609289e-05,7.454903630549346e-06,8.938006005099195e-06,0.9999999992572488,-0.42518919787642034,0.34583512297301144,1.166454074903409,0.7929,ASSIST,tag_0,0.9684091857619023,0.9368183715238045,0,"[0.9684091857619023, 0.03159081423809773]","[""tag_0"", ""tag_1""]",1,"{""j1"": true, ""j2"": true, ""j3"": true, ""j4"": true, ""j5"": true, ""j6"": true, ""j7"": true, ""accel"": true, ""gyro"": true, ""imu2"": true}",27438.0,4496.0,2.0,0.1452365855393397,0.0,0
0.8731,grasp,-0.42518919787642034,0.34583512297301144,1.166454074903409,0.0,0.0,0.0,1.0,0.3386427307392976,0.47409982303502,-0.8127425537743144,1,-0.42879463156175135,0.3409481229307499,1.1748807355694084,-3.67428753609289e-05,7.454903630549346e-06,8.938006005099195e-06,0.9999999992572488,-0.42518919787642034,0.34583512297301144,1.166454074903409,0.7929,ASSIST,tag_0,0.9684091857619023,0.9368183715238045,0,"[0.9684091857619023, 0.03159081423809773]","[""tag_0"", ""tag_1""]",1,"{""j1"": true, ""j2"": true, ""j3"": true, ""j4"": true, ""j5"": true, ""j6"": true, ""j7"": true, ""accel"": true, ""gyro"": true, ""imu2"": true}",27438.0,4496.0,2.0,0.1452365855393397,0.0,0
0.8742,grasp,-0.42518919787642034,0.34583512297301144,1.166454074903409,0.0,0.0,0.0,1.0,0.3386427307392976,0.47409982303502,-0.8127425537743144,1,-0.42879463156175135,0.3409481229307499,1.1748807355694084,-3.67428753609289e-05,7.454903630549346e-06,8.938006005099195e-06,0.9999999992572488,-0.42518919787642034,0.34583512297301144,1.166454074903409,0.7929,ASSIST,tag_0,0.9684091857619023,0.9368183715238045,0,"[0.9684091857619023, 0.03159081423809773]","[""tag_0"", ""tag_1""]",1,"{""j1"": true, ""j2"": true, ""j3"": true, ""j4"": true, ""j5"": true, ""j6"": true, ""j7"": true, ""accel"": true, ""gyro"": true, ""imu2"": true}",27438.0,4496.0,2.0,0.1452365855393397,0.0,0
0.8773,grasp,-0.424376455322646,0.3469729625482955,1.1645034927743505,0.0,0.0,0.0,1.0,0.3386427307392976,0.47409982303502,-0.8127425537743144,1,-0.42879463156175135,0.3409481229307499,1.1748807355694084,-3.67428753609289e-05,7.454903630549346e-06,8.938006005099195e-06,0.9999999992572488,-0.424376455322646,0.3469729625482955,1.1645034927743505,0.7929,ASSIST,tag_0,0.9684091857619023,0.9368183715238045,0,"[0.9684091857619023, 0.03159081423809773]","[""tag_0"", ""tag_1""]",1,"{""j1"": true, ""j2"": true, ""j3"": true, ""j4"": true, ""j5"": true, ""j6"": true, ""j7"": true, ""accel"": true, ""gyro"": true, ""imu2"": true}",27438.0,4496.0,2.0,0.1452365855393397,0.0,0
0.8802,grasp,-0.424376455322646,0.3469729625482955,1.1645034927743505,0.0,0.0,0.0,1.0,0.33864273073929757,0.47409982303502046,-0.8127425537743141,1,-0.42879463156175135,0.3409481229307499,1.1748807355694084,-3.67428753609289e-05,7.454903630549346e-06,8.938006005099195e-06,0.9999999992572488,-0.424376455322646,0.3469729625482955,1.1645034927743505,0.7929,ASSIST,tag_0,0.9684091857619023,0.9368183715238045,0,"[0.9684091857619023, 0.03159081423809773]","[""tag_0"", ""tag_1""]",1,"{""j1"": true, ""j2"": true, ""j3"": true, ""j4"": true, ""j5"": true, ""j6"": true, ""j7"": true, ""accel"": true, ""gyro"": true, ""imu2"": true}",27438.0,4496.0,2.0,0.1452365855393397,0.0,0
0.8809,grasp,-0.424376455322646,0.3469729625482955,1.1645034927743505,0.0,0.0,0.0,1.0,0.33864273073929757,0.47409982303502046,-0.8127425537743141,1,-0.42879463156175135,0.3409481229307499,1.1748807355694084,-3.67428753609289e-05,7.454903630549346e-06,8.938006005099195e-06,0.9999999992572488,-0.424376455322646,0.3469729625482955,1.1645034927743505,0.7929,ASSIST,tag_0,0.9684091857619023,0.9368183715238045,0,"[0.9684091857619023, 0.03159081423809773]","[""tag_0"", ""tag_1""]",1,"{""j1"": true, ""j2"": true, ""j3"": true, ""j4"": true, ""j5"": true, ""j6"": true, ""j7"": true, ""accel"": true, ""gyro"": true, ""imu2"": true}",27438.0,4496.0,2.0,0.1452365855393397,0.0,0
0.8838,grasp,-0.424376455322646,0.3469729625482955,1.1645034927743505,0.0,0.0,0.0,1.0,0.33864273073929757,0.47409982303502046,-0.8127425537743141,1,-0.42879463156175135,0.3409481229307499,1.1748807355694084,-3.67428753609289e-05,7.454903630549346e-06,8.938006005099195e-06,0.9999999992572488,-0.424376455322646,0.3469729625482955,1.1645034927743505,0.7929,ASSIST,tag_0,0.9684091857619023,0.9368183715238045,0,"[0.9684091857619023, 0.03159081423809773]","[""tag_0"", ""tag_1""]",1,"{""j1"": true, ""j2"": true, ""j3"": true, ""j4"": true, ""j5"": true, ""j6"": true, ""j7"": true, ""accel"": true, ""gyro"": true, ""imu2"": true}",27438.0,4496.0,2.0,0.1452365855393397,0.0,0
0.8851,grasp,-0.424376455322646,0.3469729625482955,1.1645034927743505,0.0,0.0,0.0,1.0,0.33864273073929757,0.47409982303502046,-0.8127425537743141,1,-0.42879463156175135,0.3409481229307499,1.1748807355694084,-3.67428753609289e-05,7.454903630549346e-06,8.938006005099195e-06,0.9999999992572488,-0.424376455322646,0.3469729625482955,1.1645034927743505,0.7929,ASSIST,tag_0,0.9684091857619023,0.9368183715238045,0,"[0.9684091857619023, 0.03159081423809773]","[""tag_0"", ""tag_1""]",1,"{""j1"": true, ""j2"": true, ""j3"": true, ""j4"": true, ""j5"": true, ""j6"": true, ""j7"": true, ""accel"": true, ""gyro"": true, ""imu2"": true}",27438.0,4496.0,2.0,0.1452365855393397,0.0,0
0.8912,grasp,-0.424376455322646,0.3469729625482955,1.1645034927743505,0.0,0.0,0.0,1.0,0.33864273073929757,0.47409982303502046,-0.8127425537743141,1,-0.42879463156175135,0.3409481229307499,1.1748807355694084,-3.67428753609289e-05,7.454903630549346e-06,8.938006005099195e-06,0.9999999992572488,-0.424376455322646,0.3469729625482955,1.1645034927743505,0.7929,ASSIST,tag_0,0.9684091857619023,0.9368183715238045,0,"[0.9684091857619023, 0.03159081423809773]","[""tag_0"", ""tag_1""]",1,"{""j1"": true, ""j2"": true, ""j3"": true, ""j4"": true, ""j5"": true, ""j6"": true, ""j7"": true, ""accel"": true, ""gyro"": true, ""imu2"": true}",27438.0,4496.0,2.0,0.1452365855393397,0.0,0
0.8925,grasp,-0.424376455322646,0.3469729625482955,1.1645034927743505,0.0,0.0,0.0,1.0,0.33864273073929757,0.47409982303502046,-0.8127425537743141,1,-0.42879463156175135,0.3409481229307499,1.1748807355694084,-3.67428753609289e-05,7.454903630549346e-06,8.938006005099195e-06,0.9999999992572488,-0.424376455322646,0.3469729625482955,1.1645034927743505,0.7929,ASSIST,tag_0,0.9684091857619023,0.9368183715238045,0,"[0.9684091857619023, 0.03159081423809773]","[""tag_0"", ""tag_1""]",1,"{""j1"": true, ""j2"": true, ""j3"": true, ""j4"": true, ""j5"": true, ""j6"": true, ""j7"": true, ""accel"": true, ""gyro"": true, ""imu2"": true}",27439.0,4496.0,2.0,0.1452365855393397,0.0,0
0.8931,grasp,-0.424376455322646,0.3469729625482955,1.1645034927743505,0.0,0.0,0.0,1.0,0.33864273073929757,0.47409982303502046,-0.8127425537743141,1,-0.42879463156175135,0.3409481229307499,1.1748807355694084,-3.67428753609289e-05,7.454903630549346e-06,8.938006005099195e-06,0.9999999992572488,-0.424376455322646,0.3469729625482955,1.1645034927743505,0.7929,ASSIST,tag_0,0.9684091857619023,0.9368183715238045,0,"[0.9684091857619023, 0.03159081423809773]","[""tag_0"", ""tag_1""]",1,"{""j1"": true, ""j2"": true, ""j3"": true, ""j4"": true, ""j5"": true, ""j6"": true, ""j7"": true, ""accel"": true, ""gyro"": true, ""imu2"": true}",27439.0,4496.0,2.0,0.1452365855393397,0.0,0
0.8954,grasp,-0.424376455322646,0.3469729625482955,1.1645034927743505,0.0,0.0,0.0,1.0,0.33864273073929757,0.47409982303502046,-0.8127425537743141,1,-0.42879463156175135,0.3409481229307499,1.1748807355694084,-3.67428753609289e-05,7.454903630549346e-06,8.938006005099195e-06,0.9999999992572488,-0.424376455322646,0.3469729625482955,1.1645034927743505,0.7929,ASSIST,tag_0,0.9734819475606226,0.9469638951212451,0,"[0.9734819475606226, 0.026518052439377444]","[""tag_0"", ""tag_1""]",1,"{""j1"": true, ""j2"": true, ""j3"": true, ""j4"": true, ""j5"": true, ""j6"": true, ""j7"": true, ""accel"": true, ""gyro"": true, ""imu2"": true}",27439.0,4496.0,2.0,0.1452365855393397,0.0,0
0.8976,grasp,-0.42356371276887167,0.3481108021235796,1.162552910645292,0.0,0.0,0.0,1.0,0.33864273073929757,0.47409982303502046,-0.8127425537743141,1,-0.42879463156175135,0.3409481229307499,1.1748807355694084,-3.67428753609289e-05,7.454903630549346e-06,8.938006005099195e-06,0.9999999992572488,-0.42356371276887167,0.3481108021235796,1.162552910645292,0.7929,ASSIST,tag_0,0.9734819475606226,0.9469638951212451,0,"[0.9734819475606226, 0.026518052439377444]","[""tag_0"", ""tag_1""]",1,"{""j1"": true, ""j2"": true, ""j3"": true, ""j4"": true, ""j5"": true, ""j6"": true, ""j7"": true, ""accel"": true, ""gyro"": true, ""imu2"": true}",27439.0,4496.0,2.0,0.1452365855393397,0.0,0
0.8983,grasp,-0.42356371276887167,0.3481108021235796,1.162552910645292,0.0,0.0,0.0,1.0,0.3386427307392974,0.47409982303502096,-0.8127425537743137,1,-0.42879463156175135,0.3409481229307499,1.1748807355694084,-3.67428753609289e-05,7.454903630549346e-06,8.938006005099195e-06,0.9999999992572488,-0.42356371276887167,0.3481108021235796,1.162552910645292,0.7929,ASSIST,tag_0,0.9734819475606226,0.9469638951212451,0,"[0.9734819475606226, 0.026518052439377444]","[""tag_0"", ""tag_1""]",1,"{""j1"": true, ""j2"": true, ""j3"": true, ""j4"": true, ""j5"": true, ""j6"": true, ""j7"": true, ""accel"": true, ""gyro"": true, ""imu2"": true}",27439.0,4496.0,2.0,0.1452365855393397,0.0,0
0.8986,grasp,-0.42356371276887167,0.3481108021235796,1.162552910645292,0.0,0.0,0.0,1.0,0.3386427307392974,0.47409982303502096,-0.8127425537743137,1,-0.42879463156175135,0.3409481229307499,1.1748807355694084,-3.67428753609289e-05,7.454903630549346e-06,8.938006005099195e-06,0.9999999992572488,-0.42356371276887167,0.3481108021235796,1.162552910645292,0.7929,ASSIST,tag_0,0.9734819475606226,0.9469638951212451,0,"[0.9734819475606226, 0.026518052439377444]","[""tag_0"", ""tag_1""]",1,"{""j1"": true, ""j2"": true, ""j3"": true, ""j4"": true, ""j5"": true, ""j6"": true, ""j7"": true, ""accel"": true, ""gyro"": true, ""imu2"": true}",27439.0,4496.0,2.0,0.1452365855393397,0.0,0
0.9031,grasp,-0.42356371276887167,0.3481108021235796,1.162552910645292,0.0,0.0,0.0,1.0,0.3386427307392974,0.47409982303502096,-0.8127425537743137,1,-0.42879463156175135,0.3409481229307499,1.1748807355694084,-3.67428753609289e-05,7.454903630549346e-06,8.938006005099195e-06,0.9999999992572488,-0.42356371276887167,0.3481108021235796,1.162552910645292,0.7929,ASSIST,tag_0,0.9734819475606226,0.9469638951212451,0,"[0.9734819475606226, 0.026518052439377444]","[""tag_0"", ""tag_1""]",1,"{""j1"": true, ""j2"": true, ""j3"": true, ""j4"": true, ""j5"": true, ""j6"": true, ""j7"": true, ""accel"": true, ""gyro"": true, ""imu2"": true}",27439.0,4496.0,2.0,0.1452365855393397,0.0,0
0.905,grasp,-0.42356371276887167,0.3481108021235796,1.162552910645292,0.0,0.0,0.0,1.0,0.3386427307392974,0.47409982303502096,-0.8127425537743137,1,-0.42879463156175135,0.3409481229307499,1.1748807355694084,-3.67428753609289e-05,7.454903630549346e-06,8.938006005099195e-06,0.9999999992572488,-0.42356371276887167,0.3481108021235796,1.162552910645292,0.7929,ASSIST,tag_0,0.9734819475606226,0.9469638951212451,0,"[0.9734819475606226, 0.026518052439377444]","[""tag_0"", ""tag_1""]",1,"{""j1"": true, ""j2"": true, ""j3"": true, ""j4"": true, ""j5"": true, ""j6"": true, ""j7"": true, ""accel"": true, ""gyro"": true, ""imu2"": true}",27439.0,4496.0,2.0,0.1452365855393397,0.0,0
0.9109,grasp,-0.42356371276887167,0.3481108021235796,1.162552910645292,0.0,0.0,0.0,1.0,0.3386427307392974,0.47409982303502096,-0.8127425537743137,1,-0.42879463156175135,0.3409481229307499,1.1748807355694084,-3.67428753609289e-05,7.454903630549346e-06,8.938006005099195e-06,0.9999999992572488,-0.42356371276887167,0.3481108021235796,1.162552910645292,0.7929,ASSIST,tag_0,0.9734819475606226,0.9469638951212451,0,"[0.9734819475606226, 0.026518052439377444]","[""tag_0"", ""tag_1""]",1,"{""j1"": true, ""j2"": true, ""j3"": true, ""j4"": true, ""j5"": true, ""j6"": true, ""j7"": true, ""accel"": true, ""gyro"": true, ""imu2"": true}",27439.0,4496.0,2.0,0.1452365855393397,0.0,0
0.9118,grasp,-0.42356371276887167,0.3481108021235796,1.162552910645292,0.0,0.0,0.0,1.0,0.3386427307392974,0.47409982303502096,-0.8127425537743137,1,-0.42879463156175135,0.3409481229307499,1.1748807355694084,-3.67428753609289e-05,7.454903630549346e-06,8.938006005099195e-06,0.9999999992572488,-0.42356371276887167,0.3481108021235796,1.162552910645292,0.7929,ASSIST,tag_0,0.9734819475606226,0.9469638951212451,0,"[0.9734819475606226, 0.026518052439377444]","[""tag_0"", ""tag_1""]",1,"{""j1"": true, ""j2"": true, ""j3"": true, ""j4"": true, ""j5"": true, ""j6"": true, ""j7"": true, ""accel"": true, ""gyro"": true, ""imu2"": true}",27440.0,4496.0,2.0,0.1452365855393397,0.0,0
0.913,grasp,-0.42356371276887167,0.3481108021235796,1.162552910645292,0.0,0.0,0.0,1.0,0.3386427307392974,0.47409982303502096,-0.8127425537743137,1,-0.42879463156175135,0.3409481229307499,1.1748807355694084,-3.67428753609289e-05,7.454903630549346e-06,8.938006005099195e-06,0.9999999992572488,-0.42356371276887167,0.3481108021235796,1.162552910645292,0.7929,ASSIST,tag_0,0.9734819475606226,0.9469638951212451,0,"[0.9734819475606226, 0.026518052439377444]","[""tag_0"", ""tag_1""]",1,"{""j1"": true, ""j2"": true, ""j3"": true, ""j4"": true, ""j5"": true, ""j6"": true, ""j7"": true, ""accel"": true, ""gyro"": true, ""imu2"": true}",27440.0,4496.0,2.0,0.1452365855393397,0.0,0
0.9177,grasp,-0.42275097021509733,0.34924864169886366,1.1606023285162337,0.0,0.0,0.0,1.0,0.3386427307392974,0.47409982303502096,-0.8127425537743137,1,-0.42879463156175135,0.3409481229307499,1.1748807355694084,-3.67428753609289e-05,7.454903630549346e-06,8.938006005099195e-06,0.9999999992572488,-0.42275097021509733,0.34924864169886366,1.1606023285162337,0.7929,ASSIST,tag_0,0.9734819475606226,0.9469638951212451,0,"[0.9734819475606226, 0.026518052439377444]","[""tag_0"", ""tag_1""]",1,"{""j1"": true, ""j2"": true, ""j3"": true, ""j4"": true, ""j5"": true, ""j6"": true, ""j7"": true, ""accel"": true, ""gyro"": true, ""imu2"": true}",27440.0,4496.0,2.0,0.1452365855393397,0.0,0
0.9188,grasp,-0.42275097021509733,0.34924864169886366,1.1606023285162337,0.0,0.0,0.0,1.0,0.33864273073929724,0.47409982303502196,-0.8127425537743134,1,-0.42879463156175135,0.3409481229307499,1.1748807355694084,-3.67428753609289e-05,7.454903630549346e-06,8.938006005099195e-06,0.9999999992572488,-0.42275097021509733,0.34924864169886366,1.1606023285162337,0.7929,ASSIST,tag_0,0.9734819475606226,0.9469638951212451,0,"[0.9734819475606226, 0.026518052439377444]","[""tag_0"", ""tag_1""]",1,"{""j1"": true, ""j2"": true, ""j3"": true, ""j4"": true, ""j5"": true, ""j6"": true, ""j7"": true, ""accel"": true, ""gyro"": true, ""imu2"": true}",27440.0,4496.0,2.0,0.1452365855393397,0.0,0
0.9193,grasp,-0.42275097021509733,0.34924864169886366,1.1606023285162337,0.0,0.0,0.0,1.0,0.33864273073929724,0.47409982303502196,-0.8127425537743134,1,-0.42879463156175135,0.3409481229307499,1.1748807355694084,-3.67428753609289e-05,7.454903630549346e-06,8.938006005099195e-06,0.9999999992572488,-0.42275097021509733,0.34924864169886366,1.1606023285162337,0.7929,ASSIST,tag_0,0.9734819475606226,0.9469638951212451,0,"[0.9734819475606226, 0.026518052439377444]","[""tag_0"", ""tag_1""]",1,"{""j1"": true, ""j2"": true, ""j3"": true, ""j4"": true, ""j5"": true, ""j6"": true, ""j7"": true, ""accel"": true, ""gyro"": true, ""imu2"": true}",27440.0,4496.0,2.0,0.1452365855393397,0.0,0
0.9232,grasp,-0.42275097021509733,0.34924864169886366,1.1606023285162337,0.0,0.0,0.0,1.0,0.33864273073929724,0.47409982303502196,-0.8127425537743134,1,-0.42879463156175135,0.3409481229307499,1.1748807355694084,-3.67428753609289e-05,7.454903630549346e-06,8.938006005099195e-06,0.9999999992572488,-0.42275097021509733,0.34924864169886366,1.1606023285162337,0.7929,ASSIST,tag_0,0.9734819475606226,0.9469638951212451,0,"[0.9734819475606226, 0.026518052439377444]","[""tag_0"", ""tag_1""]",1,"{""j1"": true, ""j2"": true, ""j3"": true, ""j4"": true, ""j5"": true, ""j6"": true, ""j7"": true, ""accel"": true, ""gyro"": true, ""imu2"": true}",27440.0,4496.0,2.0,0.1452365855393397,0.0,0
0.9249,grasp,-0.42275097021509733,0.34924864169886366,1.1606023285162337,0.0,0.0,0.0,1.0,0.33864273073929724,0.47409982303502196,-0.8127425537743134,1,-0.42687618754239876,0.3437889234589276,1.170058974006754,-6.639409985281784e-05,1.4646211315472163e-05,1.6912044015111868e-05,0.9999999975456474,-0.42275097021509733,0.34924864169886366,1.1606023285162337,0.7929,ASSIST,tag_0,0.9734819475606226,0.9469638951212451,0,"[0.9734819475606226, 0.026518052439377444]","[""tag_0"", ""tag_1""]",1,"{""j1"": true, ""j2"": true, ""j3"": true, ""j4"": true, ""j5"": true, ""j6"": true, ""j7"": true, ""accel"": true, ""gyro"": true, ""imu2"": true}",27440.0,4496.0,2.0,0.1452365855393397,0.0,0
0.9255,grasp,-0.42275097021509733,0.34924864169886366,1.1606023285162337,0.0,0.0,0.0,1.0,0.33864273073929724,0.47409982303502196,-0.8127425537743134,1,-0.42687618754239876,0.3437889234589276,1.170058974006754,-6.639409985281784e-05,1.4646211315472163e-05,1.6912044015111868e-05,0.9999999975456474,-0.42275097021509733,0.34924864169886366,1.1606023285162337,0.7929,ASSIST,tag_0,0.9734819475606226,0.9469638951212451,0,"[0.9734819475606226, 0.026518052439377444]","[""tag_0"", ""tag_1""]",1,"{""j1"": true, ""j2"": true, ""j3"": true, ""j4"": true, ""j5"": true, ""j6"": true, ""j7"": true, ""accel"": true, ""gyro"": true, ""imu2"": true}",27440.0,4496.0,2.0,0.1452365855393397,0.0,0
0.9315,grasp,-0.42275097021509733,0.34924864169886366,1.1606023285162337,0.0,0.0,0.0,1.0,0.33864273073929724,0.47409982303502196,-0.8127425537743134,1,-0.42687618754239876,0.3437889234589276,1.170058974006754,-6.639409985281784e-05,1.4646211315472163e-05,1.6912044015111868e-05,0.9999999975456474,-0.42275097021509733,0.34924864169886366,1.1606023285162337,0.7929,ASSIST,tag_0,0.9734819475606226,0.9469638951212451,0,"[0.9734819475606226, 0.026518052439377444]","[""tag_0"", ""tag_1""]",1,"{""j1"": true, ""j2"": true, ""j3"": true, ""j4"": true, ""j5"": true, ""j6"": true, ""j7"": true, ""accel"": true, ""gyro"": true, ""imu2"": true}",27440.0,4496.0,2.0,0.1452365855393397,0.0,0
0.9323,grasp,-0.42275097021509733,0.34924864169886366,1.1606023285162337,0.0,0.0,0.0,1.0,0.33864273073929724,0.47409982303502196,-0.8127425537743134,1,-0.42687618754239876,0.3437889234589276,1.170058974006754,-6.639409985281784e-05,1.4646211315472163e-05,1.6912044015111868e-05,0.9999999975456474,-0.42275097021509733,0.34924864169886366,1.1606023285162337,0.7929,ASSIST,tag_0,0.9734819475606226,0.9469638951212451,0,"[0.9734819475606226, 0.026518052439377444]","[""tag_0"", ""tag_1""]",1,"{""j1"": true, ""j2"": true, ""j3"": true, ""j4"": true, ""j5"": true, ""j6"": true, ""j7"": true, ""accel"": true, ""gyro"": true, ""imu2"": true}",27441.0,4496.0,2.0,0.14561499096490027,0.0,0
0.9329,grasp,-0.42275097021509733,0.34924864169886366,1.1606023285162337,0.0,0.0,0.0,1.0,0.33864273073929724,0.47409982303502196,-0.8127425537743134,1,-0.42687618754239876,0.3437889234589276,1.170058974006754,-6.639409985281784e-05,1.4646211315472163e-05,1.6912044015111868e-05,0.9999999975456474,-0.42275097021509733,0.34924864169886366,1.1606023285162337,0.7929,ASSIST,tag_0,0.9734819475606226,0.9469638951212451,0,"[0.9734819475606226, 0.026518052439377444]","[""tag_0"", ""tag_1""]",1,"{""j1"": true, ""j2"": true, ""j3"": true, ""j4"": true, ""j5"": true, ""j6"": true, ""j7"": true, ""accel"": true, ""gyro"": true, ""imu2"": true}",27441.0,4496.0,2.0,0.14561499096490027,0.0,0
0.9392,grasp,-0.421938227661323,0.35038648127414773,1.1586517463871753,0.0,0.0,0.0,1.0,0.33864273073929724,0.47409982303502196,-0.8127425537743134,1,-0.42687618754239876,0.3437889234589276,1.170058974006754,-6.639409985281784e-05,1.4646211315472163e-05,1.6912044015111868e-05,0.9999999975456474,-0.421938227661323,0.35038648127414773,1.1586517463871753,0.7929,ASSIST,tag_0,0.9734819475606226,0.9469638951212451,0,"[0.9734819475606226, 0.026518052439377444]","[""tag_0"", ""tag_1""]",1,"{""j1"": true, ""j2"": true, ""j3"": true, ""j4"": true, ""j5"": true, ""j6"": true, ""j7"": true, ""accel"": true, ""gyro"": true, ""imu2"": true}",27441.0,4496.0,2.0,0.14561499096490027,0.0,0
0.94,grasp,-0.421938227661323,0.35038648127414773,1.1586517463871753,0.0,0.0,0.0,1.0,0.33864273073929696,0.47409982303502346,-0.8127425537743127,1,-0.42687618754239876,0.3437889234589276,1.170058974006754,-6.639409985281784e-05,1.4646211315472163e-05,1.6912044015111868e-05,0.9999999975456474,-0.421938227661323,0.35038648127414773,1.1586517463871753,0.7929,ASSIST,tag_0,0.9734819475606226,0.9469638951212451,0,"[0.9734819475606226, 0.026518052439377444]","[""tag_0"", ""tag_1""]",1,"{""j1"": true, ""j2"": true, ""j3"": true, ""j4"": true, ""j5"": true, ""j6"": true, ""j7"": true, ""accel"": true, ""gyro"": true, ""imu2"": true}",27441.0,4496.0,2.0,0.14561499096490027,0.0,0
0.9403,grasp,-0.421938227661323,0.35038648127414773,1.1586517463871753,0.0,0.0,0.0,1.0,0.33864273073929696,0.47409982303502346,-0.8127425537743127,1,-0.42687618754239876,0.3437889234589276,1.170058974006754,-6.639409985281784e-05,1.4646211315472163e-05,1.6912044015111868e-05,0.9999999975456474,-0.421938227661323,0.35038648127414773,1.1586517463871753,0.7929,ASSIST,tag_0,0.9734819475606226,0.9469638951212451,0,"[0.9734819475606226, 0.026518052439377444]","[""tag_0"", ""tag_1""]",1,"{""j1"": true, ""j2"": true, ""j3"": true, ""j4"": true, ""j5"": true, ""j6"": true, ""j7"": true, ""accel"": true, ""gyro"": true, ""imu2"": true}",27441.0,4496.0,2.0,0.14561499096490027,0.0,0
0.9427,grasp,-0.421938227661323,0.35038648127414773,1.1586517463871753,0.0,0.0,0.0,1.0,0.33864273073929696,0.47409982303502346,-0.8127425537743127,1,-0.42687618754239876,0.3437889234589276,1.170058974006754,-6.639409985281784e-05,1.4646211315472163e-05,1.6912044015111868e-05,0.9999999975456474,-0.421938227661323,0.35038648127414773,1.1586517463871753,0.7929,ASSIST,tag_0,0.9734819475606226,0.9469638951212451,0,"[0.9734819475606226, 0.026518052439377444]","[""tag_0"", ""tag_1""]",1,"{""j1"": true, ""j2"": true, ""j3"": true, ""j4"": true, ""j5"": true, ""j6"": true, ""j7"": true, ""accel"": true, ""gyro"": true, ""imu2"": true}",27441.0,4496.0,2.0,0.14561499096490027,0.0,0
0.9448,grasp,-0.421938227661323,0.35038648127414773,1.1586517463871753,0.0,0.0,0.0,1.0,0.33864273073929696,0.47409982303502346,-0.8127425537743127,1,-0.42687618754239876,0.3437889234589276,1.170058974006754,-6.639409985281784e-05,1.4646211315472163e-05,1.6912044015111868e-05,0.9999999975456474,-0.421938227661323,0.35038648127414773,1.1586517463871753,0.7929,ASSIST,tag_0,0.9734819475606226,0.9469638951212451,0,"[0.9734819475606226, 0.026518052439377444]","[""tag_0"", ""tag_1""]",1,"{""j1"": true, ""j2"": true, ""j3"": true, ""j4"": true, ""j5"": true, ""j6"": true, ""j7"": true, ""accel"": true, ""gyro"": true, ""imu2"": true}",27441.0,4496.0,2.0,0.14561499096490027,0.0,0
0.9456,grasp,-0.421938227661323,0.35038648127414773,1.1586517463871753,0.0,0.0,0.0,1.0,0.33864273073929696,0.47409982303502346,-0.8127425537743127,1,-0.42687618754239876,0.3437889234589276,1.170058974006754,-6.639409985281784e-05,1.4646211315472163e-05,1.6912044015111868e-05,0.9999999975456474,-0.421938227661323,0.35038648127414773,1.1586517463871753,0.7929,ASSIST,tag_0,0.9753024557272763,0.9506049114545525,0,"[0.9753024557272763, 0.024697544272723724]","[""tag_0"", ""tag_1""]",1,"{""j1"": true, ""j2"": true, ""j3"": true, ""j4"": true, ""j5"": true, ""j6"": true, ""j7"": true, ""accel"": true, ""gyro"": true, ""imu2"": true}",27441.0,4496.0,2.0,0.14561499096490027,0.0,0
0.9516,grasp,-0.421938227661323,0.35038648127414773,1.1586517463871753,0.0,0.0,0.0,1.0,0.33864273073929696,0.47409982303502346,-0.8127425537743127,1,-0.42687618754239876,0.3437889234589276,1.170058974006754,-6.639409985281784e-05,1.4646211315472163e-05,1.6912044015111868e-05,0.9999999975456474,-0.421938227661323,0.35038648127414773,1.1586517463871753,0.7929,ASSIST,tag_0,0.9753024557272763,0.9506049114545525,0,"[0.9753024557272763, 0.024697544272723724]","[""tag_0"", ""tag_1""]",1,"{""j1"": true, ""j2"": true, ""j3"": true, ""j4"": true, ""j5"": true, ""j6"": true, ""j7"": true, ""accel"": true, ""gyro"": true, ""imu2"": true}",27441.0,4496.0,2.0,0.14561499096490027,0.0,0
0.9522,grasp,-0.421938227661323,0.35038648127414773,1.1586517463871753,0.0,0.0,0.0,1.0,0.33864273073929696,0.47409982303502346,-0.8127425537743127,1,-0.42687618754239876,0.3437889234589276,1.170058974006754,-6.639409985281784e-05,1.4646211315472163e-05,1.6912044015111868e-05,0.9999999975456474,-0.421938227661323,0.35038648127414773,1.1586517463871753,0.7929,ASSIST,tag_0,0.9753024557272763,0.9506049114545525,0,"[0.9753024557272763, 0.024697544272723724]","[""tag_0"", ""tag_1""]",1,"{""j1"": true, ""j2"": true, ""j3"": true, ""j4"": true, ""j5"": true, ""j6"": true, ""j7"": true, ""accel"": true, ""gyro"": true, ""imu2"": true}",27442.0,4496.0,2.0,0.14561499096490027,0.0,0
0.9529,grasp,-0.421938227661323,0.35038648127414773,1.1586517463871753,0.0,0.0,0.0,1.0,0.33864273073929696,0.47409982303502346,-0.8127425537743127,1,-0.42687618754239876,0.3437889234589276,1.170058974006754,-6.639409985281784e-05,1.4646211315472163e-05,1.6912044015111868e-05,0.9999999975456474,-0.421938227661323,0.35038648127414773,1.1586517463871753,0.7929,ASSIST,tag_0,0.9753024557272763,0.9506049114545525,0,"[0.9753024557272763, 0.024697544272723724]","[""tag_0"", ""tag_1""]",1,"{""j1"": true, ""j2"": true, ""j3"": true, ""j4"": true, ""j5"": true, ""j6"": true, ""j7"": true, ""accel"": true, ""gyro"": true, ""imu2"": true}",27442.0,4496.0,2.0,0.14561499096490027,0.0,0
0.9581,grasp,-0.42112548510754866,0.3515243208494318,1.1567011642581169,0.0,0.0,0.0,1.0,0.33864273073929696,0.47409982303502346,-0.8127425537743127,1,-0.42687618754239876,0.3437889234589276,1.170058974006754,-6.639409985281784e-05,1.4646211315472163e-05,1.6912044015111868e-05,0.9999999975456474,-0.42112548510754866,0.3515243208494318,1.1567011642581169,0.7929,ASSIST,tag_0,0.9753024557272763,0.9506049114545525,0,"[0.9753024557272763, 0.024697544272723724]","[""tag_0"", ""tag_1""]",1,"{""j1"": true, ""j2"": true, ""j3"": true, ""j4"": true, ""j5"": true, ""j6"": true, ""j7"": true, ""accel"": true, ""gyro"": true, ""imu2"": true}",27442.0,4496.0,2.0,0.14561499096490027,0.0,0
0.9592,grasp,-0.42112548510754866,0.3515243208494318,1.1567011642581169,0.0,0.0,0.0,1.0,0.33864273073929635,0.47409982303502646,-0.8127425537743113,1,-0.42687618754239876,0.3437889234589276,1.170058974006754,-6.639409985281784e-05,1.4646211315472163e-05,1.6912044015111868e-05,0.9999999975456474,-0.42112548510754866,0.3515243208494318,1.1567011642581169,0.7929,ASSIST,tag_0,0.9753024557272763,0.9506049114545525,0,"[0.9753024557272763, 0.024697544272723724]","[""tag_0"", ""tag_1""]",1,"{""j1"": true, ""j2"": true, ""j3"": true, ""j4"": true, ""j5"": true, ""j6"": true, ""j7"": true, ""accel"": true, ""gyro"": true, ""imu2"": true}",27442.0,4496.0,2.0,0.14561499096490027,0.0,0
0.9595,grasp,-0.42112548510754866,0.3515243208494318,1.1567011642581169,0.0,0.0,0.0,1.0,0.33864273073929635,0.47409982303502646,-0.8127425537743113,1,-0.42687618754239876,0.3437889234589276,1.170058974006754,-6.639409985281784e-05,1.4646211315472163e-05,1.6912044015111868e-05,0.9999999975456474,-0.42112548510754866,0.3515243208494318,1.1567011642581169,0.7929,ASSIST,tag_0,0.9753024557272763,0.9506049114545525,0,"[0.9753024557272763, 0.024697544272723724]","[""tag_0"", ""tag_1""]",1,"{""j1"": true, ""j2"": true, ""j3"": true, ""j4"": true, ""j5"": true, ""j6"": true, ""j7"": true, ""accel"": true, ""gyro"": true, ""imu2"": true}",27442.0,4496.0,2.0,0.14561499096490027,0.0,0
0.963,grasp,-0.42112548510754866,0.3515243208494318,1.1567011642581169,0.0,0.0,0.0,1.0,0.33864273073929635,0.47409982303502646,-0.8127425537743113,1,-0.42687618754239876,0.3437889234589276,1.170058974006754,-6.639409985281784e-05,1.4646211315472163e-05,1.6912044015111868e-05,0.9999999975456474,-0.42112548510754866,0.3515243208494318,1.1567011642581169,0.7929,ASSIST,tag_0,0.9753024557272763,0.9506049114545525,0,"[0.9753024557272763, 0.024697544272723724]","[""tag_0"", ""tag_1""]",1,"{""j1"": true, ""j2"": true, ""j3"": true, ""j4"": true, ""j5"": true, ""j6"": true, ""j7"": true, ""accel"": true, ""gyro"": true, ""imu2"": true}",27442.0,4496.0,2.0,0.14561499096490027,0.0,0
0.9646,grasp,-0.42112548510754866,0.3515243208494318,1.1567011642581169,0.0,0.0,0.0,1.0,0.33864273073929635,0.47409982303502646,-0.8127425537743113,1,-0.42687618754239876,0.3437889234589276,1.170058974006754,-6.639409985281784e-05,1.4646211315472163e-05,1.6912044015111868e-05,0.9999999975456474,-0.42112548510754866,0.3515243208494318,1.1567011642581169,0.7929,ASSIST,tag_0,0.9753024557272763,0.9506049114545525,0,"[0.9753024557272763, 0.024697544272723724]","[""tag_0"", ""tag_1""]",1,"{""j1"": true, ""j2"": true, ""j3"": true, ""j4"": true, ""j5"": true, ""j6"": true, ""j7"": true, ""accel"": true, ""gyro"": true, ""imu2"": true}",27442.0,4496.0,2.0,0.14561499096490027,0.0,0
0.9705,grasp,-0.42112548510754866,0.3515243208494318,1.1567011642581169,0.0,0.0,0.0,1.0,0.33864273073929635,0.47409982303502646,-0.8127425537743113,1,-0.42687618754239876,0.3437889234589276,1.170058974006754,-6.639409985281784e-05,1.4646211315472163e-05,1.6912044015111868e-05,0.9999999975456474,-0.42112548510754866,0.3515243208494318,1.1567011642581169,0.7929,ASSIST,tag_0,0.9753024557272763,0.9506049114545525,0,"[0.9753024557272763, 0.024697544272723724]","[""tag_0"", ""tag_1""]",1,"{""j1"": true, ""j2"": true, ""j3"": true, ""j4"": true, ""j5"": true, ""j6"": true, ""j7"": true, ""accel"": true, ""gyro"": true, ""imu2"": true}",27442.0,4496.0,2.0,0.14561499096490027,0.0,0
0.9715,grasp,-0.42112548510754866,0.3515243208494318,1.1567011642581169,0.0,0.0,0.0,1.0,0.33864273073929635,0.47409982303502646,-0.8127425537743113,1,-0.42687618754239876,0.3437889234589276,1.170058974006754,-6.639409985281784e-05,1.4646211315472163e-05,1.6912044015111868e-05,0.9999999975456474,-0.42112548510754866,0.3515243208494318,1.1567011642581169,0.7929,ASSIST,tag_0,0.9753024557272763,0.9506049114545525,0,"[0.9753024557272763, 0.024697544272723724]","[""tag_0"", ""tag_1""]",1,"{""j1"": true, ""j2"": true, ""j3"": true, ""j4"": true, ""j5"": true, ""j6"": true, ""j7"": true, ""accel"": true, ""gyro"": true, ""imu2"": true}",27442.0,4496.0,2.0,0.14561499096490027,0.0,0
0.9728,grasp,-0.42112548510754866,0.3515243208494318,1.1567011642581169,0.0,0.0,0.0,1.0,0.33864273073929635,0.47409982303502646,-0.8127425537743113,1,-0.42687618754239876,0.3437889234589276,1.170058974006754,-6.639409985281784e-05,1.4646211315472163e-05,1.6912044015111868e-05,0.9999999975456474,-0.42112548510754866,0.3515243208494318,1.1567011642581169,0.7929,ASSIST,tag_0,0.9753024557272763,0.9506049114545525,0,"[0.9753024557272763, 0.024697544272723724]","[""tag_0"", ""tag_1""]",1,"{""j1"": true, ""j2"": true, ""j3"": true, ""j4"": true, ""j5"": true, ""j6"": true, ""j7"": true, ""accel"": true, ""gyro"": true, ""imu2"": true}",27442.0,4496.0,2.0,0.14561499096490027,0.0,0
0.9785,grasp,-0.4203127425537743,0.3526621604247159,1.1547505821290585,0.0,0.0,0.0,1.0,0.33864273073929635,0.47409982303502646,-0.8127425537743113,1,-0.42687618754239876,0.3437889234589276,1.170058974006754,-6.639409985281784e-05,1.4646211315472163e-05,1.6912044015111868e-05,0.9999999975456474,-0.4203127425537743,0.3526621604247159,1.1547505821290585,0.7929,ASSIST,tag_0,0.9753024557272763,0.9506049114545525,0,"[0.9753024557272763, 0.024697544272723724]","[""tag_0"", ""tag_1""]",1,"{""j1"": true, ""j2"": true, ""j3"": true, ""j4"": true, ""j5"": true, ""j6"": true, ""j7"": true, ""accel"": true, ""gyro"": true, ""imu2"": true}",27442.0,4496.0,2.0,0.14561499096490027,0.0,0
0.9792,grasp,-0.4203127425537743,0.3526621604247159,1.1547505821290585,0.0,0.0,0.0,1.0,0.33864273073929446,0.47409982303503534,-0.8127425537743066,1,-0.42687618754239876,0.3437889234589276,1.170058974006754,-6.639409985281784e-05,1.4646211315472163e-05,1.6912044015111868e-05,0.9999999975456474,-0.4203127425537743,0.3526621604247159,1.1547505821290585,0.7929,ASSIST,tag_0,0.9753024557272763,0.9506049114545525,0,"[0.9753024557272763, 0.024697544272723724]","[""tag_0"", ""tag_1""]",1,"{""j1"": true, ""j2"": true, ""j3"": true, ""j4"": true, ""j5"": true, ""j6"": true, ""j7"": true, ""accel"": true, ""gyro"": true, ""imu2"": true}",27442.0,4496.0,2.0,0.14561499096490027,0.0,0
0.9794,grasp,-0.4203127425537743,0.3526621604247159,1.1547505821290585,0.0,0.0,0.0,1.0,0.33864273073929446,0.47409982303503534,-0.8127425537743066,1,-0.42687618754239876,0.3437889234589276,1.170058974006754,-6.639409985281784e-05,1.4646211315472163e-05,1.6912044015111868e-05,0.9999999975456474,-0.4203127425537743,0.3526621604247159,1.1547505821290585,0.7929,ASSIST,tag_0,0.9753024557272763,0.9506049114545525,0,"[0.9753024557272763, 0.024697544272723724]","[""tag_0"", ""tag_1""]",1,"{""j1"": true, ""j2"": true, ""j3"": true, ""j4"": true, ""j5"": true, ""j6"": true, ""j7"": true, ""accel"": true, ""gyro"": true, ""imu2"": true}",27442.0,4496.0,2.0,0.14561499096490027,0.0,0
0.983,grasp,-0.4203127425537743,0.3526621604247159,1.1547505821290585,0.0,0.0,0.0,1.0,0.33864273073929446,0.47409982303503534,-0.8127425537743066,1,-0.42687618754239876,0.3437889234589276,1.170058974006754,-6.639409985281784e-05,1.4646211315472163e-05,1.6912044015111868e-05,0.9999999975456474,-0.4203127425537743,0.3526621604247159,1.1547505821290585,0.7929,ASSIST,tag_0,0.9753024557272763,0.9506049114545525,0,"[0.9753024557272763, 0.024697544272723724]","[""tag_0"", ""tag_1""]",1,"{""j1"": true, ""j2"": true, ""j3"": true, ""j4"": true, ""j5"": true, ""j6"": true, ""j7"": true, ""accel"": true, ""gyro"": true, ""imu2"": true}",27442.0,4496.0,2.0,0.14561499096490027,0.0,0
0.9846,grasp,-0.4203127425537743,0.3526621604247159,1.1547505821290585,0.0,0.0,0.0,1.0,0.33864273073929446,0.47409982303503534,-0.8127425537743066,1,-0.42687618754239876,0.3437889234589276,1.170058974006754,-6.639409985281784e-05,1.4646211315472163e-05,1.6912044015111868e-05,0.9999999975456474,-0.4203127425537743,0.3526621604247159,1.1547505821290585,0.7929,ASSIST,tag_0,0.9753024557272763,0.9506049114545525,0,"[0.9753024557272763, 0.024697544272723724]","[""tag_0"", ""tag_1""]",1,"{""j1"": true, ""j2"": true, ""j3"": true, ""j4"": true, ""j5"": true, ""j6"": true, ""j7"": true, ""accel"": true, ""gyro"": true, ""imu2"": true}",27442.0,4496.0,2.0,0.14561499096490027,0.0,0
0.9904,grasp,-0.4203127425537743,0.3526621604247159,1.1547505821290585,0.0,0.0,0.0,1.0,0.33864273073929446,0.47409982303503534,-0.8127425537743066,1,-0.42687618754239876,0.3437889234589276,1.170058974006754,-6.639409985281784e-05,1.4646211315472163e-05,1.6912044015111868e-05,0.9999999975456474,-0.4203127425537743,0.3526621604247159,1.1547505821290585,0.7929,ASSIST,tag_0,0.9753024557272763,0.9506049114545525,0,"[0.9753024557272763, 0.024697544272723724]","[""tag_0"", ""tag_1""]",1,"{""j1"": true, ""j2"": true, ""j3"": true, ""j4"": true, ""j5"": true, ""j6"": true, ""j7"": true, ""accel"": true, ""gyro"": true, ""imu2"": true}",27442.0,4496.0,2.0,0.14561499096490027,0.0,0
0.9921,grasp,-0.4203127425537743,0.3526621604247159,1.1547505821290585,0.0,0.0,0.0,1.0,0.33864273073929446,0.47409982303503534,-0.8127425537743066,1,-0.42687618754239876,0.3437889234589276,1.170058974006754,-6.639409985281784e-05,1.4646211315472163e-05,1.6912044015111868e-05,0.9999999975456474,-0.4203127425537743,0.3526621604247159,1.1547505821290585,0.7929,ASSIST,tag_0,0.9753024557272763,0.9506049114545525,0,"[0.9753024557272763, 0.024697544272723724]","[""tag_0"", ""tag_1""]",1,"{""j1"": true, ""j2"": true, ""j3"": true, ""j4"": true, ""j5"": true, ""j6"": true, ""j7"": true, ""accel"": true, ""gyro"": true, ""imu2"": true}",27443.0,4496.0,2.0,0.14561499096490027,0.0,0
0.9938,grasp,-0.4203127425537743,0.3526621604247159,1.1547505821290585,0.0,0.0,0.0,1.0,0.33864273073929446,0.47409982303503534,-0.8127425537743066,1,-0.4253881011401047,0.3461843579963824,1.1660457105726478,-0.00012222704608022542,2.938224092229045e-05,3.230577679873279e-05,0.999999991576785,-0.4203127425537743,0.3526621604247159,1.1547505821290585,0.7929,ASSIST,tag_0,0.9753024557272763,0.9506049114545525,0,"[0.9753024557272763, 0.024697544272723724]","[""tag_0"", ""tag_1""]",1,"{""j1"": true, ""j2"": true, ""j3"": true, ""j4"": true, ""j5"": true, ""j6"": true, ""j7"": true, ""accel"": true, ""gyro"": true, ""imu2"": true}",27443.0,4496.0,2.0,0.14561499096490027,0.0,0
0.9942,grasp,-0.4203127425537743,0.3526621604247159,1.1547505821290585,0.0,0.0,0.0,1.0,0.33864273073929446,0.47409982303503534,-0.8127425537743066,1,-0.4253881011401047,0.3461843579963824,1.1660457105726478,-0.00012222704608022542,2.938224092229045e-05,3.230577679873279e-05,0.999999991576785,-0.4203127425537743,0.3526621604247159,1.1547505821290585,0.7929,ASSIST,tag_0,0.9753024557272763,0.9506049114545525,0,"[0.9753024557272763, 0.024697544272723724]","[""tag_0"", ""tag_1""]",1,"{""j1"": true, ""j2"": true, ""j3"": true, ""j4"": true, ""j5"": true, ""j6"": true, ""j7"": true, ""accel"": true, ""gyro"": true, ""imu2"": true}",27443.0,4496.0,2.0,0.14561499096490027,0.0,0
0.9952,grasp,-0.4203127425537743,0.3526621604247159,1.1547505821290585,0.0,0.0,0.0,1.0,0.33864273073929446,0.47409982303503534,-0.8127425537743066,1,-0.4253881011401047,0.3461843579963824,1.1660457105726478,-0.00012222704608022542,2.938224092229045e-05,3.230577679873279e-05,0.999999991576785,-0.4203127425537743,0.3526621604247159,1.1547505821290585,0.7929,ASSIST,tag_0,0.9761825824022649,0.9523651648045297,0,"[0.9761825824022649, 0.0238174175977352]","[""tag_0"", ""tag_1""]",1,"{""j1"": true, ""j2"": true, ""j3"": true, ""j4"": true, ""j5"": true, ""j6"": true, ""j7"": true, ""accel"": true, ""gyro"": true, ""imu2"": true}",27443.0,4496.0,2.0,0.14561499096490027,0.0,0
0.9982,grasp,-0.41950000000000004,0.35379999999999995,1.1528,0.0,0.0,0.0,1.0,0.33864273073929446,0.47409982303503534,-0.8127425537743066,1,-0.4253881011401047,0.3461843579963824,1.1660457105726478,-0.00012222704608022542,2.938224092229045e-05,3.230577679873279e-05,0.999999991576785,-0.41950000000000004,0.35379999999999995,1.1528,0.7929,ASSIST,tag_0,0.9761825824022649,0.9523651648045297,0,"[0.9761825824022649, 0.0238174175977352]","[""tag_0"", ""tag_1""]",1,"{""j1"": true, ""j2"": true, ""j3"": true, ""j4"": true, ""j5"": true, ""j6"": true, ""j7"": true, ""accel"": true, ""gyro"": true, ""imu2"": true}",27443.0,4496.0,2.0,0.14561499096490027,0.0,0
0.9992,grasp,-0.41950000000000004,0.35379999999999995,1.1528,0.0,0.0,0.0,1.0,0.0,1.0,0.0,1,-0.4253881011401047,0.3461843579963824,1.1660457105726478,-0.00012222704608022542,2.938224092229045e-05,3.230577679873279e-05,0.999999991576785,-0.41950000000000004,0.35379999999999995,1.1528,0.7929,ASSIST,tag_0,0.9761825824022649,0.9523651648045297,0,"[0.9761825824022649, 0.0238174175977352]","[""tag_0"", ""tag_1""]",1,"{""j1"": true, ""j2"": true, ""j3"": true, ""j4"": true, ""j5"": true, ""j6"": true, ""j7"": true, ""accel"": true, ""gyro"": true, ""imu2"": true}",27443.0,4496.0,2.0,0.14561499096490027,0.0,0
0.9995,grasp,-0.41950000000000004,0.35379999999999995,1.1528,0.0,0.0,0.0,1.0,0.0,1.0,0.0,1,-0.4253881011401047,0.3461843579963824,1.1660457105726478,-0.00012222704608022542,2.938224092229045e-05,3.230577679873279e-05,0.999999991576785,-0.41950000000000004,0.35379999999999995,1.1528,0.7929,ASSIST,tag_0,0.9761825824022649,0.9523651648045297,0,"[0.9761825824022649, 0.0238174175977352]","[""tag_0"", ""tag_1""]",1,"{""j1"": true, ""j2"": true, ""j3"": true, ""j4"": true, ""j5"": true, ""j6"": true, ""j7"": true, ""accel"": true, ""gyro"": true, ""imu2"": true}",27443.0,4496.0,2.0,0.14561499096490027,0.0,0
1.0033,grasp,-0.41950000000000004,0.35379999999999995,1.1528,0.0,0.0,0.0,1.0,0.0,1.0,0.0,1,-0.4253881011401047,0.3461843579963824,1.1660457105726478,-0.00012222704608022542,2.938224092229045e-05,3.230577679873279e-05,0.999999991576785,-0.41950000000000004,0.35379999999999995,1.1528,0.7929,ASSIST,tag_0,0.9761825824022649,0.9523651648045297,0,"[0.9761825824022649, 0.0238174175977352]","[""tag_0"", ""tag_1""]",1,"{""j1"": true, ""j2"": true, ""j3"": true, ""j4"": true, ""j5"": true, ""j6"": true, ""j7"": true, ""accel"": true, ""gyro"": true, ""imu2"": true}",27443.0,4496.0,2.0,0.14561499096490027,0.0,0
1.0045,grasp,-0.41950000000000004,0.35379999999999995,1.1528,0.0,0.0,0.0,1.0,0.0,1.0,0.0,1,-0.4253881011401047,0.3461843579963824,1.1660457105726478,-0.00012222704608022542,2.938224092229045e-05,3.230577679873279e-05,0.999999991576785,-0.41950000000000004,0.35379999999999995,1.1528,0.7929,ASSIST,tag_0,0.9761825824022649,0.9523651648045297,0,"[0.9761825824022649, 0.0238174175977352]","[""tag_0"", ""tag_1""]",1,"{""j1"": true, ""j2"": true, ""j3"": true, ""j4"": true, ""j5"": true, ""j6"": true, ""j7"": true, ""accel"": true, ""gyro"": true, ""imu2"": true}",27443.0,4496.0,2.0,0.14561499096490027,0.0,0
1.0105,grasp,-0.41950000000000004,0.35379999999999995,1.1528,0.0,0.0,0.0,1.0,0.0,1.0,0.0,1,-0.4253881011401047,0.3461843579963824,1.1660457105726478,-0.00012222704608022542,2.938224092229045e-05,3.230577679873279e-05,0.999999991576785,-0.41950000000000004,0.35379999999999995,1.1528,0.7929,ASSIST,tag_0,0.9761825824022649,0.9523651648045297,0,"[0.9761825824022649, 0.0238174175977352]","[""tag_0"", ""tag_1""]",1,"{""j1"": true, ""j2"": true, ""j3"": true, ""j4"": true, ""j5"": true, ""j6"": true, ""j7"": true, ""accel"": true, ""gyro"": true, ""imu2"": true}",27443.0,4496.0,2.0,0.14561499096490027,0.0,0
1.0116,grasp,-0.41950000000000004,0.35379999999999995,1.1528,0.0,0.0,0.0,1.0,0.0,1.0,0.0,1,-0.4253881011401047,0.3461843579963824,1.1660457105726478,-0.00012222704608022542,2.938224092229045e-05,3.230577679873279e-05,0.999999991576785,-0.41950000000000004,0.35379999999999995,1.1528,0.7929,ASSIST,tag_0,0.9761825824022649,0.9523651648045297,0,"[0.9761825824022649, 0.0238174175977352]","[""tag_0"", ""tag_1""]",1,"{""j1"": true, ""j2"": true, ""j3"": true, ""j4"": true, ""j5"": true, ""j6"": true, ""j7"": true, ""accel"": true, ""gyro"": true, ""imu2"": true}",27443.0,4496.0,2.0,0.14561499096490027,0.0,0
1.0126,grasp,-0.41950000000000004,0.35379999999999995,1.1528,0.0,0.0,0.0,1.0,0.0,1.0,0.0,1,-0.4253881011401047,0.3461843579963824,1.1660457105726478,-0.00012222704608022542,2.938224092229045e-05,3.230577679873279e-05,0.999999991576785,-0.41950000000000004,0.35379999999999995,1.1528,0.7929,ASSIST,tag_0,0.9761825824022649,0.9523651648045297,0,"[0.9761825824022649, 0.0238174175977352]","[""tag_0"", ""tag_1""]",1,"{""j1"": true, ""j2"": true, ""j3"": true, ""j4"": true, ""j5"": true, ""j6"": true, ""j7"": true, ""accel"": true, ""gyro"": true, ""imu2"": true}",27443.0,4496.0,2.0,0.14561499096490027,0.0,0
1.0177,grasp,-0.4195,0.3538,1.1528,0.0,0.0,0.0,1.0,0.0,1.0,0.0,1,-0.4253881011401047,0.3461843579963824,1.1660457105726478,-0.00012222704608022542,2.938224092229045e-05,3.230577679873279e-05,0.999999991576785,-0.4195,0.3538,1.1528,0.7929,ASSIST,tag_0,0.9761825824022649,0.9523651648045297,0,"[0.9761825824022649, 0.0238174175977352]","[""tag_0"", ""tag_1""]",1,"{""j1"": true, ""j2"": true, ""j3"": true, ""j4"": true, ""j5"": true, ""j6"": true, ""j7"": true, ""accel"": true, ""gyro"": true, ""imu2"": true}",27443.0,4496.0,2.0,0.14561499096490027,0.0,0
1.0185,grasp,-0.4195,0.3538,1.1528,0.0,0.0,0.0,1.0,0.0,1.0,0.0,1,-0.4253881011401047,0.3461843579963824,1.1660457105726478,-0.00012222704608022542,2.938224092229045e-05,3.230577679873279e-05,0.999999991576785,-0.4195,0.3538,1.1528,0.7929,ASSIST,tag_0,0.9761825824022649,0.9523651648045297,0,"[0.9761825824022649, 0.0238174175977352]","[""tag_0"", ""tag_1""]",1,"{""j1"": true, ""j2"": true, ""j3"": true, ""j4"": true, ""j5"": true, ""j6"": true, ""j7"": true, ""accel"": true, ""gyro"": true, ""imu2"": true}",27443.0,4496.0,2.0,0.14561499096490027,0.0,0
1.0188,grasp,-0.4195,0.3538,1.1528,0.0,0.0,0.0,1.0,0.0,1.0,0.0,1,-0.4253881011401047,0.3461843579963824,1.1660457105726478,-0.00012222704608022542,2.938224092229045e-05,3.230577679873279e-05,0.999999991576785,-0.4195,0.3538,1.1528,0.7929,ASSIST,tag_0,0.9761825824022649,0.9523651648045297,0,"[0.9761825824022649, 0.0238174175977352]","[""tag_0"", ""tag_1""]",1,"{""j1"": true, ""j2"": true, ""j3"": true, ""j4"": true, ""j5"": true, ""j6"": true, ""j7"": true, ""accel"": true, ""gyro"": true, ""imu2"": true}",27443.0,4496.0,2.0,0.14561499096490027,0.0,0
1.023,grasp,-0.4195,0.3538,1.1528,0.0,0.0,0.0,1.0,0.0,1.0,0.0,1,-0.4253881011401047,0.3461843579963824,1.1660457105726478,-0.00012222704608022542,2.938224092229045e-05,3.230577679873279e-05,0.999999991576785,-0.4195,0.3538,1.1528,0.7929,ASSIST,tag_0,0.9761825824022649,0.9523651648045297,0,"[0.9761825824022649, 0.0238174175977352]","[""tag_0"", ""tag_1""]",1,"{""j1"": true, ""j2"": true, ""j3"": true, ""j4"": true, ""j5"": true, ""j6"": true, ""j7"": true, ""accel"": true, ""gyro"": true, ""imu2"": true}",27443.0,4496.0,2.0,0.14561499096490027,0.0,0
1.0246,grasp,-0.4195,0.3538,1.1528,0.0,0.0,0.0,1.0,0.0,1.0,0.0,1,-0.4253881011401047,0.3461843579963824,1.1660457105726478,-0.00012222704608022542,2.938224092229045e-05,3.230577679873279e-05,0.999999991576785,-0.4195,0.3538,1.1528,0.7929,ASSIST,tag_0,0.9761825824022649,0.9523651648045297,0,"[0.9761825824022649, 0.0238174175977352]","[""tag_0"", ""tag_1""]",1,"{""j1"": true, ""j2"": true, ""j3"": true, ""j4"": true, ""j5"": true, ""j6"": true, ""j7"": true, ""accel"": true, ""gyro"": true, ""imu2"": true}",27443.0,4496.0,2.0,0.14561499096490027,0.0,0
1.0312,grasp,-0.4195,0.3538,1.1528,0.0,0.0,0.0,1.0,0.0,1.0,0.0,1,-0.4253881011401047,0.3461843579963824,1.1660457105726478,-0.00012222704608022542,2.938224092229045e-05,3.230577679873279e-05,0.999999991576785,-0.4195,0.3538,1.1528,0.7929,ASSIST,tag_0,0.9761825824022649,0.9523651648045297,0,"[0.9761825824022649, 0.0238174175977352]","[""tag_0"", ""tag_1""]",1,"{""j1"": true, ""j2"": true, ""j3"": true, ""j4"": true, ""j5"": true, ""j6"": true, ""j7"": true, ""accel"": true, ""gyro"": true, ""imu2"": true}",27443.0,4496.0,2.0,0.14561499096490027,0.0,0
1.0322,grasp,-0.4195,0.3538,1.1528,0.0,0.0,0.0,1.0,0.0,1.0,0.0,1,-0.4253881011401047,0.3461843579963824,1.1660457105726478,-0.00012222704608022542,2.938224092229045e-05,3.230577679873279e-05,0.999999991576785,-0.4195,0.3538,1.1528,0.7929,ASSIST,tag_0,0.9761825824022649,0.9523651648045297,0,"[0.9761825824022649, 0.0238174175977352]","[""tag_0"", ""tag_1""]",1,"{""j1"": true, ""j2"": true, ""j3"": true, ""j4"": true, ""j5"": true, ""j6"": true, ""j7"": true, ""accel"": true, ""gyro"": true, ""imu2"": true}",27443.0,4496.0,2.0,0.14561499096490027,0.0,0
1.0338,grasp,-0.4195,0.3538,1.1528,0.0,0.0,0.0,1.0,0.0,1.0,0.0,1,-0.4253881011401047,0.3461843579963824,1.1660457105726478,-0.00012222704608022542,2.938224092229045e-05,3.230577679873279e-05,0.999999991576785,-0.4195,0.3538,1.1528,0.7929,ASSIST,tag_0,0.9761825824022649,0.9523651648045297,0,"[0.9761825824022649, 0.0238174175977352]","[""tag_0"", ""tag_1""]",1,"{""j1"": true, ""j2"": true, ""j3"": true, ""j4"": true, ""j5"": true, ""j6"": true, ""j7"": true, ""accel"": true, ""gyro"": true, ""imu2"": true}",27443.0,4496.0,2.0,0.14561499096490027,0.0,0
1.0377,grasp,-0.4195,0.3538,1.1528,0.0,0.0,0.0,1.0,0.0,1.0,0.0,1,-0.4253881011401047,0.3461843579963824,1.1660457105726478,-0.00012222704608022542,2.938224092229045e-05,3.230577679873279e-05,0.999999991576785,-0.4195,0.3538,1.1528,0.7929,ASSIST,tag_0,0.9761825824022649,0.9523651648045297,0,"[0.9761825824022649, 0.0238174175977352]","[""tag_0"", ""tag_1""]",1,"{""j1"": true, ""j2"": true, ""j3"": true, ""j4"": true, ""j5"": true, ""j6"": true, ""j7"": true, ""accel"": true, ""gyro"": true, ""imu2"": true}",27443.0,4496.0,2.0,0.14561499096490027,0.0,0
1.0383,grasp,-0.4195,0.3538,1.1528,0.0,0.0,0.0,1.0,0.0,1.0,0.0,1,-0.4253881011401047,0.3461843579963824,1.1660457105726478,-0.00012222704608022542,2.938224092229045e-05,3.230577679873279e-05,0.999999991576785,-0.4195,0.3538,1.1528,0.7929,ASSIST,tag_0,0.9761825824022649,0.9523651648045297,0,"[0.9761825824022649, 0.0238174175977352]","[""tag_0"", ""tag_1""]",1,"{""j1"": true, ""j2"": true, ""j3"": true, ""j4"": true, ""j5"": true, ""j6"": true, ""j7"": true, ""accel"": true, ""gyro"": true, ""imu2"": true}",27443.0,4496.0,2.0,0.14561499096490027,0.0,0
1.0387,grasp,-0.4195,0.3538,1.1528,0.0,0.0,0.0,1.0,0.0,1.0,0.0,1,-0.4253881011401047,0.3461843579963824,1.1660457105726478,-0.00012222704608022542,2.938224092229045e-05,3.230577679873279e-05,0.999999991576785,-0.4195,0.3538,1.1528,0.7929,ASSIST,tag_0,0.9761825824022649,0.9523651648045297,0,"[0.9761825824022649, 0.0238174175977352]","[""tag_0"", ""tag_1""]",1,"{""j1"": true, ""j2"": true, ""j3"": true, ""j4"": true, ""j5"": true, ""j6"": true, ""j7"": true, ""accel"": true, ""gyro"": true, ""imu2"": true}",27443.0,4496.0,2.0,0.14561499096490027,0.0,0
1.0427,grasp,-0.4195,0.3538,1.1528,0.0,0.0,0.0,1.0,0.0,1.0,0.0,1,-0.4253881011401047,0.3461843579963824,1.1660457105726478,-0.00012222704608022542,2.938224092229045e-05,3.230577679873279e-05,0.999999991576785,-0.4195,0.3538,1.1528,0.7929,ASSIST,tag_0,0.9761825824022649,0.9523651648045297,0,"[0.9761825824022649, 0.0238174175977352]","[""tag_0"", ""tag_1""]",1,"{""j1"": true, ""j2"": true, ""j3"": true, ""j4"": true, ""j5"": true, ""j6"": true, ""j7"": true, ""accel"": true, ""gyro"": true, ""imu2"": true}",27443.0,4496.0,2.0,0.14561499096490027,0.0,0
1.0447,grasp,-0.4195,0.3538,1.1528,0.0,0.0,0.0,1.0,0.0,1.0,0.0,1,-0.4253881011401047,0.3461843579963824,1.1660457105726478,-0.00012222704608022542,2.938224092229045e-05,3.230577679873279e-05,0.999999991576785,-0.4195,0.3538,1.1528,0.7929,ASSIST,tag_0,0.9761825824022649,0.9523651648045297,0,"[0.9761825824022649, 0.0238174175977352]","[""tag_0"", ""tag_1""]",1,"{""j1"": true, ""j2"": true, ""j3"": true, ""j4"": true, ""j5"": true, ""j6"": true, ""j7"": true, ""accel"": true, ""gyro"": true, ""imu2"": true}",27443.0,4496.0,2.0,0.14561499096490027,0.0,0
1.0453,grasp,-0.4195,0.3538,1.1528,0.0,0.0,0.0,1.0,0.0,1.0,0.0,1,-0.4253881011401047,0.3461843579963824,1.1660457105726478,-0.00012222704608022542,2.938224092229045e-05,3.230577679873279e-05,0.999999991576785,-0.4195,0.3538,1.1528,0.7929,ASSIST,tag_0,0.9723025299247908,0.9446050598495817,0,"[0.9723025299247908, 0.02769747007520917]","[""tag_0"", ""tag_1""]",1,"{""j1"": true, ""j2"": true, ""j3"": true, ""j4"": true, ""j5"": true, ""j6"": true, ""j7"": true, ""accel"": true, ""gyro"": true, ""imu2"": true}",27443.0,4496.0,2.0,0.14561499096490027,0.0,0
1.0507,grasp,-0.4195,0.3538,1.1528,0.0,0.0,0.0,1.0,0.0,1.0,0.0,1,-0.4253881011401047,0.3461843579963824,1.1660457105726478,-0.00012222704608022542,2.938224092229045e-05,3.230577679873279e-05,0.999999991576785,-0.4195,0.3538,1.1528,0.7929,ASSIST,tag_0,0.9723025299247908,0.9446050598495817,0,"[0.9723025299247908, 0.02769747007520917]","[""tag_0"", ""tag_1""]",1,"{""j1"": true, ""j2"": true, ""j3"": true, ""j4"": true, ""j5"": true, ""j6"": true, ""j7"": true, ""accel"": true, ""gyro"": true, ""imu2"": true}",27443.0,4496.0,2.0,0.14561499096490027,0.0,0
1.0531,grasp,-0.4195,0.3538,1.1528,0.0,0.0,0.0,1.0,0.0,1.0,0.0,1,-0.4253881011401047,0.3461843579963824,1.1660457105726478,-0.00012222704608022542,2.938224092229045e-05,3.230577679873279e-05,0.999999991576785,-0.4195,0.3538,1.1528,0.7929,ASSIST,tag_0,0.9723025299247908,0.9446050598495817,0,"[0.9723025299247908, 0.02769747007520917]","[""tag_0"", ""tag_1""]",1,"{""j1"": true, ""j2"": true, ""j3"": true, ""j4"": true, ""j5"": true, ""j6"": true, ""j7"": true, ""accel"": true, ""gyro"": true, ""imu2"": true}",27443.0,4496.0,2.0,0.14561499096490027,0.0,0
1.0542,grasp,-0.4195,0.3538,1.1528,0.0,0.0,0.0,1.0,0.0,1.0,0.0,1,-0.4253881011401047,0.3461843579963824,1.1660457105726478,-0.00012222704608022542,2.938224092229045e-05,3.230577679873279e-05,0.999999991576785,-0.4195,0.3538,1.1528,0.7929,ASSIST,tag_0,0.9723025299247908,0.9446050598495817,0,"[0.9723025299247908, 0.02769747007520917]","[""tag_0"", ""tag_1""]",1,"{""j1"": true, ""j2"": true, ""j3"": true, ""j4"": true, ""j5"": true, ""j6"": true, ""j7"": true, ""accel"": true, ""gyro"": true, ""imu2"": true}",27443.0,4496.0,2.0,0.14561499096490027,0.0,0
1.0585,grasp,-0.4195,0.3538,1.1528,0.0,0.0,0.0,1.0,0.0,1.0,0.0,1,-0.4253881011401047,0.3461843579963824,1.1660457105726478,-0.00012222704608022542,2.938224092229045e-05,3.230577679873279e-05,0.999999991576785,-0.4195,0.3538,1.1528,0.7929,ASSIST,tag_0,0.9723025299247908,0.9446050598495817,0,"[0.9723025299247908, 0.02769747007520917]","[""tag_0"", ""tag_1""]",1,"{""j1"": true, ""j2"": true, ""j3"": true, ""j4"": true, ""j5"": true, ""j6"": true, ""j7"": true, ""accel"": true, ""gyro"": true, ""imu2"": true}",27443.0,4496.0,2.0,0.14561499096490027,0.0,0
1.0594,grasp,-0.4195,0.3538,1.1528,0.0,0.0,0.0,1.0,0.0,1.0,0.0,1,-0.4253881011401047,0.3461843579963824,1.1660457105726478,-0.00012222704608022542,2.938224092229045e-05,3.230577679873279e-05,0.999999991576785,-0.4195,0.3538,1.1528,0.7929,ASSIST,tag_0,0.9723025299247908,0.9446050598495817,0,"[0.9723025299247908, 0.02769747007520917]","[""tag_0"", ""tag_1""]",1,"{""j1"": true, ""j2"": true, ""j3"": true, ""j4"": true, ""j5"": true, ""j6"": true, ""j7"": true, ""accel"": true, ""gyro"": true, ""imu2"": true}",27443.0,4496.0,2.0,0.14561499096490027,0.0,0
1.0596,grasp,-0.4195,0.3538,1.1528,0.0,0.0,0.0,1.0,0.0,1.0,0.0,1,-0.4253881011401047,0.3461843579963824,1.1660457105726478,-0.00012222704608022542,2.938224092229045e-05,3.230577679873279e-05,0.999999991576785,-0.4195,0.3538,1.1528,0.7929,ASSIST,tag_0,0.9723025299247908,0.9446050598495817,0,"[0.9723025299247908, 0.02769747007520917]","[""tag_0"", ""tag_1""]",1,"{""j1"": true, ""j2"": true, ""j3"": true, ""j4"": true, ""j5"": true, ""j6"": true, ""j7"": true, ""accel"": true, ""gyro"": true, ""imu2"": true}",27443.0,4496.0,2.0,0.14561499096490027,0.0,0
1.0626,grasp,-0.4195,0.3538,1.1528,0.0,0.0,0.0,1.0,0.0,1.0,0.0,1,-0.4253881011401047,0.3461843579963824,1.1660457105726478,-0.00012222704608022542,2.938224092229045e-05,3.230577679873279e-05,0.999999991576785,-0.4195,0.3538,1.1528,0.7929,ASSIST,tag_0,0.9723025299247908,0.9446050598495817,0,"[0.9723025299247908, 0.02769747007520917]","[""tag_0"", ""tag_1""]",1,"{""j1"": true, ""j2"": true, ""j3"": true, ""j4"": true, ""j5"": true, ""j6"": true, ""j7"": true, ""accel"": true, ""gyro"": true, ""imu2"": true}",27443.0,4496.0,2.0,0.14561499096490027,0.0,0
1.064,grasp,-0.4195,0.3538,1.1528,0.0,0.0,0.0,1.0,0.0,1.0,0.0,1,-0.41707559668308714,0.38158619186414533,1.1547114311714715,0.00441086135197305,-0.0406751010140272,-0.04365727318916843,0.9982084566648985,-0.4195,0.3538,1.1528,0.7929,ASSIST,tag_0,0.9723025299247908,0.9446050598495817,0,"[0.9723025299247908, 0.02769747007520917]","[""tag_0"", ""tag_1""]",1,"{""j1"": true, ""j2"": true, ""j3"": true, ""j4"": true, ""j5"": true, ""j6"": true, ""j7"": true, ""accel"": true, ""gyro"": true, ""imu2"": true}",27443.0,4496.0,2.0,0.14561499096490027,0.0,0
1.0646,grasp,-0.4195,0.3538,1.1528,0.0,0.0,0.0,1.0,0.0,1.0,0.0,1,-0.41707559668308714,0.38158619186414533,1.1547114311714715,0.00441086135197305,-0.0406751010140272,-0.04365727318916843,0.9982084566648985,-0.4195,0.3538,1.1528,0.7929,ASSIST,tag_0,0.9723025299247908,0.9446050598495817,0,"[0.9723025299247908, 0.02769747007520917]","[""tag_0"", ""tag_1""]",1,"{""j1"": true, ""j2"": true, ""j3"": true, ""j4"": true, ""j5"": true, ""j6"": true, ""j7"": true, ""accel"": true, ""gyro"": true, ""imu2"": true}",27443.0,4496.0,2.0,0.14561499096490027,0.0,0
1.0705,grasp,-0.4195,0.3538,1.1528,0.0,0.0,0.0,1.0,0.0,1.0,0.0,1,-0.41707559668308714,0.38158619186414533,1.1547114311714715,0.00441086135197305,-0.0406751010140272,-0.04365727318916843,0.9982084566648985,-0.4195,0.3538,1.1528,0.7929,ASSIST,tag_0,0.9723025299247908,0.9446050598495817,0,"[0.9723025299247908, 0.02769747007520917]","[""tag_0"", ""tag_1""]",1,"{""j1"": true, ""j2"": true, ""j3"": true, ""j4"": true, ""j5"": true, ""j6"": true, ""j7"": true, ""accel"": true, ""gyro"": true, ""imu2"": true}",27443.0,4496.0,2.0,0.14561499096490027,0.0,0
1.0736,grasp,-0.4195,0.3538,1.1528,0.0,0.0,0.0,1.0,0.0,1.0,0.0,1,-0.41707559668308714,0.38158619186414533,1.1547114311714715,0.00441086135197305,-0.0406751010140272,-0.04365727318916843,0.9982084566648985,-0.4195,0.3538,1.1528,0.7929,ASSIST,tag_0,0.9723025299247908,0.9446050598495817,0,"[0.9723025299247908, 0.02769747007520917]","[""tag_0"", ""tag_1""]",1,"{""j1"": true, ""j2"": true, ""j3"": true, ""j4"": true, ""j5"": true, ""j6"": true, ""j7"": true, ""accel"": true, ""gyro"": true, ""imu2"": true}",27443.0,4497.0,2.0,0.14561499096490027,0.0,0
1.0753,grasp,-0.4195,0.3538,1.1528,0.0,0.0,0.0,1.0,0.0,1.0,0.0,1,-0.41707559668308714,0.38158619186414533,1.1547114311714715,0.00441086135197305,-0.0406751010140272,-0.04365727318916843,0.9982084566648985,-0.4195,0.3538,1.1528,0.7929,ASSIST,tag_0,0.9723025299247908,0.9446050598495817,0,"[0.9723025299247908, 0.02769747007520917]","[""tag_0"", ""tag_1""]",1,"{""j1"": true, ""j2"": true, ""j3"": true, ""j4"": true, ""j5"": true, ""j6"": true, ""j7"": true, ""accel"": true, ""gyro"": true, ""imu2"": true}",27443.0,4497.0,2.0,0.14561499096490027,0.0,0
1.0778,grasp,-0.4195,0.3538,1.1528,0.0,0.0,0.0,1.0,0.0,1.0,0.0,1,-0.41707559668308714,0.38158619186414533,1.1547114311714715,0.00441086135197305,-0.0406751010140272,-0.04365727318916843,0.9982084566648985,-0.4195,0.3538,1.1528,0.7929,ASSIST,tag_0,0.9723025299247908,0.9446050598495817,0,"[0.9723025299247908, 0.02769747007520917]","[""tag_0"", ""tag_1""]",1,"{""j1"": true, ""j2"": true, ""j3"": true, ""j4"": true, ""j5"": true, ""j6"": true, ""j7"": true, ""accel"": true, ""gyro"": true, ""imu2"": true}",27443.0,4497.0,2.0,0.14561499096490027,0.0,0
1.0786,grasp,-0.4195,0.3538,1.1528,0.0,0.0,0.0,1.0,0.0,1.0,0.0,1,-0.41707559668308714,0.38158619186414533,1.1547114311714715,0.00441086135197305,-0.0406751010140272,-0.04365727318916843,0.9982084566648985,-0.4195,0.3538,1.1528,0.7929,ASSIST,tag_0,0.9723025299247908,0.9446050598495817,0,"[0.9723025299247908, 0.02769747007520917]","[""tag_0"", ""tag_1""]",1,"{""j1"": true, ""j2"": true, ""j3"": true, ""j4"": true, ""j5"": true, ""j6"": true, ""j7"": true, ""accel"": true, ""gyro"": true, ""imu2"": true}",27443.0,4497.0,2.0,0.14561499096490027,0.0,0
1.0789,grasp,-0.4195,0.3538,1.1528,0.0,0.0,0.0,1.0,0.0,1.0,0.0,1,-0.41707559668308714,0.38158619186414533,1.1547114311714715,0.00441086135197305,-0.0406751010140272,-0.04365727318916843,0.9982084566648985,-0.4195,0.3538,1.1528,0.7929,ASSIST,tag_0,0.9723025299247908,0.9446050598495817,0,"[0.9723025299247908, 0.02769747007520917]","[""tag_0"", ""tag_1""]",1,"{""j1"": true, ""j2"": true, ""j3"": true, ""j4"": true, ""j5"": true, ""j6"": true, ""j7"": true, ""accel"": true, ""gyro"": true, ""imu2"": true}",27443.0,4497.0,2.0,0.14561499096490027,0.0,0
1.0828,grasp,-0.4195,0.3538,1.1528,0.0,0.0,0.0,1.0,0.0,1.0,0.0,1,-0.41707559668308714,0.38158619186414533,1.1547114311714715,0.00441086135197305,-0.0406751010140272,-0.04365727318916843,0.9982084566648985,-0.4195,0.3538,1.1528,0.7929,ASSIST,tag_0,0.9723025299247908,0.9446050598495817,0,"[0.9723025299247908, 0.02769747007520917]","[""tag_0"", ""tag_1""]",1,"{""j1"": true, ""j2"": true, ""j3"": true, ""j4"": true, ""j5"": true, ""j6"": true, ""j7"": true, ""accel"": true, ""gyro"": true, ""imu2"": true}",27443.0,4497.0,2.0,0.14561499096490027,0.0,0
1.0849,grasp,-0.4195,0.3538,1.1528,0.0,0.0,0.0,1.0,0.0,1.0,0.0,1,-0.41707559668308714,0.38158619186414533,1.1547114311714715,0.00441086135197305,-0.0406751010140272,-0.04365727318916843,0.9982084566648985,-0.4195,0.3538,1.1528,0.7929,ASSIST,tag_0,0.9723025299247908,0.9446050598495817,0,"[0.9723025299247908, 0.02769747007520917]","[""tag_0"", ""tag_1""]",1,"{""j1"": true, ""j2"": true, ""j3"": true, ""j4"": true, ""j5"": true, ""j6"": true, ""j7"": true, ""accel"": true, ""gyro"": true, ""imu2"": true}",27443.0,4497.0,2.0,0.14561499096490027,0.0,0
1.0907,grasp,-0.4195,0.3538,1.1528,0.0,0.0,0.0,1.0,0.0,1.0,0.0,1,-0.41707559668308714,0.38158619186414533,1.1547114311714715,0.00441086135197305,-0.0406751010140272,-0.04365727318916843,0.9982084566648985,-0.4195,0.3538,1.1528,0.7929,ASSIST,tag_0,0.9723025299247908,0.9446050598495817,0,"[0.9723025299247908, 0.02769747007520917]","[""tag_0"", ""tag_1""]",1,"{""j1"": true, ""j2"": true, ""j3"": true, ""j4"": true, ""j5"": true, ""j6"": true, ""j7"": true, ""accel"": true, ""gyro"": true, ""imu2"": true}",27443.0,4497.0,2.0,0.14561499096490027,0.0,0
1.0916,grasp,-0.4195,0.3538,1.1528,0.0,0.0,0.0,1.0,0.0,1.0,0.0,1,-0.41707559668308714,0.38158619186414533,1.1547114311714715,0.00441086135197305,-0.0406751010140272,-0.04365727318916843,0.9982084566648985,-0.4195,0.3538,1.1528,0.7929,ASSIST,tag_0,0.9723025299247908,0.9446050598495817,0,"[0.9723025299247908, 0.02769747007520917]","[""tag_0"", ""tag_1""]",1,"{""j1"": true, ""j2"": true, ""j3"": true, ""j4"": true, ""j5"": true, ""j6"": true, ""j7"": true, ""accel"": true, ""gyro"": true, ""imu2"": true}",27443.0,4497.0,2.0,0.14561499096490027,0.0,0
1.0925,grasp,-0.4195,0.3538,1.1528,0.0,0.0,0.0,1.0,0.0,1.0,0.0,1,-0.41707559668308714,0.38158619186414533,1.1547114311714715,0.00441086135197305,-0.0406751010140272,-0.04365727318916843,0.9982084566648985,-0.4195,0.3538,1.1528,0.7929,ASSIST,tag_0,0.9723025299247908,0.9446050598495817,0,"[0.9723025299247908, 0.02769747007520917]","[""tag_0"", ""tag_1""]",1,"{""j1"": true, ""j2"": true, ""j3"": true, ""j4"": true, ""j5"": true, ""j6"": true, ""j7"": true, ""accel"": true, ""gyro"": true, ""imu2"": true}",27443.0,4497.0,2.0,0.14561499096490027,0.0,0
1.0956,grasp,-0.4195,0.3538,1.1528,0.0,0.0,0.0,1.0,0.0,1.0,0.0,1,-0.41707559668308714,0.38158619186414533,1.1547114311714715,0.00441086135197305,-0.0406751010140272,-0.04365727318916843,0.9982084566648985,-0.4195,0.3538,1.1528,0.7929,ASSIST,tag_0,0.8163816397549793,0.6327632795099587,0,"[0.8163816397549793, 0.18361836024502065]","[""tag_0"", ""tag_1""]",1,"{""j1"": true, ""j2"": true, ""j3"": true, ""j4"": true, ""j5"": true, ""j6"": true, ""j7"": true, ""accel"": true, ""gyro"": true, ""imu2"": true}",27443.0,4497.0,2.0,0.14561499096490027,0.0,0
1.0984,grasp,-0.4195,0.3538,1.1528,0.0,0.0,0.0,1.0,0.0,1.0,0.0,1,-0.41707559668308714,0.38158619186414533,1.1547114311714715,0.00441086135197305,-0.0406751010140272,-0.04365727318916843,0.9982084566648985,-0.4195,0.3538,1.1528,0.7929,ASSIST,tag_0,0.8163816397549793,0.6327632795099587,0,"[0.8163816397549793, 0.18361836024502065]","[""tag_0"", ""tag_1""]",1,"{""j1"": true, ""j2"": true, ""j3"": true, ""j4"": true, ""j5"": true, ""j6"": true, ""j7"": true, ""accel"": true, ""gyro"": true, ""imu2"": true}",27443.0,4497.0,2.0,0.14561499096490027,0.0,0
1.0991,grasp,-0.4195,0.3538,1.1528,0.0,0.0,0.0,1.0,0.0,1.0,0.0,1,-0.41707559668308714,0.38158619186414533,1.1547114311714715,0.00441086135197305,-0.0406751010140272,-0.04365727318916843,0.9982084566648985,-0.4195,0.3538,1.1528,0.7929,ASSIST,tag_0,0.8163816397549793,0.6327632795099587,0,"[0.8163816397549793, 0.18361836024502065]","[""tag_0"", ""tag_1""]",1,"{""j1"": true, ""j2"": true, ""j3"": true, ""j4"": true, ""j5"": true, ""j6"": true, ""j7"": true, ""accel"": true, ""gyro"": true, ""imu2"": true}",27443.0,4497.0,2.0,0.14561499096490027,0.0,0
1.0994,grasp,-0.4195,0.3538,1.1528,0.0,0.0,0.0,1.0,0.0,1.0,0.0,1,-0.41707559668308714,0.38158619186414533,1.1547114311714715,0.00441086135197305,-0.0406751010140272,-0.04365727318916843,0.9982084566648985,-0.4195,0.3538,1.1528,0.7929,ASSIST,tag_0,0.8163816397549793,0.6327632795099587,0,"[0.8163816397549793, 0.18361836024502065]","[""tag_0"", ""tag_1""]",1,"{""j1"": true, ""j2"": true, ""j3"": true, ""j4"": true, ""j5"": true, ""j6"": true, ""j7"": true, ""accel"": true, ""gyro"": true, ""imu2"": true}",27443.0,4497.0,2.0,0.14561499096490027,0.0,0
1.1027,grasp,-0.4195,0.3538,1.1528,0.0,0.0,0.0,1.0,0.0,1.0,0.0,1,-0.41707559668308714,0.38158619186414533,1.1547114311714715,0.00441086135197305,-0.0406751010140272,-0.04365727318916843,0.9982084566648985,-0.4195,0.3538,1.1528,0.7929,ASSIST,tag_0,0.8163816397549793,0.6327632795099587,0,"[0.8163816397549793, 0.18361836024502065]","[""tag_0"", ""tag_1""]",1,"{""j1"": true, ""j2"": true, ""j3"": true, ""j4"": true, ""j5"": true, ""j6"": true, ""j7"": true, ""accel"": true, ""gyro"": true, ""imu2"": true}",27443.0,4497.0,2.0,0.14561499096490027,0.0,0
1.1044,grasp,-0.4195,0.3538,1.1528,0.0,0.0,0.0,1.0,0.0,1.0,0.0,1,-0.41707559668308714,0.38158619186414533,1.1547114311714715,0.00441086135197305,-0.0406751010140272,-0.04365727318916843,0.9982084566648985,-0.4195,0.3538,1.1528,0.7929,ASSIST,tag_0,0.8163816397549793,0.6327632795099587,0,"[0.8163816397549793, 0.18361836024502065]","[""tag_0"", ""tag_1""]",1,"{""j1"": true, ""j2"": true, ""j3"": true, ""j4"": true, ""j5"": true, ""j6"": true, ""j7"": true, ""accel"": true, ""gyro"": true, ""imu2"": true}",27443.0,4497.0,2.0,0.14561499096490027,0.0,0
1.1105,grasp,-0.4195,0.3538,1.1528,0.0,0.0,0.0,1.0,0.0,1.0,0.0,1,-0.41707559668308714,0.38158619186414533,1.1547114311714715,0.00441086135197305,-0.0406751010140272,-0.04365727318916843,0.9982084566648985,-0.4195,0.3538,1.1528,0.7929,ASSIST,tag_0,0.8163816397549793,0.6327632795099587,0,"[0.8163816397549793, 0.18361836024502065]","[""tag_0"", ""tag_1""]",1,"{""j1"": true, ""j2"": true, ""j3"": true, ""j4"": true, ""j5"": true, ""j6"": true, ""j7"": true, ""accel"": true, ""gyro"": true, ""imu2"": true}",27443.0,4497.0,2.0,0.14561499096490027,0.0,0
1.1118,grasp,-0.4195,0.3538,1.1528,0.0,0.0,0.0,1.0,0.0,1.0,0.0,1,-0.41707559668308714,0.38158619186414533,1.1547114311714715,0.00441086135197305,-0.0406751010140272,-0.04365727318916843,0.9982084566648985,-0.4195,0.3538,1.1528,0.7929,ASSIST,tag_0,0.8163816397549793,0.6327632795099587,0,"[0.8163816397549793, 0.18361836024502065]","[""tag_0"", ""tag_1""]",1,"{""j1"": true, ""j2"": true, ""j3"": true, ""j4"": true, ""j5"": true, ""j6"": true, ""j7"": true, ""accel"": true, ""gyro"": true, ""imu2"": true}",27443.0,4497.0,2.0,0.14561499096490027,0.0,0
1.1129,grasp,-0.4195,0.3538,1.1528,0.0,0.0,0.0,1.0,0.0,1.0,0.0,1,-0.41707559668308714,0.38158619186414533,1.1547114311714715,0.00441086135197305,-0.0406751010140272,-0.04365727318916843,0.9982084566648985,-0.4195,0.3538,1.1528,0.7929,ASSIST,tag_0,0.8163816397549793,0.6327632795099587,0,"[0.8163816397549793, 0.18361836024502065]","[""tag_0"", ""tag_1""]",1,"{""j1"": true, ""j2"": true, ""j3"": true, ""j4"": true, ""j5"": true, ""j6"": true, ""j7"": true, ""accel"": true, ""gyro"": true, ""imu2"": true}",27443.0,4497.0,2.0,0.14561499096490027,0.0,0
1.1193,grasp,-0.4195,0.3538,1.1528,0.0,0.0,0.0,1.0,0.0,1.0,0.0,1,-0.41707559668308714,0.38158619186414533,1.1547114311714715,0.00441086135197305,-0.0406751010140272,-0.04365727318916843,0.9982084566648985,-0.4195,0.3538,1.1528,0.7929,ASSIST,tag_0,0.8163816397549793,0.6327632795099587,0,"[0.8163816397549793, 0.18361836024502065]","[""tag_0"", ""tag_1""]",1,"{""j1"": true, ""j2"": true, ""j3"": true, ""j4"": true, ""j5"": true, ""j6"": true, ""j7"": true, ""accel"": true, ""gyro"": true, ""imu2"": true}",27443.0,4497.0,2.0,0.14561499096490027,0.0,0
1.1205,grasp,-0.4195,0.3538,1.1528,0.0,0.0,0.0,1.0,0.0,1.0,0.0,1,-0.41707559668308714,0.38158619186414533,1.1547114311714715,0.00441086135197305,-0.0406751010140272,-0.04365727318916843,0.9982084566648985,-0.4195,0.3538,1.1528,0.7929,ASSIST,tag_0,0.8163816397549793,0.6327632795099587,0,"[0.8163816397549793, 0.18361836024502065]","[""tag_0"", ""tag_1""]",1,"{""j1"": true, ""j2"": true, ""j3"": true, ""j4"": true, ""j5"": true, ""j6"": true, ""j7"": true, ""accel"": true, ""gyro"": true, ""imu2"": true}",27443.0,4497.0,2.0,0.14561499096490027,0.0,0
1.1213,grasp,-0.4195,0.3538,1.1528,0.0,0.0,0.0,1.0,0.0,1.0,0.0,1,-0.41707559668308714,0.38158619186414533,1.1547114311714715,0.00441086135197305,-0.0406751010140272,-0.04365727318916843,0.9982084566648985,-0.4195,0.3538,1.1528,0.7929,ASSIST,tag_0,0.8163816397549793,0.6327632795099587,0,"[0.8163816397549793, 0.18361836024502065]","[""tag_0"", ""tag_1""]",1,"{""j1"": true, ""j2"": true, ""j3"": true, ""j4"": true, ""j5"": true, ""j6"": true, ""j7"": true, ""accel"": true, ""gyro"": true, ""imu2"": true}",27443.0,4497.0,2.0,0.14561499096490027,0.0,0
1.1234,grasp,-0.4195,0.3538,1.1528,0.0,0.0,0.0,1.0,0.0,1.0,0.0,1,-0.41707559668308714,0.38158619186414533,1.1547114311714715,0.00441086135197305,-0.0406751010140272,-0.04365727318916843,0.9982084566648985,-0.4195,0.3538,1.1528,0.7929,ASSIST,tag_0,0.8163816397549793,0.6327632795099587,0,"[0.8163816397549793, 0.18361836024502065]","[""tag_0"", ""tag_1""]",1,"{""j1"": true, ""j2"": true, ""j3"": true, ""j4"": true, ""j5"": true, ""j6"": true, ""j7"": true, ""accel"": true, ""gyro"": true, ""imu2"": true}",27443.0,4497.0,2.0,0.14561499096490027,0.0,0
1.1248,grasp,-0.4195,0.3538,1.1528,0.0,0.0,0.0,1.0,0.0,1.0,0.0,1,-0.41707559668308714,0.38158619186414533,1.1547114311714715,0.00441086135197305,-0.0406751010140272,-0.04365727318916843,0.9982084566648985,-0.4195,0.3538,1.1528,0.7929,ASSIST,tag_0,0.8163816397549793,0.6327632795099587,0,"[0.8163816397549793, 0.18361836024502065]","[""tag_0"", ""tag_1""]",1,"{""j1"": true, ""j2"": true, ""j3"": true, ""j4"": true, ""j5"": true, ""j6"": true, ""j7"": true, ""accel"": true, ""gyro"": true, ""imu2"": true}",27443.0,4497.0,2.0,0.14561499096490027,0.0,0
1.131,grasp,-0.4195,0.3538,1.1528,0.0,0.0,0.0,1.0,0.0,1.0,0.0,1,-0.41707559668308714,0.38158619186414533,1.1547114311714715,0.00441086135197305,-0.0406751010140272,-0.04365727318916843,0.9982084566648985,-0.4195,0.3538,1.1528,0.7929,ASSIST,tag_0,0.8163816397549793,0.6327632795099587,0,"[0.8163816397549793, 0.18361836024502065]","[""tag_0"", ""tag_1""]",1,"{""j1"": true, ""j2"": true, ""j3"": true, ""j4"": true, ""j5"": true, ""j6"": true, ""j7"": true, ""accel"": true, ""gyro"": true, ""imu2"": true}",27443.0,4497.0,2.0,0.14561499096490027,0.0,0
1.1328,grasp,-0.4195,0.3538,1.1528,0.0,0.0,0.0,1.0,0.0,1.0,0.0,1,-0.41707559668308714,0.38158619186414533,1.1547114311714715,0.00441086135197305,-0.0406751010140272,-0.04365727318916843,0.9982084566648985,-0.4195,0.3538,1.1528,0.7929,ASSIST,tag_0,0.8163816397549793,0.6327632795099587,0,"[0.8163816397549793, 0.18361836024502065]","[""tag_0"", ""tag_1""]",1,"{""j1"": true, ""j2"": true, ""j3"": true, ""j4"": true, ""j5"": true, ""j6"": true, ""j7"": true, ""accel"": true, ""gyro"": true, ""imu2"": true}",27443.0,4497.0,2.0,0.14561499096490027,0.0,0
1.1331,grasp,-0.4195,0.3538,1.1528,0.0,0.0,0.0,1.0,0.0,1.0,0.0,1,-0.41707559668308714,0.38158619186414533,1.1547114311714715,0.00441086135197305,-0.0406751010140272,-0.04365727318916843,0.9982084566648985,-0.4195,0.3538,1.1528,0.7929,ASSIST,tag_0,0.8163816397549793,0.6327632795099587,0,"[0.8163816397549793, 0.18361836024502065]","[""tag_0"", ""tag_1""]",1,"{""j1"": true, ""j2"": true, ""j3"": true, ""j4"": true, ""j5"": true, ""j6"": true, ""j7"": true, ""accel"": true, ""gyro"": true, ""imu2"": true}",27443.0,4497.0,2.0,0.14561499096490027,0.0,0
1.1347,grasp,-0.4195,0.3538,1.1528,0.0,0.0,0.0,1.0,0.0,1.0,0.0,1,-0.4063717015984035,0.4177039745173533,1.1438467907068737,0.010410375958918194,-0.08137839153957468,-0.0888001801287265,0.9926649532807792,-0.4195,0.3538,1.1528,0.7929,ASSIST,tag_0,0.8163816397549793,0.6327632795099587,0,"[0.8163816397549793, 0.18361836024502065]","[""tag_0"", ""tag_1""]",1,"{""j1"": true, ""j2"": true, ""j3"": true, ""j4"": true, ""j5"": true, ""j6"": true, ""j7"": true, ""accel"": true, ""gyro"": true, ""imu2"": true}",27443.0,4497.0,2.0,0.14561499096490027,0.0,0
1.1378,grasp,-0.4195,0.3538,1.1528,0.0,0.0,0.0,1.0,0.0,1.0,0.0,1,-0.4063717015984035,0.4177039745173533,1.1438467907068737,0.010410375958918194,-0.08137839153957468,-0.0888001801287265,0.9926649532807792,-0.4195,0.3538,1.1528,0.7929,ASSIST,tag_0,0.8163816397549793,0.6327632795099587,0,"[0.8163816397549793, 0.18361836024502065]","[""tag_0"", ""tag_1""]",1,"{""j1"": true, ""j2"": true, ""j3"": true, ""j4"": true, ""j5"": true, ""j6"": true, ""j7"": true, ""accel"": true, ""gyro"": true, ""imu2"": true}",27443.0,4497.0,2.0,0.14561499096490027,0.0,0
1.1388,grasp,-0.4195,0.3538,1.1528,0.0,0.0,0.0,1.0,0.0,1.0,0.0,1,-0.4063717015984035,0.4177039745173533,1.1438467907068737,0.010410375958918194,-0.08137839153957468,-0.0888001801287265,0.9926649532807792,-0.4195,0.3538,1.1528,0.7929,ASSIST,tag_0,0.8163816397549793,0.6327632795099587,0,"[0.8163816397549793, 0.18361836024502065]","[""tag_0"", ""tag_1""]",1,"{""j1"": true, ""j2"": true, ""j3"": true, ""j4"": true, ""j5"": true, ""j6"": true, ""j7"": true, ""accel"": true, ""gyro"": true, ""imu2"": true}",27443.0,4497.0,2.0,0.14561499096490027,0.0,0
1.1393,grasp,-0.4195,0.3538,1.1528,0.0,0.0,0.0,1.0,0.0,1.0,0.0,1,-0.4063717015984035,0.4177039745173533,1.1438467907068737,0.010410375958918194,-0.08137839153957468,-0.0888001801287265,0.9926649532807792,-0.4195,0.3538,1.1528,0.7929,ASSIST,tag_0,0.8163816397549793,0.6327632795099587,0,"[0.8163816397549793, 0.18361836024502065]","[""tag_0"", ""tag_1""]",1,"{""j1"": true, ""j2"": true, ""j3"": true, ""j4"": true, ""j5"": true, ""j6"": true, ""j7"": true, ""accel"": true, ""gyro"": true, ""imu2"": true}",27443.0,4497.0,2.0,0.14561499096490027,0.0,0
1.142,grasp,-0.4195,0.3538,1.1528,0.0,0.0,0.0,1.0,0.0,1.0,0.0,1,-0.4063717015984035,0.4177039745173533,1.1438467907068737,0.010410375958918194,-0.08137839153957468,-0.0888001801287265,0.9926649532807792,-0.4195,0.3538,1.1528,0.7929,ASSIST,tag_0,0.8163816397549793,0.6327632795099587,0,"[0.8163816397549793, 0.18361836024502065]","[""tag_0"", ""tag_1""]",1,"{""j1"": true, ""j2"": true, ""j3"": true, ""j4"": true, ""j5"": true, ""j6"": true, ""j7"": true, ""accel"": true, ""gyro"": true, ""imu2"": true}",27443.0,4497.0,2.0,0.14561499096490027,0.0,0
1.145,grasp,-0.4195,0.3538,1.1528,0.0,0.0,0.0,1.0,0.0,1.0,0.0,1,-0.4063717015984035,0.4177039745173533,1.1438467907068737,0.010410375958918194,-0.08137839153957468,-0.0888001801287265,0.9926649532807792,-0.4195,0.3538,1.1528,0.7929,ASSIST,tag_0,0.8163816397549793,0.6327632795099587,0,"[0.8163816397549793, 0.18361836024502065]","[""tag_0"", ""tag_1""]",1,"{""j1"": true, ""j2"": true, ""j3"": true, ""j4"": true, ""j5"": true, ""j6"": true, ""j7"": true, ""accel"": true, ""gyro"": true, ""imu2"": true}",27443.0,4497.0,2.0,0.14561499096490027,0.0,0
1.1459,grasp,-0.4195,0.3538,1.1528,0.0,0.0,0.0,1.0,0.0,1.0,0.0,1,-0.4063717015984035,0.4177039745173533,1.1438467907068737,0.010410375958918194,-0.08137839153957468,-0.0888001801287265,0.9926649532807792,-0.4195,0.3538,1.1528,0.7929,ASSIST,tag_0,0.8163816397549793,0.6327632795099587,0,"[0.8163816397549793, 0.18361836024502065]","[""tag_0"", ""tag_1""]",1,"{""j1"": true, ""j2"": true, ""j3"": true, ""j4"": true, ""j5"": true, ""j6"": true, ""j7"": true, ""accel"": true, ""gyro"": true, ""imu2"": true}",27443.0,4497.0,2.0,0.14561499096490027,0.0,0
1.1463,grasp,-0.4195,0.3538,1.1528,0.0,0.0,0.0,1.0,0.0,1.0,0.0,1,-0.4063717015984035,0.4177039745173533,1.1438467907068737,0.010410375958918194,-0.08137839153957468,-0.0888001801287265,0.9926649532807792,-0.4195,0.3538,1.1528,0.7929,ASSIST,tag_0,0.6262059902649005,0.2524119805298011,0,"[0.6262059902649005, 0.3737940097350994]","[""tag_0"", ""tag_1""]",1,"{""j1"": true, ""j2"": true, ""j3"": true, ""j4"": true, ""j5"": true, ""j6"": true, ""j7"": true, ""accel"": true, ""gyro"": true, ""imu2"": true}",27443.0,4497.0,2.0,0.14561499096490027,0.0,0
1.1524,grasp,-0.4195,0.3538,1.1528,0.0,0.0,0.0,1.0,0.0,1.0,0.0,1,-0.4063717015984035,0.4177039745173533,1.1438467907068737,0.010410375958918194,-0.08137839153957468,-0.0888001801287265,0.9926649532807792,-0.4195,0.3538,1.1528,0.7929,ASSIST,tag_0,0.6262059902649005,0.2524119805298011,0,"[0.6262059902649005, 0.3737940097350994]","[""tag_0"", ""tag_1""]",1,"{""j1"": true, ""j2"": true, ""j3"": true, ""j4"": true, ""j5"": true, ""j6"": true, ""j7"": true, ""accel"": true, ""gyro"": true, ""imu2"": true}",27443.0,4498.0,2.0,0.14561499096490027,0.0,0
1.1527,grasp,-0.4195,0.3538,1.1528,0.0,0.0,0.0,1.0,0.0,1.0,0.0,1,-0.4063717015984035,0.4177039745173533,1.1438467907068737,0.010410375958918194,-0.08137839153957468,-0.0888001801287265,0.9926649532807792,-0.4195,0.3538,1.1528,0.7929,ASSIST,tag_0,0.6262059902649005,0.2524119805298011,0,"[0.6262059902649005, 0.3737940097350994]","[""tag_0"", ""tag_1""]",1,"{""j1"": true, ""j2"": true, ""j3"": true, ""j4"": true, ""j5"": true, ""j6"": true, ""j7"": true, ""accel"": true, ""gyro"": true, ""imu2"": true}",27443.0,4498.0,2.0,0.14561499096490027,0.0,0
1.1533,grasp,-0.4195,0.3538,1.1528,0.0,0.0,0.0,1.0,0.0,1.0,0.0,1,-0.4063717015984035,0.4177039745173533,1.1438467907068737,0.010410375958918194,-0.08137839153957468,-0.0888001801287265,0.9926649532807792,-0.4195,0.3538,1.1528,0.7929,ASSIST,tag_0,0.6262059902649005,0.2524119805298011,0,"[0.6262059902649005, 0.3737940097350994]","[""tag_0"", ""tag_1""]",1,"{""j1"": true, ""j2"": true, ""j3"": true, ""j4"": true, ""j5"": true, ""j6"": true, ""j7"": true, ""accel"": true, ""gyro"": true, ""imu2"": true}",27443.0,4498.0,2.0,0.14561499096490027,0.0,0
1.1575,grasp,-0.4195,0.3538,1.1528,0.0,0.0,0.0,1.0,0.0,1.0,0.0,1,-0.4063717015984035,0.4177039745173533,1.1438467907068737,0.010410375958918194,-0.08137839153957468,-0.0888001801287265,0.9926649532807792,-0.4195,0.3538,1.1528,0.7929,ASSIST,tag_0,0.6262059902649005,0.2524119805298011,0,"[0.6262059902649005, 0.3737940097350994]","[""tag_0"", ""tag_1""]",1,"{""j1"": true, ""j2"": true, ""j3"": true, ""j4"": true, ""j5"": true, ""j6"": true, ""j7"": true, ""accel"": true, ""gyro"": true, ""imu2"": true}",27443.0,4498.0,2.0,0.14561499096490027,0.0,0
1.1581,grasp,-0.4195,0.3538,1.1528,0.0,0.0,0.0,1.0,0.0,1.0,0.0,1,-0.4063717015984035,0.4177039745173533,1.1438467907068737,0.010410375958918194,-0.08137839153957468,-0.0888001801287265,0.9926649532807792,-0.4195,0.3538,1.1528,0.7929,ASSIST,tag_0,0.6262059902649005,0.2524119805298011,0,"[0.6262059902649005, 0.3737940097350994]","[""tag_0"", ""tag_1""]",1,"{""j1"": true, ""j2"": true, ""j3"": true, ""j4"": true, ""j5"": true, ""j6"": true, ""j7"": true, ""accel"": true, ""gyro"": true, ""imu2"": true}",27443.0,4498.0,2.0,0.14561499096490027,0.0,0
