timestamp,label,k1j1,k1j2,k1j3,k1j4,k1j5,k1j6,k1j7,k2j1,k2j2,k2j3,k2j4,k2j5,k2j6,k2j7,ax1,ay1,az1,gx1,gy1,gz1,ax2,ay2,az2,gx2,gy2,gz2,fsr1,fsr2,btn1,btn2
1785171232.8880808,LEFTARMGRIPPERCLOSE,165.6,343.7,189.2,197.7,0.0,71.2,138.7,340.7,28.1,0.0,163.3,0.0,58.2,0.0,0.368,0.047,0.853,4.79,29.18,-17.05,-0.795,0.024,0.512,-4.03,6.91,-1.24,10.89,10.14,0,1
1785171232.8984735,LEFTARMGRIPPERCLOSE,165.6,343.7,189.2,197.8,0.0,71.6,138.7,340.7,28.2,0.0,163.3,0.0,57.9,0.0,0.35,0.038,0.888,-2.91,29.56,-5.96,-0.833,0.008,0.506,-3.07,8.53,-0.97,10.91,10.11,0,1
1785171232.906834,LEFTARMGRIPPERCLOSE,165.6,343.7,189.2,197.8,0.0,72.2,138.6,340.7,28.2,0.0,163.3,0.0,42.3,0.0,0.369,0.011,0.885,-8.15,34.27,5.31,-0.83,0.001,0.501,-1.05,9.78,-1.82,10.94,10.08,0,1
1785171232.9127254,LEFTARMGRIPPERCLOSE,165.6,343.7,189.1,197.8,0.0,72.7,138.6,340.7,28.2,0.0,163.3,0.0,30.5,0.0,0.379,-0.043,0.853,-8.3,38.76,16.43,-0.865,0.005,0.49,0.79,9.18,-2.5,11.2,9.81,0,1
1785171232.9310422,LEFTARMGRIPPERCLOSE,165.6,343.7,189.1,197.8,0.0,73.1,138.5,340.7,28.3,0.0,163.3,0.0,21.7,0.0,0.361,0.005,0.857,-11.02,43.44,24.96,-0.874,0.036,0.471,1.73,6.49,-3.54,10.9,9.86,0,1
1785171232.936903,LEFTARMGRIPPERCLOSE,165.6,343.7,189.1,197.8,0.0,73.5,138.5,340.7,28.4,0.0,163.3,0.0,15.1,0.0,0.288,-0.023,0.88,-10.28,42.11,28.15,-0.947,0.048,0.491,1.32,2.17,-2.73,11.18,9.89,0,1
1785171232.9477022,LEFTARMGRIPPERCLOSE,165.6,343.7,189.1,197.8,0.0,73.9,138.4,340.7,28.5,0.0,163.3,0.0,10.2,0.0,0.248,0.046,0.917,-10.48,37.6,29.55,-0.889,0.043,0.456,1.07,-3.47,-2.51,11.38,10.17,0,1
1785171232.9557137,LEFTARMGRIPPERCLOSE,165.6,343.7,189.1,197.8,0.0,74.2,138.4,340.7,28.5,0.0,163.3,0.0,6.5,0.0,0.451,0.063,0.927,-14.01,25.79,32.37,-0.829,0.043,0.447,0.85,-6.31,-1.12,11.54,9.88,0,1
1785171232.96808,LEFTARMGRIPPERCLOSE,165.6,343.7,189.1,197.8,0.0,74.3,138.4,340.7,28.6,0.0,163.3,0.0,3.9,0.0,0.421,0.032,0.94,-18.79,19.88,28.34,-0.881,0.036,0.475,0.31,-6.84,0.4,11.65,9.91,0,1
1785171232.9800622,LEFTARMGRIPPERCLOSE,165.6,343.7,189.1,197.7,0.0,74.4,138.3,340.7,28.6,0.0,163.4,0.0,1.7,0.0,0.434,-0.052,1.001,-16.4,8.4,22.15,-0.862,0.017,0.499,-0.24,-8.08,-0.08,11.99,10.43,0,1
1785171232.9810126,LEFTARMGRIPPERCLOSE,165.6,343.7,189.1,197.7,0.0,74.4,138.1,340.4,28.6,0.0,163.4,0.0,0.1,0.0,0.394,-0.122,1.015,-6.08,-5.12,11.34,-0.847,0.017,0.509,0.79,-7.72,-2.06,11.99,10.57,0,1
1785171232.996185,LEFTARMGRIPPERCLOSE,165.5,343.7,189.1,197.7,0.0,74.3,138.0,340.5,28.6,0.0,163.4,0.0,0.0,0.0,0.403,-0.106,0.999,6.22,-16.77,0.29,-0.801,0.027,0.496,1.72,-7.79,-2.31,12.24,11.18,0,1
1785171233.002495,LEFTARMGRIPPERCLOSE,165.4,343.7,189.1,197.7,0.0,74.3,137.9,340.6,28.6,0.0,163.4,0.0,0.0,0.0,0.4,-0.022,0.952,12.02,-26.66,-4.99,-0.803,0.039,0.49,1.24,-7.69,-1.53,12.18,11.13,0,1
1785171233.0149155,LEFTARMGRIPPERCLOSE,165.4,343.7,189.1,197.7,0.0,74.1,137.8,340.6,28.6,0.0,163.4,0.0,0.0,0.0,0.388,0.032,0.903,10.96,-32.12,-7.5,-0.778,0.054,0.487,1.08,-7.71,-1.05,13.14,11.1,0,1
1785171233.029084,LEFTARMGRIPPERCLOSE,165.7,343.7,189.1,197.7,0.0,73.7,137.8,340.6,28.6,0.0,163.4,0.0,0.0,0.0,0.396,0.045,0.887,7.37,-33.77,-8.24,-0.783,0.076,0.478,-0.02,-6.95,-0.35,12.6,10.83,0,1
1785171233.029084,LEFTARMGRIPPERCLOSE,165.6,343.7,189.1,197.7,0.0,73.4,137.8,340.6,28.5,0.0,163.4,0.0,0.0,0.0,0.379,0.046,0.88,3.31,-32.14,-5.13,-0.812,0.076,0.496,-2.46,-5.97,1.08,12.45,10.87,0,1
1785171233.049109,LEFTARMGRIPPERCLOSE,165.5,343.7,189.1,197.7,0.0,73.1,137.8,340.6,28.4,0.0,163.6,0.0,0.0,0.0,0.39,0.032,0.889,-2.22,-29.98,1.97,-0.813,0.062,0.505,-4.37,-5.3,2.08,12.09,11.4,0,1
1785171233.049109,LEFTARMGRIPPERCLOSE,165.5,343.7,189.1,197.7,0.0,72.7,137.7,340.7,28.4,0.0,163.6,0.0,0.0,0.0,0.433,0.011,0.873,-6.65,-26.53,7.13,-0.791,0.048,0.499,-4.85,-4.69,2.11,12.07,11.3,0,1
1785171233.0688052,LEFTARMGRIPPERCLOSE,165.5,343.7,189.1,197.7,0.0,72.4,137.7,340.7,28.3,0.0,163.6,0.0,0.0,0.0,0.59,-0.174,0.729,-8.07,-20.21,-4.12,-0.788,0.039,0.488,-3.97,-3.95,1.66,11.8,10.98,0,1
1785171233.0808232,LEFTARMGRIPPERCLOSE,165.4,343.6,189.2,197.7,0.0,72.1,137.6,340.7,28.3,0.0,163.5,0.0,0.0,0.0,0.469,0.056,0.972,22.22,-25.01,-36.84,-0.786,0.033,0.486,-3.34,-3.5,0.61,12.1,11.23,0,1
1785171233.0808232,LEFTARMGRIPPERCLOSE,165.6,343.6,189.3,197.7,0.0,71.9,137.6,340.7,28.3,0.0,163.5,0.0,0.0,0.0,0.276,0.341,0.956,-1.73,-24.78,-11.92,-0.796,0.049,0.484,-3.28,-2.5,-0.63,12.08,10.92,0,1
1785171233.0942867,LEFTARMGRIPPERCLOSE,165.5,343.6,189.3,197.7,0.0,71.7,137.5,340.7,28.3,0.0,163.5,0.0,0.0,0.0,0.412,0.065,0.85,-16.44,-22.98,5.49,-0.812,0.043,0.496,-3.73,-1.34,0.22,12.31,10.94,0,1
1785171233.1070552,LEFTARMGRIPPERCLOSE,165.5,343.6,189.3,197.7,0.0,71.5,137.5,340.7,28.3,0.0,163.5,0.0,0.0,0.0,0.457,-0.039,0.789,-10.2,-14.09,0.51,-0.79,0.03,0.51,-3.7,-0.6,1.47,11.98,11.21,0,1
1785171233.1114128,LEFTARMGRIPPERCLOSE,165.5,343.6,189.3,197.7,0.0,71.4,137.5,340.7,28.3,0.0,163.5,0.0,0.0,0.0,0.434,0.005,0.806,-6.28,-6.21,1.21,-0.764,0.016,0.491,-1.99,-0.08,0.51,12.23,11.16,0,1
1785171233.1275415,LEFTARMGRIPPERCLOSE,165.5,343.6,189.4,197.6,0.0,71.2,137.5,340.7,28.3,0.0,163.5,0.0,0.0,0.0,0.398,-0.006,0.803,-4.25,0.41,2.4,-0.792,0.021,0.494,0.26,1.3,-2.18,12.18,11.37,0,1
1785171233.1275415,LEFTARMGRIPPERCLOSE,165.4,343.6,189.4,197.6,0.0,71.1,137.5,340.7,28.3,0.0,163.5,0.0,0.0,0.0,0.328,-0.02,0.929,-5.19,0.14,1.06,-0.801,0.031,0.503,0.66,1.86,-2.57,12.13,11.27,0,1
1785171233.1465893,LEFTARMGRIPPERCLOSE,165.4,343.8,189.4,197.6,0.0,70.7,137.5,340.7,28.3,0.0,163.5,0.0,0.0,0.0,0.346,-0.042,0.883,2.06,-5.07,-10.28,-0.797,0.039,0.502,0.66,2.66,-1.86,12.1,11.21,0,1
1785171233.1547692,LEFTARMGRIPPERCLOSE,165.4,343.7,189.4,197.6,0.0,70.7,137.5,340.7,28.2,0.0,163.5,0.0,0.0,0.0,0.423,0.067,0.848,3.06,-6.7,-13.76,-0.833,0.048,0.508,0.41,1.84,-0.95,12.07,10.9,0,1
1785171233.1617568,LEFTARMGRIPPERCLOSE,165.4,343.6,189.5,197.6,0.0,70.6,137.5,340.7,28.2,0.0,163.5,0.0,0.0,0.0,0.503,0.083,0.824,-2.15,-6.12,-8.32,-0.816,0.037,0.494,0.33,1.95,-2.0,11.81,10.93,0,1
1785171233.1791854,LEFTARMGRIPPERCLOSE,165.4,343.5,189.5,197.6,0.0,70.6,137.5,340.7,28.2,0.0,163.5,0.0,0.0,0.0,0.494,0.009,0.832,-4.24,-4.75,-2.75,-0.816,0.033,0.484,1.18,1.32,-2.85,11.85,10.95,0,1
1785171233.186787,LEFTARMGRIPPERCLOSE,165.4,343.5,189.6,197.6,0.0,70.6,137.5,340.7,28.2,0.0,163.5,0.0,0.0,0.0,0.46,-0.025,0.863,-1.47,-4.31,0.63,-0.828,0.037,0.486,1.54,0.23,-2.36,11.39,10.96,0,1
1785171233.1972485,LEFTARMGRIPPERCLOSE,165.4,343.5,189.6,197.6,0.0,70.5,137.5,340.7,28.2,0.0,163.5,0.0,0.0,0.0,0.431,-0.007,0.875,1.26,-6.31,0.6,-0.841,0.048,0.482,0.96,-0.5,-2.38,11.79,10.72,0,1
1785171233.2058785,LEFTARMGRIPPERCLOSE,165.4,343.5,189.6,197.6,0.0,70.4,137.6,340.7,28.2,0.0,163.5,0.0,0.0,0.0,0.425,0.017,0.856,1.4,-8.82,0.07,-0.846,0.075,0.486,-1.21,-0.85,-2.97,11.84,10.04,0,1
1785171233.217848,LEFTARMGRIPPERCLOSE,165.4,343.5,189.7,197.6,0.0,70.2,137.6,340.7,28.2,0.0,163.5,0.0,0.0,0.0,0.414,0.035,0.815,-1.07,-10.08,0.16,-0.842,0.082,0.488,-3.65,-1.68,-1.87,11.88,10.28,0,1
1785171233.227173,LEFTARMGRIPPERCLOSE,165.4,343.5,189.7,197.6,0.0,70.1,137.5,340.7,28.2,0.0,163.5,0.0,0.0,0.0,0.407,0.05,0.804,-4.76,-8.34,2.17,-0.824,0.065,0.495,-6.28,-2.34,0.91,11.91,10.71,0,1
1785171233.2357044,LEFTARMGRIPPERCLOSE,165.4,343.5,189.7,197.6,0.0,69.9,137.4,340.7,28.2,0.0,163.5,0.0,0.0,0.0,0.394,0.062,0.815,-10.1,-6.6,6.94,-0.826,0.041,0.507,-7.04,-2.66,2.0,11.93,10.53,0,1
1785171233.247913,LEFTARMGRIPPERCLOSE,165.4,343.5,189.8,197.6,0.0,69.7,137.2,340.7,28.2,0.0,163.5,0.0,0.0,0.0,0.417,0.052,0.861,-14.78,-5.93,13.4,-0.838,0.016,0.501,-5.92,-3.41,1.02,11.7,10.65,0,1
1785171233.257382,LEFTARMGRIPPERCLOSE,165.4,343.5,189.8,197.5,0.0,69.5,137.0,340.7,28.2,0.0,163.5,0.0,0.0,0.0,0.425,0.023,0.884,-15.41,-6.82,17.11,-0.831,0.002,0.5,-3.92,-4.18,-0.31,11.78,10.49,0,1
1785171233.2679644,LEFTARMGRIPPERCLOSE,165.4,343.5,189.8,197.4,0.0,69.3,136.6,340.7,28.2,0.0,163.5,0.0,0.0,0.0,0.466,-0.021,0.905,-11.92,-10.88,19.62,-0.82,0.007,0.505,-2.73,-3.99,-1.49,11.83,10.62,0,1
1785171233.277843,LEFTARMGRIPPERCLOSE,165.4,343.5,189.8,197.4,0.0,69.1,136.3,340.7,28.2,0.0,163.5,0.0,0.0,0.0,0.493,-0.06,0.899,-3.98,-15.51,18.48,-0.816,0.03,0.501,-1.6,-4.19,-2.26,11.87,10.96,0,1
1785171233.287924,LEFTARMGRIPPERCLOSE,165.3,343.5,189.8,197.2,0.0,68.9,136.2,340.7,28.2,0.0,163.5,0.0,0.0,0.0,0.51,-0.051,0.88,4.54,-20.63,14.38,-0.811,0.045,0.489,-1.71,-4.4,-1.94,11.41,11.22,0,1
1785171233.2980587,LEFTARMGRIPPERCLOSE,165.3,343.5,189.8,196.9,0.0,68.8,136.1,340.7,28.2,0.0,163.5,0.0,0.0,0.0,0.51,-0.039,0.856,11.18,-23.62,8.43,-0.8,0.052,0.494,-2.31,-3.89,-1.09,11.8,11.17,0,1
1785171233.306593,LEFTARMGRIPPERCLOSE,165.4,343.5,189.8,196.9,0.0,68.6,136.0,340.7,28.2,0.0,163.5,0.0,0.0,0.0,0.452,-0.025,0.83,11.62,-22.77,3.66,-0.808,0.041,0.5,-2.48,-3.42,-0.08,11.6,11.12,0,1
1785171233.3176503,LEFTARMGRIPPERCLOSE,165.4,343.5,189.8,196.9,0.0,68.3,135.9,340.7,28.2,0.0,163.5,0.0,0.0,0.0,0.443,0.026,0.76,10.07,-18.03,3.76,-0.803,0.045,0.495,-3.44,-3.56,-0.03,11.7,11.09,0,1
1785171233.3271189,LEFTARMGRIPPERCLOSE,165.4,343.5,190.0,196.9,0.0,68.1,135.9,340.8,28.2,0.0,163.5,0.0,0.0,0.0,0.433,0.041,0.767,4.11,-11.69,6.4,-0.811,0.045,0.494,-3.44,-3.14,-0.15,11.53,10.82,0,1
1785171233.336198,LEFTARMGRIPPERCLOSE,165.4,343.5,190.1,196.9,0.0,67.9,135.8,340.8,28.2,0.0,163.5,0.0,0.0,0.0,0.446,0.052,0.807,-1.78,-5.82,10.19,-0.805,0.04,0.507,-4.23,-2.44,0.37,11.9,10.86,0,1
1785171233.3437507,LEFTARMGRIPPERCLOSE,165.5,343.4,190.0,197.0,0.0,67.6,135.7,340.8,28.2,0.0,163.5,0.0,0.0,0.0,0.441,0.024,0.843,-6.15,-2.63,15.44,-0.79,0.038,0.5,-4.35,-2.04,0.95,11.42,10.9,0,1
1785171233.3520784,LEFTARMGRIPPERCLOSE,165.5,343.5,190.0,197.0,0.0,67.4,135.6,340.8,28.2,0.0,163.5,0.0,0.0,0.0,0.409,0.01,0.848,-7.32,-0.05,18.09,-0.791,0.035,0.5,-3.85,-1.35,1.19,14.07,10.92,0,1
1785171233.367702,LEFTARMGRIPPERCLOSE,165.5,343.5,189.9,197.0,0.0,67.3,135.5,340.8,28.2,0.0,163.5,0.0,0.0,0.0,0.503,-0.015,0.879,-4.37,-2.83,19.59,-0.79,0.025,0.508,-3.83,-0.79,1.16,13.05,10.94,0,1
1785171233.378536,LEFTARMGRIPPERCLOSE,165.5,343.5,189.8,197.0,0.0,67.1,135.3,340.8,28.2,0.0,163.5,0.0,0.0,0.0,0.533,-0.016,0.858,-4.51,-4.31,18.52,-0.791,0.004,0.514,-2.3,0.01,1.18,12.79,10.96,0,1
1785171233.387721,LEFTARMGRIPPERCLOSE,165.5,343.6,189.7,197.0,0.0,67.0,135.3,340.8,28.2,0.0,163.5,0.0,0.0,0.0,0.475,-0.058,0.832,-5.37,-3.15,15.25,-0.788,0.007,0.51,-0.41,0.46,0.56,12.59,11.97,0,1
1785171233.4001222,LEFTARMGRIPPERCLOSE,165.5,343.6,189.7,197.0,0.0,66.8,135.1,340.8,28.2,0.0,163.5,0.0,0.0,0.0,0.439,-0.062,0.823,-3.63,-1.24,10.45,-0.788,0.016,0.502,1.81,0.81,-1.3,12.69,11.73,0,1
1785171233.4075634,LEFTARMGRIPPERCLOSE,165.5,343.6,189.7,197.0,0.0,66.7,134.9,340.8,28.2,0.0,163.5,0.0,0.0,0.0,0.413,-0.048,0.804,-3.85,2.47,6.27,-0.803,0.042,0.493,2.63,1.24,-2.5,12.52,11.29,0,1
1785171233.416072,LEFTARMGRIPPERCLOSE,165.5,343.6,189.7,197.0,0.0,66.4,134.7,340.8,28.2,0.0,163.5,0.0,0.0,0.0,0.411,-0.023,0.814,-4.76,5.97,4.64,-0.792,0.054,0.502,1.37,2.34,-1.85,12.89,11.22,0,1
1785171233.4283988,LEFTARMGRIPPERCLOSE,165.5,343.6,189.7,197.0,0.0,66.4,134.5,340.8,28.2,0.0,163.5,0.0,0.0,0.0,0.423,-0.007,0.849,-7.79,7.31,5.09,-0.802,0.067,0.511,0.09,2.81,-0.04,12.67,11.42,0,1
1785171233.4379053,LEFTARMGRIPPERCLOSE,165.5,343.6,189.7,197.0,0.0,66.4,134.4,340.8,28.2,0.0,163.5,0.0,0.0,0.0,0.478,-0.038,0.851,-10.42,7.06,4.81,-0.808,0.054,0.51,-0.47,2.64,0.89,12.75,11.31,0,1
1785171233.4459956,LEFTARMGRIPPERCLOSE,165.5,343.6,189.7,197.3,0.0,66.4,134.2,340.8,28.2,0.0,163.5,0.0,0.0,0.0,0.499,-0.065,0.866,-8.28,5.99,2.95,-0.803,0.027,0.503,-0.47,2.65,0.14,12.56,10.98,0,1
1785171233.4586856,LEFTARMGRIPPERCLOSE,165.5,343.6,189.7,197.2,0.0,66.4,134.1,340.8,28.2,0.0,163.5,0.0,0.0,0.0,0.513,-0.051,0.873,-5.35,3.47,1.56,-0.819,0.026,0.503,0.33,2.53,-0.56,12.67,10.99,0,1
1785171233.4667838,LEFTARMGRIPPERCLOSE,165.5,343.6,189.7,197.2,0.0,66.4,134.0,340.8,28.2,0.0,163.5,0.0,0.0,0.0,0.511,-0.028,0.858,-4.85,0.42,1.96,-0.812,0.031,0.485,1.03,2.61,-1.05,12.5,10.74,0,1
1785171233.4795444,LEFTARMGRIPPERCLOSE,165.6,343.6,189.7,197.2,0.0,66.4,133.9,340.8,28.2,0.0,163.5,0.0,0.0,0.0,0.475,-0.023,0.847,-6.63,-0.44,2.53,-0.815,0.046,0.485,1.18,2.43,-1.93,12.38,11.06,0,1
1785171233.4864848,LEFTARMGRIPPERCLOSE,165.6,343.6,189.7,197.2,0.0,66.4,133.9,340.8,28.2,0.0,163.5,0.0,0.0,0.0,0.441,-0.003,0.857,-9.72,-1.43,4.05,-0.814,0.06,0.496,0.21,2.11,-1.84,12.28,11.04,0,1
1785171233.4969072,LEFTARMGRIPPERCLOSE,165.6,343.6,189.7,197.2,0.0,66.4,133.8,340.8,28.2,0.0,163.5,0.0,0.0,0.0,0.431,-0.03,0.849,-12.19,-0.94,5.15,-0.822,0.066,0.495,-1.22,2.17,-0.57,12.21,11.03,0,1
1785171233.5055678,LEFTARMGRIPPERCLOSE,165.6,343.6,189.7,197.2,0.0,66.4,133.6,340.8,28.2,0.0,163.5,0.0,0.0,0.0,0.421,-0.07,0.853,-10.79,-0.82,4.98,-0.809,0.055,0.501,-2.91,2.18,0.92,11.91,11.02,0,1
1785171233.5158615,LEFTARMGRIPPERCLOSE,165.6,343.6,189.7,197.2,0.0,66.4,133.5,340.8,28.2,0.0,163.5,0.0,0.0,0.0,0.426,-0.094,0.848,-7.22,-0.59,3.29,-0.808,0.034,0.503,-3.35,2.52,0.97,11.93,10.77,0,1
1785171233.5273094,LEFTARMGRIPPERCLOSE,165.6,343.6,189.7,197.2,0.0,66.4,133.3,340.8,28.2,0.0,163.5,0.0,0.0,0.0,0.45,-0.091,0.854,-3.47,-1.31,2.18,-0.815,0.02,0.509,-1.6,2.47,0.23,11.95,10.83,0,1
1785171233.5369973,LEFTARMGRIPPERCLOSE,165.6,343.6,189.7,197.2,0.0,66.4,133.2,340.8,28.2,0.0,163.5,0.0,0.0,0.0,0.462,-0.061,0.849,-0.5,-2.07,1.85,-0.815,0.015,0.5,0.16,2.14,-1.38,11.96,10.62,0,1
1785171233.5471618,LEFTARMGRIPPERCLOSE,165.6,343.7,189.7,197.2,0.0,66.4,133.1,340.8,28.2,0.0,163.5,0.0,0.0,0.0,0.477,-0.031,0.841,-0.16,-3.17,3.03,-0.817,0.018,0.51,1.67,1.85,-2.5,11.97,10.71,0,1
1785171233.5556328,LEFTARMGRIPPERCLOSE,165.7,343.7,189.7,197.2,0.0,66.4,133.0,340.8,28.2,0.0,163.5,0.0,0.0,0.0,0.486,-0.021,0.805,-2.8,-2.82,4.79,-0.819,0.035,0.493,2.27,1.38,-3.05,11.98,11.04,0,1
1785171233.567939,LEFTARMGRIPPERCLOSE,165.7,343.7,189.7,197.2,0.0,66.4,132.9,340.8,28.2,0.0,163.5,0.0,0.0,0.0,0.489,-0.055,0.792,-4.85,-1.37,5.24,-0.826,0.052,0.492,1.73,0.94,-2.76,11.98,11.03,0,1
1785171233.5768745,LEFTARMGRIPPERCLOSE,165.7,343.7,189.6,197.2,0.0,66.4,132.8,340.8,28.2,0.0,163.5,0.0,0.0,0.0,0.473,-0.043,0.834,-4.81,-1.0,4.84,-0.821,0.063,0.494,0.4,0.52,-2.27,11.49,10.77,0,1
1785171233.587883,LEFTARMGRIPPERCLOSE,165.7,343.7,189.6,197.2,0.0,66.3,132.7,340.8,28.2,0.0,163.5,0.0,0.0,0.0,0.48,-0.044,0.841,-5.84,-2.64,5.68,-0.833,0.073,0.496,-1.46,0.0,-1.37,11.62,10.83,0,1
1785171233.5941887,LEFTARMGRIPPERCLOSE,165.7,343.7,189.6,197.2,0.0,66.3,132.6,340.8,28.5,0.0,163.5,0.0,0.0,0.0,0.491,-0.057,0.838,-5.72,-4.27,5.62,-0.833,0.064,0.496,-3.29,-0.79,-0.76,11.21,10.87,0,1
1785171233.6070879,LEFTARMGRIPPERCLOSE,165.7,343.7,189.6,197.2,0.0,66.3,132.6,340.8,28.4,0.0,163.5,0.0,0.0,0.0,0.476,-0.066,0.858,-3.79,-6.23,5.95,-0.833,0.06,0.499,-5.02,-1.01,-0.05,10.91,10.65,0,1
1785171233.617664,LEFTARMGRIPPERCLOSE,165.7,343.7,189.6,197.3,0.0,66.2,132.6,340.8,28.3,0.0,163.5,0.0,0.0,0.0,0.488,-0.046,0.856,-0.8,-8.37,7.69,-0.816,0.044,0.5,-5.56,-1.32,0.98,11.43,10.49,0,1
1785171233.62689,LEFTARMGRIPPERCLOSE,165.7,343.7,189.6,197.3,0.0,66.1,132.5,340.8,28.3,0.0,163.5,0.0,0.0,0.0,0.512,-0.052,0.859,1.02,-11.16,9.09,-0.819,0.026,0.509,-5.2,-1.53,1.02,11.57,10.62,0,1
1785171233.6379359,LEFTARMGRIPPERCLOSE,165.6,343.7,189.6,197.3,0.0,66.1,132.4,340.8,28.3,0.0,163.5,0.0,0.0,0.0,0.501,-0.071,0.855,2.69,-12.81,9.5,-0.819,0.015,0.496,-4.04,-1.79,0.45,11.68,10.71,0,1
1785171233.6480186,LEFTARMGRIPPERCLOSE,165.6,343.7,189.6,197.4,0.0,66.0,132.3,340.8,28.3,0.0,163.2,0.0,0.0,0.0,0.46,-0.081,0.845,5.16,-12.66,9.14,-0.815,0.013,0.495,-2.73,-2.08,-0.5,11.26,10.53,0,1
1785171233.6570292,LEFTARMGRIPPERCLOSE,165.7,343.7,189.6,197.5,0.0,65.9,132.3,340.8,28.2,0.0,163.3,0.0,0.0,0.0,0.443,-0.063,0.842,6.51,-12.84,8.55,-0.812,0.025,0.506,-1.58,-1.87,-0.9,11.45,10.65,0,1
1785171233.6611507,LEFTARMGRIPPERCLOSE,165.7,343.7,189.6,197.5,0.0,65.7,132.3,340.8,28.2,0.0,163.3,0.0,0.0,0.0,0.484,-0.057,0.81,4.15,-12.4,7.87,-0.803,0.028,0.511,-0.6,-1.67,-0.7,11.58,10.74,0,1
1785171233.6767309,LEFTARMGRIPPERCLOSE,165.7,343.7,189.5,197.5,0.0,65.5,132.3,340.8,28.2,0.0,163.3,0.0,0.0,0.0,0.493,-0.07,0.799,1.95,-10.98,5.31,-0.808,0.023,0.503,-0.23,-1.44,-0.81,11.69,9.55,0,1
1785171233.6867816,LEFTARMGRIPPERCLOSE,165.7,343.7,189.5,197.6,0.0,65.4,132.3,340.7,28.2,0.0,163.3,0.0,0.0,0.0,0.499,-0.06,0.789,3.87,-8.97,1.38,-0.806,0.037,0.501,0.39,-1.09,-1.34,11.52,9.92,0,1
1785171233.6964297,LEFTARMGRIPPERCLOSE,165.7,343.7,189.5,197.6,0.0,65.3,132.3,340.7,28.2,0.0,163.3,0.0,0.0,0.0,0.505,-0.022,0.802,4.52,-6.64,0.29,-0.81,0.035,0.517,0.71,-0.98,-1.51,12.14,10.19,0,1
1785171233.7039378,LEFTARMGRIPPERCLOSE,165.7,343.7,189.5,197.7,0.0,65.2,132.3,340.7,28.2,0.0,163.3,0.0,0.0,0.0,0.515,-0.011,0.844,2.4,-6.97,4.32,-0.807,0.05,0.499,0.31,-0.93,-1.81,11.6,10.14,0,1
1785171233.717101,LEFTARMGRIPPERCLOSE,165.7,344.0,189.5,197.7,0.0,65.2,132.3,340.7,28.2,0.0,163.3,0.0,0.0,0.0,0.531,-0.059,0.87,-0.66,-7.88,8.57,-0.799,0.05,0.492,-0.47,-0.48,-1.17,11.95,10.35,0,1
1785171233.7276282,LEFTARMGRIPPERCLOSE,165.7,343.9,189.5,197.9,0.0,65.2,132.2,340.7,28.1,0.0,163.3,0.0,0.0,0.0,0.519,-0.086,0.839,-0.08,-6.64,8.35,-0.797,0.056,0.494,-1.67,-0.07,-0.25,11.46,10.02,0,1
1785171233.7376628,LEFTARMGRIPPERCLOSE,165.7,343.9,189.5,198.0,0.0,65.2,132.2,340.7,28.1,0.0,163.3,0.0,0.0,0.0,0.506,-0.06,0.838,2.08,-5.31,7.62,-0.798,0.055,0.496,-2.38,0.27,0.39,11.6,10.01,0,1
1785171233.7450116,LEFTARMGRIPPERCLOSE,165.7,343.9,189.5,198.2,0.0,65.2,132.2,340.8,28.1,0.0,163.3,0.0,0.0,0.0,0.504,-0.03,0.837,1.5,-4.77,8.63,-0.807,0.051,0.495,-3.1,0.65,0.62,11.45,9.76,0,1
1785171233.759902,LEFTARMGRIPPERCLOSE,165.7,343.9,189.2,198.3,0.0,65.2,132.2,340.8,28.1,0.0,163.3,0.0,0.0,0.0,0.492,-0.029,0.834,1.15,-5.63,9.8,-0.801,0.039,0.507,-3.53,1.18,1.02,11.34,9.82,0,1
1785171233.7613146,LEFTARMGRIPPERCLOSE,165.7,343.9,189.2,198.8,0.0,65.2,132.2,340.8,28.1,0.0,163.3,0.0,0.0,0.0,0.502,-0.055,0.836,2.4,-7.48,9.04,-0.796,0.029,0.51,-3.54,1.77,1.4,10.75,9.86,0,1
1785171233.780348,LEFTARMGRIPPERCLOSE,165.7,343.9,189.2,198.9,0.0,65.2,132.2,340.8,28.1,0.0,163.3,0.0,0.0,0.0,0.531,-0.08,0.84,5.22,-8.6,5.98,-0.793,0.02,0.501,-1.98,2.31,1.24,11.06,10.4,0,1
1785171233.7876818,LEFTARMGRIPPERCLOSE,165.7,343.9,189.2,199.1,0.0,65.2,132.2,340.8,28.1,0.0,163.4,0.0,0.0,0.0,0.545,-0.087,0.828,8.71,-9.44,3.45,-0.806,0.022,0.509,-0.85,2.6,0.2,11.3,8.8,0,1
1785171233.7945886,LEFTARMGRIPPERCLOSE,165.7,343.9,189.2,199.2,0.0,65.3,132.3,340.8,28.1,0.0,163.4,0.0,0.0,0.0,0.543,-0.071,0.812,12.63,-9.4,2.31,-0.81,0.022,0.504,0.65,2.86,-0.47,11.47,9.6,0,1
1785171233.8091881,LEFTARMGRIPPERCLOSE,165.8,343.9,189.3,199.5,0.0,65.5,132.5,340.8,28.1,0.0,163.4,0.0,0.0,0.0,0.514,-0.052,0.808,14.36,-10.88,4.57,-0.803,0.02,0.505,1.76,2.66,-0.94,11.36,9.95,0,1
1785171233.8159409,LEFTARMGRIPPERCLOSE,165.9,343.9,189.3,199.8,0.0,65.7,132.7,340.8,28.1,0.0,163.4,0.0,0.0,0.0,0.547,-0.019,0.809,13.89,-10.56,4.53,-0.823,0.038,0.498,3.13,2.49,-2.95,11.52,10.21,0,1
1785171233.8276634,LEFTARMGRIPPERCLOSE,166.0,343.9,189.3,200.1,0.0,65.9,133.0,340.8,28.1,0.0,163.4,0.0,0.0,0.0,0.539,-0.008,0.805,12.6,-11.26,7.83,-0.828,0.06,0.486,3.24,0.7,-4.56,11.39,10.41,0,1
1785171233.834365,LEFTARMGRIPPERCLOSE,166.2,343.9,189.3,200.6,0.0,66.1,133.5,340.8,28.1,0.0,163.4,0.0,0.0,0.0,0.551,-0.012,0.818,11.47,-11.27,10.57,-0.81,0.078,0.469,1.14,0.75,-3.76,11.54,10.56,0,1
1785171233.8490999,LEFTARMGRIPPERCLOSE,166.3,343.9,189.3,201.0,0.0,66.2,133.5,340.8,28.1,0.0,163.4,0.0,0.0,0.0,0.552,-0.037,0.806,9.95,-10.42,13.11,-0.826,0.077,0.479,-1.66,0.82,-1.1,11.41,10.42,0,1
1785171233.8576722,LEFTARMGRIPPERCLOSE,166.5,343.9,189.3,201.3,0.0,66.5,133.6,340.8,28.1,0.0,163.4,0.0,0.0,0.0,0.535,-0.048,0.76,8.83,-8.22,14.24,-0.822,0.053,0.492,-3.71,0.69,1.02,11.55,10.06,0,1
1785171233.8683844,LEFTARMGRIPPERCLOSE,166.6,343.9,189.3,201.7,0.0,66.9,133.7,340.8,28.1,0.0,163.4,0.0,0.0,0.0,0.514,-0.051,0.74,7.26,-2.88,12.92,-0.812,0.034,0.499,-4.19,1.03,0.09,11.67,9.8,0,1
1785171233.8803785,LEFTARMGRIPPERCLOSE,166.8,343.9,189.3,202.0,0.0,67.2,133.7,340.7,28.1,0.0,163.4,0.0,0.0,0.0,0.482,-0.029,0.751,5.5,2.6,12.73,-0.8,0.036,0.503,-3.34,1.15,-1.02,11.5,9.85,0,1
1785171233.8803785,LEFTARMGRIPPERCLOSE,166.9,343.9,189.3,202.6,0.0,67.6,133.8,340.7,28.1,0.0,163.4,0.0,0.0,0.0,0.465,-0.036,0.772,2.85,6.23,13.42,-0.805,0.045,0.496,-3.24,1.37,-0.4,10.87,9.89,0,1
1785171233.8986485,LEFTARMGRIPPERCLOSE,167.0,343.9,189.3,203.0,0.0,67.9,133.8,340.7,28.1,0.0,163.4,0.0,0.0,0.0,0.46,-0.059,0.794,0.85,8.47,12.17,-0.807,0.037,0.505,-3.15,1.4,0.67,11.16,10.16,0,1
1785171233.9065163,LEFTARMGRIPPERCLOSE,167.1,343.9,189.3,203.5,0.0,68.2,133.7,340.7,28.1,0.0,163.4,0.0,0.0,0.0,0.451,-0.058,0.82,1.81,9.57,9.4,-0.815,0.028,0.495,-3.18,1.95,0.78,10.87,9.87,0,1
1785171233.9149323,LEFTARMGRIPPERCLOSE,167.2,343.9,189.3,203.8,0.0,68.5,133.6,340.7,28.1,0.0,163.4,0.0,0.0,0.0,0.46,-0.035,0.837,1.99,8.92,9.36,-0.814,0.019,0.503,-2.05,2.02,0.09,11.15,10.16,0,1
1785171233.9289708,LEFTARMGRIPPERCLOSE,167.4,343.9,189.3,204.1,0.0,68.8,133.6,340.8,28.1,0.0,163.4,0.0,0.0,0.0,0.474,-0.046,0.848,0.85,6.8,10.81,-0.819,0.018,0.513,-0.36,1.5,-1.39,11.11,10.12,0,1
1785171233.9391468,LEFTARMGRIPPERCLOSE,167.5,343.9,189.3,204.4,0.0,69.1,133.6,340.8,28.1,0.0,163.4,0.0,0.0,0.0,0.486,-0.083,0.837,0.95,4.84,10.05,-0.823,0.022,0.496,1.22,1.15,-2.87,11.33,9.84,0,1
1785171233.946156,LEFTARMGRIPPERCLOSE,167.6,343.9,189.3,204.6,0.0,69.5,133.5,340.8,28.1,0.0,163.4,0.0,0.0,0.0,0.496,-0.099,0.828,2.88,3.8,8.6,-0.83,0.044,0.493,1.47,0.47,-3.1,11.25,9.88,0,1
1785171233.9515092,LEFTARMGRIPPERCLOSE,167.7,343.9,189.3,204.7,0.0,69.8,133.5,340.8,28.1,0.0,163.4,0.0,0.0,0.0,0.485,-0.077,0.803,3.66,4.69,7.39,-0.827,0.05,0.49,0.48,0.46,-1.76,11.44,9.91,0,1
1785171233.9673467,LEFTARMGRIPPERCLOSE,167.6,343.9,189.3,204.9,0.0,70.2,133.5,340.8,28.1,0.0,163.4,0.0,0.0,0.0,0.458,-0.066,0.772,0.87,7.96,8.29,-0.824,0.052,0.489,-1.1,0.54,-0.6,11.08,10.18,0,1
1785171233.9779027,LEFTARMGRIPPERCLOSE,167.7,343.9,189.3,205.1,0.0,70.4,133.3,340.8,28.1,0.0,163.4,0.0,0.0,0.0,0.434,-0.047,0.778,-3.53,12.3,10.25,-0.823,0.05,0.502,-1.79,0.22,-0.24,11.56,10.39,0,1
1785171233.9834445,LEFTARMGRIPPERCLOSE,167.8,343.9,189.2,205.2,0.0,70.6,133.1,340.8,28.1,0.0,163.4,0.0,0.0,0.0,0.424,-0.051,0.792,-7.81,16.37,13.4,-0.813,0.047,0.495,-1.69,-0.02,-0.6,11.17,10.04,0,1
1785171233.9992862,LEFTARMGRIPPERCLOSE,167.9,343.9,189.1,205.3,0.0,70.8,132.9,340.8,28.1,0.0,163.4,0.0,0.0,0.0,0.46,-0.079,0.853,-8.9,17.38,15.9,-0.825,0.049,0.498,-1.99,-0.4,-0.89,11.38,10.28,0,1
1785171234.0047424,LEFTARMGRIPPERCLOSE,168.0,343.9,189.1,205.3,0.0,71.0,132.6,340.8,28.1,0.0,163.4,0.0,0.0,0.0,0.507,-0.101,0.898,-7.24,14.79,17.69,-0.823,0.05,0.495,-2.3,-0.96,-0.6,11.28,9.96,0,1
1785171234.0151546,LEFTARMGRIPPERCLOSE,168.1,343.9,189.0,205.4,0.0,71.1,132.5,340.8,28.1,0.0,163.4,0.0,0.0,0.0,0.52,-0.166,0.883,-1.73,10.25,15.34,-0.82,0.04,0.498,-2.62,-1.26,-0.14,11.46,9.47,0,1
1785171234.029679,LEFTARMGRIPPERCLOSE,168.2,343.9,188.9,205.5,0.0,71.2,132.4,340.4,28.1,0.0,163.4,0.0,0.0,0.0,0.515,-0.168,0.847,7.65,6.61,5.59,-0.818,0.034,0.497,-2.32,-1.66,-0.11,11.1,9.85,0,1
1785171234.038549,LEFTARMGRIPPERCLOSE,168.2,343.9,188.8,205.5,0.0,71.3,132.3,340.5,28.1,0.0,163.4,0.0,0.0,0.0,0.488,-0.126,0.78,12.82,4.65,-3.99,-0.819,0.025,0.504,-1.95,-1.65,-0.37,11.32,10.14,0,1
1785171234.048727,LEFTARMGRIPPERCLOSE,168.2,343.8,188.7,205.6,0.0,71.5,132.2,340.6,28.1,0.0,163.4,0.0,0.0,0.0,0.468,-0.081,0.713,12.34,8.49,-9.16,-0.814,0.026,0.506,-0.97,-1.71,-0.89,11.24,10.35,0,1
1785171234.0585918,LEFTARMGRIPPERCLOSE,168.2,343.8,188.6,205.7,0.0,71.6,132.2,340.6,28.1,0.0,163.4,0.0,0.0,0.0,0.437,-0.052,0.745,7.19,16.15,-9.69,-0.813,0.026,0.51,-0.21,-1.37,-0.92,11.43,10.52,0,1
1785171234.0630546,LEFTARMGRIPPERCLOSE,168.2,343.8,188.6,205.8,0.0,71.8,132.2,340.6,28.1,0.0,163.4,0.0,0.0,0.0,0.42,-0.065,0.807,1.69,20.72,-7.33,-0.807,0.024,0.498,0.17,-0.99,-0.76,11.07,10.39,0,1
1785171234.076672,LEFTARMGRIPPERCLOSE,168.2,343.8,188.6,205.9,0.0,72.0,132.2,340.6,28.1,0.0,163.4,0.0,0.0,0.0,0.463,-0.111,0.858,0.3,21.49,-7.74,-0.817,0.034,0.506,0.88,-1.07,-1.18,11.31,10.04,0,1
1785171234.076672,LEFTARMGRIPPERCLOSE,168.2,343.5,188.6,205.9,0.0,72.2,132.2,340.6,28.1,0.0,163.4,0.0,0.0,0.0,0.474,-0.159,0.885,5.57,20.5,-13.0,-0.812,0.038,0.49,1.11,-0.9,-1.81,11.48,10.28,0,1
1785171234.0944557,LEFTARMGRIPPERCLOSE,168.2,343.6,188.6,205.9,0.0,72.4,132.3,340.7,28.1,0.0,163.4,0.0,0.0,0.0,0.468,-0.147,0.872,17.56,17.6,-17.66,-0.812,0.052,0.488,1.17,-0.68,-2.0,11.61,9.96,0,1
1785171234.1049142,LEFTARMGRIPPERCLOSE,168.2,343.6,188.6,205.9,0.0,72.6,132.6,340.7,28.1,0.0,163.4,0.0,0.0,0.0,0.483,-0.044,0.859,29.07,14.6,-21.52,-0.802,0.055,0.495,0.37,-0.89,-1.27,11.21,10.22,0,1
1785171234.1176744,LEFTARMGRIPPERCLOSE,168.2,343.5,188.6,206.0,0.0,72.9,132.9,340.7,28.1,0.0,163.4,0.0,0.0,0.0,0.5,0.053,0.827,31.79,11.65,-20.85,-0.811,0.059,0.486,-0.18,-1.11,-0.88,11.16,10.17,0,1
1785171234.1269872,LEFTARMGRIPPERCLOSE,168.2,343.6,188.6,206.0,0.0,73.2,133.2,340.7,28.1,0.0,163.4,0.0,0.0,0.0,0.504,0.116,0.791,25.88,10.77,-17.02,-0.819,0.05,0.493,-1.01,-1.4,-0.85,11.12,10.37,0,1
1785171234.1269872,LEFTARMGRIPPERCLOSE,168.2,343.6,188.6,206.0,0.0,73.4,133.4,340.7,28.1,0.0,163.4,0.0,0.0,0.0,0.502,0.119,0.765,15.33,12.95,-11.01,-0.817,0.043,0.489,-1.62,-1.02,-1.12,11.34,10.28,0,1
1785171234.1463149,LEFTARMGRIPPERCLOSE,168.2,343.6,188.6,206.0,0.0,73.7,133.5,340.7,28.1,0.0,163.4,0.0,0.0,0.0,0.479,0.046,0.774,6.37,17.27,-4.2,-0.815,0.05,0.502,-2.21,-0.95,-0.79,11.5,9.96,0,1
1785171234.1574888,LEFTARMGRIPPERCLOSE,168.2,343.6,188.6,206.0,0.0,73.9,133.6,340.7,28.1,0.0,163.4,0.0,0.0,0.0,0.489,-0.003,0.849,0.07,15.03,-3.82,-0.802,0.046,0.49,-2.66,-0.56,-0.24,11.63,9.97,0,1
1785171234.1610365,LEFTARMGRIPPERCLOSE,168.2,343.6,188.7,206.0,0.0,74.1,133.6,340.7,28.1,0.0,163.4,0.0,0.0,0.0,0.479,-0.041,0.796,-6.14,18.24,-7.28,-0.823,0.041,0.497,-2.79,-0.97,0.47,11.22,10.23,0,1
1785171234.1769292,LEFTARMGRIPPERCLOSE,168.2,343.6,188.7,206.0,0.0,74.3,133.6,340.7,28.1,0.0,163.4,0.0,0.0,0.0,0.441,-0.079,0.914,-8.23,17.51,-6.17,-0.794,0.037,0.484,-2.8,-0.23,-0.14,10.92,10.17,0,1
1785171234.1871822,LEFTARMGRIPPERCLOSE,168.2,343.6,188.7,205.9,0.0,74.4,133.5,340.7,28.1,0.0,163.4,0.0,0.0,0.0,0.437,-0.168,0.92,-1.1,14.45,-8.5,-0.822,0.039,0.496,-2.32,0.15,-0.14,10.94,10.38,0,1
1785171234.1935468,LEFTARMGRIPPERCLOSE,168.2,343.7,188.7,205.8,0.0,74.7,133.1,340.7,28.1,0.0,163.4,0.0,0.0,0.0,0.456,-0.149,0.902,10.94,9.72,-12.53,-0.779,0.031,0.496,-2.12,0.56,0.49,11.45,10.53,0,1
1785171234.2051194,LEFTARMGRIPPERCLOSE,168.2,343.7,188.7,205.7,0.0,74.9,133.2,340.7,28.1,0.0,163.4,0.0,0.0,0.0,0.476,-0.07,0.871,15.44,7.45,-17.41,-0.82,0.022,0.515,-0.89,1.15,-0.13,11.09,10.4,0,1
1785171234.2101717,LEFTARMGRIPPERCLOSE,168.5,343.7,188.7,205.7,0.0,75.1,133.3,340.7,28.1,0.0,163.4,0.0,0.0,0.0,0.482,-0.019,0.859,15.31,6.21,-16.87,-0.808,0.029,0.499,0.07,0.4,-1.69,11.32,10.55,0,1
1785171234.2268572,LEFTARMGRIPPERCLOSE,168.5,343.7,188.6,205.6,0.0,75.2,133.5,340.7,28.1,0.0,163.4,0.0,0.0,0.0,0.45,-0.0,0.863,12.31,5.03,-14.92,-0.808,0.042,0.503,0.6,0.72,-3.03,11.24,10.66,0,1
1785171234.234877,LEFTARMGRIPPERCLOSE,168.4,343.7,188.6,205.6,0.0,75.3,133.5,340.7,28.1,0.0,163.4,0.0,0.0,0.0,0.439,0.021,0.885,9.47,3.67,-12.21,-0.81,0.056,0.487,0.06,0.35,-1.92,11.43,10.75,0,1
1785171234.2451963,LEFTARMGRIPPERCLOSE,168.4,343.7,188.6,205.6,0.0,75.4,133.6,340.7,28.1,0.0,163.0,0.0,0.0,0.0,0.44,0.014,0.857,7.91,2.28,-8.19,-0.821,0.054,0.491,-1.2,0.48,-0.55,11.07,10.56,0,1
1785171234.2559316,LEFTARMGRIPPERCLOSE,168.4,343.7,188.6,205.6,0.0,75.5,133.7,340.7,28.1,0.0,163.1,0.0,0.0,0.0,0.464,0.015,0.827,6.44,1.89,-5.37,-0.813,0.048,0.496,-2.13,0.4,-0.24,11.3,10.92,0,1
1785171234.2676444,LEFTARMGRIPPERCLOSE,168.4,343.7,188.6,205.6,0.0,75.6,133.8,340.7,28.1,0.0,163.2,0.0,0.0,0.0,0.471,-0.004,0.81,4.51,3.27,-2.91,-0.816,0.033,0.499,-1.83,0.38,-0.56,11.23,10.69,0,1
1785171234.2770746,LEFTARMGRIPPERCLOSE,168.4,343.7,188.6,205.6,0.0,75.7,133.7,340.7,28.1,0.0,163.3,0.0,0.0,0.0,0.482,-0.007,0.823,3.64,4.15,-2.15,-0.827,0.035,0.496,-1.43,-0.06,-0.72,11.42,10.77,0,1
1785171234.2770746,LEFTARMGRIPPERCLOSE,168.4,343.7,188.6,205.6,0.0,76.0,133.7,340.7,28.1,0.0,163.3,0.0,0.0,0.0,0.462,-0.013,0.857,4.01,3.63,-1.36,-0.815,0.034,0.495,-0.98,-0.21,-1.21,11.07,10.58,0,1
1785171234.2952228,LEFTARMGRIPPERCLOSE,168.4,343.7,188.6,205.6,0.0,76.0,133.7,340.7,28.1,0.0,163.3,0.0,0.0,0.0,0.464,-0.007,0.867,5.6,1.72,-0.53,-0.821,0.046,0.498,-1.3,-0.63,-1.11,11.05,10.43,0,1
1785171234.3066957,LEFTARMGRIPPERCLOSE,168.4,343.7,188.6,205.6,0.0,75.9,133.7,340.7,28.1,0.0,163.3,0.0,0.0,0.0,0.451,-0.001,0.854,6.43,-0.08,0.36,-0.819,0.041,0.499,-1.69,-0.71,-0.4,11.04,10.32,0,1
1785171234.3106782,LEFTARMGRIPPERCLOSE,168.4,343.7,188.6,205.5,0.0,75.9,133.7,340.7,28.1,0.0,163.3,0.0,0.0,0.0,0.447,0.005,0.838,7.22,-0.49,1.01,-0.812,0.035,0.506,-1.59,-0.45,-0.19,11.28,10.24,0,1
1785171234.3274362,LEFTARMGRIPPERCLOSE,168.3,343.7,188.6,205.5,0.0,75.9,133.7,340.7,28.1,0.0,163.3,0.0,0.0,0.0,0.449,0.019,0.855,5.56,0.15,4.26,-0.81,0.034,0.5,-0.79,-0.77,-0.81,11.21,10.43,0,1
1785171234.3376462,LEFTARMGRIPPERCLOSE,168.3,343.7,188.6,205.5,0.0,75.9,133.8,340.7,28.1,0.0,163.3,0.0,0.0,0.0,0.445,0.018,0.868,6.96,-1.22,6.19,-0.804,0.034,0.512,0.13,-0.49,-1.47,11.41,10.57,0,1
1785171234.343665,LEFTARMGRIPPERCLOSE,168.3,343.7,188.6,205.5,0.0,75.9,133.9,340.7,28.1,0.0,163.3,0.0,0.0,0.0,0.453,0.006,0.853,4.41,-1.86,8.21,-0.802,0.033,0.498,0.13,-0.29,-1.82,11.05,10.43,0,1
1785171234.3567028,LEFTARMGRIPPERCLOSE,168.3,343.7,188.6,205.5,0.0,75.9,133.9,340.7,28.1,0.0,163.3,0.0,0.0,0.0,0.437,-0.014,0.842,4.54,-1.54,8.58,-0.807,0.056,0.495,-0.35,-0.13,-1.85,11.29,10.32,0,1
1785171234.3676457,LEFTARMGRIPPERCLOSE,168.3,343.7,188.5,205.5,0.0,75.8,134.0,340.7,28.1,0.0,163.3,0.0,0.0,0.0,0.45,-0.041,0.875,2.66,-1.88,8.56,-0.808,0.055,0.494,-1.19,0.05,-1.18,10.97,10.24,0,1
1785171234.3768227,LEFTARMGRIPPERCLOSE,168.3,343.7,188.4,205.5,0.0,75.7,134.0,340.7,28.1,0.0,163.3,0.0,0.0,0.0,0.447,-0.051,0.804,5.61,-1.73,5.47,-0.808,0.054,0.506,-2.2,0.39,-0.4,11.23,10.43,0,1
1785171234.3876576,LEFTARMGRIPPERCLOSE,168.3,343.7,188.3,205.5,0.0,75.7,134.2,340.7,28.1,0.0,163.3,0.0,0.0,0.0,0.467,-0.062,0.799,3.02,1.86,3.92,-0.816,0.047,0.49,-2.36,0.54,-0.47,10.92,10.57,0,1
1785171234.3969035,LEFTARMGRIPPERCLOSE,168.3,343.7,188.2,205.5,0.0,75.6,134.2,340.7,28.0,0.0,163.3,0.0,0.0,0.0,0.442,-0.066,0.805,9.59,5.87,-1.34,-0.814,0.04,0.504,-2.09,0.35,-0.84,11.44,10.68,0,1
1785171234.4073389,LEFTARMGRIPPERCLOSE,168.3,343.7,188.2,205.5,0.0,75.6,134.2,340.7,28.0,0.0,163.3,0.0,0.0,0.0,0.428,-0.037,0.844,8.75,6.94,-2.42,-0.814,0.033,0.494,-1.44,0.21,-0.91,11.08,10.76,0,1
1785171234.4159565,LEFTARMGRIPPERCLOSE,168.3,343.7,188.2,205.4,0.0,75.5,134.3,340.7,28.0,0.0,163.3,0.0,0.0,0.0,0.452,-0.019,0.839,7.37,6.71,-2.82,-0.822,0.033,0.496,-1.34,-0.17,-1.23,11.31,10.57,0,1
1785171234.427487,LEFTARMGRIPPERCLOSE,168.3,343.8,188.2,205.3,0.0,75.5,134.4,340.7,28.0,0.0,163.3,0.0,0.0,0.0,0.468,-0.003,0.83,7.68,7.22,-2.27,-0.823,0.037,0.491,-1.33,-0.46,-1.03,10.98,10.43,0,1
1785171234.4356358,LEFTARMGRIPPERCLOSE,168.3,343.8,188.2,205.2,0.0,75.5,134.4,340.7,28.3,0.0,163.3,0.0,0.0,0.0,0.458,0.0,0.853,6.83,7.44,-1.62,-0.819,0.041,0.495,-1.21,-0.69,-0.86,10.99,10.07,0,1
1785171234.4464731,LEFTARMGRIPPERCLOSE,168.3,343.8,188.2,205.1,0.0,75.5,134.6,340.7,28.3,0.0,163.3,0.0,0.0,0.0,0.47,0.011,0.867,5.41,5.2,-0.6,-0.822,0.034,0.508,-1.27,-0.86,-0.82,10.99,10.3,0,1
1785171234.4498918,LEFTARMGRIPPERCLOSE,168.3,343.8,188.2,205.0,0.0,75.5,134.7,340.7,28.3,0.0,163.3,0.0,0.0,0.0,0.47,0.011,0.852,5.05,2.47,0.24,-0.817,0.031,0.49,-0.49,-1.01,-0.84,10.99,10.48,0,1
1785171234.4676445,LEFTARMGRIPPERCLOSE,168.3,343.8,188.2,204.9,0.0,75.5,134.8,340.7,28.3,0.0,163.3,0.0,0.0,0.0,0.466,0.017,0.856,4.66,0.92,1.15,-0.822,0.029,0.5,-0.04,-1.4,-1.19,10.99,10.61,0,1
1785171234.4770207,LEFTARMGRIPPERCLOSE,168.5,343.8,188.2,204.8,0.0,75.5,134.8,340.7,28.3,0.0,163.3,0.0,0.0,0.0,0.474,0.013,0.84,3.91,0.76,2.09,-0.818,0.044,0.505,0.02,-1.69,-1.94,11.25,10.46,0,1
1785171234.487644,LEFTARMGRIPPERCLOSE,168.5,343.8,188.2,204.7,0.0,75.5,134.8,340.6,28.3,0.0,163.3,0.0,0.0,0.0,0.477,-0.011,0.855,3.59,0.76,3.05,-0.818,0.05,0.502,-0.67,-1.77,-2.05,10.93,10.59,0,1
1785171234.4940002,LEFTARMGRIPPERCLOSE,168.4,343.8,188.2,204.6,0.0,75.5,134.8,340.6,28.2,0.0,163.3,0.0,0.0,0.0,0.471,-0.033,0.879,2.24,-0.37,3.39,-0.812,0.06,0.489,-2.27,-1.41,-1.42,11.7,10.44,0,1
1785171234.507238,LEFTARMGRIPPERCLOSE,168.4,343.8,188.2,204.6,0.0,75.4,134.8,340.6,28.2,0.0,163.3,0.0,0.0,0.0,0.456,-0.027,0.907,3.75,-3.05,2.77,-0.808,0.049,0.49,-2.92,-1.4,-0.38,12.03,10.58,0,1
1785171234.5176523,LEFTARMGRIPPERCLOSE,168.4,343.8,188.2,204.6,0.0,75.3,134.7,340.6,28.2,0.0,163.3,0.0,0.0,0.0,0.457,0.01,0.893,5.09,-5.52,3.95,-0.808,0.044,0.487,-3.29,-1.34,0.08,12.27,10.44,0,1
1785171234.526742,LEFTARMGRIPPERCLOSE,168.3,343.8,188.2,204.5,0.0,75.2,134.8,340.6,28.2,0.0,163.3,0.0,0.0,0.0,0.446,0.013,0.876,6.31,-8.34,6.02,-0.8,0.04,0.499,-3.27,-1.16,-0.27,11.95,10.33,0,1
1785171234.5372088,LEFTARMGRIPPERCLOSE,168.4,343.8,188.2,204.4,0.0,75.1,134.9,340.6,28.2,0.0,163.3,0.0,0.0,0.0,0.448,-0.009,0.881,9.93,-11.09,5.97,-0.803,0.027,0.507,-2.76,-0.88,-0.53,11.46,10.25,0,1
1785171234.5440238,LEFTARMGRIPPERCLOSE,168.4,343.8,188.2,204.4,0.0,74.9,135.1,340.7,28.2,0.0,163.3,0.0,0.0,0.0,0.465,-0.024,0.867,15.47,-13.74,4.44,-0.798,0.026,0.509,-1.97,-0.4,-0.87,11.35,10.68,0,1
1785171234.5530236,LEFTARMGRIPPERCLOSE,168.4,343.6,188.2,204.3,0.0,74.7,135.2,340.7,28.2,0.0,163.3,0.0,0.0,0.0,0.477,-0.008,0.808,18.69,-13.85,1.99,-0.793,0.034,0.5,-0.69,0.02,-1.56,11.76,10.76,0,1
1785171234.565829,LEFTARMGRIPPERCLOSE,168.4,343.7,188.2,204.3,0.0,74.5,135.3,340.7,28.2,0.0,163.3,0.0,0.0,0.0,0.502,0.02,0.741,14.66,-8.57,1.17,-0.806,0.033,0.499,-0.26,0.17,-1.58,11.57,10.82,0,1
1785171234.576836,LEFTARMGRIPPERCLOSE,168.4,343.7,188.2,204.2,0.0,74.3,135.3,340.7,28.2,0.0,163.3,0.0,0.0,0.0,0.496,0.056,0.733,9.47,-0.29,1.72,-0.804,0.043,0.496,-0.05,0.51,-1.56,11.68,10.87,0,1
1785171234.587646,LEFTARMGRIPPERCLOSE,168.4,343.7,188.2,204.2,0.0,74.3,135.4,340.7,28.2,0.0,163.3,0.0,0.0,0.0,0.467,0.07,0.801,3.4,3.86,4.13,-0.804,0.052,0.494,-0.65,0.85,-1.25,11.51,10.9,0,1
1785171234.5951307,LEFTARMGRIPPERCLOSE,168.4,343.7,188.2,204.2,0.0,74.2,135.5,340.7,28.2,0.0,163.3,0.0,0.0,0.0,0.468,-0.002,0.84,-0.25,3.49,5.57,-0.809,0.054,0.498,-0.95,1.04,-1.12,11.63,10.93,0,1
1785171234.6075008,LEFTARMGRIPPERCLOSE,168.4,343.8,188.1,204.2,0.0,74.1,135.6,340.7,28.2,0.0,163.3,0.0,0.0,0.0,0.47,-0.049,0.85,1.79,3.63,3.22,-0.81,0.048,0.505,-1.58,1.07,-0.55,11.47,10.69,0,1
1785171234.6102722,LEFTARMGRIPPERCLOSE,168.4,343.8,188.1,204.1,0.0,74.1,135.6,340.7,28.2,0.0,163.3,0.0,0.0,0.0,0.469,-0.032,0.882,4.56,2.1,0.7,-0.808,0.044,0.498,-2.64,1.5,-0.05,11.61,10.52,0,1
1785171234.627608,LEFTARMGRIPPERCLOSE,168.4,343.8,188.1,204.1,0.0,74.0,135.6,340.7,28.2,0.0,163.3,0.0,0.0,0.0,0.479,-0.015,0.884,7.67,-0.36,0.23,-0.816,0.038,0.502,-2.43,1.37,0.49,11.7,11.39,0,1
1785171234.6356316,LEFTARMGRIPPERCLOSE,168.4,343.8,188.1,204.1,0.0,74.0,135.7,340.7,28.2,0.0,163.3,0.0,0.0,0.0,0.477,-0.007,0.887,14.12,-3.59,0.86,-0.815,0.026,0.496,-1.79,1.21,0.18,12.28,11.29,0,1
1785171234.6472168,LEFTARMGRIPPERCLOSE,168.4,343.8,188.1,204.1,0.0,74.0,136.2,340.7,28.2,0.0,163.3,0.0,0.0,0.0,0.475,-0.012,0.9,20.66,-9.11,0.59,-0.811,0.011,0.506,-0.86,1.53,0.06,11.96,10.97,0,1
1785171234.6571922,LEFTARMGRIPPERCLOSE,168.4,343.8,188.1,204.1,0.0,73.9,136.3,340.7,28.2,0.0,163.3,0.0,0.0,0.0,0.483,-0.01,0.922,30.69,-16.18,-0.21,-0.807,0.014,0.498,0.62,1.53,-0.53,11.97,10.73,0,1
1785171234.6656346,LEFTARMGRIPPERCLOSE,168.3,343.8,188.1,204.1,0.0,73.8,136.7,340.7,28.2,0.0,163.3,0.0,0.0,0.0,0.5,-0.004,0.858,40.89,-22.84,-2.21,-0.815,0.033,0.5,1.82,1.53,-1.64,11.98,10.55,0,1
1785171234.6773067,LEFTARMGRIPPERCLOSE,168.3,343.8,188.1,204.1,0.0,73.5,137.2,340.7,28.2,0.0,163.3,0.0,0.0,0.0,0.525,0.012,0.834,44.35,-25.74,-4.62,-0.819,0.043,0.496,1.99,1.31,-2.02,12.23,10.41,0,1
1785171234.685659,LEFTARMGRIPPERCLOSE,168.3,343.8,188.1,204.1,0.0,73.4,137.6,340.7,28.2,0.0,163.2,0.0,0.0,0.0,0.513,0.038,0.809,41.48,-26.48,-5.18,-0.82,0.061,0.487,0.79,0.75,-1.37,11.67,10.06,0,1
1785171234.6966166,LEFTARMGRIPPERCLOSE,168.3,343.8,188.1,204.1,0.0,73.2,138.1,340.7,28.2,0.0,163.3,0.0,0.0,0.0,0.507,0.085,0.727,30.89,-22.5,-4.32,-0.82,0.067,0.494,-0.61,0.64,-0.1,11.76,10.04,0,1
1785171234.705797,LEFTARMGRIPPERCLOSE,168.3,343.8,188.1,204.2,0.0,73.0,138.7,340.7,28.2,0.0,163.3,0.0,0.0,0.0,0.457,0.099,0.656,13.36,-10.92,-1.92,-0.825,0.059,0.495,-2.26,-0.05,0.29,11.57,10.28,0,1
1785171234.7155147,LEFTARMGRIPPERCLOSE,168.3,343.8,188.1,204.3,0.0,73.0,139.0,340.7,28.2,0.0,163.3,0.0,0.0,0.0,0.405,0.071,0.696,0.92,-0.24,1.38,-0.81,0.055,0.49,-3.41,0.06,0.3,11.93,10.21,0,1
1785171234.7266958,LEFTARMGRIPPERCLOSE,168.3,343.8,188.1,204.3,0.0,72.9,139.3,340.7,28.2,0.0,163.3,0.0,0.0,0.0,0.393,0.055,0.789,-1.64,6.13,4.05,-0.807,0.05,0.499,-3.82,-0.19,0.35,11.69,10.41,0,1
1785171234.7366843,LEFTARMGRIPPERCLOSE,168.3,343.8,188.1,204.3,0.0,72.8,139.5,340.7,28.2,0.0,163.4,0.0,0.0,0.0,0.457,0.057,0.874,-4.55,6.8,6.53,-0.824,0.041,0.496,-4.03,-0.69,0.27,12.02,10.56,0,1
1785171234.744277,LEFTARMGRIPPERCLOSE,168.3,343.8,188.1,204.3,0.0,72.7,139.6,340.7,28.2,0.0,163.4,0.0,0.0,0.0,0.495,0.026,0.881,-7.02,5.02,10.2,-0.813,0.026,0.494,-3.55,-0.56,-0.12,11.02,10.42,0,1
1785171234.7576475,LEFTARMGRIPPERCLOSE,168.3,343.8,188.1,204.3,0.0,72.6,139.6,340.7,28.2,0.0,163.4,0.0,0.0,0.0,0.501,-0.006,0.912,-6.4,1.6,9.78,-0.804,0.016,0.507,-2.81,-0.4,-0.39,11.26,10.56,0,1
1785171234.7669132,LEFTARMGRIPPERCLOSE,168.3,343.8,188.1,204.3,0.0,72.6,139.6,340.7,28.2,0.0,163.4,0.0,0.0,0.0,0.501,-0.027,0.903,-0.89,-4.34,7.5,-0.796,0.013,0.494,-0.52,-0.69,-1.8,10.95,10.42,0,1
1785171234.7781608,LEFTARMGRIPPERCLOSE,168.3,343.8,188.1,204.3,0.0,72.5,139.6,340.7,28.2,0.0,163.4,0.0,0.0,0.0,0.497,0.001,0.917,6.3,-11.21,3.7,-0.806,0.033,0.5,1.05,-0.37,-3.23,11.21,10.82,0,1
1785171234.7864604,LEFTARMGRIPPERCLOSE,168.3,343.8,188.1,204.3,0.0,72.5,139.7,340.7,28.2,0.0,163.4,0.0,0.0,0.0,0.508,-0.005,0.91,11.24,-20.4,1.95,-0.81,0.049,0.501,0.55,-0.58,-2.49,11.16,10.61,0,1
1785171234.795851,LEFTARMGRIPPERCLOSE,168.3,343.8,188.1,204.3,0.0,72.4,139.8,340.7,28.2,0.0,163.4,0.0,0.0,0.0,0.51,-0.02,0.893,20.87,-27.53,-2.35,-0.826,0.049,0.488,-0.4,-0.3,-1.31,11.62,10.21,0,1
1785171234.806893,LEFTARMGRIPPERCLOSE,168.3,343.8,188.1,204.3,0.0,72.2,139.9,340.7,28.2,0.0,163.4,0.0,0.0,0.0,0.507,0.006,0.85,27.15,-31.31,-6.95,-0.824,0.047,0.502,-1.33,-0.38,-0.89,11.71,10.16,0,1
1785171234.8156364,LEFTARMGRIPPERCLOSE,168.3,343.8,188.1,204.3,0.0,72.0,140.1,340.7,28.2,0.0,163.4,0.0,0.0,0.0,0.495,0.026,0.791,27.72,-30.49,-9.05,-0.805,0.041,0.495,-1.27,-0.66,-1.47,12.04,10.37,0,1
1785171234.8261907,LEFTARMGRIPPERCLOSE,168.3,343.8,188.1,204.3,0.0,71.8,140.5,340.7,28.2,0.0,163.4,0.0,0.0,0.0,0.474,0.02,0.758,26.2,-26.44,-11.46,-0.818,0.036,0.503,-1.27,-0.32,-1.23,11.53,10.03,0,1
1785171234.837638,LEFTARMGRIPPERCLOSE,168.3,343.8,188.1,204.3,0.0,71.6,140.8,340.7,28.2,0.0,163.4,0.0,0.0,0.0,0.485,0.062,0.745,24.34,-21.75,-12.23,-0.816,0.037,0.505,-1.44,-0.45,-0.94,11.89,10.02,0,1
1785171234.8477216,LEFTARMGRIPPERCLOSE,168.3,343.8,188.1,204.3,0.0,71.5,141.0,340.7,28.1,0.0,163.4,0.0,0.0,0.0,0.488,0.097,0.768,18.4,-16.98,-9.73,-0.806,0.041,0.502,-1.44,-0.23,-1.19,11.92,11.01,0,1
1785171234.8557482,LEFTARMGRIPPERCLOSE,168.3,343.8,188.1,204.4,0.0,71.4,141.3,340.7,28.1,0.0,163.4,0.0,0.0,0.0,0.507,0.095,0.788,9.19,-12.66,-6.1,-0.808,0.037,0.502,-1.69,0.0,-0.83,11.94,11.01,0,1
1785171234.865636,LEFTARMGRIPPERCLOSE,168.3,343.8,188.1,204.4,0.0,71.2,141.6,340.7,28.1,0.0,163.4,0.0,0.0,0.0,0.512,0.078,0.791,3.66,-8.27,-2.82,-0.806,0.035,0.507,-1.52,0.24,-0.37,11.96,11.01,0,1
1785171234.876742,LEFTARMGRIPPERCLOSE,168.3,343.8,188.1,204.4,0.0,71.0,141.7,340.7,28.1,0.0,163.4,0.0,0.0,0.0,0.515,0.062,0.771,1.99,-3.82,-1.16,-0.805,0.026,0.496,-0.73,0.72,-0.4,12.47,10.76,0,1
1785171234.8873708,LEFTARMGRIPPERCLOSE,168.3,343.9,188.1,204.4,0.0,70.7,141.9,340.7,28.1,0.0,163.4,0.0,0.0,0.0,0.506,0.059,0.771,2.48,-0.65,-0.86,-0.801,0.022,0.496,0.39,0.9,-1.21,11.85,10.82,0,1
1785171234.8955667,LEFTARMGRIPPERCLOSE,168.3,343.9,188.1,204.4,0.0,70.5,142.1,340.7,28.1,0.0,163.4,0.0,0.0,0.0,0.512,0.073,0.783,3.71,1.05,-0.85,-0.803,0.024,0.502,1.82,1.15,-2.18,12.89,10.86,0,1
1785171234.9058368,LEFTARMGRIPPERCLOSE,168.3,343.8,188.1,204.3,0.0,70.3,142.2,340.7,28.1,0.0,163.4,0.0,0.0,0.0,0.521,0.092,0.799,3.08,0.45,0.19,-0.81,0.035,0.491,2.25,1.06,-2.35,12.92,10.9,0,1
1785171234.9155688,LEFTARMGRIPPERCLOSE,168.3,343.8,188.1,204.2,0.0,70.0,142.4,340.7,28.1,0.0,163.4,0.0,0.0,0.0,0.555,0.112,0.804,-0.77,-0.5,2.59,-0.82,0.057,0.489,2.11,0.85,-2.27,13.19,10.92,0,1
1785171234.925568,LEFTARMGRIPPERCLOSE,168.3,343.8,188.1,204.1,0.0,69.8,142.5,340.7,28.1,0.0,163.4,0.0,0.0,0.0,0.591,0.097,0.815,-4.37,-1.48,5.21,-0.815,0.062,0.493,0.89,0.43,-1.81,12.89,10.69,0,1
1785171234.9369187,LEFTARMGRIPPERCLOSE,168.3,343.8,188.1,204.0,0.0,69.7,142.6,340.7,28.1,0.0,163.4,0.0,0.0,0.0,0.594,0.05,0.8,-4.26,-1.86,6.07,-0.814,0.062,0.495,-0.5,0.46,-1.2,12.92,10.52,0,1
1785171234.945657,LEFTARMGRIPPERCLOSE,168.3,343.8,188.1,203.9,0.0,69.5,142.6,340.7,28.1,0.0,163.4,0.0,0.0,0.0,0.573,0.052,0.811,-1.79,-2.47,4.6,-0.824,0.059,0.49,-2.08,0.65,-0.5,12.69,10.39,0,1
1785171234.9597297,LEFTARMGRIPPERCLOSE,168.3,343.8,188.1,203.9,0.0,69.3,142.6,340.7,28.1,0.0,163.4,0.0,0.0,0.0,0.542,0.077,0.804,-1.73,-4.25,4.05,-0.818,0.052,0.487,-3.06,0.21,0.11,13.02,10.29,0,1
1785171234.9657688,LEFTARMGRIPPERCLOSE,168.3,343.8,188.1,203.8,0.0,69.2,142.7,340.7,28.1,0.0,163.4,0.0,0.0,0.0,0.536,0.071,0.803,-0.74,-5.74,3.32,-0.82,0.043,0.492,-3.61,0.22,0.11,12.76,10.22,0,1
1785171234.9762838,LEFTARMGRIPPERCLOSE,168.3,343.8,188.1,203.8,0.0,69.1,142.7,340.7,28.1,0.0,163.4,0.0,0.0,0.0,0.526,0.065,0.791,0.26,-6.27,2.21,-0.813,0.036,0.5,-3.91,0.31,0.12,12.82,10.66,0,1
1785171234.9875712,LEFTARMGRIPPERCLOSE,168.3,343.8,188.1,203.8,0.0,69.0,142.7,340.7,28.1,0.0,163.4,0.0,0.0,0.0,0.525,0.047,0.802,2.67,-7.51,-0.69,-0.813,0.025,0.501,-3.46,0.21,0.16,12.62,10.5,0,1
1785171234.9975743,LEFTARMGRIPPERCLOSE,168.6,343.8,188.1,203.8,0.0,68.9,142.7,340.7,28.1,0.0,163.4,0.0,0.0,0.0,0.505,0.057,0.856,5.96,-11.99,-3.37,-0.816,0.019,0.513,-2.52,0.17,0.05,12.71,11.62,0,1
1785171235.006134,LEFTARMGRIPPERCLOSE,168.5,343.8,188.1,203.8,0.0,68.8,142.7,340.7,28.1,0.0,163.4,0.0,0.0,0.0,0.531,0.076,0.865,5.55,-17.89,-3.81,-0.821,0.023,0.496,-1.41,-0.05,-0.6,12.03,11.22,0,1
1785171235.0168867,LEFTARMGRIPPERCLOSE,168.4,343.8,188.2,203.8,0.0,68.8,142.7,340.7,28.1,0.0,163.4,0.0,0.0,0.0,0.449,0.028,0.8,5.02,-20.67,-3.11,-0.816,0.021,0.498,0.21,-0.3,-1.3,12.03,11.16,0,1
1785171235.0266986,LEFTARMGRIPPERCLOSE,168.3,343.8,188.2,203.8,0.0,68.8,142.7,340.7,28.1,0.0,163.4,0.0,0.0,0.0,0.551,0.022,0.739,11.29,-16.25,-7.81,-0.818,0.028,0.509,0.8,-0.39,-1.7,12.02,10.87,0,1
1785171235.0355701,LEFTARMGRIPPERCLOSE,168.3,343.8,188.2,203.8,0.0,68.7,142.8,340.7,28.1,0.0,163.4,0.0,0.0,0.0,0.578,0.052,0.75,12.07,-11.04,-5.4,-0.82,0.042,0.498,1.11,-0.62,-1.73,12.01,10.4,0,1
1785171235.0476422,LEFTARMGRIPPERCLOSE,168.3,343.8,188.2,203.8,0.0,68.5,142.9,340.7,28.1,0.0,163.4,0.0,0.0,0.0,0.574,0.056,0.773,13.76,-6.82,-3.45,-0.812,0.044,0.49,0.76,-0.54,-1.65,11.76,10.55,0,1
1785171235.0572224,LEFTARMGRIPPERCLOSE,168.6,343.8,188.2,203.8,0.0,68.4,143.1,340.7,28.1,0.0,163.4,0.0,0.0,0.0,0.536,0.065,0.819,11.34,-5.18,-0.56,-0.811,0.051,0.488,0.47,-0.89,-1.56,11.57,10.91,0,1
1785171235.065568,LEFTARMGRIPPERCLOSE,168.5,343.8,188.2,203.8,0.0,68.3,143.2,340.7,28.1,0.0,163.4,0.0,0.0,0.0,0.509,0.076,0.814,9.79,-5.6,1.45,-0.819,0.063,0.487,-0.6,-0.89,-1.27,11.68,10.69,0,1
1785171235.079165,LEFTARMGRIPPERCLOSE,168.4,343.8,188.2,203.8,0.0,68.2,143.4,340.7,28.1,0.0,163.4,0.0,0.0,0.0,0.518,0.104,0.791,9.04,-6.02,3.9,-0.811,0.054,0.5,-1.63,-0.54,-1.09,12.01,10.51,0,1
1785171235.0870714,LEFTARMGRIPPERCLOSE,168.3,343.8,188.2,203.7,0.0,68.0,143.8,340.7,28.1,0.0,163.4,0.0,0.0,0.0,0.526,0.11,0.776,4.79,-5.02,5.84,-0.806,0.05,0.502,-2.21,-0.36,-0.5,12.01,10.39,0,1
1785171235.0982742,LEFTARMGRIPPERCLOSE,168.3,343.8,188.2,203.7,0.0,67.8,143.9,340.7,28.1,0.0,163.4,0.0,0.0,0.0,0.535,0.099,0.778,0.11,-4.87,7.05,-0.796,0.035,0.497,-2.77,-0.12,-0.27,12.5,10.54,0,1
1785171235.1080675,LEFTARMGRIPPERCLOSE,168.3,343.8,188.2,203.6,0.0,67.5,144.0,340.7,28.1,0.0,163.4,0.0,0.0,0.0,0.544,0.08,0.779,-1.6,-4.22,7.52,-0.818,0.042,0.5,-2.18,-0.1,-0.82,12.38,10.65,0,1
1785171235.1155713,LEFTARMGRIPPERCLOSE,168.3,343.8,188.2,203.4,0.0,67.2,144.1,340.7,28.1,0.0,163.4,0.0,0.0,0.0,0.553,0.072,0.789,-3.37,-3.89,7.82,-0.814,0.038,0.484,-2.23,-0.13,-1.14,12.28,10.49,0,1
1785171235.1267064,LEFTARMGRIPPERCLOSE,168.3,343.8,188.2,203.2,0.0,67.0,144.1,340.7,28.1,0.0,163.4,0.0,0.0,0.0,0.561,0.035,0.764,-3.41,-2.52,6.6,-0.81,0.043,0.496,-2.18,0.0,-1.28,12.21,10.37,0,1
1785171235.13692,LEFTARMGRIPPERCLOSE,168.3,343.7,188.2,203.0,0.0,66.9,144.1,340.7,28.1,0.0,163.4,0.0,0.0,0.0,0.564,0.014,0.79,-1.5,-0.93,3.34,-0.806,0.05,0.503,-2.18,0.31,-0.96,12.16,10.53,0,1
1785171235.1469524,LEFTARMGRIPPERCLOSE,168.3,343.7,188.2,202.9,0.0,66.7,144.1,340.5,28.1,0.0,163.4,0.0,0.0,0.0,0.567,0.037,0.796,-0.55,-0.41,1.15,-0.816,0.045,0.5,-2.44,0.21,-0.54,12.12,10.39,0,1
1785171235.1557014,LEFTARMGRIPPERCLOSE,168.2,343.7,188.2,202.8,0.0,66.5,144.1,340.6,28.1,0.0,163.4,0.0,0.0,0.0,0.568,0.075,0.791,-0.99,-0.25,2.8,-0.819,0.028,0.51,-2.21,0.34,-0.32,12.34,10.3,0,1
1785171235.1656888,LEFTARMGRIPPERCLOSE,168.2,343.7,188.2,202.6,0.0,66.3,144.1,340.6,28.1,0.0,163.4,0.0,0.0,0.0,0.574,0.09,0.769,1.76,-0.74,4.07,-0.812,0.022,0.497,-1.34,-0.02,-0.69,12.25,10.22,0,1
1785171235.17658,LEFTARMGRIPPERCLOSE,168.2,343.6,188.2,202.5,0.0,66.1,144.2,340.6,28.1,0.0,163.4,0.0,0.0,0.0,0.612,0.091,0.737,6.98,-0.82,3.31,-0.822,0.027,0.508,-0.28,0.0,-1.35,12.69,10.92,0,1
1785171235.1855698,LEFTARMGRIPPERCLOSE,168.2,343.6,188.2,202.4,0.0,66.0,144.3,340.6,28.1,0.0,163.4,0.0,0.0,0.0,0.628,0.115,0.741,8.73,-0.76,3.6,-0.821,0.035,0.5,0.28,-0.23,-1.89,12.52,11.19,0,1
1785171235.1967444,LEFTARMGRIPPERCLOSE,168.2,343.6,188.2,202.4,0.0,65.8,144.4,340.7,28.1,0.0,163.4,0.0,0.0,0.0,0.622,0.109,0.756,7.31,-1.49,4.31,-0.82,0.045,0.495,-0.1,-0.68,-1.44,12.64,10.89,0,1
1785171235.2059023,LEFTARMGRIPPERCLOSE,168.2,343.6,188.2,202.3,0.0,65.7,144.5,340.7,28.1,0.0,163.4,0.0,0.0,0.0,0.596,0.096,0.762,9.61,-3.57,2.7,-0.818,0.053,0.501,-1.03,-0.76,-0.64,12.48,10.92,0,1
1785171235.2174602,LEFTARMGRIPPERCLOSE,168.2,343.6,188.2,202.3,0.0,65.6,144.5,340.7,28.1,0.0,163.4,0.0,0.0,0.0,0.58,0.081,0.774,11.18,-5.43,1.48,-0.827,0.062,0.494,-2.48,-0.92,-0.04,12.11,10.44,0,1
1785171235.2268026,LEFTARMGRIPPERCLOSE,168.2,343.6,188.2,202.4,0.0,65.5,144.5,340.7,28.1,0.0,163.4,0.0,0.0,0.0,0.568,0.076,0.763,12.13,-5.58,0.62,-0.812,0.06,0.501,-3.85,-1.04,0.49,12.08,10.58,0,1
1785171235.2375069,LEFTARMGRIPPERCLOSE,168.2,343.6,188.2,202.4,0.0,65.4,144.5,340.7,28.1,0.0,163.4,0.0,0.0,0.0,0.545,0.086,0.769,12.05,-4.19,0.98,-0.816,0.056,0.501,-4.76,-1.01,1.35,12.56,10.68,0,1
1785171235.2471733,LEFTARMGRIPPERCLOSE,168.2,343.6,188.2,202.4,0.0,65.4,144.5,340.8,28.1,0.0,163.4,0.0,0.0,0.0,0.563,0.082,0.785,10.31,-2.82,3.11,-0.808,0.035,0.501,-5.44,-0.77,1.88,10.42,10.76,0,1
1785171235.2558272,LEFTARMGRIPPERCLOSE,168.2,343.6,188.2,202.4,0.0,65.3,144.5,340.8,28.1,0.0,163.4,0.0,0.0,0.0,0.572,0.068,0.812,6.92,-1.36,6.85,-0.808,0.018,0.496,-4.53,-0.88,1.6,10.82,10.57,0,1
1785171235.2656794,LEFTARMGRIPPERCLOSE,168.2,343.6,188.2,202.4,0.0,65.3,144.5,341.0,28.1,0.0,163.4,0.0,0.0,0.0,0.564,0.022,0.821,5.36,-0.75,8.73,-0.807,0.017,0.505,-2.84,-0.58,0.97,11.11,10.43,0,1
1785171235.278013,LEFTARMGRIPPERCLOSE,168.2,343.6,188.2,202.4,0.0,65.2,144.5,340.9,28.1,0.0,163.4,0.0,0.0,0.0,0.57,0.031,0.823,4.2,-0.98,9.95,-0.808,0.016,0.503,-1.77,-0.15,0.22,11.33,11.32,0,1
1785171235.287092,LEFTARMGRIPPERCLOSE,168.2,343.6,188.2,202.4,0.0,65.2,144.5,340.9,28.2,0.0,163.4,0.0,0.0,0.0,0.544,0.017,0.795,4.5,-1.34,7.22,-0.81,0.018,0.506,-0.6,-0.25,-0.62,11.25,11.24,0,1
1785171235.2972093,LEFTARMGRIPPERCLOSE,168.2,343.6,188.2,202.4,0.0,65.2,144.5,340.9,28.2,0.0,163.4,0.0,0.0,0.0,0.524,-0.009,0.748,10.95,-1.21,1.23,-0.813,0.033,0.497,-0.02,-0.37,-0.84,11.94,11.18,0,1
1785171235.306547,LEFTARMGRIPPERCLOSE,168.2,343.6,188.2,202.4,0.0,65.2,144.5,341.0,28.2,0.0,163.4,0.0,0.0,0.0,0.555,0.042,0.763,15.53,0.26,-1.18,-0.802,0.042,0.494,0.27,-0.42,-0.89,11.95,11.14,0,1
1785171235.315706,LEFTARMGRIPPERCLOSE,168.2,343.6,188.2,202.5,0.0,65.3,144.6,340.9,28.2,0.0,163.4,0.0,0.0,0.0,0.596,0.123,0.789,13.63,2.19,0.26,-0.835,0.051,0.5,0.11,-0.79,-0.85,12.47,11.1,0,1
1785171235.3278687,LEFTARMGRIPPERCLOSE,168.2,343.6,188.2,202.6,0.0,65.4,144.8,340.8,28.2,0.0,163.4,0.0,0.0,0.0,0.593,0.131,0.792,6.66,3.69,7.08,-0.81,0.054,0.495,-0.68,-0.92,-1.24,12.35,10.83,0,1
1785171235.3375962,LEFTARMGRIPPERCLOSE,168.2,343.6,188.2,202.7,0.0,65.6,144.9,340.8,28.2,0.0,163.4,0.0,0.0,0.0,0.56,0.129,0.79,0.71,5.23,14.82,-0.807,0.055,0.49,-1.72,-1.05,-1.33,12.51,10.87,0,1
1785171235.3486717,LEFTARMGRIPPERCLOSE,168.2,343.6,188.2,202.8,0.0,65.8,144.9,340.8,28.2,0.0,163.6,0.0,0.0,0.0,0.552,0.083,0.777,-1.09,5.69,17.51,-0.81,0.054,0.497,-1.95,-1.48,-0.57,12.38,10.65,0,1
1785171235.3567262,LEFTARMGRIPPERCLOSE,168.2,343.6,188.2,203.0,0.0,65.9,145.0,340.8,28.2,0.0,163.5,0.0,0.0,0.0,0.547,0.091,0.757,-0.85,7.76,18.57,-0.801,0.047,0.487,-2.76,-1.13,-0.65,12.79,10.74,0,1
1785171235.365735,LEFTARMGRIPPERCLOSE,168.2,343.5,188.2,203.2,0.0,66.0,145.0,340.8,28.2,0.0,163.5,0.0,0.0,0.0,0.561,0.105,0.754,-3.59,9.73,19.2,-0.812,0.052,0.506,-3.4,-0.85,-0.27,12.84,10.55,0,1
1785171235.3770084,LEFTARMGRIPPERCLOSE,168.2,343.5,188.2,203.4,0.0,66.1,145.0,340.8,28.2,0.0,163.5,0.0,0.0,0.0,0.558,0.083,0.757,-4.45,9.69,17.61,-0.813,0.046,0.499,-3.62,-1.07,0.42,13.13,10.67,0,1
1785171235.3856053,LEFTARMGRIPPERCLOSE,168.2,343.5,188.2,203.5,0.0,66.2,145.0,340.8,28.2,0.0,163.5,0.0,0.0,0.0,0.567,0.055,0.805,-7.09,8.63,14.64,-0.806,0.029,0.51,-2.97,-0.61,0.04,12.85,10.5,0,1
1785171235.3961778,LEFTARMGRIPPERCLOSE,168.2,343.5,188.2,203.6,0.0,66.3,144.8,340.8,28.2,0.0,163.5,0.0,0.0,0.0,0.535,0.02,0.836,-9.56,6.13,12.31,-0.805,0.024,0.508,-2.31,-0.44,-0.14,13.64,9.87,0,1
1785171235.408379,LEFTARMGRIPPERCLOSE,168.2,343.5,188.2,203.7,0.0,66.4,144.8,340.8,28.2,0.0,163.5,0.0,0.0,0.0,0.544,-0.01,0.86,-8.14,1.89,8.74,-0.812,0.033,0.506,-1.51,-0.19,-0.78,13.48,10.16,0,1
1785171235.4156928,LEFTARMGRIPPERCLOSE,168.2,343.5,188.2,203.8,0.0,66.5,144.7,340.8,28.2,0.0,163.5,0.0,0.0,0.0,0.507,0.007,0.85,0.05,-3.08,4.91,-0.817,0.033,0.499,-0.66,-0.77,-1.05,13.36,9.87,0,1
1785171235.4275217,LEFTARMGRIPPERCLOSE,168.2,343.5,188.2,203.9,0.0,66.5,144.7,340.8,28.2,0.0,163.5,0.0,0.0,0.0,0.557,0.112,0.878,2.69,-8.88,6.58,-0.812,0.029,0.49,-0.49,-0.4,-1.02,13.27,9.65,0,1
1785171235.4378679,LEFTARMGRIPPERCLOSE,168.2,343.5,188.2,204.0,0.0,66.5,144.9,340.8,28.2,0.0,163.5,0.0,0.0,0.0,0.647,0.057,0.706,4.76,-7.29,8.5,-0.82,0.03,0.507,-0.25,-0.98,-0.41,13.95,9.74,0,1
1785171235.4432557,LEFTARMGRIPPERCLOSE,168.2,343.4,188.2,204.1,0.0,66.5,144.9,340.8,28.2,0.0,163.5,0.0,0.0,0.0,0.593,0.145,0.758,5.86,-5.92,10.4,-0.804,0.031,0.509,0.83,-0.8,-1.09,13.46,9.8,0,1
1785171235.4523735,LEFTARMGRIPPERCLOSE,168.2,343.4,188.2,204.3,0.0,66.5,144.9,340.8,28.2,0.0,163.5,0.0,0.0,0.0,0.568,0.115,0.739,2.92,-4.32,12.82,-0.827,0.034,0.501,1.6,-1.58,-2.46,14.1,10.1,0,1
1785171235.4605708,LEFTARMGRIPPERCLOSE,168.2,343.4,188.2,204.5,0.0,66.5,144.9,340.8,28.2,0.0,163.5,0.0,0.0,0.0,0.57,0.056,0.726,2.31,-3.14,12.12,-0.831,0.06,0.487,1.37,-2.43,-3.1,14.57,10.08,0,1
1785171235.4779725,LEFTARMGRIPPERCLOSE,168.2,343.4,188.2,204.6,0.0,66.5,144.9,340.8,28.2,0.0,163.5,0.0,0.0,0.0,0.562,0.061,0.814,4.06,-5.79,8.34,-0.818,0.072,0.481,-0.78,-1.99,-2.26,14.43,10.31,0,1
1785171235.4779725,LEFTARMGRIPPERCLOSE,168.2,343.4,188.2,204.7,0.0,66.5,144.9,340.8,28.2,0.0,163.5,0.0,0.0,0.0,0.553,0.004,0.748,8.76,-6.44,2.32,-0.816,0.074,0.495,-3.44,-1.89,-0.63,14.07,10.48,0,1
1785171235.4929795,LEFTARMGRIPPERCLOSE,168.2,343.4,188.2,204.9,0.0,66.5,144.9,340.8,28.2,0.0,163.4,0.0,0.0,0.0,0.555,0.072,0.788,11.08,-5.76,-0.86,-0.796,0.073,0.503,-5.37,-1.81,0.91,14.55,10.86,0,1
1785171235.5080957,LEFTARMGRIPPERCLOSE,168.2,343.4,188.2,205.3,0.0,66.5,144.9,340.8,28.2,0.0,163.4,0.0,0.0,0.0,0.536,0.105,0.767,8.01,-5.43,2.97,-0.811,0.047,0.5,-6.05,-1.56,2.5,14.67,10.9,0,1
1785171235.5176487,LEFTARMGRIPPERCLOSE,168.2,343.4,188.2,205.3,0.0,66.5,144.9,340.8,28.2,0.0,163.4,0.0,0.0,0.0,0.542,0.06,0.772,7.66,-3.5,4.69,-0.801,0.022,0.512,-5.57,-1.31,2.47,15.0,10.92,0,1
1785171235.5266538,LEFTARMGRIPPERCLOSE,168.2,343.4,188.0,205.4,0.0,66.5,144.9,340.8,28.2,0.0,163.4,0.0,0.0,0.0,0.562,0.04,0.796,8.05,-3.7,1.92,-0.792,-0.001,0.51,-3.61,-1.02,1.33,14.75,10.69,0,1
1785171235.5266538,LEFTARMGRIPPERCLOSE,168.2,343.4,188.1,205.5,0.0,66.6,145.0,340.8,28.2,0.0,163.4,0.0,0.0,0.0,0.589,0.05,0.796,5.34,-4.22,-0.68,-0.79,0.002,0.511,-0.95,-0.64,-0.99,15.31,10.77,0,1
1785171235.5435233,LEFTARMGRIPPERCLOSE,168.2,343.4,188.1,205.5,0.0,66.6,145.0,340.8,28.2,0.0,163.4,0.0,0.0,0.0,0.565,0.048,0.799,1.41,-2.06,0.92,-0.793,0.018,0.494,1.01,-0.08,-2.46,14.98,10.83,0,1
1785171235.5553324,LEFTARMGRIPPERCLOSE,168.2,343.4,188.2,205.6,0.0,66.6,145.0,340.8,28.2,0.0,163.4,0.0,0.0,0.0,0.557,0.064,0.787,-1.69,2.67,6.7,-0.787,0.03,0.5,1.73,0.59,-1.94,23.99,11.12,0,1
1785171235.5676625,LEFTARMGRIPPERCLOSE,168.2,343.4,188.2,205.6,0.0,66.6,145.0,340.8,28.2,0.0,163.4,0.0,0.0,0.0,0.527,0.106,0.761,-8.48,8.32,14.89,-0.801,0.044,0.499,1.41,1.34,-1.38,116.49,11.34,0,1
1785171235.5769138,LEFTARMGRIPPERCLOSE,168.2,343.4,188.2,205.7,0.0,66.6,145.0,340.8,28.2,0.0,163.4,0.0,0.0,0.0,0.544,0.086,0.743,-6.02,11.14,16.95,-0.803,0.057,0.5,1.05,1.5,-1.55,257.37,11.75,0,1
1785171235.5873787,LEFTARMGRIPPERCLOSE,168.2,343.4,188.2,205.7,0.0,66.6,144.9,340.8,28.2,0.0,163.4,0.0,0.0,0.0,0.532,0.12,0.731,-5.63,10.7,16.55,-0.81,0.066,0.498,-0.02,1.37,-1.6,388.03,12.07,0,1
1785171235.5942912,LEFTARMGRIPPERCLOSE,168.2,343.4,188.2,205.7,0.0,66.6,144.9,340.8,28.2,0.0,163.4,0.0,0.0,0.0,0.562,0.146,0.722,-7.11,9.95,15.65,-0.802,0.043,0.509,-1.34,1.99,-0.35,524.02,12.55,0,1
1785171235.6063416,LEFTARMGRIPPERCLOSE,168.2,343.4,188.2,205.7,0.0,66.6,144.8,340.8,28.2,0.0,163.4,0.0,0.0,0.0,0.581,0.11,0.747,-12.36,8.11,9.85,-0.797,0.036,0.498,-1.59,2.45,0.56,762.01,13.41,0,1
1785171235.610617,LEFTARMGRIPPERCLOSE,168.2,343.4,188.2,205.7,0.0,66.6,144.6,340.8,28.2,0.0,163.4,0.0,0.0,0.0,0.596,0.083,0.754,-15.44,3.32,3.09,-0.809,0.022,0.5,-0.46,2.4,-0.46,994.76,14.56,0,1
1785171235.6282706,LEFTARMGRIPPERCLOSE,168.2,343.4,188.2,205.7,0.0,66.6,144.5,340.8,28.2,0.0,163.4,0.0,0.0,0.0,0.609,0.067,0.748,-15.89,-0.46,-4.43,-0.816,0.027,0.506,0.81,1.6,-1.89,1356.07,15.92,0,1
1785171235.6367903,LEFTARMGRIPPERCLOSE,168.2,343.4,188.2,205.7,0.0,66.7,144.1,340.8,28.2,0.0,163.4,0.0,0.0,0.0,0.596,0.049,0.801,-18.85,-2.57,-6.56,-0.824,0.044,0.489,0.82,1.45,-2.28,1684.3,17.44,0,1
1785171235.6440787,LEFTARMGRIPPERCLOSE,168.2,343.5,188.2,205.7,0.0,66.7,143.7,340.4,28.2,0.0,163.4,0.0,0.0,0.0,0.594,-0.016,0.791,-13.35,-3.28,-9.5,-0.824,0.044,0.5,-0.18,1.28,-1.79,1978.23,18.33,0,1
1785171235.6440787,LEFTARMGRIPPERCLOSE,168.2,343.6,188.2,205.6,0.0,66.7,143.3,340.5,28.2,0.0,163.4,0.0,0.0,0.0,0.58,0.021,0.776,-8.58,-2.92,-9.41,-0.824,0.06,0.505,-0.69,0.6,-1.0,2217.92,19.0,0,1
1785171235.6676478,LEFTARMGRIPPERCLOSE,168.2,343.7,188.2,205.6,0.0,66.7,142.5,340.6,28.2,0.0,163.4,0.0,0.0,0.0,0.562,0.008,0.794,-9.15,-1.57,-6.08,-0.826,0.056,0.499,-1.88,0.13,-0.71,2422.69,19.5,0,1
1785171235.678413,LEFTARMGRIPPERCLOSE,168.2,343.7,188.2,205.7,0.0,66.7,142.3,340.6,28.2,0.0,163.4,0.0,0.0,0.0,0.545,-0.009,0.803,-8.51,0.18,-1.56,-0.828,0.052,0.504,-2.99,0.18,-0.27,2588.52,19.62,0,1
1785171235.678413,LEFTARMGRIPPERCLOSE,168.2,343.7,188.2,205.6,0.0,66.7,142.0,340.6,28.2,0.0,163.4,0.0,0.0,0.0,0.588,-0.024,0.815,-6.77,1.38,1.76,-0.823,0.039,0.506,-3.61,-0.35,0.49,2720.89,19.97,0,1
1785171235.6940157,LEFTARMGRIPPERCLOSE,168.2,343.7,188.2,205.5,0.0,66.7,141.7,340.6,28.2,0.0,163.4,0.0,0.0,0.0,0.575,-0.01,0.813,-1.49,2.45,6.55,-0.822,0.034,0.505,-3.16,-0.79,0.21,2823.92,20.48,0,1
1785171235.7066455,LEFTARMGRIPPERCLOSE,168.2,343.7,188.2,205.5,0.0,66.7,141.6,340.6,28.2,0.0,163.4,0.0,0.0,0.0,0.598,0.022,0.813,2.4,2.93,10.27,-0.814,0.022,0.498,-2.12,-1.27,-0.46,2892.69,20.61,0,1
1785171235.717647,LEFTARMGRIPPERCLOSE,168.2,343.7,188.2,205.5,0.0,66.7,141.5,340.6,28.2,0.0,163.4,0.0,0.0,0.0,0.581,0.039,0.8,2.88,3.38,14.33,-0.821,0.031,0.491,-1.64,-1.82,-0.92,2965.77,20.46,0,1
1785171235.7266505,LEFTARMGRIPPERCLOSE,168.2,343.7,188.2,205.5,0.0,66.7,141.5,340.6,28.2,0.0,163.4,0.0,0.0,0.0,0.548,0.031,0.812,3.9,3.02,15.94,-0.815,0.039,0.497,-1.31,-1.74,-1.22,3018.57,20.34,0,1
1785171235.7376537,LEFTARMGRIPPERCLOSE,168.2,343.7,188.2,205.5,0.0,66.6,141.4,340.6,28.2,0.0,163.4,0.0,0.0,0.0,0.525,0.041,0.797,2.96,1.9,15.74,-0.813,0.039,0.504,-0.9,-1.5,-1.2,3059.43,20.01,0,1
1785171235.7436311,LEFTARMGRIPPERCLOSE,168.2,343.7,188.1,205.5,0.0,66.6,141.4,340.6,28.2,0.0,163.4,0.0,0.0,0.0,0.531,0.028,0.793,0.87,1.09,15.05,-0.797,0.046,0.5,-1.26,-1.42,-1.29,3094.07,20.0,0,1
1785171235.7567005,LEFTARMGRIPPERCLOSE,168.2,343.7,188.0,205.5,0.0,66.6,141.3,340.6,28.2,0.0,163.5,0.0,0.0,0.0,0.534,0.016,0.802,-1.34,0.85,14.6,-0.793,0.029,0.503,-0.84,-0.85,-1.35,3119.8,20.0,0,1
1785171235.7675729,LEFTARMGRIPPERCLOSE,168.2,343.7,187.9,205.5,0.0,66.5,141.3,340.6,28.2,0.0,163.5,0.0,0.0,0.0,0.551,0.014,0.817,-3.23,1.47,14.44,-0.797,0.032,0.495,-0.18,-0.38,-1.53,3148.35,20.25,0,1
1785171235.777918,LEFTARMGRIPPERCLOSE,168.2,343.7,187.8,205.5,0.0,66.5,141.3,340.6,28.2,0.0,163.5,0.0,0.0,0.0,0.582,0.008,0.798,-4.24,2.47,16.27,-0.803,0.037,0.506,0.21,0.31,-2.11,3173.77,20.44,0,1
1785171235.7866466,LEFTARMGRIPPERCLOSE,168.2,343.7,187.7,205.5,0.0,66.4,141.3,340.6,28.2,0.0,163.5,0.0,0.0,0.0,0.596,-0.016,0.795,-3.99,2.74,15.5,-0.806,0.035,0.499,0.45,0.21,-2.44,3210.57,20.58,0,1
1785171235.7934446,LEFTARMGRIPPERCLOSE,168.2,343.7,187.7,205.5,0.0,66.3,141.3,340.6,28.2,0.0,163.5,0.0,0.0,0.0,0.604,0.037,0.768,-2.56,2.44,13.46,-0.807,0.044,0.501,0.51,0.21,-2.72,3241.43,20.18,0,1
1785171235.8066497,LEFTARMGRIPPERCLOSE,168.2,343.8,187.6,205.5,0.0,66.2,141.3,340.8,28.2,0.0,163.5,0.0,0.0,0.0,0.604,0.065,0.757,-2.56,0.92,11.97,-0.818,0.053,0.496,0.11,-0.24,-2.56,3265.57,20.14,0,1
1785171235.8176503,LEFTARMGRIPPERCLOSE,168.2,343.8,187.6,205.5,0.0,66.1,141.3,340.8,28.2,0.0,163.5,0.0,0.0,0.0,0.593,0.052,0.751,-5.59,-1.43,9.35,-0.811,0.06,0.498,-0.82,-0.41,-2.4,3287.18,20.1,0,1
1785171235.8263414,LEFTARMGRIPPERCLOSE,168.2,344.0,187.6,205.5,0.0,66.1,141.2,340.8,28.0,0.0,163.5,0.0,0.0,0.0,0.598,0.075,0.763,-12.4,-2.96,7.27,-0.809,0.059,0.496,-2.6,-0.12,-1.75,3315.13,20.33,0,1
1785171235.836419,LEFTARMGRIPPERCLOSE,168.2,343.9,187.6,205.4,0.0,66.0,141.0,340.8,28.0,0.0,163.5,0.0,0.0,0.0,0.591,0.029,0.76,-14.45,-2.95,5.93,-0.808,0.05,0.498,-3.98,-0.02,-0.69,3342.85,20.25,0,1
1785171235.8433175,LEFTARMGRIPPERCLOSE,168.2,343.9,187.6,205.4,0.0,65.9,140.8,341.1,28.0,0.0,163.5,0.0,0.0,0.0,0.58,-0.002,0.772,-14.65,-1.31,7.5,-0.8,0.044,0.495,-3.6,0.3,-0.28,3372.14,20.18,0,1
1785171235.8573372,LEFTARMGRIPPERCLOSE,168.2,343.8,187.6,205.4,0.0,65.7,140.7,341.0,28.1,0.0,163.5,0.0,0.0,0.0,0.572,-0.002,0.785,-9.33,1.53,8.36,-0.807,0.031,0.497,-3.33,0.53,-0.41,3403.1,20.14,0,1
1785171235.8596249,LEFTARMGRIPPERCLOSE,168.2,343.8,187.6,205.4,0.0,65.6,140.4,340.9,28.1,0.0,163.5,0.0,0.0,0.0,0.575,-0.012,0.759,-5.44,4.03,10.96,-0.811,0.023,0.503,-2.79,1.01,-0.6,3430.08,20.35,0,1
1785171235.8751607,LEFTARMGRIPPERCLOSE,168.2,343.8,187.6,205.4,0.0,65.5,140.0,340.9,28.1,0.0,163.5,0.0,0.0,0.0,0.565,0.002,0.75,-3.53,6.55,12.42,-0.818,0.02,0.503,-2.11,1.37,-0.36,3451.56,20.52,0,1
1785171235.8751607,LEFTARMGRIPPERCLOSE,168.2,343.8,187.6,205.3,0.0,65.4,139.9,340.8,28.1,0.0,163.5,0.0,0.0,0.0,0.593,0.019,0.752,-5.7,8.27,14.61,-0.811,0.024,0.505,-1.17,1.21,-0.55,3473.67,20.64,0,1
1785171235.8978193,LEFTARMGRIPPERCLOSE,168.2,343.8,187.6,205.3,0.0,65.3,139.9,340.8,28.4,0.0,163.5,0.0,0.0,0.0,0.602,0.01,0.753,-4.85,9.35,14.18,-0.817,0.02,0.514,-0.18,1.39,-0.71,3493.5,20.48,0,1
1785171235.9067423,LEFTARMGRIPPERCLOSE,168.2,343.8,187.6,205.2,0.0,65.3,139.8,340.8,28.3,0.0,163.5,0.0,0.0,0.0,0.59,0.022,0.754,-7.52,9.02,14.24,-0.818,0.021,0.502,0.5,1.02,-0.67,3512.13,20.86,0,1
1785171235.9157994,LEFTARMGRIPPERCLOSE,168.2,343.8,187.5,205.1,0.0,65.3,139.7,340.8,28.3,0.0,163.5,0.0,0.0,0.0,0.601,0.041,0.779,-13.79,8.19,13.89,-0.821,0.035,0.493,0.71,0.71,-0.67,3527.84,20.89,0,1
1785171235.9268668,LEFTARMGRIPPERCLOSE,168.2,343.8,187.5,205.1,0.0,65.2,139.5,340.8,28.2,0.0,163.5,0.0,0.0,0.0,0.574,-0.024,0.774,-11.87,6.4,10.16,-0.828,0.04,0.501,0.71,0.28,-0.56,3540.88,20.92,0,1
1785171235.9268668,LEFTARMGRIPPERCLOSE,168.2,343.8,187.5,205.1,0.0,65.2,139.2,340.8,28.2,0.0,163.5,0.0,0.0,0.0,0.543,-0.017,0.775,-9.3,6.0,7.16,-0.81,0.049,0.5,-0.43,0.04,-0.28,3552.66,21.19,0,1
1785171235.9473064,LEFTARMGRIPPERCLOSE,168.2,343.8,187.5,205.1,0.0,65.2,139.0,340.8,28.2,0.0,163.5,0.0,0.0,0.0,0.547,-0.031,0.779,-7.32,4.88,6.57,-0.802,0.043,0.505,-0.48,0.37,0.1,3565.25,21.14,0,1
1785171235.9580538,LEFTARMGRIPPERCLOSE,168.2,343.8,187.5,205.1,0.0,65.2,138.9,340.8,28.2,0.0,163.5,0.0,0.0,0.0,0.551,-0.031,0.785,-2.95,4.92,4.7,-0.806,0.039,0.504,-0.5,0.6,0.34,3573.19,20.86,0,1
1785171235.9664342,LEFTARMGRIPPERCLOSE,168.2,343.8,187.5,205.1,0.0,65.2,138.7,340.8,28.2,0.0,163.5,0.0,0.0,0.0,0.562,-0.01,0.789,-2.05,4.35,4.13,-0.803,0.031,0.509,-0.17,1.23,-0.02,3580.39,20.64,0,1
1785171235.9756427,LEFTARMGRIPPERCLOSE,168.2,343.8,187.5,205.1,0.0,65.2,138.6,340.8,28.2,0.0,163.5,0.0,0.0,0.0,0.566,-0.034,0.808,-2.72,4.59,4.44,-0.812,0.032,0.496,-0.11,1.37,-0.63,3587.54,20.73,0,1
1785171235.9856946,LEFTARMGRIPPERCLOSE,168.3,343.8,187.5,205.1,0.0,65.2,138.5,340.8,28.2,0.0,163.5,0.0,0.0,0.0,0.567,-0.081,0.808,-0.69,5.06,5.05,-0.802,0.04,0.504,0.68,1.6,-1.04,3594.91,20.8,0,1
1785171235.9978917,LEFTARMGRIPPERCLOSE,168.3,343.8,187.5,205.1,0.0,65.2,138.4,340.8,28.2,0.0,163.5,0.0,0.0,0.0,0.531,-0.047,0.799,1.89,6.58,7.53,-0.787,0.046,0.486,0.89,1.89,-1.73,3598.18,20.85,0,1
1785171236.0067186,LEFTARMGRIPPERCLOSE,168.3,343.8,187.5,205.1,0.0,65.2,138.3,340.8,28.2,0.0,163.5,0.0,0.0,0.0,0.548,-0.039,0.78,-0.1,8.59,10.24,-0.819,0.063,0.49,0.56,1.21,-2.47,3601.88,20.64,0,1
1785171236.0156891,LEFTARMGRIPPERCLOSE,168.3,343.8,187.4,205.0,0.0,65.2,138.6,340.8,28.2,0.0,163.5,0.0,0.0,0.0,0.545,-0.057,0.799,-0.4,7.98,11.53,-0.817,0.075,0.5,-0.53,0.77,-2.67,3605.91,20.73,0,1
1785171236.0262823,LEFTARMGRIPPERCLOSE,168.3,343.8,187.3,205.0,0.0,65.2,138.4,340.8,28.2,0.0,163.2,0.0,0.0,0.0,0.545,-0.055,0.819,2.35,7.5,10.37,-0.826,0.073,0.483,-2.95,0.44,-1.66,3609.94,20.8,0,1
1785171236.0363436,LEFTARMGRIPPERCLOSE,168.3,343.8,187.3,204.9,0.0,65.2,138.3,340.8,28.2,0.0,163.2,0.0,0.0,0.0,0.532,-0.045,0.803,4.38,5.98,10.29,-0.829,0.051,0.493,-4.83,0.08,0.58,3612.7,20.85,0,1
1785171236.0457916,LEFTARMGRIPPERCLOSE,168.3,343.8,187.3,204.8,0.0,65.2,138.3,340.8,28.2,0.0,163.2,0.0,0.0,0.0,0.549,-0.037,0.789,6.05,4.95,9.69,-0.816,0.034,0.5,-5.42,-0.06,1.02,3615.53,20.89,0,1
1785171236.0558224,LEFTARMGRIPPERCLOSE,168.3,343.8,187.3,204.8,0.0,65.2,138.3,340.8,28.2,0.0,163.2,0.0,0.0,0.0,0.562,-0.014,0.781,6.69,4.14,9.64,-0.809,0.01,0.505,-4.21,-0.12,0.11,3618.14,20.91,0,1
1785171236.066929,LEFTARMGRIPPERCLOSE,168.3,343.8,187.3,204.8,0.0,65.2,138.3,341.0,28.2,0.0,163.2,0.0,0.0,0.0,0.569,-0.014,0.779,6.94,3.85,8.0,-0.814,0.007,0.508,-1.54,-0.7,-1.47,3620.61,20.19,0,1
1785171236.0788286,LEFTARMGRIPPERCLOSE,168.3,343.8,187.3,204.8,0.0,65.2,138.4,341.0,28.3,0.0,163.2,0.0,0.0,0.0,0.572,0.008,0.766,5.99,3.7,6.06,-0.818,0.01,0.497,0.66,-0.92,-2.76,3626.21,20.39,0,1
1785171236.0862172,LEFTARMGRIPPERCLOSE,168.3,343.7,187.3,204.7,0.0,65.2,138.4,340.9,28.3,0.0,163.3,0.0,0.0,0.0,0.56,0.03,0.759,3.37,2.82,4.54,-0.82,0.032,0.503,1.37,-1.05,-3.6,3633.4,20.54,0,1
1785171236.093535,LEFTARMGRIPPERCLOSE,168.3,343.7,187.3,204.7,0.0,65.2,138.4,340.9,28.3,0.0,163.3,0.0,0.0,0.0,0.552,0.009,0.752,2.32,2.25,3.73,-0.812,0.049,0.492,0.81,-1.22,-2.69,3639.55,20.91,0,1
1785171236.1067176,LEFTARMGRIPPERCLOSE,168.3,343.7,187.3,204.7,0.0,65.1,138.5,340.9,28.2,0.0,163.3,0.0,0.0,0.0,0.555,0.019,0.766,0.79,2.98,4.52,-0.807,0.052,0.506,0.05,-0.8,-1.37,3645.92,20.93,0,1
1785171236.1103742,LEFTARMGRIPPERCLOSE,168.5,343.7,187.3,204.7,0.0,65.1,138.4,340.8,28.2,0.0,163.4,0.0,0.0,0.0,0.585,0.008,0.774,-2.11,4.31,6.33,-0.802,0.047,0.505,-0.71,-0.56,-1.01,3650.94,20.95,0,1
1785171236.1269739,LEFTARMGRIPPERCLOSE,168.4,343.7,187.3,204.6,0.0,65.0,138.4,340.8,28.2,0.0,163.4,0.0,0.0,0.0,0.585,-0.044,0.798,-3.07,4.38,6.95,-0.814,0.05,0.499,-1.24,-0.42,-1.14,3654.95,20.71,0,1
1785171236.1374834,LEFTARMGRIPPERCLOSE,168.3,343.7,187.3,204.6,0.0,64.9,138.4,340.8,28.2,0.0,163.4,0.0,0.0,0.0,0.573,-0.083,0.82,-1.68,4.79,6.56,-0.813,0.049,0.506,-1.5,-0.6,-1.14,3657.96,20.78,0,1
1785171236.1451855,LEFTARMGRIPPERCLOSE,168.3,343.7,187.3,204.6,0.0,64.9,138.4,340.9,28.2,0.0,163.4,0.0,0.0,0.0,0.563,-0.104,0.809,3.79,4.4,4.94,-0.803,0.043,0.489,-2.24,-0.14,-0.73,3660.22,20.84,0,1
1785171236.1557043,LEFTARMGRIPPERCLOSE,168.3,343.7,187.3,204.6,0.0,64.8,138.4,340.9,28.2,0.0,163.4,0.0,0.0,0.0,0.576,-0.043,0.804,7.48,4.71,3.45,-0.806,0.038,0.502,-2.69,0.37,-0.01,3662.42,20.38,0,1
1785171236.1657546,LEFTARMGRIPPERCLOSE,168.3,343.7,187.3,204.6,0.0,64.8,138.4,340.9,28.2,0.0,163.4,0.0,0.0,0.0,0.58,-0.007,0.777,6.95,4.79,4.08,-0.808,0.032,0.491,-2.91,0.33,0.66,3664.56,21.78,0,1
1785171236.1769793,LEFTARMGRIPPERCLOSE,168.2,343.7,187.3,204.5,0.0,64.7,138.3,340.9,28.2,0.0,163.4,0.0,0.0,0.0,0.565,-0.009,0.792,4.56,4.17,2.82,-0.821,0.033,0.498,-2.37,0.39,0.47,3666.17,21.34,0,1
1785171236.1849108,LEFTARMGRIPPERCLOSE,168.2,343.7,187.3,204.4,0.0,64.7,138.3,340.9,28.2,0.0,163.4,0.0,0.0,0.0,0.559,-0.033,0.798,4.14,2.55,-0.04,-0.818,0.022,0.502,-1.85,0.66,-0.04,3665.88,21.25,0,1
1785171236.1935325,LEFTARMGRIPPERCLOSE,168.2,343.7,187.3,204.0,0.0,64.7,138.4,340.9,28.2,0.0,163.4,0.0,0.0,0.0,0.556,-0.021,0.802,2.47,1.44,-1.42,-0.802,0.021,0.505,-0.87,0.45,-0.63,3668.16,21.19,0,1
1785171236.2065847,LEFTARMGRIPPERCLOSE,168.2,343.7,187.3,204.0,0.0,64.7,138.4,340.9,28.2,0.0,163.3,0.0,0.0,0.0,0.55,-0.017,0.8,1.6,1.39,0.34,-0.81,0.031,0.5,0.55,0.73,-1.01,3671.12,21.14,0,1
1785171236.2100766,LEFTARMGRIPPERCLOSE,168.2,343.7,187.3,204.0,0.0,64.7,138.4,340.9,28.2,0.0,163.3,0.0,0.0,0.0,0.539,-0.012,0.793,1.9,2.86,2.95,-0.809,0.037,0.493,0.73,0.82,-1.02,3672.84,21.11,0,1
1785171236.2269287,LEFTARMGRIPPERCLOSE,168.2,343.7,187.3,204.0,0.0,64.7,138.4,340.9,28.2,0.0,163.3,0.0,0.0,0.0,0.543,0.005,0.8,1.1,3.46,5.5,-0.809,0.035,0.494,0.81,0.98,-0.79,3674.13,21.08,0,1
1785171236.2269287,LEFTARMGRIPPERCLOSE,168.2,343.7,187.3,204.1,0.0,64.7,138.4,340.9,28.2,0.0,163.3,0.0,0.0,0.0,0.539,-0.02,0.789,0.56,3.14,6.03,-0.813,0.045,0.503,0.95,0.93,-1.02,3676.1,21.31,0,1
1785171236.2464633,LEFTARMGRIPPERCLOSE,168.2,343.7,187.3,204.1,0.0,64.6,138.4,340.9,28.2,0.0,163.3,0.0,0.0,0.0,0.55,-0.031,0.796,0.19,1.83,4.31,-0.809,0.054,0.488,0.69,0.88,-1.44,3676.57,21.48,0,1
1785171236.2559693,LEFTARMGRIPPERCLOSE,168.1,343.7,187.3,204.1,0.0,64.8,138.4,340.9,28.2,0.0,163.3,0.0,0.0,0.0,0.561,-0.025,0.793,-0.11,0.57,2.09,-0.803,0.056,0.499,0.11,1.11,-1.21,3677.68,21.36,0,1
1785171236.2606766,LEFTARMGRIPPERCLOSE,168.2,343.8,187.3,204.1,0.0,64.7,138.4,340.9,28.2,0.0,163.3,0.0,0.0,0.0,0.569,-0.033,0.784,-0.8,-0.16,0.58,-0.812,0.047,0.5,-0.66,1.14,-0.69,3678.51,21.02,0,1
1785171236.2771358,LEFTARMGRIPPERCLOSE,168.2,343.8,187.3,204.1,0.0,64.6,138.3,340.9,28.2,0.0,163.3,0.0,0.0,0.0,0.569,-0.057,0.797,-0.47,-1.01,-0.97,-0.811,0.042,0.484,-1.11,1.1,-0.67,3678.13,21.02,0,1
1785171236.2876408,LEFTARMGRIPPERCLOSE,168.2,343.8,187.3,204.1,0.0,64.5,138.2,340.9,28.2,0.0,163.3,0.0,0.0,0.0,0.572,-0.055,0.804,-0.37,-0.66,-2.13,-0.818,0.046,0.5,-1.21,1.06,-1.47,3678.6,20.76,0,1
1785171236.2937143,LEFTARMGRIPPERCLOSE,168.2,343.8,187.3,204.1,0.0,64.5,138.1,340.9,28.2,0.0,163.3,0.0,0.0,0.0,0.555,-0.049,0.795,-0.56,-0.5,-1.93,-0.813,0.052,0.487,-1.6,0.79,-1.38,3678.95,21.07,0,1
1785171236.306747,LEFTARMGRIPPERCLOSE,168.2,343.8,187.3,204.0,0.0,64.4,138.1,340.9,28.2,0.0,163.3,0.0,0.0,0.0,0.537,-0.05,0.798,-0.95,-0.78,-2.16,-0.808,0.045,0.496,-2.12,0.98,-0.95,3679.46,21.05,0,1
1785171236.3105035,LEFTARMGRIPPERCLOSE,168.2,343.8,187.3,204.0,0.0,64.4,138.0,340.9,28.2,0.0,163.3,0.0,0.0,0.0,0.537,-0.034,0.778,-1.32,-0.32,-1.63,-0.813,0.04,0.5,-1.64,0.37,-0.63,3679.6,20.79,0,1
1785171236.3269403,LEFTARMGRIPPERCLOSE,168.2,343.8,187.3,204.0,0.0,64.4,137.9,340.9,28.2,0.0,163.3,0.0,0.0,0.0,0.551,-0.039,0.802,-1.56,0.14,-0.37,-0.821,0.025,0.491,-1.53,0.23,-0.79,3681.7,20.59,0,1
1785171236.3349762,LEFTARMGRIPPERCLOSE,168.2,343.8,187.3,204.0,0.0,64.3,137.8,340.9,28.2,0.0,163.3,0.0,0.0,0.0,0.558,-0.04,0.788,0.48,0.33,0.62,-0.822,0.023,0.5,-0.63,0.53,-1.42,3682.02,20.94,0,1
1785171236.3454685,LEFTARMGRIPPERCLOSE,168.2,343.8,187.3,203.9,0.0,64.3,137.8,340.9,28.2,0.0,163.3,0.0,0.0,0.0,0.576,-0.027,0.78,1.07,1.1,2.08,-0.833,0.028,0.498,0.1,0.17,-2.27,3682.77,20.96,0,1
1785171236.3454685,LEFTARMGRIPPERCLOSE,168.2,343.8,187.3,204.0,0.0,64.3,137.8,340.9,28.2,0.0,163.3,0.0,0.0,0.0,0.57,-0.03,0.776,1.06,1.05,2.68,-0.831,0.043,0.496,0.06,-0.62,-2.12,3684.08,20.97,0,1
1785171236.367689,LEFTARMGRIPPERCLOSE,168.2,343.8,187.3,203.9,0.0,64.3,137.8,340.9,28.2,0.0,163.3,0.0,0.0,0.0,0.557,-0.043,0.781,1.34,-0.27,0.62,-0.821,0.052,0.494,-0.48,-0.86,-2.07,3685.56,20.98,0,1
1785171236.37711,LEFTARMGRIPPERCLOSE,168.2,343.8,187.3,203.9,0.0,64.3,137.8,340.9,28.2,0.0,163.3,0.0,0.0,0.0,0.562,-0.033,0.796,1.76,-2.96,-2.79,-0.825,0.06,0.502,-1.56,-1.15,-1.07,3686.92,20.48,0,1
1785171236.37711,LEFTARMGRIPPERCLOSE,168.2,343.8,187.3,203.8,0.0,64.3,137.8,340.9,28.2,0.0,163.2,0.0,0.0,0.0,0.56,-0.052,0.81,3.89,-5.31,-5.89,-0.819,0.05,0.489,-2.52,-1.37,-0.37,3686.94,20.61,0,1
1785171236.397195,LEFTARMGRIPPERCLOSE,168.2,343.8,187.3,203.8,0.0,64.2,137.8,340.9,28.2,0.0,163.2,0.0,0.0,0.0,0.547,-0.031,0.792,4.63,-6.24,-7.6,-0.815,0.037,0.5,-2.63,-1.34,-0.18,3686.7,20.71,0,1
1785171236.4066384,LEFTARMGRIPPERCLOSE,168.3,343.8,187.3,203.8,0.0,64.1,137.8,340.8,28.2,0.0,163.2,0.0,0.0,0.0,0.555,-0.004,0.793,3.83,-5.53,-4.91,-0.814,0.029,0.498,-1.99,-1.46,-0.73,3686.28,20.78,0,1
1785171236.41779,LEFTARMGRIPPERCLOSE,168.3,343.8,187.2,203.8,0.0,64.0,137.9,340.8,28.1,0.0,163.2,0.0,0.0,0.0,0.555,-0.003,0.784,1.85,-4.64,-1.41,-0.812,0.031,0.496,-1.45,-1.39,-1.29,3685.96,20.59,0,1
1785171236.426956,LEFTARMGRIPPERCLOSE,168.3,343.8,187.2,203.8,0.0,63.9,137.9,340.8,28.1,0.0,163.2,0.0,0.0,0.0,0.566,-0.018,0.79,0.02,-3.66,1.21,-0.803,0.038,0.489,-1.24,-1.21,-1.05,3685.72,20.69,0,1
1785171236.4379792,LEFTARMGRIPPERCLOSE,168.3,343.8,187.2,203.7,0.0,63.8,137.9,340.8,28.1,0.0,163.3,0.0,0.0,0.0,0.577,-0.031,0.793,0.79,-3.17,1.97,-0.808,0.04,0.497,-1.16,-1.0,-1.02,3685.79,20.52,0,1
1785171236.444433,LEFTARMGRIPPERCLOSE,168.3,343.8,187.2,203.7,0.0,63.7,137.9,340.8,28.1,0.0,163.3,0.0,0.0,0.0,0.583,-0.027,0.787,2.05,-2.05,1.75,-0.807,0.042,0.497,-1.23,-0.82,-0.94,3686.34,20.39,0,1
1785171236.4578745,LEFTARMGRIPPERCLOSE,168.3,343.8,187.2,203.6,0.0,63.7,137.9,340.8,28.1,0.0,163.3,0.0,0.0,0.0,0.586,-0.014,0.749,2.99,0.66,1.66,-0.805,0.041,0.49,-1.46,-0.46,-0.78,3687.01,20.29,0,1
1785171236.4602787,LEFTARMGRIPPERCLOSE,168.2,343.8,187.2,203.6,0.0,63.6,138.0,340.8,28.1,0.0,163.3,0.0,0.0,0.0,0.589,0.019,0.756,2.44,3.15,3.15,-0.799,0.037,0.494,-1.3,-0.19,-0.6,3686.75,17.97,0,1
1785171236.4772575,LEFTARMGRIPPERCLOSE,168.2,343.8,187.2,203.6,0.0,63.5,138.0,340.8,28.1,0.0,163.3,0.0,0.0,0.0,0.581,0.0,0.775,-0.27,4.31,2.66,-0.798,0.037,0.504,-1.24,0.45,-0.72,3686.57,18.98,0,1
1785171236.4873178,LEFTARMGRIPPERCLOSE,168.2,343.8,187.2,203.6,0.0,63.5,138.0,340.8,28.1,0.0,163.3,0.0,0.0,0.0,0.558,-0.012,0.789,-0.99,4.37,0.57,-0.803,0.041,0.508,-0.96,0.83,-0.9,3685.42,19.23,0,1
1785171236.493809,LEFTARMGRIPPERCLOSE,168.2,343.8,187.2,203.5,0.0,63.4,138.0,340.8,28.1,0.0,163.3,0.0,0.0,0.0,0.55,-0.01,0.778,-0.63,4.92,-0.18,-0.802,0.046,0.487,-1.2,1.5,-0.89,3685.32,19.42,0,1
1785171236.5067127,LEFTARMGRIPPERCLOSE,168.2,343.8,187.2,203.5,0.0,63.4,138.0,340.8,28.1,0.0,163.3,0.0,0.0,0.0,0.555,-0.013,0.782,-0.98,5.48,0.15,-0.799,0.041,0.497,-1.65,1.97,-0.2,3686.24,19.57,0,1
1785171236.5176845,LEFTARMGRIPPERCLOSE,168.2,343.8,187.2,203.4,0.0,63.4,137.9,340.8,28.1,0.0,163.3,0.0,0.0,0.0,0.565,-0.021,0.779,-1.08,6.44,1.44,-0.801,0.036,0.503,-1.55,2.35,0.12,3687.18,19.93,0,1
1785171236.5287516,LEFTARMGRIPPERCLOSE,168.2,343.8,187.2,203.3,0.0,63.4,137.9,340.9,28.1,0.0,163.3,0.0,0.0,0.0,0.575,-0.01,0.778,-1.77,7.61,3.94,-0.817,0.035,0.504,-1.12,2.52,-0.08,3687.88,20.19,0,1
1785171236.5287516,LEFTARMGRIPPERCLOSE,168.2,343.8,187.2,203.2,0.0,63.4,137.9,340.9,28.1,0.0,163.3,0.0,0.0,0.0,0.589,-0.011,0.779,-2.5,9.05,6.28,-0.83,0.04,0.491,-0.63,2.24,-0.52,3688.41,20.4,0,1
1785171236.54733,LEFTARMGRIPPERCLOSE,168.2,343.8,187.2,203.1,0.0,63.4,137.9,340.8,28.1,0.0,163.3,0.0,0.0,0.0,0.591,0.005,0.762,-2.19,9.96,8.28,-0.825,0.038,0.496,-0.28,1.81,-0.85,3689.31,20.55,0,1
1785171236.5556993,LEFTARMGRIPPERCLOSE,168.2,343.8,187.2,203.1,0.0,63.4,137.8,340.8,28.1,0.0,163.3,0.0,0.0,0.0,0.562,-0.054,0.763,-2.95,8.69,8.12,-0.81,0.045,0.501,-0.36,1.71,-0.53,3690.23,20.41,0,1
1785171236.5660474,LEFTARMGRIPPERCLOSE,168.2,343.8,187.2,203.1,0.0,63.4,137.7,340.8,28.1,0.0,163.3,0.0,0.0,0.0,0.566,-0.068,0.803,-0.21,6.79,4.01,-0.823,0.053,0.495,-0.53,0.89,-1.02,3691.17,20.81,0,1
1785171236.5768054,LEFTARMGRIPPERCLOSE,168.2,343.8,187.2,203.1,0.0,63.4,137.7,340.8,28.1,0.0,163.3,0.0,0.0,0.0,0.554,-0.061,0.808,2.73,5.42,1.99,-0.83,0.059,0.486,-1.74,0.54,-1.21,3691.88,20.61,0,1
1785171236.5864298,LEFTARMGRIPPERCLOSE,168.2,343.8,187.2,203.0,0.0,63.4,137.6,340.8,28.1,0.0,163.3,0.0,0.0,0.0,0.562,-0.059,0.8,4.71,4.27,1.72,-0.832,0.058,0.493,-2.93,-0.53,-0.66,3692.41,20.7,0,1
1785171236.597161,LEFTARMGRIPPERCLOSE,168.2,343.8,187.2,203.0,0.0,63.5,137.5,340.8,28.1,0.0,163.4,0.0,0.0,0.0,0.553,-0.007,0.794,5.21,4.49,2.7,-0.825,0.043,0.49,-3.98,-0.7,0.01,3693.81,20.78,0,1
1785171236.6066906,LEFTARMGRIPPERCLOSE,168.2,343.8,187.2,202.9,0.0,63.6,137.4,340.8,28.1,0.0,163.4,0.0,0.0,0.0,0.533,-0.003,0.78,3.69,3.98,3.15,-0.825,0.036,0.5,-4.01,-0.83,-0.18,3695.36,21.08,0,1
1785171236.6177304,LEFTARMGRIPPERCLOSE,168.2,343.8,187.2,202.9,0.0,63.6,137.3,340.8,28.1,0.0,163.4,0.0,0.0,0.0,0.524,-0.001,0.78,2.06,2.48,2.23,-0.816,0.033,0.497,-3.53,-1.05,-0.7,3697.27,20.81,0,1
1785171236.6270308,LEFTARMGRIPPERCLOSE,168.2,343.8,187.2,202.8,0.0,63.6,137.2,340.8,28.1,0.0,163.4,0.0,0.0,0.0,0.541,-0.024,0.78,-0.05,2.06,1.53,-0.816,0.033,0.502,-3.01,-0.95,-0.05,3698.7,20.86,0,1
1785171236.637711,LEFTARMGRIPPERCLOSE,168.2,343.8,187.2,202.8,0.0,63.6,137.1,340.8,28.1,0.0,163.4,0.0,0.0,0.0,0.557,-0.025,0.793,-1.06,2.08,1.72,-0.807,0.021,0.502,-2.6,-0.51,0.31,3701.53,20.89,0,1
1785171236.6476533,LEFTARMGRIPPERCLOSE,168.2,343.8,187.2,202.8,0.0,63.6,136.9,340.8,28.1,0.0,163.4,0.0,0.0,0.0,0.572,-0.041,0.791,-1.7,2.62,1.82,-0.803,0.013,0.509,-0.67,-0.17,-0.25,3703.39,20.67,0,1
1785171236.6582372,LEFTARMGRIPPERCLOSE,168.2,343.8,187.2,202.7,0.0,63.6,136.7,340.8,28.1,0.0,163.4,0.0,0.0,0.0,0.563,-0.053,0.812,-1.77,2.84,2.22,-0.801,0.015,0.508,0.92,0.12,-1.25,3704.8,20.75,0,1
1785171236.6676955,LEFTARMGRIPPERCLOSE,168.2,343.8,187.2,202.7,0.0,63.6,136.5,340.8,28.1,0.0,163.4,0.0,0.0,0.0,0.554,-0.07,0.814,-1.47,2.75,2.27,-0.814,0.029,0.482,2.44,-0.05,-2.23,3706.1,20.81,0,1
1785171236.67689,LEFTARMGRIPPERCLOSE,168.2,343.8,187.2,202.7,0.0,63.6,136.4,340.8,28.1,0.0,163.4,0.0,0.0,0.0,0.549,-0.093,0.81,1.34,3.17,1.44,-0.806,0.048,0.49,2.31,0.3,-2.59,3707.82,21.11,0,1
1785171236.6877496,LEFTARMGRIPPERCLOSE,168.2,343.8,187.2,202.8,0.0,63.6,136.4,340.8,28.1,0.0,163.4,0.0,0.0,0.0,0.554,-0.052,0.805,2.6,3.36,1.95,-0.809,0.073,0.484,1.15,0.48,-2.05,3709.12,20.83,0,1
1785171236.6967864,LEFTARMGRIPPERCLOSE,168.2,343.7,187.1,202.8,0.0,63.6,136.3,340.8,28.1,0.0,163.4,0.0,0.0,0.0,0.551,-0.026,0.799,2.13,3.92,2.71,-0.809,0.07,0.49,-1.0,0.68,-0.71,3710.59,21.38,0,1
1785171236.7069492,LEFTARMGRIPPERCLOSE,168.2,343.7,187.1,202.8,0.0,63.6,136.3,340.8,28.1,0.0,163.4,0.0,0.0,0.0,0.54,-0.022,0.793,1.88,3.48,2.61,-0.815,0.064,0.492,-2.35,0.66,-0.29,3711.44,23.03,0,1
1785171236.7178833,LEFTARMGRIPPERCLOSE,168.2,343.7,187.1,202.8,0.0,63.6,136.3,340.8,28.1,0.0,163.4,0.0,0.0,0.0,0.53,-0.026,0.792,0.65,2.98,3.17,-0.817,0.051,0.499,-3.02,0.58,-0.51,3712.58,22.27,0,1
1785171236.726866,LEFTARMGRIPPERCLOSE,168.2,343.7,187.1,202.8,0.0,63.6,136.3,340.8,28.1,0.0,163.4,0.0,0.0,0.0,0.541,-0.044,0.795,1.21,2.34,2.72,-0.807,0.045,0.494,-3.19,0.49,-0.67,3713.69,21.96,0,1
1785171236.7376444,LEFTARMGRIPPERCLOSE,168.2,343.7,187.1,202.8,0.0,63.6,136.3,340.8,28.1,0.0,163.4,0.0,0.0,0.0,0.557,-0.054,0.803,2.51,1.77,2.47,-0.819,0.026,0.49,-2.79,0.5,-0.53,3715.26,21.72,0,1
1785171236.7457774,LEFTARMGRIPPERCLOSE,168.2,343.7,187.1,202.8,0.0,63.6,136.3,340.7,28.1,0.0,163.4,0.0,0.0,0.0,0.555,-0.048,0.795,4.42,2.37,2.69,-0.809,0.013,0.497,-2.08,0.54,-0.44,3716.45,21.29,0,1
1785171236.757809,LEFTARMGRIPPERCLOSE,168.2,343.7,187.1,202.9,0.0,63.6,136.3,340.7,28.1,0.0,163.4,0.0,0.0,0.0,0.553,-0.033,0.781,5.26,1.92,2.74,-0.82,0.024,0.511,-0.6,0.44,-1.6,3718.84,20.72,0,1
1785171236.760824,LEFTARMGRIPPERCLOSE,168.3,343.7,187.1,202.9,0.0,63.6,136.2,340.7,28.1,0.0,163.4,0.0,0.0,0.0,0.562,-0.012,0.801,5.03,1.17,1.83,-0.818,0.025,0.495,0.56,0.4,-2.46,3719.88,20.54,0,1
1785171236.7763548,LEFTARMGRIPPERCLOSE,168.3,343.7,187.1,202.9,0.0,63.6,136.3,340.7,28.1,0.0,163.4,0.0,0.0,0.0,0.562,-0.003,0.787,3.63,0.46,1.26,-0.81,0.038,0.502,1.01,0.4,-2.73,3720.91,20.15,0,1
1785171236.787872,LEFTARMGRIPPERCLOSE,168.3,343.7,187.1,202.9,0.0,63.6,136.3,340.7,28.1,0.0,163.4,0.0,0.0,0.0,0.554,-0.027,0.771,2.26,1.02,2.31,-0.819,0.042,0.494,1.21,0.05,-1.85,3722.18,20.11,0,1
1785171236.7959092,LEFTARMGRIPPERCLOSE,168.3,343.7,187.1,203.1,0.0,63.6,136.4,340.7,28.1,0.0,163.4,0.0,0.0,0.0,0.561,-0.017,0.783,1.71,2.52,4.13,-0.806,0.044,0.498,-0.01,0.71,-0.72,3724.39,20.34,0,1
1785171236.807096,LEFTARMGRIPPERCLOSE,168.3,343.7,187.0,203.0,0.0,63.6,136.5,340.7,28.1,0.0,163.4,0.0,0.0,0.0,0.573,-0.03,0.794,0.6,3.24,5.73,-0.814,0.042,0.494,-0.12,1.13,-0.92,3726.04,20.25,0,1
1785171236.8104124,LEFTARMGRIPPERCLOSE,168.3,343.7,187.0,202.9,0.0,63.6,136.6,340.7,28.1,0.0,163.4,0.0,0.0,0.0,0.56,-0.051,0.793,1.34,3.59,5.85,-0.814,0.042,0.496,-0.36,0.85,-1.24,3727.28,20.19,0,1
1785171236.8268518,LEFTARMGRIPPERCLOSE,168.3,343.7,187.0,202.9,0.0,63.6,136.5,340.7,28.1,0.0,163.4,0.0,0.0,0.0,0.554,-0.05,0.795,2.07,3.16,4.56,-0.807,0.046,0.488,-0.48,1.08,-1.48,3728.46,20.14,0,1
1785171236.8378332,LEFTARMGRIPPERCLOSE,168.3,343.7,187.0,202.9,0.0,63.6,136.6,340.7,28.1,0.0,163.4,0.0,0.0,0.0,0.555,-0.033,0.783,2.29,3.19,3.98,-0.813,0.058,0.482,-1.03,0.92,-1.3,3730.09,20.11,0,1
1785171236.8460422,LEFTARMGRIPPERCLOSE,168.3,343.7,187.1,202.8,0.0,63.6,136.7,340.7,28.1,0.0,163.4,0.0,0.0,0.0,0.552,-0.009,0.77,1.37,3.38,3.91,-0.819,0.046,0.481,-1.75,0.79,-0.99,3731.07,20.33,0,1
1785171236.855905,LEFTARMGRIPPERCLOSE,168.3,343.7,187.0,202.8,0.0,63.6,136.7,340.7,28.1,0.0,163.4,0.0,0.0,0.0,0.545,-0.014,0.774,-0.34,3.77,3.98,-0.82,0.045,0.497,-1.82,0.59,-0.64,3732.3,20.25,0,1
1785171236.8647602,LEFTARMGRIPPERCLOSE,168.3,343.7,187.0,202.8,0.0,63.6,136.7,340.7,28.0,0.0,163.4,0.0,0.0,0.0,0.558,-0.045,0.791,-0.72,3.75,4.15,-0.82,0.041,0.502,-2.44,0.83,-1.05,3733.48,20.69,0,1
1785171236.877949,LEFTARMGRIPPERCLOSE,168.3,343.7,187.0,202.8,0.0,63.6,136.7,340.7,28.3,0.0,163.4,0.0,0.0,0.0,0.561,-0.078,0.811,0.06,3.15,2.53,-0.819,0.033,0.499,-2.61,0.95,-0.76,3734.36,21.01,0,1
1785171236.877949,LEFTARMGRIPPERCLOSE,168.3,343.7,187.0,202.8,0.0,63.6,136.7,340.7,28.3,0.0,163.4,0.0,0.0,0.0,0.55,-0.089,0.807,2.64,2.12,0.18,-0.811,0.031,0.498,-1.92,0.69,-0.79,3735.27,21.01,0,1
1785171236.8977406,LEFTARMGRIPPERCLOSE,168.3,343.7,187.0,202.8,0.0,63.6,136.6,340.7,28.3,0.0,163.4,0.0,0.0,0.0,0.561,-0.055,0.803,4.27,2.05,0.07,-0.819,0.03,0.501,-1.61,0.44,-0.37,3735.7,21.01,0,1
1785171236.9105294,LEFTARMGRIPPERCLOSE,168.3,343.7,187.0,202.8,0.0,63.6,136.6,340.7,28.3,0.0,163.4,0.0,0.0,0.0,0.549,-0.037,0.791,4.98,1.81,1.18,-0.827,0.03,0.498,-1.08,0.05,-0.64,3735.78,21.01,0,1
1785171236.9166267,LEFTARMGRIPPERCLOSE,168.3,343.7,187.0,202.8,0.0,63.6,136.6,340.7,28.3,0.0,163.4,0.0,0.0,0.0,0.538,-0.019,0.79,4.25,1.56,3.27,-0.824,0.035,0.499,-0.57,-0.18,-1.21,3736.08,21.0,0,1
1785171236.9285197,LEFTARMGRIPPERCLOSE,168.3,343.7,187.0,202.8,0.0,63.6,136.6,340.7,28.3,0.0,163.4,0.0,0.0,0.0,0.534,-0.017,0.783,2.93,1.79,3.56,-0.818,0.036,0.486,-0.42,-0.51,-1.25,3736.56,20.75,0,1
1785171236.9381406,LEFTARMGRIPPERCLOSE,168.3,343.7,187.0,202.8,0.0,63.6,136.6,340.7,28.2,0.0,163.4,0.0,0.0,0.0,0.543,-0.004,0.768,1.69,1.75,3.85,-0.815,0.043,0.478,-0.47,-0.47,-1.27,3737.17,20.82,0,1
1785171236.9448693,LEFTARMGRIPPERCLOSE,168.3,344.0,187.0,202.8,0.0,63.6,136.7,340.7,28.2,0.0,163.4,0.0,0.0,0.0,0.547,-0.017,0.785,0.29,1.61,3.21,-0.812,0.045,0.488,-0.81,-0.54,-0.75,3737.63,20.61,0,1
1785171236.957645,LEFTARMGRIPPERCLOSE,168.2,343.9,187.0,202.8,0.0,63.6,136.7,340.7,28.2,0.0,163.4,0.0,0.0,0.0,0.551,-0.049,0.807,-0.16,1.18,2.07,-0.801,0.042,0.49,-0.85,-0.4,-0.89,3737.72,20.46,0,1
1785171236.9676578,LEFTARMGRIPPERCLOSE,168.2,343.9,187.0,202.8,0.0,63.6,136.6,340.7,28.2,0.0,163.4,0.0,0.0,0.0,0.567,-0.073,0.815,1.23,1.62,1.19,-0.808,0.041,0.5,-0.63,0.08,-0.95,3738.29,20.34,0,1
1785171236.977924,LEFTARMGRIPPERCLOSE,168.2,343.9,187.0,202.8,0.0,63.6,136.6,340.7,28.2,0.0,163.4,0.0,0.0,0.0,0.567,-0.069,0.805,3.18,2.55,1.89,-0.811,0.042,0.498,-0.53,-0.02,-1.09,3738.22,20.51,0,1
1785171236.977924,LEFTARMGRIPPERCLOSE,168.2,343.8,187.0,202.8,0.0,63.6,136.6,340.7,28.2,0.0,163.4,0.0,0.0,0.0,0.555,-0.052,0.799,4.28,3.12,2.31,-0.816,0.048,0.49,-0.95,0.4,-1.08,3738.41,20.13,0,1
1785171236.9956663,LEFTARMGRIPPERCLOSE,168.2,343.8,187.0,202.8,0.0,63.6,136.6,340.7,28.2,0.0,163.4,0.0,0.0,0.0,0.545,-0.041,0.796,4.17,2.92,2.73,-0.816,0.048,0.488,-1.44,0.11,-1.0,3738.81,20.35,0,1
1785171237.007514,LEFTARMGRIPPERCLOSE,168.2,343.8,187.0,202.8,0.0,63.6,136.7,340.6,28.2,0.0,163.4,0.0,0.0,0.0,0.537,-0.05,0.804,5.63,2.09,2.27,-0.819,0.052,0.492,-2.34,0.22,-0.53,3739.11,20.26,0,1
1785171237.0121343,LEFTARMGRIPPERCLOSE,168.2,343.8,187.0,202.8,0.0,63.6,136.7,340.6,28.2,0.0,163.4,0.0,0.0,0.0,0.55,-0.032,0.792,5.96,1.71,1.85,-0.81,0.043,0.492,-2.76,0.37,-0.05,3741.08,20.2,0,1
1785171237.0275679,LEFTARMGRIPPERCLOSE,168.2,343.8,187.0,202.8,0.0,63.5,136.8,340.6,28.2,0.0,163.4,0.0,0.0,0.0,0.554,-0.012,0.789,4.97,1.55,2.25,-0.819,0.035,0.502,-2.5,0.05,-0.11,3741.31,20.4,0,1
1785171237.0381358,LEFTARMGRIPPERCLOSE,168.2,343.8,187.0,202.8,0.0,63.5,136.9,340.6,28.2,0.0,163.4,0.0,0.0,0.0,0.547,-0.003,0.783,3.4,1.35,2.24,-0.82,0.021,0.498,-1.89,-0.26,-0.78,3742.48,20.55,0,1
1785171237.0482264,LEFTARMGRIPPERCLOSE,168.2,343.8,187.0,202.8,0.0,63.5,136.9,340.6,28.2,0.0,163.4,0.0,0.0,0.0,0.548,-0.033,0.781,2.92,0.61,0.98,-0.819,0.03,0.499,-0.97,-0.54,-1.4,3743.36,20.41,0,1
1785171237.058128,LEFTARMGRIPPERCLOSE,168.2,343.8,187.0,202.8,0.0,63.5,136.9,340.7,28.2,0.0,163.4,0.0,0.0,0.0,0.561,-0.028,0.785,3.69,0.2,-0.68,-0.809,0.035,0.493,-0.1,-0.46,-1.34,3744.02,20.31,0,1
1785171237.0636413,LEFTARMGRIPPERCLOSE,168.2,343.8,187.0,202.8,0.0,63.5,136.9,340.7,28.2,0.0,163.4,0.0,0.0,0.0,0.57,-0.032,0.79,3.34,0.09,-1.48,-0.815,0.037,0.501,-0.18,-0.34,-0.9,3742.77,20.48,0,1
1785171237.081061,LEFTARMGRIPPERCLOSE,168.2,343.8,187.2,202.8,0.0,63.6,136.9,340.7,28.2,0.0,163.4,0.0,0.0,0.0,0.572,-0.061,0.817,3.42,-0.34,-2.53,-0.811,0.033,0.496,-0.22,0.03,-0.92,3742.07,20.61,0,1
1785171237.08821,LEFTARMGRIPPERCLOSE,168.2,343.8,187.1,202.8,0.0,63.6,136.9,340.7,28.2,0.0,163.4,0.0,0.0,0.0,0.54,-0.047,0.802,4.63,0.03,-2.68,-0.813,0.036,0.492,-0.21,0.18,-1.08,3742.56,20.71,0,1
1785171237.0957007,LEFTARMGRIPPERCLOSE,168.2,343.8,187.1,202.8,0.0,63.7,137.0,340.7,28.2,0.0,163.4,0.0,0.0,0.0,0.545,-0.016,0.8,2.93,1.8,0.66,-0.806,0.052,0.502,-0.65,0.63,-1.21,3743.67,20.53,0,1
1785171237.1077547,LEFTARMGRIPPERCLOSE,168.2,343.8,187.1,202.8,0.0,63.7,137.1,340.7,28.2,0.0,163.4,0.0,0.0,0.0,0.539,-0.012,0.789,1.54,3.53,4.4,-0.807,0.048,0.496,-0.95,0.73,-0.92,3746.25,20.9,0,1
1785171237.11074,LEFTARMGRIPPERCLOSE,168.2,343.5,187.1,202.8,0.0,63.7,137.1,340.7,28.2,0.0,163.4,0.0,0.0,0.0,0.547,-0.01,0.777,0.37,4.95,6.61,-0.812,0.046,0.485,-1.79,0.93,-0.76,3747.44,20.67,0,1
1785171237.1278338,LEFTARMGRIPPERCLOSE,168.2,343.6,187.1,202.8,0.0,63.7,137.1,340.7,28.5,0.0,163.4,0.0,0.0,0.0,0.543,-0.012,0.788,-1.6,5.19,6.07,-0.811,0.047,0.496,-1.85,1.03,-0.9,3748.83,20.76,0,1
1785171237.1383493,LEFTARMGRIPPERCLOSE,168.2,343.6,187.1,202.8,0.0,63.5,137.1,340.7,28.4,0.0,163.4,0.0,0.0,0.0,0.53,-0.051,0.796,-0.27,3.51,3.05,-0.811,0.044,0.49,-1.77,1.11,-1.22,3751.62,20.82,0,1
1785171237.1454859,LEFTARMGRIPPERCLOSE,168.2,343.6,187.0,202.8,0.0,63.5,137.1,340.7,28.4,0.0,163.4,0.0,0.0,0.0,0.561,-0.045,0.812,0.33,2.5,1.59,-0.814,0.041,0.492,-1.76,1.1,-1.1,3753.97,20.61,0,1
1785171237.15936,LEFTARMGRIPPERCLOSE,168.2,343.6,187.0,202.8,0.0,63.5,137.1,340.7,28.3,0.0,163.4,0.0,0.0,0.0,0.579,-0.067,0.804,2.24,2.18,0.47,-0.82,0.028,0.503,-0.79,0.56,-0.55,3756.22,20.71,0,1
1785171237.1628177,LEFTARMGRIPPERCLOSE,168.2,343.6,187.0,202.8,0.0,63.6,137.1,340.7,28.2,0.0,163.4,0.0,0.0,0.0,0.558,-0.054,0.782,3.19,2.02,0.68,-0.824,0.024,0.491,-0.71,0.34,-0.35,3758.17,21.03,0,1
1785171237.1789906,LEFTARMGRIPPERCLOSE,168.2,343.6,187.0,202.8,0.0,63.6,137.1,340.7,28.2,0.0,163.4,0.0,0.0,0.0,0.574,0.012,0.783,2.79,2.5,2.14,-0.83,0.03,0.495,-0.18,0.27,-1.36,3760.13,21.02,0,1
1785171237.1883807,LEFTARMGRIPPERCLOSE,168.2,343.6,187.0,202.8,0.0,63.6,137.2,340.7,28.2,0.0,163.4,0.0,0.0,0.0,0.549,-0.008,0.773,0.28,2.6,2.69,-0.825,0.042,0.487,-0.32,-0.34,-1.67,3762.59,20.77,0,1
1785171237.194706,LEFTARMGRIPPERCLOSE,168.2,343.6,187.0,202.8,0.0,63.6,137.2,340.7,28.2,0.0,163.4,0.0,0.0,0.0,0.528,-0.059,0.819,0.35,0.89,1.05,-0.826,0.052,0.49,-1.18,-0.35,-1.08,3764.7,20.58,0,1
1785171237.2082033,LEFTARMGRIPPERCLOSE,168.1,343.6,187.0,202.8,0.0,63.6,136.9,340.7,28.2,0.0,163.4,0.0,0.0,0.0,0.527,-0.071,0.824,1.85,-0.79,-1.05,-0.804,0.045,0.496,-1.6,0.05,-0.25,3766.27,20.43,0,1
1785171237.2106702,LEFTARMGRIPPERCLOSE,168.1,343.6,187.0,202.8,0.0,63.6,137.0,340.7,28.2,0.0,163.4,0.0,0.0,0.0,0.545,-0.046,0.811,3.0,-0.57,0.03,-0.804,0.035,0.5,-1.0,0.29,-0.25,3767.7,16.07,0,1
1785171237.2293468,LEFTARMGRIPPERCLOSE,168.1,343.6,187.0,202.8,0.0,63.6,137.0,340.7,28.2,0.0,163.4,0.0,0.0,0.0,0.552,-0.04,0.792,2.9,1.05,2.4,-0.822,0.021,0.507,-0.06,-0.25,-1.24,3768.28,17.31,0,1
1785171237.2384117,LEFTARMGRIPPERCLOSE,168.1,343.6,187.0,203.1,0.0,63.6,137.0,340.7,28.2,0.0,163.4,0.0,0.0,0.0,0.57,-0.037,0.802,2.32,1.36,3.82,-0.814,0.023,0.485,0.88,-0.4,-2.3,3768.96,17.98,0,1
1785171237.2466278,LEFTARMGRIPPERCLOSE,168.1,343.6,187.0,203.1,0.0,63.6,137.0,340.7,28.2,0.0,163.4,0.0,0.0,0.0,0.565,-0.062,0.788,4.24,0.44,1.08,-0.812,0.055,0.49,0.74,-0.92,-2.42,3769.47,18.73,0,1
1785171237.2553742,LEFTARMGRIPPERCLOSE,168.1,343.6,187.0,203.1,0.0,63.6,137.0,340.7,28.2,0.0,163.4,0.0,0.0,0.0,0.556,-0.023,0.784,3.59,-0.5,-1.24,-0.821,0.057,0.484,0.07,-0.82,-1.51,3770.1,19.3,0,1
1785171237.2611983,LEFTARMGRIPPERCLOSE,168.1,343.6,187.0,203.0,0.0,63.6,137.0,340.7,28.2,0.0,163.1,0.0,0.0,0.0,0.556,-0.011,0.775,2.81,-0.54,-2.28,-0.812,0.059,0.487,-1.7,-0.66,-0.52,3770.83,19.23,0,1
1785171237.277251,LEFTARMGRIPPERCLOSE,168.1,343.6,187.0,202.9,0.0,63.6,137.0,340.7,28.2,0.0,162.8,0.0,0.0,0.0,0.548,-0.046,0.784,2.19,-0.85,-3.32,-0.814,0.053,0.499,-2.6,-0.24,-0.02,3771.37,19.42,0,1
1785171237.287644,LEFTARMGRIPPERCLOSE,168.1,343.6,187.0,202.9,0.0,63.6,137.0,340.7,28.2,0.0,163.0,0.0,0.0,0.0,0.554,-0.006,0.788,2.09,0.5,-2.23,-0.805,0.032,0.502,-2.56,0.29,0.07,3772.03,19.81,0,1
1785171237.295767,LEFTARMGRIPPERCLOSE,168.1,343.6,187.0,202.8,0.0,63.6,137.0,340.7,28.0,0.0,163.1,0.0,0.0,0.0,0.548,-0.022,0.78,0.7,1.69,0.07,-0.812,0.03,0.494,-1.58,0.27,-0.44,3772.52,20.11,0,1
1785171237.3082917,LEFTARMGRIPPERCLOSE,168.1,343.6,187.2,202.8,0.0,63.6,137.0,340.7,28.0,0.0,163.2,0.0,0.0,0.0,0.55,-0.056,0.796,1.6,2.24,0.82,-0.807,0.039,0.494,-0.99,0.31,-1.27,3772.64,20.33,0,1
1785171237.3176417,LEFTARMGRIPPERCLOSE,168.1,343.6,187.1,202.8,0.0,63.6,137.0,340.7,28.0,0.0,163.3,0.0,0.0,0.0,0.553,-0.043,0.803,2.68,3.19,2.05,-0.808,0.05,0.489,-0.93,0.48,-1.22,3772.98,20.25,0,1
1785171237.3293638,LEFTARMGRIPPERCLOSE,168.1,343.6,187.1,202.8,0.0,63.6,137.0,340.7,28.0,0.0,163.3,0.0,0.0,0.0,0.555,-0.065,0.789,4.92,3.69,3.89,-0.835,0.038,0.492,-1.17,0.26,-0.68,3773.74,20.19,0,1
1785171237.3293638,LEFTARMGRIPPERCLOSE,168.1,343.6,187.1,202.8,0.0,63.6,137.1,340.7,28.0,0.0,163.3,0.0,0.0,0.0,0.561,-0.025,0.79,4.74,4.17,5.62,-0.826,0.041,0.49,-1.19,-0.13,-0.97,3774.55,20.39,0,1
1785171237.3455305,LEFTARMGRIPPERCLOSE,168.1,343.6,187.1,202.8,0.0,63.5,137.2,340.7,28.0,0.0,163.3,0.0,0.0,0.0,0.547,-0.027,0.795,4.4,3.18,5.09,-0.821,0.047,0.493,-1.4,-0.95,-0.98,3775.41,20.29,0,1
1785171237.3574457,LEFTARMGRIPPERCLOSE,168.1,343.6,187.1,202.8,0.0,63.5,137.2,340.7,28.1,0.0,163.3,0.0,0.0,0.0,0.539,-0.022,0.789,3.95,2.0,4.27,-0.821,0.051,0.49,-2.21,-0.8,-0.55,3776.06,20.97,0,1
1785171237.3605344,LEFTARMGRIPPERCLOSE,168.1,343.6,187.1,202.8,0.0,63.5,137.2,340.7,28.1,0.0,163.3,0.0,0.0,0.0,0.54,0.005,0.784,2.6,1.89,3.67,-0.807,0.042,0.498,-2.46,-0.75,-0.1,3776.54,20.98,0,1
1785171237.3774958,LEFTARMGRIPPERCLOSE,168.0,343.6,187.1,202.8,0.0,63.5,137.2,340.7,28.1,0.0,163.4,0.0,0.0,0.0,0.549,0.003,0.791,0.65,1.77,3.52,-0.803,0.032,0.501,-2.26,-0.46,-0.29,3775.16,20.73,0,1
1785171237.3774958,LEFTARMGRIPPERCLOSE,168.0,343.6,187.0,202.8,0.0,63.5,137.3,340.7,28.1,0.0,163.4,0.0,0.0,0.0,0.541,-0.023,0.796,1.15,2.4,3.23,-0.809,0.023,0.488,-1.33,-0.16,-0.83,3776.12,20.55,0,1
1785171237.3976903,LEFTARMGRIPPERCLOSE,168.1,343.6,187.0,202.8,0.0,63.5,137.4,340.7,28.1,0.0,163.4,0.0,0.0,0.0,0.53,-0.056,0.797,1.45,2.77,3.44,-0.802,0.03,0.495,-0.3,0.15,-1.6,3776.84,20.41,0,1
1785171237.408166,LEFTARMGRIPPERCLOSE,168.1,343.6,187.0,202.8,0.0,63.5,137.4,340.7,28.1,0.0,163.4,0.0,0.0,0.0,0.561,-0.047,0.802,2.87,3.69,3.94,-0.807,0.041,0.494,0.32,0.76,-1.82,3777.63,20.56,0,1
1785171237.4174976,LEFTARMGRIPPERCLOSE,168.1,343.6,187.0,202.8,0.0,63.5,137.4,340.7,28.1,0.0,163.4,0.0,0.0,0.0,0.573,-0.026,0.78,2.68,4.85,5.02,-0.816,0.044,0.486,-0.04,0.93,-1.22,3778.47,20.92,0,1
1785171237.4272652,LEFTARMGRIPPERCLOSE,168.1,343.6,187.0,202.8,0.0,63.5,137.4,340.7,28.1,0.0,163.4,0.0,0.0,0.0,0.561,-0.06,0.793,2.76,4.78,5.24,-0.821,0.049,0.49,-0.37,0.66,-1.19,3780.1,20.94,0,1
1785171237.438335,LEFTARMGRIPPERCLOSE,168.1,343.6,187.0,202.8,0.0,63.5,137.4,340.7,28.1,0.0,163.4,0.0,0.0,0.0,0.566,-0.041,0.802,3.83,4.43,5.68,-0.825,0.054,0.483,-0.98,0.67,-1.03,3780.58,20.7,0,1
1785171237.4492807,LEFTARMGRIPPERCLOSE,168.1,343.6,187.0,202.8,0.0,63.8,137.4,340.7,28.1,0.0,163.4,0.0,0.0,0.0,0.549,-0.05,0.797,4.9,4.0,4.85,-0.82,0.054,0.49,-1.94,0.48,-0.75,3780.93,20.53,0,1
1785171237.45838,LEFTARMGRIPPERCLOSE,168.1,343.6,187.0,202.8,0.0,63.7,137.5,340.7,28.1,0.0,163.4,0.0,0.0,0.0,0.552,-0.014,0.781,3.69,4.22,6.15,-0.817,0.043,0.488,-2.37,0.34,-0.47,3781.45,20.9,0,1
1785171237.46239,LEFTARMGRIPPERCLOSE,168.1,343.6,187.0,202.8,0.0,64.0,137.6,340.7,28.1,0.0,163.4,0.0,0.0,0.0,0.553,0.003,0.776,2.77,4.53,6.38,-0.813,0.043,0.493,-2.7,0.1,-0.47,3781.59,20.67,0,1
1785171237.4776063,LEFTARMGRIPPERCLOSE,168.1,343.6,187.0,202.8,0.0,63.9,137.7,340.7,28.1,0.0,163.4,0.0,0.0,0.0,0.534,-0.037,0.788,1.06,3.27,4.02,-0.809,0.034,0.512,-2.99,-0.26,-0.23,3781.94,20.75,0,1
1785171237.4866183,LEFTARMGRIPPERCLOSE,168.1,343.6,187.0,202.8,0.0,63.8,137.8,340.7,28.1,0.0,163.4,0.0,0.0,0.0,0.542,-0.056,0.807,1.74,1.27,0.59,-0.807,0.034,0.489,-2.37,0.44,-0.37,3784.71,20.82,0,1
1785171237.4950492,LEFTARMGRIPPERCLOSE,167.8,343.6,187.0,202.8,0.0,63.8,137.8,340.7,28.1,0.0,163.4,0.0,0.0,0.0,0.549,-0.075,0.805,2.85,0.79,-1.6,-0.816,0.026,0.496,-1.68,0.96,-0.77,3784.78,20.61,0,1
1785171237.5081685,LEFTARMGRIPPERCLOSE,167.9,343.6,187.0,202.8,0.0,63.7,137.8,340.7,28.1,0.0,163.4,0.0,0.0,0.0,0.557,-0.052,0.796,3.89,0.15,-2.17,-0.815,0.025,0.501,-0.4,0.73,-1.19,3784.83,20.71,0,1
1785171237.512957,LEFTARMGRIPPERCLOSE,168.0,343.6,187.0,202.8,0.0,63.6,137.9,340.7,28.1,0.0,163.4,0.0,0.0,0.0,0.565,-0.03,0.8,5.07,0.08,-1.31,-0.83,0.03,0.503,-0.05,0.73,-1.39,3784.63,20.53,0,1
1785171237.5293694,LEFTARMGRIPPERCLOSE,168.1,343.5,187.0,202.8,0.0,63.6,137.9,340.7,28.1,0.0,163.4,0.0,0.0,0.0,0.566,-0.017,0.788,3.54,0.18,0.19,-0.829,0.043,0.486,0.13,-0.04,-1.57,3784.72,20.9,0,1
1785171237.5293694,LEFTARMGRIPPERCLOSE,168.1,343.5,187.0,202.8,0.0,63.6,137.9,340.7,28.1,0.0,163.4,0.0,0.0,0.0,0.542,-0.026,0.791,2.18,-0.19,1.27,-0.832,0.047,0.487,-0.5,-0.37,-1.4,3784.54,20.92,0,1
1785171237.5459597,LEFTARMGRIPPERCLOSE,168.1,343.5,187.0,202.8,0.0,63.6,137.9,340.7,28.1,0.0,163.4,0.0,0.0,0.0,0.552,-0.043,0.807,3.0,-0.62,1.92,-0.821,0.049,0.485,-1.24,-0.44,-0.4,3783.9,20.69,0,1
1785171237.5586047,LEFTARMGRIPPERCLOSE,168.1,343.5,187.0,202.8,0.0,63.6,138.0,340.7,28.1,0.0,163.4,0.0,0.0,0.0,0.55,-0.059,0.797,4.5,-0.07,1.51,-0.816,0.039,0.492,-1.89,-0.45,-0.13,3783.93,20.52,0,1
1785171237.5611734,LEFTARMGRIPPERCLOSE,168.1,343.5,187.0,202.8,0.0,63.6,138.1,340.7,28.1,0.0,163.4,0.0,0.0,0.0,0.547,-0.041,0.808,5.89,0.6,1.82,-0.807,0.03,0.484,-1.2,-0.44,-0.72,3783.95,20.64,0,1
1785171237.5780475,LEFTARMGRIPPERCLOSE,168.1,343.5,187.0,202.8,0.0,63.6,138.1,340.7,28.1,0.0,163.4,0.0,0.0,0.0,0.538,-0.039,0.783,6.27,0.66,1.75,-0.812,0.038,0.488,-1.05,-0.47,-1.53,3784.46,20.48,0,1
1785171237.5780475,LEFTARMGRIPPERCLOSE,168.1,343.5,187.0,202.8,0.0,63.6,137.8,340.7,28.1,0.0,163.4,0.0,0.0,0.0,0.552,-0.036,0.779,5.87,1.02,0.77,-0.806,0.047,0.491,-1.21,-0.11,-1.21,3784.84,20.36,0,1
1785171237.5960305,LEFTARMGRIPPERCLOSE,168.1,343.5,187.0,202.8,0.0,63.5,137.9,340.7,28.1,0.0,163.4,0.0,0.0,0.0,0.565,-0.004,0.788,4.79,1.41,0.26,-0.817,0.043,0.486,-1.94,0.2,-0.47,3784.88,20.27,0,1
1785171237.6084554,LEFTARMGRIPPERCLOSE,168.1,343.5,187.0,202.8,0.0,63.5,138.0,340.7,28.1,0.0,163.4,0.0,0.0,0.0,0.554,-0.017,0.789,3.13,1.54,-0.01,-0.815,0.035,0.491,-1.91,0.31,-0.23,3785.16,20.45,0,1
1785171237.614544,LEFTARMGRIPPERCLOSE,168.1,343.5,187.0,202.8,0.0,63.5,138.1,340.7,28.1,0.0,163.4,0.0,0.0,0.0,0.549,-0.019,0.79,2.11,2.04,0.47,-0.815,0.03,0.491,-1.64,0.41,-0.69,3786.37,20.34,0,1
1785171237.628248,LEFTARMGRIPPERCLOSE,168.1,343.5,187.0,202.8,0.0,63.5,138.2,340.9,28.1,0.0,163.4,0.0,0.0,0.0,0.543,-0.021,0.782,1.73,2.47,2.08,-0.817,0.029,0.497,-1.24,0.29,-1.08,3786.28,20.5,0,1
1785171237.63844,LEFTARMGRIPPERCLOSE,168.1,343.5,187.0,202.8,0.0,63.5,138.2,340.9,28.1,0.0,163.4,0.0,0.0,0.0,0.553,-0.04,0.802,1.45,3.53,4.44,-0.821,0.04,0.494,-0.89,0.16,-1.16,3786.71,20.63,0,1
1785171237.6451018,LEFTARMGRIPPERCLOSE,168.1,343.5,187.0,202.8,0.0,63.5,138.2,340.9,28.1,0.0,163.5,0.0,0.0,0.0,0.554,-0.044,0.792,3.55,3.86,4.83,-0.82,0.047,0.496,-1.31,0.11,-0.77,3787.28,20.47,0,1
1785171237.6544566,LEFTARMGRIPPERCLOSE,168.1,343.5,187.0,202.8,0.0,63.5,138.2,340.9,27.9,0.0,163.5,0.0,0.0,0.0,0.542,-0.031,0.79,4.31,3.81,4.84,-0.823,0.046,0.495,-1.22,-0.5,-0.6,3787.71,20.35,0,1
1785171237.6616428,LEFTARMGRIPPERCLOSE,168.1,343.4,187.0,202.8,0.0,63.5,138.2,340.9,27.9,0.0,163.5,0.0,0.0,0.0,0.548,-0.003,0.775,2.63,2.79,4.73,-0.822,0.037,0.491,-1.78,-0.82,-0.56,3788.78,20.52,0,1
1785171237.6796553,LEFTARMGRIPPERCLOSE,168.1,343.4,187.0,202.8,0.0,63.5,138.3,340.9,28.0,0.0,163.5,0.0,0.0,0.0,0.542,0.0,0.777,0.87,2.44,4.54,-0.82,0.043,0.496,-1.78,-0.86,-0.5,3789.09,20.39,0,1
1785171237.6863785,LEFTARMGRIPPERCLOSE,168.1,343.4,187.0,202.8,0.0,63.5,138.3,340.9,27.9,0.0,163.5,0.0,0.0,0.0,0.541,-0.025,0.788,0.81,2.29,3.32,-0.811,0.036,0.495,-1.53,-0.66,-0.65,3788.82,20.54,0,1
1785171237.6951466,LEFTARMGRIPPERCLOSE,168.1,343.4,187.0,202.8,0.0,63.5,138.3,340.9,28.0,0.0,163.5,0.0,0.0,0.0,0.547,-0.045,0.802,1.49,1.16,0.89,-0.801,0.029,0.501,-1.27,-0.33,-0.72,3788.61,20.65,0,1
1785171237.7085636,LEFTARMGRIPPERCLOSE,168.1,343.4,187.0,202.8,0.0,63.5,138.3,340.9,28.0,0.0,163.5,0.0,0.0,0.0,0.564,-0.062,0.798,2.78,0.92,-1.69,-0.803,0.024,0.502,-0.59,-0.09,-1.12,3788.71,20.49,0,1
1785171237.7114675,LEFTARMGRIPPERCLOSE,168.1,343.4,187.0,202.8,0.0,63.5,138.3,340.9,28.0,0.0,163.5,0.0,0.0,0.0,0.572,-0.015,0.788,3.47,2.62,-0.77,-0.81,0.045,0.488,-0.21,0.34,-1.19,3789.03,20.62,0,1
1785171237.728607,LEFTARMGRIPPERCLOSE,168.1,343.4,187.0,202.8,0.0,63.5,138.2,340.9,28.0,0.0,163.5,0.0,0.0,0.0,0.564,-0.022,0.797,1.51,3.4,0.44,-0.815,0.044,0.5,-0.08,0.39,-1.6,3790.02,20.46,0,1
1785171237.7338817,LEFTARMGRIPPERCLOSE,168.1,343.4,187.0,202.8,0.0,63.5,138.1,340.8,28.0,0.0,163.5,0.0,0.0,0.0,0.538,-0.036,0.8,0.47,3.76,1.21,-0.816,0.058,0.49,-0.56,0.67,-1.44,3791.02,20.35,0,1
1785171237.7445633,LEFTARMGRIPPERCLOSE,168.1,343.4,187.0,202.8,0.0,63.5,138.1,340.8,28.0,0.0,163.5,0.0,0.0,0.0,0.546,-0.021,0.804,-0.89,3.3,1.76,-0.801,0.057,0.49,-1.63,1.25,-0.71,3792.76,20.51,0,1
1785171237.7582357,LEFTARMGRIPPERCLOSE,168.1,343.3,187.0,202.8,0.0,63.5,138.1,340.8,28.0,0.0,163.5,0.0,0.0,0.0,0.543,-0.012,0.803,-3.38,2.74,2.18,-0.808,0.047,0.492,-2.18,1.39,-0.53,3794.32,20.38,0,1
1785171237.7621758,LEFTARMGRIPPERCLOSE,168.1,343.3,187.0,202.8,0.0,63.5,138.1,340.8,28.1,0.0,163.5,0.0,0.0,0.0,0.549,-0.059,0.809,-4.28,1.4,1.49,-0.814,0.037,0.493,-2.3,1.5,-0.64,3795.74,20.54,0,1
1785171237.7792637,LEFTARMGRIPPERCLOSE,168.1,343.4,187.0,202.8,0.0,63.6,138.0,340.8,28.1,0.0,163.5,0.0,0.0,0.0,0.537,-0.095,0.826,-2.1,0.4,0.54,-0.811,0.039,0.499,-2.07,1.36,-0.84,3798.81,20.65,0,1
1785171237.7792637,LEFTARMGRIPPERCLOSE,168.1,343.4,187.0,202.8,0.0,63.6,138.0,340.8,28.1,0.0,163.5,0.0,0.0,0.0,0.538,-0.091,0.812,1.14,0.11,1.31,-0.816,0.029,0.497,-0.33,0.5,-1.24,3799.85,20.49,0,1
1785171237.794373,LEFTARMGRIPPERCLOSE,168.1,343.4,187.0,202.8,0.0,63.6,138.0,340.8,28.1,0.0,163.5,0.0,0.0,0.0,0.565,-0.021,0.769,2.85,1.73,3.36,-0.831,0.037,0.498,-0.89,-0.24,-0.56,3800.89,20.62,0,1
1785171237.808619,LEFTARMGRIPPERCLOSE,168.1,343.4,187.0,202.8,0.0,63.6,138.0,340.8,28.1,0.0,163.5,0.0,0.0,0.0,0.558,-0.008,0.753,2.48,2.31,4.86,-0.841,0.047,0.482,-1.61,0.11,-0.43,3801.67,20.71,0,1
1785171237.8144171,LEFTARMGRIPPERCLOSE,168.1,343.4,187.0,202.8,0.0,63.6,138.0,340.8,28.1,0.0,163.5,0.0,0.0,0.0,0.537,-0.001,0.786,1.14,0.96,2.89,-0.844,0.042,0.495,-2.37,-0.35,-0.96,3802.75,20.78,0,1
1785171237.8284621,LEFTARMGRIPPERCLOSE,168.1,343.4,187.0,202.8,0.0,63.6,138.0,340.8,28.1,0.0,163.5,0.0,0.0,0.0,0.526,-0.027,0.787,1.05,-1.02,-0.08,-0.821,0.042,0.49,-2.23,-1.09,-0.56,3803.56,20.34,0,1
1785171237.8343787,LEFTARMGRIPPERCLOSE,168.1,343.4,187.0,202.8,0.0,63.6,138.0,340.8,28.1,0.0,163.5,0.0,0.0,0.0,0.54,-0.046,0.802,1.28,-1.87,-0.57,-0.807,0.024,0.497,-2.17,-0.4,0.26,3804.17,20.75,0,1
1785171237.8441591,LEFTARMGRIPPERCLOSE,168.1,343.4,187.0,202.8,0.0,63.6,138.0,340.8,28.1,0.0,163.5,0.0,0.0,0.0,0.553,-0.046,0.802,1.67,-0.83,0.21,-0.82,0.019,0.503,-1.37,-0.09,-0.05,3805.13,20.57,0,1
1785171237.8589072,LEFTARMGRIPPERCLOSE,168.1,343.4,187.0,202.8,0.0,63.6,138.0,340.8,28.1,0.0,163.5,0.0,0.0,0.0,0.541,-0.039,0.803,2.42,0.73,1.66,-0.808,0.017,0.509,0.65,-0.24,-1.68,3805.35,20.67,0,1
1785171237.8669446,LEFTARMGRIPPERCLOSE,168.1,343.4,187.0,202.8,0.0,63.6,138.1,340.8,28.1,0.0,163.5,0.0,0.0,0.0,0.537,-0.034,0.787,2.21,1.76,2.88,-0.81,0.026,0.49,1.79,-0.39,-2.86,3805.51,20.76,0,1
1785171237.8767073,LEFTARMGRIPPERCLOSE,168.2,343.4,187.0,202.8,0.0,63.6,138.1,340.8,28.1,0.0,163.5,0.0,0.0,0.0,0.535,-0.032,0.783,3.01,1.96,2.66,-0.82,0.049,0.485,2.0,-0.3,-2.51,3805.63,20.57,0,1
1785171237.888146,LEFTARMGRIPPERCLOSE,168.2,343.4,187.0,202.8,0.0,63.6,138.1,340.8,28.1,0.0,163.5,0.0,0.0,0.0,0.547,-0.038,0.753,4.08,2.73,3.13,-0.823,0.063,0.485,0.3,-0.24,-1.27,3805.72,20.68,0,1
1785171237.894891,LEFTARMGRIPPERCLOSE,168.2,343.4,187.0,202.8,0.0,63.6,138.1,340.8,28.1,0.0,163.5,0.0,0.0,0.0,0.566,-0.001,0.782,3.75,3.52,5.38,-0.825,0.058,0.492,-0.88,-0.44,-0.7,3805.79,20.51,0,1
1785171237.9094887,LEFTARMGRIPPERCLOSE,168.2,343.4,187.0,202.8,0.0,63.6,138.1,340.8,28.1,0.0,163.5,0.0,0.0,0.0,0.562,-0.018,0.786,1.89,3.55,5.69,-0.828,0.048,0.496,-2.01,-0.65,-0.27,3806.85,20.63,0,1
1785171237.9172914,LEFTARMGRIPPERCLOSE,168.2,343.4,187.0,202.8,0.0,63.6,138.1,340.8,28.1,0.0,163.5,0.0,0.0,0.0,0.552,-0.055,0.798,2.92,2.6,4.32,-0.816,0.044,0.482,-2.25,-1.11,-0.56,3806.63,20.47,0,1
1785171237.9300303,LEFTARMGRIPPERCLOSE,168.2,343.4,187.0,202.8,0.0,63.6,138.1,340.8,28.1,0.0,163.5,0.0,0.0,0.0,0.558,-0.044,0.798,4.15,1.96,2.79,-0.82,0.049,0.479,-2.82,-1.0,-0.63,3806.48,20.6,0,1
1785171237.9333012,LEFTARMGRIPPERCLOSE,168.2,343.4,187.0,202.8,0.0,63.6,138.1,340.8,28.1,0.0,163.5,0.0,0.0,0.0,0.562,-0.022,0.798,5.02,1.73,1.95,-0.812,0.048,0.484,-3.2,-1.05,-0.05,3806.36,20.2,0,1
1785171237.9449203,LEFTARMGRIPPERCLOSE,168.2,343.4,187.0,202.8,0.0,63.6,138.1,340.8,28.1,0.0,163.5,0.0,0.0,0.0,0.556,-0.025,0.788,4.73,1.48,1.93,-0.817,0.032,0.499,-3.21,-0.91,0.73,3806.77,20.15,0,1
1785171237.9544232,LEFTARMGRIPPERCLOSE,168.2,343.4,187.0,202.8,0.0,63.6,138.1,340.8,28.1,0.0,163.5,0.0,0.0,0.0,0.563,-0.029,0.786,4.33,1.11,1.9,-0.809,0.025,0.5,-2.11,-0.47,0.02,3807.08,20.36,0,1
1785171237.9544232,LEFTARMGRIPPERCLOSE,168.2,343.4,187.0,202.8,0.0,63.5,138.1,340.8,28.1,0.0,163.5,0.0,0.0,0.0,0.548,-0.014,0.782,3.99,1.1,1.52,-0.812,0.023,0.501,-0.92,-0.63,-0.94,3807.31,20.52,0,1
1785171237.9791214,LEFTARMGRIPPERCLOSE,168.2,343.4,187.0,202.8,0.0,63.5,138.1,340.8,28.1,0.0,163.5,0.0,0.0,0.0,0.556,-0.013,0.767,3.33,1.26,1.34,-0.807,0.03,0.496,0.16,-0.42,-1.7,3807.73,20.39,0,1
1785171237.9866788,LEFTARMGRIPPERCLOSE,168.2,343.4,187.0,202.8,0.0,63.5,138.1,340.8,28.1,0.0,163.5,0.0,0.0,0.0,0.558,-0.017,0.79,1.63,1.51,1.8,-0.808,0.049,0.488,-0.16,-0.11,-1.49,3808.05,20.54,0,1
1785171237.9866788,LEFTARMGRIPPERCLOSE,168.2,343.4,187.0,202.8,0.0,63.5,138.1,340.8,28.1,0.0,163.5,0.0,0.0,0.0,0.561,-0.036,0.808,1.15,2.12,2.43,-0.805,0.045,0.484,-0.68,0.31,-0.8,3808.29,20.41,0,1
1785171238.008547,LEFTARMGRIPPERCLOSE,168.2,343.4,187.0,202.8,0.0,63.5,138.1,340.8,28.1,0.0,163.5,0.0,0.0,0.0,0.553,-0.037,0.801,1.45,3.03,3.15,-0.812,0.048,0.494,-1.52,0.34,-0.44,3808.21,20.56,0,1
1785171238.0189788,LEFTARMGRIPPERCLOSE,168.2,343.3,187.0,202.8,0.0,63.5,138.1,340.8,28.1,0.0,163.5,0.0,0.0,0.0,0.537,-0.023,0.783,1.23,3.98,4.24,-0.81,0.053,0.491,-1.21,0.7,-0.67,3808.41,20.67,0,1
1785171238.0281577,LEFTARMGRIPPERCLOSE,168.2,343.3,187.0,202.8,0.0,63.5,138.2,340.5,28.1,0.0,163.5,0.0,0.0,0.0,0.533,-0.02,0.8,0.5,4.79,4.93,-0.82,0.046,0.492,-2.13,0.47,-0.68,3808.56,20.5,0,1
1785171238.0281577,LEFTARMGRIPPERCLOSE,168.2,343.3,187.0,202.8,0.0,63.5,138.1,340.6,28.1,0.0,163.5,0.0,0.0,0.0,0.531,-0.042,0.806,0.8,3.89,3.29,-0.804,0.041,0.503,-2.5,0.95,-0.5,3808.67,20.63,0,1
1785171238.0497637,LEFTARMGRIPPERCLOSE,168.2,343.3,187.0,202.8,0.0,63.5,138.1,340.5,28.1,0.0,163.5,0.0,0.0,0.0,0.532,-0.076,0.825,2.15,2.15,0.26,-0.812,0.035,0.5,-2.32,1.15,-0.34,3809.0,20.47,0,1
1785171238.0587332,LEFTARMGRIPPERCLOSE,168.2,343.3,187.0,202.6,0.0,63.5,138.1,340.6,28.1,0.0,163.5,0.0,0.0,0.0,0.537,-0.061,0.811,3.37,1.03,-1.4,-0.814,0.034,0.501,-1.79,1.42,-0.85,3809.25,20.35,0,1
1785171238.0677688,LEFTARMGRIPPERCLOSE,168.2,343.3,187.0,202.7,0.0,63.5,138.1,340.7,28.1,0.0,163.5,0.0,0.0,0.0,0.562,-0.033,0.808,4.06,2.09,0.52,-0.823,0.031,0.499,-0.76,1.17,-1.4,3809.19,20.26,0,1
1785171238.0782177,LEFTARMGRIPPERCLOSE,168.2,343.1,187.0,202.7,0.0,63.5,138.2,340.6,28.1,0.0,163.5,0.0,0.0,0.0,0.549,-0.023,0.795,2.65,3.24,2.56,-0.831,0.029,0.494,-0.22,0.63,-1.79,3809.89,20.45,0,1
1785171238.088252,LEFTARMGRIPPERCLOSE,168.2,343.1,187.0,202.7,0.0,63.5,138.2,340.7,28.1,0.0,163.5,0.0,0.0,0.0,0.532,-0.039,0.787,1.87,3.29,2.98,-0.821,0.039,0.489,0.11,0.43,-1.64,3810.42,20.34,0,1
1785171238.096692,LEFTARMGRIPPERCLOSE,168.2,343.1,187.0,202.7,0.0,63.5,138.2,340.7,28.1,0.0,163.5,0.0,0.0,0.0,0.527,-0.026,0.793,1.48,1.79,1.98,-0.825,0.047,0.491,-0.75,0.22,-0.96,3810.56,20.0,0,1
1785171238.1091118,LEFTARMGRIPPERCLOSE,168.2,343.2,187.0,202.7,0.0,63.5,138.2,340.7,28.1,0.0,163.5,0.0,0.0,0.0,0.519,-0.027,0.783,0.94,0.52,0.4,-0.817,0.045,0.495,-0.98,0.42,-0.42,3810.42,20.0,0,1
1785171238.117895,LEFTARMGRIPPERCLOSE,168.2,343.2,187.0,202.7,0.0,63.5,138.2,340.7,28.1,0.0,163.5,0.0,0.0,0.0,0.54,-0.035,0.797,0.63,-0.7,0.79,-0.817,0.039,0.506,-1.05,0.36,-0.63,3810.07,20.0,0,1
1785171238.1304948,LEFTARMGRIPPERCLOSE,168.2,343.2,187.0,202.7,0.0,63.5,138.2,340.7,28.1,0.0,163.5,0.0,0.0,0.0,0.566,-0.061,0.791,2.05,-0.56,0.6,-0.822,0.025,0.503,-0.53,-0.18,-1.27,3809.8,20.0,0,1
1785171238.1394176,LEFTARMGRIPPERCLOSE,168.2,343.2,187.0,202.7,0.0,63.5,138.2,340.7,28.1,0.0,163.5,0.0,0.0,0.0,0.586,-0.01,0.792,2.27,-0.09,1.37,-0.834,0.037,0.489,0.19,-0.55,-1.78,3809.6,21.5,0,1
1785171238.1486583,LEFTARMGRIPPERCLOSE,168.1,343.2,187.0,202.7,0.0,63.5,138.2,340.7,28.1,0.0,163.5,0.0,0.0,0.0,0.556,-0.042,0.801,1.07,-1.04,2.04,-0.824,0.051,0.478,-0.1,-1.27,-1.76,3809.45,21.13,0,1
1785171238.154176,LEFTARMGRIPPERCLOSE,168.0,343.2,187.0,202.7,0.0,63.5,138.2,340.7,28.2,0.0,163.5,0.0,0.0,0.0,0.55,-0.07,0.812,3.06,-2.31,0.9,-0.821,0.055,0.487,-1.41,-1.23,-0.79,3808.59,20.59,0,1
1785171238.161196,LEFTARMGRIPPERCLOSE,168.0,343.2,187.0,202.8,0.0,63.4,138.2,340.7,28.2,0.0,163.5,0.0,0.0,0.0,0.562,-0.05,0.805,3.9,-2.89,0.33,-0.808,0.048,0.489,-2.41,-1.27,0.02,3807.69,20.95,0,1
1785171238.1779666,LEFTARMGRIPPERCLOSE,168.0,343.2,187.0,202.8,0.0,63.3,138.2,340.7,28.2,0.0,163.5,0.0,0.0,0.0,0.557,-0.025,0.799,4.64,-2.77,0.28,-0.819,0.04,0.503,-2.49,-1.15,0.15,3807.02,20.96,0,1
1785171238.1879702,LEFTARMGRIPPERCLOSE,168.0,343.2,187.0,202.8,0.0,63.3,138.2,340.7,28.2,0.0,163.5,0.0,0.0,0.0,0.555,-0.006,0.785,2.27,-2.79,1.29,-0.811,0.03,0.486,-1.99,-1.05,-0.3,3806.26,20.72,0,1
1785171238.1936128,LEFTARMGRIPPERCLOSE,168.0,343.2,187.0,202.8,0.0,63.3,138.2,340.7,28.2,0.0,163.5,0.0,0.0,0.0,0.532,-0.041,0.805,0.4,-3.6,1.48,-0.809,0.031,0.489,-1.15,-1.2,-1.17,3805.45,20.79,0,1
1785171238.2078953,LEFTARMGRIPPERCLOSE,168.0,343.2,187.0,202.8,0.0,63.3,138.2,340.7,28.2,0.0,163.5,0.0,0.0,0.0,0.537,-0.061,0.784,2.98,-2.24,0.61,-0.801,0.042,0.49,-0.84,-0.47,-1.04,3806.59,20.59,0,1
1785171238.209837,LEFTARMGRIPPERCLOSE,168.0,343.2,187.0,202.8,0.0,63.2,138.2,340.8,28.2,0.0,163.5,0.0,0.0,0.0,0.562,0.012,0.776,2.37,0.23,2.79,-0.803,0.037,0.488,-0.94,-0.03,-0.63,3805.44,20.69,0,1
1785171238.2283576,LEFTARMGRIPPERCLOSE,168.0,343.2,187.0,202.8,0.0,63.1,138.1,340.8,28.2,0.0,163.5,0.0,0.0,0.0,0.538,-0.018,0.783,0.51,1.19,3.86,-0.809,0.037,0.498,-0.85,-0.09,-0.6,3804.33,21.02,0,1
1785171238.2283576,LEFTARMGRIPPERCLOSE,168.0,343.2,187.0,202.8,0.0,63.1,138.1,340.8,28.2,0.0,163.5,0.0,0.0,0.0,0.543,-0.052,0.795,1.29,1.06,2.69,-0.814,0.038,0.49,-0.37,0.15,-1.4,3803.5,21.02,0,1
1785171238.245593,LEFTARMGRIPPERCLOSE,168.0,343.2,187.0,202.8,0.0,63.1,138.1,340.8,28.2,0.0,163.5,0.0,0.0,0.0,0.554,-0.054,0.792,3.56,1.15,0.15,-0.805,0.043,0.498,-0.15,0.47,-1.96,3802.62,20.51,0,1
1785171238.2597563,LEFTARMGRIPPERCLOSE,168.0,343.3,187.0,202.8,0.0,63.1,138.1,340.8,28.2,0.0,163.5,0.0,0.0,0.0,0.568,-0.026,0.778,3.43,1.78,0.67,-0.819,0.051,0.488,-1.27,0.38,-1.14,3801.97,20.88,0,1
1785171238.267692,LEFTARMGRIPPERCLOSE,168.1,343.3,187.0,202.8,0.0,63.1,138.1,340.8,28.2,0.0,163.5,0.0,0.0,0.0,0.559,-0.012,0.771,3.09,2.6,1.52,-0.824,0.044,0.49,-1.76,0.37,-0.32,3801.48,20.91,0,1
1785171238.2791643,LEFTARMGRIPPERCLOSE,168.1,343.3,187.0,202.8,0.0,63.1,138.1,340.8,28.2,0.0,163.5,0.0,0.0,0.0,0.562,-0.013,0.777,2.15,2.55,1.13,-0.818,0.041,0.477,-2.04,0.29,-0.42,3801.61,20.68,0,1
1785171238.2791643,LEFTARMGRIPPERCLOSE,168.0,343.3,187.0,202.8,0.0,63.1,138.1,340.8,28.2,0.0,163.5,0.0,0.0,0.0,0.544,-0.025,0.786,0.82,1.73,-0.33,-0.822,0.04,0.497,-1.89,-0.05,-0.89,3801.2,20.51,0,1
1785171238.2961543,LEFTARMGRIPPERCLOSE,168.0,343.3,187.0,202.8,0.0,63.1,138.1,340.8,28.2,0.0,163.5,0.0,0.0,0.0,0.542,-0.057,0.8,1.19,1.74,-0.34,-0.817,0.041,0.493,-1.86,0.12,-0.95,3800.4,20.64,0,1
1785171238.3077486,LEFTARMGRIPPERCLOSE,168.0,343.3,187.0,202.8,0.0,63.1,138.1,340.8,28.2,0.0,163.5,0.0,0.0,0.0,0.554,-0.055,0.814,2.92,3.18,1.6,-0.811,0.04,0.506,-1.85,0.33,-0.37,3799.8,20.48,0,1
1785171238.312214,LEFTARMGRIPPERCLOSE,168.0,343.6,187.0,202.8,0.0,63.1,138.1,340.8,28.2,0.0,163.5,0.0,0.0,0.0,0.55,-0.035,0.787,3.08,4.4,4.52,-0.816,0.024,0.511,-1.38,0.11,-0.21,3798.85,20.36,0,1
1785171238.3288336,LEFTARMGRIPPERCLOSE,168.0,343.5,187.0,202.8,0.0,63.1,138.1,340.8,28.2,0.0,163.5,0.0,0.0,0.0,0.548,-0.046,0.793,3.15,3.77,5.18,-0.828,0.022,0.501,-0.61,-0.58,-1.27,3798.14,20.27,0,1
1785171238.3376245,LEFTARMGRIPPERCLOSE,168.0,343.4,187.0,202.8,0.0,63.1,138.1,340.8,28.2,0.0,163.5,0.0,0.0,0.0,0.546,-0.052,0.794,3.92,2.18,3.29,-0.831,0.048,0.481,-0.24,-0.98,-1.87,3797.1,20.2,0,1
1785171238.3473034,LEFTARMGRIPPERCLOSE,168.0,343.4,187.0,202.8,0.0,63.1,138.1,340.5,28.2,0.0,163.5,0.0,0.0,0.0,0.555,-0.029,0.776,5.43,0.97,1.21,-0.818,0.055,0.487,-1.1,-1.45,-1.01,3796.33,20.15,0,1
1785171238.3550606,LEFTARMGRIPPERCLOSE,168.0,343.4,187.0,202.8,0.0,63.1,138.1,340.6,28.2,0.0,163.5,0.0,0.0,0.0,0.561,-0.016,0.785,4.27,0.57,1.44,-0.819,0.05,0.492,-1.98,-1.38,0.32,3795.75,20.36,0,1
1785171238.3618975,LEFTARMGRIPPERCLOSE,168.0,343.4,187.0,202.8,0.0,63.1,138.2,340.6,28.2,0.0,163.5,0.0,0.0,0.0,0.566,0.009,0.785,3.5,0.79,0.56,-0.812,0.028,0.497,-2.01,-1.21,0.33,3795.31,20.77,0,1
1785171238.3783157,LEFTARMGRIPPERCLOSE,168.0,343.4,187.0,202.8,0.0,63.1,138.2,340.7,28.2,0.0,163.5,0.0,0.0,0.0,0.555,0.002,0.795,1.35,0.56,0.5,-0.811,0.029,0.495,-1.43,-1.12,-0.81,3794.98,20.83,0,1
1785171238.3853934,LEFTARMGRIPPERCLOSE,168.0,343.4,187.0,202.8,0.0,63.1,138.2,340.7,28.2,0.0,163.5,0.0,0.0,0.0,0.543,-0.031,0.804,-0.56,0.45,0.37,-0.803,0.037,0.491,-0.41,-0.88,-1.63,3794.49,20.62,0,1
1785171238.3979578,LEFTARMGRIPPERCLOSE,168.0,343.4,187.0,202.8,0.0,63.1,138.2,340.7,28.2,0.0,163.5,0.0,0.0,0.0,0.558,-0.053,0.814,-0.49,-0.14,-1.98,-0.79,0.047,0.49,-0.59,0.31,-1.4,3794.12,20.97,0,1
1785171238.3979578,LEFTARMGRIPPERCLOSE,168.0,343.4,187.0,202.8,0.0,63.1,138.2,340.7,28.2,0.0,163.5,0.0,0.0,0.0,0.566,-0.039,0.814,-0.47,0.65,-0.73,-0.798,0.044,0.488,-0.81,1.15,-0.46,3793.59,20.97,0,1
1785171238.4129634,LEFTARMGRIPPERCLOSE,168.0,343.4,187.0,202.8,0.0,63.1,138.1,340.7,28.2,0.0,163.5,0.0,0.0,0.0,0.549,-0.044,0.804,-0.23,2.3,1.11,-0.802,0.039,0.506,-1.02,1.53,-0.53,3792.19,20.98,0,1
1785171238.4292345,LEFTARMGRIPPERCLOSE,168.0,343.4,187.0,202.8,0.0,63.1,138.1,340.7,28.2,0.0,163.5,0.0,0.0,0.0,0.532,-0.045,0.814,0.4,2.69,1.6,-0.81,0.042,0.491,-0.26,1.71,-1.72,3790.64,20.74,0,1
1785171238.4292345,LEFTARMGRIPPERCLOSE,168.0,343.4,187.0,202.8,0.0,63.1,138.1,340.7,28.2,0.0,163.5,0.0,0.0,0.0,0.541,-0.023,0.786,1.09,2.47,2.23,-0.821,0.054,0.49,-0.49,1.67,-2.1,3788.98,20.8,0,1
1785171238.4449985,LEFTARMGRIPPERCLOSE,168.0,343.6,187.0,202.8,0.0,63.1,138.1,340.7,28.2,0.0,163.5,0.0,0.0,0.0,0.549,-0.007,0.785,0.98,2.4,2.81,-0.829,0.057,0.484,-1.76,1.31,-1.21,3787.49,20.85,0,1
1785171238.4449985,LEFTARMGRIPPERCLOSE,168.0,343.5,187.0,202.8,0.0,62.9,138.1,340.7,28.2,0.0,163.5,0.0,0.0,0.0,0.555,-0.037,0.785,1.46,1.44,1.93,-0.838,0.053,0.495,-2.83,0.81,-0.23,3785.86,20.89,0,1
1785171238.4601812,LEFTARMGRIPPERCLOSE,168.0,343.4,187.0,202.8,0.0,62.9,138.1,340.7,28.2,0.0,163.5,0.0,0.0,0.0,0.56,-0.019,0.786,3.77,0.65,1.07,-0.834,0.028,0.489,-3.21,0.27,-0.01,3784.9,20.67,0,1
1785171238.4769125,LEFTARMGRIPPERCLOSE,167.8,343.4,187.0,202.8,0.0,62.9,138.1,340.7,28.2,0.0,163.5,0.0,0.0,0.0,0.566,-0.018,0.793,2.88,-0.32,1.01,-0.83,0.025,0.49,-2.48,-0.25,-0.55,3784.67,20.25,0,1
1785171238.4769125,LEFTARMGRIPPERCLOSE,167.8,343.4,187.0,202.8,0.0,62.9,138.1,340.7,28.2,0.0,163.5,0.0,0.0,0.0,0.55,-0.069,0.808,3.89,-1.56,0.23,-0.81,0.027,0.495,-1.2,-0.72,-1.34,3784.51,20.19,0,1
1785171238.4935675,LEFTARMGRIPPERCLOSE,167.8,343.4,187.0,202.8,0.0,62.9,138.1,340.7,28.2,0.0,163.5,0.0,0.0,0.0,0.559,-0.052,0.803,5.51,-1.94,1.09,-0.818,0.036,0.501,-0.41,-0.37,-1.31,3784.38,20.39,0,1
1785171238.506427,LEFTARMGRIPPERCLOSE,167.8,343.4,187.0,202.8,0.0,62.9,138.1,340.7,28.2,0.0,163.5,0.0,0.0,0.0,0.582,-0.025,0.788,6.11,-0.9,3.51,-0.818,0.041,0.486,-0.05,-0.65,-1.05,3784.28,20.54,0,1
1785171238.5107522,LEFTARMGRIPPERCLOSE,167.8,343.4,187.0,202.8,0.0,62.9,138.2,340.7,28.2,0.0,163.5,0.0,0.0,0.0,0.556,-0.014,0.783,5.92,-0.14,5.95,-0.81,0.039,0.497,0.05,-0.53,-1.0,3784.21,20.41,0,1
1785171238.5272825,LEFTARMGRIPPERCLOSE,167.8,343.4,187.2,202.8,0.0,62.9,138.2,340.7,28.2,0.0,163.5,0.0,0.0,0.0,0.549,-0.016,0.784,5.31,1.01,7.53,-0.81,0.048,0.494,-0.43,-0.28,-1.05,3784.41,20.56,0,1
1785171238.5272825,LEFTARMGRIPPERCLOSE,167.8,343.4,187.2,202.8,0.0,62.9,138.3,340.7,28.2,0.0,163.5,0.0,0.0,0.0,0.551,-0.014,0.774,4.69,1.72,8.54,-0.81,0.055,0.486,-0.82,-0.24,-1.08,3784.31,20.67,0,1
1785171238.5442498,LEFTARMGRIPPERCLOSE,167.8,343.4,187.2,202.8,0.0,62.9,138.4,340.7,28.2,0.0,163.5,0.0,0.0,0.0,0.556,-0.031,0.774,3.87,1.67,7.82,-0.806,0.062,0.489,-2.05,0.04,-0.7,3784.23,20.5,0,1
1785171238.559521,LEFTARMGRIPPERCLOSE,167.8,343.4,187.1,202.8,0.0,62.9,138.5,340.7,28.2,0.0,163.5,0.0,0.0,0.0,0.56,-0.025,0.783,3.71,1.82,6.85,-0.816,0.047,0.487,-2.95,0.1,-0.18,3783.67,20.37,0,1
1785171238.5606942,LEFTARMGRIPPERCLOSE,167.8,343.3,187.1,202.8,0.0,62.8,138.5,340.7,28.2,0.0,163.5,0.0,0.0,0.0,0.56,-0.027,0.777,3.55,2.13,6.02,-0.815,0.034,0.493,-3.11,0.21,-0.1,3782.5,20.53,0,1
1785171238.5774121,LEFTARMGRIPPERCLOSE,167.8,343.3,187.1,202.8,0.0,62.7,138.5,340.7,28.2,0.0,163.5,0.0,0.0,0.0,0.546,-0.046,0.794,3.73,2.05,4.43,-0.81,0.035,0.502,-3.03,0.15,-0.47,3781.13,20.65,0,1
1785171238.5862582,LEFTARMGRIPPERCLOSE,167.8,343.6,187.1,202.8,0.0,62.7,138.5,340.7,28.2,0.0,163.5,0.0,0.0,0.0,0.549,-0.073,0.801,5.67,1.76,3.29,-0.807,0.026,0.5,-2.32,0.24,-0.67,3779.1,20.74,0,1
1785171238.598662,LEFTARMGRIPPERCLOSE,167.8,343.5,187.0,202.8,0.0,62.7,138.6,340.7,28.2,0.0,163.5,0.0,0.0,0.0,0.55,-0.059,0.802,8.1,1.94,3.68,-0.817,0.023,0.499,-1.53,0.46,-0.82,3777.07,20.8,0,1
1785171238.598662,LEFTARMGRIPPERCLOSE,167.8,343.4,187.0,202.8,0.0,62.7,138.7,340.7,28.2,0.0,163.5,0.0,0.0,0.0,0.548,-0.061,0.813,9.69,2.21,4.88,-0.822,0.029,0.502,-1.0,0.27,-0.82,3775.05,20.85,0,1
1785171238.617682,LEFTARMGRIPPERCLOSE,167.8,343.3,187.0,202.8,0.0,62.6,138.8,340.7,28.2,0.0,163.5,0.0,0.0,0.0,0.548,-0.067,0.807,11.57,2.45,6.82,-0.821,0.031,0.498,-0.15,-0.02,-1.14,3771.54,20.64,0,1
1785171238.6288154,LEFTARMGRIPPERCLOSE,167.8,343.2,187.0,202.8,0.0,62.6,138.9,340.7,28.1,0.0,163.5,0.0,0.0,0.0,0.545,-0.076,0.8,14.88,2.69,7.4,-0.825,0.04,0.494,-0.06,-0.4,-1.19,3766.16,20.48,0,1
1785171238.6376786,LEFTARMGRIPPERCLOSE,167.8,343.2,187.0,202.8,0.0,62.5,139.0,340.7,28.1,0.0,163.5,0.0,0.0,0.0,0.545,-0.042,0.785,15.96,2.45,9.25,-0.826,0.049,0.483,-0.2,-1.29,-1.16,3759.87,20.36,0,1
1785171238.648502,LEFTARMGRIPPERCLOSE,167.8,343.1,187.0,202.8,0.0,62.5,139.3,340.7,28.1,0.0,163.5,0.0,0.0,0.0,0.569,0.033,0.791,11.89,1.94,11.34,-0.841,0.049,0.494,-1.05,-2.08,-0.66,3754.65,20.52,0,1
1785171238.6574256,LEFTARMGRIPPERCLOSE,167.8,343.1,187.0,202.8,0.0,62.5,139.5,340.7,28.1,0.0,163.5,0.0,0.0,0.0,0.558,0.038,0.785,6.78,-0.15,9.99,-0.832,0.041,0.484,-1.66,-3.14,-0.28,3749.74,20.14,0,1
1785171238.665848,LEFTARMGRIPPERCLOSE,167.8,343.1,187.0,202.8,0.0,62.5,139.7,340.7,28.1,0.0,163.5,0.0,0.0,0.0,0.525,0.019,0.772,3.93,-2.7,6.66,-0.82,0.043,0.485,-2.13,-3.28,0.1,3745.3,20.35,0,1
1785171238.6805015,LEFTARMGRIPPERCLOSE,167.8,343.0,187.1,202.8,0.0,62.5,139.8,340.7,28.1,0.0,163.5,0.0,0.0,0.0,0.526,0.007,0.769,1.57,-4.32,4.19,-0.804,0.036,0.5,-2.06,-2.87,-0.09,3741.73,20.27,0,1
1785171238.6889124,LEFTARMGRIPPERCLOSE,167.7,343.0,187.1,202.8,0.0,62.4,139.9,340.7,28.1,0.0,163.5,0.0,0.0,0.0,0.543,0.008,0.779,0.66,-4.37,1.32,-0.794,0.024,0.498,-2.09,-1.19,-0.5,3738.8,20.2,0,1
1785171238.7003708,LEFTARMGRIPPERCLOSE,167.6,343.0,187.1,202.8,0.0,62.4,139.9,340.7,28.1,0.0,163.5,0.0,0.0,0.0,0.552,-0.019,0.777,-0.63,-2.86,0.47,-0.782,0.024,0.509,-0.71,-0.73,-0.91,3737.1,20.15,0,1
1785171238.7096107,LEFTARMGRIPPERCLOSE,167.5,343.0,187.1,203.0,0.0,62.2,139.9,340.7,28.1,0.0,163.5,0.0,0.0,0.0,0.573,-0.017,0.781,-0.28,0.18,0.85,-0.783,0.036,0.503,0.23,-0.29,-1.27,3735.82,19.86,0,1
1785171238.7178986,LEFTARMGRIPPERCLOSE,167.4,343.0,187.1,202.9,0.0,62.1,139.9,340.7,28.1,0.0,163.5,0.0,0.0,0.0,0.572,-0.02,0.782,-1.12,2.65,1.11,-0.782,0.042,0.485,0.46,0.85,-1.55,3734.12,20.15,0,1
1785171238.7279882,LEFTARMGRIPPERCLOSE,167.3,343.0,187.1,202.8,0.0,62.0,139.8,340.7,28.1,0.0,163.5,0.0,0.0,0.0,0.561,-0.019,0.776,-1.31,4.38,2.39,-0.801,0.053,0.49,0.23,1.72,-1.52,3732.84,20.36,0,1
1785171238.738281,LEFTARMGRIPPERCLOSE,167.2,343.0,187.1,202.8,0.0,61.9,139.7,340.7,28.1,0.0,163.5,0.0,0.0,0.0,0.573,-0.022,0.795,-1.6,6.54,4.03,-0.797,0.053,0.492,-0.65,2.19,-1.14,3732.38,15.77,0,1
1785171238.7460618,LEFTARMGRIPPERCLOSE,167.2,343.0,187.1,202.8,0.0,61.8,139.7,340.7,28.1,0.0,163.5,0.0,0.0,0.0,0.561,-0.026,0.79,-2.13,7.52,4.95,-0.809,0.051,0.497,-0.93,2.43,-1.36,3731.78,16.83,0,1
1785171238.7542067,LEFTARMGRIPPERCLOSE,167.2,343.0,187.1,202.7,0.0,61.8,139.6,340.7,28.1,0.0,163.5,0.0,0.0,0.0,0.564,-0.031,0.798,-2.2,7.02,5.25,-0.812,0.05,0.483,-1.34,2.6,-1.29,3731.84,17.62,0,1
1785171238.761317,LEFTARMGRIPPERCLOSE,167.2,343.0,187.1,202.7,0.0,61.8,139.5,340.7,28.1,0.0,163.5,0.0,0.0,0.0,0.561,-0.053,0.818,-1.64,5.47,4.37,-0.82,0.047,0.491,-1.66,2.05,-0.98,3732.13,17.97,0,1
1785171238.7792802,LEFTARMGRIPPERCLOSE,167.2,343.0,187.1,202.7,0.0,61.8,139.4,340.7,28.1,0.0,163.5,0.0,0.0,0.0,0.568,-0.07,0.814,1.02,3.53,2.31,-0.828,0.05,0.487,-2.18,1.56,-0.67,3732.6,18.47,0,1
1785171238.7862809,LEFTARMGRIPPERCLOSE,167.2,343.0,187.1,202.7,0.0,61.8,139.3,340.7,28.1,0.0,163.5,0.0,0.0,0.0,0.574,-0.064,0.804,1.87,1.55,1.22,-0.827,0.042,0.496,-2.92,1.41,-0.36,3732.45,18.86,0,1
1785171238.7956,LEFTARMGRIPPERCLOSE,167.2,343.0,187.1,202.7,0.0,61.8,139.3,340.7,28.1,0.0,163.5,0.0,0.0,0.0,0.582,-0.058,0.795,3.31,-0.24,-0.27,-0.824,0.026,0.493,-2.34,1.1,-0.36,3732.34,19.14,0,1
1785171238.7956,LEFTARMGRIPPERCLOSE,167.2,343.0,187.1,202.6,0.0,61.8,139.3,340.7,28.1,0.0,163.5,0.0,0.0,0.0,0.589,-0.038,0.793,3.32,-1.0,-0.84,-0.829,0.02,0.508,-1.13,0.24,-0.81,3732.25,19.61,0,1
1785171238.8122392,LEFTARMGRIPPERCLOSE,167.1,343.0,187.1,202.6,0.0,61.8,139.2,340.7,28.1,0.0,163.5,0.0,0.0,0.0,0.577,-0.063,0.793,4.02,-2.31,-2.22,-0.824,0.026,0.493,-0.43,-0.25,-1.72,3732.19,19.7,0,1
1785171238.8281696,LEFTARMGRIPPERCLOSE,167.1,343.0,187.1,202.6,0.0,61.8,139.2,340.7,28.1,0.0,163.5,0.0,0.0,0.0,0.57,-0.063,0.801,6.65,-4.05,-5.41,-0.823,0.038,0.494,-0.26,-0.4,-1.79,3731.89,19.78,0,1
1785171238.834173,LEFTARMGRIPPERCLOSE,167.1,343.0,187.1,202.6,0.0,61.8,139.2,340.7,28.1,0.0,163.5,0.0,0.0,0.0,0.559,-0.011,0.776,7.33,-3.99,-6.4,-0.818,0.057,0.494,-1.12,-0.34,-0.89,3731.42,20.08,0,1
1785171238.8436306,LEFTARMGRIPPERCLOSE,167.1,343.0,187.1,202.6,0.0,61.8,139.2,340.7,28.2,0.0,163.5,0.0,0.0,0.0,0.552,0.027,0.751,4.84,-1.99,-3.71,-0.812,0.046,0.489,-1.37,-0.17,-0.07,3731.56,20.06,0,1
1785171238.8594542,LEFTARMGRIPPERCLOSE,167.1,343.0,187.1,202.6,0.0,61.8,139.2,340.7,28.2,0.0,163.5,0.0,0.0,0.0,0.556,0.009,0.765,0.59,0.31,-0.08,-0.82,0.04,0.499,-1.46,-0.15,-0.08,3731.92,20.05,0,1
1785171238.8607857,LEFTARMGRIPPERCLOSE,167.1,343.0,187.1,202.6,0.0,61.8,139.2,340.7,28.2,0.0,163.5,0.0,0.0,0.0,0.545,-0.044,0.793,-0.76,2.24,1.6,-0.799,0.039,0.492,-1.52,0.22,-0.73,3732.94,20.29,0,1
1785171238.8751707,LEFTARMGRIPPERCLOSE,167.1,343.0,187.1,202.6,0.0,61.8,139.2,340.7,28.2,0.0,163.5,0.0,0.0,0.0,0.544,-0.047,0.797,-0.38,4.15,3.17,-0.806,0.041,0.494,-1.53,0.41,-0.71,3733.46,20.46,0,1
1785171238.8751707,LEFTARMGRIPPERCLOSE,167.1,343.0,187.1,202.6,0.0,61.5,139.2,340.7,28.2,0.0,163.5,0.0,0.0,0.0,0.564,-0.048,0.792,-0.36,5.2,4.43,-0.809,0.036,0.498,-1.65,0.64,-0.21,3734.09,20.1,0,1
1785171238.8911073,LEFTARMGRIPPERCLOSE,167.1,343.0,187.1,202.6,0.0,61.5,139.1,340.7,28.2,0.0,163.5,0.0,0.0,0.0,0.552,-0.055,0.797,0.89,5.64,3.27,-0.816,0.042,0.491,-2.13,0.6,-0.42,3734.57,20.32,0,1
1785171238.9070666,LEFTARMGRIPPERCLOSE,167.1,343.0,187.1,202.6,0.0,61.6,139.1,340.7,28.2,0.0,163.5,0.0,0.0,0.0,0.547,-0.04,0.795,1.33,5.37,3.32,-0.823,0.042,0.48,-1.95,-0.01,-0.52,3735.43,20.24,0,1
1785171238.9187179,LEFTARMGRIPPERCLOSE,167.1,343.0,187.1,202.6,0.0,61.7,139.1,340.7,28.2,0.0,163.5,0.0,0.0,0.0,0.544,-0.034,0.792,1.69,4.6,3.02,-0.825,0.032,0.49,-2.11,-0.19,-0.89,3735.82,20.18,0,1
1785171238.9278958,LEFTARMGRIPPERCLOSE,167.1,343.0,187.1,202.6,0.0,61.8,139.1,340.7,28.2,0.0,163.5,0.0,0.0,0.0,0.55,-0.059,0.79,3.44,3.11,0.35,-0.833,0.035,0.498,-2.17,-1.09,-0.76,3736.37,21.64,0,1
1785171238.9278958,LEFTARMGRIPPERCLOSE,167.1,343.0,187.1,202.6,0.0,61.9,139.0,340.6,28.2,0.0,163.5,0.0,0.0,0.0,0.556,-0.016,0.789,4.07,2.85,1.05,-0.824,0.038,0.491,-2.24,-1.02,-0.32,3737.02,21.23,0,1
1785171238.9480262,LEFTARMGRIPPERCLOSE,167.1,343.0,187.1,202.6,0.0,62.0,139.0,340.7,28.2,0.0,163.5,0.0,0.0,0.0,0.561,0.002,0.795,1.61,3.13,3.36,-0.825,0.028,0.491,-1.91,-1.28,0.05,3737.52,21.17,0,1
1785171238.9565005,LEFTARMGRIPPERCLOSE,167.1,343.0,187.1,202.6,0.0,62.1,139.0,340.7,28.2,0.0,163.5,0.0,0.0,0.0,0.543,-0.013,0.783,0.46,3.05,4.63,-0.819,0.021,0.5,-1.43,-1.44,-0.31,3737.89,20.63,0,1
1785171238.9681237,LEFTARMGRIPPERCLOSE,167.1,343.0,187.1,202.6,0.0,62.1,139.0,340.7,28.2,0.0,163.5,0.0,0.0,0.0,0.544,-0.026,0.782,-0.34,3.6,5.94,-0.815,0.029,0.498,-0.53,-1.31,-0.68,3737.67,20.47,0,1
1785171238.971549,LEFTARMGRIPPERCLOSE,167.1,343.0,187.0,202.6,0.0,62.1,139.0,340.7,28.2,0.0,163.5,0.0,0.0,0.0,0.544,-0.024,0.796,-0.32,4.05,6.39,-0.802,0.035,0.497,-0.21,-0.86,-0.98,3736.5,19.85,0,1
1785171238.987034,LEFTARMGRIPPERCLOSE,167.1,343.0,187.0,202.6,0.0,62.1,139.0,340.7,28.2,0.0,163.5,0.0,0.0,0.0,0.548,-0.018,0.794,-1.03,4.3,7.65,-0.8,0.041,0.508,0.06,-0.67,-1.13,3734.88,20.14,0,1
1785171238.9948628,LEFTARMGRIPPERCLOSE,167.1,343.0,187.0,202.6,0.0,62.1,139.0,340.7,28.2,0.0,163.5,0.0,0.0,0.0,0.542,-0.029,0.795,-1.72,5.01,9.89,-0.816,0.053,0.493,-0.18,-0.67,-1.22,3732.16,20.35,0,1
1785171239.0073383,LEFTARMGRIPPERCLOSE,167.1,343.0,187.0,202.6,0.0,62.1,139.0,340.7,28.2,0.0,163.5,0.0,0.0,0.0,0.551,-0.042,0.811,-1.92,5.21,11.93,-0.82,0.05,0.496,-0.67,-0.64,-1.31,3728.87,20.52,0,1
1785171239.0176625,LEFTARMGRIPPERCLOSE,167.1,343.0,187.0,202.6,0.0,62.1,139.0,340.7,28.2,0.0,163.5,0.0,0.0,0.0,0.557,-0.068,0.822,-0.23,5.57,13.05,-0.825,0.055,0.497,-1.65,-0.89,-0.61,3725.15,19.89,0,1
1785171239.028985,LEFTARMGRIPPERCLOSE,167.1,343.0,187.0,202.6,0.0,62.1,139.0,340.7,28.2,0.0,163.5,0.0,0.0,0.0,0.551,-0.059,0.798,1.31,5.93,15.82,-0.822,0.049,0.485,-1.99,-1.15,-0.12,3721.36,19.92,0,1
1785171239.028985,LEFTARMGRIPPERCLOSE,167.1,343.0,187.0,202.6,0.0,62.2,139.0,340.7,28.2,0.0,163.5,0.0,0.0,0.0,0.582,-0.03,0.784,3.18,5.66,16.39,-0.826,0.043,0.493,-2.55,-1.37,-0.15,3717.77,19.94,0,1
1785171239.0484517,LEFTARMGRIPPERCLOSE,167.1,343.0,187.0,202.6,0.0,62.2,139.0,340.7,28.2,0.0,163.5,0.0,0.0,0.0,0.579,-0.013,0.787,3.36,4.47,14.08,-0.821,0.038,0.503,-2.33,-2.01,-0.31,3715.33,19.95,0,1
1785171239.0504627,LEFTARMGRIPPERCLOSE,167.1,343.0,187.0,202.6,0.0,62.2,139.0,340.7,28.2,0.0,163.5,0.0,0.0,0.0,0.531,-0.02,0.79,2.87,0.85,7.34,-0.823,0.04,0.499,-2.16,-2.27,-0.76,3714.75,20.21,0,1
1785171239.064072,LEFTARMGRIPPERCLOSE,167.1,343.0,187.0,202.7,0.0,61.9,139.0,340.7,28.2,0.0,163.5,0.0,0.0,0.0,0.521,-0.002,0.783,3.06,-3.97,-0.76,-0.784,0.031,0.496,-2.78,-0.6,-0.96,3715.06,20.16,0,1
1785171239.0793061,LEFTARMGRIPPERCLOSE,167.1,343.0,187.0,202.8,0.0,62.0,139.0,340.7,28.2,0.0,163.6,0.0,0.0,0.0,0.548,0.006,0.776,0.6,-5.5,-5.15,-0.778,0.025,0.5,-1.52,0.5,-0.37,3715.29,20.12,0,1
1785171239.0879307,LEFTARMGRIPPERCLOSE,167.1,343.0,187.0,202.8,0.0,62.1,139.0,340.7,28.2,0.0,163.6,0.0,0.0,0.0,0.565,-0.016,0.778,-2.17,-2.53,-3.88,-0.774,0.014,0.502,0.15,1.36,-0.23,3716.22,20.09,0,1
1785171239.0957367,LEFTARMGRIPPERCLOSE,167.1,343.0,187.0,202.9,0.0,62.1,138.9,340.7,28.2,0.0,163.6,0.0,0.0,0.0,0.557,-0.067,0.804,-3.08,1.06,0.05,-0.789,0.011,0.508,1.95,2.82,-2.24,3717.17,19.82,0,1
1785171239.1071818,LEFTARMGRIPPERCLOSE,167.1,343.0,187.0,202.9,0.0,62.2,138.9,340.7,28.2,0.0,163.5,0.0,0.0,0.0,0.556,-0.094,0.797,-0.31,3.76,1.19,-0.801,0.036,0.5,2.98,3.16,-3.69,3717.87,20.11,0,1
1785171239.1180484,LEFTARMGRIPPERCLOSE,167.1,343.0,187.0,202.9,0.0,62.2,138.9,340.7,28.2,0.0,163.5,0.0,0.0,0.0,0.564,-0.062,0.802,2.13,5.58,1.69,-0.8,0.066,0.488,2.23,3.24,-3.66,3718.41,19.84,0,1
1785171239.1280558,LEFTARMGRIPPERCLOSE,167.2,343.0,187.0,202.9,0.0,62.2,138.9,340.7,28.2,0.0,163.5,0.0,0.0,0.0,0.564,-0.034,0.78,2.41,5.95,1.89,-0.822,0.078,0.486,-0.53,3.18,-1.94,3717.8,19.88,0,1
1785171239.1392994,LEFTARMGRIPPERCLOSE,167.2,343.0,187.0,202.9,0.0,62.2,138.9,340.7,28.2,0.0,163.5,0.0,0.0,0.0,0.552,-0.002,0.762,1.57,5.84,1.83,-0.834,0.081,0.476,-2.98,2.98,0.52,3718.6,19.91,0,1
1785171239.1488225,LEFTARMGRIPPERCLOSE,167.2,343.0,186.8,202.9,0.0,62.3,138.9,340.7,28.1,0.0,163.5,0.0,0.0,0.0,0.556,-0.018,0.772,-0.67,4.57,0.83,-0.833,0.058,0.49,-5.21,2.33,1.22,3719.2,20.18,0,1
1785171239.1597092,LEFTARMGRIPPERCLOSE,167.2,343.0,186.9,203.0,0.0,62.4,139.1,340.7,28.1,0.0,163.5,0.0,0.0,0.0,0.549,-0.052,0.795,-0.11,2.72,-1.08,-0.822,0.041,0.485,-5.02,1.73,0.31,3719.9,20.39,0,1
1785171239.1611156,LEFTARMGRIPPERCLOSE,167.2,343.0,187.0,203.0,0.0,62.4,139.0,340.7,28.1,0.0,163.6,0.0,0.0,0.0,0.551,-0.063,0.803,0.44,1.7,-2.6,-0.823,0.026,0.489,-4.35,1.14,-0.11,3720.43,20.29,0,1
1785171239.1778395,LEFTARMGRIPPERCLOSE,167.2,343.0,187.0,203.0,0.0,62.5,139.0,340.7,28.2,0.0,163.6,0.0,0.0,0.0,0.535,-0.058,0.805,0.38,1.56,-2.05,-0.82,0.012,0.491,-3.93,0.85,0.36,3719.82,20.22,0,1
1785171239.1889484,LEFTARMGRIPPERCLOSE,167.2,343.0,187.0,203.0,0.0,62.5,138.9,340.7,28.2,0.0,163.6,0.0,0.0,0.0,0.535,-0.054,0.794,1.01,2.15,0.44,-0.819,0.013,0.497,-2.18,1.05,-0.3,3719.11,19.91,0,1
1785171239.1948419,LEFTARMGRIPPERCLOSE,167.2,343.0,187.0,203.0,0.0,62.6,138.9,340.7,28.2,0.0,163.4,0.0,0.0,0.0,0.542,-0.056,0.796,1.49,3.23,2.73,-0.825,0.017,0.502,-1.2,1.27,-1.11,3718.34,20.18,0,1
1785171239.2079642,LEFTARMGRIPPERCLOSE,167.2,343.0,187.0,203.0,0.0,62.6,138.9,340.7,28.2,0.0,163.4,0.0,0.0,0.0,0.544,-0.087,0.802,2.23,3.28,2.8,-0.824,0.026,0.496,0.06,0.95,-1.4,3717.25,20.14,0,1
1785171239.218668,LEFTARMGRIPPERCLOSE,167.2,343.0,187.0,203.0,0.0,62.6,138.9,340.7,28.2,0.0,163.4,0.0,0.0,0.0,0.539,-0.07,0.791,4.23,2.98,1.56,-0.823,0.033,0.5,0.53,0.37,-1.35,3716.69,20.35,0,1
1785171239.2278655,LEFTARMGRIPPERCLOSE,167.2,343.0,187.0,203.0,0.0,62.7,138.9,340.7,28.2,0.0,163.4,0.0,0.0,0.0,0.536,-0.018,0.785,3.6,2.95,2.69,-0.838,0.043,0.49,0.41,-0.16,-1.24,3716.27,20.02,0,1
1785171239.2278655,LEFTARMGRIPPERCLOSE,167.2,343.0,187.0,203.1,0.0,62.7,138.9,340.7,28.2,0.0,163.4,0.0,0.0,0.0,0.527,-0.036,0.785,2.44,1.7,2.36,-0.842,0.048,0.494,-0.24,-1.21,-1.21,3716.2,20.01,0,1
1785171239.2439938,LEFTARMGRIPPERCLOSE,167.2,343.0,187.0,203.1,0.0,62.8,138.9,340.7,28.2,0.0,163.4,0.0,0.0,0.0,0.539,-0.045,0.785,2.68,0.71,1.34,-0.835,0.049,0.485,-0.71,-1.63,-0.99,3715.4,20.01,0,1
1785171239.259549,LEFTARMGRIPPERCLOSE,167.2,343.0,187.0,203.1,0.0,62.8,138.9,340.7,28.2,0.0,163.4,0.0,0.0,0.0,0.559,-0.023,0.788,2.66,0.92,1.69,-0.831,0.045,0.493,-1.37,-1.9,-0.5,3714.05,20.01,0,1
1785171239.2681463,LEFTARMGRIPPERCLOSE,167.2,343.0,187.0,203.1,0.0,62.8,138.9,340.7,28.2,0.0,163.4,0.0,0.0,0.0,0.557,-0.037,0.788,1.76,1.31,2.35,-0.812,0.037,0.497,-1.53,-1.83,-0.44,3711.54,19.75,0,1
1785171239.278124,LEFTARMGRIPPERCLOSE,167.2,343.0,187.1,203.1,0.0,62.8,138.9,340.7,28.2,0.0,163.4,0.0,0.0,0.0,0.559,-0.033,0.783,1.19,2.15,2.29,-0.802,0.023,0.486,-0.83,-1.47,-0.72,3708.15,20.07,0,1
1785171239.278124,LEFTARMGRIPPERCLOSE,167.2,343.0,187.1,203.0,0.0,62.8,138.9,340.7,28.2,0.0,163.4,0.0,0.0,0.0,0.559,-0.041,0.798,-1.43,2.09,2.06,-0.81,0.031,0.492,-0.26,-1.46,-1.41,3703.86,20.05,0,1
1785171239.2945392,LEFTARMGRIPPERCLOSE,167.2,343.0,187.1,203.0,0.0,62.8,138.8,340.7,28.2,0.0,163.4,0.0,0.0,0.0,0.55,-0.075,0.799,-0.18,2.54,1.21,-0.807,0.044,0.495,-0.1,-0.86,-1.34,3697.4,20.54,0,1
1785171239.3060317,LEFTARMGRIPPERCLOSE,167.3,343.0,187.1,203.1,0.0,62.8,138.8,340.6,28.2,0.0,163.4,0.0,0.0,0.0,0.546,-0.065,0.815,1.09,3.41,2.02,-0.81,0.05,0.496,-0.91,-0.6,-1.01,3691.05,20.65,0,1
1785171239.312042,LEFTARMGRIPPERCLOSE,167.2,343.0,187.1,203.1,0.0,62.8,138.7,340.7,28.2,0.0,163.4,0.0,0.0,0.0,0.559,-0.04,0.795,1.51,4.82,3.02,-0.822,0.048,0.491,-1.49,-0.34,-0.46,3685.04,20.24,0,1
1785171239.328671,LEFTARMGRIPPERCLOSE,167.2,343.0,187.1,203.1,0.0,62.8,138.8,340.7,28.2,0.0,163.4,0.0,0.0,0.0,0.544,-0.023,0.781,0.92,5.58,4.93,-0.822,0.046,0.49,-1.44,-0.75,-0.6,3677.53,20.18,0,1
1785171239.3380916,LEFTARMGRIPPERCLOSE,167.2,343.0,187.1,203.1,0.0,62.8,138.7,340.7,28.2,0.0,163.4,0.0,0.0,0.0,0.552,-0.02,0.784,-0.47,5.75,6.01,-0.819,0.046,0.478,-1.75,-1.19,-0.69,3670.9,20.13,0,1
1785171239.3468807,LEFTARMGRIPPERCLOSE,167.2,342.8,187.1,203.1,0.0,62.8,138.6,340.7,28.2,0.0,163.4,0.0,0.0,0.0,0.538,-0.031,0.792,-1.02,4.8,4.46,-0.813,0.043,0.484,-2.11,-1.31,-0.6,3663.67,20.1,0,1
1785171239.3580225,LEFTARMGRIPPERCLOSE,167.2,342.9,187.1,203.1,0.0,62.8,138.3,340.7,28.2,0.0,163.4,0.0,0.0,0.0,0.553,-0.038,0.802,-1.83,3.6,2.53,-0.81,0.043,0.487,-2.55,-0.88,-0.05,3656.0,20.08,0,1
1785171239.3678153,LEFTARMGRIPPERCLOSE,167.2,342.9,187.1,203.1,0.0,62.8,138.3,340.7,28.2,0.0,163.5,0.0,0.0,0.0,0.548,-0.064,0.811,-1.8,2.97,1.82,-0.812,0.033,0.503,-2.53,-0.73,0.18,3647.0,19.81,0,1
1785171239.3770573,LEFTARMGRIPPERCLOSE,167.2,342.9,187.1,203.1,0.0,62.8,138.3,340.7,28.2,0.0,163.5,0.0,0.0,0.0,0.541,-0.09,0.815,0.82,3.02,1.02,-0.808,0.02,0.504,-1.4,-0.68,-0.61,3638.25,19.86,0,1
1785171239.3859103,LEFTARMGRIPPERCLOSE,167.2,342.9,187.1,203.1,0.0,62.8,138.2,340.7,28.2,0.0,163.5,0.0,0.0,0.0,0.535,-0.057,0.794,2.79,4.45,1.85,-0.81,0.018,0.503,-0.22,-0.34,-1.45,3630.69,20.14,0,1
1785171239.394102,LEFTARMGRIPPERCLOSE,167.2,343.0,187.1,203.1,0.0,62.8,138.2,340.7,28.2,0.0,163.5,0.0,0.0,0.0,0.543,0.0,0.771,2.42,7.0,5.41,-0.812,0.028,0.504,0.24,-0.12,-1.79,3626.52,20.36,0,1
1785171239.4072106,LEFTARMGRIPPERCLOSE,167.2,343.0,187.1,203.1,0.0,62.8,138.2,340.7,28.2,0.0,163.5,0.0,0.0,0.0,0.549,-0.015,0.777,0.52,7.81,7.1,-0.82,0.047,0.494,0.24,-0.44,-1.46,3626.39,20.02,0,1
1785171239.4178326,LEFTARMGRIPPERCLOSE,167.2,343.0,187.1,203.1,0.0,62.8,138.1,340.7,28.4,0.0,163.5,0.0,0.0,0.0,0.56,-0.042,0.786,1.47,6.45,2.95,-0.821,0.055,0.483,-0.57,-0.76,-1.28,3630.29,20.01,0,1
1785171239.4287844,LEFTARMGRIPPERCLOSE,167.2,343.0,187.1,203.1,0.0,62.8,138.1,340.7,28.3,0.0,163.5,0.0,0.0,0.0,0.535,-0.045,0.797,1.83,3.93,-2.15,-0.807,0.052,0.495,-1.76,-0.39,-0.56,3636.22,19.76,0,1
1785171239.4287844,LEFTARMGRIPPERCLOSE,167.2,343.0,187.1,203.1,0.0,62.8,138.1,340.7,28.4,0.0,163.5,0.0,0.0,0.0,0.545,-0.007,0.797,-0.9,1.71,-5.83,-0.797,0.039,0.499,-1.95,0.16,-0.16,3643.91,19.82,0,1
1785171239.4448063,LEFTARMGRIPPERCLOSE,167.2,343.0,187.1,203.1,0.0,62.9,138.0,340.7,28.3,0.0,163.5,0.0,0.0,0.0,0.565,-0.029,0.796,-3.56,0.69,-7.02,-0.795,0.038,0.492,-1.56,0.6,-0.4,3651.19,19.86,0,1
1785171239.4575346,LEFTARMGRIPPERCLOSE,167.2,343.0,187.1,203.1,0.0,62.9,137.9,340.7,28.3,0.0,163.5,0.0,0.0,0.0,0.567,-0.051,0.808,-4.19,1.41,-5.47,-0.801,0.021,0.495,-0.82,0.98,-1.2,3659.64,19.65,0,1
1785171239.4679239,LEFTARMGRIPPERCLOSE,167.2,343.0,187.1,203.1,0.0,62.9,137.8,340.7,28.3,0.0,163.5,0.0,0.0,0.0,0.548,-0.097,0.835,-2.87,2.53,-4.5,-0.802,0.033,0.492,0.23,1.53,-1.92,3665.73,19.74,0,1
1785171239.477304,LEFTARMGRIPPERCLOSE,167.2,343.1,187.1,203.1,0.0,63.0,137.7,340.7,28.3,0.0,163.5,0.0,0.0,0.0,0.538,-0.118,0.829,1.09,2.69,-4.31,-0.794,0.037,0.479,0.25,2.21,-1.98,3670.8,19.8,0,1
1785171239.487658,LEFTARMGRIPPERCLOSE,167.2,343.1,187.1,203.1,0.0,63.0,137.6,340.7,28.3,0.0,163.5,0.0,0.0,0.0,0.543,-0.065,0.812,2.21,3.47,-2.31,-0.809,0.055,0.488,-0.15,2.51,-1.56,3675.6,19.85,0,1
1785171239.4973233,LEFTARMGRIPPERCLOSE,167.2,343.1,187.1,203.1,0.0,63.1,137.6,340.7,28.3,0.0,163.5,0.0,0.0,0.0,0.559,-0.029,0.797,0.4,4.88,1.71,-0.82,0.065,0.486,-1.19,2.83,-1.0,3679.45,19.64,0,1
1785171239.5051324,LEFTARMGRIPPERCLOSE,167.2,343.1,187.1,203.1,0.0,63.2,137.6,340.7,28.3,0.0,163.5,0.0,0.0,0.0,0.536,-0.042,0.784,-1.17,5.67,5.44,-0.832,0.064,0.489,-2.48,2.0,-0.76,3682.09,19.73,0,1
1785171239.5128033,LEFTARMGRIPPERCLOSE,167.2,343.1,187.0,203.1,0.0,63.3,137.6,340.7,28.3,0.0,163.5,0.0,0.0,0.0,0.515,-0.037,0.793,-1.14,4.76,5.38,-0.838,0.065,0.483,-3.33,1.22,-0.35,3684.06,19.8,0,1
1785171239.5286343,LEFTARMGRIPPERCLOSE,167.2,343.1,187.0,203.1,0.0,63.3,137.6,340.7,28.3,0.0,163.5,0.0,0.0,0.0,0.525,-0.058,0.791,-0.02,2.35,3.7,-0.836,0.049,0.481,-4.61,0.16,0.36,3684.05,20.1,0,1
1785171239.5393612,LEFTARMGRIPPERCLOSE,167.2,343.1,187.0,203.1,0.0,63.3,137.7,340.7,28.3,0.0,163.5,0.0,0.0,0.0,0.536,-0.05,0.805,0.46,0.21,1.81,-0.837,0.033,0.493,-5.02,-0.03,0.64,3683.04,19.82,0,1
1785171239.5452266,LEFTARMGRIPPERCLOSE,167.2,343.1,187.0,203.1,0.0,63.3,137.7,340.7,28.3,0.0,163.5,0.0,0.0,0.0,0.544,-0.062,0.801,0.92,-1.36,0.79,-0.837,0.017,0.502,-4.42,-0.93,0.49,3681.28,19.62,0,1
1785171239.5545003,LEFTARMGRIPPERCLOSE,167.2,343.1,187.0,203.1,0.0,63.3,137.8,340.7,28.3,0.0,163.5,0.0,0.0,0.0,0.534,-0.072,0.817,2.07,-2.18,0.85,-0.822,0.011,0.501,-2.37,-1.27,-0.04,3677.96,19.71,0,1
1785171239.5614028,LEFTARMGRIPPERCLOSE,167.2,343.1,187.0,203.2,0.0,63.3,137.8,340.7,28.3,0.0,163.5,0.0,0.0,0.0,0.531,-0.076,0.808,4.59,-2.78,0.32,-0.821,-0.006,0.506,0.07,-1.75,-0.83,3674.72,20.03,0,1
1785171239.577806,LEFTARMGRIPPERCLOSE,167.2,343.1,187.0,203.2,0.0,63.3,137.8,340.7,28.3,0.0,163.5,0.0,0.0,0.0,0.539,-0.058,0.798,6.16,-2.76,-0.39,-0.823,0.009,0.492,2.28,-1.6,-1.77,3672.04,20.03,0,1
1785171239.577806,LEFTARMGRIPPERCLOSE,167.2,343.1,187.0,203.3,0.0,63.3,137.8,340.7,28.3,0.0,163.5,0.0,0.0,0.0,0.542,-0.041,0.785,7.88,-3.26,-1.1,-0.819,0.025,0.504,3.31,-1.76,-2.51,3670.03,20.02,0,1
1785171239.596579,LEFTARMGRIPPERCLOSE,167.2,343.1,187.0,203.4,0.0,63.3,137.8,340.7,28.2,0.0,163.5,0.0,0.0,0.0,0.545,-0.015,0.782,7.58,-3.42,-2.63,-0.815,0.052,0.498,3.08,-1.76,-2.66,3669.02,20.26,0,1
1785171239.6085858,LEFTARMGRIPPERCLOSE,167.2,343.1,187.1,203.5,0.0,63.3,137.9,340.7,28.2,0.0,163.5,0.0,0.0,0.0,0.547,-0.021,0.782,5.5,-3.37,-3.28,-0.804,0.057,0.495,1.86,-1.53,-1.9,3668.77,20.2,0,1
1785171239.612903,LEFTARMGRIPPERCLOSE,167.2,343.1,187.1,203.6,0.0,63.3,137.9,340.7,28.2,0.0,163.5,0.0,0.0,0.0,0.544,-0.016,0.775,4.09,-2.56,-2.87,-0.807,0.057,0.487,0.51,-0.66,-1.42,3668.32,19.9,0,1
1785171239.6278665,LEFTARMGRIPPERCLOSE,167.2,343.1,187.1,203.6,0.0,63.3,137.9,340.7,28.2,0.0,163.5,0.0,0.0,0.0,0.565,-0.021,0.788,2.21,-0.59,-1.81,-0.8,0.064,0.49,-0.55,-0.23,-0.89,3667.99,19.92,0,1
1785171239.6384225,LEFTARMGRIPPERCLOSE,167.2,343.1,187.1,203.7,0.0,63.3,138.0,341.0,28.2,0.0,163.5,0.0,0.0,0.0,0.557,-0.041,0.786,0.38,1.34,-0.22,-0.793,0.066,0.483,-1.39,0.27,-0.92,3667.5,19.94,0,1
1785171239.6450362,LEFTARMGRIPPERCLOSE,167.2,343.1,187.1,203.7,0.0,63.3,138.0,340.9,28.2,0.0,163.5,0.0,0.0,0.0,0.555,-0.059,0.795,1.08,3.79,2.06,-0.796,0.067,0.492,-2.22,0.99,-0.39,3667.12,19.96,0,1
1785171239.6583896,LEFTARMGRIPPERCLOSE,167.2,343.1,187.1,203.7,0.0,63.3,138.0,340.9,28.2,0.0,163.5,0.0,0.0,0.0,0.552,-0.05,0.805,1.7,5.98,4.91,-0.813,0.062,0.489,-3.53,1.41,-0.44,3666.59,19.97,0,1
1785171239.6611967,LEFTARMGRIPPERCLOSE,167.2,343.1,187.1,203.6,0.0,63.3,138.1,340.9,28.2,0.0,163.5,0.0,0.0,0.0,0.568,-0.034,0.798,1.79,6.82,6.56,-0.818,0.055,0.488,-4.29,1.21,-0.08,3666.19,19.73,0,1
1785171239.6774411,LEFTARMGRIPPERCLOSE,167.2,343.1,187.1,203.6,0.0,63.3,138.1,340.9,28.2,0.0,163.5,0.0,0.0,0.0,0.543,-0.036,0.795,1.37,6.19,6.1,-0.834,0.038,0.486,-4.81,0.68,0.3,3665.65,19.79,0,1
1785171239.6883209,LEFTARMGRIPPERCLOSE,167.2,343.1,187.1,203.6,0.0,63.3,138.1,340.9,28.2,0.0,163.5,0.0,0.0,0.0,0.533,-0.042,0.8,1.3,3.74,3.88,-0.823,0.032,0.503,-4.82,0.27,0.58,3665.23,20.1,0,1
1785171239.6949973,LEFTARMGRIPPERCLOSE,167.2,343.1,187.1,203.6,0.0,63.3,138.1,340.9,28.2,0.0,163.5,0.0,0.0,0.0,0.535,-0.052,0.799,1.51,1.56,1.27,-0.821,0.021,0.505,-4.0,0.24,0.23,3663.93,22.57,0,1
1785171239.7042022,LEFTARMGRIPPERCLOSE,167.2,343.1,187.1,203.6,0.0,63.3,138.1,340.9,28.2,0.0,163.5,0.0,0.0,0.0,0.543,-0.059,0.81,1.98,0.28,0.51,-0.823,0.014,0.505,-2.61,-0.08,-0.27,3662.94,21.68,0,1
1785171239.7144995,LEFTARMGRIPPERCLOSE,167.2,343.1,187.1,203.6,0.0,63.4,138.1,340.9,28.2,0.0,163.5,0.0,0.0,0.0,0.55,-0.063,0.803,3.16,0.85,2.0,-0.819,0.006,0.51,-0.98,-0.08,-0.92,3660.96,21.26,0,1
1785171239.7287323,LEFTARMGRIPPERCLOSE,167.2,343.1,187.1,203.6,0.0,63.4,138.1,340.9,28.2,0.0,163.5,0.0,0.0,0.0,0.551,-0.056,0.809,3.52,1.02,2.88,-0.812,0.013,0.512,0.97,-0.23,-1.47,3659.47,20.69,0,1
1785171239.7372186,LEFTARMGRIPPERCLOSE,167.2,343.1,187.1,203.6,0.0,63.4,138.1,340.9,28.2,0.0,163.5,0.0,0.0,0.0,0.541,-0.062,0.797,4.12,0.69,2.44,-0.822,0.029,0.493,1.41,-0.44,-1.84,3657.85,20.52,0,1
1785171239.7492063,LEFTARMGRIPPERCLOSE,167.2,343.1,187.1,203.7,0.0,63.4,138.1,340.9,28.2,0.0,163.5,0.0,0.0,0.0,0.526,-0.041,0.792,4.89,0.19,1.72,-0.823,0.051,0.494,1.1,-0.48,-1.69,3656.39,20.64,0,1
1785171239.753208,LEFTARMGRIPPERCLOSE,167.2,343.1,187.1,203.7,0.0,63.4,138.1,340.8,28.2,0.0,163.5,0.0,0.0,0.0,0.523,-0.029,0.785,4.68,-0.15,1.53,-0.813,0.059,0.492,-0.09,-0.42,-1.32,3656.04,20.73,0,1
1785171239.769188,LEFTARMGRIPPERCLOSE,167.2,343.1,187.1,203.8,0.0,63.5,138.1,340.8,28.2,0.0,163.5,0.0,0.0,0.0,0.533,-0.038,0.786,4.05,0.05,1.4,-0.809,0.057,0.49,-0.83,-0.45,-0.63,3655.28,20.55,0,1
1785171239.779423,LEFTARMGRIPPERCLOSE,167.1,343.1,187.1,203.8,0.0,63.5,138.1,340.8,28.2,0.0,163.5,0.0,0.0,0.0,0.539,-0.037,0.787,3.9,0.94,1.86,-0.814,0.047,0.493,-1.32,-0.08,-0.69,3655.21,20.66,0,1
1785171239.785279,LEFTARMGRIPPERCLOSE,167.1,343.1,187.1,203.9,0.0,63.5,138.1,340.8,28.2,0.0,163.5,0.0,0.0,0.0,0.552,-0.026,0.788,3.1,1.65,2.7,-0.816,0.047,0.489,-1.56,-0.39,-1.05,3654.91,20.25,0,1
1785171239.7978675,LEFTARMGRIPPERCLOSE,167.1,343.1,187.1,203.9,0.0,63.5,138.2,340.8,28.2,0.0,163.5,0.0,0.0,0.0,0.566,-0.043,0.794,1.49,2.19,2.64,-0.816,0.052,0.482,-1.98,-0.15,-0.93,3654.43,19.93,0,1
1785171239.8083699,LEFTARMGRIPPERCLOSE,167.1,343.1,187.1,203.9,0.0,63.5,138.2,340.8,28.2,0.0,163.5,0.0,0.0,0.0,0.546,-0.052,0.792,2.12,1.89,1.02,-0.811,0.048,0.488,-2.47,0.23,-0.63,3654.57,19.95,0,1
1785171239.817753,LEFTARMGRIPPERCLOSE,167.1,343.1,187.1,203.9,0.0,63.5,138.3,340.5,28.2,0.0,163.5,0.0,0.0,0.0,0.548,-0.045,0.797,1.93,1.73,0.6,-0.806,0.036,0.5,-2.63,0.65,-0.11,3653.93,19.96,0,1
1785171239.827018,LEFTARMGRIPPERCLOSE,167.1,343.1,187.1,203.9,0.0,63.5,138.3,340.6,28.2,0.0,163.5,0.0,0.0,0.0,0.559,-0.029,0.792,1.16,2.21,0.61,-0.811,0.033,0.507,-1.99,0.85,-0.31,3653.2,19.97,0,1
1785171239.8346224,LEFTARMGRIPPERCLOSE,167.1,343.1,187.1,203.9,0.0,63.5,138.3,340.6,28.2,0.0,163.5,0.0,0.0,0.0,0.554,-0.045,0.789,1.08,2.48,1.31,-0.818,0.026,0.496,-1.18,0.84,-1.04,3651.9,19.98,0,1
1785171239.8487482,LEFTARMGRIPPERCLOSE,167.1,343.1,187.1,203.9,0.0,63.5,138.3,340.6,28.2,0.0,163.5,0.0,0.0,0.0,0.554,-0.044,0.791,1.93,2.85,1.29,-0.823,0.037,0.496,-0.47,0.66,-1.43,3650.92,20.73,0,1
1785171239.8577156,LEFTARMGRIPPERCLOSE,167.1,343.1,187.1,203.9,0.0,63.5,138.4,340.6,28.2,0.0,163.5,0.0,0.0,0.0,0.552,-0.043,0.787,2.4,2.51,1.04,-0.82,0.045,0.479,-0.6,0.52,-1.03,3649.69,20.8,0,1
1785171239.8601346,LEFTARMGRIPPERCLOSE,167.1,343.1,187.1,203.9,0.0,63.6,138.4,340.7,28.2,0.0,163.5,0.0,0.0,0.0,0.551,-0.036,0.789,2.26,2.77,1.21,-0.827,0.051,0.496,-1.25,0.34,-0.66,3648.27,20.85,0,1
1785171239.8766232,LEFTARMGRIPPERCLOSE,167.1,343.1,187.1,203.9,0.0,63.6,138.5,340.7,28.2,0.0,163.5,0.0,0.0,0.0,0.561,-0.022,0.768,1.48,3.3,2.62,-0.82,0.039,0.483,-1.66,0.36,-0.56,3647.2,20.64,0,1
1785171239.8766232,LEFTARMGRIPPERCLOSE,167.1,343.1,187.1,203.9,0.0,63.7,138.5,340.7,28.2,0.0,163.5,0.0,0.0,0.0,0.549,-0.049,0.787,1.08,3.97,3.28,-0.815,0.033,0.493,-1.73,0.22,-0.6,3646.15,20.23,0,1
1785171239.8949392,LEFTARMGRIPPERCLOSE,167.1,343.1,187.1,204.0,0.0,63.8,138.5,340.7,28.2,0.0,163.5,0.0,0.0,0.0,0.536,-0.048,0.79,1.11,4.6,3.88,-0.816,0.029,0.501,-1.5,0.26,-0.79,3645.61,20.42,0,1
1785171239.906781,LEFTARMGRIPPERCLOSE,167.1,343.1,187.1,204.1,0.0,63.8,138.5,340.7,28.2,0.0,163.5,0.0,0.0,0.0,0.54,-0.071,0.809,1.38,4.53,3.47,-0.815,0.035,0.504,-1.15,0.19,-0.82,3645.46,20.32,0,1
1785171239.918723,LEFTARMGRIPPERCLOSE,167.1,343.1,187.1,204.1,0.0,63.8,138.4,340.7,28.2,0.0,163.5,0.0,0.0,0.0,0.546,-0.059,0.797,2.31,4.37,3.47,-0.823,0.039,0.49,-1.18,-0.11,-0.92,3645.35,20.24,0,1
1785171239.922571,LEFTARMGRIPPERCLOSE,167.1,343.1,187.1,204.2,0.0,63.9,138.4,340.7,28.2,0.0,163.5,0.0,0.0,0.0,0.56,-0.039,0.799,1.69,4.47,4.39,-0.822,0.04,0.5,-1.44,-0.37,-0.53,3645.26,19.93,0,1
1785171239.9384353,LEFTARMGRIPPERCLOSE,167.2,343.1,187.1,204.3,0.0,63.9,138.3,340.7,28.2,0.0,163.5,0.0,0.0,0.0,0.547,-0.041,0.809,0.7,4.73,5.78,-0.817,0.043,0.495,-1.53,-0.8,-0.57,3644.69,21.45,0,1
1785171239.9449732,LEFTARMGRIPPERCLOSE,167.2,343.1,187.0,204.4,0.0,63.9,138.3,340.7,28.2,0.0,163.5,0.0,0.0,0.0,0.543,-0.053,0.806,0.51,4.28,5.69,-0.814,0.04,0.488,-1.66,-0.93,-0.63,3644.02,21.08,0,1
1785171239.9543266,LEFTARMGRIPPERCLOSE,167.2,343.1,187.0,204.5,0.0,64.0,138.3,340.7,28.2,0.0,163.5,0.0,0.0,0.0,0.547,-0.071,0.802,-0.02,3.18,4.02,-0.814,0.032,0.497,-1.28,-0.77,-0.61,3642.52,21.06,0,1
1785171239.9543266,LEFTARMGRIPPERCLOSE,167.2,343.1,187.1,204.6,0.0,64.2,138.2,340.7,28.2,0.0,163.5,0.0,0.0,0.0,0.54,-0.056,0.802,0.07,2.97,2.82,-0.808,0.037,0.497,-1.38,-0.83,-0.75,3638.89,20.55,0,1
1785171239.9771094,LEFTARMGRIPPERCLOSE,167.2,343.1,187.1,204.6,0.0,64.3,138.1,340.7,28.2,0.0,163.5,0.0,0.0,0.0,0.526,-0.055,0.801,-0.08,3.35,3.18,-0.81,0.036,0.483,-1.18,-0.47,-0.92,3633.91,20.16,0,1
1785171239.9860609,LEFTARMGRIPPERCLOSE,167.2,343.1,187.1,204.7,0.0,64.4,138.1,340.7,28.2,0.0,163.5,0.0,0.0,0.0,0.531,-0.043,0.803,0.5,3.86,4.05,-0.808,0.034,0.501,-1.05,-0.33,-0.82,3630.44,19.87,0,1
1785171239.9860609,LEFTARMGRIPPERCLOSE,167.2,343.0,187.1,204.7,0.0,64.6,138.1,340.7,28.2,0.0,163.5,0.0,0.0,0.0,0.53,-0.042,0.806,0.34,3.89,4.89,-0.815,0.042,0.507,-0.72,-0.09,-0.9,3623.58,22.4,0,1
1785171240.0020278,LEFTARMGRIPPERCLOSE,167.2,343.0,187.1,204.7,0.0,64.7,138.1,340.7,28.2,0.0,163.5,0.0,0.0,0.0,0.541,-0.039,0.804,-0.02,4.08,6.09,-0.815,0.036,0.499,-0.75,-0.18,-1.27,3614.68,21.8,0,1
1785171240.0150554,LEFTARMGRIPPERCLOSE,167.1,343.0,187.1,204.8,0.0,64.8,138.1,340.7,28.2,0.0,163.5,0.0,0.0,0.0,0.517,-0.049,0.797,-0.2,4.38,7.56,-0.817,0.053,0.492,-0.95,-0.2,-0.96,3603.26,21.35,0,1
1785171240.0281746,LEFTARMGRIPPERCLOSE,167.1,343.0,187.1,204.9,0.0,64.9,138.1,340.7,28.2,0.0,163.5,0.0,0.0,0.0,0.53,-0.057,0.803,0.37,4.27,8.47,-0.821,0.053,0.491,-1.76,-0.34,-0.49,3583.95,20.76,0,1
1785171240.0281746,LEFTARMGRIPPERCLOSE,167.1,343.0,187.1,204.9,0.0,65.2,138.1,340.7,28.2,0.0,163.5,0.0,0.0,0.0,0.543,-0.051,0.792,1.67,4.89,10.39,-0.818,0.039,0.492,-2.17,-0.63,-0.38,3559.46,20.32,0,1
1785171240.043845,LEFTARMGRIPPERCLOSE,167.1,343.0,187.0,205.0,0.0,65.2,138.1,340.7,28.2,0.0,163.5,0.0,0.0,0.0,0.541,-0.058,0.81,2.14,5.87,13.74,-0.826,0.036,0.501,-2.25,-0.7,-0.31,3521.09,19.99,0,1
1785171240.043845,LEFTARMGRIPPERCLOSE,167.1,343.0,187.0,205.0,0.0,65.2,138.1,340.7,28.2,0.0,163.5,0.0,0.0,0.0,0.521,-0.089,0.794,3.8,6.18,16.11,-0.824,0.03,0.5,-1.71,-1.47,-0.57,3466.82,19.74,0,1
1785171240.0654924,LEFTARMGRIPPERCLOSE,167.1,343.0,187.0,205.0,0.0,65.2,138.1,340.7,28.2,0.0,163.5,0.0,0.0,0.0,0.518,-0.102,0.801,7.05,6.57,16.96,-0.823,0.037,0.493,-1.51,-1.5,-0.49,3404.62,19.81,0,1
1785171240.077572,LEFTARMGRIPPERCLOSE,167.1,342.9,187.0,205.1,0.0,65.2,138.2,340.7,28.2,0.0,163.5,0.0,0.0,0.0,0.522,-0.079,0.788,9.44,7.98,19.72,-0.824,0.032,0.5,-1.6,-1.63,-0.31,3309.96,19.61,0,1
1785171240.0878801,LEFTARMGRIPPERCLOSE,167.1,342.9,187.0,205.1,0.0,65.2,138.4,340.7,28.2,0.0,163.5,0.0,0.0,0.0,0.523,-0.066,0.792,11.12,8.02,19.84,-0.822,0.036,0.502,-1.78,-2.21,-0.11,3176.97,19.7,0,1
1785171240.0982451,LEFTARMGRIPPERCLOSE,167.1,342.8,187.0,205.2,0.0,65.2,138.6,340.7,28.2,0.0,163.5,0.0,0.0,0.0,0.515,-0.017,0.79,9.4,7.39,20.32,-0.824,0.031,0.511,-1.16,-2.74,-0.31,2795.23,19.03,0,1
1785171240.1095808,LEFTARMGRIPPERCLOSE,167.1,342.7,187.1,205.2,0.0,65.2,138.8,340.7,28.2,0.0,163.5,0.0,0.0,0.0,0.534,0.004,0.773,6.76,7.21,18.47,-0.833,0.027,0.492,-1.97,-2.46,-0.43,2436.42,17.77,0,1
1785171240.1173084,LEFTARMGRIPPERCLOSE,167.1,342.6,187.1,205.3,0.0,65.2,138.9,340.7,28.2,0.0,163.5,0.0,0.0,0.0,0.542,0.034,0.76,4.23,6.44,17.16,-0.824,0.033,0.503,-0.32,-2.45,-0.63,1830.57,15.58,0,1
1785171240.127807,LEFTARMGRIPPERCLOSE,167.1,342.6,187.1,205.4,0.0,65.2,139.0,340.7,28.2,0.0,163.5,0.0,0.0,0.0,0.549,0.013,0.755,2.44,6.14,15.26,-0.811,0.029,0.5,-0.41,-3.08,-1.17,1376.42,13.93,0,1
1785171240.1378455,LEFTARMGRIPPERCLOSE,167.1,342.6,187.1,205.5,0.0,65.2,139.0,340.7,28.2,0.0,163.5,0.0,0.0,0.0,0.553,0.042,0.753,1.53,5.15,11.69,-0.793,0.039,0.489,0.75,-2.62,-1.92,1035.32,12.95,0,1
1785171240.1488676,LEFTARMGRIPPERCLOSE,167.1,342.7,187.1,205.5,0.0,65.2,139.0,340.7,28.2,0.0,163.5,0.0,0.0,0.0,0.567,0.043,0.758,-4.05,4.35,8.18,-0.793,0.037,0.491,0.67,-2.41,-1.27,779.74,11.96,0,1
1785171240.1581714,LEFTARMGRIPPERCLOSE,167.1,342.7,187.1,205.5,0.0,65.2,138.8,340.7,28.2,0.0,163.5,0.0,0.0,0.0,0.512,-0.127,0.831,-7.87,1.79,0.32,-0.797,0.051,0.493,-0.05,-1.62,-0.44,587.3,11.22,0,1
1785171240.1678743,LEFTARMGRIPPERCLOSE,167.1,342.7,187.1,205.5,0.0,65.2,138.6,340.7,28.2,0.0,163.5,0.0,0.0,0.0,0.514,-0.232,0.865,-0.61,-0.01,-8.49,-0.779,0.047,0.496,-0.5,-0.54,-0.58,443.73,10.92,0,1
1785171240.1770365,LEFTARMGRIPPERCLOSE,167.1,342.7,187.1,205.5,0.0,65.2,138.4,340.7,28.2,0.0,163.5,0.0,0.0,0.0,0.518,-0.217,0.88,7.56,2.54,-8.61,-0.79,0.044,0.505,-0.83,0.64,-0.45,335.3,10.94,0,1
1785171240.1862738,LEFTARMGRIPPERCLOSE,167.1,342.7,187.2,205.5,0.0,47.7,138.3,340.7,28.2,0.0,163.5,0.0,0.0,0.0,0.56,-0.115,0.835,10.69,7.54,-0.66,-0.79,0.037,0.506,-0.83,1.1,-0.2,254.47,13.95,0,1
1785171240.1939487,LEFTARMGRIPPERCLOSE,167.1,342.8,187.3,205.5,0.0,52.0,138.3,340.7,28.2,0.0,163.5,0.0,0.0,0.0,0.543,-0.091,0.804,13.12,12.56,9.52,-0.829,0.055,0.484,-0.46,0.3,-0.44,193.6,12.71,0,1
1785171240.2058473,LEFTARMGRIPPERCLOSE,167.1,342.8,187.3,205.4,0.0,55.3,138.3,340.7,28.2,0.0,163.5,0.0,0.0,0.0,0.556,-0.032,0.808,11.93,14.88,16.14,-0.841,0.062,0.466,-1.73,-0.26,-0.85,148.2,12.04,0,1
1785171240.2155783,LEFTARMGRIPPERCLOSE,167.1,342.8,187.3,205.4,0.0,57.9,138.4,340.7,28.2,0.0,163.5,0.0,0.0,0.0,0.557,-0.025,0.831,7.95,12.76,17.52,-0.823,0.072,0.479,-3.73,-0.43,-0.59,114.15,11.28,0,1
1785171240.226603,LEFTARMGRIPPERCLOSE,167.1,342.7,187.3,205.4,0.0,59.7,138.5,340.7,28.2,0.0,163.5,0.0,0.0,0.0,0.526,-0.05,0.801,6.15,9.37,15.33,-0.823,0.059,0.485,-5.46,-0.99,1.2,90.11,10.96,0,1
1785171240.226603,LEFTARMGRIPPERCLOSE,167.2,342.3,187.3,205.4,0.0,61.2,138.6,340.7,28.2,0.0,163.5,0.0,0.0,0.0,0.518,-0.039,0.813,4.82,5.32,12.22,-0.816,0.039,0.493,-6.43,-0.63,1.71,70.09,10.47,0,1
1785171240.2436292,LEFTARMGRIPPERCLOSE,167.2,342.3,187.3,205.4,0.0,62.3,138.7,340.7,28.2,0.0,163.5,0.0,0.0,0.0,0.51,-0.021,0.803,3.22,3.35,9.09,-0.82,0.02,0.521,-5.4,-0.95,0.89,54.56,10.35,0,1
1785171240.255697,LEFTARMGRIPPERCLOSE,167.2,342.3,187.3,205.4,0.0,63.2,138.8,340.7,28.2,0.0,163.5,0.0,0.0,0.0,0.504,-0.039,0.81,1.79,2.79,6.3,-0.813,-0.0,0.514,-2.87,-1.12,-0.85,43.67,10.01,0,1
1785171240.265906,LEFTARMGRIPPERCLOSE,167.2,342.3,187.3,205.4,0.0,63.9,138.9,340.7,28.2,0.0,163.5,0.0,0.0,0.0,0.484,-0.065,0.802,4.62,1.96,1.77,-0.799,0.026,0.51,-0.91,-0.9,-1.96,35.75,10.01,0,1
1785171240.279197,LEFTARMGRIPPERCLOSE,167.2,342.3,187.3,205.5,0.0,64.4,138.9,340.7,28.2,0.0,163.5,0.0,0.0,0.0,0.509,-0.033,0.797,5.53,1.56,0.01,-0.803,0.029,0.499,-0.14,-0.34,-1.9,29.57,9.76,0,1
1785171240.2878249,LEFTARMGRIPPERCLOSE,167.2,342.3,187.3,205.5,0.0,64.9,138.9,340.7,28.2,0.0,163.5,0.0,0.0,0.0,0.507,-0.052,0.809,3.35,1.78,-2.05,-0.804,0.031,0.492,-0.15,0.02,-0.82,25.17,9.82,0,1
1785171240.2974558,LEFTARMGRIPPERCLOSE,167.2,342.3,187.3,205.5,0.0,65.2,139.0,340.7,28.2,0.0,163.5,0.0,0.0,0.0,0.507,-0.059,0.809,3.43,2.16,-4.34,-0.8,0.033,0.501,0.45,0.55,-0.67,21.38,9.61,0,1
1785171240.3077989,LEFTARMGRIPPERCLOSE,167.2,342.4,187.3,205.5,0.0,65.5,139.0,340.7,28.2,0.0,163.5,0.0,0.0,0.0,0.523,-0.044,0.799,2.27,2.62,-5.05,-0.809,0.031,0.498,1.21,0.78,-1.1,19.04,9.71,0,1
1785171240.3155403,LEFTARMGRIPPERCLOSE,167.2,342.4,187.4,205.5,0.0,65.7,139.0,340.7,28.2,0.0,163.5,0.0,0.0,0.0,0.52,-0.051,0.814,-0.1,1.87,-6.24,-0.806,0.032,0.493,1.12,0.87,-1.39,17.03,10.03,0,1
1785171240.3270311,LEFTARMGRIPPERCLOSE,167.2,342.4,187.5,205.5,0.0,65.8,139.0,340.7,28.2,0.0,163.5,0.0,0.0,0.0,0.499,-0.068,0.816,0.4,0.17,-11.0,-0.808,0.046,0.489,1.34,1.18,-1.86,15.77,9.77,0,1
1785171240.3375175,LEFTARMGRIPPERCLOSE,167.2,342.5,187.7,205.5,0.0,65.9,139.0,340.7,28.2,0.0,163.5,0.0,0.0,0.0,0.517,-0.045,0.818,0.06,-1.31,-14.75,-0.811,0.06,0.494,0.51,1.08,-1.65,14.33,10.08,0,1
1785171240.3477607,LEFTARMGRIPPERCLOSE,167.2,342.6,187.9,205.5,0.0,66.0,139.0,340.7,28.2,0.0,163.5,0.0,0.0,0.0,0.535,-0.057,0.831,-0.11,-3.31,-15.82,-0.803,0.056,0.49,-0.6,1.34,-1.06,13.75,10.06,0,1
1785171240.3477607,LEFTARMGRIPPERCLOSE,167.2,342.7,188.1,205.5,0.0,66.1,139.0,340.7,28.2,0.0,163.5,0.0,0.0,0.0,0.515,-0.046,0.807,1.11,-2.22,-14.18,-0.818,0.049,0.508,-1.59,1.45,-0.65,12.81,10.05,0,1
1785171240.3677998,LEFTARMGRIPPERCLOSE,167.2,342.7,188.3,205.5,0.0,66.1,139.0,340.7,28.2,0.0,163.5,0.0,0.0,0.0,0.523,-0.036,0.805,-0.02,-0.54,-9.37,-0.801,0.035,0.494,-1.09,1.64,-1.31,12.61,10.03,0,1
1785171240.377444,LEFTARMGRIPPERCLOSE,167.2,342.7,188.5,205.5,0.0,65.9,139.0,340.7,28.2,0.0,163.5,0.0,0.0,0.0,0.537,-0.029,0.815,-1.44,0.72,-5.41,-0.812,0.032,0.496,-0.42,1.34,-2.11,11.96,9.53,0,1
1785171240.377444,LEFTARMGRIPPERCLOSE,167.2,342.8,188.6,205.4,0.0,66.0,138.9,340.7,28.2,0.0,163.5,0.0,0.0,0.0,0.526,-0.051,0.82,-4.32,1.52,-2.56,-0.812,0.042,0.492,0.6,1.07,-2.23,11.97,9.64,0,1
1785171240.394479,LEFTARMGRIPPERCLOSE,167.2,342.8,188.7,205.4,0.0,66.0,138.8,340.7,28.2,0.0,163.5,0.0,0.0,0.0,0.526,-0.075,0.817,-5.21,1.73,-1.9,-0.815,0.042,0.501,-0.47,1.17,-1.86,11.97,9.73,0,1
1785171240.4044552,LEFTARMGRIPPERCLOSE,167.2,342.8,188.8,205.4,0.0,66.0,138.7,340.7,28.2,0.0,163.5,0.0,0.0,0.0,0.532,-0.091,0.826,-4.33,1.49,-2.52,-0.805,0.052,0.494,-1.41,2.32,-1.44,11.98,9.3,0,1
1785171240.4178963,LEFTARMGRIPPERCLOSE,167.2,342.8,188.9,205.4,0.0,66.0,138.6,340.7,28.2,0.0,163.5,0.0,0.0,0.0,0.533,-0.074,0.814,-2.95,1.7,-3.27,-0.81,0.041,0.498,-1.61,2.11,-0.99,11.49,9.22,0,1
1785171240.4265916,LEFTARMGRIPPERCLOSE,167.2,342.8,188.9,205.4,0.0,66.0,138.6,340.7,28.2,0.0,163.5,0.0,0.0,0.0,0.542,-0.049,0.794,-1.68,1.51,-2.7,-0.817,0.033,0.497,-1.34,1.86,-0.7,11.36,6.92,0,1
1785171240.4379666,LEFTARMGRIPPERCLOSE,167.2,342.8,188.9,205.3,0.0,66.0,138.6,340.7,28.2,0.0,163.5,0.0,0.0,0.0,0.54,-0.026,0.805,-1.97,0.78,-2.82,-0.822,0.032,0.494,-0.62,1.57,-1.19,11.52,7.69,0,1
1785171240.443936,LEFTARMGRIPPERCLOSE,167.2,342.8,188.9,205.3,0.0,66.1,138.5,340.7,28.2,0.0,163.5,0.0,0.0,0.0,0.532,-0.033,0.785,-1.92,0.01,-4.02,-0.822,0.04,0.492,-0.41,1.6,-1.6,11.64,8.52,0,1
1785171240.457646,LEFTARMGRIPPERCLOSE,167.2,342.9,188.9,205.3,0.0,66.1,138.5,340.7,28.2,0.0,163.5,0.0,0.0,0.0,0.518,-0.037,0.805,-1.72,-0.96,-6.3,-0.813,0.046,0.492,-0.5,2.08,-1.79,11.73,8.64,0,1
1785171240.4678097,LEFTARMGRIPPERCLOSE,167.2,342.9,188.9,205.2,0.0,66.1,138.4,340.7,28.2,0.0,163.5,0.0,0.0,0.0,0.525,-0.048,0.802,-1.53,-1.94,-7.53,-0.809,0.046,0.49,-1.18,1.79,-1.23,11.3,8.98,0,1
1785171240.4769857,LEFTARMGRIPPERCLOSE,167.2,342.9,188.9,205.2,0.0,66.1,138.4,340.7,28.2,0.0,163.5,0.0,0.0,0.0,0.521,-0.081,0.816,-2.06,-2.57,-9.62,-0.82,0.039,0.496,-1.15,1.72,-0.76,8.47,9.23,0,1
1785171240.4876435,LEFTARMGRIPPERCLOSE,167.2,342.9,188.9,205.2,0.0,66.1,138.3,340.7,28.2,0.0,163.5,0.0,0.0,0.0,0.517,-0.101,0.808,1.02,-2.52,-11.43,-0.81,0.034,0.501,-1.02,1.42,-1.36,8.86,9.18,0,1
1785171240.4935598,LEFTARMGRIPPERCLOSE,167.2,343.0,188.9,205.2,0.0,66.1,138.2,340.7,28.2,0.0,163.5,0.0,0.0,0.0,0.515,-0.075,0.801,3.44,-1.06,-10.14,-0.82,0.034,0.501,-0.31,1.47,-1.89,10.64,9.13,0,1
1785171240.5066295,LEFTARMGRIPPERCLOSE,167.2,343.0,188.9,205.1,0.0,66.1,138.2,340.7,28.2,0.0,163.5,0.0,0.0,0.0,0.517,-0.048,0.794,4.01,0.45,-7.46,-0.822,0.045,0.492,-0.6,0.96,-1.11,10.73,9.1,0,1
1785171240.517035,LEFTARMGRIPPERCLOSE,167.2,343.0,188.9,205.1,0.0,66.1,138.2,340.7,28.2,0.0,163.5,0.0,0.0,0.0,0.534,-0.032,0.789,2.8,2.63,-2.25,-0.826,0.043,0.502,-0.66,0.84,-1.11,10.55,9.32,0,1
1785171240.5278811,LEFTARMGRIPPERCLOSE,167.2,343.0,188.9,205.0,0.0,66.1,138.4,340.7,28.2,0.0,163.5,0.0,0.0,0.0,0.552,-0.029,0.788,1.87,4.32,1.65,-0.832,0.043,0.483,-1.79,0.85,-0.59,10.41,9.24,0,1
1785171240.5278811,LEFTARMGRIPPERCLOSE,167.2,343.1,188.9,205.0,0.0,66.1,138.5,340.7,28.2,0.0,163.5,0.0,0.0,0.0,0.546,-0.032,0.786,0.89,4.96,3.99,-0.825,0.038,0.497,-1.74,0.5,-0.72,10.06,9.18,0,1
1785171240.548362,LEFTARMGRIPPERCLOSE,167.2,343.1,188.9,204.9,0.0,66.1,138.3,340.7,28.2,0.0,163.5,0.0,0.0,0.0,0.531,-0.063,0.774,0.69,3.62,1.53,-0.823,0.037,0.492,-1.73,0.11,-0.49,10.54,9.39,0,1
1785171240.548362,LEFTARMGRIPPERCLOSE,167.2,343.1,188.9,204.9,0.0,66.1,138.2,340.7,28.2,0.0,163.5,0.0,0.0,0.0,0.543,-0.064,0.819,1.37,1.05,-6.73,-0.821,0.041,0.5,-1.87,-0.38,-0.53,10.41,9.29,0,1
1785171240.567811,LEFTARMGRIPPERCLOSE,167.2,343.1,188.9,204.9,0.0,66.1,138.1,340.7,28.2,0.0,163.5,0.0,0.0,0.0,0.526,-0.084,0.829,2.98,-1.6,-13.92,-0.816,0.049,0.495,-1.91,-0.71,-0.85,10.81,10.22,0,1
1785171240.576629,LEFTARMGRIPPERCLOSE,167.2,343.1,188.9,204.8,0.0,66.1,137.9,340.7,28.2,0.0,163.5,0.0,0.0,0.0,0.479,-0.101,0.826,6.15,-4.1,-21.31,-0.806,0.035,0.491,-1.66,-0.28,-0.48,10.6,9.91,0,1
1785171240.587723,LEFTARMGRIPPERCLOSE,167.2,343.1,188.9,204.8,0.0,66.1,137.7,340.7,28.2,0.0,163.5,0.0,0.0,0.0,0.492,-0.088,0.822,10.34,-6.35,-26.66,-0.798,0.026,0.496,-0.99,0.5,-0.63,10.45,9.68,0,1
1785171240.593734,LEFTARMGRIPPERCLOSE,167.2,343.2,188.9,204.7,0.0,66.1,137.6,340.7,28.2,0.0,163.5,0.0,0.0,0.0,0.521,-0.033,0.817,10.11,-5.87,-26.53,-0.809,0.026,0.502,-0.01,0.86,-1.34,10.34,9.76,0,1
1785171240.6077235,LEFTARMGRIPPERCLOSE,167.2,343.3,188.9,204.6,0.0,66.1,137.5,340.7,28.2,0.0,163.5,0.0,0.0,0.0,0.533,-0.004,0.8,7.08,-3.85,-20.83,-0.814,0.033,0.491,0.85,0.89,-1.97,10.26,9.57,0,1
1785171240.6161966,LEFTARMGRIPPERCLOSE,167.2,343.4,188.9,204.6,0.0,66.1,137.4,340.7,28.1,0.0,163.5,0.0,0.0,0.0,0.538,0.005,0.795,3.21,-0.11,-12.99,-0.819,0.042,0.495,0.6,1.52,-2.08,10.69,9.68,0,1
1785171240.6270218,LEFTARMGRIPPERCLOSE,167.2,343.5,188.9,204.6,0.0,66.1,137.4,340.8,28.1,0.0,163.5,0.0,0.0,0.0,0.547,-0.006,0.794,1.04,3.02,-5.86,-0.805,0.051,0.478,-0.19,1.44,-1.25,12.52,9.51,0,1
1785171240.6374981,LEFTARMGRIPPERCLOSE,167.2,343.5,188.9,204.6,0.0,66.1,137.4,340.8,28.1,0.0,163.5,0.0,0.0,0.0,0.546,-0.021,0.789,0.47,4.84,-2.85,-0.821,0.054,0.478,-1.11,1.34,-0.98,12.14,9.38,0,1
1785171240.6478276,LEFTARMGRIPPERCLOSE,167.2,343.5,188.9,204.5,0.0,66.1,137.3,340.8,28.1,0.0,163.5,0.0,0.0,0.0,0.537,-0.046,0.826,0.83,4.9,-2.8,-0.829,0.055,0.49,-2.03,0.95,-0.75,12.1,9.29,0,1
1785171240.6534843,LEFTARMGRIPPERCLOSE,167.2,343.3,188.9,204.4,0.0,66.1,137.3,340.8,28.1,0.0,163.5,0.0,0.0,0.0,0.532,-0.063,0.813,1.77,4.12,-3.96,-0.823,0.054,0.49,-2.82,0.91,-0.59,12.08,8.47,0,1
1785171240.6600678,LEFTARMGRIPPERCLOSE,167.2,343.4,188.9,204.4,0.0,66.1,137.3,340.8,28.2,0.0,163.5,0.0,0.0,0.0,0.525,-0.046,0.818,2.77,3.15,-4.47,-0.816,0.041,0.487,-3.25,0.15,0.15,12.31,8.35,0,1
1785171240.677322,LEFTARMGRIPPERCLOSE,167.2,343.5,188.9,204.3,0.0,66.1,137.3,340.8,28.2,0.0,163.5,0.0,0.0,0.0,0.522,-0.026,0.82,2.47,2.58,-3.14,-0.828,0.037,0.495,-3.22,0.32,-0.14,11.98,8.51,0,1
1785171240.6859307,LEFTARMGRIPPERCLOSE,167.2,343.5,188.9,204.2,0.0,66.1,137.3,340.8,28.2,0.0,163.5,0.0,0.0,0.0,0.518,-0.025,0.801,2.63,1.64,-2.81,-0.829,0.023,0.505,-2.34,0.34,-0.34,11.99,8.38,0,1
1785171240.6951628,LEFTARMGRIPPERCLOSE,167.2,343.5,188.9,204.2,0.0,66.1,137.3,340.8,28.2,0.0,163.5,0.0,0.0,0.0,0.516,-0.011,0.81,2.53,0.85,-1.07,-0.823,0.025,0.502,-1.77,0.12,-1.35,11.49,8.29,0,1
1785171240.6951628,LEFTARMGRIPPERCLOSE,167.2,343.6,188.9,204.1,0.0,66.1,137.4,340.8,28.2,0.0,163.5,0.0,0.0,0.0,0.529,-0.032,0.801,2.27,0.24,1.1,-0.813,0.019,0.498,-0.95,-0.06,-1.34,11.62,8.47,0,1
1785171240.718307,LEFTARMGRIPPERCLOSE,167.2,343.6,188.9,204.0,0.0,66.0,137.4,340.8,28.2,0.0,163.5,0.0,0.0,0.0,0.537,-0.055,0.83,2.41,0.02,2.22,-0.831,0.025,0.499,0.3,-0.59,-0.95,11.21,8.6,0,1
1785171240.7279656,LEFTARMGRIPPERCLOSE,167.2,343.6,188.9,203.9,0.0,65.9,137.4,340.8,28.2,0.0,163.5,0.0,0.0,0.0,0.543,-0.052,0.816,4.26,-0.41,3.41,-0.83,0.033,0.49,0.75,-1.05,-1.58,11.41,8.7,0,1
1785171240.7381208,LEFTARMGRIPPERCLOSE,167.2,343.6,188.9,203.9,0.0,65.8,137.4,340.8,28.2,0.0,163.5,0.0,0.0,0.0,0.552,-0.029,0.807,4.86,-1.06,4.6,-0.827,0.047,0.489,0.95,-1.53,-1.99,10.56,8.52,0,1
1785171240.745275,LEFTARMGRIPPERCLOSE,167.2,343.6,188.9,203.8,0.0,65.7,137.5,340.8,28.2,0.0,163.5,0.0,0.0,0.0,0.564,-0.004,0.799,4.56,-1.92,5.72,-0.83,0.047,0.485,0.74,-2.18,-1.44,10.92,8.89,0,1
1785171240.7601645,LEFTARMGRIPPERCLOSE,167.2,343.6,188.9,203.8,0.0,65.6,137.6,340.8,28.2,0.0,163.5,0.0,0.0,0.0,0.562,0.001,0.785,3.64,-2.56,6.27,-0.826,0.051,0.49,-0.53,-2.31,-0.67,10.69,8.67,0,1
1785171240.7680495,LEFTARMGRIPPERCLOSE,167.2,343.6,188.8,203.7,0.0,65.4,137.6,340.9,28.2,0.0,163.5,0.0,0.0,0.0,0.554,-0.016,0.796,3.48,-3.54,5.37,-0.813,0.052,0.493,-1.32,-2.39,-0.45,11.02,8.75,0,1
1785171240.777362,LEFTARMGRIPPERCLOSE,167.2,343.6,188.8,203.7,0.0,65.3,137.6,340.9,28.2,0.0,163.5,0.0,0.0,0.0,0.559,-0.053,0.815,4.49,-4.86,2.09,-0.797,0.051,0.492,-1.45,-1.89,-0.7,10.51,8.81,0,1
1785171240.788148,LEFTARMGRIPPERCLOSE,167.2,343.6,188.8,203.7,0.0,65.2,137.6,340.9,28.2,0.0,163.5,0.0,0.0,0.0,0.534,-0.063,0.819,5.26,-4.51,0.14,-0.803,0.043,0.488,-1.49,-1.29,-0.34,10.88,8.61,0,1
1785171240.7978017,LEFTARMGRIPPERCLOSE,167.2,343.6,188.8,203.7,0.0,65.1,137.6,340.9,28.2,0.0,163.5,0.0,0.0,0.0,0.54,-0.054,0.795,5.81,-2.22,1.02,-0.797,0.04,0.492,-1.78,-0.62,-0.27,11.16,8.46,0,1
1785171240.8100672,LEFTARMGRIPPERCLOSE,167.2,343.6,188.8,203.7,0.0,65.0,137.6,340.9,28.2,0.0,163.5,0.0,0.0,0.0,0.549,-0.028,0.806,5.08,0.08,1.69,-0.799,0.036,0.492,-1.61,0.29,-0.5,11.62,8.59,0,1
1785171240.8184216,LEFTARMGRIPPERCLOSE,167.2,343.6,188.8,203.7,0.0,64.9,137.8,340.9,28.2,0.0,163.5,0.0,0.0,0.0,0.53,-0.041,0.782,4.05,0.68,1.05,-0.8,0.038,0.49,-1.23,0.47,-1.15,11.22,8.45,0,1
1785171240.8268423,LEFTARMGRIPPERCLOSE,167.2,343.6,188.8,203.8,0.0,64.8,137.9,340.9,28.2,0.0,163.6,0.0,0.0,0.0,0.517,-0.026,0.832,3.82,-0.91,-4.1,-0.815,0.044,0.494,-0.95,0.75,-1.56,11.66,8.83,0,1
1785171240.8382483,LEFTARMGRIPPERCLOSE,167.2,343.6,188.8,203.7,0.0,64.8,138.0,340.9,28.2,0.0,163.6,0.0,0.0,0.0,0.526,-0.037,0.797,5.85,-1.79,-7.71,-0.805,0.054,0.489,-1.84,1.09,-0.91,11.25,8.88,0,1
1785171240.8442233,LEFTARMGRIPPERCLOSE,167.2,343.6,188.8,203.7,0.0,64.8,138.0,340.9,28.2,0.0,163.6,0.0,0.0,0.0,0.537,-0.012,0.797,5.39,-1.92,-9.18,-0.802,0.044,0.499,-2.38,1.96,-0.01,11.69,8.66,0,1
1785171240.8582153,LEFTARMGRIPPERCLOSE,167.2,343.6,188.8,203.7,0.0,65.0,138.1,340.9,28.2,0.0,163.6,0.0,0.0,0.0,0.547,-0.011,0.793,3.76,-1.94,-9.18,-0.807,0.027,0.5,-2.17,2.22,-0.25,10.76,8.74,0,1
1785171240.8677006,LEFTARMGRIPPERCLOSE,167.2,343.6,188.8,203.7,0.0,64.9,138.1,340.9,28.3,0.0,163.6,0.0,0.0,0.0,0.554,-0.011,0.793,2.7,-0.63,-7.05,-0.817,0.019,0.506,-0.97,2.14,-1.29,11.07,8.81,0,1
1785171240.8776364,LEFTARMGRIPPERCLOSE,167.2,343.6,188.8,203.7,0.0,64.9,138.1,340.9,28.3,0.0,163.6,0.0,0.0,0.0,0.559,-0.047,0.809,1.24,0.67,-5.48,-0.817,0.04,0.48,-0.19,2.14,-1.96,10.8,9.11,0,1
1785171240.8776364,LEFTARMGRIPPERCLOSE,167.2,343.6,188.8,203.4,0.0,64.9,138.3,340.9,28.3,0.0,163.5,0.0,0.0,0.0,0.526,-0.085,0.811,3.0,1.86,-5.31,-0.822,0.054,0.478,-0.31,1.73,-1.84,11.35,9.33,0,1
1785171240.894542,LEFTARMGRIPPERCLOSE,167.2,343.6,188.8,203.4,0.0,64.9,138.4,340.9,28.3,0.0,163.5,0.0,0.0,0.0,0.51,-0.058,0.806,5.11,4.36,-1.81,-0.819,0.056,0.484,-1.01,1.53,-1.18,10.77,9.0,0,1
1785171240.9083831,LEFTARMGRIPPERCLOSE,167.2,343.6,188.8,203.4,0.0,64.9,138.6,340.9,28.3,0.0,163.5,0.0,0.0,0.0,0.502,-0.006,0.783,4.41,6.65,1.37,-0.813,0.053,0.506,-1.77,1.11,-0.76,11.32,9.0,0,1
1785171240.918661,LEFTARMGRIPPERCLOSE,167.2,343.6,188.8,203.4,0.0,64.9,138.6,340.9,28.3,0.0,163.5,0.0,0.0,0.0,0.525,0.074,0.74,0.9,7.89,2.22,-0.811,0.038,0.492,-1.82,1.3,-0.73,174.49,9.75,0,1
1785171240.9260714,LEFTARMGRIPPERCLOSE,167.2,343.6,188.8,203.4,0.0,64.9,138.7,340.9,28.3,0.0,163.5,0.0,0.0,0.0,0.511,0.086,0.726,-7.36,8.39,4.81,-0.833,0.034,0.504,-1.96,0.95,-1.02,425.12,10.56,0,1
1785171240.937984,LEFTARMGRIPPERCLOSE,167.2,343.6,188.8,203.4,0.0,64.9,138.6,340.9,28.3,0.0,163.5,0.0,0.0,0.0,0.523,0.052,0.729,-9.83,7.27,-1.2,-0.814,0.033,0.498,-1.72,1.21,-1.53,710.34,11.42,0,1
1785171240.9476233,LEFTARMGRIPPERCLOSE,167.2,343.2,188.8,203.4,0.0,65.0,138.2,340.9,28.3,0.0,163.5,0.0,0.0,0.0,1.042,0.123,0.763,-24.18,-1.51,5.85,-0.819,0.03,0.488,-1.48,1.83,-1.23,1132.0,12.82,0,0
